,time,1kW‚ ‚½‚è‚Ì“d‹C—¿‹à
0,2023/4/1 0:00,6.08
1,30•ª,6.08
2,2023/4/1 1:00,6.08
3,30•ª,6.08
4,2023/4/1 2:00,6.08
5,30•ª,6.08
6,2023/4/1 3:00,6.08
7,30•ª,6.08
8,2023/4/1 4:00,6.08
9,30•ª,6.08
10,2023/4/1 5:00,6.08
11,30•ª,6.08
12,2023/4/1 6:00,6.08
13,30•ª,6.08
14,2023/4/1 7:00,14.495
15,30•ª,14.495
16,2023/4/1 8:00,14.495
17,30•ª,14.495
18,2023/4/1 9:00,14.495
19,30•ª,14.495
20,2023/4/1 10:00,14.495
21,30•ª,14.495
22,2023/4/1 11:00,14.495
23,30•ª,14.495
24,2023/4/1 12:00,14.495
25,30•ª,14.495
26,2023/4/1 13:00,14.495
27,30•ª,14.495
28,2023/4/1 14:00,14.495
29,30•ª,14.495
30,2023/4/1 15:00,14.495
31,30•ª,14.495
32,2023/4/1 16:00,14.495
33,30•ª,14.495
34,2023/4/1 17:00,14.495
35,30•ª,14.495
36,2023/4/1 18:00,14.495
37,30•ª,14.495
38,2023/4/1 19:00,14.495
39,30•ª,14.495
40,2023/4/1 20:00,14.495
41,30•ª,14.495
42,2023/4/1 21:00,14.495
43,30•ª,14.495
44,2023/4/1 22:00,14.495
45,30•ª,14.495
46,2023/4/1 23:00,14.495
47,30•ª,14.495
48,2023/4/2 0:00,6.08
49,30•ª,6.08
50,2023/4/2 1:00,6.08
51,30•ª,6.08
52,2023/4/2 2:00,6.08
53,30•ª,6.08
54,2023/4/2 3:00,6.08
55,30•ª,6.08
56,2023/4/2 4:00,6.08
57,30•ª,6.08
58,2023/4/2 5:00,6.08
59,30•ª,6.08
60,2023/4/2 6:00,6.08
61,30•ª,6.08
62,2023/4/2 7:00,14.495
63,30•ª,14.495
64,2023/4/2 8:00,14.495
65,30•ª,14.495
66,2023/4/2 9:00,14.495
67,30•ª,14.495
68,2023/4/2 10:00,14.495
69,30•ª,14.495
70,2023/4/2 11:00,14.495
71,30•ª,14.495
72,2023/4/2 12:00,14.495
73,30•ª,14.495
74,2023/4/2 13:00,14.495
75,30•ª,14.495
76,2023/4/2 14:00,14.495
77,30•ª,14.495
78,2023/4/2 15:00,14.495
79,30•ª,14.495
80,2023/4/2 16:00,14.495
81,30•ª,14.495
82,2023/4/2 17:00,14.495
83,30•ª,14.495
84,2023/4/2 18:00,14.495
85,30•ª,14.495
86,2023/4/2 19:00,14.495
87,30•ª,14.495
88,2023/4/2 20:00,14.495
89,30•ª,14.495
90,2023/4/2 21:00,14.495
91,30•ª,14.495
92,2023/4/2 22:00,14.495
93,30•ª,14.495
94,2023/4/2 23:00,14.495
95,30•ª,14.495
96,2023/4/3 0:00,6.08
97,30•ª,6.08
98,2023/4/3 1:00,6.08
99,30•ª,6.08
100,2023/4/3 2:00,6.08
101,30•ª,6.08
102,2023/4/3 3:00,6.08
103,30•ª,6.08
104,2023/4/3 4:00,6.08
105,30•ª,6.08
106,2023/4/3 5:00,6.08
107,30•ª,6.08
108,2023/4/3 6:00,6.08
109,30•ª,6.08
110,2023/4/3 7:00,14.495
111,30•ª,14.495
112,2023/4/3 8:00,14.495
113,30•ª,14.495
114,2023/4/3 9:00,14.495
115,30•ª,14.495
116,2023/4/3 10:00,14.495
117,30•ª,14.495
118,2023/4/3 11:00,14.495
119,30•ª,14.495
120,2023/4/3 12:00,14.495
121,30•ª,14.495
122,2023/4/3 13:00,14.495
123,30•ª,14.495
124,2023/4/3 14:00,14.495
125,30•ª,14.495
126,2023/4/3 15:00,14.495
127,30•ª,14.495
128,2023/4/3 16:00,14.495
129,30•ª,14.495
130,2023/4/3 17:00,14.495
131,30•ª,14.495
132,2023/4/3 18:00,14.495
133,30•ª,14.495
134,2023/4/3 19:00,14.495
135,30•ª,14.495
136,2023/4/3 20:00,14.495
137,30•ª,14.495
138,2023/4/3 21:00,14.495
139,30•ª,14.495
140,2023/4/3 22:00,14.495
141,30•ª,14.495
142,2023/4/3 23:00,14.495
143,30•ª,14.495
144,2023/4/4 0:00,6.08
145,30•ª,6.08
146,2023/4/4 1:00,6.08
147,30•ª,6.08
148,2023/4/4 2:00,6.08
149,30•ª,6.08
150,2023/4/4 3:00,6.08
151,30•ª,6.08
152,2023/4/4 4:00,6.08
153,30•ª,6.08
154,2023/4/4 5:00,6.08
155,30•ª,6.08
156,2023/4/4 6:00,6.08
157,30•ª,6.08
158,2023/4/4 7:00,14.495
159,30•ª,14.495
160,2023/4/4 8:00,14.495
161,30•ª,14.495
162,2023/4/4 9:00,14.495
163,30•ª,14.495
164,2023/4/4 10:00,14.495
165,30•ª,14.495
166,2023/4/4 11:00,14.495
167,30•ª,14.495
168,2023/4/4 12:00,14.495
169,30•ª,14.495
170,2023/4/4 13:00,14.495
171,30•ª,14.495
172,2023/4/4 14:00,14.495
173,30•ª,14.495
174,2023/4/4 15:00,14.495
175,30•ª,14.495
176,2023/4/4 16:00,14.495
177,30•ª,14.495
178,2023/4/4 17:00,14.495
179,30•ª,14.495
180,2023/4/4 18:00,14.495
181,30•ª,14.495
182,2023/4/4 19:00,14.495
183,30•ª,14.495
184,2023/4/4 20:00,14.495
185,30•ª,14.495
186,2023/4/4 21:00,14.495
187,30•ª,14.495
188,2023/4/4 22:00,14.495
189,30•ª,14.495
190,2023/4/4 23:00,14.495
191,30•ª,14.495
192,2023/4/5 0:00,6.08
193,30•ª,6.08
194,2023/4/5 1:00,6.08
195,30•ª,6.08
196,2023/4/5 2:00,6.08
197,30•ª,6.08
198,2023/4/5 3:00,6.08
199,30•ª,6.08
200,2023/4/5 4:00,6.08
201,30•ª,6.08
202,2023/4/5 5:00,6.08
203,30•ª,6.08
204,2023/4/5 6:00,6.08
205,30•ª,6.08
206,2023/4/5 7:00,14.495
207,30•ª,14.495
208,2023/4/5 8:00,14.495
209,30•ª,14.495
210,2023/4/5 9:00,14.495
211,30•ª,14.495
212,2023/4/5 10:00,14.495
213,30•ª,14.495
214,2023/4/5 11:00,14.495
215,30•ª,14.495
216,2023/4/5 12:00,14.495
217,30•ª,14.495
218,2023/4/5 13:00,14.495
219,30•ª,14.495
220,2023/4/5 14:00,14.495
221,30•ª,14.495
222,2023/4/5 15:00,14.495
223,30•ª,14.495
224,2023/4/5 16:00,14.495
225,30•ª,14.495
226,2023/4/5 17:00,14.495
227,30•ª,14.495
228,2023/4/5 18:00,14.495
229,30•ª,14.495
230,2023/4/5 19:00,14.495
231,30•ª,14.495
232,2023/4/5 20:00,14.495
233,30•ª,14.495
234,2023/4/5 21:00,14.495
235,30•ª,14.495
236,2023/4/5 22:00,14.495
237,30•ª,14.495
238,2023/4/5 23:00,14.495
239,30•ª,14.495
240,2023/4/6 0:00,6.08
241,30•ª,6.08
242,2023/4/6 1:00,6.08
243,30•ª,6.08
244,2023/4/6 2:00,6.08
245,30•ª,6.08
246,2023/4/6 3:00,6.08
247,30•ª,6.08
248,2023/4/6 4:00,6.08
249,30•ª,6.08
250,2023/4/6 5:00,6.08
251,30•ª,6.08
252,2023/4/6 6:00,6.08
253,30•ª,6.08
254,2023/4/6 7:00,14.495
255,30•ª,14.495
256,2023/4/6 8:00,14.495
257,30•ª,14.495
258,2023/4/6 9:00,14.495
259,30•ª,14.495
260,2023/4/6 10:00,14.495
261,30•ª,14.495
262,2023/4/6 11:00,14.495
263,30•ª,14.495
264,2023/4/6 12:00,14.495
265,30•ª,14.495
266,2023/4/6 13:00,14.495
267,30•ª,14.495
268,2023/4/6 14:00,14.495
269,30•ª,14.495
270,2023/4/6 15:00,14.495
271,30•ª,14.495
272,2023/4/6 16:00,14.495
273,30•ª,14.495
274,2023/4/6 17:00,14.495
275,30•ª,14.495
276,2023/4/6 18:00,14.495
277,30•ª,14.495
278,2023/4/6 19:00,14.495
279,30•ª,14.495
280,2023/4/6 20:00,14.495
281,30•ª,14.495
282,2023/4/6 21:00,14.495
283,30•ª,14.495
284,2023/4/6 22:00,14.495
285,30•ª,14.495
286,2023/4/6 23:00,14.495
287,30•ª,14.495
288,2023/4/7 0:00,6.08
289,30•ª,6.08
290,2023/4/7 1:00,6.08
291,30•ª,6.08
292,2023/4/7 2:00,6.08
293,30•ª,6.08
294,2023/4/7 3:00,6.08
295,30•ª,6.08
296,2023/4/7 4:00,6.08
297,30•ª,6.08
298,2023/4/7 5:00,6.08
299,30•ª,6.08
300,2023/4/7 6:00,6.08
301,30•ª,6.08
302,2023/4/7 7:00,14.495
303,30•ª,14.495
304,2023/4/7 8:00,14.495
305,30•ª,14.495
306,2023/4/7 9:00,14.495
307,30•ª,14.495
308,2023/4/7 10:00,14.495
309,30•ª,14.495
310,2023/4/7 11:00,14.495
311,30•ª,14.495
312,2023/4/7 12:00,14.495
313,30•ª,14.495
314,2023/4/7 13:00,14.495
315,30•ª,14.495
316,2023/4/7 14:00,14.495
317,30•ª,14.495
318,2023/4/7 15:00,14.495
319,30•ª,14.495
320,2023/4/7 16:00,14.495
321,30•ª,14.495
322,2023/4/7 17:00,14.495
323,30•ª,14.495
324,2023/4/7 18:00,14.495
325,30•ª,14.495
326,2023/4/7 19:00,14.495
327,30•ª,14.495
328,2023/4/7 20:00,14.495
329,30•ª,14.495
330,2023/4/7 21:00,14.495
331,30•ª,14.495
332,2023/4/7 22:00,14.495
333,30•ª,14.495
334,2023/4/7 23:00,14.495
335,30•ª,14.495
336,2023/4/8 0:00,6.08
337,30•ª,6.08
338,2023/4/8 1:00,6.08
339,30•ª,6.08
340,2023/4/8 2:00,6.08
341,30•ª,6.08
342,2023/4/8 3:00,6.08
343,30•ª,6.08
344,2023/4/8 4:00,6.08
345,30•ª,6.08
346,2023/4/8 5:00,6.08
347,30•ª,6.08
348,2023/4/8 6:00,6.08
349,30•ª,6.08
350,2023/4/8 7:00,14.495
351,30•ª,14.495
352,2023/4/8 8:00,14.495
353,30•ª,14.495
354,2023/4/8 9:00,14.495
355,30•ª,14.495
356,2023/4/8 10:00,14.495
357,30•ª,14.495
358,2023/4/8 11:00,14.495
359,30•ª,14.495
360,2023/4/8 12:00,14.495
361,30•ª,14.495
362,2023/4/8 13:00,14.495
363,30•ª,14.495
364,2023/4/8 14:00,14.495
365,30•ª,14.495
366,2023/4/8 15:00,14.495
367,30•ª,14.495
368,2023/4/8 16:00,14.495
369,30•ª,14.495
370,2023/4/8 17:00,14.495
371,30•ª,14.495
372,2023/4/8 18:00,14.495
373,30•ª,14.495
374,2023/4/8 19:00,14.495
375,30•ª,14.495
376,2023/4/8 20:00,14.495
377,30•ª,14.495
378,2023/4/8 21:00,14.495
379,30•ª,14.495
380,2023/4/8 22:00,14.495
381,30•ª,14.495
382,2023/4/8 23:00,14.495
383,30•ª,14.495
384,2023/4/9 0:00,6.08
385,30•ª,6.08
386,2023/4/9 1:00,6.08
387,30•ª,6.08
388,2023/4/9 2:00,6.08
389,30•ª,6.08
390,2023/4/9 3:00,6.08
391,30•ª,6.08
392,2023/4/9 4:00,6.08
393,30•ª,6.08
394,2023/4/9 5:00,6.08
395,30•ª,6.08
396,2023/4/9 6:00,6.08
397,30•ª,6.08
398,2023/4/9 7:00,14.495
399,30•ª,14.495
400,2023/4/9 8:00,14.495
401,30•ª,14.495
402,2023/4/9 9:00,14.495
403,30•ª,14.495
404,2023/4/9 10:00,14.495
405,30•ª,14.495
406,2023/4/9 11:00,14.495
407,30•ª,14.495
408,2023/4/9 12:00,14.495
409,30•ª,14.495
410,2023/4/9 13:00,14.495
411,30•ª,14.495
412,2023/4/9 14:00,14.495
413,30•ª,14.495
414,2023/4/9 15:00,14.495
415,30•ª,14.495
416,2023/4/9 16:00,14.495
417,30•ª,14.495
418,2023/4/9 17:00,14.495
419,30•ª,14.495
420,2023/4/9 18:00,14.495
421,30•ª,14.495
422,2023/4/9 19:00,14.495
423,30•ª,14.495
424,2023/4/9 20:00,14.495
425,30•ª,14.495
426,2023/4/9 21:00,14.495
427,30•ª,14.495
428,2023/4/9 22:00,14.495
429,30•ª,14.495
430,2023/4/9 23:00,14.495
431,30•ª,14.495
432,2023/4/10 0:00,6.08
433,30•ª,6.08
434,2023/4/10 1:00,6.08
435,30•ª,6.08
436,2023/4/10 2:00,6.08
437,30•ª,6.08
438,2023/4/10 3:00,6.08
439,30•ª,6.08
440,2023/4/10 4:00,6.08
441,30•ª,6.08
442,2023/4/10 5:00,6.08
443,30•ª,6.08
444,2023/4/10 6:00,6.08
445,30•ª,6.08
446,2023/4/10 7:00,14.495
447,30•ª,14.495
448,2023/4/10 8:00,14.495
449,30•ª,14.495
450,2023/4/10 9:00,14.495
451,30•ª,14.495
452,2023/4/10 10:00,14.495
453,30•ª,14.495
454,2023/4/10 11:00,14.495
455,30•ª,14.495
456,2023/4/10 12:00,14.495
457,30•ª,14.495
458,2023/4/10 13:00,14.495
459,30•ª,14.495
460,2023/4/10 14:00,14.495
461,30•ª,14.495
462,2023/4/10 15:00,14.495
463,30•ª,14.495
464,2023/4/10 16:00,14.495
465,30•ª,14.495
466,2023/4/10 17:00,14.495
467,30•ª,14.495
468,2023/4/10 18:00,14.495
469,30•ª,14.495
470,2023/4/10 19:00,14.495
471,30•ª,14.495
472,2023/4/10 20:00,14.495
473,30•ª,14.495
474,2023/4/10 21:00,14.495
475,30•ª,14.495
476,2023/4/10 22:00,14.495
477,30•ª,14.495
478,2023/4/10 23:00,14.495
479,30•ª,14.495
480,2023/4/11 0:00,6.08
481,30•ª,6.08
482,2023/4/11 1:00,6.08
483,30•ª,6.08
484,2023/4/11 2:00,6.08
485,30•ª,6.08
486,2023/4/11 3:00,6.08
487,30•ª,6.08
488,2023/4/11 4:00,6.08
489,30•ª,6.08
490,2023/4/11 5:00,6.08
491,30•ª,6.08
492,2023/4/11 6:00,6.08
493,30•ª,6.08
494,2023/4/11 7:00,14.495
495,30•ª,14.495
496,2023/4/11 8:00,14.495
497,30•ª,14.495
498,2023/4/11 9:00,14.495
499,30•ª,14.495
500,2023/4/11 10:00,14.495
501,30•ª,14.495
502,2023/4/11 11:00,14.495
503,30•ª,14.495
504,2023/4/11 12:00,14.495
505,30•ª,14.495
506,2023/4/11 13:00,14.495
507,30•ª,14.495
508,2023/4/11 14:00,14.495
509,30•ª,14.495
510,2023/4/11 15:00,14.495
511,30•ª,14.495
512,2023/4/11 16:00,14.495
513,30•ª,14.495
514,2023/4/11 17:00,14.495
515,30•ª,14.495
516,2023/4/11 18:00,14.495
517,30•ª,14.495
518,2023/4/11 19:00,14.495
519,30•ª,14.495
520,2023/4/11 20:00,14.495
521,30•ª,14.495
522,2023/4/11 21:00,14.495
523,30•ª,14.495
524,2023/4/11 22:00,14.495
525,30•ª,14.495
526,2023/4/11 23:00,14.495
527,30•ª,14.495
528,2023/4/12 0:00,6.08
529,30•ª,6.08
530,2023/4/12 1:00,6.08
531,30•ª,6.08
532,2023/4/12 2:00,6.08
533,30•ª,6.08
534,2023/4/12 3:00,6.08
535,30•ª,6.08
536,2023/4/12 4:00,6.08
537,30•ª,6.08
538,2023/4/12 5:00,6.08
539,30•ª,6.08
540,2023/4/12 6:00,6.08
541,30•ª,6.08
542,2023/4/12 7:00,14.495
543,30•ª,14.495
544,2023/4/12 8:00,14.495
545,30•ª,14.495
546,2023/4/12 9:00,14.495
547,30•ª,14.495
548,2023/4/12 10:00,14.495
549,30•ª,14.495
550,2023/4/12 11:00,14.495
551,30•ª,14.495
552,2023/4/12 12:00,14.495
553,30•ª,14.495
554,2023/4/12 13:00,14.495
555,30•ª,14.495
556,2023/4/12 14:00,14.495
557,30•ª,14.495
558,2023/4/12 15:00,14.495
559,30•ª,14.495
560,2023/4/12 16:00,14.495
561,30•ª,14.495
562,2023/4/12 17:00,14.495
563,30•ª,14.495
564,2023/4/12 18:00,14.495
565,30•ª,14.495
566,2023/4/12 19:00,14.495
567,30•ª,14.495
568,2023/4/12 20:00,14.495
569,30•ª,14.495
570,2023/4/12 21:00,14.495
571,30•ª,14.495
572,2023/4/12 22:00,14.495
573,30•ª,14.495
574,2023/4/12 23:00,14.495
575,30•ª,14.495
576,2023/4/13 0:00,6.08
577,30•ª,6.08
578,2023/4/13 1:00,6.08
579,30•ª,6.08
580,2023/4/13 2:00,6.08
581,30•ª,6.08
582,2023/4/13 3:00,6.08
583,30•ª,6.08
584,2023/4/13 4:00,6.08
585,30•ª,6.08
586,2023/4/13 5:00,6.08
587,30•ª,6.08
588,2023/4/13 6:00,6.08
589,30•ª,6.08
590,2023/4/13 7:00,14.495
591,30•ª,14.495
592,2023/4/13 8:00,14.495
593,30•ª,14.495
594,2023/4/13 9:00,14.495
595,30•ª,14.495
596,2023/4/13 10:00,14.495
597,30•ª,14.495
598,2023/4/13 11:00,14.495
599,30•ª,14.495
600,2023/4/13 12:00,14.495
601,30•ª,14.495
602,2023/4/13 13:00,14.495
603,30•ª,14.495
604,2023/4/13 14:00,14.495
605,30•ª,14.495
606,2023/4/13 15:00,14.495
607,30•ª,14.495
608,2023/4/13 16:00,14.495
609,30•ª,14.495
610,2023/4/13 17:00,14.495
611,30•ª,14.495
612,2023/4/13 18:00,14.495
613,30•ª,14.495
614,2023/4/13 19:00,14.495
615,30•ª,14.495
616,2023/4/13 20:00,14.495
617,30•ª,14.495
618,2023/4/13 21:00,14.495
619,30•ª,14.495
620,2023/4/13 22:00,14.495
621,30•ª,14.495
622,2023/4/13 23:00,14.495
623,30•ª,14.495
624,2023/4/14 0:00,6.08
625,30•ª,6.08
626,2023/4/14 1:00,6.08
627,30•ª,6.08
628,2023/4/14 2:00,6.08
629,30•ª,6.08
630,2023/4/14 3:00,6.08
631,30•ª,6.08
632,2023/4/14 4:00,6.08
633,30•ª,6.08
634,2023/4/14 5:00,6.08
635,30•ª,6.08
636,2023/4/14 6:00,6.08
637,30•ª,6.08
638,2023/4/14 7:00,14.495
639,30•ª,14.495
640,2023/4/14 8:00,14.495
641,30•ª,14.495
642,2023/4/14 9:00,14.495
643,30•ª,14.495
644,2023/4/14 10:00,14.495
645,30•ª,14.495
646,2023/4/14 11:00,14.495
647,30•ª,14.495
648,2023/4/14 12:00,14.495
649,30•ª,14.495
650,2023/4/14 13:00,14.495
651,30•ª,14.495
652,2023/4/14 14:00,14.495
653,30•ª,14.495
654,2023/4/14 15:00,14.495
655,30•ª,14.495
656,2023/4/14 16:00,14.495
657,30•ª,14.495
658,2023/4/14 17:00,14.495
659,30•ª,14.495
660,2023/4/14 18:00,14.495
661,30•ª,14.495
662,2023/4/14 19:00,14.495
663,30•ª,14.495
664,2023/4/14 20:00,14.495
665,30•ª,14.495
666,2023/4/14 21:00,14.495
667,30•ª,14.495
668,2023/4/14 22:00,14.495
669,30•ª,14.495
670,2023/4/14 23:00,14.495
671,30•ª,14.495
672,2023/4/15 0:00,6.08
673,30•ª,6.08
674,2023/4/15 1:00,6.08
675,30•ª,6.08
676,2023/4/15 2:00,6.08
677,30•ª,6.08
678,2023/4/15 3:00,6.08
679,30•ª,6.08
680,2023/4/15 4:00,6.08
681,30•ª,6.08
682,2023/4/15 5:00,6.08
683,30•ª,6.08
684,2023/4/15 6:00,6.08
685,30•ª,6.08
686,2023/4/15 7:00,14.495
687,30•ª,14.495
688,2023/4/15 8:00,14.495
689,30•ª,14.495
690,2023/4/15 9:00,14.495
691,30•ª,14.495
692,2023/4/15 10:00,14.495
693,30•ª,14.495
694,2023/4/15 11:00,14.495
695,30•ª,14.495
696,2023/4/15 12:00,14.495
697,30•ª,14.495
698,2023/4/15 13:00,14.495
699,30•ª,14.495
700,2023/4/15 14:00,14.495
701,30•ª,14.495
702,2023/4/15 15:00,14.495
703,30•ª,14.495
704,2023/4/15 16:00,14.495
705,30•ª,14.495
706,2023/4/15 17:00,14.495
707,30•ª,14.495
708,2023/4/15 18:00,14.495
709,30•ª,14.495
710,2023/4/15 19:00,14.495
711,30•ª,14.495
712,2023/4/15 20:00,14.495
713,30•ª,14.495
714,2023/4/15 21:00,14.495
715,30•ª,14.495
716,2023/4/15 22:00,14.495
717,30•ª,14.495
718,2023/4/15 23:00,14.495
719,30•ª,14.495
720,2023/4/16 0:00,6.08
721,30•ª,6.08
722,2023/4/16 1:00,6.08
723,30•ª,6.08
724,2023/4/16 2:00,6.08
725,30•ª,6.08
726,2023/4/16 3:00,6.08
727,30•ª,6.08
728,2023/4/16 4:00,6.08
729,30•ª,6.08
730,2023/4/16 5:00,6.08
731,30•ª,6.08
732,2023/4/16 6:00,6.08
733,30•ª,6.08
734,2023/4/16 7:00,14.495
735,30•ª,14.495
736,2023/4/16 8:00,14.495
737,30•ª,14.495
738,2023/4/16 9:00,14.495
739,30•ª,14.495
740,2023/4/16 10:00,14.495
741,30•ª,14.495
742,2023/4/16 11:00,14.495
743,30•ª,14.495
744,2023/4/16 12:00,14.495
745,30•ª,14.495
746,2023/4/16 13:00,14.495
747,30•ª,14.495
748,2023/4/16 14:00,14.495
749,30•ª,14.495
750,2023/4/16 15:00,14.495
751,30•ª,14.495
752,2023/4/16 16:00,14.495
753,30•ª,14.495
754,2023/4/16 17:00,14.495
755,30•ª,14.495
756,2023/4/16 18:00,14.495
757,30•ª,14.495
758,2023/4/16 19:00,14.495
759,30•ª,14.495
760,2023/4/16 20:00,14.495
761,30•ª,14.495
762,2023/4/16 21:00,14.495
763,30•ª,14.495
764,2023/4/16 22:00,14.495
765,30•ª,14.495
766,2023/4/16 23:00,14.495
767,30•ª,14.495
768,2023/4/17 0:00,6.08
769,30•ª,6.08
770,2023/4/17 1:00,6.08
771,30•ª,6.08
772,2023/4/17 2:00,6.08
773,30•ª,6.08
774,2023/4/17 3:00,6.08
775,30•ª,6.08
776,2023/4/17 4:00,6.08
777,30•ª,6.08
778,2023/4/17 5:00,6.08
779,30•ª,6.08
780,2023/4/17 6:00,6.08
781,30•ª,6.08
782,2023/4/17 7:00,14.495
783,30•ª,14.495
784,2023/4/17 8:00,14.495
785,30•ª,14.495
786,2023/4/17 9:00,14.495
787,30•ª,14.495
788,2023/4/17 10:00,14.495
789,30•ª,14.495
790,2023/4/17 11:00,14.495
791,30•ª,14.495
792,2023/4/17 12:00,14.495
793,30•ª,14.495
794,2023/4/17 13:00,14.495
795,30•ª,14.495
796,2023/4/17 14:00,14.495
797,30•ª,14.495
798,2023/4/17 15:00,14.495
799,30•ª,14.495
800,2023/4/17 16:00,14.495
801,30•ª,14.495
802,2023/4/17 17:00,14.495
803,30•ª,14.495
804,2023/4/17 18:00,14.495
805,30•ª,14.495
806,2023/4/17 19:00,14.495
807,30•ª,14.495
808,2023/4/17 20:00,14.495
809,30•ª,14.495
810,2023/4/17 21:00,14.495
811,30•ª,14.495
812,2023/4/17 22:00,14.495
813,30•ª,14.495
814,2023/4/17 23:00,14.495
815,30•ª,14.495
816,2023/4/18 0:00,6.08
817,30•ª,6.08
818,2023/4/18 1:00,6.08
819,30•ª,6.08
820,2023/4/18 2:00,6.08
821,30•ª,6.08
822,2023/4/18 3:00,6.08
823,30•ª,6.08
824,2023/4/18 4:00,6.08
825,30•ª,6.08
826,2023/4/18 5:00,6.08
827,30•ª,6.08
828,2023/4/18 6:00,6.08
829,30•ª,6.08
830,2023/4/18 7:00,14.495
831,30•ª,14.495
832,2023/4/18 8:00,14.495
833,30•ª,14.495
834,2023/4/18 9:00,14.495
835,30•ª,14.495
836,2023/4/18 10:00,14.495
837,30•ª,14.495
838,2023/4/18 11:00,14.495
839,30•ª,14.495
840,2023/4/18 12:00,14.495
841,30•ª,14.495
842,2023/4/18 13:00,14.495
843,30•ª,14.495
844,2023/4/18 14:00,14.495
845,30•ª,14.495
846,2023/4/18 15:00,14.495
847,30•ª,14.495
848,2023/4/18 16:00,14.495
849,30•ª,14.495
850,2023/4/18 17:00,14.495
851,30•ª,14.495
852,2023/4/18 18:00,14.495
853,30•ª,14.495
854,2023/4/18 19:00,14.495
855,30•ª,14.495
856,2023/4/18 20:00,14.495
857,30•ª,14.495
858,2023/4/18 21:00,14.495
859,30•ª,14.495
860,2023/4/18 22:00,14.495
861,30•ª,14.495
862,2023/4/18 23:00,14.495
863,30•ª,14.495
864,2023/4/19 0:00,6.08
865,30•ª,6.08
866,2023/4/19 1:00,6.08
867,30•ª,6.08
868,2023/4/19 2:00,6.08
869,30•ª,6.08
870,2023/4/19 3:00,6.08
871,30•ª,6.08
872,2023/4/19 4:00,6.08
873,30•ª,6.08
874,2023/4/19 5:00,6.08
875,30•ª,6.08
876,2023/4/19 6:00,6.08
877,30•ª,6.08
878,2023/4/19 7:00,14.495
879,30•ª,14.495
880,2023/4/19 8:00,14.495
881,30•ª,14.495
882,2023/4/19 9:00,14.495
883,30•ª,14.495
884,2023/4/19 10:00,14.495
885,30•ª,14.495
886,2023/4/19 11:00,14.495
887,30•ª,14.495
888,2023/4/19 12:00,14.495
889,30•ª,14.495
890,2023/4/19 13:00,14.495
891,30•ª,14.495
892,2023/4/19 14:00,14.495
893,30•ª,14.495
894,2023/4/19 15:00,14.495
895,30•ª,14.495
896,2023/4/19 16:00,14.495
897,30•ª,14.495
898,2023/4/19 17:00,14.495
899,30•ª,14.495
900,2023/4/19 18:00,14.495
901,30•ª,14.495
902,2023/4/19 19:00,14.495
903,30•ª,14.495
904,2023/4/19 20:00,14.495
905,30•ª,14.495
906,2023/4/19 21:00,14.495
907,30•ª,14.495
908,2023/4/19 22:00,14.495
909,30•ª,14.495
910,2023/4/19 23:00,14.495
911,30•ª,14.495
912,2023/4/20 0:00,6.08
913,30•ª,6.08
914,2023/4/20 1:00,6.08
915,30•ª,6.08
916,2023/4/20 2:00,6.08
917,30•ª,6.08
918,2023/4/20 3:00,6.08
919,30•ª,6.08
920,2023/4/20 4:00,6.08
921,30•ª,6.08
922,2023/4/20 5:00,6.08
923,30•ª,6.08
924,2023/4/20 6:00,6.08
925,30•ª,6.08
926,2023/4/20 7:00,14.495
927,30•ª,14.495
928,2023/4/20 8:00,14.495
929,30•ª,14.495
930,2023/4/20 9:00,14.495
931,30•ª,14.495
932,2023/4/20 10:00,14.495
933,30•ª,14.495
934,2023/4/20 11:00,14.495
935,30•ª,14.495
936,2023/4/20 12:00,14.495
937,30•ª,14.495
938,2023/4/20 13:00,14.495
939,30•ª,14.495
940,2023/4/20 14:00,14.495
941,30•ª,14.495
942,2023/4/20 15:00,14.495
943,30•ª,14.495
944,2023/4/20 16:00,14.495
945,30•ª,14.495
946,2023/4/20 17:00,14.495
947,30•ª,14.495
948,2023/4/20 18:00,14.495
949,30•ª,14.495
950,2023/4/20 19:00,14.495
951,30•ª,14.495
952,2023/4/20 20:00,14.495
953,30•ª,14.495
954,2023/4/20 21:00,14.495
955,30•ª,14.495
956,2023/4/20 22:00,14.495
957,30•ª,14.495
958,2023/4/20 23:00,14.495
959,30•ª,14.495
960,2023/4/21 0:00,6.08
961,30•ª,6.08
962,2023/4/21 1:00,6.08
963,30•ª,6.08
964,2023/4/21 2:00,6.08
965,30•ª,6.08
966,2023/4/21 3:00,6.08
967,30•ª,6.08
968,2023/4/21 4:00,6.08
969,30•ª,6.08
970,2023/4/21 5:00,6.08
971,30•ª,6.08
972,2023/4/21 6:00,6.08
973,30•ª,6.08
974,2023/4/21 7:00,14.495
975,30•ª,14.495
976,2023/4/21 8:00,14.495
977,30•ª,14.495
978,2023/4/21 9:00,14.495
979,30•ª,14.495
980,2023/4/21 10:00,14.495
981,30•ª,14.495
982,2023/4/21 11:00,14.495
983,30•ª,14.495
984,2023/4/21 12:00,14.495
985,30•ª,14.495
986,2023/4/21 13:00,14.495
987,30•ª,14.495
988,2023/4/21 14:00,14.495
989,30•ª,14.495
990,2023/4/21 15:00,14.495
991,30•ª,14.495
992,2023/4/21 16:00,14.495
993,30•ª,14.495
994,2023/4/21 17:00,14.495
995,30•ª,14.495
996,2023/4/21 18:00,14.495
997,30•ª,14.495
998,2023/4/21 19:00,14.495
999,30•ª,14.495
1000,2023/4/21 20:00,14.495
1001,30•ª,14.495
1002,2023/4/21 21:00,14.495
1003,30•ª,14.495
1004,2023/4/21 22:00,14.495
1005,30•ª,14.495
1006,2023/4/21 23:00,14.495
1007,30•ª,14.495
1008,2023/4/22 0:00,6.08
1009,30•ª,6.08
1010,2023/4/22 1:00,6.08
1011,30•ª,6.08
1012,2023/4/22 2:00,6.08
1013,30•ª,6.08
1014,2023/4/22 3:00,6.08
1015,30•ª,6.08
1016,2023/4/22 4:00,6.08
1017,30•ª,6.08
1018,2023/4/22 5:00,6.08
1019,30•ª,6.08
1020,2023/4/22 6:00,6.08
1021,30•ª,6.08
1022,2023/4/22 7:00,14.495
1023,30•ª,14.495
1024,2023/4/22 8:00,14.495
1025,30•ª,14.495
1026,2023/4/22 9:00,14.495
1027,30•ª,14.495
1028,2023/4/22 10:00,14.495
1029,30•ª,14.495
1030,2023/4/22 11:00,14.495
1031,30•ª,14.495
1032,2023/4/22 12:00,14.495
1033,30•ª,14.495
1034,2023/4/22 13:00,14.495
1035,30•ª,14.495
1036,2023/4/22 14:00,14.495
1037,30•ª,14.495
1038,2023/4/22 15:00,14.495
1039,30•ª,14.495
1040,2023/4/22 16:00,14.495
1041,30•ª,14.495
1042,2023/4/22 17:00,14.495
1043,30•ª,14.495
1044,2023/4/22 18:00,14.495
1045,30•ª,14.495
1046,2023/4/22 19:00,14.495
1047,30•ª,14.495
1048,2023/4/22 20:00,14.495
1049,30•ª,14.495
1050,2023/4/22 21:00,14.495
1051,30•ª,14.495
1052,2023/4/22 22:00,14.495
1053,30•ª,14.495
1054,2023/4/22 23:00,14.495
1055,30•ª,14.495
1056,2023/4/23 0:00,6.08
1057,30•ª,6.08
1058,2023/4/23 1:00,6.08
1059,30•ª,6.08
1060,2023/4/23 2:00,6.08
1061,30•ª,6.08
1062,2023/4/23 3:00,6.08
1063,30•ª,6.08
1064,2023/4/23 4:00,6.08
1065,30•ª,6.08
1066,2023/4/23 5:00,6.08
1067,30•ª,6.08
1068,2023/4/23 6:00,6.08
1069,30•ª,6.08
1070,2023/4/23 7:00,14.495
1071,30•ª,14.495
1072,2023/4/23 8:00,14.495
1073,30•ª,14.495
1074,2023/4/23 9:00,14.495
1075,30•ª,14.495
1076,2023/4/23 10:00,14.495
1077,30•ª,14.495
1078,2023/4/23 11:00,14.495
1079,30•ª,14.495
1080,2023/4/23 12:00,14.495
1081,30•ª,14.495
1082,2023/4/23 13:00,14.495
1083,30•ª,14.495
1084,2023/4/23 14:00,14.495
1085,30•ª,14.495
1086,2023/4/23 15:00,14.495
1087,30•ª,14.495
1088,2023/4/23 16:00,14.495
1089,30•ª,14.495
1090,2023/4/23 17:00,14.495
1091,30•ª,14.495
1092,2023/4/23 18:00,14.495
1093,30•ª,14.495
1094,2023/4/23 19:00,14.495
1095,30•ª,14.495
1096,2023/4/23 20:00,14.495
1097,30•ª,14.495
1098,2023/4/23 21:00,14.495
1099,30•ª,14.495
1100,2023/4/23 22:00,14.495
1101,30•ª,14.495
1102,2023/4/23 23:00,14.495
1103,30•ª,14.495
1104,2023/4/24 0:00,6.08
1105,30•ª,6.08
1106,2023/4/24 1:00,6.08
1107,30•ª,6.08
1108,2023/4/24 2:00,6.08
1109,30•ª,6.08
1110,2023/4/24 3:00,6.08
1111,30•ª,6.08
1112,2023/4/24 4:00,6.08
1113,30•ª,6.08
1114,2023/4/24 5:00,6.08
1115,30•ª,6.08
1116,2023/4/24 6:00,6.08
1117,30•ª,6.08
1118,2023/4/24 7:00,14.495
1119,30•ª,14.495
1120,2023/4/24 8:00,14.495
1121,30•ª,14.495
1122,2023/4/24 9:00,14.495
1123,30•ª,14.495
1124,2023/4/24 10:00,14.495
1125,30•ª,14.495
1126,2023/4/24 11:00,14.495
1127,30•ª,14.495
1128,2023/4/24 12:00,14.495
1129,30•ª,14.495
1130,2023/4/24 13:00,14.495
1131,30•ª,14.495
1132,2023/4/24 14:00,14.495
1133,30•ª,14.495
1134,2023/4/24 15:00,14.495
1135,30•ª,14.495
1136,2023/4/24 16:00,14.495
1137,30•ª,14.495
1138,2023/4/24 17:00,14.495
1139,30•ª,14.495
1140,2023/4/24 18:00,14.495
1141,30•ª,14.495
1142,2023/4/24 19:00,14.495
1143,30•ª,14.495
1144,2023/4/24 20:00,14.495
1145,30•ª,14.495
1146,2023/4/24 21:00,14.495
1147,30•ª,14.495
1148,2023/4/24 22:00,14.495
1149,30•ª,14.495
1150,2023/4/24 23:00,14.495
1151,30•ª,14.495
1152,2023/4/25 0:00,6.08
1153,30•ª,6.08
1154,2023/4/25 1:00,6.08
1155,30•ª,6.08
1156,2023/4/25 2:00,6.08
1157,30•ª,6.08
1158,2023/4/25 3:00,6.08
1159,30•ª,6.08
1160,2023/4/25 4:00,6.08
1161,30•ª,6.08
1162,2023/4/25 5:00,6.08
1163,30•ª,6.08
1164,2023/4/25 6:00,6.08
1165,30•ª,6.08
1166,2023/4/25 7:00,14.495
1167,30•ª,14.495
1168,2023/4/25 8:00,14.495
1169,30•ª,14.495
1170,2023/4/25 9:00,14.495
1171,30•ª,14.495
1172,2023/4/25 10:00,14.495
1173,30•ª,14.495
1174,2023/4/25 11:00,14.495
1175,30•ª,14.495
1176,2023/4/25 12:00,14.495
1177,30•ª,14.495
1178,2023/4/25 13:00,14.495
1179,30•ª,14.495
1180,2023/4/25 14:00,14.495
1181,30•ª,14.495
1182,2023/4/25 15:00,14.495
1183,30•ª,14.495
1184,2023/4/25 16:00,14.495
1185,30•ª,14.495
1186,2023/4/25 17:00,14.495
1187,30•ª,14.495
1188,2023/4/25 18:00,14.495
1189,30•ª,14.495
1190,2023/4/25 19:00,14.495
1191,30•ª,14.495
1192,2023/4/25 20:00,14.495
1193,30•ª,14.495
1194,2023/4/25 21:00,14.495
1195,30•ª,14.495
1196,2023/4/25 22:00,14.495
1197,30•ª,14.495
1198,2023/4/25 23:00,14.495
1199,30•ª,14.495
1200,2023/4/26 0:00,6.08
1201,30•ª,6.08
1202,2023/4/26 1:00,6.08
1203,30•ª,6.08
1204,2023/4/26 2:00,6.08
1205,30•ª,6.08
1206,2023/4/26 3:00,6.08
1207,30•ª,6.08
1208,2023/4/26 4:00,6.08
1209,30•ª,6.08
1210,2023/4/26 5:00,6.08
1211,30•ª,6.08
1212,2023/4/26 6:00,6.08
1213,30•ª,6.08
1214,2023/4/26 7:00,14.495
1215,30•ª,14.495
1216,2023/4/26 8:00,14.495
1217,30•ª,14.495
1218,2023/4/26 9:00,14.495
1219,30•ª,14.495
1220,2023/4/26 10:00,14.495
1221,30•ª,14.495
1222,2023/4/26 11:00,14.495
1223,30•ª,14.495
1224,2023/4/26 12:00,14.495
1225,30•ª,14.495
1226,2023/4/26 13:00,14.495
1227,30•ª,14.495
1228,2023/4/26 14:00,14.495
1229,30•ª,14.495
1230,2023/4/26 15:00,14.495
1231,30•ª,14.495
1232,2023/4/26 16:00,14.495
1233,30•ª,14.495
1234,2023/4/26 17:00,14.495
1235,30•ª,14.495
1236,2023/4/26 18:00,14.495
1237,30•ª,14.495
1238,2023/4/26 19:00,14.495
1239,30•ª,14.495
1240,2023/4/26 20:00,14.495
1241,30•ª,14.495
1242,2023/4/26 21:00,14.495
1243,30•ª,14.495
1244,2023/4/26 22:00,14.495
1245,30•ª,14.495
1246,2023/4/26 23:00,14.495
1247,30•ª,14.495
1248,2023/4/27 0:00,6.08
1249,30•ª,6.08
1250,2023/4/27 1:00,6.08
1251,30•ª,6.08
1252,2023/4/27 2:00,6.08
1253,30•ª,6.08
1254,2023/4/27 3:00,6.08
1255,30•ª,6.08
1256,2023/4/27 4:00,6.08
1257,30•ª,6.08
1258,2023/4/27 5:00,6.08
1259,30•ª,6.08
1260,2023/4/27 6:00,6.08
1261,30•ª,6.08
1262,2023/4/27 7:00,14.495
1263,30•ª,14.495
1264,2023/4/27 8:00,14.495
1265,30•ª,14.495
1266,2023/4/27 9:00,14.495
1267,30•ª,14.495
1268,2023/4/27 10:00,14.495
1269,30•ª,14.495
1270,2023/4/27 11:00,14.495
1271,30•ª,14.495
1272,2023/4/27 12:00,14.495
1273,30•ª,14.495
1274,2023/4/27 13:00,14.495
1275,30•ª,14.495
1276,2023/4/27 14:00,14.495
1277,30•ª,14.495
1278,2023/4/27 15:00,14.495
1279,30•ª,14.495
1280,2023/4/27 16:00,14.495
1281,30•ª,14.495
1282,2023/4/27 17:00,14.495
1283,30•ª,14.495
1284,2023/4/27 18:00,14.495
1285,30•ª,14.495
1286,2023/4/27 19:00,14.495
1287,30•ª,14.495
1288,2023/4/27 20:00,14.495
1289,30•ª,14.495
1290,2023/4/27 21:00,14.495
1291,30•ª,14.495
1292,2023/4/27 22:00,14.495
1293,30•ª,14.495
1294,2023/4/27 23:00,14.495
1295,30•ª,14.495
1296,2023/4/28 0:00,6.08
1297,30•ª,6.08
1298,2023/4/28 1:00,6.08
1299,30•ª,6.08
1300,2023/4/28 2:00,6.08
1301,30•ª,6.08
1302,2023/4/28 3:00,6.08
1303,30•ª,6.08
1304,2023/4/28 4:00,6.08
1305,30•ª,6.08
1306,2023/4/28 5:00,6.08
1307,30•ª,6.08
1308,2023/4/28 6:00,6.08
1309,30•ª,6.08
1310,2023/4/28 7:00,14.495
1311,30•ª,14.495
1312,2023/4/28 8:00,14.495
1313,30•ª,14.495
1314,2023/4/28 9:00,14.495
1315,30•ª,14.495
1316,2023/4/28 10:00,14.495
1317,30•ª,14.495
1318,2023/4/28 11:00,14.495
1319,30•ª,14.495
1320,2023/4/28 12:00,14.495
1321,30•ª,14.495
1322,2023/4/28 13:00,14.495
1323,30•ª,14.495
1324,2023/4/28 14:00,14.495
1325,30•ª,14.495
1326,2023/4/28 15:00,14.495
1327,30•ª,14.495
1328,2023/4/28 16:00,14.495
1329,30•ª,14.495
1330,2023/4/28 17:00,14.495
1331,30•ª,14.495
1332,2023/4/28 18:00,14.495
1333,30•ª,14.495
1334,2023/4/28 19:00,14.495
1335,30•ª,14.495
1336,2023/4/28 20:00,14.495
1337,30•ª,14.495
1338,2023/4/28 21:00,14.495
1339,30•ª,14.495
1340,2023/4/28 22:00,14.495
1341,30•ª,14.495
1342,2023/4/28 23:00,14.495
1343,30•ª,14.495
1344,2023/4/29 0:00,6.08
1345,30•ª,6.08
1346,2023/4/29 1:00,6.08
1347,30•ª,6.08
1348,2023/4/29 2:00,6.08
1349,30•ª,6.08
1350,2023/4/29 3:00,6.08
1351,30•ª,6.08
1352,2023/4/29 4:00,6.08
1353,30•ª,6.08
1354,2023/4/29 5:00,6.08
1355,30•ª,6.08
1356,2023/4/29 6:00,6.08
1357,30•ª,6.08
1358,2023/4/29 7:00,14.495
1359,30•ª,14.495
1360,2023/4/29 8:00,14.495
1361,30•ª,14.495
1362,2023/4/29 9:00,14.495
1363,30•ª,14.495
1364,2023/4/29 10:00,14.495
1365,30•ª,14.495
1366,2023/4/29 11:00,14.495
1367,30•ª,14.495
1368,2023/4/29 12:00,14.495
1369,30•ª,14.495
1370,2023/4/29 13:00,14.495
1371,30•ª,14.495
1372,2023/4/29 14:00,14.495
1373,30•ª,14.495
1374,2023/4/29 15:00,14.495
1375,30•ª,14.495
1376,2023/4/29 16:00,14.495
1377,30•ª,14.495
1378,2023/4/29 17:00,14.495
1379,30•ª,14.495
1380,2023/4/29 18:00,14.495
1381,30•ª,14.495
1382,2023/4/29 19:00,14.495
1383,30•ª,14.495
1384,2023/4/29 20:00,14.495
1385,30•ª,14.495
1386,2023/4/29 21:00,14.495
1387,30•ª,14.495
1388,2023/4/29 22:00,14.495
1389,30•ª,14.495
1390,2023/4/29 23:00,14.495
1391,30•ª,14.495
1392,2023/4/30 0:00,6.08
1393,30•ª,6.08
1394,2023/4/30 1:00,6.08
1395,30•ª,6.08
1396,2023/4/30 2:00,6.08
1397,30•ª,6.08
1398,2023/4/30 3:00,6.08
1399,30•ª,6.08
1400,2023/4/30 4:00,6.08
1401,30•ª,6.08
1402,2023/4/30 5:00,6.08
1403,30•ª,6.08
1404,2023/4/30 6:00,6.08
1405,30•ª,6.08
1406,2023/4/30 7:00,14.495
1407,30•ª,14.495
1408,2023/4/30 8:00,14.495
1409,30•ª,14.495
1410,2023/4/30 9:00,14.495
1411,30•ª,14.495
1412,2023/4/30 10:00,14.495
1413,30•ª,14.495
1414,2023/4/30 11:00,14.495
1415,30•ª,14.495
1416,2023/4/30 12:00,14.495
1417,30•ª,14.495
1418,2023/4/30 13:00,14.495
1419,30•ª,14.495
1420,2023/4/30 14:00,14.495
1421,30•ª,14.495
1422,2023/4/30 15:00,14.495
1423,30•ª,14.495
1424,2023/4/30 16:00,14.495
1425,30•ª,14.495
1426,2023/4/30 17:00,14.495
1427,30•ª,14.495
1428,2023/4/30 18:00,14.495
1429,30•ª,14.495
1430,2023/4/30 19:00,14.495
1431,30•ª,14.495
1432,2023/4/30 20:00,14.495
1433,30•ª,14.495
1434,2023/4/30 21:00,14.495
1435,30•ª,14.495
1436,2023/4/30 22:00,14.495
1437,30•ª,14.495
1438,2023/4/30 23:00,14.495
1439,30•ª,14.495
1440,2023/5/1 0:00,6.08
1441,30•ª,6.08
1442,2023/5/1 1:00,6.08
1443,30•ª,6.08
1444,2023/5/1 2:00,6.08
1445,30•ª,6.08
1446,2023/5/1 3:00,6.08
1447,30•ª,6.08
1448,2023/5/1 4:00,6.08
1449,30•ª,6.08
1450,2023/5/1 5:00,6.08
1451,30•ª,6.08
1452,2023/5/1 6:00,6.08
1453,30•ª,6.08
1454,2023/5/1 7:00,14.495
1455,30•ª,14.495
1456,2023/5/1 8:00,14.495
1457,30•ª,14.495
1458,2023/5/1 9:00,14.495
1459,30•ª,14.495
1460,2023/5/1 10:00,14.495
1461,30•ª,14.495
1462,2023/5/1 11:00,14.495
1463,30•ª,14.495
1464,2023/5/1 12:00,14.495
1465,30•ª,14.495
1466,2023/5/1 13:00,14.495
1467,30•ª,14.495
1468,2023/5/1 14:00,14.495
1469,30•ª,14.495
1470,2023/5/1 15:00,14.495
1471,30•ª,14.495
1472,2023/5/1 16:00,14.495
1473,30•ª,14.495
1474,2023/5/1 17:00,14.495
1475,30•ª,14.495
1476,2023/5/1 18:00,14.495
1477,30•ª,14.495
1478,2023/5/1 19:00,14.495
1479,30•ª,14.495
1480,2023/5/1 20:00,14.495
1481,30•ª,14.495
1482,2023/5/1 21:00,14.495
1483,30•ª,14.495
1484,2023/5/1 22:00,14.495
1485,30•ª,14.495
1486,2023/5/1 23:00,14.495
1487,30•ª,14.495
1488,2023/5/2 0:00,6.08
1489,30•ª,6.08
1490,2023/5/2 1:00,6.08
1491,30•ª,6.08
1492,2023/5/2 2:00,6.08
1493,30•ª,6.08
1494,2023/5/2 3:00,6.08
1495,30•ª,6.08
1496,2023/5/2 4:00,6.08
1497,30•ª,6.08
1498,2023/5/2 5:00,6.08
1499,30•ª,6.08
1500,2023/5/2 6:00,6.08
1501,30•ª,6.08
1502,2023/5/2 7:00,14.495
1503,30•ª,14.495
1504,2023/5/2 8:00,14.495
1505,30•ª,14.495
1506,2023/5/2 9:00,14.495
1507,30•ª,14.495
1508,2023/5/2 10:00,14.495
1509,30•ª,14.495
1510,2023/5/2 11:00,14.495
1511,30•ª,14.495
1512,2023/5/2 12:00,14.495
1513,30•ª,14.495
1514,2023/5/2 13:00,14.495
1515,30•ª,14.495
1516,2023/5/2 14:00,14.495
1517,30•ª,14.495
1518,2023/5/2 15:00,14.495
1519,30•ª,14.495
1520,2023/5/2 16:00,14.495
1521,30•ª,14.495
1522,2023/5/2 17:00,14.495
1523,30•ª,14.495
1524,2023/5/2 18:00,14.495
1525,30•ª,14.495
1526,2023/5/2 19:00,14.495
1527,30•ª,14.495
1528,2023/5/2 20:00,14.495
1529,30•ª,14.495
1530,2023/5/2 21:00,14.495
1531,30•ª,14.495
1532,2023/5/2 22:00,14.495
1533,30•ª,14.495
1534,2023/5/2 23:00,14.495
1535,30•ª,14.495
1536,2023/5/3 0:00,6.08
1537,30•ª,6.08
1538,2023/5/3 1:00,6.08
1539,30•ª,6.08
1540,2023/5/3 2:00,6.08
1541,30•ª,6.08
1542,2023/5/3 3:00,6.08
1543,30•ª,6.08
1544,2023/5/3 4:00,6.08
1545,30•ª,6.08
1546,2023/5/3 5:00,6.08
1547,30•ª,6.08
1548,2023/5/3 6:00,6.08
1549,30•ª,6.08
1550,2023/5/3 7:00,14.495
1551,30•ª,14.495
1552,2023/5/3 8:00,14.495
1553,30•ª,14.495
1554,2023/5/3 9:00,14.495
1555,30•ª,14.495
1556,2023/5/3 10:00,14.495
1557,30•ª,14.495
1558,2023/5/3 11:00,14.495
1559,30•ª,14.495
1560,2023/5/3 12:00,14.495
1561,30•ª,14.495
1562,2023/5/3 13:00,14.495
1563,30•ª,14.495
1564,2023/5/3 14:00,14.495
1565,30•ª,14.495
1566,2023/5/3 15:00,14.495
1567,30•ª,14.495
1568,2023/5/3 16:00,14.495
1569,30•ª,14.495
1570,2023/5/3 17:00,14.495
1571,30•ª,14.495
1572,2023/5/3 18:00,14.495
1573,30•ª,14.495
1574,2023/5/3 19:00,14.495
1575,30•ª,14.495
1576,2023/5/3 20:00,14.495
1577,30•ª,14.495
1578,2023/5/3 21:00,14.495
1579,30•ª,14.495
1580,2023/5/3 22:00,14.495
1581,30•ª,14.495
1582,2023/5/3 23:00,14.495
1583,30•ª,14.495
1584,2023/5/4 0:00,6.08
1585,30•ª,6.08
1586,2023/5/4 1:00,6.08
1587,30•ª,6.08
1588,2023/5/4 2:00,6.08
1589,30•ª,6.08
1590,2023/5/4 3:00,6.08
1591,30•ª,6.08
1592,2023/5/4 4:00,6.08
1593,30•ª,6.08
1594,2023/5/4 5:00,6.08
1595,30•ª,6.08
1596,2023/5/4 6:00,6.08
1597,30•ª,6.08
1598,2023/5/4 7:00,14.495
1599,30•ª,14.495
1600,2023/5/4 8:00,14.495
1601,30•ª,14.495
1602,2023/5/4 9:00,14.495
1603,30•ª,14.495
1604,2023/5/4 10:00,14.495
1605,30•ª,14.495
1606,2023/5/4 11:00,14.495
1607,30•ª,14.495
1608,2023/5/4 12:00,14.495
1609,30•ª,14.495
1610,2023/5/4 13:00,14.495
1611,30•ª,14.495
1612,2023/5/4 14:00,14.495
1613,30•ª,14.495
1614,2023/5/4 15:00,14.495
1615,30•ª,14.495
1616,2023/5/4 16:00,14.495
1617,30•ª,14.495
1618,2023/5/4 17:00,14.495
1619,30•ª,14.495
1620,2023/5/4 18:00,14.495
1621,30•ª,14.495
1622,2023/5/4 19:00,14.495
1623,30•ª,14.495
1624,2023/5/4 20:00,14.495
1625,30•ª,14.495
1626,2023/5/4 21:00,14.495
1627,30•ª,14.495
1628,2023/5/4 22:00,14.495
1629,30•ª,14.495
1630,2023/5/4 23:00,14.495
1631,30•ª,14.495
1632,2023/5/5 0:00,6.08
1633,30•ª,6.08
1634,2023/5/5 1:00,6.08
1635,30•ª,6.08
1636,2023/5/5 2:00,6.08
1637,30•ª,6.08
1638,2023/5/5 3:00,6.08
1639,30•ª,6.08
1640,2023/5/5 4:00,6.08
1641,30•ª,6.08
1642,2023/5/5 5:00,6.08
1643,30•ª,6.08
1644,2023/5/5 6:00,6.08
1645,30•ª,6.08
1646,2023/5/5 7:00,14.495
1647,30•ª,14.495
1648,2023/5/5 8:00,14.495
1649,30•ª,14.495
1650,2023/5/5 9:00,14.495
1651,30•ª,14.495
1652,2023/5/5 10:00,14.495
1653,30•ª,14.495
1654,2023/5/5 11:00,14.495
1655,30•ª,14.495
1656,2023/5/5 12:00,14.495
1657,30•ª,14.495
1658,2023/5/5 13:00,14.495
1659,30•ª,14.495
1660,2023/5/5 14:00,14.495
1661,30•ª,14.495
1662,2023/5/5 15:00,14.495
1663,30•ª,14.495
1664,2023/5/5 16:00,14.495
1665,30•ª,14.495
1666,2023/5/5 17:00,14.495
1667,30•ª,14.495
1668,2023/5/5 18:00,14.495
1669,30•ª,14.495
1670,2023/5/5 19:00,14.495
1671,30•ª,14.495
1672,2023/5/5 20:00,14.495
1673,30•ª,14.495
1674,2023/5/5 21:00,14.495
1675,30•ª,14.495
1676,2023/5/5 22:00,14.495
1677,30•ª,14.495
1678,2023/5/5 23:00,14.495
1679,30•ª,14.495
1680,2023/5/6 0:00,6.08
1681,30•ª,6.08
1682,2023/5/6 1:00,6.08
1683,30•ª,6.08
1684,2023/5/6 2:00,6.08
1685,30•ª,6.08
1686,2023/5/6 3:00,6.08
1687,30•ª,6.08
1688,2023/5/6 4:00,6.08
1689,30•ª,6.08
1690,2023/5/6 5:00,6.08
1691,30•ª,6.08
1692,2023/5/6 6:00,6.08
1693,30•ª,6.08
1694,2023/5/6 7:00,14.495
1695,30•ª,14.495
1696,2023/5/6 8:00,14.495
1697,30•ª,14.495
1698,2023/5/6 9:00,14.495
1699,30•ª,14.495
1700,2023/5/6 10:00,14.495
1701,30•ª,14.495
1702,2023/5/6 11:00,14.495
1703,30•ª,14.495
1704,2023/5/6 12:00,14.495
1705,30•ª,14.495
1706,2023/5/6 13:00,14.495
1707,30•ª,14.495
1708,2023/5/6 14:00,14.495
1709,30•ª,14.495
1710,2023/5/6 15:00,14.495
1711,30•ª,14.495
1712,2023/5/6 16:00,14.495
1713,30•ª,14.495
1714,2023/5/6 17:00,14.495
1715,30•ª,14.495
1716,2023/5/6 18:00,14.495
1717,30•ª,14.495
1718,2023/5/6 19:00,14.495
1719,30•ª,14.495
1720,2023/5/6 20:00,14.495
1721,30•ª,14.495
1722,2023/5/6 21:00,14.495
1723,30•ª,14.495
1724,2023/5/6 22:00,14.495
1725,30•ª,14.495
1726,2023/5/6 23:00,14.495
1727,30•ª,14.495
1728,2023/5/7 0:00,6.08
1729,30•ª,6.08
1730,2023/5/7 1:00,6.08
1731,30•ª,6.08
1732,2023/5/7 2:00,6.08
1733,30•ª,6.08
1734,2023/5/7 3:00,6.08
1735,30•ª,6.08
1736,2023/5/7 4:00,6.08
1737,30•ª,6.08
1738,2023/5/7 5:00,6.08
1739,30•ª,6.08
1740,2023/5/7 6:00,6.08
1741,30•ª,6.08
1742,2023/5/7 7:00,14.495
1743,30•ª,14.495
1744,2023/5/7 8:00,14.495
1745,30•ª,14.495
1746,2023/5/7 9:00,14.495
1747,30•ª,14.495
1748,2023/5/7 10:00,14.495
1749,30•ª,14.495
1750,2023/5/7 11:00,14.495
1751,30•ª,14.495
1752,2023/5/7 12:00,14.495
1753,30•ª,14.495
1754,2023/5/7 13:00,14.495
1755,30•ª,14.495
1756,2023/5/7 14:00,14.495
1757,30•ª,14.495
1758,2023/5/7 15:00,14.495
1759,30•ª,14.495
1760,2023/5/7 16:00,14.495
1761,30•ª,14.495
1762,2023/5/7 17:00,14.495
1763,30•ª,14.495
1764,2023/5/7 18:00,14.495
1765,30•ª,14.495
1766,2023/5/7 19:00,14.495
1767,30•ª,14.495
1768,2023/5/7 20:00,14.495
1769,30•ª,14.495
1770,2023/5/7 21:00,14.495
1771,30•ª,14.495
1772,2023/5/7 22:00,14.495
1773,30•ª,14.495
1774,2023/5/7 23:00,14.495
1775,30•ª,14.495
1776,2023/5/8 0:00,6.08
1777,30•ª,6.08
1778,2023/5/8 1:00,6.08
1779,30•ª,6.08
1780,2023/5/8 2:00,6.08
1781,30•ª,6.08
1782,2023/5/8 3:00,6.08
1783,30•ª,6.08
1784,2023/5/8 4:00,6.08
1785,30•ª,6.08
1786,2023/5/8 5:00,6.08
1787,30•ª,6.08
1788,2023/5/8 6:00,6.08
1789,30•ª,6.08
1790,2023/5/8 7:00,14.495
1791,30•ª,14.495
1792,2023/5/8 8:00,14.495
1793,30•ª,14.495
1794,2023/5/8 9:00,14.495
1795,30•ª,14.495
1796,2023/5/8 10:00,14.495
1797,30•ª,14.495
1798,2023/5/8 11:00,14.495
1799,30•ª,14.495
1800,2023/5/8 12:00,14.495
1801,30•ª,14.495
1802,2023/5/8 13:00,14.495
1803,30•ª,14.495
1804,2023/5/8 14:00,14.495
1805,30•ª,14.495
1806,2023/5/8 15:00,14.495
1807,30•ª,14.495
1808,2023/5/8 16:00,14.495
1809,30•ª,14.495
1810,2023/5/8 17:00,14.495
1811,30•ª,14.495
1812,2023/5/8 18:00,14.495
1813,30•ª,14.495
1814,2023/5/8 19:00,14.495
1815,30•ª,14.495
1816,2023/5/8 20:00,14.495
1817,30•ª,14.495
1818,2023/5/8 21:00,14.495
1819,30•ª,14.495
1820,2023/5/8 22:00,14.495
1821,30•ª,14.495
1822,2023/5/8 23:00,14.495
1823,30•ª,14.495
1824,2023/5/9 0:00,6.08
1825,30•ª,6.08
1826,2023/5/9 1:00,6.08
1827,30•ª,6.08
1828,2023/5/9 2:00,6.08
1829,30•ª,6.08
1830,2023/5/9 3:00,6.08
1831,30•ª,6.08
1832,2023/5/9 4:00,6.08
1833,30•ª,6.08
1834,2023/5/9 5:00,6.08
1835,30•ª,6.08
1836,2023/5/9 6:00,6.08
1837,30•ª,6.08
1838,2023/5/9 7:00,14.495
1839,30•ª,14.495
1840,2023/5/9 8:00,14.495
1841,30•ª,14.495
1842,2023/5/9 9:00,14.495
1843,30•ª,14.495
1844,2023/5/9 10:00,14.495
1845,30•ª,14.495
1846,2023/5/9 11:00,14.495
1847,30•ª,14.495
1848,2023/5/9 12:00,14.495
1849,30•ª,14.495
1850,2023/5/9 13:00,14.495
1851,30•ª,14.495
1852,2023/5/9 14:00,14.495
1853,30•ª,14.495
1854,2023/5/9 15:00,14.495
1855,30•ª,14.495
1856,2023/5/9 16:00,14.495
1857,30•ª,14.495
1858,2023/5/9 17:00,14.495
1859,30•ª,14.495
1860,2023/5/9 18:00,14.495
1861,30•ª,14.495
1862,2023/5/9 19:00,14.495
1863,30•ª,14.495
1864,2023/5/9 20:00,14.495
1865,30•ª,14.495
1866,2023/5/9 21:00,14.495
1867,30•ª,14.495
1868,2023/5/9 22:00,14.495
1869,30•ª,14.495
1870,2023/5/9 23:00,14.495
1871,30•ª,14.495
1872,2023/5/10 0:00,6.08
1873,30•ª,6.08
1874,2023/5/10 1:00,6.08
1875,30•ª,6.08
1876,2023/5/10 2:00,6.08
1877,30•ª,6.08
1878,2023/5/10 3:00,6.08
1879,30•ª,6.08
1880,2023/5/10 4:00,6.08
1881,30•ª,6.08
1882,2023/5/10 5:00,6.08
1883,30•ª,6.08
1884,2023/5/10 6:00,6.08
1885,30•ª,6.08
1886,2023/5/10 7:00,14.495
1887,30•ª,14.495
1888,2023/5/10 8:00,14.495
1889,30•ª,14.495
1890,2023/5/10 9:00,14.495
1891,30•ª,14.495
1892,2023/5/10 10:00,14.495
1893,30•ª,14.495
1894,2023/5/10 11:00,14.495
1895,30•ª,14.495
1896,2023/5/10 12:00,14.495
1897,30•ª,14.495
1898,2023/5/10 13:00,14.495
1899,30•ª,14.495
1900,2023/5/10 14:00,14.495
1901,30•ª,14.495
1902,2023/5/10 15:00,14.495
1903,30•ª,14.495
1904,2023/5/10 16:00,14.495
1905,30•ª,14.495
1906,2023/5/10 17:00,14.495
1907,30•ª,14.495
1908,2023/5/10 18:00,14.495
1909,30•ª,14.495
1910,2023/5/10 19:00,14.495
1911,30•ª,14.495
1912,2023/5/10 20:00,14.495
1913,30•ª,14.495
1914,2023/5/10 21:00,14.495
1915,30•ª,14.495
1916,2023/5/10 22:00,14.495
1917,30•ª,14.495
1918,2023/5/10 23:00,14.495
1919,30•ª,14.495
1920,2023/5/11 0:00,6.08
1921,30•ª,6.08
1922,2023/5/11 1:00,6.08
1923,30•ª,6.08
1924,2023/5/11 2:00,6.08
1925,30•ª,6.08
1926,2023/5/11 3:00,6.08
1927,30•ª,6.08
1928,2023/5/11 4:00,6.08
1929,30•ª,6.08
1930,2023/5/11 5:00,6.08
1931,30•ª,6.08
1932,2023/5/11 6:00,6.08
1933,30•ª,6.08
1934,2023/5/11 7:00,14.495
1935,30•ª,14.495
1936,2023/5/11 8:00,14.495
1937,30•ª,14.495
1938,2023/5/11 9:00,14.495
1939,30•ª,14.495
1940,2023/5/11 10:00,14.495
1941,30•ª,14.495
1942,2023/5/11 11:00,14.495
1943,30•ª,14.495
1944,2023/5/11 12:00,14.495
1945,30•ª,14.495
1946,2023/5/11 13:00,14.495
1947,30•ª,14.495
1948,2023/5/11 14:00,14.495
1949,30•ª,14.495
1950,2023/5/11 15:00,14.495
1951,30•ª,14.495
1952,2023/5/11 16:00,14.495
1953,30•ª,14.495
1954,2023/5/11 17:00,14.495
1955,30•ª,14.495
1956,2023/5/11 18:00,14.495
1957,30•ª,14.495
1958,2023/5/11 19:00,14.495
1959,30•ª,14.495
1960,2023/5/11 20:00,14.495
1961,30•ª,14.495
1962,2023/5/11 21:00,14.495
1963,30•ª,14.495
1964,2023/5/11 22:00,14.495
1965,30•ª,14.495
1966,2023/5/11 23:00,14.495
1967,30•ª,14.495
1968,2023/5/12 0:00,6.08
1969,30•ª,6.08
1970,2023/5/12 1:00,6.08
1971,30•ª,6.08
1972,2023/5/12 2:00,6.08
1973,30•ª,6.08
1974,2023/5/12 3:00,6.08
1975,30•ª,6.08
1976,2023/5/12 4:00,6.08
1977,30•ª,6.08
1978,2023/5/12 5:00,6.08
1979,30•ª,6.08
1980,2023/5/12 6:00,6.08
1981,30•ª,6.08
1982,2023/5/12 7:00,14.495
1983,30•ª,14.495
1984,2023/5/12 8:00,14.495
1985,30•ª,14.495
1986,2023/5/12 9:00,14.495
1987,30•ª,14.495
1988,2023/5/12 10:00,14.495
1989,30•ª,14.495
1990,2023/5/12 11:00,14.495
1991,30•ª,14.495
1992,2023/5/12 12:00,14.495
1993,30•ª,14.495
1994,2023/5/12 13:00,14.495
1995,30•ª,14.495
1996,2023/5/12 14:00,14.495
1997,30•ª,14.495
1998,2023/5/12 15:00,14.495
1999,30•ª,14.495
2000,2023/5/12 16:00,14.495
2001,30•ª,14.495
2002,2023/5/12 17:00,14.495
2003,30•ª,14.495
2004,2023/5/12 18:00,14.495
2005,30•ª,14.495
2006,2023/5/12 19:00,14.495
2007,30•ª,14.495
2008,2023/5/12 20:00,14.495
2009,30•ª,14.495
2010,2023/5/12 21:00,14.495
2011,30•ª,14.495
2012,2023/5/12 22:00,14.495
2013,30•ª,14.495
2014,2023/5/12 23:00,14.495
2015,30•ª,14.495
2016,2023/5/13 0:00,6.08
2017,30•ª,6.08
2018,2023/5/13 1:00,6.08
2019,30•ª,6.08
2020,2023/5/13 2:00,6.08
2021,30•ª,6.08
2022,2023/5/13 3:00,6.08
2023,30•ª,6.08
2024,2023/5/13 4:00,6.08
2025,30•ª,6.08
2026,2023/5/13 5:00,6.08
2027,30•ª,6.08
2028,2023/5/13 6:00,6.08
2029,30•ª,6.08
2030,2023/5/13 7:00,14.495
2031,30•ª,14.495
2032,2023/5/13 8:00,14.495
2033,30•ª,14.495
2034,2023/5/13 9:00,14.495
2035,30•ª,14.495
2036,2023/5/13 10:00,14.495
2037,30•ª,14.495
2038,2023/5/13 11:00,14.495
2039,30•ª,14.495
2040,2023/5/13 12:00,14.495
2041,30•ª,14.495
2042,2023/5/13 13:00,14.495
2043,30•ª,14.495
2044,2023/5/13 14:00,14.495
2045,30•ª,14.495
2046,2023/5/13 15:00,14.495
2047,30•ª,14.495
2048,2023/5/13 16:00,14.495
2049,30•ª,14.495
2050,2023/5/13 17:00,14.495
2051,30•ª,14.495
2052,2023/5/13 18:00,14.495
2053,30•ª,14.495
2054,2023/5/13 19:00,14.495
2055,30•ª,14.495
2056,2023/5/13 20:00,14.495
2057,30•ª,14.495
2058,2023/5/13 21:00,14.495
2059,30•ª,14.495
2060,2023/5/13 22:00,14.495
2061,30•ª,14.495
2062,2023/5/13 23:00,14.495
2063,30•ª,14.495
2064,2023/5/14 0:00,6.08
2065,30•ª,6.08
2066,2023/5/14 1:00,6.08
2067,30•ª,6.08
2068,2023/5/14 2:00,6.08
2069,30•ª,6.08
2070,2023/5/14 3:00,6.08
2071,30•ª,6.08
2072,2023/5/14 4:00,6.08
2073,30•ª,6.08
2074,2023/5/14 5:00,6.08
2075,30•ª,6.08
2076,2023/5/14 6:00,6.08
2077,30•ª,6.08
2078,2023/5/14 7:00,14.495
2079,30•ª,14.495
2080,2023/5/14 8:00,14.495
2081,30•ª,14.495
2082,2023/5/14 9:00,14.495
2083,30•ª,14.495
2084,2023/5/14 10:00,14.495
2085,30•ª,14.495
2086,2023/5/14 11:00,14.495
2087,30•ª,14.495
2088,2023/5/14 12:00,14.495
2089,30•ª,14.495
2090,2023/5/14 13:00,14.495
2091,30•ª,14.495
2092,2023/5/14 14:00,14.495
2093,30•ª,14.495
2094,2023/5/14 15:00,14.495
2095,30•ª,14.495
2096,2023/5/14 16:00,14.495
2097,30•ª,14.495
2098,2023/5/14 17:00,14.495
2099,30•ª,14.495
2100,2023/5/14 18:00,14.495
2101,30•ª,14.495
2102,2023/5/14 19:00,14.495
2103,30•ª,14.495
2104,2023/5/14 20:00,14.495
2105,30•ª,14.495
2106,2023/5/14 21:00,14.495
2107,30•ª,14.495
2108,2023/5/14 22:00,14.495
2109,30•ª,14.495
2110,2023/5/14 23:00,14.495
2111,30•ª,14.495
2112,2023/5/15 0:00,6.08
2113,30•ª,6.08
2114,2023/5/15 1:00,6.08
2115,30•ª,6.08
2116,2023/5/15 2:00,6.08
2117,30•ª,6.08
2118,2023/5/15 3:00,6.08
2119,30•ª,6.08
2120,2023/5/15 4:00,6.08
2121,30•ª,6.08
2122,2023/5/15 5:00,6.08
2123,30•ª,6.08
2124,2023/5/15 6:00,6.08
2125,30•ª,6.08
2126,2023/5/15 7:00,14.495
2127,30•ª,14.495
2128,2023/5/15 8:00,14.495
2129,30•ª,14.495
2130,2023/5/15 9:00,14.495
2131,30•ª,14.495
2132,2023/5/15 10:00,14.495
2133,30•ª,14.495
2134,2023/5/15 11:00,14.495
2135,30•ª,14.495
2136,2023/5/15 12:00,14.495
2137,30•ª,14.495
2138,2023/5/15 13:00,14.495
2139,30•ª,14.495
2140,2023/5/15 14:00,14.495
2141,30•ª,14.495
2142,2023/5/15 15:00,14.495
2143,30•ª,14.495
2144,2023/5/15 16:00,14.495
2145,30•ª,14.495
2146,2023/5/15 17:00,14.495
2147,30•ª,14.495
2148,2023/5/15 18:00,14.495
2149,30•ª,14.495
2150,2023/5/15 19:00,14.495
2151,30•ª,14.495
2152,2023/5/15 20:00,14.495
2153,30•ª,14.495
2154,2023/5/15 21:00,14.495
2155,30•ª,14.495
2156,2023/5/15 22:00,14.495
2157,30•ª,14.495
2158,2023/5/15 23:00,14.495
2159,30•ª,14.495
2160,2023/5/16 0:00,6.08
2161,30•ª,6.08
2162,2023/5/16 1:00,6.08
2163,30•ª,6.08
2164,2023/5/16 2:00,6.08
2165,30•ª,6.08
2166,2023/5/16 3:00,6.08
2167,30•ª,6.08
2168,2023/5/16 4:00,6.08
2169,30•ª,6.08
2170,2023/5/16 5:00,6.08
2171,30•ª,6.08
2172,2023/5/16 6:00,6.08
2173,30•ª,6.08
2174,2023/5/16 7:00,14.495
2175,30•ª,14.495
2176,2023/5/16 8:00,14.495
2177,30•ª,14.495
2178,2023/5/16 9:00,14.495
2179,30•ª,14.495
2180,2023/5/16 10:00,14.495
2181,30•ª,14.495
2182,2023/5/16 11:00,14.495
2183,30•ª,14.495
2184,2023/5/16 12:00,14.495
2185,30•ª,14.495
2186,2023/5/16 13:00,14.495
2187,30•ª,14.495
2188,2023/5/16 14:00,14.495
2189,30•ª,14.495
2190,2023/5/16 15:00,14.495
2191,30•ª,14.495
2192,2023/5/16 16:00,14.495
2193,30•ª,14.495
2194,2023/5/16 17:00,14.495
2195,30•ª,14.495
2196,2023/5/16 18:00,14.495
2197,30•ª,14.495
2198,2023/5/16 19:00,14.495
2199,30•ª,14.495
2200,2023/5/16 20:00,14.495
2201,30•ª,14.495
2202,2023/5/16 21:00,14.495
2203,30•ª,14.495
2204,2023/5/16 22:00,14.495
2205,30•ª,14.495
2206,2023/5/16 23:00,14.495
2207,30•ª,14.495
2208,2023/5/17 0:00,6.08
2209,30•ª,6.08
2210,2023/5/17 1:00,6.08
2211,30•ª,6.08
2212,2023/5/17 2:00,6.08
2213,30•ª,6.08
2214,2023/5/17 3:00,6.08
2215,30•ª,6.08
2216,2023/5/17 4:00,6.08
2217,30•ª,6.08
2218,2023/5/17 5:00,6.08
2219,30•ª,6.08
2220,2023/5/17 6:00,6.08
2221,30•ª,6.08
2222,2023/5/17 7:00,14.495
2223,30•ª,14.495
2224,2023/5/17 8:00,14.495
2225,30•ª,14.495
2226,2023/5/17 9:00,14.495
2227,30•ª,14.495
2228,2023/5/17 10:00,14.495
2229,30•ª,14.495
2230,2023/5/17 11:00,14.495
2231,30•ª,14.495
2232,2023/5/17 12:00,14.495
2233,30•ª,14.495
2234,2023/5/17 13:00,14.495
2235,30•ª,14.495
2236,2023/5/17 14:00,14.495
2237,30•ª,14.495
2238,2023/5/17 15:00,14.495
2239,30•ª,14.495
2240,2023/5/17 16:00,14.495
2241,30•ª,14.495
2242,2023/5/17 17:00,14.495
2243,30•ª,14.495
2244,2023/5/17 18:00,14.495
2245,30•ª,14.495
2246,2023/5/17 19:00,14.495
2247,30•ª,14.495
2248,2023/5/17 20:00,14.495
2249,30•ª,14.495
2250,2023/5/17 21:00,14.495
2251,30•ª,14.495
2252,2023/5/17 22:00,14.495
2253,30•ª,14.495
2254,2023/5/17 23:00,14.495
2255,30•ª,14.495
2256,2023/5/18 0:00,6.08
2257,30•ª,6.08
2258,2023/5/18 1:00,6.08
2259,30•ª,6.08
2260,2023/5/18 2:00,6.08
2261,30•ª,6.08
2262,2023/5/18 3:00,6.08
2263,30•ª,6.08
2264,2023/5/18 4:00,6.08
2265,30•ª,6.08
2266,2023/5/18 5:00,6.08
2267,30•ª,6.08
2268,2023/5/18 6:00,6.08
2269,30•ª,6.08
2270,2023/5/18 7:00,14.495
2271,30•ª,14.495
2272,2023/5/18 8:00,14.495
2273,30•ª,14.495
2274,2023/5/18 9:00,14.495
2275,30•ª,14.495
2276,2023/5/18 10:00,14.495
2277,30•ª,14.495
2278,2023/5/18 11:00,14.495
2279,30•ª,14.495
2280,2023/5/18 12:00,14.495
2281,30•ª,14.495
2282,2023/5/18 13:00,14.495
2283,30•ª,14.495
2284,2023/5/18 14:00,14.495
2285,30•ª,14.495
2286,2023/5/18 15:00,14.495
2287,30•ª,14.495
2288,2023/5/18 16:00,14.495
2289,30•ª,14.495
2290,2023/5/18 17:00,14.495
2291,30•ª,14.495
2292,2023/5/18 18:00,14.495
2293,30•ª,14.495
2294,2023/5/18 19:00,14.495
2295,30•ª,14.495
2296,2023/5/18 20:00,14.495
2297,30•ª,14.495
2298,2023/5/18 21:00,14.495
2299,30•ª,14.495
2300,2023/5/18 22:00,14.495
2301,30•ª,14.495
2302,2023/5/18 23:00,14.495
2303,30•ª,14.495
2304,2023/5/19 0:00,6.08
2305,30•ª,6.08
2306,2023/5/19 1:00,6.08
2307,30•ª,6.08
2308,2023/5/19 2:00,6.08
2309,30•ª,6.08
2310,2023/5/19 3:00,6.08
2311,30•ª,6.08
2312,2023/5/19 4:00,6.08
2313,30•ª,6.08
2314,2023/5/19 5:00,6.08
2315,30•ª,6.08
2316,2023/5/19 6:00,6.08
2317,30•ª,6.08
2318,2023/5/19 7:00,14.495
2319,30•ª,14.495
2320,2023/5/19 8:00,14.495
2321,30•ª,14.495
2322,2023/5/19 9:00,14.495
2323,30•ª,14.495
2324,2023/5/19 10:00,14.495
2325,30•ª,14.495
2326,2023/5/19 11:00,14.495
2327,30•ª,14.495
2328,2023/5/19 12:00,14.495
2329,30•ª,14.495
2330,2023/5/19 13:00,14.495
2331,30•ª,14.495
2332,2023/5/19 14:00,14.495
2333,30•ª,14.495
2334,2023/5/19 15:00,14.495
2335,30•ª,14.495
2336,2023/5/19 16:00,14.495
2337,30•ª,14.495
2338,2023/5/19 17:00,14.495
2339,30•ª,14.495
2340,2023/5/19 18:00,14.495
2341,30•ª,14.495
2342,2023/5/19 19:00,14.495
2343,30•ª,14.495
2344,2023/5/19 20:00,14.495
2345,30•ª,14.495
2346,2023/5/19 21:00,14.495
2347,30•ª,14.495
2348,2023/5/19 22:00,14.495
2349,30•ª,14.495
2350,2023/5/19 23:00,14.495
2351,30•ª,14.495
2352,2023/5/20 0:00,6.08
2353,30•ª,6.08
2354,2023/5/20 1:00,6.08
2355,30•ª,6.08
2356,2023/5/20 2:00,6.08
2357,30•ª,6.08
2358,2023/5/20 3:00,6.08
2359,30•ª,6.08
2360,2023/5/20 4:00,6.08
2361,30•ª,6.08
2362,2023/5/20 5:00,6.08
2363,30•ª,6.08
2364,2023/5/20 6:00,6.08
2365,30•ª,6.08
2366,2023/5/20 7:00,14.495
2367,30•ª,14.495
2368,2023/5/20 8:00,14.495
2369,30•ª,14.495
2370,2023/5/20 9:00,14.495
2371,30•ª,14.495
2372,2023/5/20 10:00,14.495
2373,30•ª,14.495
2374,2023/5/20 11:00,14.495
2375,30•ª,14.495
2376,2023/5/20 12:00,14.495
2377,30•ª,14.495
2378,2023/5/20 13:00,14.495
2379,30•ª,14.495
2380,2023/5/20 14:00,14.495
2381,30•ª,14.495
2382,2023/5/20 15:00,14.495
2383,30•ª,14.495
2384,2023/5/20 16:00,14.495
2385,30•ª,14.495
2386,2023/5/20 17:00,14.495
2387,30•ª,14.495
2388,2023/5/20 18:00,14.495
2389,30•ª,14.495
2390,2023/5/20 19:00,14.495
2391,30•ª,14.495
2392,2023/5/20 20:00,14.495
2393,30•ª,14.495
2394,2023/5/20 21:00,14.495
2395,30•ª,14.495
2396,2023/5/20 22:00,14.495
2397,30•ª,14.495
2398,2023/5/20 23:00,14.495
2399,30•ª,14.495
2400,2023/5/21 0:00,6.08
2401,30•ª,6.08
2402,2023/5/21 1:00,6.08
2403,30•ª,6.08
2404,2023/5/21 2:00,6.08
2405,30•ª,6.08
2406,2023/5/21 3:00,6.08
2407,30•ª,6.08
2408,2023/5/21 4:00,6.08
2409,30•ª,6.08
2410,2023/5/21 5:00,6.08
2411,30•ª,6.08
2412,2023/5/21 6:00,6.08
2413,30•ª,6.08
2414,2023/5/21 7:00,14.495
2415,30•ª,14.495
2416,2023/5/21 8:00,14.495
2417,30•ª,14.495
2418,2023/5/21 9:00,14.495
2419,30•ª,14.495
2420,2023/5/21 10:00,14.495
2421,30•ª,14.495
2422,2023/5/21 11:00,14.495
2423,30•ª,14.495
2424,2023/5/21 12:00,14.495
2425,30•ª,14.495
2426,2023/5/21 13:00,14.495
2427,30•ª,14.495
2428,2023/5/21 14:00,14.495
2429,30•ª,14.495
2430,2023/5/21 15:00,14.495
2431,30•ª,14.495
2432,2023/5/21 16:00,14.495
2433,30•ª,14.495
2434,2023/5/21 17:00,14.495
2435,30•ª,14.495
2436,2023/5/21 18:00,14.495
2437,30•ª,14.495
2438,2023/5/21 19:00,14.495
2439,30•ª,14.495
2440,2023/5/21 20:00,14.495
2441,30•ª,14.495
2442,2023/5/21 21:00,14.495
2443,30•ª,14.495
2444,2023/5/21 22:00,14.495
2445,30•ª,14.495
2446,2023/5/21 23:00,14.495
2447,30•ª,14.495
2448,2023/5/22 0:00,6.08
2449,30•ª,6.08
2450,2023/5/22 1:00,6.08
2451,30•ª,6.08
2452,2023/5/22 2:00,6.08
2453,30•ª,6.08
2454,2023/5/22 3:00,6.08
2455,30•ª,6.08
2456,2023/5/22 4:00,6.08
2457,30•ª,6.08
2458,2023/5/22 5:00,6.08
2459,30•ª,6.08
2460,2023/5/22 6:00,6.08
2461,30•ª,6.08
2462,2023/5/22 7:00,14.495
2463,30•ª,14.495
2464,2023/5/22 8:00,14.495
2465,30•ª,14.495
2466,2023/5/22 9:00,14.495
2467,30•ª,14.495
2468,2023/5/22 10:00,14.495
2469,30•ª,14.495
2470,2023/5/22 11:00,14.495
2471,30•ª,14.495
2472,2023/5/22 12:00,14.495
2473,30•ª,14.495
2474,2023/5/22 13:00,14.495
2475,30•ª,14.495
2476,2023/5/22 14:00,14.495
2477,30•ª,14.495
2478,2023/5/22 15:00,14.495
2479,30•ª,14.495
2480,2023/5/22 16:00,14.495
2481,30•ª,14.495
2482,2023/5/22 17:00,14.495
2483,30•ª,14.495
2484,2023/5/22 18:00,14.495
2485,30•ª,14.495
2486,2023/5/22 19:00,14.495
2487,30•ª,14.495
2488,2023/5/22 20:00,14.495
2489,30•ª,14.495
2490,2023/5/22 21:00,14.495
2491,30•ª,14.495
2492,2023/5/22 22:00,14.495
2493,30•ª,14.495
2494,2023/5/22 23:00,14.495
2495,30•ª,14.495
2496,2023/5/23 0:00,6.08
2497,30•ª,6.08
2498,2023/5/23 1:00,6.08
2499,30•ª,6.08
2500,2023/5/23 2:00,6.08
2501,30•ª,6.08
2502,2023/5/23 3:00,6.08
2503,30•ª,6.08
2504,2023/5/23 4:00,6.08
2505,30•ª,6.08
2506,2023/5/23 5:00,6.08
2507,30•ª,6.08
2508,2023/5/23 6:00,6.08
2509,30•ª,6.08
2510,2023/5/23 7:00,14.495
2511,30•ª,14.495
2512,2023/5/23 8:00,14.495
2513,30•ª,14.495
2514,2023/5/23 9:00,14.495
2515,30•ª,14.495
2516,2023/5/23 10:00,14.495
2517,30•ª,14.495
2518,2023/5/23 11:00,14.495
2519,30•ª,14.495
2520,2023/5/23 12:00,14.495
2521,30•ª,14.495
2522,2023/5/23 13:00,14.495
2523,30•ª,14.495
2524,2023/5/23 14:00,14.495
2525,30•ª,14.495
2526,2023/5/23 15:00,14.495
2527,30•ª,14.495
2528,2023/5/23 16:00,14.495
2529,30•ª,14.495
2530,2023/5/23 17:00,14.495
2531,30•ª,14.495
2532,2023/5/23 18:00,14.495
2533,30•ª,14.495
2534,2023/5/23 19:00,14.495
2535,30•ª,14.495
2536,2023/5/23 20:00,14.495
2537,30•ª,14.495
2538,2023/5/23 21:00,14.495
2539,30•ª,14.495
2540,2023/5/23 22:00,14.495
2541,30•ª,14.495
2542,2023/5/23 23:00,14.495
2543,30•ª,14.495
2544,2023/5/24 0:00,6.08
2545,30•ª,6.08
2546,2023/5/24 1:00,6.08
2547,30•ª,6.08
2548,2023/5/24 2:00,6.08
2549,30•ª,6.08
2550,2023/5/24 3:00,6.08
2551,30•ª,6.08
2552,2023/5/24 4:00,6.08
2553,30•ª,6.08
2554,2023/5/24 5:00,6.08
2555,30•ª,6.08
2556,2023/5/24 6:00,6.08
2557,30•ª,6.08
2558,2023/5/24 7:00,14.495
2559,30•ª,14.495
2560,2023/5/24 8:00,14.495
2561,30•ª,14.495
2562,2023/5/24 9:00,14.495
2563,30•ª,14.495
2564,2023/5/24 10:00,14.495
2565,30•ª,14.495
2566,2023/5/24 11:00,14.495
2567,30•ª,14.495
2568,2023/5/24 12:00,14.495
2569,30•ª,14.495
2570,2023/5/24 13:00,14.495
2571,30•ª,14.495
2572,2023/5/24 14:00,14.495
2573,30•ª,14.495
2574,2023/5/24 15:00,14.495
2575,30•ª,14.495
2576,2023/5/24 16:00,14.495
2577,30•ª,14.495
2578,2023/5/24 17:00,14.495
2579,30•ª,14.495
2580,2023/5/24 18:00,14.495
2581,30•ª,14.495
2582,2023/5/24 19:00,14.495
2583,30•ª,14.495
2584,2023/5/24 20:00,14.495
2585,30•ª,14.495
2586,2023/5/24 21:00,14.495
2587,30•ª,14.495
2588,2023/5/24 22:00,14.495
2589,30•ª,14.495
2590,2023/5/24 23:00,14.495
2591,30•ª,14.495
2592,2023/5/25 0:00,6.08
2593,30•ª,6.08
2594,2023/5/25 1:00,6.08
2595,30•ª,6.08
2596,2023/5/25 2:00,6.08
2597,30•ª,6.08
2598,2023/5/25 3:00,6.08
2599,30•ª,6.08
2600,2023/5/25 4:00,6.08
2601,30•ª,6.08
2602,2023/5/25 5:00,6.08
2603,30•ª,6.08
2604,2023/5/25 6:00,6.08
2605,30•ª,6.08
2606,2023/5/25 7:00,14.495
2607,30•ª,14.495
2608,2023/5/25 8:00,14.495
2609,30•ª,14.495
2610,2023/5/25 9:00,14.495
2611,30•ª,14.495
2612,2023/5/25 10:00,14.495
2613,30•ª,14.495
2614,2023/5/25 11:00,14.495
2615,30•ª,14.495
2616,2023/5/25 12:00,14.495
2617,30•ª,14.495
2618,2023/5/25 13:00,14.495
2619,30•ª,14.495
2620,2023/5/25 14:00,14.495
2621,30•ª,14.495
2622,2023/5/25 15:00,14.495
2623,30•ª,14.495
2624,2023/5/25 16:00,14.495
2625,30•ª,14.495
2626,2023/5/25 17:00,14.495
2627,30•ª,14.495
2628,2023/5/25 18:00,14.495
2629,30•ª,14.495
2630,2023/5/25 19:00,14.495
2631,30•ª,14.495
2632,2023/5/25 20:00,14.495
2633,30•ª,14.495
2634,2023/5/25 21:00,14.495
2635,30•ª,14.495
2636,2023/5/25 22:00,14.495
2637,30•ª,14.495
2638,2023/5/25 23:00,14.495
2639,30•ª,14.495
2640,2023/5/26 0:00,6.08
2641,30•ª,6.08
2642,2023/5/26 1:00,6.08
2643,30•ª,6.08
2644,2023/5/26 2:00,6.08
2645,30•ª,6.08
2646,2023/5/26 3:00,6.08
2647,30•ª,6.08
2648,2023/5/26 4:00,6.08
2649,30•ª,6.08
2650,2023/5/26 5:00,6.08
2651,30•ª,6.08
2652,2023/5/26 6:00,6.08
2653,30•ª,6.08
2654,2023/5/26 7:00,14.495
2655,30•ª,14.495
2656,2023/5/26 8:00,14.495
2657,30•ª,14.495
2658,2023/5/26 9:00,14.495
2659,30•ª,14.495
2660,2023/5/26 10:00,14.495
2661,30•ª,14.495
2662,2023/5/26 11:00,14.495
2663,30•ª,14.495
2664,2023/5/26 12:00,14.495
2665,30•ª,14.495
2666,2023/5/26 13:00,14.495
2667,30•ª,14.495
2668,2023/5/26 14:00,14.495
2669,30•ª,14.495
2670,2023/5/26 15:00,14.495
2671,30•ª,14.495
2672,2023/5/26 16:00,14.495
2673,30•ª,14.495
2674,2023/5/26 17:00,14.495
2675,30•ª,14.495
2676,2023/5/26 18:00,14.495
2677,30•ª,14.495
2678,2023/5/26 19:00,14.495
2679,30•ª,14.495
2680,2023/5/26 20:00,14.495
2681,30•ª,14.495
2682,2023/5/26 21:00,14.495
2683,30•ª,14.495
2684,2023/5/26 22:00,14.495
2685,30•ª,14.495
2686,2023/5/26 23:00,14.495
2687,30•ª,14.495
2688,2023/5/27 0:00,6.08
2689,30•ª,6.08
2690,2023/5/27 1:00,6.08
2691,30•ª,6.08
2692,2023/5/27 2:00,6.08
2693,30•ª,6.08
2694,2023/5/27 3:00,6.08
2695,30•ª,6.08
2696,2023/5/27 4:00,6.08
2697,30•ª,6.08
2698,2023/5/27 5:00,6.08
2699,30•ª,6.08
2700,2023/5/27 6:00,6.08
2701,30•ª,6.08
2702,2023/5/27 7:00,14.495
2703,30•ª,14.495
2704,2023/5/27 8:00,14.495
2705,30•ª,14.495
2706,2023/5/27 9:00,14.495
2707,30•ª,14.495
2708,2023/5/27 10:00,14.495
2709,30•ª,14.495
2710,2023/5/27 11:00,14.495
2711,30•ª,14.495
2712,2023/5/27 12:00,14.495
2713,30•ª,14.495
2714,2023/5/27 13:00,14.495
2715,30•ª,14.495
2716,2023/5/27 14:00,14.495
2717,30•ª,14.495
2718,2023/5/27 15:00,14.495
2719,30•ª,14.495
2720,2023/5/27 16:00,14.495
2721,30•ª,14.495
2722,2023/5/27 17:00,14.495
2723,30•ª,14.495
2724,2023/5/27 18:00,14.495
2725,30•ª,14.495
2726,2023/5/27 19:00,14.495
2727,30•ª,14.495
2728,2023/5/27 20:00,14.495
2729,30•ª,14.495
2730,2023/5/27 21:00,14.495
2731,30•ª,14.495
2732,2023/5/27 22:00,14.495
2733,30•ª,14.495
2734,2023/5/27 23:00,14.495
2735,30•ª,14.495
2736,2023/5/28 0:00,6.08
2737,30•ª,6.08
2738,2023/5/28 1:00,6.08
2739,30•ª,6.08
2740,2023/5/28 2:00,6.08
2741,30•ª,6.08
2742,2023/5/28 3:00,6.08
2743,30•ª,6.08
2744,2023/5/28 4:00,6.08
2745,30•ª,6.08
2746,2023/5/28 5:00,6.08
2747,30•ª,6.08
2748,2023/5/28 6:00,6.08
2749,30•ª,6.08
2750,2023/5/28 7:00,14.495
2751,30•ª,14.495
2752,2023/5/28 8:00,14.495
2753,30•ª,14.495
2754,2023/5/28 9:00,14.495
2755,30•ª,14.495
2756,2023/5/28 10:00,14.495
2757,30•ª,14.495
2758,2023/5/28 11:00,14.495
2759,30•ª,14.495
2760,2023/5/28 12:00,14.495
2761,30•ª,14.495
2762,2023/5/28 13:00,14.495
2763,30•ª,14.495
2764,2023/5/28 14:00,14.495
2765,30•ª,14.495
2766,2023/5/28 15:00,14.495
2767,30•ª,14.495
2768,2023/5/28 16:00,14.495
2769,30•ª,14.495
2770,2023/5/28 17:00,14.495
2771,30•ª,14.495
2772,2023/5/28 18:00,14.495
2773,30•ª,14.495
2774,2023/5/28 19:00,14.495
2775,30•ª,14.495
2776,2023/5/28 20:00,14.495
2777,30•ª,14.495
2778,2023/5/28 21:00,14.495
2779,30•ª,14.495
2780,2023/5/28 22:00,14.495
2781,30•ª,14.495
2782,2023/5/28 23:00,14.495
2783,30•ª,14.495
2784,2023/5/29 0:00,6.08
2785,30•ª,6.08
2786,2023/5/29 1:00,6.08
2787,30•ª,6.08
2788,2023/5/29 2:00,6.08
2789,30•ª,6.08
2790,2023/5/29 3:00,6.08
2791,30•ª,6.08
2792,2023/5/29 4:00,6.08
2793,30•ª,6.08
2794,2023/5/29 5:00,6.08
2795,30•ª,6.08
2796,2023/5/29 6:00,6.08
2797,30•ª,6.08
2798,2023/5/29 7:00,14.495
2799,30•ª,14.495
2800,2023/5/29 8:00,14.495
2801,30•ª,14.495
2802,2023/5/29 9:00,14.495
2803,30•ª,14.495
2804,2023/5/29 10:00,14.495
2805,30•ª,14.495
2806,2023/5/29 11:00,14.495
2807,30•ª,14.495
2808,2023/5/29 12:00,14.495
2809,30•ª,14.495
2810,2023/5/29 13:00,14.495
2811,30•ª,14.495
2812,2023/5/29 14:00,14.495
2813,30•ª,14.495
2814,2023/5/29 15:00,14.495
2815,30•ª,14.495
2816,2023/5/29 16:00,14.495
2817,30•ª,14.495
2818,2023/5/29 17:00,14.495
2819,30•ª,14.495
2820,2023/5/29 18:00,14.495
2821,30•ª,14.495
2822,2023/5/29 19:00,14.495
2823,30•ª,14.495
2824,2023/5/29 20:00,14.495
2825,30•ª,14.495
2826,2023/5/29 21:00,14.495
2827,30•ª,14.495
2828,2023/5/29 22:00,14.495
2829,30•ª,14.495
2830,2023/5/29 23:00,14.495
2831,30•ª,14.495
2832,2023/5/30 0:00,6.08
2833,30•ª,6.08
2834,2023/5/30 1:00,6.08
2835,30•ª,6.08
2836,2023/5/30 2:00,6.08
2837,30•ª,6.08
2838,2023/5/30 3:00,6.08
2839,30•ª,6.08
2840,2023/5/30 4:00,6.08
2841,30•ª,6.08
2842,2023/5/30 5:00,6.08
2843,30•ª,6.08
2844,2023/5/30 6:00,6.08
2845,30•ª,6.08
2846,2023/5/30 7:00,14.495
2847,30•ª,14.495
2848,2023/5/30 8:00,14.495
2849,30•ª,14.495
2850,2023/5/30 9:00,14.495
2851,30•ª,14.495
2852,2023/5/30 10:00,14.495
2853,30•ª,14.495
2854,2023/5/30 11:00,14.495
2855,30•ª,14.495
2856,2023/5/30 12:00,14.495
2857,30•ª,14.495
2858,2023/5/30 13:00,14.495
2859,30•ª,14.495
2860,2023/5/30 14:00,14.495
2861,30•ª,14.495
2862,2023/5/30 15:00,14.495
2863,30•ª,14.495
2864,2023/5/30 16:00,14.495
2865,30•ª,14.495
2866,2023/5/30 17:00,14.495
2867,30•ª,14.495
2868,2023/5/30 18:00,14.495
2869,30•ª,14.495
2870,2023/5/30 19:00,14.495
2871,30•ª,14.495
2872,2023/5/30 20:00,14.495
2873,30•ª,14.495
2874,2023/5/30 21:00,14.495
2875,30•ª,14.495
2876,2023/5/30 22:00,14.495
2877,30•ª,14.495
2878,2023/5/30 23:00,14.495
2879,30•ª,14.495
2880,2023/5/31 0:00,6.08
2881,30•ª,6.08
2882,2023/5/31 1:00,6.08
2883,30•ª,6.08
2884,2023/5/31 2:00,6.08
2885,30•ª,6.08
2886,2023/5/31 3:00,6.08
2887,30•ª,6.08
2888,2023/5/31 4:00,6.08
2889,30•ª,6.08
2890,2023/5/31 5:00,6.08
2891,30•ª,6.08
2892,2023/5/31 6:00,6.08
2893,30•ª,6.08
2894,2023/5/31 7:00,14.495
2895,30•ª,14.495
2896,2023/5/31 8:00,14.495
2897,30•ª,14.495
2898,2023/5/31 9:00,14.495
2899,30•ª,14.495
2900,2023/5/31 10:00,14.495
2901,30•ª,14.495
2902,2023/5/31 11:00,14.495
2903,30•ª,14.495
2904,2023/5/31 12:00,14.495
2905,30•ª,14.495
2906,2023/5/31 13:00,14.495
2907,30•ª,14.495
2908,2023/5/31 14:00,14.495
2909,30•ª,14.495
2910,2023/5/31 15:00,14.495
2911,30•ª,14.495
2912,2023/5/31 16:00,14.495
2913,30•ª,14.495
2914,2023/5/31 17:00,14.495
2915,30•ª,14.495
2916,2023/5/31 18:00,14.495
2917,30•ª,14.495
2918,2023/5/31 19:00,14.495
2919,30•ª,14.495
2920,2023/5/31 20:00,14.495
2921,30•ª,14.495
2922,2023/5/31 21:00,14.495
2923,30•ª,14.495
2924,2023/5/31 22:00,14.495
2925,30•ª,14.495
2926,2023/5/31 23:00,14.495
2927,30•ª,14.495
2928,2023/6/1 0:00,6.08
2929,30•ª,6.08
2930,2023/6/1 1:00,6.08
2931,30•ª,6.08
2932,2023/6/1 2:00,6.08
2933,30•ª,6.08
2934,2023/6/1 3:00,6.08
2935,30•ª,6.08
2936,2023/6/1 4:00,6.08
2937,30•ª,6.08
2938,2023/6/1 5:00,6.08
2939,30•ª,6.08
2940,2023/6/1 6:00,6.08
2941,30•ª,6.08
2942,2023/6/1 7:00,14.495
2943,30•ª,14.495
2944,2023/6/1 8:00,14.495
2945,30•ª,14.495
2946,2023/6/1 9:00,14.495
2947,30•ª,14.495
2948,2023/6/1 10:00,14.495
2949,30•ª,14.495
2950,2023/6/1 11:00,14.495
2951,30•ª,14.495
2952,2023/6/1 12:00,14.495
2953,30•ª,14.495
2954,2023/6/1 13:00,14.495
2955,30•ª,14.495
2956,2023/6/1 14:00,14.495
2957,30•ª,14.495
2958,2023/6/1 15:00,14.495
2959,30•ª,14.495
2960,2023/6/1 16:00,14.495
2961,30•ª,14.495
2962,2023/6/1 17:00,14.495
2963,30•ª,14.495
2964,2023/6/1 18:00,14.495
2965,30•ª,14.495
2966,2023/6/1 19:00,14.495
2967,30•ª,14.495
2968,2023/6/1 20:00,14.495
2969,30•ª,14.495
2970,2023/6/1 21:00,14.495
2971,30•ª,14.495
2972,2023/6/1 22:00,14.495
2973,30•ª,14.495
2974,2023/6/1 23:00,14.495
2975,30•ª,14.495
2976,2023/6/2 0:00,6.08
2977,30•ª,6.08
2978,2023/6/2 1:00,6.08
2979,30•ª,6.08
2980,2023/6/2 2:00,6.08
2981,30•ª,6.08
2982,2023/6/2 3:00,6.08
2983,30•ª,6.08
2984,2023/6/2 4:00,6.08
2985,30•ª,6.08
2986,2023/6/2 5:00,6.08
2987,30•ª,6.08
2988,2023/6/2 6:00,6.08
2989,30•ª,6.08
2990,2023/6/2 7:00,14.495
2991,30•ª,14.495
2992,2023/6/2 8:00,14.495
2993,30•ª,14.495
2994,2023/6/2 9:00,14.495
2995,30•ª,14.495
2996,2023/6/2 10:00,14.495
2997,30•ª,14.495
2998,2023/6/2 11:00,14.495
2999,30•ª,14.495
3000,2023/6/2 12:00,14.495
3001,30•ª,14.495
3002,2023/6/2 13:00,14.495
3003,30•ª,14.495
3004,2023/6/2 14:00,14.495
3005,30•ª,14.495
3006,2023/6/2 15:00,14.495
3007,30•ª,14.495
3008,2023/6/2 16:00,14.495
3009,30•ª,14.495
3010,2023/6/2 17:00,14.495
3011,30•ª,14.495
3012,2023/6/2 18:00,14.495
3013,30•ª,14.495
3014,2023/6/2 19:00,14.495
3015,30•ª,14.495
3016,2023/6/2 20:00,14.495
3017,30•ª,14.495
3018,2023/6/2 21:00,14.495
3019,30•ª,14.495
3020,2023/6/2 22:00,14.495
3021,30•ª,14.495
3022,2023/6/2 23:00,14.495
3023,30•ª,14.495
3024,2023/6/3 0:00,6.08
3025,30•ª,6.08
3026,2023/6/3 1:00,6.08
3027,30•ª,6.08
3028,2023/6/3 2:00,6.08
3029,30•ª,6.08
3030,2023/6/3 3:00,6.08
3031,30•ª,6.08
3032,2023/6/3 4:00,6.08
3033,30•ª,6.08
3034,2023/6/3 5:00,6.08
3035,30•ª,6.08
3036,2023/6/3 6:00,6.08
3037,30•ª,6.08
3038,2023/6/3 7:00,14.495
3039,30•ª,14.495
3040,2023/6/3 8:00,14.495
3041,30•ª,14.495
3042,2023/6/3 9:00,14.495
3043,30•ª,14.495
3044,2023/6/3 10:00,14.495
3045,30•ª,14.495
3046,2023/6/3 11:00,14.495
3047,30•ª,14.495
3048,2023/6/3 12:00,14.495
3049,30•ª,14.495
3050,2023/6/3 13:00,14.495
3051,30•ª,14.495
3052,2023/6/3 14:00,14.495
3053,30•ª,14.495
3054,2023/6/3 15:00,14.495
3055,30•ª,14.495
3056,2023/6/3 16:00,14.495
3057,30•ª,14.495
3058,2023/6/3 17:00,14.495
3059,30•ª,14.495
3060,2023/6/3 18:00,14.495
3061,30•ª,14.495
3062,2023/6/3 19:00,14.495
3063,30•ª,14.495
3064,2023/6/3 20:00,14.495
3065,30•ª,14.495
3066,2023/6/3 21:00,14.495
3067,30•ª,14.495
3068,2023/6/3 22:00,14.495
3069,30•ª,14.495
3070,2023/6/3 23:00,14.495
3071,30•ª,14.495
3072,2023/6/4 0:00,6.08
3073,30•ª,6.08
3074,2023/6/4 1:00,6.08
3075,30•ª,6.08
3076,2023/6/4 2:00,6.08
3077,30•ª,6.08
3078,2023/6/4 3:00,6.08
3079,30•ª,6.08
3080,2023/6/4 4:00,6.08
3081,30•ª,6.08
3082,2023/6/4 5:00,6.08
3083,30•ª,6.08
3084,2023/6/4 6:00,6.08
3085,30•ª,6.08
3086,2023/6/4 7:00,14.495
3087,30•ª,14.495
3088,2023/6/4 8:00,14.495
3089,30•ª,14.495
3090,2023/6/4 9:00,14.495
3091,30•ª,14.495
3092,2023/6/4 10:00,14.495
3093,30•ª,14.495
3094,2023/6/4 11:00,14.495
3095,30•ª,14.495
3096,2023/6/4 12:00,14.495
3097,30•ª,14.495
3098,2023/6/4 13:00,14.495
3099,30•ª,14.495
3100,2023/6/4 14:00,14.495
3101,30•ª,14.495
3102,2023/6/4 15:00,14.495
3103,30•ª,14.495
3104,2023/6/4 16:00,14.495
3105,30•ª,14.495
3106,2023/6/4 17:00,14.495
3107,30•ª,14.495
3108,2023/6/4 18:00,14.495
3109,30•ª,14.495
3110,2023/6/4 19:00,14.495
3111,30•ª,14.495
3112,2023/6/4 20:00,14.495
3113,30•ª,14.495
3114,2023/6/4 21:00,14.495
3115,30•ª,14.495
3116,2023/6/4 22:00,14.495
3117,30•ª,14.495
3118,2023/6/4 23:00,14.495
3119,30•ª,14.495
3120,2023/6/5 0:00,6.08
3121,30•ª,6.08
3122,2023/6/5 1:00,6.08
3123,30•ª,6.08
3124,2023/6/5 2:00,6.08
3125,30•ª,6.08
3126,2023/6/5 3:00,6.08
3127,30•ª,6.08
3128,2023/6/5 4:00,6.08
3129,30•ª,6.08
3130,2023/6/5 5:00,6.08
3131,30•ª,6.08
3132,2023/6/5 6:00,6.08
3133,30•ª,6.08
3134,2023/6/5 7:00,14.495
3135,30•ª,14.495
3136,2023/6/5 8:00,14.495
3137,30•ª,14.495
3138,2023/6/5 9:00,14.495
3139,30•ª,14.495
3140,2023/6/5 10:00,14.495
3141,30•ª,14.495
3142,2023/6/5 11:00,14.495
3143,30•ª,14.495
3144,2023/6/5 12:00,14.495
3145,30•ª,14.495
3146,2023/6/5 13:00,14.495
3147,30•ª,14.495
3148,2023/6/5 14:00,14.495
3149,30•ª,14.495
3150,2023/6/5 15:00,14.495
3151,30•ª,14.495
3152,2023/6/5 16:00,14.495
3153,30•ª,14.495
3154,2023/6/5 17:00,14.495
3155,30•ª,14.495
3156,2023/6/5 18:00,14.495
3157,30•ª,14.495
3158,2023/6/5 19:00,14.495
3159,30•ª,14.495
3160,2023/6/5 20:00,14.495
3161,30•ª,14.495
3162,2023/6/5 21:00,14.495
3163,30•ª,14.495
3164,2023/6/5 22:00,14.495
3165,30•ª,14.495
3166,2023/6/5 23:00,14.495
3167,30•ª,14.495
3168,2023/6/6 0:00,6.08
3169,30•ª,6.08
3170,2023/6/6 1:00,6.08
3171,30•ª,6.08
3172,2023/6/6 2:00,6.08
3173,30•ª,6.08
3174,2023/6/6 3:00,6.08
3175,30•ª,6.08
3176,2023/6/6 4:00,6.08
3177,30•ª,6.08
3178,2023/6/6 5:00,6.08
3179,30•ª,6.08
3180,2023/6/6 6:00,6.08
3181,30•ª,6.08
3182,2023/6/6 7:00,14.495
3183,30•ª,14.495
3184,2023/6/6 8:00,14.495
3185,30•ª,14.495
3186,2023/6/6 9:00,14.495
3187,30•ª,14.495
3188,2023/6/6 10:00,14.495
3189,30•ª,14.495
3190,2023/6/6 11:00,14.495
3191,30•ª,14.495
3192,2023/6/6 12:00,14.495
3193,30•ª,14.495
3194,2023/6/6 13:00,14.495
3195,30•ª,14.495
3196,2023/6/6 14:00,14.495
3197,30•ª,14.495
3198,2023/6/6 15:00,14.495
3199,30•ª,14.495
3200,2023/6/6 16:00,14.495
3201,30•ª,14.495
3202,2023/6/6 17:00,14.495
3203,30•ª,14.495
3204,2023/6/6 18:00,14.495
3205,30•ª,14.495
3206,2023/6/6 19:00,14.495
3207,30•ª,14.495
3208,2023/6/6 20:00,14.495
3209,30•ª,14.495
3210,2023/6/6 21:00,14.495
3211,30•ª,14.495
3212,2023/6/6 22:00,14.495
3213,30•ª,14.495
3214,2023/6/6 23:00,14.495
3215,30•ª,14.495
3216,2023/6/7 0:00,6.08
3217,30•ª,6.08
3218,2023/6/7 1:00,6.08
3219,30•ª,6.08
3220,2023/6/7 2:00,6.08
3221,30•ª,6.08
3222,2023/6/7 3:00,6.08
3223,30•ª,6.08
3224,2023/6/7 4:00,6.08
3225,30•ª,6.08
3226,2023/6/7 5:00,6.08
3227,30•ª,6.08
3228,2023/6/7 6:00,6.08
3229,30•ª,6.08
3230,2023/6/7 7:00,14.495
3231,30•ª,14.495
3232,2023/6/7 8:00,14.495
3233,30•ª,14.495
3234,2023/6/7 9:00,14.495
3235,30•ª,14.495
3236,2023/6/7 10:00,14.495
3237,30•ª,14.495
3238,2023/6/7 11:00,14.495
3239,30•ª,14.495
3240,2023/6/7 12:00,14.495
3241,30•ª,14.495
3242,2023/6/7 13:00,14.495
3243,30•ª,14.495
3244,2023/6/7 14:00,14.495
3245,30•ª,14.495
3246,2023/6/7 15:00,14.495
3247,30•ª,14.495
3248,2023/6/7 16:00,14.495
3249,30•ª,14.495
3250,2023/6/7 17:00,14.495
3251,30•ª,14.495
3252,2023/6/7 18:00,14.495
3253,30•ª,14.495
3254,2023/6/7 19:00,14.495
3255,30•ª,14.495
3256,2023/6/7 20:00,14.495
3257,30•ª,14.495
3258,2023/6/7 21:00,14.495
3259,30•ª,14.495
3260,2023/6/7 22:00,14.495
3261,30•ª,14.495
3262,2023/6/7 23:00,14.495
3263,30•ª,14.495
3264,2023/6/8 0:00,6.08
3265,30•ª,6.08
3266,2023/6/8 1:00,6.08
3267,30•ª,6.08
3268,2023/6/8 2:00,6.08
3269,30•ª,6.08
3270,2023/6/8 3:00,6.08
3271,30•ª,6.08
3272,2023/6/8 4:00,6.08
3273,30•ª,6.08
3274,2023/6/8 5:00,6.08
3275,30•ª,6.08
3276,2023/6/8 6:00,6.08
3277,30•ª,6.08
3278,2023/6/8 7:00,14.495
3279,30•ª,14.495
3280,2023/6/8 8:00,14.495
3281,30•ª,14.495
3282,2023/6/8 9:00,14.495
3283,30•ª,14.495
3284,2023/6/8 10:00,14.495
3285,30•ª,14.495
3286,2023/6/8 11:00,14.495
3287,30•ª,14.495
3288,2023/6/8 12:00,14.495
3289,30•ª,14.495
3290,2023/6/8 13:00,14.495
3291,30•ª,14.495
3292,2023/6/8 14:00,14.495
3293,30•ª,14.495
3294,2023/6/8 15:00,14.495
3295,30•ª,14.495
3296,2023/6/8 16:00,14.495
3297,30•ª,14.495
3298,2023/6/8 17:00,14.495
3299,30•ª,14.495
3300,2023/6/8 18:00,14.495
3301,30•ª,14.495
3302,2023/6/8 19:00,14.495
3303,30•ª,14.495
3304,2023/6/8 20:00,14.495
3305,30•ª,14.495
3306,2023/6/8 21:00,14.495
3307,30•ª,14.495
3308,2023/6/8 22:00,14.495
3309,30•ª,14.495
3310,2023/6/8 23:00,14.495
3311,30•ª,14.495
3312,2023/6/9 0:00,6.08
3313,30•ª,6.08
3314,2023/6/9 1:00,6.08
3315,30•ª,6.08
3316,2023/6/9 2:00,6.08
3317,30•ª,6.08
3318,2023/6/9 3:00,6.08
3319,30•ª,6.08
3320,2023/6/9 4:00,6.08
3321,30•ª,6.08
3322,2023/6/9 5:00,6.08
3323,30•ª,6.08
3324,2023/6/9 6:00,6.08
3325,30•ª,6.08
3326,2023/6/9 7:00,14.495
3327,30•ª,14.495
3328,2023/6/9 8:00,14.495
3329,30•ª,14.495
3330,2023/6/9 9:00,14.495
3331,30•ª,14.495
3332,2023/6/9 10:00,14.495
3333,30•ª,14.495
3334,2023/6/9 11:00,14.495
3335,30•ª,14.495
3336,2023/6/9 12:00,14.495
3337,30•ª,14.495
3338,2023/6/9 13:00,14.495
3339,30•ª,14.495
3340,2023/6/9 14:00,14.495
3341,30•ª,14.495
3342,2023/6/9 15:00,14.495
3343,30•ª,14.495
3344,2023/6/9 16:00,14.495
3345,30•ª,14.495
3346,2023/6/9 17:00,14.495
3347,30•ª,14.495
3348,2023/6/9 18:00,14.495
3349,30•ª,14.495
3350,2023/6/9 19:00,14.495
3351,30•ª,14.495
3352,2023/6/9 20:00,14.495
3353,30•ª,14.495
3354,2023/6/9 21:00,14.495
3355,30•ª,14.495
3356,2023/6/9 22:00,14.495
3357,30•ª,14.495
3358,2023/6/9 23:00,14.495
3359,30•ª,14.495
3360,2023/6/10 0:00,6.08
3361,30•ª,6.08
3362,2023/6/10 1:00,6.08
3363,30•ª,6.08
3364,2023/6/10 2:00,6.08
3365,30•ª,6.08
3366,2023/6/10 3:00,6.08
3367,30•ª,6.08
3368,2023/6/10 4:00,6.08
3369,30•ª,6.08
3370,2023/6/10 5:00,6.08
3371,30•ª,6.08
3372,2023/6/10 6:00,6.08
3373,30•ª,6.08
3374,2023/6/10 7:00,14.495
3375,30•ª,14.495
3376,2023/6/10 8:00,14.495
3377,30•ª,14.495
3378,2023/6/10 9:00,14.495
3379,30•ª,14.495
3380,2023/6/10 10:00,14.495
3381,30•ª,14.495
3382,2023/6/10 11:00,14.495
3383,30•ª,14.495
3384,2023/6/10 12:00,14.495
3385,30•ª,14.495
3386,2023/6/10 13:00,14.495
3387,30•ª,14.495
3388,2023/6/10 14:00,14.495
3389,30•ª,14.495
3390,2023/6/10 15:00,14.495
3391,30•ª,14.495
3392,2023/6/10 16:00,14.495
3393,30•ª,14.495
3394,2023/6/10 17:00,14.495
3395,30•ª,14.495
3396,2023/6/10 18:00,14.495
3397,30•ª,14.495
3398,2023/6/10 19:00,14.495
3399,30•ª,14.495
3400,2023/6/10 20:00,14.495
3401,30•ª,14.495
3402,2023/6/10 21:00,14.495
3403,30•ª,14.495
3404,2023/6/10 22:00,14.495
3405,30•ª,14.495
3406,2023/6/10 23:00,14.495
3407,30•ª,14.495
3408,2023/6/11 0:00,6.08
3409,30•ª,6.08
3410,2023/6/11 1:00,6.08
3411,30•ª,6.08
3412,2023/6/11 2:00,6.08
3413,30•ª,6.08
3414,2023/6/11 3:00,6.08
3415,30•ª,6.08
3416,2023/6/11 4:00,6.08
3417,30•ª,6.08
3418,2023/6/11 5:00,6.08
3419,30•ª,6.08
3420,2023/6/11 6:00,6.08
3421,30•ª,6.08
3422,2023/6/11 7:00,14.495
3423,30•ª,14.495
3424,2023/6/11 8:00,14.495
3425,30•ª,14.495
3426,2023/6/11 9:00,14.495
3427,30•ª,14.495
3428,2023/6/11 10:00,14.495
3429,30•ª,14.495
3430,2023/6/11 11:00,14.495
3431,30•ª,14.495
3432,2023/6/11 12:00,14.495
3433,30•ª,14.495
3434,2023/6/11 13:00,14.495
3435,30•ª,14.495
3436,2023/6/11 14:00,14.495
3437,30•ª,14.495
3438,2023/6/11 15:00,14.495
3439,30•ª,14.495
3440,2023/6/11 16:00,14.495
3441,30•ª,14.495
3442,2023/6/11 17:00,14.495
3443,30•ª,14.495
3444,2023/6/11 18:00,14.495
3445,30•ª,14.495
3446,2023/6/11 19:00,14.495
3447,30•ª,14.495
3448,2023/6/11 20:00,14.495
3449,30•ª,14.495
3450,2023/6/11 21:00,14.495
3451,30•ª,14.495
3452,2023/6/11 22:00,14.495
3453,30•ª,14.495
3454,2023/6/11 23:00,14.495
3455,30•ª,14.495
3456,2023/6/12 0:00,6.08
3457,30•ª,6.08
3458,2023/6/12 1:00,6.08
3459,30•ª,6.08
3460,2023/6/12 2:00,6.08
3461,30•ª,6.08
3462,2023/6/12 3:00,6.08
3463,30•ª,6.08
3464,2023/6/12 4:00,6.08
3465,30•ª,6.08
3466,2023/6/12 5:00,6.08
3467,30•ª,6.08
3468,2023/6/12 6:00,6.08
3469,30•ª,6.08
3470,2023/6/12 7:00,14.495
3471,30•ª,14.495
3472,2023/6/12 8:00,14.495
3473,30•ª,14.495
3474,2023/6/12 9:00,14.495
3475,30•ª,14.495
3476,2023/6/12 10:00,14.495
3477,30•ª,14.495
3478,2023/6/12 11:00,14.495
3479,30•ª,14.495
3480,2023/6/12 12:00,14.495
3481,30•ª,14.495
3482,2023/6/12 13:00,14.495
3483,30•ª,14.495
3484,2023/6/12 14:00,14.495
3485,30•ª,14.495
3486,2023/6/12 15:00,14.495
3487,30•ª,14.495
3488,2023/6/12 16:00,14.495
3489,30•ª,14.495
3490,2023/6/12 17:00,14.495
3491,30•ª,14.495
3492,2023/6/12 18:00,14.495
3493,30•ª,14.495
3494,2023/6/12 19:00,14.495
3495,30•ª,14.495
3496,2023/6/12 20:00,14.495
3497,30•ª,14.495
3498,2023/6/12 21:00,14.495
3499,30•ª,14.495
3500,2023/6/12 22:00,14.495
3501,30•ª,14.495
3502,2023/6/12 23:00,14.495
3503,30•ª,14.495
3504,2023/6/13 0:00,6.08
3505,30•ª,6.08
3506,2023/6/13 1:00,6.08
3507,30•ª,6.08
3508,2023/6/13 2:00,6.08
3509,30•ª,6.08
3510,2023/6/13 3:00,6.08
3511,30•ª,6.08
3512,2023/6/13 4:00,6.08
3513,30•ª,6.08
3514,2023/6/13 5:00,6.08
3515,30•ª,6.08
3516,2023/6/13 6:00,6.08
3517,30•ª,6.08
3518,2023/6/13 7:00,14.495
3519,30•ª,14.495
3520,2023/6/13 8:00,14.495
3521,30•ª,14.495
3522,2023/6/13 9:00,14.495
3523,30•ª,14.495
3524,2023/6/13 10:00,14.495
3525,30•ª,14.495
3526,2023/6/13 11:00,14.495
3527,30•ª,14.495
3528,2023/6/13 12:00,14.495
3529,30•ª,14.495
3530,2023/6/13 13:00,14.495
3531,30•ª,14.495
3532,2023/6/13 14:00,14.495
3533,30•ª,14.495
3534,2023/6/13 15:00,14.495
3535,30•ª,14.495
3536,2023/6/13 16:00,14.495
3537,30•ª,14.495
3538,2023/6/13 17:00,14.495
3539,30•ª,14.495
3540,2023/6/13 18:00,14.495
3541,30•ª,14.495
3542,2023/6/13 19:00,14.495
3543,30•ª,14.495
3544,2023/6/13 20:00,14.495
3545,30•ª,14.495
3546,2023/6/13 21:00,14.495
3547,30•ª,14.495
3548,2023/6/13 22:00,14.495
3549,30•ª,14.495
3550,2023/6/13 23:00,14.495
3551,30•ª,14.495
3552,2023/6/14 0:00,6.08
3553,30•ª,6.08
3554,2023/6/14 1:00,6.08
3555,30•ª,6.08
3556,2023/6/14 2:00,6.08
3557,30•ª,6.08
3558,2023/6/14 3:00,6.08
3559,30•ª,6.08
3560,2023/6/14 4:00,6.08
3561,30•ª,6.08
3562,2023/6/14 5:00,6.08
3563,30•ª,6.08
3564,2023/6/14 6:00,6.08
3565,30•ª,6.08
3566,2023/6/14 7:00,14.495
3567,30•ª,14.495
3568,2023/6/14 8:00,14.495
3569,30•ª,14.495
3570,2023/6/14 9:00,14.495
3571,30•ª,14.495
3572,2023/6/14 10:00,14.495
3573,30•ª,14.495
3574,2023/6/14 11:00,14.495
3575,30•ª,14.495
3576,2023/6/14 12:00,14.495
3577,30•ª,14.495
3578,2023/6/14 13:00,14.495
3579,30•ª,14.495
3580,2023/6/14 14:00,14.495
3581,30•ª,14.495
3582,2023/6/14 15:00,14.495
3583,30•ª,14.495
3584,2023/6/14 16:00,14.495
3585,30•ª,14.495
3586,2023/6/14 17:00,14.495
3587,30•ª,14.495
3588,2023/6/14 18:00,14.495
3589,30•ª,14.495
3590,2023/6/14 19:00,14.495
3591,30•ª,14.495
3592,2023/6/14 20:00,14.495
3593,30•ª,14.495
3594,2023/6/14 21:00,14.495
3595,30•ª,14.495
3596,2023/6/14 22:00,14.495
3597,30•ª,14.495
3598,2023/6/14 23:00,14.495
3599,30•ª,14.495
3600,2023/6/15 0:00,6.08
3601,30•ª,6.08
3602,2023/6/15 1:00,6.08
3603,30•ª,6.08
3604,2023/6/15 2:00,6.08
3605,30•ª,6.08
3606,2023/6/15 3:00,6.08
3607,30•ª,6.08
3608,2023/6/15 4:00,6.08
3609,30•ª,6.08
3610,2023/6/15 5:00,6.08
3611,30•ª,6.08
3612,2023/6/15 6:00,6.08
3613,30•ª,6.08
3614,2023/6/15 7:00,14.495
3615,30•ª,14.495
3616,2023/6/15 8:00,14.495
3617,30•ª,14.495
3618,2023/6/15 9:00,14.495
3619,30•ª,14.495
3620,2023/6/15 10:00,14.495
3621,30•ª,14.495
3622,2023/6/15 11:00,14.495
3623,30•ª,14.495
3624,2023/6/15 12:00,14.495
3625,30•ª,14.495
3626,2023/6/15 13:00,14.495
3627,30•ª,14.495
3628,2023/6/15 14:00,14.495
3629,30•ª,14.495
3630,2023/6/15 15:00,14.495
3631,30•ª,14.495
3632,2023/6/15 16:00,14.495
3633,30•ª,14.495
3634,2023/6/15 17:00,14.495
3635,30•ª,14.495
3636,2023/6/15 18:00,14.495
3637,30•ª,14.495
3638,2023/6/15 19:00,14.495
3639,30•ª,14.495
3640,2023/6/15 20:00,14.495
3641,30•ª,14.495
3642,2023/6/15 21:00,14.495
3643,30•ª,14.495
3644,2023/6/15 22:00,14.495
3645,30•ª,14.495
3646,2023/6/15 23:00,14.495
3647,30•ª,14.495
3648,2023/6/16 0:00,6.08
3649,30•ª,6.08
3650,2023/6/16 1:00,6.08
3651,30•ª,6.08
3652,2023/6/16 2:00,6.08
3653,30•ª,6.08
3654,2023/6/16 3:00,6.08
3655,30•ª,6.08
3656,2023/6/16 4:00,6.08
3657,30•ª,6.08
3658,2023/6/16 5:00,6.08
3659,30•ª,6.08
3660,2023/6/16 6:00,6.08
3661,30•ª,6.08
3662,2023/6/16 7:00,14.495
3663,30•ª,14.495
3664,2023/6/16 8:00,14.495
3665,30•ª,14.495
3666,2023/6/16 9:00,14.495
3667,30•ª,14.495
3668,2023/6/16 10:00,14.495
3669,30•ª,14.495
3670,2023/6/16 11:00,14.495
3671,30•ª,14.495
3672,2023/6/16 12:00,14.495
3673,30•ª,14.495
3674,2023/6/16 13:00,14.495
3675,30•ª,14.495
3676,2023/6/16 14:00,14.495
3677,30•ª,14.495
3678,2023/6/16 15:00,14.495
3679,30•ª,14.495
3680,2023/6/16 16:00,14.495
3681,30•ª,14.495
3682,2023/6/16 17:00,14.495
3683,30•ª,14.495
3684,2023/6/16 18:00,14.495
3685,30•ª,14.495
3686,2023/6/16 19:00,14.495
3687,30•ª,14.495
3688,2023/6/16 20:00,14.495
3689,30•ª,14.495
3690,2023/6/16 21:00,14.495
3691,30•ª,14.495
3692,2023/6/16 22:00,14.495
3693,30•ª,14.495
3694,2023/6/16 23:00,14.495
3695,30•ª,14.495
3696,2023/6/17 0:00,6.08
3697,30•ª,6.08
3698,2023/6/17 1:00,6.08
3699,30•ª,6.08
3700,2023/6/17 2:00,6.08
3701,30•ª,6.08
3702,2023/6/17 3:00,6.08
3703,30•ª,6.08
3704,2023/6/17 4:00,6.08
3705,30•ª,6.08
3706,2023/6/17 5:00,6.08
3707,30•ª,6.08
3708,2023/6/17 6:00,6.08
3709,30•ª,6.08
3710,2023/6/17 7:00,14.495
3711,30•ª,14.495
3712,2023/6/17 8:00,14.495
3713,30•ª,14.495
3714,2023/6/17 9:00,14.495
3715,30•ª,14.495
3716,2023/6/17 10:00,14.495
3717,30•ª,14.495
3718,2023/6/17 11:00,14.495
3719,30•ª,14.495
3720,2023/6/17 12:00,14.495
3721,30•ª,14.495
3722,2023/6/17 13:00,14.495
3723,30•ª,14.495
3724,2023/6/17 14:00,14.495
3725,30•ª,14.495
3726,2023/6/17 15:00,14.495
3727,30•ª,14.495
3728,2023/6/17 16:00,14.495
3729,30•ª,14.495
3730,2023/6/17 17:00,14.495
3731,30•ª,14.495
3732,2023/6/17 18:00,14.495
3733,30•ª,14.495
3734,2023/6/17 19:00,14.495
3735,30•ª,14.495
3736,2023/6/17 20:00,14.495
3737,30•ª,14.495
3738,2023/6/17 21:00,14.495
3739,30•ª,14.495
3740,2023/6/17 22:00,14.495
3741,30•ª,14.495
3742,2023/6/17 23:00,14.495
3743,30•ª,14.495
3744,2023/6/18 0:00,6.08
3745,30•ª,6.08
3746,2023/6/18 1:00,6.08
3747,30•ª,6.08
3748,2023/6/18 2:00,6.08
3749,30•ª,6.08
3750,2023/6/18 3:00,6.08
3751,30•ª,6.08
3752,2023/6/18 4:00,6.08
3753,30•ª,6.08
3754,2023/6/18 5:00,6.08
3755,30•ª,6.08
3756,2023/6/18 6:00,6.08
3757,30•ª,6.08
3758,2023/6/18 7:00,14.495
3759,30•ª,14.495
3760,2023/6/18 8:00,14.495
3761,30•ª,14.495
3762,2023/6/18 9:00,14.495
3763,30•ª,14.495
3764,2023/6/18 10:00,14.495
3765,30•ª,14.495
3766,2023/6/18 11:00,14.495
3767,30•ª,14.495
3768,2023/6/18 12:00,14.495
3769,30•ª,14.495
3770,2023/6/18 13:00,14.495
3771,30•ª,14.495
3772,2023/6/18 14:00,14.495
3773,30•ª,14.495
3774,2023/6/18 15:00,14.495
3775,30•ª,14.495
3776,2023/6/18 16:00,14.495
3777,30•ª,14.495
3778,2023/6/18 17:00,14.495
3779,30•ª,14.495
3780,2023/6/18 18:00,14.495
3781,30•ª,14.495
3782,2023/6/18 19:00,14.495
3783,30•ª,14.495
3784,2023/6/18 20:00,14.495
3785,30•ª,14.495
3786,2023/6/18 21:00,14.495
3787,30•ª,14.495
3788,2023/6/18 22:00,14.495
3789,30•ª,14.495
3790,2023/6/18 23:00,14.495
3791,30•ª,14.495
3792,2023/6/19 0:00,6.08
3793,30•ª,6.08
3794,2023/6/19 1:00,6.08
3795,30•ª,6.08
3796,2023/6/19 2:00,6.08
3797,30•ª,6.08
3798,2023/6/19 3:00,6.08
3799,30•ª,6.08
3800,2023/6/19 4:00,6.08
3801,30•ª,6.08
3802,2023/6/19 5:00,6.08
3803,30•ª,6.08
3804,2023/6/19 6:00,6.08
3805,30•ª,6.08
3806,2023/6/19 7:00,14.495
3807,30•ª,14.495
3808,2023/6/19 8:00,14.495
3809,30•ª,14.495
3810,2023/6/19 9:00,14.495
3811,30•ª,14.495
3812,2023/6/19 10:00,14.495
3813,30•ª,14.495
3814,2023/6/19 11:00,14.495
3815,30•ª,14.495
3816,2023/6/19 12:00,14.495
3817,30•ª,14.495
3818,2023/6/19 13:00,14.495
3819,30•ª,14.495
3820,2023/6/19 14:00,14.495
3821,30•ª,14.495
3822,2023/6/19 15:00,14.495
3823,30•ª,14.495
3824,2023/6/19 16:00,14.495
3825,30•ª,14.495
3826,2023/6/19 17:00,14.495
3827,30•ª,14.495
3828,2023/6/19 18:00,14.495
3829,30•ª,14.495
3830,2023/6/19 19:00,14.495
3831,30•ª,14.495
3832,2023/6/19 20:00,14.495
3833,30•ª,14.495
3834,2023/6/19 21:00,14.495
3835,30•ª,14.495
3836,2023/6/19 22:00,14.495
3837,30•ª,14.495
3838,2023/6/19 23:00,14.495
3839,30•ª,14.495
3840,2023/6/20 0:00,6.08
3841,30•ª,6.08
3842,2023/6/20 1:00,6.08
3843,30•ª,6.08
3844,2023/6/20 2:00,6.08
3845,30•ª,6.08
3846,2023/6/20 3:00,6.08
3847,30•ª,6.08
3848,2023/6/20 4:00,6.08
3849,30•ª,6.08
3850,2023/6/20 5:00,6.08
3851,30•ª,6.08
3852,2023/6/20 6:00,6.08
3853,30•ª,6.08
3854,2023/6/20 7:00,14.495
3855,30•ª,14.495
3856,2023/6/20 8:00,14.495
3857,30•ª,14.495
3858,2023/6/20 9:00,14.495
3859,30•ª,14.495
3860,2023/6/20 10:00,14.495
3861,30•ª,14.495
3862,2023/6/20 11:00,14.495
3863,30•ª,14.495
3864,2023/6/20 12:00,14.495
3865,30•ª,14.495
3866,2023/6/20 13:00,14.495
3867,30•ª,14.495
3868,2023/6/20 14:00,14.495
3869,30•ª,14.495
3870,2023/6/20 15:00,14.495
3871,30•ª,14.495
3872,2023/6/20 16:00,14.495
3873,30•ª,14.495
3874,2023/6/20 17:00,14.495
3875,30•ª,14.495
3876,2023/6/20 18:00,14.495
3877,30•ª,14.495
3878,2023/6/20 19:00,14.495
3879,30•ª,14.495
3880,2023/6/20 20:00,14.495
3881,30•ª,14.495
3882,2023/6/20 21:00,14.495
3883,30•ª,14.495
3884,2023/6/20 22:00,14.495
3885,30•ª,14.495
3886,2023/6/20 23:00,14.495
3887,30•ª,14.495
3888,2023/6/21 0:00,6.08
3889,30•ª,6.08
3890,2023/6/21 1:00,6.08
3891,30•ª,6.08
3892,2023/6/21 2:00,6.08
3893,30•ª,6.08
3894,2023/6/21 3:00,6.08
3895,30•ª,6.08
3896,2023/6/21 4:00,6.08
3897,30•ª,6.08
3898,2023/6/21 5:00,6.08
3899,30•ª,6.08
3900,2023/6/21 6:00,6.08
3901,30•ª,6.08
3902,2023/6/21 7:00,14.495
3903,30•ª,14.495
3904,2023/6/21 8:00,14.495
3905,30•ª,14.495
3906,2023/6/21 9:00,14.495
3907,30•ª,14.495
3908,2023/6/21 10:00,14.495
3909,30•ª,14.495
3910,2023/6/21 11:00,14.495
3911,30•ª,14.495
3912,2023/6/21 12:00,14.495
3913,30•ª,14.495
3914,2023/6/21 13:00,14.495
3915,30•ª,14.495
3916,2023/6/21 14:00,14.495
3917,30•ª,14.495
3918,2023/6/21 15:00,14.495
3919,30•ª,14.495
3920,2023/6/21 16:00,14.495
3921,30•ª,14.495
3922,2023/6/21 17:00,14.495
3923,30•ª,14.495
3924,2023/6/21 18:00,14.495
3925,30•ª,14.495
3926,2023/6/21 19:00,14.495
3927,30•ª,14.495
3928,2023/6/21 20:00,14.495
3929,30•ª,14.495
3930,2023/6/21 21:00,14.495
3931,30•ª,14.495
3932,2023/6/21 22:00,14.495
3933,30•ª,14.495
3934,2023/6/21 23:00,14.495
3935,30•ª,14.495
3936,2023/6/22 0:00,6.08
3937,30•ª,6.08
3938,2023/6/22 1:00,6.08
3939,30•ª,6.08
3940,2023/6/22 2:00,6.08
3941,30•ª,6.08
3942,2023/6/22 3:00,6.08
3943,30•ª,6.08
3944,2023/6/22 4:00,6.08
3945,30•ª,6.08
3946,2023/6/22 5:00,6.08
3947,30•ª,6.08
3948,2023/6/22 6:00,6.08
3949,30•ª,6.08
3950,2023/6/22 7:00,14.495
3951,30•ª,14.495
3952,2023/6/22 8:00,14.495
3953,30•ª,14.495
3954,2023/6/22 9:00,14.495
3955,30•ª,14.495
3956,2023/6/22 10:00,14.495
3957,30•ª,14.495
3958,2023/6/22 11:00,14.495
3959,30•ª,14.495
3960,2023/6/22 12:00,14.495
3961,30•ª,14.495
3962,2023/6/22 13:00,14.495
3963,30•ª,14.495
3964,2023/6/22 14:00,14.495
3965,30•ª,14.495
3966,2023/6/22 15:00,14.495
3967,30•ª,14.495
3968,2023/6/22 16:00,14.495
3969,30•ª,14.495
3970,2023/6/22 17:00,14.495
3971,30•ª,14.495
3972,2023/6/22 18:00,14.495
3973,30•ª,14.495
3974,2023/6/22 19:00,14.495
3975,30•ª,14.495
3976,2023/6/22 20:00,14.495
3977,30•ª,14.495
3978,2023/6/22 21:00,14.495
3979,30•ª,14.495
3980,2023/6/22 22:00,14.495
3981,30•ª,14.495
3982,2023/6/22 23:00,14.495
3983,30•ª,14.495
3984,2023/6/23 0:00,6.08
3985,30•ª,6.08
3986,2023/6/23 1:00,6.08
3987,30•ª,6.08
3988,2023/6/23 2:00,6.08
3989,30•ª,6.08
3990,2023/6/23 3:00,6.08
3991,30•ª,6.08
3992,2023/6/23 4:00,6.08
3993,30•ª,6.08
3994,2023/6/23 5:00,6.08
3995,30•ª,6.08
3996,2023/6/23 6:00,6.08
3997,30•ª,6.08
3998,2023/6/23 7:00,14.495
3999,30•ª,14.495
4000,2023/6/23 8:00,14.495
4001,30•ª,14.495
4002,2023/6/23 9:00,14.495
4003,30•ª,14.495
4004,2023/6/23 10:00,14.495
4005,30•ª,14.495
4006,2023/6/23 11:00,14.495
4007,30•ª,14.495
4008,2023/6/23 12:00,14.495
4009,30•ª,14.495
4010,2023/6/23 13:00,14.495
4011,30•ª,14.495
4012,2023/6/23 14:00,14.495
4013,30•ª,14.495
4014,2023/6/23 15:00,14.495
4015,30•ª,14.495
4016,2023/6/23 16:00,14.495
4017,30•ª,14.495
4018,2023/6/23 17:00,14.495
4019,30•ª,14.495
4020,2023/6/23 18:00,14.495
4021,30•ª,14.495
4022,2023/6/23 19:00,14.495
4023,30•ª,14.495
4024,2023/6/23 20:00,14.495
4025,30•ª,14.495
4026,2023/6/23 21:00,14.495
4027,30•ª,14.495
4028,2023/6/23 22:00,14.495
4029,30•ª,14.495
4030,2023/6/23 23:00,14.495
4031,30•ª,14.495
4032,2023/6/24 0:00,6.08
4033,30•ª,6.08
4034,2023/6/24 1:00,6.08
4035,30•ª,6.08
4036,2023/6/24 2:00,6.08
4037,30•ª,6.08
4038,2023/6/24 3:00,6.08
4039,30•ª,6.08
4040,2023/6/24 4:00,6.08
4041,30•ª,6.08
4042,2023/6/24 5:00,6.08
4043,30•ª,6.08
4044,2023/6/24 6:00,6.08
4045,30•ª,6.08
4046,2023/6/24 7:00,14.495
4047,30•ª,14.495
4048,2023/6/24 8:00,14.495
4049,30•ª,14.495
4050,2023/6/24 9:00,14.495
4051,30•ª,14.495
4052,2023/6/24 10:00,14.495
4053,30•ª,14.495
4054,2023/6/24 11:00,14.495
4055,30•ª,14.495
4056,2023/6/24 12:00,14.495
4057,30•ª,14.495
4058,2023/6/24 13:00,14.495
4059,30•ª,14.495
4060,2023/6/24 14:00,14.495
4061,30•ª,14.495
4062,2023/6/24 15:00,14.495
4063,30•ª,14.495
4064,2023/6/24 16:00,14.495
4065,30•ª,14.495
4066,2023/6/24 17:00,14.495
4067,30•ª,14.495
4068,2023/6/24 18:00,14.495
4069,30•ª,14.495
4070,2023/6/24 19:00,14.495
4071,30•ª,14.495
4072,2023/6/24 20:00,14.495
4073,30•ª,14.495
4074,2023/6/24 21:00,14.495
4075,30•ª,14.495
4076,2023/6/24 22:00,14.495
4077,30•ª,14.495
4078,2023/6/24 23:00,14.495
4079,30•ª,14.495
4080,2023/6/25 0:00,6.08
4081,30•ª,6.08
4082,2023/6/25 1:00,6.08
4083,30•ª,6.08
4084,2023/6/25 2:00,6.08
4085,30•ª,6.08
4086,2023/6/25 3:00,6.08
4087,30•ª,6.08
4088,2023/6/25 4:00,6.08
4089,30•ª,6.08
4090,2023/6/25 5:00,6.08
4091,30•ª,6.08
4092,2023/6/25 6:00,6.08
4093,30•ª,6.08
4094,2023/6/25 7:00,14.495
4095,30•ª,14.495
4096,2023/6/25 8:00,14.495
4097,30•ª,14.495
4098,2023/6/25 9:00,14.495
4099,30•ª,14.495
4100,2023/6/25 10:00,14.495
4101,30•ª,14.495
4102,2023/6/25 11:00,14.495
4103,30•ª,14.495
4104,2023/6/25 12:00,14.495
4105,30•ª,14.495
4106,2023/6/25 13:00,14.495
4107,30•ª,14.495
4108,2023/6/25 14:00,14.495
4109,30•ª,14.495
4110,2023/6/25 15:00,14.495
4111,30•ª,14.495
4112,2023/6/25 16:00,14.495
4113,30•ª,14.495
4114,2023/6/25 17:00,14.495
4115,30•ª,14.495
4116,2023/6/25 18:00,14.495
4117,30•ª,14.495
4118,2023/6/25 19:00,14.495
4119,30•ª,14.495
4120,2023/6/25 20:00,14.495
4121,30•ª,14.495
4122,2023/6/25 21:00,14.495
4123,30•ª,14.495
4124,2023/6/25 22:00,14.495
4125,30•ª,14.495
4126,2023/6/25 23:00,14.495
4127,30•ª,14.495
4128,2023/6/26 0:00,6.08
4129,30•ª,6.08
4130,2023/6/26 1:00,6.08
4131,30•ª,6.08
4132,2023/6/26 2:00,6.08
4133,30•ª,6.08
4134,2023/6/26 3:00,6.08
4135,30•ª,6.08
4136,2023/6/26 4:00,6.08
4137,30•ª,6.08
4138,2023/6/26 5:00,6.08
4139,30•ª,6.08
4140,2023/6/26 6:00,6.08
4141,30•ª,6.08
4142,2023/6/26 7:00,14.495
4143,30•ª,14.495
4144,2023/6/26 8:00,14.495
4145,30•ª,14.495
4146,2023/6/26 9:00,14.495
4147,30•ª,14.495
4148,2023/6/26 10:00,14.495
4149,30•ª,14.495
4150,2023/6/26 11:00,14.495
4151,30•ª,14.495
4152,2023/6/26 12:00,14.495
4153,30•ª,14.495
4154,2023/6/26 13:00,14.495
4155,30•ª,14.495
4156,2023/6/26 14:00,14.495
4157,30•ª,14.495
4158,2023/6/26 15:00,14.495
4159,30•ª,14.495
4160,2023/6/26 16:00,14.495
4161,30•ª,14.495
4162,2023/6/26 17:00,14.495
4163,30•ª,14.495
4164,2023/6/26 18:00,14.495
4165,30•ª,14.495
4166,2023/6/26 19:00,14.495
4167,30•ª,14.495
4168,2023/6/26 20:00,14.495
4169,30•ª,14.495
4170,2023/6/26 21:00,14.495
4171,30•ª,14.495
4172,2023/6/26 22:00,14.495
4173,30•ª,14.495
4174,2023/6/26 23:00,14.495
4175,30•ª,14.495
4176,2023/6/27 0:00,6.08
4177,30•ª,6.08
4178,2023/6/27 1:00,6.08
4179,30•ª,6.08
4180,2023/6/27 2:00,6.08
4181,30•ª,6.08
4182,2023/6/27 3:00,6.08
4183,30•ª,6.08
4184,2023/6/27 4:00,6.08
4185,30•ª,6.08
4186,2023/6/27 5:00,6.08
4187,30•ª,6.08
4188,2023/6/27 6:00,6.08
4189,30•ª,6.08
4190,2023/6/27 7:00,14.495
4191,30•ª,14.495
4192,2023/6/27 8:00,14.495
4193,30•ª,14.495
4194,2023/6/27 9:00,14.495
4195,30•ª,14.495
4196,2023/6/27 10:00,14.495
4197,30•ª,14.495
4198,2023/6/27 11:00,14.495
4199,30•ª,14.495
4200,2023/6/27 12:00,14.495
4201,30•ª,14.495
4202,2023/6/27 13:00,14.495
4203,30•ª,14.495
4204,2023/6/27 14:00,14.495
4205,30•ª,14.495
4206,2023/6/27 15:00,14.495
4207,30•ª,14.495
4208,2023/6/27 16:00,14.495
4209,30•ª,14.495
4210,2023/6/27 17:00,14.495
4211,30•ª,14.495
4212,2023/6/27 18:00,14.495
4213,30•ª,14.495
4214,2023/6/27 19:00,14.495
4215,30•ª,14.495
4216,2023/6/27 20:00,14.495
4217,30•ª,14.495
4218,2023/6/27 21:00,14.495
4219,30•ª,14.495
4220,2023/6/27 22:00,14.495
4221,30•ª,14.495
4222,2023/6/27 23:00,14.495
4223,30•ª,14.495
4224,2023/6/28 0:00,6.08
4225,30•ª,6.08
4226,2023/6/28 1:00,6.08
4227,30•ª,6.08
4228,2023/6/28 2:00,6.08
4229,30•ª,6.08
4230,2023/6/28 3:00,6.08
4231,30•ª,6.08
4232,2023/6/28 4:00,6.08
4233,30•ª,6.08
4234,2023/6/28 5:00,6.08
4235,30•ª,6.08
4236,2023/6/28 6:00,6.08
4237,30•ª,6.08
4238,2023/6/28 7:00,14.495
4239,30•ª,14.495
4240,2023/6/28 8:00,14.495
4241,30•ª,14.495
4242,2023/6/28 9:00,14.495
4243,30•ª,14.495
4244,2023/6/28 10:00,14.495
4245,30•ª,14.495
4246,2023/6/28 11:00,14.495
4247,30•ª,14.495
4248,2023/6/28 12:00,14.495
4249,30•ª,14.495
4250,2023/6/28 13:00,14.495
4251,30•ª,14.495
4252,2023/6/28 14:00,14.495
4253,30•ª,14.495
4254,2023/6/28 15:00,14.495
4255,30•ª,14.495
4256,2023/6/28 16:00,14.495
4257,30•ª,14.495
4258,2023/6/28 17:00,14.495
4259,30•ª,14.495
4260,2023/6/28 18:00,14.495
4261,30•ª,14.495
4262,2023/6/28 19:00,14.495
4263,30•ª,14.495
4264,2023/6/28 20:00,14.495
4265,30•ª,14.495
4266,2023/6/28 21:00,14.495
4267,30•ª,14.495
4268,2023/6/28 22:00,14.495
4269,30•ª,14.495
4270,2023/6/28 23:00,14.495
4271,30•ª,14.495
4272,2023/6/29 0:00,6.08
4273,30•ª,6.08
4274,2023/6/29 1:00,6.08
4275,30•ª,6.08
4276,2023/6/29 2:00,6.08
4277,30•ª,6.08
4278,2023/6/29 3:00,6.08
4279,30•ª,6.08
4280,2023/6/29 4:00,6.08
4281,30•ª,6.08
4282,2023/6/29 5:00,6.08
4283,30•ª,6.08
4284,2023/6/29 6:00,6.08
4285,30•ª,6.08
4286,2023/6/29 7:00,14.495
4287,30•ª,14.495
4288,2023/6/29 8:00,14.495
4289,30•ª,14.495
4290,2023/6/29 9:00,14.495
4291,30•ª,14.495
4292,2023/6/29 10:00,14.495
4293,30•ª,14.495
4294,2023/6/29 11:00,14.495
4295,30•ª,14.495
4296,2023/6/29 12:00,14.495
4297,30•ª,14.495
4298,2023/6/29 13:00,14.495
4299,30•ª,14.495
4300,2023/6/29 14:00,14.495
4301,30•ª,14.495
4302,2023/6/29 15:00,14.495
4303,30•ª,14.495
4304,2023/6/29 16:00,14.495
4305,30•ª,14.495
4306,2023/6/29 17:00,14.495
4307,30•ª,14.495
4308,2023/6/29 18:00,14.495
4309,30•ª,14.495
4310,2023/6/29 19:00,14.495
4311,30•ª,14.495
4312,2023/6/29 20:00,14.495
4313,30•ª,14.495
4314,2023/6/29 21:00,14.495
4315,30•ª,14.495
4316,2023/6/29 22:00,14.495
4317,30•ª,14.495
4318,2023/6/29 23:00,14.495
4319,30•ª,14.495
4320,2023/6/30 0:00,6.08
4321,30•ª,6.08
4322,2023/6/30 1:00,6.08
4323,30•ª,6.08
4324,2023/6/30 2:00,6.08
4325,30•ª,6.08
4326,2023/6/30 3:00,6.08
4327,30•ª,6.08
4328,2023/6/30 4:00,6.08
4329,30•ª,6.08
4330,2023/6/30 5:00,6.08
4331,30•ª,6.08
4332,2023/6/30 6:00,6.08
4333,30•ª,6.08
4334,2023/6/30 7:00,14.495
4335,30•ª,14.495
4336,2023/6/30 8:00,14.495
4337,30•ª,14.495
4338,2023/6/30 9:00,14.495
4339,30•ª,14.495
4340,2023/6/30 10:00,14.495
4341,30•ª,14.495
4342,2023/6/30 11:00,14.495
4343,30•ª,14.495
4344,2023/6/30 12:00,14.495
4345,30•ª,14.495
4346,2023/6/30 13:00,14.495
4347,30•ª,14.495
4348,2023/6/30 14:00,14.495
4349,30•ª,14.495
4350,2023/6/30 15:00,14.495
4351,30•ª,14.495
4352,2023/6/30 16:00,14.495
4353,30•ª,14.495
4354,2023/6/30 17:00,14.495
4355,30•ª,14.495
4356,2023/6/30 18:00,14.495
4357,30•ª,14.495
4358,2023/6/30 19:00,14.495
4359,30•ª,14.495
4360,2023/6/30 20:00,14.495
4361,30•ª,14.495
4362,2023/6/30 21:00,14.495
4363,30•ª,14.495
4364,2023/6/30 22:00,14.495
4365,30•ª,14.495
4366,2023/6/30 23:00,14.495
4367,30•ª,14.495
4368,2023/7/1 0:00,6.08
4369,30•ª,6.08
4370,2023/7/1 1:00,6.08
4371,30•ª,6.08
4372,2023/7/1 2:00,6.08
4373,30•ª,6.08
4374,2023/7/1 3:00,6.08
4375,30•ª,6.08
4376,2023/7/1 4:00,6.08
4377,30•ª,6.08
4378,2023/7/1 5:00,6.08
4379,30•ª,6.08
4380,2023/7/1 6:00,6.08
4381,30•ª,6.08
4382,2023/7/1 7:00,14.495
4383,30•ª,14.495
4384,2023/7/1 8:00,14.495
4385,30•ª,14.495
4386,2023/7/1 9:00,14.495
4387,30•ª,14.495
4388,2023/7/1 10:00,14.495
4389,30•ª,14.495
4390,2023/7/1 11:00,14.495
4391,30•ª,14.495
4392,2023/7/1 12:00,14.495
4393,30•ª,14.495
4394,2023/7/1 13:00,14.495
4395,30•ª,14.495
4396,2023/7/1 14:00,27.34
4397,30•ª,27.34
4398,2023/7/1 15:00,27.34
4399,30•ª,27.34
4400,2023/7/1 16:00,14.495
4401,30•ª,14.495
4402,2023/7/1 17:00,14.495
4403,30•ª,14.495
4404,2023/7/1 18:00,14.495
4405,30•ª,14.495
4406,2023/7/1 19:00,14.495
4407,30•ª,14.495
4408,2023/7/1 20:00,14.495
4409,30•ª,14.495
4410,2023/7/1 21:00,14.495
4411,30•ª,14.495
4412,2023/7/1 22:00,14.495
4413,30•ª,14.495
4414,2023/7/1 23:00,14.495
4415,30•ª,14.495
4416,2023/7/2 0:00,6.08
4417,30•ª,6.08
4418,2023/7/2 1:00,6.08
4419,30•ª,6.08
4420,2023/7/2 2:00,6.08
4421,30•ª,6.08
4422,2023/7/2 3:00,6.08
4423,30•ª,6.08
4424,2023/7/2 4:00,6.08
4425,30•ª,6.08
4426,2023/7/2 5:00,6.08
4427,30•ª,6.08
4428,2023/7/2 6:00,6.08
4429,30•ª,6.08
4430,2023/7/2 7:00,14.495
4431,30•ª,14.495
4432,2023/7/2 8:00,14.495
4433,30•ª,14.495
4434,2023/7/2 9:00,14.495
4435,30•ª,14.495
4436,2023/7/2 10:00,14.495
4437,30•ª,14.495
4438,2023/7/2 11:00,14.495
4439,30•ª,14.495
4440,2023/7/2 12:00,14.495
4441,30•ª,14.495
4442,2023/7/2 13:00,14.495
4443,30•ª,14.495
4444,2023/7/2 14:00,27.34
4445,30•ª,27.34
4446,2023/7/2 15:00,27.34
4447,30•ª,27.34
4448,2023/7/2 16:00,14.495
4449,30•ª,14.495
4450,2023/7/2 17:00,14.495
4451,30•ª,14.495
4452,2023/7/2 18:00,14.495
4453,30•ª,14.495
4454,2023/7/2 19:00,14.495
4455,30•ª,14.495
4456,2023/7/2 20:00,14.495
4457,30•ª,14.495
4458,2023/7/2 21:00,14.495
4459,30•ª,14.495
4460,2023/7/2 22:00,14.495
4461,30•ª,14.495
4462,2023/7/2 23:00,14.495
4463,30•ª,14.495
4464,2023/7/3 0:00,6.08
4465,30•ª,6.08
4466,2023/7/3 1:00,6.08
4467,30•ª,6.08
4468,2023/7/3 2:00,6.08
4469,30•ª,6.08
4470,2023/7/3 3:00,6.08
4471,30•ª,6.08
4472,2023/7/3 4:00,6.08
4473,30•ª,6.08
4474,2023/7/3 5:00,6.08
4475,30•ª,6.08
4476,2023/7/3 6:00,6.08
4477,30•ª,6.08
4478,2023/7/3 7:00,14.495
4479,30•ª,14.495
4480,2023/7/3 8:00,14.495
4481,30•ª,14.495
4482,2023/7/3 9:00,14.495
4483,30•ª,14.495
4484,2023/7/3 10:00,14.495
4485,30•ª,14.495
4486,2023/7/3 11:00,14.495
4487,30•ª,14.495
4488,2023/7/3 12:00,14.495
4489,30•ª,14.495
4490,2023/7/3 13:00,14.495
4491,30•ª,14.495
4492,2023/7/3 14:00,27.34
4493,30•ª,27.34
4494,2023/7/3 15:00,27.34
4495,30•ª,27.34
4496,2023/7/3 16:00,14.495
4497,30•ª,14.495
4498,2023/7/3 17:00,14.495
4499,30•ª,14.495
4500,2023/7/3 18:00,14.495
4501,30•ª,14.495
4502,2023/7/3 19:00,14.495
4503,30•ª,14.495
4504,2023/7/3 20:00,14.495
4505,30•ª,14.495
4506,2023/7/3 21:00,14.495
4507,30•ª,14.495
4508,2023/7/3 22:00,14.495
4509,30•ª,14.495
4510,2023/7/3 23:00,14.495
4511,30•ª,14.495
4512,2023/7/4 0:00,6.08
4513,30•ª,6.08
4514,2023/7/4 1:00,6.08
4515,30•ª,6.08
4516,2023/7/4 2:00,6.08
4517,30•ª,6.08
4518,2023/7/4 3:00,6.08
4519,30•ª,6.08
4520,2023/7/4 4:00,6.08
4521,30•ª,6.08
4522,2023/7/4 5:00,6.08
4523,30•ª,6.08
4524,2023/7/4 6:00,6.08
4525,30•ª,6.08
4526,2023/7/4 7:00,14.495
4527,30•ª,14.495
4528,2023/7/4 8:00,14.495
4529,30•ª,14.495
4530,2023/7/4 9:00,14.495
4531,30•ª,14.495
4532,2023/7/4 10:00,14.495
4533,30•ª,14.495
4534,2023/7/4 11:00,14.495
4535,30•ª,14.495
4536,2023/7/4 12:00,14.495
4537,30•ª,14.495
4538,2023/7/4 13:00,14.495
4539,30•ª,14.495
4540,2023/7/4 14:00,27.34
4541,30•ª,27.34
4542,2023/7/4 15:00,27.34
4543,30•ª,27.34
4544,2023/7/4 16:00,14.495
4545,30•ª,14.495
4546,2023/7/4 17:00,14.495
4547,30•ª,14.495
4548,2023/7/4 18:00,14.495
4549,30•ª,14.495
4550,2023/7/4 19:00,14.495
4551,30•ª,14.495
4552,2023/7/4 20:00,14.495
4553,30•ª,14.495
4554,2023/7/4 21:00,14.495
4555,30•ª,14.495
4556,2023/7/4 22:00,14.495
4557,30•ª,14.495
4558,2023/7/4 23:00,14.495
4559,30•ª,14.495
4560,2023/7/5 0:00,6.08
4561,30•ª,6.08
4562,2023/7/5 1:00,6.08
4563,30•ª,6.08
4564,2023/7/5 2:00,6.08
4565,30•ª,6.08
4566,2023/7/5 3:00,6.08
4567,30•ª,6.08
4568,2023/7/5 4:00,6.08
4569,30•ª,6.08
4570,2023/7/5 5:00,6.08
4571,30•ª,6.08
4572,2023/7/5 6:00,6.08
4573,30•ª,6.08
4574,2023/7/5 7:00,14.495
4575,30•ª,14.495
4576,2023/7/5 8:00,14.495
4577,30•ª,14.495
4578,2023/7/5 9:00,14.495
4579,30•ª,14.495
4580,2023/7/5 10:00,14.495
4581,30•ª,14.495
4582,2023/7/5 11:00,14.495
4583,30•ª,14.495
4584,2023/7/5 12:00,14.495
4585,30•ª,14.495
4586,2023/7/5 13:00,14.495
4587,30•ª,14.495
4588,2023/7/5 14:00,27.34
4589,30•ª,27.34
4590,2023/7/5 15:00,27.34
4591,30•ª,27.34
4592,2023/7/5 16:00,14.495
4593,30•ª,14.495
4594,2023/7/5 17:00,14.495
4595,30•ª,14.495
4596,2023/7/5 18:00,14.495
4597,30•ª,14.495
4598,2023/7/5 19:00,14.495
4599,30•ª,14.495
4600,2023/7/5 20:00,14.495
4601,30•ª,14.495
4602,2023/7/5 21:00,14.495
4603,30•ª,14.495
4604,2023/7/5 22:00,14.495
4605,30•ª,14.495
4606,2023/7/5 23:00,14.495
4607,30•ª,14.495
4608,2023/7/6 0:00,6.08
4609,30•ª,6.08
4610,2023/7/6 1:00,6.08
4611,30•ª,6.08
4612,2023/7/6 2:00,6.08
4613,30•ª,6.08
4614,2023/7/6 3:00,6.08
4615,30•ª,6.08
4616,2023/7/6 4:00,6.08
4617,30•ª,6.08
4618,2023/7/6 5:00,6.08
4619,30•ª,6.08
4620,2023/7/6 6:00,6.08
4621,30•ª,6.08
4622,2023/7/6 7:00,14.495
4623,30•ª,14.495
4624,2023/7/6 8:00,14.495
4625,30•ª,14.495
4626,2023/7/6 9:00,14.495
4627,30•ª,14.495
4628,2023/7/6 10:00,14.495
4629,30•ª,14.495
4630,2023/7/6 11:00,14.495
4631,30•ª,14.495
4632,2023/7/6 12:00,14.495
4633,30•ª,14.495
4634,2023/7/6 13:00,14.495
4635,30•ª,14.495
4636,2023/7/6 14:00,27.34
4637,30•ª,27.34
4638,2023/7/6 15:00,27.34
4639,30•ª,27.34
4640,2023/7/6 16:00,14.495
4641,30•ª,14.495
4642,2023/7/6 17:00,14.495
4643,30•ª,14.495
4644,2023/7/6 18:00,14.495
4645,30•ª,14.495
4646,2023/7/6 19:00,14.495
4647,30•ª,14.495
4648,2023/7/6 20:00,14.495
4649,30•ª,14.495
4650,2023/7/6 21:00,14.495
4651,30•ª,14.495
4652,2023/7/6 22:00,14.495
4653,30•ª,14.495
4654,2023/7/6 23:00,14.495
4655,30•ª,14.495
4656,2023/7/7 0:00,6.08
4657,30•ª,6.08
4658,2023/7/7 1:00,6.08
4659,30•ª,6.08
4660,2023/7/7 2:00,6.08
4661,30•ª,6.08
4662,2023/7/7 3:00,6.08
4663,30•ª,6.08
4664,2023/7/7 4:00,6.08
4665,30•ª,6.08
4666,2023/7/7 5:00,6.08
4667,30•ª,6.08
4668,2023/7/7 6:00,6.08
4669,30•ª,6.08
4670,2023/7/7 7:00,14.495
4671,30•ª,14.495
4672,2023/7/7 8:00,14.495
4673,30•ª,14.495
4674,2023/7/7 9:00,14.495
4675,30•ª,14.495
4676,2023/7/7 10:00,14.495
4677,30•ª,14.495
4678,2023/7/7 11:00,14.495
4679,30•ª,14.495
4680,2023/7/7 12:00,14.495
4681,30•ª,14.495
4682,2023/7/7 13:00,14.495
4683,30•ª,14.495
4684,2023/7/7 14:00,27.34
4685,30•ª,27.34
4686,2023/7/7 15:00,27.34
4687,30•ª,27.34
4688,2023/7/7 16:00,14.495
4689,30•ª,14.495
4690,2023/7/7 17:00,14.495
4691,30•ª,14.495
4692,2023/7/7 18:00,14.495
4693,30•ª,14.495
4694,2023/7/7 19:00,14.495
4695,30•ª,14.495
4696,2023/7/7 20:00,14.495
4697,30•ª,14.495
4698,2023/7/7 21:00,14.495
4699,30•ª,14.495
4700,2023/7/7 22:00,14.495
4701,30•ª,14.495
4702,2023/7/7 23:00,14.495
4703,30•ª,14.495
4704,2023/7/8 0:00,6.08
4705,30•ª,6.08
4706,2023/7/8 1:00,6.08
4707,30•ª,6.08
4708,2023/7/8 2:00,6.08
4709,30•ª,6.08
4710,2023/7/8 3:00,6.08
4711,30•ª,6.08
4712,2023/7/8 4:00,6.08
4713,30•ª,6.08
4714,2023/7/8 5:00,6.08
4715,30•ª,6.08
4716,2023/7/8 6:00,6.08
4717,30•ª,6.08
4718,2023/7/8 7:00,14.495
4719,30•ª,14.495
4720,2023/7/8 8:00,14.495
4721,30•ª,14.495
4722,2023/7/8 9:00,14.495
4723,30•ª,14.495
4724,2023/7/8 10:00,14.495
4725,30•ª,14.495
4726,2023/7/8 11:00,14.495
4727,30•ª,14.495
4728,2023/7/8 12:00,14.495
4729,30•ª,14.495
4730,2023/7/8 13:00,14.495
4731,30•ª,14.495
4732,2023/7/8 14:00,27.34
4733,30•ª,27.34
4734,2023/7/8 15:00,27.34
4735,30•ª,27.34
4736,2023/7/8 16:00,14.495
4737,30•ª,14.495
4738,2023/7/8 17:00,14.495
4739,30•ª,14.495
4740,2023/7/8 18:00,14.495
4741,30•ª,14.495
4742,2023/7/8 19:00,14.495
4743,30•ª,14.495
4744,2023/7/8 20:00,14.495
4745,30•ª,14.495
4746,2023/7/8 21:00,14.495
4747,30•ª,14.495
4748,2023/7/8 22:00,14.495
4749,30•ª,14.495
4750,2023/7/8 23:00,14.495
4751,30•ª,14.495
4752,2023/7/9 0:00,6.08
4753,30•ª,6.08
4754,2023/7/9 1:00,6.08
4755,30•ª,6.08
4756,2023/7/9 2:00,6.08
4757,30•ª,6.08
4758,2023/7/9 3:00,6.08
4759,30•ª,6.08
4760,2023/7/9 4:00,6.08
4761,30•ª,6.08
4762,2023/7/9 5:00,6.08
4763,30•ª,6.08
4764,2023/7/9 6:00,6.08
4765,30•ª,6.08
4766,2023/7/9 7:00,14.495
4767,30•ª,14.495
4768,2023/7/9 8:00,14.495
4769,30•ª,14.495
4770,2023/7/9 9:00,14.495
4771,30•ª,14.495
4772,2023/7/9 10:00,14.495
4773,30•ª,14.495
4774,2023/7/9 11:00,14.495
4775,30•ª,14.495
4776,2023/7/9 12:00,14.495
4777,30•ª,14.495
4778,2023/7/9 13:00,14.495
4779,30•ª,14.495
4780,2023/7/9 14:00,27.34
4781,30•ª,27.34
4782,2023/7/9 15:00,27.34
4783,30•ª,27.34
4784,2023/7/9 16:00,14.495
4785,30•ª,14.495
4786,2023/7/9 17:00,14.495
4787,30•ª,14.495
4788,2023/7/9 18:00,14.495
4789,30•ª,14.495
4790,2023/7/9 19:00,14.495
4791,30•ª,14.495
4792,2023/7/9 20:00,14.495
4793,30•ª,14.495
4794,2023/7/9 21:00,14.495
4795,30•ª,14.495
4796,2023/7/9 22:00,14.495
4797,30•ª,14.495
4798,2023/7/9 23:00,14.495
4799,30•ª,14.495
4800,2023/7/10 0:00,6.08
4801,30•ª,6.08
4802,2023/7/10 1:00,6.08
4803,30•ª,6.08
4804,2023/7/10 2:00,6.08
4805,30•ª,6.08
4806,2023/7/10 3:00,6.08
4807,30•ª,6.08
4808,2023/7/10 4:00,6.08
4809,30•ª,6.08
4810,2023/7/10 5:00,6.08
4811,30•ª,6.08
4812,2023/7/10 6:00,6.08
4813,30•ª,6.08
4814,2023/7/10 7:00,14.495
4815,30•ª,14.495
4816,2023/7/10 8:00,14.495
4817,30•ª,14.495
4818,2023/7/10 9:00,14.495
4819,30•ª,14.495
4820,2023/7/10 10:00,14.495
4821,30•ª,14.495
4822,2023/7/10 11:00,14.495
4823,30•ª,14.495
4824,2023/7/10 12:00,14.495
4825,30•ª,14.495
4826,2023/7/10 13:00,14.495
4827,30•ª,14.495
4828,2023/7/10 14:00,27.34
4829,30•ª,27.34
4830,2023/7/10 15:00,27.34
4831,30•ª,27.34
4832,2023/7/10 16:00,14.495
4833,30•ª,14.495
4834,2023/7/10 17:00,14.495
4835,30•ª,14.495
4836,2023/7/10 18:00,14.495
4837,30•ª,14.495
4838,2023/7/10 19:00,14.495
4839,30•ª,14.495
4840,2023/7/10 20:00,14.495
4841,30•ª,14.495
4842,2023/7/10 21:00,14.495
4843,30•ª,14.495
4844,2023/7/10 22:00,14.495
4845,30•ª,14.495
4846,2023/7/10 23:00,14.495
4847,30•ª,14.495
4848,2023/7/11 0:00,6.08
4849,30•ª,6.08
4850,2023/7/11 1:00,6.08
4851,30•ª,6.08
4852,2023/7/11 2:00,6.08
4853,30•ª,6.08
4854,2023/7/11 3:00,6.08
4855,30•ª,6.08
4856,2023/7/11 4:00,6.08
4857,30•ª,6.08
4858,2023/7/11 5:00,6.08
4859,30•ª,6.08
4860,2023/7/11 6:00,6.08
4861,30•ª,6.08
4862,2023/7/11 7:00,14.495
4863,30•ª,14.495
4864,2023/7/11 8:00,14.495
4865,30•ª,14.495
4866,2023/7/11 9:00,14.495
4867,30•ª,14.495
4868,2023/7/11 10:00,14.495
4869,30•ª,14.495
4870,2023/7/11 11:00,14.495
4871,30•ª,14.495
4872,2023/7/11 12:00,14.495
4873,30•ª,14.495
4874,2023/7/11 13:00,14.495
4875,30•ª,14.495
4876,2023/7/11 14:00,27.34
4877,30•ª,27.34
4878,2023/7/11 15:00,27.34
4879,30•ª,27.34
4880,2023/7/11 16:00,14.495
4881,30•ª,14.495
4882,2023/7/11 17:00,14.495
4883,30•ª,14.495
4884,2023/7/11 18:00,14.495
4885,30•ª,14.495
4886,2023/7/11 19:00,14.495
4887,30•ª,14.495
4888,2023/7/11 20:00,14.495
4889,30•ª,14.495
4890,2023/7/11 21:00,14.495
4891,30•ª,14.495
4892,2023/7/11 22:00,14.495
4893,30•ª,14.495
4894,2023/7/11 23:00,14.495
4895,30•ª,14.495
4896,2023/7/12 0:00,6.08
4897,30•ª,6.08
4898,2023/7/12 1:00,6.08
4899,30•ª,6.08
4900,2023/7/12 2:00,6.08
4901,30•ª,6.08
4902,2023/7/12 3:00,6.08
4903,30•ª,6.08
4904,2023/7/12 4:00,6.08
4905,30•ª,6.08
4906,2023/7/12 5:00,6.08
4907,30•ª,6.08
4908,2023/7/12 6:00,6.08
4909,30•ª,6.08
4910,2023/7/12 7:00,14.495
4911,30•ª,14.495
4912,2023/7/12 8:00,14.495
4913,30•ª,14.495
4914,2023/7/12 9:00,14.495
4915,30•ª,14.495
4916,2023/7/12 10:00,14.495
4917,30•ª,14.495
4918,2023/7/12 11:00,14.495
4919,30•ª,14.495
4920,2023/7/12 12:00,14.495
4921,30•ª,14.495
4922,2023/7/12 13:00,14.495
4923,30•ª,14.495
4924,2023/7/12 14:00,27.34
4925,30•ª,27.34
4926,2023/7/12 15:00,27.34
4927,30•ª,27.34
4928,2023/7/12 16:00,14.495
4929,30•ª,14.495
4930,2023/7/12 17:00,14.495
4931,30•ª,14.495
4932,2023/7/12 18:00,14.495
4933,30•ª,14.495
4934,2023/7/12 19:00,14.495
4935,30•ª,14.495
4936,2023/7/12 20:00,14.495
4937,30•ª,14.495
4938,2023/7/12 21:00,14.495
4939,30•ª,14.495
4940,2023/7/12 22:00,14.495
4941,30•ª,14.495
4942,2023/7/12 23:00,14.495
4943,30•ª,14.495
4944,2023/7/13 0:00,6.08
4945,30•ª,6.08
4946,2023/7/13 1:00,6.08
4947,30•ª,6.08
4948,2023/7/13 2:00,6.08
4949,30•ª,6.08
4950,2023/7/13 3:00,6.08
4951,30•ª,6.08
4952,2023/7/13 4:00,6.08
4953,30•ª,6.08
4954,2023/7/13 5:00,6.08
4955,30•ª,6.08
4956,2023/7/13 6:00,6.08
4957,30•ª,6.08
4958,2023/7/13 7:00,14.495
4959,30•ª,14.495
4960,2023/7/13 8:00,14.495
4961,30•ª,14.495
4962,2023/7/13 9:00,14.495
4963,30•ª,14.495
4964,2023/7/13 10:00,14.495
4965,30•ª,14.495
4966,2023/7/13 11:00,14.495
4967,30•ª,14.495
4968,2023/7/13 12:00,14.495
4969,30•ª,14.495
4970,2023/7/13 13:00,14.495
4971,30•ª,14.495
4972,2023/7/13 14:00,27.34
4973,30•ª,27.34
4974,2023/7/13 15:00,27.34
4975,30•ª,27.34
4976,2023/7/13 16:00,14.495
4977,30•ª,14.495
4978,2023/7/13 17:00,14.495
4979,30•ª,14.495
4980,2023/7/13 18:00,14.495
4981,30•ª,14.495
4982,2023/7/13 19:00,14.495
4983,30•ª,14.495
4984,2023/7/13 20:00,14.495
4985,30•ª,14.495
4986,2023/7/13 21:00,14.495
4987,30•ª,14.495
4988,2023/7/13 22:00,14.495
4989,30•ª,14.495
4990,2023/7/13 23:00,14.495
4991,30•ª,14.495
4992,2023/7/14 0:00,6.08
4993,30•ª,6.08
4994,2023/7/14 1:00,6.08
4995,30•ª,6.08
4996,2023/7/14 2:00,6.08
4997,30•ª,6.08
4998,2023/7/14 3:00,6.08
4999,30•ª,6.08
5000,2023/7/14 4:00,6.08
5001,30•ª,6.08
5002,2023/7/14 5:00,6.08
5003,30•ª,6.08
5004,2023/7/14 6:00,6.08
5005,30•ª,6.08
5006,2023/7/14 7:00,14.495
5007,30•ª,14.495
5008,2023/7/14 8:00,14.495
5009,30•ª,14.495
5010,2023/7/14 9:00,14.495
5011,30•ª,14.495
5012,2023/7/14 10:00,14.495
5013,30•ª,14.495
5014,2023/7/14 11:00,14.495
5015,30•ª,14.495
5016,2023/7/14 12:00,14.495
5017,30•ª,14.495
5018,2023/7/14 13:00,14.495
5019,30•ª,14.495
5020,2023/7/14 14:00,27.34
5021,30•ª,27.34
5022,2023/7/14 15:00,27.34
5023,30•ª,27.34
5024,2023/7/14 16:00,14.495
5025,30•ª,14.495
5026,2023/7/14 17:00,14.495
5027,30•ª,14.495
5028,2023/7/14 18:00,14.495
5029,30•ª,14.495
5030,2023/7/14 19:00,14.495
5031,30•ª,14.495
5032,2023/7/14 20:00,14.495
5033,30•ª,14.495
5034,2023/7/14 21:00,14.495
5035,30•ª,14.495
5036,2023/7/14 22:00,14.495
5037,30•ª,14.495
5038,2023/7/14 23:00,14.495
5039,30•ª,14.495
5040,2023/7/15 0:00,6.08
5041,30•ª,6.08
5042,2023/7/15 1:00,6.08
5043,30•ª,6.08
5044,2023/7/15 2:00,6.08
5045,30•ª,6.08
5046,2023/7/15 3:00,6.08
5047,30•ª,6.08
5048,2023/7/15 4:00,6.08
5049,30•ª,6.08
5050,2023/7/15 5:00,6.08
5051,30•ª,6.08
5052,2023/7/15 6:00,6.08
5053,30•ª,6.08
5054,2023/7/15 7:00,14.495
5055,30•ª,14.495
5056,2023/7/15 8:00,14.495
5057,30•ª,14.495
5058,2023/7/15 9:00,14.495
5059,30•ª,14.495
5060,2023/7/15 10:00,14.495
5061,30•ª,14.495
5062,2023/7/15 11:00,14.495
5063,30•ª,14.495
5064,2023/7/15 12:00,14.495
5065,30•ª,14.495
5066,2023/7/15 13:00,14.495
5067,30•ª,14.495
5068,2023/7/15 14:00,27.34
5069,30•ª,27.34
5070,2023/7/15 15:00,27.34
5071,30•ª,27.34
5072,2023/7/15 16:00,14.495
5073,30•ª,14.495
5074,2023/7/15 17:00,14.495
5075,30•ª,14.495
5076,2023/7/15 18:00,14.495
5077,30•ª,14.495
5078,2023/7/15 19:00,14.495
5079,30•ª,14.495
5080,2023/7/15 20:00,14.495
5081,30•ª,14.495
5082,2023/7/15 21:00,14.495
5083,30•ª,14.495
5084,2023/7/15 22:00,14.495
5085,30•ª,14.495
5086,2023/7/15 23:00,14.495
5087,30•ª,14.495
5088,2023/7/16 0:00,6.08
5089,30•ª,6.08
5090,2023/7/16 1:00,6.08
5091,30•ª,6.08
5092,2023/7/16 2:00,6.08
5093,30•ª,6.08
5094,2023/7/16 3:00,6.08
5095,30•ª,6.08
5096,2023/7/16 4:00,6.08
5097,30•ª,6.08
5098,2023/7/16 5:00,6.08
5099,30•ª,6.08
5100,2023/7/16 6:00,6.08
5101,30•ª,6.08
5102,2023/7/16 7:00,14.495
5103,30•ª,14.495
5104,2023/7/16 8:00,14.495
5105,30•ª,14.495
5106,2023/7/16 9:00,14.495
5107,30•ª,14.495
5108,2023/7/16 10:00,14.495
5109,30•ª,14.495
5110,2023/7/16 11:00,14.495
5111,30•ª,14.495
5112,2023/7/16 12:00,14.495
5113,30•ª,14.495
5114,2023/7/16 13:00,14.495
5115,30•ª,14.495
5116,2023/7/16 14:00,27.34
5117,30•ª,27.34
5118,2023/7/16 15:00,27.34
5119,30•ª,27.34
5120,2023/7/16 16:00,14.495
5121,30•ª,14.495
5122,2023/7/16 17:00,14.495
5123,30•ª,14.495
5124,2023/7/16 18:00,14.495
5125,30•ª,14.495
5126,2023/7/16 19:00,14.495
5127,30•ª,14.495
5128,2023/7/16 20:00,14.495
5129,30•ª,14.495
5130,2023/7/16 21:00,14.495
5131,30•ª,14.495
5132,2023/7/16 22:00,14.495
5133,30•ª,14.495
5134,2023/7/16 23:00,14.495
5135,30•ª,14.495
5136,2023/7/17 0:00,6.08
5137,30•ª,6.08
5138,2023/7/17 1:00,6.08
5139,30•ª,6.08
5140,2023/7/17 2:00,6.08
5141,30•ª,6.08
5142,2023/7/17 3:00,6.08
5143,30•ª,6.08
5144,2023/7/17 4:00,6.08
5145,30•ª,6.08
5146,2023/7/17 5:00,6.08
5147,30•ª,6.08
5148,2023/7/17 6:00,6.08
5149,30•ª,6.08
5150,2023/7/17 7:00,14.495
5151,30•ª,14.495
5152,2023/7/17 8:00,14.495
5153,30•ª,14.495
5154,2023/7/17 9:00,14.495
5155,30•ª,14.495
5156,2023/7/17 10:00,14.495
5157,30•ª,14.495
5158,2023/7/17 11:00,14.495
5159,30•ª,14.495
5160,2023/7/17 12:00,14.495
5161,30•ª,14.495
5162,2023/7/17 13:00,14.495
5163,30•ª,14.495
5164,2023/7/17 14:00,27.34
5165,30•ª,27.34
5166,2023/7/17 15:00,27.34
5167,30•ª,27.34
5168,2023/7/17 16:00,14.495
5169,30•ª,14.495
5170,2023/7/17 17:00,14.495
5171,30•ª,14.495
5172,2023/7/17 18:00,14.495
5173,30•ª,14.495
5174,2023/7/17 19:00,14.495
5175,30•ª,14.495
5176,2023/7/17 20:00,14.495
5177,30•ª,14.495
5178,2023/7/17 21:00,14.495
5179,30•ª,14.495
5180,2023/7/17 22:00,14.495
5181,30•ª,14.495
5182,2023/7/17 23:00,14.495
5183,30•ª,14.495
5184,2023/7/18 0:00,6.08
5185,30•ª,6.08
5186,2023/7/18 1:00,6.08
5187,30•ª,6.08
5188,2023/7/18 2:00,6.08
5189,30•ª,6.08
5190,2023/7/18 3:00,6.08
5191,30•ª,6.08
5192,2023/7/18 4:00,6.08
5193,30•ª,6.08
5194,2023/7/18 5:00,6.08
5195,30•ª,6.08
5196,2023/7/18 6:00,6.08
5197,30•ª,6.08
5198,2023/7/18 7:00,14.495
5199,30•ª,14.495
5200,2023/7/18 8:00,14.495
5201,30•ª,14.495
5202,2023/7/18 9:00,14.495
5203,30•ª,14.495
5204,2023/7/18 10:00,14.495
5205,30•ª,14.495
5206,2023/7/18 11:00,14.495
5207,30•ª,14.495
5208,2023/7/18 12:00,14.495
5209,30•ª,14.495
5210,2023/7/18 13:00,14.495
5211,30•ª,14.495
5212,2023/7/18 14:00,27.34
5213,30•ª,27.34
5214,2023/7/18 15:00,27.34
5215,30•ª,27.34
5216,2023/7/18 16:00,14.495
5217,30•ª,14.495
5218,2023/7/18 17:00,14.495
5219,30•ª,14.495
5220,2023/7/18 18:00,14.495
5221,30•ª,14.495
5222,2023/7/18 19:00,14.495
5223,30•ª,14.495
5224,2023/7/18 20:00,14.495
5225,30•ª,14.495
5226,2023/7/18 21:00,14.495
5227,30•ª,14.495
5228,2023/7/18 22:00,14.495
5229,30•ª,14.495
5230,2023/7/18 23:00,14.495
5231,30•ª,14.495
5232,2023/7/19 0:00,6.08
5233,30•ª,6.08
5234,2023/7/19 1:00,6.08
5235,30•ª,6.08
5236,2023/7/19 2:00,6.08
5237,30•ª,6.08
5238,2023/7/19 3:00,6.08
5239,30•ª,6.08
5240,2023/7/19 4:00,6.08
5241,30•ª,6.08
5242,2023/7/19 5:00,6.08
5243,30•ª,6.08
5244,2023/7/19 6:00,6.08
5245,30•ª,6.08
5246,2023/7/19 7:00,14.495
5247,30•ª,14.495
5248,2023/7/19 8:00,14.495
5249,30•ª,14.495
5250,2023/7/19 9:00,14.495
5251,30•ª,14.495
5252,2023/7/19 10:00,14.495
5253,30•ª,14.495
5254,2023/7/19 11:00,14.495
5255,30•ª,14.495
5256,2023/7/19 12:00,14.495
5257,30•ª,14.495
5258,2023/7/19 13:00,14.495
5259,30•ª,14.495
5260,2023/7/19 14:00,27.34
5261,30•ª,27.34
5262,2023/7/19 15:00,27.34
5263,30•ª,27.34
5264,2023/7/19 16:00,14.495
5265,30•ª,14.495
5266,2023/7/19 17:00,14.495
5267,30•ª,14.495
5268,2023/7/19 18:00,14.495
5269,30•ª,14.495
5270,2023/7/19 19:00,14.495
5271,30•ª,14.495
5272,2023/7/19 20:00,14.495
5273,30•ª,14.495
5274,2023/7/19 21:00,14.495
5275,30•ª,14.495
5276,2023/7/19 22:00,14.495
5277,30•ª,14.495
5278,2023/7/19 23:00,14.495
5279,30•ª,14.495
5280,2023/7/20 0:00,6.08
5281,30•ª,6.08
5282,2023/7/20 1:00,6.08
5283,30•ª,6.08
5284,2023/7/20 2:00,6.08
5285,30•ª,6.08
5286,2023/7/20 3:00,6.08
5287,30•ª,6.08
5288,2023/7/20 4:00,6.08
5289,30•ª,6.08
5290,2023/7/20 5:00,6.08
5291,30•ª,6.08
5292,2023/7/20 6:00,6.08
5293,30•ª,6.08
5294,2023/7/20 7:00,14.495
5295,30•ª,14.495
5296,2023/7/20 8:00,14.495
5297,30•ª,14.495
5298,2023/7/20 9:00,14.495
5299,30•ª,14.495
5300,2023/7/20 10:00,14.495
5301,30•ª,14.495
5302,2023/7/20 11:00,14.495
5303,30•ª,14.495
5304,2023/7/20 12:00,14.495
5305,30•ª,14.495
5306,2023/7/20 13:00,14.495
5307,30•ª,14.495
5308,2023/7/20 14:00,27.34
5309,30•ª,27.34
5310,2023/7/20 15:00,27.34
5311,30•ª,27.34
5312,2023/7/20 16:00,14.495
5313,30•ª,14.495
5314,2023/7/20 17:00,14.495
5315,30•ª,14.495
5316,2023/7/20 18:00,14.495
5317,30•ª,14.495
5318,2023/7/20 19:00,14.495
5319,30•ª,14.495
5320,2023/7/20 20:00,14.495
5321,30•ª,14.495
5322,2023/7/20 21:00,14.495
5323,30•ª,14.495
5324,2023/7/20 22:00,14.495
5325,30•ª,14.495
5326,2023/7/20 23:00,14.495
5327,30•ª,14.495
5328,2023/7/21 0:00,6.08
5329,30•ª,6.08
5330,2023/7/21 1:00,6.08
5331,30•ª,6.08
5332,2023/7/21 2:00,6.08
5333,30•ª,6.08
5334,2023/7/21 3:00,6.08
5335,30•ª,6.08
5336,2023/7/21 4:00,6.08
5337,30•ª,6.08
5338,2023/7/21 5:00,6.08
5339,30•ª,6.08
5340,2023/7/21 6:00,6.08
5341,30•ª,6.08
5342,2023/7/21 7:00,14.495
5343,30•ª,14.495
5344,2023/7/21 8:00,14.495
5345,30•ª,14.495
5346,2023/7/21 9:00,14.495
5347,30•ª,14.495
5348,2023/7/21 10:00,14.495
5349,30•ª,14.495
5350,2023/7/21 11:00,14.495
5351,30•ª,14.495
5352,2023/7/21 12:00,14.495
5353,30•ª,14.495
5354,2023/7/21 13:00,14.495
5355,30•ª,14.495
5356,2023/7/21 14:00,27.34
5357,30•ª,27.34
5358,2023/7/21 15:00,27.34
5359,30•ª,27.34
5360,2023/7/21 16:00,14.495
5361,30•ª,14.495
5362,2023/7/21 17:00,14.495
5363,30•ª,14.495
5364,2023/7/21 18:00,14.495
5365,30•ª,14.495
5366,2023/7/21 19:00,14.495
5367,30•ª,14.495
5368,2023/7/21 20:00,14.495
5369,30•ª,14.495
5370,2023/7/21 21:00,14.495
5371,30•ª,14.495
5372,2023/7/21 22:00,14.495
5373,30•ª,14.495
5374,2023/7/21 23:00,14.495
5375,30•ª,14.495
5376,2023/7/22 0:00,6.08
5377,30•ª,6.08
5378,2023/7/22 1:00,6.08
5379,30•ª,6.08
5380,2023/7/22 2:00,6.08
5381,30•ª,6.08
5382,2023/7/22 3:00,6.08
5383,30•ª,6.08
5384,2023/7/22 4:00,6.08
5385,30•ª,6.08
5386,2023/7/22 5:00,6.08
5387,30•ª,6.08
5388,2023/7/22 6:00,6.08
5389,30•ª,6.08
5390,2023/7/22 7:00,14.495
5391,30•ª,14.495
5392,2023/7/22 8:00,14.495
5393,30•ª,14.495
5394,2023/7/22 9:00,14.495
5395,30•ª,14.495
5396,2023/7/22 10:00,14.495
5397,30•ª,14.495
5398,2023/7/22 11:00,14.495
5399,30•ª,14.495
5400,2023/7/22 12:00,14.495
5401,30•ª,14.495
5402,2023/7/22 13:00,14.495
5403,30•ª,14.495
5404,2023/7/22 14:00,27.34
5405,30•ª,27.34
5406,2023/7/22 15:00,27.34
5407,30•ª,27.34
5408,2023/7/22 16:00,14.495
5409,30•ª,14.495
5410,2023/7/22 17:00,14.495
5411,30•ª,14.495
5412,2023/7/22 18:00,14.495
5413,30•ª,14.495
5414,2023/7/22 19:00,14.495
5415,30•ª,14.495
5416,2023/7/22 20:00,14.495
5417,30•ª,14.495
5418,2023/7/22 21:00,14.495
5419,30•ª,14.495
5420,2023/7/22 22:00,14.495
5421,30•ª,14.495
5422,2023/7/22 23:00,14.495
5423,30•ª,14.495
5424,2023/7/23 0:00,6.08
5425,30•ª,6.08
5426,2023/7/23 1:00,6.08
5427,30•ª,6.08
5428,2023/7/23 2:00,6.08
5429,30•ª,6.08
5430,2023/7/23 3:00,6.08
5431,30•ª,6.08
5432,2023/7/23 4:00,6.08
5433,30•ª,6.08
5434,2023/7/23 5:00,6.08
5435,30•ª,6.08
5436,2023/7/23 6:00,6.08
5437,30•ª,6.08
5438,2023/7/23 7:00,14.495
5439,30•ª,14.495
5440,2023/7/23 8:00,14.495
5441,30•ª,14.495
5442,2023/7/23 9:00,14.495
5443,30•ª,14.495
5444,2023/7/23 10:00,14.495
5445,30•ª,14.495
5446,2023/7/23 11:00,14.495
5447,30•ª,14.495
5448,2023/7/23 12:00,14.495
5449,30•ª,14.495
5450,2023/7/23 13:00,14.495
5451,30•ª,14.495
5452,2023/7/23 14:00,27.34
5453,30•ª,27.34
5454,2023/7/23 15:00,27.34
5455,30•ª,27.34
5456,2023/7/23 16:00,14.495
5457,30•ª,14.495
5458,2023/7/23 17:00,14.495
5459,30•ª,14.495
5460,2023/7/23 18:00,14.495
5461,30•ª,14.495
5462,2023/7/23 19:00,14.495
5463,30•ª,14.495
5464,2023/7/23 20:00,14.495
5465,30•ª,14.495
5466,2023/7/23 21:00,14.495
5467,30•ª,14.495
5468,2023/7/23 22:00,14.495
5469,30•ª,14.495
5470,2023/7/23 23:00,14.495
5471,30•ª,14.495
5472,2023/7/24 0:00,6.08
5473,30•ª,6.08
5474,2023/7/24 1:00,6.08
5475,30•ª,6.08
5476,2023/7/24 2:00,6.08
5477,30•ª,6.08
5478,2023/7/24 3:00,6.08
5479,30•ª,6.08
5480,2023/7/24 4:00,6.08
5481,30•ª,6.08
5482,2023/7/24 5:00,6.08
5483,30•ª,6.08
5484,2023/7/24 6:00,6.08
5485,30•ª,6.08
5486,2023/7/24 7:00,14.495
5487,30•ª,14.495
5488,2023/7/24 8:00,14.495
5489,30•ª,14.495
5490,2023/7/24 9:00,14.495
5491,30•ª,14.495
5492,2023/7/24 10:00,14.495
5493,30•ª,14.495
5494,2023/7/24 11:00,14.495
5495,30•ª,14.495
5496,2023/7/24 12:00,14.495
5497,30•ª,14.495
5498,2023/7/24 13:00,14.495
5499,30•ª,14.495
5500,2023/7/24 14:00,27.34
5501,30•ª,27.34
5502,2023/7/24 15:00,27.34
5503,30•ª,27.34
5504,2023/7/24 16:00,14.495
5505,30•ª,14.495
5506,2023/7/24 17:00,14.495
5507,30•ª,14.495
5508,2023/7/24 18:00,14.495
5509,30•ª,14.495
5510,2023/7/24 19:00,14.495
5511,30•ª,14.495
5512,2023/7/24 20:00,14.495
5513,30•ª,14.495
5514,2023/7/24 21:00,14.495
5515,30•ª,14.495
5516,2023/7/24 22:00,14.495
5517,30•ª,14.495
5518,2023/7/24 23:00,14.495
5519,30•ª,14.495
5520,2023/7/25 0:00,6.08
5521,30•ª,6.08
5522,2023/7/25 1:00,6.08
5523,30•ª,6.08
5524,2023/7/25 2:00,6.08
5525,30•ª,6.08
5526,2023/7/25 3:00,6.08
5527,30•ª,6.08
5528,2023/7/25 4:00,6.08
5529,30•ª,6.08
5530,2023/7/25 5:00,6.08
5531,30•ª,6.08
5532,2023/7/25 6:00,6.08
5533,30•ª,6.08
5534,2023/7/25 7:00,14.495
5535,30•ª,14.495
5536,2023/7/25 8:00,14.495
5537,30•ª,14.495
5538,2023/7/25 9:00,14.495
5539,30•ª,14.495
5540,2023/7/25 10:00,14.495
5541,30•ª,14.495
5542,2023/7/25 11:00,14.495
5543,30•ª,14.495
5544,2023/7/25 12:00,14.495
5545,30•ª,14.495
5546,2023/7/25 13:00,14.495
5547,30•ª,14.495
5548,2023/7/25 14:00,27.34
5549,30•ª,27.34
5550,2023/7/25 15:00,27.34
5551,30•ª,27.34
5552,2023/7/25 16:00,14.495
5553,30•ª,14.495
5554,2023/7/25 17:00,14.495
5555,30•ª,14.495
5556,2023/7/25 18:00,14.495
5557,30•ª,14.495
5558,2023/7/25 19:00,14.495
5559,30•ª,14.495
5560,2023/7/25 20:00,14.495
5561,30•ª,14.495
5562,2023/7/25 21:00,14.495
5563,30•ª,14.495
5564,2023/7/25 22:00,14.495
5565,30•ª,14.495
5566,2023/7/25 23:00,14.495
5567,30•ª,14.495
5568,2023/7/26 0:00,6.08
5569,30•ª,6.08
5570,2023/7/26 1:00,6.08
5571,30•ª,6.08
5572,2023/7/26 2:00,6.08
5573,30•ª,6.08
5574,2023/7/26 3:00,6.08
5575,30•ª,6.08
5576,2023/7/26 4:00,6.08
5577,30•ª,6.08
5578,2023/7/26 5:00,6.08
5579,30•ª,6.08
5580,2023/7/26 6:00,6.08
5581,30•ª,6.08
5582,2023/7/26 7:00,14.495
5583,30•ª,14.495
5584,2023/7/26 8:00,14.495
5585,30•ª,14.495
5586,2023/7/26 9:00,14.495
5587,30•ª,14.495
5588,2023/7/26 10:00,14.495
5589,30•ª,14.495
5590,2023/7/26 11:00,14.495
5591,30•ª,14.495
5592,2023/7/26 12:00,14.495
5593,30•ª,14.495
5594,2023/7/26 13:00,14.495
5595,30•ª,14.495
5596,2023/7/26 14:00,27.34
5597,30•ª,27.34
5598,2023/7/26 15:00,27.34
5599,30•ª,27.34
5600,2023/7/26 16:00,14.495
5601,30•ª,14.495
5602,2023/7/26 17:00,14.495
5603,30•ª,14.495
5604,2023/7/26 18:00,14.495
5605,30•ª,14.495
5606,2023/7/26 19:00,14.495
5607,30•ª,14.495
5608,2023/7/26 20:00,14.495
5609,30•ª,14.495
5610,2023/7/26 21:00,14.495
5611,30•ª,14.495
5612,2023/7/26 22:00,14.495
5613,30•ª,14.495
5614,2023/7/26 23:00,14.495
5615,30•ª,14.495
5616,2023/7/27 0:00,6.08
5617,30•ª,6.08
5618,2023/7/27 1:00,6.08
5619,30•ª,6.08
5620,2023/7/27 2:00,6.08
5621,30•ª,6.08
5622,2023/7/27 3:00,6.08
5623,30•ª,6.08
5624,2023/7/27 4:00,6.08
5625,30•ª,6.08
5626,2023/7/27 5:00,6.08
5627,30•ª,6.08
5628,2023/7/27 6:00,6.08
5629,30•ª,6.08
5630,2023/7/27 7:00,14.495
5631,30•ª,14.495
5632,2023/7/27 8:00,14.495
5633,30•ª,14.495
5634,2023/7/27 9:00,14.495
5635,30•ª,14.495
5636,2023/7/27 10:00,14.495
5637,30•ª,14.495
5638,2023/7/27 11:00,14.495
5639,30•ª,14.495
5640,2023/7/27 12:00,14.495
5641,30•ª,14.495
5642,2023/7/27 13:00,14.495
5643,30•ª,14.495
5644,2023/7/27 14:00,27.34
5645,30•ª,27.34
5646,2023/7/27 15:00,27.34
5647,30•ª,27.34
5648,2023/7/27 16:00,14.495
5649,30•ª,14.495
5650,2023/7/27 17:00,14.495
5651,30•ª,14.495
5652,2023/7/27 18:00,14.495
5653,30•ª,14.495
5654,2023/7/27 19:00,14.495
5655,30•ª,14.495
5656,2023/7/27 20:00,14.495
5657,30•ª,14.495
5658,2023/7/27 21:00,14.495
5659,30•ª,14.495
5660,2023/7/27 22:00,14.495
5661,30•ª,14.495
5662,2023/7/27 23:00,14.495
5663,30•ª,14.495
5664,2023/7/28 0:00,6.08
5665,30•ª,6.08
5666,2023/7/28 1:00,6.08
5667,30•ª,6.08
5668,2023/7/28 2:00,6.08
5669,30•ª,6.08
5670,2023/7/28 3:00,6.08
5671,30•ª,6.08
5672,2023/7/28 4:00,6.08
5673,30•ª,6.08
5674,2023/7/28 5:00,6.08
5675,30•ª,6.08
5676,2023/7/28 6:00,6.08
5677,30•ª,6.08
5678,2023/7/28 7:00,14.495
5679,30•ª,14.495
5680,2023/7/28 8:00,14.495
5681,30•ª,14.495
5682,2023/7/28 9:00,14.495
5683,30•ª,14.495
5684,2023/7/28 10:00,14.495
5685,30•ª,14.495
5686,2023/7/28 11:00,14.495
5687,30•ª,14.495
5688,2023/7/28 12:00,14.495
5689,30•ª,14.495
5690,2023/7/28 13:00,14.495
5691,30•ª,14.495
5692,2023/7/28 14:00,27.34
5693,30•ª,27.34
5694,2023/7/28 15:00,27.34
5695,30•ª,27.34
5696,2023/7/28 16:00,14.495
5697,30•ª,14.495
5698,2023/7/28 17:00,14.495
5699,30•ª,14.495
5700,2023/7/28 18:00,14.495
5701,30•ª,14.495
5702,2023/7/28 19:00,14.495
5703,30•ª,14.495
5704,2023/7/28 20:00,14.495
5705,30•ª,14.495
5706,2023/7/28 21:00,14.495
5707,30•ª,14.495
5708,2023/7/28 22:00,14.495
5709,30•ª,14.495
5710,2023/7/28 23:00,14.495
5711,30•ª,14.495
5712,2023/7/29 0:00,6.08
5713,30•ª,6.08
5714,2023/7/29 1:00,6.08
5715,30•ª,6.08
5716,2023/7/29 2:00,6.08
5717,30•ª,6.08
5718,2023/7/29 3:00,6.08
5719,30•ª,6.08
5720,2023/7/29 4:00,6.08
5721,30•ª,6.08
5722,2023/7/29 5:00,6.08
5723,30•ª,6.08
5724,2023/7/29 6:00,6.08
5725,30•ª,6.08
5726,2023/7/29 7:00,14.495
5727,30•ª,14.495
5728,2023/7/29 8:00,14.495
5729,30•ª,14.495
5730,2023/7/29 9:00,14.495
5731,30•ª,14.495
5732,2023/7/29 10:00,14.495
5733,30•ª,14.495
5734,2023/7/29 11:00,14.495
5735,30•ª,14.495
5736,2023/7/29 12:00,14.495
5737,30•ª,14.495
5738,2023/7/29 13:00,14.495
5739,30•ª,14.495
5740,2023/7/29 14:00,27.34
5741,30•ª,27.34
5742,2023/7/29 15:00,27.34
5743,30•ª,27.34
5744,2023/7/29 16:00,14.495
5745,30•ª,14.495
5746,2023/7/29 17:00,14.495
5747,30•ª,14.495
5748,2023/7/29 18:00,14.495
5749,30•ª,14.495
5750,2023/7/29 19:00,14.495
5751,30•ª,14.495
5752,2023/7/29 20:00,14.495
5753,30•ª,14.495
5754,2023/7/29 21:00,14.495
5755,30•ª,14.495
5756,2023/7/29 22:00,14.495
5757,30•ª,14.495
5758,2023/7/29 23:00,14.495
5759,30•ª,14.495
5760,2023/7/30 0:00,6.08
5761,30•ª,6.08
5762,2023/7/30 1:00,6.08
5763,30•ª,6.08
5764,2023/7/30 2:00,6.08
5765,30•ª,6.08
5766,2023/7/30 3:00,6.08
5767,30•ª,6.08
5768,2023/7/30 4:00,6.08
5769,30•ª,6.08
5770,2023/7/30 5:00,6.08
5771,30•ª,6.08
5772,2023/7/30 6:00,6.08
5773,30•ª,6.08
5774,2023/7/30 7:00,14.495
5775,30•ª,14.495
5776,2023/7/30 8:00,14.495
5777,30•ª,14.495
5778,2023/7/30 9:00,14.495
5779,30•ª,14.495
5780,2023/7/30 10:00,14.495
5781,30•ª,14.495
5782,2023/7/30 11:00,14.495
5783,30•ª,14.495
5784,2023/7/30 12:00,14.495
5785,30•ª,14.495
5786,2023/7/30 13:00,14.495
5787,30•ª,14.495
5788,2023/7/30 14:00,27.34
5789,30•ª,27.34
5790,2023/7/30 15:00,27.34
5791,30•ª,27.34
5792,2023/7/30 16:00,14.495
5793,30•ª,14.495
5794,2023/7/30 17:00,14.495
5795,30•ª,14.495
5796,2023/7/30 18:00,14.495
5797,30•ª,14.495
5798,2023/7/30 19:00,14.495
5799,30•ª,14.495
5800,2023/7/30 20:00,14.495
5801,30•ª,14.495
5802,2023/7/30 21:00,14.495
5803,30•ª,14.495
5804,2023/7/30 22:00,14.495
5805,30•ª,14.495
5806,2023/7/30 23:00,14.495
5807,30•ª,14.495
5808,2023/7/31 0:00,6.08
5809,30•ª,6.08
5810,2023/7/31 1:00,6.08
5811,30•ª,6.08
5812,2023/7/31 2:00,6.08
5813,30•ª,6.08
5814,2023/7/31 3:00,6.08
5815,30•ª,6.08
5816,2023/7/31 4:00,6.08
5817,30•ª,6.08
5818,2023/7/31 5:00,6.08
5819,30•ª,6.08
5820,2023/7/31 6:00,6.08
5821,30•ª,6.08
5822,2023/7/31 7:00,14.495
5823,30•ª,14.495
5824,2023/7/31 8:00,14.495
5825,30•ª,14.495
5826,2023/7/31 9:00,14.495
5827,30•ª,14.495
5828,2023/7/31 10:00,14.495
5829,30•ª,14.495
5830,2023/7/31 11:00,14.495
5831,30•ª,14.495
5832,2023/7/31 12:00,14.495
5833,30•ª,14.495
5834,2023/7/31 13:00,14.495
5835,30•ª,14.495
5836,2023/7/31 14:00,27.34
5837,30•ª,27.34
5838,2023/7/31 15:00,27.34
5839,30•ª,27.34
5840,2023/7/31 16:00,14.495
5841,30•ª,14.495
5842,2023/7/31 17:00,14.495
5843,30•ª,14.495
5844,2023/7/31 18:00,14.495
5845,30•ª,14.495
5846,2023/7/31 19:00,14.495
5847,30•ª,14.495
5848,2023/7/31 20:00,14.495
5849,30•ª,14.495
5850,2023/7/31 21:00,14.495
5851,30•ª,14.495
5852,2023/7/31 22:00,14.495
5853,30•ª,14.495
5854,2023/7/31 23:00,14.495
5855,30•ª,14.495
5856,2023/8/1 0:00,6.08
5857,30•ª,6.08
5858,2023/8/1 1:00,6.08
5859,30•ª,6.08
5860,2023/8/1 2:00,6.08
5861,30•ª,6.08
5862,2023/8/1 3:00,6.08
5863,30•ª,6.08
5864,2023/8/1 4:00,6.08
5865,30•ª,6.08
5866,2023/8/1 5:00,6.08
5867,30•ª,6.08
5868,2023/8/1 6:00,6.08
5869,30•ª,6.08
5870,2023/8/1 7:00,14.495
5871,30•ª,14.495
5872,2023/8/1 8:00,14.495
5873,30•ª,14.495
5874,2023/8/1 9:00,14.495
5875,30•ª,14.495
5876,2023/8/1 10:00,14.495
5877,30•ª,14.495
5878,2023/8/1 11:00,14.495
5879,30•ª,14.495
5880,2023/8/1 12:00,14.495
5881,30•ª,14.495
5882,2023/8/1 13:00,14.495
5883,30•ª,14.495
5884,2023/8/1 14:00,27.34
5885,30•ª,27.34
5886,2023/8/1 15:00,27.34
5887,30•ª,27.34
5888,2023/8/1 16:00,14.495
5889,30•ª,14.495
5890,2023/8/1 17:00,14.495
5891,30•ª,14.495
5892,2023/8/1 18:00,14.495
5893,30•ª,14.495
5894,2023/8/1 19:00,14.495
5895,30•ª,14.495
5896,2023/8/1 20:00,14.495
5897,30•ª,14.495
5898,2023/8/1 21:00,14.495
5899,30•ª,14.495
5900,2023/8/1 22:00,14.495
5901,30•ª,14.495
5902,2023/8/1 23:00,14.495
5903,30•ª,14.495
5904,2023/8/2 0:00,6.08
5905,30•ª,6.08
5906,2023/8/2 1:00,6.08
5907,30•ª,6.08
5908,2023/8/2 2:00,6.08
5909,30•ª,6.08
5910,2023/8/2 3:00,6.08
5911,30•ª,6.08
5912,2023/8/2 4:00,6.08
5913,30•ª,6.08
5914,2023/8/2 5:00,6.08
5915,30•ª,6.08
5916,2023/8/2 6:00,6.08
5917,30•ª,6.08
5918,2023/8/2 7:00,14.495
5919,30•ª,14.495
5920,2023/8/2 8:00,14.495
5921,30•ª,14.495
5922,2023/8/2 9:00,14.495
5923,30•ª,14.495
5924,2023/8/2 10:00,14.495
5925,30•ª,14.495
5926,2023/8/2 11:00,14.495
5927,30•ª,14.495
5928,2023/8/2 12:00,14.495
5929,30•ª,14.495
5930,2023/8/2 13:00,14.495
5931,30•ª,14.495
5932,2023/8/2 14:00,27.34
5933,30•ª,27.34
5934,2023/8/2 15:00,27.34
5935,30•ª,27.34
5936,2023/8/2 16:00,14.495
5937,30•ª,14.495
5938,2023/8/2 17:00,14.495
5939,30•ª,14.495
5940,2023/8/2 18:00,14.495
5941,30•ª,14.495
5942,2023/8/2 19:00,14.495
5943,30•ª,14.495
5944,2023/8/2 20:00,14.495
5945,30•ª,14.495
5946,2023/8/2 21:00,14.495
5947,30•ª,14.495
5948,2023/8/2 22:00,14.495
5949,30•ª,14.495
5950,2023/8/2 23:00,14.495
5951,30•ª,14.495
5952,2023/8/3 0:00,6.08
5953,30•ª,6.08
5954,2023/8/3 1:00,6.08
5955,30•ª,6.08
5956,2023/8/3 2:00,6.08
5957,30•ª,6.08
5958,2023/8/3 3:00,6.08
5959,30•ª,6.08
5960,2023/8/3 4:00,6.08
5961,30•ª,6.08
5962,2023/8/3 5:00,6.08
5963,30•ª,6.08
5964,2023/8/3 6:00,6.08
5965,30•ª,6.08
5966,2023/8/3 7:00,14.495
5967,30•ª,14.495
5968,2023/8/3 8:00,14.495
5969,30•ª,14.495
5970,2023/8/3 9:00,14.495
5971,30•ª,14.495
5972,2023/8/3 10:00,14.495
5973,30•ª,14.495
5974,2023/8/3 11:00,14.495
5975,30•ª,14.495
5976,2023/8/3 12:00,14.495
5977,30•ª,14.495
5978,2023/8/3 13:00,14.495
5979,30•ª,14.495
5980,2023/8/3 14:00,27.34
5981,30•ª,27.34
5982,2023/8/3 15:00,27.34
5983,30•ª,27.34
5984,2023/8/3 16:00,14.495
5985,30•ª,14.495
5986,2023/8/3 17:00,14.495
5987,30•ª,14.495
5988,2023/8/3 18:00,14.495
5989,30•ª,14.495
5990,2023/8/3 19:00,14.495
5991,30•ª,14.495
5992,2023/8/3 20:00,14.495
5993,30•ª,14.495
5994,2023/8/3 21:00,14.495
5995,30•ª,14.495
5996,2023/8/3 22:00,14.495
5997,30•ª,14.495
5998,2023/8/3 23:00,14.495
5999,30•ª,14.495
6000,2023/8/4 0:00,6.08
6001,30•ª,6.08
6002,2023/8/4 1:00,6.08
6003,30•ª,6.08
6004,2023/8/4 2:00,6.08
6005,30•ª,6.08
6006,2023/8/4 3:00,6.08
6007,30•ª,6.08
6008,2023/8/4 4:00,6.08
6009,30•ª,6.08
6010,2023/8/4 5:00,6.08
6011,30•ª,6.08
6012,2023/8/4 6:00,6.08
6013,30•ª,6.08
6014,2023/8/4 7:00,14.495
6015,30•ª,14.495
6016,2023/8/4 8:00,14.495
6017,30•ª,14.495
6018,2023/8/4 9:00,14.495
6019,30•ª,14.495
6020,2023/8/4 10:00,14.495
6021,30•ª,14.495
6022,2023/8/4 11:00,14.495
6023,30•ª,14.495
6024,2023/8/4 12:00,14.495
6025,30•ª,14.495
6026,2023/8/4 13:00,14.495
6027,30•ª,14.495
6028,2023/8/4 14:00,27.34
6029,30•ª,27.34
6030,2023/8/4 15:00,27.34
6031,30•ª,27.34
6032,2023/8/4 16:00,14.495
6033,30•ª,14.495
6034,2023/8/4 17:00,14.495
6035,30•ª,14.495
6036,2023/8/4 18:00,14.495
6037,30•ª,14.495
6038,2023/8/4 19:00,14.495
6039,30•ª,14.495
6040,2023/8/4 20:00,14.495
6041,30•ª,14.495
6042,2023/8/4 21:00,14.495
6043,30•ª,14.495
6044,2023/8/4 22:00,14.495
6045,30•ª,14.495
6046,2023/8/4 23:00,14.495
6047,30•ª,14.495
6048,2023/8/5 0:00,6.08
6049,30•ª,6.08
6050,2023/8/5 1:00,6.08
6051,30•ª,6.08
6052,2023/8/5 2:00,6.08
6053,30•ª,6.08
6054,2023/8/5 3:00,6.08
6055,30•ª,6.08
6056,2023/8/5 4:00,6.08
6057,30•ª,6.08
6058,2023/8/5 5:00,6.08
6059,30•ª,6.08
6060,2023/8/5 6:00,6.08
6061,30•ª,6.08
6062,2023/8/5 7:00,14.495
6063,30•ª,14.495
6064,2023/8/5 8:00,14.495
6065,30•ª,14.495
6066,2023/8/5 9:00,14.495
6067,30•ª,14.495
6068,2023/8/5 10:00,14.495
6069,30•ª,14.495
6070,2023/8/5 11:00,14.495
6071,30•ª,14.495
6072,2023/8/5 12:00,14.495
6073,30•ª,14.495
6074,2023/8/5 13:00,14.495
6075,30•ª,14.495
6076,2023/8/5 14:00,27.34
6077,30•ª,27.34
6078,2023/8/5 15:00,27.34
6079,30•ª,27.34
6080,2023/8/5 16:00,14.495
6081,30•ª,14.495
6082,2023/8/5 17:00,14.495
6083,30•ª,14.495
6084,2023/8/5 18:00,14.495
6085,30•ª,14.495
6086,2023/8/5 19:00,14.495
6087,30•ª,14.495
6088,2023/8/5 20:00,14.495
6089,30•ª,14.495
6090,2023/8/5 21:00,14.495
6091,30•ª,14.495
6092,2023/8/5 22:00,14.495
6093,30•ª,14.495
6094,2023/8/5 23:00,14.495
6095,30•ª,14.495
6096,2023/8/6 0:00,6.08
6097,30•ª,6.08
6098,2023/8/6 1:00,6.08
6099,30•ª,6.08
6100,2023/8/6 2:00,6.08
6101,30•ª,6.08
6102,2023/8/6 3:00,6.08
6103,30•ª,6.08
6104,2023/8/6 4:00,6.08
6105,30•ª,6.08
6106,2023/8/6 5:00,6.08
6107,30•ª,6.08
6108,2023/8/6 6:00,6.08
6109,30•ª,6.08
6110,2023/8/6 7:00,14.495
6111,30•ª,14.495
6112,2023/8/6 8:00,14.495
6113,30•ª,14.495
6114,2023/8/6 9:00,14.495
6115,30•ª,14.495
6116,2023/8/6 10:00,14.495
6117,30•ª,14.495
6118,2023/8/6 11:00,14.495
6119,30•ª,14.495
6120,2023/8/6 12:00,14.495
6121,30•ª,14.495
6122,2023/8/6 13:00,14.495
6123,30•ª,14.495
6124,2023/8/6 14:00,27.34
6125,30•ª,27.34
6126,2023/8/6 15:00,27.34
6127,30•ª,27.34
6128,2023/8/6 16:00,14.495
6129,30•ª,14.495
6130,2023/8/6 17:00,14.495
6131,30•ª,14.495
6132,2023/8/6 18:00,14.495
6133,30•ª,14.495
6134,2023/8/6 19:00,14.495
6135,30•ª,14.495
6136,2023/8/6 20:00,14.495
6137,30•ª,14.495
6138,2023/8/6 21:00,14.495
6139,30•ª,14.495
6140,2023/8/6 22:00,14.495
6141,30•ª,14.495
6142,2023/8/6 23:00,14.495
6143,30•ª,14.495
6144,2023/8/7 0:00,6.08
6145,30•ª,6.08
6146,2023/8/7 1:00,6.08
6147,30•ª,6.08
6148,2023/8/7 2:00,6.08
6149,30•ª,6.08
6150,2023/8/7 3:00,6.08
6151,30•ª,6.08
6152,2023/8/7 4:00,6.08
6153,30•ª,6.08
6154,2023/8/7 5:00,6.08
6155,30•ª,6.08
6156,2023/8/7 6:00,6.08
6157,30•ª,6.08
6158,2023/8/7 7:00,14.495
6159,30•ª,14.495
6160,2023/8/7 8:00,14.495
6161,30•ª,14.495
6162,2023/8/7 9:00,14.495
6163,30•ª,14.495
6164,2023/8/7 10:00,14.495
6165,30•ª,14.495
6166,2023/8/7 11:00,14.495
6167,30•ª,14.495
6168,2023/8/7 12:00,14.495
6169,30•ª,14.495
6170,2023/8/7 13:00,14.495
6171,30•ª,14.495
6172,2023/8/7 14:00,27.34
6173,30•ª,27.34
6174,2023/8/7 15:00,27.34
6175,30•ª,27.34
6176,2023/8/7 16:00,14.495
6177,30•ª,14.495
6178,2023/8/7 17:00,14.495
6179,30•ª,14.495
6180,2023/8/7 18:00,14.495
6181,30•ª,14.495
6182,2023/8/7 19:00,14.495
6183,30•ª,14.495
6184,2023/8/7 20:00,14.495
6185,30•ª,14.495
6186,2023/8/7 21:00,14.495
6187,30•ª,14.495
6188,2023/8/7 22:00,14.495
6189,30•ª,14.495
6190,2023/8/7 23:00,14.495
6191,30•ª,14.495
6192,2023/8/8 0:00,6.08
6193,30•ª,6.08
6194,2023/8/8 1:00,6.08
6195,30•ª,6.08
6196,2023/8/8 2:00,6.08
6197,30•ª,6.08
6198,2023/8/8 3:00,6.08
6199,30•ª,6.08
6200,2023/8/8 4:00,6.08
6201,30•ª,6.08
6202,2023/8/8 5:00,6.08
6203,30•ª,6.08
6204,2023/8/8 6:00,6.08
6205,30•ª,6.08
6206,2023/8/8 7:00,14.495
6207,30•ª,14.495
6208,2023/8/8 8:00,14.495
6209,30•ª,14.495
6210,2023/8/8 9:00,14.495
6211,30•ª,14.495
6212,2023/8/8 10:00,14.495
6213,30•ª,14.495
6214,2023/8/8 11:00,14.495
6215,30•ª,14.495
6216,2023/8/8 12:00,14.495
6217,30•ª,14.495
6218,2023/8/8 13:00,14.495
6219,30•ª,14.495
6220,2023/8/8 14:00,27.34
6221,30•ª,27.34
6222,2023/8/8 15:00,27.34
6223,30•ª,27.34
6224,2023/8/8 16:00,14.495
6225,30•ª,14.495
6226,2023/8/8 17:00,14.495
6227,30•ª,14.495
6228,2023/8/8 18:00,14.495
6229,30•ª,14.495
6230,2023/8/8 19:00,14.495
6231,30•ª,14.495
6232,2023/8/8 20:00,14.495
6233,30•ª,14.495
6234,2023/8/8 21:00,14.495
6235,30•ª,14.495
6236,2023/8/8 22:00,14.495
6237,30•ª,14.495
6238,2023/8/8 23:00,14.495
6239,30•ª,14.495
6240,2023/8/9 0:00,6.08
6241,30•ª,6.08
6242,2023/8/9 1:00,6.08
6243,30•ª,6.08
6244,2023/8/9 2:00,6.08
6245,30•ª,6.08
6246,2023/8/9 3:00,6.08
6247,30•ª,6.08
6248,2023/8/9 4:00,6.08
6249,30•ª,6.08
6250,2023/8/9 5:00,6.08
6251,30•ª,6.08
6252,2023/8/9 6:00,6.08
6253,30•ª,6.08
6254,2023/8/9 7:00,14.495
6255,30•ª,14.495
6256,2023/8/9 8:00,14.495
6257,30•ª,14.495
6258,2023/8/9 9:00,14.495
6259,30•ª,14.495
6260,2023/8/9 10:00,14.495
6261,30•ª,14.495
6262,2023/8/9 11:00,14.495
6263,30•ª,14.495
6264,2023/8/9 12:00,14.495
6265,30•ª,14.495
6266,2023/8/9 13:00,14.495
6267,30•ª,14.495
6268,2023/8/9 14:00,27.34
6269,30•ª,27.34
6270,2023/8/9 15:00,27.34
6271,30•ª,27.34
6272,2023/8/9 16:00,14.495
6273,30•ª,14.495
6274,2023/8/9 17:00,14.495
6275,30•ª,14.495
6276,2023/8/9 18:00,14.495
6277,30•ª,14.495
6278,2023/8/9 19:00,14.495
6279,30•ª,14.495
6280,2023/8/9 20:00,14.495
6281,30•ª,14.495
6282,2023/8/9 21:00,14.495
6283,30•ª,14.495
6284,2023/8/9 22:00,14.495
6285,30•ª,14.495
6286,2023/8/9 23:00,14.495
6287,30•ª,14.495
6288,2023/8/10 0:00,6.08
6289,30•ª,6.08
6290,2023/8/10 1:00,6.08
6291,30•ª,6.08
6292,2023/8/10 2:00,6.08
6293,30•ª,6.08
6294,2023/8/10 3:00,6.08
6295,30•ª,6.08
6296,2023/8/10 4:00,6.08
6297,30•ª,6.08
6298,2023/8/10 5:00,6.08
6299,30•ª,6.08
6300,2023/8/10 6:00,6.08
6301,30•ª,6.08
6302,2023/8/10 7:00,14.495
6303,30•ª,14.495
6304,2023/8/10 8:00,14.495
6305,30•ª,14.495
6306,2023/8/10 9:00,14.495
6307,30•ª,14.495
6308,2023/8/10 10:00,14.495
6309,30•ª,14.495
6310,2023/8/10 11:00,14.495
6311,30•ª,14.495
6312,2023/8/10 12:00,14.495
6313,30•ª,14.495
6314,2023/8/10 13:00,14.495
6315,30•ª,14.495
6316,2023/8/10 14:00,27.34
6317,30•ª,27.34
6318,2023/8/10 15:00,27.34
6319,30•ª,27.34
6320,2023/8/10 16:00,14.495
6321,30•ª,14.495
6322,2023/8/10 17:00,14.495
6323,30•ª,14.495
6324,2023/8/10 18:00,14.495
6325,30•ª,14.495
6326,2023/8/10 19:00,14.495
6327,30•ª,14.495
6328,2023/8/10 20:00,14.495
6329,30•ª,14.495
6330,2023/8/10 21:00,14.495
6331,30•ª,14.495
6332,2023/8/10 22:00,14.495
6333,30•ª,14.495
6334,2023/8/10 23:00,14.495
6335,30•ª,14.495
6336,2023/8/11 0:00,6.08
6337,30•ª,6.08
6338,2023/8/11 1:00,6.08
6339,30•ª,6.08
6340,2023/8/11 2:00,6.08
6341,30•ª,6.08
6342,2023/8/11 3:00,6.08
6343,30•ª,6.08
6344,2023/8/11 4:00,6.08
6345,30•ª,6.08
6346,2023/8/11 5:00,6.08
6347,30•ª,6.08
6348,2023/8/11 6:00,6.08
6349,30•ª,6.08
6350,2023/8/11 7:00,14.495
6351,30•ª,14.495
6352,2023/8/11 8:00,14.495
6353,30•ª,14.495
6354,2023/8/11 9:00,14.495
6355,30•ª,14.495
6356,2023/8/11 10:00,14.495
6357,30•ª,14.495
6358,2023/8/11 11:00,14.495
6359,30•ª,14.495
6360,2023/8/11 12:00,14.495
6361,30•ª,14.495
6362,2023/8/11 13:00,14.495
6363,30•ª,14.495
6364,2023/8/11 14:00,27.34
6365,30•ª,27.34
6366,2023/8/11 15:00,27.34
6367,30•ª,27.34
6368,2023/8/11 16:00,14.495
6369,30•ª,14.495
6370,2023/8/11 17:00,14.495
6371,30•ª,14.495
6372,2023/8/11 18:00,14.495
6373,30•ª,14.495
6374,2023/8/11 19:00,14.495
6375,30•ª,14.495
6376,2023/8/11 20:00,14.495
6377,30•ª,14.495
6378,2023/8/11 21:00,14.495
6379,30•ª,14.495
6380,2023/8/11 22:00,14.495
6381,30•ª,14.495
6382,2023/8/11 23:00,14.495
6383,30•ª,14.495
6384,2023/8/12 0:00,6.08
6385,30•ª,6.08
6386,2023/8/12 1:00,6.08
6387,30•ª,6.08
6388,2023/8/12 2:00,6.08
6389,30•ª,6.08
6390,2023/8/12 3:00,6.08
6391,30•ª,6.08
6392,2023/8/12 4:00,6.08
6393,30•ª,6.08
6394,2023/8/12 5:00,6.08
6395,30•ª,6.08
6396,2023/8/12 6:00,6.08
6397,30•ª,6.08
6398,2023/8/12 7:00,14.495
6399,30•ª,14.495
6400,2023/8/12 8:00,14.495
6401,30•ª,14.495
6402,2023/8/12 9:00,14.495
6403,30•ª,14.495
6404,2023/8/12 10:00,14.495
6405,30•ª,14.495
6406,2023/8/12 11:00,14.495
6407,30•ª,14.495
6408,2023/8/12 12:00,14.495
6409,30•ª,14.495
6410,2023/8/12 13:00,14.495
6411,30•ª,14.495
6412,2023/8/12 14:00,27.34
6413,30•ª,27.34
6414,2023/8/12 15:00,27.34
6415,30•ª,27.34
6416,2023/8/12 16:00,14.495
6417,30•ª,14.495
6418,2023/8/12 17:00,14.495
6419,30•ª,14.495
6420,2023/8/12 18:00,14.495
6421,30•ª,14.495
6422,2023/8/12 19:00,14.495
6423,30•ª,14.495
6424,2023/8/12 20:00,14.495
6425,30•ª,14.495
6426,2023/8/12 21:00,14.495
6427,30•ª,14.495
6428,2023/8/12 22:00,14.495
6429,30•ª,14.495
6430,2023/8/12 23:00,14.495
6431,30•ª,14.495
6432,2023/8/13 0:00,6.08
6433,30•ª,6.08
6434,2023/8/13 1:00,6.08
6435,30•ª,6.08
6436,2023/8/13 2:00,6.08
6437,30•ª,6.08
6438,2023/8/13 3:00,6.08
6439,30•ª,6.08
6440,2023/8/13 4:00,6.08
6441,30•ª,6.08
6442,2023/8/13 5:00,6.08
6443,30•ª,6.08
6444,2023/8/13 6:00,6.08
6445,30•ª,6.08
6446,2023/8/13 7:00,14.495
6447,30•ª,14.495
6448,2023/8/13 8:00,14.495
6449,30•ª,14.495
6450,2023/8/13 9:00,14.495
6451,30•ª,14.495
6452,2023/8/13 10:00,14.495
6453,30•ª,14.495
6454,2023/8/13 11:00,14.495
6455,30•ª,14.495
6456,2023/8/13 12:00,14.495
6457,30•ª,14.495
6458,2023/8/13 13:00,14.495
6459,30•ª,14.495
6460,2023/8/13 14:00,27.34
6461,30•ª,27.34
6462,2023/8/13 15:00,27.34
6463,30•ª,27.34
6464,2023/8/13 16:00,14.495
6465,30•ª,14.495
6466,2023/8/13 17:00,14.495
6467,30•ª,14.495
6468,2023/8/13 18:00,14.495
6469,30•ª,14.495
6470,2023/8/13 19:00,14.495
6471,30•ª,14.495
6472,2023/8/13 20:00,14.495
6473,30•ª,14.495
6474,2023/8/13 21:00,14.495
6475,30•ª,14.495
6476,2023/8/13 22:00,14.495
6477,30•ª,14.495
6478,2023/8/13 23:00,14.495
6479,30•ª,14.495
6480,2023/8/14 0:00,6.08
6481,30•ª,6.08
6482,2023/8/14 1:00,6.08
6483,30•ª,6.08
6484,2023/8/14 2:00,6.08
6485,30•ª,6.08
6486,2023/8/14 3:00,6.08
6487,30•ª,6.08
6488,2023/8/14 4:00,6.08
6489,30•ª,6.08
6490,2023/8/14 5:00,6.08
6491,30•ª,6.08
6492,2023/8/14 6:00,6.08
6493,30•ª,6.08
6494,2023/8/14 7:00,14.495
6495,30•ª,14.495
6496,2023/8/14 8:00,14.495
6497,30•ª,14.495
6498,2023/8/14 9:00,14.495
6499,30•ª,14.495
6500,2023/8/14 10:00,14.495
6501,30•ª,14.495
6502,2023/8/14 11:00,14.495
6503,30•ª,14.495
6504,2023/8/14 12:00,14.495
6505,30•ª,14.495
6506,2023/8/14 13:00,14.495
6507,30•ª,14.495
6508,2023/8/14 14:00,27.34
6509,30•ª,27.34
6510,2023/8/14 15:00,27.34
6511,30•ª,27.34
6512,2023/8/14 16:00,14.495
6513,30•ª,14.495
6514,2023/8/14 17:00,14.495
6515,30•ª,14.495
6516,2023/8/14 18:00,14.495
6517,30•ª,14.495
6518,2023/8/14 19:00,14.495
6519,30•ª,14.495
6520,2023/8/14 20:00,14.495
6521,30•ª,14.495
6522,2023/8/14 21:00,14.495
6523,30•ª,14.495
6524,2023/8/14 22:00,14.495
6525,30•ª,14.495
6526,2023/8/14 23:00,14.495
6527,30•ª,14.495
6528,2023/8/15 0:00,6.08
6529,30•ª,6.08
6530,2023/8/15 1:00,6.08
6531,30•ª,6.08
6532,2023/8/15 2:00,6.08
6533,30•ª,6.08
6534,2023/8/15 3:00,6.08
6535,30•ª,6.08
6536,2023/8/15 4:00,6.08
6537,30•ª,6.08
6538,2023/8/15 5:00,6.08
6539,30•ª,6.08
6540,2023/8/15 6:00,6.08
6541,30•ª,6.08
6542,2023/8/15 7:00,14.495
6543,30•ª,14.495
6544,2023/8/15 8:00,14.495
6545,30•ª,14.495
6546,2023/8/15 9:00,14.495
6547,30•ª,14.495
6548,2023/8/15 10:00,14.495
6549,30•ª,14.495
6550,2023/8/15 11:00,14.495
6551,30•ª,14.495
6552,2023/8/15 12:00,14.495
6553,30•ª,14.495
6554,2023/8/15 13:00,14.495
6555,30•ª,14.495
6556,2023/8/15 14:00,27.34
6557,30•ª,27.34
6558,2023/8/15 15:00,27.34
6559,30•ª,27.34
6560,2023/8/15 16:00,14.495
6561,30•ª,14.495
6562,2023/8/15 17:00,14.495
6563,30•ª,14.495
6564,2023/8/15 18:00,14.495
6565,30•ª,14.495
6566,2023/8/15 19:00,14.495
6567,30•ª,14.495
6568,2023/8/15 20:00,14.495
6569,30•ª,14.495
6570,2023/8/15 21:00,14.495
6571,30•ª,14.495
6572,2023/8/15 22:00,14.495
6573,30•ª,14.495
6574,2023/8/15 23:00,14.495
6575,30•ª,14.495
6576,2023/8/16 0:00,6.08
6577,30•ª,6.08
6578,2023/8/16 1:00,6.08
6579,30•ª,6.08
6580,2023/8/16 2:00,6.08
6581,30•ª,6.08
6582,2023/8/16 3:00,6.08
6583,30•ª,6.08
6584,2023/8/16 4:00,6.08
6585,30•ª,6.08
6586,2023/8/16 5:00,6.08
6587,30•ª,6.08
6588,2023/8/16 6:00,6.08
6589,30•ª,6.08
6590,2023/8/16 7:00,14.495
6591,30•ª,14.495
6592,2023/8/16 8:00,14.495
6593,30•ª,14.495
6594,2023/8/16 9:00,14.495
6595,30•ª,14.495
6596,2023/8/16 10:00,14.495
6597,30•ª,14.495
6598,2023/8/16 11:00,14.495
6599,30•ª,14.495
6600,2023/8/16 12:00,14.495
6601,30•ª,14.495
6602,2023/8/16 13:00,14.495
6603,30•ª,14.495
6604,2023/8/16 14:00,27.34
6605,30•ª,27.34
6606,2023/8/16 15:00,27.34
6607,30•ª,27.34
6608,2023/8/16 16:00,14.495
6609,30•ª,14.495
6610,2023/8/16 17:00,14.495
6611,30•ª,14.495
6612,2023/8/16 18:00,14.495
6613,30•ª,14.495
6614,2023/8/16 19:00,14.495
6615,30•ª,14.495
6616,2023/8/16 20:00,14.495
6617,30•ª,14.495
6618,2023/8/16 21:00,14.495
6619,30•ª,14.495
6620,2023/8/16 22:00,14.495
6621,30•ª,14.495
6622,2023/8/16 23:00,14.495
6623,30•ª,14.495
6624,2023/8/17 0:00,6.08
6625,30•ª,6.08
6626,2023/8/17 1:00,6.08
6627,30•ª,6.08
6628,2023/8/17 2:00,6.08
6629,30•ª,6.08
6630,2023/8/17 3:00,6.08
6631,30•ª,6.08
6632,2023/8/17 4:00,6.08
6633,30•ª,6.08
6634,2023/8/17 5:00,6.08
6635,30•ª,6.08
6636,2023/8/17 6:00,6.08
6637,30•ª,6.08
6638,2023/8/17 7:00,14.495
6639,30•ª,14.495
6640,2023/8/17 8:00,14.495
6641,30•ª,14.495
6642,2023/8/17 9:00,14.495
6643,30•ª,14.495
6644,2023/8/17 10:00,14.495
6645,30•ª,14.495
6646,2023/8/17 11:00,14.495
6647,30•ª,14.495
6648,2023/8/17 12:00,14.495
6649,30•ª,14.495
6650,2023/8/17 13:00,14.495
6651,30•ª,14.495
6652,2023/8/17 14:00,27.34
6653,30•ª,27.34
6654,2023/8/17 15:00,27.34
6655,30•ª,27.34
6656,2023/8/17 16:00,14.495
6657,30•ª,14.495
6658,2023/8/17 17:00,14.495
6659,30•ª,14.495
6660,2023/8/17 18:00,14.495
6661,30•ª,14.495
6662,2023/8/17 19:00,14.495
6663,30•ª,14.495
6664,2023/8/17 20:00,14.495
6665,30•ª,14.495
6666,2023/8/17 21:00,14.495
6667,30•ª,14.495
6668,2023/8/17 22:00,14.495
6669,30•ª,14.495
6670,2023/8/17 23:00,14.495
6671,30•ª,14.495
6672,2023/8/18 0:00,6.08
6673,30•ª,6.08
6674,2023/8/18 1:00,6.08
6675,30•ª,6.08
6676,2023/8/18 2:00,6.08
6677,30•ª,6.08
6678,2023/8/18 3:00,6.08
6679,30•ª,6.08
6680,2023/8/18 4:00,6.08
6681,30•ª,6.08
6682,2023/8/18 5:00,6.08
6683,30•ª,6.08
6684,2023/8/18 6:00,6.08
6685,30•ª,6.08
6686,2023/8/18 7:00,14.495
6687,30•ª,14.495
6688,2023/8/18 8:00,14.495
6689,30•ª,14.495
6690,2023/8/18 9:00,14.495
6691,30•ª,14.495
6692,2023/8/18 10:00,14.495
6693,30•ª,14.495
6694,2023/8/18 11:00,14.495
6695,30•ª,14.495
6696,2023/8/18 12:00,14.495
6697,30•ª,14.495
6698,2023/8/18 13:00,14.495
6699,30•ª,14.495
6700,2023/8/18 14:00,27.34
6701,30•ª,27.34
6702,2023/8/18 15:00,27.34
6703,30•ª,27.34
6704,2023/8/18 16:00,14.495
6705,30•ª,14.495
6706,2023/8/18 17:00,14.495
6707,30•ª,14.495
6708,2023/8/18 18:00,14.495
6709,30•ª,14.495
6710,2023/8/18 19:00,14.495
6711,30•ª,14.495
6712,2023/8/18 20:00,14.495
6713,30•ª,14.495
6714,2023/8/18 21:00,14.495
6715,30•ª,14.495
6716,2023/8/18 22:00,14.495
6717,30•ª,14.495
6718,2023/8/18 23:00,14.495
6719,30•ª,14.495
6720,2023/8/19 0:00,6.08
6721,30•ª,6.08
6722,2023/8/19 1:00,6.08
6723,30•ª,6.08
6724,2023/8/19 2:00,6.08
6725,30•ª,6.08
6726,2023/8/19 3:00,6.08
6727,30•ª,6.08
6728,2023/8/19 4:00,6.08
6729,30•ª,6.08
6730,2023/8/19 5:00,6.08
6731,30•ª,6.08
6732,2023/8/19 6:00,6.08
6733,30•ª,6.08
6734,2023/8/19 7:00,14.495
6735,30•ª,14.495
6736,2023/8/19 8:00,14.495
6737,30•ª,14.495
6738,2023/8/19 9:00,14.495
6739,30•ª,14.495
6740,2023/8/19 10:00,14.495
6741,30•ª,14.495
6742,2023/8/19 11:00,14.495
6743,30•ª,14.495
6744,2023/8/19 12:00,14.495
6745,30•ª,14.495
6746,2023/8/19 13:00,14.495
6747,30•ª,14.495
6748,2023/8/19 14:00,27.34
6749,30•ª,27.34
6750,2023/8/19 15:00,27.34
6751,30•ª,27.34
6752,2023/8/19 16:00,14.495
6753,30•ª,14.495
6754,2023/8/19 17:00,14.495
6755,30•ª,14.495
6756,2023/8/19 18:00,14.495
6757,30•ª,14.495
6758,2023/8/19 19:00,14.495
6759,30•ª,14.495
6760,2023/8/19 20:00,14.495
6761,30•ª,14.495
6762,2023/8/19 21:00,14.495
6763,30•ª,14.495
6764,2023/8/19 22:00,14.495
6765,30•ª,14.495
6766,2023/8/19 23:00,14.495
6767,30•ª,14.495
6768,2023/8/20 0:00,6.08
6769,30•ª,6.08
6770,2023/8/20 1:00,6.08
6771,30•ª,6.08
6772,2023/8/20 2:00,6.08
6773,30•ª,6.08
6774,2023/8/20 3:00,6.08
6775,30•ª,6.08
6776,2023/8/20 4:00,6.08
6777,30•ª,6.08
6778,2023/8/20 5:00,6.08
6779,30•ª,6.08
6780,2023/8/20 6:00,6.08
6781,30•ª,6.08
6782,2023/8/20 7:00,14.495
6783,30•ª,14.495
6784,2023/8/20 8:00,14.495
6785,30•ª,14.495
6786,2023/8/20 9:00,14.495
6787,30•ª,14.495
6788,2023/8/20 10:00,14.495
6789,30•ª,14.495
6790,2023/8/20 11:00,14.495
6791,30•ª,14.495
6792,2023/8/20 12:00,14.495
6793,30•ª,14.495
6794,2023/8/20 13:00,14.495
6795,30•ª,14.495
6796,2023/8/20 14:00,27.34
6797,30•ª,27.34
6798,2023/8/20 15:00,27.34
6799,30•ª,27.34
6800,2023/8/20 16:00,14.495
6801,30•ª,14.495
6802,2023/8/20 17:00,14.495
6803,30•ª,14.495
6804,2023/8/20 18:00,14.495
6805,30•ª,14.495
6806,2023/8/20 19:00,14.495
6807,30•ª,14.495
6808,2023/8/20 20:00,14.495
6809,30•ª,14.495
6810,2023/8/20 21:00,14.495
6811,30•ª,14.495
6812,2023/8/20 22:00,14.495
6813,30•ª,14.495
6814,2023/8/20 23:00,14.495
6815,30•ª,14.495
6816,2023/8/21 0:00,6.08
6817,30•ª,6.08
6818,2023/8/21 1:00,6.08
6819,30•ª,6.08
6820,2023/8/21 2:00,6.08
6821,30•ª,6.08
6822,2023/8/21 3:00,6.08
6823,30•ª,6.08
6824,2023/8/21 4:00,6.08
6825,30•ª,6.08
6826,2023/8/21 5:00,6.08
6827,30•ª,6.08
6828,2023/8/21 6:00,6.08
6829,30•ª,6.08
6830,2023/8/21 7:00,14.495
6831,30•ª,14.495
6832,2023/8/21 8:00,14.495
6833,30•ª,14.495
6834,2023/8/21 9:00,14.495
6835,30•ª,14.495
6836,2023/8/21 10:00,14.495
6837,30•ª,14.495
6838,2023/8/21 11:00,14.495
6839,30•ª,14.495
6840,2023/8/21 12:00,14.495
6841,30•ª,14.495
6842,2023/8/21 13:00,14.495
6843,30•ª,14.495
6844,2023/8/21 14:00,27.34
6845,30•ª,27.34
6846,2023/8/21 15:00,27.34
6847,30•ª,27.34
6848,2023/8/21 16:00,14.495
6849,30•ª,14.495
6850,2023/8/21 17:00,14.495
6851,30•ª,14.495
6852,2023/8/21 18:00,14.495
6853,30•ª,14.495
6854,2023/8/21 19:00,14.495
6855,30•ª,14.495
6856,2023/8/21 20:00,14.495
6857,30•ª,14.495
6858,2023/8/21 21:00,14.495
6859,30•ª,14.495
6860,2023/8/21 22:00,14.495
6861,30•ª,14.495
6862,2023/8/21 23:00,14.495
6863,30•ª,14.495
6864,2023/8/22 0:00,6.08
6865,30•ª,6.08
6866,2023/8/22 1:00,6.08
6867,30•ª,6.08
6868,2023/8/22 2:00,6.08
6869,30•ª,6.08
6870,2023/8/22 3:00,6.08
6871,30•ª,6.08
6872,2023/8/22 4:00,6.08
6873,30•ª,6.08
6874,2023/8/22 5:00,6.08
6875,30•ª,6.08
6876,2023/8/22 6:00,6.08
6877,30•ª,6.08
6878,2023/8/22 7:00,14.495
6879,30•ª,14.495
6880,2023/8/22 8:00,14.495
6881,30•ª,14.495
6882,2023/8/22 9:00,14.495
6883,30•ª,14.495
6884,2023/8/22 10:00,14.495
6885,30•ª,14.495
6886,2023/8/22 11:00,14.495
6887,30•ª,14.495
6888,2023/8/22 12:00,14.495
6889,30•ª,14.495
6890,2023/8/22 13:00,14.495
6891,30•ª,14.495
6892,2023/8/22 14:00,27.34
6893,30•ª,27.34
6894,2023/8/22 15:00,27.34
6895,30•ª,27.34
6896,2023/8/22 16:00,14.495
6897,30•ª,14.495
6898,2023/8/22 17:00,14.495
6899,30•ª,14.495
6900,2023/8/22 18:00,14.495
6901,30•ª,14.495
6902,2023/8/22 19:00,14.495
6903,30•ª,14.495
6904,2023/8/22 20:00,14.495
6905,30•ª,14.495
6906,2023/8/22 21:00,14.495
6907,30•ª,14.495
6908,2023/8/22 22:00,14.495
6909,30•ª,14.495
6910,2023/8/22 23:00,14.495
6911,30•ª,14.495
6912,2023/8/23 0:00,6.08
6913,30•ª,6.08
6914,2023/8/23 1:00,6.08
6915,30•ª,6.08
6916,2023/8/23 2:00,6.08
6917,30•ª,6.08
6918,2023/8/23 3:00,6.08
6919,30•ª,6.08
6920,2023/8/23 4:00,6.08
6921,30•ª,6.08
6922,2023/8/23 5:00,6.08
6923,30•ª,6.08
6924,2023/8/23 6:00,6.08
6925,30•ª,6.08
6926,2023/8/23 7:00,14.495
6927,30•ª,14.495
6928,2023/8/23 8:00,14.495
6929,30•ª,14.495
6930,2023/8/23 9:00,14.495
6931,30•ª,14.495
6932,2023/8/23 10:00,14.495
6933,30•ª,14.495
6934,2023/8/23 11:00,14.495
6935,30•ª,14.495
6936,2023/8/23 12:00,14.495
6937,30•ª,14.495
6938,2023/8/23 13:00,14.495
6939,30•ª,14.495
6940,2023/8/23 14:00,27.34
6941,30•ª,27.34
6942,2023/8/23 15:00,27.34
6943,30•ª,27.34
6944,2023/8/23 16:00,14.495
6945,30•ª,14.495
6946,2023/8/23 17:00,14.495
6947,30•ª,14.495
6948,2023/8/23 18:00,14.495
6949,30•ª,14.495
6950,2023/8/23 19:00,14.495
6951,30•ª,14.495
6952,2023/8/23 20:00,14.495
6953,30•ª,14.495
6954,2023/8/23 21:00,14.495
6955,30•ª,14.495
6956,2023/8/23 22:00,14.495
6957,30•ª,14.495
6958,2023/8/23 23:00,14.495
6959,30•ª,14.495
6960,2023/8/24 0:00,6.08
6961,30•ª,6.08
6962,2023/8/24 1:00,6.08
6963,30•ª,6.08
6964,2023/8/24 2:00,6.08
6965,30•ª,6.08
6966,2023/8/24 3:00,6.08
6967,30•ª,6.08
6968,2023/8/24 4:00,6.08
6969,30•ª,6.08
6970,2023/8/24 5:00,6.08
6971,30•ª,6.08
6972,2023/8/24 6:00,6.08
6973,30•ª,6.08
6974,2023/8/24 7:00,14.495
6975,30•ª,14.495
6976,2023/8/24 8:00,14.495
6977,30•ª,14.495
6978,2023/8/24 9:00,14.495
6979,30•ª,14.495
6980,2023/8/24 10:00,14.495
6981,30•ª,14.495
6982,2023/8/24 11:00,14.495
6983,30•ª,14.495
6984,2023/8/24 12:00,14.495
6985,30•ª,14.495
6986,2023/8/24 13:00,14.495
6987,30•ª,14.495
6988,2023/8/24 14:00,27.34
6989,30•ª,27.34
6990,2023/8/24 15:00,27.34
6991,30•ª,27.34
6992,2023/8/24 16:00,14.495
6993,30•ª,14.495
6994,2023/8/24 17:00,14.495
6995,30•ª,14.495
6996,2023/8/24 18:00,14.495
6997,30•ª,14.495
6998,2023/8/24 19:00,14.495
6999,30•ª,14.495
7000,2023/8/24 20:00,14.495
7001,30•ª,14.495
7002,2023/8/24 21:00,14.495
7003,30•ª,14.495
7004,2023/8/24 22:00,14.495
7005,30•ª,14.495
7006,2023/8/24 23:00,14.495
7007,30•ª,14.495
7008,2023/8/25 0:00,6.08
7009,30•ª,6.08
7010,2023/8/25 1:00,6.08
7011,30•ª,6.08
7012,2023/8/25 2:00,6.08
7013,30•ª,6.08
7014,2023/8/25 3:00,6.08
7015,30•ª,6.08
7016,2023/8/25 4:00,6.08
7017,30•ª,6.08
7018,2023/8/25 5:00,6.08
7019,30•ª,6.08
7020,2023/8/25 6:00,6.08
7021,30•ª,6.08
7022,2023/8/25 7:00,14.495
7023,30•ª,14.495
7024,2023/8/25 8:00,14.495
7025,30•ª,14.495
7026,2023/8/25 9:00,14.495
7027,30•ª,14.495
7028,2023/8/25 10:00,14.495
7029,30•ª,14.495
7030,2023/8/25 11:00,14.495
7031,30•ª,14.495
7032,2023/8/25 12:00,14.495
7033,30•ª,14.495
7034,2023/8/25 13:00,14.495
7035,30•ª,14.495
7036,2023/8/25 14:00,27.34
7037,30•ª,27.34
7038,2023/8/25 15:00,27.34
7039,30•ª,27.34
7040,2023/8/25 16:00,14.495
7041,30•ª,14.495
7042,2023/8/25 17:00,14.495
7043,30•ª,14.495
7044,2023/8/25 18:00,14.495
7045,30•ª,14.495
7046,2023/8/25 19:00,14.495
7047,30•ª,14.495
7048,2023/8/25 20:00,14.495
7049,30•ª,14.495
7050,2023/8/25 21:00,14.495
7051,30•ª,14.495
7052,2023/8/25 22:00,14.495
7053,30•ª,14.495
7054,2023/8/25 23:00,14.495
7055,30•ª,14.495
7056,2023/8/26 0:00,6.08
7057,30•ª,6.08
7058,2023/8/26 1:00,6.08
7059,30•ª,6.08
7060,2023/8/26 2:00,6.08
7061,30•ª,6.08
7062,2023/8/26 3:00,6.08
7063,30•ª,6.08
7064,2023/8/26 4:00,6.08
7065,30•ª,6.08
7066,2023/8/26 5:00,6.08
7067,30•ª,6.08
7068,2023/8/26 6:00,6.08
7069,30•ª,6.08
7070,2023/8/26 7:00,14.495
7071,30•ª,14.495
7072,2023/8/26 8:00,14.495
7073,30•ª,14.495
7074,2023/8/26 9:00,14.495
7075,30•ª,14.495
7076,2023/8/26 10:00,14.495
7077,30•ª,14.495
7078,2023/8/26 11:00,14.495
7079,30•ª,14.495
7080,2023/8/26 12:00,14.495
7081,30•ª,14.495
7082,2023/8/26 13:00,14.495
7083,30•ª,14.495
7084,2023/8/26 14:00,27.34
7085,30•ª,27.34
7086,2023/8/26 15:00,27.34
7087,30•ª,27.34
7088,2023/8/26 16:00,14.495
7089,30•ª,14.495
7090,2023/8/26 17:00,14.495
7091,30•ª,14.495
7092,2023/8/26 18:00,14.495
7093,30•ª,14.495
7094,2023/8/26 19:00,14.495
7095,30•ª,14.495
7096,2023/8/26 20:00,14.495
7097,30•ª,14.495
7098,2023/8/26 21:00,14.495
7099,30•ª,14.495
7100,2023/8/26 22:00,14.495
7101,30•ª,14.495
7102,2023/8/26 23:00,14.495
7103,30•ª,14.495
7104,2023/8/27 0:00,6.08
7105,30•ª,6.08
7106,2023/8/27 1:00,6.08
7107,30•ª,6.08
7108,2023/8/27 2:00,6.08
7109,30•ª,6.08
7110,2023/8/27 3:00,6.08
7111,30•ª,6.08
7112,2023/8/27 4:00,6.08
7113,30•ª,6.08
7114,2023/8/27 5:00,6.08
7115,30•ª,6.08
7116,2023/8/27 6:00,6.08
7117,30•ª,6.08
7118,2023/8/27 7:00,14.495
7119,30•ª,14.495
7120,2023/8/27 8:00,14.495
7121,30•ª,14.495
7122,2023/8/27 9:00,14.495
7123,30•ª,14.495
7124,2023/8/27 10:00,14.495
7125,30•ª,14.495
7126,2023/8/27 11:00,14.495
7127,30•ª,14.495
7128,2023/8/27 12:00,14.495
7129,30•ª,14.495
7130,2023/8/27 13:00,14.495
7131,30•ª,14.495
7132,2023/8/27 14:00,27.34
7133,30•ª,27.34
7134,2023/8/27 15:00,27.34
7135,30•ª,27.34
7136,2023/8/27 16:00,14.495
7137,30•ª,14.495
7138,2023/8/27 17:00,14.495
7139,30•ª,14.495
7140,2023/8/27 18:00,14.495
7141,30•ª,14.495
7142,2023/8/27 19:00,14.495
7143,30•ª,14.495
7144,2023/8/27 20:00,14.495
7145,30•ª,14.495
7146,2023/8/27 21:00,14.495
7147,30•ª,14.495
7148,2023/8/27 22:00,14.495
7149,30•ª,14.495
7150,2023/8/27 23:00,14.495
7151,30•ª,14.495
7152,2023/8/28 0:00,6.08
7153,30•ª,6.08
7154,2023/8/28 1:00,6.08
7155,30•ª,6.08
7156,2023/8/28 2:00,6.08
7157,30•ª,6.08
7158,2023/8/28 3:00,6.08
7159,30•ª,6.08
7160,2023/8/28 4:00,6.08
7161,30•ª,6.08
7162,2023/8/28 5:00,6.08
7163,30•ª,6.08
7164,2023/8/28 6:00,6.08
7165,30•ª,6.08
7166,2023/8/28 7:00,14.495
7167,30•ª,14.495
7168,2023/8/28 8:00,14.495
7169,30•ª,14.495
7170,2023/8/28 9:00,14.495
7171,30•ª,14.495
7172,2023/8/28 10:00,14.495
7173,30•ª,14.495
7174,2023/8/28 11:00,14.495
7175,30•ª,14.495
7176,2023/8/28 12:00,14.495
7177,30•ª,14.495
7178,2023/8/28 13:00,14.495
7179,30•ª,14.495
7180,2023/8/28 14:00,27.34
7181,30•ª,27.34
7182,2023/8/28 15:00,27.34
7183,30•ª,27.34
7184,2023/8/28 16:00,14.495
7185,30•ª,14.495
7186,2023/8/28 17:00,14.495
7187,30•ª,14.495
7188,2023/8/28 18:00,14.495
7189,30•ª,14.495
7190,2023/8/28 19:00,14.495
7191,30•ª,14.495
7192,2023/8/28 20:00,14.495
7193,30•ª,14.495
7194,2023/8/28 21:00,14.495
7195,30•ª,14.495
7196,2023/8/28 22:00,14.495
7197,30•ª,14.495
7198,2023/8/28 23:00,14.495
7199,30•ª,14.495
7200,2023/8/29 0:00,6.08
7201,30•ª,6.08
7202,2023/8/29 1:00,6.08
7203,30•ª,6.08
7204,2023/8/29 2:00,6.08
7205,30•ª,6.08
7206,2023/8/29 3:00,6.08
7207,30•ª,6.08
7208,2023/8/29 4:00,6.08
7209,30•ª,6.08
7210,2023/8/29 5:00,6.08
7211,30•ª,6.08
7212,2023/8/29 6:00,6.08
7213,30•ª,6.08
7214,2023/8/29 7:00,14.495
7215,30•ª,14.495
7216,2023/8/29 8:00,14.495
7217,30•ª,14.495
7218,2023/8/29 9:00,14.495
7219,30•ª,14.495
7220,2023/8/29 10:00,14.495
7221,30•ª,14.495
7222,2023/8/29 11:00,14.495
7223,30•ª,14.495
7224,2023/8/29 12:00,14.495
7225,30•ª,14.495
7226,2023/8/29 13:00,14.495
7227,30•ª,14.495
7228,2023/8/29 14:00,27.34
7229,30•ª,27.34
7230,2023/8/29 15:00,27.34
7231,30•ª,27.34
7232,2023/8/29 16:00,14.495
7233,30•ª,14.495
7234,2023/8/29 17:00,14.495
7235,30•ª,14.495
7236,2023/8/29 18:00,14.495
7237,30•ª,14.495
7238,2023/8/29 19:00,14.495
7239,30•ª,14.495
7240,2023/8/29 20:00,14.495
7241,30•ª,14.495
7242,2023/8/29 21:00,14.495
7243,30•ª,14.495
7244,2023/8/29 22:00,14.495
7245,30•ª,14.495
7246,2023/8/29 23:00,14.495
7247,30•ª,14.495
7248,2023/8/30 0:00,6.08
7249,30•ª,6.08
7250,2023/8/30 1:00,6.08
7251,30•ª,6.08
7252,2023/8/30 2:00,6.08
7253,30•ª,6.08
7254,2023/8/30 3:00,6.08
7255,30•ª,6.08
7256,2023/8/30 4:00,6.08
7257,30•ª,6.08
7258,2023/8/30 5:00,6.08
7259,30•ª,6.08
7260,2023/8/30 6:00,6.08
7261,30•ª,6.08
7262,2023/8/30 7:00,14.495
7263,30•ª,14.495
7264,2023/8/30 8:00,14.495
7265,30•ª,14.495
7266,2023/8/30 9:00,14.495
7267,30•ª,14.495
7268,2023/8/30 10:00,14.495
7269,30•ª,14.495
7270,2023/8/30 11:00,14.495
7271,30•ª,14.495
7272,2023/8/30 12:00,14.495
7273,30•ª,14.495
7274,2023/8/30 13:00,14.495
7275,30•ª,14.495
7276,2023/8/30 14:00,27.34
7277,30•ª,27.34
7278,2023/8/30 15:00,27.34
7279,30•ª,27.34
7280,2023/8/30 16:00,14.495
7281,30•ª,14.495
7282,2023/8/30 17:00,14.495
7283,30•ª,14.495
7284,2023/8/30 18:00,14.495
7285,30•ª,14.495
7286,2023/8/30 19:00,14.495
7287,30•ª,14.495
7288,2023/8/30 20:00,14.495
7289,30•ª,14.495
7290,2023/8/30 21:00,14.495
7291,30•ª,14.495
7292,2023/8/30 22:00,14.495
7293,30•ª,14.495
7294,2023/8/30 23:00,14.495
7295,30•ª,14.495
7296,2023/8/31 0:00,6.08
7297,30•ª,6.08
7298,2023/8/31 1:00,6.08
7299,30•ª,6.08
7300,2023/8/31 2:00,6.08
7301,30•ª,6.08
7302,2023/8/31 3:00,6.08
7303,30•ª,6.08
7304,2023/8/31 4:00,6.08
7305,30•ª,6.08
7306,2023/8/31 5:00,6.08
7307,30•ª,6.08
7308,2023/8/31 6:00,6.08
7309,30•ª,6.08
7310,2023/8/31 7:00,14.495
7311,30•ª,14.495
7312,2023/8/31 8:00,14.495
7313,30•ª,14.495
7314,2023/8/31 9:00,14.495
7315,30•ª,14.495
7316,2023/8/31 10:00,14.495
7317,30•ª,14.495
7318,2023/8/31 11:00,14.495
7319,30•ª,14.495
7320,2023/8/31 12:00,14.495
7321,30•ª,14.495
7322,2023/8/31 13:00,14.495
7323,30•ª,14.495
7324,2023/8/31 14:00,27.34
7325,30•ª,27.34
7326,2023/8/31 15:00,27.34
7327,30•ª,27.34
7328,2023/8/31 16:00,14.495
7329,30•ª,14.495
7330,2023/8/31 17:00,14.495
7331,30•ª,14.495
7332,2023/8/31 18:00,14.495
7333,30•ª,14.495
7334,2023/8/31 19:00,14.495
7335,30•ª,14.495
7336,2023/8/31 20:00,14.495
7337,30•ª,14.495
7338,2023/8/31 21:00,14.495
7339,30•ª,14.495
7340,2023/8/31 22:00,14.495
7341,30•ª,14.495
7342,2023/8/31 23:00,14.495
7343,30•ª,14.495
7344,2023/9/1 0:00,6.08
7345,30•ª,6.08
7346,2023/9/1 1:00,6.08
7347,30•ª,6.08
7348,2023/9/1 2:00,6.08
7349,30•ª,6.08
7350,2023/9/1 3:00,6.08
7351,30•ª,6.08
7352,2023/9/1 4:00,6.08
7353,30•ª,6.08
7354,2023/9/1 5:00,6.08
7355,30•ª,6.08
7356,2023/9/1 6:00,6.08
7357,30•ª,6.08
7358,2023/9/1 7:00,14.495
7359,30•ª,14.495
7360,2023/9/1 8:00,14.495
7361,30•ª,14.495
7362,2023/9/1 9:00,14.495
7363,30•ª,14.495
7364,2023/9/1 10:00,14.495
7365,30•ª,14.495
7366,2023/9/1 11:00,14.495
7367,30•ª,14.495
7368,2023/9/1 12:00,14.495
7369,30•ª,14.495
7370,2023/9/1 13:00,14.495
7371,30•ª,14.495
7372,2023/9/1 14:00,27.34
7373,30•ª,27.34
7374,2023/9/1 15:00,27.34
7375,30•ª,27.34
7376,2023/9/1 16:00,14.495
7377,30•ª,14.495
7378,2023/9/1 17:00,14.495
7379,30•ª,14.495
7380,2023/9/1 18:00,14.495
7381,30•ª,14.495
7382,2023/9/1 19:00,14.495
7383,30•ª,14.495
7384,2023/9/1 20:00,14.495
7385,30•ª,14.495
7386,2023/9/1 21:00,14.495
7387,30•ª,14.495
7388,2023/9/1 22:00,14.495
7389,30•ª,14.495
7390,2023/9/1 23:00,14.495
7391,30•ª,14.495
7392,2023/9/2 0:00,6.08
7393,30•ª,6.08
7394,2023/9/2 1:00,6.08
7395,30•ª,6.08
7396,2023/9/2 2:00,6.08
7397,30•ª,6.08
7398,2023/9/2 3:00,6.08
7399,30•ª,6.08
7400,2023/9/2 4:00,6.08
7401,30•ª,6.08
7402,2023/9/2 5:00,6.08
7403,30•ª,6.08
7404,2023/9/2 6:00,6.08
7405,30•ª,6.08
7406,2023/9/2 7:00,14.495
7407,30•ª,14.495
7408,2023/9/2 8:00,14.495
7409,30•ª,14.495
7410,2023/9/2 9:00,14.495
7411,30•ª,14.495
7412,2023/9/2 10:00,14.495
7413,30•ª,14.495
7414,2023/9/2 11:00,14.495
7415,30•ª,14.495
7416,2023/9/2 12:00,14.495
7417,30•ª,14.495
7418,2023/9/2 13:00,14.495
7419,30•ª,14.495
7420,2023/9/2 14:00,27.34
7421,30•ª,27.34
7422,2023/9/2 15:00,27.34
7423,30•ª,27.34
7424,2023/9/2 16:00,14.495
7425,30•ª,14.495
7426,2023/9/2 17:00,14.495
7427,30•ª,14.495
7428,2023/9/2 18:00,14.495
7429,30•ª,14.495
7430,2023/9/2 19:00,14.495
7431,30•ª,14.495
7432,2023/9/2 20:00,14.495
7433,30•ª,14.495
7434,2023/9/2 21:00,14.495
7435,30•ª,14.495
7436,2023/9/2 22:00,14.495
7437,30•ª,14.495
7438,2023/9/2 23:00,14.495
7439,30•ª,14.495
7440,2023/9/3 0:00,6.08
7441,30•ª,6.08
7442,2023/9/3 1:00,6.08
7443,30•ª,6.08
7444,2023/9/3 2:00,6.08
7445,30•ª,6.08
7446,2023/9/3 3:00,6.08
7447,30•ª,6.08
7448,2023/9/3 4:00,6.08
7449,30•ª,6.08
7450,2023/9/3 5:00,6.08
7451,30•ª,6.08
7452,2023/9/3 6:00,6.08
7453,30•ª,6.08
7454,2023/9/3 7:00,14.495
7455,30•ª,14.495
7456,2023/9/3 8:00,14.495
7457,30•ª,14.495
7458,2023/9/3 9:00,14.495
7459,30•ª,14.495
7460,2023/9/3 10:00,14.495
7461,30•ª,14.495
7462,2023/9/3 11:00,14.495
7463,30•ª,14.495
7464,2023/9/3 12:00,14.495
7465,30•ª,14.495
7466,2023/9/3 13:00,14.495
7467,30•ª,14.495
7468,2023/9/3 14:00,27.34
7469,30•ª,27.34
7470,2023/9/3 15:00,27.34
7471,30•ª,27.34
7472,2023/9/3 16:00,14.495
7473,30•ª,14.495
7474,2023/9/3 17:00,14.495
7475,30•ª,14.495
7476,2023/9/3 18:00,14.495
7477,30•ª,14.495
7478,2023/9/3 19:00,14.495
7479,30•ª,14.495
7480,2023/9/3 20:00,14.495
7481,30•ª,14.495
7482,2023/9/3 21:00,14.495
7483,30•ª,14.495
7484,2023/9/3 22:00,14.495
7485,30•ª,14.495
7486,2023/9/3 23:00,14.495
7487,30•ª,14.495
7488,2023/9/4 0:00,6.08
7489,30•ª,6.08
7490,2023/9/4 1:00,6.08
7491,30•ª,6.08
7492,2023/9/4 2:00,6.08
7493,30•ª,6.08
7494,2023/9/4 3:00,6.08
7495,30•ª,6.08
7496,2023/9/4 4:00,6.08
7497,30•ª,6.08
7498,2023/9/4 5:00,6.08
7499,30•ª,6.08
7500,2023/9/4 6:00,6.08
7501,30•ª,6.08
7502,2023/9/4 7:00,14.495
7503,30•ª,14.495
7504,2023/9/4 8:00,14.495
7505,30•ª,14.495
7506,2023/9/4 9:00,14.495
7507,30•ª,14.495
7508,2023/9/4 10:00,14.495
7509,30•ª,14.495
7510,2023/9/4 11:00,14.495
7511,30•ª,14.495
7512,2023/9/4 12:00,14.495
7513,30•ª,14.495
7514,2023/9/4 13:00,14.495
7515,30•ª,14.495
7516,2023/9/4 14:00,27.34
7517,30•ª,27.34
7518,2023/9/4 15:00,27.34
7519,30•ª,27.34
7520,2023/9/4 16:00,14.495
7521,30•ª,14.495
7522,2023/9/4 17:00,14.495
7523,30•ª,14.495
7524,2023/9/4 18:00,14.495
7525,30•ª,14.495
7526,2023/9/4 19:00,14.495
7527,30•ª,14.495
7528,2023/9/4 20:00,14.495
7529,30•ª,14.495
7530,2023/9/4 21:00,14.495
7531,30•ª,14.495
7532,2023/9/4 22:00,14.495
7533,30•ª,14.495
7534,2023/9/4 23:00,14.495
7535,30•ª,14.495
7536,2023/9/5 0:00,6.08
7537,30•ª,6.08
7538,2023/9/5 1:00,6.08
7539,30•ª,6.08
7540,2023/9/5 2:00,6.08
7541,30•ª,6.08
7542,2023/9/5 3:00,6.08
7543,30•ª,6.08
7544,2023/9/5 4:00,6.08
7545,30•ª,6.08
7546,2023/9/5 5:00,6.08
7547,30•ª,6.08
7548,2023/9/5 6:00,6.08
7549,30•ª,6.08
7550,2023/9/5 7:00,14.495
7551,30•ª,14.495
7552,2023/9/5 8:00,14.495
7553,30•ª,14.495
7554,2023/9/5 9:00,14.495
7555,30•ª,14.495
7556,2023/9/5 10:00,14.495
7557,30•ª,14.495
7558,2023/9/5 11:00,14.495
7559,30•ª,14.495
7560,2023/9/5 12:00,14.495
7561,30•ª,14.495
7562,2023/9/5 13:00,14.495
7563,30•ª,14.495
7564,2023/9/5 14:00,27.34
7565,30•ª,27.34
7566,2023/9/5 15:00,27.34
7567,30•ª,27.34
7568,2023/9/5 16:00,14.495
7569,30•ª,14.495
7570,2023/9/5 17:00,14.495
7571,30•ª,14.495
7572,2023/9/5 18:00,14.495
7573,30•ª,14.495
7574,2023/9/5 19:00,14.495
7575,30•ª,14.495
7576,2023/9/5 20:00,14.495
7577,30•ª,14.495
7578,2023/9/5 21:00,14.495
7579,30•ª,14.495
7580,2023/9/5 22:00,14.495
7581,30•ª,14.495
7582,2023/9/5 23:00,14.495
7583,30•ª,14.495
7584,2023/9/6 0:00,6.08
7585,30•ª,6.08
7586,2023/9/6 1:00,6.08
7587,30•ª,6.08
7588,2023/9/6 2:00,6.08
7589,30•ª,6.08
7590,2023/9/6 3:00,6.08
7591,30•ª,6.08
7592,2023/9/6 4:00,6.08
7593,30•ª,6.08
7594,2023/9/6 5:00,6.08
7595,30•ª,6.08
7596,2023/9/6 6:00,6.08
7597,30•ª,6.08
7598,2023/9/6 7:00,14.495
7599,30•ª,14.495
7600,2023/9/6 8:00,14.495
7601,30•ª,14.495
7602,2023/9/6 9:00,14.495
7603,30•ª,14.495
7604,2023/9/6 10:00,14.495
7605,30•ª,14.495
7606,2023/9/6 11:00,14.495
7607,30•ª,14.495
7608,2023/9/6 12:00,14.495
7609,30•ª,14.495
7610,2023/9/6 13:00,14.495
7611,30•ª,14.495
7612,2023/9/6 14:00,27.34
7613,30•ª,27.34
7614,2023/9/6 15:00,27.34
7615,30•ª,27.34
7616,2023/9/6 16:00,14.495
7617,30•ª,14.495
7618,2023/9/6 17:00,14.495
7619,30•ª,14.495
7620,2023/9/6 18:00,14.495
7621,30•ª,14.495
7622,2023/9/6 19:00,14.495
7623,30•ª,14.495
7624,2023/9/6 20:00,14.495
7625,30•ª,14.495
7626,2023/9/6 21:00,14.495
7627,30•ª,14.495
7628,2023/9/6 22:00,14.495
7629,30•ª,14.495
7630,2023/9/6 23:00,14.495
7631,30•ª,14.495
7632,2023/9/7 0:00,6.08
7633,30•ª,6.08
7634,2023/9/7 1:00,6.08
7635,30•ª,6.08
7636,2023/9/7 2:00,6.08
7637,30•ª,6.08
7638,2023/9/7 3:00,6.08
7639,30•ª,6.08
7640,2023/9/7 4:00,6.08
7641,30•ª,6.08
7642,2023/9/7 5:00,6.08
7643,30•ª,6.08
7644,2023/9/7 6:00,6.08
7645,30•ª,6.08
7646,2023/9/7 7:00,14.495
7647,30•ª,14.495
7648,2023/9/7 8:00,14.495
7649,30•ª,14.495
7650,2023/9/7 9:00,14.495
7651,30•ª,14.495
7652,2023/9/7 10:00,14.495
7653,30•ª,14.495
7654,2023/9/7 11:00,14.495
7655,30•ª,14.495
7656,2023/9/7 12:00,14.495
7657,30•ª,14.495
7658,2023/9/7 13:00,14.495
7659,30•ª,14.495
7660,2023/9/7 14:00,27.34
7661,30•ª,27.34
7662,2023/9/7 15:00,27.34
7663,30•ª,27.34
7664,2023/9/7 16:00,14.495
7665,30•ª,14.495
7666,2023/9/7 17:00,14.495
7667,30•ª,14.495
7668,2023/9/7 18:00,14.495
7669,30•ª,14.495
7670,2023/9/7 19:00,14.495
7671,30•ª,14.495
7672,2023/9/7 20:00,14.495
7673,30•ª,14.495
7674,2023/9/7 21:00,14.495
7675,30•ª,14.495
7676,2023/9/7 22:00,14.495
7677,30•ª,14.495
7678,2023/9/7 23:00,14.495
7679,30•ª,14.495
7680,2023/9/8 0:00,6.08
7681,30•ª,6.08
7682,2023/9/8 1:00,6.08
7683,30•ª,6.08
7684,2023/9/8 2:00,6.08
7685,30•ª,6.08
7686,2023/9/8 3:00,6.08
7687,30•ª,6.08
7688,2023/9/8 4:00,6.08
7689,30•ª,6.08
7690,2023/9/8 5:00,6.08
7691,30•ª,6.08
7692,2023/9/8 6:00,6.08
7693,30•ª,6.08
7694,2023/9/8 7:00,14.495
7695,30•ª,14.495
7696,2023/9/8 8:00,14.495
7697,30•ª,14.495
7698,2023/9/8 9:00,14.495
7699,30•ª,14.495
7700,2023/9/8 10:00,14.495
7701,30•ª,14.495
7702,2023/9/8 11:00,14.495
7703,30•ª,14.495
7704,2023/9/8 12:00,14.495
7705,30•ª,14.495
7706,2023/9/8 13:00,14.495
7707,30•ª,14.495
7708,2023/9/8 14:00,27.34
7709,30•ª,27.34
7710,2023/9/8 15:00,27.34
7711,30•ª,27.34
7712,2023/9/8 16:00,14.495
7713,30•ª,14.495
7714,2023/9/8 17:00,14.495
7715,30•ª,14.495
7716,2023/9/8 18:00,14.495
7717,30•ª,14.495
7718,2023/9/8 19:00,14.495
7719,30•ª,14.495
7720,2023/9/8 20:00,14.495
7721,30•ª,14.495
7722,2023/9/8 21:00,14.495
7723,30•ª,14.495
7724,2023/9/8 22:00,14.495
7725,30•ª,14.495
7726,2023/9/8 23:00,14.495
7727,30•ª,14.495
7728,2023/9/9 0:00,6.08
7729,30•ª,6.08
7730,2023/9/9 1:00,6.08
7731,30•ª,6.08
7732,2023/9/9 2:00,6.08
7733,30•ª,6.08
7734,2023/9/9 3:00,6.08
7735,30•ª,6.08
7736,2023/9/9 4:00,6.08
7737,30•ª,6.08
7738,2023/9/9 5:00,6.08
7739,30•ª,6.08
7740,2023/9/9 6:00,6.08
7741,30•ª,6.08
7742,2023/9/9 7:00,14.495
7743,30•ª,14.495
7744,2023/9/9 8:00,14.495
7745,30•ª,14.495
7746,2023/9/9 9:00,14.495
7747,30•ª,14.495
7748,2023/9/9 10:00,14.495
7749,30•ª,14.495
7750,2023/9/9 11:00,14.495
7751,30•ª,14.495
7752,2023/9/9 12:00,14.495
7753,30•ª,14.495
7754,2023/9/9 13:00,14.495
7755,30•ª,14.495
7756,2023/9/9 14:00,27.34
7757,30•ª,27.34
7758,2023/9/9 15:00,27.34
7759,30•ª,27.34
7760,2023/9/9 16:00,14.495
7761,30•ª,14.495
7762,2023/9/9 17:00,14.495
7763,30•ª,14.495
7764,2023/9/9 18:00,14.495
7765,30•ª,14.495
7766,2023/9/9 19:00,14.495
7767,30•ª,14.495
7768,2023/9/9 20:00,14.495
7769,30•ª,14.495
7770,2023/9/9 21:00,14.495
7771,30•ª,14.495
7772,2023/9/9 22:00,14.495
7773,30•ª,14.495
7774,2023/9/9 23:00,14.495
7775,30•ª,14.495
7776,2023/9/10 0:00,6.08
7777,30•ª,6.08
7778,2023/9/10 1:00,6.08
7779,30•ª,6.08
7780,2023/9/10 2:00,6.08
7781,30•ª,6.08
7782,2023/9/10 3:00,6.08
7783,30•ª,6.08
7784,2023/9/10 4:00,6.08
7785,30•ª,6.08
7786,2023/9/10 5:00,6.08
7787,30•ª,6.08
7788,2023/9/10 6:00,6.08
7789,30•ª,6.08
7790,2023/9/10 7:00,14.495
7791,30•ª,14.495
7792,2023/9/10 8:00,14.495
7793,30•ª,14.495
7794,2023/9/10 9:00,14.495
7795,30•ª,14.495
7796,2023/9/10 10:00,14.495
7797,30•ª,14.495
7798,2023/9/10 11:00,14.495
7799,30•ª,14.495
7800,2023/9/10 12:00,14.495
7801,30•ª,14.495
7802,2023/9/10 13:00,14.495
7803,30•ª,14.495
7804,2023/9/10 14:00,27.34
7805,30•ª,27.34
7806,2023/9/10 15:00,27.34
7807,30•ª,27.34
7808,2023/9/10 16:00,14.495
7809,30•ª,14.495
7810,2023/9/10 17:00,14.495
7811,30•ª,14.495
7812,2023/9/10 18:00,14.495
7813,30•ª,14.495
7814,2023/9/10 19:00,14.495
7815,30•ª,14.495
7816,2023/9/10 20:00,14.495
7817,30•ª,14.495
7818,2023/9/10 21:00,14.495
7819,30•ª,14.495
7820,2023/9/10 22:00,14.495
7821,30•ª,14.495
7822,2023/9/10 23:00,14.495
7823,30•ª,14.495
7824,2023/9/11 0:00,6.08
7825,30•ª,6.08
7826,2023/9/11 1:00,6.08
7827,30•ª,6.08
7828,2023/9/11 2:00,6.08
7829,30•ª,6.08
7830,2023/9/11 3:00,6.08
7831,30•ª,6.08
7832,2023/9/11 4:00,6.08
7833,30•ª,6.08
7834,2023/9/11 5:00,6.08
7835,30•ª,6.08
7836,2023/9/11 6:00,6.08
7837,30•ª,6.08
7838,2023/9/11 7:00,14.495
7839,30•ª,14.495
7840,2023/9/11 8:00,14.495
7841,30•ª,14.495
7842,2023/9/11 9:00,14.495
7843,30•ª,14.495
7844,2023/9/11 10:00,14.495
7845,30•ª,14.495
7846,2023/9/11 11:00,14.495
7847,30•ª,14.495
7848,2023/9/11 12:00,14.495
7849,30•ª,14.495
7850,2023/9/11 13:00,14.495
7851,30•ª,14.495
7852,2023/9/11 14:00,27.34
7853,30•ª,27.34
7854,2023/9/11 15:00,27.34
7855,30•ª,27.34
7856,2023/9/11 16:00,14.495
7857,30•ª,14.495
7858,2023/9/11 17:00,14.495
7859,30•ª,14.495
7860,2023/9/11 18:00,14.495
7861,30•ª,14.495
7862,2023/9/11 19:00,14.495
7863,30•ª,14.495
7864,2023/9/11 20:00,14.495
7865,30•ª,14.495
7866,2023/9/11 21:00,14.495
7867,30•ª,14.495
7868,2023/9/11 22:00,14.495
7869,30•ª,14.495
7870,2023/9/11 23:00,14.495
7871,30•ª,14.495
7872,2023/9/12 0:00,6.08
7873,30•ª,6.08
7874,2023/9/12 1:00,6.08
7875,30•ª,6.08
7876,2023/9/12 2:00,6.08
7877,30•ª,6.08
7878,2023/9/12 3:00,6.08
7879,30•ª,6.08
7880,2023/9/12 4:00,6.08
7881,30•ª,6.08
7882,2023/9/12 5:00,6.08
7883,30•ª,6.08
7884,2023/9/12 6:00,6.08
7885,30•ª,6.08
7886,2023/9/12 7:00,14.495
7887,30•ª,14.495
7888,2023/9/12 8:00,14.495
7889,30•ª,14.495
7890,2023/9/12 9:00,14.495
7891,30•ª,14.495
7892,2023/9/12 10:00,14.495
7893,30•ª,14.495
7894,2023/9/12 11:00,14.495
7895,30•ª,14.495
7896,2023/9/12 12:00,14.495
7897,30•ª,14.495
7898,2023/9/12 13:00,14.495
7899,30•ª,14.495
7900,2023/9/12 14:00,27.34
7901,30•ª,27.34
7902,2023/9/12 15:00,27.34
7903,30•ª,27.34
7904,2023/9/12 16:00,14.495
7905,30•ª,14.495
7906,2023/9/12 17:00,14.495
7907,30•ª,14.495
7908,2023/9/12 18:00,14.495
7909,30•ª,14.495
7910,2023/9/12 19:00,14.495
7911,30•ª,14.495
7912,2023/9/12 20:00,14.495
7913,30•ª,14.495
7914,2023/9/12 21:00,14.495
7915,30•ª,14.495
7916,2023/9/12 22:00,14.495
7917,30•ª,14.495
7918,2023/9/12 23:00,14.495
7919,30•ª,14.495
7920,2023/9/13 0:00,6.08
7921,30•ª,6.08
7922,2023/9/13 1:00,6.08
7923,30•ª,6.08
7924,2023/9/13 2:00,6.08
7925,30•ª,6.08
7926,2023/9/13 3:00,6.08
7927,30•ª,6.08
7928,2023/9/13 4:00,6.08
7929,30•ª,6.08
7930,2023/9/13 5:00,6.08
7931,30•ª,6.08
7932,2023/9/13 6:00,6.08
7933,30•ª,6.08
7934,2023/9/13 7:00,14.495
7935,30•ª,14.495
7936,2023/9/13 8:00,14.495
7937,30•ª,14.495
7938,2023/9/13 9:00,14.495
7939,30•ª,14.495
7940,2023/9/13 10:00,14.495
7941,30•ª,14.495
7942,2023/9/13 11:00,14.495
7943,30•ª,14.495
7944,2023/9/13 12:00,14.495
7945,30•ª,14.495
7946,2023/9/13 13:00,14.495
7947,30•ª,14.495
7948,2023/9/13 14:00,27.34
7949,30•ª,27.34
7950,2023/9/13 15:00,27.34
7951,30•ª,27.34
7952,2023/9/13 16:00,14.495
7953,30•ª,14.495
7954,2023/9/13 17:00,14.495
7955,30•ª,14.495
7956,2023/9/13 18:00,14.495
7957,30•ª,14.495
7958,2023/9/13 19:00,14.495
7959,30•ª,14.495
7960,2023/9/13 20:00,14.495
7961,30•ª,14.495
7962,2023/9/13 21:00,14.495
7963,30•ª,14.495
7964,2023/9/13 22:00,14.495
7965,30•ª,14.495
7966,2023/9/13 23:00,14.495
7967,30•ª,14.495
7968,2023/9/14 0:00,6.08
7969,30•ª,6.08
7970,2023/9/14 1:00,6.08
7971,30•ª,6.08
7972,2023/9/14 2:00,6.08
7973,30•ª,6.08
7974,2023/9/14 3:00,6.08
7975,30•ª,6.08
7976,2023/9/14 4:00,6.08
7977,30•ª,6.08
7978,2023/9/14 5:00,6.08
7979,30•ª,6.08
7980,2023/9/14 6:00,6.08
7981,30•ª,6.08
7982,2023/9/14 7:00,14.495
7983,30•ª,14.495
7984,2023/9/14 8:00,14.495
7985,30•ª,14.495
7986,2023/9/14 9:00,14.495
7987,30•ª,14.495
7988,2023/9/14 10:00,14.495
7989,30•ª,14.495
7990,2023/9/14 11:00,14.495
7991,30•ª,14.495
7992,2023/9/14 12:00,14.495
7993,30•ª,14.495
7994,2023/9/14 13:00,14.495
7995,30•ª,14.495
7996,2023/9/14 14:00,27.34
7997,30•ª,27.34
7998,2023/9/14 15:00,27.34
7999,30•ª,27.34
8000,2023/9/14 16:00,14.495
8001,30•ª,14.495
8002,2023/9/14 17:00,14.495
8003,30•ª,14.495
8004,2023/9/14 18:00,14.495
8005,30•ª,14.495
8006,2023/9/14 19:00,14.495
8007,30•ª,14.495
8008,2023/9/14 20:00,14.495
8009,30•ª,14.495
8010,2023/9/14 21:00,14.495
8011,30•ª,14.495
8012,2023/9/14 22:00,14.495
8013,30•ª,14.495
8014,2023/9/14 23:00,14.495
8015,30•ª,14.495
8016,2023/9/15 0:00,6.08
8017,30•ª,6.08
8018,2023/9/15 1:00,6.08
8019,30•ª,6.08
8020,2023/9/15 2:00,6.08
8021,30•ª,6.08
8022,2023/9/15 3:00,6.08
8023,30•ª,6.08
8024,2023/9/15 4:00,6.08
8025,30•ª,6.08
8026,2023/9/15 5:00,6.08
8027,30•ª,6.08
8028,2023/9/15 6:00,6.08
8029,30•ª,6.08
8030,2023/9/15 7:00,14.495
8031,30•ª,14.495
8032,2023/9/15 8:00,14.495
8033,30•ª,14.495
8034,2023/9/15 9:00,14.495
8035,30•ª,14.495
8036,2023/9/15 10:00,14.495
8037,30•ª,14.495
8038,2023/9/15 11:00,14.495
8039,30•ª,14.495
8040,2023/9/15 12:00,14.495
8041,30•ª,14.495
8042,2023/9/15 13:00,14.495
8043,30•ª,14.495
8044,2023/9/15 14:00,27.34
8045,30•ª,27.34
8046,2023/9/15 15:00,27.34
8047,30•ª,27.34
8048,2023/9/15 16:00,14.495
8049,30•ª,14.495
8050,2023/9/15 17:00,14.495
8051,30•ª,14.495
8052,2023/9/15 18:00,14.495
8053,30•ª,14.495
8054,2023/9/15 19:00,14.495
8055,30•ª,14.495
8056,2023/9/15 20:00,14.495
8057,30•ª,14.495
8058,2023/9/15 21:00,14.495
8059,30•ª,14.495
8060,2023/9/15 22:00,14.495
8061,30•ª,14.495
8062,2023/9/15 23:00,14.495
8063,30•ª,14.495
8064,2023/9/16 0:00,6.08
8065,30•ª,6.08
8066,2023/9/16 1:00,6.08
8067,30•ª,6.08
8068,2023/9/16 2:00,6.08
8069,30•ª,6.08
8070,2023/9/16 3:00,6.08
8071,30•ª,6.08
8072,2023/9/16 4:00,6.08
8073,30•ª,6.08
8074,2023/9/16 5:00,6.08
8075,30•ª,6.08
8076,2023/9/16 6:00,6.08
8077,30•ª,6.08
8078,2023/9/16 7:00,14.495
8079,30•ª,14.495
8080,2023/9/16 8:00,14.495
8081,30•ª,14.495
8082,2023/9/16 9:00,14.495
8083,30•ª,14.495
8084,2023/9/16 10:00,14.495
8085,30•ª,14.495
8086,2023/9/16 11:00,14.495
8087,30•ª,14.495
8088,2023/9/16 12:00,14.495
8089,30•ª,14.495
8090,2023/9/16 13:00,14.495
8091,30•ª,14.495
8092,2023/9/16 14:00,27.34
8093,30•ª,27.34
8094,2023/9/16 15:00,27.34
8095,30•ª,27.34
8096,2023/9/16 16:00,14.495
8097,30•ª,14.495
8098,2023/9/16 17:00,14.495
8099,30•ª,14.495
8100,2023/9/16 18:00,14.495
8101,30•ª,14.495
8102,2023/9/16 19:00,14.495
8103,30•ª,14.495
8104,2023/9/16 20:00,14.495
8105,30•ª,14.495
8106,2023/9/16 21:00,14.495
8107,30•ª,14.495
8108,2023/9/16 22:00,14.495
8109,30•ª,14.495
8110,2023/9/16 23:00,14.495
8111,30•ª,14.495
8112,2023/9/17 0:00,6.08
8113,30•ª,6.08
8114,2023/9/17 1:00,6.08
8115,30•ª,6.08
8116,2023/9/17 2:00,6.08
8117,30•ª,6.08
8118,2023/9/17 3:00,6.08
8119,30•ª,6.08
8120,2023/9/17 4:00,6.08
8121,30•ª,6.08
8122,2023/9/17 5:00,6.08
8123,30•ª,6.08
8124,2023/9/17 6:00,6.08
8125,30•ª,6.08
8126,2023/9/17 7:00,14.495
8127,30•ª,14.495
8128,2023/9/17 8:00,14.495
8129,30•ª,14.495
8130,2023/9/17 9:00,14.495
8131,30•ª,14.495
8132,2023/9/17 10:00,14.495
8133,30•ª,14.495
8134,2023/9/17 11:00,14.495
8135,30•ª,14.495
8136,2023/9/17 12:00,14.495
8137,30•ª,14.495
8138,2023/9/17 13:00,14.495
8139,30•ª,14.495
8140,2023/9/17 14:00,27.34
8141,30•ª,27.34
8142,2023/9/17 15:00,27.34
8143,30•ª,27.34
8144,2023/9/17 16:00,14.495
8145,30•ª,14.495
8146,2023/9/17 17:00,14.495
8147,30•ª,14.495
8148,2023/9/17 18:00,14.495
8149,30•ª,14.495
8150,2023/9/17 19:00,14.495
8151,30•ª,14.495
8152,2023/9/17 20:00,14.495
8153,30•ª,14.495
8154,2023/9/17 21:00,14.495
8155,30•ª,14.495
8156,2023/9/17 22:00,14.495
8157,30•ª,14.495
8158,2023/9/17 23:00,14.495
8159,30•ª,14.495
8160,2023/9/18 0:00,6.08
8161,30•ª,6.08
8162,2023/9/18 1:00,6.08
8163,30•ª,6.08
8164,2023/9/18 2:00,6.08
8165,30•ª,6.08
8166,2023/9/18 3:00,6.08
8167,30•ª,6.08
8168,2023/9/18 4:00,6.08
8169,30•ª,6.08
8170,2023/9/18 5:00,6.08
8171,30•ª,6.08
8172,2023/9/18 6:00,6.08
8173,30•ª,6.08
8174,2023/9/18 7:00,14.495
8175,30•ª,14.495
8176,2023/9/18 8:00,14.495
8177,30•ª,14.495
8178,2023/9/18 9:00,14.495
8179,30•ª,14.495
8180,2023/9/18 10:00,14.495
8181,30•ª,14.495
8182,2023/9/18 11:00,14.495
8183,30•ª,14.495
8184,2023/9/18 12:00,14.495
8185,30•ª,14.495
8186,2023/9/18 13:00,14.495
8187,30•ª,14.495
8188,2023/9/18 14:00,27.34
8189,30•ª,27.34
8190,2023/9/18 15:00,27.34
8191,30•ª,27.34
8192,2023/9/18 16:00,14.495
8193,30•ª,14.495
8194,2023/9/18 17:00,14.495
8195,30•ª,14.495
8196,2023/9/18 18:00,14.495
8197,30•ª,14.495
8198,2023/9/18 19:00,14.495
8199,30•ª,14.495
8200,2023/9/18 20:00,14.495
8201,30•ª,14.495
8202,2023/9/18 21:00,14.495
8203,30•ª,14.495
8204,2023/9/18 22:00,14.495
8205,30•ª,14.495
8206,2023/9/18 23:00,14.495
8207,30•ª,14.495
8208,2023/9/19 0:00,6.08
8209,30•ª,6.08
8210,2023/9/19 1:00,6.08
8211,30•ª,6.08
8212,2023/9/19 2:00,6.08
8213,30•ª,6.08
8214,2023/9/19 3:00,6.08
8215,30•ª,6.08
8216,2023/9/19 4:00,6.08
8217,30•ª,6.08
8218,2023/9/19 5:00,6.08
8219,30•ª,6.08
8220,2023/9/19 6:00,6.08
8221,30•ª,6.08
8222,2023/9/19 7:00,14.495
8223,30•ª,14.495
8224,2023/9/19 8:00,14.495
8225,30•ª,14.495
8226,2023/9/19 9:00,14.495
8227,30•ª,14.495
8228,2023/9/19 10:00,14.495
8229,30•ª,14.495
8230,2023/9/19 11:00,14.495
8231,30•ª,14.495
8232,2023/9/19 12:00,14.495
8233,30•ª,14.495
8234,2023/9/19 13:00,14.495
8235,30•ª,14.495
8236,2023/9/19 14:00,27.34
8237,30•ª,27.34
8238,2023/9/19 15:00,27.34
8239,30•ª,27.34
8240,2023/9/19 16:00,14.495
8241,30•ª,14.495
8242,2023/9/19 17:00,14.495
8243,30•ª,14.495
8244,2023/9/19 18:00,14.495
8245,30•ª,14.495
8246,2023/9/19 19:00,14.495
8247,30•ª,14.495
8248,2023/9/19 20:00,14.495
8249,30•ª,14.495
8250,2023/9/19 21:00,14.495
8251,30•ª,14.495
8252,2023/9/19 22:00,14.495
8253,30•ª,14.495
8254,2023/9/19 23:00,14.495
8255,30•ª,14.495
8256,2023/9/20 0:00,6.08
8257,30•ª,6.08
8258,2023/9/20 1:00,6.08
8259,30•ª,6.08
8260,2023/9/20 2:00,6.08
8261,30•ª,6.08
8262,2023/9/20 3:00,6.08
8263,30•ª,6.08
8264,2023/9/20 4:00,6.08
8265,30•ª,6.08
8266,2023/9/20 5:00,6.08
8267,30•ª,6.08
8268,2023/9/20 6:00,6.08
8269,30•ª,6.08
8270,2023/9/20 7:00,14.495
8271,30•ª,14.495
8272,2023/9/20 8:00,14.495
8273,30•ª,14.495
8274,2023/9/20 9:00,14.495
8275,30•ª,14.495
8276,2023/9/20 10:00,14.495
8277,30•ª,14.495
8278,2023/9/20 11:00,14.495
8279,30•ª,14.495
8280,2023/9/20 12:00,14.495
8281,30•ª,14.495
8282,2023/9/20 13:00,14.495
8283,30•ª,14.495
8284,2023/9/20 14:00,27.34
8285,30•ª,27.34
8286,2023/9/20 15:00,27.34
8287,30•ª,27.34
8288,2023/9/20 16:00,14.495
8289,30•ª,14.495
8290,2023/9/20 17:00,14.495
8291,30•ª,14.495
8292,2023/9/20 18:00,14.495
8293,30•ª,14.495
8294,2023/9/20 19:00,14.495
8295,30•ª,14.495
8296,2023/9/20 20:00,14.495
8297,30•ª,14.495
8298,2023/9/20 21:00,14.495
8299,30•ª,14.495
8300,2023/9/20 22:00,14.495
8301,30•ª,14.495
8302,2023/9/20 23:00,14.495
8303,30•ª,14.495
8304,2023/9/21 0:00,6.08
8305,30•ª,6.08
8306,2023/9/21 1:00,6.08
8307,30•ª,6.08
8308,2023/9/21 2:00,6.08
8309,30•ª,6.08
8310,2023/9/21 3:00,6.08
8311,30•ª,6.08
8312,2023/9/21 4:00,6.08
8313,30•ª,6.08
8314,2023/9/21 5:00,6.08
8315,30•ª,6.08
8316,2023/9/21 6:00,6.08
8317,30•ª,6.08
8318,2023/9/21 7:00,14.495
8319,30•ª,14.495
8320,2023/9/21 8:00,14.495
8321,30•ª,14.495
8322,2023/9/21 9:00,14.495
8323,30•ª,14.495
8324,2023/9/21 10:00,14.495
8325,30•ª,14.495
8326,2023/9/21 11:00,14.495
8327,30•ª,14.495
8328,2023/9/21 12:00,14.495
8329,30•ª,14.495
8330,2023/9/21 13:00,14.495
8331,30•ª,14.495
8332,2023/9/21 14:00,27.34
8333,30•ª,27.34
8334,2023/9/21 15:00,27.34
8335,30•ª,27.34
8336,2023/9/21 16:00,14.495
8337,30•ª,14.495
8338,2023/9/21 17:00,14.495
8339,30•ª,14.495
8340,2023/9/21 18:00,14.495
8341,30•ª,14.495
8342,2023/9/21 19:00,14.495
8343,30•ª,14.495
8344,2023/9/21 20:00,14.495
8345,30•ª,14.495
8346,2023/9/21 21:00,14.495
8347,30•ª,14.495
8348,2023/9/21 22:00,14.495
8349,30•ª,14.495
8350,2023/9/21 23:00,14.495
8351,30•ª,14.495
8352,2023/9/22 0:00,6.08
8353,30•ª,6.08
8354,2023/9/22 1:00,6.08
8355,30•ª,6.08
8356,2023/9/22 2:00,6.08
8357,30•ª,6.08
8358,2023/9/22 3:00,6.08
8359,30•ª,6.08
8360,2023/9/22 4:00,6.08
8361,30•ª,6.08
8362,2023/9/22 5:00,6.08
8363,30•ª,6.08
8364,2023/9/22 6:00,6.08
8365,30•ª,6.08
8366,2023/9/22 7:00,14.495
8367,30•ª,14.495
8368,2023/9/22 8:00,14.495
8369,30•ª,14.495
8370,2023/9/22 9:00,14.495
8371,30•ª,14.495
8372,2023/9/22 10:00,14.495
8373,30•ª,14.495
8374,2023/9/22 11:00,14.495
8375,30•ª,14.495
8376,2023/9/22 12:00,14.495
8377,30•ª,14.495
8378,2023/9/22 13:00,14.495
8379,30•ª,14.495
8380,2023/9/22 14:00,27.34
8381,30•ª,27.34
8382,2023/9/22 15:00,27.34
8383,30•ª,27.34
8384,2023/9/22 16:00,14.495
8385,30•ª,14.495
8386,2023/9/22 17:00,14.495
8387,30•ª,14.495
8388,2023/9/22 18:00,14.495
8389,30•ª,14.495
8390,2023/9/22 19:00,14.495
8391,30•ª,14.495
8392,2023/9/22 20:00,14.495
8393,30•ª,14.495
8394,2023/9/22 21:00,14.495
8395,30•ª,14.495
8396,2023/9/22 22:00,14.495
8397,30•ª,14.495
8398,2023/9/22 23:00,14.495
8399,30•ª,14.495
8400,2023/9/23 0:00,6.08
8401,30•ª,6.08
8402,2023/9/23 1:00,6.08
8403,30•ª,6.08
8404,2023/9/23 2:00,6.08
8405,30•ª,6.08
8406,2023/9/23 3:00,6.08
8407,30•ª,6.08
8408,2023/9/23 4:00,6.08
8409,30•ª,6.08
8410,2023/9/23 5:00,6.08
8411,30•ª,6.08
8412,2023/9/23 6:00,6.08
8413,30•ª,6.08
8414,2023/9/23 7:00,14.495
8415,30•ª,14.495
8416,2023/9/23 8:00,14.495
8417,30•ª,14.495
8418,2023/9/23 9:00,14.495
8419,30•ª,14.495
8420,2023/9/23 10:00,14.495
8421,30•ª,14.495
8422,2023/9/23 11:00,14.495
8423,30•ª,14.495
8424,2023/9/23 12:00,14.495
8425,30•ª,14.495
8426,2023/9/23 13:00,14.495
8427,30•ª,14.495
8428,2023/9/23 14:00,27.34
8429,30•ª,27.34
8430,2023/9/23 15:00,27.34
8431,30•ª,27.34
8432,2023/9/23 16:00,14.495
8433,30•ª,14.495
8434,2023/9/23 17:00,14.495
8435,30•ª,14.495
8436,2023/9/23 18:00,14.495
8437,30•ª,14.495
8438,2023/9/23 19:00,14.495
8439,30•ª,14.495
8440,2023/9/23 20:00,14.495
8441,30•ª,14.495
8442,2023/9/23 21:00,14.495
8443,30•ª,14.495
8444,2023/9/23 22:00,14.495
8445,30•ª,14.495
8446,2023/9/23 23:00,14.495
8447,30•ª,14.495
8448,2023/9/24 0:00,6.08
8449,30•ª,6.08
8450,2023/9/24 1:00,6.08
8451,30•ª,6.08
8452,2023/9/24 2:00,6.08
8453,30•ª,6.08
8454,2023/9/24 3:00,6.08
8455,30•ª,6.08
8456,2023/9/24 4:00,6.08
8457,30•ª,6.08
8458,2023/9/24 5:00,6.08
8459,30•ª,6.08
8460,2023/9/24 6:00,6.08
8461,30•ª,6.08
8462,2023/9/24 7:00,14.495
8463,30•ª,14.495
8464,2023/9/24 8:00,14.495
8465,30•ª,14.495
8466,2023/9/24 9:00,14.495
8467,30•ª,14.495
8468,2023/9/24 10:00,14.495
8469,30•ª,14.495
8470,2023/9/24 11:00,14.495
8471,30•ª,14.495
8472,2023/9/24 12:00,14.495
8473,30•ª,14.495
8474,2023/9/24 13:00,14.495
8475,30•ª,14.495
8476,2023/9/24 14:00,27.34
8477,30•ª,27.34
8478,2023/9/24 15:00,27.34
8479,30•ª,27.34
8480,2023/9/24 16:00,14.495
8481,30•ª,14.495
8482,2023/9/24 17:00,14.495
8483,30•ª,14.495
8484,2023/9/24 18:00,14.495
8485,30•ª,14.495
8486,2023/9/24 19:00,14.495
8487,30•ª,14.495
8488,2023/9/24 20:00,14.495
8489,30•ª,14.495
8490,2023/9/24 21:00,14.495
8491,30•ª,14.495
8492,2023/9/24 22:00,14.495
8493,30•ª,14.495
8494,2023/9/24 23:00,14.495
8495,30•ª,14.495
8496,2023/9/25 0:00,6.08
8497,30•ª,6.08
8498,2023/9/25 1:00,6.08
8499,30•ª,6.08
8500,2023/9/25 2:00,6.08
8501,30•ª,6.08
8502,2023/9/25 3:00,6.08
8503,30•ª,6.08
8504,2023/9/25 4:00,6.08
8505,30•ª,6.08
8506,2023/9/25 5:00,6.08
8507,30•ª,6.08
8508,2023/9/25 6:00,6.08
8509,30•ª,6.08
8510,2023/9/25 7:00,14.495
8511,30•ª,14.495
8512,2023/9/25 8:00,14.495
8513,30•ª,14.495
8514,2023/9/25 9:00,14.495
8515,30•ª,14.495
8516,2023/9/25 10:00,14.495
8517,30•ª,14.495
8518,2023/9/25 11:00,14.495
8519,30•ª,14.495
8520,2023/9/25 12:00,14.495
8521,30•ª,14.495
8522,2023/9/25 13:00,14.495
8523,30•ª,14.495
8524,2023/9/25 14:00,27.34
8525,30•ª,27.34
8526,2023/9/25 15:00,27.34
8527,30•ª,27.34
8528,2023/9/25 16:00,14.495
8529,30•ª,14.495
8530,2023/9/25 17:00,14.495
8531,30•ª,14.495
8532,2023/9/25 18:00,14.495
8533,30•ª,14.495
8534,2023/9/25 19:00,14.495
8535,30•ª,14.495
8536,2023/9/25 20:00,14.495
8537,30•ª,14.495
8538,2023/9/25 21:00,14.495
8539,30•ª,14.495
8540,2023/9/25 22:00,14.495
8541,30•ª,14.495
8542,2023/9/25 23:00,14.495
8543,30•ª,14.495
8544,2023/9/26 0:00,6.08
8545,30•ª,6.08
8546,2023/9/26 1:00,6.08
8547,30•ª,6.08
8548,2023/9/26 2:00,6.08
8549,30•ª,6.08
8550,2023/9/26 3:00,6.08
8551,30•ª,6.08
8552,2023/9/26 4:00,6.08
8553,30•ª,6.08
8554,2023/9/26 5:00,6.08
8555,30•ª,6.08
8556,2023/9/26 6:00,6.08
8557,30•ª,6.08
8558,2023/9/26 7:00,14.495
8559,30•ª,14.495
8560,2023/9/26 8:00,14.495
8561,30•ª,14.495
8562,2023/9/26 9:00,14.495
8563,30•ª,14.495
8564,2023/9/26 10:00,14.495
8565,30•ª,14.495
8566,2023/9/26 11:00,14.495
8567,30•ª,14.495
8568,2023/9/26 12:00,14.495
8569,30•ª,14.495
8570,2023/9/26 13:00,14.495
8571,30•ª,14.495
8572,2023/9/26 14:00,27.34
8573,30•ª,27.34
8574,2023/9/26 15:00,27.34
8575,30•ª,27.34
8576,2023/9/26 16:00,14.495
8577,30•ª,14.495
8578,2023/9/26 17:00,14.495
8579,30•ª,14.495
8580,2023/9/26 18:00,14.495
8581,30•ª,14.495
8582,2023/9/26 19:00,14.495
8583,30•ª,14.495
8584,2023/9/26 20:00,14.495
8585,30•ª,14.495
8586,2023/9/26 21:00,14.495
8587,30•ª,14.495
8588,2023/9/26 22:00,14.495
8589,30•ª,14.495
8590,2023/9/26 23:00,14.495
8591,30•ª,14.495
8592,2023/9/27 0:00,6.08
8593,30•ª,6.08
8594,2023/9/27 1:00,6.08
8595,30•ª,6.08
8596,2023/9/27 2:00,6.08
8597,30•ª,6.08
8598,2023/9/27 3:00,6.08
8599,30•ª,6.08
8600,2023/9/27 4:00,6.08
8601,30•ª,6.08
8602,2023/9/27 5:00,6.08
8603,30•ª,6.08
8604,2023/9/27 6:00,6.08
8605,30•ª,6.08
8606,2023/9/27 7:00,14.495
8607,30•ª,14.495
8608,2023/9/27 8:00,14.495
8609,30•ª,14.495
8610,2023/9/27 9:00,14.495
8611,30•ª,14.495
8612,2023/9/27 10:00,14.495
8613,30•ª,14.495
8614,2023/9/27 11:00,14.495
8615,30•ª,14.495
8616,2023/9/27 12:00,14.495
8617,30•ª,14.495
8618,2023/9/27 13:00,14.495
8619,30•ª,14.495
8620,2023/9/27 14:00,27.34
8621,30•ª,27.34
8622,2023/9/27 15:00,27.34
8623,30•ª,27.34
8624,2023/9/27 16:00,14.495
8625,30•ª,14.495
8626,2023/9/27 17:00,14.495
8627,30•ª,14.495
8628,2023/9/27 18:00,14.495
8629,30•ª,14.495
8630,2023/9/27 19:00,14.495
8631,30•ª,14.495
8632,2023/9/27 20:00,14.495
8633,30•ª,14.495
8634,2023/9/27 21:00,14.495
8635,30•ª,14.495
8636,2023/9/27 22:00,14.495
8637,30•ª,14.495
8638,2023/9/27 23:00,14.495
8639,30•ª,14.495
8640,2023/9/28 0:00,6.08
8641,30•ª,6.08
8642,2023/9/28 1:00,6.08
8643,30•ª,6.08
8644,2023/9/28 2:00,6.08
8645,30•ª,6.08
8646,2023/9/28 3:00,6.08
8647,30•ª,6.08
8648,2023/9/28 4:00,6.08
8649,30•ª,6.08
8650,2023/9/28 5:00,6.08
8651,30•ª,6.08
8652,2023/9/28 6:00,6.08
8653,30•ª,6.08
8654,2023/9/28 7:00,14.495
8655,30•ª,14.495
8656,2023/9/28 8:00,14.495
8657,30•ª,14.495
8658,2023/9/28 9:00,14.495
8659,30•ª,14.495
8660,2023/9/28 10:00,14.495
8661,30•ª,14.495
8662,2023/9/28 11:00,14.495
8663,30•ª,14.495
8664,2023/9/28 12:00,14.495
8665,30•ª,14.495
8666,2023/9/28 13:00,14.495
8667,30•ª,14.495
8668,2023/9/28 14:00,27.34
8669,30•ª,27.34
8670,2023/9/28 15:00,27.34
8671,30•ª,27.34
8672,2023/9/28 16:00,14.495
8673,30•ª,14.495
8674,2023/9/28 17:00,14.495
8675,30•ª,14.495
8676,2023/9/28 18:00,14.495
8677,30•ª,14.495
8678,2023/9/28 19:00,14.495
8679,30•ª,14.495
8680,2023/9/28 20:00,14.495
8681,30•ª,14.495
8682,2023/9/28 21:00,14.495
8683,30•ª,14.495
8684,2023/9/28 22:00,14.495
8685,30•ª,14.495
8686,2023/9/28 23:00,14.495
8687,30•ª,14.495
8688,2023/9/29 0:00,6.08
8689,30•ª,6.08
8690,2023/9/29 1:00,6.08
8691,30•ª,6.08
8692,2023/9/29 2:00,6.08
8693,30•ª,6.08
8694,2023/9/29 3:00,6.08
8695,30•ª,6.08
8696,2023/9/29 4:00,6.08
8697,30•ª,6.08
8698,2023/9/29 5:00,6.08
8699,30•ª,6.08
8700,2023/9/29 6:00,6.08
8701,30•ª,6.08
8702,2023/9/29 7:00,14.495
8703,30•ª,14.495
8704,2023/9/29 8:00,14.495
8705,30•ª,14.495
8706,2023/9/29 9:00,14.495
8707,30•ª,14.495
8708,2023/9/29 10:00,14.495
8709,30•ª,14.495
8710,2023/9/29 11:00,14.495
8711,30•ª,14.495
8712,2023/9/29 12:00,14.495
8713,30•ª,14.495
8714,2023/9/29 13:00,14.495
8715,30•ª,14.495
8716,2023/9/29 14:00,27.34
8717,30•ª,27.34
8718,2023/9/29 15:00,27.34
8719,30•ª,27.34
8720,2023/9/29 16:00,14.495
8721,30•ª,14.495
8722,2023/9/29 17:00,14.495
8723,30•ª,14.495
8724,2023/9/29 18:00,14.495
8725,30•ª,14.495
8726,2023/9/29 19:00,14.495
8727,30•ª,14.495
8728,2023/9/29 20:00,14.495
8729,30•ª,14.495
8730,2023/9/29 21:00,14.495
8731,30•ª,14.495
8732,2023/9/29 22:00,14.495
8733,30•ª,14.495
8734,2023/9/29 23:00,14.495
8735,30•ª,14.495
8736,2023/9/30 0:00,6.08
8737,30•ª,6.08
8738,2023/9/30 1:00,6.08
8739,30•ª,6.08
8740,2023/9/30 2:00,6.08
8741,30•ª,6.08
8742,2023/9/30 3:00,6.08
8743,30•ª,6.08
8744,2023/9/30 4:00,6.08
8745,30•ª,6.08
8746,2023/9/30 5:00,6.08
8747,30•ª,6.08
8748,2023/9/30 6:00,6.08
8749,30•ª,6.08
8750,2023/9/30 7:00,14.495
8751,30•ª,14.495
8752,2023/9/30 8:00,14.495
8753,30•ª,14.495
8754,2023/9/30 9:00,14.495
8755,30•ª,14.495
8756,2023/9/30 10:00,14.495
8757,30•ª,14.495
8758,2023/9/30 11:00,14.495
8759,30•ª,14.495
8760,2023/9/30 12:00,14.495
8761,30•ª,14.495
8762,2023/9/30 13:00,14.495
8763,30•ª,14.495
8764,2023/9/30 14:00,27.34
8765,30•ª,27.34
8766,2023/9/30 15:00,27.34
8767,30•ª,27.34
8768,2023/9/30 16:00,14.495
8769,30•ª,14.495
8770,2023/9/30 17:00,14.495
8771,30•ª,14.495
8772,2023/9/30 18:00,14.495
8773,30•ª,14.495
8774,2023/9/30 19:00,14.495
8775,30•ª,14.495
8776,2023/9/30 20:00,14.495
8777,30•ª,14.495
8778,2023/9/30 21:00,14.495
8779,30•ª,14.495
8780,2023/9/30 22:00,14.495
8781,30•ª,14.495
8782,2023/9/30 23:00,14.495
8783,30•ª,14.495
8784,2023/10/1 0:00,6.08
8785,30•ª,6.08
8786,2023/10/1 1:00,6.08
8787,30•ª,6.08
8788,2023/10/1 2:00,6.08
8789,30•ª,6.08
8790,2023/10/1 3:00,6.08
8791,30•ª,6.08
8792,2023/10/1 4:00,6.08
8793,30•ª,6.08
8794,2023/10/1 5:00,6.08
8795,30•ª,6.08
8796,2023/10/1 6:00,6.08
8797,30•ª,6.08
8798,2023/10/1 7:00,14.495
8799,30•ª,14.495
8800,2023/10/1 8:00,14.495
8801,30•ª,14.495
8802,2023/10/1 9:00,14.495
8803,30•ª,14.495
8804,2023/10/1 10:00,14.495
8805,30•ª,14.495
8806,2023/10/1 11:00,14.495
8807,30•ª,14.495
8808,2023/10/1 12:00,14.495
8809,30•ª,14.495
8810,2023/10/1 13:00,14.495
8811,30•ª,14.495
8812,2023/10/1 14:00,14.495
8813,30•ª,14.495
8814,2023/10/1 15:00,14.495
8815,30•ª,14.495
8816,2023/10/1 16:00,14.495
8817,30•ª,14.495
8818,2023/10/1 17:00,14.495
8819,30•ª,14.495
8820,2023/10/1 18:00,14.495
8821,30•ª,14.495
8822,2023/10/1 19:00,14.495
8823,30•ª,14.495
8824,2023/10/1 20:00,14.495
8825,30•ª,14.495
8826,2023/10/1 21:00,14.495
8827,30•ª,14.495
8828,2023/10/1 22:00,14.495
8829,30•ª,14.495
8830,2023/10/1 23:00,14.495
8831,30•ª,14.495
8832,2023/10/2 0:00,6.08
8833,30•ª,6.08
8834,2023/10/2 1:00,6.08
8835,30•ª,6.08
8836,2023/10/2 2:00,6.08
8837,30•ª,6.08
8838,2023/10/2 3:00,6.08
8839,30•ª,6.08
8840,2023/10/2 4:00,6.08
8841,30•ª,6.08
8842,2023/10/2 5:00,6.08
8843,30•ª,6.08
8844,2023/10/2 6:00,6.08
8845,30•ª,6.08
8846,2023/10/2 7:00,14.495
8847,30•ª,14.495
8848,2023/10/2 8:00,14.495
8849,30•ª,14.495
8850,2023/10/2 9:00,14.495
8851,30•ª,14.495
8852,2023/10/2 10:00,14.495
8853,30•ª,14.495
8854,2023/10/2 11:00,14.495
8855,30•ª,14.495
8856,2023/10/2 12:00,14.495
8857,30•ª,14.495
8858,2023/10/2 13:00,14.495
8859,30•ª,14.495
8860,2023/10/2 14:00,14.495
8861,30•ª,14.495
8862,2023/10/2 15:00,14.495
8863,30•ª,14.495
8864,2023/10/2 16:00,14.495
8865,30•ª,14.495
8866,2023/10/2 17:00,14.495
8867,30•ª,14.495
8868,2023/10/2 18:00,14.495
8869,30•ª,14.495
8870,2023/10/2 19:00,14.495
8871,30•ª,14.495
8872,2023/10/2 20:00,14.495
8873,30•ª,14.495
8874,2023/10/2 21:00,14.495
8875,30•ª,14.495
8876,2023/10/2 22:00,14.495
8877,30•ª,14.495
8878,2023/10/2 23:00,14.495
8879,30•ª,14.495
8880,2023/10/3 0:00,6.08
8881,30•ª,6.08
8882,2023/10/3 1:00,6.08
8883,30•ª,6.08
8884,2023/10/3 2:00,6.08
8885,30•ª,6.08
8886,2023/10/3 3:00,6.08
8887,30•ª,6.08
8888,2023/10/3 4:00,6.08
8889,30•ª,6.08
8890,2023/10/3 5:00,6.08
8891,30•ª,6.08
8892,2023/10/3 6:00,6.08
8893,30•ª,6.08
8894,2023/10/3 7:00,14.495
8895,30•ª,14.495
8896,2023/10/3 8:00,14.495
8897,30•ª,14.495
8898,2023/10/3 9:00,14.495
8899,30•ª,14.495
8900,2023/10/3 10:00,14.495
8901,30•ª,14.495
8902,2023/10/3 11:00,14.495
8903,30•ª,14.495
8904,2023/10/3 12:00,14.495
8905,30•ª,14.495
8906,2023/10/3 13:00,14.495
8907,30•ª,14.495
8908,2023/10/3 14:00,14.495
8909,30•ª,14.495
8910,2023/10/3 15:00,14.495
8911,30•ª,14.495
8912,2023/10/3 16:00,14.495
8913,30•ª,14.495
8914,2023/10/3 17:00,14.495
8915,30•ª,14.495
8916,2023/10/3 18:00,14.495
8917,30•ª,14.495
8918,2023/10/3 19:00,14.495
8919,30•ª,14.495
8920,2023/10/3 20:00,14.495
8921,30•ª,14.495
8922,2023/10/3 21:00,14.495
8923,30•ª,14.495
8924,2023/10/3 22:00,14.495
8925,30•ª,14.495
8926,2023/10/3 23:00,14.495
8927,30•ª,14.495
8928,2023/10/4 0:00,6.08
8929,30•ª,6.08
8930,2023/10/4 1:00,6.08
8931,30•ª,6.08
8932,2023/10/4 2:00,6.08
8933,30•ª,6.08
8934,2023/10/4 3:00,6.08
8935,30•ª,6.08
8936,2023/10/4 4:00,6.08
8937,30•ª,6.08
8938,2023/10/4 5:00,6.08
8939,30•ª,6.08
8940,2023/10/4 6:00,6.08
8941,30•ª,6.08
8942,2023/10/4 7:00,14.495
8943,30•ª,14.495
8944,2023/10/4 8:00,14.495
8945,30•ª,14.495
8946,2023/10/4 9:00,14.495
8947,30•ª,14.495
8948,2023/10/4 10:00,14.495
8949,30•ª,14.495
8950,2023/10/4 11:00,14.495
8951,30•ª,14.495
8952,2023/10/4 12:00,14.495
8953,30•ª,14.495
8954,2023/10/4 13:00,14.495
8955,30•ª,14.495
8956,2023/10/4 14:00,14.495
8957,30•ª,14.495
8958,2023/10/4 15:00,14.495
8959,30•ª,14.495
8960,2023/10/4 16:00,14.495
8961,30•ª,14.495
8962,2023/10/4 17:00,14.495
8963,30•ª,14.495
8964,2023/10/4 18:00,14.495
8965,30•ª,14.495
8966,2023/10/4 19:00,14.495
8967,30•ª,14.495
8968,2023/10/4 20:00,14.495
8969,30•ª,14.495
8970,2023/10/4 21:00,14.495
8971,30•ª,14.495
8972,2023/10/4 22:00,14.495
8973,30•ª,14.495
8974,2023/10/4 23:00,14.495
8975,30•ª,14.495
8976,2023/10/5 0:00,6.08
8977,30•ª,6.08
8978,2023/10/5 1:00,6.08
8979,30•ª,6.08
8980,2023/10/5 2:00,6.08
8981,30•ª,6.08
8982,2023/10/5 3:00,6.08
8983,30•ª,6.08
8984,2023/10/5 4:00,6.08
8985,30•ª,6.08
8986,2023/10/5 5:00,6.08
8987,30•ª,6.08
8988,2023/10/5 6:00,6.08
8989,30•ª,6.08
8990,2023/10/5 7:00,14.495
8991,30•ª,14.495
8992,2023/10/5 8:00,14.495
8993,30•ª,14.495
8994,2023/10/5 9:00,14.495
8995,30•ª,14.495
8996,2023/10/5 10:00,14.495
8997,30•ª,14.495
8998,2023/10/5 11:00,14.495
8999,30•ª,14.495
9000,2023/10/5 12:00,14.495
9001,30•ª,14.495
9002,2023/10/5 13:00,14.495
9003,30•ª,14.495
9004,2023/10/5 14:00,14.495
9005,30•ª,14.495
9006,2023/10/5 15:00,14.495
9007,30•ª,14.495
9008,2023/10/5 16:00,14.495
9009,30•ª,14.495
9010,2023/10/5 17:00,14.495
9011,30•ª,14.495
9012,2023/10/5 18:00,14.495
9013,30•ª,14.495
9014,2023/10/5 19:00,14.495
9015,30•ª,14.495
9016,2023/10/5 20:00,14.495
9017,30•ª,14.495
9018,2023/10/5 21:00,14.495
9019,30•ª,14.495
9020,2023/10/5 22:00,14.495
9021,30•ª,14.495
9022,2023/10/5 23:00,14.495
9023,30•ª,14.495
9024,2023/10/6 0:00,6.08
9025,30•ª,6.08
9026,2023/10/6 1:00,6.08
9027,30•ª,6.08
9028,2023/10/6 2:00,6.08
9029,30•ª,6.08
9030,2023/10/6 3:00,6.08
9031,30•ª,6.08
9032,2023/10/6 4:00,6.08
9033,30•ª,6.08
9034,2023/10/6 5:00,6.08
9035,30•ª,6.08
9036,2023/10/6 6:00,6.08
9037,30•ª,6.08
9038,2023/10/6 7:00,14.495
9039,30•ª,14.495
9040,2023/10/6 8:00,14.495
9041,30•ª,14.495
9042,2023/10/6 9:00,14.495
9043,30•ª,14.495
9044,2023/10/6 10:00,14.495
9045,30•ª,14.495
9046,2023/10/6 11:00,14.495
9047,30•ª,14.495
9048,2023/10/6 12:00,14.495
9049,30•ª,14.495
9050,2023/10/6 13:00,14.495
9051,30•ª,14.495
9052,2023/10/6 14:00,14.495
9053,30•ª,14.495
9054,2023/10/6 15:00,14.495
9055,30•ª,14.495
9056,2023/10/6 16:00,14.495
9057,30•ª,14.495
9058,2023/10/6 17:00,14.495
9059,30•ª,14.495
9060,2023/10/6 18:00,14.495
9061,30•ª,14.495
9062,2023/10/6 19:00,14.495
9063,30•ª,14.495
9064,2023/10/6 20:00,14.495
9065,30•ª,14.495
9066,2023/10/6 21:00,14.495
9067,30•ª,14.495
9068,2023/10/6 22:00,14.495
9069,30•ª,14.495
9070,2023/10/6 23:00,14.495
9071,30•ª,14.495
9072,2023/10/7 0:00,6.08
9073,30•ª,6.08
9074,2023/10/7 1:00,6.08
9075,30•ª,6.08
9076,2023/10/7 2:00,6.08
9077,30•ª,6.08
9078,2023/10/7 3:00,6.08
9079,30•ª,6.08
9080,2023/10/7 4:00,6.08
9081,30•ª,6.08
9082,2023/10/7 5:00,6.08
9083,30•ª,6.08
9084,2023/10/7 6:00,6.08
9085,30•ª,6.08
9086,2023/10/7 7:00,14.495
9087,30•ª,14.495
9088,2023/10/7 8:00,14.495
9089,30•ª,14.495
9090,2023/10/7 9:00,14.495
9091,30•ª,14.495
9092,2023/10/7 10:00,14.495
9093,30•ª,14.495
9094,2023/10/7 11:00,14.495
9095,30•ª,14.495
9096,2023/10/7 12:00,14.495
9097,30•ª,14.495
9098,2023/10/7 13:00,14.495
9099,30•ª,14.495
9100,2023/10/7 14:00,14.495
9101,30•ª,14.495
9102,2023/10/7 15:00,14.495
9103,30•ª,14.495
9104,2023/10/7 16:00,14.495
9105,30•ª,14.495
9106,2023/10/7 17:00,14.495
9107,30•ª,14.495
9108,2023/10/7 18:00,14.495
9109,30•ª,14.495
9110,2023/10/7 19:00,14.495
9111,30•ª,14.495
9112,2023/10/7 20:00,14.495
9113,30•ª,14.495
9114,2023/10/7 21:00,14.495
9115,30•ª,14.495
9116,2023/10/7 22:00,14.495
9117,30•ª,14.495
9118,2023/10/7 23:00,14.495
9119,30•ª,14.495
9120,2023/10/8 0:00,6.08
9121,30•ª,6.08
9122,2023/10/8 1:00,6.08
9123,30•ª,6.08
9124,2023/10/8 2:00,6.08
9125,30•ª,6.08
9126,2023/10/8 3:00,6.08
9127,30•ª,6.08
9128,2023/10/8 4:00,6.08
9129,30•ª,6.08
9130,2023/10/8 5:00,6.08
9131,30•ª,6.08
9132,2023/10/8 6:00,6.08
9133,30•ª,6.08
9134,2023/10/8 7:00,14.495
9135,30•ª,14.495
9136,2023/10/8 8:00,14.495
9137,30•ª,14.495
9138,2023/10/8 9:00,14.495
9139,30•ª,14.495
9140,2023/10/8 10:00,14.495
9141,30•ª,14.495
9142,2023/10/8 11:00,14.495
9143,30•ª,14.495
9144,2023/10/8 12:00,14.495
9145,30•ª,14.495
9146,2023/10/8 13:00,14.495
9147,30•ª,14.495
9148,2023/10/8 14:00,14.495
9149,30•ª,14.495
9150,2023/10/8 15:00,14.495
9151,30•ª,14.495
9152,2023/10/8 16:00,14.495
9153,30•ª,14.495
9154,2023/10/8 17:00,14.495
9155,30•ª,14.495
9156,2023/10/8 18:00,14.495
9157,30•ª,14.495
9158,2023/10/8 19:00,14.495
9159,30•ª,14.495
9160,2023/10/8 20:00,14.495
9161,30•ª,14.495
9162,2023/10/8 21:00,14.495
9163,30•ª,14.495
9164,2023/10/8 22:00,14.495
9165,30•ª,14.495
9166,2023/10/8 23:00,14.495
9167,30•ª,14.495
9168,2023/10/9 0:00,6.08
9169,30•ª,6.08
9170,2023/10/9 1:00,6.08
9171,30•ª,6.08
9172,2023/10/9 2:00,6.08
9173,30•ª,6.08
9174,2023/10/9 3:00,6.08
9175,30•ª,6.08
9176,2023/10/9 4:00,6.08
9177,30•ª,6.08
9178,2023/10/9 5:00,6.08
9179,30•ª,6.08
9180,2023/10/9 6:00,6.08
9181,30•ª,6.08
9182,2023/10/9 7:00,14.495
9183,30•ª,14.495
9184,2023/10/9 8:00,14.495
9185,30•ª,14.495
9186,2023/10/9 9:00,14.495
9187,30•ª,14.495
9188,2023/10/9 10:00,14.495
9189,30•ª,14.495
9190,2023/10/9 11:00,14.495
9191,30•ª,14.495
9192,2023/10/9 12:00,14.495
9193,30•ª,14.495
9194,2023/10/9 13:00,14.495
9195,30•ª,14.495
9196,2023/10/9 14:00,14.495
9197,30•ª,14.495
9198,2023/10/9 15:00,14.495
9199,30•ª,14.495
9200,2023/10/9 16:00,14.495
9201,30•ª,14.495
9202,2023/10/9 17:00,14.495
9203,30•ª,14.495
9204,2023/10/9 18:00,14.495
9205,30•ª,14.495
9206,2023/10/9 19:00,14.495
9207,30•ª,14.495
9208,2023/10/9 20:00,14.495
9209,30•ª,14.495
9210,2023/10/9 21:00,14.495
9211,30•ª,14.495
9212,2023/10/9 22:00,14.495
9213,30•ª,14.495
9214,2023/10/9 23:00,14.495
9215,30•ª,14.495
9216,2023/10/10 0:00,6.08
9217,30•ª,6.08
9218,2023/10/10 1:00,6.08
9219,30•ª,6.08
9220,2023/10/10 2:00,6.08
9221,30•ª,6.08
9222,2023/10/10 3:00,6.08
9223,30•ª,6.08
9224,2023/10/10 4:00,6.08
9225,30•ª,6.08
9226,2023/10/10 5:00,6.08
9227,30•ª,6.08
9228,2023/10/10 6:00,6.08
9229,30•ª,6.08
9230,2023/10/10 7:00,14.495
9231,30•ª,14.495
9232,2023/10/10 8:00,14.495
9233,30•ª,14.495
9234,2023/10/10 9:00,14.495
9235,30•ª,14.495
9236,2023/10/10 10:00,14.495
9237,30•ª,14.495
9238,2023/10/10 11:00,14.495
9239,30•ª,14.495
9240,2023/10/10 12:00,14.495
9241,30•ª,14.495
9242,2023/10/10 13:00,14.495
9243,30•ª,14.495
9244,2023/10/10 14:00,14.495
9245,30•ª,14.495
9246,2023/10/10 15:00,14.495
9247,30•ª,14.495
9248,2023/10/10 16:00,14.495
9249,30•ª,14.495
9250,2023/10/10 17:00,14.495
9251,30•ª,14.495
9252,2023/10/10 18:00,14.495
9253,30•ª,14.495
9254,2023/10/10 19:00,14.495
9255,30•ª,14.495
9256,2023/10/10 20:00,14.495
9257,30•ª,14.495
9258,2023/10/10 21:00,14.495
9259,30•ª,14.495
9260,2023/10/10 22:00,14.495
9261,30•ª,14.495
9262,2023/10/10 23:00,14.495
9263,30•ª,14.495
9264,2023/10/11 0:00,6.08
9265,30•ª,6.08
9266,2023/10/11 1:00,6.08
9267,30•ª,6.08
9268,2023/10/11 2:00,6.08
9269,30•ª,6.08
9270,2023/10/11 3:00,6.08
9271,30•ª,6.08
9272,2023/10/11 4:00,6.08
9273,30•ª,6.08
9274,2023/10/11 5:00,6.08
9275,30•ª,6.08
9276,2023/10/11 6:00,6.08
9277,30•ª,6.08
9278,2023/10/11 7:00,14.495
9279,30•ª,14.495
9280,2023/10/11 8:00,14.495
9281,30•ª,14.495
9282,2023/10/11 9:00,14.495
9283,30•ª,14.495
9284,2023/10/11 10:00,14.495
9285,30•ª,14.495
9286,2023/10/11 11:00,14.495
9287,30•ª,14.495
9288,2023/10/11 12:00,14.495
9289,30•ª,14.495
9290,2023/10/11 13:00,14.495
9291,30•ª,14.495
9292,2023/10/11 14:00,14.495
9293,30•ª,14.495
9294,2023/10/11 15:00,14.495
9295,30•ª,14.495
9296,2023/10/11 16:00,14.495
9297,30•ª,14.495
9298,2023/10/11 17:00,14.495
9299,30•ª,14.495
9300,2023/10/11 18:00,14.495
9301,30•ª,14.495
9302,2023/10/11 19:00,14.495
9303,30•ª,14.495
9304,2023/10/11 20:00,14.495
9305,30•ª,14.495
9306,2023/10/11 21:00,14.495
9307,30•ª,14.495
9308,2023/10/11 22:00,14.495
9309,30•ª,14.495
9310,2023/10/11 23:00,14.495
9311,30•ª,14.495
9312,2023/10/12 0:00,6.08
9313,30•ª,6.08
9314,2023/10/12 1:00,6.08
9315,30•ª,6.08
9316,2023/10/12 2:00,6.08
9317,30•ª,6.08
9318,2023/10/12 3:00,6.08
9319,30•ª,6.08
9320,2023/10/12 4:00,6.08
9321,30•ª,6.08
9322,2023/10/12 5:00,6.08
9323,30•ª,6.08
9324,2023/10/12 6:00,6.08
9325,30•ª,6.08
9326,2023/10/12 7:00,14.495
9327,30•ª,14.495
9328,2023/10/12 8:00,14.495
9329,30•ª,14.495
9330,2023/10/12 9:00,14.495
9331,30•ª,14.495
9332,2023/10/12 10:00,14.495
9333,30•ª,14.495
9334,2023/10/12 11:00,14.495
9335,30•ª,14.495
9336,2023/10/12 12:00,14.495
9337,30•ª,14.495
9338,2023/10/12 13:00,14.495
9339,30•ª,14.495
9340,2023/10/12 14:00,14.495
9341,30•ª,14.495
9342,2023/10/12 15:00,14.495
9343,30•ª,14.495
9344,2023/10/12 16:00,14.495
9345,30•ª,14.495
9346,2023/10/12 17:00,14.495
9347,30•ª,14.495
9348,2023/10/12 18:00,14.495
9349,30•ª,14.495
9350,2023/10/12 19:00,14.495
9351,30•ª,14.495
9352,2023/10/12 20:00,14.495
9353,30•ª,14.495
9354,2023/10/12 21:00,14.495
9355,30•ª,14.495
9356,2023/10/12 22:00,14.495
9357,30•ª,14.495
9358,2023/10/12 23:00,14.495
9359,30•ª,14.495
9360,2023/10/13 0:00,6.08
9361,30•ª,6.08
9362,2023/10/13 1:00,6.08
9363,30•ª,6.08
9364,2023/10/13 2:00,6.08
9365,30•ª,6.08
9366,2023/10/13 3:00,6.08
9367,30•ª,6.08
9368,2023/10/13 4:00,6.08
9369,30•ª,6.08
9370,2023/10/13 5:00,6.08
9371,30•ª,6.08
9372,2023/10/13 6:00,6.08
9373,30•ª,6.08
9374,2023/10/13 7:00,14.495
9375,30•ª,14.495
9376,2023/10/13 8:00,14.495
9377,30•ª,14.495
9378,2023/10/13 9:00,14.495
9379,30•ª,14.495
9380,2023/10/13 10:00,14.495
9381,30•ª,14.495
9382,2023/10/13 11:00,14.495
9383,30•ª,14.495
9384,2023/10/13 12:00,14.495
9385,30•ª,14.495
9386,2023/10/13 13:00,14.495
9387,30•ª,14.495
9388,2023/10/13 14:00,14.495
9389,30•ª,14.495
9390,2023/10/13 15:00,14.495
9391,30•ª,14.495
9392,2023/10/13 16:00,14.495
9393,30•ª,14.495
9394,2023/10/13 17:00,14.495
9395,30•ª,14.495
9396,2023/10/13 18:00,14.495
9397,30•ª,14.495
9398,2023/10/13 19:00,14.495
9399,30•ª,14.495
9400,2023/10/13 20:00,14.495
9401,30•ª,14.495
9402,2023/10/13 21:00,14.495
9403,30•ª,14.495
9404,2023/10/13 22:00,14.495
9405,30•ª,14.495
9406,2023/10/13 23:00,14.495
9407,30•ª,14.495
9408,2023/10/14 0:00,6.08
9409,30•ª,6.08
9410,2023/10/14 1:00,6.08
9411,30•ª,6.08
9412,2023/10/14 2:00,6.08
9413,30•ª,6.08
9414,2023/10/14 3:00,6.08
9415,30•ª,6.08
9416,2023/10/14 4:00,6.08
9417,30•ª,6.08
9418,2023/10/14 5:00,6.08
9419,30•ª,6.08
9420,2023/10/14 6:00,6.08
9421,30•ª,6.08
9422,2023/10/14 7:00,14.495
9423,30•ª,14.495
9424,2023/10/14 8:00,14.495
9425,30•ª,14.495
9426,2023/10/14 9:00,14.495
9427,30•ª,14.495
9428,2023/10/14 10:00,14.495
9429,30•ª,14.495
9430,2023/10/14 11:00,14.495
9431,30•ª,14.495
9432,2023/10/14 12:00,14.495
9433,30•ª,14.495
9434,2023/10/14 13:00,14.495
9435,30•ª,14.495
9436,2023/10/14 14:00,14.495
9437,30•ª,14.495
9438,2023/10/14 15:00,14.495
9439,30•ª,14.495
9440,2023/10/14 16:00,14.495
9441,30•ª,14.495
9442,2023/10/14 17:00,14.495
9443,30•ª,14.495
9444,2023/10/14 18:00,14.495
9445,30•ª,14.495
9446,2023/10/14 19:00,14.495
9447,30•ª,14.495
9448,2023/10/14 20:00,14.495
9449,30•ª,14.495
9450,2023/10/14 21:00,14.495
9451,30•ª,14.495
9452,2023/10/14 22:00,14.495
9453,30•ª,14.495
9454,2023/10/14 23:00,14.495
9455,30•ª,14.495
9456,2023/10/15 0:00,6.08
9457,30•ª,6.08
9458,2023/10/15 1:00,6.08
9459,30•ª,6.08
9460,2023/10/15 2:00,6.08
9461,30•ª,6.08
9462,2023/10/15 3:00,6.08
9463,30•ª,6.08
9464,2023/10/15 4:00,6.08
9465,30•ª,6.08
9466,2023/10/15 5:00,6.08
9467,30•ª,6.08
9468,2023/10/15 6:00,6.08
9469,30•ª,6.08
9470,2023/10/15 7:00,14.495
9471,30•ª,14.495
9472,2023/10/15 8:00,14.495
9473,30•ª,14.495
9474,2023/10/15 9:00,14.495
9475,30•ª,14.495
9476,2023/10/15 10:00,14.495
9477,30•ª,14.495
9478,2023/10/15 11:00,14.495
9479,30•ª,14.495
9480,2023/10/15 12:00,14.495
9481,30•ª,14.495
9482,2023/10/15 13:00,14.495
9483,30•ª,14.495
9484,2023/10/15 14:00,14.495
9485,30•ª,14.495
9486,2023/10/15 15:00,14.495
9487,30•ª,14.495
9488,2023/10/15 16:00,14.495
9489,30•ª,14.495
9490,2023/10/15 17:00,14.495
9491,30•ª,14.495
9492,2023/10/15 18:00,14.495
9493,30•ª,14.495
9494,2023/10/15 19:00,14.495
9495,30•ª,14.495
9496,2023/10/15 20:00,14.495
9497,30•ª,14.495
9498,2023/10/15 21:00,14.495
9499,30•ª,14.495
9500,2023/10/15 22:00,14.495
9501,30•ª,14.495
9502,2023/10/15 23:00,14.495
9503,30•ª,14.495
9504,2023/10/16 0:00,6.08
9505,30•ª,6.08
9506,2023/10/16 1:00,6.08
9507,30•ª,6.08
9508,2023/10/16 2:00,6.08
9509,30•ª,6.08
9510,2023/10/16 3:00,6.08
9511,30•ª,6.08
9512,2023/10/16 4:00,6.08
9513,30•ª,6.08
9514,2023/10/16 5:00,6.08
9515,30•ª,6.08
9516,2023/10/16 6:00,6.08
9517,30•ª,6.08
9518,2023/10/16 7:00,14.495
9519,30•ª,14.495
9520,2023/10/16 8:00,14.495
9521,30•ª,14.495
9522,2023/10/16 9:00,14.495
9523,30•ª,14.495
9524,2023/10/16 10:00,14.495
9525,30•ª,14.495
9526,2023/10/16 11:00,14.495
9527,30•ª,14.495
9528,2023/10/16 12:00,14.495
9529,30•ª,14.495
9530,2023/10/16 13:00,14.495
9531,30•ª,14.495
9532,2023/10/16 14:00,14.495
9533,30•ª,14.495
9534,2023/10/16 15:00,14.495
9535,30•ª,14.495
9536,2023/10/16 16:00,14.495
9537,30•ª,14.495
9538,2023/10/16 17:00,14.495
9539,30•ª,14.495
9540,2023/10/16 18:00,14.495
9541,30•ª,14.495
9542,2023/10/16 19:00,14.495
9543,30•ª,14.495
9544,2023/10/16 20:00,14.495
9545,30•ª,14.495
9546,2023/10/16 21:00,14.495
9547,30•ª,14.495
9548,2023/10/16 22:00,14.495
9549,30•ª,14.495
9550,2023/10/16 23:00,14.495
9551,30•ª,14.495
9552,2023/10/17 0:00,6.08
9553,30•ª,6.08
9554,2023/10/17 1:00,6.08
9555,30•ª,6.08
9556,2023/10/17 2:00,6.08
9557,30•ª,6.08
9558,2023/10/17 3:00,6.08
9559,30•ª,6.08
9560,2023/10/17 4:00,6.08
9561,30•ª,6.08
9562,2023/10/17 5:00,6.08
9563,30•ª,6.08
9564,2023/10/17 6:00,6.08
9565,30•ª,6.08
9566,2023/10/17 7:00,14.495
9567,30•ª,14.495
9568,2023/10/17 8:00,14.495
9569,30•ª,14.495
9570,2023/10/17 9:00,14.495
9571,30•ª,14.495
9572,2023/10/17 10:00,14.495
9573,30•ª,14.495
9574,2023/10/17 11:00,14.495
9575,30•ª,14.495
9576,2023/10/17 12:00,14.495
9577,30•ª,14.495
9578,2023/10/17 13:00,14.495
9579,30•ª,14.495
9580,2023/10/17 14:00,14.495
9581,30•ª,14.495
9582,2023/10/17 15:00,14.495
9583,30•ª,14.495
9584,2023/10/17 16:00,14.495
9585,30•ª,14.495
9586,2023/10/17 17:00,14.495
9587,30•ª,14.495
9588,2023/10/17 18:00,14.495
9589,30•ª,14.495
9590,2023/10/17 19:00,14.495
9591,30•ª,14.495
9592,2023/10/17 20:00,14.495
9593,30•ª,14.495
9594,2023/10/17 21:00,14.495
9595,30•ª,14.495
9596,2023/10/17 22:00,14.495
9597,30•ª,14.495
9598,2023/10/17 23:00,14.495
9599,30•ª,14.495
9600,2023/10/18 0:00,6.08
9601,30•ª,6.08
9602,2023/10/18 1:00,6.08
9603,30•ª,6.08
9604,2023/10/18 2:00,6.08
9605,30•ª,6.08
9606,2023/10/18 3:00,6.08
9607,30•ª,6.08
9608,2023/10/18 4:00,6.08
9609,30•ª,6.08
9610,2023/10/18 5:00,6.08
9611,30•ª,6.08
9612,2023/10/18 6:00,6.08
9613,30•ª,6.08
9614,2023/10/18 7:00,14.495
9615,30•ª,14.495
9616,2023/10/18 8:00,14.495
9617,30•ª,14.495
9618,2023/10/18 9:00,14.495
9619,30•ª,14.495
9620,2023/10/18 10:00,14.495
9621,30•ª,14.495
9622,2023/10/18 11:00,14.495
9623,30•ª,14.495
9624,2023/10/18 12:00,14.495
9625,30•ª,14.495
9626,2023/10/18 13:00,14.495
9627,30•ª,14.495
9628,2023/10/18 14:00,14.495
9629,30•ª,14.495
9630,2023/10/18 15:00,14.495
9631,30•ª,14.495
9632,2023/10/18 16:00,14.495
9633,30•ª,14.495
9634,2023/10/18 17:00,14.495
9635,30•ª,14.495
9636,2023/10/18 18:00,14.495
9637,30•ª,14.495
9638,2023/10/18 19:00,14.495
9639,30•ª,14.495
9640,2023/10/18 20:00,14.495
9641,30•ª,14.495
9642,2023/10/18 21:00,14.495
9643,30•ª,14.495
9644,2023/10/18 22:00,14.495
9645,30•ª,14.495
9646,2023/10/18 23:00,14.495
9647,30•ª,14.495
9648,2023/10/19 0:00,6.08
9649,30•ª,6.08
9650,2023/10/19 1:00,6.08
9651,30•ª,6.08
9652,2023/10/19 2:00,6.08
9653,30•ª,6.08
9654,2023/10/19 3:00,6.08
9655,30•ª,6.08
9656,2023/10/19 4:00,6.08
9657,30•ª,6.08
9658,2023/10/19 5:00,6.08
9659,30•ª,6.08
9660,2023/10/19 6:00,6.08
9661,30•ª,6.08
9662,2023/10/19 7:00,14.495
9663,30•ª,14.495
9664,2023/10/19 8:00,14.495
9665,30•ª,14.495
9666,2023/10/19 9:00,14.495
9667,30•ª,14.495
9668,2023/10/19 10:00,14.495
9669,30•ª,14.495
9670,2023/10/19 11:00,14.495
9671,30•ª,14.495
9672,2023/10/19 12:00,14.495
9673,30•ª,14.495
9674,2023/10/19 13:00,14.495
9675,30•ª,14.495
9676,2023/10/19 14:00,14.495
9677,30•ª,14.495
9678,2023/10/19 15:00,14.495
9679,30•ª,14.495
9680,2023/10/19 16:00,14.495
9681,30•ª,14.495
9682,2023/10/19 17:00,14.495
9683,30•ª,14.495
9684,2023/10/19 18:00,14.495
9685,30•ª,14.495
9686,2023/10/19 19:00,14.495
9687,30•ª,14.495
9688,2023/10/19 20:00,14.495
9689,30•ª,14.495
9690,2023/10/19 21:00,14.495
9691,30•ª,14.495
9692,2023/10/19 22:00,14.495
9693,30•ª,14.495
9694,2023/10/19 23:00,14.495
9695,30•ª,14.495
9696,2023/10/20 0:00,6.08
9697,30•ª,6.08
9698,2023/10/20 1:00,6.08
9699,30•ª,6.08
9700,2023/10/20 2:00,6.08
9701,30•ª,6.08
9702,2023/10/20 3:00,6.08
9703,30•ª,6.08
9704,2023/10/20 4:00,6.08
9705,30•ª,6.08
9706,2023/10/20 5:00,6.08
9707,30•ª,6.08
9708,2023/10/20 6:00,6.08
9709,30•ª,6.08
9710,2023/10/20 7:00,14.495
9711,30•ª,14.495
9712,2023/10/20 8:00,14.495
9713,30•ª,14.495
9714,2023/10/20 9:00,14.495
9715,30•ª,14.495
9716,2023/10/20 10:00,14.495
9717,30•ª,14.495
9718,2023/10/20 11:00,14.495
9719,30•ª,14.495
9720,2023/10/20 12:00,14.495
9721,30•ª,14.495
9722,2023/10/20 13:00,14.495
9723,30•ª,14.495
9724,2023/10/20 14:00,14.495
9725,30•ª,14.495
9726,2023/10/20 15:00,14.495
9727,30•ª,14.495
9728,2023/10/20 16:00,14.495
9729,30•ª,14.495
9730,2023/10/20 17:00,14.495
9731,30•ª,14.495
9732,2023/10/20 18:00,14.495
9733,30•ª,14.495
9734,2023/10/20 19:00,14.495
9735,30•ª,14.495
9736,2023/10/20 20:00,14.495
9737,30•ª,14.495
9738,2023/10/20 21:00,14.495
9739,30•ª,14.495
9740,2023/10/20 22:00,14.495
9741,30•ª,14.495
9742,2023/10/20 23:00,14.495
9743,30•ª,14.495
9744,2023/10/21 0:00,6.08
9745,30•ª,6.08
9746,2023/10/21 1:00,6.08
9747,30•ª,6.08
9748,2023/10/21 2:00,6.08
9749,30•ª,6.08
9750,2023/10/21 3:00,6.08
9751,30•ª,6.08
9752,2023/10/21 4:00,6.08
9753,30•ª,6.08
9754,2023/10/21 5:00,6.08
9755,30•ª,6.08
9756,2023/10/21 6:00,6.08
9757,30•ª,6.08
9758,2023/10/21 7:00,14.495
9759,30•ª,14.495
9760,2023/10/21 8:00,14.495
9761,30•ª,14.495
9762,2023/10/21 9:00,14.495
9763,30•ª,14.495
9764,2023/10/21 10:00,14.495
9765,30•ª,14.495
9766,2023/10/21 11:00,14.495
9767,30•ª,14.495
9768,2023/10/21 12:00,14.495
9769,30•ª,14.495
9770,2023/10/21 13:00,14.495
9771,30•ª,14.495
9772,2023/10/21 14:00,14.495
9773,30•ª,14.495
9774,2023/10/21 15:00,14.495
9775,30•ª,14.495
9776,2023/10/21 16:00,14.495
9777,30•ª,14.495
9778,2023/10/21 17:00,14.495
9779,30•ª,14.495
9780,2023/10/21 18:00,14.495
9781,30•ª,14.495
9782,2023/10/21 19:00,14.495
9783,30•ª,14.495
9784,2023/10/21 20:00,14.495
9785,30•ª,14.495
9786,2023/10/21 21:00,14.495
9787,30•ª,14.495
9788,2023/10/21 22:00,14.495
9789,30•ª,14.495
9790,2023/10/21 23:00,14.495
9791,30•ª,14.495
9792,2023/10/22 0:00,6.08
9793,30•ª,6.08
9794,2023/10/22 1:00,6.08
9795,30•ª,6.08
9796,2023/10/22 2:00,6.08
9797,30•ª,6.08
9798,2023/10/22 3:00,6.08
9799,30•ª,6.08
9800,2023/10/22 4:00,6.08
9801,30•ª,6.08
9802,2023/10/22 5:00,6.08
9803,30•ª,6.08
9804,2023/10/22 6:00,6.08
9805,30•ª,6.08
9806,2023/10/22 7:00,14.495
9807,30•ª,14.495
9808,2023/10/22 8:00,14.495
9809,30•ª,14.495
9810,2023/10/22 9:00,14.495
9811,30•ª,14.495
9812,2023/10/22 10:00,14.495
9813,30•ª,14.495
9814,2023/10/22 11:00,14.495
9815,30•ª,14.495
9816,2023/10/22 12:00,14.495
9817,30•ª,14.495
9818,2023/10/22 13:00,14.495
9819,30•ª,14.495
9820,2023/10/22 14:00,14.495
9821,30•ª,14.495
9822,2023/10/22 15:00,14.495
9823,30•ª,14.495
9824,2023/10/22 16:00,14.495
9825,30•ª,14.495
9826,2023/10/22 17:00,14.495
9827,30•ª,14.495
9828,2023/10/22 18:00,14.495
9829,30•ª,14.495
9830,2023/10/22 19:00,14.495
9831,30•ª,14.495
9832,2023/10/22 20:00,14.495
9833,30•ª,14.495
9834,2023/10/22 21:00,14.495
9835,30•ª,14.495
9836,2023/10/22 22:00,14.495
9837,30•ª,14.495
9838,2023/10/22 23:00,14.495
9839,30•ª,14.495
9840,2023/10/23 0:00,6.08
9841,30•ª,6.08
9842,2023/10/23 1:00,6.08
9843,30•ª,6.08
9844,2023/10/23 2:00,6.08
9845,30•ª,6.08
9846,2023/10/23 3:00,6.08
9847,30•ª,6.08
9848,2023/10/23 4:00,6.08
9849,30•ª,6.08
9850,2023/10/23 5:00,6.08
9851,30•ª,6.08
9852,2023/10/23 6:00,6.08
9853,30•ª,6.08
9854,2023/10/23 7:00,14.495
9855,30•ª,14.495
9856,2023/10/23 8:00,14.495
9857,30•ª,14.495
9858,2023/10/23 9:00,14.495
9859,30•ª,14.495
9860,2023/10/23 10:00,14.495
9861,30•ª,14.495
9862,2023/10/23 11:00,14.495
9863,30•ª,14.495
9864,2023/10/23 12:00,14.495
9865,30•ª,14.495
9866,2023/10/23 13:00,14.495
9867,30•ª,14.495
9868,2023/10/23 14:00,14.495
9869,30•ª,14.495
9870,2023/10/23 15:00,14.495
9871,30•ª,14.495
9872,2023/10/23 16:00,14.495
9873,30•ª,14.495
9874,2023/10/23 17:00,14.495
9875,30•ª,14.495
9876,2023/10/23 18:00,14.495
9877,30•ª,14.495
9878,2023/10/23 19:00,14.495
9879,30•ª,14.495
9880,2023/10/23 20:00,14.495
9881,30•ª,14.495
9882,2023/10/23 21:00,14.495
9883,30•ª,14.495
9884,2023/10/23 22:00,14.495
9885,30•ª,14.495
9886,2023/10/23 23:00,14.495
9887,30•ª,14.495
9888,2023/10/24 0:00,6.08
9889,30•ª,6.08
9890,2023/10/24 1:00,6.08
9891,30•ª,6.08
9892,2023/10/24 2:00,6.08
9893,30•ª,6.08
9894,2023/10/24 3:00,6.08
9895,30•ª,6.08
9896,2023/10/24 4:00,6.08
9897,30•ª,6.08
9898,2023/10/24 5:00,6.08
9899,30•ª,6.08
9900,2023/10/24 6:00,6.08
9901,30•ª,6.08
9902,2023/10/24 7:00,14.495
9903,30•ª,14.495
9904,2023/10/24 8:00,14.495
9905,30•ª,14.495
9906,2023/10/24 9:00,14.495
9907,30•ª,14.495
9908,2023/10/24 10:00,14.495
9909,30•ª,14.495
9910,2023/10/24 11:00,14.495
9911,30•ª,14.495
9912,2023/10/24 12:00,14.495
9913,30•ª,14.495
9914,2023/10/24 13:00,14.495
9915,30•ª,14.495
9916,2023/10/24 14:00,14.495
9917,30•ª,14.495
9918,2023/10/24 15:00,14.495
9919,30•ª,14.495
9920,2023/10/24 16:00,14.495
9921,30•ª,14.495
9922,2023/10/24 17:00,14.495
9923,30•ª,14.495
9924,2023/10/24 18:00,14.495
9925,30•ª,14.495
9926,2023/10/24 19:00,14.495
9927,30•ª,14.495
9928,2023/10/24 20:00,14.495
9929,30•ª,14.495
9930,2023/10/24 21:00,14.495
9931,30•ª,14.495
9932,2023/10/24 22:00,14.495
9933,30•ª,14.495
9934,2023/10/24 23:00,14.495
9935,30•ª,14.495
9936,2023/10/25 0:00,6.08
9937,30•ª,6.08
9938,2023/10/25 1:00,6.08
9939,30•ª,6.08
9940,2023/10/25 2:00,6.08
9941,30•ª,6.08
9942,2023/10/25 3:00,6.08
9943,30•ª,6.08
9944,2023/10/25 4:00,6.08
9945,30•ª,6.08
9946,2023/10/25 5:00,6.08
9947,30•ª,6.08
9948,2023/10/25 6:00,6.08
9949,30•ª,6.08
9950,2023/10/25 7:00,14.495
9951,30•ª,14.495
9952,2023/10/25 8:00,14.495
9953,30•ª,14.495
9954,2023/10/25 9:00,14.495
9955,30•ª,14.495
9956,2023/10/25 10:00,14.495
9957,30•ª,14.495
9958,2023/10/25 11:00,14.495
9959,30•ª,14.495
9960,2023/10/25 12:00,14.495
9961,30•ª,14.495
9962,2023/10/25 13:00,14.495
9963,30•ª,14.495
9964,2023/10/25 14:00,14.495
9965,30•ª,14.495
9966,2023/10/25 15:00,14.495
9967,30•ª,14.495
9968,2023/10/25 16:00,14.495
9969,30•ª,14.495
9970,2023/10/25 17:00,14.495
9971,30•ª,14.495
9972,2023/10/25 18:00,14.495
9973,30•ª,14.495
9974,2023/10/25 19:00,14.495
9975,30•ª,14.495
9976,2023/10/25 20:00,14.495
9977,30•ª,14.495
9978,2023/10/25 21:00,14.495
9979,30•ª,14.495
9980,2023/10/25 22:00,14.495
9981,30•ª,14.495
9982,2023/10/25 23:00,14.495
9983,30•ª,14.495
9984,2023/10/26 0:00,6.08
9985,30•ª,6.08
9986,2023/10/26 1:00,6.08
9987,30•ª,6.08
9988,2023/10/26 2:00,6.08
9989,30•ª,6.08
9990,2023/10/26 3:00,6.08
9991,30•ª,6.08
9992,2023/10/26 4:00,6.08
9993,30•ª,6.08
9994,2023/10/26 5:00,6.08
9995,30•ª,6.08
9996,2023/10/26 6:00,6.08
9997,30•ª,6.08
9998,2023/10/26 7:00,14.495
9999,30•ª,14.495
10000,2023/10/26 8:00,14.495
10001,30•ª,14.495
10002,2023/10/26 9:00,14.495
10003,30•ª,14.495
10004,2023/10/26 10:00,14.495
10005,30•ª,14.495
10006,2023/10/26 11:00,14.495
10007,30•ª,14.495
10008,2023/10/26 12:00,14.495
10009,30•ª,14.495
10010,2023/10/26 13:00,14.495
10011,30•ª,14.495
10012,2023/10/26 14:00,14.495
10013,30•ª,14.495
10014,2023/10/26 15:00,14.495
10015,30•ª,14.495
10016,2023/10/26 16:00,14.495
10017,30•ª,14.495
10018,2023/10/26 17:00,14.495
10019,30•ª,14.495
10020,2023/10/26 18:00,14.495
10021,30•ª,14.495
10022,2023/10/26 19:00,14.495
10023,30•ª,14.495
10024,2023/10/26 20:00,14.495
10025,30•ª,14.495
10026,2023/10/26 21:00,14.495
10027,30•ª,14.495
10028,2023/10/26 22:00,14.495
10029,30•ª,14.495
10030,2023/10/26 23:00,14.495
10031,30•ª,14.495
10032,2023/10/27 0:00,6.08
10033,30•ª,6.08
10034,2023/10/27 1:00,6.08
10035,30•ª,6.08
10036,2023/10/27 2:00,6.08
10037,30•ª,6.08
10038,2023/10/27 3:00,6.08
10039,30•ª,6.08
10040,2023/10/27 4:00,6.08
10041,30•ª,6.08
10042,2023/10/27 5:00,6.08
10043,30•ª,6.08
10044,2023/10/27 6:00,6.08
10045,30•ª,6.08
10046,2023/10/27 7:00,14.495
10047,30•ª,14.495
10048,2023/10/27 8:00,14.495
10049,30•ª,14.495
10050,2023/10/27 9:00,14.495
10051,30•ª,14.495
10052,2023/10/27 10:00,14.495
10053,30•ª,14.495
10054,2023/10/27 11:00,14.495
10055,30•ª,14.495
10056,2023/10/27 12:00,14.495
10057,30•ª,14.495
10058,2023/10/27 13:00,14.495
10059,30•ª,14.495
10060,2023/10/27 14:00,14.495
10061,30•ª,14.495
10062,2023/10/27 15:00,14.495
10063,30•ª,14.495
10064,2023/10/27 16:00,14.495
10065,30•ª,14.495
10066,2023/10/27 17:00,14.495
10067,30•ª,14.495
10068,2023/10/27 18:00,14.495
10069,30•ª,14.495
10070,2023/10/27 19:00,14.495
10071,30•ª,14.495
10072,2023/10/27 20:00,14.495
10073,30•ª,14.495
10074,2023/10/27 21:00,14.495
10075,30•ª,14.495
10076,2023/10/27 22:00,14.495
10077,30•ª,14.495
10078,2023/10/27 23:00,14.495
10079,30•ª,14.495
10080,2023/10/28 0:00,6.08
10081,30•ª,6.08
10082,2023/10/28 1:00,6.08
10083,30•ª,6.08
10084,2023/10/28 2:00,6.08
10085,30•ª,6.08
10086,2023/10/28 3:00,6.08
10087,30•ª,6.08
10088,2023/10/28 4:00,6.08
10089,30•ª,6.08
10090,2023/10/28 5:00,6.08
10091,30•ª,6.08
10092,2023/10/28 6:00,6.08
10093,30•ª,6.08
10094,2023/10/28 7:00,14.495
10095,30•ª,14.495
10096,2023/10/28 8:00,14.495
10097,30•ª,14.495
10098,2023/10/28 9:00,14.495
10099,30•ª,14.495
10100,2023/10/28 10:00,14.495
10101,30•ª,14.495
10102,2023/10/28 11:00,14.495
10103,30•ª,14.495
10104,2023/10/28 12:00,14.495
10105,30•ª,14.495
10106,2023/10/28 13:00,14.495
10107,30•ª,14.495
10108,2023/10/28 14:00,14.495
10109,30•ª,14.495
10110,2023/10/28 15:00,14.495
10111,30•ª,14.495
10112,2023/10/28 16:00,14.495
10113,30•ª,14.495
10114,2023/10/28 17:00,14.495
10115,30•ª,14.495
10116,2023/10/28 18:00,14.495
10117,30•ª,14.495
10118,2023/10/28 19:00,14.495
10119,30•ª,14.495
10120,2023/10/28 20:00,14.495
10121,30•ª,14.495
10122,2023/10/28 21:00,14.495
10123,30•ª,14.495
10124,2023/10/28 22:00,14.495
10125,30•ª,14.495
10126,2023/10/28 23:00,14.495
10127,30•ª,14.495
10128,2023/10/29 0:00,6.08
10129,30•ª,6.08
10130,2023/10/29 1:00,6.08
10131,30•ª,6.08
10132,2023/10/29 2:00,6.08
10133,30•ª,6.08
10134,2023/10/29 3:00,6.08
10135,30•ª,6.08
10136,2023/10/29 4:00,6.08
10137,30•ª,6.08
10138,2023/10/29 5:00,6.08
10139,30•ª,6.08
10140,2023/10/29 6:00,6.08
10141,30•ª,6.08
10142,2023/10/29 7:00,14.495
10143,30•ª,14.495
10144,2023/10/29 8:00,14.495
10145,30•ª,14.495
10146,2023/10/29 9:00,14.495
10147,30•ª,14.495
10148,2023/10/29 10:00,14.495
10149,30•ª,14.495
10150,2023/10/29 11:00,14.495
10151,30•ª,14.495
10152,2023/10/29 12:00,14.495
10153,30•ª,14.495
10154,2023/10/29 13:00,14.495
10155,30•ª,14.495
10156,2023/10/29 14:00,14.495
10157,30•ª,14.495
10158,2023/10/29 15:00,14.495
10159,30•ª,14.495
10160,2023/10/29 16:00,14.495
10161,30•ª,14.495
10162,2023/10/29 17:00,14.495
10163,30•ª,14.495
10164,2023/10/29 18:00,14.495
10165,30•ª,14.495
10166,2023/10/29 19:00,14.495
10167,30•ª,14.495
10168,2023/10/29 20:00,14.495
10169,30•ª,14.495
10170,2023/10/29 21:00,14.495
10171,30•ª,14.495
10172,2023/10/29 22:00,14.495
10173,30•ª,14.495
10174,2023/10/29 23:00,14.495
10175,30•ª,14.495
10176,2023/10/30 0:00,6.08
10177,30•ª,6.08
10178,2023/10/30 1:00,6.08
10179,30•ª,6.08
10180,2023/10/30 2:00,6.08
10181,30•ª,6.08
10182,2023/10/30 3:00,6.08
10183,30•ª,6.08
10184,2023/10/30 4:00,6.08
10185,30•ª,6.08
10186,2023/10/30 5:00,6.08
10187,30•ª,6.08
10188,2023/10/30 6:00,6.08
10189,30•ª,6.08
10190,2023/10/30 7:00,14.495
10191,30•ª,14.495
10192,2023/10/30 8:00,14.495
10193,30•ª,14.495
10194,2023/10/30 9:00,14.495
10195,30•ª,14.495
10196,2023/10/30 10:00,14.495
10197,30•ª,14.495
10198,2023/10/30 11:00,14.495
10199,30•ª,14.495
10200,2023/10/30 12:00,14.495
10201,30•ª,14.495
10202,2023/10/30 13:00,14.495
10203,30•ª,14.495
10204,2023/10/30 14:00,14.495
10205,30•ª,14.495
10206,2023/10/30 15:00,14.495
10207,30•ª,14.495
10208,2023/10/30 16:00,14.495
10209,30•ª,14.495
10210,2023/10/30 17:00,14.495
10211,30•ª,14.495
10212,2023/10/30 18:00,14.495
10213,30•ª,14.495
10214,2023/10/30 19:00,14.495
10215,30•ª,14.495
10216,2023/10/30 20:00,14.495
10217,30•ª,14.495
10218,2023/10/30 21:00,14.495
10219,30•ª,14.495
10220,2023/10/30 22:00,14.495
10221,30•ª,14.495
10222,2023/10/30 23:00,14.495
10223,30•ª,14.495
10224,2023/10/31 0:00,6.08
10225,30•ª,6.08
10226,2023/10/31 1:00,6.08
10227,30•ª,6.08
10228,2023/10/31 2:00,6.08
10229,30•ª,6.08
10230,2023/10/31 3:00,6.08
10231,30•ª,6.08
10232,2023/10/31 4:00,6.08
10233,30•ª,6.08
10234,2023/10/31 5:00,6.08
10235,30•ª,6.08
10236,2023/10/31 6:00,6.08
10237,30•ª,6.08
10238,2023/10/31 7:00,14.495
10239,30•ª,14.495
10240,2023/10/31 8:00,14.495
10241,30•ª,14.495
10242,2023/10/31 9:00,14.495
10243,30•ª,14.495
10244,2023/10/31 10:00,14.495
10245,30•ª,14.495
10246,2023/10/31 11:00,14.495
10247,30•ª,14.495
10248,2023/10/31 12:00,14.495
10249,30•ª,14.495
10250,2023/10/31 13:00,14.495
10251,30•ª,14.495
10252,2023/10/31 14:00,14.495
10253,30•ª,14.495
10254,2023/10/31 15:00,14.495
10255,30•ª,14.495
10256,2023/10/31 16:00,14.495
10257,30•ª,14.495
10258,2023/10/31 17:00,14.495
10259,30•ª,14.495
10260,2023/10/31 18:00,14.495
10261,30•ª,14.495
10262,2023/10/31 19:00,14.495
10263,30•ª,14.495
10264,2023/10/31 20:00,14.495
10265,30•ª,14.495
10266,2023/10/31 21:00,14.495
10267,30•ª,14.495
10268,2023/10/31 22:00,14.495
10269,30•ª,14.495
10270,2023/10/31 23:00,14.495
10271,30•ª,14.495
10272,2023/11/1 0:00,6.08
10273,30•ª,6.08
10274,2023/11/1 1:00,6.08
10275,30•ª,6.08
10276,2023/11/1 2:00,6.08
10277,30•ª,6.08
10278,2023/11/1 3:00,6.08
10279,30•ª,6.08
10280,2023/11/1 4:00,6.08
10281,30•ª,6.08
10282,2023/11/1 5:00,6.08
10283,30•ª,6.08
10284,2023/11/1 6:00,6.08
10285,30•ª,6.08
10286,2023/11/1 7:00,14.495
10287,30•ª,14.495
10288,2023/11/1 8:00,14.495
10289,30•ª,14.495
10290,2023/11/1 9:00,14.495
10291,30•ª,14.495
10292,2023/11/1 10:00,14.495
10293,30•ª,14.495
10294,2023/11/1 11:00,14.495
10295,30•ª,14.495
10296,2023/11/1 12:00,14.495
10297,30•ª,14.495
10298,2023/11/1 13:00,14.495
10299,30•ª,14.495
10300,2023/11/1 14:00,14.495
10301,30•ª,14.495
10302,2023/11/1 15:00,14.495
10303,30•ª,14.495
10304,2023/11/1 16:00,14.495
10305,30•ª,14.495
10306,2023/11/1 17:00,14.495
10307,30•ª,14.495
10308,2023/11/1 18:00,14.495
10309,30•ª,14.495
10310,2023/11/1 19:00,14.495
10311,30•ª,14.495
10312,2023/11/1 20:00,14.495
10313,30•ª,14.495
10314,2023/11/1 21:00,14.495
10315,30•ª,14.495
10316,2023/11/1 22:00,14.495
10317,30•ª,14.495
10318,2023/11/1 23:00,14.495
10319,30•ª,14.495
10320,2023/11/2 0:00,6.08
10321,30•ª,6.08
10322,2023/11/2 1:00,6.08
10323,30•ª,6.08
10324,2023/11/2 2:00,6.08
10325,30•ª,6.08
10326,2023/11/2 3:00,6.08
10327,30•ª,6.08
10328,2023/11/2 4:00,6.08
10329,30•ª,6.08
10330,2023/11/2 5:00,6.08
10331,30•ª,6.08
10332,2023/11/2 6:00,6.08
10333,30•ª,6.08
10334,2023/11/2 7:00,14.495
10335,30•ª,14.495
10336,2023/11/2 8:00,14.495
10337,30•ª,14.495
10338,2023/11/2 9:00,14.495
10339,30•ª,14.495
10340,2023/11/2 10:00,14.495
10341,30•ª,14.495
10342,2023/11/2 11:00,14.495
10343,30•ª,14.495
10344,2023/11/2 12:00,14.495
10345,30•ª,14.495
10346,2023/11/2 13:00,14.495
10347,30•ª,14.495
10348,2023/11/2 14:00,14.495
10349,30•ª,14.495
10350,2023/11/2 15:00,14.495
10351,30•ª,14.495
10352,2023/11/2 16:00,14.495
10353,30•ª,14.495
10354,2023/11/2 17:00,14.495
10355,30•ª,14.495
10356,2023/11/2 18:00,14.495
10357,30•ª,14.495
10358,2023/11/2 19:00,14.495
10359,30•ª,14.495
10360,2023/11/2 20:00,14.495
10361,30•ª,14.495
10362,2023/11/2 21:00,14.495
10363,30•ª,14.495
10364,2023/11/2 22:00,14.495
10365,30•ª,14.495
10366,2023/11/2 23:00,14.495
10367,30•ª,14.495
10368,2023/11/3 0:00,6.08
10369,30•ª,6.08
10370,2023/11/3 1:00,6.08
10371,30•ª,6.08
10372,2023/11/3 2:00,6.08
10373,30•ª,6.08
10374,2023/11/3 3:00,6.08
10375,30•ª,6.08
10376,2023/11/3 4:00,6.08
10377,30•ª,6.08
10378,2023/11/3 5:00,6.08
10379,30•ª,6.08
10380,2023/11/3 6:00,6.08
10381,30•ª,6.08
10382,2023/11/3 7:00,14.495
10383,30•ª,14.495
10384,2023/11/3 8:00,14.495
10385,30•ª,14.495
10386,2023/11/3 9:00,14.495
10387,30•ª,14.495
10388,2023/11/3 10:00,14.495
10389,30•ª,14.495
10390,2023/11/3 11:00,14.495
10391,30•ª,14.495
10392,2023/11/3 12:00,14.495
10393,30•ª,14.495
10394,2023/11/3 13:00,14.495
10395,30•ª,14.495
10396,2023/11/3 14:00,14.495
10397,30•ª,14.495
10398,2023/11/3 15:00,14.495
10399,30•ª,14.495
10400,2023/11/3 16:00,14.495
10401,30•ª,14.495
10402,2023/11/3 17:00,14.495
10403,30•ª,14.495
10404,2023/11/3 18:00,14.495
10405,30•ª,14.495
10406,2023/11/3 19:00,14.495
10407,30•ª,14.495
10408,2023/11/3 20:00,14.495
10409,30•ª,14.495
10410,2023/11/3 21:00,14.495
10411,30•ª,14.495
10412,2023/11/3 22:00,14.495
10413,30•ª,14.495
10414,2023/11/3 23:00,14.495
10415,30•ª,14.495
10416,2023/11/4 0:00,6.08
10417,30•ª,6.08
10418,2023/11/4 1:00,6.08
10419,30•ª,6.08
10420,2023/11/4 2:00,6.08
10421,30•ª,6.08
10422,2023/11/4 3:00,6.08
10423,30•ª,6.08
10424,2023/11/4 4:00,6.08
10425,30•ª,6.08
10426,2023/11/4 5:00,6.08
10427,30•ª,6.08
10428,2023/11/4 6:00,6.08
10429,30•ª,6.08
10430,2023/11/4 7:00,14.495
10431,30•ª,14.495
10432,2023/11/4 8:00,14.495
10433,30•ª,14.495
10434,2023/11/4 9:00,14.495
10435,30•ª,14.495
10436,2023/11/4 10:00,14.495
10437,30•ª,14.495
10438,2023/11/4 11:00,14.495
10439,30•ª,14.495
10440,2023/11/4 12:00,14.495
10441,30•ª,14.495
10442,2023/11/4 13:00,14.495
10443,30•ª,14.495
10444,2023/11/4 14:00,14.495
10445,30•ª,14.495
10446,2023/11/4 15:00,14.495
10447,30•ª,14.495
10448,2023/11/4 16:00,14.495
10449,30•ª,14.495
10450,2023/11/4 17:00,14.495
10451,30•ª,14.495
10452,2023/11/4 18:00,14.495
10453,30•ª,14.495
10454,2023/11/4 19:00,14.495
10455,30•ª,14.495
10456,2023/11/4 20:00,14.495
10457,30•ª,14.495
10458,2023/11/4 21:00,14.495
10459,30•ª,14.495
10460,2023/11/4 22:00,14.495
10461,30•ª,14.495
10462,2023/11/4 23:00,14.495
10463,30•ª,14.495
10464,2023/11/5 0:00,6.08
10465,30•ª,6.08
10466,2023/11/5 1:00,6.08
10467,30•ª,6.08
10468,2023/11/5 2:00,6.08
10469,30•ª,6.08
10470,2023/11/5 3:00,6.08
10471,30•ª,6.08
10472,2023/11/5 4:00,6.08
10473,30•ª,6.08
10474,2023/11/5 5:00,6.08
10475,30•ª,6.08
10476,2023/11/5 6:00,6.08
10477,30•ª,6.08
10478,2023/11/5 7:00,14.495
10479,30•ª,14.495
10480,2023/11/5 8:00,14.495
10481,30•ª,14.495
10482,2023/11/5 9:00,14.495
10483,30•ª,14.495
10484,2023/11/5 10:00,14.495
10485,30•ª,14.495
10486,2023/11/5 11:00,14.495
10487,30•ª,14.495
10488,2023/11/5 12:00,14.495
10489,30•ª,14.495
10490,2023/11/5 13:00,14.495
10491,30•ª,14.495
10492,2023/11/5 14:00,14.495
10493,30•ª,14.495
10494,2023/11/5 15:00,14.495
10495,30•ª,14.495
10496,2023/11/5 16:00,14.495
10497,30•ª,14.495
10498,2023/11/5 17:00,14.495
10499,30•ª,14.495
10500,2023/11/5 18:00,14.495
10501,30•ª,14.495
10502,2023/11/5 19:00,14.495
10503,30•ª,14.495
10504,2023/11/5 20:00,14.495
10505,30•ª,14.495
10506,2023/11/5 21:00,14.495
10507,30•ª,14.495
10508,2023/11/5 22:00,14.495
10509,30•ª,14.495
10510,2023/11/5 23:00,14.495
10511,30•ª,14.495
10512,2023/11/6 0:00,6.08
10513,30•ª,6.08
10514,2023/11/6 1:00,6.08
10515,30•ª,6.08
10516,2023/11/6 2:00,6.08
10517,30•ª,6.08
10518,2023/11/6 3:00,6.08
10519,30•ª,6.08
10520,2023/11/6 4:00,6.08
10521,30•ª,6.08
10522,2023/11/6 5:00,6.08
10523,30•ª,6.08
10524,2023/11/6 6:00,6.08
10525,30•ª,6.08
10526,2023/11/6 7:00,14.495
10527,30•ª,14.495
10528,2023/11/6 8:00,14.495
10529,30•ª,14.495
10530,2023/11/6 9:00,14.495
10531,30•ª,14.495
10532,2023/11/6 10:00,14.495
10533,30•ª,14.495
10534,2023/11/6 11:00,14.495
10535,30•ª,14.495
10536,2023/11/6 12:00,14.495
10537,30•ª,14.495
10538,2023/11/6 13:00,14.495
10539,30•ª,14.495
10540,2023/11/6 14:00,14.495
10541,30•ª,14.495
10542,2023/11/6 15:00,14.495
10543,30•ª,14.495
10544,2023/11/6 16:00,14.495
10545,30•ª,14.495
10546,2023/11/6 17:00,14.495
10547,30•ª,14.495
10548,2023/11/6 18:00,14.495
10549,30•ª,14.495
10550,2023/11/6 19:00,14.495
10551,30•ª,14.495
10552,2023/11/6 20:00,14.495
10553,30•ª,14.495
10554,2023/11/6 21:00,14.495
10555,30•ª,14.495
10556,2023/11/6 22:00,14.495
10557,30•ª,14.495
10558,2023/11/6 23:00,14.495
10559,30•ª,14.495
10560,2023/11/7 0:00,6.08
10561,30•ª,6.08
10562,2023/11/7 1:00,6.08
10563,30•ª,6.08
10564,2023/11/7 2:00,6.08
10565,30•ª,6.08
10566,2023/11/7 3:00,6.08
10567,30•ª,6.08
10568,2023/11/7 4:00,6.08
10569,30•ª,6.08
10570,2023/11/7 5:00,6.08
10571,30•ª,6.08
10572,2023/11/7 6:00,6.08
10573,30•ª,6.08
10574,2023/11/7 7:00,14.495
10575,30•ª,14.495
10576,2023/11/7 8:00,14.495
10577,30•ª,14.495
10578,2023/11/7 9:00,14.495
10579,30•ª,14.495
10580,2023/11/7 10:00,14.495
10581,30•ª,14.495
10582,2023/11/7 11:00,14.495
10583,30•ª,14.495
10584,2023/11/7 12:00,14.495
10585,30•ª,14.495
10586,2023/11/7 13:00,14.495
10587,30•ª,14.495
10588,2023/11/7 14:00,14.495
10589,30•ª,14.495
10590,2023/11/7 15:00,14.495
10591,30•ª,14.495
10592,2023/11/7 16:00,14.495
10593,30•ª,14.495
10594,2023/11/7 17:00,14.495
10595,30•ª,14.495
10596,2023/11/7 18:00,14.495
10597,30•ª,14.495
10598,2023/11/7 19:00,14.495
10599,30•ª,14.495
10600,2023/11/7 20:00,14.495
10601,30•ª,14.495
10602,2023/11/7 21:00,14.495
10603,30•ª,14.495
10604,2023/11/7 22:00,14.495
10605,30•ª,14.495
10606,2023/11/7 23:00,14.495
10607,30•ª,14.495
10608,2023/11/8 0:00,6.08
10609,30•ª,6.08
10610,2023/11/8 1:00,6.08
10611,30•ª,6.08
10612,2023/11/8 2:00,6.08
10613,30•ª,6.08
10614,2023/11/8 3:00,6.08
10615,30•ª,6.08
10616,2023/11/8 4:00,6.08
10617,30•ª,6.08
10618,2023/11/8 5:00,6.08
10619,30•ª,6.08
10620,2023/11/8 6:00,6.08
10621,30•ª,6.08
10622,2023/11/8 7:00,14.495
10623,30•ª,14.495
10624,2023/11/8 8:00,14.495
10625,30•ª,14.495
10626,2023/11/8 9:00,14.495
10627,30•ª,14.495
10628,2023/11/8 10:00,14.495
10629,30•ª,14.495
10630,2023/11/8 11:00,14.495
10631,30•ª,14.495
10632,2023/11/8 12:00,14.495
10633,30•ª,14.495
10634,2023/11/8 13:00,14.495
10635,30•ª,14.495
10636,2023/11/8 14:00,14.495
10637,30•ª,14.495
10638,2023/11/8 15:00,14.495
10639,30•ª,14.495
10640,2023/11/8 16:00,14.495
10641,30•ª,14.495
10642,2023/11/8 17:00,14.495
10643,30•ª,14.495
10644,2023/11/8 18:00,14.495
10645,30•ª,14.495
10646,2023/11/8 19:00,14.495
10647,30•ª,14.495
10648,2023/11/8 20:00,14.495
10649,30•ª,14.495
10650,2023/11/8 21:00,14.495
10651,30•ª,14.495
10652,2023/11/8 22:00,14.495
10653,30•ª,14.495
10654,2023/11/8 23:00,14.495
10655,30•ª,14.495
10656,2023/11/9 0:00,6.08
10657,30•ª,6.08
10658,2023/11/9 1:00,6.08
10659,30•ª,6.08
10660,2023/11/9 2:00,6.08
10661,30•ª,6.08
10662,2023/11/9 3:00,6.08
10663,30•ª,6.08
10664,2023/11/9 4:00,6.08
10665,30•ª,6.08
10666,2023/11/9 5:00,6.08
10667,30•ª,6.08
10668,2023/11/9 6:00,6.08
10669,30•ª,6.08
10670,2023/11/9 7:00,14.495
10671,30•ª,14.495
10672,2023/11/9 8:00,14.495
10673,30•ª,14.495
10674,2023/11/9 9:00,14.495
10675,30•ª,14.495
10676,2023/11/9 10:00,14.495
10677,30•ª,14.495
10678,2023/11/9 11:00,14.495
10679,30•ª,14.495
10680,2023/11/9 12:00,14.495
10681,30•ª,14.495
10682,2023/11/9 13:00,14.495
10683,30•ª,14.495
10684,2023/11/9 14:00,14.495
10685,30•ª,14.495
10686,2023/11/9 15:00,14.495
10687,30•ª,14.495
10688,2023/11/9 16:00,14.495
10689,30•ª,14.495
10690,2023/11/9 17:00,14.495
10691,30•ª,14.495
10692,2023/11/9 18:00,14.495
10693,30•ª,14.495
10694,2023/11/9 19:00,14.495
10695,30•ª,14.495
10696,2023/11/9 20:00,14.495
10697,30•ª,14.495
10698,2023/11/9 21:00,14.495
10699,30•ª,14.495
10700,2023/11/9 22:00,14.495
10701,30•ª,14.495
10702,2023/11/9 23:00,14.495
10703,30•ª,14.495
10704,2023/11/10 0:00,6.08
10705,30•ª,6.08
10706,2023/11/10 1:00,6.08
10707,30•ª,6.08
10708,2023/11/10 2:00,6.08
10709,30•ª,6.08
10710,2023/11/10 3:00,6.08
10711,30•ª,6.08
10712,2023/11/10 4:00,6.08
10713,30•ª,6.08
10714,2023/11/10 5:00,6.08
10715,30•ª,6.08
10716,2023/11/10 6:00,6.08
10717,30•ª,6.08
10718,2023/11/10 7:00,14.495
10719,30•ª,14.495
10720,2023/11/10 8:00,14.495
10721,30•ª,14.495
10722,2023/11/10 9:00,14.495
10723,30•ª,14.495
10724,2023/11/10 10:00,14.495
10725,30•ª,14.495
10726,2023/11/10 11:00,14.495
10727,30•ª,14.495
10728,2023/11/10 12:00,14.495
10729,30•ª,14.495
10730,2023/11/10 13:00,14.495
10731,30•ª,14.495
10732,2023/11/10 14:00,14.495
10733,30•ª,14.495
10734,2023/11/10 15:00,14.495
10735,30•ª,14.495
10736,2023/11/10 16:00,14.495
10737,30•ª,14.495
10738,2023/11/10 17:00,14.495
10739,30•ª,14.495
10740,2023/11/10 18:00,14.495
10741,30•ª,14.495
10742,2023/11/10 19:00,14.495
10743,30•ª,14.495
10744,2023/11/10 20:00,14.495
10745,30•ª,14.495
10746,2023/11/10 21:00,14.495
10747,30•ª,14.495
10748,2023/11/10 22:00,14.495
10749,30•ª,14.495
10750,2023/11/10 23:00,14.495
10751,30•ª,14.495
10752,2023/11/11 0:00,6.08
10753,30•ª,6.08
10754,2023/11/11 1:00,6.08
10755,30•ª,6.08
10756,2023/11/11 2:00,6.08
10757,30•ª,6.08
10758,2023/11/11 3:00,6.08
10759,30•ª,6.08
10760,2023/11/11 4:00,6.08
10761,30•ª,6.08
10762,2023/11/11 5:00,6.08
10763,30•ª,6.08
10764,2023/11/11 6:00,6.08
10765,30•ª,6.08
10766,2023/11/11 7:00,14.495
10767,30•ª,14.495
10768,2023/11/11 8:00,14.495
10769,30•ª,14.495
10770,2023/11/11 9:00,14.495
10771,30•ª,14.495
10772,2023/11/11 10:00,14.495
10773,30•ª,14.495
10774,2023/11/11 11:00,14.495
10775,30•ª,14.495
10776,2023/11/11 12:00,14.495
10777,30•ª,14.495
10778,2023/11/11 13:00,14.495
10779,30•ª,14.495
10780,2023/11/11 14:00,14.495
10781,30•ª,14.495
10782,2023/11/11 15:00,14.495
10783,30•ª,14.495
10784,2023/11/11 16:00,14.495
10785,30•ª,14.495
10786,2023/11/11 17:00,14.495
10787,30•ª,14.495
10788,2023/11/11 18:00,14.495
10789,30•ª,14.495
10790,2023/11/11 19:00,14.495
10791,30•ª,14.495
10792,2023/11/11 20:00,14.495
10793,30•ª,14.495
10794,2023/11/11 21:00,14.495
10795,30•ª,14.495
10796,2023/11/11 22:00,14.495
10797,30•ª,14.495
10798,2023/11/11 23:00,14.495
10799,30•ª,14.495
10800,2023/11/12 0:00,6.08
10801,30•ª,6.08
10802,2023/11/12 1:00,6.08
10803,30•ª,6.08
10804,2023/11/12 2:00,6.08
10805,30•ª,6.08
10806,2023/11/12 3:00,6.08
10807,30•ª,6.08
10808,2023/11/12 4:00,6.08
10809,30•ª,6.08
10810,2023/11/12 5:00,6.08
10811,30•ª,6.08
10812,2023/11/12 6:00,6.08
10813,30•ª,6.08
10814,2023/11/12 7:00,14.495
10815,30•ª,14.495
10816,2023/11/12 8:00,14.495
10817,30•ª,14.495
10818,2023/11/12 9:00,14.495
10819,30•ª,14.495
10820,2023/11/12 10:00,14.495
10821,30•ª,14.495
10822,2023/11/12 11:00,14.495
10823,30•ª,14.495
10824,2023/11/12 12:00,14.495
10825,30•ª,14.495
10826,2023/11/12 13:00,14.495
10827,30•ª,14.495
10828,2023/11/12 14:00,14.495
10829,30•ª,14.495
10830,2023/11/12 15:00,14.495
10831,30•ª,14.495
10832,2023/11/12 16:00,14.495
10833,30•ª,14.495
10834,2023/11/12 17:00,14.495
10835,30•ª,14.495
10836,2023/11/12 18:00,14.495
10837,30•ª,14.495
10838,2023/11/12 19:00,14.495
10839,30•ª,14.495
10840,2023/11/12 20:00,14.495
10841,30•ª,14.495
10842,2023/11/12 21:00,14.495
10843,30•ª,14.495
10844,2023/11/12 22:00,14.495
10845,30•ª,14.495
10846,2023/11/12 23:00,14.495
10847,30•ª,14.495
10848,2023/11/13 0:00,6.08
10849,30•ª,6.08
10850,2023/11/13 1:00,6.08
10851,30•ª,6.08
10852,2023/11/13 2:00,6.08
10853,30•ª,6.08
10854,2023/11/13 3:00,6.08
10855,30•ª,6.08
10856,2023/11/13 4:00,6.08
10857,30•ª,6.08
10858,2023/11/13 5:00,6.08
10859,30•ª,6.08
10860,2023/11/13 6:00,6.08
10861,30•ª,6.08
10862,2023/11/13 7:00,14.495
10863,30•ª,14.495
10864,2023/11/13 8:00,14.495
10865,30•ª,14.495
10866,2023/11/13 9:00,14.495
10867,30•ª,14.495
10868,2023/11/13 10:00,14.495
10869,30•ª,14.495
10870,2023/11/13 11:00,14.495
10871,30•ª,14.495
10872,2023/11/13 12:00,14.495
10873,30•ª,14.495
10874,2023/11/13 13:00,14.495
10875,30•ª,14.495
10876,2023/11/13 14:00,14.495
10877,30•ª,14.495
10878,2023/11/13 15:00,14.495
10879,30•ª,14.495
10880,2023/11/13 16:00,14.495
10881,30•ª,14.495
10882,2023/11/13 17:00,14.495
10883,30•ª,14.495
10884,2023/11/13 18:00,14.495
10885,30•ª,14.495
10886,2023/11/13 19:00,14.495
10887,30•ª,14.495
10888,2023/11/13 20:00,14.495
10889,30•ª,14.495
10890,2023/11/13 21:00,14.495
10891,30•ª,14.495
10892,2023/11/13 22:00,14.495
10893,30•ª,14.495
10894,2023/11/13 23:00,14.495
10895,30•ª,14.495
10896,2023/11/14 0:00,6.08
10897,30•ª,6.08
10898,2023/11/14 1:00,6.08
10899,30•ª,6.08
10900,2023/11/14 2:00,6.08
10901,30•ª,6.08
10902,2023/11/14 3:00,6.08
10903,30•ª,6.08
10904,2023/11/14 4:00,6.08
10905,30•ª,6.08
10906,2023/11/14 5:00,6.08
10907,30•ª,6.08
10908,2023/11/14 6:00,6.08
10909,30•ª,6.08
10910,2023/11/14 7:00,14.495
10911,30•ª,14.495
10912,2023/11/14 8:00,14.495
10913,30•ª,14.495
10914,2023/11/14 9:00,14.495
10915,30•ª,14.495
10916,2023/11/14 10:00,14.495
10917,30•ª,14.495
10918,2023/11/14 11:00,14.495
10919,30•ª,14.495
10920,2023/11/14 12:00,14.495
10921,30•ª,14.495
10922,2023/11/14 13:00,14.495
10923,30•ª,14.495
10924,2023/11/14 14:00,14.495
10925,30•ª,14.495
10926,2023/11/14 15:00,14.495
10927,30•ª,14.495
10928,2023/11/14 16:00,14.495
10929,30•ª,14.495
10930,2023/11/14 17:00,14.495
10931,30•ª,14.495
10932,2023/11/14 18:00,14.495
10933,30•ª,14.495
10934,2023/11/14 19:00,14.495
10935,30•ª,14.495
10936,2023/11/14 20:00,14.495
10937,30•ª,14.495
10938,2023/11/14 21:00,14.495
10939,30•ª,14.495
10940,2023/11/14 22:00,14.495
10941,30•ª,14.495
10942,2023/11/14 23:00,14.495
10943,30•ª,14.495
10944,2023/11/15 0:00,6.08
10945,30•ª,6.08
10946,2023/11/15 1:00,6.08
10947,30•ª,6.08
10948,2023/11/15 2:00,6.08
10949,30•ª,6.08
10950,2023/11/15 3:00,6.08
10951,30•ª,6.08
10952,2023/11/15 4:00,6.08
10953,30•ª,6.08
10954,2023/11/15 5:00,6.08
10955,30•ª,6.08
10956,2023/11/15 6:00,6.08
10957,30•ª,6.08
10958,2023/11/15 7:00,14.495
10959,30•ª,14.495
10960,2023/11/15 8:00,14.495
10961,30•ª,14.495
10962,2023/11/15 9:00,14.495
10963,30•ª,14.495
10964,2023/11/15 10:00,14.495
10965,30•ª,14.495
10966,2023/11/15 11:00,14.495
10967,30•ª,14.495
10968,2023/11/15 12:00,14.495
10969,30•ª,14.495
10970,2023/11/15 13:00,14.495
10971,30•ª,14.495
10972,2023/11/15 14:00,14.495
10973,30•ª,14.495
10974,2023/11/15 15:00,14.495
10975,30•ª,14.495
10976,2023/11/15 16:00,14.495
10977,30•ª,14.495
10978,2023/11/15 17:00,14.495
10979,30•ª,14.495
10980,2023/11/15 18:00,14.495
10981,30•ª,14.495
10982,2023/11/15 19:00,14.495
10983,30•ª,14.495
10984,2023/11/15 20:00,14.495
10985,30•ª,14.495
10986,2023/11/15 21:00,14.495
10987,30•ª,14.495
10988,2023/11/15 22:00,14.495
10989,30•ª,14.495
10990,2023/11/15 23:00,14.495
10991,30•ª,14.495
10992,2023/11/16 0:00,6.08
10993,30•ª,6.08
10994,2023/11/16 1:00,6.08
10995,30•ª,6.08
10996,2023/11/16 2:00,6.08
10997,30•ª,6.08
10998,2023/11/16 3:00,6.08
10999,30•ª,6.08
11000,2023/11/16 4:00,6.08
11001,30•ª,6.08
11002,2023/11/16 5:00,6.08
11003,30•ª,6.08
11004,2023/11/16 6:00,6.08
11005,30•ª,6.08
11006,2023/11/16 7:00,14.495
11007,30•ª,14.495
11008,2023/11/16 8:00,14.495
11009,30•ª,14.495
11010,2023/11/16 9:00,14.495
11011,30•ª,14.495
11012,2023/11/16 10:00,14.495
11013,30•ª,14.495
11014,2023/11/16 11:00,14.495
11015,30•ª,14.495
11016,2023/11/16 12:00,14.495
11017,30•ª,14.495
11018,2023/11/16 13:00,14.495
11019,30•ª,14.495
11020,2023/11/16 14:00,14.495
11021,30•ª,14.495
11022,2023/11/16 15:00,14.495
11023,30•ª,14.495
11024,2023/11/16 16:00,14.495
11025,30•ª,14.495
11026,2023/11/16 17:00,14.495
11027,30•ª,14.495
11028,2023/11/16 18:00,14.495
11029,30•ª,14.495
11030,2023/11/16 19:00,14.495
11031,30•ª,14.495
11032,2023/11/16 20:00,14.495
11033,30•ª,14.495
11034,2023/11/16 21:00,14.495
11035,30•ª,14.495
11036,2023/11/16 22:00,14.495
11037,30•ª,14.495
11038,2023/11/16 23:00,14.495
11039,30•ª,14.495
11040,2023/11/17 0:00,6.08
11041,30•ª,6.08
11042,2023/11/17 1:00,6.08
11043,30•ª,6.08
11044,2023/11/17 2:00,6.08
11045,30•ª,6.08
11046,2023/11/17 3:00,6.08
11047,30•ª,6.08
11048,2023/11/17 4:00,6.08
11049,30•ª,6.08
11050,2023/11/17 5:00,6.08
11051,30•ª,6.08
11052,2023/11/17 6:00,6.08
11053,30•ª,6.08
11054,2023/11/17 7:00,14.495
11055,30•ª,14.495
11056,2023/11/17 8:00,14.495
11057,30•ª,14.495
11058,2023/11/17 9:00,14.495
11059,30•ª,14.495
11060,2023/11/17 10:00,14.495
11061,30•ª,14.495
11062,2023/11/17 11:00,14.495
11063,30•ª,14.495
11064,2023/11/17 12:00,14.495
11065,30•ª,14.495
11066,2023/11/17 13:00,14.495
11067,30•ª,14.495
11068,2023/11/17 14:00,14.495
11069,30•ª,14.495
11070,2023/11/17 15:00,14.495
11071,30•ª,14.495
11072,2023/11/17 16:00,14.495
11073,30•ª,14.495
11074,2023/11/17 17:00,14.495
11075,30•ª,14.495
11076,2023/11/17 18:00,14.495
11077,30•ª,14.495
11078,2023/11/17 19:00,14.495
11079,30•ª,14.495
11080,2023/11/17 20:00,14.495
11081,30•ª,14.495
11082,2023/11/17 21:00,14.495
11083,30•ª,14.495
11084,2023/11/17 22:00,14.495
11085,30•ª,14.495
11086,2023/11/17 23:00,14.495
11087,30•ª,14.495
11088,2023/11/18 0:00,6.08
11089,30•ª,6.08
11090,2023/11/18 1:00,6.08
11091,30•ª,6.08
11092,2023/11/18 2:00,6.08
11093,30•ª,6.08
11094,2023/11/18 3:00,6.08
11095,30•ª,6.08
11096,2023/11/18 4:00,6.08
11097,30•ª,6.08
11098,2023/11/18 5:00,6.08
11099,30•ª,6.08
11100,2023/11/18 6:00,6.08
11101,30•ª,6.08
11102,2023/11/18 7:00,14.495
11103,30•ª,14.495
11104,2023/11/18 8:00,14.495
11105,30•ª,14.495
11106,2023/11/18 9:00,14.495
11107,30•ª,14.495
11108,2023/11/18 10:00,14.495
11109,30•ª,14.495
11110,2023/11/18 11:00,14.495
11111,30•ª,14.495
11112,2023/11/18 12:00,14.495
11113,30•ª,14.495
11114,2023/11/18 13:00,14.495
11115,30•ª,14.495
11116,2023/11/18 14:00,14.495
11117,30•ª,14.495
11118,2023/11/18 15:00,14.495
11119,30•ª,14.495
11120,2023/11/18 16:00,14.495
11121,30•ª,14.495
11122,2023/11/18 17:00,14.495
11123,30•ª,14.495
11124,2023/11/18 18:00,14.495
11125,30•ª,14.495
11126,2023/11/18 19:00,14.495
11127,30•ª,14.495
11128,2023/11/18 20:00,14.495
11129,30•ª,14.495
11130,2023/11/18 21:00,14.495
11131,30•ª,14.495
11132,2023/11/18 22:00,14.495
11133,30•ª,14.495
11134,2023/11/18 23:00,14.495
11135,30•ª,14.495
11136,2023/11/19 0:00,6.08
11137,30•ª,6.08
11138,2023/11/19 1:00,6.08
11139,30•ª,6.08
11140,2023/11/19 2:00,6.08
11141,30•ª,6.08
11142,2023/11/19 3:00,6.08
11143,30•ª,6.08
11144,2023/11/19 4:00,6.08
11145,30•ª,6.08
11146,2023/11/19 5:00,6.08
11147,30•ª,6.08
11148,2023/11/19 6:00,6.08
11149,30•ª,6.08
11150,2023/11/19 7:00,14.495
11151,30•ª,14.495
11152,2023/11/19 8:00,14.495
11153,30•ª,14.495
11154,2023/11/19 9:00,14.495
11155,30•ª,14.495
11156,2023/11/19 10:00,14.495
11157,30•ª,14.495
11158,2023/11/19 11:00,14.495
11159,30•ª,14.495
11160,2023/11/19 12:00,14.495
11161,30•ª,14.495
11162,2023/11/19 13:00,14.495
11163,30•ª,14.495
11164,2023/11/19 14:00,14.495
11165,30•ª,14.495
11166,2023/11/19 15:00,14.495
11167,30•ª,14.495
11168,2023/11/19 16:00,14.495
11169,30•ª,14.495
11170,2023/11/19 17:00,14.495
11171,30•ª,14.495
11172,2023/11/19 18:00,14.495
11173,30•ª,14.495
11174,2023/11/19 19:00,14.495
11175,30•ª,14.495
11176,2023/11/19 20:00,14.495
11177,30•ª,14.495
11178,2023/11/19 21:00,14.495
11179,30•ª,14.495
11180,2023/11/19 22:00,14.495
11181,30•ª,14.495
11182,2023/11/19 23:00,14.495
11183,30•ª,14.495
11184,2023/11/20 0:00,6.08
11185,30•ª,6.08
11186,2023/11/20 1:00,6.08
11187,30•ª,6.08
11188,2023/11/20 2:00,6.08
11189,30•ª,6.08
11190,2023/11/20 3:00,6.08
11191,30•ª,6.08
11192,2023/11/20 4:00,6.08
11193,30•ª,6.08
11194,2023/11/20 5:00,6.08
11195,30•ª,6.08
11196,2023/11/20 6:00,6.08
11197,30•ª,6.08
11198,2023/11/20 7:00,14.495
11199,30•ª,14.495
11200,2023/11/20 8:00,14.495
11201,30•ª,14.495
11202,2023/11/20 9:00,14.495
11203,30•ª,14.495
11204,2023/11/20 10:00,14.495
11205,30•ª,14.495
11206,2023/11/20 11:00,14.495
11207,30•ª,14.495
11208,2023/11/20 12:00,14.495
11209,30•ª,14.495
11210,2023/11/20 13:00,14.495
11211,30•ª,14.495
11212,2023/11/20 14:00,14.495
11213,30•ª,14.495
11214,2023/11/20 15:00,14.495
11215,30•ª,14.495
11216,2023/11/20 16:00,14.495
11217,30•ª,14.495
11218,2023/11/20 17:00,14.495
11219,30•ª,14.495
11220,2023/11/20 18:00,14.495
11221,30•ª,14.495
11222,2023/11/20 19:00,14.495
11223,30•ª,14.495
11224,2023/11/20 20:00,14.495
11225,30•ª,14.495
11226,2023/11/20 21:00,14.495
11227,30•ª,14.495
11228,2023/11/20 22:00,14.495
11229,30•ª,14.495
11230,2023/11/20 23:00,14.495
11231,30•ª,14.495
11232,2023/11/21 0:00,6.08
11233,30•ª,6.08
11234,2023/11/21 1:00,6.08
11235,30•ª,6.08
11236,2023/11/21 2:00,6.08
11237,30•ª,6.08
11238,2023/11/21 3:00,6.08
11239,30•ª,6.08
11240,2023/11/21 4:00,6.08
11241,30•ª,6.08
11242,2023/11/21 5:00,6.08
11243,30•ª,6.08
11244,2023/11/21 6:00,6.08
11245,30•ª,6.08
11246,2023/11/21 7:00,14.495
11247,30•ª,14.495
11248,2023/11/21 8:00,14.495
11249,30•ª,14.495
11250,2023/11/21 9:00,14.495
11251,30•ª,14.495
11252,2023/11/21 10:00,14.495
11253,30•ª,14.495
11254,2023/11/21 11:00,14.495
11255,30•ª,14.495
11256,2023/11/21 12:00,14.495
11257,30•ª,14.495
11258,2023/11/21 13:00,14.495
11259,30•ª,14.495
11260,2023/11/21 14:00,14.495
11261,30•ª,14.495
11262,2023/11/21 15:00,14.495
11263,30•ª,14.495
11264,2023/11/21 16:00,14.495
11265,30•ª,14.495
11266,2023/11/21 17:00,14.495
11267,30•ª,14.495
11268,2023/11/21 18:00,14.495
11269,30•ª,14.495
11270,2023/11/21 19:00,14.495
11271,30•ª,14.495
11272,2023/11/21 20:00,14.495
11273,30•ª,14.495
11274,2023/11/21 21:00,14.495
11275,30•ª,14.495
11276,2023/11/21 22:00,14.495
11277,30•ª,14.495
11278,2023/11/21 23:00,14.495
11279,30•ª,14.495
11280,2023/11/22 0:00,6.08
11281,30•ª,6.08
11282,2023/11/22 1:00,6.08
11283,30•ª,6.08
11284,2023/11/22 2:00,6.08
11285,30•ª,6.08
11286,2023/11/22 3:00,6.08
11287,30•ª,6.08
11288,2023/11/22 4:00,6.08
11289,30•ª,6.08
11290,2023/11/22 5:00,6.08
11291,30•ª,6.08
11292,2023/11/22 6:00,6.08
11293,30•ª,6.08
11294,2023/11/22 7:00,14.495
11295,30•ª,14.495
11296,2023/11/22 8:00,14.495
11297,30•ª,14.495
11298,2023/11/22 9:00,14.495
11299,30•ª,14.495
11300,2023/11/22 10:00,14.495
11301,30•ª,14.495
11302,2023/11/22 11:00,14.495
11303,30•ª,14.495
11304,2023/11/22 12:00,14.495
11305,30•ª,14.495
11306,2023/11/22 13:00,14.495
11307,30•ª,14.495
11308,2023/11/22 14:00,14.495
11309,30•ª,14.495
11310,2023/11/22 15:00,14.495
11311,30•ª,14.495
11312,2023/11/22 16:00,14.495
11313,30•ª,14.495
11314,2023/11/22 17:00,14.495
11315,30•ª,14.495
11316,2023/11/22 18:00,14.495
11317,30•ª,14.495
11318,2023/11/22 19:00,14.495
11319,30•ª,14.495
11320,2023/11/22 20:00,14.495
11321,30•ª,14.495
11322,2023/11/22 21:00,14.495
11323,30•ª,14.495
11324,2023/11/22 22:00,14.495
11325,30•ª,14.495
11326,2023/11/22 23:00,14.495
11327,30•ª,14.495
11328,2023/11/23 0:00,6.08
11329,30•ª,6.08
11330,2023/11/23 1:00,6.08
11331,30•ª,6.08
11332,2023/11/23 2:00,6.08
11333,30•ª,6.08
11334,2023/11/23 3:00,6.08
11335,30•ª,6.08
11336,2023/11/23 4:00,6.08
11337,30•ª,6.08
11338,2023/11/23 5:00,6.08
11339,30•ª,6.08
11340,2023/11/23 6:00,6.08
11341,30•ª,6.08
11342,2023/11/23 7:00,14.495
11343,30•ª,14.495
11344,2023/11/23 8:00,14.495
11345,30•ª,14.495
11346,2023/11/23 9:00,14.495
11347,30•ª,14.495
11348,2023/11/23 10:00,14.495
11349,30•ª,14.495
11350,2023/11/23 11:00,14.495
11351,30•ª,14.495
11352,2023/11/23 12:00,14.495
11353,30•ª,14.495
11354,2023/11/23 13:00,14.495
11355,30•ª,14.495
11356,2023/11/23 14:00,14.495
11357,30•ª,14.495
11358,2023/11/23 15:00,14.495
11359,30•ª,14.495
11360,2023/11/23 16:00,14.495
11361,30•ª,14.495
11362,2023/11/23 17:00,14.495
11363,30•ª,14.495
11364,2023/11/23 18:00,14.495
11365,30•ª,14.495
11366,2023/11/23 19:00,14.495
11367,30•ª,14.495
11368,2023/11/23 20:00,14.495
11369,30•ª,14.495
11370,2023/11/23 21:00,14.495
11371,30•ª,14.495
11372,2023/11/23 22:00,14.495
11373,30•ª,14.495
11374,2023/11/23 23:00,14.495
11375,30•ª,14.495
11376,2023/11/24 0:00,6.08
11377,30•ª,6.08
11378,2023/11/24 1:00,6.08
11379,30•ª,6.08
11380,2023/11/24 2:00,6.08
11381,30•ª,6.08
11382,2023/11/24 3:00,6.08
11383,30•ª,6.08
11384,2023/11/24 4:00,6.08
11385,30•ª,6.08
11386,2023/11/24 5:00,6.08
11387,30•ª,6.08
11388,2023/11/24 6:00,6.08
11389,30•ª,6.08
11390,2023/11/24 7:00,14.495
11391,30•ª,14.495
11392,2023/11/24 8:00,14.495
11393,30•ª,14.495
11394,2023/11/24 9:00,14.495
11395,30•ª,14.495
11396,2023/11/24 10:00,14.495
11397,30•ª,14.495
11398,2023/11/24 11:00,14.495
11399,30•ª,14.495
11400,2023/11/24 12:00,14.495
11401,30•ª,14.495
11402,2023/11/24 13:00,14.495
11403,30•ª,14.495
11404,2023/11/24 14:00,14.495
11405,30•ª,14.495
11406,2023/11/24 15:00,14.495
11407,30•ª,14.495
11408,2023/11/24 16:00,14.495
11409,30•ª,14.495
11410,2023/11/24 17:00,14.495
11411,30•ª,14.495
11412,2023/11/24 18:00,14.495
11413,30•ª,14.495
11414,2023/11/24 19:00,14.495
11415,30•ª,14.495
11416,2023/11/24 20:00,14.495
11417,30•ª,14.495
11418,2023/11/24 21:00,14.495
11419,30•ª,14.495
11420,2023/11/24 22:00,14.495
11421,30•ª,14.495
11422,2023/11/24 23:00,14.495
11423,30•ª,14.495
11424,2023/11/25 0:00,6.08
11425,30•ª,6.08
11426,2023/11/25 1:00,6.08
11427,30•ª,6.08
11428,2023/11/25 2:00,6.08
11429,30•ª,6.08
11430,2023/11/25 3:00,6.08
11431,30•ª,6.08
11432,2023/11/25 4:00,6.08
11433,30•ª,6.08
11434,2023/11/25 5:00,6.08
11435,30•ª,6.08
11436,2023/11/25 6:00,6.08
11437,30•ª,6.08
11438,2023/11/25 7:00,14.495
11439,30•ª,14.495
11440,2023/11/25 8:00,14.495
11441,30•ª,14.495
11442,2023/11/25 9:00,14.495
11443,30•ª,14.495
11444,2023/11/25 10:00,14.495
11445,30•ª,14.495
11446,2023/11/25 11:00,14.495
11447,30•ª,14.495
11448,2023/11/25 12:00,14.495
11449,30•ª,14.495
11450,2023/11/25 13:00,14.495
11451,30•ª,14.495
11452,2023/11/25 14:00,14.495
11453,30•ª,14.495
11454,2023/11/25 15:00,14.495
11455,30•ª,14.495
11456,2023/11/25 16:00,14.495
11457,30•ª,14.495
11458,2023/11/25 17:00,14.495
11459,30•ª,14.495
11460,2023/11/25 18:00,14.495
11461,30•ª,14.495
11462,2023/11/25 19:00,14.495
11463,30•ª,14.495
11464,2023/11/25 20:00,14.495
11465,30•ª,14.495
11466,2023/11/25 21:00,14.495
11467,30•ª,14.495
11468,2023/11/25 22:00,14.495
11469,30•ª,14.495
11470,2023/11/25 23:00,14.495
11471,30•ª,14.495
11472,2023/11/26 0:00,6.08
11473,30•ª,6.08
11474,2023/11/26 1:00,6.08
11475,30•ª,6.08
11476,2023/11/26 2:00,6.08
11477,30•ª,6.08
11478,2023/11/26 3:00,6.08
11479,30•ª,6.08
11480,2023/11/26 4:00,6.08
11481,30•ª,6.08
11482,2023/11/26 5:00,6.08
11483,30•ª,6.08
11484,2023/11/26 6:00,6.08
11485,30•ª,6.08
11486,2023/11/26 7:00,14.495
11487,30•ª,14.495
11488,2023/11/26 8:00,14.495
11489,30•ª,14.495
11490,2023/11/26 9:00,14.495
11491,30•ª,14.495
11492,2023/11/26 10:00,14.495
11493,30•ª,14.495
11494,2023/11/26 11:00,14.495
11495,30•ª,14.495
11496,2023/11/26 12:00,14.495
11497,30•ª,14.495
11498,2023/11/26 13:00,14.495
11499,30•ª,14.495
11500,2023/11/26 14:00,14.495
11501,30•ª,14.495
11502,2023/11/26 15:00,14.495
11503,30•ª,14.495
11504,2023/11/26 16:00,14.495
11505,30•ª,14.495
11506,2023/11/26 17:00,14.495
11507,30•ª,14.495
11508,2023/11/26 18:00,14.495
11509,30•ª,14.495
11510,2023/11/26 19:00,14.495
11511,30•ª,14.495
11512,2023/11/26 20:00,14.495
11513,30•ª,14.495
11514,2023/11/26 21:00,14.495
11515,30•ª,14.495
11516,2023/11/26 22:00,14.495
11517,30•ª,14.495
11518,2023/11/26 23:00,14.495
11519,30•ª,14.495
11520,2023/11/27 0:00,6.08
11521,30•ª,6.08
11522,2023/11/27 1:00,6.08
11523,30•ª,6.08
11524,2023/11/27 2:00,6.08
11525,30•ª,6.08
11526,2023/11/27 3:00,6.08
11527,30•ª,6.08
11528,2023/11/27 4:00,6.08
11529,30•ª,6.08
11530,2023/11/27 5:00,6.08
11531,30•ª,6.08
11532,2023/11/27 6:00,6.08
11533,30•ª,6.08
11534,2023/11/27 7:00,14.495
11535,30•ª,14.495
11536,2023/11/27 8:00,14.495
11537,30•ª,14.495
11538,2023/11/27 9:00,14.495
11539,30•ª,14.495
11540,2023/11/27 10:00,14.495
11541,30•ª,14.495
11542,2023/11/27 11:00,14.495
11543,30•ª,14.495
11544,2023/11/27 12:00,14.495
11545,30•ª,14.495
11546,2023/11/27 13:00,14.495
11547,30•ª,14.495
11548,2023/11/27 14:00,14.495
11549,30•ª,14.495
11550,2023/11/27 15:00,14.495
11551,30•ª,14.495
11552,2023/11/27 16:00,14.495
11553,30•ª,14.495
11554,2023/11/27 17:00,14.495
11555,30•ª,14.495
11556,2023/11/27 18:00,14.495
11557,30•ª,14.495
11558,2023/11/27 19:00,14.495
11559,30•ª,14.495
11560,2023/11/27 20:00,14.495
11561,30•ª,14.495
11562,2023/11/27 21:00,14.495
11563,30•ª,14.495
11564,2023/11/27 22:00,14.495
11565,30•ª,14.495
11566,2023/11/27 23:00,14.495
11567,30•ª,14.495
11568,2023/11/28 0:00,6.08
11569,30•ª,6.08
11570,2023/11/28 1:00,6.08
11571,30•ª,6.08
11572,2023/11/28 2:00,6.08
11573,30•ª,6.08
11574,2023/11/28 3:00,6.08
11575,30•ª,6.08
11576,2023/11/28 4:00,6.08
11577,30•ª,6.08
11578,2023/11/28 5:00,6.08
11579,30•ª,6.08
11580,2023/11/28 6:00,6.08
11581,30•ª,6.08
11582,2023/11/28 7:00,14.495
11583,30•ª,14.495
11584,2023/11/28 8:00,14.495
11585,30•ª,14.495
11586,2023/11/28 9:00,14.495
11587,30•ª,14.495
11588,2023/11/28 10:00,14.495
11589,30•ª,14.495
11590,2023/11/28 11:00,14.495
11591,30•ª,14.495
11592,2023/11/28 12:00,14.495
11593,30•ª,14.495
11594,2023/11/28 13:00,14.495
11595,30•ª,14.495
11596,2023/11/28 14:00,14.495
11597,30•ª,14.495
11598,2023/11/28 15:00,14.495
11599,30•ª,14.495
11600,2023/11/28 16:00,14.495
11601,30•ª,14.495
11602,2023/11/28 17:00,14.495
11603,30•ª,14.495
11604,2023/11/28 18:00,14.495
11605,30•ª,14.495
11606,2023/11/28 19:00,14.495
11607,30•ª,14.495
11608,2023/11/28 20:00,14.495
11609,30•ª,14.495
11610,2023/11/28 21:00,14.495
11611,30•ª,14.495
11612,2023/11/28 22:00,14.495
11613,30•ª,14.495
11614,2023/11/28 23:00,14.495
11615,30•ª,14.495
11616,2023/11/29 0:00,6.08
11617,30•ª,6.08
11618,2023/11/29 1:00,6.08
11619,30•ª,6.08
11620,2023/11/29 2:00,6.08
11621,30•ª,6.08
11622,2023/11/29 3:00,6.08
11623,30•ª,6.08
11624,2023/11/29 4:00,6.08
11625,30•ª,6.08
11626,2023/11/29 5:00,6.08
11627,30•ª,6.08
11628,2023/11/29 6:00,6.08
11629,30•ª,6.08
11630,2023/11/29 7:00,14.495
11631,30•ª,14.495
11632,2023/11/29 8:00,14.495
11633,30•ª,14.495
11634,2023/11/29 9:00,14.495
11635,30•ª,14.495
11636,2023/11/29 10:00,14.495
11637,30•ª,14.495
11638,2023/11/29 11:00,14.495
11639,30•ª,14.495
11640,2023/11/29 12:00,14.495
11641,30•ª,14.495
11642,2023/11/29 13:00,14.495
11643,30•ª,14.495
11644,2023/11/29 14:00,14.495
11645,30•ª,14.495
11646,2023/11/29 15:00,14.495
11647,30•ª,14.495
11648,2023/11/29 16:00,14.495
11649,30•ª,14.495
11650,2023/11/29 17:00,14.495
11651,30•ª,14.495
11652,2023/11/29 18:00,14.495
11653,30•ª,14.495
11654,2023/11/29 19:00,14.495
11655,30•ª,14.495
11656,2023/11/29 20:00,14.495
11657,30•ª,14.495
11658,2023/11/29 21:00,14.495
11659,30•ª,14.495
11660,2023/11/29 22:00,14.495
11661,30•ª,14.495
11662,2023/11/29 23:00,14.495
11663,30•ª,14.495
11664,2023/11/30 0:00,6.08
11665,30•ª,6.08
11666,2023/11/30 1:00,6.08
11667,30•ª,6.08
11668,2023/11/30 2:00,6.08
11669,30•ª,6.08
11670,2023/11/30 3:00,6.08
11671,30•ª,6.08
11672,2023/11/30 4:00,6.08
11673,30•ª,6.08
11674,2023/11/30 5:00,6.08
11675,30•ª,6.08
11676,2023/11/30 6:00,6.08
11677,30•ª,6.08
11678,2023/11/30 7:00,14.495
11679,30•ª,14.495
11680,2023/11/30 8:00,14.495
11681,30•ª,14.495
11682,2023/11/30 9:00,14.495
11683,30•ª,14.495
11684,2023/11/30 10:00,14.495
11685,30•ª,14.495
11686,2023/11/30 11:00,14.495
11687,30•ª,14.495
11688,2023/11/30 12:00,14.495
11689,30•ª,14.495
11690,2023/11/30 13:00,14.495
11691,30•ª,14.495
11692,2023/11/30 14:00,14.495
11693,30•ª,14.495
11694,2023/11/30 15:00,14.495
11695,30•ª,14.495
11696,2023/11/30 16:00,14.495
11697,30•ª,14.495
11698,2023/11/30 17:00,14.495
11699,30•ª,14.495
11700,2023/11/30 18:00,14.495
11701,30•ª,14.495
11702,2023/11/30 19:00,14.495
11703,30•ª,14.495
11704,2023/11/30 20:00,14.495
11705,30•ª,14.495
11706,2023/11/30 21:00,14.495
11707,30•ª,14.495
11708,2023/11/30 22:00,14.495
11709,30•ª,14.495
11710,2023/11/30 23:00,14.495
11711,30•ª,14.495
11712,2023/12/1 0:00,6.08
11713,30•ª,6.08
11714,2023/12/1 1:00,6.08
11715,30•ª,6.08
11716,2023/12/1 2:00,6.08
11717,30•ª,6.08
11718,2023/12/1 3:00,6.08
11719,30•ª,6.08
11720,2023/12/1 4:00,6.08
11721,30•ª,6.08
11722,2023/12/1 5:00,6.08
11723,30•ª,6.08
11724,2023/12/1 6:00,6.08
11725,30•ª,6.08
11726,2023/12/1 7:00,14.495
11727,30•ª,14.495
11728,2023/12/1 8:00,14.495
11729,30•ª,14.495
11730,2023/12/1 9:00,14.495
11731,30•ª,14.495
11732,2023/12/1 10:00,14.495
11733,30•ª,14.495
11734,2023/12/1 11:00,14.495
11735,30•ª,14.495
11736,2023/12/1 12:00,14.495
11737,30•ª,14.495
11738,2023/12/1 13:00,14.495
11739,30•ª,14.495
11740,2023/12/1 14:00,14.495
11741,30•ª,14.495
11742,2023/12/1 15:00,14.495
11743,30•ª,14.495
11744,2023/12/1 16:00,14.495
11745,30•ª,14.495
11746,2023/12/1 17:00,14.495
11747,30•ª,14.495
11748,2023/12/1 18:00,14.495
11749,30•ª,14.495
11750,2023/12/1 19:00,14.495
11751,30•ª,14.495
11752,2023/12/1 20:00,14.495
11753,30•ª,14.495
11754,2023/12/1 21:00,14.495
11755,30•ª,14.495
11756,2023/12/1 22:00,14.495
11757,30•ª,14.495
11758,2023/12/1 23:00,14.495
11759,30•ª,14.495
11760,2023/12/2 0:00,6.08
11761,30•ª,6.08
11762,2023/12/2 1:00,6.08
11763,30•ª,6.08
11764,2023/12/2 2:00,6.08
11765,30•ª,6.08
11766,2023/12/2 3:00,6.08
11767,30•ª,6.08
11768,2023/12/2 4:00,6.08
11769,30•ª,6.08
11770,2023/12/2 5:00,6.08
11771,30•ª,6.08
11772,2023/12/2 6:00,6.08
11773,30•ª,6.08
11774,2023/12/2 7:00,14.495
11775,30•ª,14.495
11776,2023/12/2 8:00,14.495
11777,30•ª,14.495
11778,2023/12/2 9:00,14.495
11779,30•ª,14.495
11780,2023/12/2 10:00,14.495
11781,30•ª,14.495
11782,2023/12/2 11:00,14.495
11783,30•ª,14.495
11784,2023/12/2 12:00,14.495
11785,30•ª,14.495
11786,2023/12/2 13:00,14.495
11787,30•ª,14.495
11788,2023/12/2 14:00,14.495
11789,30•ª,14.495
11790,2023/12/2 15:00,14.495
11791,30•ª,14.495
11792,2023/12/2 16:00,14.495
11793,30•ª,14.495
11794,2023/12/2 17:00,14.495
11795,30•ª,14.495
11796,2023/12/2 18:00,14.495
11797,30•ª,14.495
11798,2023/12/2 19:00,14.495
11799,30•ª,14.495
11800,2023/12/2 20:00,14.495
11801,30•ª,14.495
11802,2023/12/2 21:00,14.495
11803,30•ª,14.495
11804,2023/12/2 22:00,14.495
11805,30•ª,14.495
11806,2023/12/2 23:00,14.495
11807,30•ª,14.495
11808,2023/12/3 0:00,6.08
11809,30•ª,6.08
11810,2023/12/3 1:00,6.08
11811,30•ª,6.08
11812,2023/12/3 2:00,6.08
11813,30•ª,6.08
11814,2023/12/3 3:00,6.08
11815,30•ª,6.08
11816,2023/12/3 4:00,6.08
11817,30•ª,6.08
11818,2023/12/3 5:00,6.08
11819,30•ª,6.08
11820,2023/12/3 6:00,6.08
11821,30•ª,6.08
11822,2023/12/3 7:00,14.495
11823,30•ª,14.495
11824,2023/12/3 8:00,14.495
11825,30•ª,14.495
11826,2023/12/3 9:00,14.495
11827,30•ª,14.495
11828,2023/12/3 10:00,14.495
11829,30•ª,14.495
11830,2023/12/3 11:00,14.495
11831,30•ª,14.495
11832,2023/12/3 12:00,14.495
11833,30•ª,14.495
11834,2023/12/3 13:00,14.495
11835,30•ª,14.495
11836,2023/12/3 14:00,14.495
11837,30•ª,14.495
11838,2023/12/3 15:00,14.495
11839,30•ª,14.495
11840,2023/12/3 16:00,14.495
11841,30•ª,14.495
11842,2023/12/3 17:00,14.495
11843,30•ª,14.495
11844,2023/12/3 18:00,14.495
11845,30•ª,14.495
11846,2023/12/3 19:00,14.495
11847,30•ª,14.495
11848,2023/12/3 20:00,14.495
11849,30•ª,14.495
11850,2023/12/3 21:00,14.495
11851,30•ª,14.495
11852,2023/12/3 22:00,14.495
11853,30•ª,14.495
11854,2023/12/3 23:00,14.495
11855,30•ª,14.495
11856,2023/12/4 0:00,6.08
11857,30•ª,6.08
11858,2023/12/4 1:00,6.08
11859,30•ª,6.08
11860,2023/12/4 2:00,6.08
11861,30•ª,6.08
11862,2023/12/4 3:00,6.08
11863,30•ª,6.08
11864,2023/12/4 4:00,6.08
11865,30•ª,6.08
11866,2023/12/4 5:00,6.08
11867,30•ª,6.08
11868,2023/12/4 6:00,6.08
11869,30•ª,6.08
11870,2023/12/4 7:00,14.495
11871,30•ª,14.495
11872,2023/12/4 8:00,14.495
11873,30•ª,14.495
11874,2023/12/4 9:00,14.495
11875,30•ª,14.495
11876,2023/12/4 10:00,14.495
11877,30•ª,14.495
11878,2023/12/4 11:00,14.495
11879,30•ª,14.495
11880,2023/12/4 12:00,14.495
11881,30•ª,14.495
11882,2023/12/4 13:00,14.495
11883,30•ª,14.495
11884,2023/12/4 14:00,14.495
11885,30•ª,14.495
11886,2023/12/4 15:00,14.495
11887,30•ª,14.495
11888,2023/12/4 16:00,14.495
11889,30•ª,14.495
11890,2023/12/4 17:00,14.495
11891,30•ª,14.495
11892,2023/12/4 18:00,14.495
11893,30•ª,14.495
11894,2023/12/4 19:00,14.495
11895,30•ª,14.495
11896,2023/12/4 20:00,14.495
11897,30•ª,14.495
11898,2023/12/4 21:00,14.495
11899,30•ª,14.495
11900,2023/12/4 22:00,14.495
11901,30•ª,14.495
11902,2023/12/4 23:00,14.495
11903,30•ª,14.495
11904,2023/12/5 0:00,6.08
11905,30•ª,6.08
11906,2023/12/5 1:00,6.08
11907,30•ª,6.08
11908,2023/12/5 2:00,6.08
11909,30•ª,6.08
11910,2023/12/5 3:00,6.08
11911,30•ª,6.08
11912,2023/12/5 4:00,6.08
11913,30•ª,6.08
11914,2023/12/5 5:00,6.08
11915,30•ª,6.08
11916,2023/12/5 6:00,6.08
11917,30•ª,6.08
11918,2023/12/5 7:00,14.495
11919,30•ª,14.495
11920,2023/12/5 8:00,14.495
11921,30•ª,14.495
11922,2023/12/5 9:00,14.495
11923,30•ª,14.495
11924,2023/12/5 10:00,14.495
11925,30•ª,14.495
11926,2023/12/5 11:00,14.495
11927,30•ª,14.495
11928,2023/12/5 12:00,14.495
11929,30•ª,14.495
11930,2023/12/5 13:00,14.495
11931,30•ª,14.495
11932,2023/12/5 14:00,14.495
11933,30•ª,14.495
11934,2023/12/5 15:00,14.495
11935,30•ª,14.495
11936,2023/12/5 16:00,14.495
11937,30•ª,14.495
11938,2023/12/5 17:00,14.495
11939,30•ª,14.495
11940,2023/12/5 18:00,14.495
11941,30•ª,14.495
11942,2023/12/5 19:00,14.495
11943,30•ª,14.495
11944,2023/12/5 20:00,14.495
11945,30•ª,14.495
11946,2023/12/5 21:00,14.495
11947,30•ª,14.495
11948,2023/12/5 22:00,14.495
11949,30•ª,14.495
11950,2023/12/5 23:00,14.495
11951,30•ª,14.495
11952,2023/12/6 0:00,6.08
11953,30•ª,6.08
11954,2023/12/6 1:00,6.08
11955,30•ª,6.08
11956,2023/12/6 2:00,6.08
11957,30•ª,6.08
11958,2023/12/6 3:00,6.08
11959,30•ª,6.08
11960,2023/12/6 4:00,6.08
11961,30•ª,6.08
11962,2023/12/6 5:00,6.08
11963,30•ª,6.08
11964,2023/12/6 6:00,6.08
11965,30•ª,6.08
11966,2023/12/6 7:00,14.495
11967,30•ª,14.495
11968,2023/12/6 8:00,14.495
11969,30•ª,14.495
11970,2023/12/6 9:00,14.495
11971,30•ª,14.495
11972,2023/12/6 10:00,14.495
11973,30•ª,14.495
11974,2023/12/6 11:00,14.495
11975,30•ª,14.495
11976,2023/12/6 12:00,14.495
11977,30•ª,14.495
11978,2023/12/6 13:00,14.495
11979,30•ª,14.495
11980,2023/12/6 14:00,14.495
11981,30•ª,14.495
11982,2023/12/6 15:00,14.495
11983,30•ª,14.495
11984,2023/12/6 16:00,14.495
11985,30•ª,14.495
11986,2023/12/6 17:00,14.495
11987,30•ª,14.495
11988,2023/12/6 18:00,14.495
11989,30•ª,14.495
11990,2023/12/6 19:00,14.495
11991,30•ª,14.495
11992,2023/12/6 20:00,14.495
11993,30•ª,14.495
11994,2023/12/6 21:00,14.495
11995,30•ª,14.495
11996,2023/12/6 22:00,14.495
11997,30•ª,14.495
11998,2023/12/6 23:00,14.495
11999,30•ª,14.495
12000,2023/12/7 0:00,6.08
12001,30•ª,6.08
12002,2023/12/7 1:00,6.08
12003,30•ª,6.08
12004,2023/12/7 2:00,6.08
12005,30•ª,6.08
12006,2023/12/7 3:00,6.08
12007,30•ª,6.08
12008,2023/12/7 4:00,6.08
12009,30•ª,6.08
12010,2023/12/7 5:00,6.08
12011,30•ª,6.08
12012,2023/12/7 6:00,6.08
12013,30•ª,6.08
12014,2023/12/7 7:00,14.495
12015,30•ª,14.495
12016,2023/12/7 8:00,14.495
12017,30•ª,14.495
12018,2023/12/7 9:00,14.495
12019,30•ª,14.495
12020,2023/12/7 10:00,14.495
12021,30•ª,14.495
12022,2023/12/7 11:00,14.495
12023,30•ª,14.495
12024,2023/12/7 12:00,14.495
12025,30•ª,14.495
12026,2023/12/7 13:00,14.495
12027,30•ª,14.495
12028,2023/12/7 14:00,14.495
12029,30•ª,14.495
12030,2023/12/7 15:00,14.495
12031,30•ª,14.495
12032,2023/12/7 16:00,14.495
12033,30•ª,14.495
12034,2023/12/7 17:00,14.495
12035,30•ª,14.495
12036,2023/12/7 18:00,14.495
12037,30•ª,14.495
12038,2023/12/7 19:00,14.495
12039,30•ª,14.495
12040,2023/12/7 20:00,14.495
12041,30•ª,14.495
12042,2023/12/7 21:00,14.495
12043,30•ª,14.495
12044,2023/12/7 22:00,14.495
12045,30•ª,14.495
12046,2023/12/7 23:00,14.495
12047,30•ª,14.495
12048,2023/12/8 0:00,6.08
12049,30•ª,6.08
12050,2023/12/8 1:00,6.08
12051,30•ª,6.08
12052,2023/12/8 2:00,6.08
12053,30•ª,6.08
12054,2023/12/8 3:00,6.08
12055,30•ª,6.08
12056,2023/12/8 4:00,6.08
12057,30•ª,6.08
12058,2023/12/8 5:00,6.08
12059,30•ª,6.08
12060,2023/12/8 6:00,6.08
12061,30•ª,6.08
12062,2023/12/8 7:00,14.495
12063,30•ª,14.495
12064,2023/12/8 8:00,14.495
12065,30•ª,14.495
12066,2023/12/8 9:00,14.495
12067,30•ª,14.495
12068,2023/12/8 10:00,14.495
12069,30•ª,14.495
12070,2023/12/8 11:00,14.495
12071,30•ª,14.495
12072,2023/12/8 12:00,14.495
12073,30•ª,14.495
12074,2023/12/8 13:00,14.495
12075,30•ª,14.495
12076,2023/12/8 14:00,14.495
12077,30•ª,14.495
12078,2023/12/8 15:00,14.495
12079,30•ª,14.495
12080,2023/12/8 16:00,14.495
12081,30•ª,14.495
12082,2023/12/8 17:00,14.495
12083,30•ª,14.495
12084,2023/12/8 18:00,14.495
12085,30•ª,14.495
12086,2023/12/8 19:00,14.495
12087,30•ª,14.495
12088,2023/12/8 20:00,14.495
12089,30•ª,14.495
12090,2023/12/8 21:00,14.495
12091,30•ª,14.495
12092,2023/12/8 22:00,14.495
12093,30•ª,14.495
12094,2023/12/8 23:00,14.495
12095,30•ª,14.495
12096,2023/12/9 0:00,6.08
12097,30•ª,6.08
12098,2023/12/9 1:00,6.08
12099,30•ª,6.08
12100,2023/12/9 2:00,6.08
12101,30•ª,6.08
12102,2023/12/9 3:00,6.08
12103,30•ª,6.08
12104,2023/12/9 4:00,6.08
12105,30•ª,6.08
12106,2023/12/9 5:00,6.08
12107,30•ª,6.08
12108,2023/12/9 6:00,6.08
12109,30•ª,6.08
12110,2023/12/9 7:00,14.495
12111,30•ª,14.495
12112,2023/12/9 8:00,14.495
12113,30•ª,14.495
12114,2023/12/9 9:00,14.495
12115,30•ª,14.495
12116,2023/12/9 10:00,14.495
12117,30•ª,14.495
12118,2023/12/9 11:00,14.495
12119,30•ª,14.495
12120,2023/12/9 12:00,14.495
12121,30•ª,14.495
12122,2023/12/9 13:00,14.495
12123,30•ª,14.495
12124,2023/12/9 14:00,14.495
12125,30•ª,14.495
12126,2023/12/9 15:00,14.495
12127,30•ª,14.495
12128,2023/12/9 16:00,14.495
12129,30•ª,14.495
12130,2023/12/9 17:00,14.495
12131,30•ª,14.495
12132,2023/12/9 18:00,14.495
12133,30•ª,14.495
12134,2023/12/9 19:00,14.495
12135,30•ª,14.495
12136,2023/12/9 20:00,14.495
12137,30•ª,14.495
12138,2023/12/9 21:00,14.495
12139,30•ª,14.495
12140,2023/12/9 22:00,14.495
12141,30•ª,14.495
12142,2023/12/9 23:00,14.495
12143,30•ª,14.495
12144,2023/12/10 0:00,6.08
12145,30•ª,6.08
12146,2023/12/10 1:00,6.08
12147,30•ª,6.08
12148,2023/12/10 2:00,6.08
12149,30•ª,6.08
12150,2023/12/10 3:00,6.08
12151,30•ª,6.08
12152,2023/12/10 4:00,6.08
12153,30•ª,6.08
12154,2023/12/10 5:00,6.08
12155,30•ª,6.08
12156,2023/12/10 6:00,6.08
12157,30•ª,6.08
12158,2023/12/10 7:00,14.495
12159,30•ª,14.495
12160,2023/12/10 8:00,14.495
12161,30•ª,14.495
12162,2023/12/10 9:00,14.495
12163,30•ª,14.495
12164,2023/12/10 10:00,14.495
12165,30•ª,14.495
12166,2023/12/10 11:00,14.495
12167,30•ª,14.495
12168,2023/12/10 12:00,14.495
12169,30•ª,14.495
12170,2023/12/10 13:00,14.495
12171,30•ª,14.495
12172,2023/12/10 14:00,14.495
12173,30•ª,14.495
12174,2023/12/10 15:00,14.495
12175,30•ª,14.495
12176,2023/12/10 16:00,14.495
12177,30•ª,14.495
12178,2023/12/10 17:00,14.495
12179,30•ª,14.495
12180,2023/12/10 18:00,14.495
12181,30•ª,14.495
12182,2023/12/10 19:00,14.495
12183,30•ª,14.495
12184,2023/12/10 20:00,14.495
12185,30•ª,14.495
12186,2023/12/10 21:00,14.495
12187,30•ª,14.495
12188,2023/12/10 22:00,14.495
12189,30•ª,14.495
12190,2023/12/10 23:00,14.495
12191,30•ª,14.495
12192,2023/12/11 0:00,6.08
12193,30•ª,6.08
12194,2023/12/11 1:00,6.08
12195,30•ª,6.08
12196,2023/12/11 2:00,6.08
12197,30•ª,6.08
12198,2023/12/11 3:00,6.08
12199,30•ª,6.08
12200,2023/12/11 4:00,6.08
12201,30•ª,6.08
12202,2023/12/11 5:00,6.08
12203,30•ª,6.08
12204,2023/12/11 6:00,6.08
12205,30•ª,6.08
12206,2023/12/11 7:00,14.495
12207,30•ª,14.495
12208,2023/12/11 8:00,14.495
12209,30•ª,14.495
12210,2023/12/11 9:00,14.495
12211,30•ª,14.495
12212,2023/12/11 10:00,14.495
12213,30•ª,14.495
12214,2023/12/11 11:00,14.495
12215,30•ª,14.495
12216,2023/12/11 12:00,14.495
12217,30•ª,14.495
12218,2023/12/11 13:00,14.495
12219,30•ª,14.495
12220,2023/12/11 14:00,14.495
12221,30•ª,14.495
12222,2023/12/11 15:00,14.495
12223,30•ª,14.495
12224,2023/12/11 16:00,14.495
12225,30•ª,14.495
12226,2023/12/11 17:00,14.495
12227,30•ª,14.495
12228,2023/12/11 18:00,14.495
12229,30•ª,14.495
12230,2023/12/11 19:00,14.495
12231,30•ª,14.495
12232,2023/12/11 20:00,14.495
12233,30•ª,14.495
12234,2023/12/11 21:00,14.495
12235,30•ª,14.495
12236,2023/12/11 22:00,14.495
12237,30•ª,14.495
12238,2023/12/11 23:00,14.495
12239,30•ª,14.495
12240,2023/12/12 0:00,6.08
12241,30•ª,6.08
12242,2023/12/12 1:00,6.08
12243,30•ª,6.08
12244,2023/12/12 2:00,6.08
12245,30•ª,6.08
12246,2023/12/12 3:00,6.08
12247,30•ª,6.08
12248,2023/12/12 4:00,6.08
12249,30•ª,6.08
12250,2023/12/12 5:00,6.08
12251,30•ª,6.08
12252,2023/12/12 6:00,6.08
12253,30•ª,6.08
12254,2023/12/12 7:00,14.495
12255,30•ª,14.495
12256,2023/12/12 8:00,14.495
12257,30•ª,14.495
12258,2023/12/12 9:00,14.495
12259,30•ª,14.495
12260,2023/12/12 10:00,14.495
12261,30•ª,14.495
12262,2023/12/12 11:00,14.495
12263,30•ª,14.495
12264,2023/12/12 12:00,14.495
12265,30•ª,14.495
12266,2023/12/12 13:00,14.495
12267,30•ª,14.495
12268,2023/12/12 14:00,14.495
12269,30•ª,14.495
12270,2023/12/12 15:00,14.495
12271,30•ª,14.495
12272,2023/12/12 16:00,14.495
12273,30•ª,14.495
12274,2023/12/12 17:00,14.495
12275,30•ª,14.495
12276,2023/12/12 18:00,14.495
12277,30•ª,14.495
12278,2023/12/12 19:00,14.495
12279,30•ª,14.495
12280,2023/12/12 20:00,14.495
12281,30•ª,14.495
12282,2023/12/12 21:00,14.495
12283,30•ª,14.495
12284,2023/12/12 22:00,14.495
12285,30•ª,14.495
12286,2023/12/12 23:00,14.495
12287,30•ª,14.495
12288,2023/12/13 0:00,6.08
12289,30•ª,6.08
12290,2023/12/13 1:00,6.08
12291,30•ª,6.08
12292,2023/12/13 2:00,6.08
12293,30•ª,6.08
12294,2023/12/13 3:00,6.08
12295,30•ª,6.08
12296,2023/12/13 4:00,6.08
12297,30•ª,6.08
12298,2023/12/13 5:00,6.08
12299,30•ª,6.08
12300,2023/12/13 6:00,6.08
12301,30•ª,6.08
12302,2023/12/13 7:00,14.495
12303,30•ª,14.495
12304,2023/12/13 8:00,14.495
12305,30•ª,14.495
12306,2023/12/13 9:00,14.495
12307,30•ª,14.495
12308,2023/12/13 10:00,14.495
12309,30•ª,14.495
12310,2023/12/13 11:00,14.495
12311,30•ª,14.495
12312,2023/12/13 12:00,14.495
12313,30•ª,14.495
12314,2023/12/13 13:00,14.495
12315,30•ª,14.495
12316,2023/12/13 14:00,14.495
12317,30•ª,14.495
12318,2023/12/13 15:00,14.495
12319,30•ª,14.495
12320,2023/12/13 16:00,14.495
12321,30•ª,14.495
12322,2023/12/13 17:00,14.495
12323,30•ª,14.495
12324,2023/12/13 18:00,14.495
12325,30•ª,14.495
12326,2023/12/13 19:00,14.495
12327,30•ª,14.495
12328,2023/12/13 20:00,14.495
12329,30•ª,14.495
12330,2023/12/13 21:00,14.495
12331,30•ª,14.495
12332,2023/12/13 22:00,14.495
12333,30•ª,14.495
12334,2023/12/13 23:00,14.495
12335,30•ª,14.495
12336,2023/12/14 0:00,6.08
12337,30•ª,6.08
12338,2023/12/14 1:00,6.08
12339,30•ª,6.08
12340,2023/12/14 2:00,6.08
12341,30•ª,6.08
12342,2023/12/14 3:00,6.08
12343,30•ª,6.08
12344,2023/12/14 4:00,6.08
12345,30•ª,6.08
12346,2023/12/14 5:00,6.08
12347,30•ª,6.08
12348,2023/12/14 6:00,6.08
12349,30•ª,6.08
12350,2023/12/14 7:00,14.495
12351,30•ª,14.495
12352,2023/12/14 8:00,14.495
12353,30•ª,14.495
12354,2023/12/14 9:00,14.495
12355,30•ª,14.495
12356,2023/12/14 10:00,14.495
12357,30•ª,14.495
12358,2023/12/14 11:00,14.495
12359,30•ª,14.495
12360,2023/12/14 12:00,14.495
12361,30•ª,14.495
12362,2023/12/14 13:00,14.495
12363,30•ª,14.495
12364,2023/12/14 14:00,14.495
12365,30•ª,14.495
12366,2023/12/14 15:00,14.495
12367,30•ª,14.495
12368,2023/12/14 16:00,14.495
12369,30•ª,14.495
12370,2023/12/14 17:00,14.495
12371,30•ª,14.495
12372,2023/12/14 18:00,14.495
12373,30•ª,14.495
12374,2023/12/14 19:00,14.495
12375,30•ª,14.495
12376,2023/12/14 20:00,14.495
12377,30•ª,14.495
12378,2023/12/14 21:00,14.495
12379,30•ª,14.495
12380,2023/12/14 22:00,14.495
12381,30•ª,14.495
12382,2023/12/14 23:00,14.495
12383,30•ª,14.495
12384,2023/12/15 0:00,6.08
12385,30•ª,6.08
12386,2023/12/15 1:00,6.08
12387,30•ª,6.08
12388,2023/12/15 2:00,6.08
12389,30•ª,6.08
12390,2023/12/15 3:00,6.08
12391,30•ª,6.08
12392,2023/12/15 4:00,6.08
12393,30•ª,6.08
12394,2023/12/15 5:00,6.08
12395,30•ª,6.08
12396,2023/12/15 6:00,6.08
12397,30•ª,6.08
12398,2023/12/15 7:00,14.495
12399,30•ª,14.495
12400,2023/12/15 8:00,14.495
12401,30•ª,14.495
12402,2023/12/15 9:00,14.495
12403,30•ª,14.495
12404,2023/12/15 10:00,14.495
12405,30•ª,14.495
12406,2023/12/15 11:00,14.495
12407,30•ª,14.495
12408,2023/12/15 12:00,14.495
12409,30•ª,14.495
12410,2023/12/15 13:00,14.495
12411,30•ª,14.495
12412,2023/12/15 14:00,14.495
12413,30•ª,14.495
12414,2023/12/15 15:00,14.495
12415,30•ª,14.495
12416,2023/12/15 16:00,14.495
12417,30•ª,14.495
12418,2023/12/15 17:00,14.495
12419,30•ª,14.495
12420,2023/12/15 18:00,14.495
12421,30•ª,14.495
12422,2023/12/15 19:00,14.495
12423,30•ª,14.495
12424,2023/12/15 20:00,14.495
12425,30•ª,14.495
12426,2023/12/15 21:00,14.495
12427,30•ª,14.495
12428,2023/12/15 22:00,14.495
12429,30•ª,14.495
12430,2023/12/15 23:00,14.495
12431,30•ª,14.495
12432,2023/12/16 0:00,6.08
12433,30•ª,6.08
12434,2023/12/16 1:00,6.08
12435,30•ª,6.08
12436,2023/12/16 2:00,6.08
12437,30•ª,6.08
12438,2023/12/16 3:00,6.08
12439,30•ª,6.08
12440,2023/12/16 4:00,6.08
12441,30•ª,6.08
12442,2023/12/16 5:00,6.08
12443,30•ª,6.08
12444,2023/12/16 6:00,6.08
12445,30•ª,6.08
12446,2023/12/16 7:00,14.495
12447,30•ª,14.495
12448,2023/12/16 8:00,14.495
12449,30•ª,14.495
12450,2023/12/16 9:00,14.495
12451,30•ª,14.495
12452,2023/12/16 10:00,14.495
12453,30•ª,14.495
12454,2023/12/16 11:00,14.495
12455,30•ª,14.495
12456,2023/12/16 12:00,14.495
12457,30•ª,14.495
12458,2023/12/16 13:00,14.495
12459,30•ª,14.495
12460,2023/12/16 14:00,14.495
12461,30•ª,14.495
12462,2023/12/16 15:00,14.495
12463,30•ª,14.495
12464,2023/12/16 16:00,14.495
12465,30•ª,14.495
12466,2023/12/16 17:00,14.495
12467,30•ª,14.495
12468,2023/12/16 18:00,14.495
12469,30•ª,14.495
12470,2023/12/16 19:00,14.495
12471,30•ª,14.495
12472,2023/12/16 20:00,14.495
12473,30•ª,14.495
12474,2023/12/16 21:00,14.495
12475,30•ª,14.495
12476,2023/12/16 22:00,14.495
12477,30•ª,14.495
12478,2023/12/16 23:00,14.495
12479,30•ª,14.495
12480,2023/12/17 0:00,6.08
12481,30•ª,6.08
12482,2023/12/17 1:00,6.08
12483,30•ª,6.08
12484,2023/12/17 2:00,6.08
12485,30•ª,6.08
12486,2023/12/17 3:00,6.08
12487,30•ª,6.08
12488,2023/12/17 4:00,6.08
12489,30•ª,6.08
12490,2023/12/17 5:00,6.08
12491,30•ª,6.08
12492,2023/12/17 6:00,6.08
12493,30•ª,6.08
12494,2023/12/17 7:00,14.495
12495,30•ª,14.495
12496,2023/12/17 8:00,14.495
12497,30•ª,14.495
12498,2023/12/17 9:00,14.495
12499,30•ª,14.495
12500,2023/12/17 10:00,14.495
12501,30•ª,14.495
12502,2023/12/17 11:00,14.495
12503,30•ª,14.495
12504,2023/12/17 12:00,14.495
12505,30•ª,14.495
12506,2023/12/17 13:00,14.495
12507,30•ª,14.495
12508,2023/12/17 14:00,14.495
12509,30•ª,14.495
12510,2023/12/17 15:00,14.495
12511,30•ª,14.495
12512,2023/12/17 16:00,14.495
12513,30•ª,14.495
12514,2023/12/17 17:00,14.495
12515,30•ª,14.495
12516,2023/12/17 18:00,14.495
12517,30•ª,14.495
12518,2023/12/17 19:00,14.495
12519,30•ª,14.495
12520,2023/12/17 20:00,14.495
12521,30•ª,14.495
12522,2023/12/17 21:00,14.495
12523,30•ª,14.495
12524,2023/12/17 22:00,14.495
12525,30•ª,14.495
12526,2023/12/17 23:00,14.495
12527,30•ª,14.495
12528,2023/12/18 0:00,6.08
12529,30•ª,6.08
12530,2023/12/18 1:00,6.08
12531,30•ª,6.08
12532,2023/12/18 2:00,6.08
12533,30•ª,6.08
12534,2023/12/18 3:00,6.08
12535,30•ª,6.08
12536,2023/12/18 4:00,6.08
12537,30•ª,6.08
12538,2023/12/18 5:00,6.08
12539,30•ª,6.08
12540,2023/12/18 6:00,6.08
12541,30•ª,6.08
12542,2023/12/18 7:00,14.495
12543,30•ª,14.495
12544,2023/12/18 8:00,14.495
12545,30•ª,14.495
12546,2023/12/18 9:00,14.495
12547,30•ª,14.495
12548,2023/12/18 10:00,14.495
12549,30•ª,14.495
12550,2023/12/18 11:00,14.495
12551,30•ª,14.495
12552,2023/12/18 12:00,14.495
12553,30•ª,14.495
12554,2023/12/18 13:00,14.495
12555,30•ª,14.495
12556,2023/12/18 14:00,14.495
12557,30•ª,14.495
12558,2023/12/18 15:00,14.495
12559,30•ª,14.495
12560,2023/12/18 16:00,14.495
12561,30•ª,14.495
12562,2023/12/18 17:00,14.495
12563,30•ª,14.495
12564,2023/12/18 18:00,14.495
12565,30•ª,14.495
12566,2023/12/18 19:00,14.495
12567,30•ª,14.495
12568,2023/12/18 20:00,14.495
12569,30•ª,14.495
12570,2023/12/18 21:00,14.495
12571,30•ª,14.495
12572,2023/12/18 22:00,14.495
12573,30•ª,14.495
12574,2023/12/18 23:00,14.495
12575,30•ª,14.495
12576,2023/12/19 0:00,6.08
12577,30•ª,6.08
12578,2023/12/19 1:00,6.08
12579,30•ª,6.08
12580,2023/12/19 2:00,6.08
12581,30•ª,6.08
12582,2023/12/19 3:00,6.08
12583,30•ª,6.08
12584,2023/12/19 4:00,6.08
12585,30•ª,6.08
12586,2023/12/19 5:00,6.08
12587,30•ª,6.08
12588,2023/12/19 6:00,6.08
12589,30•ª,6.08
12590,2023/12/19 7:00,14.495
12591,30•ª,14.495
12592,2023/12/19 8:00,14.495
12593,30•ª,14.495
12594,2023/12/19 9:00,14.495
12595,30•ª,14.495
12596,2023/12/19 10:00,14.495
12597,30•ª,14.495
12598,2023/12/19 11:00,14.495
12599,30•ª,14.495
12600,2023/12/19 12:00,14.495
12601,30•ª,14.495
12602,2023/12/19 13:00,14.495
12603,30•ª,14.495
12604,2023/12/19 14:00,14.495
12605,30•ª,14.495
12606,2023/12/19 15:00,14.495
12607,30•ª,14.495
12608,2023/12/19 16:00,14.495
12609,30•ª,14.495
12610,2023/12/19 17:00,14.495
12611,30•ª,14.495
12612,2023/12/19 18:00,14.495
12613,30•ª,14.495
12614,2023/12/19 19:00,14.495
12615,30•ª,14.495
12616,2023/12/19 20:00,14.495
12617,30•ª,14.495
12618,2023/12/19 21:00,14.495
12619,30•ª,14.495
12620,2023/12/19 22:00,14.495
12621,30•ª,14.495
12622,2023/12/19 23:00,14.495
12623,30•ª,14.495
12624,2023/12/20 0:00,6.08
12625,30•ª,6.08
12626,2023/12/20 1:00,6.08
12627,30•ª,6.08
12628,2023/12/20 2:00,6.08
12629,30•ª,6.08
12630,2023/12/20 3:00,6.08
12631,30•ª,6.08
12632,2023/12/20 4:00,6.08
12633,30•ª,6.08
12634,2023/12/20 5:00,6.08
12635,30•ª,6.08
12636,2023/12/20 6:00,6.08
12637,30•ª,6.08
12638,2023/12/20 7:00,14.495
12639,30•ª,14.495
12640,2023/12/20 8:00,14.495
12641,30•ª,14.495
12642,2023/12/20 9:00,14.495
12643,30•ª,14.495
12644,2023/12/20 10:00,14.495
12645,30•ª,14.495
12646,2023/12/20 11:00,14.495
12647,30•ª,14.495
12648,2023/12/20 12:00,14.495
12649,30•ª,14.495
12650,2023/12/20 13:00,14.495
12651,30•ª,14.495
12652,2023/12/20 14:00,14.495
12653,30•ª,14.495
12654,2023/12/20 15:00,14.495
12655,30•ª,14.495
12656,2023/12/20 16:00,14.495
12657,30•ª,14.495
12658,2023/12/20 17:00,14.495
12659,30•ª,14.495
12660,2023/12/20 18:00,14.495
12661,30•ª,14.495
12662,2023/12/20 19:00,14.495
12663,30•ª,14.495
12664,2023/12/20 20:00,14.495
12665,30•ª,14.495
12666,2023/12/20 21:00,14.495
12667,30•ª,14.495
12668,2023/12/20 22:00,14.495
12669,30•ª,14.495
12670,2023/12/20 23:00,14.495
12671,30•ª,14.495
12672,2023/12/21 0:00,6.08
12673,30•ª,6.08
12674,2023/12/21 1:00,6.08
12675,30•ª,6.08
12676,2023/12/21 2:00,6.08
12677,30•ª,6.08
12678,2023/12/21 3:00,6.08
12679,30•ª,6.08
12680,2023/12/21 4:00,6.08
12681,30•ª,6.08
12682,2023/12/21 5:00,6.08
12683,30•ª,6.08
12684,2023/12/21 6:00,6.08
12685,30•ª,6.08
12686,2023/12/21 7:00,14.495
12687,30•ª,14.495
12688,2023/12/21 8:00,14.495
12689,30•ª,14.495
12690,2023/12/21 9:00,14.495
12691,30•ª,14.495
12692,2023/12/21 10:00,14.495
12693,30•ª,14.495
12694,2023/12/21 11:00,14.495
12695,30•ª,14.495
12696,2023/12/21 12:00,14.495
12697,30•ª,14.495
12698,2023/12/21 13:00,14.495
12699,30•ª,14.495
12700,2023/12/21 14:00,14.495
12701,30•ª,14.495
12702,2023/12/21 15:00,14.495
12703,30•ª,14.495
12704,2023/12/21 16:00,14.495
12705,30•ª,14.495
12706,2023/12/21 17:00,14.495
12707,30•ª,14.495
12708,2023/12/21 18:00,14.495
12709,30•ª,14.495
12710,2023/12/21 19:00,14.495
12711,30•ª,14.495
12712,2023/12/21 20:00,14.495
12713,30•ª,14.495
12714,2023/12/21 21:00,14.495
12715,30•ª,14.495
12716,2023/12/21 22:00,14.495
12717,30•ª,14.495
12718,2023/12/21 23:00,14.495
12719,30•ª,14.495
12720,2023/12/22 0:00,6.08
12721,30•ª,6.08
12722,2023/12/22 1:00,6.08
12723,30•ª,6.08
12724,2023/12/22 2:00,6.08
12725,30•ª,6.08
12726,2023/12/22 3:00,6.08
12727,30•ª,6.08
12728,2023/12/22 4:00,6.08
12729,30•ª,6.08
12730,2023/12/22 5:00,6.08
12731,30•ª,6.08
12732,2023/12/22 6:00,6.08
12733,30•ª,6.08
12734,2023/12/22 7:00,14.495
12735,30•ª,14.495
12736,2023/12/22 8:00,14.495
12737,30•ª,14.495
12738,2023/12/22 9:00,14.495
12739,30•ª,14.495
12740,2023/12/22 10:00,14.495
12741,30•ª,14.495
12742,2023/12/22 11:00,14.495
12743,30•ª,14.495
12744,2023/12/22 12:00,14.495
12745,30•ª,14.495
12746,2023/12/22 13:00,14.495
12747,30•ª,14.495
12748,2023/12/22 14:00,14.495
12749,30•ª,14.495
12750,2023/12/22 15:00,14.495
12751,30•ª,14.495
12752,2023/12/22 16:00,14.495
12753,30•ª,14.495
12754,2023/12/22 17:00,14.495
12755,30•ª,14.495
12756,2023/12/22 18:00,14.495
12757,30•ª,14.495
12758,2023/12/22 19:00,14.495
12759,30•ª,14.495
12760,2023/12/22 20:00,14.495
12761,30•ª,14.495
12762,2023/12/22 21:00,14.495
12763,30•ª,14.495
12764,2023/12/22 22:00,14.495
12765,30•ª,14.495
12766,2023/12/22 23:00,14.495
12767,30•ª,14.495
12768,2023/12/23 0:00,6.08
12769,30•ª,6.08
12770,2023/12/23 1:00,6.08
12771,30•ª,6.08
12772,2023/12/23 2:00,6.08
12773,30•ª,6.08
12774,2023/12/23 3:00,6.08
12775,30•ª,6.08
12776,2023/12/23 4:00,6.08
12777,30•ª,6.08
12778,2023/12/23 5:00,6.08
12779,30•ª,6.08
12780,2023/12/23 6:00,6.08
12781,30•ª,6.08
12782,2023/12/23 7:00,14.495
12783,30•ª,14.495
12784,2023/12/23 8:00,14.495
12785,30•ª,14.495
12786,2023/12/23 9:00,14.495
12787,30•ª,14.495
12788,2023/12/23 10:00,14.495
12789,30•ª,14.495
12790,2023/12/23 11:00,14.495
12791,30•ª,14.495
12792,2023/12/23 12:00,14.495
12793,30•ª,14.495
12794,2023/12/23 13:00,14.495
12795,30•ª,14.495
12796,2023/12/23 14:00,14.495
12797,30•ª,14.495
12798,2023/12/23 15:00,14.495
12799,30•ª,14.495
12800,2023/12/23 16:00,14.495
12801,30•ª,14.495
12802,2023/12/23 17:00,14.495
12803,30•ª,14.495
12804,2023/12/23 18:00,14.495
12805,30•ª,14.495
12806,2023/12/23 19:00,14.495
12807,30•ª,14.495
12808,2023/12/23 20:00,14.495
12809,30•ª,14.495
12810,2023/12/23 21:00,14.495
12811,30•ª,14.495
12812,2023/12/23 22:00,14.495
12813,30•ª,14.495
12814,2023/12/23 23:00,14.495
12815,30•ª,14.495
12816,2023/12/24 0:00,6.08
12817,30•ª,6.08
12818,2023/12/24 1:00,6.08
12819,30•ª,6.08
12820,2023/12/24 2:00,6.08
12821,30•ª,6.08
12822,2023/12/24 3:00,6.08
12823,30•ª,6.08
12824,2023/12/24 4:00,6.08
12825,30•ª,6.08
12826,2023/12/24 5:00,6.08
12827,30•ª,6.08
12828,2023/12/24 6:00,6.08
12829,30•ª,6.08
12830,2023/12/24 7:00,14.495
12831,30•ª,14.495
12832,2023/12/24 8:00,14.495
12833,30•ª,14.495
12834,2023/12/24 9:00,14.495
12835,30•ª,14.495
12836,2023/12/24 10:00,14.495
12837,30•ª,14.495
12838,2023/12/24 11:00,14.495
12839,30•ª,14.495
12840,2023/12/24 12:00,14.495
12841,30•ª,14.495
12842,2023/12/24 13:00,14.495
12843,30•ª,14.495
12844,2023/12/24 14:00,14.495
12845,30•ª,14.495
12846,2023/12/24 15:00,14.495
12847,30•ª,14.495
12848,2023/12/24 16:00,14.495
12849,30•ª,14.495
12850,2023/12/24 17:00,14.495
12851,30•ª,14.495
12852,2023/12/24 18:00,14.495
12853,30•ª,14.495
12854,2023/12/24 19:00,14.495
12855,30•ª,14.495
12856,2023/12/24 20:00,14.495
12857,30•ª,14.495
12858,2023/12/24 21:00,14.495
12859,30•ª,14.495
12860,2023/12/24 22:00,14.495
12861,30•ª,14.495
12862,2023/12/24 23:00,14.495
12863,30•ª,14.495
12864,2023/12/25 0:00,6.08
12865,30•ª,6.08
12866,2023/12/25 1:00,6.08
12867,30•ª,6.08
12868,2023/12/25 2:00,6.08
12869,30•ª,6.08
12870,2023/12/25 3:00,6.08
12871,30•ª,6.08
12872,2023/12/25 4:00,6.08
12873,30•ª,6.08
12874,2023/12/25 5:00,6.08
12875,30•ª,6.08
12876,2023/12/25 6:00,6.08
12877,30•ª,6.08
12878,2023/12/25 7:00,14.495
12879,30•ª,14.495
12880,2023/12/25 8:00,14.495
12881,30•ª,14.495
12882,2023/12/25 9:00,14.495
12883,30•ª,14.495
12884,2023/12/25 10:00,14.495
12885,30•ª,14.495
12886,2023/12/25 11:00,14.495
12887,30•ª,14.495
12888,2023/12/25 12:00,14.495
12889,30•ª,14.495
12890,2023/12/25 13:00,14.495
12891,30•ª,14.495
12892,2023/12/25 14:00,14.495
12893,30•ª,14.495
12894,2023/12/25 15:00,14.495
12895,30•ª,14.495
12896,2023/12/25 16:00,14.495
12897,30•ª,14.495
12898,2023/12/25 17:00,14.495
12899,30•ª,14.495
12900,2023/12/25 18:00,14.495
12901,30•ª,14.495
12902,2023/12/25 19:00,14.495
12903,30•ª,14.495
12904,2023/12/25 20:00,14.495
12905,30•ª,14.495
12906,2023/12/25 21:00,14.495
12907,30•ª,14.495
12908,2023/12/25 22:00,14.495
12909,30•ª,14.495
12910,2023/12/25 23:00,14.495
12911,30•ª,14.495
12912,2023/12/26 0:00,6.08
12913,30•ª,6.08
12914,2023/12/26 1:00,6.08
12915,30•ª,6.08
12916,2023/12/26 2:00,6.08
12917,30•ª,6.08
12918,2023/12/26 3:00,6.08
12919,30•ª,6.08
12920,2023/12/26 4:00,6.08
12921,30•ª,6.08
12922,2023/12/26 5:00,6.08
12923,30•ª,6.08
12924,2023/12/26 6:00,6.08
12925,30•ª,6.08
12926,2023/12/26 7:00,14.495
12927,30•ª,14.495
12928,2023/12/26 8:00,14.495
12929,30•ª,14.495
12930,2023/12/26 9:00,14.495
12931,30•ª,14.495
12932,2023/12/26 10:00,14.495
12933,30•ª,14.495
12934,2023/12/26 11:00,14.495
12935,30•ª,14.495
12936,2023/12/26 12:00,14.495
12937,30•ª,14.495
12938,2023/12/26 13:00,14.495
12939,30•ª,14.495
12940,2023/12/26 14:00,14.495
12941,30•ª,14.495
12942,2023/12/26 15:00,14.495
12943,30•ª,14.495
12944,2023/12/26 16:00,14.495
12945,30•ª,14.495
12946,2023/12/26 17:00,14.495
12947,30•ª,14.495
12948,2023/12/26 18:00,14.495
12949,30•ª,14.495
12950,2023/12/26 19:00,14.495
12951,30•ª,14.495
12952,2023/12/26 20:00,14.495
12953,30•ª,14.495
12954,2023/12/26 21:00,14.495
12955,30•ª,14.495
12956,2023/12/26 22:00,14.495
12957,30•ª,14.495
12958,2023/12/26 23:00,14.495
12959,30•ª,14.495
12960,2023/12/27 0:00,6.08
12961,30•ª,6.08
12962,2023/12/27 1:00,6.08
12963,30•ª,6.08
12964,2023/12/27 2:00,6.08
12965,30•ª,6.08
12966,2023/12/27 3:00,6.08
12967,30•ª,6.08
12968,2023/12/27 4:00,6.08
12969,30•ª,6.08
12970,2023/12/27 5:00,6.08
12971,30•ª,6.08
12972,2023/12/27 6:00,6.08
12973,30•ª,6.08
12974,2023/12/27 7:00,14.495
12975,30•ª,14.495
12976,2023/12/27 8:00,14.495
12977,30•ª,14.495
12978,2023/12/27 9:00,14.495
12979,30•ª,14.495
12980,2023/12/27 10:00,14.495
12981,30•ª,14.495
12982,2023/12/27 11:00,14.495
12983,30•ª,14.495
12984,2023/12/27 12:00,14.495
12985,30•ª,14.495
12986,2023/12/27 13:00,14.495
12987,30•ª,14.495
12988,2023/12/27 14:00,14.495
12989,30•ª,14.495
12990,2023/12/27 15:00,14.495
12991,30•ª,14.495
12992,2023/12/27 16:00,14.495
12993,30•ª,14.495
12994,2023/12/27 17:00,14.495
12995,30•ª,14.495
12996,2023/12/27 18:00,14.495
12997,30•ª,14.495
12998,2023/12/27 19:00,14.495
12999,30•ª,14.495
13000,2023/12/27 20:00,14.495
13001,30•ª,14.495
13002,2023/12/27 21:00,14.495
13003,30•ª,14.495
13004,2023/12/27 22:00,14.495
13005,30•ª,14.495
13006,2023/12/27 23:00,14.495
13007,30•ª,14.495
13008,2023/12/28 0:00,6.08
13009,30•ª,6.08
13010,2023/12/28 1:00,6.08
13011,30•ª,6.08
13012,2023/12/28 2:00,6.08
13013,30•ª,6.08
13014,2023/12/28 3:00,6.08
13015,30•ª,6.08
13016,2023/12/28 4:00,6.08
13017,30•ª,6.08
13018,2023/12/28 5:00,6.08
13019,30•ª,6.08
13020,2023/12/28 6:00,6.08
13021,30•ª,6.08
13022,2023/12/28 7:00,14.495
13023,30•ª,14.495
13024,2023/12/28 8:00,14.495
13025,30•ª,14.495
13026,2023/12/28 9:00,14.495
13027,30•ª,14.495
13028,2023/12/28 10:00,14.495
13029,30•ª,14.495
13030,2023/12/28 11:00,14.495
13031,30•ª,14.495
13032,2023/12/28 12:00,14.495
13033,30•ª,14.495
13034,2023/12/28 13:00,14.495
13035,30•ª,14.495
13036,2023/12/28 14:00,14.495
13037,30•ª,14.495
13038,2023/12/28 15:00,14.495
13039,30•ª,14.495
13040,2023/12/28 16:00,14.495
13041,30•ª,14.495
13042,2023/12/28 17:00,14.495
13043,30•ª,14.495
13044,2023/12/28 18:00,14.495
13045,30•ª,14.495
13046,2023/12/28 19:00,14.495
13047,30•ª,14.495
13048,2023/12/28 20:00,14.495
13049,30•ª,14.495
13050,2023/12/28 21:00,14.495
13051,30•ª,14.495
13052,2023/12/28 22:00,14.495
13053,30•ª,14.495
13054,2023/12/28 23:00,14.495
13055,30•ª,14.495
13056,2023/12/29 0:00,6.08
13057,30•ª,6.08
13058,2023/12/29 1:00,6.08
13059,30•ª,6.08
13060,2023/12/29 2:00,6.08
13061,30•ª,6.08
13062,2023/12/29 3:00,6.08
13063,30•ª,6.08
13064,2023/12/29 4:00,6.08
13065,30•ª,6.08
13066,2023/12/29 5:00,6.08
13067,30•ª,6.08
13068,2023/12/29 6:00,6.08
13069,30•ª,6.08
13070,2023/12/29 7:00,14.495
13071,30•ª,14.495
13072,2023/12/29 8:00,14.495
13073,30•ª,14.495
13074,2023/12/29 9:00,14.495
13075,30•ª,14.495
13076,2023/12/29 10:00,14.495
13077,30•ª,14.495
13078,2023/12/29 11:00,14.495
13079,30•ª,14.495
13080,2023/12/29 12:00,14.495
13081,30•ª,14.495
13082,2023/12/29 13:00,14.495
13083,30•ª,14.495
13084,2023/12/29 14:00,14.495
13085,30•ª,14.495
13086,2023/12/29 15:00,14.495
13087,30•ª,14.495
13088,2023/12/29 16:00,14.495
13089,30•ª,14.495
13090,2023/12/29 17:00,14.495
13091,30•ª,14.495
13092,2023/12/29 18:00,14.495
13093,30•ª,14.495
13094,2023/12/29 19:00,14.495
13095,30•ª,14.495
13096,2023/12/29 20:00,14.495
13097,30•ª,14.495
13098,2023/12/29 21:00,14.495
13099,30•ª,14.495
13100,2023/12/29 22:00,14.495
13101,30•ª,14.495
13102,2023/12/29 23:00,14.495
13103,30•ª,14.495
13104,2023/12/30 0:00,6.08
13105,30•ª,6.08
13106,2023/12/30 1:00,6.08
13107,30•ª,6.08
13108,2023/12/30 2:00,6.08
13109,30•ª,6.08
13110,2023/12/30 3:00,6.08
13111,30•ª,6.08
13112,2023/12/30 4:00,6.08
13113,30•ª,6.08
13114,2023/12/30 5:00,6.08
13115,30•ª,6.08
13116,2023/12/30 6:00,6.08
13117,30•ª,6.08
13118,2023/12/30 7:00,14.495
13119,30•ª,14.495
13120,2023/12/30 8:00,14.495
13121,30•ª,14.495
13122,2023/12/30 9:00,14.495
13123,30•ª,14.495
13124,2023/12/30 10:00,14.495
13125,30•ª,14.495
13126,2023/12/30 11:00,14.495
13127,30•ª,14.495
13128,2023/12/30 12:00,14.495
13129,30•ª,14.495
13130,2023/12/30 13:00,14.495
13131,30•ª,14.495
13132,2023/12/30 14:00,14.495
13133,30•ª,14.495
13134,2023/12/30 15:00,14.495
13135,30•ª,14.495
13136,2023/12/30 16:00,14.495
13137,30•ª,14.495
13138,2023/12/30 17:00,14.495
13139,30•ª,14.495
13140,2023/12/30 18:00,14.495
13141,30•ª,14.495
13142,2023/12/30 19:00,14.495
13143,30•ª,14.495
13144,2023/12/30 20:00,14.495
13145,30•ª,14.495
13146,2023/12/30 21:00,14.495
13147,30•ª,14.495
13148,2023/12/30 22:00,14.495
13149,30•ª,14.495
13150,2023/12/30 23:00,14.495
13151,30•ª,14.495
13152,2023/12/31 0:00,6.08
13153,30•ª,6.08
13154,2023/12/31 1:00,6.08
13155,30•ª,6.08
13156,2023/12/31 2:00,6.08
13157,30•ª,6.08
13158,2023/12/31 3:00,6.08
13159,30•ª,6.08
13160,2023/12/31 4:00,6.08
13161,30•ª,6.08
13162,2023/12/31 5:00,6.08
13163,30•ª,6.08
13164,2023/12/31 6:00,6.08
13165,30•ª,6.08
13166,2023/12/31 7:00,14.495
13167,30•ª,14.495
13168,2023/12/31 8:00,14.495
13169,30•ª,14.495
13170,2023/12/31 9:00,14.495
13171,30•ª,14.495
13172,2023/12/31 10:00,14.495
13173,30•ª,14.495
13174,2023/12/31 11:00,14.495
13175,30•ª,14.495
13176,2023/12/31 12:00,14.495
13177,30•ª,14.495
13178,2023/12/31 13:00,14.495
13179,30•ª,14.495
13180,2023/12/31 14:00,14.495
13181,30•ª,14.495
13182,2023/12/31 15:00,14.495
13183,30•ª,14.495
13184,2023/12/31 16:00,14.495
13185,30•ª,14.495
13186,2023/12/31 17:00,14.495
13187,30•ª,14.495
13188,2023/12/31 18:00,14.495
13189,30•ª,14.495
13190,2023/12/31 19:00,14.495
13191,30•ª,14.495
13192,2023/12/31 20:00,14.495
13193,30•ª,14.495
13194,2023/12/31 21:00,14.495
13195,30•ª,14.495
13196,2023/12/31 22:00,14.495
13197,30•ª,14.495
13198,2023/12/31 23:00,14.495
13199,30•ª,14.495
13200,2023/1/1 0:00,6.08
13201,30•ª,6.08
13202,2023/1/1 1:00,6.08
13203,30•ª,6.08
13204,2023/1/1 2:00,6.08
13205,30•ª,6.08
13206,2023/1/1 3:00,6.08
13207,30•ª,6.08
13208,2023/1/1 4:00,6.08
13209,30•ª,6.08
13210,2023/1/1 5:00,6.08
13211,30•ª,6.08
13212,2023/1/1 6:00,6.08
13213,30•ª,6.08
13214,2023/1/1 7:00,14.495
13215,30•ª,14.495
13216,2023/1/1 8:00,14.495
13217,30•ª,14.495
13218,2023/1/1 9:00,14.495
13219,30•ª,14.495
13220,2023/1/1 10:00,14.495
13221,30•ª,14.495
13222,2023/1/1 11:00,14.495
13223,30•ª,14.495
13224,2023/1/1 12:00,14.495
13225,30•ª,14.495
13226,2023/1/1 13:00,14.495
13227,30•ª,14.495
13228,2023/1/1 14:00,14.495
13229,30•ª,14.495
13230,2023/1/1 15:00,14.495
13231,30•ª,14.495
13232,2023/1/1 16:00,14.495
13233,30•ª,14.495
13234,2023/1/1 17:00,14.495
13235,30•ª,14.495
13236,2023/1/1 18:00,14.495
13237,30•ª,14.495
13238,2023/1/1 19:00,14.495
13239,30•ª,14.495
13240,2023/1/1 20:00,14.495
13241,30•ª,14.495
13242,2023/1/1 21:00,14.495
13243,30•ª,14.495
13244,2023/1/1 22:00,14.495
13245,30•ª,14.495
13246,2023/1/1 23:00,14.495
13247,30•ª,14.495
13248,2023/1/2 0:00,6.08
13249,30•ª,6.08
13250,2023/1/2 1:00,6.08
13251,30•ª,6.08
13252,2023/1/2 2:00,6.08
13253,30•ª,6.08
13254,2023/1/2 3:00,6.08
13255,30•ª,6.08
13256,2023/1/2 4:00,6.08
13257,30•ª,6.08
13258,2023/1/2 5:00,6.08
13259,30•ª,6.08
13260,2023/1/2 6:00,6.08
13261,30•ª,6.08
13262,2023/1/2 7:00,14.495
13263,30•ª,14.495
13264,2023/1/2 8:00,14.495
13265,30•ª,14.495
13266,2023/1/2 9:00,14.495
13267,30•ª,14.495
13268,2023/1/2 10:00,14.495
13269,30•ª,14.495
13270,2023/1/2 11:00,14.495
13271,30•ª,14.495
13272,2023/1/2 12:00,14.495
13273,30•ª,14.495
13274,2023/1/2 13:00,14.495
13275,30•ª,14.495
13276,2023/1/2 14:00,14.495
13277,30•ª,14.495
13278,2023/1/2 15:00,14.495
13279,30•ª,14.495
13280,2023/1/2 16:00,14.495
13281,30•ª,14.495
13282,2023/1/2 17:00,14.495
13283,30•ª,14.495
13284,2023/1/2 18:00,14.495
13285,30•ª,14.495
13286,2023/1/2 19:00,14.495
13287,30•ª,14.495
13288,2023/1/2 20:00,14.495
13289,30•ª,14.495
13290,2023/1/2 21:00,14.495
13291,30•ª,14.495
13292,2023/1/2 22:00,14.495
13293,30•ª,14.495
13294,2023/1/2 23:00,14.495
13295,30•ª,14.495
13296,2023/1/3 0:00,6.08
13297,30•ª,6.08
13298,2023/1/3 1:00,6.08
13299,30•ª,6.08
13300,2023/1/3 2:00,6.08
13301,30•ª,6.08
13302,2023/1/3 3:00,6.08
13303,30•ª,6.08
13304,2023/1/3 4:00,6.08
13305,30•ª,6.08
13306,2023/1/3 5:00,6.08
13307,30•ª,6.08
13308,2023/1/3 6:00,6.08
13309,30•ª,6.08
13310,2023/1/3 7:00,14.495
13311,30•ª,14.495
13312,2023/1/3 8:00,14.495
13313,30•ª,14.495
13314,2023/1/3 9:00,14.495
13315,30•ª,14.495
13316,2023/1/3 10:00,14.495
13317,30•ª,14.495
13318,2023/1/3 11:00,14.495
13319,30•ª,14.495
13320,2023/1/3 12:00,14.495
13321,30•ª,14.495
13322,2023/1/3 13:00,14.495
13323,30•ª,14.495
13324,2023/1/3 14:00,14.495
13325,30•ª,14.495
13326,2023/1/3 15:00,14.495
13327,30•ª,14.495
13328,2023/1/3 16:00,14.495
13329,30•ª,14.495
13330,2023/1/3 17:00,14.495
13331,30•ª,14.495
13332,2023/1/3 18:00,14.495
13333,30•ª,14.495
13334,2023/1/3 19:00,14.495
13335,30•ª,14.495
13336,2023/1/3 20:00,14.495
13337,30•ª,14.495
13338,2023/1/3 21:00,14.495
13339,30•ª,14.495
13340,2023/1/3 22:00,14.495
13341,30•ª,14.495
13342,2023/1/3 23:00,14.495
13343,30•ª,14.495
13344,2023/1/4 0:00,6.08
13345,30•ª,6.08
13346,2023/1/4 1:00,6.08
13347,30•ª,6.08
13348,2023/1/4 2:00,6.08
13349,30•ª,6.08
13350,2023/1/4 3:00,6.08
13351,30•ª,6.08
13352,2023/1/4 4:00,6.08
13353,30•ª,6.08
13354,2023/1/4 5:00,6.08
13355,30•ª,6.08
13356,2023/1/4 6:00,6.08
13357,30•ª,6.08
13358,2023/1/4 7:00,14.495
13359,30•ª,14.495
13360,2023/1/4 8:00,14.495
13361,30•ª,14.495
13362,2023/1/4 9:00,14.495
13363,30•ª,14.495
13364,2023/1/4 10:00,14.495
13365,30•ª,14.495
13366,2023/1/4 11:00,14.495
13367,30•ª,14.495
13368,2023/1/4 12:00,14.495
13369,30•ª,14.495
13370,2023/1/4 13:00,14.495
13371,30•ª,14.495
13372,2023/1/4 14:00,14.495
13373,30•ª,14.495
13374,2023/1/4 15:00,14.495
13375,30•ª,14.495
13376,2023/1/4 16:00,14.495
13377,30•ª,14.495
13378,2023/1/4 17:00,14.495
13379,30•ª,14.495
13380,2023/1/4 18:00,14.495
13381,30•ª,14.495
13382,2023/1/4 19:00,14.495
13383,30•ª,14.495
13384,2023/1/4 20:00,14.495
13385,30•ª,14.495
13386,2023/1/4 21:00,14.495
13387,30•ª,14.495
13388,2023/1/4 22:00,14.495
13389,30•ª,14.495
13390,2023/1/4 23:00,14.495
13391,30•ª,14.495
13392,2023/1/5 0:00,6.08
13393,30•ª,6.08
13394,2023/1/5 1:00,6.08
13395,30•ª,6.08
13396,2023/1/5 2:00,6.08
13397,30•ª,6.08
13398,2023/1/5 3:00,6.08
13399,30•ª,6.08
13400,2023/1/5 4:00,6.08
13401,30•ª,6.08
13402,2023/1/5 5:00,6.08
13403,30•ª,6.08
13404,2023/1/5 6:00,6.08
13405,30•ª,6.08
13406,2023/1/5 7:00,14.495
13407,30•ª,14.495
13408,2023/1/5 8:00,14.495
13409,30•ª,14.495
13410,2023/1/5 9:00,14.495
13411,30•ª,14.495
13412,2023/1/5 10:00,14.495
13413,30•ª,14.495
13414,2023/1/5 11:00,14.495
13415,30•ª,14.495
13416,2023/1/5 12:00,14.495
13417,30•ª,14.495
13418,2023/1/5 13:00,14.495
13419,30•ª,14.495
13420,2023/1/5 14:00,14.495
13421,30•ª,14.495
13422,2023/1/5 15:00,14.495
13423,30•ª,14.495
13424,2023/1/5 16:00,14.495
13425,30•ª,14.495
13426,2023/1/5 17:00,14.495
13427,30•ª,14.495
13428,2023/1/5 18:00,14.495
13429,30•ª,14.495
13430,2023/1/5 19:00,14.495
13431,30•ª,14.495
13432,2023/1/5 20:00,14.495
13433,30•ª,14.495
13434,2023/1/5 21:00,14.495
13435,30•ª,14.495
13436,2023/1/5 22:00,14.495
13437,30•ª,14.495
13438,2023/1/5 23:00,14.495
13439,30•ª,14.495
13440,2023/1/6 0:00,6.08
13441,30•ª,6.08
13442,2023/1/6 1:00,6.08
13443,30•ª,6.08
13444,2023/1/6 2:00,6.08
13445,30•ª,6.08
13446,2023/1/6 3:00,6.08
13447,30•ª,6.08
13448,2023/1/6 4:00,6.08
13449,30•ª,6.08
13450,2023/1/6 5:00,6.08
13451,30•ª,6.08
13452,2023/1/6 6:00,6.08
13453,30•ª,6.08
13454,2023/1/6 7:00,14.495
13455,30•ª,14.495
13456,2023/1/6 8:00,14.495
13457,30•ª,14.495
13458,2023/1/6 9:00,14.495
13459,30•ª,14.495
13460,2023/1/6 10:00,14.495
13461,30•ª,14.495
13462,2023/1/6 11:00,14.495
13463,30•ª,14.495
13464,2023/1/6 12:00,14.495
13465,30•ª,14.495
13466,2023/1/6 13:00,14.495
13467,30•ª,14.495
13468,2023/1/6 14:00,14.495
13469,30•ª,14.495
13470,2023/1/6 15:00,14.495
13471,30•ª,14.495
13472,2023/1/6 16:00,14.495
13473,30•ª,14.495
13474,2023/1/6 17:00,14.495
13475,30•ª,14.495
13476,2023/1/6 18:00,14.495
13477,30•ª,14.495
13478,2023/1/6 19:00,14.495
13479,30•ª,14.495
13480,2023/1/6 20:00,14.495
13481,30•ª,14.495
13482,2023/1/6 21:00,14.495
13483,30•ª,14.495
13484,2023/1/6 22:00,14.495
13485,30•ª,14.495
13486,2023/1/6 23:00,14.495
13487,30•ª,14.495
13488,2023/1/7 0:00,6.08
13489,30•ª,6.08
13490,2023/1/7 1:00,6.08
13491,30•ª,6.08
13492,2023/1/7 2:00,6.08
13493,30•ª,6.08
13494,2023/1/7 3:00,6.08
13495,30•ª,6.08
13496,2023/1/7 4:00,6.08
13497,30•ª,6.08
13498,2023/1/7 5:00,6.08
13499,30•ª,6.08
13500,2023/1/7 6:00,6.08
13501,30•ª,6.08
13502,2023/1/7 7:00,14.495
13503,30•ª,14.495
13504,2023/1/7 8:00,14.495
13505,30•ª,14.495
13506,2023/1/7 9:00,14.495
13507,30•ª,14.495
13508,2023/1/7 10:00,14.495
13509,30•ª,14.495
13510,2023/1/7 11:00,14.495
13511,30•ª,14.495
13512,2023/1/7 12:00,14.495
13513,30•ª,14.495
13514,2023/1/7 13:00,14.495
13515,30•ª,14.495
13516,2023/1/7 14:00,14.495
13517,30•ª,14.495
13518,2023/1/7 15:00,14.495
13519,30•ª,14.495
13520,2023/1/7 16:00,14.495
13521,30•ª,14.495
13522,2023/1/7 17:00,14.495
13523,30•ª,14.495
13524,2023/1/7 18:00,14.495
13525,30•ª,14.495
13526,2023/1/7 19:00,14.495
13527,30•ª,14.495
13528,2023/1/7 20:00,14.495
13529,30•ª,14.495
13530,2023/1/7 21:00,14.495
13531,30•ª,14.495
13532,2023/1/7 22:00,14.495
13533,30•ª,14.495
13534,2023/1/7 23:00,14.495
13535,30•ª,14.495
13536,2023/1/8 0:00,6.08
13537,30•ª,6.08
13538,2023/1/8 1:00,6.08
13539,30•ª,6.08
13540,2023/1/8 2:00,6.08
13541,30•ª,6.08
13542,2023/1/8 3:00,6.08
13543,30•ª,6.08
13544,2023/1/8 4:00,6.08
13545,30•ª,6.08
13546,2023/1/8 5:00,6.08
13547,30•ª,6.08
13548,2023/1/8 6:00,6.08
13549,30•ª,6.08
13550,2023/1/8 7:00,14.495
13551,30•ª,14.495
13552,2023/1/8 8:00,14.495
13553,30•ª,14.495
13554,2023/1/8 9:00,14.495
13555,30•ª,14.495
13556,2023/1/8 10:00,14.495
13557,30•ª,14.495
13558,2023/1/8 11:00,14.495
13559,30•ª,14.495
13560,2023/1/8 12:00,14.495
13561,30•ª,14.495
13562,2023/1/8 13:00,14.495
13563,30•ª,14.495
13564,2023/1/8 14:00,14.495
13565,30•ª,14.495
13566,2023/1/8 15:00,14.495
13567,30•ª,14.495
13568,2023/1/8 16:00,14.495
13569,30•ª,14.495
13570,2023/1/8 17:00,14.495
13571,30•ª,14.495
13572,2023/1/8 18:00,14.495
13573,30•ª,14.495
13574,2023/1/8 19:00,14.495
13575,30•ª,14.495
13576,2023/1/8 20:00,14.495
13577,30•ª,14.495
13578,2023/1/8 21:00,14.495
13579,30•ª,14.495
13580,2023/1/8 22:00,14.495
13581,30•ª,14.495
13582,2023/1/8 23:00,14.495
13583,30•ª,14.495
13584,2023/1/9 0:00,6.08
13585,30•ª,6.08
13586,2023/1/9 1:00,6.08
13587,30•ª,6.08
13588,2023/1/9 2:00,6.08
13589,30•ª,6.08
13590,2023/1/9 3:00,6.08
13591,30•ª,6.08
13592,2023/1/9 4:00,6.08
13593,30•ª,6.08
13594,2023/1/9 5:00,6.08
13595,30•ª,6.08
13596,2023/1/9 6:00,6.08
13597,30•ª,6.08
13598,2023/1/9 7:00,14.495
13599,30•ª,14.495
13600,2023/1/9 8:00,14.495
13601,30•ª,14.495
13602,2023/1/9 9:00,14.495
13603,30•ª,14.495
13604,2023/1/9 10:00,14.495
13605,30•ª,14.495
13606,2023/1/9 11:00,14.495
13607,30•ª,14.495
13608,2023/1/9 12:00,14.495
13609,30•ª,14.495
13610,2023/1/9 13:00,14.495
13611,30•ª,14.495
13612,2023/1/9 14:00,14.495
13613,30•ª,14.495
13614,2023/1/9 15:00,14.495
13615,30•ª,14.495
13616,2023/1/9 16:00,14.495
13617,30•ª,14.495
13618,2023/1/9 17:00,14.495
13619,30•ª,14.495
13620,2023/1/9 18:00,14.495
13621,30•ª,14.495
13622,2023/1/9 19:00,14.495
13623,30•ª,14.495
13624,2023/1/9 20:00,14.495
13625,30•ª,14.495
13626,2023/1/9 21:00,14.495
13627,30•ª,14.495
13628,2023/1/9 22:00,14.495
13629,30•ª,14.495
13630,2023/1/9 23:00,14.495
13631,30•ª,14.495
13632,2023/1/10 0:00,6.08
13633,30•ª,6.08
13634,2023/1/10 1:00,6.08
13635,30•ª,6.08
13636,2023/1/10 2:00,6.08
13637,30•ª,6.08
13638,2023/1/10 3:00,6.08
13639,30•ª,6.08
13640,2023/1/10 4:00,6.08
13641,30•ª,6.08
13642,2023/1/10 5:00,6.08
13643,30•ª,6.08
13644,2023/1/10 6:00,6.08
13645,30•ª,6.08
13646,2023/1/10 7:00,14.495
13647,30•ª,14.495
13648,2023/1/10 8:00,14.495
13649,30•ª,14.495
13650,2023/1/10 9:00,14.495
13651,30•ª,14.495
13652,2023/1/10 10:00,14.495
13653,30•ª,14.495
13654,2023/1/10 11:00,14.495
13655,30•ª,14.495
13656,2023/1/10 12:00,14.495
13657,30•ª,14.495
13658,2023/1/10 13:00,14.495
13659,30•ª,14.495
13660,2023/1/10 14:00,14.495
13661,30•ª,14.495
13662,2023/1/10 15:00,14.495
13663,30•ª,14.495
13664,2023/1/10 16:00,14.495
13665,30•ª,14.495
13666,2023/1/10 17:00,14.495
13667,30•ª,14.495
13668,2023/1/10 18:00,14.495
13669,30•ª,14.495
13670,2023/1/10 19:00,14.495
13671,30•ª,14.495
13672,2023/1/10 20:00,14.495
13673,30•ª,14.495
13674,2023/1/10 21:00,14.495
13675,30•ª,14.495
13676,2023/1/10 22:00,14.495
13677,30•ª,14.495
13678,2023/1/10 23:00,14.495
13679,30•ª,14.495
13680,2023/1/11 0:00,6.08
13681,30•ª,6.08
13682,2023/1/11 1:00,6.08
13683,30•ª,6.08
13684,2023/1/11 2:00,6.08
13685,30•ª,6.08
13686,2023/1/11 3:00,6.08
13687,30•ª,6.08
13688,2023/1/11 4:00,6.08
13689,30•ª,6.08
13690,2023/1/11 5:00,6.08
13691,30•ª,6.08
13692,2023/1/11 6:00,6.08
13693,30•ª,6.08
13694,2023/1/11 7:00,14.495
13695,30•ª,14.495
13696,2023/1/11 8:00,14.495
13697,30•ª,14.495
13698,2023/1/11 9:00,14.495
13699,30•ª,14.495
13700,2023/1/11 10:00,14.495
13701,30•ª,14.495
13702,2023/1/11 11:00,14.495
13703,30•ª,14.495
13704,2023/1/11 12:00,14.495
13705,30•ª,14.495
13706,2023/1/11 13:00,14.495
13707,30•ª,14.495
13708,2023/1/11 14:00,14.495
13709,30•ª,14.495
13710,2023/1/11 15:00,14.495
13711,30•ª,14.495
13712,2023/1/11 16:00,14.495
13713,30•ª,14.495
13714,2023/1/11 17:00,14.495
13715,30•ª,14.495
13716,2023/1/11 18:00,14.495
13717,30•ª,14.495
13718,2023/1/11 19:00,14.495
13719,30•ª,14.495
13720,2023/1/11 20:00,14.495
13721,30•ª,14.495
13722,2023/1/11 21:00,14.495
13723,30•ª,14.495
13724,2023/1/11 22:00,14.495
13725,30•ª,14.495
13726,2023/1/11 23:00,14.495
13727,30•ª,14.495
13728,2023/1/12 0:00,6.08
13729,30•ª,6.08
13730,2023/1/12 1:00,6.08
13731,30•ª,6.08
13732,2023/1/12 2:00,6.08
13733,30•ª,6.08
13734,2023/1/12 3:00,6.08
13735,30•ª,6.08
13736,2023/1/12 4:00,6.08
13737,30•ª,6.08
13738,2023/1/12 5:00,6.08
13739,30•ª,6.08
13740,2023/1/12 6:00,6.08
13741,30•ª,6.08
13742,2023/1/12 7:00,14.495
13743,30•ª,14.495
13744,2023/1/12 8:00,14.495
13745,30•ª,14.495
13746,2023/1/12 9:00,14.495
13747,30•ª,14.495
13748,2023/1/12 10:00,14.495
13749,30•ª,14.495
13750,2023/1/12 11:00,14.495
13751,30•ª,14.495
13752,2023/1/12 12:00,14.495
13753,30•ª,14.495
13754,2023/1/12 13:00,14.495
13755,30•ª,14.495
13756,2023/1/12 14:00,14.495
13757,30•ª,14.495
13758,2023/1/12 15:00,14.495
13759,30•ª,14.495
13760,2023/1/12 16:00,14.495
13761,30•ª,14.495
13762,2023/1/12 17:00,14.495
13763,30•ª,14.495
13764,2023/1/12 18:00,14.495
13765,30•ª,14.495
13766,2023/1/12 19:00,14.495
13767,30•ª,14.495
13768,2023/1/12 20:00,14.495
13769,30•ª,14.495
13770,2023/1/12 21:00,14.495
13771,30•ª,14.495
13772,2023/1/12 22:00,14.495
13773,30•ª,14.495
13774,2023/1/12 23:00,14.495
13775,30•ª,14.495
13776,2023/1/13 0:00,6.08
13777,30•ª,6.08
13778,2023/1/13 1:00,6.08
13779,30•ª,6.08
13780,2023/1/13 2:00,6.08
13781,30•ª,6.08
13782,2023/1/13 3:00,6.08
13783,30•ª,6.08
13784,2023/1/13 4:00,6.08
13785,30•ª,6.08
13786,2023/1/13 5:00,6.08
13787,30•ª,6.08
13788,2023/1/13 6:00,6.08
13789,30•ª,6.08
13790,2023/1/13 7:00,14.495
13791,30•ª,14.495
13792,2023/1/13 8:00,14.495
13793,30•ª,14.495
13794,2023/1/13 9:00,14.495
13795,30•ª,14.495
13796,2023/1/13 10:00,14.495
13797,30•ª,14.495
13798,2023/1/13 11:00,14.495
13799,30•ª,14.495
13800,2023/1/13 12:00,14.495
13801,30•ª,14.495
13802,2023/1/13 13:00,14.495
13803,30•ª,14.495
13804,2023/1/13 14:00,14.495
13805,30•ª,14.495
13806,2023/1/13 15:00,14.495
13807,30•ª,14.495
13808,2023/1/13 16:00,14.495
13809,30•ª,14.495
13810,2023/1/13 17:00,14.495
13811,30•ª,14.495
13812,2023/1/13 18:00,14.495
13813,30•ª,14.495
13814,2023/1/13 19:00,14.495
13815,30•ª,14.495
13816,2023/1/13 20:00,14.495
13817,30•ª,14.495
13818,2023/1/13 21:00,14.495
13819,30•ª,14.495
13820,2023/1/13 22:00,14.495
13821,30•ª,14.495
13822,2023/1/13 23:00,14.495
13823,30•ª,14.495
13824,2023/1/14 0:00,6.08
13825,30•ª,6.08
13826,2023/1/14 1:00,6.08
13827,30•ª,6.08
13828,2023/1/14 2:00,6.08
13829,30•ª,6.08
13830,2023/1/14 3:00,6.08
13831,30•ª,6.08
13832,2023/1/14 4:00,6.08
13833,30•ª,6.08
13834,2023/1/14 5:00,6.08
13835,30•ª,6.08
13836,2023/1/14 6:00,6.08
13837,30•ª,6.08
13838,2023/1/14 7:00,14.495
13839,30•ª,14.495
13840,2023/1/14 8:00,14.495
13841,30•ª,14.495
13842,2023/1/14 9:00,14.495
13843,30•ª,14.495
13844,2023/1/14 10:00,14.495
13845,30•ª,14.495
13846,2023/1/14 11:00,14.495
13847,30•ª,14.495
13848,2023/1/14 12:00,14.495
13849,30•ª,14.495
13850,2023/1/14 13:00,14.495
13851,30•ª,14.495
13852,2023/1/14 14:00,14.495
13853,30•ª,14.495
13854,2023/1/14 15:00,14.495
13855,30•ª,14.495
13856,2023/1/14 16:00,14.495
13857,30•ª,14.495
13858,2023/1/14 17:00,14.495
13859,30•ª,14.495
13860,2023/1/14 18:00,14.495
13861,30•ª,14.495
13862,2023/1/14 19:00,14.495
13863,30•ª,14.495
13864,2023/1/14 20:00,14.495
13865,30•ª,14.495
13866,2023/1/14 21:00,14.495
13867,30•ª,14.495
13868,2023/1/14 22:00,14.495
13869,30•ª,14.495
13870,2023/1/14 23:00,14.495
13871,30•ª,14.495
13872,2023/1/15 0:00,6.08
13873,30•ª,6.08
13874,2023/1/15 1:00,6.08
13875,30•ª,6.08
13876,2023/1/15 2:00,6.08
13877,30•ª,6.08
13878,2023/1/15 3:00,6.08
13879,30•ª,6.08
13880,2023/1/15 4:00,6.08
13881,30•ª,6.08
13882,2023/1/15 5:00,6.08
13883,30•ª,6.08
13884,2023/1/15 6:00,6.08
13885,30•ª,6.08
13886,2023/1/15 7:00,14.495
13887,30•ª,14.495
13888,2023/1/15 8:00,14.495
13889,30•ª,14.495
13890,2023/1/15 9:00,14.495
13891,30•ª,14.495
13892,2023/1/15 10:00,14.495
13893,30•ª,14.495
13894,2023/1/15 11:00,14.495
13895,30•ª,14.495
13896,2023/1/15 12:00,14.495
13897,30•ª,14.495
13898,2023/1/15 13:00,14.495
13899,30•ª,14.495
13900,2023/1/15 14:00,14.495
13901,30•ª,14.495
13902,2023/1/15 15:00,14.495
13903,30•ª,14.495
13904,2023/1/15 16:00,14.495
13905,30•ª,14.495
13906,2023/1/15 17:00,14.495
13907,30•ª,14.495
13908,2023/1/15 18:00,14.495
13909,30•ª,14.495
13910,2023/1/15 19:00,14.495
13911,30•ª,14.495
13912,2023/1/15 20:00,14.495
13913,30•ª,14.495
13914,2023/1/15 21:00,14.495
13915,30•ª,14.495
13916,2023/1/15 22:00,14.495
13917,30•ª,14.495
13918,2023/1/15 23:00,14.495
13919,30•ª,14.495
13920,2023/1/16 0:00,6.08
13921,30•ª,6.08
13922,2023/1/16 1:00,6.08
13923,30•ª,6.08
13924,2023/1/16 2:00,6.08
13925,30•ª,6.08
13926,2023/1/16 3:00,6.08
13927,30•ª,6.08
13928,2023/1/16 4:00,6.08
13929,30•ª,6.08
13930,2023/1/16 5:00,6.08
13931,30•ª,6.08
13932,2023/1/16 6:00,6.08
13933,30•ª,6.08
13934,2023/1/16 7:00,14.495
13935,30•ª,14.495
13936,2023/1/16 8:00,14.495
13937,30•ª,14.495
13938,2023/1/16 9:00,14.495
13939,30•ª,14.495
13940,2023/1/16 10:00,14.495
13941,30•ª,14.495
13942,2023/1/16 11:00,14.495
13943,30•ª,14.495
13944,2023/1/16 12:00,14.495
13945,30•ª,14.495
13946,2023/1/16 13:00,14.495
13947,30•ª,14.495
13948,2023/1/16 14:00,14.495
13949,30•ª,14.495
13950,2023/1/16 15:00,14.495
13951,30•ª,14.495
13952,2023/1/16 16:00,14.495
13953,30•ª,14.495
13954,2023/1/16 17:00,14.495
13955,30•ª,14.495
13956,2023/1/16 18:00,14.495
13957,30•ª,14.495
13958,2023/1/16 19:00,14.495
13959,30•ª,14.495
13960,2023/1/16 20:00,14.495
13961,30•ª,14.495
13962,2023/1/16 21:00,14.495
13963,30•ª,14.495
13964,2023/1/16 22:00,14.495
13965,30•ª,14.495
13966,2023/1/16 23:00,14.495
13967,30•ª,14.495
13968,2023/1/17 0:00,6.08
13969,30•ª,6.08
13970,2023/1/17 1:00,6.08
13971,30•ª,6.08
13972,2023/1/17 2:00,6.08
13973,30•ª,6.08
13974,2023/1/17 3:00,6.08
13975,30•ª,6.08
13976,2023/1/17 4:00,6.08
13977,30•ª,6.08
13978,2023/1/17 5:00,6.08
13979,30•ª,6.08
13980,2023/1/17 6:00,6.08
13981,30•ª,6.08
13982,2023/1/17 7:00,14.495
13983,30•ª,14.495
13984,2023/1/17 8:00,14.495
13985,30•ª,14.495
13986,2023/1/17 9:00,14.495
13987,30•ª,14.495
13988,2023/1/17 10:00,14.495
13989,30•ª,14.495
13990,2023/1/17 11:00,14.495
13991,30•ª,14.495
13992,2023/1/17 12:00,14.495
13993,30•ª,14.495
13994,2023/1/17 13:00,14.495
13995,30•ª,14.495
13996,2023/1/17 14:00,14.495
13997,30•ª,14.495
13998,2023/1/17 15:00,14.495
13999,30•ª,14.495
14000,2023/1/17 16:00,14.495
14001,30•ª,14.495
14002,2023/1/17 17:00,14.495
14003,30•ª,14.495
14004,2023/1/17 18:00,14.495
14005,30•ª,14.495
14006,2023/1/17 19:00,14.495
14007,30•ª,14.495
14008,2023/1/17 20:00,14.495
14009,30•ª,14.495
14010,2023/1/17 21:00,14.495
14011,30•ª,14.495
14012,2023/1/17 22:00,14.495
14013,30•ª,14.495
14014,2023/1/17 23:00,14.495
14015,30•ª,14.495
14016,2023/1/18 0:00,6.08
14017,30•ª,6.08
14018,2023/1/18 1:00,6.08
14019,30•ª,6.08
14020,2023/1/18 2:00,6.08
14021,30•ª,6.08
14022,2023/1/18 3:00,6.08
14023,30•ª,6.08
14024,2023/1/18 4:00,6.08
14025,30•ª,6.08
14026,2023/1/18 5:00,6.08
14027,30•ª,6.08
14028,2023/1/18 6:00,6.08
14029,30•ª,6.08
14030,2023/1/18 7:00,14.495
14031,30•ª,14.495
14032,2023/1/18 8:00,14.495
14033,30•ª,14.495
14034,2023/1/18 9:00,14.495
14035,30•ª,14.495
14036,2023/1/18 10:00,14.495
14037,30•ª,14.495
14038,2023/1/18 11:00,14.495
14039,30•ª,14.495
14040,2023/1/18 12:00,14.495
14041,30•ª,14.495
14042,2023/1/18 13:00,14.495
14043,30•ª,14.495
14044,2023/1/18 14:00,14.495
14045,30•ª,14.495
14046,2023/1/18 15:00,14.495
14047,30•ª,14.495
14048,2023/1/18 16:00,14.495
14049,30•ª,14.495
14050,2023/1/18 17:00,14.495
14051,30•ª,14.495
14052,2023/1/18 18:00,14.495
14053,30•ª,14.495
14054,2023/1/18 19:00,14.495
14055,30•ª,14.495
14056,2023/1/18 20:00,14.495
14057,30•ª,14.495
14058,2023/1/18 21:00,14.495
14059,30•ª,14.495
14060,2023/1/18 22:00,14.495
14061,30•ª,14.495
14062,2023/1/18 23:00,14.495
14063,30•ª,14.495
14064,2023/1/19 0:00,6.08
14065,30•ª,6.08
14066,2023/1/19 1:00,6.08
14067,30•ª,6.08
14068,2023/1/19 2:00,6.08
14069,30•ª,6.08
14070,2023/1/19 3:00,6.08
14071,30•ª,6.08
14072,2023/1/19 4:00,6.08
14073,30•ª,6.08
14074,2023/1/19 5:00,6.08
14075,30•ª,6.08
14076,2023/1/19 6:00,6.08
14077,30•ª,6.08
14078,2023/1/19 7:00,14.495
14079,30•ª,14.495
14080,2023/1/19 8:00,14.495
14081,30•ª,14.495
14082,2023/1/19 9:00,14.495
14083,30•ª,14.495
14084,2023/1/19 10:00,14.495
14085,30•ª,14.495
14086,2023/1/19 11:00,14.495
14087,30•ª,14.495
14088,2023/1/19 12:00,14.495
14089,30•ª,14.495
14090,2023/1/19 13:00,14.495
14091,30•ª,14.495
14092,2023/1/19 14:00,14.495
14093,30•ª,14.495
14094,2023/1/19 15:00,14.495
14095,30•ª,14.495
14096,2023/1/19 16:00,14.495
14097,30•ª,14.495
14098,2023/1/19 17:00,14.495
14099,30•ª,14.495
14100,2023/1/19 18:00,14.495
14101,30•ª,14.495
14102,2023/1/19 19:00,14.495
14103,30•ª,14.495
14104,2023/1/19 20:00,14.495
14105,30•ª,14.495
14106,2023/1/19 21:00,14.495
14107,30•ª,14.495
14108,2023/1/19 22:00,14.495
14109,30•ª,14.495
14110,2023/1/19 23:00,14.495
14111,30•ª,14.495
14112,2023/1/20 0:00,6.08
14113,30•ª,6.08
14114,2023/1/20 1:00,6.08
14115,30•ª,6.08
14116,2023/1/20 2:00,6.08
14117,30•ª,6.08
14118,2023/1/20 3:00,6.08
14119,30•ª,6.08
14120,2023/1/20 4:00,6.08
14121,30•ª,6.08
14122,2023/1/20 5:00,6.08
14123,30•ª,6.08
14124,2023/1/20 6:00,6.08
14125,30•ª,6.08
14126,2023/1/20 7:00,14.495
14127,30•ª,14.495
14128,2023/1/20 8:00,14.495
14129,30•ª,14.495
14130,2023/1/20 9:00,14.495
14131,30•ª,14.495
14132,2023/1/20 10:00,14.495
14133,30•ª,14.495
14134,2023/1/20 11:00,14.495
14135,30•ª,14.495
14136,2023/1/20 12:00,14.495
14137,30•ª,14.495
14138,2023/1/20 13:00,14.495
14139,30•ª,14.495
14140,2023/1/20 14:00,14.495
14141,30•ª,14.495
14142,2023/1/20 15:00,14.495
14143,30•ª,14.495
14144,2023/1/20 16:00,14.495
14145,30•ª,14.495
14146,2023/1/20 17:00,14.495
14147,30•ª,14.495
14148,2023/1/20 18:00,14.495
14149,30•ª,14.495
14150,2023/1/20 19:00,14.495
14151,30•ª,14.495
14152,2023/1/20 20:00,14.495
14153,30•ª,14.495
14154,2023/1/20 21:00,14.495
14155,30•ª,14.495
14156,2023/1/20 22:00,14.495
14157,30•ª,14.495
14158,2023/1/20 23:00,14.495
14159,30•ª,14.495
14160,2023/1/21 0:00,6.08
14161,30•ª,6.08
14162,2023/1/21 1:00,6.08
14163,30•ª,6.08
14164,2023/1/21 2:00,6.08
14165,30•ª,6.08
14166,2023/1/21 3:00,6.08
14167,30•ª,6.08
14168,2023/1/21 4:00,6.08
14169,30•ª,6.08
14170,2023/1/21 5:00,6.08
14171,30•ª,6.08
14172,2023/1/21 6:00,6.08
14173,30•ª,6.08
14174,2023/1/21 7:00,14.495
14175,30•ª,14.495
14176,2023/1/21 8:00,14.495
14177,30•ª,14.495
14178,2023/1/21 9:00,14.495
14179,30•ª,14.495
14180,2023/1/21 10:00,14.495
14181,30•ª,14.495
14182,2023/1/21 11:00,14.495
14183,30•ª,14.495
14184,2023/1/21 12:00,14.495
14185,30•ª,14.495
14186,2023/1/21 13:00,14.495
14187,30•ª,14.495
14188,2023/1/21 14:00,14.495
14189,30•ª,14.495
14190,2023/1/21 15:00,14.495
14191,30•ª,14.495
14192,2023/1/21 16:00,14.495
14193,30•ª,14.495
14194,2023/1/21 17:00,14.495
14195,30•ª,14.495
14196,2023/1/21 18:00,14.495
14197,30•ª,14.495
14198,2023/1/21 19:00,14.495
14199,30•ª,14.495
14200,2023/1/21 20:00,14.495
14201,30•ª,14.495
14202,2023/1/21 21:00,14.495
14203,30•ª,14.495
14204,2023/1/21 22:00,14.495
14205,30•ª,14.495
14206,2023/1/21 23:00,14.495
14207,30•ª,14.495
14208,2023/1/22 0:00,6.08
14209,30•ª,6.08
14210,2023/1/22 1:00,6.08
14211,30•ª,6.08
14212,2023/1/22 2:00,6.08
14213,30•ª,6.08
14214,2023/1/22 3:00,6.08
14215,30•ª,6.08
14216,2023/1/22 4:00,6.08
14217,30•ª,6.08
14218,2023/1/22 5:00,6.08
14219,30•ª,6.08
14220,2023/1/22 6:00,6.08
14221,30•ª,6.08
14222,2023/1/22 7:00,14.495
14223,30•ª,14.495
14224,2023/1/22 8:00,14.495
14225,30•ª,14.495
14226,2023/1/22 9:00,14.495
14227,30•ª,14.495
14228,2023/1/22 10:00,14.495
14229,30•ª,14.495
14230,2023/1/22 11:00,14.495
14231,30•ª,14.495
14232,2023/1/22 12:00,14.495
14233,30•ª,14.495
14234,2023/1/22 13:00,14.495
14235,30•ª,14.495
14236,2023/1/22 14:00,14.495
14237,30•ª,14.495
14238,2023/1/22 15:00,14.495
14239,30•ª,14.495
14240,2023/1/22 16:00,14.495
14241,30•ª,14.495
14242,2023/1/22 17:00,14.495
14243,30•ª,14.495
14244,2023/1/22 18:00,14.495
14245,30•ª,14.495
14246,2023/1/22 19:00,14.495
14247,30•ª,14.495
14248,2023/1/22 20:00,14.495
14249,30•ª,14.495
14250,2023/1/22 21:00,14.495
14251,30•ª,14.495
14252,2023/1/22 22:00,14.495
14253,30•ª,14.495
14254,2023/1/22 23:00,14.495
14255,30•ª,14.495
14256,2023/1/23 0:00,6.08
14257,30•ª,6.08
14258,2023/1/23 1:00,6.08
14259,30•ª,6.08
14260,2023/1/23 2:00,6.08
14261,30•ª,6.08
14262,2023/1/23 3:00,6.08
14263,30•ª,6.08
14264,2023/1/23 4:00,6.08
14265,30•ª,6.08
14266,2023/1/23 5:00,6.08
14267,30•ª,6.08
14268,2023/1/23 6:00,6.08
14269,30•ª,6.08
14270,2023/1/23 7:00,14.495
14271,30•ª,14.495
14272,2023/1/23 8:00,14.495
14273,30•ª,14.495
14274,2023/1/23 9:00,14.495
14275,30•ª,14.495
14276,2023/1/23 10:00,14.495
14277,30•ª,14.495
14278,2023/1/23 11:00,14.495
14279,30•ª,14.495
14280,2023/1/23 12:00,14.495
14281,30•ª,14.495
14282,2023/1/23 13:00,14.495
14283,30•ª,14.495
14284,2023/1/23 14:00,14.495
14285,30•ª,14.495
14286,2023/1/23 15:00,14.495
14287,30•ª,14.495
14288,2023/1/23 16:00,14.495
14289,30•ª,14.495
14290,2023/1/23 17:00,14.495
14291,30•ª,14.495
14292,2023/1/23 18:00,14.495
14293,30•ª,14.495
14294,2023/1/23 19:00,14.495
14295,30•ª,14.495
14296,2023/1/23 20:00,14.495
14297,30•ª,14.495
14298,2023/1/23 21:00,14.495
14299,30•ª,14.495
14300,2023/1/23 22:00,14.495
14301,30•ª,14.495
14302,2023/1/23 23:00,14.495
14303,30•ª,14.495
14304,2023/1/24 0:00,6.08
14305,30•ª,6.08
14306,2023/1/24 1:00,6.08
14307,30•ª,6.08
14308,2023/1/24 2:00,6.08
14309,30•ª,6.08
14310,2023/1/24 3:00,6.08
14311,30•ª,6.08
14312,2023/1/24 4:00,6.08
14313,30•ª,6.08
14314,2023/1/24 5:00,6.08
14315,30•ª,6.08
14316,2023/1/24 6:00,6.08
14317,30•ª,6.08
14318,2023/1/24 7:00,14.495
14319,30•ª,14.495
14320,2023/1/24 8:00,14.495
14321,30•ª,14.495
14322,2023/1/24 9:00,14.495
14323,30•ª,14.495
14324,2023/1/24 10:00,14.495
14325,30•ª,14.495
14326,2023/1/24 11:00,14.495
14327,30•ª,14.495
14328,2023/1/24 12:00,14.495
14329,30•ª,14.495
14330,2023/1/24 13:00,14.495
14331,30•ª,14.495
14332,2023/1/24 14:00,14.495
14333,30•ª,14.495
14334,2023/1/24 15:00,14.495
14335,30•ª,14.495
14336,2023/1/24 16:00,14.495
14337,30•ª,14.495
14338,2023/1/24 17:00,14.495
14339,30•ª,14.495
14340,2023/1/24 18:00,14.495
14341,30•ª,14.495
14342,2023/1/24 19:00,14.495
14343,30•ª,14.495
14344,2023/1/24 20:00,14.495
14345,30•ª,14.495
14346,2023/1/24 21:00,14.495
14347,30•ª,14.495
14348,2023/1/24 22:00,14.495
14349,30•ª,14.495
14350,2023/1/24 23:00,14.495
14351,30•ª,14.495
14352,2023/1/25 0:00,6.08
14353,30•ª,6.08
14354,2023/1/25 1:00,6.08
14355,30•ª,6.08
14356,2023/1/25 2:00,6.08
14357,30•ª,6.08
14358,2023/1/25 3:00,6.08
14359,30•ª,6.08
14360,2023/1/25 4:00,6.08
14361,30•ª,6.08
14362,2023/1/25 5:00,6.08
14363,30•ª,6.08
14364,2023/1/25 6:00,6.08
14365,30•ª,6.08
14366,2023/1/25 7:00,14.495
14367,30•ª,14.495
14368,2023/1/25 8:00,14.495
14369,30•ª,14.495
14370,2023/1/25 9:00,14.495
14371,30•ª,14.495
14372,2023/1/25 10:00,14.495
14373,30•ª,14.495
14374,2023/1/25 11:00,14.495
14375,30•ª,14.495
14376,2023/1/25 12:00,14.495
14377,30•ª,14.495
14378,2023/1/25 13:00,14.495
14379,30•ª,14.495
14380,2023/1/25 14:00,14.495
14381,30•ª,14.495
14382,2023/1/25 15:00,14.495
14383,30•ª,14.495
14384,2023/1/25 16:00,14.495
14385,30•ª,14.495
14386,2023/1/25 17:00,14.495
14387,30•ª,14.495
14388,2023/1/25 18:00,14.495
14389,30•ª,14.495
14390,2023/1/25 19:00,14.495
14391,30•ª,14.495
14392,2023/1/25 20:00,14.495
14393,30•ª,14.495
14394,2023/1/25 21:00,14.495
14395,30•ª,14.495
14396,2023/1/25 22:00,14.495
14397,30•ª,14.495
14398,2023/1/25 23:00,14.495
14399,30•ª,14.495
14400,2023/1/26 0:00,6.08
14401,30•ª,6.08
14402,2023/1/26 1:00,6.08
14403,30•ª,6.08
14404,2023/1/26 2:00,6.08
14405,30•ª,6.08
14406,2023/1/26 3:00,6.08
14407,30•ª,6.08
14408,2023/1/26 4:00,6.08
14409,30•ª,6.08
14410,2023/1/26 5:00,6.08
14411,30•ª,6.08
14412,2023/1/26 6:00,6.08
14413,30•ª,6.08
14414,2023/1/26 7:00,14.495
14415,30•ª,14.495
14416,2023/1/26 8:00,14.495
14417,30•ª,14.495
14418,2023/1/26 9:00,14.495
14419,30•ª,14.495
14420,2023/1/26 10:00,14.495
14421,30•ª,14.495
14422,2023/1/26 11:00,14.495
14423,30•ª,14.495
14424,2023/1/26 12:00,14.495
14425,30•ª,14.495
14426,2023/1/26 13:00,14.495
14427,30•ª,14.495
14428,2023/1/26 14:00,14.495
14429,30•ª,14.495
14430,2023/1/26 15:00,14.495
14431,30•ª,14.495
14432,2023/1/26 16:00,14.495
14433,30•ª,14.495
14434,2023/1/26 17:00,14.495
14435,30•ª,14.495
14436,2023/1/26 18:00,14.495
14437,30•ª,14.495
14438,2023/1/26 19:00,14.495
14439,30•ª,14.495
14440,2023/1/26 20:00,14.495
14441,30•ª,14.495
14442,2023/1/26 21:00,14.495
14443,30•ª,14.495
14444,2023/1/26 22:00,14.495
14445,30•ª,14.495
14446,2023/1/26 23:00,14.495
14447,30•ª,14.495
14448,2023/1/27 0:00,6.08
14449,30•ª,6.08
14450,2023/1/27 1:00,6.08
14451,30•ª,6.08
14452,2023/1/27 2:00,6.08
14453,30•ª,6.08
14454,2023/1/27 3:00,6.08
14455,30•ª,6.08
14456,2023/1/27 4:00,6.08
14457,30•ª,6.08
14458,2023/1/27 5:00,6.08
14459,30•ª,6.08
14460,2023/1/27 6:00,6.08
14461,30•ª,6.08
14462,2023/1/27 7:00,14.495
14463,30•ª,14.495
14464,2023/1/27 8:00,14.495
14465,30•ª,14.495
14466,2023/1/27 9:00,14.495
14467,30•ª,14.495
14468,2023/1/27 10:00,14.495
14469,30•ª,14.495
14470,2023/1/27 11:00,14.495
14471,30•ª,14.495
14472,2023/1/27 12:00,14.495
14473,30•ª,14.495
14474,2023/1/27 13:00,14.495
14475,30•ª,14.495
14476,2023/1/27 14:00,14.495
14477,30•ª,14.495
14478,2023/1/27 15:00,14.495
14479,30•ª,14.495
14480,2023/1/27 16:00,14.495
14481,30•ª,14.495
14482,2023/1/27 17:00,14.495
14483,30•ª,14.495
14484,2023/1/27 18:00,14.495
14485,30•ª,14.495
14486,2023/1/27 19:00,14.495
14487,30•ª,14.495
14488,2023/1/27 20:00,14.495
14489,30•ª,14.495
14490,2023/1/27 21:00,14.495
14491,30•ª,14.495
14492,2023/1/27 22:00,14.495
14493,30•ª,14.495
14494,2023/1/27 23:00,14.495
14495,30•ª,14.495
14496,2023/1/28 0:00,6.08
14497,30•ª,6.08
14498,2023/1/28 1:00,6.08
14499,30•ª,6.08
14500,2023/1/28 2:00,6.08
14501,30•ª,6.08
14502,2023/1/28 3:00,6.08
14503,30•ª,6.08
14504,2023/1/28 4:00,6.08
14505,30•ª,6.08
14506,2023/1/28 5:00,6.08
14507,30•ª,6.08
14508,2023/1/28 6:00,6.08
14509,30•ª,6.08
14510,2023/1/28 7:00,14.495
14511,30•ª,14.495
14512,2023/1/28 8:00,14.495
14513,30•ª,14.495
14514,2023/1/28 9:00,14.495
14515,30•ª,14.495
14516,2023/1/28 10:00,14.495
14517,30•ª,14.495
14518,2023/1/28 11:00,14.495
14519,30•ª,14.495
14520,2023/1/28 12:00,14.495
14521,30•ª,14.495
14522,2023/1/28 13:00,14.495
14523,30•ª,14.495
14524,2023/1/28 14:00,14.495
14525,30•ª,14.495
14526,2023/1/28 15:00,14.495
14527,30•ª,14.495
14528,2023/1/28 16:00,14.495
14529,30•ª,14.495
14530,2023/1/28 17:00,14.495
14531,30•ª,14.495
14532,2023/1/28 18:00,14.495
14533,30•ª,14.495
14534,2023/1/28 19:00,14.495
14535,30•ª,14.495
14536,2023/1/28 20:00,14.495
14537,30•ª,14.495
14538,2023/1/28 21:00,14.495
14539,30•ª,14.495
14540,2023/1/28 22:00,14.495
14541,30•ª,14.495
14542,2023/1/28 23:00,14.495
14543,30•ª,14.495
14544,2023/1/29 0:00,6.08
14545,30•ª,6.08
14546,2023/1/29 1:00,6.08
14547,30•ª,6.08
14548,2023/1/29 2:00,6.08
14549,30•ª,6.08
14550,2023/1/29 3:00,6.08
14551,30•ª,6.08
14552,2023/1/29 4:00,6.08
14553,30•ª,6.08
14554,2023/1/29 5:00,6.08
14555,30•ª,6.08
14556,2023/1/29 6:00,6.08
14557,30•ª,6.08
14558,2023/1/29 7:00,14.495
14559,30•ª,14.495
14560,2023/1/29 8:00,14.495
14561,30•ª,14.495
14562,2023/1/29 9:00,14.495
14563,30•ª,14.495
14564,2023/1/29 10:00,14.495
14565,30•ª,14.495
14566,2023/1/29 11:00,14.495
14567,30•ª,14.495
14568,2023/1/29 12:00,14.495
14569,30•ª,14.495
14570,2023/1/29 13:00,14.495
14571,30•ª,14.495
14572,2023/1/29 14:00,14.495
14573,30•ª,14.495
14574,2023/1/29 15:00,14.495
14575,30•ª,14.495
14576,2023/1/29 16:00,14.495
14577,30•ª,14.495
14578,2023/1/29 17:00,14.495
14579,30•ª,14.495
14580,2023/1/29 18:00,14.495
14581,30•ª,14.495
14582,2023/1/29 19:00,14.495
14583,30•ª,14.495
14584,2023/1/29 20:00,14.495
14585,30•ª,14.495
14586,2023/1/29 21:00,14.495
14587,30•ª,14.495
14588,2023/1/29 22:00,14.495
14589,30•ª,14.495
14590,2023/1/29 23:00,14.495
14591,30•ª,14.495
14592,2023/1/30 0:00,6.08
14593,30•ª,6.08
14594,2023/1/30 1:00,6.08
14595,30•ª,6.08
14596,2023/1/30 2:00,6.08
14597,30•ª,6.08
14598,2023/1/30 3:00,6.08
14599,30•ª,6.08
14600,2023/1/30 4:00,6.08
14601,30•ª,6.08
14602,2023/1/30 5:00,6.08
14603,30•ª,6.08
14604,2023/1/30 6:00,6.08
14605,30•ª,6.08
14606,2023/1/30 7:00,14.495
14607,30•ª,14.495
14608,2023/1/30 8:00,14.495
14609,30•ª,14.495
14610,2023/1/30 9:00,14.495
14611,30•ª,14.495
14612,2023/1/30 10:00,14.495
14613,30•ª,14.495
14614,2023/1/30 11:00,14.495
14615,30•ª,14.495
14616,2023/1/30 12:00,14.495
14617,30•ª,14.495
14618,2023/1/30 13:00,14.495
14619,30•ª,14.495
14620,2023/1/30 14:00,14.495
14621,30•ª,14.495
14622,2023/1/30 15:00,14.495
14623,30•ª,14.495
14624,2023/1/30 16:00,14.495
14625,30•ª,14.495
14626,2023/1/30 17:00,14.495
14627,30•ª,14.495
14628,2023/1/30 18:00,14.495
14629,30•ª,14.495
14630,2023/1/30 19:00,14.495
14631,30•ª,14.495
14632,2023/1/30 20:00,14.495
14633,30•ª,14.495
14634,2023/1/30 21:00,14.495
14635,30•ª,14.495
14636,2023/1/30 22:00,14.495
14637,30•ª,14.495
14638,2023/1/30 23:00,14.495
14639,30•ª,14.495
14640,2023/1/31 0:00,6.08
14641,30•ª,6.08
14642,2023/1/31 1:00,6.08
14643,30•ª,6.08
14644,2023/1/31 2:00,6.08
14645,30•ª,6.08
14646,2023/1/31 3:00,6.08
14647,30•ª,6.08
14648,2023/1/31 4:00,6.08
14649,30•ª,6.08
14650,2023/1/31 5:00,6.08
14651,30•ª,6.08
14652,2023/1/31 6:00,6.08
14653,30•ª,6.08
14654,2023/1/31 7:00,14.495
14655,30•ª,14.495
14656,2023/1/31 8:00,14.495
14657,30•ª,14.495
14658,2023/1/31 9:00,14.495
14659,30•ª,14.495
14660,2023/1/31 10:00,14.495
14661,30•ª,14.495
14662,2023/1/31 11:00,14.495
14663,30•ª,14.495
14664,2023/1/31 12:00,14.495
14665,30•ª,14.495
14666,2023/1/31 13:00,14.495
14667,30•ª,14.495
14668,2023/1/31 14:00,14.495
14669,30•ª,14.495
14670,2023/1/31 15:00,14.495
14671,30•ª,14.495
14672,2023/1/31 16:00,14.495
14673,30•ª,14.495
14674,2023/1/31 17:00,14.495
14675,30•ª,14.495
14676,2023/1/31 18:00,14.495
14677,30•ª,14.495
14678,2023/1/31 19:00,14.495
14679,30•ª,14.495
14680,2023/1/31 20:00,14.495
14681,30•ª,14.495
14682,2023/1/31 21:00,14.495
14683,30•ª,14.495
14684,2023/1/31 22:00,14.495
14685,30•ª,14.495
14686,2023/1/31 23:00,14.495
14687,30•ª,14.495
14688,2023/2/1 0:00,6.08
14689,30•ª,6.08
14690,2023/2/1 1:00,6.08
14691,30•ª,6.08
14692,2023/2/1 2:00,6.08
14693,30•ª,6.08
14694,2023/2/1 3:00,6.08
14695,30•ª,6.08
14696,2023/2/1 4:00,6.08
14697,30•ª,6.08
14698,2023/2/1 5:00,6.08
14699,30•ª,6.08
14700,2023/2/1 6:00,6.08
14701,30•ª,6.08
14702,2023/2/1 7:00,14.495
14703,30•ª,14.495
14704,2023/2/1 8:00,14.495
14705,30•ª,14.495
14706,2023/2/1 9:00,14.495
14707,30•ª,14.495
14708,2023/2/1 10:00,14.495
14709,30•ª,14.495
14710,2023/2/1 11:00,14.495
14711,30•ª,14.495
14712,2023/2/1 12:00,14.495
14713,30•ª,14.495
14714,2023/2/1 13:00,14.495
14715,30•ª,14.495
14716,2023/2/1 14:00,14.495
14717,30•ª,14.495
14718,2023/2/1 15:00,14.495
14719,30•ª,14.495
14720,2023/2/1 16:00,14.495
14721,30•ª,14.495
14722,2023/2/1 17:00,14.495
14723,30•ª,14.495
14724,2023/2/1 18:00,14.495
14725,30•ª,14.495
14726,2023/2/1 19:00,14.495
14727,30•ª,14.495
14728,2023/2/1 20:00,14.495
14729,30•ª,14.495
14730,2023/2/1 21:00,14.495
14731,30•ª,14.495
14732,2023/2/1 22:00,14.495
14733,30•ª,14.495
14734,2023/2/1 23:00,14.495
14735,30•ª,14.495
14736,2023/2/2 0:00,6.08
14737,30•ª,6.08
14738,2023/2/2 1:00,6.08
14739,30•ª,6.08
14740,2023/2/2 2:00,6.08
14741,30•ª,6.08
14742,2023/2/2 3:00,6.08
14743,30•ª,6.08
14744,2023/2/2 4:00,6.08
14745,30•ª,6.08
14746,2023/2/2 5:00,6.08
14747,30•ª,6.08
14748,2023/2/2 6:00,6.08
14749,30•ª,6.08
14750,2023/2/2 7:00,14.495
14751,30•ª,14.495
14752,2023/2/2 8:00,14.495
14753,30•ª,14.495
14754,2023/2/2 9:00,14.495
14755,30•ª,14.495
14756,2023/2/2 10:00,14.495
14757,30•ª,14.495
14758,2023/2/2 11:00,14.495
14759,30•ª,14.495
14760,2023/2/2 12:00,14.495
14761,30•ª,14.495
14762,2023/2/2 13:00,14.495
14763,30•ª,14.495
14764,2023/2/2 14:00,14.495
14765,30•ª,14.495
14766,2023/2/2 15:00,14.495
14767,30•ª,14.495
14768,2023/2/2 16:00,14.495
14769,30•ª,14.495
14770,2023/2/2 17:00,14.495
14771,30•ª,14.495
14772,2023/2/2 18:00,14.495
14773,30•ª,14.495
14774,2023/2/2 19:00,14.495
14775,30•ª,14.495
14776,2023/2/2 20:00,14.495
14777,30•ª,14.495
14778,2023/2/2 21:00,14.495
14779,30•ª,14.495
14780,2023/2/2 22:00,14.495
14781,30•ª,14.495
14782,2023/2/2 23:00,14.495
14783,30•ª,14.495
14784,2023/2/3 0:00,6.08
14785,30•ª,6.08
14786,2023/2/3 1:00,6.08
14787,30•ª,6.08
14788,2023/2/3 2:00,6.08
14789,30•ª,6.08
14790,2023/2/3 3:00,6.08
14791,30•ª,6.08
14792,2023/2/3 4:00,6.08
14793,30•ª,6.08
14794,2023/2/3 5:00,6.08
14795,30•ª,6.08
14796,2023/2/3 6:00,6.08
14797,30•ª,6.08
14798,2023/2/3 7:00,14.495
14799,30•ª,14.495
14800,2023/2/3 8:00,14.495
14801,30•ª,14.495
14802,2023/2/3 9:00,14.495
14803,30•ª,14.495
14804,2023/2/3 10:00,14.495
14805,30•ª,14.495
14806,2023/2/3 11:00,14.495
14807,30•ª,14.495
14808,2023/2/3 12:00,14.495
14809,30•ª,14.495
14810,2023/2/3 13:00,14.495
14811,30•ª,14.495
14812,2023/2/3 14:00,14.495
14813,30•ª,14.495
14814,2023/2/3 15:00,14.495
14815,30•ª,14.495
14816,2023/2/3 16:00,14.495
14817,30•ª,14.495
14818,2023/2/3 17:00,14.495
14819,30•ª,14.495
14820,2023/2/3 18:00,14.495
14821,30•ª,14.495
14822,2023/2/3 19:00,14.495
14823,30•ª,14.495
14824,2023/2/3 20:00,14.495
14825,30•ª,14.495
14826,2023/2/3 21:00,14.495
14827,30•ª,14.495
14828,2023/2/3 22:00,14.495
14829,30•ª,14.495
14830,2023/2/3 23:00,14.495
14831,30•ª,14.495
14832,2023/2/4 0:00,6.08
14833,30•ª,6.08
14834,2023/2/4 1:00,6.08
14835,30•ª,6.08
14836,2023/2/4 2:00,6.08
14837,30•ª,6.08
14838,2023/2/4 3:00,6.08
14839,30•ª,6.08
14840,2023/2/4 4:00,6.08
14841,30•ª,6.08
14842,2023/2/4 5:00,6.08
14843,30•ª,6.08
14844,2023/2/4 6:00,6.08
14845,30•ª,6.08
14846,2023/2/4 7:00,14.495
14847,30•ª,14.495
14848,2023/2/4 8:00,14.495
14849,30•ª,14.495
14850,2023/2/4 9:00,14.495
14851,30•ª,14.495
14852,2023/2/4 10:00,14.495
14853,30•ª,14.495
14854,2023/2/4 11:00,14.495
14855,30•ª,14.495
14856,2023/2/4 12:00,14.495
14857,30•ª,14.495
14858,2023/2/4 13:00,14.495
14859,30•ª,14.495
14860,2023/2/4 14:00,14.495
14861,30•ª,14.495
14862,2023/2/4 15:00,14.495
14863,30•ª,14.495
14864,2023/2/4 16:00,14.495
14865,30•ª,14.495
14866,2023/2/4 17:00,14.495
14867,30•ª,14.495
14868,2023/2/4 18:00,14.495
14869,30•ª,14.495
14870,2023/2/4 19:00,14.495
14871,30•ª,14.495
14872,2023/2/4 20:00,14.495
14873,30•ª,14.495
14874,2023/2/4 21:00,14.495
14875,30•ª,14.495
14876,2023/2/4 22:00,14.495
14877,30•ª,14.495
14878,2023/2/4 23:00,14.495
14879,30•ª,14.495
14880,2023/2/5 0:00,6.08
14881,30•ª,6.08
14882,2023/2/5 1:00,6.08
14883,30•ª,6.08
14884,2023/2/5 2:00,6.08
14885,30•ª,6.08
14886,2023/2/5 3:00,6.08
14887,30•ª,6.08
14888,2023/2/5 4:00,6.08
14889,30•ª,6.08
14890,2023/2/5 5:00,6.08
14891,30•ª,6.08
14892,2023/2/5 6:00,6.08
14893,30•ª,6.08
14894,2023/2/5 7:00,14.495
14895,30•ª,14.495
14896,2023/2/5 8:00,14.495
14897,30•ª,14.495
14898,2023/2/5 9:00,14.495
14899,30•ª,14.495
14900,2023/2/5 10:00,14.495
14901,30•ª,14.495
14902,2023/2/5 11:00,14.495
14903,30•ª,14.495
14904,2023/2/5 12:00,14.495
14905,30•ª,14.495
14906,2023/2/5 13:00,14.495
14907,30•ª,14.495
14908,2023/2/5 14:00,14.495
14909,30•ª,14.495
14910,2023/2/5 15:00,14.495
14911,30•ª,14.495
14912,2023/2/5 16:00,14.495
14913,30•ª,14.495
14914,2023/2/5 17:00,14.495
14915,30•ª,14.495
14916,2023/2/5 18:00,14.495
14917,30•ª,14.495
14918,2023/2/5 19:00,14.495
14919,30•ª,14.495
14920,2023/2/5 20:00,14.495
14921,30•ª,14.495
14922,2023/2/5 21:00,14.495
14923,30•ª,14.495
14924,2023/2/5 22:00,14.495
14925,30•ª,14.495
14926,2023/2/5 23:00,14.495
14927,30•ª,14.495
14928,2023/2/6 0:00,6.08
14929,30•ª,6.08
14930,2023/2/6 1:00,6.08
14931,30•ª,6.08
14932,2023/2/6 2:00,6.08
14933,30•ª,6.08
14934,2023/2/6 3:00,6.08
14935,30•ª,6.08
14936,2023/2/6 4:00,6.08
14937,30•ª,6.08
14938,2023/2/6 5:00,6.08
14939,30•ª,6.08
14940,2023/2/6 6:00,6.08
14941,30•ª,6.08
14942,2023/2/6 7:00,14.495
14943,30•ª,14.495
14944,2023/2/6 8:00,14.495
14945,30•ª,14.495
14946,2023/2/6 9:00,14.495
14947,30•ª,14.495
14948,2023/2/6 10:00,14.495
14949,30•ª,14.495
14950,2023/2/6 11:00,14.495
14951,30•ª,14.495
14952,2023/2/6 12:00,14.495
14953,30•ª,14.495
14954,2023/2/6 13:00,14.495
14955,30•ª,14.495
14956,2023/2/6 14:00,14.495
14957,30•ª,14.495
14958,2023/2/6 15:00,14.495
14959,30•ª,14.495
14960,2023/2/6 16:00,14.495
14961,30•ª,14.495
14962,2023/2/6 17:00,14.495
14963,30•ª,14.495
14964,2023/2/6 18:00,14.495
14965,30•ª,14.495
14966,2023/2/6 19:00,14.495
14967,30•ª,14.495
14968,2023/2/6 20:00,14.495
14969,30•ª,14.495
14970,2023/2/6 21:00,14.495
14971,30•ª,14.495
14972,2023/2/6 22:00,14.495
14973,30•ª,14.495
14974,2023/2/6 23:00,14.495
14975,30•ª,14.495
14976,2023/2/7 0:00,6.08
14977,30•ª,6.08
14978,2023/2/7 1:00,6.08
14979,30•ª,6.08
14980,2023/2/7 2:00,6.08
14981,30•ª,6.08
14982,2023/2/7 3:00,6.08
14983,30•ª,6.08
14984,2023/2/7 4:00,6.08
14985,30•ª,6.08
14986,2023/2/7 5:00,6.08
14987,30•ª,6.08
14988,2023/2/7 6:00,6.08
14989,30•ª,6.08
14990,2023/2/7 7:00,14.495
14991,30•ª,14.495
14992,2023/2/7 8:00,14.495
14993,30•ª,14.495
14994,2023/2/7 9:00,14.495
14995,30•ª,14.495
14996,2023/2/7 10:00,14.495
14997,30•ª,14.495
14998,2023/2/7 11:00,14.495
14999,30•ª,14.495
15000,2023/2/7 12:00,14.495
15001,30•ª,14.495
15002,2023/2/7 13:00,14.495
15003,30•ª,14.495
15004,2023/2/7 14:00,14.495
15005,30•ª,14.495
15006,2023/2/7 15:00,14.495
15007,30•ª,14.495
15008,2023/2/7 16:00,14.495
15009,30•ª,14.495
15010,2023/2/7 17:00,14.495
15011,30•ª,14.495
15012,2023/2/7 18:00,14.495
15013,30•ª,14.495
15014,2023/2/7 19:00,14.495
15015,30•ª,14.495
15016,2023/2/7 20:00,14.495
15017,30•ª,14.495
15018,2023/2/7 21:00,14.495
15019,30•ª,14.495
15020,2023/2/7 22:00,14.495
15021,30•ª,14.495
15022,2023/2/7 23:00,14.495
15023,30•ª,14.495
15024,2023/2/8 0:00,6.08
15025,30•ª,6.08
15026,2023/2/8 1:00,6.08
15027,30•ª,6.08
15028,2023/2/8 2:00,6.08
15029,30•ª,6.08
15030,2023/2/8 3:00,6.08
15031,30•ª,6.08
15032,2023/2/8 4:00,6.08
15033,30•ª,6.08
15034,2023/2/8 5:00,6.08
15035,30•ª,6.08
15036,2023/2/8 6:00,6.08
15037,30•ª,6.08
15038,2023/2/8 7:00,14.495
15039,30•ª,14.495
15040,2023/2/8 8:00,14.495
15041,30•ª,14.495
15042,2023/2/8 9:00,14.495
15043,30•ª,14.495
15044,2023/2/8 10:00,14.495
15045,30•ª,14.495
15046,2023/2/8 11:00,14.495
15047,30•ª,14.495
15048,2023/2/8 12:00,14.495
15049,30•ª,14.495
15050,2023/2/8 13:00,14.495
15051,30•ª,14.495
15052,2023/2/8 14:00,14.495
15053,30•ª,14.495
15054,2023/2/8 15:00,14.495
15055,30•ª,14.495
15056,2023/2/8 16:00,14.495
15057,30•ª,14.495
15058,2023/2/8 17:00,14.495
15059,30•ª,14.495
15060,2023/2/8 18:00,14.495
15061,30•ª,14.495
15062,2023/2/8 19:00,14.495
15063,30•ª,14.495
15064,2023/2/8 20:00,14.495
15065,30•ª,14.495
15066,2023/2/8 21:00,14.495
15067,30•ª,14.495
15068,2023/2/8 22:00,14.495
15069,30•ª,14.495
15070,2023/2/8 23:00,14.495
15071,30•ª,14.495
15072,2023/2/9 0:00,6.08
15073,30•ª,6.08
15074,2023/2/9 1:00,6.08
15075,30•ª,6.08
15076,2023/2/9 2:00,6.08
15077,30•ª,6.08
15078,2023/2/9 3:00,6.08
15079,30•ª,6.08
15080,2023/2/9 4:00,6.08
15081,30•ª,6.08
15082,2023/2/9 5:00,6.08
15083,30•ª,6.08
15084,2023/2/9 6:00,6.08
15085,30•ª,6.08
15086,2023/2/9 7:00,14.495
15087,30•ª,14.495
15088,2023/2/9 8:00,14.495
15089,30•ª,14.495
15090,2023/2/9 9:00,14.495
15091,30•ª,14.495
15092,2023/2/9 10:00,14.495
15093,30•ª,14.495
15094,2023/2/9 11:00,14.495
15095,30•ª,14.495
15096,2023/2/9 12:00,14.495
15097,30•ª,14.495
15098,2023/2/9 13:00,14.495
15099,30•ª,14.495
15100,2023/2/9 14:00,14.495
15101,30•ª,14.495
15102,2023/2/9 15:00,14.495
15103,30•ª,14.495
15104,2023/2/9 16:00,14.495
15105,30•ª,14.495
15106,2023/2/9 17:00,14.495
15107,30•ª,14.495
15108,2023/2/9 18:00,14.495
15109,30•ª,14.495
15110,2023/2/9 19:00,14.495
15111,30•ª,14.495
15112,2023/2/9 20:00,14.495
15113,30•ª,14.495
15114,2023/2/9 21:00,14.495
15115,30•ª,14.495
15116,2023/2/9 22:00,14.495
15117,30•ª,14.495
15118,2023/2/9 23:00,14.495
15119,30•ª,14.495
15120,2023/2/10 0:00,6.08
15121,30•ª,6.08
15122,2023/2/10 1:00,6.08
15123,30•ª,6.08
15124,2023/2/10 2:00,6.08
15125,30•ª,6.08
15126,2023/2/10 3:00,6.08
15127,30•ª,6.08
15128,2023/2/10 4:00,6.08
15129,30•ª,6.08
15130,2023/2/10 5:00,6.08
15131,30•ª,6.08
15132,2023/2/10 6:00,6.08
15133,30•ª,6.08
15134,2023/2/10 7:00,14.495
15135,30•ª,14.495
15136,2023/2/10 8:00,14.495
15137,30•ª,14.495
15138,2023/2/10 9:00,14.495
15139,30•ª,14.495
15140,2023/2/10 10:00,14.495
15141,30•ª,14.495
15142,2023/2/10 11:00,14.495
15143,30•ª,14.495
15144,2023/2/10 12:00,14.495
15145,30•ª,14.495
15146,2023/2/10 13:00,14.495
15147,30•ª,14.495
15148,2023/2/10 14:00,14.495
15149,30•ª,14.495
15150,2023/2/10 15:00,14.495
15151,30•ª,14.495
15152,2023/2/10 16:00,14.495
15153,30•ª,14.495
15154,2023/2/10 17:00,14.495
15155,30•ª,14.495
15156,2023/2/10 18:00,14.495
15157,30•ª,14.495
15158,2023/2/10 19:00,14.495
15159,30•ª,14.495
15160,2023/2/10 20:00,14.495
15161,30•ª,14.495
15162,2023/2/10 21:00,14.495
15163,30•ª,14.495
15164,2023/2/10 22:00,14.495
15165,30•ª,14.495
15166,2023/2/10 23:00,14.495
15167,30•ª,14.495
15168,2023/2/11 0:00,6.08
15169,30•ª,6.08
15170,2023/2/11 1:00,6.08
15171,30•ª,6.08
15172,2023/2/11 2:00,6.08
15173,30•ª,6.08
15174,2023/2/11 3:00,6.08
15175,30•ª,6.08
15176,2023/2/11 4:00,6.08
15177,30•ª,6.08
15178,2023/2/11 5:00,6.08
15179,30•ª,6.08
15180,2023/2/11 6:00,6.08
15181,30•ª,6.08
15182,2023/2/11 7:00,14.495
15183,30•ª,14.495
15184,2023/2/11 8:00,14.495
15185,30•ª,14.495
15186,2023/2/11 9:00,14.495
15187,30•ª,14.495
15188,2023/2/11 10:00,14.495
15189,30•ª,14.495
15190,2023/2/11 11:00,14.495
15191,30•ª,14.495
15192,2023/2/11 12:00,14.495
15193,30•ª,14.495
15194,2023/2/11 13:00,14.495
15195,30•ª,14.495
15196,2023/2/11 14:00,14.495
15197,30•ª,14.495
15198,2023/2/11 15:00,14.495
15199,30•ª,14.495
15200,2023/2/11 16:00,14.495
15201,30•ª,14.495
15202,2023/2/11 17:00,14.495
15203,30•ª,14.495
15204,2023/2/11 18:00,14.495
15205,30•ª,14.495
15206,2023/2/11 19:00,14.495
15207,30•ª,14.495
15208,2023/2/11 20:00,14.495
15209,30•ª,14.495
15210,2023/2/11 21:00,14.495
15211,30•ª,14.495
15212,2023/2/11 22:00,14.495
15213,30•ª,14.495
15214,2023/2/11 23:00,14.495
15215,30•ª,14.495
15216,2023/2/12 0:00,6.08
15217,30•ª,6.08
15218,2023/2/12 1:00,6.08
15219,30•ª,6.08
15220,2023/2/12 2:00,6.08
15221,30•ª,6.08
15222,2023/2/12 3:00,6.08
15223,30•ª,6.08
15224,2023/2/12 4:00,6.08
15225,30•ª,6.08
15226,2023/2/12 5:00,6.08
15227,30•ª,6.08
15228,2023/2/12 6:00,6.08
15229,30•ª,6.08
15230,2023/2/12 7:00,14.495
15231,30•ª,14.495
15232,2023/2/12 8:00,14.495
15233,30•ª,14.495
15234,2023/2/12 9:00,14.495
15235,30•ª,14.495
15236,2023/2/12 10:00,14.495
15237,30•ª,14.495
15238,2023/2/12 11:00,14.495
15239,30•ª,14.495
15240,2023/2/12 12:00,14.495
15241,30•ª,14.495
15242,2023/2/12 13:00,14.495
15243,30•ª,14.495
15244,2023/2/12 14:00,14.495
15245,30•ª,14.495
15246,2023/2/12 15:00,14.495
15247,30•ª,14.495
15248,2023/2/12 16:00,14.495
15249,30•ª,14.495
15250,2023/2/12 17:00,14.495
15251,30•ª,14.495
15252,2023/2/12 18:00,14.495
15253,30•ª,14.495
15254,2023/2/12 19:00,14.495
15255,30•ª,14.495
15256,2023/2/12 20:00,14.495
15257,30•ª,14.495
15258,2023/2/12 21:00,14.495
15259,30•ª,14.495
15260,2023/2/12 22:00,14.495
15261,30•ª,14.495
15262,2023/2/12 23:00,14.495
15263,30•ª,14.495
15264,2023/2/13 0:00,6.08
15265,30•ª,6.08
15266,2023/2/13 1:00,6.08
15267,30•ª,6.08
15268,2023/2/13 2:00,6.08
15269,30•ª,6.08
15270,2023/2/13 3:00,6.08
15271,30•ª,6.08
15272,2023/2/13 4:00,6.08
15273,30•ª,6.08
15274,2023/2/13 5:00,6.08
15275,30•ª,6.08
15276,2023/2/13 6:00,6.08
15277,30•ª,6.08
15278,2023/2/13 7:00,14.495
15279,30•ª,14.495
15280,2023/2/13 8:00,14.495
15281,30•ª,14.495
15282,2023/2/13 9:00,14.495
15283,30•ª,14.495
15284,2023/2/13 10:00,14.495
15285,30•ª,14.495
15286,2023/2/13 11:00,14.495
15287,30•ª,14.495
15288,2023/2/13 12:00,14.495
15289,30•ª,14.495
15290,2023/2/13 13:00,14.495
15291,30•ª,14.495
15292,2023/2/13 14:00,14.495
15293,30•ª,14.495
15294,2023/2/13 15:00,14.495
15295,30•ª,14.495
15296,2023/2/13 16:00,14.495
15297,30•ª,14.495
15298,2023/2/13 17:00,14.495
15299,30•ª,14.495
15300,2023/2/13 18:00,14.495
15301,30•ª,14.495
15302,2023/2/13 19:00,14.495
15303,30•ª,14.495
15304,2023/2/13 20:00,14.495
15305,30•ª,14.495
15306,2023/2/13 21:00,14.495
15307,30•ª,14.495
15308,2023/2/13 22:00,14.495
15309,30•ª,14.495
15310,2023/2/13 23:00,14.495
15311,30•ª,14.495
15312,2023/2/14 0:00,6.08
15313,30•ª,6.08
15314,2023/2/14 1:00,6.08
15315,30•ª,6.08
15316,2023/2/14 2:00,6.08
15317,30•ª,6.08
15318,2023/2/14 3:00,6.08
15319,30•ª,6.08
15320,2023/2/14 4:00,6.08
15321,30•ª,6.08
15322,2023/2/14 5:00,6.08
15323,30•ª,6.08
15324,2023/2/14 6:00,6.08
15325,30•ª,6.08
15326,2023/2/14 7:00,14.495
15327,30•ª,14.495
15328,2023/2/14 8:00,14.495
15329,30•ª,14.495
15330,2023/2/14 9:00,14.495
15331,30•ª,14.495
15332,2023/2/14 10:00,14.495
15333,30•ª,14.495
15334,2023/2/14 11:00,14.495
15335,30•ª,14.495
15336,2023/2/14 12:00,14.495
15337,30•ª,14.495
15338,2023/2/14 13:00,14.495
15339,30•ª,14.495
15340,2023/2/14 14:00,14.495
15341,30•ª,14.495
15342,2023/2/14 15:00,14.495
15343,30•ª,14.495
15344,2023/2/14 16:00,14.495
15345,30•ª,14.495
15346,2023/2/14 17:00,14.495
15347,30•ª,14.495
15348,2023/2/14 18:00,14.495
15349,30•ª,14.495
15350,2023/2/14 19:00,14.495
15351,30•ª,14.495
15352,2023/2/14 20:00,14.495
15353,30•ª,14.495
15354,2023/2/14 21:00,14.495
15355,30•ª,14.495
15356,2023/2/14 22:00,14.495
15357,30•ª,14.495
15358,2023/2/14 23:00,14.495
15359,30•ª,14.495
15360,2023/2/15 0:00,6.08
15361,30•ª,6.08
15362,2023/2/15 1:00,6.08
15363,30•ª,6.08
15364,2023/2/15 2:00,6.08
15365,30•ª,6.08
15366,2023/2/15 3:00,6.08
15367,30•ª,6.08
15368,2023/2/15 4:00,6.08
15369,30•ª,6.08
15370,2023/2/15 5:00,6.08
15371,30•ª,6.08
15372,2023/2/15 6:00,6.08
15373,30•ª,6.08
15374,2023/2/15 7:00,14.495
15375,30•ª,14.495
15376,2023/2/15 8:00,14.495
15377,30•ª,14.495
15378,2023/2/15 9:00,14.495
15379,30•ª,14.495
15380,2023/2/15 10:00,14.495
15381,30•ª,14.495
15382,2023/2/15 11:00,14.495
15383,30•ª,14.495
15384,2023/2/15 12:00,14.495
15385,30•ª,14.495
15386,2023/2/15 13:00,14.495
15387,30•ª,14.495
15388,2023/2/15 14:00,14.495
15389,30•ª,14.495
15390,2023/2/15 15:00,14.495
15391,30•ª,14.495
15392,2023/2/15 16:00,14.495
15393,30•ª,14.495
15394,2023/2/15 17:00,14.495
15395,30•ª,14.495
15396,2023/2/15 18:00,14.495
15397,30•ª,14.495
15398,2023/2/15 19:00,14.495
15399,30•ª,14.495
15400,2023/2/15 20:00,14.495
15401,30•ª,14.495
15402,2023/2/15 21:00,14.495
15403,30•ª,14.495
15404,2023/2/15 22:00,14.495
15405,30•ª,14.495
15406,2023/2/15 23:00,14.495
15407,30•ª,14.495
15408,2023/2/16 0:00,6.08
15409,30•ª,6.08
15410,2023/2/16 1:00,6.08
15411,30•ª,6.08
15412,2023/2/16 2:00,6.08
15413,30•ª,6.08
15414,2023/2/16 3:00,6.08
15415,30•ª,6.08
15416,2023/2/16 4:00,6.08
15417,30•ª,6.08
15418,2023/2/16 5:00,6.08
15419,30•ª,6.08
15420,2023/2/16 6:00,6.08
15421,30•ª,6.08
15422,2023/2/16 7:00,14.495
15423,30•ª,14.495
15424,2023/2/16 8:00,14.495
15425,30•ª,14.495
15426,2023/2/16 9:00,14.495
15427,30•ª,14.495
15428,2023/2/16 10:00,14.495
15429,30•ª,14.495
15430,2023/2/16 11:00,14.495
15431,30•ª,14.495
15432,2023/2/16 12:00,14.495
15433,30•ª,14.495
15434,2023/2/16 13:00,14.495
15435,30•ª,14.495
15436,2023/2/16 14:00,14.495
15437,30•ª,14.495
15438,2023/2/16 15:00,14.495
15439,30•ª,14.495
15440,2023/2/16 16:00,14.495
15441,30•ª,14.495
15442,2023/2/16 17:00,14.495
15443,30•ª,14.495
15444,2023/2/16 18:00,14.495
15445,30•ª,14.495
15446,2023/2/16 19:00,14.495
15447,30•ª,14.495
15448,2023/2/16 20:00,14.495
15449,30•ª,14.495
15450,2023/2/16 21:00,14.495
15451,30•ª,14.495
15452,2023/2/16 22:00,14.495
15453,30•ª,14.495
15454,2023/2/16 23:00,14.495
15455,30•ª,14.495
15456,2023/2/17 0:00,6.08
15457,30•ª,6.08
15458,2023/2/17 1:00,6.08
15459,30•ª,6.08
15460,2023/2/17 2:00,6.08
15461,30•ª,6.08
15462,2023/2/17 3:00,6.08
15463,30•ª,6.08
15464,2023/2/17 4:00,6.08
15465,30•ª,6.08
15466,2023/2/17 5:00,6.08
15467,30•ª,6.08
15468,2023/2/17 6:00,6.08
15469,30•ª,6.08
15470,2023/2/17 7:00,14.495
15471,30•ª,14.495
15472,2023/2/17 8:00,14.495
15473,30•ª,14.495
15474,2023/2/17 9:00,14.495
15475,30•ª,14.495
15476,2023/2/17 10:00,14.495
15477,30•ª,14.495
15478,2023/2/17 11:00,14.495
15479,30•ª,14.495
15480,2023/2/17 12:00,14.495
15481,30•ª,14.495
15482,2023/2/17 13:00,14.495
15483,30•ª,14.495
15484,2023/2/17 14:00,14.495
15485,30•ª,14.495
15486,2023/2/17 15:00,14.495
15487,30•ª,14.495
15488,2023/2/17 16:00,14.495
15489,30•ª,14.495
15490,2023/2/17 17:00,14.495
15491,30•ª,14.495
15492,2023/2/17 18:00,14.495
15493,30•ª,14.495
15494,2023/2/17 19:00,14.495
15495,30•ª,14.495
15496,2023/2/17 20:00,14.495
15497,30•ª,14.495
15498,2023/2/17 21:00,14.495
15499,30•ª,14.495
15500,2023/2/17 22:00,14.495
15501,30•ª,14.495
15502,2023/2/17 23:00,14.495
15503,30•ª,14.495
15504,2023/2/18 0:00,6.08
15505,30•ª,6.08
15506,2023/2/18 1:00,6.08
15507,30•ª,6.08
15508,2023/2/18 2:00,6.08
15509,30•ª,6.08
15510,2023/2/18 3:00,6.08
15511,30•ª,6.08
15512,2023/2/18 4:00,6.08
15513,30•ª,6.08
15514,2023/2/18 5:00,6.08
15515,30•ª,6.08
15516,2023/2/18 6:00,6.08
15517,30•ª,6.08
15518,2023/2/18 7:00,14.495
15519,30•ª,14.495
15520,2023/2/18 8:00,14.495
15521,30•ª,14.495
15522,2023/2/18 9:00,14.495
15523,30•ª,14.495
15524,2023/2/18 10:00,14.495
15525,30•ª,14.495
15526,2023/2/18 11:00,14.495
15527,30•ª,14.495
15528,2023/2/18 12:00,14.495
15529,30•ª,14.495
15530,2023/2/18 13:00,14.495
15531,30•ª,14.495
15532,2023/2/18 14:00,14.495
15533,30•ª,14.495
15534,2023/2/18 15:00,14.495
15535,30•ª,14.495
15536,2023/2/18 16:00,14.495
15537,30•ª,14.495
15538,2023/2/18 17:00,14.495
15539,30•ª,14.495
15540,2023/2/18 18:00,14.495
15541,30•ª,14.495
15542,2023/2/18 19:00,14.495
15543,30•ª,14.495
15544,2023/2/18 20:00,14.495
15545,30•ª,14.495
15546,2023/2/18 21:00,14.495
15547,30•ª,14.495
15548,2023/2/18 22:00,14.495
15549,30•ª,14.495
15550,2023/2/18 23:00,14.495
15551,30•ª,14.495
15552,2023/2/19 0:00,6.08
15553,30•ª,6.08
15554,2023/2/19 1:00,6.08
15555,30•ª,6.08
15556,2023/2/19 2:00,6.08
15557,30•ª,6.08
15558,2023/2/19 3:00,6.08
15559,30•ª,6.08
15560,2023/2/19 4:00,6.08
15561,30•ª,6.08
15562,2023/2/19 5:00,6.08
15563,30•ª,6.08
15564,2023/2/19 6:00,6.08
15565,30•ª,6.08
15566,2023/2/19 7:00,14.495
15567,30•ª,14.495
15568,2023/2/19 8:00,14.495
15569,30•ª,14.495
15570,2023/2/19 9:00,14.495
15571,30•ª,14.495
15572,2023/2/19 10:00,14.495
15573,30•ª,14.495
15574,2023/2/19 11:00,14.495
15575,30•ª,14.495
15576,2023/2/19 12:00,14.495
15577,30•ª,14.495
15578,2023/2/19 13:00,14.495
15579,30•ª,14.495
15580,2023/2/19 14:00,14.495
15581,30•ª,14.495
15582,2023/2/19 15:00,14.495
15583,30•ª,14.495
15584,2023/2/19 16:00,14.495
15585,30•ª,14.495
15586,2023/2/19 17:00,14.495
15587,30•ª,14.495
15588,2023/2/19 18:00,14.495
15589,30•ª,14.495
15590,2023/2/19 19:00,14.495
15591,30•ª,14.495
15592,2023/2/19 20:00,14.495
15593,30•ª,14.495
15594,2023/2/19 21:00,14.495
15595,30•ª,14.495
15596,2023/2/19 22:00,14.495
15597,30•ª,14.495
15598,2023/2/19 23:00,14.495
15599,30•ª,14.495
15600,2023/2/20 0:00,6.08
15601,30•ª,6.08
15602,2023/2/20 1:00,6.08
15603,30•ª,6.08
15604,2023/2/20 2:00,6.08
15605,30•ª,6.08
15606,2023/2/20 3:00,6.08
15607,30•ª,6.08
15608,2023/2/20 4:00,6.08
15609,30•ª,6.08
15610,2023/2/20 5:00,6.08
15611,30•ª,6.08
15612,2023/2/20 6:00,6.08
15613,30•ª,6.08
15614,2023/2/20 7:00,14.495
15615,30•ª,14.495
15616,2023/2/20 8:00,14.495
15617,30•ª,14.495
15618,2023/2/20 9:00,14.495
15619,30•ª,14.495
15620,2023/2/20 10:00,14.495
15621,30•ª,14.495
15622,2023/2/20 11:00,14.495
15623,30•ª,14.495
15624,2023/2/20 12:00,14.495
15625,30•ª,14.495
15626,2023/2/20 13:00,14.495
15627,30•ª,14.495
15628,2023/2/20 14:00,14.495
15629,30•ª,14.495
15630,2023/2/20 15:00,14.495
15631,30•ª,14.495
15632,2023/2/20 16:00,14.495
15633,30•ª,14.495
15634,2023/2/20 17:00,14.495
15635,30•ª,14.495
15636,2023/2/20 18:00,14.495
15637,30•ª,14.495
15638,2023/2/20 19:00,14.495
15639,30•ª,14.495
15640,2023/2/20 20:00,14.495
15641,30•ª,14.495
15642,2023/2/20 21:00,14.495
15643,30•ª,14.495
15644,2023/2/20 22:00,14.495
15645,30•ª,14.495
15646,2023/2/20 23:00,14.495
15647,30•ª,14.495
15648,2023/2/21 0:00,6.08
15649,30•ª,6.08
15650,2023/2/21 1:00,6.08
15651,30•ª,6.08
15652,2023/2/21 2:00,6.08
15653,30•ª,6.08
15654,2023/2/21 3:00,6.08
15655,30•ª,6.08
15656,2023/2/21 4:00,6.08
15657,30•ª,6.08
15658,2023/2/21 5:00,6.08
15659,30•ª,6.08
15660,2023/2/21 6:00,6.08
15661,30•ª,6.08
15662,2023/2/21 7:00,14.495
15663,30•ª,14.495
15664,2023/2/21 8:00,14.495
15665,30•ª,14.495
15666,2023/2/21 9:00,14.495
15667,30•ª,14.495
15668,2023/2/21 10:00,14.495
15669,30•ª,14.495
15670,2023/2/21 11:00,14.495
15671,30•ª,14.495
15672,2023/2/21 12:00,14.495
15673,30•ª,14.495
15674,2023/2/21 13:00,14.495
15675,30•ª,14.495
15676,2023/2/21 14:00,14.495
15677,30•ª,14.495
15678,2023/2/21 15:00,14.495
15679,30•ª,14.495
15680,2023/2/21 16:00,14.495
15681,30•ª,14.495
15682,2023/2/21 17:00,14.495
15683,30•ª,14.495
15684,2023/2/21 18:00,14.495
15685,30•ª,14.495
15686,2023/2/21 19:00,14.495
15687,30•ª,14.495
15688,2023/2/21 20:00,14.495
15689,30•ª,14.495
15690,2023/2/21 21:00,14.495
15691,30•ª,14.495
15692,2023/2/21 22:00,14.495
15693,30•ª,14.495
15694,2023/2/21 23:00,14.495
15695,30•ª,14.495
15696,2023/2/22 0:00,6.08
15697,30•ª,6.08
15698,2023/2/22 1:00,6.08
15699,30•ª,6.08
15700,2023/2/22 2:00,6.08
15701,30•ª,6.08
15702,2023/2/22 3:00,6.08
15703,30•ª,6.08
15704,2023/2/22 4:00,6.08
15705,30•ª,6.08
15706,2023/2/22 5:00,6.08
15707,30•ª,6.08
15708,2023/2/22 6:00,6.08
15709,30•ª,6.08
15710,2023/2/22 7:00,14.495
15711,30•ª,14.495
15712,2023/2/22 8:00,14.495
15713,30•ª,14.495
15714,2023/2/22 9:00,14.495
15715,30•ª,14.495
15716,2023/2/22 10:00,14.495
15717,30•ª,14.495
15718,2023/2/22 11:00,14.495
15719,30•ª,14.495
15720,2023/2/22 12:00,14.495
15721,30•ª,14.495
15722,2023/2/22 13:00,14.495
15723,30•ª,14.495
15724,2023/2/22 14:00,14.495
15725,30•ª,14.495
15726,2023/2/22 15:00,14.495
15727,30•ª,14.495
15728,2023/2/22 16:00,14.495
15729,30•ª,14.495
15730,2023/2/22 17:00,14.495
15731,30•ª,14.495
15732,2023/2/22 18:00,14.495
15733,30•ª,14.495
15734,2023/2/22 19:00,14.495
15735,30•ª,14.495
15736,2023/2/22 20:00,14.495
15737,30•ª,14.495
15738,2023/2/22 21:00,14.495
15739,30•ª,14.495
15740,2023/2/22 22:00,14.495
15741,30•ª,14.495
15742,2023/2/22 23:00,14.495
15743,30•ª,14.495
15744,2023/2/23 0:00,6.08
15745,30•ª,6.08
15746,2023/2/23 1:00,6.08
15747,30•ª,6.08
15748,2023/2/23 2:00,6.08
15749,30•ª,6.08
15750,2023/2/23 3:00,6.08
15751,30•ª,6.08
15752,2023/2/23 4:00,6.08
15753,30•ª,6.08
15754,2023/2/23 5:00,6.08
15755,30•ª,6.08
15756,2023/2/23 6:00,6.08
15757,30•ª,6.08
15758,2023/2/23 7:00,14.495
15759,30•ª,14.495
15760,2023/2/23 8:00,14.495
15761,30•ª,14.495
15762,2023/2/23 9:00,14.495
15763,30•ª,14.495
15764,2023/2/23 10:00,14.495
15765,30•ª,14.495
15766,2023/2/23 11:00,14.495
15767,30•ª,14.495
15768,2023/2/23 12:00,14.495
15769,30•ª,14.495
15770,2023/2/23 13:00,14.495
15771,30•ª,14.495
15772,2023/2/23 14:00,14.495
15773,30•ª,14.495
15774,2023/2/23 15:00,14.495
15775,30•ª,14.495
15776,2023/2/23 16:00,14.495
15777,30•ª,14.495
15778,2023/2/23 17:00,14.495
15779,30•ª,14.495
15780,2023/2/23 18:00,14.495
15781,30•ª,14.495
15782,2023/2/23 19:00,14.495
15783,30•ª,14.495
15784,2023/2/23 20:00,14.495
15785,30•ª,14.495
15786,2023/2/23 21:00,14.495
15787,30•ª,14.495
15788,2023/2/23 22:00,14.495
15789,30•ª,14.495
15790,2023/2/23 23:00,14.495
15791,30•ª,14.495
15792,2023/2/24 0:00,6.08
15793,30•ª,6.08
15794,2023/2/24 1:00,6.08
15795,30•ª,6.08
15796,2023/2/24 2:00,6.08
15797,30•ª,6.08
15798,2023/2/24 3:00,6.08
15799,30•ª,6.08
15800,2023/2/24 4:00,6.08
15801,30•ª,6.08
15802,2023/2/24 5:00,6.08
15803,30•ª,6.08
15804,2023/2/24 6:00,6.08
15805,30•ª,6.08
15806,2023/2/24 7:00,14.495
15807,30•ª,14.495
15808,2023/2/24 8:00,14.495
15809,30•ª,14.495
15810,2023/2/24 9:00,14.495
15811,30•ª,14.495
15812,2023/2/24 10:00,14.495
15813,30•ª,14.495
15814,2023/2/24 11:00,14.495
15815,30•ª,14.495
15816,2023/2/24 12:00,14.495
15817,30•ª,14.495
15818,2023/2/24 13:00,14.495
15819,30•ª,14.495
15820,2023/2/24 14:00,14.495
15821,30•ª,14.495
15822,2023/2/24 15:00,14.495
15823,30•ª,14.495
15824,2023/2/24 16:00,14.495
15825,30•ª,14.495
15826,2023/2/24 17:00,14.495
15827,30•ª,14.495
15828,2023/2/24 18:00,14.495
15829,30•ª,14.495
15830,2023/2/24 19:00,14.495
15831,30•ª,14.495
15832,2023/2/24 20:00,14.495
15833,30•ª,14.495
15834,2023/2/24 21:00,14.495
15835,30•ª,14.495
15836,2023/2/24 22:00,14.495
15837,30•ª,14.495
15838,2023/2/24 23:00,14.495
15839,30•ª,14.495
15840,2023/2/25 0:00,6.08
15841,30•ª,6.08
15842,2023/2/25 1:00,6.08
15843,30•ª,6.08
15844,2023/2/25 2:00,6.08
15845,30•ª,6.08
15846,2023/2/25 3:00,6.08
15847,30•ª,6.08
15848,2023/2/25 4:00,6.08
15849,30•ª,6.08
15850,2023/2/25 5:00,6.08
15851,30•ª,6.08
15852,2023/2/25 6:00,6.08
15853,30•ª,6.08
15854,2023/2/25 7:00,14.495
15855,30•ª,14.495
15856,2023/2/25 8:00,14.495
15857,30•ª,14.495
15858,2023/2/25 9:00,14.495
15859,30•ª,14.495
15860,2023/2/25 10:00,14.495
15861,30•ª,14.495
15862,2023/2/25 11:00,14.495
15863,30•ª,14.495
15864,2023/2/25 12:00,14.495
15865,30•ª,14.495
15866,2023/2/25 13:00,14.495
15867,30•ª,14.495
15868,2023/2/25 14:00,14.495
15869,30•ª,14.495
15870,2023/2/25 15:00,14.495
15871,30•ª,14.495
15872,2023/2/25 16:00,14.495
15873,30•ª,14.495
15874,2023/2/25 17:00,14.495
15875,30•ª,14.495
15876,2023/2/25 18:00,14.495
15877,30•ª,14.495
15878,2023/2/25 19:00,14.495
15879,30•ª,14.495
15880,2023/2/25 20:00,14.495
15881,30•ª,14.495
15882,2023/2/25 21:00,14.495
15883,30•ª,14.495
15884,2023/2/25 22:00,14.495
15885,30•ª,14.495
15886,2023/2/25 23:00,14.495
15887,30•ª,14.495
15888,2023/2/26 0:00,6.08
15889,30•ª,6.08
15890,2023/2/26 1:00,6.08
15891,30•ª,6.08
15892,2023/2/26 2:00,6.08
15893,30•ª,6.08
15894,2023/2/26 3:00,6.08
15895,30•ª,6.08
15896,2023/2/26 4:00,6.08
15897,30•ª,6.08
15898,2023/2/26 5:00,6.08
15899,30•ª,6.08
15900,2023/2/26 6:00,6.08
15901,30•ª,6.08
15902,2023/2/26 7:00,14.495
15903,30•ª,14.495
15904,2023/2/26 8:00,14.495
15905,30•ª,14.495
15906,2023/2/26 9:00,14.495
15907,30•ª,14.495
15908,2023/2/26 10:00,14.495
15909,30•ª,14.495
15910,2023/2/26 11:00,14.495
15911,30•ª,14.495
15912,2023/2/26 12:00,14.495
15913,30•ª,14.495
15914,2023/2/26 13:00,14.495
15915,30•ª,14.495
15916,2023/2/26 14:00,14.495
15917,30•ª,14.495
15918,2023/2/26 15:00,14.495
15919,30•ª,14.495
15920,2023/2/26 16:00,14.495
15921,30•ª,14.495
15922,2023/2/26 17:00,14.495
15923,30•ª,14.495
15924,2023/2/26 18:00,14.495
15925,30•ª,14.495
15926,2023/2/26 19:00,14.495
15927,30•ª,14.495
15928,2023/2/26 20:00,14.495
15929,30•ª,14.495
15930,2023/2/26 21:00,14.495
15931,30•ª,14.495
15932,2023/2/26 22:00,14.495
15933,30•ª,14.495
15934,2023/2/26 23:00,14.495
15935,30•ª,14.495
15936,2023/2/27 0:00,6.08
15937,30•ª,6.08
15938,2023/2/27 1:00,6.08
15939,30•ª,6.08
15940,2023/2/27 2:00,6.08
15941,30•ª,6.08
15942,2023/2/27 3:00,6.08
15943,30•ª,6.08
15944,2023/2/27 4:00,6.08
15945,30•ª,6.08
15946,2023/2/27 5:00,6.08
15947,30•ª,6.08
15948,2023/2/27 6:00,6.08
15949,30•ª,6.08
15950,2023/2/27 7:00,14.495
15951,30•ª,14.495
15952,2023/2/27 8:00,14.495
15953,30•ª,14.495
15954,2023/2/27 9:00,14.495
15955,30•ª,14.495
15956,2023/2/27 10:00,14.495
15957,30•ª,14.495
15958,2023/2/27 11:00,14.495
15959,30•ª,14.495
15960,2023/2/27 12:00,14.495
15961,30•ª,14.495
15962,2023/2/27 13:00,14.495
15963,30•ª,14.495
15964,2023/2/27 14:00,14.495
15965,30•ª,14.495
15966,2023/2/27 15:00,14.495
15967,30•ª,14.495
15968,2023/2/27 16:00,14.495
15969,30•ª,14.495
15970,2023/2/27 17:00,14.495
15971,30•ª,14.495
15972,2023/2/27 18:00,14.495
15973,30•ª,14.495
15974,2023/2/27 19:00,14.495
15975,30•ª,14.495
15976,2023/2/27 20:00,14.495
15977,30•ª,14.495
15978,2023/2/27 21:00,14.495
15979,30•ª,14.495
15980,2023/2/27 22:00,14.495
15981,30•ª,14.495
15982,2023/2/27 23:00,14.495
15983,30•ª,14.495
15984,2023/2/28 0:00,6.08
15985,30•ª,6.08
15986,2023/2/28 1:00,6.08
15987,30•ª,6.08
15988,2023/2/28 2:00,6.08
15989,30•ª,6.08
15990,2023/2/28 3:00,6.08
15991,30•ª,6.08
15992,2023/2/28 4:00,6.08
15993,30•ª,6.08
15994,2023/2/28 5:00,6.08
15995,30•ª,6.08
15996,2023/2/28 6:00,6.08
15997,30•ª,6.08
15998,2023/2/28 7:00,14.495
15999,30•ª,14.495
16000,2023/2/28 8:00,14.495
16001,30•ª,14.495
16002,2023/2/28 9:00,14.495
16003,30•ª,14.495
16004,2023/2/28 10:00,14.495
16005,30•ª,14.495
16006,2023/2/28 11:00,14.495
16007,30•ª,14.495
16008,2023/2/28 12:00,14.495
16009,30•ª,14.495
16010,2023/2/28 13:00,14.495
16011,30•ª,14.495
16012,2023/2/28 14:00,14.495
16013,30•ª,14.495
16014,2023/2/28 15:00,14.495
16015,30•ª,14.495
16016,2023/2/28 16:00,14.495
16017,30•ª,14.495
16018,2023/2/28 17:00,14.495
16019,30•ª,14.495
16020,2023/2/28 18:00,14.495
16021,30•ª,14.495
16022,2023/2/28 19:00,14.495
16023,30•ª,14.495
16024,2023/2/28 20:00,14.495
16025,30•ª,14.495
16026,2023/2/28 21:00,14.495
16027,30•ª,14.495
16028,2023/2/28 22:00,14.495
16029,30•ª,14.495
16030,2023/2/28 23:00,14.495
16031,30•ª,14.495
16032,2023/3/1 0:00,6.08
16033,30•ª,6.08
16034,2023/3/1 1:00,6.08
16035,30•ª,6.08
16036,2023/3/1 2:00,6.08
16037,30•ª,6.08
16038,2023/3/1 3:00,6.08
16039,30•ª,6.08
16040,2023/3/1 4:00,6.08
16041,30•ª,6.08
16042,2023/3/1 5:00,6.08
16043,30•ª,6.08
16044,2023/3/1 6:00,6.08
16045,30•ª,6.08
16046,2023/3/1 7:00,14.495
16047,30•ª,14.495
16048,2023/3/1 8:00,14.495
16049,30•ª,14.495
16050,2023/3/1 9:00,14.495
16051,30•ª,14.495
16052,2023/3/1 10:00,14.495
16053,30•ª,14.495
16054,2023/3/1 11:00,14.495
16055,30•ª,14.495
16056,2023/3/1 12:00,14.495
16057,30•ª,14.495
16058,2023/3/1 13:00,14.495
16059,30•ª,14.495
16060,2023/3/1 14:00,14.495
16061,30•ª,14.495
16062,2023/3/1 15:00,14.495
16063,30•ª,14.495
16064,2023/3/1 16:00,14.495
16065,30•ª,14.495
16066,2023/3/1 17:00,14.495
16067,30•ª,14.495
16068,2023/3/1 18:00,14.495
16069,30•ª,14.495
16070,2023/3/1 19:00,14.495
16071,30•ª,14.495
16072,2023/3/1 20:00,14.495
16073,30•ª,14.495
16074,2023/3/1 21:00,14.495
16075,30•ª,14.495
16076,2023/3/1 22:00,14.495
16077,30•ª,14.495
16078,2023/3/1 23:00,14.495
16079,30•ª,14.495
16080,2023/3/2 0:00,6.08
16081,30•ª,6.08
16082,2023/3/2 1:00,6.08
16083,30•ª,6.08
16084,2023/3/2 2:00,6.08
16085,30•ª,6.08
16086,2023/3/2 3:00,6.08
16087,30•ª,6.08
16088,2023/3/2 4:00,6.08
16089,30•ª,6.08
16090,2023/3/2 5:00,6.08
16091,30•ª,6.08
16092,2023/3/2 6:00,6.08
16093,30•ª,6.08
16094,2023/3/2 7:00,14.495
16095,30•ª,14.495
16096,2023/3/2 8:00,14.495
16097,30•ª,14.495
16098,2023/3/2 9:00,14.495
16099,30•ª,14.495
16100,2023/3/2 10:00,14.495
16101,30•ª,14.495
16102,2023/3/2 11:00,14.495
16103,30•ª,14.495
16104,2023/3/2 12:00,14.495
16105,30•ª,14.495
16106,2023/3/2 13:00,14.495
16107,30•ª,14.495
16108,2023/3/2 14:00,14.495
16109,30•ª,14.495
16110,2023/3/2 15:00,14.495
16111,30•ª,14.495
16112,2023/3/2 16:00,14.495
16113,30•ª,14.495
16114,2023/3/2 17:00,14.495
16115,30•ª,14.495
16116,2023/3/2 18:00,14.495
16117,30•ª,14.495
16118,2023/3/2 19:00,14.495
16119,30•ª,14.495
16120,2023/3/2 20:00,14.495
16121,30•ª,14.495
16122,2023/3/2 21:00,14.495
16123,30•ª,14.495
16124,2023/3/2 22:00,14.495
16125,30•ª,14.495
16126,2023/3/2 23:00,14.495
16127,30•ª,14.495
16128,2023/3/3 0:00,6.08
16129,30•ª,6.08
16130,2023/3/3 1:00,6.08
16131,30•ª,6.08
16132,2023/3/3 2:00,6.08
16133,30•ª,6.08
16134,2023/3/3 3:00,6.08
16135,30•ª,6.08
16136,2023/3/3 4:00,6.08
16137,30•ª,6.08
16138,2023/3/3 5:00,6.08
16139,30•ª,6.08
16140,2023/3/3 6:00,6.08
16141,30•ª,6.08
16142,2023/3/3 7:00,14.495
16143,30•ª,14.495
16144,2023/3/3 8:00,14.495
16145,30•ª,14.495
16146,2023/3/3 9:00,14.495
16147,30•ª,14.495
16148,2023/3/3 10:00,14.495
16149,30•ª,14.495
16150,2023/3/3 11:00,14.495
16151,30•ª,14.495
16152,2023/3/3 12:00,14.495
16153,30•ª,14.495
16154,2023/3/3 13:00,14.495
16155,30•ª,14.495
16156,2023/3/3 14:00,14.495
16157,30•ª,14.495
16158,2023/3/3 15:00,14.495
16159,30•ª,14.495
16160,2023/3/3 16:00,14.495
16161,30•ª,14.495
16162,2023/3/3 17:00,14.495
16163,30•ª,14.495
16164,2023/3/3 18:00,14.495
16165,30•ª,14.495
16166,2023/3/3 19:00,14.495
16167,30•ª,14.495
16168,2023/3/3 20:00,14.495
16169,30•ª,14.495
16170,2023/3/3 21:00,14.495
16171,30•ª,14.495
16172,2023/3/3 22:00,14.495
16173,30•ª,14.495
16174,2023/3/3 23:00,14.495
16175,30•ª,14.495
16176,2023/3/4 0:00,6.08
16177,30•ª,6.08
16178,2023/3/4 1:00,6.08
16179,30•ª,6.08
16180,2023/3/4 2:00,6.08
16181,30•ª,6.08
16182,2023/3/4 3:00,6.08
16183,30•ª,6.08
16184,2023/3/4 4:00,6.08
16185,30•ª,6.08
16186,2023/3/4 5:00,6.08
16187,30•ª,6.08
16188,2023/3/4 6:00,6.08
16189,30•ª,6.08
16190,2023/3/4 7:00,14.495
16191,30•ª,14.495
16192,2023/3/4 8:00,14.495
16193,30•ª,14.495
16194,2023/3/4 9:00,14.495
16195,30•ª,14.495
16196,2023/3/4 10:00,14.495
16197,30•ª,14.495
16198,2023/3/4 11:00,14.495
16199,30•ª,14.495
16200,2023/3/4 12:00,14.495
16201,30•ª,14.495
16202,2023/3/4 13:00,14.495
16203,30•ª,14.495
16204,2023/3/4 14:00,14.495
16205,30•ª,14.495
16206,2023/3/4 15:00,14.495
16207,30•ª,14.495
16208,2023/3/4 16:00,14.495
16209,30•ª,14.495
16210,2023/3/4 17:00,14.495
16211,30•ª,14.495
16212,2023/3/4 18:00,14.495
16213,30•ª,14.495
16214,2023/3/4 19:00,14.495
16215,30•ª,14.495
16216,2023/3/4 20:00,14.495
16217,30•ª,14.495
16218,2023/3/4 21:00,14.495
16219,30•ª,14.495
16220,2023/3/4 22:00,14.495
16221,30•ª,14.495
16222,2023/3/4 23:00,14.495
16223,30•ª,14.495
16224,2023/3/5 0:00,6.08
16225,30•ª,6.08
16226,2023/3/5 1:00,6.08
16227,30•ª,6.08
16228,2023/3/5 2:00,6.08
16229,30•ª,6.08
16230,2023/3/5 3:00,6.08
16231,30•ª,6.08
16232,2023/3/5 4:00,6.08
16233,30•ª,6.08
16234,2023/3/5 5:00,6.08
16235,30•ª,6.08
16236,2023/3/5 6:00,6.08
16237,30•ª,6.08
16238,2023/3/5 7:00,14.495
16239,30•ª,14.495
16240,2023/3/5 8:00,14.495
16241,30•ª,14.495
16242,2023/3/5 9:00,14.495
16243,30•ª,14.495
16244,2023/3/5 10:00,14.495
16245,30•ª,14.495
16246,2023/3/5 11:00,14.495
16247,30•ª,14.495
16248,2023/3/5 12:00,14.495
16249,30•ª,14.495
16250,2023/3/5 13:00,14.495
16251,30•ª,14.495
16252,2023/3/5 14:00,14.495
16253,30•ª,14.495
16254,2023/3/5 15:00,14.495
16255,30•ª,14.495
16256,2023/3/5 16:00,14.495
16257,30•ª,14.495
16258,2023/3/5 17:00,14.495
16259,30•ª,14.495
16260,2023/3/5 18:00,14.495
16261,30•ª,14.495
16262,2023/3/5 19:00,14.495
16263,30•ª,14.495
16264,2023/3/5 20:00,14.495
16265,30•ª,14.495
16266,2023/3/5 21:00,14.495
16267,30•ª,14.495
16268,2023/3/5 22:00,14.495
16269,30•ª,14.495
16270,2023/3/5 23:00,14.495
16271,30•ª,14.495
16272,2023/3/6 0:00,6.08
16273,30•ª,6.08
16274,2023/3/6 1:00,6.08
16275,30•ª,6.08
16276,2023/3/6 2:00,6.08
16277,30•ª,6.08
16278,2023/3/6 3:00,6.08
16279,30•ª,6.08
16280,2023/3/6 4:00,6.08
16281,30•ª,6.08
16282,2023/3/6 5:00,6.08
16283,30•ª,6.08
16284,2023/3/6 6:00,6.08
16285,30•ª,6.08
16286,2023/3/6 7:00,14.495
16287,30•ª,14.495
16288,2023/3/6 8:00,14.495
16289,30•ª,14.495
16290,2023/3/6 9:00,14.495
16291,30•ª,14.495
16292,2023/3/6 10:00,14.495
16293,30•ª,14.495
16294,2023/3/6 11:00,14.495
16295,30•ª,14.495
16296,2023/3/6 12:00,14.495
16297,30•ª,14.495
16298,2023/3/6 13:00,14.495
16299,30•ª,14.495
16300,2023/3/6 14:00,14.495
16301,30•ª,14.495
16302,2023/3/6 15:00,14.495
16303,30•ª,14.495
16304,2023/3/6 16:00,14.495
16305,30•ª,14.495
16306,2023/3/6 17:00,14.495
16307,30•ª,14.495
16308,2023/3/6 18:00,14.495
16309,30•ª,14.495
16310,2023/3/6 19:00,14.495
16311,30•ª,14.495
16312,2023/3/6 20:00,14.495
16313,30•ª,14.495
16314,2023/3/6 21:00,14.495
16315,30•ª,14.495
16316,2023/3/6 22:00,14.495
16317,30•ª,14.495
16318,2023/3/6 23:00,14.495
16319,30•ª,14.495
16320,2023/3/7 0:00,6.08
16321,30•ª,6.08
16322,2023/3/7 1:00,6.08
16323,30•ª,6.08
16324,2023/3/7 2:00,6.08
16325,30•ª,6.08
16326,2023/3/7 3:00,6.08
16327,30•ª,6.08
16328,2023/3/7 4:00,6.08
16329,30•ª,6.08
16330,2023/3/7 5:00,6.08
16331,30•ª,6.08
16332,2023/3/7 6:00,6.08
16333,30•ª,6.08
16334,2023/3/7 7:00,14.495
16335,30•ª,14.495
16336,2023/3/7 8:00,14.495
16337,30•ª,14.495
16338,2023/3/7 9:00,14.495
16339,30•ª,14.495
16340,2023/3/7 10:00,14.495
16341,30•ª,14.495
16342,2023/3/7 11:00,14.495
16343,30•ª,14.495
16344,2023/3/7 12:00,14.495
16345,30•ª,14.495
16346,2023/3/7 13:00,14.495
16347,30•ª,14.495
16348,2023/3/7 14:00,14.495
16349,30•ª,14.495
16350,2023/3/7 15:00,14.495
16351,30•ª,14.495
16352,2023/3/7 16:00,14.495
16353,30•ª,14.495
16354,2023/3/7 17:00,14.495
16355,30•ª,14.495
16356,2023/3/7 18:00,14.495
16357,30•ª,14.495
16358,2023/3/7 19:00,14.495
16359,30•ª,14.495
16360,2023/3/7 20:00,14.495
16361,30•ª,14.495
16362,2023/3/7 21:00,14.495
16363,30•ª,14.495
16364,2023/3/7 22:00,14.495
16365,30•ª,14.495
16366,2023/3/7 23:00,14.495
16367,30•ª,14.495
16368,2023/3/8 0:00,6.08
16369,30•ª,6.08
16370,2023/3/8 1:00,6.08
16371,30•ª,6.08
16372,2023/3/8 2:00,6.08
16373,30•ª,6.08
16374,2023/3/8 3:00,6.08
16375,30•ª,6.08
16376,2023/3/8 4:00,6.08
16377,30•ª,6.08
16378,2023/3/8 5:00,6.08
16379,30•ª,6.08
16380,2023/3/8 6:00,6.08
16381,30•ª,6.08
16382,2023/3/8 7:00,14.495
16383,30•ª,14.495
16384,2023/3/8 8:00,14.495
16385,30•ª,14.495
16386,2023/3/8 9:00,14.495
16387,30•ª,14.495
16388,2023/3/8 10:00,14.495
16389,30•ª,14.495
16390,2023/3/8 11:00,14.495
16391,30•ª,14.495
16392,2023/3/8 12:00,14.495
16393,30•ª,14.495
16394,2023/3/8 13:00,14.495
16395,30•ª,14.495
16396,2023/3/8 14:00,14.495
16397,30•ª,14.495
16398,2023/3/8 15:00,14.495
16399,30•ª,14.495
16400,2023/3/8 16:00,14.495
16401,30•ª,14.495
16402,2023/3/8 17:00,14.495
16403,30•ª,14.495
16404,2023/3/8 18:00,14.495
16405,30•ª,14.495
16406,2023/3/8 19:00,14.495
16407,30•ª,14.495
16408,2023/3/8 20:00,14.495
16409,30•ª,14.495
16410,2023/3/8 21:00,14.495
16411,30•ª,14.495
16412,2023/3/8 22:00,14.495
16413,30•ª,14.495
16414,2023/3/8 23:00,14.495
16415,30•ª,14.495
16416,2023/3/9 0:00,6.08
16417,30•ª,6.08
16418,2023/3/9 1:00,6.08
16419,30•ª,6.08
16420,2023/3/9 2:00,6.08
16421,30•ª,6.08
16422,2023/3/9 3:00,6.08
16423,30•ª,6.08
16424,2023/3/9 4:00,6.08
16425,30•ª,6.08
16426,2023/3/9 5:00,6.08
16427,30•ª,6.08
16428,2023/3/9 6:00,6.08
16429,30•ª,6.08
16430,2023/3/9 7:00,14.495
16431,30•ª,14.495
16432,2023/3/9 8:00,14.495
16433,30•ª,14.495
16434,2023/3/9 9:00,14.495
16435,30•ª,14.495
16436,2023/3/9 10:00,14.495
16437,30•ª,14.495
16438,2023/3/9 11:00,14.495
16439,30•ª,14.495
16440,2023/3/9 12:00,14.495
16441,30•ª,14.495
16442,2023/3/9 13:00,14.495
16443,30•ª,14.495
16444,2023/3/9 14:00,14.495
16445,30•ª,14.495
16446,2023/3/9 15:00,14.495
16447,30•ª,14.495
16448,2023/3/9 16:00,14.495
16449,30•ª,14.495
16450,2023/3/9 17:00,14.495
16451,30•ª,14.495
16452,2023/3/9 18:00,14.495
16453,30•ª,14.495
16454,2023/3/9 19:00,14.495
16455,30•ª,14.495
16456,2023/3/9 20:00,14.495
16457,30•ª,14.495
16458,2023/3/9 21:00,14.495
16459,30•ª,14.495
16460,2023/3/9 22:00,14.495
16461,30•ª,14.495
16462,2023/3/9 23:00,14.495
16463,30•ª,14.495
16464,2023/3/10 0:00,6.08
16465,30•ª,6.08
16466,2023/3/10 1:00,6.08
16467,30•ª,6.08
16468,2023/3/10 2:00,6.08
16469,30•ª,6.08
16470,2023/3/10 3:00,6.08
16471,30•ª,6.08
16472,2023/3/10 4:00,6.08
16473,30•ª,6.08
16474,2023/3/10 5:00,6.08
16475,30•ª,6.08
16476,2023/3/10 6:00,6.08
16477,30•ª,6.08
16478,2023/3/10 7:00,14.495
16479,30•ª,14.495
16480,2023/3/10 8:00,14.495
16481,30•ª,14.495
16482,2023/3/10 9:00,14.495
16483,30•ª,14.495
16484,2023/3/10 10:00,14.495
16485,30•ª,14.495
16486,2023/3/10 11:00,14.495
16487,30•ª,14.495
16488,2023/3/10 12:00,14.495
16489,30•ª,14.495
16490,2023/3/10 13:00,14.495
16491,30•ª,14.495
16492,2023/3/10 14:00,14.495
16493,30•ª,14.495
16494,2023/3/10 15:00,14.495
16495,30•ª,14.495
16496,2023/3/10 16:00,14.495
16497,30•ª,14.495
16498,2023/3/10 17:00,14.495
16499,30•ª,14.495
16500,2023/3/10 18:00,14.495
16501,30•ª,14.495
16502,2023/3/10 19:00,14.495
16503,30•ª,14.495
16504,2023/3/10 20:00,14.495
16505,30•ª,14.495
16506,2023/3/10 21:00,14.495
16507,30•ª,14.495
16508,2023/3/10 22:00,14.495
16509,30•ª,14.495
16510,2023/3/10 23:00,14.495
16511,30•ª,14.495
16512,2023/3/11 0:00,6.08
16513,30•ª,6.08
16514,2023/3/11 1:00,6.08
16515,30•ª,6.08
16516,2023/3/11 2:00,6.08
16517,30•ª,6.08
16518,2023/3/11 3:00,6.08
16519,30•ª,6.08
16520,2023/3/11 4:00,6.08
16521,30•ª,6.08
16522,2023/3/11 5:00,6.08
16523,30•ª,6.08
16524,2023/3/11 6:00,6.08
16525,30•ª,6.08
16526,2023/3/11 7:00,14.495
16527,30•ª,14.495
16528,2023/3/11 8:00,14.495
16529,30•ª,14.495
16530,2023/3/11 9:00,14.495
16531,30•ª,14.495
16532,2023/3/11 10:00,14.495
16533,30•ª,14.495
16534,2023/3/11 11:00,14.495
16535,30•ª,14.495
16536,2023/3/11 12:00,14.495
16537,30•ª,14.495
16538,2023/3/11 13:00,14.495
16539,30•ª,14.495
16540,2023/3/11 14:00,14.495
16541,30•ª,14.495
16542,2023/3/11 15:00,14.495
16543,30•ª,14.495
16544,2023/3/11 16:00,14.495
16545,30•ª,14.495
16546,2023/3/11 17:00,14.495
16547,30•ª,14.495
16548,2023/3/11 18:00,14.495
16549,30•ª,14.495
16550,2023/3/11 19:00,14.495
16551,30•ª,14.495
16552,2023/3/11 20:00,14.495
16553,30•ª,14.495
16554,2023/3/11 21:00,14.495
16555,30•ª,14.495
16556,2023/3/11 22:00,14.495
16557,30•ª,14.495
16558,2023/3/11 23:00,14.495
16559,30•ª,14.495
16560,2023/3/12 0:00,6.08
16561,30•ª,6.08
16562,2023/3/12 1:00,6.08
16563,30•ª,6.08
16564,2023/3/12 2:00,6.08
16565,30•ª,6.08
16566,2023/3/12 3:00,6.08
16567,30•ª,6.08
16568,2023/3/12 4:00,6.08
16569,30•ª,6.08
16570,2023/3/12 5:00,6.08
16571,30•ª,6.08
16572,2023/3/12 6:00,6.08
16573,30•ª,6.08
16574,2023/3/12 7:00,14.495
16575,30•ª,14.495
16576,2023/3/12 8:00,14.495
16577,30•ª,14.495
16578,2023/3/12 9:00,14.495
16579,30•ª,14.495
16580,2023/3/12 10:00,14.495
16581,30•ª,14.495
16582,2023/3/12 11:00,14.495
16583,30•ª,14.495
16584,2023/3/12 12:00,14.495
16585,30•ª,14.495
16586,2023/3/12 13:00,14.495
16587,30•ª,14.495
16588,2023/3/12 14:00,14.495
16589,30•ª,14.495
16590,2023/3/12 15:00,14.495
16591,30•ª,14.495
16592,2023/3/12 16:00,14.495
16593,30•ª,14.495
16594,2023/3/12 17:00,14.495
16595,30•ª,14.495
16596,2023/3/12 18:00,14.495
16597,30•ª,14.495
16598,2023/3/12 19:00,14.495
16599,30•ª,14.495
16600,2023/3/12 20:00,14.495
16601,30•ª,14.495
16602,2023/3/12 21:00,14.495
16603,30•ª,14.495
16604,2023/3/12 22:00,14.495
16605,30•ª,14.495
16606,2023/3/12 23:00,14.495
16607,30•ª,14.495
16608,2023/3/13 0:00,6.08
16609,30•ª,6.08
16610,2023/3/13 1:00,6.08
16611,30•ª,6.08
16612,2023/3/13 2:00,6.08
16613,30•ª,6.08
16614,2023/3/13 3:00,6.08
16615,30•ª,6.08
16616,2023/3/13 4:00,6.08
16617,30•ª,6.08
16618,2023/3/13 5:00,6.08
16619,30•ª,6.08
16620,2023/3/13 6:00,6.08
16621,30•ª,6.08
16622,2023/3/13 7:00,14.495
16623,30•ª,14.495
16624,2023/3/13 8:00,14.495
16625,30•ª,14.495
16626,2023/3/13 9:00,14.495
16627,30•ª,14.495
16628,2023/3/13 10:00,14.495
16629,30•ª,14.495
16630,2023/3/13 11:00,14.495
16631,30•ª,14.495
16632,2023/3/13 12:00,14.495
16633,30•ª,14.495
16634,2023/3/13 13:00,14.495
16635,30•ª,14.495
16636,2023/3/13 14:00,14.495
16637,30•ª,14.495
16638,2023/3/13 15:00,14.495
16639,30•ª,14.495
16640,2023/3/13 16:00,14.495
16641,30•ª,14.495
16642,2023/3/13 17:00,14.495
16643,30•ª,14.495
16644,2023/3/13 18:00,14.495
16645,30•ª,14.495
16646,2023/3/13 19:00,14.495
16647,30•ª,14.495
16648,2023/3/13 20:00,14.495
16649,30•ª,14.495
16650,2023/3/13 21:00,14.495
16651,30•ª,14.495
16652,2023/3/13 22:00,14.495
16653,30•ª,14.495
16654,2023/3/13 23:00,14.495
16655,30•ª,14.495
16656,2023/3/14 0:00,6.08
16657,30•ª,6.08
16658,2023/3/14 1:00,6.08
16659,30•ª,6.08
16660,2023/3/14 2:00,6.08
16661,30•ª,6.08
16662,2023/3/14 3:00,6.08
16663,30•ª,6.08
16664,2023/3/14 4:00,6.08
16665,30•ª,6.08
16666,2023/3/14 5:00,6.08
16667,30•ª,6.08
16668,2023/3/14 6:00,6.08
16669,30•ª,6.08
16670,2023/3/14 7:00,14.495
16671,30•ª,14.495
16672,2023/3/14 8:00,14.495
16673,30•ª,14.495
16674,2023/3/14 9:00,14.495
16675,30•ª,14.495
16676,2023/3/14 10:00,14.495
16677,30•ª,14.495
16678,2023/3/14 11:00,14.495
16679,30•ª,14.495
16680,2023/3/14 12:00,14.495
16681,30•ª,14.495
16682,2023/3/14 13:00,14.495
16683,30•ª,14.495
16684,2023/3/14 14:00,14.495
16685,30•ª,14.495
16686,2023/3/14 15:00,14.495
16687,30•ª,14.495
16688,2023/3/14 16:00,14.495
16689,30•ª,14.495
16690,2023/3/14 17:00,14.495
16691,30•ª,14.495
16692,2023/3/14 18:00,14.495
16693,30•ª,14.495
16694,2023/3/14 19:00,14.495
16695,30•ª,14.495
16696,2023/3/14 20:00,14.495
16697,30•ª,14.495
16698,2023/3/14 21:00,14.495
16699,30•ª,14.495
16700,2023/3/14 22:00,14.495
16701,30•ª,14.495
16702,2023/3/14 23:00,14.495
16703,30•ª,14.495
16704,2023/3/15 0:00,6.08
16705,30•ª,6.08
16706,2023/3/15 1:00,6.08
16707,30•ª,6.08
16708,2023/3/15 2:00,6.08
16709,30•ª,6.08
16710,2023/3/15 3:00,6.08
16711,30•ª,6.08
16712,2023/3/15 4:00,6.08
16713,30•ª,6.08
16714,2023/3/15 5:00,6.08
16715,30•ª,6.08
16716,2023/3/15 6:00,6.08
16717,30•ª,6.08
16718,2023/3/15 7:00,14.495
16719,30•ª,14.495
16720,2023/3/15 8:00,14.495
16721,30•ª,14.495
16722,2023/3/15 9:00,14.495
16723,30•ª,14.495
16724,2023/3/15 10:00,14.495
16725,30•ª,14.495
16726,2023/3/15 11:00,14.495
16727,30•ª,14.495
16728,2023/3/15 12:00,14.495
16729,30•ª,14.495
16730,2023/3/15 13:00,14.495
16731,30•ª,14.495
16732,2023/3/15 14:00,14.495
16733,30•ª,14.495
16734,2023/3/15 15:00,14.495
16735,30•ª,14.495
16736,2023/3/15 16:00,14.495
16737,30•ª,14.495
16738,2023/3/15 17:00,14.495
16739,30•ª,14.495
16740,2023/3/15 18:00,14.495
16741,30•ª,14.495
16742,2023/3/15 19:00,14.495
16743,30•ª,14.495
16744,2023/3/15 20:00,14.495
16745,30•ª,14.495
16746,2023/3/15 21:00,14.495
16747,30•ª,14.495
16748,2023/3/15 22:00,14.495
16749,30•ª,14.495
16750,2023/3/15 23:00,14.495
16751,30•ª,14.495
16752,2023/3/16 0:00,6.08
16753,30•ª,6.08
16754,2023/3/16 1:00,6.08
16755,30•ª,6.08
16756,2023/3/16 2:00,6.08
16757,30•ª,6.08
16758,2023/3/16 3:00,6.08
16759,30•ª,6.08
16760,2023/3/16 4:00,6.08
16761,30•ª,6.08
16762,2023/3/16 5:00,6.08
16763,30•ª,6.08
16764,2023/3/16 6:00,6.08
16765,30•ª,6.08
16766,2023/3/16 7:00,14.495
16767,30•ª,14.495
16768,2023/3/16 8:00,14.495
16769,30•ª,14.495
16770,2023/3/16 9:00,14.495
16771,30•ª,14.495
16772,2023/3/16 10:00,14.495
16773,30•ª,14.495
16774,2023/3/16 11:00,14.495
16775,30•ª,14.495
16776,2023/3/16 12:00,14.495
16777,30•ª,14.495
16778,2023/3/16 13:00,14.495
16779,30•ª,14.495
16780,2023/3/16 14:00,14.495
16781,30•ª,14.495
16782,2023/3/16 15:00,14.495
16783,30•ª,14.495
16784,2023/3/16 16:00,14.495
16785,30•ª,14.495
16786,2023/3/16 17:00,14.495
16787,30•ª,14.495
16788,2023/3/16 18:00,14.495
16789,30•ª,14.495
16790,2023/3/16 19:00,14.495
16791,30•ª,14.495
16792,2023/3/16 20:00,14.495
16793,30•ª,14.495
16794,2023/3/16 21:00,14.495
16795,30•ª,14.495
16796,2023/3/16 22:00,14.495
16797,30•ª,14.495
16798,2023/3/16 23:00,14.495
16799,30•ª,14.495
16800,2023/3/17 0:00,6.08
16801,30•ª,6.08
16802,2023/3/17 1:00,6.08
16803,30•ª,6.08
16804,2023/3/17 2:00,6.08
16805,30•ª,6.08
16806,2023/3/17 3:00,6.08
16807,30•ª,6.08
16808,2023/3/17 4:00,6.08
16809,30•ª,6.08
16810,2023/3/17 5:00,6.08
16811,30•ª,6.08
16812,2023/3/17 6:00,6.08
16813,30•ª,6.08
16814,2023/3/17 7:00,14.495
16815,30•ª,14.495
16816,2023/3/17 8:00,14.495
16817,30•ª,14.495
16818,2023/3/17 9:00,14.495
16819,30•ª,14.495
16820,2023/3/17 10:00,14.495
16821,30•ª,14.495
16822,2023/3/17 11:00,14.495
16823,30•ª,14.495
16824,2023/3/17 12:00,14.495
16825,30•ª,14.495
16826,2023/3/17 13:00,14.495
16827,30•ª,14.495
16828,2023/3/17 14:00,14.495
16829,30•ª,14.495
16830,2023/3/17 15:00,14.495
16831,30•ª,14.495
16832,2023/3/17 16:00,14.495
16833,30•ª,14.495
16834,2023/3/17 17:00,14.495
16835,30•ª,14.495
16836,2023/3/17 18:00,14.495
16837,30•ª,14.495
16838,2023/3/17 19:00,14.495
16839,30•ª,14.495
16840,2023/3/17 20:00,14.495
16841,30•ª,14.495
16842,2023/3/17 21:00,14.495
16843,30•ª,14.495
16844,2023/3/17 22:00,14.495
16845,30•ª,14.495
16846,2023/3/17 23:00,14.495
16847,30•ª,14.495
16848,2023/3/18 0:00,6.08
16849,30•ª,6.08
16850,2023/3/18 1:00,6.08
16851,30•ª,6.08
16852,2023/3/18 2:00,6.08
16853,30•ª,6.08
16854,2023/3/18 3:00,6.08
16855,30•ª,6.08
16856,2023/3/18 4:00,6.08
16857,30•ª,6.08
16858,2023/3/18 5:00,6.08
16859,30•ª,6.08
16860,2023/3/18 6:00,6.08
16861,30•ª,6.08
16862,2023/3/18 7:00,14.495
16863,30•ª,14.495
16864,2023/3/18 8:00,14.495
16865,30•ª,14.495
16866,2023/3/18 9:00,14.495
16867,30•ª,14.495
16868,2023/3/18 10:00,14.495
16869,30•ª,14.495
16870,2023/3/18 11:00,14.495
16871,30•ª,14.495
16872,2023/3/18 12:00,14.495
16873,30•ª,14.495
16874,2023/3/18 13:00,14.495
16875,30•ª,14.495
16876,2023/3/18 14:00,14.495
16877,30•ª,14.495
16878,2023/3/18 15:00,14.495
16879,30•ª,14.495
16880,2023/3/18 16:00,14.495
16881,30•ª,14.495
16882,2023/3/18 17:00,14.495
16883,30•ª,14.495
16884,2023/3/18 18:00,14.495
16885,30•ª,14.495
16886,2023/3/18 19:00,14.495
16887,30•ª,14.495
16888,2023/3/18 20:00,14.495
16889,30•ª,14.495
16890,2023/3/18 21:00,14.495
16891,30•ª,14.495
16892,2023/3/18 22:00,14.495
16893,30•ª,14.495
16894,2023/3/18 23:00,14.495
16895,30•ª,14.495
16896,2023/3/19 0:00,6.08
16897,30•ª,6.08
16898,2023/3/19 1:00,6.08
16899,30•ª,6.08
16900,2023/3/19 2:00,6.08
16901,30•ª,6.08
16902,2023/3/19 3:00,6.08
16903,30•ª,6.08
16904,2023/3/19 4:00,6.08
16905,30•ª,6.08
16906,2023/3/19 5:00,6.08
16907,30•ª,6.08
16908,2023/3/19 6:00,6.08
16909,30•ª,6.08
16910,2023/3/19 7:00,14.495
16911,30•ª,14.495
16912,2023/3/19 8:00,14.495
16913,30•ª,14.495
16914,2023/3/19 9:00,14.495
16915,30•ª,14.495
16916,2023/3/19 10:00,14.495
16917,30•ª,14.495
16918,2023/3/19 11:00,14.495
16919,30•ª,14.495
16920,2023/3/19 12:00,14.495
16921,30•ª,14.495
16922,2023/3/19 13:00,14.495
16923,30•ª,14.495
16924,2023/3/19 14:00,14.495
16925,30•ª,14.495
16926,2023/3/19 15:00,14.495
16927,30•ª,14.495
16928,2023/3/19 16:00,14.495
16929,30•ª,14.495
16930,2023/3/19 17:00,14.495
16931,30•ª,14.495
16932,2023/3/19 18:00,14.495
16933,30•ª,14.495
16934,2023/3/19 19:00,14.495
16935,30•ª,14.495
16936,2023/3/19 20:00,14.495
16937,30•ª,14.495
16938,2023/3/19 21:00,14.495
16939,30•ª,14.495
16940,2023/3/19 22:00,14.495
16941,30•ª,14.495
16942,2023/3/19 23:00,14.495
16943,30•ª,14.495
16944,2023/3/20 0:00,6.08
16945,30•ª,6.08
16946,2023/3/20 1:00,6.08
16947,30•ª,6.08
16948,2023/3/20 2:00,6.08
16949,30•ª,6.08
16950,2023/3/20 3:00,6.08
16951,30•ª,6.08
16952,2023/3/20 4:00,6.08
16953,30•ª,6.08
16954,2023/3/20 5:00,6.08
16955,30•ª,6.08
16956,2023/3/20 6:00,6.08
16957,30•ª,6.08
16958,2023/3/20 7:00,14.495
16959,30•ª,14.495
16960,2023/3/20 8:00,14.495
16961,30•ª,14.495
16962,2023/3/20 9:00,14.495
16963,30•ª,14.495
16964,2023/3/20 10:00,14.495
16965,30•ª,14.495
16966,2023/3/20 11:00,14.495
16967,30•ª,14.495
16968,2023/3/20 12:00,14.495
16969,30•ª,14.495
16970,2023/3/20 13:00,14.495
16971,30•ª,14.495
16972,2023/3/20 14:00,14.495
16973,30•ª,14.495
16974,2023/3/20 15:00,14.495
16975,30•ª,14.495
16976,2023/3/20 16:00,14.495
16977,30•ª,14.495
16978,2023/3/20 17:00,14.495
16979,30•ª,14.495
16980,2023/3/20 18:00,14.495
16981,30•ª,14.495
16982,2023/3/20 19:00,14.495
16983,30•ª,14.495
16984,2023/3/20 20:00,14.495
16985,30•ª,14.495
16986,2023/3/20 21:00,14.495
16987,30•ª,14.495
16988,2023/3/20 22:00,14.495
16989,30•ª,14.495
16990,2023/3/20 23:00,14.495
16991,30•ª,14.495
16992,2023/3/21 0:00,6.08
16993,30•ª,6.08
16994,2023/3/21 1:00,6.08
16995,30•ª,6.08
16996,2023/3/21 2:00,6.08
16997,30•ª,6.08
16998,2023/3/21 3:00,6.08
16999,30•ª,6.08
17000,2023/3/21 4:00,6.08
17001,30•ª,6.08
17002,2023/3/21 5:00,6.08
17003,30•ª,6.08
17004,2023/3/21 6:00,6.08
17005,30•ª,6.08
17006,2023/3/21 7:00,14.495
17007,30•ª,14.495
17008,2023/3/21 8:00,14.495
17009,30•ª,14.495
17010,2023/3/21 9:00,14.495
17011,30•ª,14.495
17012,2023/3/21 10:00,14.495
17013,30•ª,14.495
17014,2023/3/21 11:00,14.495
17015,30•ª,14.495
17016,2023/3/21 12:00,14.495
17017,30•ª,14.495
17018,2023/3/21 13:00,14.495
17019,30•ª,14.495
17020,2023/3/21 14:00,14.495
17021,30•ª,14.495
17022,2023/3/21 15:00,14.495
17023,30•ª,14.495
17024,2023/3/21 16:00,14.495
17025,30•ª,14.495
17026,2023/3/21 17:00,14.495
17027,30•ª,14.495
17028,2023/3/21 18:00,14.495
17029,30•ª,14.495
17030,2023/3/21 19:00,14.495
17031,30•ª,14.495
17032,2023/3/21 20:00,14.495
17033,30•ª,14.495
17034,2023/3/21 21:00,14.495
17035,30•ª,14.495
17036,2023/3/21 22:00,14.495
17037,30•ª,14.495
17038,2023/3/21 23:00,14.495
17039,30•ª,14.495
17040,2023/3/22 0:00,6.08
17041,30•ª,6.08
17042,2023/3/22 1:00,6.08
17043,30•ª,6.08
17044,2023/3/22 2:00,6.08
17045,30•ª,6.08
17046,2023/3/22 3:00,6.08
17047,30•ª,6.08
17048,2023/3/22 4:00,6.08
17049,30•ª,6.08
17050,2023/3/22 5:00,6.08
17051,30•ª,6.08
17052,2023/3/22 6:00,6.08
17053,30•ª,6.08
17054,2023/3/22 7:00,14.495
17055,30•ª,14.495
17056,2023/3/22 8:00,14.495
17057,30•ª,14.495
17058,2023/3/22 9:00,14.495
17059,30•ª,14.495
17060,2023/3/22 10:00,14.495
17061,30•ª,14.495
17062,2023/3/22 11:00,14.495
17063,30•ª,14.495
17064,2023/3/22 12:00,14.495
17065,30•ª,14.495
17066,2023/3/22 13:00,14.495
17067,30•ª,14.495
17068,2023/3/22 14:00,14.495
17069,30•ª,14.495
17070,2023/3/22 15:00,14.495
17071,30•ª,14.495
17072,2023/3/22 16:00,14.495
17073,30•ª,14.495
17074,2023/3/22 17:00,14.495
17075,30•ª,14.495
17076,2023/3/22 18:00,14.495
17077,30•ª,14.495
17078,2023/3/22 19:00,14.495
17079,30•ª,14.495
17080,2023/3/22 20:00,14.495
17081,30•ª,14.495
17082,2023/3/22 21:00,14.495
17083,30•ª,14.495
17084,2023/3/22 22:00,14.495
17085,30•ª,14.495
17086,2023/3/22 23:00,14.495
17087,30•ª,14.495
17088,2023/3/23 0:00,6.08
17089,30•ª,6.08
17090,2023/3/23 1:00,6.08
17091,30•ª,6.08
17092,2023/3/23 2:00,6.08
17093,30•ª,6.08
17094,2023/3/23 3:00,6.08
17095,30•ª,6.08
17096,2023/3/23 4:00,6.08
17097,30•ª,6.08
17098,2023/3/23 5:00,6.08
17099,30•ª,6.08
17100,2023/3/23 6:00,6.08
17101,30•ª,6.08
17102,2023/3/23 7:00,14.495
17103,30•ª,14.495
17104,2023/3/23 8:00,14.495
17105,30•ª,14.495
17106,2023/3/23 9:00,14.495
17107,30•ª,14.495
17108,2023/3/23 10:00,14.495
17109,30•ª,14.495
17110,2023/3/23 11:00,14.495
17111,30•ª,14.495
17112,2023/3/23 12:00,14.495
17113,30•ª,14.495
17114,2023/3/23 13:00,14.495
17115,30•ª,14.495
17116,2023/3/23 14:00,14.495
17117,30•ª,14.495
17118,2023/3/23 15:00,14.495
17119,30•ª,14.495
17120,2023/3/23 16:00,14.495
17121,30•ª,14.495
17122,2023/3/23 17:00,14.495
17123,30•ª,14.495
17124,2023/3/23 18:00,14.495
17125,30•ª,14.495
17126,2023/3/23 19:00,14.495
17127,30•ª,14.495
17128,2023/3/23 20:00,14.495
17129,30•ª,14.495
17130,2023/3/23 21:00,14.495
17131,30•ª,14.495
17132,2023/3/23 22:00,14.495
17133,30•ª,14.495
17134,2023/3/23 23:00,14.495
17135,30•ª,14.495
17136,2023/3/24 0:00,6.08
17137,30•ª,6.08
17138,2023/3/24 1:00,6.08
17139,30•ª,6.08
17140,2023/3/24 2:00,6.08
17141,30•ª,6.08
17142,2023/3/24 3:00,6.08
17143,30•ª,6.08
17144,2023/3/24 4:00,6.08
17145,30•ª,6.08
17146,2023/3/24 5:00,6.08
17147,30•ª,6.08
17148,2023/3/24 6:00,6.08
17149,30•ª,6.08
17150,2023/3/24 7:00,14.495
17151,30•ª,14.495
17152,2023/3/24 8:00,14.495
17153,30•ª,14.495
17154,2023/3/24 9:00,14.495
17155,30•ª,14.495
17156,2023/3/24 10:00,14.495
17157,30•ª,14.495
17158,2023/3/24 11:00,14.495
17159,30•ª,14.495
17160,2023/3/24 12:00,14.495
17161,30•ª,14.495
17162,2023/3/24 13:00,14.495
17163,30•ª,14.495
17164,2023/3/24 14:00,14.495
17165,30•ª,14.495
17166,2023/3/24 15:00,14.495
17167,30•ª,14.495
17168,2023/3/24 16:00,14.495
17169,30•ª,14.495
17170,2023/3/24 17:00,14.495
17171,30•ª,14.495
17172,2023/3/24 18:00,14.495
17173,30•ª,14.495
17174,2023/3/24 19:00,14.495
17175,30•ª,14.495
17176,2023/3/24 20:00,14.495
17177,30•ª,14.495
17178,2023/3/24 21:00,14.495
17179,30•ª,14.495
17180,2023/3/24 22:00,14.495
17181,30•ª,14.495
17182,2023/3/24 23:00,14.495
17183,30•ª,14.495
17184,2023/3/25 0:00,6.08
17185,30•ª,6.08
17186,2023/3/25 1:00,6.08
17187,30•ª,6.08
17188,2023/3/25 2:00,6.08
17189,30•ª,6.08
17190,2023/3/25 3:00,6.08
17191,30•ª,6.08
17192,2023/3/25 4:00,6.08
17193,30•ª,6.08
17194,2023/3/25 5:00,6.08
17195,30•ª,6.08
17196,2023/3/25 6:00,6.08
17197,30•ª,6.08
17198,2023/3/25 7:00,14.495
17199,30•ª,14.495
17200,2023/3/25 8:00,14.495
17201,30•ª,14.495
17202,2023/3/25 9:00,14.495
17203,30•ª,14.495
17204,2023/3/25 10:00,14.495
17205,30•ª,14.495
17206,2023/3/25 11:00,14.495
17207,30•ª,14.495
17208,2023/3/25 12:00,14.495
17209,30•ª,14.495
17210,2023/3/25 13:00,14.495
17211,30•ª,14.495
17212,2023/3/25 14:00,14.495
17213,30•ª,14.495
17214,2023/3/25 15:00,14.495
17215,30•ª,14.495
17216,2023/3/25 16:00,14.495
17217,30•ª,14.495
17218,2023/3/25 17:00,14.495
17219,30•ª,14.495
17220,2023/3/25 18:00,14.495
17221,30•ª,14.495
17222,2023/3/25 19:00,14.495
17223,30•ª,14.495
17224,2023/3/25 20:00,14.495
17225,30•ª,14.495
17226,2023/3/25 21:00,14.495
17227,30•ª,14.495
17228,2023/3/25 22:00,14.495
17229,30•ª,14.495
17230,2023/3/25 23:00,14.495
17231,30•ª,14.495
17232,2023/3/26 0:00,6.08
17233,30•ª,6.08
17234,2023/3/26 1:00,6.08
17235,30•ª,6.08
17236,2023/3/26 2:00,6.08
17237,30•ª,6.08
17238,2023/3/26 3:00,6.08
17239,30•ª,6.08
17240,2023/3/26 4:00,6.08
17241,30•ª,6.08
17242,2023/3/26 5:00,6.08
17243,30•ª,6.08
17244,2023/3/26 6:00,6.08
17245,30•ª,6.08
17246,2023/3/26 7:00,14.495
17247,30•ª,14.495
17248,2023/3/26 8:00,14.495
17249,30•ª,14.495
17250,2023/3/26 9:00,14.495
17251,30•ª,14.495
17252,2023/3/26 10:00,14.495
17253,30•ª,14.495
17254,2023/3/26 11:00,14.495
17255,30•ª,14.495
17256,2023/3/26 12:00,14.495
17257,30•ª,14.495
17258,2023/3/26 13:00,14.495
17259,30•ª,14.495
17260,2023/3/26 14:00,14.495
17261,30•ª,14.495
17262,2023/3/26 15:00,14.495
17263,30•ª,14.495
17264,2023/3/26 16:00,14.495
17265,30•ª,14.495
17266,2023/3/26 17:00,14.495
17267,30•ª,14.495
17268,2023/3/26 18:00,14.495
17269,30•ª,14.495
17270,2023/3/26 19:00,14.495
17271,30•ª,14.495
17272,2023/3/26 20:00,14.495
17273,30•ª,14.495
17274,2023/3/26 21:00,14.495
17275,30•ª,14.495
17276,2023/3/26 22:00,14.495
17277,30•ª,14.495
17278,2023/3/26 23:00,14.495
17279,30•ª,14.495
17280,2023/3/27 0:00,6.08
17281,30•ª,6.08
17282,2023/3/27 1:00,6.08
17283,30•ª,6.08
17284,2023/3/27 2:00,6.08
17285,30•ª,6.08
17286,2023/3/27 3:00,6.08
17287,30•ª,6.08
17288,2023/3/27 4:00,6.08
17289,30•ª,6.08
17290,2023/3/27 5:00,6.08
17291,30•ª,6.08
17292,2023/3/27 6:00,6.08
17293,30•ª,6.08
17294,2023/3/27 7:00,14.495
17295,30•ª,14.495
17296,2023/3/27 8:00,14.495
17297,30•ª,14.495
17298,2023/3/27 9:00,14.495
17299,30•ª,14.495
17300,2023/3/27 10:00,14.495
17301,30•ª,14.495
17302,2023/3/27 11:00,14.495
17303,30•ª,14.495
17304,2023/3/27 12:00,14.495
17305,30•ª,14.495
17306,2023/3/27 13:00,14.495
17307,30•ª,14.495
17308,2023/3/27 14:00,14.495
17309,30•ª,14.495
17310,2023/3/27 15:00,14.495
17311,30•ª,14.495
17312,2023/3/27 16:00,14.495
17313,30•ª,14.495
17314,2023/3/27 17:00,14.495
17315,30•ª,14.495
17316,2023/3/27 18:00,14.495
17317,30•ª,14.495
17318,2023/3/27 19:00,14.495
17319,30•ª,14.495
17320,2023/3/27 20:00,14.495
17321,30•ª,14.495
17322,2023/3/27 21:00,14.495
17323,30•ª,14.495
17324,2023/3/27 22:00,14.495
17325,30•ª,14.495
17326,2023/3/27 23:00,14.495
17327,30•ª,14.495
17328,2023/3/28 0:00,6.08
17329,30•ª,6.08
17330,2023/3/28 1:00,6.08
17331,30•ª,6.08
17332,2023/3/28 2:00,6.08
17333,30•ª,6.08
17334,2023/3/28 3:00,6.08
17335,30•ª,6.08
17336,2023/3/28 4:00,6.08
17337,30•ª,6.08
17338,2023/3/28 5:00,6.08
17339,30•ª,6.08
17340,2023/3/28 6:00,6.08
17341,30•ª,6.08
17342,2023/3/28 7:00,14.495
17343,30•ª,14.495
17344,2023/3/28 8:00,14.495
17345,30•ª,14.495
17346,2023/3/28 9:00,14.495
17347,30•ª,14.495
17348,2023/3/28 10:00,14.495
17349,30•ª,14.495
17350,2023/3/28 11:00,14.495
17351,30•ª,14.495
17352,2023/3/28 12:00,14.495
17353,30•ª,14.495
17354,2023/3/28 13:00,14.495
17355,30•ª,14.495
17356,2023/3/28 14:00,14.495
17357,30•ª,14.495
17358,2023/3/28 15:00,14.495
17359,30•ª,14.495
17360,2023/3/28 16:00,14.495
17361,30•ª,14.495
17362,2023/3/28 17:00,14.495
17363,30•ª,14.495
17364,2023/3/28 18:00,14.495
17365,30•ª,14.495
17366,2023/3/28 19:00,14.495
17367,30•ª,14.495
17368,2023/3/28 20:00,14.495
17369,30•ª,14.495
17370,2023/3/28 21:00,14.495
17371,30•ª,14.495
17372,2023/3/28 22:00,14.495
17373,30•ª,14.495
17374,2023/3/28 23:00,14.495
17375,30•ª,14.495
17376,2023/3/29 0:00,6.08
17377,30•ª,6.08
17378,2023/3/29 1:00,6.08
17379,30•ª,6.08
17380,2023/3/29 2:00,6.08
17381,30•ª,6.08
17382,2023/3/29 3:00,6.08
17383,30•ª,6.08
17384,2023/3/29 4:00,6.08
17385,30•ª,6.08
17386,2023/3/29 5:00,6.08
17387,30•ª,6.08
17388,2023/3/29 6:00,6.08
17389,30•ª,6.08
17390,2023/3/29 7:00,14.495
17391,30•ª,14.495
17392,2023/3/29 8:00,14.495
17393,30•ª,14.495
17394,2023/3/29 9:00,14.495
17395,30•ª,14.495
17396,2023/3/29 10:00,14.495
17397,30•ª,14.495
17398,2023/3/29 11:00,14.495
17399,30•ª,14.495
17400,2023/3/29 12:00,14.495
17401,30•ª,14.495
17402,2023/3/29 13:00,14.495
17403,30•ª,14.495
17404,2023/3/29 14:00,14.495
17405,30•ª,14.495
17406,2023/3/29 15:00,14.495
17407,30•ª,14.495
17408,2023/3/29 16:00,14.495
17409,30•ª,14.495
17410,2023/3/29 17:00,14.495
17411,30•ª,14.495
17412,2023/3/29 18:00,14.495
17413,30•ª,14.495
17414,2023/3/29 19:00,14.495
17415,30•ª,14.495
17416,2023/3/29 20:00,14.495
17417,30•ª,14.495
17418,2023/3/29 21:00,14.495
17419,30•ª,14.495
17420,2023/3/29 22:00,14.495
17421,30•ª,14.495
17422,2023/3/29 23:00,14.495
17423,30•ª,14.495
17424,2023/3/30 0:00,6.08
17425,30•ª,6.08
17426,2023/3/30 1:00,6.08
17427,30•ª,6.08
17428,2023/3/30 2:00,6.08
17429,30•ª,6.08
17430,2023/3/30 3:00,6.08
17431,30•ª,6.08
17432,2023/3/30 4:00,6.08
17433,30•ª,6.08
17434,2023/3/30 5:00,6.08
17435,30•ª,6.08
17436,2023/3/30 6:00,6.08
17437,30•ª,6.08
17438,2023/3/30 7:00,14.495
17439,30•ª,14.495
17440,2023/3/30 8:00,14.495
17441,30•ª,14.495
17442,2023/3/30 9:00,14.495
17443,30•ª,14.495
17444,2023/3/30 10:00,14.495
17445,30•ª,14.495
17446,2023/3/30 11:00,14.495
17447,30•ª,14.495
17448,2023/3/30 12:00,14.495
17449,30•ª,14.495
17450,2023/3/30 13:00,14.495
17451,30•ª,14.495
17452,2023/3/30 14:00,14.495
17453,30•ª,14.495
17454,2023/3/30 15:00,14.495
17455,30•ª,14.495
17456,2023/3/30 16:00,14.495
17457,30•ª,14.495
17458,2023/3/30 17:00,14.495
17459,30•ª,14.495
17460,2023/3/30 18:00,14.495
17461,30•ª,14.495
17462,2023/3/30 19:00,14.495
17463,30•ª,14.495
17464,2023/3/30 20:00,14.495
17465,30•ª,14.495
17466,2023/3/30 21:00,14.495
17467,30•ª,14.495
17468,2023/3/30 22:00,14.495
17469,30•ª,14.495
17470,2023/3/30 23:00,14.495
17471,30•ª,14.495
17472,2023/3/31 0:00,6.08
17473,30•ª,6.08
17474,2023/3/31 1:00,6.08
17475,30•ª,6.08
17476,2023/3/31 2:00,6.08
17477,30•ª,6.08
17478,2023/3/31 3:00,6.08
17479,30•ª,6.08
17480,2023/3/31 4:00,6.08
17481,30•ª,6.08
17482,2023/3/31 5:00,6.08
17483,30•ª,6.08
17484,2023/3/31 6:00,6.08
17485,30•ª,6.08
17486,2023/3/31 7:00,14.495
17487,30•ª,14.495
17488,2023/3/31 8:00,14.495
17489,30•ª,14.495
17490,2023/3/31 9:00,14.495
17491,30•ª,14.495
17492,2023/3/31 10:00,14.495
17493,30•ª,14.495
17494,2023/3/31 11:00,14.495
17495,30•ª,14.495
17496,2023/3/31 12:00,14.495
17497,30•ª,14.495
17498,2023/3/31 13:00,14.495
17499,30•ª,14.495
17500,2023/3/31 14:00,14.495
17501,30•ª,14.495
17502,2023/3/31 15:00,14.495
17503,30•ª,14.495
17504,2023/3/31 16:00,14.495
17505,30•ª,14.495
17506,2023/3/31 17:00,14.495
17507,30•ª,14.495
17508,2023/3/31 18:00,14.495
17509,30•ª,14.495
17510,2023/3/31 19:00,14.495
17511,30•ª,14.495
17512,2023/3/31 20:00,14.495
17513,30•ª,14.495
17514,2023/3/31 21:00,14.495
17515,30•ª,14.495
17516,2023/3/31 22:00,14.495
17517,30•ª,14.495
17518,2023/3/31 23:00,14.495
17519,30•ª,14.495
17520,2023/4/1 0:00,6.08
17521,30•ª,6.08
17522,2023/4/1 1:00,6.08
17523,30•ª,6.08
17524,2023/4/1 2:00,6.08
17525,30•ª,6.08
17526,2023/4/1 3:00,6.08
17527,30•ª,6.08
17528,2023/4/1 4:00,6.08
17529,30•ª,6.08
17530,2023/4/1 5:00,6.08
17531,30•ª,6.08
17532,2023/4/1 6:00,6.08
17533,30•ª,6.08
17534,2023/4/1 7:00,14.495
17535,30•ª,14.495
17536,2023/4/1 8:00,14.495
17537,30•ª,14.495
17538,2023/4/1 9:00,14.495
17539,30•ª,14.495
17540,2023/4/1 10:00,14.495
17541,30•ª,14.495
17542,2023/4/1 11:00,14.495
17543,30•ª,14.495
17544,2023/4/1 12:00,14.495
17545,30•ª,14.495
17546,2023/4/1 13:00,14.495
17547,30•ª,14.495
17548,2023/4/1 14:00,14.495
17549,30•ª,14.495
17550,2023/4/1 15:00,14.495
17551,30•ª,14.495
17552,2023/4/1 16:00,14.495
17553,30•ª,14.495
17554,2023/4/1 17:00,14.495
17555,30•ª,14.495
17556,2023/4/1 18:00,14.495
17557,30•ª,14.495
17558,2023/4/1 19:00,14.495
17559,30•ª,14.495
17560,2023/4/1 20:00,14.495
17561,30•ª,14.495
17562,2023/4/1 21:00,14.495
17563,30•ª,14.495
17564,2023/4/1 22:00,14.495
17565,30•ª,14.495
17566,2023/4/1 23:00,14.495
17567,30•ª,14.495
