,time,‹‹“’Žù—v[MJ]
1,2003/4/1 0:00,0
2,2003/4/1 0:30,0
3,2003/4/1 1:00,0
4,2003/4/1 1:30,0
5,2003/4/1 2:00,0
6,2003/4/1 2:30,0
7,2003/4/1 3:00,0
8,2003/4/1 3:30,0
9,2003/4/1 4:00,0
10,2003/4/1 4:30,0
11,2003/4/1 5:00,0
12,2003/4/1 5:30,0
13,2003/4/1 6:00,0
14,2003/4/1 6:30,0
15,2003/4/1 7:00,0
16,2003/4/1 7:30,0
17,2003/4/1 8:00,0
18,2003/4/1 8:30,0
19,2003/4/1 9:00,0
20,2003/4/1 9:30,0
21,2003/4/1 10:00,0
22,2003/4/1 10:30,0
23,2003/4/1 11:00,3.790486574
24,2003/4/1 11:30,0
25,2003/4/1 12:00,0
26,2003/4/1 12:30,0
27,2003/4/1 13:00,0
28,2003/4/1 13:30,0
29,2003/4/1 14:00,0
30,2003/4/1 14:30,0
31,2003/4/1 15:00,0
32,2003/4/1 15:30,0
33,2003/4/1 16:00,0
34,2003/4/1 16:30,0
35,2003/4/1 17:00,0
36,2003/4/1 17:30,0
37,2003/4/1 18:00,3.557225918
38,2003/4/1 18:30,0
39,2003/4/1 19:00,0
40,2003/4/1 19:30,1.122567135
41,2003/4/1 20:00,0
42,2003/4/1 20:30,0
43,2003/4/1 21:00,0
44,2003/4/1 21:30,0
45,2003/4/1 22:00,0
46,2003/4/1 22:30,0
47,2003/4/1 23:00,0
48,2003/4/1 23:30,0
49,2003/4/2 0:00,0
50,2003/4/2 0:30,0
51,2003/4/2 1:00,0
52,2003/4/2 1:30,2.230555597
53,2003/4/2 2:00,0
54,2003/4/2 2:30,0
55,2003/4/2 3:00,0
56,2003/4/2 3:30,0
57,2003/4/2 4:00,0
58,2003/4/2 4:30,0
59,2003/4/2 5:00,0
60,2003/4/2 5:30,0
61,2003/4/2 6:00,0
62,2003/4/2 6:30,6.910348397
63,2003/4/2 7:00,3.57180459
64,2003/4/2 7:30,0.88930648
65,2003/4/2 8:00,2.230555471
66,2003/4/2 8:30,2.230555471
67,2003/4/2 9:00,0
68,2003/4/2 9:30,0
69,2003/4/2 10:00,0
70,2003/4/2 10:30,0
71,2003/4/2 11:00,0
72,2003/4/2 11:30,0
73,2003/4/2 12:00,0
74,2003/4/2 12:30,0
75,2003/4/2 13:00,0
76,2003/4/2 13:30,0
77,2003/4/2 14:00,0
78,2003/4/2 14:30,0
79,2003/4/2 15:00,0
80,2003/4/2 15:30,0
81,2003/4/2 16:00,0
82,2003/4/2 16:30,0
83,2003/4/2 17:00,0
84,2003/4/2 17:30,0
85,2003/4/2 18:00,0
86,2003/4/2 18:30,0
87,2003/4/2 19:00,0
88,2003/4/2 19:30,4.257007883
89,2003/4/2 20:00,2.901180093
90,2003/4/2 20:30,1.341249119
91,2003/4/2 21:00,3.57180459
92,2003/4/2 21:30,0
93,2003/4/2 22:00,0.88930648
94,2003/4/2 22:30,0
95,2003/4/2 23:00,0
96,2003/4/2 23:30,0
97,2003/4/3 0:00,0
98,2003/4/3 0:30,0.88930648
99,2003/4/3 1:00,0
100,2003/4/3 1:30,0
101,2003/4/3 2:00,0
102,2003/4/3 2:30,0
103,2003/4/3 3:00,0
104,2003/4/3 3:30,0
105,2003/4/3 4:00,0
106,2003/4/3 4:30,0
107,2003/4/3 5:00,0
108,2003/4/3 5:30,0
109,2003/4/3 6:00,0
110,2003/4/3 6:30,0
111,2003/4/3 7:00,0
112,2003/4/3 7:30,0
113,2003/4/3 8:00,0
114,2003/4/3 8:30,0
115,2003/4/3 9:00,0
116,2003/4/3 9:30,0
117,2003/4/3 10:00,0
118,2003/4/3 10:30,0
119,2003/4/3 11:00,0
120,2003/4/3 11:30,0
121,2003/4/3 12:00,0
122,2003/4/3 12:30,0
123,2003/4/3 13:00,0
124,2003/4/3 13:30,0
125,2003/4/3 14:00,0
126,2003/4/3 14:30,0
127,2003/4/3 15:00,0
128,2003/4/3 15:30,0
129,2003/4/3 16:00,0
130,2003/4/3 16:30,0
131,2003/4/3 17:00,0
132,2003/4/3 17:30,0
133,2003/4/3 18:00,0
134,2003/4/3 18:30,1.341249119
135,2003/4/3 19:00,0
136,2003/4/3 19:30,0
137,2003/4/3 20:00,2.011873614
138,2003/4/3 20:30,3.557225919
139,2003/4/3 21:00,2.449237455
140,2003/4/3 21:30,0
141,2003/4/3 22:00,0
142,2003/4/3 22:30,0
143,2003/4/3 23:00,1.122567135
144,2003/4/3 23:30,0
145,2003/4/4 0:00,0
146,2003/4/4 0:30,0
147,2003/4/4 1:00,0
148,2003/4/4 1:30,0
149,2003/4/4 2:00,0
150,2003/4/4 2:30,0
151,2003/4/4 3:00,0
152,2003/4/4 3:30,0
153,2003/4/4 4:00,0
154,2003/4/4 4:30,0
155,2003/4/4 5:00,0
156,2003/4/4 5:30,0
157,2003/4/4 6:00,0
158,2003/4/4 6:30,0.88930648
159,2003/4/4 7:00,1.778612959
160,2003/4/4 7:30,1.778612959
161,2003/4/4 8:00,0
162,2003/4/4 8:30,0
163,2003/4/4 9:00,0
164,2003/4/4 9:30,0
165,2003/4/4 10:00,0
166,2003/4/4 10:30,0
167,2003/4/4 11:00,0
168,2003/4/4 11:30,0
169,2003/4/4 12:00,0
170,2003/4/4 12:30,0
171,2003/4/4 13:00,0
172,2003/4/4 13:30,0
173,2003/4/4 14:00,0
174,2003/4/4 14:30,0
175,2003/4/4 15:00,0
176,2003/4/4 15:30,0
177,2003/4/4 16:00,0
178,2003/4/4 16:30,0
179,2003/4/4 17:00,0
180,2003/4/4 17:30,0
181,2003/4/4 18:00,0
182,2003/4/4 18:30,1.778612959
183,2003/4/4 19:00,4.446532397
184,2003/4/4 19:30,1.341249119
185,2003/4/4 20:00,5.569099404
186,2003/4/4 20:30,4.694371854
187,2003/4/4 21:00,4.242429213
188,2003/4/4 21:30,0
189,2003/4/4 22:00,0
190,2003/4/4 22:30,0
191,2003/4/4 23:00,0
192,2003/4/4 23:30,0
193,2003/4/5 0:00,0
194,2003/4/5 0:30,0
195,2003/4/5 1:00,0
196,2003/4/5 1:30,3.119862078
197,2003/4/5 2:00,0
198,2003/4/5 2:30,0
199,2003/4/5 3:00,0
200,2003/4/5 3:30,0
201,2003/4/5 4:00,0
202,2003/4/5 4:30,0
203,2003/4/5 5:00,0
204,2003/4/5 5:30,0
205,2003/4/5 6:00,0
206,2003/4/5 6:30,1.122567135
207,2003/4/5 7:00,0
208,2003/4/5 7:30,0.88930648
209,2003/4/5 8:00,0
210,2003/4/5 8:30,0
211,2003/4/5 9:00,0
212,2003/4/5 9:30,0
213,2003/4/5 10:00,0
214,2003/4/5 10:30,0
215,2003/4/5 11:00,0
216,2003/4/5 11:30,0
217,2003/4/5 12:00,0
218,2003/4/5 12:30,0
219,2003/4/5 13:00,0
220,2003/4/5 13:30,0
221,2003/4/5 14:00,0
222,2003/4/5 14:30,0
223,2003/4/5 15:00,0
224,2003/4/5 15:30,0
225,2003/4/5 16:00,0
226,2003/4/5 16:30,0
227,2003/4/5 17:00,0
228,2003/4/5 17:30,0
229,2003/4/5 18:00,0
230,2003/4/5 18:30,2.011873614
231,2003/4/5 19:00,3.119862077
232,2003/4/5 19:30,0
233,2003/4/5 20:00,0
234,2003/4/5 20:30,0
235,2003/4/5 21:00,0
236,2003/4/5 21:30,0
237,2003/4/5 22:00,0
238,2003/4/5 22:30,0
239,2003/4/5 23:00,0
240,2003/4/5 23:30,0
241,2003/4/6 0:00,0.88930648
242,2003/4/6 0:30,0
243,2003/4/6 1:00,0
244,2003/4/6 1:30,0
245,2003/4/6 2:00,0
246,2003/4/6 2:30,0
247,2003/4/6 3:00,0
248,2003/4/6 3:30,0
249,2003/4/6 4:00,0
250,2003/4/6 4:30,0
251,2003/4/6 5:00,0
252,2003/4/6 5:30,0
253,2003/4/6 6:00,0
254,2003/4/6 6:30,0
255,2003/4/6 7:00,0
256,2003/4/6 7:30,0
257,2003/4/6 8:00,0
258,2003/4/6 8:30,0
259,2003/4/6 9:00,0.88930648
260,2003/4/6 9:30,0
261,2003/4/6 10:00,0
262,2003/4/6 10:30,0
263,2003/4/6 11:00,0
264,2003/4/6 11:30,0
265,2003/4/6 12:00,0
266,2003/4/6 12:30,0
267,2003/4/6 13:00,0.88930648
268,2003/4/6 13:30,0
269,2003/4/6 14:00,0
270,2003/4/6 14:30,0
271,2003/4/6 15:00,0
272,2003/4/6 15:30,0
273,2003/4/6 16:00,0
274,2003/4/6 16:30,0
275,2003/4/6 17:00,0
276,2003/4/6 17:30,0
277,2003/4/6 18:00,0
278,2003/4/6 18:30,4.009168556
279,2003/4/6 19:00,2.011873614
280,2003/4/6 19:30,3.353122733
281,2003/4/6 20:00,2.011873614
282,2003/4/6 20:30,5.146314363
283,2003/4/6 21:00,1.778612959
284,2003/4/6 21:30,1.778612959
285,2003/4/6 22:00,0
286,2003/4/6 22:30,0
287,2003/4/6 23:00,0
288,2003/4/6 23:30,0
289,2003/4/7 0:00,0
290,2003/4/7 0:30,0
291,2003/4/7 1:00,0
292,2003/4/7 1:30,0
293,2003/4/7 2:00,0
294,2003/4/7 2:30,0
295,2003/4/7 3:00,0
296,2003/4/7 3:30,0
297,2003/4/7 4:00,0
298,2003/4/7 4:30,0
299,2003/4/7 5:00,0
300,2003/4/7 5:30,0
301,2003/4/7 6:00,0
302,2003/4/7 6:30,0
303,2003/4/7 7:00,0.88930648
304,2003/4/7 7:30,0
305,2003/4/7 8:00,0
306,2003/4/7 8:30,0
307,2003/4/7 9:00,0
308,2003/4/7 9:30,0
309,2003/4/7 10:00,0
310,2003/4/7 10:30,0
311,2003/4/7 11:00,0
312,2003/4/7 11:30,0
313,2003/4/7 12:00,0
314,2003/4/7 12:30,0
315,2003/4/7 13:00,0
316,2003/4/7 13:30,0
317,2003/4/7 14:00,0
318,2003/4/7 14:30,0
319,2003/4/7 15:00,0
320,2003/4/7 15:30,0
321,2003/4/7 16:00,0
322,2003/4/7 16:30,0
323,2003/4/7 17:00,0
324,2003/4/7 17:30,0
325,2003/4/7 18:00,0
326,2003/4/7 18:30,0
327,2003/4/7 19:00,1.122567135
328,2003/4/7 19:30,0
329,2003/4/7 20:00,0
330,2003/4/7 20:30,11.80882331
331,2003/4/7 21:00,5.350417294
332,2003/4/7 21:30,0
333,2003/4/7 22:00,0
334,2003/4/7 22:30,0
335,2003/4/7 23:00,0
336,2003/4/7 23:30,0
337,2003/4/8 0:00,0
338,2003/4/8 0:30,0
339,2003/4/8 1:00,0
340,2003/4/8 1:30,0.88930648
341,2003/4/8 2:00,0
342,2003/4/8 2:30,0
343,2003/4/8 3:00,0
344,2003/4/8 3:30,0
345,2003/4/8 4:00,0
346,2003/4/8 4:30,0
347,2003/4/8 5:00,0
348,2003/4/8 5:30,0
349,2003/4/8 6:00,0
350,2003/4/8 6:30,0
351,2003/4/8 7:00,1.122567135
352,2003/4/8 7:30,3.338543935
353,2003/4/8 8:00,0
354,2003/4/8 8:30,0
355,2003/4/8 9:00,0
356,2003/4/8 9:30,0
357,2003/4/8 10:00,0
358,2003/4/8 10:30,0
359,2003/4/8 11:00,0
360,2003/4/8 11:30,0
361,2003/4/8 12:00,0
362,2003/4/8 12:30,0
363,2003/4/8 13:00,0
364,2003/4/8 13:30,0
365,2003/4/8 14:00,0
366,2003/4/8 14:30,0
367,2003/4/8 15:00,0
368,2003/4/8 15:30,0
369,2003/4/8 16:00,0
370,2003/4/8 16:30,0
371,2003/4/8 17:00,0
372,2003/4/8 17:30,0
373,2003/4/8 18:00,0
374,2003/4/8 18:30,0
375,2003/4/8 19:00,0
376,2003/4/8 19:30,0
377,2003/4/8 20:00,1.778612959
378,2003/4/8 20:30,0.88930648
379,2003/4/8 21:00,2.4492372
380,2003/4/8 21:30,11.37145959
381,2003/4/8 22:00,3.557225919
382,2003/4/8 22:30,4.461110814
383,2003/4/8 23:00,0
384,2003/4/8 23:30,0
385,2003/4/9 0:00,0
386,2003/4/9 0:30,0
387,2003/4/9 1:00,0
388,2003/4/9 1:30,0
389,2003/4/9 2:00,0
390,2003/4/9 2:30,0
391,2003/4/9 3:00,0
392,2003/4/9 3:30,0
393,2003/4/9 4:00,0
394,2003/4/9 4:30,0
395,2003/4/9 5:00,0
396,2003/4/9 5:30,0
397,2003/4/9 6:00,0
398,2003/4/9 6:30,0
399,2003/4/9 7:00,0
400,2003/4/9 7:30,0
401,2003/4/9 8:00,0.88930648
402,2003/4/9 8:30,0.88930648
403,2003/4/9 9:00,3.353122733
404,2003/4/9 9:30,5.117156638
405,2003/4/9 10:00,0
406,2003/4/9 10:30,0
407,2003/4/9 11:00,0
408,2003/4/9 11:30,0
409,2003/4/9 12:00,0
410,2003/4/9 12:30,0
411,2003/4/9 13:00,0
412,2003/4/9 13:30,0
413,2003/4/9 14:00,0
414,2003/4/9 14:30,0
415,2003/4/9 15:00,0
416,2003/4/9 15:30,0
417,2003/4/9 16:00,0
418,2003/4/9 16:30,0
419,2003/4/9 17:00,0
420,2003/4/9 17:30,0
421,2003/4/9 18:00,0
422,2003/4/9 18:30,1.122567135
423,2003/4/9 19:00,0
424,2003/4/9 19:30,0
425,2003/4/9 20:00,6.035620843
426,2003/4/9 20:30,8.470279243
427,2003/4/9 21:00,1.559930975
428,2003/4/9 21:30,2.011873614
429,2003/4/9 22:00,0
430,2003/4/9 22:30,0
431,2003/4/9 23:00,0
432,2003/4/9 23:30,0
433,2003/4/10 0:00,0
434,2003/4/10 0:30,0
435,2003/4/10 1:00,0
436,2003/4/10 1:30,0
437,2003/4/10 2:00,0
438,2003/4/10 2:30,0
439,2003/4/10 3:00,0
440,2003/4/10 3:30,0
441,2003/4/10 4:00,0
442,2003/4/10 4:30,0
443,2003/4/10 5:00,0
444,2003/4/10 5:30,0
445,2003/4/10 6:00,0
446,2003/4/10 6:30,0
447,2003/4/10 7:00,0
448,2003/4/10 7:30,0
449,2003/4/10 8:00,0
450,2003/4/10 8:30,0
451,2003/4/10 9:00,0
452,2003/4/10 9:30,0
453,2003/4/10 10:00,0
454,2003/4/10 10:30,0
455,2003/4/10 11:00,0
456,2003/4/10 11:30,0
457,2003/4/10 12:00,0
458,2003/4/10 12:30,0
459,2003/4/10 13:00,0
460,2003/4/10 13:30,0
461,2003/4/10 14:00,0
462,2003/4/10 14:30,0
463,2003/4/10 15:00,0
464,2003/4/10 15:30,0
465,2003/4/10 16:00,0
466,2003/4/10 16:30,0
467,2003/4/10 17:00,0
468,2003/4/10 17:30,0
469,2003/4/10 18:00,0
470,2003/4/10 18:30,0
471,2003/4/10 19:00,0
472,2003/4/10 19:30,0
473,2003/4/10 20:00,6.021041535
474,2003/4/10 20:30,0
475,2003/4/10 21:00,6.254302829
476,2003/4/10 21:30,6.254302829
477,2003/4/10 22:00,2.901180094
478,2003/4/10 22:30,0
479,2003/4/10 23:00,0
480,2003/4/10 23:30,0
481,2003/4/11 0:00,0
482,2003/4/11 0:30,0
483,2003/4/11 1:00,0
484,2003/4/11 1:30,0
485,2003/4/11 2:00,0
486,2003/4/11 2:30,0
487,2003/4/11 3:00,0
488,2003/4/11 3:30,0
489,2003/4/11 4:00,0
490,2003/4/11 4:30,0
491,2003/4/11 5:00,0
492,2003/4/11 5:30,0
493,2003/4/11 6:00,0
494,2003/4/11 6:30,0.88930648
495,2003/4/11 7:00,0
496,2003/4/11 7:30,0
497,2003/4/11 8:00,0
498,2003/4/11 8:30,0
499,2003/4/11 9:00,0
500,2003/4/11 9:30,0
501,2003/4/11 10:00,0
502,2003/4/11 10:30,0
503,2003/4/11 11:00,0
504,2003/4/11 11:30,0
505,2003/4/11 12:00,0
506,2003/4/11 12:30,0
507,2003/4/11 13:00,0
508,2003/4/11 13:30,0
509,2003/4/11 14:00,0
510,2003/4/11 14:30,0
511,2003/4/11 15:00,0
512,2003/4/11 15:30,0
513,2003/4/11 16:00,0
514,2003/4/11 16:30,0
515,2003/4/11 17:00,0
516,2003/4/11 17:30,0
517,2003/4/11 18:00,0
518,2003/4/11 18:30,0.88930648
519,2003/4/11 19:00,0.88930648
520,2003/4/11 19:30,0
521,2003/4/11 20:00,9.811528746
522,2003/4/11 20:30,0
523,2003/4/11 21:00,4.679792928
524,2003/4/11 21:30,0
525,2003/4/11 22:00,0
526,2003/4/11 22:30,0
527,2003/4/11 23:00,0
528,2003/4/11 23:30,0
529,2003/4/12 0:00,0
530,2003/4/12 0:30,0
531,2003/4/12 1:00,0
532,2003/4/12 1:30,0
533,2003/4/12 2:00,0
534,2003/4/12 2:30,0
535,2003/4/12 3:00,0
536,2003/4/12 3:30,0
537,2003/4/12 4:00,0
538,2003/4/12 4:30,0
539,2003/4/12 5:00,0
540,2003/4/12 5:30,0
541,2003/4/12 6:00,0
542,2003/4/12 6:30,3.353122733
543,2003/4/12 7:00,0
544,2003/4/12 7:30,0
545,2003/4/12 8:00,0
546,2003/4/12 8:30,0
547,2003/4/12 9:00,0
548,2003/4/12 9:30,0
549,2003/4/12 10:00,0
550,2003/4/12 10:30,0
551,2003/4/12 11:00,0
552,2003/4/12 11:30,0
553,2003/4/12 12:00,0
554,2003/4/12 12:30,0
555,2003/4/12 13:00,0
556,2003/4/12 13:30,0
557,2003/4/12 14:00,0
558,2003/4/12 14:30,0
559,2003/4/12 15:00,0
560,2003/4/12 15:30,0
561,2003/4/12 16:00,0
562,2003/4/12 16:30,0
563,2003/4/12 17:00,0
564,2003/4/12 17:30,0
565,2003/4/12 18:00,0
566,2003/4/12 18:30,1.778612959
567,2003/4/12 19:00,0
568,2003/4/12 19:30,5.569099404
569,2003/4/12 20:00,9.59284676
570,2003/4/12 20:30,1.122567135
571,2003/4/12 21:00,0
572,2003/4/12 21:30,0
573,2003/4/12 22:00,0
574,2003/4/12 22:30,0
575,2003/4/12 23:00,0
576,2003/4/12 23:30,0
577,2003/4/13 0:00,0
578,2003/4/13 0:30,0
579,2003/4/13 1:00,0
580,2003/4/13 1:30,0
581,2003/4/13 2:00,0
582,2003/4/13 2:30,0
583,2003/4/13 3:00,0
584,2003/4/13 3:30,0
585,2003/4/13 4:00,0
586,2003/4/13 4:30,0
587,2003/4/13 5:00,0
588,2003/4/13 5:30,0
589,2003/4/13 6:00,0
590,2003/4/13 6:30,0
591,2003/4/13 7:00,3.571804717
592,2003/4/13 7:30,0
593,2003/4/13 8:00,0
594,2003/4/13 8:30,0
595,2003/4/13 9:00,0
596,2003/4/13 9:30,0
597,2003/4/13 10:00,0
598,2003/4/13 10:30,0
599,2003/4/13 11:00,0
600,2003/4/13 11:30,0
601,2003/4/13 12:00,0.88930648
602,2003/4/13 12:30,0
603,2003/4/13 13:00,0
604,2003/4/13 13:30,0
605,2003/4/13 14:00,0
606,2003/4/13 14:30,0
607,2003/4/13 15:00,0
608,2003/4/13 15:30,1.559930975
609,2003/4/13 16:00,0
610,2003/4/13 16:30,0
611,2003/4/13 17:00,0
612,2003/4/13 17:30,0
613,2003/4/13 18:00,0
614,2003/4/13 18:30,0
615,2003/4/13 19:00,0
616,2003/4/13 19:30,0
617,2003/4/13 20:00,5.569099532
618,2003/4/13 20:30,4.023747356
619,2003/4/13 21:00,3.790486574
620,2003/4/13 21:30,0
621,2003/4/13 22:00,0
622,2003/4/13 22:30,0
623,2003/4/13 23:00,0
624,2003/4/13 23:30,0
625,2003/4/14 0:00,0
626,2003/4/14 0:30,0
627,2003/4/14 1:00,0
628,2003/4/14 1:30,0
629,2003/4/14 2:00,0
630,2003/4/14 2:30,0
631,2003/4/14 3:00,0
632,2003/4/14 3:30,0
633,2003/4/14 4:00,0
634,2003/4/14 4:30,0
635,2003/4/14 5:00,0
636,2003/4/14 5:30,0
637,2003/4/14 6:00,0
638,2003/4/14 6:30,0
639,2003/4/14 7:00,3.57180459
640,2003/4/14 7:30,0
641,2003/4/14 8:00,0
642,2003/4/14 8:30,0
643,2003/4/14 9:00,0
644,2003/4/14 9:30,0
645,2003/4/14 10:00,0
646,2003/4/14 10:30,0
647,2003/4/14 11:00,0
648,2003/4/14 11:30,0
649,2003/4/14 12:00,0
650,2003/4/14 12:30,0
651,2003/4/14 13:00,0
652,2003/4/14 13:30,0
653,2003/4/14 14:00,0
654,2003/4/14 14:30,0
655,2003/4/14 15:00,0
656,2003/4/14 15:30,0
657,2003/4/14 16:00,0
658,2003/4/14 16:30,0
659,2003/4/14 17:00,0
660,2003/4/14 17:30,0
661,2003/4/14 18:00,0
662,2003/4/14 18:30,0
663,2003/4/14 19:00,1.122567135
664,2003/4/14 19:30,0
665,2003/4/14 20:00,8.922222009
666,2003/4/14 20:30,0
667,2003/4/14 21:00,3.353122733
668,2003/4/14 21:30,0
669,2003/4/14 22:00,0
670,2003/4/14 22:30,0
671,2003/4/14 23:00,0
672,2003/4/14 23:30,0
673,2003/4/15 0:00,0
674,2003/4/15 0:30,0
675,2003/4/15 1:00,0
676,2003/4/15 1:30,0
677,2003/4/15 2:00,0
678,2003/4/15 2:30,0
679,2003/4/15 3:00,0
680,2003/4/15 3:30,0
681,2003/4/15 4:00,0
682,2003/4/15 4:30,0
683,2003/4/15 5:00,0
684,2003/4/15 5:30,0
685,2003/4/15 6:00,0
686,2003/4/15 6:30,0
687,2003/4/15 7:00,0
688,2003/4/15 7:30,0
689,2003/4/15 8:00,0
690,2003/4/15 8:30,0
691,2003/4/15 9:00,0
692,2003/4/15 9:30,0
693,2003/4/15 10:00,0
694,2003/4/15 10:30,0
695,2003/4/15 11:00,0
696,2003/4/15 11:30,0
697,2003/4/15 12:00,3.134440749
698,2003/4/15 12:30,0
699,2003/4/15 13:00,0
700,2003/4/15 13:30,0
701,2003/4/15 14:00,0
702,2003/4/15 14:30,0
703,2003/4/15 15:00,0
704,2003/4/15 15:30,0
705,2003/4/15 16:00,0
706,2003/4/15 16:30,0
707,2003/4/15 17:00,0
708,2003/4/15 17:30,0
709,2003/4/15 18:00,0
710,2003/4/15 18:30,0
711,2003/4/15 19:00,1.778612959
712,2003/4/15 19:30,0
713,2003/4/15 20:00,1.778612959
714,2003/4/15 20:30,7.58097302
715,2003/4/15 21:00,2.682498237
716,2003/4/15 21:30,4.679793052
717,2003/4/15 22:00,0
718,2003/4/15 22:30,0
719,2003/4/15 23:00,0
720,2003/4/15 23:30,0
721,2003/4/16 0:00,0
722,2003/4/16 0:30,0
723,2003/4/16 1:00,0
724,2003/4/16 1:30,0
725,2003/4/16 2:00,0
726,2003/4/16 2:30,0
727,2003/4/16 3:00,0
728,2003/4/16 3:30,0
729,2003/4/16 4:00,0
730,2003/4/16 4:30,0
731,2003/4/16 5:00,0
732,2003/4/16 5:30,0
733,2003/4/16 6:00,0
734,2003/4/16 6:30,0
735,2003/4/16 7:00,0
736,2003/4/16 7:30,6.924927323
737,2003/4/16 8:00,4.242429213
738,2003/4/16 8:30,0
739,2003/4/16 9:00,0
740,2003/4/16 9:30,0
741,2003/4/16 10:00,0
742,2003/4/16 10:30,0
743,2003/4/16 11:00,0
744,2003/4/16 11:30,0
745,2003/4/16 12:00,0
746,2003/4/16 12:30,0
747,2003/4/16 13:00,0
748,2003/4/16 13:30,0
749,2003/4/16 14:00,0
750,2003/4/16 14:30,0
751,2003/4/16 15:00,0
752,2003/4/16 15:30,0
753,2003/4/16 16:00,0
754,2003/4/16 16:30,0
755,2003/4/16 17:00,0
756,2003/4/16 17:30,0
757,2003/4/16 18:00,0
758,2003/4/16 18:30,0
759,2003/4/16 19:00,0
760,2003/4/16 19:30,0
761,2003/4/16 20:00,0
762,2003/4/16 20:30,0
763,2003/4/16 21:00,11.61929828
764,2003/4/16 21:30,4.257007883
765,2003/4/16 22:00,0
766,2003/4/16 22:30,0
767,2003/4/16 23:00,0
768,2003/4/16 23:30,0
769,2003/4/17 0:00,3.338543934
770,2003/4/17 0:30,0
771,2003/4/17 1:00,0
772,2003/4/17 1:30,0
773,2003/4/17 2:00,0
774,2003/4/17 2:30,0
775,2003/4/17 3:00,0
776,2003/4/17 3:30,0
777,2003/4/17 4:00,0
778,2003/4/17 4:30,0
779,2003/4/17 5:00,0
780,2003/4/17 5:30,0
781,2003/4/17 6:00,0
782,2003/4/17 6:30,0
783,2003/4/17 7:00,0
784,2003/4/17 7:30,0.88930648
785,2003/4/17 8:00,0
786,2003/4/17 8:30,0
787,2003/4/17 9:00,0
788,2003/4/17 9:30,0
789,2003/4/17 10:00,0
790,2003/4/17 10:30,0
791,2003/4/17 11:00,0
792,2003/4/17 11:30,0
793,2003/4/17 12:00,0
794,2003/4/17 12:30,0
795,2003/4/17 13:00,0
796,2003/4/17 13:30,0
797,2003/4/17 14:00,0
798,2003/4/17 14:30,0
799,2003/4/17 15:00,0
800,2003/4/17 15:30,0
801,2003/4/17 16:00,0
802,2003/4/17 16:30,0
803,2003/4/17 17:00,0
804,2003/4/17 17:30,0
805,2003/4/17 18:00,0
806,2003/4/17 18:30,0
807,2003/4/17 19:00,0
808,2003/4/17 19:30,1.341249119
809,2003/4/17 20:00,7.129030507
810,2003/4/17 20:30,0
811,2003/4/17 21:00,2.230555471
812,2003/4/17 21:30,0
813,2003/4/17 22:00,0
814,2003/4/17 22:30,0
815,2003/4/17 23:00,0
816,2003/4/17 23:30,2.230555471
817,2003/4/18 0:00,1.122567135
818,2003/4/18 0:30,0
819,2003/4/18 1:00,0
820,2003/4/18 1:30,3.119862078
821,2003/4/18 2:00,0
822,2003/4/18 2:30,0
823,2003/4/18 3:00,0
824,2003/4/18 3:30,0
825,2003/4/18 4:00,0
826,2003/4/18 4:30,0
827,2003/4/18 5:00,0
828,2003/4/18 5:30,0
829,2003/4/18 6:00,0
830,2003/4/18 6:30,2.68249811
831,2003/4/18 7:00,0
832,2003/4/18 7:30,0
833,2003/4/18 8:00,0
834,2003/4/18 8:30,0
835,2003/4/18 9:00,0
836,2003/4/18 9:30,0
837,2003/4/18 10:00,0
838,2003/4/18 10:30,0
839,2003/4/18 11:00,0
840,2003/4/18 11:30,0
841,2003/4/18 12:00,0
842,2003/4/18 12:30,0
843,2003/4/18 13:00,0
844,2003/4/18 13:30,0
845,2003/4/18 14:00,0
846,2003/4/18 14:30,0
847,2003/4/18 15:00,0
848,2003/4/18 15:30,0
849,2003/4/18 16:00,0
850,2003/4/18 16:30,0
851,2003/4/18 17:00,0
852,2003/4/18 17:30,0
853,2003/4/18 18:00,0
854,2003/4/18 18:30,0
855,2003/4/18 19:00,0
856,2003/4/18 19:30,0
857,2003/4/18 20:00,0
858,2003/4/18 20:30,12.27534487
859,2003/4/18 21:00,0.88930648
860,2003/4/18 21:30,0
861,2003/4/18 22:00,0
862,2003/4/18 22:30,0
863,2003/4/18 23:00,0
864,2003/4/18 23:30,0
865,2003/4/19 0:00,0
866,2003/4/19 0:30,1.122567135
867,2003/4/19 1:00,1.778612959
868,2003/4/19 1:30,0
869,2003/4/19 2:00,0
870,2003/4/19 2:30,0
871,2003/4/19 3:00,0
872,2003/4/19 3:30,0
873,2003/4/19 4:00,0
874,2003/4/19 4:30,0
875,2003/4/19 5:00,0
876,2003/4/19 5:30,0
877,2003/4/19 6:00,0
878,2003/4/19 6:30,3.134440749
879,2003/4/19 7:00,0
880,2003/4/19 7:30,0
881,2003/4/19 8:00,0
882,2003/4/19 8:30,0
883,2003/4/19 9:00,0
884,2003/4/19 9:30,0
885,2003/4/19 10:00,0
886,2003/4/19 10:30,0
887,2003/4/19 11:00,0
888,2003/4/19 11:30,0
889,2003/4/19 12:00,0
890,2003/4/19 12:30,0
891,2003/4/19 13:00,0
892,2003/4/19 13:30,0
893,2003/4/19 14:00,0
894,2003/4/19 14:30,0
895,2003/4/19 15:00,0
896,2003/4/19 15:30,0
897,2003/4/19 16:00,0
898,2003/4/19 16:30,0
899,2003/4/19 17:00,0
900,2003/4/19 17:30,0
901,2003/4/19 18:00,0
902,2003/4/19 18:30,0
903,2003/4/19 19:00,0
904,2003/4/19 19:30,0
905,2003/4/19 20:00,0
906,2003/4/19 20:30,0
907,2003/4/19 21:00,0
908,2003/4/19 21:30,0
909,2003/4/19 22:00,0
910,2003/4/19 22:30,0
911,2003/4/19 23:00,0
912,2003/4/19 23:30,0
913,2003/4/20 0:00,0.88930648
914,2003/4/20 0:30,0
915,2003/4/20 1:00,0
916,2003/4/20 1:30,0
917,2003/4/20 2:00,0
918,2003/4/20 2:30,0
919,2003/4/20 3:00,0
920,2003/4/20 3:30,0
921,2003/4/20 4:00,0
922,2003/4/20 4:30,0
923,2003/4/20 5:00,0
924,2003/4/20 5:30,0
925,2003/4/20 6:00,0
926,2003/4/20 6:30,1.341249119
927,2003/4/20 7:00,1.341249119
928,2003/4/20 7:30,0
929,2003/4/20 8:00,0
930,2003/4/20 8:30,0
931,2003/4/20 9:00,0
932,2003/4/20 9:30,0
933,2003/4/20 10:00,0
934,2003/4/20 10:30,0
935,2003/4/20 11:00,0
936,2003/4/20 11:30,0
937,2003/4/20 12:00,0
938,2003/4/20 12:30,0
939,2003/4/20 13:00,0
940,2003/4/20 13:30,0
941,2003/4/20 14:00,0
942,2003/4/20 14:30,0
943,2003/4/20 15:00,0
944,2003/4/20 15:30,0
945,2003/4/20 16:00,0
946,2003/4/20 16:30,0
947,2003/4/20 17:00,0
948,2003/4/20 17:30,0
949,2003/4/20 18:00,0
950,2003/4/20 18:30,0
951,2003/4/20 19:00,1.778612959
952,2003/4/20 19:30,0
953,2003/4/20 20:00,0
954,2003/4/20 20:30,0
955,2003/4/20 21:00,4.023747228
956,2003/4/20 21:30,2.011873614
957,2003/4/20 22:00,2.68249811
958,2003/4/20 22:30,0
959,2003/4/20 23:00,0
960,2003/4/20 23:30,0
961,2003/4/21 0:00,0
962,2003/4/21 0:30,0
963,2003/4/21 1:00,0
964,2003/4/21 1:30,0
965,2003/4/21 2:00,0
966,2003/4/21 2:30,0
967,2003/4/21 3:00,0
968,2003/4/21 3:30,0
969,2003/4/21 4:00,0
970,2003/4/21 4:30,0
971,2003/4/21 5:00,0
972,2003/4/21 5:30,0
973,2003/4/21 6:00,0
974,2003/4/21 6:30,0
975,2003/4/21 7:00,0
976,2003/4/21 7:30,3.338543934
977,2003/4/21 8:00,0
978,2003/4/21 8:30,0
979,2003/4/21 9:00,0
980,2003/4/21 9:30,0
981,2003/4/21 10:00,0
982,2003/4/21 10:30,0
983,2003/4/21 11:00,0
984,2003/4/21 11:30,0
985,2003/4/21 12:00,0
986,2003/4/21 12:30,0
987,2003/4/21 13:00,0
988,2003/4/21 13:30,0
989,2003/4/21 14:00,0
990,2003/4/21 14:30,0
991,2003/4/21 15:00,0
992,2003/4/21 15:30,0
993,2003/4/21 16:00,0
994,2003/4/21 16:30,0
995,2003/4/21 17:00,0
996,2003/4/21 17:30,0
997,2003/4/21 18:00,0
998,2003/4/21 18:30,0
999,2003/4/21 19:00,0
1000,2003/4/21 19:30,0
1001,2003/4/21 20:00,0
1002,2003/4/21 20:30,0
1003,2003/4/21 21:00,0
1004,2003/4/21 21:30,0
1005,2003/4/21 22:00,0
1006,2003/4/21 22:30,0
1007,2003/4/21 23:00,0
1008,2003/4/21 23:30,0
1009,2003/4/22 0:00,0
1010,2003/4/22 0:30,0
1011,2003/4/22 1:00,0
1012,2003/4/22 1:30,0
1013,2003/4/22 2:00,0
1014,2003/4/22 2:30,0
1015,2003/4/22 3:00,0
1016,2003/4/22 3:30,3.134440749
1017,2003/4/22 4:00,2.011873614
1018,2003/4/22 4:30,0
1019,2003/4/22 5:00,4.009168429
1020,2003/4/22 5:30,0
1021,2003/4/22 6:00,0
1022,2003/4/22 6:30,0
1023,2003/4/22 7:00,1.778612959
1024,2003/4/22 7:30,0
1025,2003/4/22 8:00,3.119862078
1026,2003/4/22 8:30,0
1027,2003/4/22 9:00,0
1028,2003/4/22 9:30,0
1029,2003/4/22 10:00,0
1030,2003/4/22 10:30,0
1031,2003/4/22 11:00,0
1032,2003/4/22 11:30,0
1033,2003/4/22 12:00,0
1034,2003/4/22 12:30,0
1035,2003/4/22 13:00,0
1036,2003/4/22 13:30,0
1037,2003/4/22 14:00,0
1038,2003/4/22 14:30,0
1039,2003/4/22 15:00,0
1040,2003/4/22 15:30,0
1041,2003/4/22 16:00,0
1042,2003/4/22 16:30,0
1043,2003/4/22 17:00,0
1044,2003/4/22 17:30,0
1045,2003/4/22 18:00,0
1046,2003/4/22 18:30,0.88930648
1047,2003/4/22 19:00,5.350417551
1048,2003/4/22 19:30,0
1049,2003/4/22 20:00,5.802359931
1050,2003/4/22 20:30,0
1051,2003/4/22 21:00,0
1052,2003/4/22 21:30,0
1053,2003/4/22 22:00,0
1054,2003/4/22 22:30,2.449237455
1055,2003/4/22 23:00,0
1056,2003/4/22 23:30,2.011873614
1057,2003/4/23 0:00,1.778612959
1058,2003/4/23 0:30,0
1059,2003/4/23 1:00,0
1060,2003/4/23 1:30,0
1061,2003/4/23 2:00,0
1062,2003/4/23 2:30,0
1063,2003/4/23 3:00,0
1064,2003/4/23 3:30,0
1065,2003/4/23 4:00,0
1066,2003/4/23 4:30,0
1067,2003/4/23 5:00,0
1068,2003/4/23 5:30,0
1069,2003/4/23 6:00,0
1070,2003/4/23 6:30,0
1071,2003/4/23 7:00,0
1072,2003/4/23 7:30,0
1073,2003/4/23 8:00,0
1074,2003/4/23 8:30,0.88930648
1075,2003/4/23 9:00,0.88930648
1076,2003/4/23 9:30,0.88930648
1077,2003/4/23 10:00,0
1078,2003/4/23 10:30,0
1079,2003/4/23 11:00,0
1080,2003/4/23 11:30,0
1081,2003/4/23 12:00,0
1082,2003/4/23 12:30,0
1083,2003/4/23 13:00,0
1084,2003/4/23 13:30,0
1085,2003/4/23 14:00,0
1086,2003/4/23 14:30,0
1087,2003/4/23 15:00,0
1088,2003/4/23 15:30,0
1089,2003/4/23 16:00,0
1090,2003/4/23 16:30,0
1091,2003/4/23 17:00,0
1092,2003/4/23 17:30,0
1093,2003/4/23 18:00,0
1094,2003/4/23 18:30,0
1095,2003/4/23 19:00,0
1096,2003/4/23 19:30,0
1097,2003/4/23 20:00,2.667919438
1098,2003/4/23 20:30,6.254302701
1099,2003/4/23 21:00,2.011873614
1100,2003/4/23 21:30,2.011873614
1101,2003/4/23 22:00,0
1102,2003/4/23 22:30,0
1103,2003/4/23 23:00,0
1104,2003/4/23 23:30,0
1105,2003/4/24 0:00,0
1106,2003/4/24 0:30,0
1107,2003/4/24 1:00,0
1108,2003/4/24 1:30,0
1109,2003/4/24 2:00,0
1110,2003/4/24 2:30,0
1111,2003/4/24 3:00,0
1112,2003/4/24 3:30,0
1113,2003/4/24 4:00,0
1114,2003/4/24 4:30,0
1115,2003/4/24 5:00,0
1116,2003/4/24 5:30,0
1117,2003/4/24 6:00,0
1118,2003/4/24 6:30,0
1119,2003/4/24 7:00,3.119861949
1120,2003/4/24 7:30,0
1121,2003/4/24 8:00,0
1122,2003/4/24 8:30,0
1123,2003/4/24 9:00,0
1124,2003/4/24 9:30,0
1125,2003/4/24 10:00,0
1126,2003/4/24 10:30,0
1127,2003/4/24 11:00,0
1128,2003/4/24 11:30,0
1129,2003/4/24 12:00,0
1130,2003/4/24 12:30,0
1131,2003/4/24 13:00,1.122567135
1132,2003/4/24 13:30,0
1133,2003/4/24 14:00,0
1134,2003/4/24 14:30,0
1135,2003/4/24 15:00,0
1136,2003/4/24 15:30,0
1137,2003/4/24 16:00,0
1138,2003/4/24 16:30,0
1139,2003/4/24 17:00,0
1140,2003/4/24 17:30,0
1141,2003/4/24 18:00,0
1142,2003/4/24 18:30,0
1143,2003/4/24 19:00,0
1144,2003/4/24 19:30,0
1145,2003/4/24 20:00,11.60472012
1146,2003/4/24 20:30,4.679793052
1147,2003/4/24 21:00,0
1148,2003/4/24 21:30,0
1149,2003/4/24 22:00,0
1150,2003/4/24 22:30,0
1151,2003/4/24 23:00,0
1152,2003/4/24 23:30,0
1153,2003/4/25 0:00,0
1154,2003/4/25 0:30,0
1155,2003/4/25 1:00,0
1156,2003/4/25 1:30,0
1157,2003/4/25 2:00,0
1158,2003/4/25 2:30,0
1159,2003/4/25 3:00,0
1160,2003/4/25 3:30,0
1161,2003/4/25 4:00,0
1162,2003/4/25 4:30,0
1163,2003/4/25 5:00,0
1164,2003/4/25 5:30,0
1165,2003/4/25 6:00,0
1166,2003/4/25 6:30,2.4492372
1167,2003/4/25 7:00,0
1168,2003/4/25 7:30,0
1169,2003/4/25 8:00,0
1170,2003/4/25 8:30,0
1171,2003/4/25 9:00,0
1172,2003/4/25 9:30,0
1173,2003/4/25 10:00,0
1174,2003/4/25 10:30,0
1175,2003/4/25 11:00,0
1176,2003/4/25 11:30,0
1177,2003/4/25 12:00,0
1178,2003/4/25 12:30,0
1179,2003/4/25 13:00,0
1180,2003/4/25 13:30,0
1181,2003/4/25 14:00,0
1182,2003/4/25 14:30,0
1183,2003/4/25 15:00,0
1184,2003/4/25 15:30,0
1185,2003/4/25 16:00,0
1186,2003/4/25 16:30,0
1187,2003/4/25 17:00,0
1188,2003/4/25 17:30,0
1189,2003/4/25 18:00,0
1190,2003/4/25 18:30,0
1191,2003/4/25 19:00,0
1192,2003/4/25 19:30,0
1193,2003/4/25 20:00,0
1194,2003/4/25 20:30,0
1195,2003/4/25 21:00,0
1196,2003/4/25 21:30,0
1197,2003/4/25 22:00,0
1198,2003/4/25 22:30,0
1199,2003/4/25 23:00,0
1200,2003/4/25 23:30,0
1201,2003/4/26 0:00,0
1202,2003/4/26 0:30,0
1203,2003/4/26 1:00,0
1204,2003/4/26 1:30,0
1205,2003/4/26 2:00,0
1206,2003/4/26 2:30,0
1207,2003/4/26 3:00,0
1208,2003/4/26 3:30,0
1209,2003/4/26 4:00,0
1210,2003/4/26 4:30,0
1211,2003/4/26 5:00,0
1212,2003/4/26 5:30,0
1213,2003/4/26 6:00,0
1214,2003/4/26 6:30,3.353122605
1215,2003/4/26 7:00,0
1216,2003/4/26 7:30,0
1217,2003/4/26 8:00,0
1218,2003/4/26 8:30,0
1219,2003/4/26 9:00,0
1220,2003/4/26 9:30,0
1221,2003/4/26 10:00,0
1222,2003/4/26 10:30,0
1223,2003/4/26 11:00,0
1224,2003/4/26 11:30,0
1225,2003/4/26 12:00,0
1226,2003/4/26 12:30,0
1227,2003/4/26 13:00,0
1228,2003/4/26 13:30,0
1229,2003/4/26 14:00,0
1230,2003/4/26 14:30,0
1231,2003/4/26 15:00,0
1232,2003/4/26 15:30,0
1233,2003/4/26 16:00,0
1234,2003/4/26 16:30,0
1235,2003/4/26 17:00,0
1236,2003/4/26 17:30,0
1237,2003/4/26 18:00,0
1238,2003/4/26 18:30,0
1239,2003/4/26 19:00,0
1240,2003/4/26 19:30,0
1241,2003/4/26 20:00,0
1242,2003/4/26 20:30,0
1243,2003/4/26 21:00,0
1244,2003/4/26 21:30,0
1245,2003/4/26 22:00,0
1246,2003/4/26 22:30,0
1247,2003/4/26 23:00,0
1248,2003/4/26 23:30,0
1249,2003/4/27 0:00,0
1250,2003/4/27 0:30,0
1251,2003/4/27 1:00,0
1252,2003/4/27 1:30,0
1253,2003/4/27 2:00,0
1254,2003/4/27 2:30,0
1255,2003/4/27 3:00,0
1256,2003/4/27 3:30,0
1257,2003/4/27 4:00,0
1258,2003/4/27 4:30,0
1259,2003/4/27 5:00,0
1260,2003/4/27 5:30,0
1261,2003/4/27 6:00,0
1262,2003/4/27 6:30,0
1263,2003/4/27 7:00,3.557225919
1264,2003/4/27 7:30,0
1265,2003/4/27 8:00,0
1266,2003/4/27 8:30,0
1267,2003/4/27 9:00,0
1268,2003/4/27 9:30,0
1269,2003/4/27 10:00,0
1270,2003/4/27 10:30,0
1271,2003/4/27 11:00,0
1272,2003/4/27 11:30,0
1273,2003/4/27 12:00,1.122567135
1274,2003/4/27 12:30,1.559930975
1275,2003/4/27 13:00,1.341249119
1276,2003/4/27 13:30,0
1277,2003/4/27 14:00,0
1278,2003/4/27 14:30,0
1279,2003/4/27 15:00,0
1280,2003/4/27 15:30,0
1281,2003/4/27 16:00,0
1282,2003/4/27 16:30,0
1283,2003/4/27 17:00,0
1284,2003/4/27 17:30,0
1285,2003/4/27 18:00,0
1286,2003/4/27 18:30,0
1287,2003/4/27 19:00,0
1288,2003/4/27 19:30,0
1289,2003/4/27 20:00,11.82340159
1290,2003/4/27 20:30,1.122567135
1291,2003/4/27 21:00,2.011873614
1292,2003/4/27 21:30,0
1293,2003/4/27 22:00,0
1294,2003/4/27 22:30,0
1295,2003/4/27 23:00,0
1296,2003/4/27 23:30,0
1297,2003/4/28 0:00,0
1298,2003/4/28 0:30,0
1299,2003/4/28 1:00,0
1300,2003/4/28 1:30,0
1301,2003/4/28 2:00,0
1302,2003/4/28 2:30,0
1303,2003/4/28 3:00,0
1304,2003/4/28 3:30,0
1305,2003/4/28 4:00,0
1306,2003/4/28 4:30,0
1307,2003/4/28 5:00,0
1308,2003/4/28 5:30,0
1309,2003/4/28 6:00,0
1310,2003/4/28 6:30,0
1311,2003/4/28 7:00,3.11986195
1312,2003/4/28 7:30,0
1313,2003/4/28 8:00,0
1314,2003/4/28 8:30,0
1315,2003/4/28 9:00,0
1316,2003/4/28 9:30,0
1317,2003/4/28 10:00,0
1318,2003/4/28 10:30,0
1319,2003/4/28 11:00,0
1320,2003/4/28 11:30,0
1321,2003/4/28 12:00,0
1322,2003/4/28 12:30,0
1323,2003/4/28 13:00,0
1324,2003/4/28 13:30,0
1325,2003/4/28 14:00,0
1326,2003/4/28 14:30,0
1327,2003/4/28 15:00,0
1328,2003/4/28 15:30,0
1329,2003/4/28 16:00,0
1330,2003/4/28 16:30,0
1331,2003/4/28 17:00,0
1332,2003/4/28 17:30,0
1333,2003/4/28 18:00,0
1334,2003/4/28 18:30,0
1335,2003/4/28 19:00,0
1336,2003/4/28 19:30,4.461111071
1337,2003/4/28 20:00,4.242429213
1338,2003/4/28 20:30,4.009168174
1339,2003/4/28 21:00,0
1340,2003/4/28 21:30,0
1341,2003/4/28 22:00,0
1342,2003/4/28 22:30,0
1343,2003/4/28 23:00,0
1344,2003/4/28 23:30,0
1345,2003/4/29 0:00,0
1346,2003/4/29 0:30,0
1347,2003/4/29 1:00,1.122567135
1348,2003/4/29 1:30,0
1349,2003/4/29 2:00,0
1350,2003/4/29 2:30,0
1351,2003/4/29 3:00,0
1352,2003/4/29 3:30,0
1353,2003/4/29 4:00,0
1354,2003/4/29 4:30,0
1355,2003/4/29 5:00,0
1356,2003/4/29 5:30,0
1357,2003/4/29 6:00,0
1358,2003/4/29 6:30,0
1359,2003/4/29 7:00,0
1360,2003/4/29 7:30,1.559930975
1361,2003/4/29 8:00,0.88930648
1362,2003/4/29 8:30,0
1363,2003/4/29 9:00,0
1364,2003/4/29 9:30,0
1365,2003/4/29 10:00,0
1366,2003/4/29 10:30,0
1367,2003/4/29 11:00,0
1368,2003/4/29 11:30,0
1369,2003/4/29 12:00,0
1370,2003/4/29 12:30,0
1371,2003/4/29 13:00,0
1372,2003/4/29 13:30,0
1373,2003/4/29 14:00,0
1374,2003/4/29 14:30,0
1375,2003/4/29 15:00,0
1376,2003/4/29 15:30,0
1377,2003/4/29 16:00,0
1378,2003/4/29 16:30,0
1379,2003/4/29 17:00,0
1380,2003/4/29 17:30,0
1381,2003/4/29 18:00,0
1382,2003/4/29 18:30,0
1383,2003/4/29 19:00,0
1384,2003/4/29 19:30,0
1385,2003/4/29 20:00,8.251597386
1386,2003/4/29 20:30,3.571804716
1387,2003/4/29 21:00,3.790486446
1388,2003/4/29 21:30,0
1389,2003/4/29 22:00,0
1390,2003/4/29 22:30,0
1391,2003/4/29 23:00,0
1392,2003/4/29 23:30,0
1393,2003/4/30 0:00,0
1394,2003/4/30 0:30,0
1395,2003/4/30 1:00,0
1396,2003/4/30 1:30,0
1397,2003/4/30 2:00,0
1398,2003/4/30 2:30,0
1399,2003/4/30 3:00,0
1400,2003/4/30 3:30,0
1401,2003/4/30 4:00,0
1402,2003/4/30 4:30,0
1403,2003/4/30 5:00,0
1404,2003/4/30 5:30,0
1405,2003/4/30 6:00,0
1406,2003/4/30 6:30,0
1407,2003/4/30 7:00,0
1408,2003/4/30 7:30,0
1409,2003/4/30 8:00,2.4492372
1410,2003/4/30 8:30,0
1411,2003/4/30 9:00,0
1412,2003/4/30 9:30,0
1413,2003/4/30 10:00,0
1414,2003/4/30 10:30,0
1415,2003/4/30 11:00,0
1416,2003/4/30 11:30,0
1417,2003/4/30 12:00,0
1418,2003/4/30 12:30,0
1419,2003/4/30 13:00,0
1420,2003/4/30 13:30,0
1421,2003/4/30 14:00,0
1422,2003/4/30 14:30,0
1423,2003/4/30 15:00,0
1424,2003/4/30 15:30,0
1425,2003/4/30 16:00,0
1426,2003/4/30 16:30,0
1427,2003/4/30 17:00,0
1428,2003/4/30 17:30,0
1429,2003/4/30 18:00,0
1430,2003/4/30 18:30,0
1431,2003/4/30 19:00,0
1432,2003/4/30 19:30,1.122567135
1433,2003/4/30 20:00,4.242429085
1434,2003/4/30 20:30,8.45570083
1435,2003/4/30 21:00,1.341249119
1436,2003/4/30 21:30,5.131735693
1437,2003/4/30 22:00,0
1438,2003/4/30 22:30,0
1439,2003/4/30 23:00,0
1440,2003/4/30 23:30,0
,2003/5/1 0:00,0
,2003/5/1 0:30,0
,2003/5/1 1:00,0
,2003/5/1 1:30,0
,2003/5/1 2:00,0
,2003/5/1 2:30,0
,2003/5/1 3:00,0
,2003/5/1 3:30,0
,2003/5/1 4:00,0
,2003/5/1 4:30,0
,2003/5/1 5:00,0
,2003/5/1 5:30,0
,2003/5/1 6:00,0
,2003/5/1 6:30,0
,2003/5/1 7:00,0
,2003/5/1 7:30,0
,2003/5/1 8:00,0
,2003/5/1 8:30,0
,2003/5/1 9:00,0
,2003/5/1 9:30,0
,2003/5/1 10:00,0
,2003/5/1 10:30,0
,2003/5/1 11:00,0
,2003/5/1 11:30,0
,2003/5/1 12:00,0
,2003/5/1 12:30,0
,2003/5/1 13:00,0
,2003/5/1 13:30,0
,2003/5/1 14:00,0
,2003/5/1 14:30,0
,2003/5/1 15:00,0
,2003/5/1 15:30,0
,2003/5/1 16:00,0
,2003/5/1 16:30,0
,2003/5/1 17:00,0
,2003/5/1 17:30,0
,2003/5/1 18:00,0
,2003/5/1 18:30,0
,2003/5/1 19:00,0
,2003/5/1 19:30,2.463816254
,2003/5/1 20:00,0
,2003/5/1 20:30,0
,2003/5/1 21:00,8.018337116
,2003/5/1 21:30,3.119862078
,2003/5/1 22:00,0
,2003/5/1 22:30,0
,2003/5/1 23:00,0
,2003/5/1 23:30,0
,2003/5/2 0:00,0
,2003/5/2 0:30,0
,2003/5/2 1:00,0
,2003/5/2 1:30,0
,2003/5/2 2:00,0
,2003/5/2 2:30,0
,2003/5/2 3:00,0
,2003/5/2 3:30,0
,2003/5/2 4:00,0
,2003/5/2 4:30,0
,2003/5/2 5:00,0
,2003/5/2 5:30,0
,2003/5/2 6:00,0
,2003/5/2 6:30,0
,2003/5/2 7:00,0
,2003/5/2 7:30,0
,2003/5/2 8:00,0
,2003/5/2 8:30,0
,2003/5/2 9:00,0
,2003/5/2 9:30,0
,2003/5/2 10:00,0
,2003/5/2 10:30,0
,2003/5/2 11:00,0
,2003/5/2 11:30,0
,2003/5/2 12:00,0
,2003/5/2 12:30,0
,2003/5/2 13:00,0
,2003/5/2 13:30,0
,2003/5/2 14:00,0
,2003/5/2 14:30,0
,2003/5/2 15:00,0
,2003/5/2 15:30,0
,2003/5/2 16:00,0
,2003/5/2 16:30,0
,2003/5/2 17:00,0
,2003/5/2 17:30,0
,2003/5/2 18:00,0
,2003/5/2 18:30,0
,2003/5/2 19:00,0
,2003/5/2 19:30,0
,2003/5/2 20:00,0
,2003/5/2 20:30,0
,2003/5/2 21:00,0
,2003/5/2 21:30,0
,2003/5/2 22:00,4.694371726
,2003/5/2 22:30,6.69166654
,2003/5/2 23:00,0
,2003/5/2 23:30,0
,2003/5/3 0:00,0
,2003/5/3 0:30,1.778612959
,2003/5/3 1:00,0
,2003/5/3 1:30,0
,2003/5/3 2:00,0
,2003/5/3 2:30,0
,2003/5/3 3:00,0
,2003/5/3 3:30,0
,2003/5/3 4:00,0
,2003/5/3 4:30,0
,2003/5/3 5:00,0
,2003/5/3 5:30,0
,2003/5/3 6:00,0
,2003/5/3 6:30,0
,2003/5/3 7:00,0
,2003/5/3 7:30,0.88930648
,2003/5/3 8:00,0
,2003/5/3 8:30,0
,2003/5/3 9:00,0
,2003/5/3 9:30,0
,2003/5/3 10:00,0
,2003/5/3 10:30,0
,2003/5/3 11:00,0
,2003/5/3 11:30,0
,2003/5/3 12:00,0
,2003/5/3 12:30,0
,2003/5/3 13:00,1.122567135
,2003/5/3 13:30,0
,2003/5/3 14:00,0
,2003/5/3 14:30,0
,2003/5/3 15:00,0
,2003/5/3 15:30,0
,2003/5/3 16:00,0
,2003/5/3 16:30,0
,2003/5/3 17:00,0
,2003/5/3 17:30,0
,2003/5/3 18:00,0
,2003/5/3 18:30,0
,2003/5/3 19:00,0
,2003/5/3 19:30,0
,2003/5/3 20:00,0
,2003/5/3 20:30,0
,2003/5/3 21:00,0
,2003/5/3 21:30,9.811528107
,2003/5/3 22:00,3.790486446
,2003/5/3 22:30,0
,2003/5/3 23:00,0
,2003/5/3 23:30,1.122567135
,2003/5/4 0:00,0
,2003/5/4 0:30,0
,2003/5/4 1:00,0
,2003/5/4 1:30,0
,2003/5/4 2:00,0
,2003/5/4 2:30,0
,2003/5/4 3:00,0
,2003/5/4 3:30,0
,2003/5/4 4:00,0
,2003/5/4 4:30,0
,2003/5/4 5:00,0
,2003/5/4 5:30,0
,2003/5/4 6:00,0
,2003/5/4 6:30,0
,2003/5/4 7:00,0
,2003/5/4 7:30,0
,2003/5/4 8:00,0
,2003/5/4 8:30,0
,2003/5/4 9:00,0
,2003/5/4 9:30,0
,2003/5/4 10:00,0
,2003/5/4 10:30,0
,2003/5/4 11:00,0
,2003/5/4 11:30,0
,2003/5/4 12:00,0
,2003/5/4 12:30,0
,2003/5/4 13:00,1.122567135
,2003/5/4 13:30,0
,2003/5/4 14:00,0
,2003/5/4 14:30,0.88930648
,2003/5/4 15:00,0
,2003/5/4 15:30,0
,2003/5/4 16:00,0
,2003/5/4 16:30,0
,2003/5/4 17:00,0
,2003/5/4 17:30,0
,2003/5/4 18:00,0
,2003/5/4 18:30,0
,2003/5/4 19:00,0
,2003/5/4 19:30,0
,2003/5/4 20:00,0
,2003/5/4 20:30,0
,2003/5/4 21:00,0
,2003/5/4 21:30,0
,2003/5/4 22:00,0
,2003/5/4 22:30,0
,2003/5/4 23:00,0
,2003/5/4 23:30,0
,2003/5/5 0:00,0
,2003/5/5 0:30,0
,2003/5/5 1:00,0
,2003/5/5 1:30,0
,2003/5/5 2:00,0
,2003/5/5 2:30,0
,2003/5/5 3:00,0
,2003/5/5 3:30,0
,2003/5/5 4:00,0
,2003/5/5 4:30,0
,2003/5/5 5:00,0
,2003/5/5 5:30,0
,2003/5/5 6:00,0
,2003/5/5 6:30,0
,2003/5/5 7:00,0
,2003/5/5 7:30,2.449237455
,2003/5/5 8:00,0
,2003/5/5 8:30,0
,2003/5/5 9:00,0
,2003/5/5 9:30,0
,2003/5/5 10:00,0
,2003/5/5 10:30,0
,2003/5/5 11:00,0
,2003/5/5 11:30,0
,2003/5/5 12:00,0
,2003/5/5 12:30,0
,2003/5/5 13:00,0
,2003/5/5 13:30,0
,2003/5/5 14:00,0
,2003/5/5 14:30,0
,2003/5/5 15:00,0
,2003/5/5 15:30,0
,2003/5/5 16:00,0
,2003/5/5 16:30,0
,2003/5/5 17:00,1.341249119
,2003/5/5 17:30,0
,2003/5/5 18:00,0
,2003/5/5 18:30,0
,2003/5/5 19:00,0
,2003/5/5 19:30,0
,2003/5/5 20:00,0
,2003/5/5 20:30,10.03021047
,2003/5/5 21:00,3.557225919
,2003/5/5 21:30,0
,2003/5/5 22:00,2.449237455
,2003/5/5 22:30,0
,2003/5/5 23:00,0
,2003/5/5 23:30,0
,2003/5/6 0:00,0
,2003/5/6 0:30,0
,2003/5/6 1:00,0
,2003/5/6 1:30,0
,2003/5/6 2:00,0
,2003/5/6 2:30,0
,2003/5/6 3:00,0
,2003/5/6 3:30,0
,2003/5/6 4:00,0
,2003/5/6 4:30,0
,2003/5/6 5:00,0
,2003/5/6 5:30,0
,2003/5/6 6:00,0
,2003/5/6 6:30,0
,2003/5/6 7:00,0
,2003/5/6 7:30,0
,2003/5/6 8:00,0
,2003/5/6 8:30,0
,2003/5/6 9:00,0
,2003/5/6 9:30,2.901180094
,2003/5/6 10:00,0
,2003/5/6 10:30,0
,2003/5/6 11:00,0
,2003/5/6 11:30,0
,2003/5/6 12:00,0
,2003/5/6 12:30,0
,2003/5/6 13:00,0
,2003/5/6 13:30,0
,2003/5/6 14:00,0
,2003/5/6 14:30,0
,2003/5/6 15:00,0
,2003/5/6 15:30,0
,2003/5/6 16:00,0
,2003/5/6 16:30,0
,2003/5/6 17:00,0
,2003/5/6 17:30,0
,2003/5/6 18:00,0
,2003/5/6 18:30,0
,2003/5/6 19:00,0
,2003/5/6 19:30,0
,2003/5/6 20:00,0
,2003/5/6 20:30,7.595551818
,2003/5/6 21:00,3.790486573
,2003/5/6 21:30,0
,2003/5/6 22:00,0
,2003/5/6 22:30,0
,2003/5/6 23:00,0
,2003/5/6 23:30,0
,2003/5/7 0:00,0
,2003/5/7 0:30,0
,2003/5/7 1:00,0
,2003/5/7 1:30,0
,2003/5/7 2:00,0
,2003/5/7 2:30,0
,2003/5/7 3:00,0
,2003/5/7 3:30,0
,2003/5/7 4:00,0
,2003/5/7 4:30,0
,2003/5/7 5:00,0
,2003/5/7 5:30,0
,2003/5/7 6:00,0
,2003/5/7 6:30,0
,2003/5/7 7:00,0
,2003/5/7 7:30,0
,2003/5/7 8:00,0
,2003/5/7 8:30,0
,2003/5/7 9:00,0
,2003/5/7 9:30,1.341249119
,2003/5/7 10:00,0
,2003/5/7 10:30,2.011873614
,2003/5/7 11:00,2.449237455
,2003/5/7 11:30,0
,2003/5/7 12:00,0
,2003/5/7 12:30,0
,2003/5/7 13:00,0
,2003/5/7 13:30,0
,2003/5/7 14:00,0
,2003/5/7 14:30,0
,2003/5/7 15:00,0
,2003/5/7 15:30,0
,2003/5/7 16:00,0
,2003/5/7 16:30,0
,2003/5/7 17:00,0
,2003/5/7 17:30,0
,2003/5/7 18:00,0
,2003/5/7 18:30,0
,2003/5/7 19:00,0
,2003/5/7 19:30,0
,2003/5/7 20:00,0
,2003/5/7 20:30,2.449237455
,2003/5/7 21:00,12.04208383
,2003/5/7 21:30,4.461111071
,2003/5/7 22:00,2.230555471
,2003/5/7 22:30,0
,2003/5/7 23:00,0
,2003/5/7 23:30,0
,2003/5/8 0:00,0
,2003/5/8 0:30,0
,2003/5/8 1:00,0
,2003/5/8 1:30,0
,2003/5/8 2:00,0
,2003/5/8 2:30,0
,2003/5/8 3:00,0
,2003/5/8 3:30,0
,2003/5/8 4:00,0
,2003/5/8 4:30,0
,2003/5/8 5:00,0
,2003/5/8 5:30,0
,2003/5/8 6:00,0
,2003/5/8 6:30,0
,2003/5/8 7:00,0
,2003/5/8 7:30,0
,2003/5/8 8:00,0
,2003/5/8 8:30,0
,2003/5/8 9:00,0
,2003/5/8 9:30,0
,2003/5/8 10:00,0
,2003/5/8 10:30,0
,2003/5/8 11:00,0
,2003/5/8 11:30,0
,2003/5/8 12:00,0
,2003/5/8 12:30,0
,2003/5/8 13:00,0
,2003/5/8 13:30,0
,2003/5/8 14:00,0
,2003/5/8 14:30,0
,2003/5/8 15:00,0
,2003/5/8 15:30,0
,2003/5/8 16:00,0
,2003/5/8 16:30,0
,2003/5/8 17:00,0
,2003/5/8 17:30,0
,2003/5/8 18:00,0
,2003/5/8 18:30,0
,2003/5/8 19:00,0
,2003/5/8 19:30,2.682498237
,2003/5/8 20:00,4.227850415
,2003/5/8 20:30,3.57180459
,2003/5/8 21:00,0
,2003/5/8 21:30,0
,2003/5/8 22:00,0
,2003/5/8 22:30,0
,2003/5/8 23:00,0
,2003/5/8 23:30,0
,2003/5/9 0:00,0
,2003/5/9 0:30,0
,2003/5/9 1:00,0
,2003/5/9 1:30,0
,2003/5/9 2:00,0
,2003/5/9 2:30,0
,2003/5/9 3:00,0
,2003/5/9 3:30,0
,2003/5/9 4:00,0
,2003/5/9 4:30,0
,2003/5/9 5:00,0
,2003/5/9 5:30,0
,2003/5/9 6:00,0
,2003/5/9 6:30,2.667919438
,2003/5/9 7:00,0
,2003/5/9 7:30,0
,2003/5/9 8:00,0
,2003/5/9 8:30,0
,2003/5/9 9:00,0
,2003/5/9 9:30,0
,2003/5/9 10:00,0
,2003/5/9 10:30,0
,2003/5/9 11:00,0
,2003/5/9 11:30,0
,2003/5/9 12:00,0
,2003/5/9 12:30,0
,2003/5/9 13:00,0
,2003/5/9 13:30,0
,2003/5/9 14:00,0
,2003/5/9 14:30,0
,2003/5/9 15:00,0
,2003/5/9 15:30,0
,2003/5/9 16:00,0
,2003/5/9 16:30,0
,2003/5/9 17:00,0
,2003/5/9 17:30,0
,2003/5/9 18:00,0
,2003/5/9 18:30,0
,2003/5/9 19:00,0
,2003/5/9 19:30,0
,2003/5/9 20:00,7.595551689
,2003/5/9 20:30,3.57180459
,2003/5/9 21:00,0
,2003/5/9 21:30,0
,2003/5/9 22:00,0
,2003/5/9 22:30,0
,2003/5/9 23:00,0
,2003/5/9 23:30,0
,2003/5/10 0:00,0
,2003/5/10 0:30,0
,2003/5/10 1:00,0
,2003/5/10 1:30,0
,2003/5/10 2:00,0
,2003/5/10 2:30,0
,2003/5/10 3:00,0
,2003/5/10 3:30,0
,2003/5/10 4:00,0
,2003/5/10 4:30,0
,2003/5/10 5:00,0
,2003/5/10 5:30,0
,2003/5/10 6:00,0
,2003/5/10 6:30,0.88930648
,2003/5/10 7:00,1.122567135
,2003/5/10 7:30,1.778612959
,2003/5/10 8:00,0.88930648
,2003/5/10 8:30,0
,2003/5/10 9:00,0
,2003/5/10 9:30,0
,2003/5/10 10:00,0
,2003/5/10 10:30,0
,2003/5/10 11:00,0
,2003/5/10 11:30,0
,2003/5/10 12:00,0
,2003/5/10 12:30,0
,2003/5/10 13:00,0
,2003/5/10 13:30,0
,2003/5/10 14:00,0
,2003/5/10 14:30,0
,2003/5/10 15:00,0
,2003/5/10 15:30,0
,2003/5/10 16:00,0
,2003/5/10 16:30,0
,2003/5/10 17:00,0
,2003/5/10 17:30,0
,2003/5/10 18:00,0
,2003/5/10 18:30,0
,2003/5/10 19:00,0
,2003/5/10 19:30,0
,2003/5/10 20:00,8.688961482
,2003/5/10 20:30,0
,2003/5/10 21:00,2.901180094
,2003/5/10 21:30,0
,2003/5/10 22:00,0
,2003/5/10 22:30,0
,2003/5/10 23:00,0
,2003/5/10 23:30,0
,2003/5/11 0:00,0
,2003/5/11 0:30,0
,2003/5/11 1:00,0
,2003/5/11 1:30,0
,2003/5/11 2:00,0
,2003/5/11 2:30,0
,2003/5/11 3:00,0
,2003/5/11 3:30,0
,2003/5/11 4:00,0
,2003/5/11 4:30,0
,2003/5/11 5:00,0
,2003/5/11 5:30,0
,2003/5/11 6:00,0
,2003/5/11 6:30,0
,2003/5/11 7:00,0
,2003/5/11 7:30,0
,2003/5/11 8:00,0
,2003/5/11 8:30,2.4492372
,2003/5/11 9:00,0.88930648
,2003/5/11 9:30,0
,2003/5/11 10:00,0
,2003/5/11 10:30,0
,2003/5/11 11:00,0
,2003/5/11 11:30,0
,2003/5/11 12:00,0
,2003/5/11 12:30,0
,2003/5/11 13:00,0
,2003/5/11 13:30,0
,2003/5/11 14:00,0
,2003/5/11 14:30,0
,2003/5/11 15:00,0
,2003/5/11 15:30,0
,2003/5/11 16:00,0
,2003/5/11 16:30,0
,2003/5/11 17:00,0
,2003/5/11 17:30,0
,2003/5/11 18:00,0
,2003/5/11 18:30,0
,2003/5/11 19:00,0
,2003/5/11 19:30,0
,2003/5/11 20:00,0
,2003/5/11 20:30,11.1527771
,2003/5/11 21:00,2.011873614
,2003/5/11 21:30,0
,2003/5/11 22:00,0
,2003/5/11 22:30,0
,2003/5/11 23:00,0
,2003/5/11 23:30,0
,2003/5/12 0:00,0
,2003/5/12 0:30,0
,2003/5/12 1:00,0
,2003/5/12 1:30,0
,2003/5/12 2:00,0
,2003/5/12 2:30,0
,2003/5/12 3:00,0
,2003/5/12 3:30,0
,2003/5/12 4:00,0
,2003/5/12 4:30,0
,2003/5/12 5:00,0
,2003/5/12 5:30,0
,2003/5/12 6:00,0
,2003/5/12 6:30,3.134440749
,2003/5/12 7:00,0
,2003/5/12 7:30,0
,2003/5/12 8:00,0
,2003/5/12 8:30,0
,2003/5/12 9:00,0
,2003/5/12 9:30,0
,2003/5/12 10:00,0
,2003/5/12 10:30,0
,2003/5/12 11:00,0
,2003/5/12 11:30,0
,2003/5/12 12:00,0
,2003/5/12 12:30,0
,2003/5/12 13:00,0
,2003/5/12 13:30,0
,2003/5/12 14:00,0
,2003/5/12 14:30,0
,2003/5/12 15:00,0
,2003/5/12 15:30,0
,2003/5/12 16:00,0
,2003/5/12 16:30,0
,2003/5/12 17:00,0
,2003/5/12 17:30,0
,2003/5/12 18:00,0
,2003/5/12 18:30,0
,2003/5/12 19:00,0
,2003/5/12 19:30,0
,2003/5/12 20:00,4.023747232
,2003/5/12 20:30,4.227850158
,2003/5/12 21:00,3.119862078
,2003/5/12 21:30,0
,2003/5/12 22:00,0
,2003/5/12 22:30,0
,2003/5/12 23:00,0
,2003/5/12 23:30,0
,2003/5/13 0:00,0
,2003/5/13 0:30,0
,2003/5/13 1:00,0
,2003/5/13 1:30,0
,2003/5/13 2:00,0
,2003/5/13 2:30,0
,2003/5/13 3:00,0
,2003/5/13 3:30,0
,2003/5/13 4:00,0
,2003/5/13 4:30,0
,2003/5/13 5:00,0
,2003/5/13 5:30,0
,2003/5/13 6:00,0
,2003/5/13 6:30,0
,2003/5/13 7:00,0
,2003/5/13 7:30,0
,2003/5/13 8:00,0
,2003/5/13 8:30,0
,2003/5/13 9:00,0
,2003/5/13 9:30,0
,2003/5/13 10:00,0
,2003/5/13 10:30,0
,2003/5/13 11:00,0
,2003/5/13 11:30,0
,2003/5/13 12:00,0
,2003/5/13 12:30,0
,2003/5/13 13:00,0
,2003/5/13 13:30,0
,2003/5/13 14:00,0
,2003/5/13 14:30,0
,2003/5/13 15:00,0
,2003/5/13 15:30,0
,2003/5/13 16:00,0
,2003/5/13 16:30,0
,2003/5/13 17:00,0
,2003/5/13 17:30,0
,2003/5/13 18:00,0
,2003/5/13 18:30,0.88930648
,2003/5/13 19:00,0.88930648
,2003/5/13 19:30,0.88930648
,2003/5/13 20:00,0
,2003/5/13 20:30,0
,2003/5/13 21:00,11.83798065
,2003/5/13 21:30,7.158188103
,2003/5/13 22:00,1.778612959
,2003/5/13 22:30,0
,2003/5/13 23:00,0
,2003/5/13 23:30,0
,2003/5/14 0:00,0
,2003/5/14 0:30,0
,2003/5/14 1:00,0
,2003/5/14 1:30,0
,2003/5/14 2:00,0
,2003/5/14 2:30,0
,2003/5/14 3:00,0
,2003/5/14 3:30,0
,2003/5/14 4:00,0
,2003/5/14 4:30,0
,2003/5/14 5:00,0
,2003/5/14 5:30,0
,2003/5/14 6:00,0
,2003/5/14 6:30,0
,2003/5/14 7:00,0
,2003/5/14 7:30,0
,2003/5/14 8:00,0
,2003/5/14 8:30,0
,2003/5/14 9:00,1.122567135
,2003/5/14 9:30,0
,2003/5/14 10:00,0
,2003/5/14 10:30,0
,2003/5/14 11:00,0
,2003/5/14 11:30,0
,2003/5/14 12:00,0
,2003/5/14 12:30,0
,2003/5/14 13:00,0
,2003/5/14 13:30,0
,2003/5/14 14:00,0
,2003/5/14 14:30,0
,2003/5/14 15:00,0
,2003/5/14 15:30,0
,2003/5/14 16:00,0
,2003/5/14 16:30,0
,2003/5/14 17:00,0
,2003/5/14 17:30,0
,2003/5/14 18:00,0
,2003/5/14 18:30,0
,2003/5/14 19:00,0
,2003/5/14 19:30,0
,2003/5/14 20:00,0
,2003/5/14 20:30,7.143609181
,2003/5/14 21:00,0
,2003/5/14 21:30,0.88930648
,2003/5/14 22:00,4.679792928
,2003/5/14 22:30,0
,2003/5/14 23:00,0
,2003/5/14 23:30,0
,2003/5/15 0:00,0
,2003/5/15 0:30,0
,2003/5/15 1:00,0
,2003/5/15 1:30,0
,2003/5/15 2:00,0
,2003/5/15 2:30,0
,2003/5/15 3:00,0
,2003/5/15 3:30,0
,2003/5/15 4:00,0
,2003/5/15 4:30,0
,2003/5/15 5:00,0
,2003/5/15 5:30,0
,2003/5/15 6:00,0
,2003/5/15 6:30,0
,2003/5/15 7:00,0
,2003/5/15 7:30,0
,2003/5/15 8:00,0
,2003/5/15 8:30,0
,2003/5/15 9:00,0
,2003/5/15 9:30,0
,2003/5/15 10:00,0
,2003/5/15 10:30,0
,2003/5/15 11:00,0
,2003/5/15 11:30,0
,2003/5/15 12:00,0
,2003/5/15 12:30,0
,2003/5/15 13:00,0
,2003/5/15 13:30,0
,2003/5/15 14:00,0
,2003/5/15 14:30,0
,2003/5/15 15:00,0
,2003/5/15 15:30,0
,2003/5/15 16:00,0
,2003/5/15 16:30,0
,2003/5/15 17:00,0
,2003/5/15 17:30,0
,2003/5/15 18:00,0
,2003/5/15 18:30,0
,2003/5/15 19:00,0
,2003/5/15 19:30,0
,2003/5/15 20:00,10.04478876
,2003/5/15 20:30,1.122567135
,2003/5/15 21:00,1.559930975
,2003/5/15 21:30,0
,2003/5/15 22:00,0
,2003/5/15 22:30,0
,2003/5/15 23:00,0
,2003/5/15 23:30,0
,2003/5/16 0:00,0
,2003/5/16 0:30,0
,2003/5/16 1:00,0
,2003/5/16 1:30,0
,2003/5/16 2:00,0
,2003/5/16 2:30,0
,2003/5/16 3:00,0
,2003/5/16 3:30,0
,2003/5/16 4:00,0
,2003/5/16 4:30,0
,2003/5/16 5:00,0
,2003/5/16 5:30,0
,2003/5/16 6:00,0
,2003/5/16 6:30,0
,2003/5/16 7:00,1.778612959
,2003/5/16 7:30,0
,2003/5/16 8:00,0
,2003/5/16 8:30,0
,2003/5/16 9:00,0
,2003/5/16 9:30,0
,2003/5/16 10:00,0
,2003/5/16 10:30,0
,2003/5/16 11:00,0
,2003/5/16 11:30,0
,2003/5/16 12:00,0
,2003/5/16 12:30,0
,2003/5/16 13:00,0
,2003/5/16 13:30,0
,2003/5/16 14:00,0
,2003/5/16 14:30,0
,2003/5/16 15:00,0
,2003/5/16 15:30,0
,2003/5/16 16:00,0
,2003/5/16 16:30,0
,2003/5/16 17:00,0
,2003/5/16 17:30,0
,2003/5/16 18:00,0
,2003/5/16 18:30,0
,2003/5/16 19:00,0
,2003/5/16 19:30,3.353122733
,2003/5/16 20:00,6.69166654
,2003/5/16 20:30,0
,2003/5/16 21:00,0.88930648
,2003/5/16 21:30,0
,2003/5/16 22:00,0
,2003/5/16 22:30,0
,2003/5/16 23:00,0
,2003/5/16 23:30,0
,2003/5/17 0:00,0
,2003/5/17 0:30,0
,2003/5/17 1:00,0
,2003/5/17 1:30,0
,2003/5/17 2:00,0
,2003/5/17 2:30,0
,2003/5/17 3:00,0
,2003/5/17 3:30,0
,2003/5/17 4:00,0
,2003/5/17 4:30,0
,2003/5/17 5:00,0
,2003/5/17 5:30,0
,2003/5/17 6:00,0
,2003/5/17 6:30,0
,2003/5/17 7:00,2.449237455
,2003/5/17 7:30,0
,2003/5/17 8:00,0
,2003/5/17 8:30,0
,2003/5/17 9:00,0
,2003/5/17 9:30,0
,2003/5/17 10:00,0.88930648
,2003/5/17 10:30,0
,2003/5/17 11:00,0
,2003/5/17 11:30,0
,2003/5/17 12:00,0
,2003/5/17 12:30,0
,2003/5/17 13:00,0
,2003/5/17 13:30,0
,2003/5/17 14:00,0
,2003/5/17 14:30,0
,2003/5/17 15:00,0
,2003/5/17 15:30,0
,2003/5/17 16:00,0
,2003/5/17 16:30,0
,2003/5/17 17:00,0
,2003/5/17 17:30,0
,2003/5/17 18:00,0
,2003/5/17 18:30,0
,2003/5/17 19:00,0
,2003/5/17 19:30,0
,2003/5/17 20:00,0
,2003/5/17 20:30,6.910348654
,2003/5/17 21:00,4.009168175
,2003/5/17 21:30,0
,2003/5/17 22:00,0
,2003/5/17 22:30,0
,2003/5/17 23:00,0
,2003/5/17 23:30,0
,2003/5/18 0:00,0
,2003/5/18 0:30,0
,2003/5/18 1:00,0
,2003/5/18 1:30,0
,2003/5/18 2:00,0
,2003/5/18 2:30,0
,2003/5/18 3:00,0
,2003/5/18 3:30,0
,2003/5/18 4:00,0
,2003/5/18 4:30,0
,2003/5/18 5:00,0
,2003/5/18 5:30,0
,2003/5/18 6:00,0
,2003/5/18 6:30,0
,2003/5/18 7:00,3.119862078
,2003/5/18 7:30,0
,2003/5/18 8:00,0
,2003/5/18 8:30,0
,2003/5/18 9:00,0
,2003/5/18 9:30,0
,2003/5/18 10:00,0
,2003/5/18 10:30,0
,2003/5/18 11:00,0
,2003/5/18 11:30,0
,2003/5/18 12:00,0
,2003/5/18 12:30,0
,2003/5/18 13:00,0
,2003/5/18 13:30,0
,2003/5/18 14:00,0
,2003/5/18 14:30,0
,2003/5/18 15:00,0
,2003/5/18 15:30,0
,2003/5/18 16:00,0
,2003/5/18 16:30,0
,2003/5/18 17:00,0
,2003/5/18 17:30,0
,2003/5/18 18:00,0
,2003/5/18 18:30,0
,2003/5/18 19:00,0
,2003/5/18 19:30,0
,2003/5/18 20:00,4.679793052
,2003/5/18 20:30,3.57180459
,2003/5/18 21:00,0
,2003/5/18 21:30,4.446532397
,2003/5/18 22:00,0
,2003/5/18 22:30,0
,2003/5/18 23:00,0
,2003/5/18 23:30,0
,2003/5/19 0:00,0
,2003/5/19 0:30,0
,2003/5/19 1:00,0
,2003/5/19 1:30,0
,2003/5/19 2:00,0
,2003/5/19 2:30,0
,2003/5/19 3:00,0
,2003/5/19 3:30,0
,2003/5/19 4:00,0
,2003/5/19 4:30,0
,2003/5/19 5:00,0
,2003/5/19 5:30,0
,2003/5/19 6:00,0
,2003/5/19 6:30,2.230555597
,2003/5/19 7:00,0.88930648
,2003/5/19 7:30,0
,2003/5/19 8:00,0
,2003/5/19 8:30,0
,2003/5/19 9:00,0
,2003/5/19 9:30,0
,2003/5/19 10:00,0
,2003/5/19 10:30,0
,2003/5/19 11:00,0
,2003/5/19 11:30,0
,2003/5/19 12:00,0
,2003/5/19 12:30,0
,2003/5/19 13:00,0
,2003/5/19 13:30,0
,2003/5/19 14:00,0
,2003/5/19 14:30,0
,2003/5/19 15:00,0
,2003/5/19 15:30,0
,2003/5/19 16:00,0
,2003/5/19 16:30,0
,2003/5/19 17:00,0
,2003/5/19 17:30,0
,2003/5/19 18:00,0
,2003/5/19 18:30,0
,2003/5/19 19:00,0
,2003/5/19 19:30,0
,2003/5/19 20:00,8.922221884
,2003/5/19 20:30,0
,2003/5/19 21:00,0
,2003/5/19 21:30,3.790486317
,2003/5/19 22:00,0
,2003/5/19 22:30,0
,2003/5/19 23:00,0
,2003/5/19 23:30,0
,2003/5/20 0:00,0
,2003/5/20 0:30,0.88930648
,2003/5/20 1:00,0
,2003/5/20 1:30,0
,2003/5/20 2:00,0
,2003/5/20 2:30,0
,2003/5/20 3:00,0
,2003/5/20 3:30,0
,2003/5/20 4:00,0
,2003/5/20 4:30,0
,2003/5/20 5:00,0
,2003/5/20 5:30,0
,2003/5/20 6:00,0
,2003/5/20 6:30,0
,2003/5/20 7:00,0
,2003/5/20 7:30,0
,2003/5/20 8:00,0
,2003/5/20 8:30,0
,2003/5/20 9:00,0
,2003/5/20 9:30,0
,2003/5/20 10:00,0
,2003/5/20 10:30,0
,2003/5/20 11:00,0
,2003/5/20 11:30,2.449237455
,2003/5/20 12:00,0
,2003/5/20 12:30,0
,2003/5/20 13:00,0
,2003/5/20 13:30,0
,2003/5/20 14:00,0
,2003/5/20 14:30,0
,2003/5/20 15:00,0
,2003/5/20 15:30,0
,2003/5/20 16:00,0
,2003/5/20 16:30,0
,2003/5/20 17:00,1.341249119
,2003/5/20 17:30,5.131735565
,2003/5/20 18:00,0
,2003/5/20 18:30,0
,2003/5/20 19:00,1.341249119
,2003/5/20 19:30,0
,2003/5/20 20:00,0
,2003/5/20 20:30,0
,2003/5/20 21:00,10.04478927
,2003/5/20 21:30,4.023747232
,2003/5/20 22:00,0
,2003/5/20 22:30,2.011873614
,2003/5/20 23:00,0
,2003/5/20 23:30,2.011873614
,2003/5/21 0:00,0
,2003/5/21 0:30,0
,2003/5/21 1:00,0
,2003/5/21 1:30,0
,2003/5/21 2:00,0
,2003/5/21 2:30,0
,2003/5/21 3:00,0
,2003/5/21 3:30,0
,2003/5/21 4:00,0
,2003/5/21 4:30,0
,2003/5/21 5:00,0
,2003/5/21 5:30,0
,2003/5/21 6:00,0
,2003/5/21 6:30,0
,2003/5/21 7:00,0.88930648
,2003/5/21 7:30,0
,2003/5/21 8:00,0.88930648
,2003/5/21 8:30,0
,2003/5/21 9:00,0
,2003/5/21 9:30,3.338543935
,2003/5/21 10:00,0
,2003/5/21 10:30,0
,2003/5/21 11:00,0
,2003/5/21 11:30,0
,2003/5/21 12:00,0
,2003/5/21 12:30,0
,2003/5/21 13:00,0
,2003/5/21 13:30,0
,2003/5/21 14:00,0
,2003/5/21 14:30,0
,2003/5/21 15:00,0
,2003/5/21 15:30,0
,2003/5/21 16:00,0
,2003/5/21 16:30,0
,2003/5/21 17:00,0
,2003/5/21 17:30,0
,2003/5/21 18:00,0
,2003/5/21 18:30,0
,2003/5/21 19:00,0
,2003/5/21 19:30,0
,2003/5/21 20:00,0
,2003/5/21 20:30,0
,2003/5/21 21:00,0
,2003/5/21 21:30,0
,2003/5/21 22:00,0
,2003/5/21 22:30,0
,2003/5/21 23:00,0
,2003/5/21 23:30,0
,2003/5/22 0:00,2.901180093
,2003/5/22 0:30,0
,2003/5/22 1:00,0
,2003/5/22 1:30,0
,2003/5/22 2:00,0
,2003/5/22 2:30,0
,2003/5/22 3:00,0
,2003/5/22 3:30,0
,2003/5/22 4:00,0
,2003/5/22 4:30,0
,2003/5/22 5:00,0
,2003/5/22 5:30,0
,2003/5/22 6:00,0
,2003/5/22 6:30,0
,2003/5/22 7:00,0
,2003/5/22 7:30,0
,2003/5/22 8:00,0
,2003/5/22 8:30,0
,2003/5/22 9:00,0
,2003/5/22 9:30,0
,2003/5/22 10:00,0
,2003/5/22 10:30,0
,2003/5/22 11:00,0
,2003/5/22 11:30,0
,2003/5/22 12:00,0
,2003/5/22 12:30,0
,2003/5/22 13:00,0
,2003/5/22 13:30,0
,2003/5/22 14:00,0
,2003/5/22 14:30,0
,2003/5/22 15:00,0
,2003/5/22 15:30,0
,2003/5/22 16:00,0
,2003/5/22 16:30,0
,2003/5/22 17:00,0
,2003/5/22 17:30,0
,2003/5/22 18:00,0
,2003/5/22 18:30,0
,2003/5/22 19:00,0.88930648
,2003/5/22 19:30,0.88930648
,2003/5/22 20:00,7.799654877
,2003/5/22 20:30,3.353122478
,2003/5/22 21:00,4.227850415
,2003/5/22 21:30,0
,2003/5/22 22:00,0
,2003/5/22 22:30,0
,2003/5/22 23:00,0
,2003/5/22 23:30,0
,2003/5/23 0:00,0
,2003/5/23 0:30,0
,2003/5/23 1:00,0
,2003/5/23 1:30,0
,2003/5/23 2:00,0
,2003/5/23 2:30,0
,2003/5/23 3:00,0
,2003/5/23 3:30,0
,2003/5/23 4:00,0
,2003/5/23 4:30,0
,2003/5/23 5:00,0
,2003/5/23 5:30,0
,2003/5/23 6:00,0
,2003/5/23 6:30,2.230555471
,2003/5/23 7:00,0
,2003/5/23 7:30,0
,2003/5/23 8:00,0
,2003/5/23 8:30,0
,2003/5/23 9:00,0
,2003/5/23 9:30,0
,2003/5/23 10:00,0
,2003/5/23 10:30,0
,2003/5/23 11:00,0
,2003/5/23 11:30,0
,2003/5/23 12:00,0
,2003/5/23 12:30,0
,2003/5/23 13:00,0
,2003/5/23 13:30,0
,2003/5/23 14:00,0
,2003/5/23 14:30,0
,2003/5/23 15:00,0
,2003/5/23 15:30,0
,2003/5/23 16:00,0
,2003/5/23 16:30,0
,2003/5/23 17:00,0
,2003/5/23 17:30,0
,2003/5/23 18:00,0
,2003/5/23 18:30,0
,2003/5/23 19:00,0
,2003/5/23 19:30,1.559930975
,2003/5/23 20:00,6.691666668
,2003/5/23 20:30,0
,2003/5/23 21:00,0
,2003/5/23 21:30,0
,2003/5/23 22:00,0
,2003/5/23 22:30,0
,2003/5/23 23:00,0
,2003/5/23 23:30,0
,2003/5/24 0:00,1.559930975
,2003/5/24 0:30,0
,2003/5/24 1:00,0
,2003/5/24 1:30,0
,2003/5/24 2:00,0
,2003/5/24 2:30,0
,2003/5/24 3:00,0
,2003/5/24 3:30,0
,2003/5/24 4:00,0
,2003/5/24 4:30,0
,2003/5/24 5:00,0
,2003/5/24 5:30,0
,2003/5/24 6:00,0
,2003/5/24 6:30,1.778612959
,2003/5/24 7:00,0
,2003/5/24 7:30,0
,2003/5/24 8:00,0
,2003/5/24 8:30,0
,2003/5/24 9:00,0
,2003/5/24 9:30,0
,2003/5/24 10:00,0
,2003/5/24 10:30,0
,2003/5/24 11:00,0
,2003/5/24 11:30,0
,2003/5/24 12:00,0
,2003/5/24 12:30,0
,2003/5/24 13:00,0
,2003/5/24 13:30,0
,2003/5/24 14:00,0
,2003/5/24 14:30,0
,2003/5/24 15:00,0
,2003/5/24 15:30,0
,2003/5/24 16:00,0
,2003/5/24 16:30,0
,2003/5/24 17:00,0
,2003/5/24 17:30,0
,2003/5/24 18:00,0
,2003/5/24 18:30,0
,2003/5/24 19:00,0
,2003/5/24 19:30,0
,2003/5/24 20:00,0
,2003/5/24 20:30,10.93409562
,2003/5/24 21:00,3.119862078
,2003/5/24 21:30,0.88930648
,2003/5/24 22:00,0
,2003/5/24 22:30,0
,2003/5/24 23:00,0
,2003/5/24 23:30,0
,2003/5/25 0:00,0
,2003/5/25 0:30,0
,2003/5/25 1:00,0
,2003/5/25 1:30,0
,2003/5/25 2:00,0
,2003/5/25 2:30,0
,2003/5/25 3:00,0
,2003/5/25 3:30,0
,2003/5/25 4:00,0
,2003/5/25 4:30,0
,2003/5/25 5:00,0
,2003/5/25 5:30,0
,2003/5/25 6:00,0
,2003/5/25 6:30,0
,2003/5/25 7:00,2.449237455
,2003/5/25 7:30,0
,2003/5/25 8:00,0
,2003/5/25 8:30,0
,2003/5/25 9:00,0
,2003/5/25 9:30,0
,2003/5/25 10:00,0
,2003/5/25 10:30,0
,2003/5/25 11:00,0
,2003/5/25 11:30,0
,2003/5/25 12:00,0
,2003/5/25 12:30,0
,2003/5/25 13:00,0
,2003/5/25 13:30,0
,2003/5/25 14:00,0
,2003/5/25 14:30,0
,2003/5/25 15:00,0
,2003/5/25 15:30,0
,2003/5/25 16:00,0
,2003/5/25 16:30,0
,2003/5/25 17:00,0
,2003/5/25 17:30,0
,2003/5/25 18:00,0
,2003/5/25 18:30,0
,2003/5/25 19:00,0
,2003/5/25 19:30,0
,2003/5/25 20:00,3.119862078
,2003/5/25 20:30,4.679793052
,2003/5/25 21:00,0
,2003/5/25 21:30,3.353122733
,2003/5/25 22:00,0
,2003/5/25 22:30,0
,2003/5/25 23:00,0
,2003/5/25 23:30,0
,2003/5/26 0:00,0
,2003/5/26 0:30,0
,2003/5/26 1:00,0
,2003/5/26 1:30,0
,2003/5/26 2:00,0
,2003/5/26 2:30,0
,2003/5/26 3:00,0
,2003/5/26 3:30,0
,2003/5/26 4:00,0
,2003/5/26 4:30,0
,2003/5/26 5:00,0
,2003/5/26 5:30,0
,2003/5/26 6:00,0
,2003/5/26 6:30,2.230555471
,2003/5/26 7:00,0
,2003/5/26 7:30,0
,2003/5/26 8:00,0
,2003/5/26 8:30,0
,2003/5/26 9:00,0
,2003/5/26 9:30,0
,2003/5/26 10:00,0
,2003/5/26 10:30,0
,2003/5/26 11:00,0
,2003/5/26 11:30,0
,2003/5/26 12:00,0
,2003/5/26 12:30,0
,2003/5/26 13:00,0
,2003/5/26 13:30,0
,2003/5/26 14:00,0
,2003/5/26 14:30,0
,2003/5/26 15:00,0
,2003/5/26 15:30,0
,2003/5/26 16:00,0
,2003/5/26 16:30,0
,2003/5/26 17:00,0
,2003/5/26 17:30,0
,2003/5/26 18:00,0
,2003/5/26 18:30,0
,2003/5/26 19:00,0
,2003/5/26 19:30,0
,2003/5/26 20:00,0
,2003/5/26 20:30,10.70083484
,2003/5/26 21:00,2.901180094
,2003/5/26 21:30,0
,2003/5/26 22:00,0
,2003/5/26 22:30,0
,2003/5/26 23:00,0
,2003/5/26 23:30,0
,2003/5/27 0:00,0
,2003/5/27 0:30,0
,2003/5/27 1:00,0
,2003/5/27 1:30,0
,2003/5/27 2:00,0
,2003/5/27 2:30,0
,2003/5/27 3:00,0
,2003/5/27 3:30,0
,2003/5/27 4:00,0
,2003/5/27 4:30,0
,2003/5/27 5:00,0
,2003/5/27 5:30,0
,2003/5/27 6:00,0
,2003/5/27 6:30,0
,2003/5/27 7:00,0
,2003/5/27 7:30,3.119862078
,2003/5/27 8:00,0
,2003/5/27 8:30,0
,2003/5/27 9:00,0
,2003/5/27 9:30,0
,2003/5/27 10:00,0
,2003/5/27 10:30,0
,2003/5/27 11:00,0
,2003/5/27 11:30,0
,2003/5/27 12:00,0
,2003/5/27 12:30,0
,2003/5/27 13:00,0
,2003/5/27 13:30,0
,2003/5/27 14:00,0
,2003/5/27 14:30,0
,2003/5/27 15:00,0
,2003/5/27 15:30,0
,2003/5/27 16:00,0
,2003/5/27 16:30,0
,2003/5/27 17:00,0
,2003/5/27 17:30,0
,2003/5/27 18:00,0
,2003/5/27 18:30,0
,2003/5/27 19:00,0
,2003/5/27 19:30,0
,2003/5/27 20:00,0
,2003/5/27 20:30,0
,2003/5/27 21:00,0
,2003/5/27 21:30,0
,2003/5/27 22:00,0
,2003/5/27 22:30,0
,2003/5/27 23:00,0
,2003/5/27 23:30,0
,2003/5/28 0:00,0
,2003/5/28 0:30,6.035620843
,2003/5/28 1:00,0
,2003/5/28 1:30,0
,2003/5/28 2:00,0
,2003/5/28 2:30,0
,2003/5/28 3:00,0
,2003/5/28 3:30,0
,2003/5/28 4:00,0
,2003/5/28 4:30,0
,2003/5/28 5:00,0
,2003/5/28 5:30,0
,2003/5/28 6:00,0
,2003/5/28 6:30,0
,2003/5/28 7:00,0
,2003/5/28 7:30,0
,2003/5/28 8:00,0
,2003/5/28 8:30,0
,2003/5/28 9:00,0
,2003/5/28 9:30,0
,2003/5/28 10:00,0
,2003/5/28 10:30,1.559930975
,2003/5/28 11:00,0
,2003/5/28 11:30,0
,2003/5/28 12:00,0
,2003/5/28 12:30,0
,2003/5/28 13:00,0
,2003/5/28 13:30,0
,2003/5/28 14:00,0
,2003/5/28 14:30,0
,2003/5/28 15:00,0
,2003/5/28 15:30,0
,2003/5/28 16:00,0
,2003/5/28 16:30,2.901180094
,2003/5/28 17:00,0
,2003/5/28 17:30,0
,2003/5/28 18:00,0
,2003/5/28 18:30,0
,2003/5/28 19:00,0
,2003/5/28 19:30,0
,2003/5/28 20:00,0
,2003/5/28 20:30,0
,2003/5/28 21:00,0
,2003/5/28 21:30,0
,2003/5/28 22:00,0
,2003/5/28 22:30,0
,2003/5/28 23:00,0
,2003/5/28 23:30,0
,2003/5/29 0:00,0
,2003/5/29 0:30,0
,2003/5/29 1:00,0
,2003/5/29 1:30,0
,2003/5/29 2:00,0
,2003/5/29 2:30,0
,2003/5/29 3:00,0
,2003/5/29 3:30,0
,2003/5/29 4:00,0
,2003/5/29 4:30,0
,2003/5/29 5:00,0
,2003/5/29 5:30,0
,2003/5/29 6:00,0
,2003/5/29 6:30,4.227850158
,2003/5/29 7:00,0
,2003/5/29 7:30,0
,2003/5/29 8:00,0
,2003/5/29 8:30,0
,2003/5/29 9:00,0
,2003/5/29 9:30,0
,2003/5/29 10:00,0
,2003/5/29 10:30,0
,2003/5/29 11:00,0
,2003/5/29 11:30,0
,2003/5/29 12:00,0
,2003/5/29 12:30,0
,2003/5/29 13:00,0
,2003/5/29 13:30,0
,2003/5/29 14:00,0
,2003/5/29 14:30,0
,2003/5/29 15:00,0
,2003/5/29 15:30,0
,2003/5/29 16:00,0
,2003/5/29 16:30,0
,2003/5/29 17:00,0
,2003/5/29 17:30,0
,2003/5/29 18:00,0
,2003/5/29 18:30,0
,2003/5/29 19:00,0
,2003/5/29 19:30,0
,2003/5/29 20:00,0
,2003/5/29 20:30,9.592846379
,2003/5/29 21:00,2.901180094
,2003/5/29 21:30,1.559930975
,2003/5/29 22:00,0
,2003/5/29 22:30,0
,2003/5/29 23:00,0
,2003/5/29 23:30,0
,2003/5/30 0:00,0
,2003/5/30 0:30,0
,2003/5/30 1:00,0
,2003/5/30 1:30,0
,2003/5/30 2:00,0
,2003/5/30 2:30,0
,2003/5/30 3:00,0
,2003/5/30 3:30,0
,2003/5/30 4:00,0
,2003/5/30 4:30,0
,2003/5/30 5:00,0
,2003/5/30 5:30,0
,2003/5/30 6:00,0
,2003/5/30 6:30,1.341249119
,2003/5/30 7:00,0
,2003/5/30 7:30,0
,2003/5/30 8:00,0
,2003/5/30 8:30,0
,2003/5/30 9:00,0
,2003/5/30 9:30,0
,2003/5/30 10:00,0
,2003/5/30 10:30,0
,2003/5/30 11:00,0
,2003/5/30 11:30,0
,2003/5/30 12:00,0
,2003/5/30 12:30,0
,2003/5/30 13:00,0
,2003/5/30 13:30,0
,2003/5/30 14:00,0
,2003/5/30 14:30,0
,2003/5/30 15:00,0
,2003/5/30 15:30,0
,2003/5/30 16:00,0
,2003/5/30 16:30,0
,2003/5/30 17:00,0
,2003/5/30 17:30,0
,2003/5/30 18:00,0
,2003/5/30 18:30,0
,2003/5/30 19:00,0
,2003/5/30 19:30,0
,2003/5/30 20:00,1.778612959
,2003/5/30 20:30,6.254302701
,2003/5/30 21:00,4.009168557
,2003/5/30 21:30,0
,2003/5/30 22:00,0
,2003/5/30 22:30,0
,2003/5/30 23:00,0
,2003/5/30 23:30,0
,2003/5/31 0:00,0
,2003/5/31 0:30,0
,2003/5/31 1:00,0
,2003/5/31 1:30,0
,2003/5/31 2:00,0
,2003/5/31 2:30,0
,2003/5/31 3:00,0
,2003/5/31 3:30,0
,2003/5/31 4:00,0
,2003/5/31 4:30,0
,2003/5/31 5:00,0
,2003/5/31 5:30,0
,2003/5/31 6:00,0
,2003/5/31 6:30,2.24513427
,2003/5/31 7:00,0
,2003/5/31 7:30,0
,2003/5/31 8:00,0
,2003/5/31 8:30,0
,2003/5/31 9:00,0
,2003/5/31 9:30,0
,2003/5/31 10:00,0
,2003/5/31 10:30,0
,2003/5/31 11:00,0
,2003/5/31 11:30,0
,2003/5/31 12:00,0
,2003/5/31 12:30,0
,2003/5/31 13:00,0
,2003/5/31 13:30,0
,2003/5/31 14:00,0
,2003/5/31 14:30,0
,2003/5/31 15:00,0
,2003/5/31 15:30,0
,2003/5/31 16:00,0
,2003/5/31 16:30,0
,2003/5/31 17:00,0
,2003/5/31 17:30,0
,2003/5/31 18:00,0
,2003/5/31 18:30,0
,2003/5/31 19:00,0
,2003/5/31 19:30,0
,2003/5/31 20:00,10.03021035
,2003/5/31 20:30,0
,2003/5/31 21:00,3.353122733
,2003/5/31 21:30,0
,2003/5/31 22:00,0
,2003/5/31 22:30,0
,2003/5/31 23:00,0
,2003/5/31 23:30,0
,2003/6/1 0:00,0
,2003/6/1 0:30,0
,2003/6/1 1:00,0
,2003/6/1 1:30,0
,2003/6/1 2:00,0
,2003/6/1 2:30,0
,2003/6/1 3:00,0
,2003/6/1 3:30,0
,2003/6/1 4:00,0
,2003/6/1 4:30,0
,2003/6/1 5:00,0
,2003/6/1 5:30,0
,2003/6/1 6:00,0
,2003/6/1 6:30,0
,2003/6/1 7:00,1.341249119
,2003/6/1 7:30,0
,2003/6/1 8:00,0
,2003/6/1 8:30,0
,2003/6/1 9:00,0
,2003/6/1 9:30,0
,2003/6/1 10:00,0
,2003/6/1 10:30,0
,2003/6/1 11:00,0
,2003/6/1 11:30,0
,2003/6/1 12:00,0
,2003/6/1 12:30,0
,2003/6/1 13:00,0
,2003/6/1 13:30,0.670624559
,2003/6/1 14:00,0
,2003/6/1 14:30,0
,2003/6/1 15:00,0
,2003/6/1 15:30,0
,2003/6/1 16:00,0
,2003/6/1 16:30,0
,2003/6/1 17:00,0
,2003/6/1 17:30,0
,2003/6/1 18:00,0
,2003/6/1 18:30,0
,2003/6/1 19:00,0
,2003/6/1 19:30,0
,2003/6/1 20:00,0.670624559
,2003/6/1 20:30,0.670624559
,2003/6/1 21:00,1.559930975
,2003/6/1 21:30,6.472984686
,2003/6/1 22:00,3.805065309
,2003/6/1 22:30,0
,2003/6/1 23:00,0
,2003/6/1 23:30,0
,2003/6/2 0:00,0
,2003/6/2 0:30,0
,2003/6/2 1:00,0
,2003/6/2 1:30,0
,2003/6/2 2:00,0
,2003/6/2 2:30,0
,2003/6/2 3:00,0
,2003/6/2 3:30,0
,2003/6/2 4:00,0
,2003/6/2 4:30,0
,2003/6/2 5:00,0.670624559
,2003/6/2 5:30,0
,2003/6/2 6:00,0
,2003/6/2 6:30,0
,2003/6/2 7:00,0
,2003/6/2 7:30,0
,2003/6/2 8:00,0
,2003/6/2 8:30,3.353122605
,2003/6/2 9:00,0
,2003/6/2 9:30,0
,2003/6/2 10:00,0
,2003/6/2 10:30,0
,2003/6/2 11:00,0
,2003/6/2 11:30,0
,2003/6/2 12:00,0
,2003/6/2 12:30,0
,2003/6/2 13:00,0
,2003/6/2 13:30,0
,2003/6/2 14:00,0
,2003/6/2 14:30,0
,2003/6/2 15:00,0
,2003/6/2 15:30,0
,2003/6/2 16:00,0
,2003/6/2 16:30,0
,2003/6/2 17:00,0
,2003/6/2 17:30,0
,2003/6/2 18:00,0
,2003/6/2 18:30,0
,2003/6/2 19:00,0
,2003/6/2 19:30,10.71541371
,2003/6/2 20:00,0
,2003/6/2 20:30,2.682498237
,2003/6/2 21:00,0
,2003/6/2 21:30,0.670624559
,2003/6/2 22:00,0
,2003/6/2 22:30,0
,2003/6/2 23:00,0
,2003/6/2 23:30,0
,2003/6/3 0:00,0
,2003/6/3 0:30,0
,2003/6/3 1:00,0
,2003/6/3 1:30,0
,2003/6/3 2:00,0
,2003/6/3 2:30,0
,2003/6/3 3:00,0
,2003/6/3 3:30,0
,2003/6/3 4:00,0
,2003/6/3 4:30,0
,2003/6/3 5:00,0
,2003/6/3 5:30,0
,2003/6/3 6:00,0
,2003/6/3 6:30,0
,2003/6/3 7:00,0
,2003/6/3 7:30,0
,2003/6/3 8:00,0
,2003/6/3 8:30,0
,2003/6/3 9:00,0
,2003/6/3 9:30,0
,2003/6/3 10:00,0
,2003/6/3 10:30,0
,2003/6/3 11:00,2.230555471
,2003/6/3 11:30,0
,2003/6/3 12:00,0
,2003/6/3 12:30,0
,2003/6/3 13:00,0
,2003/6/3 13:30,0
,2003/6/3 14:00,0
,2003/6/3 14:30,0
,2003/6/3 15:00,0
,2003/6/3 15:30,0
,2003/6/3 16:00,0
,2003/6/3 16:30,0
,2003/6/3 17:00,0
,2003/6/3 17:30,0
,2003/6/3 18:00,0
,2003/6/3 18:30,0.670624559
,2003/6/3 19:00,0
,2003/6/3 19:30,0
,2003/6/3 20:00,6.458406013
,2003/6/3 20:30,0
,2003/6/3 21:00,2.901180094
,2003/6/3 21:30,0
,2003/6/3 22:00,0
,2003/6/3 22:30,0
,2003/6/3 23:00,0
,2003/6/3 23:30,0
,2003/6/4 0:00,0
,2003/6/4 0:30,2.011873614
,2003/6/4 1:00,0
,2003/6/4 1:30,0
,2003/6/4 2:00,0
,2003/6/4 2:30,0
,2003/6/4 3:00,0
,2003/6/4 3:30,0
,2003/6/4 4:00,0
,2003/6/4 4:30,0
,2003/6/4 5:00,0
,2003/6/4 5:30,0
,2003/6/4 6:00,0
,2003/6/4 6:30,0
,2003/6/4 7:00,0
,2003/6/4 7:30,0
,2003/6/4 8:00,0
,2003/6/4 8:30,1.341249119
,2003/6/4 9:00,1.341249119
,2003/6/4 9:30,0
,2003/6/4 10:00,0
,2003/6/4 10:30,0
,2003/6/4 11:00,0
,2003/6/4 11:30,0
,2003/6/4 12:00,0
,2003/6/4 12:30,2.68249811
,2003/6/4 13:00,0
,2003/6/4 13:30,0
,2003/6/4 14:00,0
,2003/6/4 14:30,0
,2003/6/4 15:00,0
,2003/6/4 15:30,0
,2003/6/4 16:00,0
,2003/6/4 16:30,0
,2003/6/4 17:00,0
,2003/6/4 17:30,0
,2003/6/4 18:00,0
,2003/6/4 18:30,0
,2003/6/4 19:00,0
,2003/6/4 19:30,0
,2003/6/4 20:00,0
,2003/6/4 20:30,5.350417675
,2003/6/4 21:00,5.350417422
,2003/6/4 21:30,3.571804717
,2003/6/4 22:00,0
,2003/6/4 22:30,0
,2003/6/4 23:00,0
,2003/6/4 23:30,0
,2003/6/5 0:00,0
,2003/6/5 0:30,0
,2003/6/5 1:00,0
,2003/6/5 1:30,0
,2003/6/5 2:00,0
,2003/6/5 2:30,0
,2003/6/5 3:00,0
,2003/6/5 3:30,0
,2003/6/5 4:00,0
,2003/6/5 4:30,0
,2003/6/5 5:00,0
,2003/6/5 5:30,0
,2003/6/5 6:00,0
,2003/6/5 6:30,2.230555471
,2003/6/5 7:00,0
,2003/6/5 7:30,0
,2003/6/5 8:00,0
,2003/6/5 8:30,0
,2003/6/5 9:00,0
,2003/6/5 9:30,0
,2003/6/5 10:00,0
,2003/6/5 10:30,0
,2003/6/5 11:00,0
,2003/6/5 11:30,0
,2003/6/5 12:00,0
,2003/6/5 12:30,0
,2003/6/5 13:00,0
,2003/6/5 13:30,0
,2003/6/5 14:00,0
,2003/6/5 14:30,0
,2003/6/5 15:00,0
,2003/6/5 15:30,0
,2003/6/5 16:00,0
,2003/6/5 16:30,0
,2003/6/5 17:00,0
,2003/6/5 17:30,0
,2003/6/5 18:00,0
,2003/6/5 18:30,0
,2003/6/5 19:00,0.670624559
,2003/6/5 19:30,4.242429213
,2003/6/5 20:00,5.146314363
,2003/6/5 20:30,0.88930648
,2003/6/5 21:00,0.670624559
,2003/6/5 21:30,0
,2003/6/5 22:00,0
,2003/6/5 22:30,0
,2003/6/5 23:00,0
,2003/6/5 23:30,0
,2003/6/6 0:00,0
,2003/6/6 0:30,0
,2003/6/6 1:00,0
,2003/6/6 1:30,0
,2003/6/6 2:00,0
,2003/6/6 2:30,0
,2003/6/6 3:00,0
,2003/6/6 3:30,0
,2003/6/6 4:00,0
,2003/6/6 4:30,0
,2003/6/6 5:00,0
,2003/6/6 5:30,0
,2003/6/6 6:00,0
,2003/6/6 6:30,2.230555471
,2003/6/6 7:00,0
,2003/6/6 7:30,0
,2003/6/6 8:00,0
,2003/6/6 8:30,0
,2003/6/6 9:00,0
,2003/6/6 9:30,0
,2003/6/6 10:00,0
,2003/6/6 10:30,0
,2003/6/6 11:00,0
,2003/6/6 11:30,0
,2003/6/6 12:00,0
,2003/6/6 12:30,0
,2003/6/6 13:00,0
,2003/6/6 13:30,0
,2003/6/6 14:00,0
,2003/6/6 14:30,0
,2003/6/6 15:00,0
,2003/6/6 15:30,0
,2003/6/6 16:00,0
,2003/6/6 16:30,0
,2003/6/6 17:00,0
,2003/6/6 17:30,0
,2003/6/6 18:00,0
,2003/6/6 18:30,0
,2003/6/6 19:00,0
,2003/6/6 19:30,0.670624559
,2003/6/6 20:00,0
,2003/6/6 20:30,10.04478876
,2003/6/6 21:00,2.230555597
,2003/6/6 21:30,0
,2003/6/6 22:00,0
,2003/6/6 22:30,0
,2003/6/6 23:00,0
,2003/6/6 23:30,0
,2003/6/7 0:00,0
,2003/6/7 0:30,0
,2003/6/7 1:00,0.88930648
,2003/6/7 1:30,0.670624559
,2003/6/7 2:00,0
,2003/6/7 2:30,0
,2003/6/7 3:00,0
,2003/6/7 3:30,0
,2003/6/7 4:00,0
,2003/6/7 4:30,0
,2003/6/7 5:00,0
,2003/6/7 5:30,0
,2003/6/7 6:00,0
,2003/6/7 6:30,1.778612959
,2003/6/7 7:00,0
,2003/6/7 7:30,0
,2003/6/7 8:00,0
,2003/6/7 8:30,0
,2003/6/7 9:00,0
,2003/6/7 9:30,0
,2003/6/7 10:00,0
,2003/6/7 10:30,0
,2003/6/7 11:00,0
,2003/6/7 11:30,0
,2003/6/7 12:00,0
,2003/6/7 12:30,0
,2003/6/7 13:00,0
,2003/6/7 13:30,0
,2003/6/7 14:00,0
,2003/6/7 14:30,0
,2003/6/7 15:00,0
,2003/6/7 15:30,0
,2003/6/7 16:00,0
,2003/6/7 16:30,0
,2003/6/7 17:00,0
,2003/6/7 17:30,0
,2003/6/7 18:00,0
,2003/6/7 18:30,0
,2003/6/7 19:00,0.670624559
,2003/6/7 19:30,0
,2003/6/7 20:00,5.350417611
,2003/6/7 20:30,2.011873614
,2003/6/7 21:00,0
,2003/6/7 21:30,2.682498174
,2003/6/7 22:00,0
,2003/6/7 22:30,0
,2003/6/7 23:00,0
,2003/6/7 23:30,0
,2003/6/8 0:00,0
,2003/6/8 0:30,0
,2003/6/8 1:00,0
,2003/6/8 1:30,0
,2003/6/8 2:00,0
,2003/6/8 2:30,0
,2003/6/8 3:00,0
,2003/6/8 3:30,0
,2003/6/8 4:00,0
,2003/6/8 4:30,0
,2003/6/8 5:00,0.670624559
,2003/6/8 5:30,0
,2003/6/8 6:00,0
,2003/6/8 6:30,2.682498174
,2003/6/8 7:00,0
,2003/6/8 7:30,0
,2003/6/8 8:00,0
,2003/6/8 8:30,0
,2003/6/8 9:00,0
,2003/6/8 9:30,0
,2003/6/8 10:00,0
,2003/6/8 10:30,0
,2003/6/8 11:00,0
,2003/6/8 11:30,0
,2003/6/8 12:00,0
,2003/6/8 12:30,0
,2003/6/8 13:00,0
,2003/6/8 13:30,0
,2003/6/8 14:00,0
,2003/6/8 14:30,0
,2003/6/8 15:00,0
,2003/6/8 15:30,0
,2003/6/8 16:00,0
,2003/6/8 16:30,0
,2003/6/8 17:00,0
,2003/6/8 17:30,0
,2003/6/8 18:00,0
,2003/6/8 18:30,0
,2003/6/8 19:00,0
,2003/6/8 19:30,0
,2003/6/8 20:00,0
,2003/6/8 20:30,0
,2003/6/8 21:00,9.1554826
,2003/6/8 21:30,0
,2003/6/8 22:00,2.682498237
,2003/6/8 22:30,0
,2003/6/8 23:00,0
,2003/6/8 23:30,0
,2003/6/9 0:00,0
,2003/6/9 0:30,0
,2003/6/9 1:00,0
,2003/6/9 1:30,0
,2003/6/9 2:00,0
,2003/6/9 2:30,0
,2003/6/9 3:00,0
,2003/6/9 3:30,0
,2003/6/9 4:00,0
,2003/6/9 4:30,0
,2003/6/9 5:00,0
,2003/6/9 5:30,0
,2003/6/9 6:00,0
,2003/6/9 6:30,0
,2003/6/9 7:00,2.230555597
,2003/6/9 7:30,0
,2003/6/9 8:00,0
,2003/6/9 8:30,0
,2003/6/9 9:00,0
,2003/6/9 9:30,0
,2003/6/9 10:00,0
,2003/6/9 10:30,0
,2003/6/9 11:00,0
,2003/6/9 11:30,0
,2003/6/9 12:00,0
,2003/6/9 12:30,0
,2003/6/9 13:00,0
,2003/6/9 13:30,0
,2003/6/9 14:00,0
,2003/6/9 14:30,0
,2003/6/9 15:00,0
,2003/6/9 15:30,0
,2003/6/9 16:00,0
,2003/6/9 16:30,0
,2003/6/9 17:00,0
,2003/6/9 17:30,0
,2003/6/9 18:00,0
,2003/6/9 18:30,0
,2003/6/9 19:00,0.670624559
,2003/6/9 19:30,0
,2003/6/9 20:00,5.802360188
,2003/6/9 20:30,0
,2003/6/9 21:00,2.011873614
,2003/6/9 21:30,0
,2003/6/9 22:00,0
,2003/6/9 22:30,0
,2003/6/9 23:00,0
,2003/6/9 23:30,0
,2003/6/10 0:00,0
,2003/6/10 0:30,0
,2003/6/10 1:00,0
,2003/6/10 1:30,0
,2003/6/10 2:00,0
,2003/6/10 2:30,0
,2003/6/10 3:00,0
,2003/6/10 3:30,0
,2003/6/10 4:00,0
,2003/6/10 4:30,0
,2003/6/10 5:00,0
,2003/6/10 5:30,0
,2003/6/10 6:00,0
,2003/6/10 6:30,0
,2003/6/10 7:00,0
,2003/6/10 7:30,0
,2003/6/10 8:00,2.230555598
,2003/6/10 8:30,0
,2003/6/10 9:00,0
,2003/6/10 9:30,0
,2003/6/10 10:00,0
,2003/6/10 10:30,0
,2003/6/10 11:00,0
,2003/6/10 11:30,0
,2003/6/10 12:00,0
,2003/6/10 12:30,0
,2003/6/10 13:00,0
,2003/6/10 13:30,0
,2003/6/10 14:00,0
,2003/6/10 14:30,0
,2003/6/10 15:00,0
,2003/6/10 15:30,0
,2003/6/10 16:00,0
,2003/6/10 16:30,0
,2003/6/10 17:00,0
,2003/6/10 17:30,0
,2003/6/10 18:00,0
,2003/6/10 18:30,0
,2003/6/10 19:00,1.341249119
,2003/6/10 19:30,0.670624559
,2003/6/10 20:00,9.359585916
,2003/6/10 20:30,2.011873614
,2003/6/10 21:00,0.670624559
,2003/6/10 21:30,0.670624559
,2003/6/10 22:00,0
,2003/6/10 22:30,0
,2003/6/10 23:00,0
,2003/6/10 23:30,0
,2003/6/11 0:00,0
,2003/6/11 0:30,0
,2003/6/11 1:00,0
,2003/6/11 1:30,0
,2003/6/11 2:00,0
,2003/6/11 2:30,0
,2003/6/11 3:00,0
,2003/6/11 3:30,0
,2003/6/11 4:00,0
,2003/6/11 4:30,0
,2003/6/11 5:00,0
,2003/6/11 5:30,0
,2003/6/11 6:00,0
,2003/6/11 6:30,0
,2003/6/11 7:00,0
,2003/6/11 7:30,0
,2003/6/11 8:00,0
,2003/6/11 8:30,0
,2003/6/11 9:00,0
,2003/6/11 9:30,2.449237519
,2003/6/11 10:00,0
,2003/6/11 10:30,0
,2003/6/11 11:00,0
,2003/6/11 11:30,0
,2003/6/11 12:00,0
,2003/6/11 12:30,0
,2003/6/11 13:00,0
,2003/6/11 13:30,0
,2003/6/11 14:00,0
,2003/6/11 14:30,0
,2003/6/11 15:00,0
,2003/6/11 15:30,0
,2003/6/11 16:00,0
,2003/6/11 16:30,0
,2003/6/11 17:00,0
,2003/6/11 17:30,0
,2003/6/11 18:00,0
,2003/6/11 18:30,0
,2003/6/11 19:00,0
,2003/6/11 19:30,0
,2003/6/11 20:00,8.251597643
,2003/6/11 20:30,0
,2003/6/11 21:00,5.131735689
,2003/6/11 21:30,0
,2003/6/11 22:00,0
,2003/6/11 22:30,0
,2003/6/11 23:00,0
,2003/6/11 23:30,0
,2003/6/12 0:00,0
,2003/6/12 0:30,0
,2003/6/12 1:00,0
,2003/6/12 1:30,0
,2003/6/12 2:00,0
,2003/6/12 2:30,0
,2003/6/12 3:00,0
,2003/6/12 3:30,0
,2003/6/12 4:00,0
,2003/6/12 4:30,0
,2003/6/12 5:00,0
,2003/6/12 5:30,0
,2003/6/12 6:00,0
,2003/6/12 6:30,0
,2003/6/12 7:00,0
,2003/6/12 7:30,0
,2003/6/12 8:00,0
,2003/6/12 8:30,0
,2003/6/12 9:00,0
,2003/6/12 9:30,0
,2003/6/12 10:00,0
,2003/6/12 10:30,0
,2003/6/12 11:00,0
,2003/6/12 11:30,0
,2003/6/12 12:00,0
,2003/6/12 12:30,0
,2003/6/12 13:00,0
,2003/6/12 13:30,0
,2003/6/12 14:00,0
,2003/6/12 14:30,0
,2003/6/12 15:00,0
,2003/6/12 15:30,0
,2003/6/12 16:00,0
,2003/6/12 16:30,0
,2003/6/12 17:00,0
,2003/6/12 17:30,0
,2003/6/12 18:00,0
,2003/6/12 18:30,0
,2003/6/12 19:00,0
,2003/6/12 19:30,0
,2003/6/12 20:00,9.140903356
,2003/6/12 20:30,0
,2003/6/12 21:00,2.463816253
,2003/6/12 21:30,0
,2003/6/12 22:00,0
,2003/6/12 22:30,0
,2003/6/12 23:00,0
,2003/6/12 23:30,0
,2003/6/13 0:00,0
,2003/6/13 0:30,0
,2003/6/13 1:00,0
,2003/6/13 1:30,0
,2003/6/13 2:00,0
,2003/6/13 2:30,0
,2003/6/13 3:00,0
,2003/6/13 3:30,0
,2003/6/13 4:00,0
,2003/6/13 4:30,0
,2003/6/13 5:00,0
,2003/6/13 5:30,0
,2003/6/13 6:00,0.670624559
,2003/6/13 6:30,0
,2003/6/13 7:00,2.011873614
,2003/6/13 7:30,0
,2003/6/13 8:00,0
,2003/6/13 8:30,0
,2003/6/13 9:00,0
,2003/6/13 9:30,0
,2003/6/13 10:00,0
,2003/6/13 10:30,0
,2003/6/13 11:00,0
,2003/6/13 11:30,0
,2003/6/13 12:00,0
,2003/6/13 12:30,0
,2003/6/13 13:00,0
,2003/6/13 13:30,0
,2003/6/13 14:00,0
,2003/6/13 14:30,0
,2003/6/13 15:00,0
,2003/6/13 15:30,0
,2003/6/13 16:00,0
,2003/6/13 16:30,0
,2003/6/13 17:00,0
,2003/6/13 17:30,0
,2003/6/13 18:00,0
,2003/6/13 18:30,0
,2003/6/13 19:00,0
,2003/6/13 19:30,0
,2003/6/13 20:00,6.458406013
,2003/6/13 20:30,0.88930648
,2003/6/13 21:00,1.793191694
,2003/6/13 21:30,0
,2003/6/13 22:00,0
,2003/6/13 22:30,0
,2003/6/13 23:00,0
,2003/6/13 23:30,0
,2003/6/14 0:00,0
,2003/6/14 0:30,0
,2003/6/14 1:00,0
,2003/6/14 1:30,0
,2003/6/14 2:00,0
,2003/6/14 2:30,0
,2003/6/14 3:00,0
,2003/6/14 3:30,0
,2003/6/14 4:00,0
,2003/6/14 4:30,0
,2003/6/14 5:00,0
,2003/6/14 5:30,0
,2003/6/14 6:00,0
,2003/6/14 6:30,0
,2003/6/14 7:00,1.559930975
,2003/6/14 7:30,0
,2003/6/14 8:00,0
,2003/6/14 8:30,0
,2003/6/14 9:00,0
,2003/6/14 9:30,0
,2003/6/14 10:00,0
,2003/6/14 10:30,0
,2003/6/14 11:00,0
,2003/6/14 11:30,0
,2003/6/14 12:00,0
,2003/6/14 12:30,0
,2003/6/14 13:00,0
,2003/6/14 13:30,0
,2003/6/14 14:00,0
,2003/6/14 14:30,0
,2003/6/14 15:00,0
,2003/6/14 15:30,0
,2003/6/14 16:00,0
,2003/6/14 16:30,0
,2003/6/14 17:00,0
,2003/6/14 17:30,0
,2003/6/14 18:00,0
,2003/6/14 18:30,0
,2003/6/14 19:00,0
,2003/6/14 19:30,0
,2003/6/14 20:00,0
,2003/6/14 20:30,0
,2003/6/14 21:00,0
,2003/6/14 21:30,0
,2003/6/14 22:00,0
,2003/6/14 22:30,0
,2003/6/14 23:00,0
,2003/6/14 23:30,0
,2003/6/15 0:00,0
,2003/6/15 0:30,0
,2003/6/15 1:00,0
,2003/6/15 1:30,0
,2003/6/15 2:00,0
,2003/6/15 2:30,0
,2003/6/15 3:00,0
,2003/6/15 3:30,0
,2003/6/15 4:00,0
,2003/6/15 4:30,0
,2003/6/15 5:00,0
,2003/6/15 5:30,0
,2003/6/15 6:00,0
,2003/6/15 6:30,0
,2003/6/15 7:00,1.122567135
,2003/6/15 7:30,5.816938986
,2003/6/15 8:00,0
,2003/6/15 8:30,0
,2003/6/15 9:00,0
,2003/6/15 9:30,0
,2003/6/15 10:00,0
,2003/6/15 10:30,0
,2003/6/15 11:00,0
,2003/6/15 11:30,0
,2003/6/15 12:00,0
,2003/6/15 12:30,0
,2003/6/15 13:00,0
,2003/6/15 13:30,0
,2003/6/15 14:00,0
,2003/6/15 14:30,0.670624559
,2003/6/15 15:00,0.670624559
,2003/6/15 15:30,0
,2003/6/15 16:00,0
,2003/6/15 16:30,0
,2003/6/15 17:00,0
,2003/6/15 17:30,0
,2003/6/15 18:00,0
,2003/6/15 18:30,0
,2003/6/15 19:00,0
,2003/6/15 19:30,0
,2003/6/15 20:00,8.48485817
,2003/6/15 20:30,0.670624559
,2003/6/15 21:00,3.119861951
,2003/6/15 21:30,0.88930648
,2003/6/15 22:00,0
,2003/6/15 22:30,0
,2003/6/15 23:00,0
,2003/6/15 23:30,0
,2003/6/16 0:00,0
,2003/6/16 0:30,0
,2003/6/16 1:00,0
,2003/6/16 1:30,0
,2003/6/16 2:00,0
,2003/6/16 2:30,0
,2003/6/16 3:00,0
,2003/6/16 3:30,0
,2003/6/16 4:00,0
,2003/6/16 4:30,0
,2003/6/16 5:00,0
,2003/6/16 5:30,0
,2003/6/16 6:00,0
,2003/6/16 6:30,2.011873614
,2003/6/16 7:00,0
,2003/6/16 7:30,0
,2003/6/16 8:00,0
,2003/6/16 8:30,0
,2003/6/16 9:00,0
,2003/6/16 9:30,0
,2003/6/16 10:00,0
,2003/6/16 10:30,0
,2003/6/16 11:00,0
,2003/6/16 11:30,0
,2003/6/16 12:00,0
,2003/6/16 12:30,0
,2003/6/16 13:00,0
,2003/6/16 13:30,0
,2003/6/16 14:00,0
,2003/6/16 14:30,0
,2003/6/16 15:00,0
,2003/6/16 15:30,0
,2003/6/16 16:00,0
,2003/6/16 16:30,0
,2003/6/16 17:00,0
,2003/6/16 17:30,0
,2003/6/16 18:00,0
,2003/6/16 18:30,0
,2003/6/16 19:00,0
,2003/6/16 19:30,0
,2003/6/16 20:00,0
,2003/6/16 20:30,6.239724155
,2003/6/16 21:00,0
,2003/6/16 21:30,2.901180094
,2003/6/16 22:00,0
,2003/6/16 22:30,0
,2003/6/16 23:00,0
,2003/6/16 23:30,0
,2003/6/17 0:00,0
,2003/6/17 0:30,0
,2003/6/17 1:00,0
,2003/6/17 1:30,0
,2003/6/17 2:00,0
,2003/6/17 2:30,0
,2003/6/17 3:00,0
,2003/6/17 3:30,0
,2003/6/17 4:00,0
,2003/6/17 4:30,0
,2003/6/17 5:00,0
,2003/6/17 5:30,0
,2003/6/17 6:00,0
,2003/6/17 6:30,0
,2003/6/17 7:00,0
,2003/6/17 7:30,0
,2003/6/17 8:00,0
,2003/6/17 8:30,0
,2003/6/17 9:00,0
,2003/6/17 9:30,0
,2003/6/17 10:00,0
,2003/6/17 10:30,0
,2003/6/17 11:00,0
,2003/6/17 11:30,0
,2003/6/17 12:00,0
,2003/6/17 12:30,0
,2003/6/17 13:00,0
,2003/6/17 13:30,4.679793056
,2003/6/17 14:00,0
,2003/6/17 14:30,0
,2003/6/17 15:00,0
,2003/6/17 15:30,0
,2003/6/17 16:00,0
,2003/6/17 16:30,0
,2003/6/17 17:00,0
,2003/6/17 17:30,0
,2003/6/17 18:00,0
,2003/6/17 18:30,0
,2003/6/17 19:00,0
,2003/6/17 19:30,1.778612959
,2003/6/17 20:00,3.353122733
,2003/6/17 20:30,0.88930648
,2003/6/17 21:00,8.484857981
,2003/6/17 21:30,5.802360252
,2003/6/17 22:00,0
,2003/6/17 22:30,0
,2003/6/17 23:00,0
,2003/6/17 23:30,0
,2003/6/18 0:00,0
,2003/6/18 0:30,0
,2003/6/18 1:00,0
,2003/6/18 1:30,0
,2003/6/18 2:00,0
,2003/6/18 2:30,0
,2003/6/18 3:00,0
,2003/6/18 3:30,0
,2003/6/18 4:00,0
,2003/6/18 4:30,0
,2003/6/18 5:00,0
,2003/6/18 5:30,0
,2003/6/18 6:00,0
,2003/6/18 6:30,0
,2003/6/18 7:00,0
,2003/6/18 7:30,0
,2003/6/18 8:00,0
,2003/6/18 8:30,2.245134269
,2003/6/18 9:00,0
,2003/6/18 9:30,2.011873678
,2003/6/18 10:00,0.88930648
,2003/6/18 10:30,0
,2003/6/18 11:00,0
,2003/6/18 11:30,1.793191694
,2003/6/18 12:00,3.571804653
,2003/6/18 12:30,0
,2003/6/18 13:00,0
,2003/6/18 13:30,0
,2003/6/18 14:00,0
,2003/6/18 14:30,0
,2003/6/18 15:00,0
,2003/6/18 15:30,0
,2003/6/18 16:00,0
,2003/6/18 16:30,0
,2003/6/18 17:00,0
,2003/6/18 17:30,0
,2003/6/18 18:00,0
,2003/6/18 18:30,0
,2003/6/18 19:00,0
,2003/6/18 19:30,0
,2003/6/18 20:00,0
,2003/6/18 20:30,0
,2003/6/18 21:00,1.559930975
,2003/6/18 21:30,5.131735565
,2003/6/18 22:00,5.83151766
,2003/6/18 22:30,0.670624559
,2003/6/18 23:00,0
,2003/6/18 23:30,0
,2003/6/19 0:00,0
,2003/6/19 0:30,0
,2003/6/19 1:00,0
,2003/6/19 1:30,0
,2003/6/19 2:00,0
,2003/6/19 2:30,0
,2003/6/19 3:00,0
,2003/6/19 3:30,0
,2003/6/19 4:00,0
,2003/6/19 4:30,0
,2003/6/19 5:00,0
,2003/6/19 5:30,0
,2003/6/19 6:00,0
,2003/6/19 6:30,0
,2003/6/19 7:00,0
,2003/6/19 7:30,0
,2003/6/19 8:00,0
,2003/6/19 8:30,0
,2003/6/19 9:00,0
,2003/6/19 9:30,0
,2003/6/19 10:00,0
,2003/6/19 10:30,0
,2003/6/19 11:00,0
,2003/6/19 11:30,0
,2003/6/19 12:00,0
,2003/6/19 12:30,0
,2003/6/19 13:00,0
,2003/6/19 13:30,0
,2003/6/19 14:00,0
,2003/6/19 14:30,0
,2003/6/19 15:00,0
,2003/6/19 15:30,0
,2003/6/19 16:00,0
,2003/6/19 16:30,0
,2003/6/19 17:00,0
,2003/6/19 17:30,0
,2003/6/19 18:00,0
,2003/6/19 18:30,0.670624559
,2003/6/19 19:00,0.670624559
,2003/6/19 19:30,0
,2003/6/19 20:00,0
,2003/6/19 20:30,0
,2003/6/19 21:00,1.122567135
,2003/6/19 21:30,0.670624559
,2003/6/19 22:00,0
,2003/6/19 22:30,0
,2003/6/19 23:00,0
,2003/6/19 23:30,0
,2003/6/20 0:00,0
,2003/6/20 0:30,0
,2003/6/20 1:00,0
,2003/6/20 1:30,0
,2003/6/20 2:00,0
,2003/6/20 2:30,0
,2003/6/20 3:00,0
,2003/6/20 3:30,0
,2003/6/20 4:00,0
,2003/6/20 4:30,0
,2003/6/20 5:00,0
,2003/6/20 5:30,2.682498237
,2003/6/20 6:00,1.778612959
,2003/6/20 6:30,2.011873678
,2003/6/20 7:00,0
,2003/6/20 7:30,0
,2003/6/20 8:00,0
,2003/6/20 8:30,0
,2003/6/20 9:00,0
,2003/6/20 9:30,0
,2003/6/20 10:00,0
,2003/6/20 10:30,0
,2003/6/20 11:00,0
,2003/6/20 11:30,0
,2003/6/20 12:00,0
,2003/6/20 12:30,0
,2003/6/20 13:00,0
,2003/6/20 13:30,0
,2003/6/20 14:00,0
,2003/6/20 14:30,0
,2003/6/20 15:00,0
,2003/6/20 15:30,0
,2003/6/20 16:00,0
,2003/6/20 16:30,0
,2003/6/20 17:00,0
,2003/6/20 17:30,0
,2003/6/20 18:00,0
,2003/6/20 18:30,0
,2003/6/20 19:00,0.670624559
,2003/6/20 19:30,0
,2003/6/20 20:00,0
,2003/6/20 20:30,0
,2003/6/20 21:00,2.011873678
,2003/6/20 21:30,0.670624559
,2003/6/20 22:00,0
,2003/6/20 22:30,0
,2003/6/20 23:00,0
,2003/6/20 23:30,0
,2003/6/21 0:00,0
,2003/6/21 0:30,0
,2003/6/21 1:00,0
,2003/6/21 1:30,0
,2003/6/21 2:00,0
,2003/6/21 2:30,0
,2003/6/21 3:00,0
,2003/6/21 3:30,0
,2003/6/21 4:00,0
,2003/6/21 4:30,0
,2003/6/21 5:00,0
,2003/6/21 5:30,0.88930648
,2003/6/21 6:00,2.901180094
,2003/6/21 6:30,0
,2003/6/21 7:00,2.011873678
,2003/6/21 7:30,0
,2003/6/21 8:00,0
,2003/6/21 8:30,0
,2003/6/21 9:00,0
,2003/6/21 9:30,0
,2003/6/21 10:00,0
,2003/6/21 10:30,0
,2003/6/21 11:00,0
,2003/6/21 11:30,0
,2003/6/21 12:00,0
,2003/6/21 12:30,0
,2003/6/21 13:00,0
,2003/6/21 13:30,0
,2003/6/21 14:00,0
,2003/6/21 14:30,0
,2003/6/21 15:00,0
,2003/6/21 15:30,0
,2003/6/21 16:00,0
,2003/6/21 16:30,0
,2003/6/21 17:00,0
,2003/6/21 17:30,0
,2003/6/21 18:00,0
,2003/6/21 18:30,0
,2003/6/21 19:00,0
,2003/6/21 19:30,0
,2003/6/21 20:00,0
,2003/6/21 20:30,5.131735629
,2003/6/21 21:00,0.670624559
,2003/6/21 21:30,0
,2003/6/21 22:00,0
,2003/6/21 22:30,0
,2003/6/21 23:00,0
,2003/6/21 23:30,0
,2003/6/22 0:00,0
,2003/6/22 0:30,0
,2003/6/22 1:00,0
,2003/6/22 1:30,0
,2003/6/22 2:00,0
,2003/6/22 2:30,0
,2003/6/22 3:00,0
,2003/6/22 3:30,0
,2003/6/22 4:00,0
,2003/6/22 4:30,0
,2003/6/22 5:00,0
,2003/6/22 5:30,1.341249119
,2003/6/22 6:00,0
,2003/6/22 6:30,0
,2003/6/22 7:00,1.778612959
,2003/6/22 7:30,0
,2003/6/22 8:00,0
,2003/6/22 8:30,0
,2003/6/22 9:00,0
,2003/6/22 9:30,0.88930648
,2003/6/22 10:00,0
,2003/6/22 10:30,0
,2003/6/22 11:00,0
,2003/6/22 11:30,0
,2003/6/22 12:00,0
,2003/6/22 12:30,0
,2003/6/22 13:00,0
,2003/6/22 13:30,1.793191694
,2003/6/22 14:00,0.670624559
,2003/6/22 14:30,0
,2003/6/22 15:00,0
,2003/6/22 15:30,0
,2003/6/22 16:00,0
,2003/6/22 16:30,0
,2003/6/22 17:00,0
,2003/6/22 17:30,0
,2003/6/22 18:00,0
,2003/6/22 18:30,1.122567135
,2003/6/22 19:00,0
,2003/6/22 19:30,0
,2003/6/22 20:00,0
,2003/6/22 20:30,0
,2003/6/22 21:00,0
,2003/6/22 21:30,0
,2003/6/22 22:00,0
,2003/6/22 22:30,0
,2003/6/22 23:00,1.122567135
,2003/6/22 23:30,2.901180093
,2003/6/23 0:00,0
,2003/6/23 0:30,0
,2003/6/23 1:00,0
,2003/6/23 1:30,0
,2003/6/23 2:00,0
,2003/6/23 2:30,0
,2003/6/23 3:00,0
,2003/6/23 3:30,0
,2003/6/23 4:00,0
,2003/6/23 4:30,0
,2003/6/23 5:00,0
,2003/6/23 5:30,0
,2003/6/23 6:00,0
,2003/6/23 6:30,0
,2003/6/23 7:00,1.778612959
,2003/6/23 7:30,0
,2003/6/23 8:00,0
,2003/6/23 8:30,0
,2003/6/23 9:00,0
,2003/6/23 9:30,0
,2003/6/23 10:00,0
,2003/6/23 10:30,0
,2003/6/23 11:00,0
,2003/6/23 11:30,0
,2003/6/23 12:00,0
,2003/6/23 12:30,0
,2003/6/23 13:00,0
,2003/6/23 13:30,0
,2003/6/23 14:00,0
,2003/6/23 14:30,0
,2003/6/23 15:00,0
,2003/6/23 15:30,0
,2003/6/23 16:00,0
,2003/6/23 16:30,0
,2003/6/23 17:00,0
,2003/6/23 17:30,0
,2003/6/23 18:00,0
,2003/6/23 18:30,0
,2003/6/23 19:00,0
,2003/6/23 19:30,0
,2003/6/23 20:00,7.347712111
,2003/6/23 20:30,0
,2003/6/23 21:00,1.341249119
,2003/6/23 21:30,0.670624559
,2003/6/23 22:00,0
,2003/6/23 22:30,0
,2003/6/23 23:00,0
,2003/6/23 23:30,0
,2003/6/24 0:00,0
,2003/6/24 0:30,0
,2003/6/24 1:00,0
,2003/6/24 1:30,0
,2003/6/24 2:00,0
,2003/6/24 2:30,0
,2003/6/24 3:00,0
,2003/6/24 3:30,0
,2003/6/24 4:00,0
,2003/6/24 4:30,0
,2003/6/24 5:00,0
,2003/6/24 5:30,0
,2003/6/24 6:00,1.559930975
,2003/6/24 6:30,0
,2003/6/24 7:00,0
,2003/6/24 7:30,0
,2003/6/24 8:00,0
,2003/6/24 8:30,0
,2003/6/24 9:00,0
,2003/6/24 9:30,0
,2003/6/24 10:00,0
,2003/6/24 10:30,0
,2003/6/24 11:00,0
,2003/6/24 11:30,0
,2003/6/24 12:00,0
,2003/6/24 12:30,0
,2003/6/24 13:00,0
,2003/6/24 13:30,0
,2003/6/24 14:00,0
,2003/6/24 14:30,0
,2003/6/24 15:00,0
,2003/6/24 15:30,0
,2003/6/24 16:00,0
,2003/6/24 16:30,0
,2003/6/24 17:00,0
,2003/6/24 17:30,0
,2003/6/24 18:00,0
,2003/6/24 18:30,0
,2003/6/24 19:00,0
,2003/6/24 19:30,0
,2003/6/24 20:00,3.557225919
,2003/6/24 20:30,3.790486446
,2003/6/24 21:00,4.461111071
,2003/6/24 21:30,0
,2003/6/24 22:00,0
,2003/6/24 22:30,0
,2003/6/24 23:00,0
,2003/6/24 23:30,0
,2003/6/25 0:00,0
,2003/6/25 0:30,0
,2003/6/25 1:00,0
,2003/6/25 1:30,0
,2003/6/25 2:00,0
,2003/6/25 2:30,0
,2003/6/25 3:00,0
,2003/6/25 3:30,0
,2003/6/25 4:00,0
,2003/6/25 4:30,0
,2003/6/25 5:00,0
,2003/6/25 5:30,0
,2003/6/25 6:00,0
,2003/6/25 6:30,0
,2003/6/25 7:00,0
,2003/6/25 7:30,0
,2003/6/25 8:00,0
,2003/6/25 8:30,0
,2003/6/25 9:00,0
,2003/6/25 9:30,0
,2003/6/25 10:00,0
,2003/6/25 10:30,0
,2003/6/25 11:00,0
,2003/6/25 11:30,0
,2003/6/25 12:00,0
,2003/6/25 12:30,0
,2003/6/25 13:00,0
,2003/6/25 13:30,0
,2003/6/25 14:00,0
,2003/6/25 14:30,0
,2003/6/25 15:00,0
,2003/6/25 15:30,0
,2003/6/25 16:00,0
,2003/6/25 16:30,0
,2003/6/25 17:00,0
,2003/6/25 17:30,0
,2003/6/25 18:00,0
,2003/6/25 18:30,0
,2003/6/25 19:00,0
,2003/6/25 19:30,0
,2003/6/25 20:00,0
,2003/6/25 20:30,0
,2003/6/25 21:00,0
,2003/6/25 21:30,0
,2003/6/25 22:00,0
,2003/6/25 22:30,0
,2003/6/25 23:00,0
,2003/6/25 23:30,7.143609181
,2003/6/26 0:00,4.69437179
,2003/6/26 0:30,0
,2003/6/26 1:00,0
,2003/6/26 1:30,0
,2003/6/26 2:00,0
,2003/6/26 2:30,0
,2003/6/26 3:00,0
,2003/6/26 3:30,0
,2003/6/26 4:00,0
,2003/6/26 4:30,0
,2003/6/26 5:00,0
,2003/6/26 5:30,0
,2003/6/26 6:00,0
,2003/6/26 6:30,0
,2003/6/26 7:00,0
,2003/6/26 7:30,0
,2003/6/26 8:00,0
,2003/6/26 8:30,0
,2003/6/26 9:00,0
,2003/6/26 9:30,0
,2003/6/26 10:00,0
,2003/6/26 10:30,0
,2003/6/26 11:00,0
,2003/6/26 11:30,0
,2003/6/26 12:00,0
,2003/6/26 12:30,0
,2003/6/26 13:00,0
,2003/6/26 13:30,0
,2003/6/26 14:00,0
,2003/6/26 14:30,0
,2003/6/26 15:00,0
,2003/6/26 15:30,0
,2003/6/26 16:00,0
,2003/6/26 16:30,0
,2003/6/26 17:00,0
,2003/6/26 17:30,0
,2003/6/26 18:00,0
,2003/6/26 18:30,0
,2003/6/26 19:00,0
,2003/6/26 19:30,0
,2003/6/26 20:00,6.254302701
,2003/6/26 20:30,0
,2003/6/26 21:00,2.901180093
,2003/6/26 21:30,0
,2003/6/26 22:00,0.670624559
,2003/6/26 22:30,0
,2003/6/26 23:00,0
,2003/6/26 23:30,0
,2003/6/27 0:00,0
,2003/6/27 0:30,0
,2003/6/27 1:00,0
,2003/6/27 1:30,0
,2003/6/27 2:00,0
,2003/6/27 2:30,0
,2003/6/27 3:00,0
,2003/6/27 3:30,0
,2003/6/27 4:00,0
,2003/6/27 4:30,0
,2003/6/27 5:00,0
,2003/6/27 5:30,0
,2003/6/27 6:00,0
,2003/6/27 6:30,2.230555471
,2003/6/27 7:00,0
,2003/6/27 7:30,0
,2003/6/27 8:00,0
,2003/6/27 8:30,0
,2003/6/27 9:00,0
,2003/6/27 9:30,0
,2003/6/27 10:00,0
,2003/6/27 10:30,0
,2003/6/27 11:00,0
,2003/6/27 11:30,0
,2003/6/27 12:00,0
,2003/6/27 12:30,0
,2003/6/27 13:00,0
,2003/6/27 13:30,0
,2003/6/27 14:00,0
,2003/6/27 14:30,0
,2003/6/27 15:00,0
,2003/6/27 15:30,0
,2003/6/27 16:00,0
,2003/6/27 16:30,0
,2003/6/27 17:00,0
,2003/6/27 17:30,0
,2003/6/27 18:00,0
,2003/6/27 18:30,0
,2003/6/27 19:00,0
,2003/6/27 19:30,0
,2003/6/27 20:00,0
,2003/6/27 20:30,1.341249119
,2003/6/27 21:00,8.922222077
,2003/6/27 21:30,0.88930648
,2003/6/27 22:00,0
,2003/6/27 22:30,0
,2003/6/27 23:00,0
,2003/6/27 23:30,0
,2003/6/28 0:00,0
,2003/6/28 0:30,0
,2003/6/28 1:00,0
,2003/6/28 1:30,0
,2003/6/28 2:00,0
,2003/6/28 2:30,0
,2003/6/28 3:00,0
,2003/6/28 3:30,0
,2003/6/28 4:00,0
,2003/6/28 4:30,0
,2003/6/28 5:00,0
,2003/6/28 5:30,0
,2003/6/28 6:00,0
,2003/6/28 6:30,0
,2003/6/28 7:00,1.559930975
,2003/6/28 7:30,0
,2003/6/28 8:00,0
,2003/6/28 8:30,0
,2003/6/28 9:00,0
,2003/6/28 9:30,0
,2003/6/28 10:00,0
,2003/6/28 10:30,0
,2003/6/28 11:00,0
,2003/6/28 11:30,0
,2003/6/28 12:00,0
,2003/6/28 12:30,0
,2003/6/28 13:00,0
,2003/6/28 13:30,0
,2003/6/28 14:00,0
,2003/6/28 14:30,0
,2003/6/28 15:00,0
,2003/6/28 15:30,0
,2003/6/28 16:00,0
,2003/6/28 16:30,0
,2003/6/28 17:00,0
,2003/6/28 17:30,0
,2003/6/28 18:00,0
,2003/6/28 18:30,0.670624559
,2003/6/28 19:00,0.670624559
,2003/6/28 19:30,5.131735693
,2003/6/28 20:00,0
,2003/6/28 20:30,3.338543934
,2003/6/28 21:00,0
,2003/6/28 21:30,0.670624559
,2003/6/28 22:00,0
,2003/6/28 22:30,0
,2003/6/28 23:00,0
,2003/6/28 23:30,0
,2003/6/29 0:00,0
,2003/6/29 0:30,0
,2003/6/29 1:00,0
,2003/6/29 1:30,0
,2003/6/29 2:00,0
,2003/6/29 2:30,0
,2003/6/29 3:00,0
,2003/6/29 3:30,0
,2003/6/29 4:00,0
,2003/6/29 4:30,0
,2003/6/29 5:00,0
,2003/6/29 5:30,0
,2003/6/29 6:00,0
,2003/6/29 6:30,2.449237455
,2003/6/29 7:00,0
,2003/6/29 7:30,0
,2003/6/29 8:00,0
,2003/6/29 8:30,0
,2003/6/29 9:00,0
,2003/6/29 9:30,0
,2003/6/29 10:00,0
,2003/6/29 10:30,0
,2003/6/29 11:00,0
,2003/6/29 11:30,0
,2003/6/29 12:00,0
,2003/6/29 12:30,0
,2003/6/29 13:00,0
,2003/6/29 13:30,0.670624559
,2003/6/29 14:00,0
,2003/6/29 14:30,0
,2003/6/29 15:00,0
,2003/6/29 15:30,0
,2003/6/29 16:00,0
,2003/6/29 16:30,0
,2003/6/29 17:00,0
,2003/6/29 17:30,0
,2003/6/29 18:00,0
,2003/6/29 18:30,0
,2003/6/29 19:00,0
,2003/6/29 19:30,0
,2003/6/29 20:00,0
,2003/6/29 20:30,7.143609305
,2003/6/29 21:00,3.353122669
,2003/6/29 21:30,0
,2003/6/29 22:00,0
,2003/6/29 22:30,0
,2003/6/29 23:00,0
,2003/6/29 23:30,0
,2003/6/30 0:00,0
,2003/6/30 0:30,0
,2003/6/30 1:00,0
,2003/6/30 1:30,0
,2003/6/30 2:00,0
,2003/6/30 2:30,0
,2003/6/30 3:00,0
,2003/6/30 3:30,0
,2003/6/30 4:00,0
,2003/6/30 4:30,0
,2003/6/30 5:00,0
,2003/6/30 5:30,0
,2003/6/30 6:00,0
,2003/6/30 6:30,2.011873678
,2003/6/30 7:00,0
,2003/6/30 7:30,0
,2003/6/30 8:00,0
,2003/6/30 8:30,0
,2003/6/30 9:00,0
,2003/6/30 9:30,0
,2003/6/30 10:00,0
,2003/6/30 10:30,0
,2003/6/30 11:00,0
,2003/6/30 11:30,0
,2003/6/30 12:00,0
,2003/6/30 12:30,0
,2003/6/30 13:00,0
,2003/6/30 13:30,0
,2003/6/30 14:00,0
,2003/6/30 14:30,0
,2003/6/30 15:00,0
,2003/6/30 15:30,0
,2003/6/30 16:00,0
,2003/6/30 16:30,0
,2003/6/30 17:00,0
,2003/6/30 17:30,0
,2003/6/30 18:00,0
,2003/6/30 18:30,0
,2003/6/30 19:00,0
,2003/6/30 19:30,0.88930648
,2003/6/30 20:00,4.023747232
,2003/6/30 20:30,2.011873678
,2003/6/30 21:00,0
,2003/6/30 21:30,0
,2003/6/30 22:00,0
,2003/6/30 22:30,0
,2003/6/30 23:00,0
,2003/6/30 23:30,0
,2003/7/1 0:00,0
,2003/7/1 0:30,0
,2003/7/1 1:00,0
,2003/7/1 1:30,0
,2003/7/1 2:00,0
,2003/7/1 2:30,0
,2003/7/1 3:00,0
,2003/7/1 3:30,0
,2003/7/1 4:00,0
,2003/7/1 4:30,0
,2003/7/1 5:00,0
,2003/7/1 5:30,0
,2003/7/1 6:00,0
,2003/7/1 6:30,0
,2003/7/1 7:00,0
,2003/7/1 7:30,1.122567135
,2003/7/1 8:00,0
,2003/7/1 8:30,0
,2003/7/1 9:00,0
,2003/7/1 9:30,0
,2003/7/1 10:00,0
,2003/7/1 10:30,0
,2003/7/1 11:00,0
,2003/7/1 11:30,0
,2003/7/1 12:00,0
,2003/7/1 12:30,0
,2003/7/1 13:00,0
,2003/7/1 13:30,0
,2003/7/1 14:00,0
,2003/7/1 14:30,0
,2003/7/1 15:00,0
,2003/7/1 15:30,0
,2003/7/1 16:00,0
,2003/7/1 16:30,0
,2003/7/1 17:00,0
,2003/7/1 17:30,0
,2003/7/1 18:00,0
,2003/7/1 18:30,0
,2003/7/1 19:00,0
,2003/7/1 19:30,0
,2003/7/1 20:00,0
,2003/7/1 20:30,0.670624559
,2003/7/1 21:00,9.155482921
,2003/7/1 21:30,1.559931039
,2003/7/1 22:00,2.011873678
,2003/7/1 22:30,0
,2003/7/1 23:00,0
,2003/7/1 23:30,0
,2003/7/2 0:00,0
,2003/7/2 0:30,0
,2003/7/2 1:00,0
,2003/7/2 1:30,0
,2003/7/2 2:00,0
,2003/7/2 2:30,0
,2003/7/2 3:00,0
,2003/7/2 3:30,0
,2003/7/2 4:00,0
,2003/7/2 4:30,0
,2003/7/2 5:00,0
,2003/7/2 5:30,0
,2003/7/2 6:00,0
,2003/7/2 6:30,0
,2003/7/2 7:00,0
,2003/7/2 7:30,0
,2003/7/2 8:00,0
,2003/7/2 8:30,0
,2003/7/2 9:00,0
,2003/7/2 9:30,0
,2003/7/2 10:00,0.670624559
,2003/7/2 10:30,0
,2003/7/2 11:00,0.670624559
,2003/7/2 11:30,0
,2003/7/2 12:00,0
,2003/7/2 12:30,0
,2003/7/2 13:00,0
,2003/7/2 13:30,0
,2003/7/2 14:00,0
,2003/7/2 14:30,0
,2003/7/2 15:00,0
,2003/7/2 15:30,0
,2003/7/2 16:00,0
,2003/7/2 16:30,0
,2003/7/2 17:00,0
,2003/7/2 17:30,0
,2003/7/2 18:00,0
,2003/7/2 18:30,1.341249119
,2003/7/2 19:00,0.670624559
,2003/7/2 19:30,0
,2003/7/2 20:00,0
,2003/7/2 20:30,11.37145882
,2003/7/2 21:00,8.251597578
,2003/7/2 21:30,0
,2003/7/2 22:00,0
,2003/7/2 22:30,0
,2003/7/2 23:00,0
,2003/7/2 23:30,0
,2003/7/3 0:00,0
,2003/7/3 0:30,0
,2003/7/3 1:00,0
,2003/7/3 1:30,0
,2003/7/3 2:00,0
,2003/7/3 2:30,0
,2003/7/3 3:00,0
,2003/7/3 3:30,0
,2003/7/3 4:00,0
,2003/7/3 4:30,0
,2003/7/3 5:00,0
,2003/7/3 5:30,0
,2003/7/3 6:00,0
,2003/7/3 6:30,0
,2003/7/3 7:00,0
,2003/7/3 7:30,0.670624559
,2003/7/3 8:00,0
,2003/7/3 8:30,0
,2003/7/3 9:00,0
,2003/7/3 9:30,0
,2003/7/3 10:00,0
,2003/7/3 10:30,0
,2003/7/3 11:00,0
,2003/7/3 11:30,0
,2003/7/3 12:00,0
,2003/7/3 12:30,0
,2003/7/3 13:00,0
,2003/7/3 13:30,0
,2003/7/3 14:00,0
,2003/7/3 14:30,0
,2003/7/3 15:00,0
,2003/7/3 15:30,0
,2003/7/3 16:00,0
,2003/7/3 16:30,0
,2003/7/3 17:00,0
,2003/7/3 17:30,0
,2003/7/3 18:00,0
,2003/7/3 18:30,0
,2003/7/3 19:00,0.670624559
,2003/7/3 19:30,2.449237519
,2003/7/3 20:00,3.586383389
,2003/7/3 20:30,2.682498237
,2003/7/3 21:00,0
,2003/7/3 21:30,0
,2003/7/3 22:00,0
,2003/7/3 22:30,0
,2003/7/3 23:00,0
,2003/7/3 23:30,0
,2003/7/4 0:00,0
,2003/7/4 0:30,0
,2003/7/4 1:00,0
,2003/7/4 1:30,0
,2003/7/4 2:00,0
,2003/7/4 2:30,0
,2003/7/4 3:00,0
,2003/7/4 3:30,0
,2003/7/4 4:00,0
,2003/7/4 4:30,0
,2003/7/4 5:00,0
,2003/7/4 5:30,0
,2003/7/4 6:00,0
,2003/7/4 6:30,1.341249119
,2003/7/4 7:00,0.88930648
,2003/7/4 7:30,0
,2003/7/4 8:00,0
,2003/7/4 8:30,0
,2003/7/4 9:00,0
,2003/7/4 9:30,0
,2003/7/4 10:00,0
,2003/7/4 10:30,0
,2003/7/4 11:00,0
,2003/7/4 11:30,0
,2003/7/4 12:00,0
,2003/7/4 12:30,0
,2003/7/4 13:00,0
,2003/7/4 13:30,0
,2003/7/4 14:00,0
,2003/7/4 14:30,0
,2003/7/4 15:00,0
,2003/7/4 15:30,0
,2003/7/4 16:00,0
,2003/7/4 16:30,0
,2003/7/4 17:00,0
,2003/7/4 17:30,0
,2003/7/4 18:00,0
,2003/7/4 18:30,0
,2003/7/4 19:00,0.88930648
,2003/7/4 19:30,0
,2003/7/4 20:00,6.691666411
,2003/7/4 20:30,0.88930648
,2003/7/4 21:00,2.901180094
,2003/7/4 21:30,0
,2003/7/4 22:00,0
,2003/7/4 22:30,0
,2003/7/4 23:00,1.341249119
,2003/7/4 23:30,0
,2003/7/5 0:00,1.341249119
,2003/7/5 0:30,0
,2003/7/5 1:00,0
,2003/7/5 1:30,0
,2003/7/5 2:00,0
,2003/7/5 2:30,0
,2003/7/5 3:00,0
,2003/7/5 3:30,0
,2003/7/5 4:00,0
,2003/7/5 4:30,0
,2003/7/5 5:00,0
,2003/7/5 5:30,0
,2003/7/5 6:00,0
,2003/7/5 6:30,0
,2003/7/5 7:00,0
,2003/7/5 7:30,0
,2003/7/5 8:00,0
,2003/7/5 8:30,0
,2003/7/5 9:00,0
,2003/7/5 9:30,0
,2003/7/5 10:00,0
,2003/7/5 10:30,0
,2003/7/5 11:00,0
,2003/7/5 11:30,0
,2003/7/5 12:00,0
,2003/7/5 12:30,0
,2003/7/5 13:00,0
,2003/7/5 13:30,0
,2003/7/5 14:00,0
,2003/7/5 14:30,0
,2003/7/5 15:00,0
,2003/7/5 15:30,0
,2003/7/5 16:00,0
,2003/7/5 16:30,0
,2003/7/5 17:00,0
,2003/7/5 17:30,0
,2003/7/5 18:00,0
,2003/7/5 18:30,0
,2003/7/5 19:00,0
,2003/7/5 19:30,0.670624559
,2003/7/5 20:00,0
,2003/7/5 20:30,0
,2003/7/5 21:00,0
,2003/7/5 21:30,0
,2003/7/5 22:00,0
,2003/7/5 22:30,0
,2003/7/5 23:00,0
,2003/7/5 23:30,0
,2003/7/6 0:00,0
,2003/7/6 0:30,0
,2003/7/6 1:00,0
,2003/7/6 1:30,0
,2003/7/6 2:00,0
,2003/7/6 2:30,0
,2003/7/6 3:00,0
,2003/7/6 3:30,0
,2003/7/6 4:00,0
,2003/7/6 4:30,0
,2003/7/6 5:00,0
,2003/7/6 5:30,0
,2003/7/6 6:00,0
,2003/7/6 6:30,2.011873614
,2003/7/6 7:00,0
,2003/7/6 7:30,0
,2003/7/6 8:00,0
,2003/7/6 8:30,0
,2003/7/6 9:00,0
,2003/7/6 9:30,0
,2003/7/6 10:00,0
,2003/7/6 10:30,0
,2003/7/6 11:00,0
,2003/7/6 11:30,0
,2003/7/6 12:00,0
,2003/7/6 12:30,0
,2003/7/6 13:00,0.670624559
,2003/7/6 13:30,0
,2003/7/6 14:00,0
,2003/7/6 14:30,0
,2003/7/6 15:00,0
,2003/7/6 15:30,0
,2003/7/6 16:00,0
,2003/7/6 16:30,0
,2003/7/6 17:00,0
,2003/7/6 17:30,0
,2003/7/6 18:00,0
,2003/7/6 18:30,0
,2003/7/6 19:00,0
,2003/7/6 19:30,0
,2003/7/6 20:00,7.595551754
,2003/7/6 20:30,2.011873678
,2003/7/6 21:00,0.670624559
,2003/7/6 21:30,0.670624559
,2003/7/6 22:00,0
,2003/7/6 22:30,0
,2003/7/6 23:00,0
,2003/7/6 23:30,0
,2003/7/7 0:00,0
,2003/7/7 0:30,0
,2003/7/7 1:00,0
,2003/7/7 1:30,0
,2003/7/7 2:00,0
,2003/7/7 2:30,0
,2003/7/7 3:00,0
,2003/7/7 3:30,0
,2003/7/7 4:00,0
,2003/7/7 4:30,0
,2003/7/7 5:00,0
,2003/7/7 5:30,0
,2003/7/7 6:00,0
,2003/7/7 6:30,1.122567135
,2003/7/7 7:00,0
,2003/7/7 7:30,0
,2003/7/7 8:00,0
,2003/7/7 8:30,0
,2003/7/7 9:00,0
,2003/7/7 9:30,0
,2003/7/7 10:00,0
,2003/7/7 10:30,0
,2003/7/7 11:00,0
,2003/7/7 11:30,0
,2003/7/7 12:00,0
,2003/7/7 12:30,0
,2003/7/7 13:00,0
,2003/7/7 13:30,0
,2003/7/7 14:00,0
,2003/7/7 14:30,0
,2003/7/7 15:00,0
,2003/7/7 15:30,0
,2003/7/7 16:00,0
,2003/7/7 16:30,0
,2003/7/7 17:00,0
,2003/7/7 17:30,0
,2003/7/7 18:00,0
,2003/7/7 18:30,0
,2003/7/7 19:00,0
,2003/7/7 19:30,0
,2003/7/7 20:00,6.472984682
,2003/7/7 20:30,1.341249119
,2003/7/7 21:00,1.778612959
,2003/7/7 21:30,0
,2003/7/7 22:00,0
,2003/7/7 22:30,0
,2003/7/7 23:00,0
,2003/7/7 23:30,0
,2003/7/8 0:00,0
,2003/7/8 0:30,0
,2003/7/8 1:00,0
,2003/7/8 1:30,0
,2003/7/8 2:00,0
,2003/7/8 2:30,0
,2003/7/8 3:00,0
,2003/7/8 3:30,0
,2003/7/8 4:00,0
,2003/7/8 4:30,0
,2003/7/8 5:00,0
,2003/7/8 5:30,0
,2003/7/8 6:00,0
,2003/7/8 6:30,0
,2003/7/8 7:00,0
,2003/7/8 7:30,0
,2003/7/8 8:00,0
,2003/7/8 8:30,0
,2003/7/8 9:00,0
,2003/7/8 9:30,0
,2003/7/8 10:00,0
,2003/7/8 10:30,0
,2003/7/8 11:00,0
,2003/7/8 11:30,0
,2003/7/8 12:00,0
,2003/7/8 12:30,0.670624559
,2003/7/8 13:00,1.122567135
,2003/7/8 13:30,0
,2003/7/8 14:00,0
,2003/7/8 14:30,0
,2003/7/8 15:00,0
,2003/7/8 15:30,0
,2003/7/8 16:00,0
,2003/7/8 16:30,0
,2003/7/8 17:00,0
,2003/7/8 17:30,0
,2003/7/8 18:00,0
,2003/7/8 18:30,0
,2003/7/8 19:00,0.88930648
,2003/7/8 19:30,0
,2003/7/8 20:00,0
,2003/7/8 20:30,0
,2003/7/8 21:00,10.7154139
,2003/7/8 21:30,1.793191694
,2003/7/8 22:00,0
,2003/7/8 22:30,0
,2003/7/8 23:00,0
,2003/7/8 23:30,0
,2003/7/9 0:00,0
,2003/7/9 0:30,0
,2003/7/9 1:00,0
,2003/7/9 1:30,0
,2003/7/9 2:00,0
,2003/7/9 2:30,0
,2003/7/9 3:00,0
,2003/7/9 3:30,0
,2003/7/9 4:00,0
,2003/7/9 4:30,0
,2003/7/9 5:00,0
,2003/7/9 5:30,0
,2003/7/9 6:00,0
,2003/7/9 6:30,0
,2003/7/9 7:00,0
,2003/7/9 7:30,0
,2003/7/9 8:00,0
,2003/7/9 8:30,0
,2003/7/9 9:00,0
,2003/7/9 9:30,0
,2003/7/9 10:00,4.227850415
,2003/7/9 10:30,1.341249119
,2003/7/9 11:00,0
,2003/7/9 11:30,0
,2003/7/9 12:00,0
,2003/7/9 12:30,0
,2003/7/9 13:00,0
,2003/7/9 13:30,0
,2003/7/9 14:00,0
,2003/7/9 14:30,0
,2003/7/9 15:00,0
,2003/7/9 15:30,0
,2003/7/9 16:00,0
,2003/7/9 16:30,0
,2003/7/9 17:00,0
,2003/7/9 17:30,0
,2003/7/9 18:00,0
,2003/7/9 18:30,0
,2003/7/9 19:00,0
,2003/7/9 19:30,0
,2003/7/9 20:00,0
,2003/7/9 20:30,0
,2003/7/9 21:00,0
,2003/7/9 21:30,0
,2003/7/9 22:00,0
,2003/7/9 22:30,0
,2003/7/9 23:00,0
,2003/7/9 23:30,0
,2003/7/10 0:00,0
,2003/7/10 0:30,0
,2003/7/10 1:00,0
,2003/7/10 1:30,0
,2003/7/10 2:00,0
,2003/7/10 2:30,0
,2003/7/10 3:00,0
,2003/7/10 3:30,0
,2003/7/10 4:00,0
,2003/7/10 4:30,0
,2003/7/10 5:00,0
,2003/7/10 5:30,0
,2003/7/10 6:00,3.790486446
,2003/7/10 6:30,2.449237455
,2003/7/10 7:00,0
,2003/7/10 7:30,0
,2003/7/10 8:00,0
,2003/7/10 8:30,0
,2003/7/10 9:00,0
,2003/7/10 9:30,0
,2003/7/10 10:00,0
,2003/7/10 10:30,0
,2003/7/10 11:00,0
,2003/7/10 11:30,0
,2003/7/10 12:00,0
,2003/7/10 12:30,0
,2003/7/10 13:00,0
,2003/7/10 13:30,0
,2003/7/10 14:00,0
,2003/7/10 14:30,0
,2003/7/10 15:00,0
,2003/7/10 15:30,0
,2003/7/10 16:00,0
,2003/7/10 16:30,0
,2003/7/10 17:00,0
,2003/7/10 17:30,0
,2003/7/10 18:00,0
,2003/7/10 18:30,0
,2003/7/10 19:00,0.670624559
,2003/7/10 19:30,0
,2003/7/10 20:00,0
,2003/7/10 20:30,0
,2003/7/10 21:00,0
,2003/7/10 21:30,8.922222009
,2003/7/10 22:00,2.011873678
,2003/7/10 22:30,0
,2003/7/10 23:00,0
,2003/7/10 23:30,0.88930648
,2003/7/11 0:00,0
,2003/7/11 0:30,0
,2003/7/11 1:00,0
,2003/7/11 1:30,0
,2003/7/11 2:00,0
,2003/7/11 2:30,0
,2003/7/11 3:00,0
,2003/7/11 3:30,0
,2003/7/11 4:00,0
,2003/7/11 4:30,0
,2003/7/11 5:00,0
,2003/7/11 5:30,0
,2003/7/11 6:00,0
,2003/7/11 6:30,0
,2003/7/11 7:00,0
,2003/7/11 7:30,2.230555534
,2003/7/11 8:00,0
,2003/7/11 8:30,0
,2003/7/11 9:00,0
,2003/7/11 9:30,0
,2003/7/11 10:00,0
,2003/7/11 10:30,0
,2003/7/11 11:00,0
,2003/7/11 11:30,0
,2003/7/11 12:00,0
,2003/7/11 12:30,0
,2003/7/11 13:00,0
,2003/7/11 13:30,0
,2003/7/11 14:00,0
,2003/7/11 14:30,0
,2003/7/11 15:00,0
,2003/7/11 15:30,0.670624559
,2003/7/11 16:00,0
,2003/7/11 16:30,0
,2003/7/11 17:00,0
,2003/7/11 17:30,0
,2003/7/11 18:00,0
,2003/7/11 18:30,0
,2003/7/11 19:00,0.670624559
,2003/7/11 19:30,0
,2003/7/11 20:00,0
,2003/7/11 20:30,0
,2003/7/11 21:00,0
,2003/7/11 21:30,0
,2003/7/11 22:00,0
,2003/7/11 22:30,0
,2003/7/11 23:00,0
,2003/7/11 23:30,3.790486574
,2003/7/12 0:00,0
,2003/7/12 0:30,0
,2003/7/12 1:00,0
,2003/7/12 1:30,0
,2003/7/12 2:00,0
,2003/7/12 2:30,0
,2003/7/12 3:00,0
,2003/7/12 3:30,0
,2003/7/12 4:00,0
,2003/7/12 4:30,0
,2003/7/12 5:00,0
,2003/7/12 5:30,2.682498174
,2003/7/12 6:00,0.670624559
,2003/7/12 6:30,2.449237455
,2003/7/12 7:00,0
,2003/7/12 7:30,0
,2003/7/12 8:00,0
,2003/7/12 8:30,0
,2003/7/12 9:00,0
,2003/7/12 9:30,0
,2003/7/12 10:00,0
,2003/7/12 10:30,0
,2003/7/12 11:00,0
,2003/7/12 11:30,0
,2003/7/12 12:00,0
,2003/7/12 12:30,0
,2003/7/12 13:00,0
,2003/7/12 13:30,0
,2003/7/12 14:00,0
,2003/7/12 14:30,0
,2003/7/12 15:00,0
,2003/7/12 15:30,0
,2003/7/12 16:00,0
,2003/7/12 16:30,0
,2003/7/12 17:00,0
,2003/7/12 17:30,0
,2003/7/12 18:00,0
,2003/7/12 18:30,0
,2003/7/12 19:00,0
,2003/7/12 19:30,0
,2003/7/12 20:00,0
,2003/7/12 20:30,1.122567135
,2003/7/12 21:00,0
,2003/7/12 21:30,0
,2003/7/12 22:00,0
,2003/7/12 22:30,0
,2003/7/12 23:00,0
,2003/7/12 23:30,0
,2003/7/13 0:00,0
,2003/7/13 0:30,0
,2003/7/13 1:00,0.670624559
,2003/7/13 1:30,0
,2003/7/13 2:00,0
,2003/7/13 2:30,0
,2003/7/13 3:00,0
,2003/7/13 3:30,0
,2003/7/13 4:00,0
,2003/7/13 4:30,0
,2003/7/13 5:00,0
,2003/7/13 5:30,0
,2003/7/13 6:00,0
,2003/7/13 6:30,0
,2003/7/13 7:00,2.230555471
,2003/7/13 7:30,0
,2003/7/13 8:00,0
,2003/7/13 8:30,0
,2003/7/13 9:00,0
,2003/7/13 9:30,0
,2003/7/13 10:00,0
,2003/7/13 10:30,0
,2003/7/13 11:00,0
,2003/7/13 11:30,0
,2003/7/13 12:00,0
,2003/7/13 12:30,0
,2003/7/13 13:00,0
,2003/7/13 13:30,0
,2003/7/13 14:00,0
,2003/7/13 14:30,0
,2003/7/13 15:00,0
,2003/7/13 15:30,0
,2003/7/13 16:00,0
,2003/7/13 16:30,0
,2003/7/13 17:00,0
,2003/7/13 17:30,0
,2003/7/13 18:00,0
,2003/7/13 18:30,0
,2003/7/13 19:00,0
,2003/7/13 19:30,0.670624559
,2003/7/13 20:00,0
,2003/7/13 20:30,0
,2003/7/13 21:00,8.922221884
,2003/7/13 21:30,3.119861951
,2003/7/13 22:00,2.011873678
,2003/7/13 22:30,0.670624559
,2003/7/13 23:00,0
,2003/7/13 23:30,0
,2003/7/14 0:00,0
,2003/7/14 0:30,0
,2003/7/14 1:00,0
,2003/7/14 1:30,0
,2003/7/14 2:00,0
,2003/7/14 2:30,0
,2003/7/14 3:00,0
,2003/7/14 3:30,0
,2003/7/14 4:00,0
,2003/7/14 4:30,0
,2003/7/14 5:00,0
,2003/7/14 5:30,0
,2003/7/14 6:00,0
,2003/7/14 6:30,0
,2003/7/14 7:00,0
,2003/7/14 7:30,0
,2003/7/14 8:00,0
,2003/7/14 8:30,0
,2003/7/14 9:00,0
,2003/7/14 9:30,0
,2003/7/14 10:00,0
,2003/7/14 10:30,0
,2003/7/14 11:00,0
,2003/7/14 11:30,0
,2003/7/14 12:00,0
,2003/7/14 12:30,0
,2003/7/14 13:00,0
,2003/7/14 13:30,0
,2003/7/14 14:00,0
,2003/7/14 14:30,0
,2003/7/14 15:00,0
,2003/7/14 15:30,0
,2003/7/14 16:00,0
,2003/7/14 16:30,0
,2003/7/14 17:00,0
,2003/7/14 17:30,0
,2003/7/14 18:00,0
,2003/7/14 18:30,0
,2003/7/14 19:00,0
,2003/7/14 19:30,0
,2003/7/14 20:00,0
,2003/7/14 20:30,5.131735629
,2003/7/14 21:00,6.254302765
,2003/7/14 21:30,2.230555535
,2003/7/14 22:00,0
,2003/7/14 22:30,0
,2003/7/14 23:00,0
,2003/7/14 23:30,0
,2003/7/15 0:00,0
,2003/7/15 0:30,0
,2003/7/15 1:00,0
,2003/7/15 1:30,0
,2003/7/15 2:00,0
,2003/7/15 2:30,0
,2003/7/15 3:00,0
,2003/7/15 3:30,0
,2003/7/15 4:00,0
,2003/7/15 4:30,0
,2003/7/15 5:00,0
,2003/7/15 5:30,0
,2003/7/15 6:00,0
,2003/7/15 6:30,0
,2003/7/15 7:00,0
,2003/7/15 7:30,0
,2003/7/15 8:00,0
,2003/7/15 8:30,0
,2003/7/15 9:00,0
,2003/7/15 9:30,0
,2003/7/15 10:00,0
,2003/7/15 10:30,0
,2003/7/15 11:00,0
,2003/7/15 11:30,0
,2003/7/15 12:00,0
,2003/7/15 12:30,0
,2003/7/15 13:00,0
,2003/7/15 13:30,0
,2003/7/15 14:00,0
,2003/7/15 14:30,0
,2003/7/15 15:00,0
,2003/7/15 15:30,0
,2003/7/15 16:00,0
,2003/7/15 16:30,0
,2003/7/15 17:00,0
,2003/7/15 17:30,0
,2003/7/15 18:00,0
,2003/7/15 18:30,0
,2003/7/15 19:00,0
,2003/7/15 19:30,0
,2003/7/15 20:00,0
,2003/7/15 20:30,0
,2003/7/15 21:00,9.592846635
,2003/7/15 21:30,5.802360252
,2003/7/15 22:00,0
,2003/7/15 22:30,0.670624559
,2003/7/15 23:00,0
,2003/7/15 23:30,0
,2003/7/16 0:00,0
,2003/7/16 0:30,0
,2003/7/16 1:00,0
,2003/7/16 1:30,0
,2003/7/16 2:00,0
,2003/7/16 2:30,0
,2003/7/16 3:00,0
,2003/7/16 3:30,0
,2003/7/16 4:00,0
,2003/7/16 4:30,0
,2003/7/16 5:00,0
,2003/7/16 5:30,0
,2003/7/16 6:00,0
,2003/7/16 6:30,0
,2003/7/16 7:00,0
,2003/7/16 7:30,0
,2003/7/16 8:00,0
,2003/7/16 8:30,0
,2003/7/16 9:00,0
,2003/7/16 9:30,0
,2003/7/16 10:00,0
,2003/7/16 10:30,2.230555471
,2003/7/16 11:00,0
,2003/7/16 11:30,0
,2003/7/16 12:00,1.341249119
,2003/7/16 12:30,0
,2003/7/16 13:00,0
,2003/7/16 13:30,0
,2003/7/16 14:00,0
,2003/7/16 14:30,0
,2003/7/16 15:00,0
,2003/7/16 15:30,0
,2003/7/16 16:00,0
,2003/7/16 16:30,0
,2003/7/16 17:00,0
,2003/7/16 17:30,0
,2003/7/16 18:00,0
,2003/7/16 18:30,0
,2003/7/16 19:00,0.88930648
,2003/7/16 19:30,0
,2003/7/16 20:00,5.802360188
,2003/7/16 20:30,5.583678395
,2003/7/16 21:00,0
,2003/7/16 21:30,0
,2003/7/16 22:00,2.901180095
,2003/7/16 22:30,0
,2003/7/16 23:00,0
,2003/7/16 23:30,0
,2003/7/17 0:00,0
,2003/7/17 0:30,0
,2003/7/17 1:00,0
,2003/7/17 1:30,0
,2003/7/17 2:00,0
,2003/7/17 2:30,0
,2003/7/17 3:00,0
,2003/7/17 3:30,0
,2003/7/17 4:00,0
,2003/7/17 4:30,0
,2003/7/17 5:00,0
,2003/7/17 5:30,0
,2003/7/17 6:00,0
,2003/7/17 6:30,0
,2003/7/17 7:00,0
,2003/7/17 7:30,0
,2003/7/17 8:00,0
,2003/7/17 8:30,0
,2003/7/17 9:00,0
,2003/7/17 9:30,0
,2003/7/17 10:00,0
,2003/7/17 10:30,0
,2003/7/17 11:00,0
,2003/7/17 11:30,0
,2003/7/17 12:00,0
,2003/7/17 12:30,0
,2003/7/17 13:00,0
,2003/7/17 13:30,0
,2003/7/17 14:00,0
,2003/7/17 14:30,0
,2003/7/17 15:00,0
,2003/7/17 15:30,0
,2003/7/17 16:00,0
,2003/7/17 16:30,0
,2003/7/17 17:00,0
,2003/7/17 17:30,0
,2003/7/17 18:00,0
,2003/7/17 18:30,0.670624559
,2003/7/17 19:00,0.670624559
,2003/7/17 19:30,0
,2003/7/17 20:00,0
,2003/7/17 20:30,2.24513427
,2003/7/17 21:00,0.88930648
,2003/7/17 21:30,0
,2003/7/17 22:00,0
,2003/7/17 22:30,0
,2003/7/17 23:00,0
,2003/7/17 23:30,0
,2003/7/18 0:00,0
,2003/7/18 0:30,0
,2003/7/18 1:00,0
,2003/7/18 1:30,0
,2003/7/18 2:00,0
,2003/7/18 2:30,0
,2003/7/18 3:00,0
,2003/7/18 3:30,0
,2003/7/18 4:00,0
,2003/7/18 4:30,0
,2003/7/18 5:00,4.023747232
,2003/7/18 5:30,1.122567135
,2003/7/18 6:00,0
,2003/7/18 6:30,2.667919438
,2003/7/18 7:00,0
,2003/7/18 7:30,0
,2003/7/18 8:00,0
,2003/7/18 8:30,0
,2003/7/18 9:00,0
,2003/7/18 9:30,0
,2003/7/18 10:00,0
,2003/7/18 10:30,0
,2003/7/18 11:00,0
,2003/7/18 11:30,0
,2003/7/18 12:00,0
,2003/7/18 12:30,0
,2003/7/18 13:00,0
,2003/7/18 13:30,0
,2003/7/18 14:00,0
,2003/7/18 14:30,0
,2003/7/18 15:00,0
,2003/7/18 15:30,0
,2003/7/18 16:00,0
,2003/7/18 16:30,0
,2003/7/18 17:00,0
,2003/7/18 17:30,0
,2003/7/18 18:00,0
,2003/7/18 18:30,0
,2003/7/18 19:00,0
,2003/7/18 19:30,0
,2003/7/18 20:00,0
,2003/7/18 20:30,0
,2003/7/18 21:00,1.778612959
,2003/7/18 21:30,0
,2003/7/18 22:00,0
,2003/7/18 22:30,0
,2003/7/18 23:00,0
,2003/7/18 23:30,0
,2003/7/19 0:00,0
,2003/7/19 0:30,0
,2003/7/19 1:00,0
,2003/7/19 1:30,0.670624559
,2003/7/19 2:00,0
,2003/7/19 2:30,0
,2003/7/19 3:00,0
,2003/7/19 3:30,0
,2003/7/19 4:00,0
,2003/7/19 4:30,0
,2003/7/19 5:00,0
,2003/7/19 5:30,0
,2003/7/19 6:00,0
,2003/7/19 6:30,0
,2003/7/19 7:00,2.011873614
,2003/7/19 7:30,0
,2003/7/19 8:00,0
,2003/7/19 8:30,0
,2003/7/19 9:00,0
,2003/7/19 9:30,0
,2003/7/19 10:00,0
,2003/7/19 10:30,0
,2003/7/19 11:00,0
,2003/7/19 11:30,0
,2003/7/19 12:00,0
,2003/7/19 12:30,0
,2003/7/19 13:00,0
,2003/7/19 13:30,0
,2003/7/19 14:00,0
,2003/7/19 14:30,0
,2003/7/19 15:00,0
,2003/7/19 15:30,0
,2003/7/19 16:00,0
,2003/7/19 16:30,0
,2003/7/19 17:00,0
,2003/7/19 17:30,0
,2003/7/19 18:00,0
,2003/7/19 18:30,0
,2003/7/19 19:00,0
,2003/7/19 19:30,1.341249119
,2003/7/19 20:00,0
,2003/7/19 20:30,0
,2003/7/19 21:00,2.230555471
,2003/7/19 21:30,0
,2003/7/19 22:00,8.922222137
,2003/7/19 22:30,0
,2003/7/19 23:00,0
,2003/7/19 23:30,2.667919438
,2003/7/20 0:00,0
,2003/7/20 0:30,0
,2003/7/20 1:00,0
,2003/7/20 1:30,0
,2003/7/20 2:00,0
,2003/7/20 2:30,0
,2003/7/20 3:00,0
,2003/7/20 3:30,0
,2003/7/20 4:00,0
,2003/7/20 4:30,0
,2003/7/20 5:00,0
,2003/7/20 5:30,0
,2003/7/20 6:00,0
,2003/7/20 6:30,2.449237455
,2003/7/20 7:00,0.670624559
,2003/7/20 7:30,0
,2003/7/20 8:00,0
,2003/7/20 8:30,0
,2003/7/20 9:00,0
,2003/7/20 9:30,0
,2003/7/20 10:00,0
,2003/7/20 10:30,0
,2003/7/20 11:00,0
,2003/7/20 11:30,0
,2003/7/20 12:00,0
,2003/7/20 12:30,0
,2003/7/20 13:00,0
,2003/7/20 13:30,0
,2003/7/20 14:00,0
,2003/7/20 14:30,0
,2003/7/20 15:00,0
,2003/7/20 15:30,0
,2003/7/20 16:00,2.901180094
,2003/7/20 16:30,0
,2003/7/20 17:00,0
,2003/7/20 17:30,0
,2003/7/20 18:00,0
,2003/7/20 18:30,0.670624559
,2003/7/20 19:00,0.670624559
,2003/7/20 19:30,0
,2003/7/20 20:00,0
,2003/7/20 20:30,0
,2003/7/20 21:00,0
,2003/7/20 21:30,0
,2003/7/20 22:00,0
,2003/7/20 22:30,0
,2003/7/20 23:00,0
,2003/7/20 23:30,0
,2003/7/21 0:00,0
,2003/7/21 0:30,0
,2003/7/21 1:00,0
,2003/7/21 1:30,0
,2003/7/21 2:00,0
,2003/7/21 2:30,0
,2003/7/21 3:00,0
,2003/7/21 3:30,0
,2003/7/21 4:00,0
,2003/7/21 4:30,0
,2003/7/21 5:00,0
,2003/7/21 5:30,0
,2003/7/21 6:00,0
,2003/7/21 6:30,0
,2003/7/21 7:00,0
,2003/7/21 7:30,2.682498237
,2003/7/21 8:00,0
,2003/7/21 8:30,0
,2003/7/21 9:00,0.670624559
,2003/7/21 9:30,0
,2003/7/21 10:00,1.122567135
,2003/7/21 10:30,2.4492372
,2003/7/21 11:00,0
,2003/7/21 11:30,0
,2003/7/21 12:00,0
,2003/7/21 12:30,0
,2003/7/21 13:00,0
,2003/7/21 13:30,0
,2003/7/21 14:00,0
,2003/7/21 14:30,0
,2003/7/21 15:00,0
,2003/7/21 15:30,0
,2003/7/21 16:00,0
,2003/7/21 16:30,0
,2003/7/21 17:00,0
,2003/7/21 17:30,0
,2003/7/21 18:00,0
,2003/7/21 18:30,0
,2003/7/21 19:00,0
,2003/7/21 19:30,0
,2003/7/21 20:00,0
,2003/7/21 20:30,0
,2003/7/21 21:00,4.679793052
,2003/7/21 21:30,0
,2003/7/21 22:00,0.670624559
,2003/7/21 22:30,0
,2003/7/21 23:00,0
,2003/7/21 23:30,0
,2003/7/22 0:00,0
,2003/7/22 0:30,0
,2003/7/22 1:00,0
,2003/7/22 1:30,0
,2003/7/22 2:00,0
,2003/7/22 2:30,0
,2003/7/22 3:00,0
,2003/7/22 3:30,0
,2003/7/22 4:00,0
,2003/7/22 4:30,0
,2003/7/22 5:00,0
,2003/7/22 5:30,0
,2003/7/22 6:00,0
,2003/7/22 6:30,0
,2003/7/22 7:00,0
,2003/7/22 7:30,2.463816253
,2003/7/22 8:00,0
,2003/7/22 8:30,0
,2003/7/22 9:00,0
,2003/7/22 9:30,0
,2003/7/22 10:00,0
,2003/7/22 10:30,0
,2003/7/22 11:00,0
,2003/7/22 11:30,0
,2003/7/22 12:00,1.122567135
,2003/7/22 12:30,0
,2003/7/22 13:00,0
,2003/7/22 13:30,0
,2003/7/22 14:00,0
,2003/7/22 14:30,0
,2003/7/22 15:00,0
,2003/7/22 15:30,0
,2003/7/22 16:00,0
,2003/7/22 16:30,0
,2003/7/22 17:00,0
,2003/7/22 17:30,0
,2003/7/22 18:00,0
,2003/7/22 18:30,0
,2003/7/22 19:00,0.670624559
,2003/7/22 19:30,0
,2003/7/22 20:00,0
,2003/7/22 20:30,12.93139006
,2003/7/22 21:00,5.131735629
,2003/7/22 21:30,0
,2003/7/22 22:00,0
,2003/7/22 22:30,0
,2003/7/22 23:00,0
,2003/7/22 23:30,0
,2003/7/23 0:00,0
,2003/7/23 0:30,0
,2003/7/23 1:00,0
,2003/7/23 1:30,0
,2003/7/23 2:00,0
,2003/7/23 2:30,0
,2003/7/23 3:00,0
,2003/7/23 3:30,0
,2003/7/23 4:00,0
,2003/7/23 4:30,0
,2003/7/23 5:00,0
,2003/7/23 5:30,0
,2003/7/23 6:00,0
,2003/7/23 6:30,0
,2003/7/23 7:00,0
,2003/7/23 7:30,0
,2003/7/23 8:00,0
,2003/7/23 8:30,0
,2003/7/23 9:00,0
,2003/7/23 9:30,0
,2003/7/23 10:00,0
,2003/7/23 10:30,0
,2003/7/23 11:00,0
,2003/7/23 11:30,1.778612959
,2003/7/23 12:00,0
,2003/7/23 12:30,0
,2003/7/23 13:00,0
,2003/7/23 13:30,0
,2003/7/23 14:00,0
,2003/7/23 14:30,0
,2003/7/23 15:00,0
,2003/7/23 15:30,0
,2003/7/23 16:00,0
,2003/7/23 16:30,0
,2003/7/23 17:00,0
,2003/7/23 17:30,0
,2003/7/23 18:00,0
,2003/7/23 18:30,0
,2003/7/23 19:00,0
,2003/7/23 19:30,0
,2003/7/23 20:00,0
,2003/7/23 20:30,0
,2003/7/23 21:00,7.143609245
,2003/7/23 21:30,1.122567135
,2003/7/23 22:00,5.146314363
,2003/7/23 22:30,0
,2003/7/23 23:00,0
,2003/7/23 23:30,0
,2003/7/24 0:00,0
,2003/7/24 0:30,0
,2003/7/24 1:00,0
,2003/7/24 1:30,0
,2003/7/24 2:00,0
,2003/7/24 2:30,0
,2003/7/24 3:00,0
,2003/7/24 3:30,0
,2003/7/24 4:00,0
,2003/7/24 4:30,0
,2003/7/24 5:00,0
,2003/7/24 5:30,0
,2003/7/24 6:00,0
,2003/7/24 6:30,0
,2003/7/24 7:00,0.88930648
,2003/7/24 7:30,0
,2003/7/24 8:00,0
,2003/7/24 8:30,0
,2003/7/24 9:00,0
,2003/7/24 9:30,0
,2003/7/24 10:00,0
,2003/7/24 10:30,0
,2003/7/24 11:00,0
,2003/7/24 11:30,0
,2003/7/24 12:00,0
,2003/7/24 12:30,0
,2003/7/24 13:00,0
,2003/7/24 13:30,0
,2003/7/24 14:00,0
,2003/7/24 14:30,0
,2003/7/24 15:00,0
,2003/7/24 15:30,0
,2003/7/24 16:00,0
,2003/7/24 16:30,0
,2003/7/24 17:00,0
,2003/7/24 17:30,0
,2003/7/24 18:00,0
,2003/7/24 18:30,0.670624559
,2003/7/24 19:00,0
,2003/7/24 19:30,1.778612959
,2003/7/24 20:00,7.362291162
,2003/7/24 20:30,0
,2003/7/24 21:00,3.338543934
,2003/7/24 21:30,0.88930648
,2003/7/24 22:00,0
,2003/7/24 22:30,0
,2003/7/24 23:00,0
,2003/7/24 23:30,0
,2003/7/25 0:00,0
,2003/7/25 0:30,0
,2003/7/25 1:00,0
,2003/7/25 1:30,0
,2003/7/25 2:00,0
,2003/7/25 2:30,0
,2003/7/25 3:00,0
,2003/7/25 3:30,0
,2003/7/25 4:00,0
,2003/7/25 4:30,0
,2003/7/25 5:00,0
,2003/7/25 5:30,0
,2003/7/25 6:00,2.901180094
,2003/7/25 6:30,0
,2003/7/25 7:00,0
,2003/7/25 7:30,0
,2003/7/25 8:00,0
,2003/7/25 8:30,0
,2003/7/25 9:00,0
,2003/7/25 9:30,0
,2003/7/25 10:00,0
,2003/7/25 10:30,0
,2003/7/25 11:00,0
,2003/7/25 11:30,0
,2003/7/25 12:00,0
,2003/7/25 12:30,0
,2003/7/25 13:00,0
,2003/7/25 13:30,0
,2003/7/25 14:00,0
,2003/7/25 14:30,0
,2003/7/25 15:00,0
,2003/7/25 15:30,0
,2003/7/25 16:00,0
,2003/7/25 16:30,0
,2003/7/25 17:00,0
,2003/7/25 17:30,0
,2003/7/25 18:00,0
,2003/7/25 18:30,0
,2003/7/25 19:00,0
,2003/7/25 19:30,3.571804653
,2003/7/25 20:00,3.57180459
,2003/7/25 20:30,3.571804654
,2003/7/25 21:00,0
,2003/7/25 21:30,0
,2003/7/25 22:00,0.670624559
,2003/7/25 22:30,0
,2003/7/25 23:00,0
,2003/7/25 23:30,0
,2003/7/26 0:00,0
,2003/7/26 0:30,0
,2003/7/26 1:00,0
,2003/7/26 1:30,0
,2003/7/26 2:00,0
,2003/7/26 2:30,0
,2003/7/26 3:00,0
,2003/7/26 3:30,0
,2003/7/26 4:00,0
,2003/7/26 4:30,0
,2003/7/26 5:00,0
,2003/7/26 5:30,0
,2003/7/26 6:00,0
,2003/7/26 6:30,0
,2003/7/26 7:00,2.901180094
,2003/7/26 7:30,0
,2003/7/26 8:00,0
,2003/7/26 8:30,0
,2003/7/26 9:00,0
,2003/7/26 9:30,0
,2003/7/26 10:00,0
,2003/7/26 10:30,0
,2003/7/26 11:00,0
,2003/7/26 11:30,0
,2003/7/26 12:00,0
,2003/7/26 12:30,0
,2003/7/26 13:00,0
,2003/7/26 13:30,0
,2003/7/26 14:00,0
,2003/7/26 14:30,0
,2003/7/26 15:00,0
,2003/7/26 15:30,0
,2003/7/26 16:00,0
,2003/7/26 16:30,0
,2003/7/26 17:00,0
,2003/7/26 17:30,0
,2003/7/26 18:00,0
,2003/7/26 18:30,0.670624559
,2003/7/26 19:00,0
,2003/7/26 19:30,0
,2003/7/26 20:00,8.703539898
,2003/7/26 20:30,3.119862014
,2003/7/26 21:00,0
,2003/7/26 21:30,0
,2003/7/26 22:00,0.670624559
,2003/7/26 22:30,0
,2003/7/26 23:00,0
,2003/7/26 23:30,0
,2003/7/27 0:00,0
,2003/7/27 0:30,0
,2003/7/27 1:00,0
,2003/7/27 1:30,0
,2003/7/27 2:00,0
,2003/7/27 2:30,0
,2003/7/27 3:00,0
,2003/7/27 3:30,0
,2003/7/27 4:00,0
,2003/7/27 4:30,0
,2003/7/27 5:00,0
,2003/7/27 5:30,0
,2003/7/27 6:00,0
,2003/7/27 6:30,3.338543935
,2003/7/27 7:00,0
,2003/7/27 7:30,0
,2003/7/27 8:00,0
,2003/7/27 8:30,0
,2003/7/27 9:00,0
,2003/7/27 9:30,0
,2003/7/27 10:00,0
,2003/7/27 10:30,0
,2003/7/27 11:00,0
,2003/7/27 11:30,0
,2003/7/27 12:00,0
,2003/7/27 12:30,0
,2003/7/27 13:00,0
,2003/7/27 13:30,0
,2003/7/27 14:00,0
,2003/7/27 14:30,0
,2003/7/27 15:00,0
,2003/7/27 15:30,0
,2003/7/27 16:00,0
,2003/7/27 16:30,0
,2003/7/27 17:00,0
,2003/7/27 17:30,0
,2003/7/27 18:00,0
,2003/7/27 18:30,0
,2003/7/27 19:00,0
,2003/7/27 19:30,0
,2003/7/27 20:00,7.143609245
,2003/7/27 20:30,0
,2003/7/27 21:00,2.449237455
,2003/7/27 21:30,1.122567135
,2003/7/27 22:00,0
,2003/7/27 22:30,0
,2003/7/27 23:00,0
,2003/7/27 23:30,0
,2003/7/28 0:00,0
,2003/7/28 0:30,0
,2003/7/28 1:00,0
,2003/7/28 1:30,0.670624559
,2003/7/28 2:00,0.670624559
,2003/7/28 2:30,0
,2003/7/28 3:00,0
,2003/7/28 3:30,0
,2003/7/28 4:00,0
,2003/7/28 4:30,0
,2003/7/28 5:00,0
,2003/7/28 5:30,0
,2003/7/28 6:00,0
,2003/7/28 6:30,0
,2003/7/28 7:00,2.449237519
,2003/7/28 7:30,0
,2003/7/28 8:00,0
,2003/7/28 8:30,0
,2003/7/28 9:00,0
,2003/7/28 9:30,0
,2003/7/28 10:00,0
,2003/7/28 10:30,0
,2003/7/28 11:00,0
,2003/7/28 11:30,0
,2003/7/28 12:00,0
,2003/7/28 12:30,0
,2003/7/28 13:00,0
,2003/7/28 13:30,0
,2003/7/28 14:00,0
,2003/7/28 14:30,0
,2003/7/28 15:00,0
,2003/7/28 15:30,0
,2003/7/28 16:00,0
,2003/7/28 16:30,0
,2003/7/28 17:00,0
,2003/7/28 17:30,0
,2003/7/28 18:00,0
,2003/7/28 18:30,0
,2003/7/28 19:00,0.670624559
,2003/7/28 19:30,0
,2003/7/28 20:00,0
,2003/7/28 20:30,4.242429085
,2003/7/28 21:00,0.88930648
,2003/7/28 21:30,0
,2003/7/28 22:00,0
,2003/7/28 22:30,0
,2003/7/28 23:00,0
,2003/7/28 23:30,0
,2003/7/29 0:00,0
,2003/7/29 0:30,0
,2003/7/29 1:00,0
,2003/7/29 1:30,0
,2003/7/29 2:00,0
,2003/7/29 2:30,0
,2003/7/29 3:00,0
,2003/7/29 3:30,0
,2003/7/29 4:00,0
,2003/7/29 4:30,0
,2003/7/29 5:00,0
,2003/7/29 5:30,0
,2003/7/29 6:00,0
,2003/7/29 6:30,0
,2003/7/29 7:00,0
,2003/7/29 7:30,0
,2003/7/29 8:00,0
,2003/7/29 8:30,0
,2003/7/29 9:00,0
,2003/7/29 9:30,0
,2003/7/29 10:00,0
,2003/7/29 10:30,0
,2003/7/29 11:00,0
,2003/7/29 11:30,0
,2003/7/29 12:00,0.670624559
,2003/7/29 12:30,0
,2003/7/29 13:00,0
,2003/7/29 13:30,0
,2003/7/29 14:00,2.682498174
,2003/7/29 14:30,0
,2003/7/29 15:00,0
,2003/7/29 15:30,0
,2003/7/29 16:00,0
,2003/7/29 16:30,0
,2003/7/29 17:00,0
,2003/7/29 17:30,0
,2003/7/29 18:00,0
,2003/7/29 18:30,0
,2003/7/29 19:00,0
,2003/7/29 19:30,0
,2003/7/29 20:00,1.559930975
,2003/7/29 20:30,7.814233418
,2003/7/29 21:00,4.898474909
,2003/7/29 21:30,0
,2003/7/29 22:00,1.341249119
,2003/7/29 22:30,0
,2003/7/29 23:00,0
,2003/7/29 23:30,0
,2003/7/30 0:00,0
,2003/7/30 0:30,0
,2003/7/30 1:00,0
,2003/7/30 1:30,0
,2003/7/30 2:00,0
,2003/7/30 2:30,0
,2003/7/30 3:00,0
,2003/7/30 3:30,0
,2003/7/30 4:00,0
,2003/7/30 4:30,0
,2003/7/30 5:00,0
,2003/7/30 5:30,0
,2003/7/30 6:00,0
,2003/7/30 6:30,0
,2003/7/30 7:00,0
,2003/7/30 7:30,0
,2003/7/30 8:00,0
,2003/7/30 8:30,0
,2003/7/30 9:00,0
,2003/7/30 9:30,0
,2003/7/30 10:00,0
,2003/7/30 10:30,0
,2003/7/30 11:00,0
,2003/7/30 11:30,0
,2003/7/30 12:00,0
,2003/7/30 12:30,0
,2003/7/30 13:00,0
,2003/7/30 13:30,0
,2003/7/30 14:00,0
,2003/7/30 14:30,0
,2003/7/30 15:00,0
,2003/7/30 15:30,0
,2003/7/30 16:00,0
,2003/7/30 16:30,0
,2003/7/30 17:00,0
,2003/7/30 17:30,0
,2003/7/30 18:00,0
,2003/7/30 18:30,0
,2003/7/30 19:00,0
,2003/7/30 19:30,5.583678078
,2003/7/30 20:00,5.131735629
,2003/7/30 20:30,0
,2003/7/30 21:00,0
,2003/7/30 21:30,0
,2003/7/30 22:00,2.463816253
,2003/7/30 22:30,0
,2003/7/30 23:00,0
,2003/7/30 23:30,0
,2003/7/31 0:00,0
,2003/7/31 0:30,0
,2003/7/31 1:00,0
,2003/7/31 1:30,0
,2003/7/31 2:00,0
,2003/7/31 2:30,0
,2003/7/31 3:00,0
,2003/7/31 3:30,0
,2003/7/31 4:00,0
,2003/7/31 4:30,0
,2003/7/31 5:00,0
,2003/7/31 5:30,0
,2003/7/31 6:00,0
,2003/7/31 6:30,0
,2003/7/31 7:00,0
,2003/7/31 7:30,0
,2003/7/31 8:00,0
,2003/7/31 8:30,0
,2003/7/31 9:00,0
,2003/7/31 9:30,0
,2003/7/31 10:00,0
,2003/7/31 10:30,0
,2003/7/31 11:00,0
,2003/7/31 11:30,0
,2003/7/31 12:00,0
,2003/7/31 12:30,0
,2003/7/31 13:00,0
,2003/7/31 13:30,0
,2003/7/31 14:00,0
,2003/7/31 14:30,0
,2003/7/31 15:00,0
,2003/7/31 15:30,0
,2003/7/31 16:00,0
,2003/7/31 16:30,0
,2003/7/31 17:00,0
,2003/7/31 17:30,0
,2003/7/31 18:00,0
,2003/7/31 18:30,0
,2003/7/31 19:00,0
,2003/7/31 19:30,0
,2003/7/31 20:00,6.691666668
,2003/7/31 20:30,3.134440749
,2003/7/31 21:00,0
,2003/7/31 21:30,0
,2003/7/31 22:00,0
,2003/7/31 22:30,0
,2003/7/31 23:00,0
,2003/7/31 23:30,0
,2003/8/1 0:00,0
,2003/8/1 0:30,0
,2003/8/1 1:00,0
,2003/8/1 1:30,0
,2003/8/1 2:00,0
,2003/8/1 2:30,0
,2003/8/1 3:00,0
,2003/8/1 3:30,0
,2003/8/1 4:00,0
,2003/8/1 4:30,0
,2003/8/1 5:00,0
,2003/8/1 5:30,0
,2003/8/1 6:00,0
,2003/8/1 6:30,0
,2003/8/1 7:00,2.449237455
,2003/8/1 7:30,0
,2003/8/1 8:00,0
,2003/8/1 8:30,0
,2003/8/1 9:00,0
,2003/8/1 9:30,0
,2003/8/1 10:00,0
,2003/8/1 10:30,0
,2003/8/1 11:00,0
,2003/8/1 11:30,0
,2003/8/1 12:00,0
,2003/8/1 12:30,0
,2003/8/1 13:00,0
,2003/8/1 13:30,0
,2003/8/1 14:00,0
,2003/8/1 14:30,0
,2003/8/1 15:00,0
,2003/8/1 15:30,0
,2003/8/1 16:00,0
,2003/8/1 16:30,0
,2003/8/1 17:00,0
,2003/8/1 17:30,0
,2003/8/1 18:00,0
,2003/8/1 18:30,0
,2003/8/1 19:00,1.793191694
,2003/8/1 19:30,0
,2003/8/1 20:00,3.790486573
,2003/8/1 20:30,0
,2003/8/1 21:00,2.011873615
,2003/8/1 21:30,0
,2003/8/1 22:00,0
,2003/8/1 22:30,0
,2003/8/1 23:00,0
,2003/8/1 23:30,0
,2003/8/2 0:00,0
,2003/8/2 0:30,0
,2003/8/2 1:00,0
,2003/8/2 1:30,0
,2003/8/2 2:00,0.670624559
,2003/8/2 2:30,0
,2003/8/2 3:00,0
,2003/8/2 3:30,0
,2003/8/2 4:00,0
,2003/8/2 4:30,0
,2003/8/2 5:00,0
,2003/8/2 5:30,0
,2003/8/2 6:00,0
,2003/8/2 6:30,0
,2003/8/2 7:00,1.122567135
,2003/8/2 7:30,0.88930648
,2003/8/2 8:00,0
,2003/8/2 8:30,0
,2003/8/2 9:00,0
,2003/8/2 9:30,0
,2003/8/2 10:00,0
,2003/8/2 10:30,0
,2003/8/2 11:00,0
,2003/8/2 11:30,0
,2003/8/2 12:00,0
,2003/8/2 12:30,0
,2003/8/2 13:00,0
,2003/8/2 13:30,0
,2003/8/2 14:00,0
,2003/8/2 14:30,0
,2003/8/2 15:00,0
,2003/8/2 15:30,0
,2003/8/2 16:00,0
,2003/8/2 16:30,0
,2003/8/2 17:00,0
,2003/8/2 17:30,0
,2003/8/2 18:00,0
,2003/8/2 18:30,0.670624559
,2003/8/2 19:00,1.559931039
,2003/8/2 19:30,0
,2003/8/2 20:00,0
,2003/8/2 20:30,0
,2003/8/2 21:00,0
,2003/8/2 21:30,0
,2003/8/2 22:00,0
,2003/8/2 22:30,0
,2003/8/2 23:00,0
,2003/8/2 23:30,0
,2003/8/3 0:00,0
,2003/8/3 0:30,0
,2003/8/3 1:00,0
,2003/8/3 1:30,0
,2003/8/3 2:00,0
,2003/8/3 2:30,0
,2003/8/3 3:00,0
,2003/8/3 3:30,0
,2003/8/3 4:00,0
,2003/8/3 4:30,0
,2003/8/3 5:00,0
,2003/8/3 5:30,0
,2003/8/3 6:00,0
,2003/8/3 6:30,0
,2003/8/3 7:00,2.230555597
,2003/8/3 7:30,0
,2003/8/3 8:00,0
,2003/8/3 8:30,0
,2003/8/3 9:00,0.88930648
,2003/8/3 9:30,0
,2003/8/3 10:00,2.449237455
,2003/8/3 10:30,0.88930648
,2003/8/3 11:00,0
,2003/8/3 11:30,0
,2003/8/3 12:00,0
,2003/8/3 12:30,0
,2003/8/3 13:00,0
,2003/8/3 13:30,0
,2003/8/3 14:00,0
,2003/8/3 14:30,0
,2003/8/3 15:00,0.670624559
,2003/8/3 15:30,0
,2003/8/3 16:00,0
,2003/8/3 16:30,0
,2003/8/3 17:00,0
,2003/8/3 17:30,0
,2003/8/3 18:00,0
,2003/8/3 18:30,1.341249119
,2003/8/3 19:00,0
,2003/8/3 19:30,0
,2003/8/3 20:00,0
,2003/8/3 20:30,0
,2003/8/3 21:00,0
,2003/8/3 21:30,0
,2003/8/3 22:00,3.353122733
,2003/8/3 22:30,0
,2003/8/3 23:00,0.670624559
,2003/8/3 23:30,0
,2003/8/4 0:00,1.559930975
,2003/8/4 0:30,0
,2003/8/4 1:00,0
,2003/8/4 1:30,0
,2003/8/4 2:00,0
,2003/8/4 2:30,0
,2003/8/4 3:00,0
,2003/8/4 3:30,0
,2003/8/4 4:00,0
,2003/8/4 4:30,0
,2003/8/4 5:00,0
,2003/8/4 5:30,0
,2003/8/4 6:00,0
,2003/8/4 6:30,0
,2003/8/4 7:00,0
,2003/8/4 7:30,0
,2003/8/4 8:00,0
,2003/8/4 8:30,0
,2003/8/4 9:00,0
,2003/8/4 9:30,0
,2003/8/4 10:00,0
,2003/8/4 10:30,0
,2003/8/4 11:00,0
,2003/8/4 11:30,0
,2003/8/4 12:00,0
,2003/8/4 12:30,0
,2003/8/4 13:00,0
,2003/8/4 13:30,0
,2003/8/4 14:00,0
,2003/8/4 14:30,0
,2003/8/4 15:00,0
,2003/8/4 15:30,0
,2003/8/4 16:00,0
,2003/8/4 16:30,0
,2003/8/4 17:00,0
,2003/8/4 17:30,0
,2003/8/4 18:00,0
,2003/8/4 18:30,0
,2003/8/4 19:00,0
,2003/8/4 19:30,2.682498237
,2003/8/4 20:00,1.122567135
,2003/8/4 20:30,0
,2003/8/4 21:00,0
,2003/8/4 21:30,0
,2003/8/4 22:00,0
,2003/8/4 22:30,0.88930648
,2003/8/4 23:00,0
,2003/8/4 23:30,0
,2003/8/5 0:00,0
,2003/8/5 0:30,0
,2003/8/5 1:00,0
,2003/8/5 1:30,0
,2003/8/5 2:00,0
,2003/8/5 2:30,0
,2003/8/5 3:00,0
,2003/8/5 3:30,0
,2003/8/5 4:00,0
,2003/8/5 4:30,0
,2003/8/5 5:00,0
,2003/8/5 5:30,0
,2003/8/5 6:00,0
,2003/8/5 6:30,0
,2003/8/5 7:00,0
,2003/8/5 7:30,2.230555597
,2003/8/5 8:00,0
,2003/8/5 8:30,0
,2003/8/5 9:00,0
,2003/8/5 9:30,0
,2003/8/5 10:00,0
,2003/8/5 10:30,0
,2003/8/5 11:00,0
,2003/8/5 11:30,0
,2003/8/5 12:00,0
,2003/8/5 12:30,0
,2003/8/5 13:00,1.122567135
,2003/8/5 13:30,0
,2003/8/5 14:00,0
,2003/8/5 14:30,0
,2003/8/5 15:00,0
,2003/8/5 15:30,0
,2003/8/5 16:00,0
,2003/8/5 16:30,0
,2003/8/5 17:00,0
,2003/8/5 17:30,0
,2003/8/5 18:00,0
,2003/8/5 18:30,0
,2003/8/5 19:00,0
,2003/8/5 19:30,0
,2003/8/5 20:00,0
,2003/8/5 20:30,4.694371598
,2003/8/5 21:00,4.461111071
,2003/8/5 21:30,0
,2003/8/5 22:00,0
,2003/8/5 22:30,0
,2003/8/5 23:00,0
,2003/8/5 23:30,0
,2003/8/6 0:00,0
,2003/8/6 0:30,0
,2003/8/6 1:00,0
,2003/8/6 1:30,0
,2003/8/6 2:00,0
,2003/8/6 2:30,0
,2003/8/6 3:00,0
,2003/8/6 3:30,0
,2003/8/6 4:00,0
,2003/8/6 4:30,0
,2003/8/6 5:00,0
,2003/8/6 5:30,0
,2003/8/6 6:00,0
,2003/8/6 6:30,0
,2003/8/6 7:00,0
,2003/8/6 7:30,0
,2003/8/6 8:00,0
,2003/8/6 8:30,0
,2003/8/6 9:00,0
,2003/8/6 9:30,0.88930648
,2003/8/6 10:00,0
,2003/8/6 10:30,0.88930648
,2003/8/6 11:00,0.670624559
,2003/8/6 11:30,0.670624559
,2003/8/6 12:00,0
,2003/8/6 12:30,0
,2003/8/6 13:00,0
,2003/8/6 13:30,3.338543998
,2003/8/6 14:00,0
,2003/8/6 14:30,0
,2003/8/6 15:00,0
,2003/8/6 15:30,0
,2003/8/6 16:00,0
,2003/8/6 16:30,0
,2003/8/6 17:00,0
,2003/8/6 17:30,0
,2003/8/6 18:00,0
,2003/8/6 18:30,0
,2003/8/6 19:00,0
,2003/8/6 19:30,0
,2003/8/6 20:00,0
,2003/8/6 20:30,0.670624559
,2003/8/6 21:00,0
,2003/8/6 21:30,5.131735565
,2003/8/6 22:00,0
,2003/8/6 22:30,2.230555597
,2003/8/6 23:00,0
,2003/8/6 23:30,0
,2003/8/7 0:00,0
,2003/8/7 0:30,0
,2003/8/7 1:00,0
,2003/8/7 1:30,0
,2003/8/7 2:00,0
,2003/8/7 2:30,0
,2003/8/7 3:00,0
,2003/8/7 3:30,0
,2003/8/7 4:00,0
,2003/8/7 4:30,0
,2003/8/7 5:00,0
,2003/8/7 5:30,0
,2003/8/7 6:00,0
,2003/8/7 6:30,0
,2003/8/7 7:00,1.341249119
,2003/8/7 7:30,0
,2003/8/7 8:00,0
,2003/8/7 8:30,0
,2003/8/7 9:00,0
,2003/8/7 9:30,0
,2003/8/7 10:00,0
,2003/8/7 10:30,0
,2003/8/7 11:00,0
,2003/8/7 11:30,0
,2003/8/7 12:00,0
,2003/8/7 12:30,0
,2003/8/7 13:00,0
,2003/8/7 13:30,0
,2003/8/7 14:00,0
,2003/8/7 14:30,0
,2003/8/7 15:00,0
,2003/8/7 15:30,0
,2003/8/7 16:00,0
,2003/8/7 16:30,0
,2003/8/7 17:00,0
,2003/8/7 17:30,0
,2003/8/7 18:00,0
,2003/8/7 18:30,0
,2003/8/7 19:00,0
,2003/8/7 19:30,0
,2003/8/7 20:00,3.586383389
,2003/8/7 20:30,0
,2003/8/7 21:00,0
,2003/8/7 21:30,0
,2003/8/7 22:00,0
,2003/8/7 22:30,0
,2003/8/7 23:00,0
,2003/8/7 23:30,0
,2003/8/8 0:00,0
,2003/8/8 0:30,0
,2003/8/8 1:00,0
,2003/8/8 1:30,0
,2003/8/8 2:00,0
,2003/8/8 2:30,0
,2003/8/8 3:00,0
,2003/8/8 3:30,0
,2003/8/8 4:00,0
,2003/8/8 4:30,0
,2003/8/8 5:00,0
,2003/8/8 5:30,0
,2003/8/8 6:00,0
,2003/8/8 6:30,0
,2003/8/8 7:00,2.449237455
,2003/8/8 7:30,0
,2003/8/8 8:00,0
,2003/8/8 8:30,0
,2003/8/8 9:00,0
,2003/8/8 9:30,0
,2003/8/8 10:00,0
,2003/8/8 10:30,0
,2003/8/8 11:00,0
,2003/8/8 11:30,0
,2003/8/8 12:00,0
,2003/8/8 12:30,0
,2003/8/8 13:00,0
,2003/8/8 13:30,0
,2003/8/8 14:00,0
,2003/8/8 14:30,0
,2003/8/8 15:00,0
,2003/8/8 15:30,0
,2003/8/8 16:00,0
,2003/8/8 16:30,0
,2003/8/8 17:00,0
,2003/8/8 17:30,0
,2003/8/8 18:00,0
,2003/8/8 18:30,0
,2003/8/8 19:00,0
,2003/8/8 19:30,0
,2003/8/8 20:00,0
,2003/8/8 20:30,3.353122733
,2003/8/8 21:00,0
,2003/8/8 21:30,0.670624559
,2003/8/8 22:00,0
,2003/8/8 22:30,0
,2003/8/8 23:00,0
,2003/8/8 23:30,0
,2003/8/9 0:00,0
,2003/8/9 0:30,0
,2003/8/9 1:00,0
,2003/8/9 1:30,0
,2003/8/9 2:00,0
,2003/8/9 2:30,0
,2003/8/9 3:00,0
,2003/8/9 3:30,0
,2003/8/9 4:00,0
,2003/8/9 4:30,0
,2003/8/9 5:00,0
,2003/8/9 5:30,0
,2003/8/9 6:00,0
,2003/8/9 6:30,0
,2003/8/9 7:00,1.122567135
,2003/8/9 7:30,0.88930648
,2003/8/9 8:00,0
,2003/8/9 8:30,0
,2003/8/9 9:00,0
,2003/8/9 9:30,0
,2003/8/9 10:00,0
,2003/8/9 10:30,0
,2003/8/9 11:00,0
,2003/8/9 11:30,0
,2003/8/9 12:00,0
,2003/8/9 12:30,0
,2003/8/9 13:00,0
,2003/8/9 13:30,0
,2003/8/9 14:00,0
,2003/8/9 14:30,0
,2003/8/9 15:00,0
,2003/8/9 15:30,0
,2003/8/9 16:00,0
,2003/8/9 16:30,0
,2003/8/9 17:00,0
,2003/8/9 17:30,0
,2003/8/9 18:00,0
,2003/8/9 18:30,0
,2003/8/9 19:00,0.670624559
,2003/8/9 19:30,0
,2003/8/9 20:00,3.119862077
,2003/8/9 20:30,0
,2003/8/9 21:00,0
,2003/8/9 21:30,0.670624559
,2003/8/9 22:00,0
,2003/8/9 22:30,0
,2003/8/9 23:00,0
,2003/8/9 23:30,0
,2003/8/10 0:00,0
,2003/8/10 0:30,0
,2003/8/10 1:00,0
,2003/8/10 1:30,0
,2003/8/10 2:00,0
,2003/8/10 2:30,0
,2003/8/10 3:00,0
,2003/8/10 3:30,0
,2003/8/10 4:00,0
,2003/8/10 4:30,0
,2003/8/10 5:00,0
,2003/8/10 5:30,0
,2003/8/10 6:00,0
,2003/8/10 6:30,0
,2003/8/10 7:00,1.559931039
,2003/8/10 7:30,0
,2003/8/10 8:00,0
,2003/8/10 8:30,0
,2003/8/10 9:00,0
,2003/8/10 9:30,0
,2003/8/10 10:00,0
,2003/8/10 10:30,0
,2003/8/10 11:00,0
,2003/8/10 11:30,0
,2003/8/10 12:00,0
,2003/8/10 12:30,0
,2003/8/10 13:00,0
,2003/8/10 13:30,0
,2003/8/10 14:00,0
,2003/8/10 14:30,0
,2003/8/10 15:00,0
,2003/8/10 15:30,0
,2003/8/10 16:00,0
,2003/8/10 16:30,0
,2003/8/10 17:00,0
,2003/8/10 17:30,0
,2003/8/10 18:00,0
,2003/8/10 18:30,0
,2003/8/10 19:00,0.670624559
,2003/8/10 19:30,0
,2003/8/10 20:00,0
,2003/8/10 20:30,0
,2003/8/10 21:00,4.257007947
,2003/8/10 21:30,0
,2003/8/10 22:00,0
,2003/8/10 22:30,0
,2003/8/10 23:00,0
,2003/8/10 23:30,0
,2003/8/11 0:00,0
,2003/8/11 0:30,0
,2003/8/11 1:00,0
,2003/8/11 1:30,0
,2003/8/11 2:00,0
,2003/8/11 2:30,0
,2003/8/11 3:00,0
,2003/8/11 3:30,0
,2003/8/11 4:00,0
,2003/8/11 4:30,0
,2003/8/11 5:00,0
,2003/8/11 5:30,0
,2003/8/11 6:00,0
,2003/8/11 6:30,0
,2003/8/11 7:00,2.682498237
,2003/8/11 7:30,0
,2003/8/11 8:00,0
,2003/8/11 8:30,0
,2003/8/11 9:00,0
,2003/8/11 9:30,0
,2003/8/11 10:00,0
,2003/8/11 10:30,0
,2003/8/11 11:00,0
,2003/8/11 11:30,0
,2003/8/11 12:00,0
,2003/8/11 12:30,0
,2003/8/11 13:00,0
,2003/8/11 13:30,0
,2003/8/11 14:00,0
,2003/8/11 14:30,0
,2003/8/11 15:00,0
,2003/8/11 15:30,0
,2003/8/11 16:00,0
,2003/8/11 16:30,0
,2003/8/11 17:00,0
,2003/8/11 17:30,0
,2003/8/11 18:00,0
,2003/8/11 18:30,0
,2003/8/11 19:00,0
,2003/8/11 19:30,0
,2003/8/11 20:00,0
,2003/8/11 20:30,4.227850415
,2003/8/11 21:00,0
,2003/8/11 21:30,0
,2003/8/11 22:00,0
,2003/8/11 22:30,0
,2003/8/11 23:00,0
,2003/8/11 23:30,0
,2003/8/12 0:00,0
,2003/8/12 0:30,0
,2003/8/12 1:00,0
,2003/8/12 1:30,0
,2003/8/12 2:00,0
,2003/8/12 2:30,0
,2003/8/12 3:00,0
,2003/8/12 3:30,0
,2003/8/12 4:00,0
,2003/8/12 4:30,0
,2003/8/12 5:00,0
,2003/8/12 5:30,0
,2003/8/12 6:00,0
,2003/8/12 6:30,0
,2003/8/12 7:00,0
,2003/8/12 7:30,0
,2003/8/12 8:00,0
,2003/8/12 8:30,0
,2003/8/12 9:00,0
,2003/8/12 9:30,2.901180094
,2003/8/12 10:00,0
,2003/8/12 10:30,0.670624559
,2003/8/12 11:00,0
,2003/8/12 11:30,0
,2003/8/12 12:00,0
,2003/8/12 12:30,0
,2003/8/12 13:00,0
,2003/8/12 13:30,0
,2003/8/12 14:00,0
,2003/8/12 14:30,0
,2003/8/12 15:00,0
,2003/8/12 15:30,0
,2003/8/12 16:00,0
,2003/8/12 16:30,0
,2003/8/12 17:00,0
,2003/8/12 17:30,0
,2003/8/12 18:00,0
,2003/8/12 18:30,0
,2003/8/12 19:00,0
,2003/8/12 19:30,0
,2003/8/12 20:00,7.595551689
,2003/8/12 20:30,0.670624559
,2003/8/12 21:00,3.134440749
,2003/8/12 21:30,0
,2003/8/12 22:00,0
,2003/8/12 22:30,0
,2003/8/12 23:00,0
,2003/8/12 23:30,0
,2003/8/13 0:00,0
,2003/8/13 0:30,0
,2003/8/13 1:00,0
,2003/8/13 1:30,0
,2003/8/13 2:00,0
,2003/8/13 2:30,0
,2003/8/13 3:00,0
,2003/8/13 3:30,0
,2003/8/13 4:00,0
,2003/8/13 4:30,0
,2003/8/13 5:00,0
,2003/8/13 5:30,0
,2003/8/13 6:00,0
,2003/8/13 6:30,3.119862014
,2003/8/13 7:00,0
,2003/8/13 7:30,0
,2003/8/13 8:00,0
,2003/8/13 8:30,0
,2003/8/13 9:00,0
,2003/8/13 9:30,0
,2003/8/13 10:00,0
,2003/8/13 10:30,0
,2003/8/13 11:00,0
,2003/8/13 11:30,0
,2003/8/13 12:00,0
,2003/8/13 12:30,0
,2003/8/13 13:00,0
,2003/8/13 13:30,0
,2003/8/13 14:00,0
,2003/8/13 14:30,0
,2003/8/13 15:00,0
,2003/8/13 15:30,0
,2003/8/13 16:00,0
,2003/8/13 16:30,0
,2003/8/13 17:00,0
,2003/8/13 17:30,1.122567135
,2003/8/13 18:00,0
,2003/8/13 18:30,0
,2003/8/13 19:00,0
,2003/8/13 19:30,0
,2003/8/13 20:00,0
,2003/8/13 20:30,7.595551942
,2003/8/13 21:00,0
,2003/8/13 21:30,2.230555598
,2003/8/13 22:00,2.682498173
,2003/8/13 22:30,1.778612959
,2003/8/13 23:00,5.36499622
,2003/8/13 23:30,2.011873678
,2003/8/14 0:00,0
,2003/8/14 0:30,0
,2003/8/14 1:00,0
,2003/8/14 1:30,0
,2003/8/14 2:00,0
,2003/8/14 2:30,0
,2003/8/14 3:00,0
,2003/8/14 3:30,0
,2003/8/14 4:00,0
,2003/8/14 4:30,0
,2003/8/14 5:00,0
,2003/8/14 5:30,0
,2003/8/14 6:00,0
,2003/8/14 6:30,0
,2003/8/14 7:00,0
,2003/8/14 7:30,0
,2003/8/14 8:00,0
,2003/8/14 8:30,0
,2003/8/14 9:00,0
,2003/8/14 9:30,0
,2003/8/14 10:00,0
,2003/8/14 10:30,0
,2003/8/14 11:00,0
,2003/8/14 11:30,0
,2003/8/14 12:00,0
,2003/8/14 12:30,0
,2003/8/14 13:00,0
,2003/8/14 13:30,0
,2003/8/14 14:00,0
,2003/8/14 14:30,0
,2003/8/14 15:00,0
,2003/8/14 15:30,0
,2003/8/14 16:00,0
,2003/8/14 16:30,0
,2003/8/14 17:00,0
,2003/8/14 17:30,0
,2003/8/14 18:00,0
,2003/8/14 18:30,0
,2003/8/14 19:00,0
,2003/8/14 19:30,0
,2003/8/14 20:00,0
,2003/8/14 20:30,0
,2003/8/14 21:00,0
,2003/8/14 21:30,0
,2003/8/14 22:00,0
,2003/8/14 22:30,0
,2003/8/14 23:00,0
,2003/8/14 23:30,0
,2003/8/15 0:00,0
,2003/8/15 0:30,0
,2003/8/15 1:00,0
,2003/8/15 1:30,0
,2003/8/15 2:00,0
,2003/8/15 2:30,0
,2003/8/15 3:00,0
,2003/8/15 3:30,0
,2003/8/15 4:00,0
,2003/8/15 4:30,0
,2003/8/15 5:00,0
,2003/8/15 5:30,0
,2003/8/15 6:00,0
,2003/8/15 6:30,0
,2003/8/15 7:00,0
,2003/8/15 7:30,0
,2003/8/15 8:00,0
,2003/8/15 8:30,0
,2003/8/15 9:00,0
,2003/8/15 9:30,0
,2003/8/15 10:00,0
,2003/8/15 10:30,0
,2003/8/15 11:00,0
,2003/8/15 11:30,0
,2003/8/15 12:00,0
,2003/8/15 12:30,0
,2003/8/15 13:00,0
,2003/8/15 13:30,0
,2003/8/15 14:00,0
,2003/8/15 14:30,0
,2003/8/15 15:00,0
,2003/8/15 15:30,0
,2003/8/15 16:00,0
,2003/8/15 16:30,0
,2003/8/15 17:00,0
,2003/8/15 17:30,0
,2003/8/15 18:00,0
,2003/8/15 18:30,0
,2003/8/15 19:00,0
,2003/8/15 19:30,0
,2003/8/15 20:00,0
,2003/8/15 20:30,10.26347126
,2003/8/15 21:00,0
,2003/8/15 21:30,2.230555597
,2003/8/15 22:00,3.353122733
,2003/8/15 22:30,0
,2003/8/15 23:00,0
,2003/8/15 23:30,0
,2003/8/16 0:00,0
,2003/8/16 0:30,0
,2003/8/16 1:00,0
,2003/8/16 1:30,0
,2003/8/16 2:00,0
,2003/8/16 2:30,0
,2003/8/16 3:00,0
,2003/8/16 3:30,0
,2003/8/16 4:00,0
,2003/8/16 4:30,0
,2003/8/16 5:00,0
,2003/8/16 5:30,0
,2003/8/16 6:00,0
,2003/8/16 6:30,0
,2003/8/16 7:00,0
,2003/8/16 7:30,0
,2003/8/16 8:00,0
,2003/8/16 8:30,0
,2003/8/16 9:00,0
,2003/8/16 9:30,0
,2003/8/16 10:00,1.341249119
,2003/8/16 10:30,0
,2003/8/16 11:00,0
,2003/8/16 11:30,0
,2003/8/16 12:00,0
,2003/8/16 12:30,0
,2003/8/16 13:00,0
,2003/8/16 13:30,0
,2003/8/16 14:00,0
,2003/8/16 14:30,0
,2003/8/16 15:00,0
,2003/8/16 15:30,0
,2003/8/16 16:00,0
,2003/8/16 16:30,0
,2003/8/16 17:00,0
,2003/8/16 17:30,0
,2003/8/16 18:00,0
,2003/8/16 18:30,0
,2003/8/16 19:00,0
,2003/8/16 19:30,0
,2003/8/16 20:00,0
,2003/8/16 20:30,0
,2003/8/16 21:00,0
,2003/8/16 21:30,2.449237519
,2003/8/16 22:00,6.472984429
,2003/8/16 22:30,4.242429213
,2003/8/16 23:00,0
,2003/8/16 23:30,0
,2003/8/17 0:00,0
,2003/8/17 0:30,0
,2003/8/17 1:00,0
,2003/8/17 1:30,0
,2003/8/17 2:00,0
,2003/8/17 2:30,0
,2003/8/17 3:00,0
,2003/8/17 3:30,0
,2003/8/17 4:00,0
,2003/8/17 4:30,0
,2003/8/17 5:00,0
,2003/8/17 5:30,0
,2003/8/17 6:00,0
,2003/8/17 6:30,0
,2003/8/17 7:00,0
,2003/8/17 7:30,0
,2003/8/17 8:00,0
,2003/8/17 8:30,0
,2003/8/17 9:00,0
,2003/8/17 9:30,0
,2003/8/17 10:00,0
,2003/8/17 10:30,0.670624559
,2003/8/17 11:00,0
,2003/8/17 11:30,0
,2003/8/17 12:00,0
,2003/8/17 12:30,0
,2003/8/17 13:00,0
,2003/8/17 13:30,0
,2003/8/17 14:00,0
,2003/8/17 14:30,0
,2003/8/17 15:00,0
,2003/8/17 15:30,0
,2003/8/17 16:00,0
,2003/8/17 16:30,0
,2003/8/17 17:00,0
,2003/8/17 17:30,0
,2003/8/17 18:00,0
,2003/8/17 18:30,2.682498237
,2003/8/17 19:00,2.011873678
,2003/8/17 19:30,0
,2003/8/17 20:00,9.59284625
,2003/8/17 20:30,0
,2003/8/17 21:00,4.009168494
,2003/8/17 21:30,0
,2003/8/17 22:00,0
,2003/8/17 22:30,3.134440749
,2003/8/17 23:00,0
,2003/8/17 23:30,0
,2003/8/18 0:00,0
,2003/8/18 0:30,0
,2003/8/18 1:00,0
,2003/8/18 1:30,0
,2003/8/18 2:00,0
,2003/8/18 2:30,0
,2003/8/18 3:00,0
,2003/8/18 3:30,0
,2003/8/18 4:00,0
,2003/8/18 4:30,0
,2003/8/18 5:00,0
,2003/8/18 5:30,0
,2003/8/18 6:00,0
,2003/8/18 6:30,0
,2003/8/18 7:00,0
,2003/8/18 7:30,0
,2003/8/18 8:00,0
,2003/8/18 8:30,0
,2003/8/18 9:00,0
,2003/8/18 9:30,0
,2003/8/18 10:00,0
,2003/8/18 10:30,0
,2003/8/18 11:00,0
,2003/8/18 11:30,0
,2003/8/18 12:00,0
,2003/8/18 12:30,0
,2003/8/18 13:00,0
,2003/8/18 13:30,0
,2003/8/18 14:00,0
,2003/8/18 14:30,0
,2003/8/18 15:00,0
,2003/8/18 15:30,0
,2003/8/18 16:00,0
,2003/8/18 16:30,0
,2003/8/18 17:00,0
,2003/8/18 17:30,0
,2003/8/18 18:00,0
,2003/8/18 18:30,0
,2003/8/18 19:00,0.670624559
,2003/8/18 19:30,0
,2003/8/18 20:00,0
,2003/8/18 20:30,0
,2003/8/18 21:00,0
,2003/8/18 21:30,0
,2003/8/18 22:00,0
,2003/8/18 22:30,0.670624559
,2003/8/18 23:00,1.793191694
,2003/8/18 23:30,0
,2003/8/19 0:00,0
,2003/8/19 0:30,0
,2003/8/19 1:00,0
,2003/8/19 1:30,0
,2003/8/19 2:00,0
,2003/8/19 2:30,0
,2003/8/19 3:00,0
,2003/8/19 3:30,0
,2003/8/19 4:00,0
,2003/8/19 4:30,0
,2003/8/19 5:00,0
,2003/8/19 5:30,0
,2003/8/19 6:00,0
,2003/8/19 6:30,0
,2003/8/19 7:00,0
,2003/8/19 7:30,0
,2003/8/19 8:00,0
,2003/8/19 8:30,0
,2003/8/19 9:00,0
,2003/8/19 9:30,0
,2003/8/19 10:00,1.122567135
,2003/8/19 10:30,3.571804653
,2003/8/19 11:00,0
,2003/8/19 11:30,0
,2003/8/19 12:00,0
,2003/8/19 12:30,0
,2003/8/19 13:00,0
,2003/8/19 13:30,0
,2003/8/19 14:00,0
,2003/8/19 14:30,4.242429213
,2003/8/19 15:00,0
,2003/8/19 15:30,0
,2003/8/19 16:00,0
,2003/8/19 16:30,0
,2003/8/19 17:00,0
,2003/8/19 17:30,0
,2003/8/19 18:00,0
,2003/8/19 18:30,0
,2003/8/19 19:00,0
,2003/8/19 19:30,0
,2003/8/19 20:00,0
,2003/8/19 20:30,1.778612959
,2003/8/19 21:00,8.032915275
,2003/8/19 21:30,4.679792992
,2003/8/19 22:00,0
,2003/8/19 22:30,0
,2003/8/19 23:00,0
,2003/8/19 23:30,0
,2003/8/20 0:00,0
,2003/8/20 0:30,0
,2003/8/20 1:00,0
,2003/8/20 1:30,0
,2003/8/20 2:00,0
,2003/8/20 2:30,0
,2003/8/20 3:00,0
,2003/8/20 3:30,0
,2003/8/20 4:00,0
,2003/8/20 4:30,0
,2003/8/20 5:00,0
,2003/8/20 5:30,0
,2003/8/20 6:00,0
,2003/8/20 6:30,0
,2003/8/20 7:00,0
,2003/8/20 7:30,0
,2003/8/20 8:00,0
,2003/8/20 8:30,0
,2003/8/20 9:00,0
,2003/8/20 9:30,0
,2003/8/20 10:00,0
,2003/8/20 10:30,0
,2003/8/20 11:00,0
,2003/8/20 11:30,0
,2003/8/20 12:00,0
,2003/8/20 12:30,0
,2003/8/20 13:00,0
,2003/8/20 13:30,0
,2003/8/20 14:00,0
,2003/8/20 14:30,0
,2003/8/20 15:00,0
,2003/8/20 15:30,0
,2003/8/20 16:00,0
,2003/8/20 16:30,0
,2003/8/20 17:00,0
,2003/8/20 17:30,0
,2003/8/20 18:00,0
,2003/8/20 18:30,0
,2003/8/20 19:00,0
,2003/8/20 19:30,0
,2003/8/20 20:00,0
,2003/8/20 20:30,6.691666668
,2003/8/20 21:00,3.353122797
,2003/8/20 21:30,0
,2003/8/20 22:00,1.341249119
,2003/8/20 22:30,0
,2003/8/20 23:00,1.793191694
,2003/8/20 23:30,0
,2003/8/21 0:00,0
,2003/8/21 0:30,0
,2003/8/21 1:00,0
,2003/8/21 1:30,0
,2003/8/21 2:00,0
,2003/8/21 2:30,0
,2003/8/21 3:00,0
,2003/8/21 3:30,0
,2003/8/21 4:00,0
,2003/8/21 4:30,0
,2003/8/21 5:00,0
,2003/8/21 5:30,0
,2003/8/21 6:00,0
,2003/8/21 6:30,0
,2003/8/21 7:00,0
,2003/8/21 7:30,0
,2003/8/21 8:00,0
,2003/8/21 8:30,0
,2003/8/21 9:00,0
,2003/8/21 9:30,0
,2003/8/21 10:00,0
,2003/8/21 10:30,0
,2003/8/21 11:00,0
,2003/8/21 11:30,0
,2003/8/21 12:00,0
,2003/8/21 12:30,0
,2003/8/21 13:00,0
,2003/8/21 13:30,0
,2003/8/21 14:00,0
,2003/8/21 14:30,0
,2003/8/21 15:00,0
,2003/8/21 15:30,0
,2003/8/21 16:00,0
,2003/8/21 16:30,0
,2003/8/21 17:00,0
,2003/8/21 17:30,0
,2003/8/21 18:00,0
,2003/8/21 18:30,0
,2003/8/21 19:00,0.670624559
,2003/8/21 19:30,0
,2003/8/21 20:00,9.140904123
,2003/8/21 20:30,0
,2003/8/21 21:00,2.682498237
,2003/8/21 21:30,0
,2003/8/21 22:00,0
,2003/8/21 22:30,0
,2003/8/21 23:00,0
,2003/8/21 23:30,0.670624559
,2003/8/22 0:00,0
,2003/8/22 0:30,0
,2003/8/22 1:00,0
,2003/8/22 1:30,0
,2003/8/22 2:00,0
,2003/8/22 2:30,0
,2003/8/22 3:00,0
,2003/8/22 3:30,0
,2003/8/22 4:00,0
,2003/8/22 4:30,0
,2003/8/22 5:00,0
,2003/8/22 5:30,0
,2003/8/22 6:00,0
,2003/8/22 6:30,0
,2003/8/22 7:00,2.245134269
,2003/8/22 7:30,0
,2003/8/22 8:00,0
,2003/8/22 8:30,0
,2003/8/22 9:00,0
,2003/8/22 9:30,0
,2003/8/22 10:00,0
,2003/8/22 10:30,0
,2003/8/22 11:00,0
,2003/8/22 11:30,0
,2003/8/22 12:00,0
,2003/8/22 12:30,0
,2003/8/22 13:00,0
,2003/8/22 13:30,0
,2003/8/22 14:00,0
,2003/8/22 14:30,0
,2003/8/22 15:00,0
,2003/8/22 15:30,0
,2003/8/22 16:00,0
,2003/8/22 16:30,0
,2003/8/22 17:00,0
,2003/8/22 17:30,0
,2003/8/22 18:00,0
,2003/8/22 18:30,0
,2003/8/22 19:00,0.88930648
,2003/8/22 19:30,0
,2003/8/22 20:00,6.035620843
,2003/8/22 20:30,0
,2003/8/22 21:00,2.667919438
,2003/8/22 21:30,0.88930648
,2003/8/22 22:00,0
,2003/8/22 22:30,0
,2003/8/22 23:00,0
,2003/8/22 23:30,0
,2003/8/23 0:00,0
,2003/8/23 0:30,0
,2003/8/23 1:00,0
,2003/8/23 1:30,0
,2003/8/23 2:00,0
,2003/8/23 2:30,0
,2003/8/23 3:00,0
,2003/8/23 3:30,0
,2003/8/23 4:00,0
,2003/8/23 4:30,0
,2003/8/23 5:00,0
,2003/8/23 5:30,0
,2003/8/23 6:00,0
,2003/8/23 6:30,0
,2003/8/23 7:00,1.793191694
,2003/8/23 7:30,0
,2003/8/23 8:00,0
,2003/8/23 8:30,0
,2003/8/23 9:00,0
,2003/8/23 9:30,0
,2003/8/23 10:00,0
,2003/8/23 10:30,0
,2003/8/23 11:00,0
,2003/8/23 11:30,0
,2003/8/23 12:00,0
,2003/8/23 12:30,0
,2003/8/23 13:00,0
,2003/8/23 13:30,0
,2003/8/23 14:00,0
,2003/8/23 14:30,0
,2003/8/23 15:00,0
,2003/8/23 15:30,0
,2003/8/23 16:00,0
,2003/8/23 16:30,0
,2003/8/23 17:00,0
,2003/8/23 17:30,1.122567135
,2003/8/23 18:00,0.88930648
,2003/8/23 18:30,0
,2003/8/23 19:00,0
,2003/8/23 19:30,3.119862013
,2003/8/23 20:00,0
,2003/8/23 20:30,0
,2003/8/23 21:00,0
,2003/8/23 21:30,0
,2003/8/23 22:00,0
,2003/8/23 22:30,0
,2003/8/23 23:00,0
,2003/8/23 23:30,0
,2003/8/24 0:00,0
,2003/8/24 0:30,0
,2003/8/24 1:00,0
,2003/8/24 1:30,0
,2003/8/24 2:00,0
,2003/8/24 2:30,0
,2003/8/24 3:00,0
,2003/8/24 3:30,0
,2003/8/24 4:00,0
,2003/8/24 4:30,0
,2003/8/24 5:00,0
,2003/8/24 5:30,0
,2003/8/24 6:00,0
,2003/8/24 6:30,0
,2003/8/24 7:00,2.011873614
,2003/8/24 7:30,0
,2003/8/24 8:00,0
,2003/8/24 8:30,0
,2003/8/24 9:00,0
,2003/8/24 9:30,0
,2003/8/24 10:00,0
,2003/8/24 10:30,0
,2003/8/24 11:00,0
,2003/8/24 11:30,0
,2003/8/24 12:00,0
,2003/8/24 12:30,0
,2003/8/24 13:00,0
,2003/8/24 13:30,0
,2003/8/24 14:00,0
,2003/8/24 14:30,0
,2003/8/24 15:00,0
,2003/8/24 15:30,0
,2003/8/24 16:00,0
,2003/8/24 16:30,0
,2003/8/24 17:00,0
,2003/8/24 17:30,0
,2003/8/24 18:00,0
,2003/8/24 18:30,0
,2003/8/24 19:00,0
,2003/8/24 19:30,0
,2003/8/24 20:00,0
,2003/8/24 20:30,0
,2003/8/24 21:00,2.901180158
,2003/8/24 21:30,0.670624559
,2003/8/24 22:00,0
,2003/8/24 22:30,0
,2003/8/24 23:00,0
,2003/8/24 23:30,0
,2003/8/25 0:00,0
,2003/8/25 0:30,0
,2003/8/25 1:00,0
,2003/8/25 1:30,0
,2003/8/25 2:00,0
,2003/8/25 2:30,0
,2003/8/25 3:00,0
,2003/8/25 3:30,0
,2003/8/25 4:00,0
,2003/8/25 4:30,0
,2003/8/25 5:00,0
,2003/8/25 5:30,0
,2003/8/25 6:00,0
,2003/8/25 6:30,0
,2003/8/25 7:00,1.793191694
,2003/8/25 7:30,0
,2003/8/25 8:00,0
,2003/8/25 8:30,0
,2003/8/25 9:00,0
,2003/8/25 9:30,0
,2003/8/25 10:00,0
,2003/8/25 10:30,0
,2003/8/25 11:00,0
,2003/8/25 11:30,0
,2003/8/25 12:00,0
,2003/8/25 12:30,0
,2003/8/25 13:00,0
,2003/8/25 13:30,0
,2003/8/25 14:00,0
,2003/8/25 14:30,0
,2003/8/25 15:00,0
,2003/8/25 15:30,0
,2003/8/25 16:00,0
,2003/8/25 16:30,0
,2003/8/25 17:00,0
,2003/8/25 17:30,0
,2003/8/25 18:00,0
,2003/8/25 18:30,0
,2003/8/25 19:00,1.341249119
,2003/8/25 19:30,0
,2003/8/25 20:00,0
,2003/8/25 20:30,3.353122733
,2003/8/25 21:00,0
,2003/8/25 21:30,0
,2003/8/25 22:00,0
,2003/8/25 22:30,0
,2003/8/25 23:00,0
,2003/8/25 23:30,0
,2003/8/26 0:00,0
,2003/8/26 0:30,0
,2003/8/26 1:00,0
,2003/8/26 1:30,0
,2003/8/26 2:00,0
,2003/8/26 2:30,0
,2003/8/26 3:00,0
,2003/8/26 3:30,0
,2003/8/26 4:00,0
,2003/8/26 4:30,0
,2003/8/26 5:00,0
,2003/8/26 5:30,0
,2003/8/26 6:00,0
,2003/8/26 6:30,0
,2003/8/26 7:00,0
,2003/8/26 7:30,0
,2003/8/26 8:00,0
,2003/8/26 8:30,0
,2003/8/26 9:00,0
,2003/8/26 9:30,0
,2003/8/26 10:00,0
,2003/8/26 10:30,0
,2003/8/26 11:00,0
,2003/8/26 11:30,0
,2003/8/26 12:00,0
,2003/8/26 12:30,0.88930648
,2003/8/26 13:00,0
,2003/8/26 13:30,0
,2003/8/26 14:00,0
,2003/8/26 14:30,0
,2003/8/26 15:00,1.122567135
,2003/8/26 15:30,0
,2003/8/26 16:00,0
,2003/8/26 16:30,0
,2003/8/26 17:00,0
,2003/8/26 17:30,0
,2003/8/26 18:00,0
,2003/8/26 18:30,0
,2003/8/26 19:00,0
,2003/8/26 19:30,0
,2003/8/26 20:00,2.4492372
,2003/8/26 20:30,4.898474909
,2003/8/26 21:00,0
,2003/8/26 21:30,0
,2003/8/26 22:00,0
,2003/8/26 22:30,0
,2003/8/26 23:00,0
,2003/8/26 23:30,0
,2003/8/27 0:00,0
,2003/8/27 0:30,0
,2003/8/27 1:00,0
,2003/8/27 1:30,0
,2003/8/27 2:00,0
,2003/8/27 2:30,0
,2003/8/27 3:00,0
,2003/8/27 3:30,0
,2003/8/27 4:00,0
,2003/8/27 4:30,0
,2003/8/27 5:00,0
,2003/8/27 5:30,0
,2003/8/27 6:00,0
,2003/8/27 6:30,0
,2003/8/27 7:00,0
,2003/8/27 7:30,0
,2003/8/27 8:00,0
,2003/8/27 8:30,0
,2003/8/27 9:00,0
,2003/8/27 9:30,0
,2003/8/27 10:00,0
,2003/8/27 10:30,0
,2003/8/27 11:00,0
,2003/8/27 11:30,2.011873614
,2003/8/27 12:00,0
,2003/8/27 12:30,0
,2003/8/27 13:00,0
,2003/8/27 13:30,0.88930648
,2003/8/27 14:00,0
,2003/8/27 14:30,0
,2003/8/27 15:00,0
,2003/8/27 15:30,0
,2003/8/27 16:00,0
,2003/8/27 16:30,0
,2003/8/27 17:00,0
,2003/8/27 17:30,0
,2003/8/27 18:00,0
,2003/8/27 18:30,0
,2003/8/27 19:00,0
,2003/8/27 19:30,1.341249119
,2003/8/27 20:00,0
,2003/8/27 20:30,4.023747232
,2003/8/27 21:00,0.88930648
,2003/8/27 21:30,4.023747228
,2003/8/27 22:00,0
,2003/8/27 22:30,0
,2003/8/27 23:00,0
,2003/8/27 23:30,0
,2003/8/28 0:00,0
,2003/8/28 0:30,0
,2003/8/28 1:00,0
,2003/8/28 1:30,0
,2003/8/28 2:00,0
,2003/8/28 2:30,0
,2003/8/28 3:00,0
,2003/8/28 3:30,0
,2003/8/28 4:00,0
,2003/8/28 4:30,0
,2003/8/28 5:00,0
,2003/8/28 5:30,0
,2003/8/28 6:00,0
,2003/8/28 6:30,0
,2003/8/28 7:00,0
,2003/8/28 7:30,0
,2003/8/28 8:00,0
,2003/8/28 8:30,0
,2003/8/28 9:00,0
,2003/8/28 9:30,0
,2003/8/28 10:00,0
,2003/8/28 10:30,0
,2003/8/28 11:00,0
,2003/8/28 11:30,0
,2003/8/28 12:00,0
,2003/8/28 12:30,0
,2003/8/28 13:00,0
,2003/8/28 13:30,0
,2003/8/28 14:00,0
,2003/8/28 14:30,0
,2003/8/28 15:00,0
,2003/8/28 15:30,0
,2003/8/28 16:00,0
,2003/8/28 16:30,0
,2003/8/28 17:00,0
,2003/8/28 17:30,0
,2003/8/28 18:00,0
,2003/8/28 18:30,0
,2003/8/28 19:00,0
,2003/8/28 19:30,1.559930975
,2003/8/28 20:00,2.463816253
,2003/8/28 20:30,2.463816253
,2003/8/28 21:00,0
,2003/8/28 21:30,0
,2003/8/28 22:00,0
,2003/8/28 22:30,0
,2003/8/28 23:00,0
,2003/8/28 23:30,0
,2003/8/29 0:00,0
,2003/8/29 0:30,0
,2003/8/29 1:00,0
,2003/8/29 1:30,0
,2003/8/29 2:00,0
,2003/8/29 2:30,0
,2003/8/29 3:00,0
,2003/8/29 3:30,0
,2003/8/29 4:00,0
,2003/8/29 4:30,0
,2003/8/29 5:00,0
,2003/8/29 5:30,0
,2003/8/29 6:00,0
,2003/8/29 6:30,0
,2003/8/29 7:00,1.341249119
,2003/8/29 7:30,0
,2003/8/29 8:00,0
,2003/8/29 8:30,0
,2003/8/29 9:00,0
,2003/8/29 9:30,0
,2003/8/29 10:00,0
,2003/8/29 10:30,0
,2003/8/29 11:00,0
,2003/8/29 11:30,0
,2003/8/29 12:00,0
,2003/8/29 12:30,0
,2003/8/29 13:00,0
,2003/8/29 13:30,0
,2003/8/29 14:00,0
,2003/8/29 14:30,0
,2003/8/29 15:00,0
,2003/8/29 15:30,0
,2003/8/29 16:00,0
,2003/8/29 16:30,0
,2003/8/29 17:00,0
,2003/8/29 17:30,0
,2003/8/29 18:00,0
,2003/8/29 18:30,0
,2003/8/29 19:00,0.670624559
,2003/8/29 19:30,0
,2003/8/29 20:00,0
,2003/8/29 20:30,0
,2003/8/29 21:00,0
,2003/8/29 21:30,0
,2003/8/29 22:00,0
,2003/8/29 22:30,0
,2003/8/29 23:00,0
,2003/8/29 23:30,0
,2003/8/30 0:00,0
,2003/8/30 0:30,0
,2003/8/30 1:00,0
,2003/8/30 1:30,0
,2003/8/30 2:00,0
,2003/8/30 2:30,0
,2003/8/30 3:00,0
,2003/8/30 3:30,0
,2003/8/30 4:00,0
,2003/8/30 4:30,0
,2003/8/30 5:00,0
,2003/8/30 5:30,0
,2003/8/30 6:00,0
,2003/8/30 6:30,0
,2003/8/30 7:00,0
,2003/8/30 7:30,1.778612959
,2003/8/30 8:00,0
,2003/8/30 8:30,0
,2003/8/30 9:00,0
,2003/8/30 9:30,1.559931039
,2003/8/30 10:00,2.011873614
,2003/8/30 10:30,0
,2003/8/30 11:00,0
,2003/8/30 11:30,0
,2003/8/30 12:00,0
,2003/8/30 12:30,0
,2003/8/30 13:00,0
,2003/8/30 13:30,0
,2003/8/30 14:00,0
,2003/8/30 14:30,0
,2003/8/30 15:00,0
,2003/8/30 15:30,0
,2003/8/30 16:00,0
,2003/8/30 16:30,0
,2003/8/30 17:00,0
,2003/8/30 17:30,0
,2003/8/30 18:00,0
,2003/8/30 18:30,0
,2003/8/30 19:00,0
,2003/8/30 19:30,0
,2003/8/30 20:00,0
,2003/8/30 20:30,0
,2003/8/30 21:00,0
,2003/8/30 21:30,0
,2003/8/30 22:00,0
,2003/8/30 22:30,0
,2003/8/30 23:00,0
,2003/8/30 23:30,0
,2003/8/31 0:00,0
,2003/8/31 0:30,0
,2003/8/31 1:00,0
,2003/8/31 1:30,0
,2003/8/31 2:00,0
,2003/8/31 2:30,0
,2003/8/31 3:00,0
,2003/8/31 3:30,0
,2003/8/31 4:00,0
,2003/8/31 4:30,0
,2003/8/31 5:00,0
,2003/8/31 5:30,0
,2003/8/31 6:00,2.011873678
,2003/8/31 6:30,0
,2003/8/31 7:00,0
,2003/8/31 7:30,0
,2003/8/31 8:00,0
,2003/8/31 8:30,0
,2003/8/31 9:00,0
,2003/8/31 9:30,0
,2003/8/31 10:00,0
,2003/8/31 10:30,0
,2003/8/31 11:00,0
,2003/8/31 11:30,0
,2003/8/31 12:00,0
,2003/8/31 12:30,0
,2003/8/31 13:00,0
,2003/8/31 13:30,0
,2003/8/31 14:00,0
,2003/8/31 14:30,0
,2003/8/31 15:00,0
,2003/8/31 15:30,0
,2003/8/31 16:00,0
,2003/8/31 16:30,0
,2003/8/31 17:00,0
,2003/8/31 17:30,0
,2003/8/31 18:00,0
,2003/8/31 18:30,0
,2003/8/31 19:00,0
,2003/8/31 19:30,0
,2003/8/31 20:00,0
,2003/8/31 20:30,0
,2003/8/31 21:00,0
,2003/8/31 21:30,0
,2003/8/31 22:00,9.811528617
,2003/8/31 22:30,1.341249119
,2003/8/31 23:00,0
,2003/8/31 23:30,0
,2003/9/1 0:00,1.778612959
,2003/9/1 0:30,0
,2003/9/1 1:00,0
,2003/9/1 1:30,0
,2003/9/1 2:00,0
,2003/9/1 2:30,0
,2003/9/1 3:00,0
,2003/9/1 3:30,0
,2003/9/1 4:00,0
,2003/9/1 4:30,0
,2003/9/1 5:00,0
,2003/9/1 5:30,0
,2003/9/1 6:00,0
,2003/9/1 6:30,0
,2003/9/1 7:00,2.463816253
,2003/9/1 7:30,0
,2003/9/1 8:00,0
,2003/9/1 8:30,0
,2003/9/1 9:00,0
,2003/9/1 9:30,0
,2003/9/1 10:00,0
,2003/9/1 10:30,0
,2003/9/1 11:00,0
,2003/9/1 11:30,0
,2003/9/1 12:00,0
,2003/9/1 12:30,0
,2003/9/1 13:00,0.88930648
,2003/9/1 13:30,0
,2003/9/1 14:00,0
,2003/9/1 14:30,0
,2003/9/1 15:00,0
,2003/9/1 15:30,0
,2003/9/1 16:00,0
,2003/9/1 16:30,0
,2003/9/1 17:00,0
,2003/9/1 17:30,0
,2003/9/1 18:00,0
,2003/9/1 18:30,0
,2003/9/1 19:00,0
,2003/9/1 19:30,0
,2003/9/1 20:00,6.910348654
,2003/9/1 20:30,0.670624559
,2003/9/1 21:00,2.901180094
,2003/9/1 21:30,1.341249119
,2003/9/1 22:00,0
,2003/9/1 22:30,0
,2003/9/1 23:00,0
,2003/9/1 23:30,0
,2003/9/2 0:00,0
,2003/9/2 0:30,0
,2003/9/2 1:00,0
,2003/9/2 1:30,0
,2003/9/2 2:00,0
,2003/9/2 2:30,0
,2003/9/2 3:00,0
,2003/9/2 3:30,0
,2003/9/2 4:00,0
,2003/9/2 4:30,0
,2003/9/2 5:00,0
,2003/9/2 5:30,0
,2003/9/2 6:00,0
,2003/9/2 6:30,0
,2003/9/2 7:00,0
,2003/9/2 7:30,0
,2003/9/2 8:00,0
,2003/9/2 8:30,0
,2003/9/2 9:00,0
,2003/9/2 9:30,0.670624559
,2003/9/2 10:00,0
,2003/9/2 10:30,0
,2003/9/2 11:00,0
,2003/9/2 11:30,0
,2003/9/2 12:00,0
,2003/9/2 12:30,0
,2003/9/2 13:00,0
,2003/9/2 13:30,0
,2003/9/2 14:00,0
,2003/9/2 14:30,0
,2003/9/2 15:00,0
,2003/9/2 15:30,0
,2003/9/2 16:00,0
,2003/9/2 16:30,0
,2003/9/2 17:00,0
,2003/9/2 17:30,0
,2003/9/2 18:00,0
,2003/9/2 18:30,0
,2003/9/2 19:00,0.670624559
,2003/9/2 19:30,0
,2003/9/2 20:00,0
,2003/9/2 20:30,0
,2003/9/2 21:00,8.032915657
,2003/9/2 21:30,2.230555597
,2003/9/2 22:00,0
,2003/9/2 22:30,0
,2003/9/2 23:00,0
,2003/9/2 23:30,0
,2003/9/3 0:00,0
,2003/9/3 0:30,0
,2003/9/3 1:00,0
,2003/9/3 1:30,0
,2003/9/3 2:00,0
,2003/9/3 2:30,0
,2003/9/3 3:00,0
,2003/9/3 3:30,0
,2003/9/3 4:00,0
,2003/9/3 4:30,0
,2003/9/3 5:00,0
,2003/9/3 5:30,0
,2003/9/3 6:00,0
,2003/9/3 6:30,0
,2003/9/3 7:00,0
,2003/9/3 7:30,0
,2003/9/3 8:00,0
,2003/9/3 8:30,0
,2003/9/3 9:00,0
,2003/9/3 9:30,0
,2003/9/3 10:00,0
,2003/9/3 10:30,0
,2003/9/3 11:00,0
,2003/9/3 11:30,0
,2003/9/3 12:00,1.341249119
,2003/9/3 12:30,0
,2003/9/3 13:00,0
,2003/9/3 13:30,0
,2003/9/3 14:00,0
,2003/9/3 14:30,0
,2003/9/3 15:00,0
,2003/9/3 15:30,0
,2003/9/3 16:00,0
,2003/9/3 16:30,0
,2003/9/3 17:00,0
,2003/9/3 17:30,0
,2003/9/3 18:00,0
,2003/9/3 18:30,0
,2003/9/3 19:00,0
,2003/9/3 19:30,0
,2003/9/3 20:00,0
,2003/9/3 20:30,0
,2003/9/3 21:00,0
,2003/9/3 21:30,3.571804653
,2003/9/3 22:00,5.131735693
,2003/9/3 22:30,0
,2003/9/3 23:00,0
,2003/9/3 23:30,0
,2003/9/4 0:00,0
,2003/9/4 0:30,0
,2003/9/4 1:00,0
,2003/9/4 1:30,0
,2003/9/4 2:00,0
,2003/9/4 2:30,0
,2003/9/4 3:00,0
,2003/9/4 3:30,0
,2003/9/4 4:00,0
,2003/9/4 4:30,0
,2003/9/4 5:00,0
,2003/9/4 5:30,0
,2003/9/4 6:00,0
,2003/9/4 6:30,0
,2003/9/4 7:00,0
,2003/9/4 7:30,0
,2003/9/4 8:00,0
,2003/9/4 8:30,0
,2003/9/4 9:00,0
,2003/9/4 9:30,0
,2003/9/4 10:00,0
,2003/9/4 10:30,0
,2003/9/4 11:00,0
,2003/9/4 11:30,0
,2003/9/4 12:00,0
,2003/9/4 12:30,0
,2003/9/4 13:00,0
,2003/9/4 13:30,0
,2003/9/4 14:00,0
,2003/9/4 14:30,0
,2003/9/4 15:00,0
,2003/9/4 15:30,0
,2003/9/4 16:00,0
,2003/9/4 16:30,0
,2003/9/4 17:00,0
,2003/9/4 17:30,0
,2003/9/4 18:00,0
,2003/9/4 18:30,1.559931039
,2003/9/4 19:00,0
,2003/9/4 19:30,0
,2003/9/4 20:00,0
,2003/9/4 20:30,4.023747292
,2003/9/4 21:00,0
,2003/9/4 21:30,0
,2003/9/4 22:00,0
,2003/9/4 22:30,0
,2003/9/4 23:00,0
,2003/9/4 23:30,0
,2003/9/5 0:00,0
,2003/9/5 0:30,0
,2003/9/5 1:00,0
,2003/9/5 1:30,0
,2003/9/5 2:00,0
,2003/9/5 2:30,0
,2003/9/5 3:00,0
,2003/9/5 3:30,0
,2003/9/5 4:00,0
,2003/9/5 4:30,0
,2003/9/5 5:00,0
,2003/9/5 5:30,0
,2003/9/5 6:00,0
,2003/9/5 6:30,0
,2003/9/5 7:00,0
,2003/9/5 7:30,1.559931039
,2003/9/5 8:00,0
,2003/9/5 8:30,0
,2003/9/5 9:00,0
,2003/9/5 9:30,0
,2003/9/5 10:00,0
,2003/9/5 10:30,0
,2003/9/5 11:00,0
,2003/9/5 11:30,0
,2003/9/5 12:00,0
,2003/9/5 12:30,0
,2003/9/5 13:00,0
,2003/9/5 13:30,0
,2003/9/5 14:00,0
,2003/9/5 14:30,0
,2003/9/5 15:00,0
,2003/9/5 15:30,0
,2003/9/5 16:00,0
,2003/9/5 16:30,0
,2003/9/5 17:00,0
,2003/9/5 17:30,0
,2003/9/5 18:00,0
,2003/9/5 18:30,0
,2003/9/5 19:00,0
,2003/9/5 19:30,0
,2003/9/5 20:00,0
,2003/9/5 20:30,3.571804717
,2003/9/5 21:00,5.131735436
,2003/9/5 21:30,0
,2003/9/5 22:00,0
,2003/9/5 22:30,0
,2003/9/5 23:00,0
,2003/9/5 23:30,0
,2003/9/6 0:00,0
,2003/9/6 0:30,0
,2003/9/6 1:00,0
,2003/9/6 1:30,0
,2003/9/6 2:00,0
,2003/9/6 2:30,0
,2003/9/6 3:00,0
,2003/9/6 3:30,0
,2003/9/6 4:00,0
,2003/9/6 4:30,0
,2003/9/6 5:00,0
,2003/9/6 5:30,0
,2003/9/6 6:00,0
,2003/9/6 6:30,0
,2003/9/6 7:00,0.670624559
,2003/9/6 7:30,1.122567135
,2003/9/6 8:00,0
,2003/9/6 8:30,0
,2003/9/6 9:00,0
,2003/9/6 9:30,0
,2003/9/6 10:00,0
,2003/9/6 10:30,0
,2003/9/6 11:00,0
,2003/9/6 11:30,0
,2003/9/6 12:00,0
,2003/9/6 12:30,0
,2003/9/6 13:00,0
,2003/9/6 13:30,0
,2003/9/6 14:00,0
,2003/9/6 14:30,0
,2003/9/6 15:00,0
,2003/9/6 15:30,0
,2003/9/6 16:00,0
,2003/9/6 16:30,0
,2003/9/6 17:00,0
,2003/9/6 17:30,0
,2003/9/6 18:00,0
,2003/9/6 18:30,0
,2003/9/6 19:00,0
,2003/9/6 19:30,2.463816253
,2003/9/6 20:00,2.901180094
,2003/9/6 20:30,2.682498173
,2003/9/6 21:00,0
,2003/9/6 21:30,0
,2003/9/6 22:00,0
,2003/9/6 22:30,0
,2003/9/6 23:00,0
,2003/9/6 23:30,0
,2003/9/7 0:00,0
,2003/9/7 0:30,0
,2003/9/7 1:00,0
,2003/9/7 1:30,0
,2003/9/7 2:00,0
,2003/9/7 2:30,0
,2003/9/7 3:00,0
,2003/9/7 3:30,0
,2003/9/7 4:00,0
,2003/9/7 4:30,0
,2003/9/7 5:00,0
,2003/9/7 5:30,0
,2003/9/7 6:00,0
,2003/9/7 6:30,0
,2003/9/7 7:00,0
,2003/9/7 7:30,1.341249119
,2003/9/7 8:00,0
,2003/9/7 8:30,0
,2003/9/7 9:00,0
,2003/9/7 9:30,0
,2003/9/7 10:00,0
,2003/9/7 10:30,0
,2003/9/7 11:00,0
,2003/9/7 11:30,0
,2003/9/7 12:00,0
,2003/9/7 12:30,0
,2003/9/7 13:00,0
,2003/9/7 13:30,0
,2003/9/7 14:00,0
,2003/9/7 14:30,0
,2003/9/7 15:00,0
,2003/9/7 15:30,0
,2003/9/7 16:00,0
,2003/9/7 16:30,0
,2003/9/7 17:00,0
,2003/9/7 17:30,0
,2003/9/7 18:00,0
,2003/9/7 18:30,0
,2003/9/7 19:00,0.670624559
,2003/9/7 19:30,0.670624559
,2003/9/7 20:00,0
,2003/9/7 20:30,1.122567135
,2003/9/7 21:00,5.350417165
,2003/9/7 21:30,2.230555597
,2003/9/7 22:00,0
,2003/9/7 22:30,0
,2003/9/7 23:00,0
,2003/9/7 23:30,0
,2003/9/8 0:00,0
,2003/9/8 0:30,0
,2003/9/8 1:00,0
,2003/9/8 1:30,0
,2003/9/8 2:00,0
,2003/9/8 2:30,0
,2003/9/8 3:00,0
,2003/9/8 3:30,0
,2003/9/8 4:00,0
,2003/9/8 4:30,0
,2003/9/8 5:00,0
,2003/9/8 5:30,0
,2003/9/8 6:00,0
,2003/9/8 6:30,0
,2003/9/8 7:00,0
,2003/9/8 7:30,1.778612959
,2003/9/8 8:00,0
,2003/9/8 8:30,0
,2003/9/8 9:00,0
,2003/9/8 9:30,0
,2003/9/8 10:00,0
,2003/9/8 10:30,0
,2003/9/8 11:00,0
,2003/9/8 11:30,0
,2003/9/8 12:00,0
,2003/9/8 12:30,0
,2003/9/8 13:00,0
,2003/9/8 13:30,0
,2003/9/8 14:00,0
,2003/9/8 14:30,0
,2003/9/8 15:00,0
,2003/9/8 15:30,0
,2003/9/8 16:00,0
,2003/9/8 16:30,0
,2003/9/8 17:00,0
,2003/9/8 17:30,0
,2003/9/8 18:00,0
,2003/9/8 18:30,0
,2003/9/8 19:00,0
,2003/9/8 19:30,0.88930648
,2003/9/8 20:00,5.350417294
,2003/9/8 20:30,2.682498237
,2003/9/8 21:00,0
,2003/9/8 21:30,0
,2003/9/8 22:00,0
,2003/9/8 22:30,0
,2003/9/8 23:00,0
,2003/9/8 23:30,0
,2003/9/9 0:00,0
,2003/9/9 0:30,1.559930975
,2003/9/9 1:00,0
,2003/9/9 1:30,0
,2003/9/9 2:00,0
,2003/9/9 2:30,0
,2003/9/9 3:00,0
,2003/9/9 3:30,0
,2003/9/9 4:00,0
,2003/9/9 4:30,0
,2003/9/9 5:00,0
,2003/9/9 5:30,0
,2003/9/9 6:00,0
,2003/9/9 6:30,0
,2003/9/9 7:00,0
,2003/9/9 7:30,1.793191694
,2003/9/9 8:00,0
,2003/9/9 8:30,0
,2003/9/9 9:00,0
,2003/9/9 9:30,0
,2003/9/9 10:00,0
,2003/9/9 10:30,0
,2003/9/9 11:00,0
,2003/9/9 11:30,0
,2003/9/9 12:00,0
,2003/9/9 12:30,0
,2003/9/9 13:00,0
,2003/9/9 13:30,0
,2003/9/9 14:00,0
,2003/9/9 14:30,0
,2003/9/9 15:00,0
,2003/9/9 15:30,0
,2003/9/9 16:00,0
,2003/9/9 16:30,0
,2003/9/9 17:00,0
,2003/9/9 17:30,0
,2003/9/9 18:00,0
,2003/9/9 18:30,0
,2003/9/9 19:00,0
,2003/9/9 19:30,0
,2003/9/9 20:00,0
,2003/9/9 20:30,0
,2003/9/9 21:00,4.023747356
,2003/9/9 21:30,0
,2003/9/9 22:00,0
,2003/9/9 22:30,0
,2003/9/9 23:00,0
,2003/9/9 23:30,0
,2003/9/10 0:00,0
,2003/9/10 0:30,0
,2003/9/10 1:00,0
,2003/9/10 1:30,0
,2003/9/10 2:00,0
,2003/9/10 2:30,0
,2003/9/10 3:00,0
,2003/9/10 3:30,0
,2003/9/10 4:00,0
,2003/9/10 4:30,0
,2003/9/10 5:00,0
,2003/9/10 5:30,0
,2003/9/10 6:00,0
,2003/9/10 6:30,0
,2003/9/10 7:00,0
,2003/9/10 7:30,0
,2003/9/10 8:00,0
,2003/9/10 8:30,0
,2003/9/10 9:00,0
,2003/9/10 9:30,0
,2003/9/10 10:00,3.119862077
,2003/9/10 10:30,0
,2003/9/10 11:00,0
,2003/9/10 11:30,0
,2003/9/10 12:00,0
,2003/9/10 12:30,0
,2003/9/10 13:00,0
,2003/9/10 13:30,0
,2003/9/10 14:00,0
,2003/9/10 14:30,0
,2003/9/10 15:00,0
,2003/9/10 15:30,0
,2003/9/10 16:00,0
,2003/9/10 16:30,0
,2003/9/10 17:00,0
,2003/9/10 17:30,0
,2003/9/10 18:00,0
,2003/9/10 18:30,0
,2003/9/10 19:00,0
,2003/9/10 19:30,0
,2003/9/10 20:00,0
,2003/9/10 20:30,0
,2003/9/10 21:00,7.143609305
,2003/9/10 21:30,3.134440749
,2003/9/10 22:00,0.88930648
,2003/9/10 22:30,0
,2003/9/10 23:00,0
,2003/9/10 23:30,0
,2003/9/11 0:00,0
,2003/9/11 0:30,0
,2003/9/11 1:00,0
,2003/9/11 1:30,0
,2003/9/11 2:00,0
,2003/9/11 2:30,0
,2003/9/11 3:00,0
,2003/9/11 3:30,0
,2003/9/11 4:00,0
,2003/9/11 4:30,0
,2003/9/11 5:00,0
,2003/9/11 5:30,0
,2003/9/11 6:00,0
,2003/9/11 6:30,0
,2003/9/11 7:00,0
,2003/9/11 7:30,0
,2003/9/11 8:00,0
,2003/9/11 8:30,0
,2003/9/11 9:00,0
,2003/9/11 9:30,0
,2003/9/11 10:00,0
,2003/9/11 10:30,0
,2003/9/11 11:00,0
,2003/9/11 11:30,0
,2003/9/11 12:00,0
,2003/9/11 12:30,0
,2003/9/11 13:00,0
,2003/9/11 13:30,0
,2003/9/11 14:00,0
,2003/9/11 14:30,0
,2003/9/11 15:00,0
,2003/9/11 15:30,0
,2003/9/11 16:00,0
,2003/9/11 16:30,0
,2003/9/11 17:00,0
,2003/9/11 17:30,0
,2003/9/11 18:00,0
,2003/9/11 18:30,0
,2003/9/11 19:00,0
,2003/9/11 19:30,0
,2003/9/11 20:00,0
,2003/9/11 20:30,0
,2003/9/11 21:00,0
,2003/9/11 21:30,0
,2003/9/11 22:00,0
,2003/9/11 22:30,0
,2003/9/11 23:00,0
,2003/9/11 23:30,0
,2003/9/12 0:00,0
,2003/9/12 0:30,0
,2003/9/12 1:00,0
,2003/9/12 1:30,0
,2003/9/12 2:00,0
,2003/9/12 2:30,0
,2003/9/12 3:00,0
,2003/9/12 3:30,0
,2003/9/12 4:00,0
,2003/9/12 4:30,0
,2003/9/12 5:00,0
,2003/9/12 5:30,0
,2003/9/12 6:00,0
,2003/9/12 6:30,0
,2003/9/12 7:00,1.559931039
,2003/9/12 7:30,0
,2003/9/12 8:00,0
,2003/9/12 8:30,0
,2003/9/12 9:00,0
,2003/9/12 9:30,2.230555597
,2003/9/12 10:00,0
,2003/9/12 10:30,0
,2003/9/12 11:00,0
,2003/9/12 11:30,0
,2003/9/12 12:00,0
,2003/9/12 12:30,0
,2003/9/12 13:00,0
,2003/9/12 13:30,0
,2003/9/12 14:00,0
,2003/9/12 14:30,0
,2003/9/12 15:00,0
,2003/9/12 15:30,0
,2003/9/12 16:00,0
,2003/9/12 16:30,0
,2003/9/12 17:00,0
,2003/9/12 17:30,0
,2003/9/12 18:00,0
,2003/9/12 18:30,0
,2003/9/12 19:00,0
,2003/9/12 19:30,0
,2003/9/12 20:00,0
,2003/9/12 20:30,5.802360124
,2003/9/12 21:00,2.245134269
,2003/9/12 21:30,0
,2003/9/12 22:00,0
,2003/9/12 22:30,0
,2003/9/12 23:00,0
,2003/9/12 23:30,0
,2003/9/13 0:00,0
,2003/9/13 0:30,0
,2003/9/13 1:00,0
,2003/9/13 1:30,0
,2003/9/13 2:00,0
,2003/9/13 2:30,0
,2003/9/13 3:00,0
,2003/9/13 3:30,0
,2003/9/13 4:00,0
,2003/9/13 4:30,0
,2003/9/13 5:00,0
,2003/9/13 5:30,0
,2003/9/13 6:00,0
,2003/9/13 6:30,0
,2003/9/13 7:00,0
,2003/9/13 7:30,1.559931039
,2003/9/13 8:00,0
,2003/9/13 8:30,0
,2003/9/13 9:00,0
,2003/9/13 9:30,0
,2003/9/13 10:00,0
,2003/9/13 10:30,0
,2003/9/13 11:00,0
,2003/9/13 11:30,0
,2003/9/13 12:00,0
,2003/9/13 12:30,0
,2003/9/13 13:00,0
,2003/9/13 13:30,0
,2003/9/13 14:00,0
,2003/9/13 14:30,0
,2003/9/13 15:00,0
,2003/9/13 15:30,0
,2003/9/13 16:00,0
,2003/9/13 16:30,0
,2003/9/13 17:00,0
,2003/9/13 17:30,0
,2003/9/13 18:00,0
,2003/9/13 18:30,0
,2003/9/13 19:00,0
,2003/9/13 19:30,0
,2003/9/13 20:00,5.364996349
,2003/9/13 20:30,1.559931039
,2003/9/13 21:00,0
,2003/9/13 21:30,0
,2003/9/13 22:00,0
,2003/9/13 22:30,0
,2003/9/13 23:00,0
,2003/9/13 23:30,0
,2003/9/14 0:00,0
,2003/9/14 0:30,0
,2003/9/14 1:00,0
,2003/9/14 1:30,0
,2003/9/14 2:00,0
,2003/9/14 2:30,0
,2003/9/14 3:00,0
,2003/9/14 3:30,0
,2003/9/14 4:00,0
,2003/9/14 4:30,0
,2003/9/14 5:00,0
,2003/9/14 5:30,0
,2003/9/14 6:00,0
,2003/9/14 6:30,0
,2003/9/14 7:00,0
,2003/9/14 7:30,1.122567135
,2003/9/14 8:00,0
,2003/9/14 8:30,0
,2003/9/14 9:00,0
,2003/9/14 9:30,0
,2003/9/14 10:00,0
,2003/9/14 10:30,0
,2003/9/14 11:00,0
,2003/9/14 11:30,0
,2003/9/14 12:00,0
,2003/9/14 12:30,0
,2003/9/14 13:00,0
,2003/9/14 13:30,0
,2003/9/14 14:00,0
,2003/9/14 14:30,0
,2003/9/14 15:00,0
,2003/9/14 15:30,0
,2003/9/14 16:00,0
,2003/9/14 16:30,0
,2003/9/14 17:00,0
,2003/9/14 17:30,0
,2003/9/14 18:00,0
,2003/9/14 18:30,0
,2003/9/14 19:00,0.670624559
,2003/9/14 19:30,0
,2003/9/14 20:00,0
,2003/9/14 20:30,0
,2003/9/14 21:00,0
,2003/9/14 21:30,0
,2003/9/14 22:00,0
,2003/9/14 22:30,0
,2003/9/14 23:00,0
,2003/9/14 23:30,0
,2003/9/15 0:00,0
,2003/9/15 0:30,0
,2003/9/15 1:00,0
,2003/9/15 1:30,0
,2003/9/15 2:00,0
,2003/9/15 2:30,0
,2003/9/15 3:00,0
,2003/9/15 3:30,0
,2003/9/15 4:00,0
,2003/9/15 4:30,0
,2003/9/15 5:00,0
,2003/9/15 5:30,0
,2003/9/15 6:00,0
,2003/9/15 6:30,0
,2003/9/15 7:00,0
,2003/9/15 7:30,1.778612959
,2003/9/15 8:00,0
,2003/9/15 8:30,0
,2003/9/15 9:00,0
,2003/9/15 9:30,0
,2003/9/15 10:00,0
,2003/9/15 10:30,0
,2003/9/15 11:00,0
,2003/9/15 11:30,0
,2003/9/15 12:00,0
,2003/9/15 12:30,0
,2003/9/15 13:00,0
,2003/9/15 13:30,0
,2003/9/15 14:00,0
,2003/9/15 14:30,0
,2003/9/15 15:00,0
,2003/9/15 15:30,0
,2003/9/15 16:00,0
,2003/9/15 16:30,0
,2003/9/15 17:00,0
,2003/9/15 17:30,0
,2003/9/15 18:00,3.790486574
,2003/9/15 18:30,0
,2003/9/15 19:00,0
,2003/9/15 19:30,0.670624559
,2003/9/15 20:00,0
,2003/9/15 20:30,0
,2003/9/15 21:00,0
,2003/9/15 21:30,0
,2003/9/15 22:00,0
,2003/9/15 22:30,0
,2003/9/15 23:00,0
,2003/9/15 23:30,0
,2003/9/16 0:00,0
,2003/9/16 0:30,0
,2003/9/16 1:00,0
,2003/9/16 1:30,0
,2003/9/16 2:00,0
,2003/9/16 2:30,0
,2003/9/16 3:00,0
,2003/9/16 3:30,0
,2003/9/16 4:00,0
,2003/9/16 4:30,0
,2003/9/16 5:00,0
,2003/9/16 5:30,0
,2003/9/16 6:00,0
,2003/9/16 6:30,0
,2003/9/16 7:00,1.122567135
,2003/9/16 7:30,0
,2003/9/16 8:00,0
,2003/9/16 8:30,0
,2003/9/16 9:00,0
,2003/9/16 9:30,0
,2003/9/16 10:00,0
,2003/9/16 10:30,0
,2003/9/16 11:00,0
,2003/9/16 11:30,0
,2003/9/16 12:00,0
,2003/9/16 12:30,0
,2003/9/16 13:00,0
,2003/9/16 13:30,0
,2003/9/16 14:00,0
,2003/9/16 14:30,0
,2003/9/16 15:00,0
,2003/9/16 15:30,0
,2003/9/16 16:00,0
,2003/9/16 16:30,0
,2003/9/16 17:00,0
,2003/9/16 17:30,0
,2003/9/16 18:00,0
,2003/9/16 18:30,0
,2003/9/16 19:00,0
,2003/9/16 19:30,0
,2003/9/16 20:00,0
,2003/9/16 20:30,1.778612959
,2003/9/16 21:00,6.021042238
,2003/9/16 21:30,0.670624559
,2003/9/16 22:00,0
,2003/9/16 22:30,0
,2003/9/16 23:00,0
,2003/9/16 23:30,0
,2003/9/17 0:00,0
,2003/9/17 0:30,0
,2003/9/17 1:00,0
,2003/9/17 1:30,0
,2003/9/17 2:00,0
,2003/9/17 2:30,0
,2003/9/17 3:00,0
,2003/9/17 3:30,0
,2003/9/17 4:00,0
,2003/9/17 4:30,0
,2003/9/17 5:00,0
,2003/9/17 5:30,0
,2003/9/17 6:00,0
,2003/9/17 6:30,1.122567135
,2003/9/17 7:00,1.122567135
,2003/9/17 7:30,0
,2003/9/17 8:00,0
,2003/9/17 8:30,0
,2003/9/17 9:00,0
,2003/9/17 9:30,0
,2003/9/17 10:00,0
,2003/9/17 10:30,1.559931039
,2003/9/17 11:00,0
,2003/9/17 11:30,0
,2003/9/17 12:00,0
,2003/9/17 12:30,0
,2003/9/17 13:00,0
,2003/9/17 13:30,0
,2003/9/17 14:00,0
,2003/9/17 14:30,0
,2003/9/17 15:00,0
,2003/9/17 15:30,0
,2003/9/17 16:00,0
,2003/9/17 16:30,0
,2003/9/17 17:00,0
,2003/9/17 17:30,0
,2003/9/17 18:00,0
,2003/9/17 18:30,0
,2003/9/17 19:00,0
,2003/9/17 19:30,0
,2003/9/17 20:00,0
,2003/9/17 20:30,4.242429085
,2003/9/17 21:00,0
,2003/9/17 21:30,2.245134269
,2003/9/17 22:00,0
,2003/9/17 22:30,0
,2003/9/17 23:00,0
,2003/9/17 23:30,0
,2003/9/18 0:00,0
,2003/9/18 0:30,0
,2003/9/18 1:00,0
,2003/9/18 1:30,0
,2003/9/18 2:00,0
,2003/9/18 2:30,0
,2003/9/18 3:00,0
,2003/9/18 3:30,0
,2003/9/18 4:00,0
,2003/9/18 4:30,0
,2003/9/18 5:00,0
,2003/9/18 5:30,0
,2003/9/18 6:00,0
,2003/9/18 6:30,0
,2003/9/18 7:00,0
,2003/9/18 7:30,0
,2003/9/18 8:00,0
,2003/9/18 8:30,0
,2003/9/18 9:00,0
,2003/9/18 9:30,0
,2003/9/18 10:00,0
,2003/9/18 10:30,0
,2003/9/18 11:00,0
,2003/9/18 11:30,0
,2003/9/18 12:00,0
,2003/9/18 12:30,0
,2003/9/18 13:00,0
,2003/9/18 13:30,0
,2003/9/18 14:00,0
,2003/9/18 14:30,0
,2003/9/18 15:00,0
,2003/9/18 15:30,0
,2003/9/18 16:00,0
,2003/9/18 16:30,0
,2003/9/18 17:00,0
,2003/9/18 17:30,0
,2003/9/18 18:00,0
,2003/9/18 18:30,0
,2003/9/18 19:00,0
,2003/9/18 19:30,0
,2003/9/18 20:00,0
,2003/9/18 20:30,0
,2003/9/18 21:00,0
,2003/9/18 21:30,0
,2003/9/18 22:00,2.682498237
,2003/9/18 22:30,0
,2003/9/18 23:00,0
,2003/9/18 23:30,0
,2003/9/19 0:00,0
,2003/9/19 0:30,0
,2003/9/19 1:00,0
,2003/9/19 1:30,0
,2003/9/19 2:00,0
,2003/9/19 2:30,0
,2003/9/19 3:00,0
,2003/9/19 3:30,0
,2003/9/19 4:00,0
,2003/9/19 4:30,0
,2003/9/19 5:00,0
,2003/9/19 5:30,0
,2003/9/19 6:00,0
,2003/9/19 6:30,3.586383388
,2003/9/19 7:00,0
,2003/9/19 7:30,0
,2003/9/19 8:00,0
,2003/9/19 8:30,0
,2003/9/19 9:00,0
,2003/9/19 9:30,0
,2003/9/19 10:00,0
,2003/9/19 10:30,0
,2003/9/19 11:00,0
,2003/9/19 11:30,0
,2003/9/19 12:00,0
,2003/9/19 12:30,0
,2003/9/19 13:00,0
,2003/9/19 13:30,0
,2003/9/19 14:00,0
,2003/9/19 14:30,0
,2003/9/19 15:00,0
,2003/9/19 15:30,0
,2003/9/19 16:00,0
,2003/9/19 16:30,0
,2003/9/19 17:00,0
,2003/9/19 17:30,0
,2003/9/19 18:00,0
,2003/9/19 18:30,0
,2003/9/19 19:00,0
,2003/9/19 19:30,0
,2003/9/19 20:00,0
,2003/9/19 20:30,0
,2003/9/19 21:00,0
,2003/9/19 21:30,0
,2003/9/19 22:00,0
,2003/9/19 22:30,0
,2003/9/19 23:00,0
,2003/9/19 23:30,2.901180158
,2003/9/20 0:00,0
,2003/9/20 0:30,0
,2003/9/20 1:00,0
,2003/9/20 1:30,0
,2003/9/20 2:00,0
,2003/9/20 2:30,0
,2003/9/20 3:00,0
,2003/9/20 3:30,0
,2003/9/20 4:00,0
,2003/9/20 4:30,0
,2003/9/20 5:00,0.88930648
,2003/9/20 5:30,1.793191694
,2003/9/20 6:00,0
,2003/9/20 6:30,0
,2003/9/20 7:00,0
,2003/9/20 7:30,0
,2003/9/20 8:00,0
,2003/9/20 8:30,0
,2003/9/20 9:00,0
,2003/9/20 9:30,0
,2003/9/20 10:00,0
,2003/9/20 10:30,0
,2003/9/20 11:00,0
,2003/9/20 11:30,0
,2003/9/20 12:00,0
,2003/9/20 12:30,0
,2003/9/20 13:00,0
,2003/9/20 13:30,0
,2003/9/20 14:00,0
,2003/9/20 14:30,0
,2003/9/20 15:00,0
,2003/9/20 15:30,0
,2003/9/20 16:00,0
,2003/9/20 16:30,0
,2003/9/20 17:00,0
,2003/9/20 17:30,0
,2003/9/20 18:00,0
,2003/9/20 18:30,0
,2003/9/20 19:00,0
,2003/9/20 19:30,0
,2003/9/20 20:00,0
,2003/9/20 20:30,0
,2003/9/20 21:00,0
,2003/9/20 21:30,0
,2003/9/20 22:00,0
,2003/9/20 22:30,0
,2003/9/20 23:00,0
,2003/9/20 23:30,0
,2003/9/21 0:00,0
,2003/9/21 0:30,0
,2003/9/21 1:00,0
,2003/9/21 1:30,0
,2003/9/21 2:00,0
,2003/9/21 2:30,0
,2003/9/21 3:00,0
,2003/9/21 3:30,0
,2003/9/21 4:00,0
,2003/9/21 4:30,0
,2003/9/21 5:00,0
,2003/9/21 5:30,0
,2003/9/21 6:00,0
,2003/9/21 6:30,0
,2003/9/21 7:00,0
,2003/9/21 7:30,2.68249811
,2003/9/21 8:00,0
,2003/9/21 8:30,0
,2003/9/21 9:00,0
,2003/9/21 9:30,0
,2003/9/21 10:00,0
,2003/9/21 10:30,0
,2003/9/21 11:00,0
,2003/9/21 11:30,0
,2003/9/21 12:00,0
,2003/9/21 12:30,0
,2003/9/21 13:00,0
,2003/9/21 13:30,0
,2003/9/21 14:00,0
,2003/9/21 14:30,0
,2003/9/21 15:00,0
,2003/9/21 15:30,0
,2003/9/21 16:00,0
,2003/9/21 16:30,0
,2003/9/21 17:00,0
,2003/9/21 17:30,0
,2003/9/21 18:00,0
,2003/9/21 18:30,0
,2003/9/21 19:00,0
,2003/9/21 19:30,0
,2003/9/21 20:00,0
,2003/9/21 20:30,0
,2003/9/21 21:00,0
,2003/9/21 21:30,7.129029869
,2003/9/21 22:00,7.129030126
,2003/9/21 22:30,1.341249119
,2003/9/21 23:00,2.901180094
,2003/9/21 23:30,0
,2003/9/22 0:00,0
,2003/9/22 0:30,0
,2003/9/22 1:00,0
,2003/9/22 1:30,0
,2003/9/22 2:00,0
,2003/9/22 2:30,0
,2003/9/22 3:00,0
,2003/9/22 3:30,0
,2003/9/22 4:00,0
,2003/9/22 4:30,0
,2003/9/22 5:00,0
,2003/9/22 5:30,0
,2003/9/22 6:00,0
,2003/9/22 6:30,0
,2003/9/22 7:00,0
,2003/9/22 7:30,0
,2003/9/22 8:00,0
,2003/9/22 8:30,0
,2003/9/22 9:00,0
,2003/9/22 9:30,0
,2003/9/22 10:00,0
,2003/9/22 10:30,0
,2003/9/22 11:00,0
,2003/9/22 11:30,0
,2003/9/22 12:00,0
,2003/9/22 12:30,0
,2003/9/22 13:00,0
,2003/9/22 13:30,0
,2003/9/22 14:00,0
,2003/9/22 14:30,0
,2003/9/22 15:00,0
,2003/9/22 15:30,0
,2003/9/22 16:00,0
,2003/9/22 16:30,0
,2003/9/22 17:00,0
,2003/9/22 17:30,0
,2003/9/22 18:00,0
,2003/9/22 18:30,0
,2003/9/22 19:00,3.338543935
,2003/9/22 19:30,3.353122733
,2003/9/22 20:00,0
,2003/9/22 20:30,2.682498237
,2003/9/22 21:00,0
,2003/9/22 21:30,0
,2003/9/22 22:00,0
,2003/9/22 22:30,0
,2003/9/22 23:00,0
,2003/9/22 23:30,0
,2003/9/23 0:00,0
,2003/9/23 0:30,0
,2003/9/23 1:00,0
,2003/9/23 1:30,0
,2003/9/23 2:00,0
,2003/9/23 2:30,0
,2003/9/23 3:00,0
,2003/9/23 3:30,0
,2003/9/23 4:00,0
,2003/9/23 4:30,0
,2003/9/23 5:00,0
,2003/9/23 5:30,0
,2003/9/23 6:00,0
,2003/9/23 6:30,0
,2003/9/23 7:00,0
,2003/9/23 7:30,0
,2003/9/23 8:00,0
,2003/9/23 8:30,0
,2003/9/23 9:00,0
,2003/9/23 9:30,0
,2003/9/23 10:00,0
,2003/9/23 10:30,0
,2003/9/23 11:00,0
,2003/9/23 11:30,0
,2003/9/23 12:00,0
,2003/9/23 12:30,2.463816253
,2003/9/23 13:00,0
,2003/9/23 13:30,0
,2003/9/23 14:00,0
,2003/9/23 14:30,0
,2003/9/23 15:00,0
,2003/9/23 15:30,0
,2003/9/23 16:00,0
,2003/9/23 16:30,0
,2003/9/23 17:00,0
,2003/9/23 17:30,0
,2003/9/23 18:00,0
,2003/9/23 18:30,0
,2003/9/23 19:00,0
,2003/9/23 19:30,0
,2003/9/23 20:00,1.341249119
,2003/9/23 20:30,0
,2003/9/23 21:00,10.04478895
,2003/9/23 21:30,4.009168558
,2003/9/23 22:00,1.559930975
,2003/9/23 22:30,0
,2003/9/23 23:00,0
,2003/9/23 23:30,0
,2003/9/24 0:00,0
,2003/9/24 0:30,0
,2003/9/24 1:00,0
,2003/9/24 1:30,0
,2003/9/24 2:00,0
,2003/9/24 2:30,0
,2003/9/24 3:00,0
,2003/9/24 3:30,0
,2003/9/24 4:00,0
,2003/9/24 4:30,0
,2003/9/24 5:00,0
,2003/9/24 5:30,0
,2003/9/24 6:00,0
,2003/9/24 6:30,0
,2003/9/24 7:00,0
,2003/9/24 7:30,0
,2003/9/24 8:00,0
,2003/9/24 8:30,0
,2003/9/24 9:00,0
,2003/9/24 9:30,0
,2003/9/24 10:00,0
,2003/9/24 10:30,0
,2003/9/24 11:00,0
,2003/9/24 11:30,0
,2003/9/24 12:00,0
,2003/9/24 12:30,0
,2003/9/24 13:00,0
,2003/9/24 13:30,0
,2003/9/24 14:00,0
,2003/9/24 14:30,0
,2003/9/24 15:00,0
,2003/9/24 15:30,0
,2003/9/24 16:00,0
,2003/9/24 16:30,0.670624559
,2003/9/24 17:00,0
,2003/9/24 17:30,0
,2003/9/24 18:00,0
,2003/9/24 18:30,0
,2003/9/24 19:00,0.670624559
,2003/9/24 19:30,0
,2003/9/24 20:00,0
,2003/9/24 20:30,6.472984751
,2003/9/24 21:00,0
,2003/9/24 21:30,3.353122733
,2003/9/24 22:00,0
,2003/9/24 22:30,0
,2003/9/24 23:00,0
,2003/9/24 23:30,0.670624559
,2003/9/25 0:00,0
,2003/9/25 0:30,0
,2003/9/25 1:00,0
,2003/9/25 1:30,0
,2003/9/25 2:00,0
,2003/9/25 2:30,0
,2003/9/25 3:00,0
,2003/9/25 3:30,0
,2003/9/25 4:00,0
,2003/9/25 4:30,0
,2003/9/25 5:00,0
,2003/9/25 5:30,0
,2003/9/25 6:00,0
,2003/9/25 6:30,0
,2003/9/25 7:00,0
,2003/9/25 7:30,2.230555471
,2003/9/25 8:00,0
,2003/9/25 8:30,0
,2003/9/25 9:00,0
,2003/9/25 9:30,0
,2003/9/25 10:00,0
,2003/9/25 10:30,0
,2003/9/25 11:00,0
,2003/9/25 11:30,0
,2003/9/25 12:00,0
,2003/9/25 12:30,0
,2003/9/25 13:00,0
,2003/9/25 13:30,0
,2003/9/25 14:00,0
,2003/9/25 14:30,0
,2003/9/25 15:00,0
,2003/9/25 15:30,0
,2003/9/25 16:00,0
,2003/9/25 16:30,0
,2003/9/25 17:00,0
,2003/9/25 17:30,0
,2003/9/25 18:00,0
,2003/9/25 18:30,0
,2003/9/25 19:00,0
,2003/9/25 19:30,0
,2003/9/25 20:00,0.88930648
,2003/9/25 20:30,8.922222137
,2003/9/25 21:00,4.009168429
,2003/9/25 21:30,0
,2003/9/25 22:00,0
,2003/9/25 22:30,0
,2003/9/25 23:00,0
,2003/9/25 23:30,0
,2003/9/26 0:00,2.230555535
,2003/9/26 0:30,0
,2003/9/26 1:00,0
,2003/9/26 1:30,0
,2003/9/26 2:00,0
,2003/9/26 2:30,0
,2003/9/26 3:00,0
,2003/9/26 3:30,0
,2003/9/26 4:00,0
,2003/9/26 4:30,0
,2003/9/26 5:00,0
,2003/9/26 5:30,0
,2003/9/26 6:00,0
,2003/9/26 6:30,0
,2003/9/26 7:00,0
,2003/9/26 7:30,0
,2003/9/26 8:00,0
,2003/9/26 8:30,0
,2003/9/26 9:00,0
,2003/9/26 9:30,0
,2003/9/26 10:00,0
,2003/9/26 10:30,0
,2003/9/26 11:00,0
,2003/9/26 11:30,0
,2003/9/26 12:00,0
,2003/9/26 12:30,0
,2003/9/26 13:00,0
,2003/9/26 13:30,0
,2003/9/26 14:00,0
,2003/9/26 14:30,0
,2003/9/26 15:00,0
,2003/9/26 15:30,0
,2003/9/26 16:00,0
,2003/9/26 16:30,0
,2003/9/26 17:00,0
,2003/9/26 17:30,0
,2003/9/26 18:00,0
,2003/9/26 18:30,0
,2003/9/26 19:00,0
,2003/9/26 19:30,0
,2003/9/26 20:00,5.802360188
,2003/9/26 20:30,1.778612959
,2003/9/26 21:00,2.901180094
,2003/9/26 21:30,0
,2003/9/26 22:00,0
,2003/9/26 22:30,0
,2003/9/26 23:00,0
,2003/9/26 23:30,0
,2003/9/27 0:00,0
,2003/9/27 0:30,0
,2003/9/27 1:00,0
,2003/9/27 1:30,0
,2003/9/27 2:00,0
,2003/9/27 2:30,0
,2003/9/27 3:00,0
,2003/9/27 3:30,0
,2003/9/27 4:00,0
,2003/9/27 4:30,0
,2003/9/27 5:00,0
,2003/9/27 5:30,0
,2003/9/27 6:00,0
,2003/9/27 6:30,0
,2003/9/27 7:00,0
,2003/9/27 7:30,2.245134269
,2003/9/27 8:00,0
,2003/9/27 8:30,0
,2003/9/27 9:00,0
,2003/9/27 9:30,0
,2003/9/27 10:00,0
,2003/9/27 10:30,0
,2003/9/27 11:00,0
,2003/9/27 11:30,0
,2003/9/27 12:00,0
,2003/9/27 12:30,0
,2003/9/27 13:00,0
,2003/9/27 13:30,0
,2003/9/27 14:00,0
,2003/9/27 14:30,0
,2003/9/27 15:00,0
,2003/9/27 15:30,0
,2003/9/27 16:00,0
,2003/9/27 16:30,0
,2003/9/27 17:00,0
,2003/9/27 17:30,0
,2003/9/27 18:00,0
,2003/9/27 18:30,0
,2003/9/27 19:00,0
,2003/9/27 19:30,0
,2003/9/27 20:00,0
,2003/9/27 20:30,0
,2003/9/27 21:00,0
,2003/9/27 21:30,4.461111071
,2003/9/27 22:00,9.155482283
,2003/9/27 22:30,0
,2003/9/27 23:00,2.682498237
,2003/9/27 23:30,0
,2003/9/28 0:00,0
,2003/9/28 0:30,0
,2003/9/28 1:00,0
,2003/9/28 1:30,0
,2003/9/28 2:00,0
,2003/9/28 2:30,0
,2003/9/28 3:00,0
,2003/9/28 3:30,0
,2003/9/28 4:00,0
,2003/9/28 4:30,0
,2003/9/28 5:00,0
,2003/9/28 5:30,0
,2003/9/28 6:00,0
,2003/9/28 6:30,0
,2003/9/28 7:00,0
,2003/9/28 7:30,0
,2003/9/28 8:00,0
,2003/9/28 8:30,0
,2003/9/28 9:00,0
,2003/9/28 9:30,0
,2003/9/28 10:00,0
,2003/9/28 10:30,0
,2003/9/28 11:00,0
,2003/9/28 11:30,0
,2003/9/28 12:00,0
,2003/9/28 12:30,0
,2003/9/28 13:00,0
,2003/9/28 13:30,0
,2003/9/28 14:00,0
,2003/9/28 14:30,0
,2003/9/28 15:00,0
,2003/9/28 15:30,0
,2003/9/28 16:00,0
,2003/9/28 16:30,0
,2003/9/28 17:00,0
,2003/9/28 17:30,0
,2003/9/28 18:00,0
,2003/9/28 18:30,1.793191694
,2003/9/28 19:00,0
,2003/9/28 19:30,0
,2003/9/28 20:00,0
,2003/9/28 20:30,5.131735629
,2003/9/28 21:00,1.778612959
,2003/9/28 21:30,4.679793116
,2003/9/28 22:00,0
,2003/9/28 22:30,0
,2003/9/28 23:00,0
,2003/9/28 23:30,0
,2003/9/29 0:00,0
,2003/9/29 0:30,0
,2003/9/29 1:00,0
,2003/9/29 1:30,0
,2003/9/29 2:00,0
,2003/9/29 2:30,0
,2003/9/29 3:00,0
,2003/9/29 3:30,0
,2003/9/29 4:00,0
,2003/9/29 4:30,0
,2003/9/29 5:00,0
,2003/9/29 5:30,0
,2003/9/29 6:00,0
,2003/9/29 6:30,0
,2003/9/29 7:00,0
,2003/9/29 7:30,0
,2003/9/29 8:00,0
,2003/9/29 8:30,0
,2003/9/29 9:00,0
,2003/9/29 9:30,0
,2003/9/29 10:00,0
,2003/9/29 10:30,0
,2003/9/29 11:00,0
,2003/9/29 11:30,0
,2003/9/29 12:00,0
,2003/9/29 12:30,0
,2003/9/29 13:00,0
,2003/9/29 13:30,0
,2003/9/29 14:00,0
,2003/9/29 14:30,0
,2003/9/29 15:00,0
,2003/9/29 15:30,0
,2003/9/29 16:00,0
,2003/9/29 16:30,0
,2003/9/29 17:00,0
,2003/9/29 17:30,0
,2003/9/29 18:00,0
,2003/9/29 18:30,0.670624559
,2003/9/29 19:00,0.670624559
,2003/9/29 19:30,0
,2003/9/29 20:00,3.571804717
,2003/9/29 20:30,4.913053198
,2003/9/29 21:00,2.667919438
,2003/9/29 21:30,0
,2003/9/29 22:00,0
,2003/9/29 22:30,2.230555535
,2003/9/29 23:00,0.670624559
,2003/9/29 23:30,0
,2003/9/30 0:00,0
,2003/9/30 0:30,0
,2003/9/30 1:00,0
,2003/9/30 1:30,0
,2003/9/30 2:00,0
,2003/9/30 2:30,0
,2003/9/30 3:00,0
,2003/9/30 3:30,0
,2003/9/30 4:00,0
,2003/9/30 4:30,0
,2003/9/30 5:00,0
,2003/9/30 5:30,0
,2003/9/30 6:00,0
,2003/9/30 6:30,0
,2003/9/30 7:00,0
,2003/9/30 7:30,0
,2003/9/30 8:00,0
,2003/9/30 8:30,0
,2003/9/30 9:00,0
,2003/9/30 9:30,2.449237519
,2003/9/30 10:00,0
,2003/9/30 10:30,0
,2003/9/30 11:00,0
,2003/9/30 11:30,0
,2003/9/30 12:00,0
,2003/9/30 12:30,0
,2003/9/30 13:00,0
,2003/9/30 13:30,0
,2003/9/30 14:00,0
,2003/9/30 14:30,0
,2003/9/30 15:00,0
,2003/9/30 15:30,0
,2003/9/30 16:00,0
,2003/9/30 16:30,0
,2003/9/30 17:00,0
,2003/9/30 17:30,0
,2003/9/30 18:00,0
,2003/9/30 18:30,0
,2003/9/30 19:00,0
,2003/9/30 19:30,0
,2003/9/30 20:00,0
,2003/9/30 20:30,7.143609181
,2003/9/30 21:00,0.88930648
,2003/9/30 21:30,4.242429213
,2003/9/30 22:00,2.667919438
,2003/9/30 22:30,0
,2003/9/30 23:00,0
,2003/9/30 23:30,0
,2003/10/1 0:00,0
,2003/10/1 0:30,0
,2003/10/1 1:00,0
,2003/10/1 1:30,0
,2003/10/1 2:00,0
,2003/10/1 2:30,0
,2003/10/1 3:00,0
,2003/10/1 3:30,0
,2003/10/1 4:00,0
,2003/10/1 4:30,0
,2003/10/1 5:00,0
,2003/10/1 5:30,0
,2003/10/1 6:00,0
,2003/10/1 6:30,0
,2003/10/1 7:00,0
,2003/10/1 7:30,0
,2003/10/1 8:00,0
,2003/10/1 8:30,0
,2003/10/1 9:00,0
,2003/10/1 9:30,0
,2003/10/1 10:00,0
,2003/10/1 10:30,0
,2003/10/1 11:00,0
,2003/10/1 11:30,0
,2003/10/1 12:00,0
,2003/10/1 12:30,0
,2003/10/1 13:00,0
,2003/10/1 13:30,0
,2003/10/1 14:00,0
,2003/10/1 14:30,0
,2003/10/1 15:00,0
,2003/10/1 15:30,0
,2003/10/1 16:00,0
,2003/10/1 16:30,0
,2003/10/1 17:00,0
,2003/10/1 17:30,0
,2003/10/1 18:00,0
,2003/10/1 18:30,0
,2003/10/1 19:00,0
,2003/10/1 19:30,0
,2003/10/1 20:00,0
,2003/10/1 20:30,1.559930975
,2003/10/1 21:00,10.7154139
,2003/10/1 21:30,13.39791213
,2003/10/1 22:00,0
,2003/10/1 22:30,0
,2003/10/1 23:00,0
,2003/10/1 23:30,0
,2003/10/2 0:00,0
,2003/10/2 0:30,0
,2003/10/2 1:00,0
,2003/10/2 1:30,0
,2003/10/2 2:00,0
,2003/10/2 2:30,0
,2003/10/2 3:00,0
,2003/10/2 3:30,0
,2003/10/2 4:00,0
,2003/10/2 4:30,0
,2003/10/2 5:00,0
,2003/10/2 5:30,0
,2003/10/2 6:00,0
,2003/10/2 6:30,0
,2003/10/2 7:00,0
,2003/10/2 7:30,0
,2003/10/2 8:00,0
,2003/10/2 8:30,0
,2003/10/2 9:00,0
,2003/10/2 9:30,0
,2003/10/2 10:00,0
,2003/10/2 10:30,0
,2003/10/2 11:00,0
,2003/10/2 11:30,0
,2003/10/2 12:00,0
,2003/10/2 12:30,0
,2003/10/2 13:00,0
,2003/10/2 13:30,0
,2003/10/2 14:00,0
,2003/10/2 14:30,0
,2003/10/2 15:00,0
,2003/10/2 15:30,0
,2003/10/2 16:00,0
,2003/10/2 16:30,0
,2003/10/2 17:00,0
,2003/10/2 17:30,0
,2003/10/2 18:00,0
,2003/10/2 18:30,0
,2003/10/2 19:00,0
,2003/10/2 19:30,0
,2003/10/2 20:00,7.362291162
,2003/10/2 20:30,2.667919438
,2003/10/2 21:00,0
,2003/10/2 21:30,0
,2003/10/2 22:00,0
,2003/10/2 22:30,0
,2003/10/2 23:00,0
,2003/10/2 23:30,0
,2003/10/3 0:00,0
,2003/10/3 0:30,0
,2003/10/3 1:00,0
,2003/10/3 1:30,0
,2003/10/3 2:00,0
,2003/10/3 2:30,0
,2003/10/3 3:00,0
,2003/10/3 3:30,0
,2003/10/3 4:00,0
,2003/10/3 4:30,0
,2003/10/3 5:00,0
,2003/10/3 5:30,0
,2003/10/3 6:00,0
,2003/10/3 6:30,0
,2003/10/3 7:00,1.341249119
,2003/10/3 7:30,0
,2003/10/3 8:00,0
,2003/10/3 8:30,0
,2003/10/3 9:00,0
,2003/10/3 9:30,0
,2003/10/3 10:00,0
,2003/10/3 10:30,0
,2003/10/3 11:00,0
,2003/10/3 11:30,0
,2003/10/3 12:00,0
,2003/10/3 12:30,0
,2003/10/3 13:00,0
,2003/10/3 13:30,0
,2003/10/3 14:00,0
,2003/10/3 14:30,0
,2003/10/3 15:00,0
,2003/10/3 15:30,0
,2003/10/3 16:00,0
,2003/10/3 16:30,0
,2003/10/3 17:00,0
,2003/10/3 17:30,0
,2003/10/3 18:00,0
,2003/10/3 18:30,0
,2003/10/3 19:00,0
,2003/10/3 19:30,0
,2003/10/3 20:00,7.362291162
,2003/10/3 20:30,2.011873614
,2003/10/3 21:00,0
,2003/10/3 21:30,2.463816253
,2003/10/3 22:00,0
,2003/10/3 22:30,0
,2003/10/3 23:00,0
,2003/10/3 23:30,0
,2003/10/4 0:00,0
,2003/10/4 0:30,0
,2003/10/4 1:00,0
,2003/10/4 1:30,0
,2003/10/4 2:00,0
,2003/10/4 2:30,0
,2003/10/4 3:00,0
,2003/10/4 3:30,0
,2003/10/4 4:00,0
,2003/10/4 4:30,0
,2003/10/4 5:00,0
,2003/10/4 5:30,0
,2003/10/4 6:00,0
,2003/10/4 6:30,0
,2003/10/4 7:00,0
,2003/10/4 7:30,2.901180094
,2003/10/4 8:00,0
,2003/10/4 8:30,0
,2003/10/4 9:00,0
,2003/10/4 9:30,0
,2003/10/4 10:00,0
,2003/10/4 10:30,0
,2003/10/4 11:00,0
,2003/10/4 11:30,0
,2003/10/4 12:00,0
,2003/10/4 12:30,0
,2003/10/4 13:00,0
,2003/10/4 13:30,0
,2003/10/4 14:00,0
,2003/10/4 14:30,0
,2003/10/4 15:00,0
,2003/10/4 15:30,0
,2003/10/4 16:00,0
,2003/10/4 16:30,0
,2003/10/4 17:00,0
,2003/10/4 17:30,0
,2003/10/4 18:00,0
,2003/10/4 18:30,0
,2003/10/4 19:00,0
,2003/10/4 19:30,0
,2003/10/4 20:00,7.362291291
,2003/10/4 20:30,0
,2003/10/4 21:00,3.119861949
,2003/10/4 21:30,0
,2003/10/4 22:00,0
,2003/10/4 22:30,0
,2003/10/4 23:00,0
,2003/10/4 23:30,0
,2003/10/5 0:00,0
,2003/10/5 0:30,0
,2003/10/5 1:00,0
,2003/10/5 1:30,0
,2003/10/5 2:00,0
,2003/10/5 2:30,0
,2003/10/5 3:00,0
,2003/10/5 3:30,0
,2003/10/5 4:00,0
,2003/10/5 4:30,0
,2003/10/5 5:00,0
,2003/10/5 5:30,0
,2003/10/5 6:00,0
,2003/10/5 6:30,0
,2003/10/5 7:00,2.901180094
,2003/10/5 7:30,0
,2003/10/5 8:00,0
,2003/10/5 8:30,0
,2003/10/5 9:00,0
,2003/10/5 9:30,0
,2003/10/5 10:00,0
,2003/10/5 10:30,0
,2003/10/5 11:00,0
,2003/10/5 11:30,0
,2003/10/5 12:00,0
,2003/10/5 12:30,0
,2003/10/5 13:00,0
,2003/10/5 13:30,0
,2003/10/5 14:00,0
,2003/10/5 14:30,1.122567135
,2003/10/5 15:00,0
,2003/10/5 15:30,0
,2003/10/5 16:00,0
,2003/10/5 16:30,0
,2003/10/5 17:00,0
,2003/10/5 17:30,0
,2003/10/5 18:00,0
,2003/10/5 18:30,0
,2003/10/5 19:00,0
,2003/10/5 19:30,0
,2003/10/5 20:00,0
,2003/10/5 20:30,11.38603827
,2003/10/5 21:00,1.341249119
,2003/10/5 21:30,4.446532397
,2003/10/5 22:00,0
,2003/10/5 22:30,0
,2003/10/5 23:00,0
,2003/10/5 23:30,0
,2003/10/6 0:00,0
,2003/10/6 0:30,0
,2003/10/6 1:00,0
,2003/10/6 1:30,0
,2003/10/6 2:00,0
,2003/10/6 2:30,0
,2003/10/6 3:00,0
,2003/10/6 3:30,0
,2003/10/6 4:00,0
,2003/10/6 4:30,0
,2003/10/6 5:00,0
,2003/10/6 5:30,0
,2003/10/6 6:00,0
,2003/10/6 6:30,0
,2003/10/6 7:00,0
,2003/10/6 7:30,0
,2003/10/6 8:00,0
,2003/10/6 8:30,0
,2003/10/6 9:00,0
,2003/10/6 9:30,0
,2003/10/6 10:00,0
,2003/10/6 10:30,0
,2003/10/6 11:00,0
,2003/10/6 11:30,0
,2003/10/6 12:00,0
,2003/10/6 12:30,0
,2003/10/6 13:00,0
,2003/10/6 13:30,0
,2003/10/6 14:00,0
,2003/10/6 14:30,0
,2003/10/6 15:00,0
,2003/10/6 15:30,0
,2003/10/6 16:00,0
,2003/10/6 16:30,0
,2003/10/6 17:00,0
,2003/10/6 17:30,0
,2003/10/6 18:00,0
,2003/10/6 18:30,0
,2003/10/6 19:00,0.88930648
,2003/10/6 19:30,0
,2003/10/6 20:00,0
,2003/10/6 20:30,7.814233804
,2003/10/6 21:00,0
,2003/10/6 21:30,0
,2003/10/6 22:00,1.341249119
,2003/10/6 22:30,0
,2003/10/6 23:00,0
,2003/10/6 23:30,0
,2003/10/7 0:00,0
,2003/10/7 0:30,0
,2003/10/7 1:00,0
,2003/10/7 1:30,0
,2003/10/7 2:00,0
,2003/10/7 2:30,0
,2003/10/7 3:00,0
,2003/10/7 3:30,0
,2003/10/7 4:00,0
,2003/10/7 4:30,0
,2003/10/7 5:00,0
,2003/10/7 5:30,0
,2003/10/7 6:00,0
,2003/10/7 6:30,0
,2003/10/7 7:00,0
,2003/10/7 7:30,0
,2003/10/7 8:00,0
,2003/10/7 8:30,0
,2003/10/7 9:00,0
,2003/10/7 9:30,0
,2003/10/7 10:00,0
,2003/10/7 10:30,0
,2003/10/7 11:00,0
,2003/10/7 11:30,0
,2003/10/7 12:00,0
,2003/10/7 12:30,0
,2003/10/7 13:00,0
,2003/10/7 13:30,4.694371726
,2003/10/7 14:00,0
,2003/10/7 14:30,0
,2003/10/7 15:00,0
,2003/10/7 15:30,0
,2003/10/7 16:00,0
,2003/10/7 16:30,0
,2003/10/7 17:00,0
,2003/10/7 17:30,0
,2003/10/7 18:00,0
,2003/10/7 18:30,0
,2003/10/7 19:00,0
,2003/10/7 19:30,0
,2003/10/7 20:00,0
,2003/10/7 20:30,10.71541402
,2003/10/7 21:00,5.131735436
,2003/10/7 21:30,3.571804589
,2003/10/7 22:00,0
,2003/10/7 22:30,0
,2003/10/7 23:00,0
,2003/10/7 23:30,0
,2003/10/8 0:00,0
,2003/10/8 0:30,0
,2003/10/8 1:00,0
,2003/10/8 1:30,0
,2003/10/8 2:00,0
,2003/10/8 2:30,0
,2003/10/8 3:00,0
,2003/10/8 3:30,0
,2003/10/8 4:00,0
,2003/10/8 4:30,0
,2003/10/8 5:00,0
,2003/10/8 5:30,0
,2003/10/8 6:00,0
,2003/10/8 6:30,0
,2003/10/8 7:00,0
,2003/10/8 7:30,0
,2003/10/8 8:00,0
,2003/10/8 8:30,0
,2003/10/8 9:00,0.88930648
,2003/10/8 9:30,0
,2003/10/8 10:00,0
,2003/10/8 10:30,0
,2003/10/8 11:00,0
,2003/10/8 11:30,0
,2003/10/8 12:00,0
,2003/10/8 12:30,0
,2003/10/8 13:00,0
,2003/10/8 13:30,0
,2003/10/8 14:00,0
,2003/10/8 14:30,0
,2003/10/8 15:00,0
,2003/10/8 15:30,0
,2003/10/8 16:00,0
,2003/10/8 16:30,0
,2003/10/8 17:00,0
,2003/10/8 17:30,0
,2003/10/8 18:00,0
,2003/10/8 18:30,0
,2003/10/8 19:00,0
,2003/10/8 19:30,0
,2003/10/8 20:00,0
,2003/10/8 20:30,0
,2003/10/8 21:00,8.032915661
,2003/10/8 21:30,5.802360188
,2003/10/8 22:00,0
,2003/10/8 22:30,0
,2003/10/8 23:00,0
,2003/10/8 23:30,0
,2003/10/9 0:00,0
,2003/10/9 0:30,0
,2003/10/9 1:00,0
,2003/10/9 1:30,0
,2003/10/9 2:00,0
,2003/10/9 2:30,0
,2003/10/9 3:00,0
,2003/10/9 3:30,0
,2003/10/9 4:00,0
,2003/10/9 4:30,0
,2003/10/9 5:00,0
,2003/10/9 5:30,0
,2003/10/9 6:00,0
,2003/10/9 6:30,0
,2003/10/9 7:00,0
,2003/10/9 7:30,0
,2003/10/9 8:00,0
,2003/10/9 8:30,0
,2003/10/9 9:00,0
,2003/10/9 9:30,0
,2003/10/9 10:00,0
,2003/10/9 10:30,0
,2003/10/9 11:00,0
,2003/10/9 11:30,0
,2003/10/9 12:00,0
,2003/10/9 12:30,0
,2003/10/9 13:00,0
,2003/10/9 13:30,0
,2003/10/9 14:00,0
,2003/10/9 14:30,0
,2003/10/9 15:00,0
,2003/10/9 15:30,0
,2003/10/9 16:00,0
,2003/10/9 16:30,0
,2003/10/9 17:00,0
,2003/10/9 17:30,0
,2003/10/9 18:00,0
,2003/10/9 18:30,0
,2003/10/9 19:00,0
,2003/10/9 19:30,9.37416414
,2003/10/9 20:00,0
,2003/10/9 20:30,0
,2003/10/9 21:00,1.122567135
,2003/10/9 21:30,2.682498237
,2003/10/9 22:00,0
,2003/10/9 22:30,0
,2003/10/9 23:00,0
,2003/10/9 23:30,0
,2003/10/10 0:00,0.88930648
,2003/10/10 0:30,0
,2003/10/10 1:00,0
,2003/10/10 1:30,0
,2003/10/10 2:00,0
,2003/10/10 2:30,0
,2003/10/10 3:00,0
,2003/10/10 3:30,0
,2003/10/10 4:00,0
,2003/10/10 4:30,0
,2003/10/10 5:00,0
,2003/10/10 5:30,0
,2003/10/10 6:00,0
,2003/10/10 6:30,0
,2003/10/10 7:00,0
,2003/10/10 7:30,2.682498237
,2003/10/10 8:00,0
,2003/10/10 8:30,0
,2003/10/10 9:00,0
,2003/10/10 9:30,0
,2003/10/10 10:00,0
,2003/10/10 10:30,0
,2003/10/10 11:00,0
,2003/10/10 11:30,0
,2003/10/10 12:00,0
,2003/10/10 12:30,0
,2003/10/10 13:00,0
,2003/10/10 13:30,0
,2003/10/10 14:00,0
,2003/10/10 14:30,0
,2003/10/10 15:00,0
,2003/10/10 15:30,0
,2003/10/10 16:00,0
,2003/10/10 16:30,0
,2003/10/10 17:00,0
,2003/10/10 17:30,0
,2003/10/10 18:00,0
,2003/10/10 18:30,0
,2003/10/10 19:00,0
,2003/10/10 19:30,0
,2003/10/10 20:00,4.461111071
,2003/10/10 20:30,2.68249811
,2003/10/10 21:00,3.57180459
,2003/10/10 21:30,0
,2003/10/10 22:00,0
,2003/10/10 22:30,0
,2003/10/10 23:00,0
,2003/10/10 23:30,0
,2003/10/11 0:00,0
,2003/10/11 0:30,0
,2003/10/11 1:00,0
,2003/10/11 1:30,0
,2003/10/11 2:00,0
,2003/10/11 2:30,0
,2003/10/11 3:00,0
,2003/10/11 3:30,0
,2003/10/11 4:00,0
,2003/10/11 4:30,0
,2003/10/11 5:00,0
,2003/10/11 5:30,0
,2003/10/11 6:00,0
,2003/10/11 6:30,0
,2003/10/11 7:00,0
,2003/10/11 7:30,0
,2003/10/11 8:00,3.338543935
,2003/10/11 8:30,0
,2003/10/11 9:00,0
,2003/10/11 9:30,0
,2003/10/11 10:00,0
,2003/10/11 10:30,0
,2003/10/11 11:00,0
,2003/10/11 11:30,0
,2003/10/11 12:00,0
,2003/10/11 12:30,0
,2003/10/11 13:00,0
,2003/10/11 13:30,0
,2003/10/11 14:00,0
,2003/10/11 14:30,0
,2003/10/11 15:00,0
,2003/10/11 15:30,0
,2003/10/11 16:00,0
,2003/10/11 16:30,0
,2003/10/11 17:00,0
,2003/10/11 17:30,0
,2003/10/11 18:00,0
,2003/10/11 18:30,2.011873614
,2003/10/11 19:00,0
,2003/10/11 19:30,0
,2003/10/11 20:00,0
,2003/10/11 20:30,6.254302829
,2003/10/11 21:00,11.15277761
,2003/10/11 21:30,8.718119082
,2003/10/11 22:00,0.88930648
,2003/10/11 22:30,0
,2003/10/11 23:00,0
,2003/10/11 23:30,0
,2003/10/12 0:00,0
,2003/10/12 0:30,0
,2003/10/12 1:00,0
,2003/10/12 1:30,0
,2003/10/12 2:00,0
,2003/10/12 2:30,0
,2003/10/12 3:00,0
,2003/10/12 3:30,0
,2003/10/12 4:00,0
,2003/10/12 4:30,0
,2003/10/12 5:00,0
,2003/10/12 5:30,0
,2003/10/12 6:00,0
,2003/10/12 6:30,0
,2003/10/12 7:00,0
,2003/10/12 7:30,0
,2003/10/12 8:00,0
,2003/10/12 8:30,0
,2003/10/12 9:00,0
,2003/10/12 9:30,0
,2003/10/12 10:00,0
,2003/10/12 10:30,0
,2003/10/12 11:00,0
,2003/10/12 11:30,0
,2003/10/12 12:00,0
,2003/10/12 12:30,0
,2003/10/12 13:00,0
,2003/10/12 13:30,0
,2003/10/12 14:00,0
,2003/10/12 14:30,0
,2003/10/12 15:00,0
,2003/10/12 15:30,0
,2003/10/12 16:00,0
,2003/10/12 16:30,0
,2003/10/12 17:00,0
,2003/10/12 17:30,0
,2003/10/12 18:00,0
,2003/10/12 18:30,0
,2003/10/12 19:00,0
,2003/10/12 19:30,0
,2003/10/12 20:00,0
,2003/10/12 20:30,0
,2003/10/12 21:00,0
,2003/10/12 21:30,0
,2003/10/12 22:00,0
,2003/10/12 22:30,0
,2003/10/12 23:00,0
,2003/10/12 23:30,0
,2003/10/13 0:00,0
,2003/10/13 0:30,0
,2003/10/13 1:00,0
,2003/10/13 1:30,0
,2003/10/13 2:00,0
,2003/10/13 2:30,0
,2003/10/13 3:00,0
,2003/10/13 3:30,0
,2003/10/13 4:00,0
,2003/10/13 4:30,0
,2003/10/13 5:00,0
,2003/10/13 5:30,0
,2003/10/13 6:00,0
,2003/10/13 6:30,0
,2003/10/13 7:00,0
,2003/10/13 7:30,0
,2003/10/13 8:00,0.88930648
,2003/10/13 8:30,0
,2003/10/13 9:00,0
,2003/10/13 9:30,0
,2003/10/13 10:00,0
,2003/10/13 10:30,0
,2003/10/13 11:00,0
,2003/10/13 11:30,0
,2003/10/13 12:00,0
,2003/10/13 12:30,0
,2003/10/13 13:00,0
,2003/10/13 13:30,0
,2003/10/13 14:00,0
,2003/10/13 14:30,0
,2003/10/13 15:00,0
,2003/10/13 15:30,0
,2003/10/13 16:00,0
,2003/10/13 16:30,0.88930648
,2003/10/13 17:00,1.341249119
,2003/10/13 17:30,0
,2003/10/13 18:00,0
,2003/10/13 18:30,0
,2003/10/13 19:00,0
,2003/10/13 19:30,0
,2003/10/13 20:00,0
,2003/10/13 20:30,9.359586104
,2003/10/13 21:00,3.790486317
,2003/10/13 21:30,0
,2003/10/13 22:00,0
,2003/10/13 22:30,0
,2003/10/13 23:00,0
,2003/10/13 23:30,0
,2003/10/14 0:00,0
,2003/10/14 0:30,0
,2003/10/14 1:00,0
,2003/10/14 1:30,0
,2003/10/14 2:00,0
,2003/10/14 2:30,0
,2003/10/14 3:00,0
,2003/10/14 3:30,0
,2003/10/14 4:00,0
,2003/10/14 4:30,0
,2003/10/14 5:00,0
,2003/10/14 5:30,0
,2003/10/14 6:00,0
,2003/10/14 6:30,0
,2003/10/14 7:00,0
,2003/10/14 7:30,0
,2003/10/14 8:00,0
,2003/10/14 8:30,0
,2003/10/14 9:00,0
,2003/10/14 9:30,0
,2003/10/14 10:00,0
,2003/10/14 10:30,0
,2003/10/14 11:00,0
,2003/10/14 11:30,0
,2003/10/14 12:00,0
,2003/10/14 12:30,0
,2003/10/14 13:00,0
,2003/10/14 13:30,0
,2003/10/14 14:00,0
,2003/10/14 14:30,0
,2003/10/14 15:00,0
,2003/10/14 15:30,0
,2003/10/14 16:00,0
,2003/10/14 16:30,0
,2003/10/14 17:00,0
,2003/10/14 17:30,0
,2003/10/14 18:00,0
,2003/10/14 18:30,0
,2003/10/14 19:00,0
,2003/10/14 19:30,0
,2003/10/14 20:00,2.011873614
,2003/10/14 20:30,3.119862078
,2003/10/14 21:00,6.035620843
,2003/10/14 21:30,2.68249811
,2003/10/14 22:00,0
,2003/10/14 22:30,0
,2003/10/14 23:00,0
,2003/10/14 23:30,0
,2003/10/15 0:00,0
,2003/10/15 0:30,0
,2003/10/15 1:00,0
,2003/10/15 1:30,0
,2003/10/15 2:00,0
,2003/10/15 2:30,0
,2003/10/15 3:00,0
,2003/10/15 3:30,0
,2003/10/15 4:00,0
,2003/10/15 4:30,0
,2003/10/15 5:00,0
,2003/10/15 5:30,0
,2003/10/15 6:00,0
,2003/10/15 6:30,0
,2003/10/15 7:00,0
,2003/10/15 7:30,0
,2003/10/15 8:00,0
,2003/10/15 8:30,0
,2003/10/15 9:00,0
,2003/10/15 9:30,0
,2003/10/15 10:00,0
,2003/10/15 10:30,0
,2003/10/15 11:00,0
,2003/10/15 11:30,0
,2003/10/15 12:00,0.88930648
,2003/10/15 12:30,0
,2003/10/15 13:00,0
,2003/10/15 13:30,0
,2003/10/15 14:00,0
,2003/10/15 14:30,0
,2003/10/15 15:00,0
,2003/10/15 15:30,0
,2003/10/15 16:00,0
,2003/10/15 16:30,0
,2003/10/15 17:00,0
,2003/10/15 17:30,0
,2003/10/15 18:00,0
,2003/10/15 18:30,0
,2003/10/15 19:00,0
,2003/10/15 19:30,0
,2003/10/15 20:00,0
,2003/10/15 20:30,0
,2003/10/15 21:00,12.27534436
,2003/10/15 21:30,1.778612959
,2003/10/15 22:00,2.449237455
,2003/10/15 22:30,0
,2003/10/15 23:00,0
,2003/10/15 23:30,0
,2003/10/16 0:00,0
,2003/10/16 0:30,0
,2003/10/16 1:00,0
,2003/10/16 1:30,0
,2003/10/16 2:00,0
,2003/10/16 2:30,0
,2003/10/16 3:00,0
,2003/10/16 3:30,0
,2003/10/16 4:00,0
,2003/10/16 4:30,0
,2003/10/16 5:00,0
,2003/10/16 5:30,0
,2003/10/16 6:00,0
,2003/10/16 6:30,0
,2003/10/16 7:00,0
,2003/10/16 7:30,0
,2003/10/16 8:00,0
,2003/10/16 8:30,0
,2003/10/16 9:00,0
,2003/10/16 9:30,0
,2003/10/16 10:00,0
,2003/10/16 10:30,0
,2003/10/16 11:00,0
,2003/10/16 11:30,0
,2003/10/16 12:00,0
,2003/10/16 12:30,0
,2003/10/16 13:00,0
,2003/10/16 13:30,0
,2003/10/16 14:00,0
,2003/10/16 14:30,0
,2003/10/16 15:00,0
,2003/10/16 15:30,0
,2003/10/16 16:00,0
,2003/10/16 16:30,0
,2003/10/16 17:00,0
,2003/10/16 17:30,0
,2003/10/16 18:00,0
,2003/10/16 18:30,0
,2003/10/16 19:00,0
,2003/10/16 19:30,2.901180094
,2003/10/16 20:00,7.376869708
,2003/10/16 20:30,4.009168429
,2003/10/16 21:00,0
,2003/10/16 21:30,0
,2003/10/16 22:00,0
,2003/10/16 22:30,0
,2003/10/16 23:00,0
,2003/10/16 23:30,0
,2003/10/17 0:00,0
,2003/10/17 0:30,0
,2003/10/17 1:00,0
,2003/10/17 1:30,0
,2003/10/17 2:00,0
,2003/10/17 2:30,0
,2003/10/17 3:00,0
,2003/10/17 3:30,0
,2003/10/17 4:00,0
,2003/10/17 4:30,0
,2003/10/17 5:00,0
,2003/10/17 5:30,0
,2003/10/17 6:00,0
,2003/10/17 6:30,0
,2003/10/17 7:00,0
,2003/10/17 7:30,2.463816254
,2003/10/17 8:00,0
,2003/10/17 8:30,0
,2003/10/17 9:00,0
,2003/10/17 9:30,0
,2003/10/17 10:00,0
,2003/10/17 10:30,0
,2003/10/17 11:00,0
,2003/10/17 11:30,0
,2003/10/17 12:00,0
,2003/10/17 12:30,0
,2003/10/17 13:00,0
,2003/10/17 13:30,0
,2003/10/17 14:00,0
,2003/10/17 14:30,0
,2003/10/17 15:00,0
,2003/10/17 15:30,0
,2003/10/17 16:00,0
,2003/10/17 16:30,0
,2003/10/17 17:00,0
,2003/10/17 17:30,0
,2003/10/17 18:00,0
,2003/10/17 18:30,0
,2003/10/17 19:00,0
,2003/10/17 19:30,0
,2003/10/17 20:00,10.263471
,2003/10/17 20:30,2.901180094
,2003/10/17 21:00,0
,2003/10/17 21:30,0
,2003/10/17 22:00,0
,2003/10/17 22:30,0
,2003/10/17 23:00,0
,2003/10/17 23:30,0
,2003/10/18 0:00,0
,2003/10/18 0:30,0
,2003/10/18 1:00,0
,2003/10/18 1:30,0
,2003/10/18 2:00,0
,2003/10/18 2:30,0
,2003/10/18 3:00,0
,2003/10/18 3:30,0
,2003/10/18 4:00,0
,2003/10/18 4:30,0
,2003/10/18 5:00,0
,2003/10/18 5:30,0
,2003/10/18 6:00,0
,2003/10/18 6:30,0
,2003/10/18 7:00,0
,2003/10/18 7:30,1.778612959
,2003/10/18 8:00,0
,2003/10/18 8:30,0
,2003/10/18 9:00,0
,2003/10/18 9:30,0
,2003/10/18 10:00,0
,2003/10/18 10:30,0
,2003/10/18 11:00,0
,2003/10/18 11:30,0
,2003/10/18 12:00,0
,2003/10/18 12:30,0
,2003/10/18 13:00,0
,2003/10/18 13:30,0
,2003/10/18 14:00,0
,2003/10/18 14:30,0
,2003/10/18 15:00,0
,2003/10/18 15:30,0
,2003/10/18 16:00,0
,2003/10/18 16:30,0
,2003/10/18 17:00,0
,2003/10/18 17:30,0
,2003/10/18 18:00,0
,2003/10/18 18:30,0
,2003/10/18 19:00,0
,2003/10/18 19:30,6.035620843
,2003/10/18 20:00,1.559930975
,2003/10/18 20:30,3.134440749
,2003/10/18 21:00,0
,2003/10/18 21:30,0
,2003/10/18 22:00,0
,2003/10/18 22:30,0
,2003/10/18 23:00,0
,2003/10/18 23:30,0
,2003/10/19 0:00,0
,2003/10/19 0:30,0
,2003/10/19 1:00,0
,2003/10/19 1:30,0
,2003/10/19 2:00,0
,2003/10/19 2:30,0
,2003/10/19 3:00,0
,2003/10/19 3:30,0
,2003/10/19 4:00,0
,2003/10/19 4:30,0
,2003/10/19 5:00,0
,2003/10/19 5:30,0
,2003/10/19 6:00,0
,2003/10/19 6:30,0
,2003/10/19 7:00,0
,2003/10/19 7:30,2.682498237
,2003/10/19 8:00,0
,2003/10/19 8:30,0
,2003/10/19 9:00,0
,2003/10/19 9:30,0.88930648
,2003/10/19 10:00,0
,2003/10/19 10:30,0
,2003/10/19 11:00,0.88930648
,2003/10/19 11:30,0
,2003/10/19 12:00,0
,2003/10/19 12:30,0
,2003/10/19 13:00,0
,2003/10/19 13:30,0
,2003/10/19 14:00,0
,2003/10/19 14:30,0
,2003/10/19 15:00,0
,2003/10/19 15:30,0
,2003/10/19 16:00,0
,2003/10/19 16:30,0
,2003/10/19 17:00,0
,2003/10/19 17:30,0
,2003/10/19 18:00,0
,2003/10/19 18:30,0
,2003/10/19 19:00,0
,2003/10/19 19:30,0
,2003/10/19 20:00,0
,2003/10/19 20:30,0
,2003/10/19 21:00,0
,2003/10/19 21:30,0
,2003/10/19 22:00,0
,2003/10/19 22:30,0
,2003/10/19 23:00,0
,2003/10/19 23:30,0
,2003/10/20 0:00,0
,2003/10/20 0:30,0
,2003/10/20 1:00,0
,2003/10/20 1:30,0
,2003/10/20 2:00,0
,2003/10/20 2:30,0
,2003/10/20 3:00,0
,2003/10/20 3:30,0
,2003/10/20 4:00,0
,2003/10/20 4:30,0
,2003/10/20 5:00,0
,2003/10/20 5:30,0
,2003/10/20 6:00,0
,2003/10/20 6:30,0
,2003/10/20 7:00,0
,2003/10/20 7:30,3.571804335
,2003/10/20 8:00,0
,2003/10/20 8:30,0
,2003/10/20 9:00,0
,2003/10/20 9:30,0
,2003/10/20 10:00,0
,2003/10/20 10:30,0
,2003/10/20 11:00,0
,2003/10/20 11:30,0
,2003/10/20 12:00,0
,2003/10/20 12:30,0
,2003/10/20 13:00,0
,2003/10/20 13:30,0
,2003/10/20 14:00,0
,2003/10/20 14:30,0
,2003/10/20 15:00,0
,2003/10/20 15:30,0
,2003/10/20 16:00,0
,2003/10/20 16:30,0
,2003/10/20 17:00,0
,2003/10/20 17:30,0
,2003/10/20 18:00,0
,2003/10/20 18:30,0
,2003/10/20 19:00,0
,2003/10/20 19:30,0
,2003/10/20 20:00,0
,2003/10/20 20:30,0
,2003/10/20 21:00,0
,2003/10/20 21:30,0
,2003/10/20 22:00,0
,2003/10/20 22:30,0
,2003/10/20 23:00,0
,2003/10/20 23:30,0
,2003/10/21 0:00,0
,2003/10/21 0:30,0
,2003/10/21 1:00,0
,2003/10/21 1:30,0
,2003/10/21 2:00,0
,2003/10/21 2:30,0
,2003/10/21 3:00,0
,2003/10/21 3:30,0
,2003/10/21 4:00,0
,2003/10/21 4:30,0
,2003/10/21 5:00,0
,2003/10/21 5:30,0
,2003/10/21 6:00,0
,2003/10/21 6:30,0
,2003/10/21 7:00,0
,2003/10/21 7:30,0
,2003/10/21 8:00,0
,2003/10/21 8:30,0
,2003/10/21 9:00,0
,2003/10/21 9:30,0
,2003/10/21 10:00,0
,2003/10/21 10:30,0
,2003/10/21 11:00,0
,2003/10/21 11:30,0
,2003/10/21 12:00,0
,2003/10/21 12:30,0
,2003/10/21 13:00,0
,2003/10/21 13:30,0
,2003/10/21 14:00,0
,2003/10/21 14:30,0
,2003/10/21 15:00,0
,2003/10/21 15:30,0
,2003/10/21 16:00,0
,2003/10/21 16:30,0
,2003/10/21 17:00,0
,2003/10/21 17:30,0
,2003/10/21 18:00,0
,2003/10/21 18:30,0
,2003/10/21 19:00,0
,2003/10/21 19:30,0
,2003/10/21 20:00,0
,2003/10/21 20:30,9.592846631
,2003/10/21 21:00,3.119861951
,2003/10/21 21:30,0
,2003/10/21 22:00,0
,2003/10/21 22:30,0
,2003/10/21 23:00,0
,2003/10/21 23:30,0
,2003/10/22 0:00,0
,2003/10/22 0:30,0
,2003/10/22 1:00,0
,2003/10/22 1:30,0
,2003/10/22 2:00,0
,2003/10/22 2:30,0
,2003/10/22 3:00,0
,2003/10/22 3:30,0
,2003/10/22 4:00,0
,2003/10/22 4:30,0
,2003/10/22 5:00,0
,2003/10/22 5:30,0
,2003/10/22 6:00,0
,2003/10/22 6:30,0
,2003/10/22 7:00,0
,2003/10/22 7:30,0
,2003/10/22 8:00,0
,2003/10/22 8:30,0
,2003/10/22 9:00,5.802360188
,2003/10/22 9:30,0
,2003/10/22 10:00,0
,2003/10/22 10:30,0
,2003/10/22 11:00,0
,2003/10/22 11:30,0
,2003/10/22 12:00,0
,2003/10/22 12:30,0
,2003/10/22 13:00,0
,2003/10/22 13:30,0
,2003/10/22 14:00,0
,2003/10/22 14:30,0
,2003/10/22 15:00,0
,2003/10/22 15:30,0
,2003/10/22 16:00,0
,2003/10/22 16:30,0
,2003/10/22 17:00,0
,2003/10/22 17:30,0
,2003/10/22 18:00,0
,2003/10/22 18:30,0
,2003/10/22 19:00,0
,2003/10/22 19:30,0
,2003/10/22 20:00,2.011873614
,2003/10/22 20:30,6.487563356
,2003/10/22 21:00,4.242429213
,2003/10/22 21:30,0
,2003/10/22 22:00,3.338543935
,2003/10/22 22:30,0
,2003/10/22 23:00,0
,2003/10/22 23:30,0
,2003/10/23 0:00,0
,2003/10/23 0:30,0
,2003/10/23 1:00,0
,2003/10/23 1:30,0
,2003/10/23 2:00,0
,2003/10/23 2:30,0
,2003/10/23 3:00,0
,2003/10/23 3:30,0
,2003/10/23 4:00,0
,2003/10/23 4:30,0
,2003/10/23 5:00,0
,2003/10/23 5:30,0
,2003/10/23 6:00,0
,2003/10/23 6:30,0
,2003/10/23 7:00,0
,2003/10/23 7:30,0
,2003/10/23 8:00,0
,2003/10/23 8:30,0
,2003/10/23 9:00,0
,2003/10/23 9:30,0
,2003/10/23 10:00,0
,2003/10/23 10:30,0
,2003/10/23 11:00,0
,2003/10/23 11:30,0
,2003/10/23 12:00,0
,2003/10/23 12:30,0.88930648
,2003/10/23 13:00,0
,2003/10/23 13:30,3.571804716
,2003/10/23 14:00,11.80882331
,2003/10/23 14:30,0
,2003/10/23 15:00,0
,2003/10/23 15:30,0
,2003/10/23 16:00,0
,2003/10/23 16:30,0
,2003/10/23 17:00,0
,2003/10/23 17:30,0
,2003/10/23 18:00,0
,2003/10/23 18:30,0
,2003/10/23 19:00,0
,2003/10/23 19:30,0
,2003/10/23 20:00,0
,2003/10/23 20:30,0
,2003/10/23 21:00,0
,2003/10/23 21:30,0
,2003/10/23 22:00,0
,2003/10/23 22:30,0
,2003/10/23 23:00,0
,2003/10/23 23:30,0
,2003/10/24 0:00,0
,2003/10/24 0:30,0
,2003/10/24 1:00,0
,2003/10/24 1:30,0
,2003/10/24 2:00,0
,2003/10/24 2:30,0
,2003/10/24 3:00,0
,2003/10/24 3:30,0
,2003/10/24 4:00,0
,2003/10/24 4:30,0
,2003/10/24 5:00,0
,2003/10/24 5:30,0
,2003/10/24 6:00,0
,2003/10/24 6:30,0
,2003/10/24 7:00,0
,2003/10/24 7:30,0
,2003/10/24 8:00,0
,2003/10/24 8:30,0
,2003/10/24 9:00,0
,2003/10/24 9:30,0
,2003/10/24 10:00,0
,2003/10/24 10:30,0
,2003/10/24 11:00,0
,2003/10/24 11:30,0
,2003/10/24 12:00,0
,2003/10/24 12:30,0
,2003/10/24 13:00,0
,2003/10/24 13:30,0
,2003/10/24 14:00,0
,2003/10/24 14:30,0
,2003/10/24 15:00,0
,2003/10/24 15:30,0
,2003/10/24 16:00,0
,2003/10/24 16:30,0
,2003/10/24 17:00,0
,2003/10/24 17:30,0
,2003/10/24 18:00,0
,2003/10/24 18:30,0
,2003/10/24 19:00,0
,2003/10/24 19:30,0
,2003/10/24 20:00,0
,2003/10/24 20:30,0
,2003/10/24 21:00,0
,2003/10/24 21:30,0
,2003/10/24 22:00,0
,2003/10/24 22:30,0
,2003/10/24 23:00,0
,2003/10/24 23:30,0
,2003/10/25 0:00,0
,2003/10/25 0:30,0
,2003/10/25 1:00,0
,2003/10/25 1:30,0
,2003/10/25 2:00,0
,2003/10/25 2:30,0
,2003/10/25 3:00,0
,2003/10/25 3:30,0
,2003/10/25 4:00,0
,2003/10/25 4:30,0
,2003/10/25 5:00,0
,2003/10/25 5:30,0
,2003/10/25 6:00,0
,2003/10/25 6:30,0
,2003/10/25 7:00,0
,2003/10/25 7:30,0
,2003/10/25 8:00,0
,2003/10/25 8:30,0
,2003/10/25 9:00,0
,2003/10/25 9:30,0
,2003/10/25 10:00,0
,2003/10/25 10:30,0
,2003/10/25 11:00,0
,2003/10/25 11:30,0
,2003/10/25 12:00,0
,2003/10/25 12:30,0
,2003/10/25 13:00,0
,2003/10/25 13:30,0
,2003/10/25 14:00,0
,2003/10/25 14:30,0
,2003/10/25 15:00,0
,2003/10/25 15:30,0
,2003/10/25 16:00,0
,2003/10/25 16:30,0
,2003/10/25 17:00,0
,2003/10/25 17:30,0
,2003/10/25 18:00,0
,2003/10/25 18:30,0
,2003/10/25 19:00,0
,2003/10/25 19:30,0
,2003/10/25 20:00,0
,2003/10/25 20:30,0
,2003/10/25 21:00,0
,2003/10/25 21:30,0
,2003/10/25 22:00,0
,2003/10/25 22:30,0
,2003/10/25 23:00,0
,2003/10/25 23:30,0
,2003/10/26 0:00,0
,2003/10/26 0:30,0
,2003/10/26 1:00,0
,2003/10/26 1:30,0
,2003/10/26 2:00,0
,2003/10/26 2:30,0
,2003/10/26 3:00,0
,2003/10/26 3:30,0
,2003/10/26 4:00,0
,2003/10/26 4:30,0
,2003/10/26 5:00,0
,2003/10/26 5:30,0
,2003/10/26 6:00,0
,2003/10/26 6:30,0
,2003/10/26 7:00,0
,2003/10/26 7:30,0
,2003/10/26 8:00,0
,2003/10/26 8:30,0
,2003/10/26 9:00,0
,2003/10/26 9:30,0
,2003/10/26 10:00,0
,2003/10/26 10:30,0
,2003/10/26 11:00,0
,2003/10/26 11:30,0
,2003/10/26 12:00,0
,2003/10/26 12:30,0
,2003/10/26 13:00,0
,2003/10/26 13:30,0
,2003/10/26 14:00,0
,2003/10/26 14:30,0
,2003/10/26 15:00,0
,2003/10/26 15:30,0
,2003/10/26 16:00,0
,2003/10/26 16:30,0
,2003/10/26 17:00,0
,2003/10/26 17:30,0
,2003/10/26 18:00,0
,2003/10/26 18:30,0
,2003/10/26 19:00,0
,2003/10/26 19:30,0
,2003/10/26 20:00,0
,2003/10/26 20:30,0
,2003/10/26 21:00,0
,2003/10/26 21:30,0
,2003/10/26 22:00,0
,2003/10/26 22:30,0
,2003/10/26 23:00,0
,2003/10/26 23:30,0
,2003/10/27 0:00,0
,2003/10/27 0:30,0
,2003/10/27 1:00,0
,2003/10/27 1:30,0
,2003/10/27 2:00,0
,2003/10/27 2:30,0
,2003/10/27 3:00,0
,2003/10/27 3:30,0
,2003/10/27 4:00,0
,2003/10/27 4:30,0
,2003/10/27 5:00,0
,2003/10/27 5:30,0
,2003/10/27 6:00,0
,2003/10/27 6:30,0
,2003/10/27 7:00,0
,2003/10/27 7:30,0
,2003/10/27 8:00,0
,2003/10/27 8:30,0
,2003/10/27 9:00,0
,2003/10/27 9:30,0
,2003/10/27 10:00,0
,2003/10/27 10:30,0
,2003/10/27 11:00,0
,2003/10/27 11:30,0
,2003/10/27 12:00,0
,2003/10/27 12:30,0
,2003/10/27 13:00,0
,2003/10/27 13:30,0
,2003/10/27 14:00,0
,2003/10/27 14:30,0
,2003/10/27 15:00,0
,2003/10/27 15:30,0
,2003/10/27 16:00,0
,2003/10/27 16:30,0
,2003/10/27 17:00,0
,2003/10/27 17:30,0
,2003/10/27 18:00,0
,2003/10/27 18:30,0
,2003/10/27 19:00,0
,2003/10/27 19:30,0
,2003/10/27 20:00,0
,2003/10/27 20:30,0
,2003/10/27 21:00,0
,2003/10/27 21:30,0
,2003/10/27 22:00,0
,2003/10/27 22:30,0
,2003/10/27 23:00,0
,2003/10/27 23:30,0
,2003/10/28 0:00,0
,2003/10/28 0:30,0
,2003/10/28 1:00,0
,2003/10/28 1:30,0
,2003/10/28 2:00,0
,2003/10/28 2:30,0
,2003/10/28 3:00,0
,2003/10/28 3:30,0
,2003/10/28 4:00,0
,2003/10/28 4:30,0
,2003/10/28 5:00,0
,2003/10/28 5:30,0
,2003/10/28 6:00,0
,2003/10/28 6:30,0
,2003/10/28 7:00,0
,2003/10/28 7:30,0
,2003/10/28 8:00,0
,2003/10/28 8:30,0
,2003/10/28 9:00,0
,2003/10/28 9:30,0
,2003/10/28 10:00,0
,2003/10/28 10:30,0
,2003/10/28 11:00,0
,2003/10/28 11:30,0
,2003/10/28 12:00,0
,2003/10/28 12:30,0
,2003/10/28 13:00,0
,2003/10/28 13:30,0
,2003/10/28 14:00,0
,2003/10/28 14:30,0
,2003/10/28 15:00,0
,2003/10/28 15:30,0
,2003/10/28 16:00,0
,2003/10/28 16:30,0
,2003/10/28 17:00,0
,2003/10/28 17:30,0
,2003/10/28 18:00,0
,2003/10/28 18:30,0
,2003/10/28 19:00,0
,2003/10/28 19:30,0
,2003/10/28 20:00,0
,2003/10/28 20:30,0
,2003/10/28 21:00,0
,2003/10/28 21:30,0
,2003/10/28 22:00,0
,2003/10/28 22:30,0
,2003/10/28 23:00,13.1646511
,2003/10/28 23:30,0.88930648
,2003/10/29 0:00,0
,2003/10/29 0:30,0
,2003/10/29 1:00,0
,2003/10/29 1:30,0
,2003/10/29 2:00,0
,2003/10/29 2:30,0
,2003/10/29 3:00,0
,2003/10/29 3:30,0
,2003/10/29 4:00,0
,2003/10/29 4:30,0
,2003/10/29 5:00,0
,2003/10/29 5:30,0
,2003/10/29 6:00,0
,2003/10/29 6:30,0
,2003/10/29 7:00,0
,2003/10/29 7:30,0
,2003/10/29 8:00,0
,2003/10/29 8:30,0
,2003/10/29 9:00,5.583678331
,2003/10/29 9:30,3.571804588
,2003/10/29 10:00,1.778612959
,2003/10/29 10:30,0
,2003/10/29 11:00,0
,2003/10/29 11:30,0
,2003/10/29 12:00,0
,2003/10/29 12:30,0
,2003/10/29 13:00,0
,2003/10/29 13:30,0
,2003/10/29 14:00,0
,2003/10/29 14:30,0
,2003/10/29 15:00,0
,2003/10/29 15:30,0
,2003/10/29 16:00,0
,2003/10/29 16:30,0
,2003/10/29 17:00,0
,2003/10/29 17:30,0
,2003/10/29 18:00,0
,2003/10/29 18:30,1.122567135
,2003/10/29 19:00,0
,2003/10/29 19:30,0
,2003/10/29 20:00,0
,2003/10/29 20:30,11.16735628
,2003/10/29 21:00,6.239723902
,2003/10/29 21:30,0
,2003/10/29 22:00,0
,2003/10/29 22:30,0
,2003/10/29 23:00,0
,2003/10/29 23:30,0
,2003/10/30 0:00,0
,2003/10/30 0:30,0
,2003/10/30 1:00,0
,2003/10/30 1:30,0
,2003/10/30 2:00,0
,2003/10/30 2:30,0
,2003/10/30 3:00,0
,2003/10/30 3:30,0
,2003/10/30 4:00,0
,2003/10/30 4:30,0
,2003/10/30 5:00,0
,2003/10/30 5:30,0
,2003/10/30 6:00,0
,2003/10/30 6:30,0
,2003/10/30 7:00,0
,2003/10/30 7:30,0
,2003/10/30 8:00,0
,2003/10/30 8:30,0
,2003/10/30 9:00,0
,2003/10/30 9:30,0
,2003/10/30 10:00,0
,2003/10/30 10:30,0
,2003/10/30 11:00,0
,2003/10/30 11:30,0
,2003/10/30 12:00,0
,2003/10/30 12:30,0
,2003/10/30 13:00,0
,2003/10/30 13:30,0
,2003/10/30 14:00,0
,2003/10/30 14:30,0
,2003/10/30 15:00,0
,2003/10/30 15:30,0
,2003/10/30 16:00,0
,2003/10/30 16:30,0
,2003/10/30 17:00,0
,2003/10/30 17:30,0
,2003/10/30 18:00,0
,2003/10/30 18:30,0.88930648
,2003/10/30 19:00,0
,2003/10/30 19:30,5.802360188
,2003/10/30 20:00,3.119861949
,2003/10/30 20:30,3.57180459
,2003/10/30 21:00,0
,2003/10/30 21:30,0
,2003/10/30 22:00,0
,2003/10/30 22:30,0
,2003/10/30 23:00,0
,2003/10/30 23:30,0
,2003/10/31 0:00,0
,2003/10/31 0:30,0
,2003/10/31 1:00,0
,2003/10/31 1:30,0
,2003/10/31 2:00,0
,2003/10/31 2:30,0
,2003/10/31 3:00,0
,2003/10/31 3:30,0
,2003/10/31 4:00,0
,2003/10/31 4:30,0
,2003/10/31 5:00,0
,2003/10/31 5:30,0
,2003/10/31 6:00,0
,2003/10/31 6:30,0
,2003/10/31 7:00,2.682498237
,2003/10/31 7:30,0.88930648
,2003/10/31 8:00,0
,2003/10/31 8:30,0
,2003/10/31 9:00,0
,2003/10/31 9:30,0
,2003/10/31 10:00,0
,2003/10/31 10:30,0
,2003/10/31 11:00,0
,2003/10/31 11:30,0
,2003/10/31 12:00,0
,2003/10/31 12:30,0
,2003/10/31 13:00,0
,2003/10/31 13:30,0
,2003/10/31 14:00,0
,2003/10/31 14:30,0
,2003/10/31 15:00,0
,2003/10/31 15:30,0
,2003/10/31 16:00,0
,2003/10/31 16:30,0
,2003/10/31 17:00,0
,2003/10/31 17:30,0
,2003/10/31 18:00,0
,2003/10/31 18:30,0
,2003/10/31 19:00,0
,2003/10/31 19:30,0
,2003/10/31 20:00,10.70083535
,2003/10/31 20:30,0
,2003/10/31 21:00,1.778612959
,2003/10/31 21:30,0
,2003/10/31 22:00,0
,2003/10/31 22:30,0
,2003/10/31 23:00,0
,2003/10/31 23:30,0
,2003/11/1 0:00,0
,2003/11/1 0:30,0
,2003/11/1 1:00,0
,2003/11/1 1:30,0
,2003/11/1 2:00,0
,2003/11/1 2:30,0
,2003/11/1 3:00,0
,2003/11/1 3:30,0
,2003/11/1 4:00,0
,2003/11/1 4:30,0
,2003/11/1 5:00,0
,2003/11/1 5:30,0
,2003/11/1 6:00,0
,2003/11/1 6:30,0
,2003/11/1 7:00,0
,2003/11/1 7:30,1.559930975
,2003/11/1 8:00,0
,2003/11/1 8:30,0
,2003/11/1 9:00,0
,2003/11/1 9:30,0
,2003/11/1 10:00,0
,2003/11/1 10:30,0
,2003/11/1 11:00,0
,2003/11/1 11:30,0
,2003/11/1 12:00,0
,2003/11/1 12:30,0
,2003/11/1 13:00,0
,2003/11/1 13:30,0.88930648
,2003/11/1 14:00,0
,2003/11/1 14:30,0
,2003/11/1 15:00,0
,2003/11/1 15:30,0
,2003/11/1 16:00,0
,2003/11/1 16:30,0
,2003/11/1 17:00,0
,2003/11/1 17:30,0
,2003/11/1 18:00,2.230555598
,2003/11/1 18:30,0
,2003/11/1 19:00,0
,2003/11/1 19:30,3.134440749
,2003/11/1 20:00,5.583678202
,2003/11/1 20:30,3.790486446
,2003/11/1 21:00,0
,2003/11/1 21:30,0
,2003/11/1 22:00,0
,2003/11/1 22:30,0
,2003/11/1 23:00,0
,2003/11/1 23:30,0
,2003/11/2 0:00,0
,2003/11/2 0:30,3.571804717
,2003/11/2 1:00,0
,2003/11/2 1:30,0
,2003/11/2 2:00,0
,2003/11/2 2:30,0
,2003/11/2 3:00,0
,2003/11/2 3:30,0
,2003/11/2 4:00,0
,2003/11/2 4:30,0
,2003/11/2 5:00,0
,2003/11/2 5:30,0
,2003/11/2 6:00,0
,2003/11/2 6:30,0
,2003/11/2 7:00,0
,2003/11/2 7:30,0
,2003/11/2 8:00,0
,2003/11/2 8:30,0
,2003/11/2 9:00,0
,2003/11/2 9:30,1.778612959
,2003/11/2 10:00,1.122567135
,2003/11/2 10:30,0
,2003/11/2 11:00,0
,2003/11/2 11:30,0
,2003/11/2 12:00,0
,2003/11/2 12:30,0
,2003/11/2 13:00,0
,2003/11/2 13:30,0
,2003/11/2 14:00,0
,2003/11/2 14:30,0
,2003/11/2 15:00,0
,2003/11/2 15:30,0
,2003/11/2 16:00,0
,2003/11/2 16:30,0
,2003/11/2 17:00,0
,2003/11/2 17:30,0
,2003/11/2 18:00,0
,2003/11/2 18:30,0
,2003/11/2 19:00,0
,2003/11/2 19:30,0
,2003/11/2 20:00,1.559930975
,2003/11/2 20:30,8.470279628
,2003/11/2 21:00,2.901180094
,2003/11/2 21:30,2.449237455
,2003/11/2 22:00,0
,2003/11/2 22:30,0
,2003/11/2 23:00,0
,2003/11/2 23:30,0
,2003/11/3 0:00,0
,2003/11/3 0:30,0
,2003/11/3 1:00,0
,2003/11/3 1:30,0
,2003/11/3 2:00,0
,2003/11/3 2:30,0
,2003/11/3 3:00,0
,2003/11/3 3:30,0
,2003/11/3 4:00,0
,2003/11/3 4:30,0
,2003/11/3 5:00,0
,2003/11/3 5:30,0
,2003/11/3 6:00,0
,2003/11/3 6:30,0
,2003/11/3 7:00,0
,2003/11/3 7:30,0
,2003/11/3 8:00,0
,2003/11/3 8:30,0
,2003/11/3 9:00,0
,2003/11/3 9:30,0
,2003/11/3 10:00,0
,2003/11/3 10:30,0
,2003/11/3 11:00,0
,2003/11/3 11:30,0
,2003/11/3 12:00,0
,2003/11/3 12:30,3.353122733
,2003/11/3 13:00,0
,2003/11/3 13:30,0
,2003/11/3 14:00,0
,2003/11/3 14:30,0
,2003/11/3 15:00,0
,2003/11/3 15:30,0
,2003/11/3 16:00,0
,2003/11/3 16:30,0
,2003/11/3 17:00,0
,2003/11/3 17:30,0
,2003/11/3 18:00,0
,2003/11/3 18:30,0
,2003/11/3 19:00,0
,2003/11/3 19:30,0.88930648
,2003/11/3 20:00,7.143609181
,2003/11/3 20:30,1.341249119
,2003/11/3 21:00,2.011873614
,2003/11/3 21:30,0
,2003/11/3 22:00,0
,2003/11/3 22:30,0
,2003/11/3 23:00,0
,2003/11/3 23:30,0
,2003/11/4 0:00,0
,2003/11/4 0:30,0
,2003/11/4 1:00,0
,2003/11/4 1:30,0
,2003/11/4 2:00,0
,2003/11/4 2:30,0
,2003/11/4 3:00,0
,2003/11/4 3:30,0
,2003/11/4 4:00,0
,2003/11/4 4:30,0
,2003/11/4 5:00,0
,2003/11/4 5:30,0
,2003/11/4 6:00,0
,2003/11/4 6:30,0
,2003/11/4 7:00,0
,2003/11/4 7:30,0
,2003/11/4 8:00,0
,2003/11/4 8:30,0
,2003/11/4 9:00,0
,2003/11/4 9:30,0
,2003/11/4 10:00,0
,2003/11/4 10:30,0
,2003/11/4 11:00,0.88930648
,2003/11/4 11:30,3.790486446
,2003/11/4 12:00,0
,2003/11/4 12:30,0
,2003/11/4 13:00,0
,2003/11/4 13:30,0
,2003/11/4 14:00,0
,2003/11/4 14:30,0
,2003/11/4 15:00,0
,2003/11/4 15:30,0
,2003/11/4 16:00,0
,2003/11/4 16:30,0
,2003/11/4 17:00,0
,2003/11/4 17:30,0
,2003/11/4 18:00,0
,2003/11/4 18:30,0
,2003/11/4 19:00,0
,2003/11/4 19:30,0
,2003/11/4 20:00,0
,2003/11/4 20:30,10.70083484
,2003/11/4 21:00,2.68249811
,2003/11/4 21:30,3.119861951
,2003/11/4 22:00,0
,2003/11/4 22:30,0
,2003/11/4 23:00,0
,2003/11/4 23:30,0
,2003/11/5 0:00,0
,2003/11/5 0:30,0
,2003/11/5 1:00,0
,2003/11/5 1:30,0
,2003/11/5 2:00,0
,2003/11/5 2:30,0
,2003/11/5 3:00,0
,2003/11/5 3:30,0
,2003/11/5 4:00,0
,2003/11/5 4:30,0
,2003/11/5 5:00,0
,2003/11/5 5:30,0
,2003/11/5 6:00,0
,2003/11/5 6:30,0
,2003/11/5 7:00,0
,2003/11/5 7:30,0
,2003/11/5 8:00,1.559930975
,2003/11/5 8:30,0
,2003/11/5 9:00,0
,2003/11/5 9:30,0
,2003/11/5 10:00,0
,2003/11/5 10:30,0
,2003/11/5 11:00,0
,2003/11/5 11:30,0
,2003/11/5 12:00,0
,2003/11/5 12:30,0
,2003/11/5 13:00,0
,2003/11/5 13:30,0
,2003/11/5 14:00,0
,2003/11/5 14:30,0
,2003/11/5 15:00,0
,2003/11/5 15:30,0
,2003/11/5 16:00,0
,2003/11/5 16:30,0
,2003/11/5 17:00,0
,2003/11/5 17:30,0
,2003/11/5 18:00,0
,2003/11/5 18:30,1.122567135
,2003/11/5 19:00,0
,2003/11/5 19:30,0
,2003/11/5 20:00,4.679793052
,2003/11/5 20:30,4.898475038
,2003/11/5 21:00,3.119861951
,2003/11/5 21:30,0
,2003/11/5 22:00,0
,2003/11/5 22:30,0
,2003/11/5 23:00,0
,2003/11/5 23:30,4.913053455
,2003/11/6 0:00,0
,2003/11/6 0:30,0
,2003/11/6 1:00,0
,2003/11/6 1:30,0
,2003/11/6 2:00,0
,2003/11/6 2:30,0
,2003/11/6 3:00,0
,2003/11/6 3:30,0
,2003/11/6 4:00,0
,2003/11/6 4:30,0
,2003/11/6 5:00,0
,2003/11/6 5:30,0
,2003/11/6 6:00,0
,2003/11/6 6:30,0
,2003/11/6 7:00,0
,2003/11/6 7:30,0
,2003/11/6 8:00,0
,2003/11/6 8:30,0
,2003/11/6 9:00,0
,2003/11/6 9:30,0
,2003/11/6 10:00,0
,2003/11/6 10:30,0
,2003/11/6 11:00,0
,2003/11/6 11:30,0
,2003/11/6 12:00,0
,2003/11/6 12:30,0
,2003/11/6 13:00,0
,2003/11/6 13:30,0
,2003/11/6 14:00,0
,2003/11/6 14:30,0
,2003/11/6 15:00,0
,2003/11/6 15:30,0
,2003/11/6 16:00,0
,2003/11/6 16:30,0
,2003/11/6 17:00,0
,2003/11/6 17:30,0
,2003/11/6 18:00,0
,2003/11/6 18:30,0
,2003/11/6 19:00,0
,2003/11/6 19:30,7.799654877
,2003/11/6 20:00,2.682498237
,2003/11/6 20:30,4.227850415
,2003/11/6 21:00,0
,2003/11/6 21:30,0
,2003/11/6 22:00,0
,2003/11/6 22:30,0
,2003/11/6 23:00,0
,2003/11/6 23:30,0
,2003/11/7 0:00,0
,2003/11/7 0:30,0
,2003/11/7 1:00,0
,2003/11/7 1:30,0
,2003/11/7 2:00,0
,2003/11/7 2:30,0
,2003/11/7 3:00,0
,2003/11/7 3:30,0
,2003/11/7 4:00,0
,2003/11/7 4:30,0
,2003/11/7 5:00,0
,2003/11/7 5:30,0
,2003/11/7 6:00,0
,2003/11/7 6:30,0
,2003/11/7 7:00,0
,2003/11/7 7:30,3.119862078
,2003/11/7 8:00,0
,2003/11/7 8:30,0
,2003/11/7 9:00,0
,2003/11/7 9:30,0
,2003/11/7 10:00,0
,2003/11/7 10:30,0
,2003/11/7 11:00,0
,2003/11/7 11:30,0
,2003/11/7 12:00,0
,2003/11/7 12:30,0
,2003/11/7 13:00,0
,2003/11/7 13:30,0
,2003/11/7 14:00,0
,2003/11/7 14:30,0
,2003/11/7 15:00,0
,2003/11/7 15:30,0
,2003/11/7 16:00,0
,2003/11/7 16:30,0
,2003/11/7 17:00,0
,2003/11/7 17:30,0
,2003/11/7 18:00,0
,2003/11/7 18:30,0
,2003/11/7 19:00,0
,2003/11/7 19:30,1.778612959
,2003/11/7 20:00,6.239724027
,2003/11/7 20:30,0
,2003/11/7 21:00,0
,2003/11/7 21:30,4.679792928
,2003/11/7 22:00,0
,2003/11/7 22:30,0
,2003/11/7 23:00,0
,2003/11/7 23:30,4.009168429
,2003/11/8 0:00,0
,2003/11/8 0:30,0
,2003/11/8 1:00,0
,2003/11/8 1:30,0
,2003/11/8 2:00,0
,2003/11/8 2:30,0
,2003/11/8 3:00,0
,2003/11/8 3:30,0
,2003/11/8 4:00,0
,2003/11/8 4:30,0
,2003/11/8 5:00,0
,2003/11/8 5:30,0
,2003/11/8 6:00,0
,2003/11/8 6:30,0
,2003/11/8 7:00,0
,2003/11/8 7:30,0
,2003/11/8 8:00,0
,2003/11/8 8:30,0
,2003/11/8 9:00,0
,2003/11/8 9:30,0
,2003/11/8 10:00,0
,2003/11/8 10:30,0
,2003/11/8 11:00,0
,2003/11/8 11:30,0
,2003/11/8 12:00,0
,2003/11/8 12:30,0
,2003/11/8 13:00,0
,2003/11/8 13:30,0
,2003/11/8 14:00,0
,2003/11/8 14:30,0
,2003/11/8 15:00,0
,2003/11/8 15:30,0
,2003/11/8 16:00,0
,2003/11/8 16:30,0
,2003/11/8 17:00,0
,2003/11/8 17:30,0
,2003/11/8 18:00,0
,2003/11/8 18:30,0
,2003/11/8 19:00,0
,2003/11/8 19:30,0
,2003/11/8 20:00,0
,2003/11/8 20:30,0
,2003/11/8 21:00,0
,2003/11/8 21:30,0
,2003/11/8 22:00,0
,2003/11/8 22:30,0
,2003/11/8 23:00,0
,2003/11/8 23:30,0
,2003/11/9 0:00,0
,2003/11/9 0:30,0
,2003/11/9 1:00,0
,2003/11/9 1:30,0
,2003/11/9 2:00,0
,2003/11/9 2:30,0
,2003/11/9 3:00,0
,2003/11/9 3:30,0
,2003/11/9 4:00,0
,2003/11/9 4:30,0
,2003/11/9 5:00,0
,2003/11/9 5:30,0
,2003/11/9 6:00,0
,2003/11/9 6:30,0
,2003/11/9 7:00,0
,2003/11/9 7:30,2.4492372
,2003/11/9 8:00,0
,2003/11/9 8:30,0
,2003/11/9 9:00,0
,2003/11/9 9:30,0
,2003/11/9 10:00,0
,2003/11/9 10:30,0
,2003/11/9 11:00,0
,2003/11/9 11:30,0
,2003/11/9 12:00,0
,2003/11/9 12:30,0
,2003/11/9 13:00,0
,2003/11/9 13:30,0
,2003/11/9 14:00,0
,2003/11/9 14:30,0
,2003/11/9 15:00,0
,2003/11/9 15:30,0
,2003/11/9 16:00,0
,2003/11/9 16:30,0
,2003/11/9 17:00,0
,2003/11/9 17:30,0
,2003/11/9 18:00,0
,2003/11/9 18:30,0
,2003/11/9 19:00,0
,2003/11/9 19:30,0
,2003/11/9 20:00,0
,2003/11/9 20:30,0
,2003/11/9 21:00,0
,2003/11/9 21:30,0
,2003/11/9 22:00,0
,2003/11/9 22:30,0
,2003/11/9 23:00,0
,2003/11/9 23:30,0
,2003/11/10 0:00,0
,2003/11/10 0:30,0
,2003/11/10 1:00,0
,2003/11/10 1:30,0
,2003/11/10 2:00,0
,2003/11/10 2:30,0
,2003/11/10 3:00,0
,2003/11/10 3:30,0
,2003/11/10 4:00,0
,2003/11/10 4:30,0
,2003/11/10 5:00,0
,2003/11/10 5:30,0
,2003/11/10 6:00,0
,2003/11/10 6:30,0
,2003/11/10 7:00,0.88930648
,2003/11/10 7:30,3.805065372
,2003/11/10 8:00,0
,2003/11/10 8:30,0
,2003/11/10 9:00,0
,2003/11/10 9:30,0
,2003/11/10 10:00,0
,2003/11/10 10:30,0
,2003/11/10 11:00,0
,2003/11/10 11:30,0
,2003/11/10 12:00,0
,2003/11/10 12:30,0
,2003/11/10 13:00,0
,2003/11/10 13:30,0
,2003/11/10 14:00,0
,2003/11/10 14:30,0
,2003/11/10 15:00,0
,2003/11/10 15:30,0
,2003/11/10 16:00,0
,2003/11/10 16:30,0
,2003/11/10 17:00,0
,2003/11/10 17:30,0
,2003/11/10 18:00,0
,2003/11/10 18:30,0
,2003/11/10 19:00,0
,2003/11/10 19:30,0
,2003/11/10 20:00,0
,2003/11/10 20:30,7.362291034
,2003/11/10 21:00,1.778612959
,2003/11/10 21:30,3.119862078
,2003/11/10 22:00,0
,2003/11/10 22:30,0
,2003/11/10 23:00,0
,2003/11/10 23:30,0
,2003/11/11 0:00,0
,2003/11/11 0:30,0
,2003/11/11 1:00,0
,2003/11/11 1:30,0
,2003/11/11 2:00,0
,2003/11/11 2:30,0
,2003/11/11 3:00,0
,2003/11/11 3:30,0
,2003/11/11 4:00,0
,2003/11/11 4:30,0
,2003/11/11 5:00,0
,2003/11/11 5:30,0
,2003/11/11 6:00,0
,2003/11/11 6:30,0
,2003/11/11 7:00,0
,2003/11/11 7:30,0
,2003/11/11 8:00,0
,2003/11/11 8:30,0
,2003/11/11 9:00,0
,2003/11/11 9:30,0
,2003/11/11 10:00,0
,2003/11/11 10:30,0
,2003/11/11 11:00,0
,2003/11/11 11:30,0
,2003/11/11 12:00,0
,2003/11/11 12:30,0
,2003/11/11 13:00,0
,2003/11/11 13:30,0
,2003/11/11 14:00,0
,2003/11/11 14:30,0
,2003/11/11 15:00,0
,2003/11/11 15:30,0
,2003/11/11 16:00,0
,2003/11/11 16:30,0
,2003/11/11 17:00,0
,2003/11/11 17:30,0
,2003/11/11 18:00,0.88930648
,2003/11/11 18:30,0
,2003/11/11 19:00,0.88930648
,2003/11/11 19:30,1.559930975
,2003/11/11 20:00,5.802360188
,2003/11/11 20:30,0
,2003/11/11 21:00,5.146314492
,2003/11/11 21:30,0
,2003/11/11 22:00,0
,2003/11/11 22:30,0
,2003/11/11 23:00,0
,2003/11/11 23:30,0
,2003/11/12 0:00,3.571804717
,2003/11/12 0:30,0
,2003/11/12 1:00,0
,2003/11/12 1:30,0
,2003/11/12 2:00,0
,2003/11/12 2:30,0
,2003/11/12 3:00,0
,2003/11/12 3:30,0
,2003/11/12 4:00,0
,2003/11/12 4:30,0
,2003/11/12 5:00,0
,2003/11/12 5:30,0
,2003/11/12 6:00,0
,2003/11/12 6:30,0
,2003/11/12 7:00,0
,2003/11/12 7:30,0
,2003/11/12 8:00,0
,2003/11/12 8:30,1.341249119
,2003/11/12 9:00,0
,2003/11/12 9:30,0
,2003/11/12 10:00,0
,2003/11/12 10:30,4.679792671
,2003/11/12 11:00,0
,2003/11/12 11:30,4.009168429
,2003/11/12 12:00,0
,2003/11/12 12:30,0
,2003/11/12 13:00,0
,2003/11/12 13:30,0
,2003/11/12 14:00,0
,2003/11/12 14:30,0
,2003/11/12 15:00,0
,2003/11/12 15:30,0
,2003/11/12 16:00,0
,2003/11/12 16:30,0
,2003/11/12 17:00,0
,2003/11/12 17:30,0
,2003/11/12 18:00,0
,2003/11/12 18:30,0
,2003/11/12 19:00,0
,2003/11/12 19:30,0
,2003/11/12 20:00,0
,2003/11/12 20:30,9.592846888
,2003/11/12 21:00,7.814233928
,2003/11/12 21:30,5.350417675
,2003/11/12 22:00,1.122567135
,2003/11/12 22:30,0
,2003/11/12 23:00,0
,2003/11/12 23:30,0
,2003/11/13 0:00,0
,2003/11/13 0:30,0
,2003/11/13 1:00,0
,2003/11/13 1:30,0
,2003/11/13 2:00,0
,2003/11/13 2:30,0
,2003/11/13 3:00,0
,2003/11/13 3:30,0
,2003/11/13 4:00,0
,2003/11/13 4:30,0
,2003/11/13 5:00,0
,2003/11/13 5:30,0
,2003/11/13 6:00,0
,2003/11/13 6:30,0
,2003/11/13 7:00,0
,2003/11/13 7:30,0
,2003/11/13 8:00,0
,2003/11/13 8:30,0
,2003/11/13 9:00,0
,2003/11/13 9:30,0
,2003/11/13 10:00,0
,2003/11/13 10:30,0
,2003/11/13 11:00,0
,2003/11/13 11:30,0
,2003/11/13 12:00,0
,2003/11/13 12:30,0
,2003/11/13 13:00,0
,2003/11/13 13:30,0
,2003/11/13 14:00,0
,2003/11/13 14:30,0
,2003/11/13 15:00,0
,2003/11/13 15:30,0
,2003/11/13 16:00,0
,2003/11/13 16:30,0
,2003/11/13 17:00,0
,2003/11/13 17:30,0
,2003/11/13 18:00,0
,2003/11/13 18:30,0
,2003/11/13 19:00,0
,2003/11/13 19:30,0
,2003/11/13 20:00,0
,2003/11/13 20:30,0
,2003/11/13 21:00,0
,2003/11/13 21:30,0
,2003/11/13 22:00,1.778612959
,2003/11/13 22:30,6.02104217
,2003/11/13 23:00,4.461111071
,2003/11/13 23:30,0
,2003/11/14 0:00,0
,2003/11/14 0:30,0
,2003/11/14 1:00,0
,2003/11/14 1:30,0
,2003/11/14 2:00,0
,2003/11/14 2:30,0
,2003/11/14 3:00,0
,2003/11/14 3:30,0
,2003/11/14 4:00,0
,2003/11/14 4:30,0
,2003/11/14 5:00,0
,2003/11/14 5:30,0
,2003/11/14 6:00,0
,2003/11/14 6:30,0
,2003/11/14 7:00,0
,2003/11/14 7:30,2.245134269
,2003/11/14 8:00,0
,2003/11/14 8:30,0
,2003/11/14 9:00,0
,2003/11/14 9:30,0
,2003/11/14 10:00,0
,2003/11/14 10:30,0
,2003/11/14 11:00,0
,2003/11/14 11:30,0
,2003/11/14 12:00,0
,2003/11/14 12:30,0
,2003/11/14 13:00,0
,2003/11/14 13:30,0
,2003/11/14 14:00,0
,2003/11/14 14:30,0
,2003/11/14 15:00,0
,2003/11/14 15:30,0
,2003/11/14 16:00,0
,2003/11/14 16:30,0
,2003/11/14 17:00,0
,2003/11/14 17:30,0
,2003/11/14 18:00,0
,2003/11/14 18:30,1.122567135
,2003/11/14 19:00,0
,2003/11/14 19:30,0
,2003/11/14 20:00,6.910348397
,2003/11/14 20:30,4.679792671
,2003/11/14 21:00,0
,2003/11/14 21:30,0
,2003/11/14 22:00,0
,2003/11/14 22:30,0
,2003/11/14 23:00,0
,2003/11/14 23:30,0
,2003/11/15 0:00,0
,2003/11/15 0:30,0
,2003/11/15 1:00,0
,2003/11/15 1:30,0
,2003/11/15 2:00,0
,2003/11/15 2:30,0
,2003/11/15 3:00,0
,2003/11/15 3:30,0
,2003/11/15 4:00,0
,2003/11/15 4:30,0
,2003/11/15 5:00,0
,2003/11/15 5:30,0
,2003/11/15 6:00,0
,2003/11/15 6:30,0
,2003/11/15 7:00,0
,2003/11/15 7:30,2.230555471
,2003/11/15 8:00,0
,2003/11/15 8:30,0
,2003/11/15 9:00,0
,2003/11/15 9:30,0
,2003/11/15 10:00,0
,2003/11/15 10:30,0
,2003/11/15 11:00,0
,2003/11/15 11:30,0
,2003/11/15 12:00,0
,2003/11/15 12:30,0
,2003/11/15 13:00,0
,2003/11/15 13:30,0
,2003/11/15 14:00,0
,2003/11/15 14:30,0
,2003/11/15 15:00,0
,2003/11/15 15:30,0
,2003/11/15 16:00,0
,2003/11/15 16:30,0
,2003/11/15 17:00,0
,2003/11/15 17:30,0
,2003/11/15 18:00,0
,2003/11/15 18:30,0
,2003/11/15 19:00,0
,2003/11/15 19:30,0
,2003/11/15 20:00,1.778612959
,2003/11/15 20:30,6.239724027
,2003/11/15 21:00,1.341249119
,2003/11/15 21:30,4.898474909
,2003/11/15 22:00,0
,2003/11/15 22:30,0
,2003/11/15 23:00,0
,2003/11/15 23:30,0
,2003/11/16 0:00,0
,2003/11/16 0:30,0
,2003/11/16 1:00,0
,2003/11/16 1:30,0
,2003/11/16 2:00,0
,2003/11/16 2:30,0
,2003/11/16 3:00,0
,2003/11/16 3:30,0
,2003/11/16 4:00,0
,2003/11/16 4:30,0
,2003/11/16 5:00,0
,2003/11/16 5:30,0
,2003/11/16 6:00,0
,2003/11/16 6:30,0
,2003/11/16 7:00,0
,2003/11/16 7:30,0
,2003/11/16 8:00,0
,2003/11/16 8:30,2.011873614
,2003/11/16 9:00,1.122567135
,2003/11/16 9:30,0
,2003/11/16 10:00,0
,2003/11/16 10:30,0
,2003/11/16 11:00,0
,2003/11/16 11:30,0
,2003/11/16 12:00,0
,2003/11/16 12:30,0
,2003/11/16 13:00,0
,2003/11/16 13:30,0
,2003/11/16 14:00,0
,2003/11/16 14:30,0
,2003/11/16 15:00,0
,2003/11/16 15:30,0
,2003/11/16 16:00,0
,2003/11/16 16:30,0
,2003/11/16 17:00,0
,2003/11/16 17:30,0
,2003/11/16 18:00,0
,2003/11/16 18:30,0
,2003/11/16 19:00,0
,2003/11/16 19:30,0
,2003/11/16 20:00,0
,2003/11/16 20:30,0
,2003/11/16 21:00,0
,2003/11/16 21:30,0
,2003/11/16 22:00,14.2872181
,2003/11/16 22:30,5.583678202
,2003/11/16 23:00,0
,2003/11/16 23:30,0
,2003/11/17 0:00,0
,2003/11/17 0:30,0
,2003/11/17 1:00,0
,2003/11/17 1:30,0
,2003/11/17 2:00,0
,2003/11/17 2:30,0
,2003/11/17 3:00,0
,2003/11/17 3:30,0
,2003/11/17 4:00,0
,2003/11/17 4:30,0
,2003/11/17 5:00,0
,2003/11/17 5:30,0
,2003/11/17 6:00,0
,2003/11/17 6:30,0
,2003/11/17 7:00,0
,2003/11/17 7:30,0
,2003/11/17 8:00,0
,2003/11/17 8:30,0
,2003/11/17 9:00,0
,2003/11/17 9:30,0
,2003/11/17 10:00,0
,2003/11/17 10:30,0
,2003/11/17 11:00,0
,2003/11/17 11:30,0
,2003/11/17 12:00,0
,2003/11/17 12:30,0
,2003/11/17 13:00,0
,2003/11/17 13:30,0
,2003/11/17 14:00,0
,2003/11/17 14:30,0
,2003/11/17 15:00,0
,2003/11/17 15:30,0
,2003/11/17 16:00,0
,2003/11/17 16:30,0
,2003/11/17 17:00,0
,2003/11/17 17:30,0
,2003/11/17 18:00,0
,2003/11/17 18:30,0.88930648
,2003/11/17 19:00,0
,2003/11/17 19:30,2.901180094
,2003/11/17 20:00,4.679793052
,2003/11/17 20:30,2.682498237
,2003/11/17 21:00,0
,2003/11/17 21:30,0
,2003/11/17 22:00,0
,2003/11/17 22:30,0
,2003/11/17 23:00,0
,2003/11/17 23:30,0
,2003/11/18 0:00,0
,2003/11/18 0:30,0
,2003/11/18 1:00,0
,2003/11/18 1:30,3.338543934
,2003/11/18 2:00,0
,2003/11/18 2:30,0
,2003/11/18 3:00,0
,2003/11/18 3:30,0
,2003/11/18 4:00,0
,2003/11/18 4:30,0
,2003/11/18 5:00,0
,2003/11/18 5:30,0
,2003/11/18 6:00,0
,2003/11/18 6:30,0
,2003/11/18 7:00,0
,2003/11/18 7:30,0
,2003/11/18 8:00,0
,2003/11/18 8:30,0
,2003/11/18 9:00,0
,2003/11/18 9:30,0
,2003/11/18 10:00,0
,2003/11/18 10:30,0
,2003/11/18 11:00,0
,2003/11/18 11:30,0
,2003/11/18 12:00,0
,2003/11/18 12:30,3.571804716
,2003/11/18 13:00,0
,2003/11/18 13:30,0
,2003/11/18 14:00,0
,2003/11/18 14:30,0
,2003/11/18 15:00,0
,2003/11/18 15:30,0
,2003/11/18 16:00,0
,2003/11/18 16:30,0
,2003/11/18 17:00,0
,2003/11/18 17:30,0
,2003/11/18 18:00,0
,2003/11/18 18:30,0
,2003/11/18 19:00,0
,2003/11/18 19:30,0
,2003/11/18 20:00,2.4492372
,2003/11/18 20:30,7.143608667
,2003/11/18 21:00,3.790486446
,2003/11/18 21:30,1.778612959
,2003/11/18 22:00,0
,2003/11/18 22:30,0
,2003/11/18 23:00,0
,2003/11/18 23:30,0
,2003/11/19 0:00,0
,2003/11/19 0:30,0
,2003/11/19 1:00,0
,2003/11/19 1:30,0
,2003/11/19 2:00,0
,2003/11/19 2:30,0
,2003/11/19 3:00,0
,2003/11/19 3:30,0
,2003/11/19 4:00,0
,2003/11/19 4:30,0
,2003/11/19 5:00,0
,2003/11/19 5:30,0
,2003/11/19 6:00,0
,2003/11/19 6:30,0
,2003/11/19 7:00,0
,2003/11/19 7:30,0
,2003/11/19 8:00,0
,2003/11/19 8:30,0
,2003/11/19 9:00,0
,2003/11/19 9:30,0
,2003/11/19 10:00,0
,2003/11/19 10:30,0
,2003/11/19 11:00,0
,2003/11/19 11:30,0
,2003/11/19 12:00,1.122567135
,2003/11/19 12:30,0
,2003/11/19 13:00,0
,2003/11/19 13:30,0
,2003/11/19 14:00,0
,2003/11/19 14:30,0
,2003/11/19 15:00,0
,2003/11/19 15:30,0
,2003/11/19 16:00,0
,2003/11/19 16:30,0
,2003/11/19 17:00,0
,2003/11/19 17:30,0
,2003/11/19 18:00,0
,2003/11/19 18:30,0
,2003/11/19 19:00,0
,2003/11/19 19:30,0
,2003/11/19 20:00,0
,2003/11/19 20:30,0
,2003/11/19 21:00,0
,2003/11/19 21:30,0
,2003/11/19 22:00,0
,2003/11/19 22:30,0
,2003/11/19 23:00,0
,2003/11/19 23:30,0
,2003/11/20 0:00,0
,2003/11/20 0:30,0
,2003/11/20 1:00,0
,2003/11/20 1:30,0
,2003/11/20 2:00,0
,2003/11/20 2:30,0
,2003/11/20 3:00,0
,2003/11/20 3:30,0
,2003/11/20 4:00,0
,2003/11/20 4:30,0
,2003/11/20 5:00,0
,2003/11/20 5:30,0
,2003/11/20 6:00,0
,2003/11/20 6:30,0
,2003/11/20 7:00,0
,2003/11/20 7:30,3.353122605
,2003/11/20 8:00,0
,2003/11/20 8:30,0
,2003/11/20 9:00,0
,2003/11/20 9:30,0
,2003/11/20 10:00,0
,2003/11/20 10:30,0
,2003/11/20 11:00,0
,2003/11/20 11:30,0
,2003/11/20 12:00,0
,2003/11/20 12:30,0
,2003/11/20 13:00,0
,2003/11/20 13:30,0
,2003/11/20 14:00,0
,2003/11/20 14:30,0
,2003/11/20 15:00,0
,2003/11/20 15:30,0
,2003/11/20 16:00,0
,2003/11/20 16:30,0
,2003/11/20 17:00,0
,2003/11/20 17:30,0
,2003/11/20 18:00,0
,2003/11/20 18:30,0
,2003/11/20 19:00,0
,2003/11/20 19:30,0
,2003/11/20 20:00,0
,2003/11/20 20:30,0
,2003/11/20 21:00,0
,2003/11/20 21:30,0
,2003/11/20 22:00,0
,2003/11/20 22:30,0
,2003/11/20 23:00,0
,2003/11/20 23:30,0
,2003/11/21 0:00,0
,2003/11/21 0:30,0
,2003/11/21 1:00,0
,2003/11/21 1:30,0
,2003/11/21 2:00,0
,2003/11/21 2:30,0
,2003/11/21 3:00,0
,2003/11/21 3:30,0
,2003/11/21 4:00,0
,2003/11/21 4:30,0
,2003/11/21 5:00,0
,2003/11/21 5:30,0
,2003/11/21 6:00,0
,2003/11/21 6:30,0
,2003/11/21 7:00,1.341249119
,2003/11/21 7:30,2.901179965
,2003/11/21 8:00,0
,2003/11/21 8:30,0
,2003/11/21 9:00,0
,2003/11/21 9:30,0
,2003/11/21 10:00,0
,2003/11/21 10:30,0
,2003/11/21 11:00,0
,2003/11/21 11:30,0
,2003/11/21 12:00,0
,2003/11/21 12:30,0
,2003/11/21 13:00,0
,2003/11/21 13:30,0
,2003/11/21 14:00,0
,2003/11/21 14:30,0
,2003/11/21 15:00,0
,2003/11/21 15:30,0
,2003/11/21 16:00,0
,2003/11/21 16:30,0
,2003/11/21 17:00,0
,2003/11/21 17:30,0
,2003/11/21 18:00,0
,2003/11/21 18:30,0
,2003/11/21 19:00,0
,2003/11/21 19:30,0
,2003/11/21 20:00,0
,2003/11/21 20:30,0
,2003/11/21 21:00,0
,2003/11/21 21:30,0
,2003/11/21 22:00,0
,2003/11/21 22:30,0
,2003/11/21 23:00,14.72458232
,2003/11/21 23:30,5.131735565
,2003/11/22 0:00,0
,2003/11/22 0:30,0
,2003/11/22 1:00,0
,2003/11/22 1:30,0
,2003/11/22 2:00,0
,2003/11/22 2:30,0
,2003/11/22 3:00,0
,2003/11/22 3:30,0
,2003/11/22 4:00,0
,2003/11/22 4:30,0
,2003/11/22 5:00,0
,2003/11/22 5:30,0
,2003/11/22 6:00,0
,2003/11/22 6:30,0
,2003/11/22 7:00,0
,2003/11/22 7:30,0
,2003/11/22 8:00,0
,2003/11/22 8:30,0
,2003/11/22 9:00,0
,2003/11/22 9:30,0
,2003/11/22 10:00,0
,2003/11/22 10:30,0
,2003/11/22 11:00,0
,2003/11/22 11:30,0
,2003/11/22 12:00,0
,2003/11/22 12:30,0
,2003/11/22 13:00,0
,2003/11/22 13:30,0
,2003/11/22 14:00,0
,2003/11/22 14:30,0
,2003/11/22 15:00,0
,2003/11/22 15:30,0
,2003/11/22 16:00,0
,2003/11/22 16:30,0
,2003/11/22 17:00,0
,2003/11/22 17:30,0
,2003/11/22 18:00,0
,2003/11/22 18:30,0
,2003/11/22 19:00,0
,2003/11/22 19:30,1.122567135
,2003/11/22 20:00,6.239724027
,2003/11/22 20:30,1.341249119
,2003/11/22 21:00,3.790486317
,2003/11/22 21:30,0
,2003/11/22 22:00,0
,2003/11/22 22:30,0
,2003/11/22 23:00,0
,2003/11/22 23:30,0
,2003/11/23 0:00,0
,2003/11/23 0:30,1.559930975
,2003/11/23 1:00,0
,2003/11/23 1:30,0
,2003/11/23 2:00,0
,2003/11/23 2:30,0
,2003/11/23 3:00,0
,2003/11/23 3:30,0
,2003/11/23 4:00,0
,2003/11/23 4:30,0
,2003/11/23 5:00,0
,2003/11/23 5:30,0
,2003/11/23 6:00,0
,2003/11/23 6:30,0
,2003/11/23 7:00,0
,2003/11/23 7:30,2.901179965
,2003/11/23 8:00,0
,2003/11/23 8:30,0
,2003/11/23 9:00,0
,2003/11/23 9:30,0
,2003/11/23 10:00,0
,2003/11/23 10:30,0
,2003/11/23 11:00,0
,2003/11/23 11:30,0
,2003/11/23 12:00,0
,2003/11/23 12:30,0
,2003/11/23 13:00,0
,2003/11/23 13:30,0
,2003/11/23 14:00,0
,2003/11/23 14:30,0
,2003/11/23 15:00,0.88930648
,2003/11/23 15:30,0
,2003/11/23 16:00,0
,2003/11/23 16:30,0
,2003/11/23 17:00,0
,2003/11/23 17:30,0
,2003/11/23 18:00,0
,2003/11/23 18:30,0
,2003/11/23 19:00,0
,2003/11/23 19:30,0
,2003/11/23 20:00,0
,2003/11/23 20:30,0
,2003/11/23 21:00,8.703539641
,2003/11/23 21:30,4.475689869
,2003/11/23 22:00,4.898474909
,2003/11/23 22:30,0.88930648
,2003/11/23 23:00,0
,2003/11/23 23:30,0
,2003/11/24 0:00,0
,2003/11/24 0:30,0
,2003/11/24 1:00,0
,2003/11/24 1:30,0
,2003/11/24 2:00,0
,2003/11/24 2:30,0
,2003/11/24 3:00,0
,2003/11/24 3:30,0
,2003/11/24 4:00,0
,2003/11/24 4:30,0
,2003/11/24 5:00,0
,2003/11/24 5:30,0
,2003/11/24 6:00,0
,2003/11/24 6:30,0
,2003/11/24 7:00,0
,2003/11/24 7:30,0
,2003/11/24 8:00,0
,2003/11/24 8:30,0
,2003/11/24 9:00,0
,2003/11/24 9:30,0
,2003/11/24 10:00,0
,2003/11/24 10:30,0
,2003/11/24 11:00,0
,2003/11/24 11:30,0
,2003/11/24 12:00,0
,2003/11/24 12:30,0
,2003/11/24 13:00,0
,2003/11/24 13:30,0
,2003/11/24 14:00,0
,2003/11/24 14:30,0
,2003/11/24 15:00,0
,2003/11/24 15:30,0
,2003/11/24 16:00,0
,2003/11/24 16:30,0
,2003/11/24 17:00,0
,2003/11/24 17:30,0
,2003/11/24 18:00,0
,2003/11/24 18:30,0
,2003/11/24 19:00,0
,2003/11/24 19:30,0
,2003/11/24 20:00,5.802360188
,2003/11/24 20:30,2.901180094
,2003/11/24 21:00,0
,2003/11/24 21:30,3.790486446
,2003/11/24 22:00,0
,2003/11/24 22:30,0
,2003/11/24 23:00,0
,2003/11/24 23:30,0
,2003/11/25 0:00,0
,2003/11/25 0:30,0
,2003/11/25 1:00,0
,2003/11/25 1:30,0
,2003/11/25 2:00,0.88930648
,2003/11/25 2:30,0
,2003/11/25 3:00,0
,2003/11/25 3:30,0
,2003/11/25 4:00,0
,2003/11/25 4:30,0
,2003/11/25 5:00,0
,2003/11/25 5:30,0
,2003/11/25 6:00,0
,2003/11/25 6:30,0
,2003/11/25 7:00,0
,2003/11/25 7:30,0
,2003/11/25 8:00,0
,2003/11/25 8:30,0
,2003/11/25 9:00,0
,2003/11/25 9:30,0
,2003/11/25 10:00,0
,2003/11/25 10:30,0
,2003/11/25 11:00,0
,2003/11/25 11:30,0
,2003/11/25 12:00,0
,2003/11/25 12:30,0
,2003/11/25 13:00,2.901180094
,2003/11/25 13:30,0
,2003/11/25 14:00,0
,2003/11/25 14:30,1.341249119
,2003/11/25 15:00,0
,2003/11/25 15:30,3.571804717
,2003/11/25 16:00,0.88930648
,2003/11/25 16:30,0
,2003/11/25 17:00,0
,2003/11/25 17:30,0
,2003/11/25 18:00,0
,2003/11/25 18:30,0
,2003/11/25 19:00,0
,2003/11/25 19:30,2.68249811
,2003/11/25 20:00,0
,2003/11/25 20:30,0
,2003/11/25 21:00,9.826107544
,2003/11/25 21:30,5.569099151
,2003/11/25 22:00,1.559930975
,2003/11/25 22:30,3.134440749
,2003/11/25 23:00,0
,2003/11/25 23:30,0
,2003/11/26 0:00,0
,2003/11/26 0:30,0
,2003/11/26 1:00,0
,2003/11/26 1:30,0
,2003/11/26 2:00,0
,2003/11/26 2:30,0
,2003/11/26 3:00,0
,2003/11/26 3:30,0
,2003/11/26 4:00,0
,2003/11/26 4:30,0
,2003/11/26 5:00,0
,2003/11/26 5:30,0
,2003/11/26 6:00,0
,2003/11/26 6:30,0
,2003/11/26 7:00,0
,2003/11/26 7:30,0
,2003/11/26 8:00,0
,2003/11/26 8:30,0
,2003/11/26 9:00,0
,2003/11/26 9:30,1.122567135
,2003/11/26 10:00,0
,2003/11/26 10:30,1.122567135
,2003/11/26 11:00,0
,2003/11/26 11:30,0.88930648
,2003/11/26 12:00,0
,2003/11/26 12:30,3.557225919
,2003/11/26 13:00,0
,2003/11/26 13:30,0
,2003/11/26 14:00,0
,2003/11/26 14:30,0.88930648
,2003/11/26 15:00,0
,2003/11/26 15:30,0
,2003/11/26 16:00,0
,2003/11/26 16:30,0
,2003/11/26 17:00,0
,2003/11/26 17:30,0
,2003/11/26 18:00,0
,2003/11/26 18:30,0
,2003/11/26 19:00,0
,2003/11/26 19:30,1.341249119
,2003/11/26 20:00,0
,2003/11/26 20:30,4.461111071
,2003/11/26 21:00,2.68249811
,2003/11/26 21:30,4.461110814
,2003/11/26 22:00,4.009168558
,2003/11/26 22:30,0
,2003/11/26 23:00,0.88930648
,2003/11/26 23:30,0
,2003/11/27 0:00,0
,2003/11/27 0:30,0
,2003/11/27 1:00,0
,2003/11/27 1:30,0
,2003/11/27 2:00,0
,2003/11/27 2:30,0
,2003/11/27 3:00,0
,2003/11/27 3:30,0
,2003/11/27 4:00,0
,2003/11/27 4:30,0
,2003/11/27 5:00,0
,2003/11/27 5:30,0
,2003/11/27 6:00,0
,2003/11/27 6:30,0
,2003/11/27 7:00,0
,2003/11/27 7:30,0
,2003/11/27 8:00,0
,2003/11/27 8:30,0
,2003/11/27 9:00,0
,2003/11/27 9:30,0
,2003/11/27 10:00,0
,2003/11/27 10:30,0
,2003/11/27 11:00,0
,2003/11/27 11:30,0
,2003/11/27 12:00,0
,2003/11/27 12:30,0
,2003/11/27 13:00,0
,2003/11/27 13:30,0
,2003/11/27 14:00,0
,2003/11/27 14:30,0
,2003/11/27 15:00,0
,2003/11/27 15:30,0
,2003/11/27 16:00,0
,2003/11/27 16:30,0
,2003/11/27 17:00,0
,2003/11/27 17:30,0
,2003/11/27 18:00,0
,2003/11/27 18:30,2.667919438
,2003/11/27 19:00,2.011873614
,2003/11/27 19:30,0
,2003/11/27 20:00,7.376869965
,2003/11/27 20:30,4.00916843
,2003/11/27 21:00,0
,2003/11/27 21:30,0
,2003/11/27 22:00,0
,2003/11/27 22:30,0
,2003/11/27 23:00,0
,2003/11/27 23:30,0
,2003/11/28 0:00,0
,2003/11/28 0:30,0
,2003/11/28 1:00,0
,2003/11/28 1:30,0
,2003/11/28 2:00,0
,2003/11/28 2:30,0
,2003/11/28 3:00,0
,2003/11/28 3:30,0
,2003/11/28 4:00,0
,2003/11/28 4:30,0
,2003/11/28 5:00,0
,2003/11/28 5:30,0
,2003/11/28 6:00,0
,2003/11/28 6:30,4.913053583
,2003/11/28 7:00,0
,2003/11/28 7:30,0.88930648
,2003/11/28 8:00,0
,2003/11/28 8:30,0
,2003/11/28 9:00,0
,2003/11/28 9:30,0
,2003/11/28 10:00,0
,2003/11/28 10:30,0
,2003/11/28 11:00,0
,2003/11/28 11:30,0
,2003/11/28 12:00,0
,2003/11/28 12:30,0
,2003/11/28 13:00,0
,2003/11/28 13:30,0
,2003/11/28 14:00,0
,2003/11/28 14:30,0
,2003/11/28 15:00,0
,2003/11/28 15:30,0
,2003/11/28 16:00,0
,2003/11/28 16:30,0
,2003/11/28 17:00,0
,2003/11/28 17:30,0
,2003/11/28 18:00,0
,2003/11/28 18:30,0
,2003/11/28 19:00,5.350417675
,2003/11/28 19:30,4.898474653
,2003/11/28 20:00,8.922221884
,2003/11/28 20:30,0
,2003/11/28 21:00,0
,2003/11/28 21:30,0
,2003/11/28 22:00,5.350417165
,2003/11/28 22:30,3.790486574
,2003/11/28 23:00,2.901179965
,2003/11/28 23:30,0
,2003/11/29 0:00,0
,2003/11/29 0:30,0
,2003/11/29 1:00,0
,2003/11/29 1:30,0
,2003/11/29 2:00,0
,2003/11/29 2:30,0
,2003/11/29 3:00,0
,2003/11/29 3:30,0
,2003/11/29 4:00,0
,2003/11/29 4:30,0
,2003/11/29 5:00,0
,2003/11/29 5:30,0
,2003/11/29 6:00,0
,2003/11/29 6:30,0
,2003/11/29 7:00,0.88930648
,2003/11/29 7:30,3.790486573
,2003/11/29 8:00,0
,2003/11/29 8:30,0
,2003/11/29 9:00,0
,2003/11/29 9:30,0
,2003/11/29 10:00,0
,2003/11/29 10:30,0
,2003/11/29 11:00,0
,2003/11/29 11:30,0
,2003/11/29 12:00,0
,2003/11/29 12:30,0
,2003/11/29 13:00,0
,2003/11/29 13:30,0
,2003/11/29 14:00,0
,2003/11/29 14:30,0
,2003/11/29 15:00,0
,2003/11/29 15:30,0
,2003/11/29 16:00,0
,2003/11/29 16:30,0
,2003/11/29 17:00,0
,2003/11/29 17:30,0
,2003/11/29 18:00,0
,2003/11/29 18:30,0.88930648
,2003/11/29 19:00,4.242429213
,2003/11/29 19:30,2.245134269
,2003/11/29 20:00,10.9340955
,2003/11/29 20:30,4.475689612
,2003/11/29 21:00,2.011873614
,2003/11/29 21:30,0
,2003/11/29 22:00,0
,2003/11/29 22:30,0
,2003/11/29 23:00,0
,2003/11/29 23:30,0
,2003/11/30 0:00,0
,2003/11/30 0:30,0
,2003/11/30 1:00,0
,2003/11/30 1:30,0
,2003/11/30 2:00,0
,2003/11/30 2:30,0
,2003/11/30 3:00,0
,2003/11/30 3:30,0
,2003/11/30 4:00,0
,2003/11/30 4:30,0
,2003/11/30 5:00,0
,2003/11/30 5:30,0
,2003/11/30 6:00,0
,2003/11/30 6:30,4.023747103
,2003/11/30 7:00,0
,2003/11/30 7:30,0
,2003/11/30 8:00,0
,2003/11/30 8:30,0
,2003/11/30 9:00,0.88930648
,2003/11/30 9:30,0
,2003/11/30 10:00,0
,2003/11/30 10:30,0
,2003/11/30 11:00,0
,2003/11/30 11:30,0
,2003/11/30 12:00,0
,2003/11/30 12:30,0
,2003/11/30 13:00,0
,2003/11/30 13:30,0
,2003/11/30 14:00,0
,2003/11/30 14:30,0
,2003/11/30 15:00,0
,2003/11/30 15:30,0
,2003/11/30 16:00,0
,2003/11/30 16:30,0
,2003/11/30 17:00,0
,2003/11/30 17:30,0
,2003/11/30 18:00,0
,2003/11/30 18:30,0
,2003/11/30 19:00,0
,2003/11/30 19:30,0
,2003/11/30 20:00,0
,2003/11/30 20:30,0
,2003/11/30 21:00,0
,2003/11/30 21:30,8.703540284
,2003/11/30 22:00,5.131735565
,2003/11/30 22:30,1.559930975
,2003/11/30 23:00,0
,2003/11/30 23:30,0
,2003/12/1 0:00,0
,2003/12/1 0:30,0
,2003/12/1 1:00,0
,2003/12/1 1:30,0
,2003/12/1 2:00,0
,2003/12/1 2:30,0
,2003/12/1 3:00,0
,2003/12/1 3:30,0
,2003/12/1 4:00,0
,2003/12/1 4:30,0
,2003/12/1 5:00,0
,2003/12/1 5:30,0
,2003/12/1 6:00,0
,2003/12/1 6:30,0
,2003/12/1 7:00,1.341249119
,2003/12/1 7:30,0
,2003/12/1 8:00,0
,2003/12/1 8:30,0
,2003/12/1 9:00,0
,2003/12/1 9:30,0
,2003/12/1 10:00,0
,2003/12/1 10:30,0
,2003/12/1 11:00,0
,2003/12/1 11:30,0
,2003/12/1 12:00,0
,2003/12/1 12:30,0
,2003/12/1 13:00,0
,2003/12/1 13:30,0
,2003/12/1 14:00,0
,2003/12/1 14:30,0
,2003/12/1 15:00,0
,2003/12/1 15:30,0
,2003/12/1 16:00,0
,2003/12/1 16:30,0
,2003/12/1 17:00,0
,2003/12/1 17:30,0
,2003/12/1 18:00,0
,2003/12/1 18:30,4.257007883
,2003/12/1 19:00,4.023747232
,2003/12/1 19:30,2.011873615
,2003/12/1 20:00,0
,2003/12/1 20:30,0
,2003/12/1 21:00,1.122567135
,2003/12/1 21:30,0
,2003/12/1 22:00,0
,2003/12/1 22:30,2.682498237
,2003/12/1 23:00,0
,2003/12/1 23:30,0
,2003/12/2 0:00,0
,2003/12/2 0:30,0
,2003/12/2 1:00,0
,2003/12/2 1:30,0
,2003/12/2 2:00,0
,2003/12/2 2:30,0
,2003/12/2 3:00,0
,2003/12/2 3:30,0
,2003/12/2 4:00,0
,2003/12/2 4:30,0
,2003/12/2 5:00,0
,2003/12/2 5:30,0
,2003/12/2 6:00,0
,2003/12/2 6:30,6.924927195
,2003/12/2 7:00,0
,2003/12/2 7:30,0
,2003/12/2 8:00,0
,2003/12/2 8:30,0
,2003/12/2 9:00,0
,2003/12/2 9:30,0
,2003/12/2 10:00,0
,2003/12/2 10:30,0
,2003/12/2 11:00,0
,2003/12/2 11:30,0
,2003/12/2 12:00,0
,2003/12/2 12:30,0
,2003/12/2 13:00,1.778612959
,2003/12/2 13:30,6.677087613
,2003/12/2 14:00,1.122567135
,2003/12/2 14:30,0
,2003/12/2 15:00,0
,2003/12/2 15:30,0
,2003/12/2 16:00,0
,2003/12/2 16:30,0
,2003/12/2 17:00,0
,2003/12/2 17:30,0
,2003/12/2 18:00,0
,2003/12/2 18:30,0
,2003/12/2 19:00,0
,2003/12/2 19:30,0
,2003/12/2 20:00,8.251597518
,2003/12/2 20:30,9.811528232
,2003/12/2 21:00,4.679793052
,2003/12/2 21:30,1.122567135
,2003/12/2 22:00,0
,2003/12/2 22:30,0
,2003/12/2 23:00,0
,2003/12/2 23:30,0
,2003/12/3 0:00,0
,2003/12/3 0:30,0
,2003/12/3 1:00,0
,2003/12/3 1:30,0
,2003/12/3 2:00,0
,2003/12/3 2:30,0
,2003/12/3 3:00,0
,2003/12/3 3:30,0
,2003/12/3 4:00,0
,2003/12/3 4:30,0
,2003/12/3 5:00,0
,2003/12/3 5:30,0
,2003/12/3 6:00,0
,2003/12/3 6:30,0
,2003/12/3 7:00,0
,2003/12/3 7:30,0
,2003/12/3 8:00,0.88930648
,2003/12/3 8:30,2.011873614
,2003/12/3 9:00,5.364996349
,2003/12/3 9:30,0
,2003/12/3 10:00,0
,2003/12/3 10:30,0
,2003/12/3 11:00,0
,2003/12/3 11:30,0
,2003/12/3 12:00,0
,2003/12/3 12:30,0
,2003/12/3 13:00,0
,2003/12/3 13:30,0
,2003/12/3 14:00,0
,2003/12/3 14:30,0
,2003/12/3 15:00,0
,2003/12/3 15:30,0
,2003/12/3 16:00,0
,2003/12/3 16:30,0
,2003/12/3 17:00,0
,2003/12/3 17:30,0
,2003/12/3 18:00,0
,2003/12/3 18:30,0
,2003/12/3 19:00,5.364996349
,2003/12/3 19:30,2.901180094
,2003/12/3 20:00,1.778612959
,2003/12/3 20:30,10.03021022
,2003/12/3 21:00,7.799655005
,2003/12/3 21:30,3.805065245
,2003/12/3 22:00,0
,2003/12/3 22:30,0
,2003/12/3 23:00,0
,2003/12/3 23:30,0
,2003/12/4 0:00,0
,2003/12/4 0:30,0
,2003/12/4 1:00,0
,2003/12/4 1:30,0
,2003/12/4 2:00,0
,2003/12/4 2:30,0
,2003/12/4 3:00,0
,2003/12/4 3:30,0
,2003/12/4 4:00,0
,2003/12/4 4:30,0
,2003/12/4 5:00,0
,2003/12/4 5:30,0
,2003/12/4 6:00,0
,2003/12/4 6:30,0
,2003/12/4 7:00,0
,2003/12/4 7:30,1.122567135
,2003/12/4 8:00,0
,2003/12/4 8:30,0
,2003/12/4 9:00,0
,2003/12/4 9:30,0
,2003/12/4 10:00,0
,2003/12/4 10:30,0
,2003/12/4 11:00,0
,2003/12/4 11:30,0
,2003/12/4 12:00,0
,2003/12/4 12:30,0
,2003/12/4 13:00,0
,2003/12/4 13:30,0
,2003/12/4 14:00,0
,2003/12/4 14:30,0
,2003/12/4 15:00,0
,2003/12/4 15:30,0
,2003/12/4 16:00,0
,2003/12/4 16:30,0
,2003/12/4 17:00,0
,2003/12/4 17:30,0
,2003/12/4 18:00,0
,2003/12/4 18:30,3.790486574
,2003/12/4 19:00,4.913053708
,2003/12/4 19:30,0.88930648
,2003/12/4 20:00,7.158188103
,2003/12/4 20:30,2.901180094
,2003/12/4 21:00,0
,2003/12/4 21:30,2.011873615
,2003/12/4 22:00,0
,2003/12/4 22:30,0
,2003/12/4 23:00,0
,2003/12/4 23:30,0
,2003/12/5 0:00,0
,2003/12/5 0:30,0
,2003/12/5 1:00,0
,2003/12/5 1:30,0
,2003/12/5 2:00,0
,2003/12/5 2:30,0
,2003/12/5 3:00,0
,2003/12/5 3:30,0
,2003/12/5 4:00,0
,2003/12/5 4:30,0
,2003/12/5 5:00,0
,2003/12/5 5:30,0
,2003/12/5 6:00,0
,2003/12/5 6:30,0
,2003/12/5 7:00,0
,2003/12/5 7:30,0.88930648
,2003/12/5 8:00,0
,2003/12/5 8:30,0
,2003/12/5 9:00,0
,2003/12/5 9:30,0
,2003/12/5 10:00,0
,2003/12/5 10:30,0
,2003/12/5 11:00,0
,2003/12/5 11:30,0
,2003/12/5 12:00,0
,2003/12/5 12:30,0
,2003/12/5 13:00,0
,2003/12/5 13:30,0
,2003/12/5 14:00,0
,2003/12/5 14:30,0
,2003/12/5 15:00,0
,2003/12/5 15:30,0
,2003/12/5 16:00,0
,2003/12/5 16:30,0
,2003/12/5 17:00,0
,2003/12/5 17:30,0
,2003/12/5 18:00,0
,2003/12/5 18:30,3.119862077
,2003/12/5 19:00,3.367701405
,2003/12/5 19:30,3.571804333
,2003/12/5 20:00,8.922222013
,2003/12/5 20:30,3.338543935
,2003/12/5 21:00,3.790486574
,2003/12/5 21:30,0
,2003/12/5 22:00,0
,2003/12/5 22:30,0.88930648
,2003/12/5 23:00,3.338543934
,2003/12/5 23:30,0
,2003/12/6 0:00,0
,2003/12/6 0:30,0
,2003/12/6 1:00,0
,2003/12/6 1:30,0
,2003/12/6 2:00,0
,2003/12/6 2:30,0
,2003/12/6 3:00,0
,2003/12/6 3:30,0
,2003/12/6 4:00,0
,2003/12/6 4:30,0
,2003/12/6 5:00,0
,2003/12/6 5:30,0
,2003/12/6 6:00,0
,2003/12/6 6:30,0
,2003/12/6 7:00,0.88930648
,2003/12/6 7:30,4.461110814
,2003/12/6 8:00,0
,2003/12/6 8:30,0
,2003/12/6 9:00,0
,2003/12/6 9:30,0
,2003/12/6 10:00,0
,2003/12/6 10:30,0
,2003/12/6 11:00,0
,2003/12/6 11:30,0
,2003/12/6 12:00,0
,2003/12/6 12:30,0
,2003/12/6 13:00,0
,2003/12/6 13:30,0
,2003/12/6 14:00,0
,2003/12/6 14:30,0
,2003/12/6 15:00,0
,2003/12/6 15:30,0
,2003/12/6 16:00,0
,2003/12/6 16:30,0
,2003/12/6 17:00,0
,2003/12/6 17:30,0
,2003/12/6 18:00,0
,2003/12/6 18:30,2.245134269
,2003/12/6 19:00,0.88930648
,2003/12/6 19:30,0
,2003/12/6 20:00,2.463816253
,2003/12/6 20:30,1.778612959
,2003/12/6 21:00,1.559930975
,2003/12/6 21:30,2.68249811
,2003/12/6 22:00,0
,2003/12/6 22:30,0
,2003/12/6 23:00,0
,2003/12/6 23:30,0
,2003/12/7 0:00,0
,2003/12/7 0:30,0
,2003/12/7 1:00,0
,2003/12/7 1:30,0
,2003/12/7 2:00,0
,2003/12/7 2:30,0
,2003/12/7 3:00,0
,2003/12/7 3:30,0
,2003/12/7 4:00,0
,2003/12/7 4:30,0
,2003/12/7 5:00,0
,2003/12/7 5:30,0
,2003/12/7 6:00,0
,2003/12/7 6:30,0
,2003/12/7 7:00,0
,2003/12/7 7:30,0
,2003/12/7 8:00,1.122567135
,2003/12/7 8:30,3.353122733
,2003/12/7 9:00,0
,2003/12/7 9:30,0
,2003/12/7 10:00,0
,2003/12/7 10:30,0
,2003/12/7 11:00,0
,2003/12/7 11:30,0
,2003/12/7 12:00,0
,2003/12/7 12:30,0
,2003/12/7 13:00,0
,2003/12/7 13:30,0
,2003/12/7 14:00,0
,2003/12/7 14:30,0.88930648
,2003/12/7 15:00,0
,2003/12/7 15:30,0.88930648
,2003/12/7 16:00,0
,2003/12/7 16:30,0
,2003/12/7 17:00,0
,2003/12/7 17:30,0.88930648
,2003/12/7 18:00,0
,2003/12/7 18:30,0
,2003/12/7 19:00,0
,2003/12/7 19:30,0
,2003/12/7 20:00,8.703540284
,2003/12/7 20:30,0
,2003/12/7 21:00,2.011873614
,2003/12/7 21:30,0
,2003/12/7 22:00,1.778612959
,2003/12/7 22:30,0
,2003/12/7 23:00,0
,2003/12/7 23:30,0
,2003/12/8 0:00,0
,2003/12/8 0:30,0
,2003/12/8 1:00,0
,2003/12/8 1:30,0
,2003/12/8 2:00,0
,2003/12/8 2:30,0
,2003/12/8 3:00,0
,2003/12/8 3:30,0
,2003/12/8 4:00,0
,2003/12/8 4:30,0
,2003/12/8 5:00,0
,2003/12/8 5:30,0
,2003/12/8 6:00,0
,2003/12/8 6:30,0
,2003/12/8 7:00,5.350417675
,2003/12/8 7:30,2.667919438
,2003/12/8 8:00,0
,2003/12/8 8:30,0
,2003/12/8 9:00,0
,2003/12/8 9:30,0
,2003/12/8 10:00,0
,2003/12/8 10:30,0
,2003/12/8 11:00,0
,2003/12/8 11:30,0
,2003/12/8 12:00,0
,2003/12/8 12:30,0
,2003/12/8 13:00,0
,2003/12/8 13:30,0
,2003/12/8 14:00,0
,2003/12/8 14:30,0
,2003/12/8 15:00,0
,2003/12/8 15:30,0
,2003/12/8 16:00,0
,2003/12/8 16:30,0
,2003/12/8 17:00,0
,2003/12/8 17:30,0
,2003/12/8 18:00,0
,2003/12/8 18:30,3.790486573
,2003/12/8 19:00,2.901180094
,2003/12/8 19:30,1.122567135
,2003/12/8 20:00,2.245134269
,2003/12/8 20:30,1.778612959
,2003/12/8 21:00,3.790486574
,2003/12/8 21:30,0
,2003/12/8 22:00,0
,2003/12/8 22:30,0
,2003/12/8 23:00,0
,2003/12/8 23:30,0
,2003/12/9 0:00,0
,2003/12/9 0:30,0
,2003/12/9 1:00,0
,2003/12/9 1:30,0
,2003/12/9 2:00,0
,2003/12/9 2:30,0
,2003/12/9 3:00,0
,2003/12/9 3:30,0
,2003/12/9 4:00,0
,2003/12/9 4:30,0
,2003/12/9 5:00,0
,2003/12/9 5:30,0
,2003/12/9 6:00,0
,2003/12/9 6:30,0
,2003/12/9 7:00,0
,2003/12/9 7:30,0
,2003/12/9 8:00,0
,2003/12/9 8:30,0
,2003/12/9 9:00,0
,2003/12/9 9:30,7.129030378
,2003/12/9 10:00,0
,2003/12/9 10:30,0
,2003/12/9 11:00,0
,2003/12/9 11:30,0
,2003/12/9 12:00,0
,2003/12/9 12:30,0
,2003/12/9 13:00,0
,2003/12/9 13:30,0
,2003/12/9 14:00,0
,2003/12/9 14:30,0
,2003/12/9 15:00,4.913053708
,2003/12/9 15:30,4.009168429
,2003/12/9 16:00,0
,2003/12/9 16:30,0
,2003/12/9 17:00,0
,2003/12/9 17:30,2.68249811
,2003/12/9 18:00,0
,2003/12/9 18:30,0
,2003/12/9 19:00,1.341249119
,2003/12/9 19:30,4.446532397
,2003/12/9 20:00,2.901180093
,2003/12/9 20:30,1.341249119
,2003/12/9 21:00,5.802360188
,2003/12/9 21:30,3.790486573
,2003/12/9 22:00,3.353122733
,2003/12/9 22:30,0
,2003/12/9 23:00,0
,2003/12/9 23:30,0
,2003/12/10 0:00,0
,2003/12/10 0:30,0
,2003/12/10 1:00,0
,2003/12/10 1:30,0
,2003/12/10 2:00,0
,2003/12/10 2:30,0
,2003/12/10 3:00,0
,2003/12/10 3:30,0
,2003/12/10 4:00,0
,2003/12/10 4:30,0
,2003/12/10 5:00,0
,2003/12/10 5:30,0
,2003/12/10 6:00,0
,2003/12/10 6:30,0
,2003/12/10 7:00,0
,2003/12/10 7:30,0
,2003/12/10 8:00,0
,2003/12/10 8:30,0.88930648
,2003/12/10 9:00,1.122567135
,2003/12/10 9:30,0
,2003/12/10 10:00,5.350417551
,2003/12/10 10:30,1.122567135
,2003/12/10 11:00,0
,2003/12/10 11:30,4.023747232
,2003/12/10 12:00,1.778612959
,2003/12/10 12:30,9.607425434
,2003/12/10 13:00,2.011873614
,2003/12/10 13:30,1.122567135
,2003/12/10 14:00,1.341249119
,2003/12/10 14:30,0
,2003/12/10 15:00,0
,2003/12/10 15:30,0
,2003/12/10 16:00,0
,2003/12/10 16:30,0
,2003/12/10 17:00,0
,2003/12/10 17:30,0
,2003/12/10 18:00,0
,2003/12/10 18:30,0
,2003/12/10 19:00,3.557225918
,2003/12/10 19:30,0.88930648
,2003/12/10 20:00,0
,2003/12/10 20:30,2.011873615
,2003/12/10 21:00,2.011873614
,2003/12/10 21:30,0
,2003/12/10 22:00,0
,2003/12/10 22:30,0
,2003/12/10 23:00,0
,2003/12/10 23:30,0
,2003/12/11 0:00,0
,2003/12/11 0:30,0
,2003/12/11 1:00,0
,2003/12/11 1:30,0
,2003/12/11 2:00,0
,2003/12/11 2:30,0
,2003/12/11 3:00,0
,2003/12/11 3:30,0
,2003/12/11 4:00,0
,2003/12/11 4:30,0
,2003/12/11 5:00,0
,2003/12/11 5:30,0
,2003/12/11 6:00,0
,2003/12/11 6:30,0.88930648
,2003/12/11 7:00,0
,2003/12/11 7:30,0.88930648
,2003/12/11 8:00,0
,2003/12/11 8:30,0
,2003/12/11 9:00,0
,2003/12/11 9:30,0
,2003/12/11 10:00,0
,2003/12/11 10:30,0
,2003/12/11 11:00,0
,2003/12/11 11:30,0
,2003/12/11 12:00,0
,2003/12/11 12:30,0
,2003/12/11 13:00,0
,2003/12/11 13:30,0
,2003/12/11 14:00,0
,2003/12/11 14:30,0
,2003/12/11 15:00,0
,2003/12/11 15:30,0
,2003/12/11 16:00,0
,2003/12/11 16:30,0
,2003/12/11 17:00,0
,2003/12/11 17:30,0
,2003/12/11 18:00,0
,2003/12/11 18:30,1.559930975
,2003/12/11 19:00,4.446532397
,2003/12/11 19:30,4.009168429
,2003/12/11 20:00,7.799654877
,2003/12/11 20:30,1.122567135
,2003/12/11 21:00,0.88930648
,2003/12/11 21:30,0
,2003/12/11 22:00,0
,2003/12/11 22:30,0.88930648
,2003/12/11 23:00,0
,2003/12/11 23:30,0
,2003/12/12 0:00,3.57180459
,2003/12/12 0:30,0
,2003/12/12 1:00,0
,2003/12/12 1:30,0
,2003/12/12 2:00,0
,2003/12/12 2:30,0
,2003/12/12 3:00,0
,2003/12/12 3:30,0
,2003/12/12 4:00,0
,2003/12/12 4:30,0
,2003/12/12 5:00,0
,2003/12/12 5:30,0
,2003/12/12 6:00,0
,2003/12/12 6:30,0.88930648
,2003/12/12 7:00,0.88930648
,2003/12/12 7:30,0.88930648
,2003/12/12 8:00,0
,2003/12/12 8:30,0
,2003/12/12 9:00,0
,2003/12/12 9:30,0
,2003/12/12 10:00,0
,2003/12/12 10:30,0
,2003/12/12 11:00,0
,2003/12/12 11:30,0
,2003/12/12 12:00,0
,2003/12/12 12:30,0
,2003/12/12 13:00,0
,2003/12/12 13:30,0
,2003/12/12 14:00,0
,2003/12/12 14:30,0
,2003/12/12 15:00,0
,2003/12/12 15:30,0
,2003/12/12 16:00,0
,2003/12/12 16:30,0
,2003/12/12 17:00,0
,2003/12/12 17:30,0
,2003/12/12 18:00,0
,2003/12/12 18:30,2.011873614
,2003/12/12 19:00,0.88930648
,2003/12/12 19:30,0
,2003/12/12 20:00,0
,2003/12/12 20:30,4.694371726
,2003/12/12 21:00,1.341249119
,2003/12/12 21:30,0
,2003/12/12 22:00,0
,2003/12/12 22:30,0
,2003/12/12 23:00,0
,2003/12/12 23:30,1.341249119
,2003/12/13 0:00,2.667919438
,2003/12/13 0:30,0.88930648
,2003/12/13 1:00,0
,2003/12/13 1:30,0
,2003/12/13 2:00,0
,2003/12/13 2:30,0
,2003/12/13 3:00,0
,2003/12/13 3:30,0
,2003/12/13 4:00,0
,2003/12/13 4:30,0
,2003/12/13 5:00,0
,2003/12/13 5:30,0
,2003/12/13 6:00,0
,2003/12/13 6:30,0
,2003/12/13 7:00,0
,2003/12/13 7:30,0
,2003/12/13 8:00,0
,2003/12/13 8:30,0
,2003/12/13 9:00,0
,2003/12/13 9:30,0
,2003/12/13 10:00,0
,2003/12/13 10:30,0
,2003/12/13 11:00,0
,2003/12/13 11:30,0
,2003/12/13 12:00,0
,2003/12/13 12:30,0
,2003/12/13 13:00,0
,2003/12/13 13:30,0
,2003/12/13 14:00,0
,2003/12/13 14:30,0
,2003/12/13 15:00,0
,2003/12/13 15:30,0
,2003/12/13 16:00,0
,2003/12/13 16:30,0
,2003/12/13 17:00,0
,2003/12/13 17:30,0
,2003/12/13 18:00,0
,2003/12/13 18:30,0
,2003/12/13 19:00,0.88930648
,2003/12/13 19:30,4.461110942
,2003/12/13 20:00,8.251597643
,2003/12/13 20:30,0
,2003/12/13 21:00,0
,2003/12/13 21:30,0
,2003/12/13 22:00,0
,2003/12/13 22:30,0
,2003/12/13 23:00,0
,2003/12/13 23:30,0
,2003/12/14 0:00,0
,2003/12/14 0:30,2.463816253
,2003/12/14 1:00,0
,2003/12/14 1:30,0
,2003/12/14 2:00,0
,2003/12/14 2:30,0
,2003/12/14 3:00,0
,2003/12/14 3:30,0
,2003/12/14 4:00,0
,2003/12/14 4:30,0
,2003/12/14 5:00,0
,2003/12/14 5:30,0
,2003/12/14 6:00,0
,2003/12/14 6:30,0
,2003/12/14 7:00,0
,2003/12/14 7:30,0
,2003/12/14 8:00,0
,2003/12/14 8:30,0
,2003/12/14 9:00,0
,2003/12/14 9:30,0.88930648
,2003/12/14 10:00,0
,2003/12/14 10:30,0
,2003/12/14 11:00,0
,2003/12/14 11:30,0
,2003/12/14 12:00,0
,2003/12/14 12:30,0
,2003/12/14 13:00,0
,2003/12/14 13:30,0
,2003/12/14 14:00,0
,2003/12/14 14:30,0
,2003/12/14 15:00,0
,2003/12/14 15:30,0
,2003/12/14 16:00,0
,2003/12/14 16:30,0
,2003/12/14 17:00,0
,2003/12/14 17:30,0
,2003/12/14 18:00,0
,2003/12/14 18:30,0
,2003/12/14 19:00,0
,2003/12/14 19:30,1.778612959
,2003/12/14 20:00,2.901180093
,2003/12/14 20:30,0
,2003/12/14 21:00,0
,2003/12/14 21:30,0
,2003/12/14 22:00,0.88930648
,2003/12/14 22:30,0
,2003/12/14 23:00,0
,2003/12/14 23:30,0
,2003/12/15 0:00,0
,2003/12/15 0:30,0
,2003/12/15 1:00,0
,2003/12/15 1:30,0
,2003/12/15 2:00,0
,2003/12/15 2:30,0
,2003/12/15 3:00,0
,2003/12/15 3:30,0
,2003/12/15 4:00,0
,2003/12/15 4:30,0
,2003/12/15 5:00,0
,2003/12/15 5:30,0
,2003/12/15 6:00,0
,2003/12/15 6:30,0
,2003/12/15 7:00,0
,2003/12/15 7:30,0
,2003/12/15 8:00,0
,2003/12/15 8:30,0
,2003/12/15 9:00,0
,2003/12/15 9:30,0
,2003/12/15 10:00,0
,2003/12/15 10:30,0
,2003/12/15 11:00,0
,2003/12/15 11:30,0
,2003/12/15 12:00,0
,2003/12/15 12:30,0
,2003/12/15 13:00,0
,2003/12/15 13:30,0
,2003/12/15 14:00,0
,2003/12/15 14:30,0
,2003/12/15 15:00,0
,2003/12/15 15:30,0
,2003/12/15 16:00,0
,2003/12/15 16:30,0
,2003/12/15 17:00,0
,2003/12/15 17:30,0
,2003/12/15 18:00,0
,2003/12/15 18:30,2.901180094
,2003/12/15 19:00,0.88930648
,2003/12/15 19:30,8.251597514
,2003/12/15 20:00,3.119861951
,2003/12/15 20:30,0
,2003/12/15 21:00,1.122567135
,2003/12/15 21:30,0
,2003/12/15 22:00,0
,2003/12/15 22:30,0
,2003/12/15 23:00,0
,2003/12/15 23:30,0
,2003/12/16 0:00,0
,2003/12/16 0:30,0
,2003/12/16 1:00,0
,2003/12/16 1:30,0
,2003/12/16 2:00,0
,2003/12/16 2:30,0
,2003/12/16 3:00,0
,2003/12/16 3:30,0
,2003/12/16 4:00,0
,2003/12/16 4:30,0
,2003/12/16 5:00,0
,2003/12/16 5:30,0
,2003/12/16 6:00,0
,2003/12/16 6:30,0
,2003/12/16 7:00,0
,2003/12/16 7:30,0
,2003/12/16 8:00,0
,2003/12/16 8:30,0
,2003/12/16 9:00,0
,2003/12/16 9:30,0
,2003/12/16 10:00,0
,2003/12/16 10:30,0
,2003/12/16 11:00,0
,2003/12/16 11:30,0
,2003/12/16 12:00,0
,2003/12/16 12:30,3.805065372
,2003/12/16 13:00,1.122567135
,2003/12/16 13:30,0
,2003/12/16 14:00,0
,2003/12/16 14:30,0
,2003/12/16 15:00,0
,2003/12/16 15:30,0
,2003/12/16 16:00,0
,2003/12/16 16:30,0
,2003/12/16 17:00,0
,2003/12/16 17:30,0
,2003/12/16 18:00,0
,2003/12/16 18:30,0
,2003/12/16 19:00,0
,2003/12/16 19:30,0
,2003/12/16 20:00,0
,2003/12/16 20:30,0
,2003/12/16 21:00,0
,2003/12/16 21:30,0
,2003/12/16 22:00,0
,2003/12/16 22:30,0
,2003/12/16 23:00,0
,2003/12/16 23:30,0
,2003/12/17 0:00,0
,2003/12/17 0:30,0
,2003/12/17 1:00,0
,2003/12/17 1:30,0
,2003/12/17 2:00,0
,2003/12/17 2:30,0
,2003/12/17 3:00,0
,2003/12/17 3:30,0
,2003/12/17 4:00,0
,2003/12/17 4:30,0
,2003/12/17 5:00,0
,2003/12/17 5:30,0
,2003/12/17 6:00,0
,2003/12/17 6:30,0
,2003/12/17 7:00,0
,2003/12/17 7:30,0
,2003/12/17 8:00,0
,2003/12/17 8:30,0
,2003/12/17 9:00,0
,2003/12/17 9:30,0
,2003/12/17 10:00,0
,2003/12/17 10:30,0
,2003/12/17 11:00,0
,2003/12/17 11:30,0
,2003/12/17 12:00,0
,2003/12/17 12:30,0
,2003/12/17 13:00,0
,2003/12/17 13:30,0
,2003/12/17 14:00,0
,2003/12/17 14:30,0
,2003/12/17 15:00,0
,2003/12/17 15:30,0
,2003/12/17 16:00,0
,2003/12/17 16:30,0
,2003/12/17 17:00,0
,2003/12/17 17:30,0
,2003/12/17 18:00,0
,2003/12/17 18:30,0
,2003/12/17 19:00,0
,2003/12/17 19:30,0
,2003/12/17 20:00,0
,2003/12/17 20:30,0
,2003/12/17 21:00,0
,2003/12/17 21:30,0
,2003/12/17 22:00,0
,2003/12/17 22:30,0
,2003/12/17 23:00,0
,2003/12/17 23:30,0
,2003/12/18 0:00,0
,2003/12/18 0:30,0
,2003/12/18 1:00,0
,2003/12/18 1:30,0
,2003/12/18 2:00,0
,2003/12/18 2:30,0
,2003/12/18 3:00,0
,2003/12/18 3:30,0
,2003/12/18 4:00,0
,2003/12/18 4:30,0
,2003/12/18 5:00,0
,2003/12/18 5:30,0
,2003/12/18 6:00,0
,2003/12/18 6:30,0
,2003/12/18 7:00,0
,2003/12/18 7:30,0
,2003/12/18 8:00,0
,2003/12/18 8:30,0
,2003/12/18 9:00,0
,2003/12/18 9:30,0
,2003/12/18 10:00,0
,2003/12/18 10:30,0
,2003/12/18 11:00,0
,2003/12/18 11:30,0
,2003/12/18 12:00,0
,2003/12/18 12:30,0
,2003/12/18 13:00,0
,2003/12/18 13:30,0
,2003/12/18 14:00,0
,2003/12/18 14:30,0
,2003/12/18 15:00,0
,2003/12/18 15:30,0
,2003/12/18 16:00,0
,2003/12/18 16:30,0
,2003/12/18 17:00,0
,2003/12/18 17:30,0
,2003/12/18 18:00,0
,2003/12/18 18:30,0
,2003/12/18 19:00,0
,2003/12/18 19:30,0
,2003/12/18 20:00,0
,2003/12/18 20:30,0
,2003/12/18 21:00,0
,2003/12/18 21:30,0
,2003/12/18 22:00,0
,2003/12/18 22:30,0
,2003/12/18 23:00,0
,2003/12/18 23:30,0
,2003/12/19 0:00,0
,2003/12/19 0:30,0
,2003/12/19 1:00,0
,2003/12/19 1:30,0
,2003/12/19 2:00,0
,2003/12/19 2:30,0
,2003/12/19 3:00,0
,2003/12/19 3:30,0
,2003/12/19 4:00,0
,2003/12/19 4:30,0
,2003/12/19 5:00,0
,2003/12/19 5:30,0
,2003/12/19 6:00,0
,2003/12/19 6:30,0
,2003/12/19 7:00,0
,2003/12/19 7:30,0
,2003/12/19 8:00,0
,2003/12/19 8:30,0
,2003/12/19 9:00,0
,2003/12/19 9:30,0
,2003/12/19 10:00,0
,2003/12/19 10:30,0
,2003/12/19 11:00,0
,2003/12/19 11:30,0
,2003/12/19 12:00,0
,2003/12/19 12:30,0
,2003/12/19 13:00,0
,2003/12/19 13:30,0
,2003/12/19 14:00,0
,2003/12/19 14:30,0
,2003/12/19 15:00,0
,2003/12/19 15:30,0
,2003/12/19 16:00,0
,2003/12/19 16:30,0
,2003/12/19 17:00,0
,2003/12/19 17:30,0
,2003/12/19 18:00,0
,2003/12/19 18:30,0
,2003/12/19 19:00,0
,2003/12/19 19:30,0
,2003/12/19 20:00,0
,2003/12/19 20:30,0
,2003/12/19 21:00,0
,2003/12/19 21:30,0
,2003/12/19 22:00,0
,2003/12/19 22:30,0
,2003/12/19 23:00,0
,2003/12/19 23:30,0
,2003/12/20 0:00,0
,2003/12/20 0:30,0
,2003/12/20 1:00,0
,2003/12/20 1:30,0
,2003/12/20 2:00,0
,2003/12/20 2:30,0
,2003/12/20 3:00,0
,2003/12/20 3:30,0
,2003/12/20 4:00,0
,2003/12/20 4:30,0
,2003/12/20 5:00,0
,2003/12/20 5:30,0
,2003/12/20 6:00,0
,2003/12/20 6:30,0
,2003/12/20 7:00,0
,2003/12/20 7:30,0
,2003/12/20 8:00,0
,2003/12/20 8:30,0
,2003/12/20 9:00,0
,2003/12/20 9:30,0
,2003/12/20 10:00,0
,2003/12/20 10:30,0
,2003/12/20 11:00,0
,2003/12/20 11:30,0
,2003/12/20 12:00,0
,2003/12/20 12:30,0
,2003/12/20 13:00,0
,2003/12/20 13:30,0
,2003/12/20 14:00,0
,2003/12/20 14:30,0
,2003/12/20 15:00,0
,2003/12/20 15:30,0
,2003/12/20 16:00,0
,2003/12/20 16:30,0
,2003/12/20 17:00,0
,2003/12/20 17:30,0
,2003/12/20 18:00,0
,2003/12/20 18:30,0
,2003/12/20 19:00,0
,2003/12/20 19:30,0
,2003/12/20 20:00,0
,2003/12/20 20:30,0
,2003/12/20 21:00,0
,2003/12/20 21:30,0
,2003/12/20 22:00,0
,2003/12/20 22:30,0
,2003/12/20 23:00,0
,2003/12/20 23:30,0
,2003/12/21 0:00,0
,2003/12/21 0:30,0
,2003/12/21 1:00,0
,2003/12/21 1:30,0
,2003/12/21 2:00,0
,2003/12/21 2:30,0
,2003/12/21 3:00,0
,2003/12/21 3:30,0
,2003/12/21 4:00,0
,2003/12/21 4:30,0
,2003/12/21 5:00,0
,2003/12/21 5:30,0
,2003/12/21 6:00,0
,2003/12/21 6:30,0
,2003/12/21 7:00,0
,2003/12/21 7:30,0
,2003/12/21 8:00,0
,2003/12/21 8:30,0
,2003/12/21 9:00,0
,2003/12/21 9:30,0
,2003/12/21 10:00,0
,2003/12/21 10:30,0
,2003/12/21 11:00,0
,2003/12/21 11:30,0
,2003/12/21 12:00,0
,2003/12/21 12:30,0
,2003/12/21 13:00,0
,2003/12/21 13:30,0
,2003/12/21 14:00,0
,2003/12/21 14:30,0
,2003/12/21 15:00,0
,2003/12/21 15:30,0
,2003/12/21 16:00,0
,2003/12/21 16:30,0
,2003/12/21 17:00,0
,2003/12/21 17:30,0
,2003/12/21 18:00,0
,2003/12/21 18:30,0
,2003/12/21 19:00,0
,2003/12/21 19:30,0
,2003/12/21 20:00,0
,2003/12/21 20:30,0
,2003/12/21 21:00,0
,2003/12/21 21:30,0
,2003/12/21 22:00,0
,2003/12/21 22:30,0
,2003/12/21 23:00,0
,2003/12/21 23:30,0
,2003/12/22 0:00,0
,2003/12/22 0:30,0
,2003/12/22 1:00,0
,2003/12/22 1:30,0
,2003/12/22 2:00,0
,2003/12/22 2:30,0
,2003/12/22 3:00,0
,2003/12/22 3:30,0
,2003/12/22 4:00,0
,2003/12/22 4:30,0
,2003/12/22 5:00,0
,2003/12/22 5:30,0
,2003/12/22 6:00,0
,2003/12/22 6:30,0
,2003/12/22 7:00,0
,2003/12/22 7:30,0
,2003/12/22 8:00,0
,2003/12/22 8:30,0
,2003/12/22 9:00,0
,2003/12/22 9:30,0
,2003/12/22 10:00,0
,2003/12/22 10:30,0
,2003/12/22 11:00,0
,2003/12/22 11:30,0
,2003/12/22 12:00,0
,2003/12/22 12:30,0
,2003/12/22 13:00,0
,2003/12/22 13:30,0
,2003/12/22 14:00,0
,2003/12/22 14:30,0
,2003/12/22 15:00,0
,2003/12/22 15:30,0
,2003/12/22 16:00,0
,2003/12/22 16:30,0
,2003/12/22 17:00,0
,2003/12/22 17:30,0
,2003/12/22 18:00,0
,2003/12/22 18:30,0
,2003/12/22 19:00,0
,2003/12/22 19:30,0
,2003/12/22 20:00,0
,2003/12/22 20:30,0
,2003/12/22 21:00,0
,2003/12/22 21:30,0
,2003/12/22 22:00,0
,2003/12/22 22:30,0
,2003/12/22 23:00,0
,2003/12/22 23:30,0
,2003/12/23 0:00,0
,2003/12/23 0:30,0
,2003/12/23 1:00,0
,2003/12/23 1:30,0
,2003/12/23 2:00,0
,2003/12/23 2:30,0
,2003/12/23 3:00,0
,2003/12/23 3:30,0
,2003/12/23 4:00,0
,2003/12/23 4:30,0
,2003/12/23 5:00,0
,2003/12/23 5:30,0
,2003/12/23 6:00,0
,2003/12/23 6:30,0
,2003/12/23 7:00,0
,2003/12/23 7:30,0
,2003/12/23 8:00,0
,2003/12/23 8:30,0
,2003/12/23 9:00,0
,2003/12/23 9:30,0
,2003/12/23 10:00,0
,2003/12/23 10:30,0
,2003/12/23 11:00,0
,2003/12/23 11:30,0
,2003/12/23 12:00,0
,2003/12/23 12:30,0.88930648
,2003/12/23 13:00,0
,2003/12/23 13:30,0
,2003/12/23 14:00,0
,2003/12/23 14:30,0
,2003/12/23 15:00,0
,2003/12/23 15:30,0
,2003/12/23 16:00,0
,2003/12/23 16:30,0
,2003/12/23 17:00,0
,2003/12/23 17:30,1.778612959
,2003/12/23 18:00,0.88930648
,2003/12/23 18:30,4.023747228
,2003/12/23 19:00,0.88930648
,2003/12/23 19:30,0.88930648
,2003/12/23 20:00,0
,2003/12/23 20:30,0
,2003/12/23 21:00,0
,2003/12/23 21:30,0
,2003/12/23 22:00,0
,2003/12/23 22:30,0
,2003/12/23 23:00,0
,2003/12/23 23:30,0
,2003/12/24 0:00,0
,2003/12/24 0:30,0
,2003/12/24 1:00,0
,2003/12/24 1:30,0
,2003/12/24 2:00,0
,2003/12/24 2:30,0
,2003/12/24 3:00,0
,2003/12/24 3:30,0
,2003/12/24 4:00,0
,2003/12/24 4:30,0
,2003/12/24 5:00,0
,2003/12/24 5:30,0
,2003/12/24 6:00,0
,2003/12/24 6:30,0
,2003/12/24 7:00,0
,2003/12/24 7:30,0
,2003/12/24 8:00,0
,2003/12/24 8:30,0
,2003/12/24 9:00,0
,2003/12/24 9:30,0
,2003/12/24 10:00,0
,2003/12/24 10:30,0
,2003/12/24 11:00,0.88930648
,2003/12/24 11:30,0
,2003/12/24 12:00,0
,2003/12/24 12:30,0
,2003/12/24 13:00,0
,2003/12/24 13:30,0
,2003/12/24 14:00,0
,2003/12/24 14:30,0
,2003/12/24 15:00,0
,2003/12/24 15:30,0
,2003/12/24 16:00,0
,2003/12/24 16:30,0
,2003/12/24 17:00,0
,2003/12/24 17:30,0
,2003/12/24 18:00,0
,2003/12/24 18:30,1.778612959
,2003/12/24 19:00,0.88930648
,2003/12/24 19:30,0.88930648
,2003/12/24 20:00,0.88930648
,2003/12/24 20:30,0
,2003/12/24 21:00,0
,2003/12/24 21:30,0
,2003/12/24 22:00,0
,2003/12/24 22:30,0
,2003/12/24 23:00,0
,2003/12/24 23:30,0
,2003/12/25 0:00,0
,2003/12/25 0:30,0
,2003/12/25 1:00,0
,2003/12/25 1:30,0
,2003/12/25 2:00,0
,2003/12/25 2:30,0
,2003/12/25 3:00,0
,2003/12/25 3:30,0
,2003/12/25 4:00,0
,2003/12/25 4:30,0
,2003/12/25 5:00,0
,2003/12/25 5:30,0
,2003/12/25 6:00,0
,2003/12/25 6:30,0
,2003/12/25 7:00,0
,2003/12/25 7:30,0
,2003/12/25 8:00,0
,2003/12/25 8:30,0
,2003/12/25 9:00,0
,2003/12/25 9:30,0
,2003/12/25 10:00,0
,2003/12/25 10:30,0
,2003/12/25 11:00,0
,2003/12/25 11:30,0
,2003/12/25 12:00,0
,2003/12/25 12:30,0
,2003/12/25 13:00,0
,2003/12/25 13:30,0
,2003/12/25 14:00,0
,2003/12/25 14:30,0
,2003/12/25 15:00,0
,2003/12/25 15:30,0
,2003/12/25 16:00,0
,2003/12/25 16:30,0
,2003/12/25 17:00,0
,2003/12/25 17:30,0
,2003/12/25 18:00,0
,2003/12/25 18:30,0
,2003/12/25 19:00,0
,2003/12/25 19:30,0
,2003/12/25 20:00,0
,2003/12/25 20:30,0
,2003/12/25 21:00,0
,2003/12/25 21:30,0
,2003/12/25 22:00,0
,2003/12/25 22:30,0
,2003/12/25 23:00,0
,2003/12/25 23:30,0
,2003/12/26 0:00,0
,2003/12/26 0:30,0
,2003/12/26 1:00,0
,2003/12/26 1:30,0
,2003/12/26 2:00,0
,2003/12/26 2:30,0
,2003/12/26 3:00,0
,2003/12/26 3:30,0
,2003/12/26 4:00,0
,2003/12/26 4:30,0
,2003/12/26 5:00,0
,2003/12/26 5:30,0
,2003/12/26 6:00,0
,2003/12/26 6:30,0
,2003/12/26 7:00,0
,2003/12/26 7:30,0
,2003/12/26 8:00,0
,2003/12/26 8:30,0
,2003/12/26 9:00,0
,2003/12/26 9:30,0
,2003/12/26 10:00,0
,2003/12/26 10:30,0
,2003/12/26 11:00,0
,2003/12/26 11:30,0
,2003/12/26 12:00,0
,2003/12/26 12:30,0
,2003/12/26 13:00,0
,2003/12/26 13:30,0
,2003/12/26 14:00,0
,2003/12/26 14:30,0
,2003/12/26 15:00,0
,2003/12/26 15:30,0
,2003/12/26 16:00,0
,2003/12/26 16:30,0
,2003/12/26 17:00,0
,2003/12/26 17:30,0
,2003/12/26 18:00,0
,2003/12/26 18:30,0
,2003/12/26 19:00,0
,2003/12/26 19:30,0
,2003/12/26 20:00,0
,2003/12/26 20:30,0
,2003/12/26 21:00,0
,2003/12/26 21:30,0
,2003/12/26 22:00,0
,2003/12/26 22:30,0
,2003/12/26 23:00,0
,2003/12/26 23:30,0
,2003/12/27 0:00,0
,2003/12/27 0:30,0
,2003/12/27 1:00,0
,2003/12/27 1:30,0
,2003/12/27 2:00,0
,2003/12/27 2:30,0
,2003/12/27 3:00,0
,2003/12/27 3:30,0
,2003/12/27 4:00,0
,2003/12/27 4:30,0
,2003/12/27 5:00,0
,2003/12/27 5:30,0
,2003/12/27 6:00,0
,2003/12/27 6:30,0
,2003/12/27 7:00,0
,2003/12/27 7:30,0
,2003/12/27 8:00,0
,2003/12/27 8:30,0
,2003/12/27 9:00,0
,2003/12/27 9:30,0
,2003/12/27 10:00,0
,2003/12/27 10:30,0
,2003/12/27 11:00,0
,2003/12/27 11:30,0
,2003/12/27 12:00,0
,2003/12/27 12:30,0
,2003/12/27 13:00,0
,2003/12/27 13:30,0
,2003/12/27 14:00,0
,2003/12/27 14:30,0
,2003/12/27 15:00,0
,2003/12/27 15:30,0
,2003/12/27 16:00,0
,2003/12/27 16:30,0
,2003/12/27 17:00,0
,2003/12/27 17:30,0
,2003/12/27 18:00,0
,2003/12/27 18:30,0
,2003/12/27 19:00,0
,2003/12/27 19:30,0
,2003/12/27 20:00,0
,2003/12/27 20:30,0
,2003/12/27 21:00,0
,2003/12/27 21:30,0
,2003/12/27 22:00,0
,2003/12/27 22:30,0
,2003/12/27 23:00,0
,2003/12/27 23:30,0
,2003/12/28 0:00,0
,2003/12/28 0:30,0
,2003/12/28 1:00,0
,2003/12/28 1:30,0
,2003/12/28 2:00,0
,2003/12/28 2:30,0
,2003/12/28 3:00,0
,2003/12/28 3:30,0
,2003/12/28 4:00,0
,2003/12/28 4:30,0
,2003/12/28 5:00,0
,2003/12/28 5:30,0
,2003/12/28 6:00,0
,2003/12/28 6:30,0
,2003/12/28 7:00,0
,2003/12/28 7:30,0
,2003/12/28 8:00,0
,2003/12/28 8:30,0
,2003/12/28 9:00,0
,2003/12/28 9:30,0
,2003/12/28 10:00,0
,2003/12/28 10:30,0
,2003/12/28 11:00,0
,2003/12/28 11:30,0
,2003/12/28 12:00,0
,2003/12/28 12:30,0
,2003/12/28 13:00,0
,2003/12/28 13:30,0
,2003/12/28 14:00,0
,2003/12/28 14:30,0
,2003/12/28 15:00,0
,2003/12/28 15:30,0
,2003/12/28 16:00,0
,2003/12/28 16:30,0
,2003/12/28 17:00,0
,2003/12/28 17:30,0
,2003/12/28 18:00,0
,2003/12/28 18:30,0
,2003/12/28 19:00,0
,2003/12/28 19:30,0
,2003/12/28 20:00,0
,2003/12/28 20:30,0
,2003/12/28 21:00,0
,2003/12/28 21:30,0
,2003/12/28 22:00,0
,2003/12/28 22:30,0
,2003/12/28 23:00,0
,2003/12/28 23:30,0
,2003/12/29 0:00,0
,2003/12/29 0:30,0
,2003/12/29 1:00,0
,2003/12/29 1:30,0
,2003/12/29 2:00,0
,2003/12/29 2:30,0
,2003/12/29 3:00,0
,2003/12/29 3:30,0
,2003/12/29 4:00,0
,2003/12/29 4:30,0
,2003/12/29 5:00,0
,2003/12/29 5:30,0
,2003/12/29 6:00,0
,2003/12/29 6:30,0
,2003/12/29 7:00,0
,2003/12/29 7:30,0
,2003/12/29 8:00,0
,2003/12/29 8:30,0
,2003/12/29 9:00,0
,2003/12/29 9:30,0
,2003/12/29 10:00,0
,2003/12/29 10:30,0
,2003/12/29 11:00,0
,2003/12/29 11:30,0
,2003/12/29 12:00,0
,2003/12/29 12:30,0
,2003/12/29 13:00,0
,2003/12/29 13:30,0
,2003/12/29 14:00,0
,2003/12/29 14:30,0
,2003/12/29 15:00,0
,2003/12/29 15:30,0
,2003/12/29 16:00,0
,2003/12/29 16:30,0
,2003/12/29 17:00,0
,2003/12/29 17:30,0
,2003/12/29 18:00,0
,2003/12/29 18:30,0
,2003/12/29 19:00,0
,2003/12/29 19:30,0
,2003/12/29 20:00,0
,2003/12/29 20:30,0
,2003/12/29 21:00,0
,2003/12/29 21:30,0
,2003/12/29 22:00,0
,2003/12/29 22:30,0
,2003/12/29 23:00,0
,2003/12/29 23:30,0
,2003/12/30 0:00,0
,2003/12/30 0:30,0
,2003/12/30 1:00,0
,2003/12/30 1:30,0
,2003/12/30 2:00,0
,2003/12/30 2:30,0
,2003/12/30 3:00,0
,2003/12/30 3:30,0
,2003/12/30 4:00,0
,2003/12/30 4:30,0
,2003/12/30 5:00,0
,2003/12/30 5:30,0
,2003/12/30 6:00,0
,2003/12/30 6:30,0
,2003/12/30 7:00,0
,2003/12/30 7:30,0
,2003/12/30 8:00,0
,2003/12/30 8:30,0
,2003/12/30 9:00,0
,2003/12/30 9:30,0
,2003/12/30 10:00,3.790486573
,2003/12/30 10:30,1.122567135
,2003/12/30 11:00,0
,2003/12/30 11:30,0
,2003/12/30 12:00,0
,2003/12/30 12:30,0
,2003/12/30 13:00,0
,2003/12/30 13:30,0
,2003/12/30 14:00,0
,2003/12/30 14:30,0
,2003/12/30 15:00,0
,2003/12/30 15:30,0
,2003/12/30 16:00,0
,2003/12/30 16:30,0
,2003/12/30 17:00,0
,2003/12/30 17:30,0
,2003/12/30 18:00,0
,2003/12/30 18:30,0
,2003/12/30 19:00,0
,2003/12/30 19:30,0
,2003/12/30 20:00,0
,2003/12/30 20:30,0
,2003/12/30 21:00,0
,2003/12/30 21:30,0
,2003/12/30 22:00,0
,2003/12/30 22:30,0
,2003/12/30 23:00,0
,2003/12/30 23:30,0
,2003/12/31 0:00,0
,2003/12/31 0:30,0
,2003/12/31 1:00,0
,2003/12/31 1:30,0
,2003/12/31 2:00,0
,2003/12/31 2:30,0
,2003/12/31 3:00,0
,2003/12/31 3:30,0
,2003/12/31 4:00,0
,2003/12/31 4:30,0
,2003/12/31 5:00,0
,2003/12/31 5:30,0
,2003/12/31 6:00,0
,2003/12/31 6:30,0
,2003/12/31 7:00,0
,2003/12/31 7:30,0
,2003/12/31 8:00,0
,2003/12/31 8:30,0
,2003/12/31 9:00,0
,2003/12/31 9:30,0
,2003/12/31 10:00,0
,2003/12/31 10:30,0
,2003/12/31 11:00,0
,2003/12/31 11:30,0
,2003/12/31 12:00,0
,2003/12/31 12:30,0
,2003/12/31 13:00,0
,2003/12/31 13:30,1.778612959
,2003/12/31 14:00,0.88930648
,2003/12/31 14:30,0
,2003/12/31 15:00,0
,2003/12/31 15:30,0
,2003/12/31 16:00,0
,2003/12/31 16:30,0
,2003/12/31 17:00,0
,2003/12/31 17:30,0
,2003/12/31 18:00,0
,2003/12/31 18:30,0
,2003/12/31 19:00,0
,2003/12/31 19:30,0
,2003/12/31 20:00,0
,2003/12/31 20:30,0
,2003/12/31 21:00,0
,2003/12/31 21:30,0
,2003/12/31 22:00,0
,2003/12/31 22:30,0
,2003/12/31 23:00,0
,2003/12/31 23:30,0
,2004/1/1 0:00,0
,2004/1/1 0:30,0
,2004/1/1 1:00,0
,2004/1/1 1:30,0
,2004/1/1 2:00,0
,2004/1/1 2:30,0
,2004/1/1 3:00,0
,2004/1/1 3:30,0
,2004/1/1 4:00,0
,2004/1/1 4:30,0
,2004/1/1 5:00,0
,2004/1/1 5:30,0.670624559
,2004/1/1 6:00,0
,2004/1/1 6:30,0
,2004/1/1 7:00,0
,2004/1/1 7:30,0
,2004/1/1 8:00,0
,2004/1/1 8:30,0
,2004/1/1 9:00,0
,2004/1/1 9:30,0.670624559
,2004/1/1 10:00,0
,2004/1/1 10:30,2.011873678
,2004/1/1 11:00,0
,2004/1/1 11:30,0
,2004/1/1 12:00,0
,2004/1/1 12:30,0
,2004/1/1 13:00,0
,2004/1/1 13:30,0
,2004/1/1 14:00,0
,2004/1/1 14:30,0
,2004/1/1 15:00,0
,2004/1/1 15:30,0
,2004/1/1 16:00,0
,2004/1/1 16:30,14.50590072
,2004/1/1 17:00,6.47298462
,2004/1/1 17:30,1.122567135
,2004/1/1 18:00,0
,2004/1/1 18:30,0.670624559
,2004/1/1 19:00,0
,2004/1/1 19:30,3.338543934
,2004/1/1 20:00,2.682498237
,2004/1/1 20:30,4.023747229
,2004/1/1 21:00,2.901180093
,2004/1/1 21:30,0
,2004/1/1 22:00,0
,2004/1/1 22:30,0
,2004/1/1 23:00,0
,2004/1/1 23:30,0
,2004/1/2 0:00,0
,2004/1/2 0:30,0
,2004/1/2 1:00,0
,2004/1/2 1:30,0
,2004/1/2 2:00,0
,2004/1/2 2:30,0
,2004/1/2 3:00,0
,2004/1/2 3:30,0
,2004/1/2 4:00,0
,2004/1/2 4:30,0
,2004/1/2 5:00,0
,2004/1/2 5:30,0
,2004/1/2 6:00,0
,2004/1/2 6:30,0.670624559
,2004/1/2 7:00,0
,2004/1/2 7:30,0
,2004/1/2 8:00,0
,2004/1/2 8:30,0
,2004/1/2 9:00,0.670624559
,2004/1/2 9:30,0
,2004/1/2 10:00,0
,2004/1/2 10:30,0
,2004/1/2 11:00,0
,2004/1/2 11:30,0
,2004/1/2 12:00,0
,2004/1/2 12:30,0
,2004/1/2 13:00,0
,2004/1/2 13:30,0
,2004/1/2 14:00,0.670624559
,2004/1/2 14:30,0
,2004/1/2 15:00,0
,2004/1/2 15:30,0.88930648
,2004/1/2 16:00,0
,2004/1/2 16:30,0.670624559
,2004/1/2 17:00,0.670624559
,2004/1/2 17:30,0
,2004/1/2 18:00,0
,2004/1/2 18:30,1.793191694
,2004/1/2 19:00,0
,2004/1/2 19:30,0
,2004/1/2 20:00,0
,2004/1/2 20:30,6.924927067
,2004/1/2 21:00,9.374164777
,2004/1/2 21:30,0
,2004/1/2 22:00,3.790486317
,2004/1/2 22:30,2.230555598
,2004/1/2 23:00,6.706245338
,2004/1/2 23:30,0
,2004/1/3 0:00,0
,2004/1/3 0:30,0
,2004/1/3 1:00,0
,2004/1/3 1:30,0
,2004/1/3 2:00,0
,2004/1/3 2:30,0
,2004/1/3 3:00,0
,2004/1/3 3:30,0
,2004/1/3 4:00,0
,2004/1/3 4:30,0
,2004/1/3 5:00,0
,2004/1/3 5:30,0
,2004/1/3 6:00,0.88930648
,2004/1/3 6:30,0
,2004/1/3 7:00,0
,2004/1/3 7:30,0
,2004/1/3 8:00,0.670624559
,2004/1/3 8:30,0
,2004/1/3 9:00,0
,2004/1/3 9:30,0
,2004/1/3 10:00,0
,2004/1/3 10:30,0
,2004/1/3 11:00,0
,2004/1/3 11:30,0
,2004/1/3 12:00,0
,2004/1/3 12:30,0
,2004/1/3 13:00,0
,2004/1/3 13:30,0
,2004/1/3 14:00,0
,2004/1/3 14:30,0.670624559
,2004/1/3 15:00,0
,2004/1/3 15:30,0
,2004/1/3 16:00,0
,2004/1/3 16:30,0
,2004/1/3 17:00,13.38333295
,2004/1/3 17:30,0
,2004/1/3 18:00,2.011873615
,2004/1/3 18:30,5.816938988
,2004/1/3 19:00,1.778612959
,2004/1/3 19:30,0.670624559
,2004/1/3 20:00,4.679793116
,2004/1/3 20:30,2.682498237
,2004/1/3 21:00,5.146314172
,2004/1/3 21:30,0.88930648
,2004/1/3 22:00,0
,2004/1/3 22:30,0
,2004/1/3 23:00,0
,2004/1/3 23:30,0
,2004/1/4 0:00,0
,2004/1/4 0:30,0
,2004/1/4 1:00,0
,2004/1/4 1:30,0
,2004/1/4 2:00,0
,2004/1/4 2:30,0
,2004/1/4 3:00,0
,2004/1/4 3:30,0
,2004/1/4 4:00,0
,2004/1/4 4:30,0
,2004/1/4 5:00,0
,2004/1/4 5:30,0.670624559
,2004/1/4 6:00,0
,2004/1/4 6:30,0
,2004/1/4 7:00,0
,2004/1/4 7:30,0
,2004/1/4 8:00,0
,2004/1/4 8:30,2.230555535
,2004/1/4 9:00,0.88930648
,2004/1/4 9:30,1.559931039
,2004/1/4 10:00,0
,2004/1/4 10:30,0
,2004/1/4 11:00,0
,2004/1/4 11:30,0
,2004/1/4 12:00,0
,2004/1/4 12:30,0.88930648
,2004/1/4 13:00,0
,2004/1/4 13:30,0
,2004/1/4 14:00,1.559931039
,2004/1/4 14:30,0
,2004/1/4 15:00,0
,2004/1/4 15:30,0.670624559
,2004/1/4 16:00,0
,2004/1/4 16:30,0
,2004/1/4 17:00,0.88930648
,2004/1/4 17:30,0.670624559
,2004/1/4 18:00,11.37145959
,2004/1/4 18:30,1.559930975
,2004/1/4 19:00,2.230555535
,2004/1/4 19:30,5.802360187
,2004/1/4 20:00,0.670624559
,2004/1/4 20:30,3.571804588
,2004/1/4 21:00,3.353122669
,2004/1/4 21:30,4.023747355
,2004/1/4 22:00,4.242429149
,2004/1/4 22:30,0.88930648
,2004/1/4 23:00,0
,2004/1/4 23:30,0
,2004/1/5 0:00,0
,2004/1/5 0:30,0
,2004/1/5 1:00,0
,2004/1/5 1:30,0
,2004/1/5 2:00,0
,2004/1/5 2:30,0
,2004/1/5 3:00,0
,2004/1/5 3:30,0
,2004/1/5 4:00,0
,2004/1/5 4:30,0
,2004/1/5 5:00,0
,2004/1/5 5:30,0
,2004/1/5 6:00,0
,2004/1/5 6:30,0
,2004/1/5 7:00,1.122567135
,2004/1/5 7:30,0
,2004/1/5 8:00,2.230555598
,2004/1/5 8:30,0
,2004/1/5 9:00,0
,2004/1/5 9:30,0
,2004/1/5 10:00,0
,2004/1/5 10:30,0
,2004/1/5 11:00,0
,2004/1/5 11:30,0
,2004/1/5 12:00,0
,2004/1/5 12:30,0
,2004/1/5 13:00,0
,2004/1/5 13:30,0
,2004/1/5 14:00,0
,2004/1/5 14:30,0
,2004/1/5 15:00,0.670624559
,2004/1/5 15:30,0.670624559
,2004/1/5 16:00,0
,2004/1/5 16:30,0
,2004/1/5 17:00,14.0539577
,2004/1/5 17:30,4.913053581
,2004/1/5 18:00,2.667919438
,2004/1/5 18:30,0
,2004/1/5 19:00,0
,2004/1/5 19:30,2.011873678
,2004/1/5 20:00,1.793191694
,2004/1/5 20:30,7.799654876
,2004/1/5 21:00,0.670624559
,2004/1/5 21:30,0
,2004/1/5 22:00,2.245134269
,2004/1/5 22:30,2.667919438
,2004/1/5 23:00,0
,2004/1/5 23:30,0
,2004/1/6 0:00,0
,2004/1/6 0:30,0
,2004/1/6 1:00,0
,2004/1/6 1:30,0
,2004/1/6 2:00,0
,2004/1/6 2:30,0
,2004/1/6 3:00,0
,2004/1/6 3:30,0
,2004/1/6 4:00,0
,2004/1/6 4:30,0
,2004/1/6 5:00,0
,2004/1/6 5:30,0
,2004/1/6 6:00,0
,2004/1/6 6:30,0
,2004/1/6 7:00,1.778612959
,2004/1/6 7:30,0
,2004/1/6 8:00,0
,2004/1/6 8:30,0.670624559
,2004/1/6 9:00,0.670624559
,2004/1/6 9:30,0
,2004/1/6 10:00,0
,2004/1/6 10:30,0
,2004/1/6 11:00,0
,2004/1/6 11:30,0
,2004/1/6 12:00,0
,2004/1/6 12:30,0
,2004/1/6 13:00,0.88930648
,2004/1/6 13:30,0
,2004/1/6 14:00,0
,2004/1/6 14:30,0
,2004/1/6 15:00,0
,2004/1/6 15:30,0
,2004/1/6 16:00,0
,2004/1/6 16:30,0
,2004/1/6 17:00,0
,2004/1/6 17:30,0
,2004/1/6 18:00,13.61659342
,2004/1/6 18:30,8.251597259
,2004/1/6 19:00,0
,2004/1/6 19:30,0
,2004/1/6 20:00,6.706245339
,2004/1/6 20:30,0.670624559
,2004/1/6 21:00,2.667919438
,2004/1/6 21:30,0
,2004/1/6 22:00,0
,2004/1/6 22:30,0
,2004/1/6 23:00,0
,2004/1/6 23:30,0
,2004/1/7 0:00,0
,2004/1/7 0:30,0
,2004/1/7 1:00,0
,2004/1/7 1:30,0
,2004/1/7 2:00,0
,2004/1/7 2:30,0
,2004/1/7 3:00,0
,2004/1/7 3:30,0
,2004/1/7 4:00,0
,2004/1/7 4:30,0
,2004/1/7 5:00,0
,2004/1/7 5:30,0.670624559
,2004/1/7 6:00,0
,2004/1/7 6:30,0
,2004/1/7 7:00,1.793191694
,2004/1/7 7:30,0
,2004/1/7 8:00,0
,2004/1/7 8:30,0.670624559
,2004/1/7 9:00,0
,2004/1/7 9:30,0
,2004/1/7 10:00,0
,2004/1/7 10:30,0
,2004/1/7 11:00,0
,2004/1/7 11:30,0
,2004/1/7 12:00,0
,2004/1/7 12:30,0
,2004/1/7 13:00,0
,2004/1/7 13:30,0
,2004/1/7 14:00,0
,2004/1/7 14:30,0
,2004/1/7 15:00,0
,2004/1/7 15:30,0
,2004/1/7 16:00,0.88930648
,2004/1/7 16:30,12.71270839
,2004/1/7 17:00,2.463816254
,2004/1/7 17:30,6.035620908
,2004/1/7 18:00,0
,2004/1/7 18:30,0
,2004/1/7 19:00,2.011873678
,2004/1/7 19:30,4.913053579
,2004/1/7 20:00,0.670624559
,2004/1/7 20:30,0.670624559
,2004/1/7 21:00,0.670624559
,2004/1/7 21:30,0
,2004/1/7 22:00,0
,2004/1/7 22:30,0
,2004/1/7 23:00,8.922222265
,2004/1/7 23:30,0.670624559
,2004/1/8 0:00,0
,2004/1/8 0:30,0
,2004/1/8 1:00,0
,2004/1/8 1:30,0
,2004/1/8 2:00,0
,2004/1/8 2:30,0
,2004/1/8 3:00,0
,2004/1/8 3:30,0
,2004/1/8 4:00,0
,2004/1/8 4:30,0
,2004/1/8 5:00,0
,2004/1/8 5:30,0
,2004/1/8 6:00,0
,2004/1/8 6:30,0
,2004/1/8 7:00,1.559931039
,2004/1/8 7:30,0
,2004/1/8 8:00,0
,2004/1/8 8:30,0
,2004/1/8 9:00,7.143608923
,2004/1/8 9:30,0
,2004/1/8 10:00,0
,2004/1/8 10:30,0
,2004/1/8 11:00,0
,2004/1/8 11:30,0
,2004/1/8 12:00,0
,2004/1/8 12:30,0
,2004/1/8 13:00,0.670624559
,2004/1/8 13:30,0
,2004/1/8 14:00,0
,2004/1/8 14:30,0
,2004/1/8 15:00,0
,2004/1/8 15:30,0
,2004/1/8 16:00,0
,2004/1/8 16:30,8.484858487
,2004/1/8 17:00,7.595551563
,2004/1/8 17:30,6.458405885
,2004/1/8 18:00,4.913053709
,2004/1/8 18:30,2.011873614
,2004/1/8 19:00,2.011873678
,2004/1/8 19:30,1.793191694
,2004/1/8 20:00,6.254302763
,2004/1/8 20:30,0
,2004/1/8 21:00,0.670624559
,2004/1/8 21:30,0
,2004/1/8 22:00,0
,2004/1/8 22:30,0
,2004/1/8 23:00,0
,2004/1/8 23:30,0
,2004/1/9 0:00,3.57180459
,2004/1/9 0:30,5.131735565
,2004/1/9 1:00,0
,2004/1/9 1:30,0
,2004/1/9 2:00,0
,2004/1/9 2:30,0
,2004/1/9 3:00,0
,2004/1/9 3:30,0
,2004/1/9 4:00,0
,2004/1/9 4:30,0
,2004/1/9 5:00,0
,2004/1/9 5:30,0
,2004/1/9 6:00,0
,2004/1/9 6:30,0.88930648
,2004/1/9 7:00,0
,2004/1/9 7:30,1.559931039
,2004/1/9 8:00,0
,2004/1/9 8:30,0
,2004/1/9 9:00,0.670624559
,2004/1/9 9:30,0
,2004/1/9 10:00,0
,2004/1/9 10:30,0
,2004/1/9 11:00,0.670624559
,2004/1/9 11:30,0
,2004/1/9 12:00,0
,2004/1/9 12:30,0
,2004/1/9 13:00,0
,2004/1/9 13:30,1.341249119
,2004/1/9 14:00,0
,2004/1/9 14:30,0
,2004/1/9 15:00,0
,2004/1/9 15:30,0
,2004/1/9 16:00,0
,2004/1/9 16:30,0
,2004/1/9 17:00,0
,2004/1/9 17:30,15.39520669
,2004/1/9 18:00,2.901180094
,2004/1/9 18:30,10.70083465
,2004/1/9 19:00,4.009168429
,2004/1/9 19:30,0.88930648
,2004/1/9 20:00,4.009168494
,2004/1/9 20:30,2.90118003
,2004/1/9 21:00,0.670624559
,2004/1/9 21:30,0
,2004/1/9 22:00,1.122567135
,2004/1/9 22:30,0
,2004/1/9 23:00,0
,2004/1/9 23:30,9.374164521
,2004/1/10 0:00,0
,2004/1/10 0:30,0
,2004/1/10 1:00,0
,2004/1/10 1:30,0
,2004/1/10 2:00,0
,2004/1/10 2:30,0
,2004/1/10 3:00,0
,2004/1/10 3:30,0
,2004/1/10 4:00,0
,2004/1/10 4:30,0
,2004/1/10 5:00,0
,2004/1/10 5:30,0
,2004/1/10 6:00,0
,2004/1/10 6:30,0
,2004/1/10 7:00,0.88930648
,2004/1/10 7:30,1.122567135
,2004/1/10 8:00,0.88930648
,2004/1/10 8:30,0
,2004/1/10 9:00,0
,2004/1/10 9:30,2.230555598
,2004/1/10 10:00,0
,2004/1/10 10:30,0
,2004/1/10 11:00,0
,2004/1/10 11:30,0
,2004/1/10 12:00,0
,2004/1/10 12:30,0
,2004/1/10 13:00,0
,2004/1/10 13:30,0
,2004/1/10 14:00,1.341249119
,2004/1/10 14:30,0
,2004/1/10 15:00,0
,2004/1/10 15:30,0.670624559
,2004/1/10 16:00,0
,2004/1/10 16:30,5.350417675
,2004/1/10 17:00,8.484858361
,2004/1/10 17:30,5.131735564
,2004/1/10 18:00,0
,2004/1/10 18:30,0
,2004/1/10 19:00,0
,2004/1/10 19:30,0.670624559
,2004/1/10 20:00,0
,2004/1/10 20:30,1.341249119
,2004/1/10 21:00,6.254302572
,2004/1/10 21:30,0
,2004/1/10 22:00,0
,2004/1/10 22:30,0
,2004/1/10 23:00,2.230555598
,2004/1/10 23:30,4.694371596
,2004/1/11 0:00,0
,2004/1/11 0:30,0
,2004/1/11 1:00,0
,2004/1/11 1:30,0
,2004/1/11 2:00,0
,2004/1/11 2:30,0
,2004/1/11 3:00,0
,2004/1/11 3:30,0
,2004/1/11 4:00,0
,2004/1/11 4:30,0
,2004/1/11 5:00,0
,2004/1/11 5:30,0
,2004/1/11 6:00,0
,2004/1/11 6:30,0
,2004/1/11 7:00,0
,2004/1/11 7:30,0.88930648
,2004/1/11 8:00,0
,2004/1/11 8:30,0
,2004/1/11 9:00,0
,2004/1/11 9:30,0
,2004/1/11 10:00,0.88930648
,2004/1/11 10:30,0
,2004/1/11 11:00,0
,2004/1/11 11:30,0.670624559
,2004/1/11 12:00,0
,2004/1/11 12:30,0
,2004/1/11 13:00,0.670624559
,2004/1/11 13:30,0
,2004/1/11 14:00,0
,2004/1/11 14:30,0
,2004/1/11 15:00,0
,2004/1/11 15:30,0
,2004/1/11 16:00,0
,2004/1/11 16:30,0
,2004/1/11 17:00,0
,2004/1/11 17:30,6.254302315
,2004/1/11 18:00,7.814233802
,2004/1/11 18:30,7.347712109
,2004/1/11 19:00,1.559931039
,2004/1/11 19:30,2.230555534
,2004/1/11 20:00,2.901180094
,2004/1/11 20:30,4.913053707
,2004/1/11 21:00,2.230555598
,2004/1/11 21:30,2.230555598
,2004/1/11 22:00,0
,2004/1/11 22:30,0
,2004/1/11 23:00,0.670624559
,2004/1/11 23:30,0
,2004/1/12 0:00,0
,2004/1/12 0:30,0
,2004/1/12 1:00,0
,2004/1/12 1:30,0
,2004/1/12 2:00,0
,2004/1/12 2:30,0
,2004/1/12 3:00,0
,2004/1/12 3:30,0
,2004/1/12 4:00,0
,2004/1/12 4:30,0
,2004/1/12 5:00,0
,2004/1/12 5:30,0
,2004/1/12 6:00,0
,2004/1/12 6:30,0
,2004/1/12 7:00,0.670624559
,2004/1/12 7:30,0.88930648
,2004/1/12 8:00,0
,2004/1/12 8:30,0.88930648
,2004/1/12 9:00,0
,2004/1/12 9:30,0
,2004/1/12 10:00,0
,2004/1/12 10:30,0
,2004/1/12 11:00,0
,2004/1/12 11:30,0
,2004/1/12 12:00,0
,2004/1/12 12:30,0
,2004/1/12 13:00,0
,2004/1/12 13:30,0
,2004/1/12 14:00,2.011873614
,2004/1/12 14:30,0
,2004/1/12 15:00,0
,2004/1/12 15:30,0
,2004/1/12 16:00,0.88930648
,2004/1/12 16:30,0
,2004/1/12 17:00,0
,2004/1/12 17:30,0
,2004/1/12 18:00,14.05395706
,2004/1/12 18:30,2.667919438
,2004/1/12 19:00,0
,2004/1/12 19:30,0.670624559
,2004/1/12 20:00,7.143609241
,2004/1/12 20:30,0.88930648
,2004/1/12 21:00,3.57180459
,2004/1/12 21:30,1.341249119
,2004/1/12 22:00,1.559930975
,2004/1/12 22:30,1.559930975
,2004/1/12 23:00,6.2397239
,2004/1/12 23:30,0
,2004/1/13 0:00,0
,2004/1/13 0:30,0
,2004/1/13 1:00,0
,2004/1/13 1:30,0
,2004/1/13 2:00,0
,2004/1/13 2:30,0
,2004/1/13 3:00,0
,2004/1/13 3:30,0
,2004/1/13 4:00,0
,2004/1/13 4:30,0
,2004/1/13 5:00,0
,2004/1/13 5:30,0
,2004/1/13 6:00,0
,2004/1/13 6:30,0
,2004/1/13 7:00,1.559931039
,2004/1/13 7:30,0
,2004/1/13 8:00,0
,2004/1/13 8:30,0.670624559
,2004/1/13 9:00,0
,2004/1/13 9:30,0
,2004/1/13 10:00,0
,2004/1/13 10:30,0
,2004/1/13 11:00,0
,2004/1/13 11:30,0
,2004/1/13 12:00,0
,2004/1/13 12:30,0
,2004/1/13 13:00,0
,2004/1/13 13:30,0
,2004/1/13 14:00,0.670624559
,2004/1/13 14:30,0
,2004/1/13 15:00,0
,2004/1/13 15:30,0
,2004/1/13 16:00,0
,2004/1/13 16:30,0
,2004/1/13 17:00,0
,2004/1/13 17:30,11.60472044
,2004/1/13 18:00,3.119861949
,2004/1/13 18:30,2.230555597
,2004/1/13 19:00,5.36499622
,2004/1/13 19:30,0
,2004/1/13 20:00,0.88930648
,2004/1/13 20:30,9.82610716
,2004/1/13 21:00,0
,2004/1/13 21:30,1.341249119
,2004/1/13 22:00,1.778612959
,2004/1/13 22:30,0
,2004/1/13 23:00,0
,2004/1/13 23:30,5.35041742
,2004/1/14 0:00,0
,2004/1/14 0:30,0
,2004/1/14 1:00,0
,2004/1/14 1:30,0
,2004/1/14 2:00,0
,2004/1/14 2:30,0
,2004/1/14 3:00,0
,2004/1/14 3:30,0
,2004/1/14 4:00,0
,2004/1/14 4:30,0
,2004/1/14 5:00,0
,2004/1/14 5:30,0
,2004/1/14 6:00,0
,2004/1/14 6:30,0
,2004/1/14 7:00,1.559930975
,2004/1/14 7:30,0
,2004/1/14 8:00,0
,2004/1/14 8:30,0
,2004/1/14 9:00,0
,2004/1/14 9:30,0
,2004/1/14 10:00,0
,2004/1/14 10:30,0
,2004/1/14 11:00,0
,2004/1/14 11:30,0
,2004/1/14 12:00,0
,2004/1/14 12:30,0
,2004/1/14 13:00,0
,2004/1/14 13:30,0
,2004/1/14 14:00,1.122567135
,2004/1/14 14:30,0
,2004/1/14 15:00,0
,2004/1/14 15:30,0
,2004/1/14 16:00,0
,2004/1/14 16:30,0.670624559
,2004/1/14 17:00,1.341249119
,2004/1/14 17:30,12.27534462
,2004/1/14 18:00,7.362291291
,2004/1/14 18:30,2.682498237
,2004/1/14 19:00,2.901180094
,2004/1/14 19:30,0
,2004/1/14 20:00,5.131735628
,2004/1/14 20:30,0
,2004/1/14 21:00,0
,2004/1/14 21:30,1.559931039
,2004/1/14 22:00,3.338543935
,2004/1/14 22:30,3.571804525
,2004/1/14 23:00,2.682498237
,2004/1/14 23:30,0
,2004/1/15 0:00,0
,2004/1/15 0:30,0
,2004/1/15 1:00,0
,2004/1/15 1:30,0
,2004/1/15 2:00,0
,2004/1/15 2:30,0
,2004/1/15 3:00,0
,2004/1/15 3:30,0
,2004/1/15 4:00,0
,2004/1/15 4:30,0
,2004/1/15 5:00,0
,2004/1/15 5:30,0
,2004/1/15 6:00,0
,2004/1/15 6:30,0.670624559
,2004/1/15 7:00,1.341249119
,2004/1/15 7:30,0
,2004/1/15 8:00,0
,2004/1/15 8:30,0
,2004/1/15 9:00,0
,2004/1/15 9:30,0
,2004/1/15 10:00,0
,2004/1/15 10:30,0
,2004/1/15 11:00,0
,2004/1/15 11:30,0
,2004/1/15 12:00,0
,2004/1/15 12:30,0
,2004/1/15 13:00,0
,2004/1/15 13:30,0
,2004/1/15 14:00,0
,2004/1/15 14:30,0.670624559
,2004/1/15 15:00,0
,2004/1/15 15:30,0
,2004/1/15 16:00,0
,2004/1/15 16:30,0
,2004/1/15 17:00,14.05395783
,2004/1/15 17:30,7.566393836
,2004/1/15 18:00,0
,2004/1/15 18:30,0
,2004/1/15 19:00,0
,2004/1/15 19:30,0.670624559
,2004/1/15 20:00,5.131735308
,2004/1/15 20:30,0.670624559
,2004/1/15 21:00,0
,2004/1/15 21:30,0
,2004/1/15 22:00,0.670624559
,2004/1/15 22:30,0.670624559
,2004/1/15 23:00,7.580973146
,2004/1/15 23:30,1.122567135
,2004/1/16 0:00,0
,2004/1/16 0:30,0
,2004/1/16 1:00,0
,2004/1/16 1:30,0
,2004/1/16 2:00,0
,2004/1/16 2:30,0
,2004/1/16 3:00,0
,2004/1/16 3:30,0
,2004/1/16 4:00,0
,2004/1/16 4:30,0
,2004/1/16 5:00,0
,2004/1/16 5:30,0
,2004/1/16 6:00,0
,2004/1/16 6:30,0
,2004/1/16 7:00,0
,2004/1/16 7:30,0
,2004/1/16 8:00,0
,2004/1/16 8:30,0
,2004/1/16 9:00,0
,2004/1/16 9:30,0
,2004/1/16 10:00,0
,2004/1/16 10:30,0
,2004/1/16 11:00,0
,2004/1/16 11:30,0
,2004/1/16 12:00,0
,2004/1/16 12:30,0
,2004/1/16 13:00,0
,2004/1/16 13:30,0
,2004/1/16 14:00,0
,2004/1/16 14:30,0
,2004/1/16 15:00,0
,2004/1/16 15:30,0
,2004/1/16 16:00,0
,2004/1/16 16:30,0
,2004/1/16 17:00,0
,2004/1/16 17:30,9.37416465
,2004/1/16 18:00,5.350417485
,2004/1/16 18:30,7.362291162
,2004/1/16 19:00,1.559931039
,2004/1/16 19:30,0.88930648
,2004/1/16 20:00,1.341249119
,2004/1/16 20:30,0
,2004/1/16 21:00,6.472984619
,2004/1/16 21:30,1.122567135
,2004/1/16 22:00,0
,2004/1/16 22:30,0
,2004/1/16 23:00,0
,2004/1/16 23:30,1.122567135
,2004/1/17 0:00,3.79048651
,2004/1/17 0:30,4.694371852
,2004/1/17 1:00,0
,2004/1/17 1:30,0
,2004/1/17 2:00,0
,2004/1/17 2:30,0
,2004/1/17 3:00,0
,2004/1/17 3:30,0
,2004/1/17 4:00,0
,2004/1/17 4:30,0
,2004/1/17 5:00,0
,2004/1/17 5:30,0
,2004/1/17 6:00,0
,2004/1/17 6:30,0
,2004/1/17 7:00,0
,2004/1/17 7:30,0
,2004/1/17 8:00,0
,2004/1/17 8:30,0
,2004/1/17 9:00,0
,2004/1/17 9:30,0.670624559
,2004/1/17 10:00,1.793191694
,2004/1/17 10:30,0.670624559
,2004/1/17 11:00,0.670624559
,2004/1/17 11:30,0
,2004/1/17 12:00,0
,2004/1/17 12:30,0.670624559
,2004/1/17 13:00,2.682498174
,2004/1/17 13:30,0
,2004/1/17 14:00,0
,2004/1/17 14:30,1.793191694
,2004/1/17 15:00,0
,2004/1/17 15:30,0
,2004/1/17 16:00,0
,2004/1/17 16:30,0
,2004/1/17 17:00,4.913053198
,2004/1/17 17:30,8.470279626
,2004/1/17 18:00,0
,2004/1/17 18:30,3.571804588
,2004/1/17 19:00,5.117156894
,2004/1/17 19:30,3.353122606
,2004/1/17 20:00,0
,2004/1/17 20:30,0
,2004/1/17 21:00,0.88930648
,2004/1/17 21:30,0
,2004/1/17 22:00,0
,2004/1/17 22:30,4.242429213
,2004/1/17 23:00,0.88930648
,2004/1/17 23:30,3.119861949
,2004/1/18 0:00,0
,2004/1/18 0:30,0
,2004/1/18 1:00,0
,2004/1/18 1:30,0
,2004/1/18 2:00,0
,2004/1/18 2:30,0
,2004/1/18 3:00,0
,2004/1/18 3:30,0
,2004/1/18 4:00,0
,2004/1/18 4:30,0
,2004/1/18 5:00,0
,2004/1/18 5:30,0
,2004/1/18 6:00,0
,2004/1/18 6:30,0
,2004/1/18 7:00,0
,2004/1/18 7:30,0
,2004/1/18 8:00,0
,2004/1/18 8:30,0
,2004/1/18 9:00,2.230555534
,2004/1/18 9:30,0
,2004/1/18 10:00,0.670624559
,2004/1/18 10:30,0.88930648
,2004/1/18 11:00,0
,2004/1/18 11:30,0
,2004/1/18 12:00,0
,2004/1/18 12:30,0
,2004/1/18 13:00,0.670624559
,2004/1/18 13:30,0
,2004/1/18 14:00,1.341249119
,2004/1/18 14:30,0
,2004/1/18 15:00,0.670624559
,2004/1/18 15:30,0
,2004/1/18 16:00,0
,2004/1/18 16:30,0.670624559
,2004/1/18 17:00,0.670624559
,2004/1/18 17:30,9.37416465
,2004/1/18 18:00,9.811528615
,2004/1/18 18:30,5.583678395
,2004/1/18 19:00,0
,2004/1/18 19:30,0.670624559
,2004/1/18 20:00,0.670624559
,2004/1/18 20:30,5.117156957
,2004/1/18 21:00,6.021041981
,2004/1/18 21:30,5.131735565
,2004/1/18 22:00,0.670624559
,2004/1/18 22:30,0
,2004/1/18 23:00,0
,2004/1/18 23:30,0
,2004/1/19 0:00,0
,2004/1/19 0:30,0
,2004/1/19 1:00,0
,2004/1/19 1:30,0
,2004/1/19 2:00,0
,2004/1/19 2:30,0
,2004/1/19 3:00,0
,2004/1/19 3:30,0
,2004/1/19 4:00,0
,2004/1/19 4:30,0
,2004/1/19 5:00,0
,2004/1/19 5:30,0
,2004/1/19 6:00,0
,2004/1/19 6:30,0
,2004/1/19 7:00,0.88930648
,2004/1/19 7:30,0
,2004/1/19 8:00,1.341249119
,2004/1/19 8:30,0.670624559
,2004/1/19 9:00,1.341249119
,2004/1/19 9:30,0
,2004/1/19 10:00,0
,2004/1/19 10:30,0
,2004/1/19 11:00,0.670624559
,2004/1/19 11:30,0
,2004/1/19 12:00,0
,2004/1/19 12:30,0
,2004/1/19 13:00,0
,2004/1/19 13:30,0
,2004/1/19 14:00,1.122567135
,2004/1/19 14:30,0
,2004/1/19 15:00,0
,2004/1/19 15:30,0
,2004/1/19 16:00,0
,2004/1/19 16:30,0
,2004/1/19 17:00,3.119861949
,2004/1/19 17:30,14.49132167
,2004/1/19 18:00,7.143609241
,2004/1/19 18:30,3.805065309
,2004/1/19 19:00,2.90118003
,2004/1/19 19:30,0
,2004/1/19 20:00,4.8984744
,2004/1/19 20:30,2.449237518
,2004/1/19 21:00,2.011873678
,2004/1/19 21:30,0
,2004/1/19 22:00,9.140903994
,2004/1/19 22:30,0.670624559
,2004/1/19 23:00,0
,2004/1/19 23:30,0
,2004/1/20 0:00,0
,2004/1/20 0:30,0
,2004/1/20 1:00,0
,2004/1/20 1:30,0
,2004/1/20 2:00,0
,2004/1/20 2:30,0
,2004/1/20 3:00,0
,2004/1/20 3:30,0
,2004/1/20 4:00,0
,2004/1/20 4:30,0
,2004/1/20 5:00,0
,2004/1/20 5:30,0
,2004/1/20 6:00,0
,2004/1/20 6:30,0
,2004/1/20 7:00,2.011873678
,2004/1/20 7:30,0
,2004/1/20 8:00,1.122567135
,2004/1/20 8:30,0
,2004/1/20 9:00,0
,2004/1/20 9:30,0
,2004/1/20 10:00,0
,2004/1/20 10:30,0
,2004/1/20 11:00,0
,2004/1/20 11:30,0
,2004/1/20 12:00,0
,2004/1/20 12:30,0
,2004/1/20 13:00,0
,2004/1/20 13:30,0
,2004/1/20 14:00,1.122567135
,2004/1/20 14:30,0
,2004/1/20 15:00,0
,2004/1/20 15:30,0
,2004/1/20 16:00,0
,2004/1/20 16:30,0
,2004/1/20 17:00,0
,2004/1/20 17:30,14.27263905
,2004/1/20 18:00,0
,2004/1/20 18:30,2.901180157
,2004/1/20 19:00,4.461111004
,2004/1/20 19:30,0
,2004/1/20 20:00,2.011873614
,2004/1/20 20:30,5.350417677
,2004/1/20 21:00,0.670624559
,2004/1/20 21:30,0
,2004/1/20 22:00,4.694371788
,2004/1/20 22:30,3.338543678
,2004/1/20 23:00,0
,2004/1/20 23:30,0
,2004/1/21 0:00,0
,2004/1/21 0:30,0
,2004/1/21 1:00,0
,2004/1/21 1:30,0
,2004/1/21 2:00,0
,2004/1/21 2:30,0
,2004/1/21 3:00,0
,2004/1/21 3:30,0
,2004/1/21 4:00,0
,2004/1/21 4:30,0
,2004/1/21 5:00,0
,2004/1/21 5:30,0
,2004/1/21 6:00,0
,2004/1/21 6:30,0
,2004/1/21 7:00,1.122567135
,2004/1/21 7:30,0
,2004/1/21 8:00,0
,2004/1/21 8:30,0
,2004/1/21 9:00,0.88930648
,2004/1/21 9:30,0
,2004/1/21 10:00,0
,2004/1/21 10:30,0
,2004/1/21 11:00,0
,2004/1/21 11:30,0
,2004/1/21 12:00,0
,2004/1/21 12:30,0
,2004/1/21 13:00,0
,2004/1/21 13:30,0
,2004/1/21 14:00,0.88930648
,2004/1/21 14:30,0
,2004/1/21 15:00,0
,2004/1/21 15:30,0
,2004/1/21 16:00,0
,2004/1/21 16:30,0
,2004/1/21 17:00,14.06853612
,2004/1/21 17:30,0
,2004/1/21 18:00,6.910348268
,2004/1/21 18:30,4.023747229
,2004/1/21 19:00,3.571804654
,2004/1/21 19:30,0
,2004/1/21 20:00,6.035620779
,2004/1/21 20:30,2.011873615
,2004/1/21 21:00,0.88930648
,2004/1/21 21:30,0
,2004/1/21 22:00,0
,2004/1/21 22:30,0
,2004/1/21 23:00,6.021042044
,2004/1/21 23:30,0
,2004/1/22 0:00,0
,2004/1/22 0:30,0
,2004/1/22 1:00,0
,2004/1/22 1:30,0
,2004/1/22 2:00,0
,2004/1/22 2:30,0
,2004/1/22 3:00,0
,2004/1/22 3:30,0
,2004/1/22 4:00,0
,2004/1/22 4:30,0
,2004/1/22 5:00,0
,2004/1/22 5:30,0
,2004/1/22 6:00,0
,2004/1/22 6:30,0
,2004/1/22 7:00,0.88930648
,2004/1/22 7:30,1.341249119
,2004/1/22 8:00,0
,2004/1/22 8:30,0.670624559
,2004/1/22 9:00,0
,2004/1/22 9:30,0
,2004/1/22 10:00,0
,2004/1/22 10:30,0
,2004/1/22 11:00,0
,2004/1/22 11:30,0
,2004/1/22 12:00,0
,2004/1/22 12:30,0
,2004/1/22 13:00,0
,2004/1/22 13:30,0
,2004/1/22 14:00,0
,2004/1/22 14:30,0
,2004/1/22 15:00,0
,2004/1/22 15:30,0
,2004/1/22 16:00,0
,2004/1/22 16:30,0
,2004/1/22 17:00,0
,2004/1/22 17:30,14.50589989
,2004/1/22 18:00,1.122567135
,2004/1/22 18:30,8.470279624
,2004/1/22 19:00,0
,2004/1/22 19:30,1.341249119
,2004/1/22 20:00,4.023747292
,2004/1/22 20:30,2.682498173
,2004/1/22 21:00,0
,2004/1/22 21:30,2.68249811
,2004/1/22 22:00,1.341249119
,2004/1/22 22:30,0
,2004/1/22 23:00,4.242429149
,2004/1/22 23:30,4.023747356
,2004/1/23 0:00,0
,2004/1/23 0:30,0
,2004/1/23 1:00,0
,2004/1/23 1:30,0
,2004/1/23 2:00,0
,2004/1/23 2:30,0
,2004/1/23 3:00,0
,2004/1/23 3:30,0
,2004/1/23 4:00,0
,2004/1/23 4:30,0
,2004/1/23 5:00,0
,2004/1/23 5:30,0
,2004/1/23 6:00,0
,2004/1/23 6:30,0
,2004/1/23 7:00,1.559931039
,2004/1/23 7:30,0
,2004/1/23 8:00,0.670624559
,2004/1/23 8:30,0
,2004/1/23 9:00,0.88930648
,2004/1/23 9:30,0
,2004/1/23 10:00,0
,2004/1/23 10:30,0
,2004/1/23 11:00,0
,2004/1/23 11:30,0
,2004/1/23 12:00,0
,2004/1/23 12:30,0
,2004/1/23 13:00,0
,2004/1/23 13:30,0
,2004/1/23 14:00,0
,2004/1/23 14:30,0.88930648
,2004/1/23 15:00,0
,2004/1/23 15:30,0
,2004/1/23 16:00,0
,2004/1/23 16:30,0
,2004/1/23 17:00,0
,2004/1/23 17:30,0
,2004/1/23 18:00,0
,2004/1/23 18:30,9.37416465
,2004/1/23 19:00,9.126325322
,2004/1/23 19:30,2.245134269
,2004/1/23 20:00,3.571804654
,2004/1/23 20:30,0
,2004/1/23 21:00,3.790486446
,2004/1/23 21:30,1.341249119
,2004/1/23 22:00,0
,2004/1/23 22:30,4.913053516
,2004/1/23 23:00,0
,2004/1/23 23:30,0
,2004/1/24 0:00,2.901180094
,2004/1/24 0:30,5.350417548
,2004/1/24 1:00,0
,2004/1/24 1:30,0
,2004/1/24 2:00,0
,2004/1/24 2:30,0
,2004/1/24 3:00,0
,2004/1/24 3:30,0
,2004/1/24 4:00,0
,2004/1/24 4:30,0
,2004/1/24 5:00,0
,2004/1/24 5:30,0.670624559
,2004/1/24 6:00,0
,2004/1/24 6:30,0
,2004/1/24 7:00,0
,2004/1/24 7:30,1.341249119
,2004/1/24 8:00,0
,2004/1/24 8:30,0
,2004/1/24 9:00,1.559931039
,2004/1/24 9:30,1.341249119
,2004/1/24 10:00,0
,2004/1/24 10:30,0
,2004/1/24 11:00,0
,2004/1/24 11:30,0
,2004/1/24 12:00,0
,2004/1/24 12:30,0
,2004/1/24 13:00,0
,2004/1/24 13:30,0
,2004/1/24 14:00,0
,2004/1/24 14:30,0
,2004/1/24 15:00,0
,2004/1/24 15:30,0
,2004/1/24 16:00,0
,2004/1/24 16:30,0.670624559
,2004/1/24 17:00,0
,2004/1/24 17:30,0
,2004/1/24 18:00,0
,2004/1/24 18:30,0
,2004/1/24 19:00,0
,2004/1/24 19:30,0
,2004/1/24 20:00,0
,2004/1/24 20:30,0
,2004/1/24 21:00,0
,2004/1/24 21:30,19.18569314
,2004/1/24 22:00,3.119861949
,2004/1/24 22:30,0.670624559
,2004/1/24 23:00,5.131735436
,2004/1/24 23:30,0
,2004/1/25 0:00,0
,2004/1/25 0:30,0
,2004/1/25 1:00,0
,2004/1/25 1:30,0
,2004/1/25 2:00,0
,2004/1/25 2:30,0
,2004/1/25 3:00,0
,2004/1/25 3:30,0
,2004/1/25 4:00,0
,2004/1/25 4:30,0
,2004/1/25 5:00,0
,2004/1/25 5:30,0
,2004/1/25 6:00,0
,2004/1/25 6:30,0
,2004/1/25 7:00,0
,2004/1/25 7:30,0
,2004/1/25 8:00,0
,2004/1/25 8:30,0.670624559
,2004/1/25 9:00,0.670624559
,2004/1/25 9:30,0
,2004/1/25 10:00,1.559931039
,2004/1/25 10:30,0.88930648
,2004/1/25 11:00,0
,2004/1/25 11:30,0
,2004/1/25 12:00,0
,2004/1/25 12:30,0
,2004/1/25 13:00,0
,2004/1/25 13:30,0.670624559
,2004/1/25 14:00,0
,2004/1/25 14:30,0
,2004/1/25 15:00,0
,2004/1/25 15:30,0
,2004/1/25 16:00,0
,2004/1/25 16:30,0
,2004/1/25 17:00,0
,2004/1/25 17:30,15.83257092
,2004/1/25 18:00,0
,2004/1/25 18:30,5.816938988
,2004/1/25 19:00,2.230555597
,2004/1/25 19:30,2.449237518
,2004/1/25 20:00,0.670624559
,2004/1/25 20:30,5.131735629
,2004/1/25 21:00,3.790486446
,2004/1/25 21:30,6.239724155
,2004/1/25 22:00,0
,2004/1/25 22:30,0
,2004/1/25 23:00,0.670624559
,2004/1/25 23:30,0
,2004/1/26 0:00,0
,2004/1/26 0:30,0
,2004/1/26 1:00,0
,2004/1/26 1:30,0
,2004/1/26 2:00,0
,2004/1/26 2:30,0
,2004/1/26 3:00,0
,2004/1/26 3:30,0
,2004/1/26 4:00,0
,2004/1/26 4:30,0
,2004/1/26 5:00,0
,2004/1/26 5:30,0
,2004/1/26 6:00,0
,2004/1/26 6:30,0
,2004/1/26 7:00,1.559930975
,2004/1/26 7:30,0.88930648
,2004/1/26 8:00,0.88930648
,2004/1/26 8:30,0.670624559
,2004/1/26 9:00,0
,2004/1/26 9:30,0
,2004/1/26 10:00,0
,2004/1/26 10:30,0
,2004/1/26 11:00,0
,2004/1/26 11:30,0
,2004/1/26 12:00,0
,2004/1/26 12:30,0.88930648
,2004/1/26 13:00,0
,2004/1/26 13:30,0.88930648
,2004/1/26 14:00,0
,2004/1/26 14:30,0
,2004/1/26 15:00,0
,2004/1/26 15:30,0
,2004/1/26 16:00,0
,2004/1/26 16:30,0
,2004/1/26 17:00,13.61659373
,2004/1/26 17:30,2.901180094
,2004/1/26 18:00,4.023747228
,2004/1/26 18:30,2.449237519
,2004/1/26 19:00,0
,2004/1/26 19:30,1.341249119
,2004/1/26 20:00,0
,2004/1/26 20:30,6.924927131
,2004/1/26 21:00,1.341249119
,2004/1/26 21:30,0
,2004/1/26 22:00,4.927632507
,2004/1/26 22:30,3.119861949
,2004/1/26 23:00,0.88930648
,2004/1/26 23:30,0
,2004/1/27 0:00,0
,2004/1/27 0:30,0
,2004/1/27 1:00,0
,2004/1/27 1:30,0
,2004/1/27 2:00,0
,2004/1/27 2:30,0
,2004/1/27 3:00,0
,2004/1/27 3:30,0
,2004/1/27 4:00,0
,2004/1/27 4:30,0
,2004/1/27 5:00,0
,2004/1/27 5:30,0
,2004/1/27 6:00,0
,2004/1/27 6:30,0.88930648
,2004/1/27 7:00,1.559930975
,2004/1/27 7:30,0
,2004/1/27 8:00,0.670624559
,2004/1/27 8:30,0
,2004/1/27 9:00,0
,2004/1/27 9:30,0
,2004/1/27 10:00,0
,2004/1/27 10:30,0.670624559
,2004/1/27 11:00,0
,2004/1/27 11:30,0
,2004/1/27 12:00,0
,2004/1/27 12:30,0
,2004/1/27 13:00,0
,2004/1/27 13:30,0
,2004/1/27 14:00,0.670624559
,2004/1/27 14:30,0
,2004/1/27 15:00,0
,2004/1/27 15:30,0
,2004/1/27 16:00,0
,2004/1/27 16:30,0
,2004/1/27 17:00,0
,2004/1/27 17:30,0
,2004/1/27 18:00,14.94326412
,2004/1/27 18:30,0.670624559
,2004/1/27 19:00,4.009168431
,2004/1/27 19:30,2.901179965
,2004/1/27 20:00,0
,2004/1/27 20:30,0.670624559
,2004/1/27 21:00,4.694371596
,2004/1/27 21:30,0
,2004/1/27 22:00,0
,2004/1/27 22:30,0
,2004/1/27 23:00,8.703540027
,2004/1/27 23:30,0
,2004/1/28 0:00,0
,2004/1/28 0:30,0
,2004/1/28 1:00,0
,2004/1/28 1:30,0
,2004/1/28 2:00,0
,2004/1/28 2:30,0
,2004/1/28 3:00,0
,2004/1/28 3:30,0
,2004/1/28 4:00,0
,2004/1/28 4:30,0
,2004/1/28 5:00,0
,2004/1/28 5:30,0
,2004/1/28 6:00,0
,2004/1/28 6:30,0
,2004/1/28 7:00,2.230555598
,2004/1/28 7:30,0
,2004/1/28 8:00,0.88930648
,2004/1/28 8:30,0
,2004/1/28 9:00,0
,2004/1/28 9:30,0
,2004/1/28 10:00,0
,2004/1/28 10:30,0
,2004/1/28 11:00,0
,2004/1/28 11:30,0.88930648
,2004/1/28 12:00,1.559931039
,2004/1/28 12:30,0.670624559
,2004/1/28 13:00,0
,2004/1/28 13:30,0
,2004/1/28 14:00,0
,2004/1/28 14:30,0
,2004/1/28 15:00,0
,2004/1/28 15:30,0
,2004/1/28 16:00,0
,2004/1/28 16:30,0
,2004/1/28 17:00,0
,2004/1/28 17:30,14.05395783
,2004/1/28 18:00,0
,2004/1/28 18:30,6.021042043
,2004/1/28 19:00,1.341249119
,2004/1/28 19:30,1.341249119
,2004/1/28 20:00,1.559931039
,2004/1/28 20:30,0.670624559
,2004/1/28 21:00,0
,2004/1/28 21:30,5.787781389
,2004/1/28 22:00,0
,2004/1/28 22:30,0
,2004/1/28 23:00,0.670624559
,2004/1/28 23:30,6.691666667
,2004/1/29 0:00,0
,2004/1/29 0:30,0
,2004/1/29 1:00,0
,2004/1/29 1:30,0
,2004/1/29 2:00,0
,2004/1/29 2:30,0
,2004/1/29 3:00,0
,2004/1/29 3:30,0
,2004/1/29 4:00,0
,2004/1/29 4:30,0
,2004/1/29 5:00,0
,2004/1/29 5:30,0
,2004/1/29 6:00,0
,2004/1/29 6:30,0.88930648
,2004/1/29 7:00,0.670624559
,2004/1/29 7:30,0
,2004/1/29 8:00,0
,2004/1/29 8:30,1.122567135
,2004/1/29 9:00,0
,2004/1/29 9:30,0
,2004/1/29 10:00,0
,2004/1/29 10:30,0
,2004/1/29 11:00,0
,2004/1/29 11:30,0
,2004/1/29 12:00,0
,2004/1/29 12:30,0
,2004/1/29 13:00,0
,2004/1/29 13:30,1.341249119
,2004/1/29 14:00,0
,2004/1/29 14:30,0
,2004/1/29 15:00,0
,2004/1/29 15:30,0
,2004/1/29 16:00,0
,2004/1/29 16:30,0.670624559
,2004/1/29 17:00,0
,2004/1/29 17:30,14.28721861
,2004/1/29 18:00,2.011873678
,2004/1/29 18:30,5.131735373
,2004/1/29 19:00,0
,2004/1/29 19:30,0.670624559
,2004/1/29 20:00,3.119861951
,2004/1/29 20:30,1.341249119
,2004/1/29 21:00,0
,2004/1/29 21:30,1.122567135
,2004/1/29 22:00,0
,2004/1/29 22:30,0
,2004/1/29 23:00,7.799654876
,2004/1/29 23:30,0
,2004/1/30 0:00,0
,2004/1/30 0:30,0
,2004/1/30 1:00,0
,2004/1/30 1:30,0
,2004/1/30 2:00,0
,2004/1/30 2:30,0
,2004/1/30 3:00,0
,2004/1/30 3:30,0
,2004/1/30 4:00,0
,2004/1/30 4:30,0
,2004/1/30 5:00,0
,2004/1/30 5:30,0
,2004/1/30 6:00,0
,2004/1/30 6:30,0
,2004/1/30 7:00,0.88930648
,2004/1/30 7:30,1.341249119
,2004/1/30 8:00,0
,2004/1/30 8:30,0
,2004/1/30 9:00,0
,2004/1/30 9:30,0
,2004/1/30 10:00,0
,2004/1/30 10:30,0
,2004/1/30 11:00,0
,2004/1/30 11:30,0.670624559
,2004/1/30 12:00,0
,2004/1/30 12:30,0
,2004/1/30 13:00,0
,2004/1/30 13:30,0.670624559
,2004/1/30 14:00,0
,2004/1/30 14:30,0
,2004/1/30 15:00,0
,2004/1/30 15:30,0
,2004/1/30 16:00,0
,2004/1/30 16:30,0.670624559
,2004/1/30 17:00,0
,2004/1/30 17:30,0
,2004/1/30 18:00,2.4492372
,2004/1/30 18:30,11.82340236
,2004/1/30 19:00,8.251597514
,2004/1/30 19:30,1.778612959
,2004/1/30 20:00,1.559930975
,2004/1/30 20:30,1.341249119
,2004/1/30 21:00,0
,2004/1/30 21:30,4.913053644
,2004/1/30 22:00,0
,2004/1/30 22:30,0
,2004/1/30 23:00,0
,2004/1/30 23:30,6.924926939
,2004/1/31 0:00,2.011873614
,2004/1/31 0:30,1.341249119
,2004/1/31 1:00,0
,2004/1/31 1:30,0
,2004/1/31 2:00,0
,2004/1/31 2:30,0
,2004/1/31 3:00,0
,2004/1/31 3:30,0
,2004/1/31 4:00,0
,2004/1/31 4:30,0
,2004/1/31 5:00,0
,2004/1/31 5:30,0.670624559
,2004/1/31 6:00,0
,2004/1/31 6:30,0
,2004/1/31 7:00,1.341249119
,2004/1/31 7:30,0
,2004/1/31 8:00,0
,2004/1/31 8:30,0
,2004/1/31 9:00,0.670624559
,2004/1/31 9:30,0
,2004/1/31 10:00,0
,2004/1/31 10:30,0
,2004/1/31 11:00,0
,2004/1/31 11:30,0
,2004/1/31 12:00,0
,2004/1/31 12:30,0
,2004/1/31 13:00,0
,2004/1/31 13:30,0.670624559
,2004/1/31 14:00,0
,2004/1/31 14:30,0
,2004/1/31 15:00,0
,2004/1/31 15:30,0
,2004/1/31 16:00,0
,2004/1/31 16:30,0
,2004/1/31 17:00,0
,2004/1/31 17:30,0
,2004/1/31 18:00,8.703540282
,2004/1/31 18:30,6.691666795
,2004/1/31 19:00,4.446532398
,2004/1/31 19:30,1.122567135
,2004/1/31 20:00,0.670624559
,2004/1/31 20:30,0
,2004/1/31 21:00,4.679792669
,2004/1/31 21:30,3.119861949
,2004/1/31 22:00,0.88930648
,2004/1/31 22:30,2.449237518
,2004/1/31 23:00,0
,2004/1/31 23:30,0
,2004/2/1 0:00,0
,2004/2/1 0:30,0
,2004/2/1 1:00,0
,2004/2/1 1:30,0
,2004/2/1 2:00,0
,2004/2/1 2:30,0
,2004/2/1 3:00,0
,2004/2/1 3:30,0
,2004/2/1 4:00,0
,2004/2/1 4:30,0
,2004/2/1 5:00,0
,2004/2/1 5:30,0
,2004/2/1 6:00,0
,2004/2/1 6:30,0
,2004/2/1 7:00,0
,2004/2/1 7:30,0
,2004/2/1 8:00,0
,2004/2/1 8:30,0
,2004/2/1 9:00,0
,2004/2/1 9:30,0
,2004/2/1 10:00,0
,2004/2/1 10:30,0
,2004/2/1 11:00,0
,2004/2/1 11:30,0
,2004/2/1 12:00,0
,2004/2/1 12:30,0
,2004/2/1 13:00,0
,2004/2/1 13:30,0
,2004/2/1 14:00,0
,2004/2/1 14:30,1.122567135
,2004/2/1 15:00,0
,2004/2/1 15:30,0
,2004/2/1 16:00,0
,2004/2/1 16:30,1.122567135
,2004/2/1 17:00,0.88930648
,2004/2/1 17:30,2.901180093
,2004/2/1 18:00,0
,2004/2/1 18:30,3.134440749
,2004/2/1 19:00,5.146314363
,2004/2/1 19:30,1.778612959
,2004/2/1 20:00,0
,2004/2/1 20:30,1.778612959
,2004/2/1 21:00,1.341249119
,2004/2/1 21:30,5.802360188
,2004/2/1 22:00,6.239724031
,2004/2/1 22:30,1.559930975
,2004/2/1 23:00,0
,2004/2/1 23:30,0
,2004/2/2 0:00,1.122567135
,2004/2/2 0:30,1.122567135
,2004/2/2 1:00,0
,2004/2/2 1:30,0
,2004/2/2 2:00,0
,2004/2/2 2:30,0
,2004/2/2 3:00,0
,2004/2/2 3:30,0
,2004/2/2 4:00,0
,2004/2/2 4:30,0
,2004/2/2 5:00,0
,2004/2/2 5:30,0
,2004/2/2 6:00,0
,2004/2/2 6:30,0
,2004/2/2 7:00,0
,2004/2/2 7:30,0
,2004/2/2 8:00,0
,2004/2/2 8:30,0
,2004/2/2 9:00,0
,2004/2/2 9:30,0
,2004/2/2 10:00,0
,2004/2/2 10:30,0
,2004/2/2 11:00,0
,2004/2/2 11:30,0
,2004/2/2 12:00,0
,2004/2/2 12:30,0
,2004/2/2 13:00,0
,2004/2/2 13:30,0
,2004/2/2 14:00,0
,2004/2/2 14:30,0
,2004/2/2 15:00,0
,2004/2/2 15:30,0
,2004/2/2 16:00,0
,2004/2/2 16:30,0
,2004/2/2 17:00,0
,2004/2/2 17:30,0
,2004/2/2 18:00,0
,2004/2/2 18:30,0
,2004/2/2 19:00,0
,2004/2/2 19:30,1.778612959
,2004/2/2 20:00,0
,2004/2/2 20:30,0
,2004/2/2 21:00,0
,2004/2/2 21:30,0
,2004/2/2 22:00,0
,2004/2/2 22:30,0
,2004/2/2 23:00,0
,2004/2/2 23:30,0
,2004/2/3 0:00,0
,2004/2/3 0:30,0
,2004/2/3 1:00,0
,2004/2/3 1:30,0
,2004/2/3 2:00,0
,2004/2/3 2:30,0
,2004/2/3 3:00,0
,2004/2/3 3:30,0
,2004/2/3 4:00,0
,2004/2/3 4:30,0
,2004/2/3 5:00,0
,2004/2/3 5:30,0
,2004/2/3 6:00,0
,2004/2/3 6:30,0
,2004/2/3 7:00,0
,2004/2/3 7:30,0
,2004/2/3 8:00,2.011873614
,2004/2/3 8:30,0
,2004/2/3 9:00,0
,2004/2/3 9:30,0
,2004/2/3 10:00,0
,2004/2/3 10:30,0
,2004/2/3 11:00,0.88930648
,2004/2/3 11:30,0
,2004/2/3 12:00,0
,2004/2/3 12:30,0
,2004/2/3 13:00,0
,2004/2/3 13:30,0
,2004/2/3 14:00,0
,2004/2/3 14:30,0
,2004/2/3 15:00,0
,2004/2/3 15:30,0
,2004/2/3 16:00,0
,2004/2/3 16:30,0
,2004/2/3 17:00,0
,2004/2/3 17:30,0
,2004/2/3 18:00,1.122567135
,2004/2/3 18:30,1.341249119
,2004/2/3 19:00,4.679793052
,2004/2/3 19:30,0
,2004/2/3 20:00,0
,2004/2/3 20:30,1.122567135
,2004/2/3 21:00,2.667919438
,2004/2/3 21:30,0.88930648
,2004/2/3 22:00,1.122567135
,2004/2/3 22:30,0
,2004/2/3 23:00,0
,2004/2/3 23:30,0.88930648
,2004/2/4 0:00,0
,2004/2/4 0:30,0
,2004/2/4 1:00,0
,2004/2/4 1:30,0
,2004/2/4 2:00,0
,2004/2/4 2:30,0
,2004/2/4 3:00,0
,2004/2/4 3:30,0
,2004/2/4 4:00,0
,2004/2/4 4:30,0
,2004/2/4 5:00,0
,2004/2/4 5:30,0
,2004/2/4 6:00,0
,2004/2/4 6:30,0
,2004/2/4 7:00,0
,2004/2/4 7:30,0
,2004/2/4 8:00,0
,2004/2/4 8:30,0
,2004/2/4 9:00,0
,2004/2/4 9:30,0.88930648
,2004/2/4 10:00,0
,2004/2/4 10:30,0
,2004/2/4 11:00,0
,2004/2/4 11:30,0
,2004/2/4 12:00,0
,2004/2/4 12:30,0
,2004/2/4 13:00,0
,2004/2/4 13:30,0
,2004/2/4 14:00,1.341249119
,2004/2/4 14:30,0
,2004/2/4 15:00,0
,2004/2/4 15:30,0
,2004/2/4 16:00,0
,2004/2/4 16:30,0
,2004/2/4 17:00,0
,2004/2/4 17:30,0
,2004/2/4 18:00,0
,2004/2/4 18:30,0
,2004/2/4 19:00,0
,2004/2/4 19:30,0.88930648
,2004/2/4 20:00,3.57180459
,2004/2/4 20:30,0.88930648
,2004/2/4 21:00,12.49402647
,2004/2/4 21:30,1.341249119
,2004/2/4 22:00,0
,2004/2/4 22:30,0
,2004/2/4 23:00,0
,2004/2/4 23:30,0
,2004/2/5 0:00,0
,2004/2/5 0:30,0
,2004/2/5 1:00,0
,2004/2/5 1:30,0
,2004/2/5 2:00,0
,2004/2/5 2:30,0
,2004/2/5 3:00,0
,2004/2/5 3:30,0
,2004/2/5 4:00,0
,2004/2/5 4:30,0
,2004/2/5 5:00,0
,2004/2/5 5:30,0
,2004/2/5 6:00,0
,2004/2/5 6:30,0
,2004/2/5 7:00,0
,2004/2/5 7:30,0
,2004/2/5 8:00,0
,2004/2/5 8:30,0
,2004/2/5 9:00,0
,2004/2/5 9:30,0
,2004/2/5 10:00,0
,2004/2/5 10:30,0
,2004/2/5 11:00,2.011873615
,2004/2/5 11:30,0
,2004/2/5 12:00,0
,2004/2/5 12:30,0
,2004/2/5 13:00,0
,2004/2/5 13:30,0
,2004/2/5 14:00,0
,2004/2/5 14:30,0
,2004/2/5 15:00,0
,2004/2/5 15:30,0
,2004/2/5 16:00,0
,2004/2/5 16:30,0
,2004/2/5 17:00,0
,2004/2/5 17:30,0
,2004/2/5 18:00,0
,2004/2/5 18:30,1.122567135
,2004/2/5 19:00,0
,2004/2/5 19:30,0
,2004/2/5 20:00,0
,2004/2/5 20:30,0
,2004/2/5 21:00,0
,2004/2/5 21:30,0
,2004/2/5 22:00,0
,2004/2/5 22:30,0
,2004/2/5 23:00,0
,2004/2/5 23:30,0
,2004/2/6 0:00,0
,2004/2/6 0:30,0
,2004/2/6 1:00,0
,2004/2/6 1:30,0
,2004/2/6 2:00,0
,2004/2/6 2:30,0
,2004/2/6 3:00,0
,2004/2/6 3:30,0
,2004/2/6 4:00,0
,2004/2/6 4:30,0
,2004/2/6 5:00,0
,2004/2/6 5:30,0
,2004/2/6 6:00,0
,2004/2/6 6:30,0
,2004/2/6 7:00,0
,2004/2/6 7:30,0
,2004/2/6 8:00,0
,2004/2/6 8:30,0
,2004/2/6 9:00,0
,2004/2/6 9:30,0
,2004/2/6 10:00,0
,2004/2/6 10:30,0
,2004/2/6 11:00,0
,2004/2/6 11:30,0
,2004/2/6 12:00,0
,2004/2/6 12:30,0
,2004/2/6 13:00,0
,2004/2/6 13:30,0
,2004/2/6 14:00,0
,2004/2/6 14:30,0
,2004/2/6 15:00,0
,2004/2/6 15:30,0
,2004/2/6 16:00,0
,2004/2/6 16:30,0
,2004/2/6 17:00,0
,2004/2/6 17:30,0
,2004/2/6 18:00,0.88930648
,2004/2/6 18:30,4.009168557
,2004/2/6 19:00,4.023747228
,2004/2/6 19:30,1.341249119
,2004/2/6 20:00,10.48215311
,2004/2/6 20:30,0
,2004/2/6 21:00,0
,2004/2/6 21:30,0
,2004/2/6 22:00,0
,2004/2/6 22:30,0
,2004/2/6 23:00,0
,2004/2/6 23:30,0
,2004/2/7 0:00,0
,2004/2/7 0:30,0
,2004/2/7 1:00,0
,2004/2/7 1:30,0
,2004/2/7 2:00,0
,2004/2/7 2:30,0
,2004/2/7 3:00,0
,2004/2/7 3:30,0
,2004/2/7 4:00,0
,2004/2/7 4:30,0
,2004/2/7 5:00,0
,2004/2/7 5:30,0
,2004/2/7 6:00,0
,2004/2/7 6:30,0
,2004/2/7 7:00,0
,2004/2/7 7:30,0
,2004/2/7 8:00,0
,2004/2/7 8:30,0
,2004/2/7 9:00,0
,2004/2/7 9:30,0
,2004/2/7 10:00,0
,2004/2/7 10:30,0
,2004/2/7 11:00,0
,2004/2/7 11:30,0
,2004/2/7 12:00,0
,2004/2/7 12:30,0
,2004/2/7 13:00,0
,2004/2/7 13:30,0
,2004/2/7 14:00,0
,2004/2/7 14:30,0
,2004/2/7 15:00,0
,2004/2/7 15:30,0
,2004/2/7 16:00,0
,2004/2/7 16:30,0
,2004/2/7 17:00,0
,2004/2/7 17:30,0
,2004/2/7 18:00,0.88930648
,2004/2/7 18:30,0
,2004/2/7 19:00,0
,2004/2/7 19:30,0
,2004/2/7 20:00,0
,2004/2/7 20:30,0
,2004/2/7 21:00,0
,2004/2/7 21:30,0
,2004/2/7 22:00,0
,2004/2/7 22:30,0
,2004/2/7 23:00,0
,2004/2/7 23:30,0
,2004/2/8 0:00,0
,2004/2/8 0:30,0
,2004/2/8 1:00,0
,2004/2/8 1:30,0
,2004/2/8 2:00,0
,2004/2/8 2:30,0
,2004/2/8 3:00,0
,2004/2/8 3:30,0
,2004/2/8 4:00,0
,2004/2/8 4:30,0
,2004/2/8 5:00,0
,2004/2/8 5:30,0
,2004/2/8 6:00,0
,2004/2/8 6:30,0
,2004/2/8 7:00,0
,2004/2/8 7:30,0
,2004/2/8 8:00,0
,2004/2/8 8:30,0
,2004/2/8 9:00,0
,2004/2/8 9:30,0
,2004/2/8 10:00,0
,2004/2/8 10:30,0
,2004/2/8 11:00,0
,2004/2/8 11:30,0
,2004/2/8 12:00,0
,2004/2/8 12:30,0
,2004/2/8 13:00,0
,2004/2/8 13:30,0
,2004/2/8 14:00,0
,2004/2/8 14:30,0
,2004/2/8 15:00,0
,2004/2/8 15:30,0
,2004/2/8 16:00,0
,2004/2/8 16:30,0
,2004/2/8 17:00,0
,2004/2/8 17:30,0
,2004/2/8 18:00,0
,2004/2/8 18:30,2.24513427
,2004/2/8 19:00,7.129030511
,2004/2/8 19:30,2.667919438
,2004/2/8 20:00,0
,2004/2/8 20:30,0
,2004/2/8 21:00,1.122567135
,2004/2/8 21:30,0
,2004/2/8 22:00,0
,2004/2/8 22:30,0
,2004/2/8 23:00,0
,2004/2/8 23:30,0
,2004/2/9 0:00,0.88930648
,2004/2/9 0:30,0
,2004/2/9 1:00,0
,2004/2/9 1:30,0
,2004/2/9 2:00,0
,2004/2/9 2:30,0
,2004/2/9 3:00,0
,2004/2/9 3:30,0
,2004/2/9 4:00,0
,2004/2/9 4:30,0
,2004/2/9 5:00,0
,2004/2/9 5:30,0
,2004/2/9 6:00,0
,2004/2/9 6:30,0
,2004/2/9 7:00,0
,2004/2/9 7:30,0
,2004/2/9 8:00,0
,2004/2/9 8:30,0
,2004/2/9 9:00,0
,2004/2/9 9:30,0
,2004/2/9 10:00,0
,2004/2/9 10:30,0
,2004/2/9 11:00,0
,2004/2/9 11:30,0
,2004/2/9 12:00,0
,2004/2/9 12:30,0
,2004/2/9 13:00,0
,2004/2/9 13:30,0
,2004/2/9 14:00,0
,2004/2/9 14:30,0
,2004/2/9 15:00,0
,2004/2/9 15:30,0
,2004/2/9 16:00,0
,2004/2/9 16:30,0
,2004/2/9 17:00,0
,2004/2/9 17:30,0
,2004/2/9 18:00,0.88930648
,2004/2/9 18:30,2.901180093
,2004/2/9 19:00,5.802360188
,2004/2/9 19:30,1.778612959
,2004/2/9 20:00,11.60471999
,2004/2/9 20:30,2.011873614
,2004/2/9 21:00,0
,2004/2/9 21:30,0
,2004/2/9 22:00,0
,2004/2/9 22:30,0
,2004/2/9 23:00,0
,2004/2/9 23:30,0
,2004/2/10 0:00,0
,2004/2/10 0:30,0
,2004/2/10 1:00,0
,2004/2/10 1:30,0
,2004/2/10 2:00,0
,2004/2/10 2:30,0
,2004/2/10 3:00,0
,2004/2/10 3:30,0
,2004/2/10 4:00,0
,2004/2/10 4:30,0
,2004/2/10 5:00,0
,2004/2/10 5:30,0
,2004/2/10 6:00,0
,2004/2/10 6:30,0
,2004/2/10 7:00,0
,2004/2/10 7:30,0
,2004/2/10 8:00,0
,2004/2/10 8:30,0
,2004/2/10 9:00,0
,2004/2/10 9:30,0
,2004/2/10 10:00,0
,2004/2/10 10:30,0
,2004/2/10 11:00,2.667919438
,2004/2/10 11:30,2.245134269
,2004/2/10 12:00,0
,2004/2/10 12:30,0
,2004/2/10 13:00,1.122567135
,2004/2/10 13:30,0
,2004/2/10 14:00,0
,2004/2/10 14:30,0
,2004/2/10 15:00,0
,2004/2/10 15:30,0
,2004/2/10 16:00,0
,2004/2/10 16:30,0
,2004/2/10 17:00,0
,2004/2/10 17:30,0
,2004/2/10 18:00,0
,2004/2/10 18:30,0
,2004/2/10 19:00,0
,2004/2/10 19:30,1.778612959
,2004/2/10 20:00,1.778612959
,2004/2/10 20:30,0
,2004/2/10 21:00,0
,2004/2/10 21:30,0
,2004/2/10 22:00,0
,2004/2/10 22:30,0
,2004/2/10 23:00,0
,2004/2/10 23:30,0
,2004/2/11 0:00,0
,2004/2/11 0:30,0
,2004/2/11 1:00,0
,2004/2/11 1:30,0
,2004/2/11 2:00,0
,2004/2/11 2:30,0
,2004/2/11 3:00,0
,2004/2/11 3:30,0
,2004/2/11 4:00,0
,2004/2/11 4:30,0
,2004/2/11 5:00,0
,2004/2/11 5:30,0
,2004/2/11 6:00,0
,2004/2/11 6:30,0
,2004/2/11 7:00,0
,2004/2/11 7:30,0
,2004/2/11 8:00,0
,2004/2/11 8:30,0
,2004/2/11 9:00,0
,2004/2/11 9:30,0
,2004/2/11 10:00,3.119861951
,2004/2/11 10:30,0
,2004/2/11 11:00,0
,2004/2/11 11:30,0
,2004/2/11 12:00,0.88930648
,2004/2/11 12:30,0
,2004/2/11 13:00,0
,2004/2/11 13:30,0
,2004/2/11 14:00,0
,2004/2/11 14:30,0
,2004/2/11 15:00,0
,2004/2/11 15:30,0
,2004/2/11 16:00,0
,2004/2/11 16:30,0
,2004/2/11 17:00,0
,2004/2/11 17:30,0
,2004/2/11 18:00,0
,2004/2/11 18:30,0.88930648
,2004/2/11 19:00,0
,2004/2/11 19:30,4.679793052
,2004/2/11 20:00,6.472984811
,2004/2/11 20:30,0
,2004/2/11 21:00,0
,2004/2/11 21:30,1.559930975
,2004/2/11 22:00,2.68249811
,2004/2/11 22:30,4.009168557
,2004/2/11 23:00,0
,2004/2/11 23:30,0
,2004/2/12 0:00,0
,2004/2/12 0:30,0
,2004/2/12 1:00,0
,2004/2/12 1:30,0
,2004/2/12 2:00,0
,2004/2/12 2:30,0
,2004/2/12 3:00,0
,2004/2/12 3:30,0
,2004/2/12 4:00,0
,2004/2/12 4:30,0
,2004/2/12 5:00,0
,2004/2/12 5:30,0
,2004/2/12 6:00,0
,2004/2/12 6:30,0
,2004/2/12 7:00,0
,2004/2/12 7:30,0
,2004/2/12 8:00,0
,2004/2/12 8:30,0
,2004/2/12 9:00,0
,2004/2/12 9:30,0
,2004/2/12 10:00,0
,2004/2/12 10:30,0
,2004/2/12 11:00,0
,2004/2/12 11:30,0
,2004/2/12 12:00,0
,2004/2/12 12:30,0
,2004/2/12 13:00,0
,2004/2/12 13:30,0
,2004/2/12 14:00,0
,2004/2/12 14:30,0
,2004/2/12 15:00,0
,2004/2/12 15:30,0
,2004/2/12 16:00,0
,2004/2/12 16:30,0
,2004/2/12 17:00,0
,2004/2/12 17:30,0
,2004/2/12 18:00,0
,2004/2/12 18:30,5.146314363
,2004/2/12 19:00,1.778612959
,2004/2/12 19:30,0
,2004/2/12 20:00,7.362290905
,2004/2/12 20:30,0
,2004/2/12 21:00,1.778612959
,2004/2/12 21:30,0
,2004/2/12 22:00,0
,2004/2/12 22:30,0
,2004/2/12 23:00,0
,2004/2/12 23:30,0
,2004/2/13 0:00,0
,2004/2/13 0:30,0
,2004/2/13 1:00,0
,2004/2/13 1:30,0
,2004/2/13 2:00,0
,2004/2/13 2:30,0
,2004/2/13 3:00,0
,2004/2/13 3:30,0
,2004/2/13 4:00,0
,2004/2/13 4:30,0
,2004/2/13 5:00,0
,2004/2/13 5:30,0
,2004/2/13 6:00,0
,2004/2/13 6:30,0
,2004/2/13 7:00,0
,2004/2/13 7:30,0
,2004/2/13 8:00,0
,2004/2/13 8:30,0
,2004/2/13 9:00,0
,2004/2/13 9:30,0
,2004/2/13 10:00,0
,2004/2/13 10:30,0
,2004/2/13 11:00,0
,2004/2/13 11:30,0
,2004/2/13 12:00,0
,2004/2/13 12:30,0
,2004/2/13 13:00,0
,2004/2/13 13:30,0
,2004/2/13 14:00,0
,2004/2/13 14:30,0
,2004/2/13 15:00,0
,2004/2/13 15:30,0
,2004/2/13 16:00,0
,2004/2/13 16:30,0
,2004/2/13 17:00,0
,2004/2/13 17:30,0
,2004/2/13 18:00,0
,2004/2/13 18:30,0.88930648
,2004/2/13 19:00,5.131735689
,2004/2/13 19:30,0.88930648
,2004/2/13 20:00,12.26076581
,2004/2/13 20:30,1.559930975
,2004/2/13 21:00,3.11986195
,2004/2/13 21:30,0
,2004/2/13 22:00,0.88930648
,2004/2/13 22:30,0
,2004/2/13 23:00,0
,2004/2/13 23:30,0
,2004/2/14 0:00,0
,2004/2/14 0:30,0
,2004/2/14 1:00,0
,2004/2/14 1:30,0.88930648
,2004/2/14 2:00,0
,2004/2/14 2:30,0
,2004/2/14 3:00,0
,2004/2/14 3:30,0
,2004/2/14 4:00,0
,2004/2/14 4:30,0
,2004/2/14 5:00,0
,2004/2/14 5:30,0
,2004/2/14 6:00,0
,2004/2/14 6:30,0
,2004/2/14 7:00,0
,2004/2/14 7:30,1.122567135
,2004/2/14 8:00,0.88930648
,2004/2/14 8:30,2.449237455
,2004/2/14 9:00,0
,2004/2/14 9:30,0
,2004/2/14 10:00,0
,2004/2/14 10:30,0
,2004/2/14 11:00,0
,2004/2/14 11:30,0
,2004/2/14 12:00,0
,2004/2/14 12:30,0
,2004/2/14 13:00,0
,2004/2/14 13:30,0
,2004/2/14 14:00,0
,2004/2/14 14:30,0
,2004/2/14 15:00,0
,2004/2/14 15:30,0
,2004/2/14 16:00,0
,2004/2/14 16:30,0
,2004/2/14 17:00,0
,2004/2/14 17:30,0
,2004/2/14 18:00,0
,2004/2/14 18:30,1.122567135
,2004/2/14 19:00,0
,2004/2/14 19:30,0
,2004/2/14 20:00,0
,2004/2/14 20:30,0
,2004/2/14 21:00,15.39520606
,2004/2/14 21:30,1.559930975
,2004/2/14 22:00,0
,2004/2/14 22:30,0
,2004/2/14 23:00,0
,2004/2/14 23:30,0
,2004/2/15 0:00,0
,2004/2/15 0:30,0
,2004/2/15 1:00,0
,2004/2/15 1:30,0
,2004/2/15 2:00,0
,2004/2/15 2:30,0
,2004/2/15 3:00,0
,2004/2/15 3:30,0
,2004/2/15 4:00,0
,2004/2/15 4:30,0
,2004/2/15 5:00,0
,2004/2/15 5:30,0
,2004/2/15 6:00,0
,2004/2/15 6:30,0
,2004/2/15 7:00,0
,2004/2/15 7:30,0
,2004/2/15 8:00,0
,2004/2/15 8:30,0
,2004/2/15 9:00,4.679792928
,2004/2/15 9:30,3.57180459
,2004/2/15 10:00,0
,2004/2/15 10:30,0
,2004/2/15 11:00,0
,2004/2/15 11:30,0
,2004/2/15 12:00,0
,2004/2/15 12:30,0
,2004/2/15 13:00,0
,2004/2/15 13:30,0.88930648
,2004/2/15 14:00,0
,2004/2/15 14:30,0
,2004/2/15 15:00,0
,2004/2/15 15:30,0
,2004/2/15 16:00,0.88930648
,2004/2/15 16:30,0
,2004/2/15 17:00,0
,2004/2/15 17:30,0
,2004/2/15 18:00,0
,2004/2/15 18:30,0
,2004/2/15 19:00,0
,2004/2/15 19:30,4.242429213
,2004/2/15 20:00,0.88930648
,2004/2/15 20:30,10.2488922
,2004/2/15 21:00,4.679793052
,2004/2/15 21:30,0
,2004/2/15 22:00,1.341249119
,2004/2/15 22:30,0
,2004/2/15 23:00,0
,2004/2/15 23:30,0.88930648
,2004/2/16 0:00,0.88930648
,2004/2/16 0:30,0
,2004/2/16 1:00,0
,2004/2/16 1:30,0
,2004/2/16 2:00,0
,2004/2/16 2:30,0
,2004/2/16 3:00,0
,2004/2/16 3:30,0
,2004/2/16 4:00,0
,2004/2/16 4:30,0
,2004/2/16 5:00,0
,2004/2/16 5:30,0
,2004/2/16 6:00,0
,2004/2/16 6:30,0
,2004/2/16 7:00,0
,2004/2/16 7:30,0
,2004/2/16 8:00,0
,2004/2/16 8:30,0
,2004/2/16 9:00,0
,2004/2/16 9:30,0
,2004/2/16 10:00,0
,2004/2/16 10:30,0
,2004/2/16 11:00,0
,2004/2/16 11:30,0
,2004/2/16 12:00,0
,2004/2/16 12:30,0
,2004/2/16 13:00,0
,2004/2/16 13:30,0
,2004/2/16 14:00,0
,2004/2/16 14:30,0
,2004/2/16 15:00,0
,2004/2/16 15:30,0
,2004/2/16 16:00,0
,2004/2/16 16:30,0
,2004/2/16 17:00,0
,2004/2/16 17:30,0
,2004/2/16 18:00,0
,2004/2/16 18:30,2.901180093
,2004/2/16 19:00,5.146314363
,2004/2/16 19:30,1.122567135
,2004/2/16 20:00,4.694371726
,2004/2/16 20:30,0
,2004/2/16 21:00,0.88930648
,2004/2/16 21:30,0
,2004/2/16 22:00,0
,2004/2/16 22:30,0
,2004/2/16 23:00,0
,2004/2/16 23:30,0
,2004/2/17 0:00,0
,2004/2/17 0:30,0
,2004/2/17 1:00,0
,2004/2/17 1:30,0
,2004/2/17 2:00,0
,2004/2/17 2:30,0
,2004/2/17 3:00,0
,2004/2/17 3:30,0
,2004/2/17 4:00,0
,2004/2/17 4:30,0
,2004/2/17 5:00,0
,2004/2/17 5:30,0
,2004/2/17 6:00,0
,2004/2/17 6:30,0
,2004/2/17 7:00,0
,2004/2/17 7:30,0
,2004/2/17 8:00,0
,2004/2/17 8:30,0
,2004/2/17 9:00,0
,2004/2/17 9:30,0
,2004/2/17 10:00,0
,2004/2/17 10:30,0
,2004/2/17 11:00,3.571804717
,2004/2/17 11:30,0.88930648
,2004/2/17 12:00,3.119862078
,2004/2/17 12:30,0
,2004/2/17 13:00,0
,2004/2/17 13:30,0
,2004/2/17 14:00,0
,2004/2/17 14:30,0
,2004/2/17 15:00,0
,2004/2/17 15:30,0
,2004/2/17 16:00,0
,2004/2/17 16:30,0
,2004/2/17 17:00,0
,2004/2/17 17:30,0
,2004/2/17 18:00,0
,2004/2/17 18:30,3.571804716
,2004/2/17 19:00,5.802360188
,2004/2/17 19:30,7.580972763
,2004/2/17 20:00,7.143609305
,2004/2/17 20:30,0
,2004/2/17 21:00,3.353122605
,2004/2/17 21:30,0
,2004/2/17 22:00,1.122567135
,2004/2/17 22:30,0
,2004/2/17 23:00,0.88930648
,2004/2/17 23:30,0
,2004/2/18 0:00,0
,2004/2/18 0:30,0
,2004/2/18 1:00,0
,2004/2/18 1:30,0
,2004/2/18 2:00,0
,2004/2/18 2:30,0
,2004/2/18 3:00,0
,2004/2/18 3:30,0
,2004/2/18 4:00,0
,2004/2/18 4:30,0
,2004/2/18 5:00,0
,2004/2/18 5:30,0
,2004/2/18 6:00,0
,2004/2/18 6:30,0
,2004/2/18 7:00,0
,2004/2/18 7:30,0
,2004/2/18 8:00,0.88930648
,2004/2/18 8:30,0
,2004/2/18 9:00,0
,2004/2/18 9:30,0
,2004/2/18 10:00,0
,2004/2/18 10:30,0
,2004/2/18 11:00,0
,2004/2/18 11:30,0
,2004/2/18 12:00,0
,2004/2/18 12:30,0
,2004/2/18 13:00,0
,2004/2/18 13:30,0
,2004/2/18 14:00,0
,2004/2/18 14:30,0
,2004/2/18 15:00,0
,2004/2/18 15:30,0
,2004/2/18 16:00,0
,2004/2/18 16:30,0
,2004/2/18 17:00,0
,2004/2/18 17:30,0
,2004/2/18 18:00,0
,2004/2/18 18:30,1.122567135
,2004/2/18 19:00,1.778612959
,2004/2/18 19:30,0
,2004/2/18 20:00,0
,2004/2/18 20:30,2.901180093
,2004/2/18 21:00,2.667919438
,2004/2/18 21:30,2.011873614
,2004/2/18 22:00,1.122567135
,2004/2/18 22:30,0
,2004/2/18 23:00,0
,2004/2/18 23:30,0
,2004/2/19 0:00,0
,2004/2/19 0:30,0
,2004/2/19 1:00,0
,2004/2/19 1:30,0
,2004/2/19 2:00,0
,2004/2/19 2:30,0
,2004/2/19 3:00,0
,2004/2/19 3:30,0
,2004/2/19 4:00,0
,2004/2/19 4:30,0
,2004/2/19 5:00,0
,2004/2/19 5:30,0
,2004/2/19 6:00,0
,2004/2/19 6:30,0
,2004/2/19 7:00,0
,2004/2/19 7:30,0
,2004/2/19 8:00,0
,2004/2/19 8:30,0
,2004/2/19 9:00,0
,2004/2/19 9:30,0
,2004/2/19 10:00,0
,2004/2/19 10:30,0
,2004/2/19 11:00,0
,2004/2/19 11:30,0
,2004/2/19 12:00,0
,2004/2/19 12:30,0
,2004/2/19 13:00,0
,2004/2/19 13:30,0
,2004/2/19 14:00,0
,2004/2/19 14:30,0
,2004/2/19 15:00,0
,2004/2/19 15:30,0
,2004/2/19 16:00,0
,2004/2/19 16:30,0
,2004/2/19 17:00,0
,2004/2/19 17:30,0
,2004/2/19 18:00,0
,2004/2/19 18:30,0
,2004/2/19 19:00,0
,2004/2/19 19:30,0
,2004/2/19 20:00,0
,2004/2/19 20:30,0
,2004/2/19 21:00,0
,2004/2/19 21:30,0
,2004/2/19 22:00,1.122567135
,2004/2/19 22:30,3.571804717
,2004/2/19 23:00,4.009168557
,2004/2/19 23:30,0.88930648
,2004/2/20 0:00,0
,2004/2/20 0:30,0
,2004/2/20 1:00,0
,2004/2/20 1:30,0.88930648
,2004/2/20 2:00,0
,2004/2/20 2:30,0
,2004/2/20 3:00,0
,2004/2/20 3:30,0
,2004/2/20 4:00,0
,2004/2/20 4:30,0
,2004/2/20 5:00,0
,2004/2/20 5:30,0
,2004/2/20 6:00,0
,2004/2/20 6:30,0
,2004/2/20 7:00,0
,2004/2/20 7:30,0
,2004/2/20 8:00,0.88930648
,2004/2/20 8:30,0
,2004/2/20 9:00,0
,2004/2/20 9:30,0
,2004/2/20 10:00,0
,2004/2/20 10:30,0
,2004/2/20 11:00,0
,2004/2/20 11:30,0
,2004/2/20 12:00,0
,2004/2/20 12:30,0
,2004/2/20 13:00,0
,2004/2/20 13:30,0
,2004/2/20 14:00,0
,2004/2/20 14:30,0
,2004/2/20 15:00,0
,2004/2/20 15:30,0
,2004/2/20 16:00,0
,2004/2/20 16:30,0
,2004/2/20 17:00,0
,2004/2/20 17:30,0
,2004/2/20 18:00,0
,2004/2/20 18:30,0
,2004/2/20 19:00,0
,2004/2/20 19:30,0
,2004/2/20 20:00,0
,2004/2/20 20:30,0
,2004/2/20 21:00,0
,2004/2/20 21:30,0
,2004/2/20 22:00,0
,2004/2/20 22:30,0
,2004/2/20 23:00,0
,2004/2/20 23:30,0
,2004/2/21 0:00,0
,2004/2/21 0:30,0
,2004/2/21 1:00,0
,2004/2/21 1:30,0
,2004/2/21 2:00,1.122567135
,2004/2/21 2:30,0.88930648
,2004/2/21 3:00,0
,2004/2/21 3:30,0
,2004/2/21 4:00,0
,2004/2/21 4:30,0
,2004/2/21 5:00,0
,2004/2/21 5:30,0
,2004/2/21 6:00,0
,2004/2/21 6:30,0
,2004/2/21 7:00,0
,2004/2/21 7:30,0
,2004/2/21 8:00,0
,2004/2/21 8:30,0
,2004/2/21 9:00,0
,2004/2/21 9:30,3.571804717
,2004/2/21 10:00,0
,2004/2/21 10:30,0
,2004/2/21 11:00,0
,2004/2/21 11:30,0
,2004/2/21 12:00,0
,2004/2/21 12:30,0
,2004/2/21 13:00,0
,2004/2/21 13:30,0
,2004/2/21 14:00,0
,2004/2/21 14:30,0
,2004/2/21 15:00,0
,2004/2/21 15:30,0
,2004/2/21 16:00,0
,2004/2/21 16:30,0
,2004/2/21 17:00,0
,2004/2/21 17:30,0
,2004/2/21 18:00,0
,2004/2/21 18:30,0
,2004/2/21 19:00,0
,2004/2/21 19:30,0
,2004/2/21 20:00,0
,2004/2/21 20:30,0
,2004/2/21 21:00,0
,2004/2/21 21:30,0
,2004/2/21 22:00,0
,2004/2/21 22:30,0
,2004/2/21 23:00,0
,2004/2/21 23:30,0
,2004/2/22 0:00,0
,2004/2/22 0:30,0
,2004/2/22 1:00,0
,2004/2/22 1:30,0
,2004/2/22 2:00,0
,2004/2/22 2:30,0
,2004/2/22 3:00,0
,2004/2/22 3:30,0
,2004/2/22 4:00,0
,2004/2/22 4:30,0
,2004/2/22 5:00,0
,2004/2/22 5:30,0
,2004/2/22 6:00,0
,2004/2/22 6:30,0
,2004/2/22 7:00,0
,2004/2/22 7:30,0
,2004/2/22 8:00,0
,2004/2/22 8:30,5.146314492
,2004/2/22 9:00,1.341249119
,2004/2/22 9:30,0.88930648
,2004/2/22 10:00,0
,2004/2/22 10:30,0
,2004/2/22 11:00,0
,2004/2/22 11:30,0
,2004/2/22 12:00,0
,2004/2/22 12:30,0
,2004/2/22 13:00,0
,2004/2/22 13:30,0
,2004/2/22 14:00,0
,2004/2/22 14:30,0
,2004/2/22 15:00,0
,2004/2/22 15:30,0
,2004/2/22 16:00,0
,2004/2/22 16:30,0
,2004/2/22 17:00,1.122567135
,2004/2/22 17:30,0.88930648
,2004/2/22 18:00,0
,2004/2/22 18:30,0
,2004/2/22 19:00,0
,2004/2/22 19:30,0
,2004/2/22 20:00,0
,2004/2/22 20:30,0
,2004/2/22 21:00,0
,2004/2/22 21:30,16.28451279
,2004/2/22 22:00,4.694371726
,2004/2/22 22:30,0
,2004/2/22 23:00,0
,2004/2/22 23:30,0
,2004/2/23 0:00,0
,2004/2/23 0:30,0
,2004/2/23 1:00,0
,2004/2/23 1:30,0
,2004/2/23 2:00,0
,2004/2/23 2:30,0
,2004/2/23 3:00,0
,2004/2/23 3:30,0
,2004/2/23 4:00,0
,2004/2/23 4:30,0
,2004/2/23 5:00,0
,2004/2/23 5:30,0
,2004/2/23 6:00,0
,2004/2/23 6:30,0
,2004/2/23 7:00,0
,2004/2/23 7:30,0
,2004/2/23 8:00,3.571804333
,2004/2/23 8:30,0
,2004/2/23 9:00,0
,2004/2/23 9:30,0
,2004/2/23 10:00,0
,2004/2/23 10:30,0
,2004/2/23 11:00,0
,2004/2/23 11:30,0
,2004/2/23 12:00,0
,2004/2/23 12:30,0
,2004/2/23 13:00,0
,2004/2/23 13:30,0
,2004/2/23 14:00,0
,2004/2/23 14:30,0
,2004/2/23 15:00,0
,2004/2/23 15:30,0
,2004/2/23 16:00,0
,2004/2/23 16:30,0
,2004/2/23 17:00,0
,2004/2/23 17:30,0
,2004/2/23 18:00,2.463816253
,2004/2/23 18:30,3.353122733
,2004/2/23 19:00,6.254302829
,2004/2/23 19:30,0
,2004/2/23 20:00,10.93409575
,2004/2/23 20:30,1.341249119
,2004/2/23 21:00,0
,2004/2/23 21:30,3.119862078
,2004/2/23 22:00,0
,2004/2/23 22:30,0
,2004/2/23 23:00,0
,2004/2/23 23:30,0
,2004/2/24 0:00,0
,2004/2/24 0:30,0
,2004/2/24 1:00,0
,2004/2/24 1:30,0
,2004/2/24 2:00,0
,2004/2/24 2:30,0
,2004/2/24 3:00,0
,2004/2/24 3:30,0
,2004/2/24 4:00,0
,2004/2/24 4:30,0
,2004/2/24 5:00,0
,2004/2/24 5:30,0
,2004/2/24 6:00,0
,2004/2/24 6:30,0
,2004/2/24 7:00,0.88930648
,2004/2/24 7:30,0.88930648
,2004/2/24 8:00,0
,2004/2/24 8:30,0
,2004/2/24 9:00,0
,2004/2/24 9:30,0
,2004/2/24 10:00,0
,2004/2/24 10:30,0
,2004/2/24 11:00,0
,2004/2/24 11:30,0
,2004/2/24 12:00,0
,2004/2/24 12:30,0
,2004/2/24 13:00,0
,2004/2/24 13:30,0
,2004/2/24 14:00,0
,2004/2/24 14:30,0
,2004/2/24 15:00,0
,2004/2/24 15:30,0
,2004/2/24 16:00,0
,2004/2/24 16:30,0
,2004/2/24 17:00,0
,2004/2/24 17:30,0
,2004/2/24 18:00,1.341249119
,2004/2/24 18:30,4.679792928
,2004/2/24 19:00,0
,2004/2/24 19:30,0
,2004/2/24 20:00,0
,2004/2/24 20:30,6.691666411
,2004/2/24 21:00,10.48215324
,2004/2/24 21:30,1.559930975
,2004/2/24 22:00,0
,2004/2/24 22:30,0
,2004/2/24 23:00,0
,2004/2/24 23:30,0
,2004/2/25 0:00,0
,2004/2/25 0:30,0
,2004/2/25 1:00,0
,2004/2/25 1:30,0
,2004/2/25 2:00,0
,2004/2/25 2:30,0
,2004/2/25 3:00,0
,2004/2/25 3:30,0
,2004/2/25 4:00,0
,2004/2/25 4:30,0
,2004/2/25 5:00,0
,2004/2/25 5:30,0
,2004/2/25 6:00,0
,2004/2/25 6:30,0
,2004/2/25 7:00,0
,2004/2/25 7:30,0
,2004/2/25 8:00,0
,2004/2/25 8:30,0
,2004/2/25 9:00,0
,2004/2/25 9:30,0
,2004/2/25 10:00,1.341249119
,2004/2/25 10:30,0
,2004/2/25 11:00,0
,2004/2/25 11:30,0
,2004/2/25 12:00,0
,2004/2/25 12:30,0
,2004/2/25 13:00,1.122567135
,2004/2/25 13:30,0
,2004/2/25 14:00,1.341249119
,2004/2/25 14:30,0.88930648
,2004/2/25 15:00,0
,2004/2/25 15:30,0
,2004/2/25 16:00,0
,2004/2/25 16:30,0
,2004/2/25 17:00,0
,2004/2/25 17:30,0
,2004/2/25 18:00,0
,2004/2/25 18:30,1.122567135
,2004/2/25 19:00,0
,2004/2/25 19:30,1.778612959
,2004/2/25 20:00,8.251597643
,2004/2/25 20:30,0
,2004/2/25 21:00,0
,2004/2/25 21:30,4.913053583
,2004/2/25 22:00,2.682498237
,2004/2/25 22:30,1.122567135
,2004/2/25 23:00,0
,2004/2/25 23:30,0
,2004/2/26 0:00,0
,2004/2/26 0:30,0
,2004/2/26 1:00,0
,2004/2/26 1:30,0
,2004/2/26 2:00,0
,2004/2/26 2:30,0
,2004/2/26 3:00,0
,2004/2/26 3:30,0
,2004/2/26 4:00,0
,2004/2/26 4:30,0
,2004/2/26 5:00,0
,2004/2/26 5:30,0
,2004/2/26 6:00,0
,2004/2/26 6:30,0
,2004/2/26 7:00,0
,2004/2/26 7:30,0
,2004/2/26 8:00,0
,2004/2/26 8:30,0
,2004/2/26 9:00,0
,2004/2/26 9:30,0
,2004/2/26 10:00,0
,2004/2/26 10:30,0
,2004/2/26 11:00,0
,2004/2/26 11:30,0
,2004/2/26 12:00,0.88930648
,2004/2/26 12:30,0
,2004/2/26 13:00,0
,2004/2/26 13:30,0
,2004/2/26 14:00,0
,2004/2/26 14:30,0
,2004/2/26 15:00,0
,2004/2/26 15:30,0
,2004/2/26 16:00,0
,2004/2/26 16:30,0
,2004/2/26 17:00,0
,2004/2/26 17:30,0
,2004/2/26 18:00,0
,2004/2/26 18:30,0.88930648
,2004/2/26 19:00,4.475689869
,2004/2/26 19:30,0.88930648
,2004/2/26 20:00,0
,2004/2/26 20:30,2.230555471
,2004/2/26 21:00,4.461111199
,2004/2/26 21:30,2.901179965
,2004/2/26 22:00,0
,2004/2/26 22:30,0
,2004/2/26 23:00,0
,2004/2/26 23:30,0
,2004/2/27 0:00,0
,2004/2/27 0:30,0
,2004/2/27 1:00,0
,2004/2/27 1:30,0
,2004/2/27 2:00,0
,2004/2/27 2:30,0
,2004/2/27 3:00,0
,2004/2/27 3:30,0
,2004/2/27 4:00,0
,2004/2/27 4:30,0
,2004/2/27 5:00,0
,2004/2/27 5:30,0
,2004/2/27 6:00,0
,2004/2/27 6:30,0
,2004/2/27 7:00,0
,2004/2/27 7:30,0
,2004/2/27 8:00,0
,2004/2/27 8:30,0
,2004/2/27 9:00,0
,2004/2/27 9:30,0
,2004/2/27 10:00,0
,2004/2/27 10:30,0
,2004/2/27 11:00,0
,2004/2/27 11:30,0
,2004/2/27 12:00,0
,2004/2/27 12:30,0
,2004/2/27 13:00,0
,2004/2/27 13:30,0
,2004/2/27 14:00,0
,2004/2/27 14:30,0
,2004/2/27 15:00,0
,2004/2/27 15:30,0
,2004/2/27 16:00,0
,2004/2/27 16:30,0
,2004/2/27 17:00,0
,2004/2/27 17:30,0
,2004/2/27 18:00,0
,2004/2/27 18:30,0.88930648
,2004/2/27 19:00,1.778612959
,2004/2/27 19:30,9.811528364
,2004/2/27 20:00,2.449237455
,2004/2/27 20:30,2.230555597
,2004/2/27 21:00,0
,2004/2/27 21:30,0
,2004/2/27 22:00,0
,2004/2/27 22:30,0
,2004/2/27 23:00,0
,2004/2/27 23:30,0
,2004/2/28 0:00,0
,2004/2/28 0:30,0
,2004/2/28 1:00,0
,2004/2/28 1:30,0
,2004/2/28 2:00,0
,2004/2/28 2:30,0
,2004/2/28 3:00,0
,2004/2/28 3:30,0
,2004/2/28 4:00,0
,2004/2/28 4:30,0
,2004/2/28 5:00,0
,2004/2/28 5:30,0
,2004/2/28 6:00,0
,2004/2/28 6:30,0
,2004/2/28 7:00,0
,2004/2/28 7:30,0
,2004/2/28 8:00,0
,2004/2/28 8:30,0
,2004/2/28 9:00,0
,2004/2/28 9:30,0
,2004/2/28 10:00,0
,2004/2/28 10:30,0
,2004/2/28 11:00,0
,2004/2/28 11:30,0
,2004/2/28 12:00,0
,2004/2/28 12:30,0
,2004/2/28 13:00,0
,2004/2/28 13:30,0
,2004/2/28 14:00,0
,2004/2/28 14:30,0
,2004/2/28 15:00,0
,2004/2/28 15:30,0
,2004/2/28 16:00,0
,2004/2/28 16:30,0
,2004/2/28 17:00,0
,2004/2/28 17:30,0
,2004/2/28 18:00,0
,2004/2/28 18:30,0
,2004/2/28 19:00,1.778612959
,2004/2/28 19:30,0.88930648
,2004/2/28 20:00,8.922221884
,2004/2/28 20:30,0
,2004/2/28 21:00,0
,2004/2/28 21:30,0
,2004/2/28 22:00,0
,2004/2/28 22:30,0
,2004/2/28 23:00,0
,2004/2/28 23:30,0
,2004/2/29 0:00,0
,2004/2/29 0:30,0
,2004/2/29 1:00,0
,2004/2/29 1:30,0
,2004/2/29 2:00,0
,2004/2/29 2:30,0
,2004/2/29 3:00,0
,2004/2/29 3:30,0
,2004/2/29 4:00,0
,2004/2/29 4:30,0
,2004/2/29 5:00,0
,2004/2/29 5:30,0
,2004/2/29 6:00,0
,2004/2/29 6:30,0
,2004/2/29 7:00,0
,2004/2/29 7:30,0
,2004/2/29 8:00,0.88930648
,2004/2/29 8:30,5.583678331
,2004/2/29 9:00,1.778612959
,2004/2/29 9:30,1.341249119
,2004/2/29 10:00,0
,2004/2/29 10:30,0.88930648
,2004/2/29 11:00,1.122567135
,2004/2/29 11:30,2.011873614
,2004/2/29 12:00,0
,2004/2/29 12:30,0.88930648
,2004/2/29 13:00,0
,2004/2/29 13:30,0
,2004/2/29 14:00,0
,2004/2/29 14:30,0
,2004/2/29 15:00,0
,2004/2/29 15:30,0
,2004/2/29 16:00,0
,2004/2/29 16:30,0
,2004/2/29 17:00,0
,2004/2/29 17:30,0
,2004/2/29 18:00,0
,2004/2/29 18:30,0
,2004/2/29 19:00,0.88930648
,2004/2/29 19:30,0.88930648
,2004/2/29 20:00,0
,2004/2/29 20:30,10.03021035
,2004/2/29 21:00,4.679793052
,2004/2/29 21:30,3.790486317
,2004/2/29 22:00,0
,2004/2/29 22:30,0
,2004/2/29 23:00,0
,2004/2/29 23:30,0
,2004/3/1 0:00,0
,2004/3/1 0:30,0
,2004/3/1 1:00,0
,2004/3/1 1:30,0
,2004/3/1 2:00,0
,2004/3/1 2:30,0
,2004/3/1 3:00,0
,2004/3/1 3:30,0
,2004/3/1 4:00,0
,2004/3/1 4:30,0
,2004/3/1 5:00,0
,2004/3/1 5:30,0
,2004/3/1 6:00,0
,2004/3/1 6:30,0.670624559
,2004/3/1 7:00,2.011873615
,2004/3/1 7:30,0
,2004/3/1 8:00,0
,2004/3/1 8:30,0
,2004/3/1 9:00,1.341249119
,2004/3/1 9:30,0
,2004/3/1 10:00,0
,2004/3/1 10:30,0
,2004/3/1 11:00,0
,2004/3/1 11:30,0
,2004/3/1 12:00,0
,2004/3/1 12:30,0
,2004/3/1 13:00,0
,2004/3/1 13:30,0
,2004/3/1 14:00,0
,2004/3/1 14:30,0
,2004/3/1 15:00,0
,2004/3/1 15:30,0.88930648
,2004/3/1 16:00,0
,2004/3/1 16:30,0
,2004/3/1 17:00,0
,2004/3/1 17:30,14.94326431
,2004/3/1 18:00,7.828812345
,2004/3/1 18:30,2.449237455
,2004/3/1 19:00,0
,2004/3/1 19:30,4.023747037
,2004/3/1 20:00,0.670624559
,2004/3/1 20:30,0
,2004/3/1 21:00,0.670624559
,2004/3/1 21:30,0.670624559
,2004/3/1 22:00,2.682498237
,2004/3/1 22:30,3.571804717
,2004/3/1 23:00,0
,2004/3/1 23:30,0
,2004/3/2 0:00,0
,2004/3/2 0:30,0
,2004/3/2 1:00,0
,2004/3/2 1:30,0
,2004/3/2 2:00,0
,2004/3/2 2:30,0
,2004/3/2 3:00,0
,2004/3/2 3:30,0
,2004/3/2 4:00,0
,2004/3/2 4:30,0
,2004/3/2 5:00,0
,2004/3/2 5:30,0.670624559
,2004/3/2 6:00,0
,2004/3/2 6:30,0
,2004/3/2 7:00,2.449237518
,2004/3/2 7:30,0
,2004/3/2 8:00,0
,2004/3/2 8:30,0
,2004/3/2 9:00,0.670624559
,2004/3/2 9:30,0
,2004/3/2 10:00,0
,2004/3/2 10:30,0
,2004/3/2 11:00,0
,2004/3/2 11:30,0
,2004/3/2 12:00,0
,2004/3/2 12:30,0
,2004/3/2 13:00,0
,2004/3/2 13:30,0
,2004/3/2 14:00,0
,2004/3/2 14:30,0
,2004/3/2 15:00,0
,2004/3/2 15:30,0
,2004/3/2 16:00,0
,2004/3/2 16:30,0
,2004/3/2 17:00,0.670624559
,2004/3/2 17:30,12.27534493
,2004/3/2 18:00,0
,2004/3/2 18:30,0
,2004/3/2 19:00,6.924927386
,2004/3/2 19:30,0
,2004/3/2 20:00,0.670624559
,2004/3/2 20:30,0.670624559
,2004/3/2 21:00,2.011873614
,2004/3/2 21:30,7.580973018
,2004/3/2 22:00,4.227850158
,2004/3/2 22:30,0.88930648
,2004/3/2 23:00,2.682498237
,2004/3/2 23:30,1.122567135
,2004/3/3 0:00,0
,2004/3/3 0:30,0
,2004/3/3 1:00,0
,2004/3/3 1:30,0
,2004/3/3 2:00,0
,2004/3/3 2:30,0
,2004/3/3 3:00,0
,2004/3/3 3:30,0
,2004/3/3 4:00,0
,2004/3/3 4:30,0
,2004/3/3 5:00,0
,2004/3/3 5:30,0
,2004/3/3 6:00,0
,2004/3/3 6:30,0
,2004/3/3 7:00,0
,2004/3/3 7:30,1.559930975
,2004/3/3 8:00,0
,2004/3/3 8:30,1.341249119
,2004/3/3 9:00,0
,2004/3/3 9:30,0
,2004/3/3 10:00,0
,2004/3/3 10:30,0.670624559
,2004/3/3 11:00,0
,2004/3/3 11:30,0
,2004/3/3 12:00,0
,2004/3/3 12:30,0
,2004/3/3 13:00,0
,2004/3/3 13:30,0
,2004/3/3 14:00,0
,2004/3/3 14:30,0.88930648
,2004/3/3 15:00,0.670624559
,2004/3/3 15:30,0
,2004/3/3 16:00,0
,2004/3/3 16:30,0
,2004/3/3 17:00,0
,2004/3/3 17:30,12.727287
,2004/3/3 18:00,0
,2004/3/3 18:30,2.901180094
,2004/3/3 19:00,5.583677949
,2004/3/3 19:30,2.463816254
,2004/3/3 20:00,0.670624559
,2004/3/3 20:30,0.670624559
,2004/3/3 21:00,0
,2004/3/3 21:30,5.364996155
,2004/3/3 22:00,0
,2004/3/3 22:30,3.119862014
,2004/3/3 23:00,0
,2004/3/3 23:30,0
,2004/3/4 0:00,0
,2004/3/4 0:30,0.670624559
,2004/3/4 1:00,0
,2004/3/4 1:30,0
,2004/3/4 2:00,0
,2004/3/4 2:30,0
,2004/3/4 3:00,0
,2004/3/4 3:30,0
,2004/3/4 4:00,0
,2004/3/4 4:30,0
,2004/3/4 5:00,0
,2004/3/4 5:30,0.670624559
,2004/3/4 6:00,0
,2004/3/4 6:30,0
,2004/3/4 7:00,2.915758829
,2004/3/4 7:30,0
,2004/3/4 8:00,0
,2004/3/4 8:30,0
,2004/3/4 9:00,0.670624559
,2004/3/4 9:30,0
,2004/3/4 10:00,0
,2004/3/4 10:30,0
,2004/3/4 11:00,0
,2004/3/4 11:30,0
,2004/3/4 12:00,0
,2004/3/4 12:30,0
,2004/3/4 13:00,0
,2004/3/4 13:30,0
,2004/3/4 14:00,0
,2004/3/4 14:30,0
,2004/3/4 15:00,0
,2004/3/4 15:30,0
,2004/3/4 16:00,0
,2004/3/4 16:30,0.88930648
,2004/3/4 17:00,0
,2004/3/4 17:30,0
,2004/3/4 18:00,13.38333333
,2004/3/4 18:30,0
,2004/3/4 19:00,6.706245402
,2004/3/4 19:30,0
,2004/3/4 20:00,0.670624559
,2004/3/4 20:30,0.670624559
,2004/3/4 21:00,0
,2004/3/4 21:30,6.691666731
,2004/3/4 22:00,3.557225919
,2004/3/4 22:30,0.670624559
,2004/3/4 23:00,0
,2004/3/4 23:30,0
,2004/3/5 0:00,0
,2004/3/5 0:30,0
,2004/3/5 1:00,0
,2004/3/5 1:30,0
,2004/3/5 2:00,0
,2004/3/5 2:30,0
,2004/3/5 3:00,0
,2004/3/5 3:30,0
,2004/3/5 4:00,0
,2004/3/5 4:30,0
,2004/3/5 5:00,0
,2004/3/5 5:30,0
,2004/3/5 6:00,0
,2004/3/5 6:30,1.559931039
,2004/3/5 7:00,0
,2004/3/5 7:30,0
,2004/3/5 8:00,0
,2004/3/5 8:30,0
,2004/3/5 9:00,0
,2004/3/5 9:30,0
,2004/3/5 10:00,0
,2004/3/5 10:30,0
,2004/3/5 11:00,0
,2004/3/5 11:30,0
,2004/3/5 12:00,0
,2004/3/5 12:30,0
,2004/3/5 13:00,0
,2004/3/5 13:30,0
,2004/3/5 14:00,0
,2004/3/5 14:30,0
,2004/3/5 15:00,0
,2004/3/5 15:30,0
,2004/3/5 16:00,0
,2004/3/5 16:30,0
,2004/3/5 17:00,0
,2004/3/5 17:30,10.70083433
,2004/3/5 18:00,2.682498237
,2004/3/5 18:30,1.122567135
,2004/3/5 19:00,2.230555535
,2004/3/5 19:30,6.021042172
,2004/3/5 20:00,4.242429148
,2004/3/5 20:30,1.122567135
,2004/3/5 21:00,4.679792797
,2004/3/5 21:30,0.670624559
,2004/3/5 22:00,6.472984555
,2004/3/5 22:30,0.88930648
,2004/3/5 23:00,0
,2004/3/5 23:30,0
,2004/3/6 0:00,0
,2004/3/6 0:30,0
,2004/3/6 1:00,0
,2004/3/6 1:30,0
,2004/3/6 2:00,0
,2004/3/6 2:30,0
,2004/3/6 3:00,0
,2004/3/6 3:30,0
,2004/3/6 4:00,0
,2004/3/6 4:30,0
,2004/3/6 5:00,0
,2004/3/6 5:30,0
,2004/3/6 6:00,0
,2004/3/6 6:30,0
,2004/3/6 7:00,0
,2004/3/6 7:30,0
,2004/3/6 8:00,0.670624559
,2004/3/6 8:30,0.670624559
,2004/3/6 9:00,0
,2004/3/6 9:30,0
,2004/3/6 10:00,0.670624559
,2004/3/6 10:30,0
,2004/3/6 11:00,1.122567135
,2004/3/6 11:30,0
,2004/3/6 12:00,0
,2004/3/6 12:30,0
,2004/3/6 13:00,0
,2004/3/6 13:30,0
,2004/3/6 14:00,0
,2004/3/6 14:30,0
,2004/3/6 15:00,0
,2004/3/6 15:30,0
,2004/3/6 16:00,0
,2004/3/6 16:30,0
,2004/3/6 17:00,0
,2004/3/6 17:30,0
,2004/3/6 18:00,0
,2004/3/6 18:30,10.0447894
,2004/3/6 19:00,6.691666283
,2004/3/6 19:30,3.338543678
,2004/3/6 20:00,0
,2004/3/6 20:30,3.134440814
,2004/3/6 21:00,7.58097302
,2004/3/6 21:30,0
,2004/3/6 22:00,0
,2004/3/6 22:30,0
,2004/3/6 23:00,5.350417292
,2004/3/6 23:30,0
,2004/3/7 0:00,0
,2004/3/7 0:30,0
,2004/3/7 1:00,0
,2004/3/7 1:30,0
,2004/3/7 2:00,0
,2004/3/7 2:30,0
,2004/3/7 3:00,0
,2004/3/7 3:30,0
,2004/3/7 4:00,0
,2004/3/7 4:30,0
,2004/3/7 5:00,0
,2004/3/7 5:30,0
,2004/3/7 6:00,0
,2004/3/7 6:30,0
,2004/3/7 7:00,0
,2004/3/7 7:30,0.670624559
,2004/3/7 8:00,0
,2004/3/7 8:30,0
,2004/3/7 9:00,0.670624559
,2004/3/7 9:30,0
,2004/3/7 10:00,0.670624559
,2004/3/7 10:30,0
,2004/3/7 11:00,0
,2004/3/7 11:30,0
,2004/3/7 12:00,0
,2004/3/7 12:30,0
,2004/3/7 13:00,1.778612959
,2004/3/7 13:30,0
,2004/3/7 14:00,0
,2004/3/7 14:30,0
,2004/3/7 15:00,0.670624559
,2004/3/7 15:30,0
,2004/3/7 16:00,0
,2004/3/7 16:30,0
,2004/3/7 17:00,0
,2004/3/7 17:30,12.94596924
,2004/3/7 18:00,2.667919438
,2004/3/7 18:30,5.583678331
,2004/3/7 19:00,0
,2004/3/7 19:30,3.557225918
,2004/3/7 20:00,4.242429213
,2004/3/7 20:30,2.682498237
,2004/3/7 21:00,0.670624559
,2004/3/7 21:30,2.011873678
,2004/3/7 22:00,0
,2004/3/7 22:30,0.670624559
,2004/3/7 23:00,0
,2004/3/7 23:30,0
,2004/3/8 0:00,0
,2004/3/8 0:30,0
,2004/3/8 1:00,0
,2004/3/8 1:30,0
,2004/3/8 2:00,0
,2004/3/8 2:30,0
,2004/3/8 3:00,0
,2004/3/8 3:30,0
,2004/3/8 4:00,0
,2004/3/8 4:30,0
,2004/3/8 5:00,0
,2004/3/8 5:30,0
,2004/3/8 6:00,0
,2004/3/8 6:30,0.88930648
,2004/3/8 7:00,0.88930648
,2004/3/8 7:30,0
,2004/3/8 8:00,0.88930648
,2004/3/8 8:30,0
,2004/3/8 9:00,0
,2004/3/8 9:30,0.670624559
,2004/3/8 10:00,0
,2004/3/8 10:30,0
,2004/3/8 11:00,0
,2004/3/8 11:30,0
,2004/3/8 12:00,0.670624559
,2004/3/8 12:30,0
,2004/3/8 13:00,1.122567135
,2004/3/8 13:30,0.670624559
,2004/3/8 14:00,0
,2004/3/8 14:30,0
,2004/3/8 15:00,0
,2004/3/8 15:30,0
,2004/3/8 16:00,0
,2004/3/8 16:30,0
,2004/3/8 17:00,0
,2004/3/8 17:30,0
,2004/3/8 18:00,12.94596962
,2004/3/8 18:30,6.254302635
,2004/3/8 19:00,2.230555598
,2004/3/8 19:30,0.88930648
,2004/3/8 20:00,5.131735691
,2004/3/8 20:30,0.670624559
,2004/3/8 21:00,2.011873678
,2004/3/8 21:30,0.670624559
,2004/3/8 22:00,2.449237455
,2004/3/8 22:30,4.913053772
,2004/3/8 23:00,0
,2004/3/8 23:30,0
,2004/3/9 0:00,0
,2004/3/9 0:30,0
,2004/3/9 1:00,0
,2004/3/9 1:30,0
,2004/3/9 2:00,0
,2004/3/9 2:30,0
,2004/3/9 3:00,0
,2004/3/9 3:30,0
,2004/3/9 4:00,0
,2004/3/9 4:30,0
,2004/3/9 5:00,0
,2004/3/9 5:30,0
,2004/3/9 6:00,1.122567135
,2004/3/9 6:30,0.88930648
,2004/3/9 7:00,0
,2004/3/9 7:30,0
,2004/3/9 8:00,0
,2004/3/9 8:30,0.670624559
,2004/3/9 9:00,0
,2004/3/9 9:30,0
,2004/3/9 10:00,0
,2004/3/9 10:30,0
,2004/3/9 11:00,0
,2004/3/9 11:30,0
,2004/3/9 12:00,0
,2004/3/9 12:30,0
,2004/3/9 13:00,0
,2004/3/9 13:30,0
,2004/3/9 14:00,0.670624559
,2004/3/9 14:30,0
,2004/3/9 15:00,0
,2004/3/9 15:30,0
,2004/3/9 16:00,0
,2004/3/9 16:30,0
,2004/3/9 17:00,0
,2004/3/9 17:30,12.50860502
,2004/3/9 18:00,0.88930648
,2004/3/9 18:30,3.571804716
,2004/3/9 19:00,4.679793054
,2004/3/9 19:30,1.122567135
,2004/3/9 20:00,2.230555598
,2004/3/9 20:30,0
,2004/3/9 21:00,4.694371852
,2004/3/9 21:30,0
,2004/3/9 22:00,0
,2004/3/9 22:30,0
,2004/3/9 23:00,8.907643084
,2004/3/9 23:30,0
,2004/3/10 0:00,0
,2004/3/10 0:30,0
,2004/3/10 1:00,0
,2004/3/10 1:30,0
,2004/3/10 2:00,0
,2004/3/10 2:30,0
,2004/3/10 3:00,0
,2004/3/10 3:30,0
,2004/3/10 4:00,0
,2004/3/10 4:30,0
,2004/3/10 5:00,0
,2004/3/10 5:30,0
,2004/3/10 6:00,0
,2004/3/10 6:30,1.341249119
,2004/3/10 7:00,0
,2004/3/10 7:30,0
,2004/3/10 8:00,0
,2004/3/10 8:30,0.670624559
,2004/3/10 9:00,0
,2004/3/10 9:30,0
,2004/3/10 10:00,0
,2004/3/10 10:30,0
,2004/3/10 11:00,0
,2004/3/10 11:30,0
,2004/3/10 12:00,0
,2004/3/10 12:30,0
,2004/3/10 13:00,0
,2004/3/10 13:30,0
,2004/3/10 14:00,0.88930648
,2004/3/10 14:30,0
,2004/3/10 15:00,0.88930648
,2004/3/10 15:30,0
,2004/3/10 16:00,0
,2004/3/10 16:30,0
,2004/3/10 17:00,0
,2004/3/10 17:30,13.39791213
,2004/3/10 18:00,0
,2004/3/10 18:30,5.146314365
,2004/3/10 19:00,5.131735565
,2004/3/10 19:30,0
,2004/3/10 20:00,1.122567135
,2004/3/10 20:30,5.802360061
,2004/3/10 21:00,0
,2004/3/10 21:30,0
,2004/3/10 22:00,0
,2004/3/10 22:30,1.778612959
,2004/3/10 23:00,0
,2004/3/10 23:30,4.679792669
,2004/3/11 0:00,0
,2004/3/11 0:30,0
,2004/3/11 1:00,0
,2004/3/11 1:30,0
,2004/3/11 2:00,0
,2004/3/11 2:30,0
,2004/3/11 3:00,0
,2004/3/11 3:30,0
,2004/3/11 4:00,0
,2004/3/11 4:30,0
,2004/3/11 5:00,0
,2004/3/11 5:30,0
,2004/3/11 6:00,0.670624559
,2004/3/11 6:30,1.122567135
,2004/3/11 7:00,0.670624559
,2004/3/11 7:30,0
,2004/3/11 8:00,0
,2004/3/11 8:30,2.011873615
,2004/3/11 9:00,0
,2004/3/11 9:30,0
,2004/3/11 10:00,0
,2004/3/11 10:30,0
,2004/3/11 11:00,0
,2004/3/11 11:30,0
,2004/3/11 12:00,0
,2004/3/11 12:30,0
,2004/3/11 13:00,0
,2004/3/11 13:30,0
,2004/3/11 14:00,0
,2004/3/11 14:30,0
,2004/3/11 15:00,0
,2004/3/11 15:30,0
,2004/3/11 16:00,0
,2004/3/11 16:30,0
,2004/3/11 17:00,0
,2004/3/11 17:30,11.37145908
,2004/3/11 18:00,2.4492372
,2004/3/11 18:30,1.559930975
,2004/3/11 19:00,5.802359997
,2004/3/11 19:30,3.353122733
,2004/3/11 20:00,1.559931039
,2004/3/11 20:30,2.230555471
,2004/3/11 21:00,2.449237519
,2004/3/11 21:30,3.119861949
,2004/3/11 22:00,0
,2004/3/11 22:30,0
,2004/3/11 23:00,0.88930648
,2004/3/11 23:30,0
,2004/3/12 0:00,0
,2004/3/12 0:30,0.670624559
,2004/3/12 1:00,0
,2004/3/12 1:30,0
,2004/3/12 2:00,0
,2004/3/12 2:30,0
,2004/3/12 3:00,0
,2004/3/12 3:30,0
,2004/3/12 4:00,0
,2004/3/12 4:30,0
,2004/3/12 5:00,0
,2004/3/12 5:30,0
,2004/3/12 6:00,0.670624559
,2004/3/12 6:30,0
,2004/3/12 7:00,0
,2004/3/12 7:30,1.559930975
,2004/3/12 8:00,0
,2004/3/12 8:30,0
,2004/3/12 9:00,0.670624559
,2004/3/12 9:30,0
,2004/3/12 10:00,0
,2004/3/12 10:30,0
,2004/3/12 11:00,0
,2004/3/12 11:30,0
,2004/3/12 12:00,0
,2004/3/12 12:30,0
,2004/3/12 13:00,0
,2004/3/12 13:30,1.122567135
,2004/3/12 14:00,0.670624559
,2004/3/12 14:30,0
,2004/3/12 15:00,0
,2004/3/12 15:30,0
,2004/3/12 16:00,0
,2004/3/12 16:30,0.670624559
,2004/3/12 17:00,0
,2004/3/12 17:30,0
,2004/3/12 18:00,0
,2004/3/12 18:30,12.93139005
,2004/3/12 19:00,4.898474909
,2004/3/12 19:30,2.449237455
,2004/3/12 20:00,0
,2004/3/12 20:30,0
,2004/3/12 21:00,4.023747356
,2004/3/12 21:30,0.670624559
,2004/3/12 22:00,1.341249119
,2004/3/12 22:30,0
,2004/3/12 23:00,4.24242915
,2004/3/12 23:30,0.670624559
,2004/3/13 0:00,0
,2004/3/13 0:30,0
,2004/3/13 1:00,0
,2004/3/13 1:30,0
,2004/3/13 2:00,0
,2004/3/13 2:30,0
,2004/3/13 3:00,0
,2004/3/13 3:30,0
,2004/3/13 4:00,0
,2004/3/13 4:30,0
,2004/3/13 5:00,0
,2004/3/13 5:30,0
,2004/3/13 6:00,0
,2004/3/13 6:30,0
,2004/3/13 7:00,0
,2004/3/13 7:30,0.670624559
,2004/3/13 8:00,0.88930648
,2004/3/13 8:30,0.88930648
,2004/3/13 9:00,0
,2004/3/13 9:30,0
,2004/3/13 10:00,0
,2004/3/13 10:30,0
,2004/3/13 11:00,0
,2004/3/13 11:30,0
,2004/3/13 12:00,0
,2004/3/13 12:30,0
,2004/3/13 13:00,0
,2004/3/13 13:30,0
,2004/3/13 14:00,0
,2004/3/13 14:30,0
,2004/3/13 15:00,0
,2004/3/13 15:30,0
,2004/3/13 16:00,0
,2004/3/13 16:30,0
,2004/3/13 17:00,0
,2004/3/13 17:30,13.38333346
,2004/3/13 18:00,4.227850477
,2004/3/13 18:30,5.350417548
,2004/3/13 19:00,2.011873614
,2004/3/13 19:30,2.463816253
,2004/3/13 20:00,1.341249119
,2004/3/13 20:30,7.785076075
,2004/3/13 21:00,5.58367814
,2004/3/13 21:30,0
,2004/3/13 22:00,0
,2004/3/13 22:30,0
,2004/3/13 23:00,0
,2004/3/13 23:30,0
,2004/3/14 0:00,0
,2004/3/14 0:30,0
,2004/3/14 1:00,0
,2004/3/14 1:30,0
,2004/3/14 2:00,0
,2004/3/14 2:30,0
,2004/3/14 3:00,0
,2004/3/14 3:30,0
,2004/3/14 4:00,0
,2004/3/14 4:30,0
,2004/3/14 5:00,0
,2004/3/14 5:30,0
,2004/3/14 6:00,0
,2004/3/14 6:30,0.670624559
,2004/3/14 7:00,0
,2004/3/14 7:30,1.341249119
,2004/3/14 8:00,0
,2004/3/14 8:30,2.011873678
,2004/3/14 9:00,2.011873614
,2004/3/14 9:30,0
,2004/3/14 10:00,0
,2004/3/14 10:30,0
,2004/3/14 11:00,0.670624559
,2004/3/14 11:30,0
,2004/3/14 12:00,0
,2004/3/14 12:30,0
,2004/3/14 13:00,0.670624559
,2004/3/14 13:30,1.778612959
,2004/3/14 14:00,0
,2004/3/14 14:30,0
,2004/3/14 15:00,0
,2004/3/14 15:30,0
,2004/3/14 16:00,0
,2004/3/14 16:30,0
,2004/3/14 17:00,0
,2004/3/14 17:30,10.93409562
,2004/3/14 18:00,2.682498173
,2004/3/14 18:30,5.58367814
,2004/3/14 19:00,0
,2004/3/14 19:30,1.559931039
,2004/3/14 20:00,5.350417611
,2004/3/14 20:30,1.122567135
,2004/3/14 21:00,5.131735565
,2004/3/14 21:30,2.4492372
,2004/3/14 22:00,1.559930975
,2004/3/14 22:30,0
,2004/3/14 23:00,0.670624559
,2004/3/14 23:30,0
,2004/3/15 0:00,0
,2004/3/15 0:30,0
,2004/3/15 1:00,0
,2004/3/15 1:30,0
,2004/3/15 2:00,0
,2004/3/15 2:30,0
,2004/3/15 3:00,0
,2004/3/15 3:30,0
,2004/3/15 4:00,0
,2004/3/15 4:30,0
,2004/3/15 5:00,0
,2004/3/15 5:30,0
,2004/3/15 6:00,0
,2004/3/15 6:30,0.670624559
,2004/3/15 7:00,0.670624559
,2004/3/15 7:30,0
,2004/3/15 8:00,0.670624559
,2004/3/15 8:30,0
,2004/3/15 9:00,0
,2004/3/15 9:30,0
,2004/3/15 10:00,1.122567135
,2004/3/15 10:30,0
,2004/3/15 11:00,0
,2004/3/15 11:30,0
,2004/3/15 12:00,0
,2004/3/15 12:30,0
,2004/3/15 13:00,0
,2004/3/15 13:30,0
,2004/3/15 14:00,0
,2004/3/15 14:30,0
,2004/3/15 15:00,0
,2004/3/15 15:30,0
,2004/3/15 16:00,0
,2004/3/15 16:30,0
,2004/3/15 17:00,1.122567135
,2004/3/15 17:30,12.49402711
,2004/3/15 18:00,0.670624559
,2004/3/15 18:30,4.242429086
,2004/3/15 19:00,2.667919438
,2004/3/15 19:30,0
,2004/3/15 20:00,0
,2004/3/15 20:30,0.88930648
,2004/3/15 21:00,0
,2004/3/15 21:30,0.670624559
,2004/3/15 22:00,0.670624559
,2004/3/15 22:30,8.922222201
,2004/3/15 23:00,0
,2004/3/15 23:30,0
,2004/3/16 0:00,0
,2004/3/16 0:30,0
,2004/3/16 1:00,0
,2004/3/16 1:30,0
,2004/3/16 2:00,0
,2004/3/16 2:30,0
,2004/3/16 3:00,0
,2004/3/16 3:30,0
,2004/3/16 4:00,0
,2004/3/16 4:30,0
,2004/3/16 5:00,0
,2004/3/16 5:30,0
,2004/3/16 6:00,0
,2004/3/16 6:30,0
,2004/3/16 7:00,1.122567135
,2004/3/16 7:30,0
,2004/3/16 8:00,0
,2004/3/16 8:30,0
,2004/3/16 9:00,0
,2004/3/16 9:30,0
,2004/3/16 10:00,0
,2004/3/16 10:30,0
,2004/3/16 11:00,0
,2004/3/16 11:30,0
,2004/3/16 12:00,0
,2004/3/16 12:30,0
,2004/3/16 13:00,1.341249119
,2004/3/16 13:30,0
,2004/3/16 14:00,0
,2004/3/16 14:30,0
,2004/3/16 15:00,0
,2004/3/16 15:30,0
,2004/3/16 16:00,0
,2004/3/16 16:30,0
,2004/3/16 17:00,0
,2004/3/16 17:30,10.0302099
,2004/3/16 18:00,4.694371597
,2004/3/16 18:30,3.134440812
,2004/3/16 19:00,0
,2004/3/16 19:30,4.461111068
,2004/3/16 20:00,0
,2004/3/16 20:30,0.670624559
,2004/3/16 21:00,0
,2004/3/16 21:30,0
,2004/3/16 22:00,0
,2004/3/16 22:30,0
,2004/3/16 23:00,4.461111133
,2004/3/16 23:30,2.682498237
,2004/3/17 0:00,0
,2004/3/17 0:30,0
,2004/3/17 1:00,0
,2004/3/17 1:30,0
,2004/3/17 2:00,0
,2004/3/17 2:30,0
,2004/3/17 3:00,0
,2004/3/17 3:30,0
,2004/3/17 4:00,0
,2004/3/17 4:30,0
,2004/3/17 5:00,0
,2004/3/17 5:30,0
,2004/3/17 6:00,0
,2004/3/17 6:30,0
,2004/3/17 7:00,1.341249119
,2004/3/17 7:30,0
,2004/3/17 8:00,0
,2004/3/17 8:30,0
,2004/3/17 9:00,0
,2004/3/17 9:30,0
,2004/3/17 10:00,0
,2004/3/17 10:30,0.670624559
,2004/3/17 11:00,0
,2004/3/17 11:30,0
,2004/3/17 12:00,0
,2004/3/17 12:30,0
,2004/3/17 13:00,0
,2004/3/17 13:30,0
,2004/3/17 14:00,0
,2004/3/17 14:30,0
,2004/3/17 15:00,0
,2004/3/17 15:30,0
,2004/3/17 16:00,0
,2004/3/17 16:30,0
,2004/3/17 17:00,6.021042236
,2004/3/17 17:30,7.362291227
,2004/3/17 18:00,8.48485817
,2004/3/17 18:30,4.242429212
,2004/3/17 19:00,0
,2004/3/17 19:30,1.341249119
,2004/3/17 20:00,4.461110749
,2004/3/17 20:30,0.670624559
,2004/3/17 21:00,0
,2004/3/17 21:30,0.670624559
,2004/3/17 22:00,4.461111069
,2004/3/17 22:30,0
,2004/3/17 23:00,0
,2004/3/17 23:30,0
,2004/3/18 0:00,0
,2004/3/18 0:30,0
,2004/3/18 1:00,0
,2004/3/18 1:30,0
,2004/3/18 2:00,0
,2004/3/18 2:30,0
,2004/3/18 3:00,0
,2004/3/18 3:30,0
,2004/3/18 4:00,0
,2004/3/18 4:30,0
,2004/3/18 5:00,0
,2004/3/18 5:30,0.670624559
,2004/3/18 6:00,0
,2004/3/18 6:30,0
,2004/3/18 7:00,0.670624559
,2004/3/18 7:30,0
,2004/3/18 8:00,0
,2004/3/18 8:30,0.88930648
,2004/3/18 9:00,0
,2004/3/18 9:30,0
,2004/3/18 10:00,0
,2004/3/18 10:30,0
,2004/3/18 11:00,0
,2004/3/18 11:30,0
,2004/3/18 12:00,0
,2004/3/18 12:30,1.793191694
,2004/3/18 13:00,0
,2004/3/18 13:30,0
,2004/3/18 14:00,0
,2004/3/18 14:30,0
,2004/3/18 15:00,0
,2004/3/18 15:30,0
,2004/3/18 16:00,0
,2004/3/18 16:30,0
,2004/3/18 17:00,0
,2004/3/18 17:30,13.16465116
,2004/3/18 18:00,0
,2004/3/18 18:30,4.023747229
,2004/3/18 19:00,0.88930648
,2004/3/18 19:30,0
,2004/3/18 20:00,0
,2004/3/18 20:30,0
,2004/3/18 21:00,1.341249119
,2004/3/18 21:30,5.802360059
,2004/3/18 22:00,3.353122733
,2004/3/18 22:30,0
,2004/3/18 23:00,0
,2004/3/18 23:30,0
,2004/3/19 0:00,0
,2004/3/19 0:30,0
,2004/3/19 1:00,0
,2004/3/19 1:30,0
,2004/3/19 2:00,0
,2004/3/19 2:30,0
,2004/3/19 3:00,0
,2004/3/19 3:30,0
,2004/3/19 4:00,0
,2004/3/19 4:30,0
,2004/3/19 5:00,0
,2004/3/19 5:30,0
,2004/3/19 6:00,0
,2004/3/19 6:30,0
,2004/3/19 7:00,0
,2004/3/19 7:30,0
,2004/3/19 8:00,0
,2004/3/19 8:30,2.011873678
,2004/3/19 9:00,0
,2004/3/19 9:30,0.670624559
,2004/3/19 10:00,0
,2004/3/19 10:30,0
,2004/3/19 11:00,0
,2004/3/19 11:30,0
,2004/3/19 12:00,0
,2004/3/19 12:30,0
,2004/3/19 13:00,0
,2004/3/19 13:30,1.341249119
,2004/3/19 14:00,0
,2004/3/19 14:30,0
,2004/3/19 15:00,0
,2004/3/19 15:30,0
,2004/3/19 16:00,0
,2004/3/19 16:30,0
,2004/3/19 17:00,6.691666794
,2004/3/19 17:30,5.802359933
,2004/3/19 18:00,2.901180094
,2004/3/19 18:30,14.05395757
,2004/3/19 19:00,5.350417549
,2004/3/19 19:30,1.778612959
,2004/3/19 20:00,0
,2004/3/19 20:30,0
,2004/3/19 21:00,0
,2004/3/19 21:30,5.583678141
,2004/3/19 22:00,0
,2004/3/19 22:30,0
,2004/3/19 23:00,5.583678076
,2004/3/19 23:30,0
,2004/3/20 0:00,0
,2004/3/20 0:30,0.670624559
,2004/3/20 1:00,0
,2004/3/20 1:30,0
,2004/3/20 2:00,0
,2004/3/20 2:30,0
,2004/3/20 3:00,0
,2004/3/20 3:30,0
,2004/3/20 4:00,0
,2004/3/20 4:30,0
,2004/3/20 5:00,0
,2004/3/20 5:30,0
,2004/3/20 6:00,0
,2004/3/20 6:30,0
,2004/3/20 7:00,0
,2004/3/20 7:30,0
,2004/3/20 8:00,0
,2004/3/20 8:30,0
,2004/3/20 9:00,0.670624559
,2004/3/20 9:30,0.88930648
,2004/3/20 10:00,0.670624559
,2004/3/20 10:30,0
,2004/3/20 11:00,0
,2004/3/20 11:30,0
,2004/3/20 12:00,0
,2004/3/20 12:30,0
,2004/3/20 13:00,0.88930648
,2004/3/20 13:30,0
,2004/3/20 14:00,0
,2004/3/20 14:30,0
,2004/3/20 15:00,0.670624559
,2004/3/20 15:30,0
,2004/3/20 16:00,0
,2004/3/20 16:30,0
,2004/3/20 17:00,0
,2004/3/20 17:30,10.49673204
,2004/3/20 18:00,4.475689613
,2004/3/20 18:30,4.242429149
,2004/3/20 19:00,0
,2004/3/20 19:30,0
,2004/3/20 20:00,4.461111069
,2004/3/20 20:30,2.667919438
,2004/3/20 21:00,0
,2004/3/20 21:30,0
,2004/3/20 22:00,0
,2004/3/20 22:30,0
,2004/3/20 23:00,0
,2004/3/20 23:30,0
,2004/3/21 0:00,0
,2004/3/21 0:30,0
,2004/3/21 1:00,0
,2004/3/21 1:30,6.458405629
,2004/3/21 2:00,0
,2004/3/21 2:30,0
,2004/3/21 3:00,0
,2004/3/21 3:30,0
,2004/3/21 4:00,0
,2004/3/21 4:30,0
,2004/3/21 5:00,0
,2004/3/21 5:30,0
,2004/3/21 6:00,0
,2004/3/21 6:30,0
,2004/3/21 7:00,1.122567135
,2004/3/21 7:30,0
,2004/3/21 8:00,0
,2004/3/21 8:30,0
,2004/3/21 9:00,0.670624559
,2004/3/21 9:30,0
,2004/3/21 10:00,0
,2004/3/21 10:30,0.670624559
,2004/3/21 11:00,0
,2004/3/21 11:30,0
,2004/3/21 12:00,0
,2004/3/21 12:30,0
,2004/3/21 13:00,0
,2004/3/21 13:30,0
,2004/3/21 14:00,0.670624559
,2004/3/21 14:30,0
,2004/3/21 15:00,0
,2004/3/21 15:30,0
,2004/3/21 16:00,0.670624559
,2004/3/21 16:30,0
,2004/3/21 17:00,0.670624559
,2004/3/21 17:30,12.71270807
,2004/3/21 18:00,0.670624559
,2004/3/21 18:30,3.790486573
,2004/3/21 19:00,0
,2004/3/21 19:30,2.011873678
,2004/3/21 20:00,6.487563483
,2004/3/21 20:30,2.4492372
,2004/3/21 21:00,0.670624559
,2004/3/21 21:30,0
,2004/3/21 22:00,2.230555534
,2004/3/21 22:30,0
,2004/3/21 23:00,0
,2004/3/21 23:30,0
,2004/3/22 0:00,0
,2004/3/22 0:30,0
,2004/3/22 1:00,0
,2004/3/22 1:30,0
,2004/3/22 2:00,0
,2004/3/22 2:30,0
,2004/3/22 3:00,0
,2004/3/22 3:30,0
,2004/3/22 4:00,0
,2004/3/22 4:30,0
,2004/3/22 5:00,0
,2004/3/22 5:30,0
,2004/3/22 6:00,0
,2004/3/22 6:30,1.778612959
,2004/3/22 7:00,0
,2004/3/22 7:30,0.670624559
,2004/3/22 8:00,0.88930648
,2004/3/22 8:30,0
,2004/3/22 9:00,0
,2004/3/22 9:30,0
,2004/3/22 10:00,0
,2004/3/22 10:30,0.670624559
,2004/3/22 11:00,0
,2004/3/22 11:30,0
,2004/3/22 12:00,0
,2004/3/22 12:30,0
,2004/3/22 13:00,0
,2004/3/22 13:30,0
,2004/3/22 14:00,0.670624559
,2004/3/22 14:30,0
,2004/3/22 15:00,0
,2004/3/22 15:30,0
,2004/3/22 16:00,0
,2004/3/22 16:30,0
,2004/3/22 17:00,5.131735691
,2004/3/22 17:30,8.470279114
,2004/3/22 18:00,1.341249119
,2004/3/22 18:30,3.805065372
,2004/3/22 19:00,0.670624559
,2004/3/22 19:30,2.449237519
,2004/3/22 20:00,6.254302827
,2004/3/22 20:30,0
,2004/3/22 21:00,0
,2004/3/22 21:30,0.670624559
,2004/3/22 22:00,1.122567135
,2004/3/22 22:30,5.802360059
,2004/3/22 23:00,0
,2004/3/22 23:30,0.670624559
,2004/3/23 0:00,0
,2004/3/23 0:30,0
,2004/3/23 1:00,0
,2004/3/23 1:30,0
,2004/3/23 2:00,0
,2004/3/23 2:30,0
,2004/3/23 3:00,0
,2004/3/23 3:30,0
,2004/3/23 4:00,0
,2004/3/23 4:30,0
,2004/3/23 5:00,0
,2004/3/23 5:30,0
,2004/3/23 6:00,0
,2004/3/23 6:30,0
,2004/3/23 7:00,1.559931039
,2004/3/23 7:30,0
,2004/3/23 8:00,0
,2004/3/23 8:30,0
,2004/3/23 9:00,0
,2004/3/23 9:30,0
,2004/3/23 10:00,0
,2004/3/23 10:30,0.88930648
,2004/3/23 11:00,0
,2004/3/23 11:30,0
,2004/3/23 12:00,0
,2004/3/23 12:30,0.670624559
,2004/3/23 13:00,0.670624559
,2004/3/23 13:30,0
,2004/3/23 14:00,0
,2004/3/23 14:30,0
,2004/3/23 15:00,0
,2004/3/23 15:30,0
,2004/3/23 16:00,0
,2004/3/23 16:30,0
,2004/3/23 17:00,0.670624559
,2004/3/23 17:30,12.93139057
,2004/3/23 18:00,0.670624559
,2004/3/23 18:30,5.364996475
,2004/3/23 19:00,0.88930648
,2004/3/23 19:30,0.670624559
,2004/3/23 20:00,4.023747101
,2004/3/23 20:30,0.670624559
,2004/3/23 21:00,0
,2004/3/23 21:30,1.559931039
,2004/3/23 22:00,1.559930975
,2004/3/23 22:30,0
,2004/3/23 23:00,2.901180094
,2004/3/23 23:30,5.58367814
,2004/3/24 0:00,0
,2004/3/24 0:30,0
,2004/3/24 1:00,0
,2004/3/24 1:30,0
,2004/3/24 2:00,0
,2004/3/24 2:30,0
,2004/3/24 3:00,0
,2004/3/24 3:30,0
,2004/3/24 4:00,0
,2004/3/24 4:30,0
,2004/3/24 5:00,0
,2004/3/24 5:30,0
,2004/3/24 6:00,0
,2004/3/24 6:30,1.793191694
,2004/3/24 7:00,0
,2004/3/24 7:30,0.670624559
,2004/3/24 8:00,0
,2004/3/24 8:30,0.670624559
,2004/3/24 9:00,0
,2004/3/24 9:30,0
,2004/3/24 10:00,0
,2004/3/24 10:30,0
,2004/3/24 11:00,0
,2004/3/24 11:30,0
,2004/3/24 12:00,0.670624559
,2004/3/24 12:30,0
,2004/3/24 13:00,0
,2004/3/24 13:30,0
,2004/3/24 14:00,0
,2004/3/24 14:30,0
,2004/3/24 15:00,0
,2004/3/24 15:30,0
,2004/3/24 16:00,0
,2004/3/24 16:30,0
,2004/3/24 17:00,3.119861949
,2004/3/24 17:30,9.592846633
,2004/3/24 18:00,0
,2004/3/24 18:30,9.374164776
,2004/3/24 19:00,5.802360124
,2004/3/24 19:30,3.353122605
,2004/3/24 20:00,4.475689612
,2004/3/24 20:30,0
,2004/3/24 21:00,0.88930648
,2004/3/24 21:30,0.88930648
,2004/3/24 22:00,2.449237455
,2004/3/24 22:30,4.009168429
,2004/3/24 23:00,0
,2004/3/24 23:30,0
,2004/3/25 0:00,0
,2004/3/25 0:30,0
,2004/3/25 1:00,0
,2004/3/25 1:30,0
,2004/3/25 2:00,0
,2004/3/25 2:30,0
,2004/3/25 3:00,0
,2004/3/25 3:30,0
,2004/3/25 4:00,0
,2004/3/25 4:30,0
,2004/3/25 5:00,0
,2004/3/25 5:30,0
,2004/3/25 6:00,0
,2004/3/25 6:30,0
,2004/3/25 7:00,0.88930648
,2004/3/25 7:30,0.88930648
,2004/3/25 8:00,0
,2004/3/25 8:30,0
,2004/3/25 9:00,0
,2004/3/25 9:30,0
,2004/3/25 10:00,0
,2004/3/25 10:30,0
,2004/3/25 11:00,0
,2004/3/25 11:30,0
,2004/3/25 12:00,0
,2004/3/25 12:30,0
,2004/3/25 13:00,0
,2004/3/25 13:30,0
,2004/3/25 14:00,0
,2004/3/25 14:30,0
,2004/3/25 15:00,0
,2004/3/25 15:30,0
,2004/3/25 16:00,0
,2004/3/25 16:30,0
,2004/3/25 17:00,0
,2004/3/25 17:30,13.38333333
,2004/3/25 18:00,13.38333289
,2004/3/25 18:30,7.59555182
,2004/3/25 19:00,2.68249811
,2004/3/25 19:30,1.122567135
,2004/3/25 20:00,5.131735564
,2004/3/25 20:30,0
,2004/3/25 21:00,0
,2004/3/25 21:30,0
,2004/3/25 22:00,1.559930975
,2004/3/25 22:30,1.122567135
,2004/3/25 23:00,0.88930648
,2004/3/25 23:30,6.021042044
,2004/3/26 0:00,0
,2004/3/26 0:30,0
,2004/3/26 1:00,0
,2004/3/26 1:30,0
,2004/3/26 2:00,0
,2004/3/26 2:30,0
,2004/3/26 3:00,0
,2004/3/26 3:30,0
,2004/3/26 4:00,0
,2004/3/26 4:30,0
,2004/3/26 5:00,0
,2004/3/26 5:30,0
,2004/3/26 6:00,0
,2004/3/26 6:30,0
,2004/3/26 7:00,1.122567135
,2004/3/26 7:30,0
,2004/3/26 8:00,0.670624559
,2004/3/26 8:30,0
,2004/3/26 9:00,0
,2004/3/26 9:30,0
,2004/3/26 10:00,0
,2004/3/26 10:30,0.670624559
,2004/3/26 11:00,0
,2004/3/26 11:30,0
,2004/3/26 12:00,0
,2004/3/26 12:30,0
,2004/3/26 13:00,0
,2004/3/26 13:30,0
,2004/3/26 14:00,0.670624559
,2004/3/26 14:30,0
,2004/3/26 15:00,0
,2004/3/26 15:30,0
,2004/3/26 16:00,0
,2004/3/26 16:30,0
,2004/3/26 17:00,0.670624559
,2004/3/26 17:30,14.72458264
,2004/3/26 18:00,8.703539708
,2004/3/26 18:30,0
,2004/3/26 19:00,0
,2004/3/26 19:30,0
,2004/3/26 20:00,6.472984874
,2004/3/26 20:30,0
,2004/3/26 21:00,0
,2004/3/26 21:30,0
,2004/3/26 22:00,1.559930975
,2004/3/26 22:30,0.88930648
,2004/3/26 23:00,2.901180094
,2004/3/26 23:30,4.009168429
,2004/3/27 0:00,0
,2004/3/27 0:30,0
,2004/3/27 1:00,0
,2004/3/27 1:30,0
,2004/3/27 2:00,0
,2004/3/27 2:30,0
,2004/3/27 3:00,0
,2004/3/27 3:30,0
,2004/3/27 4:00,0
,2004/3/27 4:30,0
,2004/3/27 5:00,0
,2004/3/27 5:30,0
,2004/3/27 6:00,0
,2004/3/27 6:30,0
,2004/3/27 7:00,1.122567135
,2004/3/27 7:30,0
,2004/3/27 8:00,0.670624559
,2004/3/27 8:30,1.778612959
,2004/3/27 9:00,1.122567135
,2004/3/27 9:30,0
,2004/3/27 10:00,0
,2004/3/27 10:30,0
,2004/3/27 11:00,0
,2004/3/27 11:30,0
,2004/3/27 12:00,0
,2004/3/27 12:30,0.88930648
,2004/3/27 13:00,0
,2004/3/27 13:30,0.670624559
,2004/3/27 14:00,0
,2004/3/27 14:30,0
,2004/3/27 15:00,0
,2004/3/27 15:30,0
,2004/3/27 16:00,0
,2004/3/27 16:30,0
,2004/3/27 17:00,0
,2004/3/27 17:30,0
,2004/3/27 18:00,14.95784272
,2004/3/27 18:30,8.266176441
,2004/3/27 19:00,2.011873614
,2004/3/27 19:30,2.011873678
,2004/3/27 20:00,0
,2004/3/27 20:30,4.46111075
,2004/3/27 21:00,2.011873614
,2004/3/27 21:30,0
,2004/3/27 22:00,0
,2004/3/27 22:30,0
,2004/3/27 23:00,0.88930648
,2004/3/27 23:30,0.670624559
,2004/3/28 0:00,6.910348461
,2004/3/28 0:30,0
,2004/3/28 1:00,0
,2004/3/28 1:30,0
,2004/3/28 2:00,0
,2004/3/28 2:30,0
,2004/3/28 3:00,0
,2004/3/28 3:30,0
,2004/3/28 4:00,0
,2004/3/28 4:30,0
,2004/3/28 5:00,0
,2004/3/28 5:30,0
,2004/3/28 6:00,0
,2004/3/28 6:30,1.341249119
,2004/3/28 7:00,0
,2004/3/28 7:30,0.670624559
,2004/3/28 8:00,0.88930648
,2004/3/28 8:30,0
,2004/3/28 9:00,0
,2004/3/28 9:30,0
,2004/3/28 10:00,0
,2004/3/28 10:30,0
,2004/3/28 11:00,0
,2004/3/28 11:30,0
,2004/3/28 12:00,0
,2004/3/28 12:30,1.341249119
,2004/3/28 13:00,0.88930648
,2004/3/28 13:30,0
,2004/3/28 14:00,0
,2004/3/28 14:30,0
,2004/3/28 15:00,0
,2004/3/28 15:30,0
,2004/3/28 16:00,0
,2004/3/28 16:30,0
,2004/3/28 17:00,0
,2004/3/28 17:30,13.38333327
,2004/3/28 18:00,0
,2004/3/28 18:30,4.67979299
,2004/3/28 19:00,0.88930648
,2004/3/28 19:30,0
,2004/3/28 20:00,3.35312267
,2004/3/28 20:30,5.131735564
,2004/3/28 21:00,2.4492372
,2004/3/28 21:30,0.670624559
,2004/3/28 22:00,1.122567135
,2004/3/28 22:30,1.559930975
,2004/3/28 23:00,0
,2004/3/28 23:30,0
,2004/3/29 0:00,0
,2004/3/29 0:30,0
,2004/3/29 1:00,0
,2004/3/29 1:30,0
,2004/3/29 2:00,0
,2004/3/29 2:30,0
,2004/3/29 3:00,0
,2004/3/29 3:30,0
,2004/3/29 4:00,0
,2004/3/29 4:30,0
,2004/3/29 5:00,0
,2004/3/29 5:30,0
,2004/3/29 6:00,0
,2004/3/29 6:30,0
,2004/3/29 7:00,0.88930648
,2004/3/29 7:30,1.341249119
,2004/3/29 8:00,0
,2004/3/29 8:30,0
,2004/3/29 9:00,0
,2004/3/29 9:30,0
,2004/3/29 10:00,0
,2004/3/29 10:30,0
,2004/3/29 11:00,0
,2004/3/29 11:30,0
,2004/3/29 12:00,0
,2004/3/29 12:30,0
,2004/3/29 13:00,0
,2004/3/29 13:30,0
,2004/3/29 14:00,0
,2004/3/29 14:30,0
,2004/3/29 15:00,0
,2004/3/29 15:30,0
,2004/3/29 16:00,0
,2004/3/29 16:30,0
,2004/3/29 17:00,0.670624559
,2004/3/29 17:30,13.16465097
,2004/3/29 18:00,6.035620844
,2004/3/29 18:30,4.694371789
,2004/3/29 19:00,2.011873615
,2004/3/29 19:30,0.670624559
,2004/3/29 20:00,4.679792925
,2004/3/29 20:30,0
,2004/3/29 21:00,0
,2004/3/29 21:30,0
,2004/3/29 22:00,7.362290907
,2004/3/29 22:30,0
,2004/3/29 23:00,0
,2004/3/29 23:30,0
,2004/3/30 0:00,0
,2004/3/30 0:30,0
,2004/3/30 1:00,0
,2004/3/30 1:30,0
,2004/3/30 2:00,0
,2004/3/30 2:30,0
,2004/3/30 3:00,0
,2004/3/30 3:30,0
,2004/3/30 4:00,0
,2004/3/30 4:30,0
,2004/3/30 5:00,0
,2004/3/30 5:30,0
,2004/3/30 6:00,0
,2004/3/30 6:30,0
,2004/3/30 7:00,1.341249119
,2004/3/30 7:30,0
,2004/3/30 8:00,0
,2004/3/30 8:30,0
,2004/3/30 9:00,0.670624559
,2004/3/30 9:30,0
,2004/3/30 10:00,0
,2004/3/30 10:30,0
,2004/3/30 11:00,0
,2004/3/30 11:30,0
,2004/3/30 12:00,0
,2004/3/30 12:30,0.88930648
,2004/3/30 13:00,0
,2004/3/30 13:30,0.670624559
,2004/3/30 14:00,0
,2004/3/30 14:30,0
,2004/3/30 15:00,0
,2004/3/30 15:30,0
,2004/3/30 16:00,0
,2004/3/30 16:30,0
,2004/3/30 17:00,0
,2004/3/30 17:30,0
,2004/3/30 18:00,14.05395783
,2004/3/30 18:30,3.119862077
,2004/3/30 19:00,0
,2004/3/30 19:30,0
,2004/3/30 20:00,3.571804717
,2004/3/30 20:30,0
,2004/3/30 21:00,0
,2004/3/30 21:30,0
,2004/3/30 22:00,1.341249119
,2004/3/30 22:30,0
,2004/3/30 23:00,1.559930975
,2004/3/30 23:30,5.13173531
,2004/3/31 0:00,0
,2004/3/31 0:30,0
,2004/3/31 1:00,0
,2004/3/31 1:30,0
,2004/3/31 2:00,0
,2004/3/31 2:30,0
,2004/3/31 3:00,0
,2004/3/31 3:30,0
,2004/3/31 4:00,0
,2004/3/31 4:30,0
,2004/3/31 5:00,0
,2004/3/31 5:30,0
,2004/3/31 6:00,0
,2004/3/31 6:30,1.122567135
,2004/3/31 7:00,0.88930648
,2004/3/31 7:30,0
,2004/3/31 8:00,0.670624559
,2004/3/31 8:30,0
,2004/3/31 9:00,0
,2004/3/31 9:30,0
,2004/3/31 10:00,0
,2004/3/31 10:30,0
,2004/3/31 11:00,0
,2004/3/31 11:30,0
,2004/3/31 12:00,0
,2004/3/31 12:30,0
,2004/3/31 13:00,0
,2004/3/31 13:30,0
,2004/3/31 14:00,0
,2004/3/31 14:30,0.670624559
,2004/3/31 15:00,0
,2004/3/31 15:30,0
,2004/3/31 16:00,0
,2004/3/31 16:30,0
,2004/3/31 17:00,0
,2004/3/31 17:30,0
,2004/3/31 18:00,12.94596911
,2004/3/31 18:30,6.487563547
,2004/3/31 19:00,3.557225918
,2004/3/31 19:30,2.230555534
,2004/3/31 20:00,0
,2004/3/31 20:30,4.009168429
,2004/3/31 21:00,0
,2004/3/31 21:30,0
,2004/3/31 22:00,1.559930975
,2004/3/31 22:30,3.790486446
,2004/3/31 23:00,0
,2004/3/31 23:30,0
,2004/4/1 0:00,0
,2004/4/1 0:30,0
,2004/4/1 1:00,0
,2004/4/1 1:30,0
,2004/4/1 2:00,0
,2004/4/1 2:30,0
,2004/4/1 3:00,0
,2004/4/1 3:30,0
,2004/4/1 4:00,0
,2004/4/1 4:30,0
,2004/4/1 5:00,0
,2004/4/1 5:30,0
,2004/4/1 6:00,0
,2004/4/1 6:30,0
,2004/4/1 7:00,0
,2004/4/1 7:30,0
,2004/4/1 8:00,0
,2004/4/1 8:30,0
,2004/4/1 9:00,0
,2004/4/1 9:30,0
,2004/4/1 10:00,0
,2004/4/1 10:30,0
,2004/4/1 11:00,0
,2004/4/1 11:30,0
,2004/4/1 12:00,0
,2004/4/1 12:30,0
,2004/4/1 13:00,0
,2004/4/1 13:30,0
,2004/4/1 14:00,0
,2004/4/1 14:30,0
,2004/4/1 15:00,0
,2004/4/1 15:30,0
,2004/4/1 16:00,0
,2004/4/1 16:30,0
,2004/4/1 17:00,0
,2004/4/1 17:30,0
,2004/4/1 18:00,0
,2004/4/1 18:30,0
,2004/4/1 19:00,0
,2004/4/1 19:30,4.679793052
,2004/4/1 20:00,2.011873614
,2004/4/1 20:30,0
,2004/4/1 21:00,0
,2004/4/1 21:30,0
,2004/4/1 22:00,0
,2004/4/1 22:30,0
,2004/4/1 23:00,0
,2004/4/1 23:30,0.88930648
,2004/4/2 0:00,0
,2004/4/2 0:30,0
,2004/4/2 1:00,0
,2004/4/2 1:30,0
,2004/4/2 2:00,0
,2004/4/2 2:30,0
,2004/4/2 3:00,0
,2004/4/2 3:30,0
,2004/4/2 4:00,0
,2004/4/2 4:30,0
,2004/4/2 5:00,0
,2004/4/2 5:30,0
,2004/4/2 6:00,0
,2004/4/2 6:30,0
,2004/4/2 7:00,0
,2004/4/2 7:30,0
,2004/4/2 8:00,0
,2004/4/2 8:30,0
,2004/4/2 9:00,0
,2004/4/2 9:30,0
,2004/4/2 10:00,0
,2004/4/2 10:30,0
,2004/4/2 11:00,0
,2004/4/2 11:30,0
,2004/4/2 12:00,0.88930648
,2004/4/2 12:30,0
,2004/4/2 13:00,0
,2004/4/2 13:30,0
,2004/4/2 14:00,0
,2004/4/2 14:30,0
,2004/4/2 15:00,0
,2004/4/2 15:30,0
,2004/4/2 16:00,0
,2004/4/2 16:30,0
,2004/4/2 17:00,0
,2004/4/2 17:30,0
,2004/4/2 18:00,0
,2004/4/2 18:30,0
,2004/4/2 19:00,0
,2004/4/2 19:30,0
,2004/4/2 20:00,0
,2004/4/2 20:30,0.88930648
,2004/4/2 21:00,0
,2004/4/2 21:30,0
,2004/4/2 22:00,0
,2004/4/2 22:30,0
,2004/4/2 23:00,0
,2004/4/2 23:30,0
,2004/4/3 0:00,0
,2004/4/3 0:30,0
,2004/4/3 1:00,0
,2004/4/3 1:30,0
,2004/4/3 2:00,0
,2004/4/3 2:30,0
,2004/4/3 3:00,0
,2004/4/3 3:30,0
,2004/4/3 4:00,0
,2004/4/3 4:30,0
,2004/4/3 5:00,0
,2004/4/3 5:30,0
,2004/4/3 6:00,0
,2004/4/3 6:30,0
,2004/4/3 7:00,0
,2004/4/3 7:30,0
,2004/4/3 8:00,0
,2004/4/3 8:30,0
,2004/4/3 9:00,0
,2004/4/3 9:30,0
,2004/4/3 10:00,0
,2004/4/3 10:30,0
,2004/4/3 11:00,0
,2004/4/3 11:30,0
,2004/4/3 12:00,0
,2004/4/3 12:30,0
,2004/4/3 13:00,0
,2004/4/3 13:30,0
,2004/4/3 14:00,0
,2004/4/3 14:30,0
,2004/4/3 15:00,0
,2004/4/3 15:30,0
,2004/4/3 16:00,0
,2004/4/3 16:30,0
,2004/4/3 17:00,0
,2004/4/3 17:30,0
,2004/4/3 18:00,0
,2004/4/3 18:30,0
,2004/4/3 19:00,0
,2004/4/3 19:30,0
,2004/4/3 20:00,0
,2004/4/3 20:30,0
,2004/4/3 21:00,0
,2004/4/3 21:30,0
,2004/4/3 22:00,0
,2004/4/3 22:30,0
,2004/4/3 23:00,0
,2004/4/3 23:30,0
,2004/4/4 0:00,0
,2004/4/4 0:30,0
,2004/4/4 1:00,0
,2004/4/4 1:30,0
,2004/4/4 2:00,0
,2004/4/4 2:30,0
,2004/4/4 3:00,0
,2004/4/4 3:30,0
,2004/4/4 4:00,0
,2004/4/4 4:30,0
,2004/4/4 5:00,0
,2004/4/4 5:30,0
,2004/4/4 6:00,0
,2004/4/4 6:30,0
,2004/4/4 7:00,0
,2004/4/4 7:30,0
,2004/4/4 8:00,0
,2004/4/4 8:30,0
,2004/4/4 9:00,0
,2004/4/4 9:30,0
,2004/4/4 10:00,0
,2004/4/4 10:30,0
,2004/4/4 11:00,0
,2004/4/4 11:30,0
,2004/4/4 12:00,0
,2004/4/4 12:30,0
,2004/4/4 13:00,0
,2004/4/4 13:30,0
,2004/4/4 14:00,0
,2004/4/4 14:30,0
,2004/4/4 15:00,0
,2004/4/4 15:30,0
,2004/4/4 16:00,0
,2004/4/4 16:30,0
,2004/4/4 17:00,0
,2004/4/4 17:30,0
,2004/4/4 18:00,0
,2004/4/4 18:30,0
,2004/4/4 19:00,0
,2004/4/4 19:30,0
,2004/4/4 20:00,0
,2004/4/4 20:30,0
,2004/4/4 21:00,0
,2004/4/4 21:30,0
,2004/4/4 22:00,0
,2004/4/4 22:30,0
,2004/4/4 23:00,0
,2004/4/4 23:30,0
,2004/4/5 0:00,0
,2004/4/5 0:30,0
,2004/4/5 1:00,0
,2004/4/5 1:30,0
,2004/4/5 2:00,0
,2004/4/5 2:30,0
,2004/4/5 3:00,0
,2004/4/5 3:30,0
,2004/4/5 4:00,0
,2004/4/5 4:30,0
,2004/4/5 5:00,0
,2004/4/5 5:30,0
,2004/4/5 6:00,0
,2004/4/5 6:30,0
,2004/4/5 7:00,0
,2004/4/5 7:30,0
,2004/4/5 8:00,0
,2004/4/5 8:30,0
,2004/4/5 9:00,0
,2004/4/5 9:30,0
,2004/4/5 10:00,0
,2004/4/5 10:30,0
,2004/4/5 11:00,0
,2004/4/5 11:30,0
,2004/4/5 12:00,0
,2004/4/5 12:30,0
,2004/4/5 13:00,0
,2004/4/5 13:30,0
,2004/4/5 14:00,0
,2004/4/5 14:30,0
,2004/4/5 15:00,0
,2004/4/5 15:30,0
,2004/4/5 16:00,0
,2004/4/5 16:30,0
,2004/4/5 17:00,0
,2004/4/5 17:30,0
,2004/4/5 18:00,0
,2004/4/5 18:30,0.88930648
,2004/4/5 19:00,0
,2004/4/5 19:30,0
,2004/4/5 20:00,0
,2004/4/5 20:30,0
,2004/4/5 21:00,0
,2004/4/5 21:30,0
,2004/4/5 22:00,0
,2004/4/5 22:30,0
,2004/4/5 23:00,0
,2004/4/5 23:30,0
,2004/4/6 0:00,0
,2004/4/6 0:30,0
,2004/4/6 1:00,0
,2004/4/6 1:30,0
,2004/4/6 2:00,0
,2004/4/6 2:30,0
,2004/4/6 3:00,0
,2004/4/6 3:30,0
,2004/4/6 4:00,0
,2004/4/6 4:30,0
,2004/4/6 5:00,0
,2004/4/6 5:30,0
,2004/4/6 6:00,0
,2004/4/6 6:30,0
,2004/4/6 7:00,0
,2004/4/6 7:30,0
,2004/4/6 8:00,0
,2004/4/6 8:30,0
,2004/4/6 9:00,0
,2004/4/6 9:30,0
,2004/4/6 10:00,0
,2004/4/6 10:30,0
,2004/4/6 11:00,0
,2004/4/6 11:30,2.230555598
,2004/4/6 12:00,0
,2004/4/6 12:30,0
,2004/4/6 13:00,0
,2004/4/6 13:30,3.353122733
,2004/4/6 14:00,0
,2004/4/6 14:30,0
,2004/4/6 15:00,0
,2004/4/6 15:30,0
,2004/4/6 16:00,0
,2004/4/6 16:30,0
,2004/4/6 17:00,0
,2004/4/6 17:30,0
,2004/4/6 18:00,0
,2004/4/6 18:30,0
,2004/4/6 19:00,0
,2004/4/6 19:30,0
,2004/4/6 20:00,4.242429213
,2004/4/6 20:30,2.68249811
,2004/4/6 21:00,0
,2004/4/6 21:30,0
,2004/4/6 22:00,0
,2004/4/6 22:30,0
,2004/4/6 23:00,0
,2004/4/6 23:30,0
,2004/4/7 0:00,0
,2004/4/7 0:30,0
,2004/4/7 1:00,0
,2004/4/7 1:30,0
,2004/4/7 2:00,0
,2004/4/7 2:30,0
,2004/4/7 3:00,0
,2004/4/7 3:30,0
,2004/4/7 4:00,0
,2004/4/7 4:30,0
,2004/4/7 5:00,0
,2004/4/7 5:30,0
,2004/4/7 6:00,0
,2004/4/7 6:30,0
,2004/4/7 7:00,0
,2004/4/7 7:30,0
,2004/4/7 8:00,0
,2004/4/7 8:30,0
,2004/4/7 9:00,0.88930648
,2004/4/7 9:30,0
,2004/4/7 10:00,0
,2004/4/7 10:30,0
,2004/4/7 11:00,0
,2004/4/7 11:30,0
,2004/4/7 12:00,0
,2004/4/7 12:30,0
,2004/4/7 13:00,0
,2004/4/7 13:30,0
,2004/4/7 14:00,0
,2004/4/7 14:30,0
,2004/4/7 15:00,0
,2004/4/7 15:30,0
,2004/4/7 16:00,0
,2004/4/7 16:30,0
,2004/4/7 17:00,0
,2004/4/7 17:30,0
,2004/4/7 18:00,0
,2004/4/7 18:30,0
,2004/4/7 19:00,0
,2004/4/7 19:30,0.88930648
,2004/4/7 20:00,0
,2004/4/7 20:30,4.242429085
,2004/4/7 21:00,0.88930648
,2004/4/7 21:30,2.011873615
,2004/4/7 22:00,0.88930648
,2004/4/7 22:30,3.353122733
,2004/4/7 23:00,0
,2004/4/7 23:30,0
,2004/4/8 0:00,0
,2004/4/8 0:30,0
,2004/4/8 1:00,0
,2004/4/8 1:30,0
,2004/4/8 2:00,0
,2004/4/8 2:30,0
,2004/4/8 3:00,0
,2004/4/8 3:30,0
,2004/4/8 4:00,0
,2004/4/8 4:30,0
,2004/4/8 5:00,0
,2004/4/8 5:30,0
,2004/4/8 6:00,0
,2004/4/8 6:30,0
,2004/4/8 7:00,0
,2004/4/8 7:30,0
,2004/4/8 8:00,0
,2004/4/8 8:30,0
,2004/4/8 9:00,0
,2004/4/8 9:30,0
,2004/4/8 10:00,0
,2004/4/8 10:30,0
,2004/4/8 11:00,0
,2004/4/8 11:30,0
,2004/4/8 12:00,0
,2004/4/8 12:30,0
,2004/4/8 13:00,0
,2004/4/8 13:30,0
,2004/4/8 14:00,0
,2004/4/8 14:30,0
,2004/4/8 15:00,0
,2004/4/8 15:30,0
,2004/4/8 16:00,0
,2004/4/8 16:30,0
,2004/4/8 17:00,0
,2004/4/8 17:30,0
,2004/4/8 18:00,0
,2004/4/8 18:30,0
,2004/4/8 19:00,0
,2004/4/8 19:30,0
,2004/4/8 20:00,0
,2004/4/8 20:30,0
,2004/4/8 21:00,0
,2004/4/8 21:30,0
,2004/4/8 22:00,0
,2004/4/8 22:30,0
,2004/4/8 23:00,0
,2004/4/8 23:30,0
,2004/4/9 0:00,0
,2004/4/9 0:30,0
,2004/4/9 1:00,0
,2004/4/9 1:30,0
,2004/4/9 2:00,0
,2004/4/9 2:30,0
,2004/4/9 3:00,0
,2004/4/9 3:30,0
,2004/4/9 4:00,0
,2004/4/9 4:30,0
,2004/4/9 5:00,0
,2004/4/9 5:30,0
,2004/4/9 6:00,0
,2004/4/9 6:30,0
,2004/4/9 7:00,0
,2004/4/9 7:30,0
,2004/4/9 8:00,0
,2004/4/9 8:30,0
,2004/4/9 9:00,0
,2004/4/9 9:30,0
,2004/4/9 10:00,0
,2004/4/9 10:30,0
,2004/4/9 11:00,0
,2004/4/9 11:30,0
,2004/4/9 12:00,0
,2004/4/9 12:30,0
,2004/4/9 13:00,0
,2004/4/9 13:30,0
,2004/4/9 14:00,0
,2004/4/9 14:30,0
,2004/4/9 15:00,0
,2004/4/9 15:30,0
,2004/4/9 16:00,0
,2004/4/9 16:30,0
,2004/4/9 17:00,0
,2004/4/9 17:30,0
,2004/4/9 18:00,0
,2004/4/9 18:30,0
,2004/4/9 19:00,0.88930648
,2004/4/9 19:30,3.557225919
,2004/4/9 20:00,4.927632381
,2004/4/9 20:30,0
,2004/4/9 21:00,0
,2004/4/9 21:30,0
,2004/4/9 22:00,0
,2004/4/9 22:30,0
,2004/4/9 23:00,0
,2004/4/9 23:30,0
,2004/4/10 0:00,0
,2004/4/10 0:30,0
,2004/4/10 1:00,0
,2004/4/10 1:30,0
,2004/4/10 2:00,0
,2004/4/10 2:30,0
,2004/4/10 3:00,0
,2004/4/10 3:30,0
,2004/4/10 4:00,0
,2004/4/10 4:30,0
,2004/4/10 5:00,0
,2004/4/10 5:30,0
,2004/4/10 6:00,0
,2004/4/10 6:30,0
,2004/4/10 7:00,0
,2004/4/10 7:30,0
,2004/4/10 8:00,0
,2004/4/10 8:30,0
,2004/4/10 9:00,0
,2004/4/10 9:30,2.011873614
,2004/4/10 10:00,0
,2004/4/10 10:30,0
,2004/4/10 11:00,0
,2004/4/10 11:30,0
,2004/4/10 12:00,0
,2004/4/10 12:30,0
,2004/4/10 13:00,0
,2004/4/10 13:30,0
,2004/4/10 14:00,0
,2004/4/10 14:30,0
,2004/4/10 15:00,0
,2004/4/10 15:30,0
,2004/4/10 16:00,0
,2004/4/10 16:30,0
,2004/4/10 17:00,0
,2004/4/10 17:30,0
,2004/4/10 18:00,0
,2004/4/10 18:30,0
,2004/4/10 19:00,0
,2004/4/10 19:30,0
,2004/4/10 20:00,0
,2004/4/10 20:30,0
,2004/4/10 21:00,0
,2004/4/10 21:30,8.718118954
,2004/4/10 22:00,2.011873615
,2004/4/10 22:30,0
,2004/4/10 23:00,0
,2004/4/10 23:30,0
,2004/4/11 0:00,0
,2004/4/11 0:30,0
,2004/4/11 1:00,0
,2004/4/11 1:30,0
,2004/4/11 2:00,0
,2004/4/11 2:30,0
,2004/4/11 3:00,0
,2004/4/11 3:30,0
,2004/4/11 4:00,0
,2004/4/11 4:30,0
,2004/4/11 5:00,0
,2004/4/11 5:30,0
,2004/4/11 6:00,0
,2004/4/11 6:30,0
,2004/4/11 7:00,0
,2004/4/11 7:30,0
,2004/4/11 8:00,0
,2004/4/11 8:30,0.88930648
,2004/4/11 9:00,0
,2004/4/11 9:30,2.011873614
,2004/4/11 10:00,0
,2004/4/11 10:30,0
,2004/4/11 11:00,0
,2004/4/11 11:30,0
,2004/4/11 12:00,0
,2004/4/11 12:30,0
,2004/4/11 13:00,0
,2004/4/11 13:30,0
,2004/4/11 14:00,0
,2004/4/11 14:30,0
,2004/4/11 15:00,0
,2004/4/11 15:30,0
,2004/4/11 16:00,0
,2004/4/11 16:30,0
,2004/4/11 17:00,0
,2004/4/11 17:30,0
,2004/4/11 18:00,0
,2004/4/11 18:30,0
,2004/4/11 19:00,0
,2004/4/11 19:30,0
,2004/4/11 20:00,0
,2004/4/11 20:30,0
,2004/4/11 21:00,0
,2004/4/11 21:30,0
,2004/4/11 22:00,0
,2004/4/11 22:30,1.122567135
,2004/4/11 23:00,0
,2004/4/11 23:30,2.011873615
,2004/4/12 0:00,0
,2004/4/12 0:30,0
,2004/4/12 1:00,0
,2004/4/12 1:30,0
,2004/4/12 2:00,0
,2004/4/12 2:30,0
,2004/4/12 3:00,0
,2004/4/12 3:30,0
,2004/4/12 4:00,0
,2004/4/12 4:30,0
,2004/4/12 5:00,0
,2004/4/12 5:30,0
,2004/4/12 6:00,0
,2004/4/12 6:30,0
,2004/4/12 7:00,0
,2004/4/12 7:30,0
,2004/4/12 8:00,1.122567135
,2004/4/12 8:30,0
,2004/4/12 9:00,0
,2004/4/12 9:30,0
,2004/4/12 10:00,0
,2004/4/12 10:30,0
,2004/4/12 11:00,0
,2004/4/12 11:30,0
,2004/4/12 12:00,0
,2004/4/12 12:30,0
,2004/4/12 13:00,0
,2004/4/12 13:30,0
,2004/4/12 14:00,0
,2004/4/12 14:30,0
,2004/4/12 15:00,0
,2004/4/12 15:30,0
,2004/4/12 16:00,0
,2004/4/12 16:30,0
,2004/4/12 17:00,0
,2004/4/12 17:30,0
,2004/4/12 18:00,0
,2004/4/12 18:30,0
,2004/4/12 19:00,0
,2004/4/12 19:30,0
,2004/4/12 20:00,0
,2004/4/12 20:30,0
,2004/4/12 21:00,7.799655134
,2004/4/12 21:30,1.559930975
,2004/4/12 22:00,1.341249119
,2004/4/12 22:30,0
,2004/4/12 23:00,0
,2004/4/12 23:30,0
,2004/4/13 0:00,0
,2004/4/13 0:30,0
,2004/4/13 1:00,0
,2004/4/13 1:30,0
,2004/4/13 2:00,0
,2004/4/13 2:30,0
,2004/4/13 3:00,0
,2004/4/13 3:30,0
,2004/4/13 4:00,0
,2004/4/13 4:30,0
,2004/4/13 5:00,0
,2004/4/13 5:30,0
,2004/4/13 6:00,0
,2004/4/13 6:30,0
,2004/4/13 7:00,0
,2004/4/13 7:30,0
,2004/4/13 8:00,0
,2004/4/13 8:30,0
,2004/4/13 9:00,0
,2004/4/13 9:30,0
,2004/4/13 10:00,0
,2004/4/13 10:30,0
,2004/4/13 11:00,0
,2004/4/13 11:30,0
,2004/4/13 12:00,0
,2004/4/13 12:30,0.88930648
,2004/4/13 13:00,0.88930648
,2004/4/13 13:30,0
,2004/4/13 14:00,0
,2004/4/13 14:30,0
,2004/4/13 15:00,0
,2004/4/13 15:30,0
,2004/4/13 16:00,0
,2004/4/13 16:30,0
,2004/4/13 17:00,0
,2004/4/13 17:30,0
,2004/4/13 18:00,0
,2004/4/13 18:30,0
,2004/4/13 19:00,0
,2004/4/13 19:30,0
,2004/4/13 20:00,0
,2004/4/13 20:30,0
,2004/4/13 21:00,0
,2004/4/13 21:30,0
,2004/4/13 22:00,0
,2004/4/13 22:30,0
,2004/4/13 23:00,0
,2004/4/13 23:30,0
,2004/4/14 0:00,0
,2004/4/14 0:30,0
,2004/4/14 1:00,0
,2004/4/14 1:30,0
,2004/4/14 2:00,0
,2004/4/14 2:30,0
,2004/4/14 3:00,0
,2004/4/14 3:30,0
,2004/4/14 4:00,0
,2004/4/14 4:30,0
,2004/4/14 5:00,0
,2004/4/14 5:30,0
,2004/4/14 6:00,0
,2004/4/14 6:30,0
,2004/4/14 7:00,0
,2004/4/14 7:30,0
,2004/4/14 8:00,1.122567135
,2004/4/14 8:30,0
,2004/4/14 9:00,0
,2004/4/14 9:30,0
,2004/4/14 10:00,0
,2004/4/14 10:30,0
,2004/4/14 11:00,0
,2004/4/14 11:30,0
,2004/4/14 12:00,0
,2004/4/14 12:30,0
,2004/4/14 13:00,0
,2004/4/14 13:30,0
,2004/4/14 14:00,0
,2004/4/14 14:30,0
,2004/4/14 15:00,0
,2004/4/14 15:30,0
,2004/4/14 16:00,0
,2004/4/14 16:30,0
,2004/4/14 17:00,0
,2004/4/14 17:30,0
,2004/4/14 18:00,0
,2004/4/14 18:30,0
,2004/4/14 19:00,0
,2004/4/14 19:30,0
,2004/4/14 20:00,0
,2004/4/14 20:30,2.682498237
,2004/4/14 21:00,0
,2004/4/14 21:30,0
,2004/4/14 22:00,0
,2004/4/14 22:30,0
,2004/4/14 23:00,0
,2004/4/14 23:30,0
,2004/4/15 0:00,0
,2004/4/15 0:30,0
,2004/4/15 1:00,0
,2004/4/15 1:30,0
,2004/4/15 2:00,0
,2004/4/15 2:30,0
,2004/4/15 3:00,0
,2004/4/15 3:30,0
,2004/4/15 4:00,0
,2004/4/15 4:30,0
,2004/4/15 5:00,0
,2004/4/15 5:30,0
,2004/4/15 6:00,0
,2004/4/15 6:30,0
,2004/4/15 7:00,0
,2004/4/15 7:30,0
,2004/4/15 8:00,0
,2004/4/15 8:30,0
,2004/4/15 9:00,0
,2004/4/15 9:30,0
,2004/4/15 10:00,0
,2004/4/15 10:30,0
,2004/4/15 11:00,0
,2004/4/15 11:30,0
,2004/4/15 12:00,0
,2004/4/15 12:30,0
,2004/4/15 13:00,0
,2004/4/15 13:30,0
,2004/4/15 14:00,0
,2004/4/15 14:30,0
,2004/4/15 15:00,0
,2004/4/15 15:30,0
,2004/4/15 16:00,0
,2004/4/15 16:30,0
,2004/4/15 17:00,0
,2004/4/15 17:30,0
,2004/4/15 18:00,0
,2004/4/15 18:30,0.88930648
,2004/4/15 19:00,0
,2004/4/15 19:30,3.557225919
,2004/4/15 20:00,3.57180459
,2004/4/15 20:30,1.559930975
,2004/4/15 21:00,0
,2004/4/15 21:30,0
,2004/4/15 22:00,0
,2004/4/15 22:30,0
,2004/4/15 23:00,0
,2004/4/15 23:30,0
,2004/4/16 0:00,0
,2004/4/16 0:30,0
,2004/4/16 1:00,0
,2004/4/16 1:30,0
,2004/4/16 2:00,0
,2004/4/16 2:30,0
,2004/4/16 3:00,0
,2004/4/16 3:30,0
,2004/4/16 4:00,0
,2004/4/16 4:30,0
,2004/4/16 5:00,0
,2004/4/16 5:30,0
,2004/4/16 6:00,0
,2004/4/16 6:30,0
,2004/4/16 7:00,0
,2004/4/16 7:30,0
,2004/4/16 8:00,0
,2004/4/16 8:30,0
,2004/4/16 9:00,0
,2004/4/16 9:30,0
,2004/4/16 10:00,0
,2004/4/16 10:30,0
,2004/4/16 11:00,0
,2004/4/16 11:30,0
,2004/4/16 12:00,0
,2004/4/16 12:30,0
,2004/4/16 13:00,0
,2004/4/16 13:30,0
,2004/4/16 14:00,0
,2004/4/16 14:30,0
,2004/4/16 15:00,0
,2004/4/16 15:30,0
,2004/4/16 16:00,0
,2004/4/16 16:30,0
,2004/4/16 17:00,0
,2004/4/16 17:30,0
,2004/4/16 18:00,0
,2004/4/16 18:30,0
,2004/4/16 19:00,0
,2004/4/16 19:30,0
,2004/4/16 20:00,0
,2004/4/16 20:30,4.023747232
,2004/4/16 21:00,5.350417551
,2004/4/16 21:30,1.341249119
,2004/4/16 22:00,0
,2004/4/16 22:30,0
,2004/4/16 23:00,0
,2004/4/16 23:30,0
,2004/4/17 0:00,0
,2004/4/17 0:30,0
,2004/4/17 1:00,0
,2004/4/17 1:30,0
,2004/4/17 2:00,0
,2004/4/17 2:30,0
,2004/4/17 3:00,0
,2004/4/17 3:30,0
,2004/4/17 4:00,0
,2004/4/17 4:30,0
,2004/4/17 5:00,0
,2004/4/17 5:30,0
,2004/4/17 6:00,0
,2004/4/17 6:30,1.341249119
,2004/4/17 7:00,0
,2004/4/17 7:30,0
,2004/4/17 8:00,0
,2004/4/17 8:30,0
,2004/4/17 9:00,0
,2004/4/17 9:30,0
,2004/4/17 10:00,0
,2004/4/17 10:30,0
,2004/4/17 11:00,0
,2004/4/17 11:30,0
,2004/4/17 12:00,0
,2004/4/17 12:30,0
,2004/4/17 13:00,0
,2004/4/17 13:30,0
,2004/4/17 14:00,0
,2004/4/17 14:30,0
,2004/4/17 15:00,0
,2004/4/17 15:30,0
,2004/4/17 16:00,0
,2004/4/17 16:30,0
,2004/4/17 17:00,0
,2004/4/17 17:30,0
,2004/4/17 18:00,0
,2004/4/17 18:30,0
,2004/4/17 19:00,0
,2004/4/17 19:30,4.023747232
,2004/4/17 20:00,4.898474909
,2004/4/17 20:30,0
,2004/4/17 21:00,2.901180094
,2004/4/17 21:30,0
,2004/4/17 22:00,0
,2004/4/17 22:30,0
,2004/4/17 23:00,0
,2004/4/17 23:30,0
,2004/4/18 0:00,0
,2004/4/18 0:30,0
,2004/4/18 1:00,0.88930648
,2004/4/18 1:30,0
,2004/4/18 2:00,0
,2004/4/18 2:30,0
,2004/4/18 3:00,0
,2004/4/18 3:30,0
,2004/4/18 4:00,0
,2004/4/18 4:30,0
,2004/4/18 5:00,0
,2004/4/18 5:30,0
,2004/4/18 6:00,0
,2004/4/18 6:30,0
,2004/4/18 7:00,0
,2004/4/18 7:30,0
,2004/4/18 8:00,0
,2004/4/18 8:30,0
,2004/4/18 9:00,2.901180094
,2004/4/18 9:30,0
,2004/4/18 10:00,0
,2004/4/18 10:30,0
,2004/4/18 11:00,0
,2004/4/18 11:30,0
,2004/4/18 12:00,0
,2004/4/18 12:30,0
,2004/4/18 13:00,0
,2004/4/18 13:30,0
,2004/4/18 14:00,0
,2004/4/18 14:30,0
,2004/4/18 15:00,0
,2004/4/18 15:30,0
,2004/4/18 16:00,0
,2004/4/18 16:30,0
,2004/4/18 17:00,0
,2004/4/18 17:30,0
,2004/4/18 18:00,0
,2004/4/18 18:30,0
,2004/4/18 19:00,0
,2004/4/18 19:30,0
,2004/4/18 20:00,7.799654877
,2004/4/18 20:30,3.119861951
,2004/4/18 21:00,0
,2004/4/18 21:30,0
,2004/4/18 22:00,0
,2004/4/18 22:30,0
,2004/4/18 23:00,0
,2004/4/18 23:30,0
,2004/4/19 0:00,0
,2004/4/19 0:30,0
,2004/4/19 1:00,0
,2004/4/19 1:30,0
,2004/4/19 2:00,0
,2004/4/19 2:30,0
,2004/4/19 3:00,0
,2004/4/19 3:30,0
,2004/4/19 4:00,0
,2004/4/19 4:30,0
,2004/4/19 5:00,0
,2004/4/19 5:30,0
,2004/4/19 6:00,0
,2004/4/19 6:30,0
,2004/4/19 7:00,0
,2004/4/19 7:30,0
,2004/4/19 8:00,1.341249119
,2004/4/19 8:30,0
,2004/4/19 9:00,0
,2004/4/19 9:30,0
,2004/4/19 10:00,0
,2004/4/19 10:30,0
,2004/4/19 11:00,0
,2004/4/19 11:30,0
,2004/4/19 12:00,0
,2004/4/19 12:30,0
,2004/4/19 13:00,0
,2004/4/19 13:30,0
,2004/4/19 14:00,0
,2004/4/19 14:30,0
,2004/4/19 15:00,0
,2004/4/19 15:30,0
,2004/4/19 16:00,0
,2004/4/19 16:30,0
,2004/4/19 17:00,0
,2004/4/19 17:30,0
,2004/4/19 18:00,0
,2004/4/19 18:30,0
,2004/4/19 19:00,0
,2004/4/19 19:30,4.679793052
,2004/4/19 20:00,3.338543935
,2004/4/19 20:30,2.901180094
,2004/4/19 21:00,0.88930648
,2004/4/19 21:30,0
,2004/4/19 22:00,0
,2004/4/19 22:30,0
,2004/4/19 23:00,0
,2004/4/19 23:30,0
,2004/4/20 0:00,0
,2004/4/20 0:30,0
,2004/4/20 1:00,0
,2004/4/20 1:30,0
,2004/4/20 2:00,0
,2004/4/20 2:30,0
,2004/4/20 3:00,0
,2004/4/20 3:30,0
,2004/4/20 4:00,0
,2004/4/20 4:30,0
,2004/4/20 5:00,0
,2004/4/20 5:30,0
,2004/4/20 6:00,0
,2004/4/20 6:30,0
,2004/4/20 7:00,0
,2004/4/20 7:30,0
,2004/4/20 8:00,0
,2004/4/20 8:30,0
,2004/4/20 9:00,0
,2004/4/20 9:30,0
,2004/4/20 10:00,0
,2004/4/20 10:30,0
,2004/4/20 11:00,0
,2004/4/20 11:30,0
,2004/4/20 12:00,0
,2004/4/20 12:30,0
,2004/4/20 13:00,2.4492372
,2004/4/20 13:30,0.88930648
,2004/4/20 14:00,0
,2004/4/20 14:30,0
,2004/4/20 15:00,0
,2004/4/20 15:30,0
,2004/4/20 16:00,0
,2004/4/20 16:30,0
,2004/4/20 17:00,0
,2004/4/20 17:30,0
,2004/4/20 18:00,0
,2004/4/20 18:30,0
,2004/4/20 19:00,0
,2004/4/20 19:30,0.88930648
,2004/4/20 20:00,0
,2004/4/20 20:30,7.580973148
,2004/4/20 21:00,5.802360059
,2004/4/20 21:30,0
,2004/4/20 22:00,0
,2004/4/20 22:30,0
,2004/4/20 23:00,0
,2004/4/20 23:30,0
,2004/4/21 0:00,2.68249811
,2004/4/21 0:30,0
,2004/4/21 1:00,0
,2004/4/21 1:30,0
,2004/4/21 2:00,0
,2004/4/21 2:30,0
,2004/4/21 3:00,0
,2004/4/21 3:30,0
,2004/4/21 4:00,0
,2004/4/21 4:30,0
,2004/4/21 5:00,0
,2004/4/21 5:30,0
,2004/4/21 6:00,0
,2004/4/21 6:30,0
,2004/4/21 7:00,0
,2004/4/21 7:30,0
,2004/4/21 8:00,0
,2004/4/21 8:30,0
,2004/4/21 9:00,0
,2004/4/21 9:30,0
,2004/4/21 10:00,0
,2004/4/21 10:30,0
,2004/4/21 11:00,0
,2004/4/21 11:30,0
,2004/4/21 12:00,0
,2004/4/21 12:30,0
,2004/4/21 13:00,0
,2004/4/21 13:30,0
,2004/4/21 14:00,0
,2004/4/21 14:30,0
,2004/4/21 15:00,0
,2004/4/21 15:30,0
,2004/4/21 16:00,0
,2004/4/21 16:30,0
,2004/4/21 17:00,0
,2004/4/21 17:30,0
,2004/4/21 18:00,0
,2004/4/21 18:30,0
,2004/4/21 19:00,0
,2004/4/21 19:30,1.122567135
,2004/4/21 20:00,0.88930648
,2004/4/21 20:30,6.239724027
,2004/4/21 21:00,1.341249119
,2004/4/21 21:30,3.557225918
,2004/4/21 22:00,0
,2004/4/21 22:30,0
,2004/4/21 23:00,0
,2004/4/21 23:30,0
,2004/4/22 0:00,0
,2004/4/22 0:30,0
,2004/4/22 1:00,0
,2004/4/22 1:30,0
,2004/4/22 2:00,0
,2004/4/22 2:30,0
,2004/4/22 3:00,0
,2004/4/22 3:30,0
,2004/4/22 4:00,0
,2004/4/22 4:30,0
,2004/4/22 5:00,0
,2004/4/22 5:30,0
,2004/4/22 6:00,0
,2004/4/22 6:30,0
,2004/4/22 7:00,0
,2004/4/22 7:30,3.353122733
,2004/4/22 8:00,0
,2004/4/22 8:30,0
,2004/4/22 9:00,0
,2004/4/22 9:30,0
,2004/4/22 10:00,0
,2004/4/22 10:30,0
,2004/4/22 11:00,0
,2004/4/22 11:30,0
,2004/4/22 12:00,0
,2004/4/22 12:30,0
,2004/4/22 13:00,0
,2004/4/22 13:30,0
,2004/4/22 14:00,0
,2004/4/22 14:30,0
,2004/4/22 15:00,0
,2004/4/22 15:30,0
,2004/4/22 16:00,0
,2004/4/22 16:30,0
,2004/4/22 17:00,0
,2004/4/22 17:30,0
,2004/4/22 18:00,0
,2004/4/22 18:30,0
,2004/4/22 19:00,0
,2004/4/22 19:30,0
,2004/4/22 20:00,0
,2004/4/22 20:30,12.04208409
,2004/4/22 21:00,2.901180094
,2004/4/22 21:30,0
,2004/4/22 22:00,0
,2004/4/22 22:30,0
,2004/4/22 23:00,0
,2004/4/22 23:30,0
,2004/4/23 0:00,0
,2004/4/23 0:30,0
,2004/4/23 1:00,0
,2004/4/23 1:30,0
,2004/4/23 2:00,0
,2004/4/23 2:30,0
,2004/4/23 3:00,0
,2004/4/23 3:30,0
,2004/4/23 4:00,0
,2004/4/23 4:30,0
,2004/4/23 5:00,0
,2004/4/23 5:30,0
,2004/4/23 6:00,0
,2004/4/23 6:30,2.230555597
,2004/4/23 7:00,0
,2004/4/23 7:30,0
,2004/4/23 8:00,0
,2004/4/23 8:30,0
,2004/4/23 9:00,0
,2004/4/23 9:30,0
,2004/4/23 10:00,0
,2004/4/23 10:30,0
,2004/4/23 11:00,0
,2004/4/23 11:30,0
,2004/4/23 12:00,0
,2004/4/23 12:30,0
,2004/4/23 13:00,0
,2004/4/23 13:30,0
,2004/4/23 14:00,0
,2004/4/23 14:30,0
,2004/4/23 15:00,0
,2004/4/23 15:30,0
,2004/4/23 16:00,0
,2004/4/23 16:30,0
,2004/4/23 17:00,0
,2004/4/23 17:30,0
,2004/4/23 18:00,0
,2004/4/23 18:30,0
,2004/4/23 19:00,0
,2004/4/23 19:30,0
,2004/4/23 20:00,2.68249811
,2004/4/23 20:30,3.805065246
,2004/4/23 21:00,0.88930648
,2004/4/23 21:30,0
,2004/4/23 22:00,0
,2004/4/23 22:30,0
,2004/4/23 23:00,0
,2004/4/23 23:30,0
,2004/4/24 0:00,0
,2004/4/24 0:30,0
,2004/4/24 1:00,0
,2004/4/24 1:30,0
,2004/4/24 2:00,0
,2004/4/24 2:30,0
,2004/4/24 3:00,0
,2004/4/24 3:30,0
,2004/4/24 4:00,0
,2004/4/24 4:30,0
,2004/4/24 5:00,0
,2004/4/24 5:30,0
,2004/4/24 6:00,0
,2004/4/24 6:30,0
,2004/4/24 7:00,0
,2004/4/24 7:30,2.463816253
,2004/4/24 8:00,0
,2004/4/24 8:30,0
,2004/4/24 9:00,0
,2004/4/24 9:30,0
,2004/4/24 10:00,0
,2004/4/24 10:30,0
,2004/4/24 11:00,0
,2004/4/24 11:30,0
,2004/4/24 12:00,0
,2004/4/24 12:30,0
,2004/4/24 13:00,0
,2004/4/24 13:30,0
,2004/4/24 14:00,0
,2004/4/24 14:30,0
,2004/4/24 15:00,0
,2004/4/24 15:30,0
,2004/4/24 16:00,0
,2004/4/24 16:30,0
,2004/4/24 17:00,0
,2004/4/24 17:30,0
,2004/4/24 18:00,0
,2004/4/24 18:30,0
,2004/4/24 19:00,0
,2004/4/24 19:30,0
,2004/4/24 20:00,0
,2004/4/24 20:30,0
,2004/4/24 21:00,0
,2004/4/24 21:30,0
,2004/4/24 22:00,0
,2004/4/24 22:30,0
,2004/4/24 23:00,0
,2004/4/24 23:30,0
,2004/4/25 0:00,0
,2004/4/25 0:30,0
,2004/4/25 1:00,0
,2004/4/25 1:30,0
,2004/4/25 2:00,0
,2004/4/25 2:30,0
,2004/4/25 3:00,0
,2004/4/25 3:30,0
,2004/4/25 4:00,0
,2004/4/25 4:30,0
,2004/4/25 5:00,0
,2004/4/25 5:30,0
,2004/4/25 6:00,0
,2004/4/25 6:30,0
,2004/4/25 7:00,0
,2004/4/25 7:30,0
,2004/4/25 8:00,0
,2004/4/25 8:30,1.559930975
,2004/4/25 9:00,0
,2004/4/25 9:30,0
,2004/4/25 10:00,0
,2004/4/25 10:30,3.134440749
,2004/4/25 11:00,0.88930648
,2004/4/25 11:30,0
,2004/4/25 12:00,0
,2004/4/25 12:30,0
,2004/4/25 13:00,4.023747228
,2004/4/25 13:30,0
,2004/4/25 14:00,0
,2004/4/25 14:30,0
,2004/4/25 15:00,0
,2004/4/25 15:30,0
,2004/4/25 16:00,0
,2004/4/25 16:30,0
,2004/4/25 17:00,0
,2004/4/25 17:30,0
,2004/4/25 18:00,0
,2004/4/25 18:30,0
,2004/4/25 19:00,0.88930648
,2004/4/25 19:30,0
,2004/4/25 20:00,3.338543935
,2004/4/25 20:30,5.583678206
,2004/4/25 21:00,0
,2004/4/25 21:30,0
,2004/4/25 22:00,1.778612959
,2004/4/25 22:30,0
,2004/4/25 23:00,0
,2004/4/25 23:30,0
,2004/4/26 0:00,0
,2004/4/26 0:30,0
,2004/4/26 1:00,0
,2004/4/26 1:30,0
,2004/4/26 2:00,0
,2004/4/26 2:30,0
,2004/4/26 3:00,0
,2004/4/26 3:30,0
,2004/4/26 4:00,0
,2004/4/26 4:30,0
,2004/4/26 5:00,0
,2004/4/26 5:30,0
,2004/4/26 6:00,0
,2004/4/26 6:30,0
,2004/4/26 7:00,1.122567135
,2004/4/26 7:30,2.682498237
,2004/4/26 8:00,0
,2004/4/26 8:30,0
,2004/4/26 9:00,0
,2004/4/26 9:30,0
,2004/4/26 10:00,0
,2004/4/26 10:30,0
,2004/4/26 11:00,0
,2004/4/26 11:30,0
,2004/4/26 12:00,0
,2004/4/26 12:30,0
,2004/4/26 13:00,0
,2004/4/26 13:30,0
,2004/4/26 14:00,0
,2004/4/26 14:30,0
,2004/4/26 15:00,0
,2004/4/26 15:30,0
,2004/4/26 16:00,0
,2004/4/26 16:30,0
,2004/4/26 17:00,0
,2004/4/26 17:30,0
,2004/4/26 18:00,0
,2004/4/26 18:30,0
,2004/4/26 19:00,0
,2004/4/26 19:30,2.245134269
,2004/4/26 20:00,2.230555471
,2004/4/26 20:30,3.790486574
,2004/4/26 21:00,0
,2004/4/26 21:30,0
,2004/4/26 22:00,0
,2004/4/26 22:30,0
,2004/4/26 23:00,0
,2004/4/26 23:30,0
,2004/4/27 0:00,0
,2004/4/27 0:30,0
,2004/4/27 1:00,0
,2004/4/27 1:30,0
,2004/4/27 2:00,0
,2004/4/27 2:30,0
,2004/4/27 3:00,0
,2004/4/27 3:30,0
,2004/4/27 4:00,0
,2004/4/27 4:30,0
,2004/4/27 5:00,0
,2004/4/27 5:30,0
,2004/4/27 6:00,0
,2004/4/27 6:30,0
,2004/4/27 7:00,0
,2004/4/27 7:30,0
,2004/4/27 8:00,0
,2004/4/27 8:30,0
,2004/4/27 9:00,0
,2004/4/27 9:30,0
,2004/4/27 10:00,0
,2004/4/27 10:30,0
,2004/4/27 11:00,0
,2004/4/27 11:30,0
,2004/4/27 12:00,4.694371726
,2004/4/27 12:30,2.901180094
,2004/4/27 13:00,0
,2004/4/27 13:30,0
,2004/4/27 14:00,0
,2004/4/27 14:30,0
,2004/4/27 15:00,0
,2004/4/27 15:30,0
,2004/4/27 16:00,0
,2004/4/27 16:30,0
,2004/4/27 17:00,0
,2004/4/27 17:30,0
,2004/4/27 18:00,0
,2004/4/27 18:30,0
,2004/4/27 19:00,0
,2004/4/27 19:30,0
,2004/4/27 20:00,0
,2004/4/27 20:30,0
,2004/4/27 21:00,0
,2004/4/27 21:30,0
,2004/4/27 22:00,0
,2004/4/27 22:30,0
,2004/4/27 23:00,10.94867391
,2004/4/27 23:30,0
,2004/4/28 0:00,1.341249119
,2004/4/28 0:30,0.88930648
,2004/4/28 1:00,0
,2004/4/28 1:30,0
,2004/4/28 2:00,0
,2004/4/28 2:30,0
,2004/4/28 3:00,0
,2004/4/28 3:30,0
,2004/4/28 4:00,0
,2004/4/28 4:30,0
,2004/4/28 5:00,0
,2004/4/28 5:30,0
,2004/4/28 6:00,0
,2004/4/28 6:30,0
,2004/4/28 7:00,0
,2004/4/28 7:30,0.88930648
,2004/4/28 8:00,3.571804716
,2004/4/28 8:30,0
,2004/4/28 9:00,0
,2004/4/28 9:30,0
,2004/4/28 10:00,0
,2004/4/28 10:30,0
,2004/4/28 11:00,0
,2004/4/28 11:30,0
,2004/4/28 12:00,0
,2004/4/28 12:30,0
,2004/4/28 13:00,0
,2004/4/28 13:30,0
,2004/4/28 14:00,0
,2004/4/28 14:30,0
,2004/4/28 15:00,0
,2004/4/28 15:30,0
,2004/4/28 16:00,0
,2004/4/28 16:30,0
,2004/4/28 17:00,0
,2004/4/28 17:30,0
,2004/4/28 18:00,0
,2004/4/28 18:30,0
,2004/4/28 19:00,0
,2004/4/28 19:30,0
,2004/4/28 20:00,0
,2004/4/28 20:30,0
,2004/4/28 21:00,0
,2004/4/28 21:30,0
,2004/4/28 22:00,0
,2004/4/28 22:30,0
,2004/4/28 23:00,0
,2004/4/28 23:30,0
,2004/4/29 0:00,0
,2004/4/29 0:30,0
,2004/4/29 1:00,0
,2004/4/29 1:30,0
,2004/4/29 2:00,0
,2004/4/29 2:30,0
,2004/4/29 3:00,0
,2004/4/29 3:30,0
,2004/4/29 4:00,0
,2004/4/29 4:30,0
,2004/4/29 5:00,0
,2004/4/29 5:30,0
,2004/4/29 6:00,0
,2004/4/29 6:30,0
,2004/4/29 7:00,0
,2004/4/29 7:30,0
,2004/4/29 8:00,0
,2004/4/29 8:30,0
,2004/4/29 9:00,0
,2004/4/29 9:30,0
,2004/4/29 10:00,0
,2004/4/29 10:30,0
,2004/4/29 11:00,1.778612959
,2004/4/29 11:30,0
,2004/4/29 12:00,0
,2004/4/29 12:30,0
,2004/4/29 13:00,0
,2004/4/29 13:30,0
,2004/4/29 14:00,0
,2004/4/29 14:30,0
,2004/4/29 15:00,0
,2004/4/29 15:30,0
,2004/4/29 16:00,0
,2004/4/29 16:30,0
,2004/4/29 17:00,0
,2004/4/29 17:30,0
,2004/4/29 18:00,0
,2004/4/29 18:30,0
,2004/4/29 19:00,0
,2004/4/29 19:30,0
,2004/4/29 20:00,0
,2004/4/29 20:30,0
,2004/4/29 21:00,0
,2004/4/29 21:30,0
,2004/4/29 22:00,0
,2004/4/29 22:30,0
,2004/4/29 23:00,0
,2004/4/29 23:30,0
,2004/4/30 0:00,0
,2004/4/30 0:30,3.571804589
,2004/4/30 1:00,1.122567135
,2004/4/30 1:30,0
,2004/4/30 2:00,0
,2004/4/30 2:30,0
,2004/4/30 3:00,0
,2004/4/30 3:30,0
,2004/4/30 4:00,0
,2004/4/30 4:30,0
,2004/4/30 5:00,0
,2004/4/30 5:30,0
,2004/4/30 6:00,0
,2004/4/30 6:30,0
,2004/4/30 7:00,0
,2004/4/30 7:30,0
,2004/4/30 8:00,2.4492372
,2004/4/30 8:30,0
,2004/4/30 9:00,0
,2004/4/30 9:30,0
,2004/4/30 10:00,0
,2004/4/30 10:30,0
,2004/4/30 11:00,0
,2004/4/30 11:30,0
,2004/4/30 12:00,0
,2004/4/30 12:30,0
,2004/4/30 13:00,0
,2004/4/30 13:30,0
,2004/4/30 14:00,0
,2004/4/30 14:30,0
,2004/4/30 15:00,0
,2004/4/30 15:30,0
,2004/4/30 16:00,0
,2004/4/30 16:30,0
,2004/4/30 17:00,0
,2004/4/30 17:30,0
,2004/4/30 18:00,0
,2004/4/30 18:30,0
,2004/4/30 19:00,0
,2004/4/30 19:30,0
,2004/4/30 20:00,0
,2004/4/30 20:30,0
,2004/4/30 21:00,1.122567135
,2004/4/30 21:30,5.802360188
,2004/4/30 22:00,2.68249811
,2004/4/30 22:30,2.4492372
,2004/4/30 23:00,0
,2004/4/30 23:30,0
