,time,1kW‚ ‚½‚è‚Ì“d‹C—¿‹à
0,2003/4/1 0:00,6.08
1,2003/4/1 0:30,6.08
2,2003/4/1 1:00,6.08
3,2003/4/1 1:30,6.08
4,2003/4/1 2:00,6.08
5,2003/4/1 2:30,6.08
6,2003/4/1 3:00,6.08
7,2003/4/1 3:30,6.08
8,2003/4/1 4:00,6.08
9,2003/4/1 4:30,6.08
10,2003/4/1 5:00,6.08
11,2003/4/1 5:30,6.08
12,2003/4/1 6:00,6.08
13,2003/4/1 6:30,6.08
14,2003/4/1 7:00,14.495
15,2003/4/1 7:30,14.495
16,2003/4/1 8:00,14.495
17,2003/4/1 8:30,14.495
18,2003/4/1 9:00,14.495
19,2003/4/1 9:30,14.495
20,2003/4/1 10:00,14.495
21,2003/4/1 10:30,14.495
22,2003/4/1 11:00,14.495
23,2003/4/1 11:30,14.495
24,2003/4/1 12:00,14.495
25,2003/4/1 12:30,14.495
26,2003/4/1 13:00,14.495
27,2003/4/1 13:30,14.495
28,2003/4/1 14:00,14.495
29,2003/4/1 14:30,14.495
30,2003/4/1 15:00,14.495
31,2003/4/1 15:30,14.495
32,2003/4/1 16:00,14.495
33,2003/4/1 16:30,14.495
34,2003/4/1 17:00,14.495
35,2003/4/1 17:30,14.495
36,2003/4/1 18:00,14.495
37,2003/4/1 18:30,14.495
38,2003/4/1 19:00,14.495
39,2003/4/1 19:30,14.495
40,2003/4/1 20:00,14.495
41,2003/4/1 20:30,14.495
42,2003/4/1 21:00,14.495
43,2003/4/1 21:30,14.495
44,2003/4/1 22:00,14.495
45,2003/4/1 22:30,14.495
46,2003/4/1 23:00,14.495
47,2003/4/1 23:30,14.495
48,2003/4/2 0:00,6.08
49,2003/4/2 0:30,6.08
50,2003/4/2 1:00,6.08
51,2003/4/2 1:30,6.08
52,2003/4/2 2:00,6.08
53,2003/4/2 2:30,6.08
54,2003/4/2 3:00,6.08
55,2003/4/2 3:30,6.08
56,2003/4/2 4:00,6.08
57,2003/4/2 4:30,6.08
58,2003/4/2 5:00,6.08
59,2003/4/2 5:30,6.08
60,2003/4/2 6:00,6.08
61,2003/4/2 6:30,6.08
62,2003/4/2 7:00,14.495
63,2003/4/2 7:30,14.495
64,2003/4/2 8:00,14.495
65,2003/4/2 8:30,14.495
66,2003/4/2 9:00,14.495
67,2003/4/2 9:30,14.495
68,2003/4/2 10:00,14.495
69,2003/4/2 10:30,14.495
70,2003/4/2 11:00,14.495
71,2003/4/2 11:30,14.495
72,2003/4/2 12:00,14.495
73,2003/4/2 12:30,14.495
74,2003/4/2 13:00,14.495
75,2003/4/2 13:30,14.495
76,2003/4/2 14:00,14.495
77,2003/4/2 14:30,14.495
78,2003/4/2 15:00,14.495
79,2003/4/2 15:30,14.495
80,2003/4/2 16:00,14.495
81,2003/4/2 16:30,14.495
82,2003/4/2 17:00,14.495
83,2003/4/2 17:30,14.495
84,2003/4/2 18:00,14.495
85,2003/4/2 18:30,14.495
86,2003/4/2 19:00,14.495
87,2003/4/2 19:30,14.495
88,2003/4/2 20:00,14.495
89,2003/4/2 20:30,14.495
90,2003/4/2 21:00,14.495
91,2003/4/2 21:30,14.495
92,2003/4/2 22:00,14.495
93,2003/4/2 22:30,14.495
94,2003/4/2 23:00,14.495
95,2003/4/2 23:30,14.495
96,2003/4/3 0:00,6.08
97,2003/4/3 0:30,6.08
98,2003/4/3 1:00,6.08
99,2003/4/3 1:30,6.08
100,2003/4/3 2:00,6.08
101,2003/4/3 2:30,6.08
102,2003/4/3 3:00,6.08
103,2003/4/3 3:30,6.08
104,2003/4/3 4:00,6.08
105,2003/4/3 4:30,6.08
106,2003/4/3 5:00,6.08
107,2003/4/3 5:30,6.08
108,2003/4/3 6:00,6.08
109,2003/4/3 6:30,6.08
110,2003/4/3 7:00,14.495
111,2003/4/3 7:30,14.495
112,2003/4/3 8:00,14.495
113,2003/4/3 8:30,14.495
114,2003/4/3 9:00,14.495
115,2003/4/3 9:30,14.495
116,2003/4/3 10:00,14.495
117,2003/4/3 10:30,14.495
118,2003/4/3 11:00,14.495
119,2003/4/3 11:30,14.495
120,2003/4/3 12:00,14.495
121,2003/4/3 12:30,14.495
122,2003/4/3 13:00,14.495
123,2003/4/3 13:30,14.495
124,2003/4/3 14:00,14.495
125,2003/4/3 14:30,14.495
126,2003/4/3 15:00,14.495
127,2003/4/3 15:30,14.495
128,2003/4/3 16:00,14.495
129,2003/4/3 16:30,14.495
130,2003/4/3 17:00,14.495
131,2003/4/3 17:30,14.495
132,2003/4/3 18:00,14.495
133,2003/4/3 18:30,14.495
134,2003/4/3 19:00,14.495
135,2003/4/3 19:30,14.495
136,2003/4/3 20:00,14.495
137,2003/4/3 20:30,14.495
138,2003/4/3 21:00,14.495
139,2003/4/3 21:30,14.495
140,2003/4/3 22:00,14.495
141,2003/4/3 22:30,14.495
142,2003/4/3 23:00,14.495
143,2003/4/3 23:30,14.495
144,2003/4/4 0:00,6.08
145,2003/4/4 0:30,6.08
146,2003/4/4 1:00,6.08
147,2003/4/4 1:30,6.08
148,2003/4/4 2:00,6.08
149,2003/4/4 2:30,6.08
150,2003/4/4 3:00,6.08
151,2003/4/4 3:30,6.08
152,2003/4/4 4:00,6.08
153,2003/4/4 4:30,6.08
154,2003/4/4 5:00,6.08
155,2003/4/4 5:30,6.08
156,2003/4/4 6:00,6.08
157,2003/4/4 6:30,6.08
158,2003/4/4 7:00,14.495
159,2003/4/4 7:30,14.495
160,2003/4/4 8:00,14.495
161,2003/4/4 8:30,14.495
162,2003/4/4 9:00,14.495
163,2003/4/4 9:30,14.495
164,2003/4/4 10:00,14.495
165,2003/4/4 10:30,14.495
166,2003/4/4 11:00,14.495
167,2003/4/4 11:30,14.495
168,2003/4/4 12:00,14.495
169,2003/4/4 12:30,14.495
170,2003/4/4 13:00,14.495
171,2003/4/4 13:30,14.495
172,2003/4/4 14:00,14.495
173,2003/4/4 14:30,14.495
174,2003/4/4 15:00,14.495
175,2003/4/4 15:30,14.495
176,2003/4/4 16:00,14.495
177,2003/4/4 16:30,14.495
178,2003/4/4 17:00,14.495
179,2003/4/4 17:30,14.495
180,2003/4/4 18:00,14.495
181,2003/4/4 18:30,14.495
182,2003/4/4 19:00,14.495
183,2003/4/4 19:30,14.495
184,2003/4/4 20:00,14.495
185,2003/4/4 20:30,14.495
186,2003/4/4 21:00,14.495
187,2003/4/4 21:30,14.495
188,2003/4/4 22:00,14.495
189,2003/4/4 22:30,14.495
190,2003/4/4 23:00,14.495
191,2003/4/4 23:30,14.495
192,2003/4/5 0:00,6.08
193,2003/4/5 0:30,6.08
194,2003/4/5 1:00,6.08
195,2003/4/5 1:30,6.08
196,2003/4/5 2:00,6.08
197,2003/4/5 2:30,6.08
198,2003/4/5 3:00,6.08
199,2003/4/5 3:30,6.08
200,2003/4/5 4:00,6.08
201,2003/4/5 4:30,6.08
202,2003/4/5 5:00,6.08
203,2003/4/5 5:30,6.08
204,2003/4/5 6:00,6.08
205,2003/4/5 6:30,6.08
206,2003/4/5 7:00,14.495
207,2003/4/5 7:30,14.495
208,2003/4/5 8:00,14.495
209,2003/4/5 8:30,14.495
210,2003/4/5 9:00,14.495
211,2003/4/5 9:30,14.495
212,2003/4/5 10:00,14.495
213,2003/4/5 10:30,14.495
214,2003/4/5 11:00,14.495
215,2003/4/5 11:30,14.495
216,2003/4/5 12:00,14.495
217,2003/4/5 12:30,14.495
218,2003/4/5 13:00,14.495
219,2003/4/5 13:30,14.495
220,2003/4/5 14:00,14.495
221,2003/4/5 14:30,14.495
222,2003/4/5 15:00,14.495
223,2003/4/5 15:30,14.495
224,2003/4/5 16:00,14.495
225,2003/4/5 16:30,14.495
226,2003/4/5 17:00,14.495
227,2003/4/5 17:30,14.495
228,2003/4/5 18:00,14.495
229,2003/4/5 18:30,14.495
230,2003/4/5 19:00,14.495
231,2003/4/5 19:30,14.495
232,2003/4/5 20:00,14.495
233,2003/4/5 20:30,14.495
234,2003/4/5 21:00,14.495
235,2003/4/5 21:30,14.495
236,2003/4/5 22:00,14.495
237,2003/4/5 22:30,14.495
238,2003/4/5 23:00,14.495
239,2003/4/5 23:30,14.495
240,2003/4/6 0:00,6.08
241,2003/4/6 0:30,6.08
242,2003/4/6 1:00,6.08
243,2003/4/6 1:30,6.08
244,2003/4/6 2:00,6.08
245,2003/4/6 2:30,6.08
246,2003/4/6 3:00,6.08
247,2003/4/6 3:30,6.08
248,2003/4/6 4:00,6.08
249,2003/4/6 4:30,6.08
250,2003/4/6 5:00,6.08
251,2003/4/6 5:30,6.08
252,2003/4/6 6:00,6.08
253,2003/4/6 6:30,6.08
254,2003/4/6 7:00,14.495
255,2003/4/6 7:30,14.495
256,2003/4/6 8:00,14.495
257,2003/4/6 8:30,14.495
258,2003/4/6 9:00,14.495
259,2003/4/6 9:30,14.495
260,2003/4/6 10:00,14.495
261,2003/4/6 10:30,14.495
262,2003/4/6 11:00,14.495
263,2003/4/6 11:30,14.495
264,2003/4/6 12:00,14.495
265,2003/4/6 12:30,14.495
266,2003/4/6 13:00,14.495
267,2003/4/6 13:30,14.495
268,2003/4/6 14:00,14.495
269,2003/4/6 14:30,14.495
270,2003/4/6 15:00,14.495
271,2003/4/6 15:30,14.495
272,2003/4/6 16:00,14.495
273,2003/4/6 16:30,14.495
274,2003/4/6 17:00,14.495
275,2003/4/6 17:30,14.495
276,2003/4/6 18:00,14.495
277,2003/4/6 18:30,14.495
278,2003/4/6 19:00,14.495
279,2003/4/6 19:30,14.495
280,2003/4/6 20:00,14.495
281,2003/4/6 20:30,14.495
282,2003/4/6 21:00,14.495
283,2003/4/6 21:30,14.495
284,2003/4/6 22:00,14.495
285,2003/4/6 22:30,14.495
286,2003/4/6 23:00,14.495
287,2003/4/6 23:30,14.495
288,2003/4/7 0:00,6.08
289,2003/4/7 0:30,6.08
290,2003/4/7 1:00,6.08
291,2003/4/7 1:30,6.08
292,2003/4/7 2:00,6.08
293,2003/4/7 2:30,6.08
294,2003/4/7 3:00,6.08
295,2003/4/7 3:30,6.08
296,2003/4/7 4:00,6.08
297,2003/4/7 4:30,6.08
298,2003/4/7 5:00,6.08
299,2003/4/7 5:30,6.08
300,2003/4/7 6:00,6.08
301,2003/4/7 6:30,6.08
302,2003/4/7 7:00,14.495
303,2003/4/7 7:30,14.495
304,2003/4/7 8:00,14.495
305,2003/4/7 8:30,14.495
306,2003/4/7 9:00,14.495
307,2003/4/7 9:30,14.495
308,2003/4/7 10:00,14.495
309,2003/4/7 10:30,14.495
310,2003/4/7 11:00,14.495
311,2003/4/7 11:30,14.495
312,2003/4/7 12:00,14.495
313,2003/4/7 12:30,14.495
314,2003/4/7 13:00,14.495
315,2003/4/7 13:30,14.495
316,2003/4/7 14:00,14.495
317,2003/4/7 14:30,14.495
318,2003/4/7 15:00,14.495
319,2003/4/7 15:30,14.495
320,2003/4/7 16:00,14.495
321,2003/4/7 16:30,14.495
322,2003/4/7 17:00,14.495
323,2003/4/7 17:30,14.495
324,2003/4/7 18:00,14.495
325,2003/4/7 18:30,14.495
326,2003/4/7 19:00,14.495
327,2003/4/7 19:30,14.495
328,2003/4/7 20:00,14.495
329,2003/4/7 20:30,14.495
330,2003/4/7 21:00,14.495
331,2003/4/7 21:30,14.495
332,2003/4/7 22:00,14.495
333,2003/4/7 22:30,14.495
334,2003/4/7 23:00,14.495
335,2003/4/7 23:30,14.495
336,2003/4/8 0:00,6.08
337,2003/4/8 0:30,6.08
338,2003/4/8 1:00,6.08
339,2003/4/8 1:30,6.08
340,2003/4/8 2:00,6.08
341,2003/4/8 2:30,6.08
342,2003/4/8 3:00,6.08
343,2003/4/8 3:30,6.08
344,2003/4/8 4:00,6.08
345,2003/4/8 4:30,6.08
346,2003/4/8 5:00,6.08
347,2003/4/8 5:30,6.08
348,2003/4/8 6:00,6.08
349,2003/4/8 6:30,6.08
350,2003/4/8 7:00,14.495
351,2003/4/8 7:30,14.495
352,2003/4/8 8:00,14.495
353,2003/4/8 8:30,14.495
354,2003/4/8 9:00,14.495
355,2003/4/8 9:30,14.495
356,2003/4/8 10:00,14.495
357,2003/4/8 10:30,14.495
358,2003/4/8 11:00,14.495
359,2003/4/8 11:30,14.495
360,2003/4/8 12:00,14.495
361,2003/4/8 12:30,14.495
362,2003/4/8 13:00,14.495
363,2003/4/8 13:30,14.495
364,2003/4/8 14:00,14.495
365,2003/4/8 14:30,14.495
366,2003/4/8 15:00,14.495
367,2003/4/8 15:30,14.495
368,2003/4/8 16:00,14.495
369,2003/4/8 16:30,14.495
370,2003/4/8 17:00,14.495
371,2003/4/8 17:30,14.495
372,2003/4/8 18:00,14.495
373,2003/4/8 18:30,14.495
374,2003/4/8 19:00,14.495
375,2003/4/8 19:30,14.495
376,2003/4/8 20:00,14.495
377,2003/4/8 20:30,14.495
378,2003/4/8 21:00,14.495
379,2003/4/8 21:30,14.495
380,2003/4/8 22:00,14.495
381,2003/4/8 22:30,14.495
382,2003/4/8 23:00,14.495
383,2003/4/8 23:30,14.495
384,2003/4/9 0:00,6.08
385,2003/4/9 0:30,6.08
386,2003/4/9 1:00,6.08
387,2003/4/9 1:30,6.08
388,2003/4/9 2:00,6.08
389,2003/4/9 2:30,6.08
390,2003/4/9 3:00,6.08
391,2003/4/9 3:30,6.08
392,2003/4/9 4:00,6.08
393,2003/4/9 4:30,6.08
394,2003/4/9 5:00,6.08
395,2003/4/9 5:30,6.08
396,2003/4/9 6:00,6.08
397,2003/4/9 6:30,6.08
398,2003/4/9 7:00,14.495
399,2003/4/9 7:30,14.495
400,2003/4/9 8:00,14.495
401,2003/4/9 8:30,14.495
402,2003/4/9 9:00,14.495
403,2003/4/9 9:30,14.495
404,2003/4/9 10:00,14.495
405,2003/4/9 10:30,14.495
406,2003/4/9 11:00,14.495
407,2003/4/9 11:30,14.495
408,2003/4/9 12:00,14.495
409,2003/4/9 12:30,14.495
410,2003/4/9 13:00,14.495
411,2003/4/9 13:30,14.495
412,2003/4/9 14:00,14.495
413,2003/4/9 14:30,14.495
414,2003/4/9 15:00,14.495
415,2003/4/9 15:30,14.495
416,2003/4/9 16:00,14.495
417,2003/4/9 16:30,14.495
418,2003/4/9 17:00,14.495
419,2003/4/9 17:30,14.495
420,2003/4/9 18:00,14.495
421,2003/4/9 18:30,14.495
422,2003/4/9 19:00,14.495
423,2003/4/9 19:30,14.495
424,2003/4/9 20:00,14.495
425,2003/4/9 20:30,14.495
426,2003/4/9 21:00,14.495
427,2003/4/9 21:30,14.495
428,2003/4/9 22:00,14.495
429,2003/4/9 22:30,14.495
430,2003/4/9 23:00,14.495
431,2003/4/9 23:30,14.495
432,2003/4/10 0:00,6.08
433,2003/4/10 0:30,6.08
434,2003/4/10 1:00,6.08
435,2003/4/10 1:30,6.08
436,2003/4/10 2:00,6.08
437,2003/4/10 2:30,6.08
438,2003/4/10 3:00,6.08
439,2003/4/10 3:30,6.08
440,2003/4/10 4:00,6.08
441,2003/4/10 4:30,6.08
442,2003/4/10 5:00,6.08
443,2003/4/10 5:30,6.08
444,2003/4/10 6:00,6.08
445,2003/4/10 6:30,6.08
446,2003/4/10 7:00,14.495
447,2003/4/10 7:30,14.495
448,2003/4/10 8:00,14.495
449,2003/4/10 8:30,14.495
450,2003/4/10 9:00,14.495
451,2003/4/10 9:30,14.495
452,2003/4/10 10:00,14.495
453,2003/4/10 10:30,14.495
454,2003/4/10 11:00,14.495
455,2003/4/10 11:30,14.495
456,2003/4/10 12:00,14.495
457,2003/4/10 12:30,14.495
458,2003/4/10 13:00,14.495
459,2003/4/10 13:30,14.495
460,2003/4/10 14:00,14.495
461,2003/4/10 14:30,14.495
462,2003/4/10 15:00,14.495
463,2003/4/10 15:30,14.495
464,2003/4/10 16:00,14.495
465,2003/4/10 16:30,14.495
466,2003/4/10 17:00,14.495
467,2003/4/10 17:30,14.495
468,2003/4/10 18:00,14.495
469,2003/4/10 18:30,14.495
470,2003/4/10 19:00,14.495
471,2003/4/10 19:30,14.495
472,2003/4/10 20:00,14.495
473,2003/4/10 20:30,14.495
474,2003/4/10 21:00,14.495
475,2003/4/10 21:30,14.495
476,2003/4/10 22:00,14.495
477,2003/4/10 22:30,14.495
478,2003/4/10 23:00,14.495
479,2003/4/10 23:30,14.495
480,2003/4/11 0:00,6.08
481,2003/4/11 0:30,6.08
482,2003/4/11 1:00,6.08
483,2003/4/11 1:30,6.08
484,2003/4/11 2:00,6.08
485,2003/4/11 2:30,6.08
486,2003/4/11 3:00,6.08
487,2003/4/11 3:30,6.08
488,2003/4/11 4:00,6.08
489,2003/4/11 4:30,6.08
490,2003/4/11 5:00,6.08
491,2003/4/11 5:30,6.08
492,2003/4/11 6:00,6.08
493,2003/4/11 6:30,6.08
494,2003/4/11 7:00,14.495
495,2003/4/11 7:30,14.495
496,2003/4/11 8:00,14.495
497,2003/4/11 8:30,14.495
498,2003/4/11 9:00,14.495
499,2003/4/11 9:30,14.495
500,2003/4/11 10:00,14.495
501,2003/4/11 10:30,14.495
502,2003/4/11 11:00,14.495
503,2003/4/11 11:30,14.495
504,2003/4/11 12:00,14.495
505,2003/4/11 12:30,14.495
506,2003/4/11 13:00,14.495
507,2003/4/11 13:30,14.495
508,2003/4/11 14:00,14.495
509,2003/4/11 14:30,14.495
510,2003/4/11 15:00,14.495
511,2003/4/11 15:30,14.495
512,2003/4/11 16:00,14.495
513,2003/4/11 16:30,14.495
514,2003/4/11 17:00,14.495
515,2003/4/11 17:30,14.495
516,2003/4/11 18:00,14.495
517,2003/4/11 18:30,14.495
518,2003/4/11 19:00,14.495
519,2003/4/11 19:30,14.495
520,2003/4/11 20:00,14.495
521,2003/4/11 20:30,14.495
522,2003/4/11 21:00,14.495
523,2003/4/11 21:30,14.495
524,2003/4/11 22:00,14.495
525,2003/4/11 22:30,14.495
526,2003/4/11 23:00,14.495
527,2003/4/11 23:30,14.495
528,2003/4/12 0:00,6.08
529,2003/4/12 0:30,6.08
530,2003/4/12 1:00,6.08
531,2003/4/12 1:30,6.08
532,2003/4/12 2:00,6.08
533,2003/4/12 2:30,6.08
534,2003/4/12 3:00,6.08
535,2003/4/12 3:30,6.08
536,2003/4/12 4:00,6.08
537,2003/4/12 4:30,6.08
538,2003/4/12 5:00,6.08
539,2003/4/12 5:30,6.08
540,2003/4/12 6:00,6.08
541,2003/4/12 6:30,6.08
542,2003/4/12 7:00,14.495
543,2003/4/12 7:30,14.495
544,2003/4/12 8:00,14.495
545,2003/4/12 8:30,14.495
546,2003/4/12 9:00,14.495
547,2003/4/12 9:30,14.495
548,2003/4/12 10:00,14.495
549,2003/4/12 10:30,14.495
550,2003/4/12 11:00,14.495
551,2003/4/12 11:30,14.495
552,2003/4/12 12:00,14.495
553,2003/4/12 12:30,14.495
554,2003/4/12 13:00,14.495
555,2003/4/12 13:30,14.495
556,2003/4/12 14:00,14.495
557,2003/4/12 14:30,14.495
558,2003/4/12 15:00,14.495
559,2003/4/12 15:30,14.495
560,2003/4/12 16:00,14.495
561,2003/4/12 16:30,14.495
562,2003/4/12 17:00,14.495
563,2003/4/12 17:30,14.495
564,2003/4/12 18:00,14.495
565,2003/4/12 18:30,14.495
566,2003/4/12 19:00,14.495
567,2003/4/12 19:30,14.495
568,2003/4/12 20:00,14.495
569,2003/4/12 20:30,14.495
570,2003/4/12 21:00,14.495
571,2003/4/12 21:30,14.495
572,2003/4/12 22:00,14.495
573,2003/4/12 22:30,14.495
574,2003/4/12 23:00,14.495
575,2003/4/12 23:30,14.495
576,2003/4/13 0:00,6.08
577,2003/4/13 0:30,6.08
578,2003/4/13 1:00,6.08
579,2003/4/13 1:30,6.08
580,2003/4/13 2:00,6.08
581,2003/4/13 2:30,6.08
582,2003/4/13 3:00,6.08
583,2003/4/13 3:30,6.08
584,2003/4/13 4:00,6.08
585,2003/4/13 4:30,6.08
586,2003/4/13 5:00,6.08
587,2003/4/13 5:30,6.08
588,2003/4/13 6:00,6.08
589,2003/4/13 6:30,6.08
590,2003/4/13 7:00,14.495
591,2003/4/13 7:30,14.495
592,2003/4/13 8:00,14.495
593,2003/4/13 8:30,14.495
594,2003/4/13 9:00,14.495
595,2003/4/13 9:30,14.495
596,2003/4/13 10:00,14.495
597,2003/4/13 10:30,14.495
598,2003/4/13 11:00,14.495
599,2003/4/13 11:30,14.495
600,2003/4/13 12:00,14.495
601,2003/4/13 12:30,14.495
602,2003/4/13 13:00,14.495
603,2003/4/13 13:30,14.495
604,2003/4/13 14:00,14.495
605,2003/4/13 14:30,14.495
606,2003/4/13 15:00,14.495
607,2003/4/13 15:30,14.495
608,2003/4/13 16:00,14.495
609,2003/4/13 16:30,14.495
610,2003/4/13 17:00,14.495
611,2003/4/13 17:30,14.495
612,2003/4/13 18:00,14.495
613,2003/4/13 18:30,14.495
614,2003/4/13 19:00,14.495
615,2003/4/13 19:30,14.495
616,2003/4/13 20:00,14.495
617,2003/4/13 20:30,14.495
618,2003/4/13 21:00,14.495
619,2003/4/13 21:30,14.495
620,2003/4/13 22:00,14.495
621,2003/4/13 22:30,14.495
622,2003/4/13 23:00,14.495
623,2003/4/13 23:30,14.495
624,2003/4/14 0:00,6.08
625,2003/4/14 0:30,6.08
626,2003/4/14 1:00,6.08
627,2003/4/14 1:30,6.08
628,2003/4/14 2:00,6.08
629,2003/4/14 2:30,6.08
630,2003/4/14 3:00,6.08
631,2003/4/14 3:30,6.08
632,2003/4/14 4:00,6.08
633,2003/4/14 4:30,6.08
634,2003/4/14 5:00,6.08
635,2003/4/14 5:30,6.08
636,2003/4/14 6:00,6.08
637,2003/4/14 6:30,6.08
638,2003/4/14 7:00,14.495
639,2003/4/14 7:30,14.495
640,2003/4/14 8:00,14.495
641,2003/4/14 8:30,14.495
642,2003/4/14 9:00,14.495
643,2003/4/14 9:30,14.495
644,2003/4/14 10:00,14.495
645,2003/4/14 10:30,14.495
646,2003/4/14 11:00,14.495
647,2003/4/14 11:30,14.495
648,2003/4/14 12:00,14.495
649,2003/4/14 12:30,14.495
650,2003/4/14 13:00,14.495
651,2003/4/14 13:30,14.495
652,2003/4/14 14:00,14.495
653,2003/4/14 14:30,14.495
654,2003/4/14 15:00,14.495
655,2003/4/14 15:30,14.495
656,2003/4/14 16:00,14.495
657,2003/4/14 16:30,14.495
658,2003/4/14 17:00,14.495
659,2003/4/14 17:30,14.495
660,2003/4/14 18:00,14.495
661,2003/4/14 18:30,14.495
662,2003/4/14 19:00,14.495
663,2003/4/14 19:30,14.495
664,2003/4/14 20:00,14.495
665,2003/4/14 20:30,14.495
666,2003/4/14 21:00,14.495
667,2003/4/14 21:30,14.495
668,2003/4/14 22:00,14.495
669,2003/4/14 22:30,14.495
670,2003/4/14 23:00,14.495
671,2003/4/14 23:30,14.495
672,2003/4/15 0:00,6.08
673,2003/4/15 0:30,6.08
674,2003/4/15 1:00,6.08
675,2003/4/15 1:30,6.08
676,2003/4/15 2:00,6.08
677,2003/4/15 2:30,6.08
678,2003/4/15 3:00,6.08
679,2003/4/15 3:30,6.08
680,2003/4/15 4:00,6.08
681,2003/4/15 4:30,6.08
682,2003/4/15 5:00,6.08
683,2003/4/15 5:30,6.08
684,2003/4/15 6:00,6.08
685,2003/4/15 6:30,6.08
686,2003/4/15 7:00,14.495
687,2003/4/15 7:30,14.495
688,2003/4/15 8:00,14.495
689,2003/4/15 8:30,14.495
690,2003/4/15 9:00,14.495
691,2003/4/15 9:30,14.495
692,2003/4/15 10:00,14.495
693,2003/4/15 10:30,14.495
694,2003/4/15 11:00,14.495
695,2003/4/15 11:30,14.495
696,2003/4/15 12:00,14.495
697,2003/4/15 12:30,14.495
698,2003/4/15 13:00,14.495
699,2003/4/15 13:30,14.495
700,2003/4/15 14:00,14.495
701,2003/4/15 14:30,14.495
702,2003/4/15 15:00,14.495
703,2003/4/15 15:30,14.495
704,2003/4/15 16:00,14.495
705,2003/4/15 16:30,14.495
706,2003/4/15 17:00,14.495
707,2003/4/15 17:30,14.495
708,2003/4/15 18:00,14.495
709,2003/4/15 18:30,14.495
710,2003/4/15 19:00,14.495
711,2003/4/15 19:30,14.495
712,2003/4/15 20:00,14.495
713,2003/4/15 20:30,14.495
714,2003/4/15 21:00,14.495
715,2003/4/15 21:30,14.495
716,2003/4/15 22:00,14.495
717,2003/4/15 22:30,14.495
718,2003/4/15 23:00,14.495
719,2003/4/15 23:30,14.495
720,2003/4/16 0:00,6.08
721,2003/4/16 0:30,6.08
722,2003/4/16 1:00,6.08
723,2003/4/16 1:30,6.08
724,2003/4/16 2:00,6.08
725,2003/4/16 2:30,6.08
726,2003/4/16 3:00,6.08
727,2003/4/16 3:30,6.08
728,2003/4/16 4:00,6.08
729,2003/4/16 4:30,6.08
730,2003/4/16 5:00,6.08
731,2003/4/16 5:30,6.08
732,2003/4/16 6:00,6.08
733,2003/4/16 6:30,6.08
734,2003/4/16 7:00,14.495
735,2003/4/16 7:30,14.495
736,2003/4/16 8:00,14.495
737,2003/4/16 8:30,14.495
738,2003/4/16 9:00,14.495
739,2003/4/16 9:30,14.495
740,2003/4/16 10:00,14.495
741,2003/4/16 10:30,14.495
742,2003/4/16 11:00,14.495
743,2003/4/16 11:30,14.495
744,2003/4/16 12:00,14.495
745,2003/4/16 12:30,14.495
746,2003/4/16 13:00,14.495
747,2003/4/16 13:30,14.495
748,2003/4/16 14:00,14.495
749,2003/4/16 14:30,14.495
750,2003/4/16 15:00,14.495
751,2003/4/16 15:30,14.495
752,2003/4/16 16:00,14.495
753,2003/4/16 16:30,14.495
754,2003/4/16 17:00,14.495
755,2003/4/16 17:30,14.495
756,2003/4/16 18:00,14.495
757,2003/4/16 18:30,14.495
758,2003/4/16 19:00,14.495
759,2003/4/16 19:30,14.495
760,2003/4/16 20:00,14.495
761,2003/4/16 20:30,14.495
762,2003/4/16 21:00,14.495
763,2003/4/16 21:30,14.495
764,2003/4/16 22:00,14.495
765,2003/4/16 22:30,14.495
766,2003/4/16 23:00,14.495
767,2003/4/16 23:30,14.495
768,2003/4/17 0:00,6.08
769,2003/4/17 0:30,6.08
770,2003/4/17 1:00,6.08
771,2003/4/17 1:30,6.08
772,2003/4/17 2:00,6.08
773,2003/4/17 2:30,6.08
774,2003/4/17 3:00,6.08
775,2003/4/17 3:30,6.08
776,2003/4/17 4:00,6.08
777,2003/4/17 4:30,6.08
778,2003/4/17 5:00,6.08
779,2003/4/17 5:30,6.08
780,2003/4/17 6:00,6.08
781,2003/4/17 6:30,6.08
782,2003/4/17 7:00,14.495
783,2003/4/17 7:30,14.495
784,2003/4/17 8:00,14.495
785,2003/4/17 8:30,14.495
786,2003/4/17 9:00,14.495
787,2003/4/17 9:30,14.495
788,2003/4/17 10:00,14.495
789,2003/4/17 10:30,14.495
790,2003/4/17 11:00,14.495
791,2003/4/17 11:30,14.495
792,2003/4/17 12:00,14.495
793,2003/4/17 12:30,14.495
794,2003/4/17 13:00,14.495
795,2003/4/17 13:30,14.495
796,2003/4/17 14:00,14.495
797,2003/4/17 14:30,14.495
798,2003/4/17 15:00,14.495
799,2003/4/17 15:30,14.495
800,2003/4/17 16:00,14.495
801,2003/4/17 16:30,14.495
802,2003/4/17 17:00,14.495
803,2003/4/17 17:30,14.495
804,2003/4/17 18:00,14.495
805,2003/4/17 18:30,14.495
806,2003/4/17 19:00,14.495
807,2003/4/17 19:30,14.495
808,2003/4/17 20:00,14.495
809,2003/4/17 20:30,14.495
810,2003/4/17 21:00,14.495
811,2003/4/17 21:30,14.495
812,2003/4/17 22:00,14.495
813,2003/4/17 22:30,14.495
814,2003/4/17 23:00,14.495
815,2003/4/17 23:30,14.495
816,2003/4/18 0:00,6.08
817,2003/4/18 0:30,6.08
818,2003/4/18 1:00,6.08
819,2003/4/18 1:30,6.08
820,2003/4/18 2:00,6.08
821,2003/4/18 2:30,6.08
822,2003/4/18 3:00,6.08
823,2003/4/18 3:30,6.08
824,2003/4/18 4:00,6.08
825,2003/4/18 4:30,6.08
826,2003/4/18 5:00,6.08
827,2003/4/18 5:30,6.08
828,2003/4/18 6:00,6.08
829,2003/4/18 6:30,6.08
830,2003/4/18 7:00,14.495
831,2003/4/18 7:30,14.495
832,2003/4/18 8:00,14.495
833,2003/4/18 8:30,14.495
834,2003/4/18 9:00,14.495
835,2003/4/18 9:30,14.495
836,2003/4/18 10:00,14.495
837,2003/4/18 10:30,14.495
838,2003/4/18 11:00,14.495
839,2003/4/18 11:30,14.495
840,2003/4/18 12:00,14.495
841,2003/4/18 12:30,14.495
842,2003/4/18 13:00,14.495
843,2003/4/18 13:30,14.495
844,2003/4/18 14:00,14.495
845,2003/4/18 14:30,14.495
846,2003/4/18 15:00,14.495
847,2003/4/18 15:30,14.495
848,2003/4/18 16:00,14.495
849,2003/4/18 16:30,14.495
850,2003/4/18 17:00,14.495
851,2003/4/18 17:30,14.495
852,2003/4/18 18:00,14.495
853,2003/4/18 18:30,14.495
854,2003/4/18 19:00,14.495
855,2003/4/18 19:30,14.495
856,2003/4/18 20:00,14.495
857,2003/4/18 20:30,14.495
858,2003/4/18 21:00,14.495
859,2003/4/18 21:30,14.495
860,2003/4/18 22:00,14.495
861,2003/4/18 22:30,14.495
862,2003/4/18 23:00,14.495
863,2003/4/18 23:30,14.495
864,2003/4/19 0:00,6.08
865,2003/4/19 0:30,6.08
866,2003/4/19 1:00,6.08
867,2003/4/19 1:30,6.08
868,2003/4/19 2:00,6.08
869,2003/4/19 2:30,6.08
870,2003/4/19 3:00,6.08
871,2003/4/19 3:30,6.08
872,2003/4/19 4:00,6.08
873,2003/4/19 4:30,6.08
874,2003/4/19 5:00,6.08
875,2003/4/19 5:30,6.08
876,2003/4/19 6:00,6.08
877,2003/4/19 6:30,6.08
878,2003/4/19 7:00,14.495
879,2003/4/19 7:30,14.495
880,2003/4/19 8:00,14.495
881,2003/4/19 8:30,14.495
882,2003/4/19 9:00,14.495
883,2003/4/19 9:30,14.495
884,2003/4/19 10:00,14.495
885,2003/4/19 10:30,14.495
886,2003/4/19 11:00,14.495
887,2003/4/19 11:30,14.495
888,2003/4/19 12:00,14.495
889,2003/4/19 12:30,14.495
890,2003/4/19 13:00,14.495
891,2003/4/19 13:30,14.495
892,2003/4/19 14:00,14.495
893,2003/4/19 14:30,14.495
894,2003/4/19 15:00,14.495
895,2003/4/19 15:30,14.495
896,2003/4/19 16:00,14.495
897,2003/4/19 16:30,14.495
898,2003/4/19 17:00,14.495
899,2003/4/19 17:30,14.495
900,2003/4/19 18:00,14.495
901,2003/4/19 18:30,14.495
902,2003/4/19 19:00,14.495
903,2003/4/19 19:30,14.495
904,2003/4/19 20:00,14.495
905,2003/4/19 20:30,14.495
906,2003/4/19 21:00,14.495
907,2003/4/19 21:30,14.495
908,2003/4/19 22:00,14.495
909,2003/4/19 22:30,14.495
910,2003/4/19 23:00,14.495
911,2003/4/19 23:30,14.495
912,2003/4/20 0:00,6.08
913,2003/4/20 0:30,6.08
914,2003/4/20 1:00,6.08
915,2003/4/20 1:30,6.08
916,2003/4/20 2:00,6.08
917,2003/4/20 2:30,6.08
918,2003/4/20 3:00,6.08
919,2003/4/20 3:30,6.08
920,2003/4/20 4:00,6.08
921,2003/4/20 4:30,6.08
922,2003/4/20 5:00,6.08
923,2003/4/20 5:30,6.08
924,2003/4/20 6:00,6.08
925,2003/4/20 6:30,6.08
926,2003/4/20 7:00,14.495
927,2003/4/20 7:30,14.495
928,2003/4/20 8:00,14.495
929,2003/4/20 8:30,14.495
930,2003/4/20 9:00,14.495
931,2003/4/20 9:30,14.495
932,2003/4/20 10:00,14.495
933,2003/4/20 10:30,14.495
934,2003/4/20 11:00,14.495
935,2003/4/20 11:30,14.495
936,2003/4/20 12:00,14.495
937,2003/4/20 12:30,14.495
938,2003/4/20 13:00,14.495
939,2003/4/20 13:30,14.495
940,2003/4/20 14:00,14.495
941,2003/4/20 14:30,14.495
942,2003/4/20 15:00,14.495
943,2003/4/20 15:30,14.495
944,2003/4/20 16:00,14.495
945,2003/4/20 16:30,14.495
946,2003/4/20 17:00,14.495
947,2003/4/20 17:30,14.495
948,2003/4/20 18:00,14.495
949,2003/4/20 18:30,14.495
950,2003/4/20 19:00,14.495
951,2003/4/20 19:30,14.495
952,2003/4/20 20:00,14.495
953,2003/4/20 20:30,14.495
954,2003/4/20 21:00,14.495
955,2003/4/20 21:30,14.495
956,2003/4/20 22:00,14.495
957,2003/4/20 22:30,14.495
958,2003/4/20 23:00,14.495
959,2003/4/20 23:30,14.495
960,2003/4/21 0:00,6.08
961,2003/4/21 0:30,6.08
962,2003/4/21 1:00,6.08
963,2003/4/21 1:30,6.08
964,2003/4/21 2:00,6.08
965,2003/4/21 2:30,6.08
966,2003/4/21 3:00,6.08
967,2003/4/21 3:30,6.08
968,2003/4/21 4:00,6.08
969,2003/4/21 4:30,6.08
970,2003/4/21 5:00,6.08
971,2003/4/21 5:30,6.08
972,2003/4/21 6:00,6.08
973,2003/4/21 6:30,6.08
974,2003/4/21 7:00,14.495
975,2003/4/21 7:30,14.495
976,2003/4/21 8:00,14.495
977,2003/4/21 8:30,14.495
978,2003/4/21 9:00,14.495
979,2003/4/21 9:30,14.495
980,2003/4/21 10:00,14.495
981,2003/4/21 10:30,14.495
982,2003/4/21 11:00,14.495
983,2003/4/21 11:30,14.495
984,2003/4/21 12:00,14.495
985,2003/4/21 12:30,14.495
986,2003/4/21 13:00,14.495
987,2003/4/21 13:30,14.495
988,2003/4/21 14:00,14.495
989,2003/4/21 14:30,14.495
990,2003/4/21 15:00,14.495
991,2003/4/21 15:30,14.495
992,2003/4/21 16:00,14.495
993,2003/4/21 16:30,14.495
994,2003/4/21 17:00,14.495
995,2003/4/21 17:30,14.495
996,2003/4/21 18:00,14.495
997,2003/4/21 18:30,14.495
998,2003/4/21 19:00,14.495
999,2003/4/21 19:30,14.495
1000,2003/4/21 20:00,14.495
1001,2003/4/21 20:30,14.495
1002,2003/4/21 21:00,14.495
1003,2003/4/21 21:30,14.495
1004,2003/4/21 22:00,14.495
1005,2003/4/21 22:30,14.495
1006,2003/4/21 23:00,14.495
1007,2003/4/21 23:30,14.495
1008,2003/4/22 0:00,6.08
1009,2003/4/22 0:30,6.08
1010,2003/4/22 1:00,6.08
1011,2003/4/22 1:30,6.08
1012,2003/4/22 2:00,6.08
1013,2003/4/22 2:30,6.08
1014,2003/4/22 3:00,6.08
1015,2003/4/22 3:30,6.08
1016,2003/4/22 4:00,6.08
1017,2003/4/22 4:30,6.08
1018,2003/4/22 5:00,6.08
1019,2003/4/22 5:30,6.08
1020,2003/4/22 6:00,6.08
1021,2003/4/22 6:30,6.08
1022,2003/4/22 7:00,14.495
1023,2003/4/22 7:30,14.495
1024,2003/4/22 8:00,14.495
1025,2003/4/22 8:30,14.495
1026,2003/4/22 9:00,14.495
1027,2003/4/22 9:30,14.495
1028,2003/4/22 10:00,14.495
1029,2003/4/22 10:30,14.495
1030,2003/4/22 11:00,14.495
1031,2003/4/22 11:30,14.495
1032,2003/4/22 12:00,14.495
1033,2003/4/22 12:30,14.495
1034,2003/4/22 13:00,14.495
1035,2003/4/22 13:30,14.495
1036,2003/4/22 14:00,14.495
1037,2003/4/22 14:30,14.495
1038,2003/4/22 15:00,14.495
1039,2003/4/22 15:30,14.495
1040,2003/4/22 16:00,14.495
1041,2003/4/22 16:30,14.495
1042,2003/4/22 17:00,14.495
1043,2003/4/22 17:30,14.495
1044,2003/4/22 18:00,14.495
1045,2003/4/22 18:30,14.495
1046,2003/4/22 19:00,14.495
1047,2003/4/22 19:30,14.495
1048,2003/4/22 20:00,14.495
1049,2003/4/22 20:30,14.495
1050,2003/4/22 21:00,14.495
1051,2003/4/22 21:30,14.495
1052,2003/4/22 22:00,14.495
1053,2003/4/22 22:30,14.495
1054,2003/4/22 23:00,14.495
1055,2003/4/22 23:30,14.495
1056,2003/4/23 0:00,6.08
1057,2003/4/23 0:30,6.08
1058,2003/4/23 1:00,6.08
1059,2003/4/23 1:30,6.08
1060,2003/4/23 2:00,6.08
1061,2003/4/23 2:30,6.08
1062,2003/4/23 3:00,6.08
1063,2003/4/23 3:30,6.08
1064,2003/4/23 4:00,6.08
1065,2003/4/23 4:30,6.08
1066,2003/4/23 5:00,6.08
1067,2003/4/23 5:30,6.08
1068,2003/4/23 6:00,6.08
1069,2003/4/23 6:30,6.08
1070,2003/4/23 7:00,14.495
1071,2003/4/23 7:30,14.495
1072,2003/4/23 8:00,14.495
1073,2003/4/23 8:30,14.495
1074,2003/4/23 9:00,14.495
1075,2003/4/23 9:30,14.495
1076,2003/4/23 10:00,14.495
1077,2003/4/23 10:30,14.495
1078,2003/4/23 11:00,14.495
1079,2003/4/23 11:30,14.495
1080,2003/4/23 12:00,14.495
1081,2003/4/23 12:30,14.495
1082,2003/4/23 13:00,14.495
1083,2003/4/23 13:30,14.495
1084,2003/4/23 14:00,14.495
1085,2003/4/23 14:30,14.495
1086,2003/4/23 15:00,14.495
1087,2003/4/23 15:30,14.495
1088,2003/4/23 16:00,14.495
1089,2003/4/23 16:30,14.495
1090,2003/4/23 17:00,14.495
1091,2003/4/23 17:30,14.495
1092,2003/4/23 18:00,14.495
1093,2003/4/23 18:30,14.495
1094,2003/4/23 19:00,14.495
1095,2003/4/23 19:30,14.495
1096,2003/4/23 20:00,14.495
1097,2003/4/23 20:30,14.495
1098,2003/4/23 21:00,14.495
1099,2003/4/23 21:30,14.495
1100,2003/4/23 22:00,14.495
1101,2003/4/23 22:30,14.495
1102,2003/4/23 23:00,14.495
1103,2003/4/23 23:30,14.495
1104,2003/4/24 0:00,6.08
1105,2003/4/24 0:30,6.08
1106,2003/4/24 1:00,6.08
1107,2003/4/24 1:30,6.08
1108,2003/4/24 2:00,6.08
1109,2003/4/24 2:30,6.08
1110,2003/4/24 3:00,6.08
1111,2003/4/24 3:30,6.08
1112,2003/4/24 4:00,6.08
1113,2003/4/24 4:30,6.08
1114,2003/4/24 5:00,6.08
1115,2003/4/24 5:30,6.08
1116,2003/4/24 6:00,6.08
1117,2003/4/24 6:30,6.08
1118,2003/4/24 7:00,14.495
1119,2003/4/24 7:30,14.495
1120,2003/4/24 8:00,14.495
1121,2003/4/24 8:30,14.495
1122,2003/4/24 9:00,14.495
1123,2003/4/24 9:30,14.495
1124,2003/4/24 10:00,14.495
1125,2003/4/24 10:30,14.495
1126,2003/4/24 11:00,14.495
1127,2003/4/24 11:30,14.495
1128,2003/4/24 12:00,14.495
1129,2003/4/24 12:30,14.495
1130,2003/4/24 13:00,14.495
1131,2003/4/24 13:30,14.495
1132,2003/4/24 14:00,14.495
1133,2003/4/24 14:30,14.495
1134,2003/4/24 15:00,14.495
1135,2003/4/24 15:30,14.495
1136,2003/4/24 16:00,14.495
1137,2003/4/24 16:30,14.495
1138,2003/4/24 17:00,14.495
1139,2003/4/24 17:30,14.495
1140,2003/4/24 18:00,14.495
1141,2003/4/24 18:30,14.495
1142,2003/4/24 19:00,14.495
1143,2003/4/24 19:30,14.495
1144,2003/4/24 20:00,14.495
1145,2003/4/24 20:30,14.495
1146,2003/4/24 21:00,14.495
1147,2003/4/24 21:30,14.495
1148,2003/4/24 22:00,14.495
1149,2003/4/24 22:30,14.495
1150,2003/4/24 23:00,14.495
1151,2003/4/24 23:30,14.495
1152,2003/4/25 0:00,6.08
1153,2003/4/25 0:30,6.08
1154,2003/4/25 1:00,6.08
1155,2003/4/25 1:30,6.08
1156,2003/4/25 2:00,6.08
1157,2003/4/25 2:30,6.08
1158,2003/4/25 3:00,6.08
1159,2003/4/25 3:30,6.08
1160,2003/4/25 4:00,6.08
1161,2003/4/25 4:30,6.08
1162,2003/4/25 5:00,6.08
1163,2003/4/25 5:30,6.08
1164,2003/4/25 6:00,6.08
1165,2003/4/25 6:30,6.08
1166,2003/4/25 7:00,14.495
1167,2003/4/25 7:30,14.495
1168,2003/4/25 8:00,14.495
1169,2003/4/25 8:30,14.495
1170,2003/4/25 9:00,14.495
1171,2003/4/25 9:30,14.495
1172,2003/4/25 10:00,14.495
1173,2003/4/25 10:30,14.495
1174,2003/4/25 11:00,14.495
1175,2003/4/25 11:30,14.495
1176,2003/4/25 12:00,14.495
1177,2003/4/25 12:30,14.495
1178,2003/4/25 13:00,14.495
1179,2003/4/25 13:30,14.495
1180,2003/4/25 14:00,14.495
1181,2003/4/25 14:30,14.495
1182,2003/4/25 15:00,14.495
1183,2003/4/25 15:30,14.495
1184,2003/4/25 16:00,14.495
1185,2003/4/25 16:30,14.495
1186,2003/4/25 17:00,14.495
1187,2003/4/25 17:30,14.495
1188,2003/4/25 18:00,14.495
1189,2003/4/25 18:30,14.495
1190,2003/4/25 19:00,14.495
1191,2003/4/25 19:30,14.495
1192,2003/4/25 20:00,14.495
1193,2003/4/25 20:30,14.495
1194,2003/4/25 21:00,14.495
1195,2003/4/25 21:30,14.495
1196,2003/4/25 22:00,14.495
1197,2003/4/25 22:30,14.495
1198,2003/4/25 23:00,14.495
1199,2003/4/25 23:30,14.495
1200,2003/4/26 0:00,6.08
1201,2003/4/26 0:30,6.08
1202,2003/4/26 1:00,6.08
1203,2003/4/26 1:30,6.08
1204,2003/4/26 2:00,6.08
1205,2003/4/26 2:30,6.08
1206,2003/4/26 3:00,6.08
1207,2003/4/26 3:30,6.08
1208,2003/4/26 4:00,6.08
1209,2003/4/26 4:30,6.08
1210,2003/4/26 5:00,6.08
1211,2003/4/26 5:30,6.08
1212,2003/4/26 6:00,6.08
1213,2003/4/26 6:30,6.08
1214,2003/4/26 7:00,14.495
1215,2003/4/26 7:30,14.495
1216,2003/4/26 8:00,14.495
1217,2003/4/26 8:30,14.495
1218,2003/4/26 9:00,14.495
1219,2003/4/26 9:30,14.495
1220,2003/4/26 10:00,14.495
1221,2003/4/26 10:30,14.495
1222,2003/4/26 11:00,14.495
1223,2003/4/26 11:30,14.495
1224,2003/4/26 12:00,14.495
1225,2003/4/26 12:30,14.495
1226,2003/4/26 13:00,14.495
1227,2003/4/26 13:30,14.495
1228,2003/4/26 14:00,14.495
1229,2003/4/26 14:30,14.495
1230,2003/4/26 15:00,14.495
1231,2003/4/26 15:30,14.495
1232,2003/4/26 16:00,14.495
1233,2003/4/26 16:30,14.495
1234,2003/4/26 17:00,14.495
1235,2003/4/26 17:30,14.495
1236,2003/4/26 18:00,14.495
1237,2003/4/26 18:30,14.495
1238,2003/4/26 19:00,14.495
1239,2003/4/26 19:30,14.495
1240,2003/4/26 20:00,14.495
1241,2003/4/26 20:30,14.495
1242,2003/4/26 21:00,14.495
1243,2003/4/26 21:30,14.495
1244,2003/4/26 22:00,14.495
1245,2003/4/26 22:30,14.495
1246,2003/4/26 23:00,14.495
1247,2003/4/26 23:30,14.495
1248,2003/4/27 0:00,6.08
1249,2003/4/27 0:30,6.08
1250,2003/4/27 1:00,6.08
1251,2003/4/27 1:30,6.08
1252,2003/4/27 2:00,6.08
1253,2003/4/27 2:30,6.08
1254,2003/4/27 3:00,6.08
1255,2003/4/27 3:30,6.08
1256,2003/4/27 4:00,6.08
1257,2003/4/27 4:30,6.08
1258,2003/4/27 5:00,6.08
1259,2003/4/27 5:30,6.08
1260,2003/4/27 6:00,6.08
1261,2003/4/27 6:30,6.08
1262,2003/4/27 7:00,14.495
1263,2003/4/27 7:30,14.495
1264,2003/4/27 8:00,14.495
1265,2003/4/27 8:30,14.495
1266,2003/4/27 9:00,14.495
1267,2003/4/27 9:30,14.495
1268,2003/4/27 10:00,14.495
1269,2003/4/27 10:30,14.495
1270,2003/4/27 11:00,14.495
1271,2003/4/27 11:30,14.495
1272,2003/4/27 12:00,14.495
1273,2003/4/27 12:30,14.495
1274,2003/4/27 13:00,14.495
1275,2003/4/27 13:30,14.495
1276,2003/4/27 14:00,14.495
1277,2003/4/27 14:30,14.495
1278,2003/4/27 15:00,14.495
1279,2003/4/27 15:30,14.495
1280,2003/4/27 16:00,14.495
1281,2003/4/27 16:30,14.495
1282,2003/4/27 17:00,14.495
1283,2003/4/27 17:30,14.495
1284,2003/4/27 18:00,14.495
1285,2003/4/27 18:30,14.495
1286,2003/4/27 19:00,14.495
1287,2003/4/27 19:30,14.495
1288,2003/4/27 20:00,14.495
1289,2003/4/27 20:30,14.495
1290,2003/4/27 21:00,14.495
1291,2003/4/27 21:30,14.495
1292,2003/4/27 22:00,14.495
1293,2003/4/27 22:30,14.495
1294,2003/4/27 23:00,14.495
1295,2003/4/27 23:30,14.495
1296,2003/4/28 0:00,6.08
1297,2003/4/28 0:30,6.08
1298,2003/4/28 1:00,6.08
1299,2003/4/28 1:30,6.08
1300,2003/4/28 2:00,6.08
1301,2003/4/28 2:30,6.08
1302,2003/4/28 3:00,6.08
1303,2003/4/28 3:30,6.08
1304,2003/4/28 4:00,6.08
1305,2003/4/28 4:30,6.08
1306,2003/4/28 5:00,6.08
1307,2003/4/28 5:30,6.08
1308,2003/4/28 6:00,6.08
1309,2003/4/28 6:30,6.08
1310,2003/4/28 7:00,14.495
1311,2003/4/28 7:30,14.495
1312,2003/4/28 8:00,14.495
1313,2003/4/28 8:30,14.495
1314,2003/4/28 9:00,14.495
1315,2003/4/28 9:30,14.495
1316,2003/4/28 10:00,14.495
1317,2003/4/28 10:30,14.495
1318,2003/4/28 11:00,14.495
1319,2003/4/28 11:30,14.495
1320,2003/4/28 12:00,14.495
1321,2003/4/28 12:30,14.495
1322,2003/4/28 13:00,14.495
1323,2003/4/28 13:30,14.495
1324,2003/4/28 14:00,14.495
1325,2003/4/28 14:30,14.495
1326,2003/4/28 15:00,14.495
1327,2003/4/28 15:30,14.495
1328,2003/4/28 16:00,14.495
1329,2003/4/28 16:30,14.495
1330,2003/4/28 17:00,14.495
1331,2003/4/28 17:30,14.495
1332,2003/4/28 18:00,14.495
1333,2003/4/28 18:30,14.495
1334,2003/4/28 19:00,14.495
1335,2003/4/28 19:30,14.495
1336,2003/4/28 20:00,14.495
1337,2003/4/28 20:30,14.495
1338,2003/4/28 21:00,14.495
1339,2003/4/28 21:30,14.495
1340,2003/4/28 22:00,14.495
1341,2003/4/28 22:30,14.495
1342,2003/4/28 23:00,14.495
1343,2003/4/28 23:30,14.495
1344,2003/4/29 0:00,6.08
1345,2003/4/29 0:30,6.08
1346,2003/4/29 1:00,6.08
1347,2003/4/29 1:30,6.08
1348,2003/4/29 2:00,6.08
1349,2003/4/29 2:30,6.08
1350,2003/4/29 3:00,6.08
1351,2003/4/29 3:30,6.08
1352,2003/4/29 4:00,6.08
1353,2003/4/29 4:30,6.08
1354,2003/4/29 5:00,6.08
1355,2003/4/29 5:30,6.08
1356,2003/4/29 6:00,6.08
1357,2003/4/29 6:30,6.08
1358,2003/4/29 7:00,14.495
1359,2003/4/29 7:30,14.495
1360,2003/4/29 8:00,14.495
1361,2003/4/29 8:30,14.495
1362,2003/4/29 9:00,14.495
1363,2003/4/29 9:30,14.495
1364,2003/4/29 10:00,14.495
1365,2003/4/29 10:30,14.495
1366,2003/4/29 11:00,14.495
1367,2003/4/29 11:30,14.495
1368,2003/4/29 12:00,14.495
1369,2003/4/29 12:30,14.495
1370,2003/4/29 13:00,14.495
1371,2003/4/29 13:30,14.495
1372,2003/4/29 14:00,14.495
1373,2003/4/29 14:30,14.495
1374,2003/4/29 15:00,14.495
1375,2003/4/29 15:30,14.495
1376,2003/4/29 16:00,14.495
1377,2003/4/29 16:30,14.495
1378,2003/4/29 17:00,14.495
1379,2003/4/29 17:30,14.495
1380,2003/4/29 18:00,14.495
1381,2003/4/29 18:30,14.495
1382,2003/4/29 19:00,14.495
1383,2003/4/29 19:30,14.495
1384,2003/4/29 20:00,14.495
1385,2003/4/29 20:30,14.495
1386,2003/4/29 21:00,14.495
1387,2003/4/29 21:30,14.495
1388,2003/4/29 22:00,14.495
1389,2003/4/29 22:30,14.495
1390,2003/4/29 23:00,14.495
1391,2003/4/29 23:30,14.495
1392,2003/4/30 0:00,6.08
1393,2003/4/30 0:30,6.08
1394,2003/4/30 1:00,6.08
1395,2003/4/30 1:30,6.08
1396,2003/4/30 2:00,6.08
1397,2003/4/30 2:30,6.08
1398,2003/4/30 3:00,6.08
1399,2003/4/30 3:30,6.08
1400,2003/4/30 4:00,6.08
1401,2003/4/30 4:30,6.08
1402,2003/4/30 5:00,6.08
1403,2003/4/30 5:30,6.08
1404,2003/4/30 6:00,6.08
1405,2003/4/30 6:30,6.08
1406,2003/4/30 7:00,14.495
1407,2003/4/30 7:30,14.495
1408,2003/4/30 8:00,14.495
1409,2003/4/30 8:30,14.495
1410,2003/4/30 9:00,14.495
1411,2003/4/30 9:30,14.495
1412,2003/4/30 10:00,14.495
1413,2003/4/30 10:30,14.495
1414,2003/4/30 11:00,14.495
1415,2003/4/30 11:30,14.495
1416,2003/4/30 12:00,14.495
1417,2003/4/30 12:30,14.495
1418,2003/4/30 13:00,14.495
1419,2003/4/30 13:30,14.495
1420,2003/4/30 14:00,14.495
1421,2003/4/30 14:30,14.495
1422,2003/4/30 15:00,14.495
1423,2003/4/30 15:30,14.495
1424,2003/4/30 16:00,14.495
1425,2003/4/30 16:30,14.495
1426,2003/4/30 17:00,14.495
1427,2003/4/30 17:30,14.495
1428,2003/4/30 18:00,14.495
1429,2003/4/30 18:30,14.495
1430,2003/4/30 19:00,14.495
1431,2003/4/30 19:30,14.495
1432,2003/4/30 20:00,14.495
1433,2003/4/30 20:30,14.495
1434,2003/4/30 21:00,14.495
1435,2003/4/30 21:30,14.495
1436,2003/4/30 22:00,14.495
1437,2003/4/30 22:30,14.495
1438,2003/4/30 23:00,14.495
1439,2003/4/30 23:30,14.495
1440,2003/5/1 0:00,6.08
1441,2003/5/1 0:30,6.08
1442,2003/5/1 1:00,6.08
1443,2003/5/1 1:30,6.08
1444,2003/5/1 2:00,6.08
1445,2003/5/1 2:30,6.08
1446,2003/5/1 3:00,6.08
1447,2003/5/1 3:30,6.08
1448,2003/5/1 4:00,6.08
1449,2003/5/1 4:30,6.08
1450,2003/5/1 5:00,6.08
1451,2003/5/1 5:30,6.08
1452,2003/5/1 6:00,6.08
1453,2003/5/1 6:30,6.08
1454,2003/5/1 7:00,14.495
1455,2003/5/1 7:30,14.495
1456,2003/5/1 8:00,14.495
1457,2003/5/1 8:30,14.495
1458,2003/5/1 9:00,14.495
1459,2003/5/1 9:30,14.495
1460,2003/5/1 10:00,14.495
1461,2003/5/1 10:30,14.495
1462,2003/5/1 11:00,14.495
1463,2003/5/1 11:30,14.495
1464,2003/5/1 12:00,14.495
1465,2003/5/1 12:30,14.495
1466,2003/5/1 13:00,14.495
1467,2003/5/1 13:30,14.495
1468,2003/5/1 14:00,14.495
1469,2003/5/1 14:30,14.495
1470,2003/5/1 15:00,14.495
1471,2003/5/1 15:30,14.495
1472,2003/5/1 16:00,14.495
1473,2003/5/1 16:30,14.495
1474,2003/5/1 17:00,14.495
1475,2003/5/1 17:30,14.495
1476,2003/5/1 18:00,14.495
1477,2003/5/1 18:30,14.495
1478,2003/5/1 19:00,14.495
1479,2003/5/1 19:30,14.495
1480,2003/5/1 20:00,14.495
1481,2003/5/1 20:30,14.495
1482,2003/5/1 21:00,14.495
1483,2003/5/1 21:30,14.495
1484,2003/5/1 22:00,14.495
1485,2003/5/1 22:30,14.495
1486,2003/5/1 23:00,14.495
1487,2003/5/1 23:30,14.495
1488,2003/5/2 0:00,6.08
1489,2003/5/2 0:30,6.08
1490,2003/5/2 1:00,6.08
1491,2003/5/2 1:30,6.08
1492,2003/5/2 2:00,6.08
1493,2003/5/2 2:30,6.08
1494,2003/5/2 3:00,6.08
1495,2003/5/2 3:30,6.08
1496,2003/5/2 4:00,6.08
1497,2003/5/2 4:30,6.08
1498,2003/5/2 5:00,6.08
1499,2003/5/2 5:30,6.08
1500,2003/5/2 6:00,6.08
1501,2003/5/2 6:30,6.08
1502,2003/5/2 7:00,14.495
1503,2003/5/2 7:30,14.495
1504,2003/5/2 8:00,14.495
1505,2003/5/2 8:30,14.495
1506,2003/5/2 9:00,14.495
1507,2003/5/2 9:30,14.495
1508,2003/5/2 10:00,14.495
1509,2003/5/2 10:30,14.495
1510,2003/5/2 11:00,14.495
1511,2003/5/2 11:30,14.495
1512,2003/5/2 12:00,14.495
1513,2003/5/2 12:30,14.495
1514,2003/5/2 13:00,14.495
1515,2003/5/2 13:30,14.495
1516,2003/5/2 14:00,14.495
1517,2003/5/2 14:30,14.495
1518,2003/5/2 15:00,14.495
1519,2003/5/2 15:30,14.495
1520,2003/5/2 16:00,14.495
1521,2003/5/2 16:30,14.495
1522,2003/5/2 17:00,14.495
1523,2003/5/2 17:30,14.495
1524,2003/5/2 18:00,14.495
1525,2003/5/2 18:30,14.495
1526,2003/5/2 19:00,14.495
1527,2003/5/2 19:30,14.495
1528,2003/5/2 20:00,14.495
1529,2003/5/2 20:30,14.495
1530,2003/5/2 21:00,14.495
1531,2003/5/2 21:30,14.495
1532,2003/5/2 22:00,14.495
1533,2003/5/2 22:30,14.495
1534,2003/5/2 23:00,14.495
1535,2003/5/2 23:30,14.495
1536,2003/5/3 0:00,6.08
1537,2003/5/3 0:30,6.08
1538,2003/5/3 1:00,6.08
1539,2003/5/3 1:30,6.08
1540,2003/5/3 2:00,6.08
1541,2003/5/3 2:30,6.08
1542,2003/5/3 3:00,6.08
1543,2003/5/3 3:30,6.08
1544,2003/5/3 4:00,6.08
1545,2003/5/3 4:30,6.08
1546,2003/5/3 5:00,6.08
1547,2003/5/3 5:30,6.08
1548,2003/5/3 6:00,6.08
1549,2003/5/3 6:30,6.08
1550,2003/5/3 7:00,14.495
1551,2003/5/3 7:30,14.495
1552,2003/5/3 8:00,14.495
1553,2003/5/3 8:30,14.495
1554,2003/5/3 9:00,14.495
1555,2003/5/3 9:30,14.495
1556,2003/5/3 10:00,14.495
1557,2003/5/3 10:30,14.495
1558,2003/5/3 11:00,14.495
1559,2003/5/3 11:30,14.495
1560,2003/5/3 12:00,14.495
1561,2003/5/3 12:30,14.495
1562,2003/5/3 13:00,14.495
1563,2003/5/3 13:30,14.495
1564,2003/5/3 14:00,14.495
1565,2003/5/3 14:30,14.495
1566,2003/5/3 15:00,14.495
1567,2003/5/3 15:30,14.495
1568,2003/5/3 16:00,14.495
1569,2003/5/3 16:30,14.495
1570,2003/5/3 17:00,14.495
1571,2003/5/3 17:30,14.495
1572,2003/5/3 18:00,14.495
1573,2003/5/3 18:30,14.495
1574,2003/5/3 19:00,14.495
1575,2003/5/3 19:30,14.495
1576,2003/5/3 20:00,14.495
1577,2003/5/3 20:30,14.495
1578,2003/5/3 21:00,14.495
1579,2003/5/3 21:30,14.495
1580,2003/5/3 22:00,14.495
1581,2003/5/3 22:30,14.495
1582,2003/5/3 23:00,14.495
1583,2003/5/3 23:30,14.495
1584,2003/5/4 0:00,6.08
1585,2003/5/4 0:30,6.08
1586,2003/5/4 1:00,6.08
1587,2003/5/4 1:30,6.08
1588,2003/5/4 2:00,6.08
1589,2003/5/4 2:30,6.08
1590,2003/5/4 3:00,6.08
1591,2003/5/4 3:30,6.08
1592,2003/5/4 4:00,6.08
1593,2003/5/4 4:30,6.08
1594,2003/5/4 5:00,6.08
1595,2003/5/4 5:30,6.08
1596,2003/5/4 6:00,6.08
1597,2003/5/4 6:30,6.08
1598,2003/5/4 7:00,14.495
1599,2003/5/4 7:30,14.495
1600,2003/5/4 8:00,14.495
1601,2003/5/4 8:30,14.495
1602,2003/5/4 9:00,14.495
1603,2003/5/4 9:30,14.495
1604,2003/5/4 10:00,14.495
1605,2003/5/4 10:30,14.495
1606,2003/5/4 11:00,14.495
1607,2003/5/4 11:30,14.495
1608,2003/5/4 12:00,14.495
1609,2003/5/4 12:30,14.495
1610,2003/5/4 13:00,14.495
1611,2003/5/4 13:30,14.495
1612,2003/5/4 14:00,14.495
1613,2003/5/4 14:30,14.495
1614,2003/5/4 15:00,14.495
1615,2003/5/4 15:30,14.495
1616,2003/5/4 16:00,14.495
1617,2003/5/4 16:30,14.495
1618,2003/5/4 17:00,14.495
1619,2003/5/4 17:30,14.495
1620,2003/5/4 18:00,14.495
1621,2003/5/4 18:30,14.495
1622,2003/5/4 19:00,14.495
1623,2003/5/4 19:30,14.495
1624,2003/5/4 20:00,14.495
1625,2003/5/4 20:30,14.495
1626,2003/5/4 21:00,14.495
1627,2003/5/4 21:30,14.495
1628,2003/5/4 22:00,14.495
1629,2003/5/4 22:30,14.495
1630,2003/5/4 23:00,14.495
1631,2003/5/4 23:30,14.495
1632,2003/5/5 0:00,6.08
1633,2003/5/5 0:30,6.08
1634,2003/5/5 1:00,6.08
1635,2003/5/5 1:30,6.08
1636,2003/5/5 2:00,6.08
1637,2003/5/5 2:30,6.08
1638,2003/5/5 3:00,6.08
1639,2003/5/5 3:30,6.08
1640,2003/5/5 4:00,6.08
1641,2003/5/5 4:30,6.08
1642,2003/5/5 5:00,6.08
1643,2003/5/5 5:30,6.08
1644,2003/5/5 6:00,6.08
1645,2003/5/5 6:30,6.08
1646,2003/5/5 7:00,14.495
1647,2003/5/5 7:30,14.495
1648,2003/5/5 8:00,14.495
1649,2003/5/5 8:30,14.495
1650,2003/5/5 9:00,14.495
1651,2003/5/5 9:30,14.495
1652,2003/5/5 10:00,14.495
1653,2003/5/5 10:30,14.495
1654,2003/5/5 11:00,14.495
1655,2003/5/5 11:30,14.495
1656,2003/5/5 12:00,14.495
1657,2003/5/5 12:30,14.495
1658,2003/5/5 13:00,14.495
1659,2003/5/5 13:30,14.495
1660,2003/5/5 14:00,14.495
1661,2003/5/5 14:30,14.495
1662,2003/5/5 15:00,14.495
1663,2003/5/5 15:30,14.495
1664,2003/5/5 16:00,14.495
1665,2003/5/5 16:30,14.495
1666,2003/5/5 17:00,14.495
1667,2003/5/5 17:30,14.495
1668,2003/5/5 18:00,14.495
1669,2003/5/5 18:30,14.495
1670,2003/5/5 19:00,14.495
1671,2003/5/5 19:30,14.495
1672,2003/5/5 20:00,14.495
1673,2003/5/5 20:30,14.495
1674,2003/5/5 21:00,14.495
1675,2003/5/5 21:30,14.495
1676,2003/5/5 22:00,14.495
1677,2003/5/5 22:30,14.495
1678,2003/5/5 23:00,14.495
1679,2003/5/5 23:30,14.495
1680,2003/5/6 0:00,6.08
1681,2003/5/6 0:30,6.08
1682,2003/5/6 1:00,6.08
1683,2003/5/6 1:30,6.08
1684,2003/5/6 2:00,6.08
1685,2003/5/6 2:30,6.08
1686,2003/5/6 3:00,6.08
1687,2003/5/6 3:30,6.08
1688,2003/5/6 4:00,6.08
1689,2003/5/6 4:30,6.08
1690,2003/5/6 5:00,6.08
1691,2003/5/6 5:30,6.08
1692,2003/5/6 6:00,6.08
1693,2003/5/6 6:30,6.08
1694,2003/5/6 7:00,14.495
1695,2003/5/6 7:30,14.495
1696,2003/5/6 8:00,14.495
1697,2003/5/6 8:30,14.495
1698,2003/5/6 9:00,14.495
1699,2003/5/6 9:30,14.495
1700,2003/5/6 10:00,14.495
1701,2003/5/6 10:30,14.495
1702,2003/5/6 11:00,14.495
1703,2003/5/6 11:30,14.495
1704,2003/5/6 12:00,14.495
1705,2003/5/6 12:30,14.495
1706,2003/5/6 13:00,14.495
1707,2003/5/6 13:30,14.495
1708,2003/5/6 14:00,14.495
1709,2003/5/6 14:30,14.495
1710,2003/5/6 15:00,14.495
1711,2003/5/6 15:30,14.495
1712,2003/5/6 16:00,14.495
1713,2003/5/6 16:30,14.495
1714,2003/5/6 17:00,14.495
1715,2003/5/6 17:30,14.495
1716,2003/5/6 18:00,14.495
1717,2003/5/6 18:30,14.495
1718,2003/5/6 19:00,14.495
1719,2003/5/6 19:30,14.495
1720,2003/5/6 20:00,14.495
1721,2003/5/6 20:30,14.495
1722,2003/5/6 21:00,14.495
1723,2003/5/6 21:30,14.495
1724,2003/5/6 22:00,14.495
1725,2003/5/6 22:30,14.495
1726,2003/5/6 23:00,14.495
1727,2003/5/6 23:30,14.495
1728,2003/5/7 0:00,6.08
1729,2003/5/7 0:30,6.08
1730,2003/5/7 1:00,6.08
1731,2003/5/7 1:30,6.08
1732,2003/5/7 2:00,6.08
1733,2003/5/7 2:30,6.08
1734,2003/5/7 3:00,6.08
1735,2003/5/7 3:30,6.08
1736,2003/5/7 4:00,6.08
1737,2003/5/7 4:30,6.08
1738,2003/5/7 5:00,6.08
1739,2003/5/7 5:30,6.08
1740,2003/5/7 6:00,6.08
1741,2003/5/7 6:30,6.08
1742,2003/5/7 7:00,14.495
1743,2003/5/7 7:30,14.495
1744,2003/5/7 8:00,14.495
1745,2003/5/7 8:30,14.495
1746,2003/5/7 9:00,14.495
1747,2003/5/7 9:30,14.495
1748,2003/5/7 10:00,14.495
1749,2003/5/7 10:30,14.495
1750,2003/5/7 11:00,14.495
1751,2003/5/7 11:30,14.495
1752,2003/5/7 12:00,14.495
1753,2003/5/7 12:30,14.495
1754,2003/5/7 13:00,14.495
1755,2003/5/7 13:30,14.495
1756,2003/5/7 14:00,14.495
1757,2003/5/7 14:30,14.495
1758,2003/5/7 15:00,14.495
1759,2003/5/7 15:30,14.495
1760,2003/5/7 16:00,14.495
1761,2003/5/7 16:30,14.495
1762,2003/5/7 17:00,14.495
1763,2003/5/7 17:30,14.495
1764,2003/5/7 18:00,14.495
1765,2003/5/7 18:30,14.495
1766,2003/5/7 19:00,14.495
1767,2003/5/7 19:30,14.495
1768,2003/5/7 20:00,14.495
1769,2003/5/7 20:30,14.495
1770,2003/5/7 21:00,14.495
1771,2003/5/7 21:30,14.495
1772,2003/5/7 22:00,14.495
1773,2003/5/7 22:30,14.495
1774,2003/5/7 23:00,14.495
1775,2003/5/7 23:30,14.495
1776,2003/5/8 0:00,6.08
1777,2003/5/8 0:30,6.08
1778,2003/5/8 1:00,6.08
1779,2003/5/8 1:30,6.08
1780,2003/5/8 2:00,6.08
1781,2003/5/8 2:30,6.08
1782,2003/5/8 3:00,6.08
1783,2003/5/8 3:30,6.08
1784,2003/5/8 4:00,6.08
1785,2003/5/8 4:30,6.08
1786,2003/5/8 5:00,6.08
1787,2003/5/8 5:30,6.08
1788,2003/5/8 6:00,6.08
1789,2003/5/8 6:30,6.08
1790,2003/5/8 7:00,14.495
1791,2003/5/8 7:30,14.495
1792,2003/5/8 8:00,14.495
1793,2003/5/8 8:30,14.495
1794,2003/5/8 9:00,14.495
1795,2003/5/8 9:30,14.495
1796,2003/5/8 10:00,14.495
1797,2003/5/8 10:30,14.495
1798,2003/5/8 11:00,14.495
1799,2003/5/8 11:30,14.495
1800,2003/5/8 12:00,14.495
1801,2003/5/8 12:30,14.495
1802,2003/5/8 13:00,14.495
1803,2003/5/8 13:30,14.495
1804,2003/5/8 14:00,14.495
1805,2003/5/8 14:30,14.495
1806,2003/5/8 15:00,14.495
1807,2003/5/8 15:30,14.495
1808,2003/5/8 16:00,14.495
1809,2003/5/8 16:30,14.495
1810,2003/5/8 17:00,14.495
1811,2003/5/8 17:30,14.495
1812,2003/5/8 18:00,14.495
1813,2003/5/8 18:30,14.495
1814,2003/5/8 19:00,14.495
1815,2003/5/8 19:30,14.495
1816,2003/5/8 20:00,14.495
1817,2003/5/8 20:30,14.495
1818,2003/5/8 21:00,14.495
1819,2003/5/8 21:30,14.495
1820,2003/5/8 22:00,14.495
1821,2003/5/8 22:30,14.495
1822,2003/5/8 23:00,14.495
1823,2003/5/8 23:30,14.495
1824,2003/5/9 0:00,6.08
1825,2003/5/9 0:30,6.08
1826,2003/5/9 1:00,6.08
1827,2003/5/9 1:30,6.08
1828,2003/5/9 2:00,6.08
1829,2003/5/9 2:30,6.08
1830,2003/5/9 3:00,6.08
1831,2003/5/9 3:30,6.08
1832,2003/5/9 4:00,6.08
1833,2003/5/9 4:30,6.08
1834,2003/5/9 5:00,6.08
1835,2003/5/9 5:30,6.08
1836,2003/5/9 6:00,6.08
1837,2003/5/9 6:30,6.08
1838,2003/5/9 7:00,14.495
1839,2003/5/9 7:30,14.495
1840,2003/5/9 8:00,14.495
1841,2003/5/9 8:30,14.495
1842,2003/5/9 9:00,14.495
1843,2003/5/9 9:30,14.495
1844,2003/5/9 10:00,14.495
1845,2003/5/9 10:30,14.495
1846,2003/5/9 11:00,14.495
1847,2003/5/9 11:30,14.495
1848,2003/5/9 12:00,14.495
1849,2003/5/9 12:30,14.495
1850,2003/5/9 13:00,14.495
1851,2003/5/9 13:30,14.495
1852,2003/5/9 14:00,14.495
1853,2003/5/9 14:30,14.495
1854,2003/5/9 15:00,14.495
1855,2003/5/9 15:30,14.495
1856,2003/5/9 16:00,14.495
1857,2003/5/9 16:30,14.495
1858,2003/5/9 17:00,14.495
1859,2003/5/9 17:30,14.495
1860,2003/5/9 18:00,14.495
1861,2003/5/9 18:30,14.495
1862,2003/5/9 19:00,14.495
1863,2003/5/9 19:30,14.495
1864,2003/5/9 20:00,14.495
1865,2003/5/9 20:30,14.495
1866,2003/5/9 21:00,14.495
1867,2003/5/9 21:30,14.495
1868,2003/5/9 22:00,14.495
1869,2003/5/9 22:30,14.495
1870,2003/5/9 23:00,14.495
1871,2003/5/9 23:30,14.495
1872,2003/5/10 0:00,6.08
1873,2003/5/10 0:30,6.08
1874,2003/5/10 1:00,6.08
1875,2003/5/10 1:30,6.08
1876,2003/5/10 2:00,6.08
1877,2003/5/10 2:30,6.08
1878,2003/5/10 3:00,6.08
1879,2003/5/10 3:30,6.08
1880,2003/5/10 4:00,6.08
1881,2003/5/10 4:30,6.08
1882,2003/5/10 5:00,6.08
1883,2003/5/10 5:30,6.08
1884,2003/5/10 6:00,6.08
1885,2003/5/10 6:30,6.08
1886,2003/5/10 7:00,14.495
1887,2003/5/10 7:30,14.495
1888,2003/5/10 8:00,14.495
1889,2003/5/10 8:30,14.495
1890,2003/5/10 9:00,14.495
1891,2003/5/10 9:30,14.495
1892,2003/5/10 10:00,14.495
1893,2003/5/10 10:30,14.495
1894,2003/5/10 11:00,14.495
1895,2003/5/10 11:30,14.495
1896,2003/5/10 12:00,14.495
1897,2003/5/10 12:30,14.495
1898,2003/5/10 13:00,14.495
1899,2003/5/10 13:30,14.495
1900,2003/5/10 14:00,14.495
1901,2003/5/10 14:30,14.495
1902,2003/5/10 15:00,14.495
1903,2003/5/10 15:30,14.495
1904,2003/5/10 16:00,14.495
1905,2003/5/10 16:30,14.495
1906,2003/5/10 17:00,14.495
1907,2003/5/10 17:30,14.495
1908,2003/5/10 18:00,14.495
1909,2003/5/10 18:30,14.495
1910,2003/5/10 19:00,14.495
1911,2003/5/10 19:30,14.495
1912,2003/5/10 20:00,14.495
1913,2003/5/10 20:30,14.495
1914,2003/5/10 21:00,14.495
1915,2003/5/10 21:30,14.495
1916,2003/5/10 22:00,14.495
1917,2003/5/10 22:30,14.495
1918,2003/5/10 23:00,14.495
1919,2003/5/10 23:30,14.495
1920,2003/5/11 0:00,6.08
1921,2003/5/11 0:30,6.08
1922,2003/5/11 1:00,6.08
1923,2003/5/11 1:30,6.08
1924,2003/5/11 2:00,6.08
1925,2003/5/11 2:30,6.08
1926,2003/5/11 3:00,6.08
1927,2003/5/11 3:30,6.08
1928,2003/5/11 4:00,6.08
1929,2003/5/11 4:30,6.08
1930,2003/5/11 5:00,6.08
1931,2003/5/11 5:30,6.08
1932,2003/5/11 6:00,6.08
1933,2003/5/11 6:30,6.08
1934,2003/5/11 7:00,14.495
1935,2003/5/11 7:30,14.495
1936,2003/5/11 8:00,14.495
1937,2003/5/11 8:30,14.495
1938,2003/5/11 9:00,14.495
1939,2003/5/11 9:30,14.495
1940,2003/5/11 10:00,14.495
1941,2003/5/11 10:30,14.495
1942,2003/5/11 11:00,14.495
1943,2003/5/11 11:30,14.495
1944,2003/5/11 12:00,14.495
1945,2003/5/11 12:30,14.495
1946,2003/5/11 13:00,14.495
1947,2003/5/11 13:30,14.495
1948,2003/5/11 14:00,14.495
1949,2003/5/11 14:30,14.495
1950,2003/5/11 15:00,14.495
1951,2003/5/11 15:30,14.495
1952,2003/5/11 16:00,14.495
1953,2003/5/11 16:30,14.495
1954,2003/5/11 17:00,14.495
1955,2003/5/11 17:30,14.495
1956,2003/5/11 18:00,14.495
1957,2003/5/11 18:30,14.495
1958,2003/5/11 19:00,14.495
1959,2003/5/11 19:30,14.495
1960,2003/5/11 20:00,14.495
1961,2003/5/11 20:30,14.495
1962,2003/5/11 21:00,14.495
1963,2003/5/11 21:30,14.495
1964,2003/5/11 22:00,14.495
1965,2003/5/11 22:30,14.495
1966,2003/5/11 23:00,14.495
1967,2003/5/11 23:30,14.495
1968,2003/5/12 0:00,6.08
1969,2003/5/12 0:30,6.08
1970,2003/5/12 1:00,6.08
1971,2003/5/12 1:30,6.08
1972,2003/5/12 2:00,6.08
1973,2003/5/12 2:30,6.08
1974,2003/5/12 3:00,6.08
1975,2003/5/12 3:30,6.08
1976,2003/5/12 4:00,6.08
1977,2003/5/12 4:30,6.08
1978,2003/5/12 5:00,6.08
1979,2003/5/12 5:30,6.08
1980,2003/5/12 6:00,6.08
1981,2003/5/12 6:30,6.08
1982,2003/5/12 7:00,14.495
1983,2003/5/12 7:30,14.495
1984,2003/5/12 8:00,14.495
1985,2003/5/12 8:30,14.495
1986,2003/5/12 9:00,14.495
1987,2003/5/12 9:30,14.495
1988,2003/5/12 10:00,14.495
1989,2003/5/12 10:30,14.495
1990,2003/5/12 11:00,14.495
1991,2003/5/12 11:30,14.495
1992,2003/5/12 12:00,14.495
1993,2003/5/12 12:30,14.495
1994,2003/5/12 13:00,14.495
1995,2003/5/12 13:30,14.495
1996,2003/5/12 14:00,14.495
1997,2003/5/12 14:30,14.495
1998,2003/5/12 15:00,14.495
1999,2003/5/12 15:30,14.495
2000,2003/5/12 16:00,14.495
2001,2003/5/12 16:30,14.495
2002,2003/5/12 17:00,14.495
2003,2003/5/12 17:30,14.495
2004,2003/5/12 18:00,14.495
2005,2003/5/12 18:30,14.495
2006,2003/5/12 19:00,14.495
2007,2003/5/12 19:30,14.495
2008,2003/5/12 20:00,14.495
2009,2003/5/12 20:30,14.495
2010,2003/5/12 21:00,14.495
2011,2003/5/12 21:30,14.495
2012,2003/5/12 22:00,14.495
2013,2003/5/12 22:30,14.495
2014,2003/5/12 23:00,14.495
2015,2003/5/12 23:30,14.495
2016,2003/5/13 0:00,6.08
2017,2003/5/13 0:30,6.08
2018,2003/5/13 1:00,6.08
2019,2003/5/13 1:30,6.08
2020,2003/5/13 2:00,6.08
2021,2003/5/13 2:30,6.08
2022,2003/5/13 3:00,6.08
2023,2003/5/13 3:30,6.08
2024,2003/5/13 4:00,6.08
2025,2003/5/13 4:30,6.08
2026,2003/5/13 5:00,6.08
2027,2003/5/13 5:30,6.08
2028,2003/5/13 6:00,6.08
2029,2003/5/13 6:30,6.08
2030,2003/5/13 7:00,14.495
2031,2003/5/13 7:30,14.495
2032,2003/5/13 8:00,14.495
2033,2003/5/13 8:30,14.495
2034,2003/5/13 9:00,14.495
2035,2003/5/13 9:30,14.495
2036,2003/5/13 10:00,14.495
2037,2003/5/13 10:30,14.495
2038,2003/5/13 11:00,14.495
2039,2003/5/13 11:30,14.495
2040,2003/5/13 12:00,14.495
2041,2003/5/13 12:30,14.495
2042,2003/5/13 13:00,14.495
2043,2003/5/13 13:30,14.495
2044,2003/5/13 14:00,14.495
2045,2003/5/13 14:30,14.495
2046,2003/5/13 15:00,14.495
2047,2003/5/13 15:30,14.495
2048,2003/5/13 16:00,14.495
2049,2003/5/13 16:30,14.495
2050,2003/5/13 17:00,14.495
2051,2003/5/13 17:30,14.495
2052,2003/5/13 18:00,14.495
2053,2003/5/13 18:30,14.495
2054,2003/5/13 19:00,14.495
2055,2003/5/13 19:30,14.495
2056,2003/5/13 20:00,14.495
2057,2003/5/13 20:30,14.495
2058,2003/5/13 21:00,14.495
2059,2003/5/13 21:30,14.495
2060,2003/5/13 22:00,14.495
2061,2003/5/13 22:30,14.495
2062,2003/5/13 23:00,14.495
2063,2003/5/13 23:30,14.495
2064,2003/5/14 0:00,6.08
2065,2003/5/14 0:30,6.08
2066,2003/5/14 1:00,6.08
2067,2003/5/14 1:30,6.08
2068,2003/5/14 2:00,6.08
2069,2003/5/14 2:30,6.08
2070,2003/5/14 3:00,6.08
2071,2003/5/14 3:30,6.08
2072,2003/5/14 4:00,6.08
2073,2003/5/14 4:30,6.08
2074,2003/5/14 5:00,6.08
2075,2003/5/14 5:30,6.08
2076,2003/5/14 6:00,6.08
2077,2003/5/14 6:30,6.08
2078,2003/5/14 7:00,14.495
2079,2003/5/14 7:30,14.495
2080,2003/5/14 8:00,14.495
2081,2003/5/14 8:30,14.495
2082,2003/5/14 9:00,14.495
2083,2003/5/14 9:30,14.495
2084,2003/5/14 10:00,14.495
2085,2003/5/14 10:30,14.495
2086,2003/5/14 11:00,14.495
2087,2003/5/14 11:30,14.495
2088,2003/5/14 12:00,14.495
2089,2003/5/14 12:30,14.495
2090,2003/5/14 13:00,14.495
2091,2003/5/14 13:30,14.495
2092,2003/5/14 14:00,14.495
2093,2003/5/14 14:30,14.495
2094,2003/5/14 15:00,14.495
2095,2003/5/14 15:30,14.495
2096,2003/5/14 16:00,14.495
2097,2003/5/14 16:30,14.495
2098,2003/5/14 17:00,14.495
2099,2003/5/14 17:30,14.495
2100,2003/5/14 18:00,14.495
2101,2003/5/14 18:30,14.495
2102,2003/5/14 19:00,14.495
2103,2003/5/14 19:30,14.495
2104,2003/5/14 20:00,14.495
2105,2003/5/14 20:30,14.495
2106,2003/5/14 21:00,14.495
2107,2003/5/14 21:30,14.495
2108,2003/5/14 22:00,14.495
2109,2003/5/14 22:30,14.495
2110,2003/5/14 23:00,14.495
2111,2003/5/14 23:30,14.495
2112,2003/5/15 0:00,6.08
2113,2003/5/15 0:30,6.08
2114,2003/5/15 1:00,6.08
2115,2003/5/15 1:30,6.08
2116,2003/5/15 2:00,6.08
2117,2003/5/15 2:30,6.08
2118,2003/5/15 3:00,6.08
2119,2003/5/15 3:30,6.08
2120,2003/5/15 4:00,6.08
2121,2003/5/15 4:30,6.08
2122,2003/5/15 5:00,6.08
2123,2003/5/15 5:30,6.08
2124,2003/5/15 6:00,6.08
2125,2003/5/15 6:30,6.08
2126,2003/5/15 7:00,14.495
2127,2003/5/15 7:30,14.495
2128,2003/5/15 8:00,14.495
2129,2003/5/15 8:30,14.495
2130,2003/5/15 9:00,14.495
2131,2003/5/15 9:30,14.495
2132,2003/5/15 10:00,14.495
2133,2003/5/15 10:30,14.495
2134,2003/5/15 11:00,14.495
2135,2003/5/15 11:30,14.495
2136,2003/5/15 12:00,14.495
2137,2003/5/15 12:30,14.495
2138,2003/5/15 13:00,14.495
2139,2003/5/15 13:30,14.495
2140,2003/5/15 14:00,14.495
2141,2003/5/15 14:30,14.495
2142,2003/5/15 15:00,14.495
2143,2003/5/15 15:30,14.495
2144,2003/5/15 16:00,14.495
2145,2003/5/15 16:30,14.495
2146,2003/5/15 17:00,14.495
2147,2003/5/15 17:30,14.495
2148,2003/5/15 18:00,14.495
2149,2003/5/15 18:30,14.495
2150,2003/5/15 19:00,14.495
2151,2003/5/15 19:30,14.495
2152,2003/5/15 20:00,14.495
2153,2003/5/15 20:30,14.495
2154,2003/5/15 21:00,14.495
2155,2003/5/15 21:30,14.495
2156,2003/5/15 22:00,14.495
2157,2003/5/15 22:30,14.495
2158,2003/5/15 23:00,14.495
2159,2003/5/15 23:30,14.495
2160,2003/5/16 0:00,6.08
2161,2003/5/16 0:30,6.08
2162,2003/5/16 1:00,6.08
2163,2003/5/16 1:30,6.08
2164,2003/5/16 2:00,6.08
2165,2003/5/16 2:30,6.08
2166,2003/5/16 3:00,6.08
2167,2003/5/16 3:30,6.08
2168,2003/5/16 4:00,6.08
2169,2003/5/16 4:30,6.08
2170,2003/5/16 5:00,6.08
2171,2003/5/16 5:30,6.08
2172,2003/5/16 6:00,6.08
2173,2003/5/16 6:30,6.08
2174,2003/5/16 7:00,14.495
2175,2003/5/16 7:30,14.495
2176,2003/5/16 8:00,14.495
2177,2003/5/16 8:30,14.495
2178,2003/5/16 9:00,14.495
2179,2003/5/16 9:30,14.495
2180,2003/5/16 10:00,14.495
2181,2003/5/16 10:30,14.495
2182,2003/5/16 11:00,14.495
2183,2003/5/16 11:30,14.495
2184,2003/5/16 12:00,14.495
2185,2003/5/16 12:30,14.495
2186,2003/5/16 13:00,14.495
2187,2003/5/16 13:30,14.495
2188,2003/5/16 14:00,14.495
2189,2003/5/16 14:30,14.495
2190,2003/5/16 15:00,14.495
2191,2003/5/16 15:30,14.495
2192,2003/5/16 16:00,14.495
2193,2003/5/16 16:30,14.495
2194,2003/5/16 17:00,14.495
2195,2003/5/16 17:30,14.495
2196,2003/5/16 18:00,14.495
2197,2003/5/16 18:30,14.495
2198,2003/5/16 19:00,14.495
2199,2003/5/16 19:30,14.495
2200,2003/5/16 20:00,14.495
2201,2003/5/16 20:30,14.495
2202,2003/5/16 21:00,14.495
2203,2003/5/16 21:30,14.495
2204,2003/5/16 22:00,14.495
2205,2003/5/16 22:30,14.495
2206,2003/5/16 23:00,14.495
2207,2003/5/16 23:30,14.495
2208,2003/5/17 0:00,6.08
2209,2003/5/17 0:30,6.08
2210,2003/5/17 1:00,6.08
2211,2003/5/17 1:30,6.08
2212,2003/5/17 2:00,6.08
2213,2003/5/17 2:30,6.08
2214,2003/5/17 3:00,6.08
2215,2003/5/17 3:30,6.08
2216,2003/5/17 4:00,6.08
2217,2003/5/17 4:30,6.08
2218,2003/5/17 5:00,6.08
2219,2003/5/17 5:30,6.08
2220,2003/5/17 6:00,6.08
2221,2003/5/17 6:30,6.08
2222,2003/5/17 7:00,14.495
2223,2003/5/17 7:30,14.495
2224,2003/5/17 8:00,14.495
2225,2003/5/17 8:30,14.495
2226,2003/5/17 9:00,14.495
2227,2003/5/17 9:30,14.495
2228,2003/5/17 10:00,14.495
2229,2003/5/17 10:30,14.495
2230,2003/5/17 11:00,14.495
2231,2003/5/17 11:30,14.495
2232,2003/5/17 12:00,14.495
2233,2003/5/17 12:30,14.495
2234,2003/5/17 13:00,14.495
2235,2003/5/17 13:30,14.495
2236,2003/5/17 14:00,14.495
2237,2003/5/17 14:30,14.495
2238,2003/5/17 15:00,14.495
2239,2003/5/17 15:30,14.495
2240,2003/5/17 16:00,14.495
2241,2003/5/17 16:30,14.495
2242,2003/5/17 17:00,14.495
2243,2003/5/17 17:30,14.495
2244,2003/5/17 18:00,14.495
2245,2003/5/17 18:30,14.495
2246,2003/5/17 19:00,14.495
2247,2003/5/17 19:30,14.495
2248,2003/5/17 20:00,14.495
2249,2003/5/17 20:30,14.495
2250,2003/5/17 21:00,14.495
2251,2003/5/17 21:30,14.495
2252,2003/5/17 22:00,14.495
2253,2003/5/17 22:30,14.495
2254,2003/5/17 23:00,14.495
2255,2003/5/17 23:30,14.495
2256,2003/5/18 0:00,6.08
2257,2003/5/18 0:30,6.08
2258,2003/5/18 1:00,6.08
2259,2003/5/18 1:30,6.08
2260,2003/5/18 2:00,6.08
2261,2003/5/18 2:30,6.08
2262,2003/5/18 3:00,6.08
2263,2003/5/18 3:30,6.08
2264,2003/5/18 4:00,6.08
2265,2003/5/18 4:30,6.08
2266,2003/5/18 5:00,6.08
2267,2003/5/18 5:30,6.08
2268,2003/5/18 6:00,6.08
2269,2003/5/18 6:30,6.08
2270,2003/5/18 7:00,14.495
2271,2003/5/18 7:30,14.495
2272,2003/5/18 8:00,14.495
2273,2003/5/18 8:30,14.495
2274,2003/5/18 9:00,14.495
2275,2003/5/18 9:30,14.495
2276,2003/5/18 10:00,14.495
2277,2003/5/18 10:30,14.495
2278,2003/5/18 11:00,14.495
2279,2003/5/18 11:30,14.495
2280,2003/5/18 12:00,14.495
2281,2003/5/18 12:30,14.495
2282,2003/5/18 13:00,14.495
2283,2003/5/18 13:30,14.495
2284,2003/5/18 14:00,14.495
2285,2003/5/18 14:30,14.495
2286,2003/5/18 15:00,14.495
2287,2003/5/18 15:30,14.495
2288,2003/5/18 16:00,14.495
2289,2003/5/18 16:30,14.495
2290,2003/5/18 17:00,14.495
2291,2003/5/18 17:30,14.495
2292,2003/5/18 18:00,14.495
2293,2003/5/18 18:30,14.495
2294,2003/5/18 19:00,14.495
2295,2003/5/18 19:30,14.495
2296,2003/5/18 20:00,14.495
2297,2003/5/18 20:30,14.495
2298,2003/5/18 21:00,14.495
2299,2003/5/18 21:30,14.495
2300,2003/5/18 22:00,14.495
2301,2003/5/18 22:30,14.495
2302,2003/5/18 23:00,14.495
2303,2003/5/18 23:30,14.495
2304,2003/5/19 0:00,6.08
2305,2003/5/19 0:30,6.08
2306,2003/5/19 1:00,6.08
2307,2003/5/19 1:30,6.08
2308,2003/5/19 2:00,6.08
2309,2003/5/19 2:30,6.08
2310,2003/5/19 3:00,6.08
2311,2003/5/19 3:30,6.08
2312,2003/5/19 4:00,6.08
2313,2003/5/19 4:30,6.08
2314,2003/5/19 5:00,6.08
2315,2003/5/19 5:30,6.08
2316,2003/5/19 6:00,6.08
2317,2003/5/19 6:30,6.08
2318,2003/5/19 7:00,14.495
2319,2003/5/19 7:30,14.495
2320,2003/5/19 8:00,14.495
2321,2003/5/19 8:30,14.495
2322,2003/5/19 9:00,14.495
2323,2003/5/19 9:30,14.495
2324,2003/5/19 10:00,14.495
2325,2003/5/19 10:30,14.495
2326,2003/5/19 11:00,14.495
2327,2003/5/19 11:30,14.495
2328,2003/5/19 12:00,14.495
2329,2003/5/19 12:30,14.495
2330,2003/5/19 13:00,14.495
2331,2003/5/19 13:30,14.495
2332,2003/5/19 14:00,14.495
2333,2003/5/19 14:30,14.495
2334,2003/5/19 15:00,14.495
2335,2003/5/19 15:30,14.495
2336,2003/5/19 16:00,14.495
2337,2003/5/19 16:30,14.495
2338,2003/5/19 17:00,14.495
2339,2003/5/19 17:30,14.495
2340,2003/5/19 18:00,14.495
2341,2003/5/19 18:30,14.495
2342,2003/5/19 19:00,14.495
2343,2003/5/19 19:30,14.495
2344,2003/5/19 20:00,14.495
2345,2003/5/19 20:30,14.495
2346,2003/5/19 21:00,14.495
2347,2003/5/19 21:30,14.495
2348,2003/5/19 22:00,14.495
2349,2003/5/19 22:30,14.495
2350,2003/5/19 23:00,14.495
2351,2003/5/19 23:30,14.495
2352,2003/5/20 0:00,6.08
2353,2003/5/20 0:30,6.08
2354,2003/5/20 1:00,6.08
2355,2003/5/20 1:30,6.08
2356,2003/5/20 2:00,6.08
2357,2003/5/20 2:30,6.08
2358,2003/5/20 3:00,6.08
2359,2003/5/20 3:30,6.08
2360,2003/5/20 4:00,6.08
2361,2003/5/20 4:30,6.08
2362,2003/5/20 5:00,6.08
2363,2003/5/20 5:30,6.08
2364,2003/5/20 6:00,6.08
2365,2003/5/20 6:30,6.08
2366,2003/5/20 7:00,14.495
2367,2003/5/20 7:30,14.495
2368,2003/5/20 8:00,14.495
2369,2003/5/20 8:30,14.495
2370,2003/5/20 9:00,14.495
2371,2003/5/20 9:30,14.495
2372,2003/5/20 10:00,14.495
2373,2003/5/20 10:30,14.495
2374,2003/5/20 11:00,14.495
2375,2003/5/20 11:30,14.495
2376,2003/5/20 12:00,14.495
2377,2003/5/20 12:30,14.495
2378,2003/5/20 13:00,14.495
2379,2003/5/20 13:30,14.495
2380,2003/5/20 14:00,14.495
2381,2003/5/20 14:30,14.495
2382,2003/5/20 15:00,14.495
2383,2003/5/20 15:30,14.495
2384,2003/5/20 16:00,14.495
2385,2003/5/20 16:30,14.495
2386,2003/5/20 17:00,14.495
2387,2003/5/20 17:30,14.495
2388,2003/5/20 18:00,14.495
2389,2003/5/20 18:30,14.495
2390,2003/5/20 19:00,14.495
2391,2003/5/20 19:30,14.495
2392,2003/5/20 20:00,14.495
2393,2003/5/20 20:30,14.495
2394,2003/5/20 21:00,14.495
2395,2003/5/20 21:30,14.495
2396,2003/5/20 22:00,14.495
2397,2003/5/20 22:30,14.495
2398,2003/5/20 23:00,14.495
2399,2003/5/20 23:30,14.495
2400,2003/5/21 0:00,6.08
2401,2003/5/21 0:30,6.08
2402,2003/5/21 1:00,6.08
2403,2003/5/21 1:30,6.08
2404,2003/5/21 2:00,6.08
2405,2003/5/21 2:30,6.08
2406,2003/5/21 3:00,6.08
2407,2003/5/21 3:30,6.08
2408,2003/5/21 4:00,6.08
2409,2003/5/21 4:30,6.08
2410,2003/5/21 5:00,6.08
2411,2003/5/21 5:30,6.08
2412,2003/5/21 6:00,6.08
2413,2003/5/21 6:30,6.08
2414,2003/5/21 7:00,14.495
2415,2003/5/21 7:30,14.495
2416,2003/5/21 8:00,14.495
2417,2003/5/21 8:30,14.495
2418,2003/5/21 9:00,14.495
2419,2003/5/21 9:30,14.495
2420,2003/5/21 10:00,14.495
2421,2003/5/21 10:30,14.495
2422,2003/5/21 11:00,14.495
2423,2003/5/21 11:30,14.495
2424,2003/5/21 12:00,14.495
2425,2003/5/21 12:30,14.495
2426,2003/5/21 13:00,14.495
2427,2003/5/21 13:30,14.495
2428,2003/5/21 14:00,14.495
2429,2003/5/21 14:30,14.495
2430,2003/5/21 15:00,14.495
2431,2003/5/21 15:30,14.495
2432,2003/5/21 16:00,14.495
2433,2003/5/21 16:30,14.495
2434,2003/5/21 17:00,14.495
2435,2003/5/21 17:30,14.495
2436,2003/5/21 18:00,14.495
2437,2003/5/21 18:30,14.495
2438,2003/5/21 19:00,14.495
2439,2003/5/21 19:30,14.495
2440,2003/5/21 20:00,14.495
2441,2003/5/21 20:30,14.495
2442,2003/5/21 21:00,14.495
2443,2003/5/21 21:30,14.495
2444,2003/5/21 22:00,14.495
2445,2003/5/21 22:30,14.495
2446,2003/5/21 23:00,14.495
2447,2003/5/21 23:30,14.495
2448,2003/5/22 0:00,6.08
2449,2003/5/22 0:30,6.08
2450,2003/5/22 1:00,6.08
2451,2003/5/22 1:30,6.08
2452,2003/5/22 2:00,6.08
2453,2003/5/22 2:30,6.08
2454,2003/5/22 3:00,6.08
2455,2003/5/22 3:30,6.08
2456,2003/5/22 4:00,6.08
2457,2003/5/22 4:30,6.08
2458,2003/5/22 5:00,6.08
2459,2003/5/22 5:30,6.08
2460,2003/5/22 6:00,6.08
2461,2003/5/22 6:30,6.08
2462,2003/5/22 7:00,14.495
2463,2003/5/22 7:30,14.495
2464,2003/5/22 8:00,14.495
2465,2003/5/22 8:30,14.495
2466,2003/5/22 9:00,14.495
2467,2003/5/22 9:30,14.495
2468,2003/5/22 10:00,14.495
2469,2003/5/22 10:30,14.495
2470,2003/5/22 11:00,14.495
2471,2003/5/22 11:30,14.495
2472,2003/5/22 12:00,14.495
2473,2003/5/22 12:30,14.495
2474,2003/5/22 13:00,14.495
2475,2003/5/22 13:30,14.495
2476,2003/5/22 14:00,14.495
2477,2003/5/22 14:30,14.495
2478,2003/5/22 15:00,14.495
2479,2003/5/22 15:30,14.495
2480,2003/5/22 16:00,14.495
2481,2003/5/22 16:30,14.495
2482,2003/5/22 17:00,14.495
2483,2003/5/22 17:30,14.495
2484,2003/5/22 18:00,14.495
2485,2003/5/22 18:30,14.495
2486,2003/5/22 19:00,14.495
2487,2003/5/22 19:30,14.495
2488,2003/5/22 20:00,14.495
2489,2003/5/22 20:30,14.495
2490,2003/5/22 21:00,14.495
2491,2003/5/22 21:30,14.495
2492,2003/5/22 22:00,14.495
2493,2003/5/22 22:30,14.495
2494,2003/5/22 23:00,14.495
2495,2003/5/22 23:30,14.495
2496,2003/5/23 0:00,6.08
2497,2003/5/23 0:30,6.08
2498,2003/5/23 1:00,6.08
2499,2003/5/23 1:30,6.08
2500,2003/5/23 2:00,6.08
2501,2003/5/23 2:30,6.08
2502,2003/5/23 3:00,6.08
2503,2003/5/23 3:30,6.08
2504,2003/5/23 4:00,6.08
2505,2003/5/23 4:30,6.08
2506,2003/5/23 5:00,6.08
2507,2003/5/23 5:30,6.08
2508,2003/5/23 6:00,6.08
2509,2003/5/23 6:30,6.08
2510,2003/5/23 7:00,14.495
2511,2003/5/23 7:30,14.495
2512,2003/5/23 8:00,14.495
2513,2003/5/23 8:30,14.495
2514,2003/5/23 9:00,14.495
2515,2003/5/23 9:30,14.495
2516,2003/5/23 10:00,14.495
2517,2003/5/23 10:30,14.495
2518,2003/5/23 11:00,14.495
2519,2003/5/23 11:30,14.495
2520,2003/5/23 12:00,14.495
2521,2003/5/23 12:30,14.495
2522,2003/5/23 13:00,14.495
2523,2003/5/23 13:30,14.495
2524,2003/5/23 14:00,14.495
2525,2003/5/23 14:30,14.495
2526,2003/5/23 15:00,14.495
2527,2003/5/23 15:30,14.495
2528,2003/5/23 16:00,14.495
2529,2003/5/23 16:30,14.495
2530,2003/5/23 17:00,14.495
2531,2003/5/23 17:30,14.495
2532,2003/5/23 18:00,14.495
2533,2003/5/23 18:30,14.495
2534,2003/5/23 19:00,14.495
2535,2003/5/23 19:30,14.495
2536,2003/5/23 20:00,14.495
2537,2003/5/23 20:30,14.495
2538,2003/5/23 21:00,14.495
2539,2003/5/23 21:30,14.495
2540,2003/5/23 22:00,14.495
2541,2003/5/23 22:30,14.495
2542,2003/5/23 23:00,14.495
2543,2003/5/23 23:30,14.495
2544,2003/5/24 0:00,6.08
2545,2003/5/24 0:30,6.08
2546,2003/5/24 1:00,6.08
2547,2003/5/24 1:30,6.08
2548,2003/5/24 2:00,6.08
2549,2003/5/24 2:30,6.08
2550,2003/5/24 3:00,6.08
2551,2003/5/24 3:30,6.08
2552,2003/5/24 4:00,6.08
2553,2003/5/24 4:30,6.08
2554,2003/5/24 5:00,6.08
2555,2003/5/24 5:30,6.08
2556,2003/5/24 6:00,6.08
2557,2003/5/24 6:30,6.08
2558,2003/5/24 7:00,14.495
2559,2003/5/24 7:30,14.495
2560,2003/5/24 8:00,14.495
2561,2003/5/24 8:30,14.495
2562,2003/5/24 9:00,14.495
2563,2003/5/24 9:30,14.495
2564,2003/5/24 10:00,14.495
2565,2003/5/24 10:30,14.495
2566,2003/5/24 11:00,14.495
2567,2003/5/24 11:30,14.495
2568,2003/5/24 12:00,14.495
2569,2003/5/24 12:30,14.495
2570,2003/5/24 13:00,14.495
2571,2003/5/24 13:30,14.495
2572,2003/5/24 14:00,14.495
2573,2003/5/24 14:30,14.495
2574,2003/5/24 15:00,14.495
2575,2003/5/24 15:30,14.495
2576,2003/5/24 16:00,14.495
2577,2003/5/24 16:30,14.495
2578,2003/5/24 17:00,14.495
2579,2003/5/24 17:30,14.495
2580,2003/5/24 18:00,14.495
2581,2003/5/24 18:30,14.495
2582,2003/5/24 19:00,14.495
2583,2003/5/24 19:30,14.495
2584,2003/5/24 20:00,14.495
2585,2003/5/24 20:30,14.495
2586,2003/5/24 21:00,14.495
2587,2003/5/24 21:30,14.495
2588,2003/5/24 22:00,14.495
2589,2003/5/24 22:30,14.495
2590,2003/5/24 23:00,14.495
2591,2003/5/24 23:30,14.495
2592,2003/5/25 0:00,6.08
2593,2003/5/25 0:30,6.08
2594,2003/5/25 1:00,6.08
2595,2003/5/25 1:30,6.08
2596,2003/5/25 2:00,6.08
2597,2003/5/25 2:30,6.08
2598,2003/5/25 3:00,6.08
2599,2003/5/25 3:30,6.08
2600,2003/5/25 4:00,6.08
2601,2003/5/25 4:30,6.08
2602,2003/5/25 5:00,6.08
2603,2003/5/25 5:30,6.08
2604,2003/5/25 6:00,6.08
2605,2003/5/25 6:30,6.08
2606,2003/5/25 7:00,14.495
2607,2003/5/25 7:30,14.495
2608,2003/5/25 8:00,14.495
2609,2003/5/25 8:30,14.495
2610,2003/5/25 9:00,14.495
2611,2003/5/25 9:30,14.495
2612,2003/5/25 10:00,14.495
2613,2003/5/25 10:30,14.495
2614,2003/5/25 11:00,14.495
2615,2003/5/25 11:30,14.495
2616,2003/5/25 12:00,14.495
2617,2003/5/25 12:30,14.495
2618,2003/5/25 13:00,14.495
2619,2003/5/25 13:30,14.495
2620,2003/5/25 14:00,14.495
2621,2003/5/25 14:30,14.495
2622,2003/5/25 15:00,14.495
2623,2003/5/25 15:30,14.495
2624,2003/5/25 16:00,14.495
2625,2003/5/25 16:30,14.495
2626,2003/5/25 17:00,14.495
2627,2003/5/25 17:30,14.495
2628,2003/5/25 18:00,14.495
2629,2003/5/25 18:30,14.495
2630,2003/5/25 19:00,14.495
2631,2003/5/25 19:30,14.495
2632,2003/5/25 20:00,14.495
2633,2003/5/25 20:30,14.495
2634,2003/5/25 21:00,14.495
2635,2003/5/25 21:30,14.495
2636,2003/5/25 22:00,14.495
2637,2003/5/25 22:30,14.495
2638,2003/5/25 23:00,14.495
2639,2003/5/25 23:30,14.495
2640,2003/5/26 0:00,6.08
2641,2003/5/26 0:30,6.08
2642,2003/5/26 1:00,6.08
2643,2003/5/26 1:30,6.08
2644,2003/5/26 2:00,6.08
2645,2003/5/26 2:30,6.08
2646,2003/5/26 3:00,6.08
2647,2003/5/26 3:30,6.08
2648,2003/5/26 4:00,6.08
2649,2003/5/26 4:30,6.08
2650,2003/5/26 5:00,6.08
2651,2003/5/26 5:30,6.08
2652,2003/5/26 6:00,6.08
2653,2003/5/26 6:30,6.08
2654,2003/5/26 7:00,14.495
2655,2003/5/26 7:30,14.495
2656,2003/5/26 8:00,14.495
2657,2003/5/26 8:30,14.495
2658,2003/5/26 9:00,14.495
2659,2003/5/26 9:30,14.495
2660,2003/5/26 10:00,14.495
2661,2003/5/26 10:30,14.495
2662,2003/5/26 11:00,14.495
2663,2003/5/26 11:30,14.495
2664,2003/5/26 12:00,14.495
2665,2003/5/26 12:30,14.495
2666,2003/5/26 13:00,14.495
2667,2003/5/26 13:30,14.495
2668,2003/5/26 14:00,14.495
2669,2003/5/26 14:30,14.495
2670,2003/5/26 15:00,14.495
2671,2003/5/26 15:30,14.495
2672,2003/5/26 16:00,14.495
2673,2003/5/26 16:30,14.495
2674,2003/5/26 17:00,14.495
2675,2003/5/26 17:30,14.495
2676,2003/5/26 18:00,14.495
2677,2003/5/26 18:30,14.495
2678,2003/5/26 19:00,14.495
2679,2003/5/26 19:30,14.495
2680,2003/5/26 20:00,14.495
2681,2003/5/26 20:30,14.495
2682,2003/5/26 21:00,14.495
2683,2003/5/26 21:30,14.495
2684,2003/5/26 22:00,14.495
2685,2003/5/26 22:30,14.495
2686,2003/5/26 23:00,14.495
2687,2003/5/26 23:30,14.495
2688,2003/5/27 0:00,6.08
2689,2003/5/27 0:30,6.08
2690,2003/5/27 1:00,6.08
2691,2003/5/27 1:30,6.08
2692,2003/5/27 2:00,6.08
2693,2003/5/27 2:30,6.08
2694,2003/5/27 3:00,6.08
2695,2003/5/27 3:30,6.08
2696,2003/5/27 4:00,6.08
2697,2003/5/27 4:30,6.08
2698,2003/5/27 5:00,6.08
2699,2003/5/27 5:30,6.08
2700,2003/5/27 6:00,6.08
2701,2003/5/27 6:30,6.08
2702,2003/5/27 7:00,14.495
2703,2003/5/27 7:30,14.495
2704,2003/5/27 8:00,14.495
2705,2003/5/27 8:30,14.495
2706,2003/5/27 9:00,14.495
2707,2003/5/27 9:30,14.495
2708,2003/5/27 10:00,14.495
2709,2003/5/27 10:30,14.495
2710,2003/5/27 11:00,14.495
2711,2003/5/27 11:30,14.495
2712,2003/5/27 12:00,14.495
2713,2003/5/27 12:30,14.495
2714,2003/5/27 13:00,14.495
2715,2003/5/27 13:30,14.495
2716,2003/5/27 14:00,14.495
2717,2003/5/27 14:30,14.495
2718,2003/5/27 15:00,14.495
2719,2003/5/27 15:30,14.495
2720,2003/5/27 16:00,14.495
2721,2003/5/27 16:30,14.495
2722,2003/5/27 17:00,14.495
2723,2003/5/27 17:30,14.495
2724,2003/5/27 18:00,14.495
2725,2003/5/27 18:30,14.495
2726,2003/5/27 19:00,14.495
2727,2003/5/27 19:30,14.495
2728,2003/5/27 20:00,14.495
2729,2003/5/27 20:30,14.495
2730,2003/5/27 21:00,14.495
2731,2003/5/27 21:30,14.495
2732,2003/5/27 22:00,14.495
2733,2003/5/27 22:30,14.495
2734,2003/5/27 23:00,14.495
2735,2003/5/27 23:30,14.495
2736,2003/5/28 0:00,6.08
2737,2003/5/28 0:30,6.08
2738,2003/5/28 1:00,6.08
2739,2003/5/28 1:30,6.08
2740,2003/5/28 2:00,6.08
2741,2003/5/28 2:30,6.08
2742,2003/5/28 3:00,6.08
2743,2003/5/28 3:30,6.08
2744,2003/5/28 4:00,6.08
2745,2003/5/28 4:30,6.08
2746,2003/5/28 5:00,6.08
2747,2003/5/28 5:30,6.08
2748,2003/5/28 6:00,6.08
2749,2003/5/28 6:30,6.08
2750,2003/5/28 7:00,14.495
2751,2003/5/28 7:30,14.495
2752,2003/5/28 8:00,14.495
2753,2003/5/28 8:30,14.495
2754,2003/5/28 9:00,14.495
2755,2003/5/28 9:30,14.495
2756,2003/5/28 10:00,14.495
2757,2003/5/28 10:30,14.495
2758,2003/5/28 11:00,14.495
2759,2003/5/28 11:30,14.495
2760,2003/5/28 12:00,14.495
2761,2003/5/28 12:30,14.495
2762,2003/5/28 13:00,14.495
2763,2003/5/28 13:30,14.495
2764,2003/5/28 14:00,14.495
2765,2003/5/28 14:30,14.495
2766,2003/5/28 15:00,14.495
2767,2003/5/28 15:30,14.495
2768,2003/5/28 16:00,14.495
2769,2003/5/28 16:30,14.495
2770,2003/5/28 17:00,14.495
2771,2003/5/28 17:30,14.495
2772,2003/5/28 18:00,14.495
2773,2003/5/28 18:30,14.495
2774,2003/5/28 19:00,14.495
2775,2003/5/28 19:30,14.495
2776,2003/5/28 20:00,14.495
2777,2003/5/28 20:30,14.495
2778,2003/5/28 21:00,14.495
2779,2003/5/28 21:30,14.495
2780,2003/5/28 22:00,14.495
2781,2003/5/28 22:30,14.495
2782,2003/5/28 23:00,14.495
2783,2003/5/28 23:30,14.495
2784,2003/5/29 0:00,6.08
2785,2003/5/29 0:30,6.08
2786,2003/5/29 1:00,6.08
2787,2003/5/29 1:30,6.08
2788,2003/5/29 2:00,6.08
2789,2003/5/29 2:30,6.08
2790,2003/5/29 3:00,6.08
2791,2003/5/29 3:30,6.08
2792,2003/5/29 4:00,6.08
2793,2003/5/29 4:30,6.08
2794,2003/5/29 5:00,6.08
2795,2003/5/29 5:30,6.08
2796,2003/5/29 6:00,6.08
2797,2003/5/29 6:30,6.08
2798,2003/5/29 7:00,14.495
2799,2003/5/29 7:30,14.495
2800,2003/5/29 8:00,14.495
2801,2003/5/29 8:30,14.495
2802,2003/5/29 9:00,14.495
2803,2003/5/29 9:30,14.495
2804,2003/5/29 10:00,14.495
2805,2003/5/29 10:30,14.495
2806,2003/5/29 11:00,14.495
2807,2003/5/29 11:30,14.495
2808,2003/5/29 12:00,14.495
2809,2003/5/29 12:30,14.495
2810,2003/5/29 13:00,14.495
2811,2003/5/29 13:30,14.495
2812,2003/5/29 14:00,14.495
2813,2003/5/29 14:30,14.495
2814,2003/5/29 15:00,14.495
2815,2003/5/29 15:30,14.495
2816,2003/5/29 16:00,14.495
2817,2003/5/29 16:30,14.495
2818,2003/5/29 17:00,14.495
2819,2003/5/29 17:30,14.495
2820,2003/5/29 18:00,14.495
2821,2003/5/29 18:30,14.495
2822,2003/5/29 19:00,14.495
2823,2003/5/29 19:30,14.495
2824,2003/5/29 20:00,14.495
2825,2003/5/29 20:30,14.495
2826,2003/5/29 21:00,14.495
2827,2003/5/29 21:30,14.495
2828,2003/5/29 22:00,14.495
2829,2003/5/29 22:30,14.495
2830,2003/5/29 23:00,14.495
2831,2003/5/29 23:30,14.495
2832,2003/5/30 0:00,6.08
2833,2003/5/30 0:30,6.08
2834,2003/5/30 1:00,6.08
2835,2003/5/30 1:30,6.08
2836,2003/5/30 2:00,6.08
2837,2003/5/30 2:30,6.08
2838,2003/5/30 3:00,6.08
2839,2003/5/30 3:30,6.08
2840,2003/5/30 4:00,6.08
2841,2003/5/30 4:30,6.08
2842,2003/5/30 5:00,6.08
2843,2003/5/30 5:30,6.08
2844,2003/5/30 6:00,6.08
2845,2003/5/30 6:30,6.08
2846,2003/5/30 7:00,14.495
2847,2003/5/30 7:30,14.495
2848,2003/5/30 8:00,14.495
2849,2003/5/30 8:30,14.495
2850,2003/5/30 9:00,14.495
2851,2003/5/30 9:30,14.495
2852,2003/5/30 10:00,14.495
2853,2003/5/30 10:30,14.495
2854,2003/5/30 11:00,14.495
2855,2003/5/30 11:30,14.495
2856,2003/5/30 12:00,14.495
2857,2003/5/30 12:30,14.495
2858,2003/5/30 13:00,14.495
2859,2003/5/30 13:30,14.495
2860,2003/5/30 14:00,14.495
2861,2003/5/30 14:30,14.495
2862,2003/5/30 15:00,14.495
2863,2003/5/30 15:30,14.495
2864,2003/5/30 16:00,14.495
2865,2003/5/30 16:30,14.495
2866,2003/5/30 17:00,14.495
2867,2003/5/30 17:30,14.495
2868,2003/5/30 18:00,14.495
2869,2003/5/30 18:30,14.495
2870,2003/5/30 19:00,14.495
2871,2003/5/30 19:30,14.495
2872,2003/5/30 20:00,14.495
2873,2003/5/30 20:30,14.495
2874,2003/5/30 21:00,14.495
2875,2003/5/30 21:30,14.495
2876,2003/5/30 22:00,14.495
2877,2003/5/30 22:30,14.495
2878,2003/5/30 23:00,14.495
2879,2003/5/30 23:30,14.495
2880,2003/5/31 0:00,6.08
2881,2003/5/31 0:30,6.08
2882,2003/5/31 1:00,6.08
2883,2003/5/31 1:30,6.08
2884,2003/5/31 2:00,6.08
2885,2003/5/31 2:30,6.08
2886,2003/5/31 3:00,6.08
2887,2003/5/31 3:30,6.08
2888,2003/5/31 4:00,6.08
2889,2003/5/31 4:30,6.08
2890,2003/5/31 5:00,6.08
2891,2003/5/31 5:30,6.08
2892,2003/5/31 6:00,6.08
2893,2003/5/31 6:30,6.08
2894,2003/5/31 7:00,14.495
2895,2003/5/31 7:30,14.495
2896,2003/5/31 8:00,14.495
2897,2003/5/31 8:30,14.495
2898,2003/5/31 9:00,14.495
2899,2003/5/31 9:30,14.495
2900,2003/5/31 10:00,14.495
2901,2003/5/31 10:30,14.495
2902,2003/5/31 11:00,14.495
2903,2003/5/31 11:30,14.495
2904,2003/5/31 12:00,14.495
2905,2003/5/31 12:30,14.495
2906,2003/5/31 13:00,14.495
2907,2003/5/31 13:30,14.495
2908,2003/5/31 14:00,14.495
2909,2003/5/31 14:30,14.495
2910,2003/5/31 15:00,14.495
2911,2003/5/31 15:30,14.495
2912,2003/5/31 16:00,14.495
2913,2003/5/31 16:30,14.495
2914,2003/5/31 17:00,14.495
2915,2003/5/31 17:30,14.495
2916,2003/5/31 18:00,14.495
2917,2003/5/31 18:30,14.495
2918,2003/5/31 19:00,14.495
2919,2003/5/31 19:30,14.495
2920,2003/5/31 20:00,14.495
2921,2003/5/31 20:30,14.495
2922,2003/5/31 21:00,14.495
2923,2003/5/31 21:30,14.495
2924,2003/5/31 22:00,14.495
2925,2003/5/31 22:30,14.495
2926,2003/5/31 23:00,14.495
2927,2003/5/31 23:30,14.495
2928,2003/6/1 0:00,6.08
2929,2003/6/1 0:30,6.08
2930,2003/6/1 1:00,6.08
2931,2003/6/1 1:30,6.08
2932,2003/6/1 2:00,6.08
2933,2003/6/1 2:30,6.08
2934,2003/6/1 3:00,6.08
2935,2003/6/1 3:30,6.08
2936,2003/6/1 4:00,6.08
2937,2003/6/1 4:30,6.08
2938,2003/6/1 5:00,6.08
2939,2003/6/1 5:30,6.08
2940,2003/6/1 6:00,6.08
2941,2003/6/1 6:30,6.08
2942,2003/6/1 7:00,14.495
2943,2003/6/1 7:30,14.495
2944,2003/6/1 8:00,14.495
2945,2003/6/1 8:30,14.495
2946,2003/6/1 9:00,14.495
2947,2003/6/1 9:30,14.495
2948,2003/6/1 10:00,14.495
2949,2003/6/1 10:30,14.495
2950,2003/6/1 11:00,14.495
2951,2003/6/1 11:30,14.495
2952,2003/6/1 12:00,14.495
2953,2003/6/1 12:30,14.495
2954,2003/6/1 13:00,14.495
2955,2003/6/1 13:30,14.495
2956,2003/6/1 14:00,14.495
2957,2003/6/1 14:30,14.495
2958,2003/6/1 15:00,14.495
2959,2003/6/1 15:30,14.495
2960,2003/6/1 16:00,14.495
2961,2003/6/1 16:30,14.495
2962,2003/6/1 17:00,14.495
2963,2003/6/1 17:30,14.495
2964,2003/6/1 18:00,14.495
2965,2003/6/1 18:30,14.495
2966,2003/6/1 19:00,14.495
2967,2003/6/1 19:30,14.495
2968,2003/6/1 20:00,14.495
2969,2003/6/1 20:30,14.495
2970,2003/6/1 21:00,14.495
2971,2003/6/1 21:30,14.495
2972,2003/6/1 22:00,14.495
2973,2003/6/1 22:30,14.495
2974,2003/6/1 23:00,14.495
2975,2003/6/1 23:30,14.495
2976,2003/6/2 0:00,6.08
2977,2003/6/2 0:30,6.08
2978,2003/6/2 1:00,6.08
2979,2003/6/2 1:30,6.08
2980,2003/6/2 2:00,6.08
2981,2003/6/2 2:30,6.08
2982,2003/6/2 3:00,6.08
2983,2003/6/2 3:30,6.08
2984,2003/6/2 4:00,6.08
2985,2003/6/2 4:30,6.08
2986,2003/6/2 5:00,6.08
2987,2003/6/2 5:30,6.08
2988,2003/6/2 6:00,6.08
2989,2003/6/2 6:30,6.08
2990,2003/6/2 7:00,14.495
2991,2003/6/2 7:30,14.495
2992,2003/6/2 8:00,14.495
2993,2003/6/2 8:30,14.495
2994,2003/6/2 9:00,14.495
2995,2003/6/2 9:30,14.495
2996,2003/6/2 10:00,14.495
2997,2003/6/2 10:30,14.495
2998,2003/6/2 11:00,14.495
2999,2003/6/2 11:30,14.495
3000,2003/6/2 12:00,14.495
3001,2003/6/2 12:30,14.495
3002,2003/6/2 13:00,14.495
3003,2003/6/2 13:30,14.495
3004,2003/6/2 14:00,14.495
3005,2003/6/2 14:30,14.495
3006,2003/6/2 15:00,14.495
3007,2003/6/2 15:30,14.495
3008,2003/6/2 16:00,14.495
3009,2003/6/2 16:30,14.495
3010,2003/6/2 17:00,14.495
3011,2003/6/2 17:30,14.495
3012,2003/6/2 18:00,14.495
3013,2003/6/2 18:30,14.495
3014,2003/6/2 19:00,14.495
3015,2003/6/2 19:30,14.495
3016,2003/6/2 20:00,14.495
3017,2003/6/2 20:30,14.495
3018,2003/6/2 21:00,14.495
3019,2003/6/2 21:30,14.495
3020,2003/6/2 22:00,14.495
3021,2003/6/2 22:30,14.495
3022,2003/6/2 23:00,14.495
3023,2003/6/2 23:30,14.495
3024,2003/6/3 0:00,6.08
3025,2003/6/3 0:30,6.08
3026,2003/6/3 1:00,6.08
3027,2003/6/3 1:30,6.08
3028,2003/6/3 2:00,6.08
3029,2003/6/3 2:30,6.08
3030,2003/6/3 3:00,6.08
3031,2003/6/3 3:30,6.08
3032,2003/6/3 4:00,6.08
3033,2003/6/3 4:30,6.08
3034,2003/6/3 5:00,6.08
3035,2003/6/3 5:30,6.08
3036,2003/6/3 6:00,6.08
3037,2003/6/3 6:30,6.08
3038,2003/6/3 7:00,14.495
3039,2003/6/3 7:30,14.495
3040,2003/6/3 8:00,14.495
3041,2003/6/3 8:30,14.495
3042,2003/6/3 9:00,14.495
3043,2003/6/3 9:30,14.495
3044,2003/6/3 10:00,14.495
3045,2003/6/3 10:30,14.495
3046,2003/6/3 11:00,14.495
3047,2003/6/3 11:30,14.495
3048,2003/6/3 12:00,14.495
3049,2003/6/3 12:30,14.495
3050,2003/6/3 13:00,14.495
3051,2003/6/3 13:30,14.495
3052,2003/6/3 14:00,14.495
3053,2003/6/3 14:30,14.495
3054,2003/6/3 15:00,14.495
3055,2003/6/3 15:30,14.495
3056,2003/6/3 16:00,14.495
3057,2003/6/3 16:30,14.495
3058,2003/6/3 17:00,14.495
3059,2003/6/3 17:30,14.495
3060,2003/6/3 18:00,14.495
3061,2003/6/3 18:30,14.495
3062,2003/6/3 19:00,14.495
3063,2003/6/3 19:30,14.495
3064,2003/6/3 20:00,14.495
3065,2003/6/3 20:30,14.495
3066,2003/6/3 21:00,14.495
3067,2003/6/3 21:30,14.495
3068,2003/6/3 22:00,14.495
3069,2003/6/3 22:30,14.495
3070,2003/6/3 23:00,14.495
3071,2003/6/3 23:30,14.495
3072,2003/6/4 0:00,6.08
3073,2003/6/4 0:30,6.08
3074,2003/6/4 1:00,6.08
3075,2003/6/4 1:30,6.08
3076,2003/6/4 2:00,6.08
3077,2003/6/4 2:30,6.08
3078,2003/6/4 3:00,6.08
3079,2003/6/4 3:30,6.08
3080,2003/6/4 4:00,6.08
3081,2003/6/4 4:30,6.08
3082,2003/6/4 5:00,6.08
3083,2003/6/4 5:30,6.08
3084,2003/6/4 6:00,6.08
3085,2003/6/4 6:30,6.08
3086,2003/6/4 7:00,14.495
3087,2003/6/4 7:30,14.495
3088,2003/6/4 8:00,14.495
3089,2003/6/4 8:30,14.495
3090,2003/6/4 9:00,14.495
3091,2003/6/4 9:30,14.495
3092,2003/6/4 10:00,14.495
3093,2003/6/4 10:30,14.495
3094,2003/6/4 11:00,14.495
3095,2003/6/4 11:30,14.495
3096,2003/6/4 12:00,14.495
3097,2003/6/4 12:30,14.495
3098,2003/6/4 13:00,14.495
3099,2003/6/4 13:30,14.495
3100,2003/6/4 14:00,14.495
3101,2003/6/4 14:30,14.495
3102,2003/6/4 15:00,14.495
3103,2003/6/4 15:30,14.495
3104,2003/6/4 16:00,14.495
3105,2003/6/4 16:30,14.495
3106,2003/6/4 17:00,14.495
3107,2003/6/4 17:30,14.495
3108,2003/6/4 18:00,14.495
3109,2003/6/4 18:30,14.495
3110,2003/6/4 19:00,14.495
3111,2003/6/4 19:30,14.495
3112,2003/6/4 20:00,14.495
3113,2003/6/4 20:30,14.495
3114,2003/6/4 21:00,14.495
3115,2003/6/4 21:30,14.495
3116,2003/6/4 22:00,14.495
3117,2003/6/4 22:30,14.495
3118,2003/6/4 23:00,14.495
3119,2003/6/4 23:30,14.495
3120,2003/6/5 0:00,6.08
3121,2003/6/5 0:30,6.08
3122,2003/6/5 1:00,6.08
3123,2003/6/5 1:30,6.08
3124,2003/6/5 2:00,6.08
3125,2003/6/5 2:30,6.08
3126,2003/6/5 3:00,6.08
3127,2003/6/5 3:30,6.08
3128,2003/6/5 4:00,6.08
3129,2003/6/5 4:30,6.08
3130,2003/6/5 5:00,6.08
3131,2003/6/5 5:30,6.08
3132,2003/6/5 6:00,6.08
3133,2003/6/5 6:30,6.08
3134,2003/6/5 7:00,14.495
3135,2003/6/5 7:30,14.495
3136,2003/6/5 8:00,14.495
3137,2003/6/5 8:30,14.495
3138,2003/6/5 9:00,14.495
3139,2003/6/5 9:30,14.495
3140,2003/6/5 10:00,14.495
3141,2003/6/5 10:30,14.495
3142,2003/6/5 11:00,14.495
3143,2003/6/5 11:30,14.495
3144,2003/6/5 12:00,14.495
3145,2003/6/5 12:30,14.495
3146,2003/6/5 13:00,14.495
3147,2003/6/5 13:30,14.495
3148,2003/6/5 14:00,14.495
3149,2003/6/5 14:30,14.495
3150,2003/6/5 15:00,14.495
3151,2003/6/5 15:30,14.495
3152,2003/6/5 16:00,14.495
3153,2003/6/5 16:30,14.495
3154,2003/6/5 17:00,14.495
3155,2003/6/5 17:30,14.495
3156,2003/6/5 18:00,14.495
3157,2003/6/5 18:30,14.495
3158,2003/6/5 19:00,14.495
3159,2003/6/5 19:30,14.495
3160,2003/6/5 20:00,14.495
3161,2003/6/5 20:30,14.495
3162,2003/6/5 21:00,14.495
3163,2003/6/5 21:30,14.495
3164,2003/6/5 22:00,14.495
3165,2003/6/5 22:30,14.495
3166,2003/6/5 23:00,14.495
3167,2003/6/5 23:30,14.495
3168,2003/6/6 0:00,6.08
3169,2003/6/6 0:30,6.08
3170,2003/6/6 1:00,6.08
3171,2003/6/6 1:30,6.08
3172,2003/6/6 2:00,6.08
3173,2003/6/6 2:30,6.08
3174,2003/6/6 3:00,6.08
3175,2003/6/6 3:30,6.08
3176,2003/6/6 4:00,6.08
3177,2003/6/6 4:30,6.08
3178,2003/6/6 5:00,6.08
3179,2003/6/6 5:30,6.08
3180,2003/6/6 6:00,6.08
3181,2003/6/6 6:30,6.08
3182,2003/6/6 7:00,14.495
3183,2003/6/6 7:30,14.495
3184,2003/6/6 8:00,14.495
3185,2003/6/6 8:30,14.495
3186,2003/6/6 9:00,14.495
3187,2003/6/6 9:30,14.495
3188,2003/6/6 10:00,14.495
3189,2003/6/6 10:30,14.495
3190,2003/6/6 11:00,14.495
3191,2003/6/6 11:30,14.495
3192,2003/6/6 12:00,14.495
3193,2003/6/6 12:30,14.495
3194,2003/6/6 13:00,14.495
3195,2003/6/6 13:30,14.495
3196,2003/6/6 14:00,14.495
3197,2003/6/6 14:30,14.495
3198,2003/6/6 15:00,14.495
3199,2003/6/6 15:30,14.495
3200,2003/6/6 16:00,14.495
3201,2003/6/6 16:30,14.495
3202,2003/6/6 17:00,14.495
3203,2003/6/6 17:30,14.495
3204,2003/6/6 18:00,14.495
3205,2003/6/6 18:30,14.495
3206,2003/6/6 19:00,14.495
3207,2003/6/6 19:30,14.495
3208,2003/6/6 20:00,14.495
3209,2003/6/6 20:30,14.495
3210,2003/6/6 21:00,14.495
3211,2003/6/6 21:30,14.495
3212,2003/6/6 22:00,14.495
3213,2003/6/6 22:30,14.495
3214,2003/6/6 23:00,14.495
3215,2003/6/6 23:30,14.495
3216,2003/6/7 0:00,6.08
3217,2003/6/7 0:30,6.08
3218,2003/6/7 1:00,6.08
3219,2003/6/7 1:30,6.08
3220,2003/6/7 2:00,6.08
3221,2003/6/7 2:30,6.08
3222,2003/6/7 3:00,6.08
3223,2003/6/7 3:30,6.08
3224,2003/6/7 4:00,6.08
3225,2003/6/7 4:30,6.08
3226,2003/6/7 5:00,6.08
3227,2003/6/7 5:30,6.08
3228,2003/6/7 6:00,6.08
3229,2003/6/7 6:30,6.08
3230,2003/6/7 7:00,14.495
3231,2003/6/7 7:30,14.495
3232,2003/6/7 8:00,14.495
3233,2003/6/7 8:30,14.495
3234,2003/6/7 9:00,14.495
3235,2003/6/7 9:30,14.495
3236,2003/6/7 10:00,14.495
3237,2003/6/7 10:30,14.495
3238,2003/6/7 11:00,14.495
3239,2003/6/7 11:30,14.495
3240,2003/6/7 12:00,14.495
3241,2003/6/7 12:30,14.495
3242,2003/6/7 13:00,14.495
3243,2003/6/7 13:30,14.495
3244,2003/6/7 14:00,14.495
3245,2003/6/7 14:30,14.495
3246,2003/6/7 15:00,14.495
3247,2003/6/7 15:30,14.495
3248,2003/6/7 16:00,14.495
3249,2003/6/7 16:30,14.495
3250,2003/6/7 17:00,14.495
3251,2003/6/7 17:30,14.495
3252,2003/6/7 18:00,14.495
3253,2003/6/7 18:30,14.495
3254,2003/6/7 19:00,14.495
3255,2003/6/7 19:30,14.495
3256,2003/6/7 20:00,14.495
3257,2003/6/7 20:30,14.495
3258,2003/6/7 21:00,14.495
3259,2003/6/7 21:30,14.495
3260,2003/6/7 22:00,14.495
3261,2003/6/7 22:30,14.495
3262,2003/6/7 23:00,14.495
3263,2003/6/7 23:30,14.495
3264,2003/6/8 0:00,6.08
3265,2003/6/8 0:30,6.08
3266,2003/6/8 1:00,6.08
3267,2003/6/8 1:30,6.08
3268,2003/6/8 2:00,6.08
3269,2003/6/8 2:30,6.08
3270,2003/6/8 3:00,6.08
3271,2003/6/8 3:30,6.08
3272,2003/6/8 4:00,6.08
3273,2003/6/8 4:30,6.08
3274,2003/6/8 5:00,6.08
3275,2003/6/8 5:30,6.08
3276,2003/6/8 6:00,6.08
3277,2003/6/8 6:30,6.08
3278,2003/6/8 7:00,14.495
3279,2003/6/8 7:30,14.495
3280,2003/6/8 8:00,14.495
3281,2003/6/8 8:30,14.495
3282,2003/6/8 9:00,14.495
3283,2003/6/8 9:30,14.495
3284,2003/6/8 10:00,14.495
3285,2003/6/8 10:30,14.495
3286,2003/6/8 11:00,14.495
3287,2003/6/8 11:30,14.495
3288,2003/6/8 12:00,14.495
3289,2003/6/8 12:30,14.495
3290,2003/6/8 13:00,14.495
3291,2003/6/8 13:30,14.495
3292,2003/6/8 14:00,14.495
3293,2003/6/8 14:30,14.495
3294,2003/6/8 15:00,14.495
3295,2003/6/8 15:30,14.495
3296,2003/6/8 16:00,14.495
3297,2003/6/8 16:30,14.495
3298,2003/6/8 17:00,14.495
3299,2003/6/8 17:30,14.495
3300,2003/6/8 18:00,14.495
3301,2003/6/8 18:30,14.495
3302,2003/6/8 19:00,14.495
3303,2003/6/8 19:30,14.495
3304,2003/6/8 20:00,14.495
3305,2003/6/8 20:30,14.495
3306,2003/6/8 21:00,14.495
3307,2003/6/8 21:30,14.495
3308,2003/6/8 22:00,14.495
3309,2003/6/8 22:30,14.495
3310,2003/6/8 23:00,14.495
3311,2003/6/8 23:30,14.495
3312,2003/6/9 0:00,6.08
3313,2003/6/9 0:30,6.08
3314,2003/6/9 1:00,6.08
3315,2003/6/9 1:30,6.08
3316,2003/6/9 2:00,6.08
3317,2003/6/9 2:30,6.08
3318,2003/6/9 3:00,6.08
3319,2003/6/9 3:30,6.08
3320,2003/6/9 4:00,6.08
3321,2003/6/9 4:30,6.08
3322,2003/6/9 5:00,6.08
3323,2003/6/9 5:30,6.08
3324,2003/6/9 6:00,6.08
3325,2003/6/9 6:30,6.08
3326,2003/6/9 7:00,14.495
3327,2003/6/9 7:30,14.495
3328,2003/6/9 8:00,14.495
3329,2003/6/9 8:30,14.495
3330,2003/6/9 9:00,14.495
3331,2003/6/9 9:30,14.495
3332,2003/6/9 10:00,14.495
3333,2003/6/9 10:30,14.495
3334,2003/6/9 11:00,14.495
3335,2003/6/9 11:30,14.495
3336,2003/6/9 12:00,14.495
3337,2003/6/9 12:30,14.495
3338,2003/6/9 13:00,14.495
3339,2003/6/9 13:30,14.495
3340,2003/6/9 14:00,14.495
3341,2003/6/9 14:30,14.495
3342,2003/6/9 15:00,14.495
3343,2003/6/9 15:30,14.495
3344,2003/6/9 16:00,14.495
3345,2003/6/9 16:30,14.495
3346,2003/6/9 17:00,14.495
3347,2003/6/9 17:30,14.495
3348,2003/6/9 18:00,14.495
3349,2003/6/9 18:30,14.495
3350,2003/6/9 19:00,14.495
3351,2003/6/9 19:30,14.495
3352,2003/6/9 20:00,14.495
3353,2003/6/9 20:30,14.495
3354,2003/6/9 21:00,14.495
3355,2003/6/9 21:30,14.495
3356,2003/6/9 22:00,14.495
3357,2003/6/9 22:30,14.495
3358,2003/6/9 23:00,14.495
3359,2003/6/9 23:30,14.495
3360,2003/6/10 0:00,6.08
3361,2003/6/10 0:30,6.08
3362,2003/6/10 1:00,6.08
3363,2003/6/10 1:30,6.08
3364,2003/6/10 2:00,6.08
3365,2003/6/10 2:30,6.08
3366,2003/6/10 3:00,6.08
3367,2003/6/10 3:30,6.08
3368,2003/6/10 4:00,6.08
3369,2003/6/10 4:30,6.08
3370,2003/6/10 5:00,6.08
3371,2003/6/10 5:30,6.08
3372,2003/6/10 6:00,6.08
3373,2003/6/10 6:30,6.08
3374,2003/6/10 7:00,14.495
3375,2003/6/10 7:30,14.495
3376,2003/6/10 8:00,14.495
3377,2003/6/10 8:30,14.495
3378,2003/6/10 9:00,14.495
3379,2003/6/10 9:30,14.495
3380,2003/6/10 10:00,14.495
3381,2003/6/10 10:30,14.495
3382,2003/6/10 11:00,14.495
3383,2003/6/10 11:30,14.495
3384,2003/6/10 12:00,14.495
3385,2003/6/10 12:30,14.495
3386,2003/6/10 13:00,14.495
3387,2003/6/10 13:30,14.495
3388,2003/6/10 14:00,14.495
3389,2003/6/10 14:30,14.495
3390,2003/6/10 15:00,14.495
3391,2003/6/10 15:30,14.495
3392,2003/6/10 16:00,14.495
3393,2003/6/10 16:30,14.495
3394,2003/6/10 17:00,14.495
3395,2003/6/10 17:30,14.495
3396,2003/6/10 18:00,14.495
3397,2003/6/10 18:30,14.495
3398,2003/6/10 19:00,14.495
3399,2003/6/10 19:30,14.495
3400,2003/6/10 20:00,14.495
3401,2003/6/10 20:30,14.495
3402,2003/6/10 21:00,14.495
3403,2003/6/10 21:30,14.495
3404,2003/6/10 22:00,14.495
3405,2003/6/10 22:30,14.495
3406,2003/6/10 23:00,14.495
3407,2003/6/10 23:30,14.495
3408,2003/6/11 0:00,6.08
3409,2003/6/11 0:30,6.08
3410,2003/6/11 1:00,6.08
3411,2003/6/11 1:30,6.08
3412,2003/6/11 2:00,6.08
3413,2003/6/11 2:30,6.08
3414,2003/6/11 3:00,6.08
3415,2003/6/11 3:30,6.08
3416,2003/6/11 4:00,6.08
3417,2003/6/11 4:30,6.08
3418,2003/6/11 5:00,6.08
3419,2003/6/11 5:30,6.08
3420,2003/6/11 6:00,6.08
3421,2003/6/11 6:30,6.08
3422,2003/6/11 7:00,14.495
3423,2003/6/11 7:30,14.495
3424,2003/6/11 8:00,14.495
3425,2003/6/11 8:30,14.495
3426,2003/6/11 9:00,14.495
3427,2003/6/11 9:30,14.495
3428,2003/6/11 10:00,14.495
3429,2003/6/11 10:30,14.495
3430,2003/6/11 11:00,14.495
3431,2003/6/11 11:30,14.495
3432,2003/6/11 12:00,14.495
3433,2003/6/11 12:30,14.495
3434,2003/6/11 13:00,14.495
3435,2003/6/11 13:30,14.495
3436,2003/6/11 14:00,14.495
3437,2003/6/11 14:30,14.495
3438,2003/6/11 15:00,14.495
3439,2003/6/11 15:30,14.495
3440,2003/6/11 16:00,14.495
3441,2003/6/11 16:30,14.495
3442,2003/6/11 17:00,14.495
3443,2003/6/11 17:30,14.495
3444,2003/6/11 18:00,14.495
3445,2003/6/11 18:30,14.495
3446,2003/6/11 19:00,14.495
3447,2003/6/11 19:30,14.495
3448,2003/6/11 20:00,14.495
3449,2003/6/11 20:30,14.495
3450,2003/6/11 21:00,14.495
3451,2003/6/11 21:30,14.495
3452,2003/6/11 22:00,14.495
3453,2003/6/11 22:30,14.495
3454,2003/6/11 23:00,14.495
3455,2003/6/11 23:30,14.495
3456,2003/6/12 0:00,6.08
3457,2003/6/12 0:30,6.08
3458,2003/6/12 1:00,6.08
3459,2003/6/12 1:30,6.08
3460,2003/6/12 2:00,6.08
3461,2003/6/12 2:30,6.08
3462,2003/6/12 3:00,6.08
3463,2003/6/12 3:30,6.08
3464,2003/6/12 4:00,6.08
3465,2003/6/12 4:30,6.08
3466,2003/6/12 5:00,6.08
3467,2003/6/12 5:30,6.08
3468,2003/6/12 6:00,6.08
3469,2003/6/12 6:30,6.08
3470,2003/6/12 7:00,14.495
3471,2003/6/12 7:30,14.495
3472,2003/6/12 8:00,14.495
3473,2003/6/12 8:30,14.495
3474,2003/6/12 9:00,14.495
3475,2003/6/12 9:30,14.495
3476,2003/6/12 10:00,14.495
3477,2003/6/12 10:30,14.495
3478,2003/6/12 11:00,14.495
3479,2003/6/12 11:30,14.495
3480,2003/6/12 12:00,14.495
3481,2003/6/12 12:30,14.495
3482,2003/6/12 13:00,14.495
3483,2003/6/12 13:30,14.495
3484,2003/6/12 14:00,14.495
3485,2003/6/12 14:30,14.495
3486,2003/6/12 15:00,14.495
3487,2003/6/12 15:30,14.495
3488,2003/6/12 16:00,14.495
3489,2003/6/12 16:30,14.495
3490,2003/6/12 17:00,14.495
3491,2003/6/12 17:30,14.495
3492,2003/6/12 18:00,14.495
3493,2003/6/12 18:30,14.495
3494,2003/6/12 19:00,14.495
3495,2003/6/12 19:30,14.495
3496,2003/6/12 20:00,14.495
3497,2003/6/12 20:30,14.495
3498,2003/6/12 21:00,14.495
3499,2003/6/12 21:30,14.495
3500,2003/6/12 22:00,14.495
3501,2003/6/12 22:30,14.495
3502,2003/6/12 23:00,14.495
3503,2003/6/12 23:30,14.495
3504,2003/6/13 0:00,6.08
3505,2003/6/13 0:30,6.08
3506,2003/6/13 1:00,6.08
3507,2003/6/13 1:30,6.08
3508,2003/6/13 2:00,6.08
3509,2003/6/13 2:30,6.08
3510,2003/6/13 3:00,6.08
3511,2003/6/13 3:30,6.08
3512,2003/6/13 4:00,6.08
3513,2003/6/13 4:30,6.08
3514,2003/6/13 5:00,6.08
3515,2003/6/13 5:30,6.08
3516,2003/6/13 6:00,6.08
3517,2003/6/13 6:30,6.08
3518,2003/6/13 7:00,14.495
3519,2003/6/13 7:30,14.495
3520,2003/6/13 8:00,14.495
3521,2003/6/13 8:30,14.495
3522,2003/6/13 9:00,14.495
3523,2003/6/13 9:30,14.495
3524,2003/6/13 10:00,14.495
3525,2003/6/13 10:30,14.495
3526,2003/6/13 11:00,14.495
3527,2003/6/13 11:30,14.495
3528,2003/6/13 12:00,14.495
3529,2003/6/13 12:30,14.495
3530,2003/6/13 13:00,14.495
3531,2003/6/13 13:30,14.495
3532,2003/6/13 14:00,14.495
3533,2003/6/13 14:30,14.495
3534,2003/6/13 15:00,14.495
3535,2003/6/13 15:30,14.495
3536,2003/6/13 16:00,14.495
3537,2003/6/13 16:30,14.495
3538,2003/6/13 17:00,14.495
3539,2003/6/13 17:30,14.495
3540,2003/6/13 18:00,14.495
3541,2003/6/13 18:30,14.495
3542,2003/6/13 19:00,14.495
3543,2003/6/13 19:30,14.495
3544,2003/6/13 20:00,14.495
3545,2003/6/13 20:30,14.495
3546,2003/6/13 21:00,14.495
3547,2003/6/13 21:30,14.495
3548,2003/6/13 22:00,14.495
3549,2003/6/13 22:30,14.495
3550,2003/6/13 23:00,14.495
3551,2003/6/13 23:30,14.495
3552,2003/6/14 0:00,6.08
3553,2003/6/14 0:30,6.08
3554,2003/6/14 1:00,6.08
3555,2003/6/14 1:30,6.08
3556,2003/6/14 2:00,6.08
3557,2003/6/14 2:30,6.08
3558,2003/6/14 3:00,6.08
3559,2003/6/14 3:30,6.08
3560,2003/6/14 4:00,6.08
3561,2003/6/14 4:30,6.08
3562,2003/6/14 5:00,6.08
3563,2003/6/14 5:30,6.08
3564,2003/6/14 6:00,6.08
3565,2003/6/14 6:30,6.08
3566,2003/6/14 7:00,14.495
3567,2003/6/14 7:30,14.495
3568,2003/6/14 8:00,14.495
3569,2003/6/14 8:30,14.495
3570,2003/6/14 9:00,14.495
3571,2003/6/14 9:30,14.495
3572,2003/6/14 10:00,14.495
3573,2003/6/14 10:30,14.495
3574,2003/6/14 11:00,14.495
3575,2003/6/14 11:30,14.495
3576,2003/6/14 12:00,14.495
3577,2003/6/14 12:30,14.495
3578,2003/6/14 13:00,14.495
3579,2003/6/14 13:30,14.495
3580,2003/6/14 14:00,14.495
3581,2003/6/14 14:30,14.495
3582,2003/6/14 15:00,14.495
3583,2003/6/14 15:30,14.495
3584,2003/6/14 16:00,14.495
3585,2003/6/14 16:30,14.495
3586,2003/6/14 17:00,14.495
3587,2003/6/14 17:30,14.495
3588,2003/6/14 18:00,14.495
3589,2003/6/14 18:30,14.495
3590,2003/6/14 19:00,14.495
3591,2003/6/14 19:30,14.495
3592,2003/6/14 20:00,14.495
3593,2003/6/14 20:30,14.495
3594,2003/6/14 21:00,14.495
3595,2003/6/14 21:30,14.495
3596,2003/6/14 22:00,14.495
3597,2003/6/14 22:30,14.495
3598,2003/6/14 23:00,14.495
3599,2003/6/14 23:30,14.495
3600,2003/6/15 0:00,6.08
3601,2003/6/15 0:30,6.08
3602,2003/6/15 1:00,6.08
3603,2003/6/15 1:30,6.08
3604,2003/6/15 2:00,6.08
3605,2003/6/15 2:30,6.08
3606,2003/6/15 3:00,6.08
3607,2003/6/15 3:30,6.08
3608,2003/6/15 4:00,6.08
3609,2003/6/15 4:30,6.08
3610,2003/6/15 5:00,6.08
3611,2003/6/15 5:30,6.08
3612,2003/6/15 6:00,6.08
3613,2003/6/15 6:30,6.08
3614,2003/6/15 7:00,14.495
3615,2003/6/15 7:30,14.495
3616,2003/6/15 8:00,14.495
3617,2003/6/15 8:30,14.495
3618,2003/6/15 9:00,14.495
3619,2003/6/15 9:30,14.495
3620,2003/6/15 10:00,14.495
3621,2003/6/15 10:30,14.495
3622,2003/6/15 11:00,14.495
3623,2003/6/15 11:30,14.495
3624,2003/6/15 12:00,14.495
3625,2003/6/15 12:30,14.495
3626,2003/6/15 13:00,14.495
3627,2003/6/15 13:30,14.495
3628,2003/6/15 14:00,14.495
3629,2003/6/15 14:30,14.495
3630,2003/6/15 15:00,14.495
3631,2003/6/15 15:30,14.495
3632,2003/6/15 16:00,14.495
3633,2003/6/15 16:30,14.495
3634,2003/6/15 17:00,14.495
3635,2003/6/15 17:30,14.495
3636,2003/6/15 18:00,14.495
3637,2003/6/15 18:30,14.495
3638,2003/6/15 19:00,14.495
3639,2003/6/15 19:30,14.495
3640,2003/6/15 20:00,14.495
3641,2003/6/15 20:30,14.495
3642,2003/6/15 21:00,14.495
3643,2003/6/15 21:30,14.495
3644,2003/6/15 22:00,14.495
3645,2003/6/15 22:30,14.495
3646,2003/6/15 23:00,14.495
3647,2003/6/15 23:30,14.495
3648,2003/6/16 0:00,6.08
3649,2003/6/16 0:30,6.08
3650,2003/6/16 1:00,6.08
3651,2003/6/16 1:30,6.08
3652,2003/6/16 2:00,6.08
3653,2003/6/16 2:30,6.08
3654,2003/6/16 3:00,6.08
3655,2003/6/16 3:30,6.08
3656,2003/6/16 4:00,6.08
3657,2003/6/16 4:30,6.08
3658,2003/6/16 5:00,6.08
3659,2003/6/16 5:30,6.08
3660,2003/6/16 6:00,6.08
3661,2003/6/16 6:30,6.08
3662,2003/6/16 7:00,14.495
3663,2003/6/16 7:30,14.495
3664,2003/6/16 8:00,14.495
3665,2003/6/16 8:30,14.495
3666,2003/6/16 9:00,14.495
3667,2003/6/16 9:30,14.495
3668,2003/6/16 10:00,14.495
3669,2003/6/16 10:30,14.495
3670,2003/6/16 11:00,14.495
3671,2003/6/16 11:30,14.495
3672,2003/6/16 12:00,14.495
3673,2003/6/16 12:30,14.495
3674,2003/6/16 13:00,14.495
3675,2003/6/16 13:30,14.495
3676,2003/6/16 14:00,14.495
3677,2003/6/16 14:30,14.495
3678,2003/6/16 15:00,14.495
3679,2003/6/16 15:30,14.495
3680,2003/6/16 16:00,14.495
3681,2003/6/16 16:30,14.495
3682,2003/6/16 17:00,14.495
3683,2003/6/16 17:30,14.495
3684,2003/6/16 18:00,14.495
3685,2003/6/16 18:30,14.495
3686,2003/6/16 19:00,14.495
3687,2003/6/16 19:30,14.495
3688,2003/6/16 20:00,14.495
3689,2003/6/16 20:30,14.495
3690,2003/6/16 21:00,14.495
3691,2003/6/16 21:30,14.495
3692,2003/6/16 22:00,14.495
3693,2003/6/16 22:30,14.495
3694,2003/6/16 23:00,14.495
3695,2003/6/16 23:30,14.495
3696,2003/6/17 0:00,6.08
3697,2003/6/17 0:30,6.08
3698,2003/6/17 1:00,6.08
3699,2003/6/17 1:30,6.08
3700,2003/6/17 2:00,6.08
3701,2003/6/17 2:30,6.08
3702,2003/6/17 3:00,6.08
3703,2003/6/17 3:30,6.08
3704,2003/6/17 4:00,6.08
3705,2003/6/17 4:30,6.08
3706,2003/6/17 5:00,6.08
3707,2003/6/17 5:30,6.08
3708,2003/6/17 6:00,6.08
3709,2003/6/17 6:30,6.08
3710,2003/6/17 7:00,14.495
3711,2003/6/17 7:30,14.495
3712,2003/6/17 8:00,14.495
3713,2003/6/17 8:30,14.495
3714,2003/6/17 9:00,14.495
3715,2003/6/17 9:30,14.495
3716,2003/6/17 10:00,14.495
3717,2003/6/17 10:30,14.495
3718,2003/6/17 11:00,14.495
3719,2003/6/17 11:30,14.495
3720,2003/6/17 12:00,14.495
3721,2003/6/17 12:30,14.495
3722,2003/6/17 13:00,14.495
3723,2003/6/17 13:30,14.495
3724,2003/6/17 14:00,14.495
3725,2003/6/17 14:30,14.495
3726,2003/6/17 15:00,14.495
3727,2003/6/17 15:30,14.495
3728,2003/6/17 16:00,14.495
3729,2003/6/17 16:30,14.495
3730,2003/6/17 17:00,14.495
3731,2003/6/17 17:30,14.495
3732,2003/6/17 18:00,14.495
3733,2003/6/17 18:30,14.495
3734,2003/6/17 19:00,14.495
3735,2003/6/17 19:30,14.495
3736,2003/6/17 20:00,14.495
3737,2003/6/17 20:30,14.495
3738,2003/6/17 21:00,14.495
3739,2003/6/17 21:30,14.495
3740,2003/6/17 22:00,14.495
3741,2003/6/17 22:30,14.495
3742,2003/6/17 23:00,14.495
3743,2003/6/17 23:30,14.495
3744,2003/6/18 0:00,6.08
3745,2003/6/18 0:30,6.08
3746,2003/6/18 1:00,6.08
3747,2003/6/18 1:30,6.08
3748,2003/6/18 2:00,6.08
3749,2003/6/18 2:30,6.08
3750,2003/6/18 3:00,6.08
3751,2003/6/18 3:30,6.08
3752,2003/6/18 4:00,6.08
3753,2003/6/18 4:30,6.08
3754,2003/6/18 5:00,6.08
3755,2003/6/18 5:30,6.08
3756,2003/6/18 6:00,6.08
3757,2003/6/18 6:30,6.08
3758,2003/6/18 7:00,14.495
3759,2003/6/18 7:30,14.495
3760,2003/6/18 8:00,14.495
3761,2003/6/18 8:30,14.495
3762,2003/6/18 9:00,14.495
3763,2003/6/18 9:30,14.495
3764,2003/6/18 10:00,14.495
3765,2003/6/18 10:30,14.495
3766,2003/6/18 11:00,14.495
3767,2003/6/18 11:30,14.495
3768,2003/6/18 12:00,14.495
3769,2003/6/18 12:30,14.495
3770,2003/6/18 13:00,14.495
3771,2003/6/18 13:30,14.495
3772,2003/6/18 14:00,14.495
3773,2003/6/18 14:30,14.495
3774,2003/6/18 15:00,14.495
3775,2003/6/18 15:30,14.495
3776,2003/6/18 16:00,14.495
3777,2003/6/18 16:30,14.495
3778,2003/6/18 17:00,14.495
3779,2003/6/18 17:30,14.495
3780,2003/6/18 18:00,14.495
3781,2003/6/18 18:30,14.495
3782,2003/6/18 19:00,14.495
3783,2003/6/18 19:30,14.495
3784,2003/6/18 20:00,14.495
3785,2003/6/18 20:30,14.495
3786,2003/6/18 21:00,14.495
3787,2003/6/18 21:30,14.495
3788,2003/6/18 22:00,14.495
3789,2003/6/18 22:30,14.495
3790,2003/6/18 23:00,14.495
3791,2003/6/18 23:30,14.495
3792,2003/6/19 0:00,6.08
3793,2003/6/19 0:30,6.08
3794,2003/6/19 1:00,6.08
3795,2003/6/19 1:30,6.08
3796,2003/6/19 2:00,6.08
3797,2003/6/19 2:30,6.08
3798,2003/6/19 3:00,6.08
3799,2003/6/19 3:30,6.08
3800,2003/6/19 4:00,6.08
3801,2003/6/19 4:30,6.08
3802,2003/6/19 5:00,6.08
3803,2003/6/19 5:30,6.08
3804,2003/6/19 6:00,6.08
3805,2003/6/19 6:30,6.08
3806,2003/6/19 7:00,14.495
3807,2003/6/19 7:30,14.495
3808,2003/6/19 8:00,14.495
3809,2003/6/19 8:30,14.495
3810,2003/6/19 9:00,14.495
3811,2003/6/19 9:30,14.495
3812,2003/6/19 10:00,14.495
3813,2003/6/19 10:30,14.495
3814,2003/6/19 11:00,14.495
3815,2003/6/19 11:30,14.495
3816,2003/6/19 12:00,14.495
3817,2003/6/19 12:30,14.495
3818,2003/6/19 13:00,14.495
3819,2003/6/19 13:30,14.495
3820,2003/6/19 14:00,14.495
3821,2003/6/19 14:30,14.495
3822,2003/6/19 15:00,14.495
3823,2003/6/19 15:30,14.495
3824,2003/6/19 16:00,14.495
3825,2003/6/19 16:30,14.495
3826,2003/6/19 17:00,14.495
3827,2003/6/19 17:30,14.495
3828,2003/6/19 18:00,14.495
3829,2003/6/19 18:30,14.495
3830,2003/6/19 19:00,14.495
3831,2003/6/19 19:30,14.495
3832,2003/6/19 20:00,14.495
3833,2003/6/19 20:30,14.495
3834,2003/6/19 21:00,14.495
3835,2003/6/19 21:30,14.495
3836,2003/6/19 22:00,14.495
3837,2003/6/19 22:30,14.495
3838,2003/6/19 23:00,14.495
3839,2003/6/19 23:30,14.495
3840,2003/6/20 0:00,6.08
3841,2003/6/20 0:30,6.08
3842,2003/6/20 1:00,6.08
3843,2003/6/20 1:30,6.08
3844,2003/6/20 2:00,6.08
3845,2003/6/20 2:30,6.08
3846,2003/6/20 3:00,6.08
3847,2003/6/20 3:30,6.08
3848,2003/6/20 4:00,6.08
3849,2003/6/20 4:30,6.08
3850,2003/6/20 5:00,6.08
3851,2003/6/20 5:30,6.08
3852,2003/6/20 6:00,6.08
3853,2003/6/20 6:30,6.08
3854,2003/6/20 7:00,14.495
3855,2003/6/20 7:30,14.495
3856,2003/6/20 8:00,14.495
3857,2003/6/20 8:30,14.495
3858,2003/6/20 9:00,14.495
3859,2003/6/20 9:30,14.495
3860,2003/6/20 10:00,14.495
3861,2003/6/20 10:30,14.495
3862,2003/6/20 11:00,14.495
3863,2003/6/20 11:30,14.495
3864,2003/6/20 12:00,14.495
3865,2003/6/20 12:30,14.495
3866,2003/6/20 13:00,14.495
3867,2003/6/20 13:30,14.495
3868,2003/6/20 14:00,14.495
3869,2003/6/20 14:30,14.495
3870,2003/6/20 15:00,14.495
3871,2003/6/20 15:30,14.495
3872,2003/6/20 16:00,14.495
3873,2003/6/20 16:30,14.495
3874,2003/6/20 17:00,14.495
3875,2003/6/20 17:30,14.495
3876,2003/6/20 18:00,14.495
3877,2003/6/20 18:30,14.495
3878,2003/6/20 19:00,14.495
3879,2003/6/20 19:30,14.495
3880,2003/6/20 20:00,14.495
3881,2003/6/20 20:30,14.495
3882,2003/6/20 21:00,14.495
3883,2003/6/20 21:30,14.495
3884,2003/6/20 22:00,14.495
3885,2003/6/20 22:30,14.495
3886,2003/6/20 23:00,14.495
3887,2003/6/20 23:30,14.495
3888,2003/6/21 0:00,6.08
3889,2003/6/21 0:30,6.08
3890,2003/6/21 1:00,6.08
3891,2003/6/21 1:30,6.08
3892,2003/6/21 2:00,6.08
3893,2003/6/21 2:30,6.08
3894,2003/6/21 3:00,6.08
3895,2003/6/21 3:30,6.08
3896,2003/6/21 4:00,6.08
3897,2003/6/21 4:30,6.08
3898,2003/6/21 5:00,6.08
3899,2003/6/21 5:30,6.08
3900,2003/6/21 6:00,6.08
3901,2003/6/21 6:30,6.08
3902,2003/6/21 7:00,14.495
3903,2003/6/21 7:30,14.495
3904,2003/6/21 8:00,14.495
3905,2003/6/21 8:30,14.495
3906,2003/6/21 9:00,14.495
3907,2003/6/21 9:30,14.495
3908,2003/6/21 10:00,14.495
3909,2003/6/21 10:30,14.495
3910,2003/6/21 11:00,14.495
3911,2003/6/21 11:30,14.495
3912,2003/6/21 12:00,14.495
3913,2003/6/21 12:30,14.495
3914,2003/6/21 13:00,14.495
3915,2003/6/21 13:30,14.495
3916,2003/6/21 14:00,14.495
3917,2003/6/21 14:30,14.495
3918,2003/6/21 15:00,14.495
3919,2003/6/21 15:30,14.495
3920,2003/6/21 16:00,14.495
3921,2003/6/21 16:30,14.495
3922,2003/6/21 17:00,14.495
3923,2003/6/21 17:30,14.495
3924,2003/6/21 18:00,14.495
3925,2003/6/21 18:30,14.495
3926,2003/6/21 19:00,14.495
3927,2003/6/21 19:30,14.495
3928,2003/6/21 20:00,14.495
3929,2003/6/21 20:30,14.495
3930,2003/6/21 21:00,14.495
3931,2003/6/21 21:30,14.495
3932,2003/6/21 22:00,14.495
3933,2003/6/21 22:30,14.495
3934,2003/6/21 23:00,14.495
3935,2003/6/21 23:30,14.495
3936,2003/6/22 0:00,6.08
3937,2003/6/22 0:30,6.08
3938,2003/6/22 1:00,6.08
3939,2003/6/22 1:30,6.08
3940,2003/6/22 2:00,6.08
3941,2003/6/22 2:30,6.08
3942,2003/6/22 3:00,6.08
3943,2003/6/22 3:30,6.08
3944,2003/6/22 4:00,6.08
3945,2003/6/22 4:30,6.08
3946,2003/6/22 5:00,6.08
3947,2003/6/22 5:30,6.08
3948,2003/6/22 6:00,6.08
3949,2003/6/22 6:30,6.08
3950,2003/6/22 7:00,14.495
3951,2003/6/22 7:30,14.495
3952,2003/6/22 8:00,14.495
3953,2003/6/22 8:30,14.495
3954,2003/6/22 9:00,14.495
3955,2003/6/22 9:30,14.495
3956,2003/6/22 10:00,14.495
3957,2003/6/22 10:30,14.495
3958,2003/6/22 11:00,14.495
3959,2003/6/22 11:30,14.495
3960,2003/6/22 12:00,14.495
3961,2003/6/22 12:30,14.495
3962,2003/6/22 13:00,14.495
3963,2003/6/22 13:30,14.495
3964,2003/6/22 14:00,14.495
3965,2003/6/22 14:30,14.495
3966,2003/6/22 15:00,14.495
3967,2003/6/22 15:30,14.495
3968,2003/6/22 16:00,14.495
3969,2003/6/22 16:30,14.495
3970,2003/6/22 17:00,14.495
3971,2003/6/22 17:30,14.495
3972,2003/6/22 18:00,14.495
3973,2003/6/22 18:30,14.495
3974,2003/6/22 19:00,14.495
3975,2003/6/22 19:30,14.495
3976,2003/6/22 20:00,14.495
3977,2003/6/22 20:30,14.495
3978,2003/6/22 21:00,14.495
3979,2003/6/22 21:30,14.495
3980,2003/6/22 22:00,14.495
3981,2003/6/22 22:30,14.495
3982,2003/6/22 23:00,14.495
3983,2003/6/22 23:30,14.495
3984,2003/6/23 0:00,6.08
3985,2003/6/23 0:30,6.08
3986,2003/6/23 1:00,6.08
3987,2003/6/23 1:30,6.08
3988,2003/6/23 2:00,6.08
3989,2003/6/23 2:30,6.08
3990,2003/6/23 3:00,6.08
3991,2003/6/23 3:30,6.08
3992,2003/6/23 4:00,6.08
3993,2003/6/23 4:30,6.08
3994,2003/6/23 5:00,6.08
3995,2003/6/23 5:30,6.08
3996,2003/6/23 6:00,6.08
3997,2003/6/23 6:30,6.08
3998,2003/6/23 7:00,14.495
3999,2003/6/23 7:30,14.495
4000,2003/6/23 8:00,14.495
4001,2003/6/23 8:30,14.495
4002,2003/6/23 9:00,14.495
4003,2003/6/23 9:30,14.495
4004,2003/6/23 10:00,14.495
4005,2003/6/23 10:30,14.495
4006,2003/6/23 11:00,14.495
4007,2003/6/23 11:30,14.495
4008,2003/6/23 12:00,14.495
4009,2003/6/23 12:30,14.495
4010,2003/6/23 13:00,14.495
4011,2003/6/23 13:30,14.495
4012,2003/6/23 14:00,14.495
4013,2003/6/23 14:30,14.495
4014,2003/6/23 15:00,14.495
4015,2003/6/23 15:30,14.495
4016,2003/6/23 16:00,14.495
4017,2003/6/23 16:30,14.495
4018,2003/6/23 17:00,14.495
4019,2003/6/23 17:30,14.495
4020,2003/6/23 18:00,14.495
4021,2003/6/23 18:30,14.495
4022,2003/6/23 19:00,14.495
4023,2003/6/23 19:30,14.495
4024,2003/6/23 20:00,14.495
4025,2003/6/23 20:30,14.495
4026,2003/6/23 21:00,14.495
4027,2003/6/23 21:30,14.495
4028,2003/6/23 22:00,14.495
4029,2003/6/23 22:30,14.495
4030,2003/6/23 23:00,14.495
4031,2003/6/23 23:30,14.495
4032,2003/6/24 0:00,6.08
4033,2003/6/24 0:30,6.08
4034,2003/6/24 1:00,6.08
4035,2003/6/24 1:30,6.08
4036,2003/6/24 2:00,6.08
4037,2003/6/24 2:30,6.08
4038,2003/6/24 3:00,6.08
4039,2003/6/24 3:30,6.08
4040,2003/6/24 4:00,6.08
4041,2003/6/24 4:30,6.08
4042,2003/6/24 5:00,6.08
4043,2003/6/24 5:30,6.08
4044,2003/6/24 6:00,6.08
4045,2003/6/24 6:30,6.08
4046,2003/6/24 7:00,14.495
4047,2003/6/24 7:30,14.495
4048,2003/6/24 8:00,14.495
4049,2003/6/24 8:30,14.495
4050,2003/6/24 9:00,14.495
4051,2003/6/24 9:30,14.495
4052,2003/6/24 10:00,14.495
4053,2003/6/24 10:30,14.495
4054,2003/6/24 11:00,14.495
4055,2003/6/24 11:30,14.495
4056,2003/6/24 12:00,14.495
4057,2003/6/24 12:30,14.495
4058,2003/6/24 13:00,14.495
4059,2003/6/24 13:30,14.495
4060,2003/6/24 14:00,14.495
4061,2003/6/24 14:30,14.495
4062,2003/6/24 15:00,14.495
4063,2003/6/24 15:30,14.495
4064,2003/6/24 16:00,14.495
4065,2003/6/24 16:30,14.495
4066,2003/6/24 17:00,14.495
4067,2003/6/24 17:30,14.495
4068,2003/6/24 18:00,14.495
4069,2003/6/24 18:30,14.495
4070,2003/6/24 19:00,14.495
4071,2003/6/24 19:30,14.495
4072,2003/6/24 20:00,14.495
4073,2003/6/24 20:30,14.495
4074,2003/6/24 21:00,14.495
4075,2003/6/24 21:30,14.495
4076,2003/6/24 22:00,14.495
4077,2003/6/24 22:30,14.495
4078,2003/6/24 23:00,14.495
4079,2003/6/24 23:30,14.495
4080,2003/6/25 0:00,6.08
4081,2003/6/25 0:30,6.08
4082,2003/6/25 1:00,6.08
4083,2003/6/25 1:30,6.08
4084,2003/6/25 2:00,6.08
4085,2003/6/25 2:30,6.08
4086,2003/6/25 3:00,6.08
4087,2003/6/25 3:30,6.08
4088,2003/6/25 4:00,6.08
4089,2003/6/25 4:30,6.08
4090,2003/6/25 5:00,6.08
4091,2003/6/25 5:30,6.08
4092,2003/6/25 6:00,6.08
4093,2003/6/25 6:30,6.08
4094,2003/6/25 7:00,14.495
4095,2003/6/25 7:30,14.495
4096,2003/6/25 8:00,14.495
4097,2003/6/25 8:30,14.495
4098,2003/6/25 9:00,14.495
4099,2003/6/25 9:30,14.495
4100,2003/6/25 10:00,14.495
4101,2003/6/25 10:30,14.495
4102,2003/6/25 11:00,14.495
4103,2003/6/25 11:30,14.495
4104,2003/6/25 12:00,14.495
4105,2003/6/25 12:30,14.495
4106,2003/6/25 13:00,14.495
4107,2003/6/25 13:30,14.495
4108,2003/6/25 14:00,14.495
4109,2003/6/25 14:30,14.495
4110,2003/6/25 15:00,14.495
4111,2003/6/25 15:30,14.495
4112,2003/6/25 16:00,14.495
4113,2003/6/25 16:30,14.495
4114,2003/6/25 17:00,14.495
4115,2003/6/25 17:30,14.495
4116,2003/6/25 18:00,14.495
4117,2003/6/25 18:30,14.495
4118,2003/6/25 19:00,14.495
4119,2003/6/25 19:30,14.495
4120,2003/6/25 20:00,14.495
4121,2003/6/25 20:30,14.495
4122,2003/6/25 21:00,14.495
4123,2003/6/25 21:30,14.495
4124,2003/6/25 22:00,14.495
4125,2003/6/25 22:30,14.495
4126,2003/6/25 23:00,14.495
4127,2003/6/25 23:30,14.495
4128,2003/6/26 0:00,6.08
4129,2003/6/26 0:30,6.08
4130,2003/6/26 1:00,6.08
4131,2003/6/26 1:30,6.08
4132,2003/6/26 2:00,6.08
4133,2003/6/26 2:30,6.08
4134,2003/6/26 3:00,6.08
4135,2003/6/26 3:30,6.08
4136,2003/6/26 4:00,6.08
4137,2003/6/26 4:30,6.08
4138,2003/6/26 5:00,6.08
4139,2003/6/26 5:30,6.08
4140,2003/6/26 6:00,6.08
4141,2003/6/26 6:30,6.08
4142,2003/6/26 7:00,14.495
4143,2003/6/26 7:30,14.495
4144,2003/6/26 8:00,14.495
4145,2003/6/26 8:30,14.495
4146,2003/6/26 9:00,14.495
4147,2003/6/26 9:30,14.495
4148,2003/6/26 10:00,14.495
4149,2003/6/26 10:30,14.495
4150,2003/6/26 11:00,14.495
4151,2003/6/26 11:30,14.495
4152,2003/6/26 12:00,14.495
4153,2003/6/26 12:30,14.495
4154,2003/6/26 13:00,14.495
4155,2003/6/26 13:30,14.495
4156,2003/6/26 14:00,14.495
4157,2003/6/26 14:30,14.495
4158,2003/6/26 15:00,14.495
4159,2003/6/26 15:30,14.495
4160,2003/6/26 16:00,14.495
4161,2003/6/26 16:30,14.495
4162,2003/6/26 17:00,14.495
4163,2003/6/26 17:30,14.495
4164,2003/6/26 18:00,14.495
4165,2003/6/26 18:30,14.495
4166,2003/6/26 19:00,14.495
4167,2003/6/26 19:30,14.495
4168,2003/6/26 20:00,14.495
4169,2003/6/26 20:30,14.495
4170,2003/6/26 21:00,14.495
4171,2003/6/26 21:30,14.495
4172,2003/6/26 22:00,14.495
4173,2003/6/26 22:30,14.495
4174,2003/6/26 23:00,14.495
4175,2003/6/26 23:30,14.495
4176,2003/6/27 0:00,6.08
4177,2003/6/27 0:30,6.08
4178,2003/6/27 1:00,6.08
4179,2003/6/27 1:30,6.08
4180,2003/6/27 2:00,6.08
4181,2003/6/27 2:30,6.08
4182,2003/6/27 3:00,6.08
4183,2003/6/27 3:30,6.08
4184,2003/6/27 4:00,6.08
4185,2003/6/27 4:30,6.08
4186,2003/6/27 5:00,6.08
4187,2003/6/27 5:30,6.08
4188,2003/6/27 6:00,6.08
4189,2003/6/27 6:30,6.08
4190,2003/6/27 7:00,14.495
4191,2003/6/27 7:30,14.495
4192,2003/6/27 8:00,14.495
4193,2003/6/27 8:30,14.495
4194,2003/6/27 9:00,14.495
4195,2003/6/27 9:30,14.495
4196,2003/6/27 10:00,14.495
4197,2003/6/27 10:30,14.495
4198,2003/6/27 11:00,14.495
4199,2003/6/27 11:30,14.495
4200,2003/6/27 12:00,14.495
4201,2003/6/27 12:30,14.495
4202,2003/6/27 13:00,14.495
4203,2003/6/27 13:30,14.495
4204,2003/6/27 14:00,14.495
4205,2003/6/27 14:30,14.495
4206,2003/6/27 15:00,14.495
4207,2003/6/27 15:30,14.495
4208,2003/6/27 16:00,14.495
4209,2003/6/27 16:30,14.495
4210,2003/6/27 17:00,14.495
4211,2003/6/27 17:30,14.495
4212,2003/6/27 18:00,14.495
4213,2003/6/27 18:30,14.495
4214,2003/6/27 19:00,14.495
4215,2003/6/27 19:30,14.495
4216,2003/6/27 20:00,14.495
4217,2003/6/27 20:30,14.495
4218,2003/6/27 21:00,14.495
4219,2003/6/27 21:30,14.495
4220,2003/6/27 22:00,14.495
4221,2003/6/27 22:30,14.495
4222,2003/6/27 23:00,14.495
4223,2003/6/27 23:30,14.495
4224,2003/6/28 0:00,6.08
4225,2003/6/28 0:30,6.08
4226,2003/6/28 1:00,6.08
4227,2003/6/28 1:30,6.08
4228,2003/6/28 2:00,6.08
4229,2003/6/28 2:30,6.08
4230,2003/6/28 3:00,6.08
4231,2003/6/28 3:30,6.08
4232,2003/6/28 4:00,6.08
4233,2003/6/28 4:30,6.08
4234,2003/6/28 5:00,6.08
4235,2003/6/28 5:30,6.08
4236,2003/6/28 6:00,6.08
4237,2003/6/28 6:30,6.08
4238,2003/6/28 7:00,14.495
4239,2003/6/28 7:30,14.495
4240,2003/6/28 8:00,14.495
4241,2003/6/28 8:30,14.495
4242,2003/6/28 9:00,14.495
4243,2003/6/28 9:30,14.495
4244,2003/6/28 10:00,14.495
4245,2003/6/28 10:30,14.495
4246,2003/6/28 11:00,14.495
4247,2003/6/28 11:30,14.495
4248,2003/6/28 12:00,14.495
4249,2003/6/28 12:30,14.495
4250,2003/6/28 13:00,14.495
4251,2003/6/28 13:30,14.495
4252,2003/6/28 14:00,14.495
4253,2003/6/28 14:30,14.495
4254,2003/6/28 15:00,14.495
4255,2003/6/28 15:30,14.495
4256,2003/6/28 16:00,14.495
4257,2003/6/28 16:30,14.495
4258,2003/6/28 17:00,14.495
4259,2003/6/28 17:30,14.495
4260,2003/6/28 18:00,14.495
4261,2003/6/28 18:30,14.495
4262,2003/6/28 19:00,14.495
4263,2003/6/28 19:30,14.495
4264,2003/6/28 20:00,14.495
4265,2003/6/28 20:30,14.495
4266,2003/6/28 21:00,14.495
4267,2003/6/28 21:30,14.495
4268,2003/6/28 22:00,14.495
4269,2003/6/28 22:30,14.495
4270,2003/6/28 23:00,14.495
4271,2003/6/28 23:30,14.495
4272,2003/6/29 0:00,6.08
4273,2003/6/29 0:30,6.08
4274,2003/6/29 1:00,6.08
4275,2003/6/29 1:30,6.08
4276,2003/6/29 2:00,6.08
4277,2003/6/29 2:30,6.08
4278,2003/6/29 3:00,6.08
4279,2003/6/29 3:30,6.08
4280,2003/6/29 4:00,6.08
4281,2003/6/29 4:30,6.08
4282,2003/6/29 5:00,6.08
4283,2003/6/29 5:30,6.08
4284,2003/6/29 6:00,6.08
4285,2003/6/29 6:30,6.08
4286,2003/6/29 7:00,14.495
4287,2003/6/29 7:30,14.495
4288,2003/6/29 8:00,14.495
4289,2003/6/29 8:30,14.495
4290,2003/6/29 9:00,14.495
4291,2003/6/29 9:30,14.495
4292,2003/6/29 10:00,14.495
4293,2003/6/29 10:30,14.495
4294,2003/6/29 11:00,14.495
4295,2003/6/29 11:30,14.495
4296,2003/6/29 12:00,14.495
4297,2003/6/29 12:30,14.495
4298,2003/6/29 13:00,14.495
4299,2003/6/29 13:30,14.495
4300,2003/6/29 14:00,14.495
4301,2003/6/29 14:30,14.495
4302,2003/6/29 15:00,14.495
4303,2003/6/29 15:30,14.495
4304,2003/6/29 16:00,14.495
4305,2003/6/29 16:30,14.495
4306,2003/6/29 17:00,14.495
4307,2003/6/29 17:30,14.495
4308,2003/6/29 18:00,14.495
4309,2003/6/29 18:30,14.495
4310,2003/6/29 19:00,14.495
4311,2003/6/29 19:30,14.495
4312,2003/6/29 20:00,14.495
4313,2003/6/29 20:30,14.495
4314,2003/6/29 21:00,14.495
4315,2003/6/29 21:30,14.495
4316,2003/6/29 22:00,14.495
4317,2003/6/29 22:30,14.495
4318,2003/6/29 23:00,14.495
4319,2003/6/29 23:30,14.495
4320,2003/6/30 0:00,6.08
4321,2003/6/30 0:30,6.08
4322,2003/6/30 1:00,6.08
4323,2003/6/30 1:30,6.08
4324,2003/6/30 2:00,6.08
4325,2003/6/30 2:30,6.08
4326,2003/6/30 3:00,6.08
4327,2003/6/30 3:30,6.08
4328,2003/6/30 4:00,6.08
4329,2003/6/30 4:30,6.08
4330,2003/6/30 5:00,6.08
4331,2003/6/30 5:30,6.08
4332,2003/6/30 6:00,6.08
4333,2003/6/30 6:30,6.08
4334,2003/6/30 7:00,14.495
4335,2003/6/30 7:30,14.495
4336,2003/6/30 8:00,14.495
4337,2003/6/30 8:30,14.495
4338,2003/6/30 9:00,14.495
4339,2003/6/30 9:30,14.495
4340,2003/6/30 10:00,14.495
4341,2003/6/30 10:30,14.495
4342,2003/6/30 11:00,14.495
4343,2003/6/30 11:30,14.495
4344,2003/6/30 12:00,14.495
4345,2003/6/30 12:30,14.495
4346,2003/6/30 13:00,14.495
4347,2003/6/30 13:30,14.495
4348,2003/6/30 14:00,14.495
4349,2003/6/30 14:30,14.495
4350,2003/6/30 15:00,14.495
4351,2003/6/30 15:30,14.495
4352,2003/6/30 16:00,14.495
4353,2003/6/30 16:30,14.495
4354,2003/6/30 17:00,14.495
4355,2003/6/30 17:30,14.495
4356,2003/6/30 18:00,14.495
4357,2003/6/30 18:30,14.495
4358,2003/6/30 19:00,14.495
4359,2003/6/30 19:30,14.495
4360,2003/6/30 20:00,14.495
4361,2003/6/30 20:30,14.495
4362,2003/6/30 21:00,14.495
4363,2003/6/30 21:30,14.495
4364,2003/6/30 22:00,14.495
4365,2003/6/30 22:30,14.495
4366,2003/6/30 23:00,14.495
4367,2003/6/30 23:30,14.495
4368,2003/7/1 0:00,6.08
4369,2003/7/1 0:30,6.08
4370,2003/7/1 1:00,6.08
4371,2003/7/1 1:30,6.08
4372,2003/7/1 2:00,6.08
4373,2003/7/1 2:30,6.08
4374,2003/7/1 3:00,6.08
4375,2003/7/1 3:30,6.08
4376,2003/7/1 4:00,6.08
4377,2003/7/1 4:30,6.08
4378,2003/7/1 5:00,6.08
4379,2003/7/1 5:30,6.08
4380,2003/7/1 6:00,6.08
4381,2003/7/1 6:30,6.08
4382,2003/7/1 7:00,14.495
4383,2003/7/1 7:30,14.495
4384,2003/7/1 8:00,14.495
4385,2003/7/1 8:30,14.495
4386,2003/7/1 9:00,14.495
4387,2003/7/1 9:30,14.495
4388,2003/7/1 10:00,14.495
4389,2003/7/1 10:30,14.495
4390,2003/7/1 11:00,14.495
4391,2003/7/1 11:30,14.495
4392,2003/7/1 12:00,14.495
4393,2003/7/1 12:30,14.495
4394,2003/7/1 13:00,14.495
4395,2003/7/1 13:30,14.495
4396,2003/7/1 14:00,27.34
4397,2003/7/1 14:30,27.34
4398,2003/7/1 15:00,27.34
4399,2003/7/1 15:30,27.34
4400,2003/7/1 16:00,14.495
4401,2003/7/1 16:30,14.495
4402,2003/7/1 17:00,14.495
4403,2003/7/1 17:30,14.495
4404,2003/7/1 18:00,14.495
4405,2003/7/1 18:30,14.495
4406,2003/7/1 19:00,14.495
4407,2003/7/1 19:30,14.495
4408,2003/7/1 20:00,14.495
4409,2003/7/1 20:30,14.495
4410,2003/7/1 21:00,14.495
4411,2003/7/1 21:30,14.495
4412,2003/7/1 22:00,14.495
4413,2003/7/1 22:30,14.495
4414,2003/7/1 23:00,14.495
4415,2003/7/1 23:30,14.495
4416,2003/7/2 0:00,6.08
4417,2003/7/2 0:30,6.08
4418,2003/7/2 1:00,6.08
4419,2003/7/2 1:30,6.08
4420,2003/7/2 2:00,6.08
4421,2003/7/2 2:30,6.08
4422,2003/7/2 3:00,6.08
4423,2003/7/2 3:30,6.08
4424,2003/7/2 4:00,6.08
4425,2003/7/2 4:30,6.08
4426,2003/7/2 5:00,6.08
4427,2003/7/2 5:30,6.08
4428,2003/7/2 6:00,6.08
4429,2003/7/2 6:30,6.08
4430,2003/7/2 7:00,14.495
4431,2003/7/2 7:30,14.495
4432,2003/7/2 8:00,14.495
4433,2003/7/2 8:30,14.495
4434,2003/7/2 9:00,14.495
4435,2003/7/2 9:30,14.495
4436,2003/7/2 10:00,14.495
4437,2003/7/2 10:30,14.495
4438,2003/7/2 11:00,14.495
4439,2003/7/2 11:30,14.495
4440,2003/7/2 12:00,14.495
4441,2003/7/2 12:30,14.495
4442,2003/7/2 13:00,14.495
4443,2003/7/2 13:30,14.495
4444,2003/7/2 14:00,27.34
4445,2003/7/2 14:30,27.34
4446,2003/7/2 15:00,27.34
4447,2003/7/2 15:30,27.34
4448,2003/7/2 16:00,14.495
4449,2003/7/2 16:30,14.495
4450,2003/7/2 17:00,14.495
4451,2003/7/2 17:30,14.495
4452,2003/7/2 18:00,14.495
4453,2003/7/2 18:30,14.495
4454,2003/7/2 19:00,14.495
4455,2003/7/2 19:30,14.495
4456,2003/7/2 20:00,14.495
4457,2003/7/2 20:30,14.495
4458,2003/7/2 21:00,14.495
4459,2003/7/2 21:30,14.495
4460,2003/7/2 22:00,14.495
4461,2003/7/2 22:30,14.495
4462,2003/7/2 23:00,14.495
4463,2003/7/2 23:30,14.495
4464,2003/7/3 0:00,6.08
4465,2003/7/3 0:30,6.08
4466,2003/7/3 1:00,6.08
4467,2003/7/3 1:30,6.08
4468,2003/7/3 2:00,6.08
4469,2003/7/3 2:30,6.08
4470,2003/7/3 3:00,6.08
4471,2003/7/3 3:30,6.08
4472,2003/7/3 4:00,6.08
4473,2003/7/3 4:30,6.08
4474,2003/7/3 5:00,6.08
4475,2003/7/3 5:30,6.08
4476,2003/7/3 6:00,6.08
4477,2003/7/3 6:30,6.08
4478,2003/7/3 7:00,14.495
4479,2003/7/3 7:30,14.495
4480,2003/7/3 8:00,14.495
4481,2003/7/3 8:30,14.495
4482,2003/7/3 9:00,14.495
4483,2003/7/3 9:30,14.495
4484,2003/7/3 10:00,14.495
4485,2003/7/3 10:30,14.495
4486,2003/7/3 11:00,14.495
4487,2003/7/3 11:30,14.495
4488,2003/7/3 12:00,14.495
4489,2003/7/3 12:30,14.495
4490,2003/7/3 13:00,14.495
4491,2003/7/3 13:30,14.495
4492,2003/7/3 14:00,27.34
4493,2003/7/3 14:30,27.34
4494,2003/7/3 15:00,27.34
4495,2003/7/3 15:30,27.34
4496,2003/7/3 16:00,14.495
4497,2003/7/3 16:30,14.495
4498,2003/7/3 17:00,14.495
4499,2003/7/3 17:30,14.495
4500,2003/7/3 18:00,14.495
4501,2003/7/3 18:30,14.495
4502,2003/7/3 19:00,14.495
4503,2003/7/3 19:30,14.495
4504,2003/7/3 20:00,14.495
4505,2003/7/3 20:30,14.495
4506,2003/7/3 21:00,14.495
4507,2003/7/3 21:30,14.495
4508,2003/7/3 22:00,14.495
4509,2003/7/3 22:30,14.495
4510,2003/7/3 23:00,14.495
4511,2003/7/3 23:30,14.495
4512,2003/7/4 0:00,6.08
4513,2003/7/4 0:30,6.08
4514,2003/7/4 1:00,6.08
4515,2003/7/4 1:30,6.08
4516,2003/7/4 2:00,6.08
4517,2003/7/4 2:30,6.08
4518,2003/7/4 3:00,6.08
4519,2003/7/4 3:30,6.08
4520,2003/7/4 4:00,6.08
4521,2003/7/4 4:30,6.08
4522,2003/7/4 5:00,6.08
4523,2003/7/4 5:30,6.08
4524,2003/7/4 6:00,6.08
4525,2003/7/4 6:30,6.08
4526,2003/7/4 7:00,14.495
4527,2003/7/4 7:30,14.495
4528,2003/7/4 8:00,14.495
4529,2003/7/4 8:30,14.495
4530,2003/7/4 9:00,14.495
4531,2003/7/4 9:30,14.495
4532,2003/7/4 10:00,14.495
4533,2003/7/4 10:30,14.495
4534,2003/7/4 11:00,14.495
4535,2003/7/4 11:30,14.495
4536,2003/7/4 12:00,14.495
4537,2003/7/4 12:30,14.495
4538,2003/7/4 13:00,14.495
4539,2003/7/4 13:30,14.495
4540,2003/7/4 14:00,27.34
4541,2003/7/4 14:30,27.34
4542,2003/7/4 15:00,27.34
4543,2003/7/4 15:30,27.34
4544,2003/7/4 16:00,14.495
4545,2003/7/4 16:30,14.495
4546,2003/7/4 17:00,14.495
4547,2003/7/4 17:30,14.495
4548,2003/7/4 18:00,14.495
4549,2003/7/4 18:30,14.495
4550,2003/7/4 19:00,14.495
4551,2003/7/4 19:30,14.495
4552,2003/7/4 20:00,14.495
4553,2003/7/4 20:30,14.495
4554,2003/7/4 21:00,14.495
4555,2003/7/4 21:30,14.495
4556,2003/7/4 22:00,14.495
4557,2003/7/4 22:30,14.495
4558,2003/7/4 23:00,14.495
4559,2003/7/4 23:30,14.495
4560,2003/7/5 0:00,6.08
4561,2003/7/5 0:30,6.08
4562,2003/7/5 1:00,6.08
4563,2003/7/5 1:30,6.08
4564,2003/7/5 2:00,6.08
4565,2003/7/5 2:30,6.08
4566,2003/7/5 3:00,6.08
4567,2003/7/5 3:30,6.08
4568,2003/7/5 4:00,6.08
4569,2003/7/5 4:30,6.08
4570,2003/7/5 5:00,6.08
4571,2003/7/5 5:30,6.08
4572,2003/7/5 6:00,6.08
4573,2003/7/5 6:30,6.08
4574,2003/7/5 7:00,14.495
4575,2003/7/5 7:30,14.495
4576,2003/7/5 8:00,14.495
4577,2003/7/5 8:30,14.495
4578,2003/7/5 9:00,14.495
4579,2003/7/5 9:30,14.495
4580,2003/7/5 10:00,14.495
4581,2003/7/5 10:30,14.495
4582,2003/7/5 11:00,14.495
4583,2003/7/5 11:30,14.495
4584,2003/7/5 12:00,14.495
4585,2003/7/5 12:30,14.495
4586,2003/7/5 13:00,14.495
4587,2003/7/5 13:30,14.495
4588,2003/7/5 14:00,27.34
4589,2003/7/5 14:30,27.34
4590,2003/7/5 15:00,27.34
4591,2003/7/5 15:30,27.34
4592,2003/7/5 16:00,14.495
4593,2003/7/5 16:30,14.495
4594,2003/7/5 17:00,14.495
4595,2003/7/5 17:30,14.495
4596,2003/7/5 18:00,14.495
4597,2003/7/5 18:30,14.495
4598,2003/7/5 19:00,14.495
4599,2003/7/5 19:30,14.495
4600,2003/7/5 20:00,14.495
4601,2003/7/5 20:30,14.495
4602,2003/7/5 21:00,14.495
4603,2003/7/5 21:30,14.495
4604,2003/7/5 22:00,14.495
4605,2003/7/5 22:30,14.495
4606,2003/7/5 23:00,14.495
4607,2003/7/5 23:30,14.495
4608,2003/7/6 0:00,6.08
4609,2003/7/6 0:30,6.08
4610,2003/7/6 1:00,6.08
4611,2003/7/6 1:30,6.08
4612,2003/7/6 2:00,6.08
4613,2003/7/6 2:30,6.08
4614,2003/7/6 3:00,6.08
4615,2003/7/6 3:30,6.08
4616,2003/7/6 4:00,6.08
4617,2003/7/6 4:30,6.08
4618,2003/7/6 5:00,6.08
4619,2003/7/6 5:30,6.08
4620,2003/7/6 6:00,6.08
4621,2003/7/6 6:30,6.08
4622,2003/7/6 7:00,14.495
4623,2003/7/6 7:30,14.495
4624,2003/7/6 8:00,14.495
4625,2003/7/6 8:30,14.495
4626,2003/7/6 9:00,14.495
4627,2003/7/6 9:30,14.495
4628,2003/7/6 10:00,14.495
4629,2003/7/6 10:30,14.495
4630,2003/7/6 11:00,14.495
4631,2003/7/6 11:30,14.495
4632,2003/7/6 12:00,14.495
4633,2003/7/6 12:30,14.495
4634,2003/7/6 13:00,14.495
4635,2003/7/6 13:30,14.495
4636,2003/7/6 14:00,27.34
4637,2003/7/6 14:30,27.34
4638,2003/7/6 15:00,27.34
4639,2003/7/6 15:30,27.34
4640,2003/7/6 16:00,14.495
4641,2003/7/6 16:30,14.495
4642,2003/7/6 17:00,14.495
4643,2003/7/6 17:30,14.495
4644,2003/7/6 18:00,14.495
4645,2003/7/6 18:30,14.495
4646,2003/7/6 19:00,14.495
4647,2003/7/6 19:30,14.495
4648,2003/7/6 20:00,14.495
4649,2003/7/6 20:30,14.495
4650,2003/7/6 21:00,14.495
4651,2003/7/6 21:30,14.495
4652,2003/7/6 22:00,14.495
4653,2003/7/6 22:30,14.495
4654,2003/7/6 23:00,14.495
4655,2003/7/6 23:30,14.495
4656,2003/7/7 0:00,6.08
4657,2003/7/7 0:30,6.08
4658,2003/7/7 1:00,6.08
4659,2003/7/7 1:30,6.08
4660,2003/7/7 2:00,6.08
4661,2003/7/7 2:30,6.08
4662,2003/7/7 3:00,6.08
4663,2003/7/7 3:30,6.08
4664,2003/7/7 4:00,6.08
4665,2003/7/7 4:30,6.08
4666,2003/7/7 5:00,6.08
4667,2003/7/7 5:30,6.08
4668,2003/7/7 6:00,6.08
4669,2003/7/7 6:30,6.08
4670,2003/7/7 7:00,14.495
4671,2003/7/7 7:30,14.495
4672,2003/7/7 8:00,14.495
4673,2003/7/7 8:30,14.495
4674,2003/7/7 9:00,14.495
4675,2003/7/7 9:30,14.495
4676,2003/7/7 10:00,14.495
4677,2003/7/7 10:30,14.495
4678,2003/7/7 11:00,14.495
4679,2003/7/7 11:30,14.495
4680,2003/7/7 12:00,14.495
4681,2003/7/7 12:30,14.495
4682,2003/7/7 13:00,14.495
4683,2003/7/7 13:30,14.495
4684,2003/7/7 14:00,27.34
4685,2003/7/7 14:30,27.34
4686,2003/7/7 15:00,27.34
4687,2003/7/7 15:30,27.34
4688,2003/7/7 16:00,14.495
4689,2003/7/7 16:30,14.495
4690,2003/7/7 17:00,14.495
4691,2003/7/7 17:30,14.495
4692,2003/7/7 18:00,14.495
4693,2003/7/7 18:30,14.495
4694,2003/7/7 19:00,14.495
4695,2003/7/7 19:30,14.495
4696,2003/7/7 20:00,14.495
4697,2003/7/7 20:30,14.495
4698,2003/7/7 21:00,14.495
4699,2003/7/7 21:30,14.495
4700,2003/7/7 22:00,14.495
4701,2003/7/7 22:30,14.495
4702,2003/7/7 23:00,14.495
4703,2003/7/7 23:30,14.495
4704,2003/7/8 0:00,6.08
4705,2003/7/8 0:30,6.08
4706,2003/7/8 1:00,6.08
4707,2003/7/8 1:30,6.08
4708,2003/7/8 2:00,6.08
4709,2003/7/8 2:30,6.08
4710,2003/7/8 3:00,6.08
4711,2003/7/8 3:30,6.08
4712,2003/7/8 4:00,6.08
4713,2003/7/8 4:30,6.08
4714,2003/7/8 5:00,6.08
4715,2003/7/8 5:30,6.08
4716,2003/7/8 6:00,6.08
4717,2003/7/8 6:30,6.08
4718,2003/7/8 7:00,14.495
4719,2003/7/8 7:30,14.495
4720,2003/7/8 8:00,14.495
4721,2003/7/8 8:30,14.495
4722,2003/7/8 9:00,14.495
4723,2003/7/8 9:30,14.495
4724,2003/7/8 10:00,14.495
4725,2003/7/8 10:30,14.495
4726,2003/7/8 11:00,14.495
4727,2003/7/8 11:30,14.495
4728,2003/7/8 12:00,14.495
4729,2003/7/8 12:30,14.495
4730,2003/7/8 13:00,14.495
4731,2003/7/8 13:30,14.495
4732,2003/7/8 14:00,27.34
4733,2003/7/8 14:30,27.34
4734,2003/7/8 15:00,27.34
4735,2003/7/8 15:30,27.34
4736,2003/7/8 16:00,14.495
4737,2003/7/8 16:30,14.495
4738,2003/7/8 17:00,14.495
4739,2003/7/8 17:30,14.495
4740,2003/7/8 18:00,14.495
4741,2003/7/8 18:30,14.495
4742,2003/7/8 19:00,14.495
4743,2003/7/8 19:30,14.495
4744,2003/7/8 20:00,14.495
4745,2003/7/8 20:30,14.495
4746,2003/7/8 21:00,14.495
4747,2003/7/8 21:30,14.495
4748,2003/7/8 22:00,14.495
4749,2003/7/8 22:30,14.495
4750,2003/7/8 23:00,14.495
4751,2003/7/8 23:30,14.495
4752,2003/7/9 0:00,6.08
4753,2003/7/9 0:30,6.08
4754,2003/7/9 1:00,6.08
4755,2003/7/9 1:30,6.08
4756,2003/7/9 2:00,6.08
4757,2003/7/9 2:30,6.08
4758,2003/7/9 3:00,6.08
4759,2003/7/9 3:30,6.08
4760,2003/7/9 4:00,6.08
4761,2003/7/9 4:30,6.08
4762,2003/7/9 5:00,6.08
4763,2003/7/9 5:30,6.08
4764,2003/7/9 6:00,6.08
4765,2003/7/9 6:30,6.08
4766,2003/7/9 7:00,14.495
4767,2003/7/9 7:30,14.495
4768,2003/7/9 8:00,14.495
4769,2003/7/9 8:30,14.495
4770,2003/7/9 9:00,14.495
4771,2003/7/9 9:30,14.495
4772,2003/7/9 10:00,14.495
4773,2003/7/9 10:30,14.495
4774,2003/7/9 11:00,14.495
4775,2003/7/9 11:30,14.495
4776,2003/7/9 12:00,14.495
4777,2003/7/9 12:30,14.495
4778,2003/7/9 13:00,14.495
4779,2003/7/9 13:30,14.495
4780,2003/7/9 14:00,27.34
4781,2003/7/9 14:30,27.34
4782,2003/7/9 15:00,27.34
4783,2003/7/9 15:30,27.34
4784,2003/7/9 16:00,14.495
4785,2003/7/9 16:30,14.495
4786,2003/7/9 17:00,14.495
4787,2003/7/9 17:30,14.495
4788,2003/7/9 18:00,14.495
4789,2003/7/9 18:30,14.495
4790,2003/7/9 19:00,14.495
4791,2003/7/9 19:30,14.495
4792,2003/7/9 20:00,14.495
4793,2003/7/9 20:30,14.495
4794,2003/7/9 21:00,14.495
4795,2003/7/9 21:30,14.495
4796,2003/7/9 22:00,14.495
4797,2003/7/9 22:30,14.495
4798,2003/7/9 23:00,14.495
4799,2003/7/9 23:30,14.495
4800,2003/7/10 0:00,6.08
4801,2003/7/10 0:30,6.08
4802,2003/7/10 1:00,6.08
4803,2003/7/10 1:30,6.08
4804,2003/7/10 2:00,6.08
4805,2003/7/10 2:30,6.08
4806,2003/7/10 3:00,6.08
4807,2003/7/10 3:30,6.08
4808,2003/7/10 4:00,6.08
4809,2003/7/10 4:30,6.08
4810,2003/7/10 5:00,6.08
4811,2003/7/10 5:30,6.08
4812,2003/7/10 6:00,6.08
4813,2003/7/10 6:30,6.08
4814,2003/7/10 7:00,14.495
4815,2003/7/10 7:30,14.495
4816,2003/7/10 8:00,14.495
4817,2003/7/10 8:30,14.495
4818,2003/7/10 9:00,14.495
4819,2003/7/10 9:30,14.495
4820,2003/7/10 10:00,14.495
4821,2003/7/10 10:30,14.495
4822,2003/7/10 11:00,14.495
4823,2003/7/10 11:30,14.495
4824,2003/7/10 12:00,14.495
4825,2003/7/10 12:30,14.495
4826,2003/7/10 13:00,14.495
4827,2003/7/10 13:30,14.495
4828,2003/7/10 14:00,27.34
4829,2003/7/10 14:30,27.34
4830,2003/7/10 15:00,27.34
4831,2003/7/10 15:30,27.34
4832,2003/7/10 16:00,14.495
4833,2003/7/10 16:30,14.495
4834,2003/7/10 17:00,14.495
4835,2003/7/10 17:30,14.495
4836,2003/7/10 18:00,14.495
4837,2003/7/10 18:30,14.495
4838,2003/7/10 19:00,14.495
4839,2003/7/10 19:30,14.495
4840,2003/7/10 20:00,14.495
4841,2003/7/10 20:30,14.495
4842,2003/7/10 21:00,14.495
4843,2003/7/10 21:30,14.495
4844,2003/7/10 22:00,14.495
4845,2003/7/10 22:30,14.495
4846,2003/7/10 23:00,14.495
4847,2003/7/10 23:30,14.495
4848,2003/7/11 0:00,6.08
4849,2003/7/11 0:30,6.08
4850,2003/7/11 1:00,6.08
4851,2003/7/11 1:30,6.08
4852,2003/7/11 2:00,6.08
4853,2003/7/11 2:30,6.08
4854,2003/7/11 3:00,6.08
4855,2003/7/11 3:30,6.08
4856,2003/7/11 4:00,6.08
4857,2003/7/11 4:30,6.08
4858,2003/7/11 5:00,6.08
4859,2003/7/11 5:30,6.08
4860,2003/7/11 6:00,6.08
4861,2003/7/11 6:30,6.08
4862,2003/7/11 7:00,14.495
4863,2003/7/11 7:30,14.495
4864,2003/7/11 8:00,14.495
4865,2003/7/11 8:30,14.495
4866,2003/7/11 9:00,14.495
4867,2003/7/11 9:30,14.495
4868,2003/7/11 10:00,14.495
4869,2003/7/11 10:30,14.495
4870,2003/7/11 11:00,14.495
4871,2003/7/11 11:30,14.495
4872,2003/7/11 12:00,14.495
4873,2003/7/11 12:30,14.495
4874,2003/7/11 13:00,14.495
4875,2003/7/11 13:30,14.495
4876,2003/7/11 14:00,27.34
4877,2003/7/11 14:30,27.34
4878,2003/7/11 15:00,27.34
4879,2003/7/11 15:30,27.34
4880,2003/7/11 16:00,14.495
4881,2003/7/11 16:30,14.495
4882,2003/7/11 17:00,14.495
4883,2003/7/11 17:30,14.495
4884,2003/7/11 18:00,14.495
4885,2003/7/11 18:30,14.495
4886,2003/7/11 19:00,14.495
4887,2003/7/11 19:30,14.495
4888,2003/7/11 20:00,14.495
4889,2003/7/11 20:30,14.495
4890,2003/7/11 21:00,14.495
4891,2003/7/11 21:30,14.495
4892,2003/7/11 22:00,14.495
4893,2003/7/11 22:30,14.495
4894,2003/7/11 23:00,14.495
4895,2003/7/11 23:30,14.495
4896,2003/7/12 0:00,6.08
4897,2003/7/12 0:30,6.08
4898,2003/7/12 1:00,6.08
4899,2003/7/12 1:30,6.08
4900,2003/7/12 2:00,6.08
4901,2003/7/12 2:30,6.08
4902,2003/7/12 3:00,6.08
4903,2003/7/12 3:30,6.08
4904,2003/7/12 4:00,6.08
4905,2003/7/12 4:30,6.08
4906,2003/7/12 5:00,6.08
4907,2003/7/12 5:30,6.08
4908,2003/7/12 6:00,6.08
4909,2003/7/12 6:30,6.08
4910,2003/7/12 7:00,14.495
4911,2003/7/12 7:30,14.495
4912,2003/7/12 8:00,14.495
4913,2003/7/12 8:30,14.495
4914,2003/7/12 9:00,14.495
4915,2003/7/12 9:30,14.495
4916,2003/7/12 10:00,14.495
4917,2003/7/12 10:30,14.495
4918,2003/7/12 11:00,14.495
4919,2003/7/12 11:30,14.495
4920,2003/7/12 12:00,14.495
4921,2003/7/12 12:30,14.495
4922,2003/7/12 13:00,14.495
4923,2003/7/12 13:30,14.495
4924,2003/7/12 14:00,27.34
4925,2003/7/12 14:30,27.34
4926,2003/7/12 15:00,27.34
4927,2003/7/12 15:30,27.34
4928,2003/7/12 16:00,14.495
4929,2003/7/12 16:30,14.495
4930,2003/7/12 17:00,14.495
4931,2003/7/12 17:30,14.495
4932,2003/7/12 18:00,14.495
4933,2003/7/12 18:30,14.495
4934,2003/7/12 19:00,14.495
4935,2003/7/12 19:30,14.495
4936,2003/7/12 20:00,14.495
4937,2003/7/12 20:30,14.495
4938,2003/7/12 21:00,14.495
4939,2003/7/12 21:30,14.495
4940,2003/7/12 22:00,14.495
4941,2003/7/12 22:30,14.495
4942,2003/7/12 23:00,14.495
4943,2003/7/12 23:30,14.495
4944,2003/7/13 0:00,6.08
4945,2003/7/13 0:30,6.08
4946,2003/7/13 1:00,6.08
4947,2003/7/13 1:30,6.08
4948,2003/7/13 2:00,6.08
4949,2003/7/13 2:30,6.08
4950,2003/7/13 3:00,6.08
4951,2003/7/13 3:30,6.08
4952,2003/7/13 4:00,6.08
4953,2003/7/13 4:30,6.08
4954,2003/7/13 5:00,6.08
4955,2003/7/13 5:30,6.08
4956,2003/7/13 6:00,6.08
4957,2003/7/13 6:30,6.08
4958,2003/7/13 7:00,14.495
4959,2003/7/13 7:30,14.495
4960,2003/7/13 8:00,14.495
4961,2003/7/13 8:30,14.495
4962,2003/7/13 9:00,14.495
4963,2003/7/13 9:30,14.495
4964,2003/7/13 10:00,14.495
4965,2003/7/13 10:30,14.495
4966,2003/7/13 11:00,14.495
4967,2003/7/13 11:30,14.495
4968,2003/7/13 12:00,14.495
4969,2003/7/13 12:30,14.495
4970,2003/7/13 13:00,14.495
4971,2003/7/13 13:30,14.495
4972,2003/7/13 14:00,27.34
4973,2003/7/13 14:30,27.34
4974,2003/7/13 15:00,27.34
4975,2003/7/13 15:30,27.34
4976,2003/7/13 16:00,14.495
4977,2003/7/13 16:30,14.495
4978,2003/7/13 17:00,14.495
4979,2003/7/13 17:30,14.495
4980,2003/7/13 18:00,14.495
4981,2003/7/13 18:30,14.495
4982,2003/7/13 19:00,14.495
4983,2003/7/13 19:30,14.495
4984,2003/7/13 20:00,14.495
4985,2003/7/13 20:30,14.495
4986,2003/7/13 21:00,14.495
4987,2003/7/13 21:30,14.495
4988,2003/7/13 22:00,14.495
4989,2003/7/13 22:30,14.495
4990,2003/7/13 23:00,14.495
4991,2003/7/13 23:30,14.495
4992,2003/7/14 0:00,6.08
4993,2003/7/14 0:30,6.08
4994,2003/7/14 1:00,6.08
4995,2003/7/14 1:30,6.08
4996,2003/7/14 2:00,6.08
4997,2003/7/14 2:30,6.08
4998,2003/7/14 3:00,6.08
4999,2003/7/14 3:30,6.08
5000,2003/7/14 4:00,6.08
5001,2003/7/14 4:30,6.08
5002,2003/7/14 5:00,6.08
5003,2003/7/14 5:30,6.08
5004,2003/7/14 6:00,6.08
5005,2003/7/14 6:30,6.08
5006,2003/7/14 7:00,14.495
5007,2003/7/14 7:30,14.495
5008,2003/7/14 8:00,14.495
5009,2003/7/14 8:30,14.495
5010,2003/7/14 9:00,14.495
5011,2003/7/14 9:30,14.495
5012,2003/7/14 10:00,14.495
5013,2003/7/14 10:30,14.495
5014,2003/7/14 11:00,14.495
5015,2003/7/14 11:30,14.495
5016,2003/7/14 12:00,14.495
5017,2003/7/14 12:30,14.495
5018,2003/7/14 13:00,14.495
5019,2003/7/14 13:30,14.495
5020,2003/7/14 14:00,27.34
5021,2003/7/14 14:30,27.34
5022,2003/7/14 15:00,27.34
5023,2003/7/14 15:30,27.34
5024,2003/7/14 16:00,14.495
5025,2003/7/14 16:30,14.495
5026,2003/7/14 17:00,14.495
5027,2003/7/14 17:30,14.495
5028,2003/7/14 18:00,14.495
5029,2003/7/14 18:30,14.495
5030,2003/7/14 19:00,14.495
5031,2003/7/14 19:30,14.495
5032,2003/7/14 20:00,14.495
5033,2003/7/14 20:30,14.495
5034,2003/7/14 21:00,14.495
5035,2003/7/14 21:30,14.495
5036,2003/7/14 22:00,14.495
5037,2003/7/14 22:30,14.495
5038,2003/7/14 23:00,14.495
5039,2003/7/14 23:30,14.495
5040,2003/7/15 0:00,6.08
5041,2003/7/15 0:30,6.08
5042,2003/7/15 1:00,6.08
5043,2003/7/15 1:30,6.08
5044,2003/7/15 2:00,6.08
5045,2003/7/15 2:30,6.08
5046,2003/7/15 3:00,6.08
5047,2003/7/15 3:30,6.08
5048,2003/7/15 4:00,6.08
5049,2003/7/15 4:30,6.08
5050,2003/7/15 5:00,6.08
5051,2003/7/15 5:30,6.08
5052,2003/7/15 6:00,6.08
5053,2003/7/15 6:30,6.08
5054,2003/7/15 7:00,14.495
5055,2003/7/15 7:30,14.495
5056,2003/7/15 8:00,14.495
5057,2003/7/15 8:30,14.495
5058,2003/7/15 9:00,14.495
5059,2003/7/15 9:30,14.495
5060,2003/7/15 10:00,14.495
5061,2003/7/15 10:30,14.495
5062,2003/7/15 11:00,14.495
5063,2003/7/15 11:30,14.495
5064,2003/7/15 12:00,14.495
5065,2003/7/15 12:30,14.495
5066,2003/7/15 13:00,14.495
5067,2003/7/15 13:30,14.495
5068,2003/7/15 14:00,27.34
5069,2003/7/15 14:30,27.34
5070,2003/7/15 15:00,27.34
5071,2003/7/15 15:30,27.34
5072,2003/7/15 16:00,14.495
5073,2003/7/15 16:30,14.495
5074,2003/7/15 17:00,14.495
5075,2003/7/15 17:30,14.495
5076,2003/7/15 18:00,14.495
5077,2003/7/15 18:30,14.495
5078,2003/7/15 19:00,14.495
5079,2003/7/15 19:30,14.495
5080,2003/7/15 20:00,14.495
5081,2003/7/15 20:30,14.495
5082,2003/7/15 21:00,14.495
5083,2003/7/15 21:30,14.495
5084,2003/7/15 22:00,14.495
5085,2003/7/15 22:30,14.495
5086,2003/7/15 23:00,14.495
5087,2003/7/15 23:30,14.495
5088,2003/7/16 0:00,6.08
5089,2003/7/16 0:30,6.08
5090,2003/7/16 1:00,6.08
5091,2003/7/16 1:30,6.08
5092,2003/7/16 2:00,6.08
5093,2003/7/16 2:30,6.08
5094,2003/7/16 3:00,6.08
5095,2003/7/16 3:30,6.08
5096,2003/7/16 4:00,6.08
5097,2003/7/16 4:30,6.08
5098,2003/7/16 5:00,6.08
5099,2003/7/16 5:30,6.08
5100,2003/7/16 6:00,6.08
5101,2003/7/16 6:30,6.08
5102,2003/7/16 7:00,14.495
5103,2003/7/16 7:30,14.495
5104,2003/7/16 8:00,14.495
5105,2003/7/16 8:30,14.495
5106,2003/7/16 9:00,14.495
5107,2003/7/16 9:30,14.495
5108,2003/7/16 10:00,14.495
5109,2003/7/16 10:30,14.495
5110,2003/7/16 11:00,14.495
5111,2003/7/16 11:30,14.495
5112,2003/7/16 12:00,14.495
5113,2003/7/16 12:30,14.495
5114,2003/7/16 13:00,14.495
5115,2003/7/16 13:30,14.495
5116,2003/7/16 14:00,27.34
5117,2003/7/16 14:30,27.34
5118,2003/7/16 15:00,27.34
5119,2003/7/16 15:30,27.34
5120,2003/7/16 16:00,14.495
5121,2003/7/16 16:30,14.495
5122,2003/7/16 17:00,14.495
5123,2003/7/16 17:30,14.495
5124,2003/7/16 18:00,14.495
5125,2003/7/16 18:30,14.495
5126,2003/7/16 19:00,14.495
5127,2003/7/16 19:30,14.495
5128,2003/7/16 20:00,14.495
5129,2003/7/16 20:30,14.495
5130,2003/7/16 21:00,14.495
5131,2003/7/16 21:30,14.495
5132,2003/7/16 22:00,14.495
5133,2003/7/16 22:30,14.495
5134,2003/7/16 23:00,14.495
5135,2003/7/16 23:30,14.495
5136,2003/7/17 0:00,6.08
5137,2003/7/17 0:30,6.08
5138,2003/7/17 1:00,6.08
5139,2003/7/17 1:30,6.08
5140,2003/7/17 2:00,6.08
5141,2003/7/17 2:30,6.08
5142,2003/7/17 3:00,6.08
5143,2003/7/17 3:30,6.08
5144,2003/7/17 4:00,6.08
5145,2003/7/17 4:30,6.08
5146,2003/7/17 5:00,6.08
5147,2003/7/17 5:30,6.08
5148,2003/7/17 6:00,6.08
5149,2003/7/17 6:30,6.08
5150,2003/7/17 7:00,14.495
5151,2003/7/17 7:30,14.495
5152,2003/7/17 8:00,14.495
5153,2003/7/17 8:30,14.495
5154,2003/7/17 9:00,14.495
5155,2003/7/17 9:30,14.495
5156,2003/7/17 10:00,14.495
5157,2003/7/17 10:30,14.495
5158,2003/7/17 11:00,14.495
5159,2003/7/17 11:30,14.495
5160,2003/7/17 12:00,14.495
5161,2003/7/17 12:30,14.495
5162,2003/7/17 13:00,14.495
5163,2003/7/17 13:30,14.495
5164,2003/7/17 14:00,27.34
5165,2003/7/17 14:30,27.34
5166,2003/7/17 15:00,27.34
5167,2003/7/17 15:30,27.34
5168,2003/7/17 16:00,14.495
5169,2003/7/17 16:30,14.495
5170,2003/7/17 17:00,14.495
5171,2003/7/17 17:30,14.495
5172,2003/7/17 18:00,14.495
5173,2003/7/17 18:30,14.495
5174,2003/7/17 19:00,14.495
5175,2003/7/17 19:30,14.495
5176,2003/7/17 20:00,14.495
5177,2003/7/17 20:30,14.495
5178,2003/7/17 21:00,14.495
5179,2003/7/17 21:30,14.495
5180,2003/7/17 22:00,14.495
5181,2003/7/17 22:30,14.495
5182,2003/7/17 23:00,14.495
5183,2003/7/17 23:30,14.495
5184,2003/7/18 0:00,6.08
5185,2003/7/18 0:30,6.08
5186,2003/7/18 1:00,6.08
5187,2003/7/18 1:30,6.08
5188,2003/7/18 2:00,6.08
5189,2003/7/18 2:30,6.08
5190,2003/7/18 3:00,6.08
5191,2003/7/18 3:30,6.08
5192,2003/7/18 4:00,6.08
5193,2003/7/18 4:30,6.08
5194,2003/7/18 5:00,6.08
5195,2003/7/18 5:30,6.08
5196,2003/7/18 6:00,6.08
5197,2003/7/18 6:30,6.08
5198,2003/7/18 7:00,14.495
5199,2003/7/18 7:30,14.495
5200,2003/7/18 8:00,14.495
5201,2003/7/18 8:30,14.495
5202,2003/7/18 9:00,14.495
5203,2003/7/18 9:30,14.495
5204,2003/7/18 10:00,14.495
5205,2003/7/18 10:30,14.495
5206,2003/7/18 11:00,14.495
5207,2003/7/18 11:30,14.495
5208,2003/7/18 12:00,14.495
5209,2003/7/18 12:30,14.495
5210,2003/7/18 13:00,14.495
5211,2003/7/18 13:30,14.495
5212,2003/7/18 14:00,27.34
5213,2003/7/18 14:30,27.34
5214,2003/7/18 15:00,27.34
5215,2003/7/18 15:30,27.34
5216,2003/7/18 16:00,14.495
5217,2003/7/18 16:30,14.495
5218,2003/7/18 17:00,14.495
5219,2003/7/18 17:30,14.495
5220,2003/7/18 18:00,14.495
5221,2003/7/18 18:30,14.495
5222,2003/7/18 19:00,14.495
5223,2003/7/18 19:30,14.495
5224,2003/7/18 20:00,14.495
5225,2003/7/18 20:30,14.495
5226,2003/7/18 21:00,14.495
5227,2003/7/18 21:30,14.495
5228,2003/7/18 22:00,14.495
5229,2003/7/18 22:30,14.495
5230,2003/7/18 23:00,14.495
5231,2003/7/18 23:30,14.495
5232,2003/7/19 0:00,6.08
5233,2003/7/19 0:30,6.08
5234,2003/7/19 1:00,6.08
5235,2003/7/19 1:30,6.08
5236,2003/7/19 2:00,6.08
5237,2003/7/19 2:30,6.08
5238,2003/7/19 3:00,6.08
5239,2003/7/19 3:30,6.08
5240,2003/7/19 4:00,6.08
5241,2003/7/19 4:30,6.08
5242,2003/7/19 5:00,6.08
5243,2003/7/19 5:30,6.08
5244,2003/7/19 6:00,6.08
5245,2003/7/19 6:30,6.08
5246,2003/7/19 7:00,14.495
5247,2003/7/19 7:30,14.495
5248,2003/7/19 8:00,14.495
5249,2003/7/19 8:30,14.495
5250,2003/7/19 9:00,14.495
5251,2003/7/19 9:30,14.495
5252,2003/7/19 10:00,14.495
5253,2003/7/19 10:30,14.495
5254,2003/7/19 11:00,14.495
5255,2003/7/19 11:30,14.495
5256,2003/7/19 12:00,14.495
5257,2003/7/19 12:30,14.495
5258,2003/7/19 13:00,14.495
5259,2003/7/19 13:30,14.495
5260,2003/7/19 14:00,27.34
5261,2003/7/19 14:30,27.34
5262,2003/7/19 15:00,27.34
5263,2003/7/19 15:30,27.34
5264,2003/7/19 16:00,14.495
5265,2003/7/19 16:30,14.495
5266,2003/7/19 17:00,14.495
5267,2003/7/19 17:30,14.495
5268,2003/7/19 18:00,14.495
5269,2003/7/19 18:30,14.495
5270,2003/7/19 19:00,14.495
5271,2003/7/19 19:30,14.495
5272,2003/7/19 20:00,14.495
5273,2003/7/19 20:30,14.495
5274,2003/7/19 21:00,14.495
5275,2003/7/19 21:30,14.495
5276,2003/7/19 22:00,14.495
5277,2003/7/19 22:30,14.495
5278,2003/7/19 23:00,14.495
5279,2003/7/19 23:30,14.495
5280,2003/7/20 0:00,6.08
5281,2003/7/20 0:30,6.08
5282,2003/7/20 1:00,6.08
5283,2003/7/20 1:30,6.08
5284,2003/7/20 2:00,6.08
5285,2003/7/20 2:30,6.08
5286,2003/7/20 3:00,6.08
5287,2003/7/20 3:30,6.08
5288,2003/7/20 4:00,6.08
5289,2003/7/20 4:30,6.08
5290,2003/7/20 5:00,6.08
5291,2003/7/20 5:30,6.08
5292,2003/7/20 6:00,6.08
5293,2003/7/20 6:30,6.08
5294,2003/7/20 7:00,14.495
5295,2003/7/20 7:30,14.495
5296,2003/7/20 8:00,14.495
5297,2003/7/20 8:30,14.495
5298,2003/7/20 9:00,14.495
5299,2003/7/20 9:30,14.495
5300,2003/7/20 10:00,14.495
5301,2003/7/20 10:30,14.495
5302,2003/7/20 11:00,14.495
5303,2003/7/20 11:30,14.495
5304,2003/7/20 12:00,14.495
5305,2003/7/20 12:30,14.495
5306,2003/7/20 13:00,14.495
5307,2003/7/20 13:30,14.495
5308,2003/7/20 14:00,27.34
5309,2003/7/20 14:30,27.34
5310,2003/7/20 15:00,27.34
5311,2003/7/20 15:30,27.34
5312,2003/7/20 16:00,14.495
5313,2003/7/20 16:30,14.495
5314,2003/7/20 17:00,14.495
5315,2003/7/20 17:30,14.495
5316,2003/7/20 18:00,14.495
5317,2003/7/20 18:30,14.495
5318,2003/7/20 19:00,14.495
5319,2003/7/20 19:30,14.495
5320,2003/7/20 20:00,14.495
5321,2003/7/20 20:30,14.495
5322,2003/7/20 21:00,14.495
5323,2003/7/20 21:30,14.495
5324,2003/7/20 22:00,14.495
5325,2003/7/20 22:30,14.495
5326,2003/7/20 23:00,14.495
5327,2003/7/20 23:30,14.495
5328,2003/7/21 0:00,6.08
5329,2003/7/21 0:30,6.08
5330,2003/7/21 1:00,6.08
5331,2003/7/21 1:30,6.08
5332,2003/7/21 2:00,6.08
5333,2003/7/21 2:30,6.08
5334,2003/7/21 3:00,6.08
5335,2003/7/21 3:30,6.08
5336,2003/7/21 4:00,6.08
5337,2003/7/21 4:30,6.08
5338,2003/7/21 5:00,6.08
5339,2003/7/21 5:30,6.08
5340,2003/7/21 6:00,6.08
5341,2003/7/21 6:30,6.08
5342,2003/7/21 7:00,14.495
5343,2003/7/21 7:30,14.495
5344,2003/7/21 8:00,14.495
5345,2003/7/21 8:30,14.495
5346,2003/7/21 9:00,14.495
5347,2003/7/21 9:30,14.495
5348,2003/7/21 10:00,14.495
5349,2003/7/21 10:30,14.495
5350,2003/7/21 11:00,14.495
5351,2003/7/21 11:30,14.495
5352,2003/7/21 12:00,14.495
5353,2003/7/21 12:30,14.495
5354,2003/7/21 13:00,14.495
5355,2003/7/21 13:30,14.495
5356,2003/7/21 14:00,27.34
5357,2003/7/21 14:30,27.34
5358,2003/7/21 15:00,27.34
5359,2003/7/21 15:30,27.34
5360,2003/7/21 16:00,14.495
5361,2003/7/21 16:30,14.495
5362,2003/7/21 17:00,14.495
5363,2003/7/21 17:30,14.495
5364,2003/7/21 18:00,14.495
5365,2003/7/21 18:30,14.495
5366,2003/7/21 19:00,14.495
5367,2003/7/21 19:30,14.495
5368,2003/7/21 20:00,14.495
5369,2003/7/21 20:30,14.495
5370,2003/7/21 21:00,14.495
5371,2003/7/21 21:30,14.495
5372,2003/7/21 22:00,14.495
5373,2003/7/21 22:30,14.495
5374,2003/7/21 23:00,14.495
5375,2003/7/21 23:30,14.495
5376,2003/7/22 0:00,6.08
5377,2003/7/22 0:30,6.08
5378,2003/7/22 1:00,6.08
5379,2003/7/22 1:30,6.08
5380,2003/7/22 2:00,6.08
5381,2003/7/22 2:30,6.08
5382,2003/7/22 3:00,6.08
5383,2003/7/22 3:30,6.08
5384,2003/7/22 4:00,6.08
5385,2003/7/22 4:30,6.08
5386,2003/7/22 5:00,6.08
5387,2003/7/22 5:30,6.08
5388,2003/7/22 6:00,6.08
5389,2003/7/22 6:30,6.08
5390,2003/7/22 7:00,14.495
5391,2003/7/22 7:30,14.495
5392,2003/7/22 8:00,14.495
5393,2003/7/22 8:30,14.495
5394,2003/7/22 9:00,14.495
5395,2003/7/22 9:30,14.495
5396,2003/7/22 10:00,14.495
5397,2003/7/22 10:30,14.495
5398,2003/7/22 11:00,14.495
5399,2003/7/22 11:30,14.495
5400,2003/7/22 12:00,14.495
5401,2003/7/22 12:30,14.495
5402,2003/7/22 13:00,14.495
5403,2003/7/22 13:30,14.495
5404,2003/7/22 14:00,27.34
5405,2003/7/22 14:30,27.34
5406,2003/7/22 15:00,27.34
5407,2003/7/22 15:30,27.34
5408,2003/7/22 16:00,14.495
5409,2003/7/22 16:30,14.495
5410,2003/7/22 17:00,14.495
5411,2003/7/22 17:30,14.495
5412,2003/7/22 18:00,14.495
5413,2003/7/22 18:30,14.495
5414,2003/7/22 19:00,14.495
5415,2003/7/22 19:30,14.495
5416,2003/7/22 20:00,14.495
5417,2003/7/22 20:30,14.495
5418,2003/7/22 21:00,14.495
5419,2003/7/22 21:30,14.495
5420,2003/7/22 22:00,14.495
5421,2003/7/22 22:30,14.495
5422,2003/7/22 23:00,14.495
5423,2003/7/22 23:30,14.495
5424,2003/7/23 0:00,6.08
5425,2003/7/23 0:30,6.08
5426,2003/7/23 1:00,6.08
5427,2003/7/23 1:30,6.08
5428,2003/7/23 2:00,6.08
5429,2003/7/23 2:30,6.08
5430,2003/7/23 3:00,6.08
5431,2003/7/23 3:30,6.08
5432,2003/7/23 4:00,6.08
5433,2003/7/23 4:30,6.08
5434,2003/7/23 5:00,6.08
5435,2003/7/23 5:30,6.08
5436,2003/7/23 6:00,6.08
5437,2003/7/23 6:30,6.08
5438,2003/7/23 7:00,14.495
5439,2003/7/23 7:30,14.495
5440,2003/7/23 8:00,14.495
5441,2003/7/23 8:30,14.495
5442,2003/7/23 9:00,14.495
5443,2003/7/23 9:30,14.495
5444,2003/7/23 10:00,14.495
5445,2003/7/23 10:30,14.495
5446,2003/7/23 11:00,14.495
5447,2003/7/23 11:30,14.495
5448,2003/7/23 12:00,14.495
5449,2003/7/23 12:30,14.495
5450,2003/7/23 13:00,14.495
5451,2003/7/23 13:30,14.495
5452,2003/7/23 14:00,27.34
5453,2003/7/23 14:30,27.34
5454,2003/7/23 15:00,27.34
5455,2003/7/23 15:30,27.34
5456,2003/7/23 16:00,14.495
5457,2003/7/23 16:30,14.495
5458,2003/7/23 17:00,14.495
5459,2003/7/23 17:30,14.495
5460,2003/7/23 18:00,14.495
5461,2003/7/23 18:30,14.495
5462,2003/7/23 19:00,14.495
5463,2003/7/23 19:30,14.495
5464,2003/7/23 20:00,14.495
5465,2003/7/23 20:30,14.495
5466,2003/7/23 21:00,14.495
5467,2003/7/23 21:30,14.495
5468,2003/7/23 22:00,14.495
5469,2003/7/23 22:30,14.495
5470,2003/7/23 23:00,14.495
5471,2003/7/23 23:30,14.495
5472,2003/7/24 0:00,6.08
5473,2003/7/24 0:30,6.08
5474,2003/7/24 1:00,6.08
5475,2003/7/24 1:30,6.08
5476,2003/7/24 2:00,6.08
5477,2003/7/24 2:30,6.08
5478,2003/7/24 3:00,6.08
5479,2003/7/24 3:30,6.08
5480,2003/7/24 4:00,6.08
5481,2003/7/24 4:30,6.08
5482,2003/7/24 5:00,6.08
5483,2003/7/24 5:30,6.08
5484,2003/7/24 6:00,6.08
5485,2003/7/24 6:30,6.08
5486,2003/7/24 7:00,14.495
5487,2003/7/24 7:30,14.495
5488,2003/7/24 8:00,14.495
5489,2003/7/24 8:30,14.495
5490,2003/7/24 9:00,14.495
5491,2003/7/24 9:30,14.495
5492,2003/7/24 10:00,14.495
5493,2003/7/24 10:30,14.495
5494,2003/7/24 11:00,14.495
5495,2003/7/24 11:30,14.495
5496,2003/7/24 12:00,14.495
5497,2003/7/24 12:30,14.495
5498,2003/7/24 13:00,14.495
5499,2003/7/24 13:30,14.495
5500,2003/7/24 14:00,27.34
5501,2003/7/24 14:30,27.34
5502,2003/7/24 15:00,27.34
5503,2003/7/24 15:30,27.34
5504,2003/7/24 16:00,14.495
5505,2003/7/24 16:30,14.495
5506,2003/7/24 17:00,14.495
5507,2003/7/24 17:30,14.495
5508,2003/7/24 18:00,14.495
5509,2003/7/24 18:30,14.495
5510,2003/7/24 19:00,14.495
5511,2003/7/24 19:30,14.495
5512,2003/7/24 20:00,14.495
5513,2003/7/24 20:30,14.495
5514,2003/7/24 21:00,14.495
5515,2003/7/24 21:30,14.495
5516,2003/7/24 22:00,14.495
5517,2003/7/24 22:30,14.495
5518,2003/7/24 23:00,14.495
5519,2003/7/24 23:30,14.495
5520,2003/7/25 0:00,6.08
5521,2003/7/25 0:30,6.08
5522,2003/7/25 1:00,6.08
5523,2003/7/25 1:30,6.08
5524,2003/7/25 2:00,6.08
5525,2003/7/25 2:30,6.08
5526,2003/7/25 3:00,6.08
5527,2003/7/25 3:30,6.08
5528,2003/7/25 4:00,6.08
5529,2003/7/25 4:30,6.08
5530,2003/7/25 5:00,6.08
5531,2003/7/25 5:30,6.08
5532,2003/7/25 6:00,6.08
5533,2003/7/25 6:30,6.08
5534,2003/7/25 7:00,14.495
5535,2003/7/25 7:30,14.495
5536,2003/7/25 8:00,14.495
5537,2003/7/25 8:30,14.495
5538,2003/7/25 9:00,14.495
5539,2003/7/25 9:30,14.495
5540,2003/7/25 10:00,14.495
5541,2003/7/25 10:30,14.495
5542,2003/7/25 11:00,14.495
5543,2003/7/25 11:30,14.495
5544,2003/7/25 12:00,14.495
5545,2003/7/25 12:30,14.495
5546,2003/7/25 13:00,14.495
5547,2003/7/25 13:30,14.495
5548,2003/7/25 14:00,27.34
5549,2003/7/25 14:30,27.34
5550,2003/7/25 15:00,27.34
5551,2003/7/25 15:30,27.34
5552,2003/7/25 16:00,14.495
5553,2003/7/25 16:30,14.495
5554,2003/7/25 17:00,14.495
5555,2003/7/25 17:30,14.495
5556,2003/7/25 18:00,14.495
5557,2003/7/25 18:30,14.495
5558,2003/7/25 19:00,14.495
5559,2003/7/25 19:30,14.495
5560,2003/7/25 20:00,14.495
5561,2003/7/25 20:30,14.495
5562,2003/7/25 21:00,14.495
5563,2003/7/25 21:30,14.495
5564,2003/7/25 22:00,14.495
5565,2003/7/25 22:30,14.495
5566,2003/7/25 23:00,14.495
5567,2003/7/25 23:30,14.495
5568,2003/7/26 0:00,6.08
5569,2003/7/26 0:30,6.08
5570,2003/7/26 1:00,6.08
5571,2003/7/26 1:30,6.08
5572,2003/7/26 2:00,6.08
5573,2003/7/26 2:30,6.08
5574,2003/7/26 3:00,6.08
5575,2003/7/26 3:30,6.08
5576,2003/7/26 4:00,6.08
5577,2003/7/26 4:30,6.08
5578,2003/7/26 5:00,6.08
5579,2003/7/26 5:30,6.08
5580,2003/7/26 6:00,6.08
5581,2003/7/26 6:30,6.08
5582,2003/7/26 7:00,14.495
5583,2003/7/26 7:30,14.495
5584,2003/7/26 8:00,14.495
5585,2003/7/26 8:30,14.495
5586,2003/7/26 9:00,14.495
5587,2003/7/26 9:30,14.495
5588,2003/7/26 10:00,14.495
5589,2003/7/26 10:30,14.495
5590,2003/7/26 11:00,14.495
5591,2003/7/26 11:30,14.495
5592,2003/7/26 12:00,14.495
5593,2003/7/26 12:30,14.495
5594,2003/7/26 13:00,14.495
5595,2003/7/26 13:30,14.495
5596,2003/7/26 14:00,27.34
5597,2003/7/26 14:30,27.34
5598,2003/7/26 15:00,27.34
5599,2003/7/26 15:30,27.34
5600,2003/7/26 16:00,14.495
5601,2003/7/26 16:30,14.495
5602,2003/7/26 17:00,14.495
5603,2003/7/26 17:30,14.495
5604,2003/7/26 18:00,14.495
5605,2003/7/26 18:30,14.495
5606,2003/7/26 19:00,14.495
5607,2003/7/26 19:30,14.495
5608,2003/7/26 20:00,14.495
5609,2003/7/26 20:30,14.495
5610,2003/7/26 21:00,14.495
5611,2003/7/26 21:30,14.495
5612,2003/7/26 22:00,14.495
5613,2003/7/26 22:30,14.495
5614,2003/7/26 23:00,14.495
5615,2003/7/26 23:30,14.495
5616,2003/7/27 0:00,6.08
5617,2003/7/27 0:30,6.08
5618,2003/7/27 1:00,6.08
5619,2003/7/27 1:30,6.08
5620,2003/7/27 2:00,6.08
5621,2003/7/27 2:30,6.08
5622,2003/7/27 3:00,6.08
5623,2003/7/27 3:30,6.08
5624,2003/7/27 4:00,6.08
5625,2003/7/27 4:30,6.08
5626,2003/7/27 5:00,6.08
5627,2003/7/27 5:30,6.08
5628,2003/7/27 6:00,6.08
5629,2003/7/27 6:30,6.08
5630,2003/7/27 7:00,14.495
5631,2003/7/27 7:30,14.495
5632,2003/7/27 8:00,14.495
5633,2003/7/27 8:30,14.495
5634,2003/7/27 9:00,14.495
5635,2003/7/27 9:30,14.495
5636,2003/7/27 10:00,14.495
5637,2003/7/27 10:30,14.495
5638,2003/7/27 11:00,14.495
5639,2003/7/27 11:30,14.495
5640,2003/7/27 12:00,14.495
5641,2003/7/27 12:30,14.495
5642,2003/7/27 13:00,14.495
5643,2003/7/27 13:30,14.495
5644,2003/7/27 14:00,27.34
5645,2003/7/27 14:30,27.34
5646,2003/7/27 15:00,27.34
5647,2003/7/27 15:30,27.34
5648,2003/7/27 16:00,14.495
5649,2003/7/27 16:30,14.495
5650,2003/7/27 17:00,14.495
5651,2003/7/27 17:30,14.495
5652,2003/7/27 18:00,14.495
5653,2003/7/27 18:30,14.495
5654,2003/7/27 19:00,14.495
5655,2003/7/27 19:30,14.495
5656,2003/7/27 20:00,14.495
5657,2003/7/27 20:30,14.495
5658,2003/7/27 21:00,14.495
5659,2003/7/27 21:30,14.495
5660,2003/7/27 22:00,14.495
5661,2003/7/27 22:30,14.495
5662,2003/7/27 23:00,14.495
5663,2003/7/27 23:30,14.495
5664,2003/7/28 0:00,6.08
5665,2003/7/28 0:30,6.08
5666,2003/7/28 1:00,6.08
5667,2003/7/28 1:30,6.08
5668,2003/7/28 2:00,6.08
5669,2003/7/28 2:30,6.08
5670,2003/7/28 3:00,6.08
5671,2003/7/28 3:30,6.08
5672,2003/7/28 4:00,6.08
5673,2003/7/28 4:30,6.08
5674,2003/7/28 5:00,6.08
5675,2003/7/28 5:30,6.08
5676,2003/7/28 6:00,6.08
5677,2003/7/28 6:30,6.08
5678,2003/7/28 7:00,14.495
5679,2003/7/28 7:30,14.495
5680,2003/7/28 8:00,14.495
5681,2003/7/28 8:30,14.495
5682,2003/7/28 9:00,14.495
5683,2003/7/28 9:30,14.495
5684,2003/7/28 10:00,14.495
5685,2003/7/28 10:30,14.495
5686,2003/7/28 11:00,14.495
5687,2003/7/28 11:30,14.495
5688,2003/7/28 12:00,14.495
5689,2003/7/28 12:30,14.495
5690,2003/7/28 13:00,14.495
5691,2003/7/28 13:30,14.495
5692,2003/7/28 14:00,27.34
5693,2003/7/28 14:30,27.34
5694,2003/7/28 15:00,27.34
5695,2003/7/28 15:30,27.34
5696,2003/7/28 16:00,14.495
5697,2003/7/28 16:30,14.495
5698,2003/7/28 17:00,14.495
5699,2003/7/28 17:30,14.495
5700,2003/7/28 18:00,14.495
5701,2003/7/28 18:30,14.495
5702,2003/7/28 19:00,14.495
5703,2003/7/28 19:30,14.495
5704,2003/7/28 20:00,14.495
5705,2003/7/28 20:30,14.495
5706,2003/7/28 21:00,14.495
5707,2003/7/28 21:30,14.495
5708,2003/7/28 22:00,14.495
5709,2003/7/28 22:30,14.495
5710,2003/7/28 23:00,14.495
5711,2003/7/28 23:30,14.495
5712,2003/7/29 0:00,6.08
5713,2003/7/29 0:30,6.08
5714,2003/7/29 1:00,6.08
5715,2003/7/29 1:30,6.08
5716,2003/7/29 2:00,6.08
5717,2003/7/29 2:30,6.08
5718,2003/7/29 3:00,6.08
5719,2003/7/29 3:30,6.08
5720,2003/7/29 4:00,6.08
5721,2003/7/29 4:30,6.08
5722,2003/7/29 5:00,6.08
5723,2003/7/29 5:30,6.08
5724,2003/7/29 6:00,6.08
5725,2003/7/29 6:30,6.08
5726,2003/7/29 7:00,14.495
5727,2003/7/29 7:30,14.495
5728,2003/7/29 8:00,14.495
5729,2003/7/29 8:30,14.495
5730,2003/7/29 9:00,14.495
5731,2003/7/29 9:30,14.495
5732,2003/7/29 10:00,14.495
5733,2003/7/29 10:30,14.495
5734,2003/7/29 11:00,14.495
5735,2003/7/29 11:30,14.495
5736,2003/7/29 12:00,14.495
5737,2003/7/29 12:30,14.495
5738,2003/7/29 13:00,14.495
5739,2003/7/29 13:30,14.495
5740,2003/7/29 14:00,27.34
5741,2003/7/29 14:30,27.34
5742,2003/7/29 15:00,27.34
5743,2003/7/29 15:30,27.34
5744,2003/7/29 16:00,14.495
5745,2003/7/29 16:30,14.495
5746,2003/7/29 17:00,14.495
5747,2003/7/29 17:30,14.495
5748,2003/7/29 18:00,14.495
5749,2003/7/29 18:30,14.495
5750,2003/7/29 19:00,14.495
5751,2003/7/29 19:30,14.495
5752,2003/7/29 20:00,14.495
5753,2003/7/29 20:30,14.495
5754,2003/7/29 21:00,14.495
5755,2003/7/29 21:30,14.495
5756,2003/7/29 22:00,14.495
5757,2003/7/29 22:30,14.495
5758,2003/7/29 23:00,14.495
5759,2003/7/29 23:30,14.495
5760,2003/7/30 0:00,6.08
5761,2003/7/30 0:30,6.08
5762,2003/7/30 1:00,6.08
5763,2003/7/30 1:30,6.08
5764,2003/7/30 2:00,6.08
5765,2003/7/30 2:30,6.08
5766,2003/7/30 3:00,6.08
5767,2003/7/30 3:30,6.08
5768,2003/7/30 4:00,6.08
5769,2003/7/30 4:30,6.08
5770,2003/7/30 5:00,6.08
5771,2003/7/30 5:30,6.08
5772,2003/7/30 6:00,6.08
5773,2003/7/30 6:30,6.08
5774,2003/7/30 7:00,14.495
5775,2003/7/30 7:30,14.495
5776,2003/7/30 8:00,14.495
5777,2003/7/30 8:30,14.495
5778,2003/7/30 9:00,14.495
5779,2003/7/30 9:30,14.495
5780,2003/7/30 10:00,14.495
5781,2003/7/30 10:30,14.495
5782,2003/7/30 11:00,14.495
5783,2003/7/30 11:30,14.495
5784,2003/7/30 12:00,14.495
5785,2003/7/30 12:30,14.495
5786,2003/7/30 13:00,14.495
5787,2003/7/30 13:30,14.495
5788,2003/7/30 14:00,27.34
5789,2003/7/30 14:30,27.34
5790,2003/7/30 15:00,27.34
5791,2003/7/30 15:30,27.34
5792,2003/7/30 16:00,14.495
5793,2003/7/30 16:30,14.495
5794,2003/7/30 17:00,14.495
5795,2003/7/30 17:30,14.495
5796,2003/7/30 18:00,14.495
5797,2003/7/30 18:30,14.495
5798,2003/7/30 19:00,14.495
5799,2003/7/30 19:30,14.495
5800,2003/7/30 20:00,14.495
5801,2003/7/30 20:30,14.495
5802,2003/7/30 21:00,14.495
5803,2003/7/30 21:30,14.495
5804,2003/7/30 22:00,14.495
5805,2003/7/30 22:30,14.495
5806,2003/7/30 23:00,14.495
5807,2003/7/30 23:30,14.495
5808,2003/7/31 0:00,6.08
5809,2003/7/31 0:30,6.08
5810,2003/7/31 1:00,6.08
5811,2003/7/31 1:30,6.08
5812,2003/7/31 2:00,6.08
5813,2003/7/31 2:30,6.08
5814,2003/7/31 3:00,6.08
5815,2003/7/31 3:30,6.08
5816,2003/7/31 4:00,6.08
5817,2003/7/31 4:30,6.08
5818,2003/7/31 5:00,6.08
5819,2003/7/31 5:30,6.08
5820,2003/7/31 6:00,6.08
5821,2003/7/31 6:30,6.08
5822,2003/7/31 7:00,14.495
5823,2003/7/31 7:30,14.495
5824,2003/7/31 8:00,14.495
5825,2003/7/31 8:30,14.495
5826,2003/7/31 9:00,14.495
5827,2003/7/31 9:30,14.495
5828,2003/7/31 10:00,14.495
5829,2003/7/31 10:30,14.495
5830,2003/7/31 11:00,14.495
5831,2003/7/31 11:30,14.495
5832,2003/7/31 12:00,14.495
5833,2003/7/31 12:30,14.495
5834,2003/7/31 13:00,14.495
5835,2003/7/31 13:30,14.495
5836,2003/7/31 14:00,27.34
5837,2003/7/31 14:30,27.34
5838,2003/7/31 15:00,27.34
5839,2003/7/31 15:30,27.34
5840,2003/7/31 16:00,14.495
5841,2003/7/31 16:30,14.495
5842,2003/7/31 17:00,14.495
5843,2003/7/31 17:30,14.495
5844,2003/7/31 18:00,14.495
5845,2003/7/31 18:30,14.495
5846,2003/7/31 19:00,14.495
5847,2003/7/31 19:30,14.495
5848,2003/7/31 20:00,14.495
5849,2003/7/31 20:30,14.495
5850,2003/7/31 21:00,14.495
5851,2003/7/31 21:30,14.495
5852,2003/7/31 22:00,14.495
5853,2003/7/31 22:30,14.495
5854,2003/7/31 23:00,14.495
5855,2003/7/31 23:30,14.495
5856,2003/8/1 0:00,6.08
5857,2003/8/1 0:30,6.08
5858,2003/8/1 1:00,6.08
5859,2003/8/1 1:30,6.08
5860,2003/8/1 2:00,6.08
5861,2003/8/1 2:30,6.08
5862,2003/8/1 3:00,6.08
5863,2003/8/1 3:30,6.08
5864,2003/8/1 4:00,6.08
5865,2003/8/1 4:30,6.08
5866,2003/8/1 5:00,6.08
5867,2003/8/1 5:30,6.08
5868,2003/8/1 6:00,6.08
5869,2003/8/1 6:30,6.08
5870,2003/8/1 7:00,14.495
5871,2003/8/1 7:30,14.495
5872,2003/8/1 8:00,14.495
5873,2003/8/1 8:30,14.495
5874,2003/8/1 9:00,14.495
5875,2003/8/1 9:30,14.495
5876,2003/8/1 10:00,14.495
5877,2003/8/1 10:30,14.495
5878,2003/8/1 11:00,14.495
5879,2003/8/1 11:30,14.495
5880,2003/8/1 12:00,14.495
5881,2003/8/1 12:30,14.495
5882,2003/8/1 13:00,14.495
5883,2003/8/1 13:30,14.495
5884,2003/8/1 14:00,27.34
5885,2003/8/1 14:30,27.34
5886,2003/8/1 15:00,27.34
5887,2003/8/1 15:30,27.34
5888,2003/8/1 16:00,14.495
5889,2003/8/1 16:30,14.495
5890,2003/8/1 17:00,14.495
5891,2003/8/1 17:30,14.495
5892,2003/8/1 18:00,14.495
5893,2003/8/1 18:30,14.495
5894,2003/8/1 19:00,14.495
5895,2003/8/1 19:30,14.495
5896,2003/8/1 20:00,14.495
5897,2003/8/1 20:30,14.495
5898,2003/8/1 21:00,14.495
5899,2003/8/1 21:30,14.495
5900,2003/8/1 22:00,14.495
5901,2003/8/1 22:30,14.495
5902,2003/8/1 23:00,14.495
5903,2003/8/1 23:30,14.495
5904,2003/8/2 0:00,6.08
5905,2003/8/2 0:30,6.08
5906,2003/8/2 1:00,6.08
5907,2003/8/2 1:30,6.08
5908,2003/8/2 2:00,6.08
5909,2003/8/2 2:30,6.08
5910,2003/8/2 3:00,6.08
5911,2003/8/2 3:30,6.08
5912,2003/8/2 4:00,6.08
5913,2003/8/2 4:30,6.08
5914,2003/8/2 5:00,6.08
5915,2003/8/2 5:30,6.08
5916,2003/8/2 6:00,6.08
5917,2003/8/2 6:30,6.08
5918,2003/8/2 7:00,14.495
5919,2003/8/2 7:30,14.495
5920,2003/8/2 8:00,14.495
5921,2003/8/2 8:30,14.495
5922,2003/8/2 9:00,14.495
5923,2003/8/2 9:30,14.495
5924,2003/8/2 10:00,14.495
5925,2003/8/2 10:30,14.495
5926,2003/8/2 11:00,14.495
5927,2003/8/2 11:30,14.495
5928,2003/8/2 12:00,14.495
5929,2003/8/2 12:30,14.495
5930,2003/8/2 13:00,14.495
5931,2003/8/2 13:30,14.495
5932,2003/8/2 14:00,27.34
5933,2003/8/2 14:30,27.34
5934,2003/8/2 15:00,27.34
5935,2003/8/2 15:30,27.34
5936,2003/8/2 16:00,14.495
5937,2003/8/2 16:30,14.495
5938,2003/8/2 17:00,14.495
5939,2003/8/2 17:30,14.495
5940,2003/8/2 18:00,14.495
5941,2003/8/2 18:30,14.495
5942,2003/8/2 19:00,14.495
5943,2003/8/2 19:30,14.495
5944,2003/8/2 20:00,14.495
5945,2003/8/2 20:30,14.495
5946,2003/8/2 21:00,14.495
5947,2003/8/2 21:30,14.495
5948,2003/8/2 22:00,14.495
5949,2003/8/2 22:30,14.495
5950,2003/8/2 23:00,14.495
5951,2003/8/2 23:30,14.495
5952,2003/8/3 0:00,6.08
5953,2003/8/3 0:30,6.08
5954,2003/8/3 1:00,6.08
5955,2003/8/3 1:30,6.08
5956,2003/8/3 2:00,6.08
5957,2003/8/3 2:30,6.08
5958,2003/8/3 3:00,6.08
5959,2003/8/3 3:30,6.08
5960,2003/8/3 4:00,6.08
5961,2003/8/3 4:30,6.08
5962,2003/8/3 5:00,6.08
5963,2003/8/3 5:30,6.08
5964,2003/8/3 6:00,6.08
5965,2003/8/3 6:30,6.08
5966,2003/8/3 7:00,14.495
5967,2003/8/3 7:30,14.495
5968,2003/8/3 8:00,14.495
5969,2003/8/3 8:30,14.495
5970,2003/8/3 9:00,14.495
5971,2003/8/3 9:30,14.495
5972,2003/8/3 10:00,14.495
5973,2003/8/3 10:30,14.495
5974,2003/8/3 11:00,14.495
5975,2003/8/3 11:30,14.495
5976,2003/8/3 12:00,14.495
5977,2003/8/3 12:30,14.495
5978,2003/8/3 13:00,14.495
5979,2003/8/3 13:30,14.495
5980,2003/8/3 14:00,27.34
5981,2003/8/3 14:30,27.34
5982,2003/8/3 15:00,27.34
5983,2003/8/3 15:30,27.34
5984,2003/8/3 16:00,14.495
5985,2003/8/3 16:30,14.495
5986,2003/8/3 17:00,14.495
5987,2003/8/3 17:30,14.495
5988,2003/8/3 18:00,14.495
5989,2003/8/3 18:30,14.495
5990,2003/8/3 19:00,14.495
5991,2003/8/3 19:30,14.495
5992,2003/8/3 20:00,14.495
5993,2003/8/3 20:30,14.495
5994,2003/8/3 21:00,14.495
5995,2003/8/3 21:30,14.495
5996,2003/8/3 22:00,14.495
5997,2003/8/3 22:30,14.495
5998,2003/8/3 23:00,14.495
5999,2003/8/3 23:30,14.495
6000,2003/8/4 0:00,6.08
6001,2003/8/4 0:30,6.08
6002,2003/8/4 1:00,6.08
6003,2003/8/4 1:30,6.08
6004,2003/8/4 2:00,6.08
6005,2003/8/4 2:30,6.08
6006,2003/8/4 3:00,6.08
6007,2003/8/4 3:30,6.08
6008,2003/8/4 4:00,6.08
6009,2003/8/4 4:30,6.08
6010,2003/8/4 5:00,6.08
6011,2003/8/4 5:30,6.08
6012,2003/8/4 6:00,6.08
6013,2003/8/4 6:30,6.08
6014,2003/8/4 7:00,14.495
6015,2003/8/4 7:30,14.495
6016,2003/8/4 8:00,14.495
6017,2003/8/4 8:30,14.495
6018,2003/8/4 9:00,14.495
6019,2003/8/4 9:30,14.495
6020,2003/8/4 10:00,14.495
6021,2003/8/4 10:30,14.495
6022,2003/8/4 11:00,14.495
6023,2003/8/4 11:30,14.495
6024,2003/8/4 12:00,14.495
6025,2003/8/4 12:30,14.495
6026,2003/8/4 13:00,14.495
6027,2003/8/4 13:30,14.495
6028,2003/8/4 14:00,27.34
6029,2003/8/4 14:30,27.34
6030,2003/8/4 15:00,27.34
6031,2003/8/4 15:30,27.34
6032,2003/8/4 16:00,14.495
6033,2003/8/4 16:30,14.495
6034,2003/8/4 17:00,14.495
6035,2003/8/4 17:30,14.495
6036,2003/8/4 18:00,14.495
6037,2003/8/4 18:30,14.495
6038,2003/8/4 19:00,14.495
6039,2003/8/4 19:30,14.495
6040,2003/8/4 20:00,14.495
6041,2003/8/4 20:30,14.495
6042,2003/8/4 21:00,14.495
6043,2003/8/4 21:30,14.495
6044,2003/8/4 22:00,14.495
6045,2003/8/4 22:30,14.495
6046,2003/8/4 23:00,14.495
6047,2003/8/4 23:30,14.495
6048,2003/8/5 0:00,6.08
6049,2003/8/5 0:30,6.08
6050,2003/8/5 1:00,6.08
6051,2003/8/5 1:30,6.08
6052,2003/8/5 2:00,6.08
6053,2003/8/5 2:30,6.08
6054,2003/8/5 3:00,6.08
6055,2003/8/5 3:30,6.08
6056,2003/8/5 4:00,6.08
6057,2003/8/5 4:30,6.08
6058,2003/8/5 5:00,6.08
6059,2003/8/5 5:30,6.08
6060,2003/8/5 6:00,6.08
6061,2003/8/5 6:30,6.08
6062,2003/8/5 7:00,14.495
6063,2003/8/5 7:30,14.495
6064,2003/8/5 8:00,14.495
6065,2003/8/5 8:30,14.495
6066,2003/8/5 9:00,14.495
6067,2003/8/5 9:30,14.495
6068,2003/8/5 10:00,14.495
6069,2003/8/5 10:30,14.495
6070,2003/8/5 11:00,14.495
6071,2003/8/5 11:30,14.495
6072,2003/8/5 12:00,14.495
6073,2003/8/5 12:30,14.495
6074,2003/8/5 13:00,14.495
6075,2003/8/5 13:30,14.495
6076,2003/8/5 14:00,27.34
6077,2003/8/5 14:30,27.34
6078,2003/8/5 15:00,27.34
6079,2003/8/5 15:30,27.34
6080,2003/8/5 16:00,14.495
6081,2003/8/5 16:30,14.495
6082,2003/8/5 17:00,14.495
6083,2003/8/5 17:30,14.495
6084,2003/8/5 18:00,14.495
6085,2003/8/5 18:30,14.495
6086,2003/8/5 19:00,14.495
6087,2003/8/5 19:30,14.495
6088,2003/8/5 20:00,14.495
6089,2003/8/5 20:30,14.495
6090,2003/8/5 21:00,14.495
6091,2003/8/5 21:30,14.495
6092,2003/8/5 22:00,14.495
6093,2003/8/5 22:30,14.495
6094,2003/8/5 23:00,14.495
6095,2003/8/5 23:30,14.495
6096,2003/8/6 0:00,6.08
6097,2003/8/6 0:30,6.08
6098,2003/8/6 1:00,6.08
6099,2003/8/6 1:30,6.08
6100,2003/8/6 2:00,6.08
6101,2003/8/6 2:30,6.08
6102,2003/8/6 3:00,6.08
6103,2003/8/6 3:30,6.08
6104,2003/8/6 4:00,6.08
6105,2003/8/6 4:30,6.08
6106,2003/8/6 5:00,6.08
6107,2003/8/6 5:30,6.08
6108,2003/8/6 6:00,6.08
6109,2003/8/6 6:30,6.08
6110,2003/8/6 7:00,14.495
6111,2003/8/6 7:30,14.495
6112,2003/8/6 8:00,14.495
6113,2003/8/6 8:30,14.495
6114,2003/8/6 9:00,14.495
6115,2003/8/6 9:30,14.495
6116,2003/8/6 10:00,14.495
6117,2003/8/6 10:30,14.495
6118,2003/8/6 11:00,14.495
6119,2003/8/6 11:30,14.495
6120,2003/8/6 12:00,14.495
6121,2003/8/6 12:30,14.495
6122,2003/8/6 13:00,14.495
6123,2003/8/6 13:30,14.495
6124,2003/8/6 14:00,27.34
6125,2003/8/6 14:30,27.34
6126,2003/8/6 15:00,27.34
6127,2003/8/6 15:30,27.34
6128,2003/8/6 16:00,14.495
6129,2003/8/6 16:30,14.495
6130,2003/8/6 17:00,14.495
6131,2003/8/6 17:30,14.495
6132,2003/8/6 18:00,14.495
6133,2003/8/6 18:30,14.495
6134,2003/8/6 19:00,14.495
6135,2003/8/6 19:30,14.495
6136,2003/8/6 20:00,14.495
6137,2003/8/6 20:30,14.495
6138,2003/8/6 21:00,14.495
6139,2003/8/6 21:30,14.495
6140,2003/8/6 22:00,14.495
6141,2003/8/6 22:30,14.495
6142,2003/8/6 23:00,14.495
6143,2003/8/6 23:30,14.495
6144,2003/8/7 0:00,6.08
6145,2003/8/7 0:30,6.08
6146,2003/8/7 1:00,6.08
6147,2003/8/7 1:30,6.08
6148,2003/8/7 2:00,6.08
6149,2003/8/7 2:30,6.08
6150,2003/8/7 3:00,6.08
6151,2003/8/7 3:30,6.08
6152,2003/8/7 4:00,6.08
6153,2003/8/7 4:30,6.08
6154,2003/8/7 5:00,6.08
6155,2003/8/7 5:30,6.08
6156,2003/8/7 6:00,6.08
6157,2003/8/7 6:30,6.08
6158,2003/8/7 7:00,14.495
6159,2003/8/7 7:30,14.495
6160,2003/8/7 8:00,14.495
6161,2003/8/7 8:30,14.495
6162,2003/8/7 9:00,14.495
6163,2003/8/7 9:30,14.495
6164,2003/8/7 10:00,14.495
6165,2003/8/7 10:30,14.495
6166,2003/8/7 11:00,14.495
6167,2003/8/7 11:30,14.495
6168,2003/8/7 12:00,14.495
6169,2003/8/7 12:30,14.495
6170,2003/8/7 13:00,14.495
6171,2003/8/7 13:30,14.495
6172,2003/8/7 14:00,27.34
6173,2003/8/7 14:30,27.34
6174,2003/8/7 15:00,27.34
6175,2003/8/7 15:30,27.34
6176,2003/8/7 16:00,14.495
6177,2003/8/7 16:30,14.495
6178,2003/8/7 17:00,14.495
6179,2003/8/7 17:30,14.495
6180,2003/8/7 18:00,14.495
6181,2003/8/7 18:30,14.495
6182,2003/8/7 19:00,14.495
6183,2003/8/7 19:30,14.495
6184,2003/8/7 20:00,14.495
6185,2003/8/7 20:30,14.495
6186,2003/8/7 21:00,14.495
6187,2003/8/7 21:30,14.495
6188,2003/8/7 22:00,14.495
6189,2003/8/7 22:30,14.495
6190,2003/8/7 23:00,14.495
6191,2003/8/7 23:30,14.495
6192,2003/8/8 0:00,6.08
6193,2003/8/8 0:30,6.08
6194,2003/8/8 1:00,6.08
6195,2003/8/8 1:30,6.08
6196,2003/8/8 2:00,6.08
6197,2003/8/8 2:30,6.08
6198,2003/8/8 3:00,6.08
6199,2003/8/8 3:30,6.08
6200,2003/8/8 4:00,6.08
6201,2003/8/8 4:30,6.08
6202,2003/8/8 5:00,6.08
6203,2003/8/8 5:30,6.08
6204,2003/8/8 6:00,6.08
6205,2003/8/8 6:30,6.08
6206,2003/8/8 7:00,14.495
6207,2003/8/8 7:30,14.495
6208,2003/8/8 8:00,14.495
6209,2003/8/8 8:30,14.495
6210,2003/8/8 9:00,14.495
6211,2003/8/8 9:30,14.495
6212,2003/8/8 10:00,14.495
6213,2003/8/8 10:30,14.495
6214,2003/8/8 11:00,14.495
6215,2003/8/8 11:30,14.495
6216,2003/8/8 12:00,14.495
6217,2003/8/8 12:30,14.495
6218,2003/8/8 13:00,14.495
6219,2003/8/8 13:30,14.495
6220,2003/8/8 14:00,27.34
6221,2003/8/8 14:30,27.34
6222,2003/8/8 15:00,27.34
6223,2003/8/8 15:30,27.34
6224,2003/8/8 16:00,14.495
6225,2003/8/8 16:30,14.495
6226,2003/8/8 17:00,14.495
6227,2003/8/8 17:30,14.495
6228,2003/8/8 18:00,14.495
6229,2003/8/8 18:30,14.495
6230,2003/8/8 19:00,14.495
6231,2003/8/8 19:30,14.495
6232,2003/8/8 20:00,14.495
6233,2003/8/8 20:30,14.495
6234,2003/8/8 21:00,14.495
6235,2003/8/8 21:30,14.495
6236,2003/8/8 22:00,14.495
6237,2003/8/8 22:30,14.495
6238,2003/8/8 23:00,14.495
6239,2003/8/8 23:30,14.495
6240,2003/8/9 0:00,6.08
6241,2003/8/9 0:30,6.08
6242,2003/8/9 1:00,6.08
6243,2003/8/9 1:30,6.08
6244,2003/8/9 2:00,6.08
6245,2003/8/9 2:30,6.08
6246,2003/8/9 3:00,6.08
6247,2003/8/9 3:30,6.08
6248,2003/8/9 4:00,6.08
6249,2003/8/9 4:30,6.08
6250,2003/8/9 5:00,6.08
6251,2003/8/9 5:30,6.08
6252,2003/8/9 6:00,6.08
6253,2003/8/9 6:30,6.08
6254,2003/8/9 7:00,14.495
6255,2003/8/9 7:30,14.495
6256,2003/8/9 8:00,14.495
6257,2003/8/9 8:30,14.495
6258,2003/8/9 9:00,14.495
6259,2003/8/9 9:30,14.495
6260,2003/8/9 10:00,14.495
6261,2003/8/9 10:30,14.495
6262,2003/8/9 11:00,14.495
6263,2003/8/9 11:30,14.495
6264,2003/8/9 12:00,14.495
6265,2003/8/9 12:30,14.495
6266,2003/8/9 13:00,14.495
6267,2003/8/9 13:30,14.495
6268,2003/8/9 14:00,27.34
6269,2003/8/9 14:30,27.34
6270,2003/8/9 15:00,27.34
6271,2003/8/9 15:30,27.34
6272,2003/8/9 16:00,14.495
6273,2003/8/9 16:30,14.495
6274,2003/8/9 17:00,14.495
6275,2003/8/9 17:30,14.495
6276,2003/8/9 18:00,14.495
6277,2003/8/9 18:30,14.495
6278,2003/8/9 19:00,14.495
6279,2003/8/9 19:30,14.495
6280,2003/8/9 20:00,14.495
6281,2003/8/9 20:30,14.495
6282,2003/8/9 21:00,14.495
6283,2003/8/9 21:30,14.495
6284,2003/8/9 22:00,14.495
6285,2003/8/9 22:30,14.495
6286,2003/8/9 23:00,14.495
6287,2003/8/9 23:30,14.495
6288,2003/8/10 0:00,6.08
6289,2003/8/10 0:30,6.08
6290,2003/8/10 1:00,6.08
6291,2003/8/10 1:30,6.08
6292,2003/8/10 2:00,6.08
6293,2003/8/10 2:30,6.08
6294,2003/8/10 3:00,6.08
6295,2003/8/10 3:30,6.08
6296,2003/8/10 4:00,6.08
6297,2003/8/10 4:30,6.08
6298,2003/8/10 5:00,6.08
6299,2003/8/10 5:30,6.08
6300,2003/8/10 6:00,6.08
6301,2003/8/10 6:30,6.08
6302,2003/8/10 7:00,14.495
6303,2003/8/10 7:30,14.495
6304,2003/8/10 8:00,14.495
6305,2003/8/10 8:30,14.495
6306,2003/8/10 9:00,14.495
6307,2003/8/10 9:30,14.495
6308,2003/8/10 10:00,14.495
6309,2003/8/10 10:30,14.495
6310,2003/8/10 11:00,14.495
6311,2003/8/10 11:30,14.495
6312,2003/8/10 12:00,14.495
6313,2003/8/10 12:30,14.495
6314,2003/8/10 13:00,14.495
6315,2003/8/10 13:30,14.495
6316,2003/8/10 14:00,27.34
6317,2003/8/10 14:30,27.34
6318,2003/8/10 15:00,27.34
6319,2003/8/10 15:30,27.34
6320,2003/8/10 16:00,14.495
6321,2003/8/10 16:30,14.495
6322,2003/8/10 17:00,14.495
6323,2003/8/10 17:30,14.495
6324,2003/8/10 18:00,14.495
6325,2003/8/10 18:30,14.495
6326,2003/8/10 19:00,14.495
6327,2003/8/10 19:30,14.495
6328,2003/8/10 20:00,14.495
6329,2003/8/10 20:30,14.495
6330,2003/8/10 21:00,14.495
6331,2003/8/10 21:30,14.495
6332,2003/8/10 22:00,14.495
6333,2003/8/10 22:30,14.495
6334,2003/8/10 23:00,14.495
6335,2003/8/10 23:30,14.495
6336,2003/8/11 0:00,6.08
6337,2003/8/11 0:30,6.08
6338,2003/8/11 1:00,6.08
6339,2003/8/11 1:30,6.08
6340,2003/8/11 2:00,6.08
6341,2003/8/11 2:30,6.08
6342,2003/8/11 3:00,6.08
6343,2003/8/11 3:30,6.08
6344,2003/8/11 4:00,6.08
6345,2003/8/11 4:30,6.08
6346,2003/8/11 5:00,6.08
6347,2003/8/11 5:30,6.08
6348,2003/8/11 6:00,6.08
6349,2003/8/11 6:30,6.08
6350,2003/8/11 7:00,14.495
6351,2003/8/11 7:30,14.495
6352,2003/8/11 8:00,14.495
6353,2003/8/11 8:30,14.495
6354,2003/8/11 9:00,14.495
6355,2003/8/11 9:30,14.495
6356,2003/8/11 10:00,14.495
6357,2003/8/11 10:30,14.495
6358,2003/8/11 11:00,14.495
6359,2003/8/11 11:30,14.495
6360,2003/8/11 12:00,14.495
6361,2003/8/11 12:30,14.495
6362,2003/8/11 13:00,14.495
6363,2003/8/11 13:30,14.495
6364,2003/8/11 14:00,27.34
6365,2003/8/11 14:30,27.34
6366,2003/8/11 15:00,27.34
6367,2003/8/11 15:30,27.34
6368,2003/8/11 16:00,14.495
6369,2003/8/11 16:30,14.495
6370,2003/8/11 17:00,14.495
6371,2003/8/11 17:30,14.495
6372,2003/8/11 18:00,14.495
6373,2003/8/11 18:30,14.495
6374,2003/8/11 19:00,14.495
6375,2003/8/11 19:30,14.495
6376,2003/8/11 20:00,14.495
6377,2003/8/11 20:30,14.495
6378,2003/8/11 21:00,14.495
6379,2003/8/11 21:30,14.495
6380,2003/8/11 22:00,14.495
6381,2003/8/11 22:30,14.495
6382,2003/8/11 23:00,14.495
6383,2003/8/11 23:30,14.495
6384,2003/8/12 0:00,6.08
6385,2003/8/12 0:30,6.08
6386,2003/8/12 1:00,6.08
6387,2003/8/12 1:30,6.08
6388,2003/8/12 2:00,6.08
6389,2003/8/12 2:30,6.08
6390,2003/8/12 3:00,6.08
6391,2003/8/12 3:30,6.08
6392,2003/8/12 4:00,6.08
6393,2003/8/12 4:30,6.08
6394,2003/8/12 5:00,6.08
6395,2003/8/12 5:30,6.08
6396,2003/8/12 6:00,6.08
6397,2003/8/12 6:30,6.08
6398,2003/8/12 7:00,14.495
6399,2003/8/12 7:30,14.495
6400,2003/8/12 8:00,14.495
6401,2003/8/12 8:30,14.495
6402,2003/8/12 9:00,14.495
6403,2003/8/12 9:30,14.495
6404,2003/8/12 10:00,14.495
6405,2003/8/12 10:30,14.495
6406,2003/8/12 11:00,14.495
6407,2003/8/12 11:30,14.495
6408,2003/8/12 12:00,14.495
6409,2003/8/12 12:30,14.495
6410,2003/8/12 13:00,14.495
6411,2003/8/12 13:30,14.495
6412,2003/8/12 14:00,27.34
6413,2003/8/12 14:30,27.34
6414,2003/8/12 15:00,27.34
6415,2003/8/12 15:30,27.34
6416,2003/8/12 16:00,14.495
6417,2003/8/12 16:30,14.495
6418,2003/8/12 17:00,14.495
6419,2003/8/12 17:30,14.495
6420,2003/8/12 18:00,14.495
6421,2003/8/12 18:30,14.495
6422,2003/8/12 19:00,14.495
6423,2003/8/12 19:30,14.495
6424,2003/8/12 20:00,14.495
6425,2003/8/12 20:30,14.495
6426,2003/8/12 21:00,14.495
6427,2003/8/12 21:30,14.495
6428,2003/8/12 22:00,14.495
6429,2003/8/12 22:30,14.495
6430,2003/8/12 23:00,14.495
6431,2003/8/12 23:30,14.495
6432,2003/8/13 0:00,6.08
6433,2003/8/13 0:30,6.08
6434,2003/8/13 1:00,6.08
6435,2003/8/13 1:30,6.08
6436,2003/8/13 2:00,6.08
6437,2003/8/13 2:30,6.08
6438,2003/8/13 3:00,6.08
6439,2003/8/13 3:30,6.08
6440,2003/8/13 4:00,6.08
6441,2003/8/13 4:30,6.08
6442,2003/8/13 5:00,6.08
6443,2003/8/13 5:30,6.08
6444,2003/8/13 6:00,6.08
6445,2003/8/13 6:30,6.08
6446,2003/8/13 7:00,14.495
6447,2003/8/13 7:30,14.495
6448,2003/8/13 8:00,14.495
6449,2003/8/13 8:30,14.495
6450,2003/8/13 9:00,14.495
6451,2003/8/13 9:30,14.495
6452,2003/8/13 10:00,14.495
6453,2003/8/13 10:30,14.495
6454,2003/8/13 11:00,14.495
6455,2003/8/13 11:30,14.495
6456,2003/8/13 12:00,14.495
6457,2003/8/13 12:30,14.495
6458,2003/8/13 13:00,14.495
6459,2003/8/13 13:30,14.495
6460,2003/8/13 14:00,27.34
6461,2003/8/13 14:30,27.34
6462,2003/8/13 15:00,27.34
6463,2003/8/13 15:30,27.34
6464,2003/8/13 16:00,14.495
6465,2003/8/13 16:30,14.495
6466,2003/8/13 17:00,14.495
6467,2003/8/13 17:30,14.495
6468,2003/8/13 18:00,14.495
6469,2003/8/13 18:30,14.495
6470,2003/8/13 19:00,14.495
6471,2003/8/13 19:30,14.495
6472,2003/8/13 20:00,14.495
6473,2003/8/13 20:30,14.495
6474,2003/8/13 21:00,14.495
6475,2003/8/13 21:30,14.495
6476,2003/8/13 22:00,14.495
6477,2003/8/13 22:30,14.495
6478,2003/8/13 23:00,14.495
6479,2003/8/13 23:30,14.495
6480,2003/8/14 0:00,6.08
6481,2003/8/14 0:30,6.08
6482,2003/8/14 1:00,6.08
6483,2003/8/14 1:30,6.08
6484,2003/8/14 2:00,6.08
6485,2003/8/14 2:30,6.08
6486,2003/8/14 3:00,6.08
6487,2003/8/14 3:30,6.08
6488,2003/8/14 4:00,6.08
6489,2003/8/14 4:30,6.08
6490,2003/8/14 5:00,6.08
6491,2003/8/14 5:30,6.08
6492,2003/8/14 6:00,6.08
6493,2003/8/14 6:30,6.08
6494,2003/8/14 7:00,14.495
6495,2003/8/14 7:30,14.495
6496,2003/8/14 8:00,14.495
6497,2003/8/14 8:30,14.495
6498,2003/8/14 9:00,14.495
6499,2003/8/14 9:30,14.495
6500,2003/8/14 10:00,14.495
6501,2003/8/14 10:30,14.495
6502,2003/8/14 11:00,14.495
6503,2003/8/14 11:30,14.495
6504,2003/8/14 12:00,14.495
6505,2003/8/14 12:30,14.495
6506,2003/8/14 13:00,14.495
6507,2003/8/14 13:30,14.495
6508,2003/8/14 14:00,27.34
6509,2003/8/14 14:30,27.34
6510,2003/8/14 15:00,27.34
6511,2003/8/14 15:30,27.34
6512,2003/8/14 16:00,14.495
6513,2003/8/14 16:30,14.495
6514,2003/8/14 17:00,14.495
6515,2003/8/14 17:30,14.495
6516,2003/8/14 18:00,14.495
6517,2003/8/14 18:30,14.495
6518,2003/8/14 19:00,14.495
6519,2003/8/14 19:30,14.495
6520,2003/8/14 20:00,14.495
6521,2003/8/14 20:30,14.495
6522,2003/8/14 21:00,14.495
6523,2003/8/14 21:30,14.495
6524,2003/8/14 22:00,14.495
6525,2003/8/14 22:30,14.495
6526,2003/8/14 23:00,14.495
6527,2003/8/14 23:30,14.495
6528,2003/8/15 0:00,6.08
6529,2003/8/15 0:30,6.08
6530,2003/8/15 1:00,6.08
6531,2003/8/15 1:30,6.08
6532,2003/8/15 2:00,6.08
6533,2003/8/15 2:30,6.08
6534,2003/8/15 3:00,6.08
6535,2003/8/15 3:30,6.08
6536,2003/8/15 4:00,6.08
6537,2003/8/15 4:30,6.08
6538,2003/8/15 5:00,6.08
6539,2003/8/15 5:30,6.08
6540,2003/8/15 6:00,6.08
6541,2003/8/15 6:30,6.08
6542,2003/8/15 7:00,14.495
6543,2003/8/15 7:30,14.495
6544,2003/8/15 8:00,14.495
6545,2003/8/15 8:30,14.495
6546,2003/8/15 9:00,14.495
6547,2003/8/15 9:30,14.495
6548,2003/8/15 10:00,14.495
6549,2003/8/15 10:30,14.495
6550,2003/8/15 11:00,14.495
6551,2003/8/15 11:30,14.495
6552,2003/8/15 12:00,14.495
6553,2003/8/15 12:30,14.495
6554,2003/8/15 13:00,14.495
6555,2003/8/15 13:30,14.495
6556,2003/8/15 14:00,27.34
6557,2003/8/15 14:30,27.34
6558,2003/8/15 15:00,27.34
6559,2003/8/15 15:30,27.34
6560,2003/8/15 16:00,14.495
6561,2003/8/15 16:30,14.495
6562,2003/8/15 17:00,14.495
6563,2003/8/15 17:30,14.495
6564,2003/8/15 18:00,14.495
6565,2003/8/15 18:30,14.495
6566,2003/8/15 19:00,14.495
6567,2003/8/15 19:30,14.495
6568,2003/8/15 20:00,14.495
6569,2003/8/15 20:30,14.495
6570,2003/8/15 21:00,14.495
6571,2003/8/15 21:30,14.495
6572,2003/8/15 22:00,14.495
6573,2003/8/15 22:30,14.495
6574,2003/8/15 23:00,14.495
6575,2003/8/15 23:30,14.495
6576,2003/8/16 0:00,6.08
6577,2003/8/16 0:30,6.08
6578,2003/8/16 1:00,6.08
6579,2003/8/16 1:30,6.08
6580,2003/8/16 2:00,6.08
6581,2003/8/16 2:30,6.08
6582,2003/8/16 3:00,6.08
6583,2003/8/16 3:30,6.08
6584,2003/8/16 4:00,6.08
6585,2003/8/16 4:30,6.08
6586,2003/8/16 5:00,6.08
6587,2003/8/16 5:30,6.08
6588,2003/8/16 6:00,6.08
6589,2003/8/16 6:30,6.08
6590,2003/8/16 7:00,14.495
6591,2003/8/16 7:30,14.495
6592,2003/8/16 8:00,14.495
6593,2003/8/16 8:30,14.495
6594,2003/8/16 9:00,14.495
6595,2003/8/16 9:30,14.495
6596,2003/8/16 10:00,14.495
6597,2003/8/16 10:30,14.495
6598,2003/8/16 11:00,14.495
6599,2003/8/16 11:30,14.495
6600,2003/8/16 12:00,14.495
6601,2003/8/16 12:30,14.495
6602,2003/8/16 13:00,14.495
6603,2003/8/16 13:30,14.495
6604,2003/8/16 14:00,27.34
6605,2003/8/16 14:30,27.34
6606,2003/8/16 15:00,27.34
6607,2003/8/16 15:30,27.34
6608,2003/8/16 16:00,14.495
6609,2003/8/16 16:30,14.495
6610,2003/8/16 17:00,14.495
6611,2003/8/16 17:30,14.495
6612,2003/8/16 18:00,14.495
6613,2003/8/16 18:30,14.495
6614,2003/8/16 19:00,14.495
6615,2003/8/16 19:30,14.495
6616,2003/8/16 20:00,14.495
6617,2003/8/16 20:30,14.495
6618,2003/8/16 21:00,14.495
6619,2003/8/16 21:30,14.495
6620,2003/8/16 22:00,14.495
6621,2003/8/16 22:30,14.495
6622,2003/8/16 23:00,14.495
6623,2003/8/16 23:30,14.495
6624,2003/8/17 0:00,6.08
6625,2003/8/17 0:30,6.08
6626,2003/8/17 1:00,6.08
6627,2003/8/17 1:30,6.08
6628,2003/8/17 2:00,6.08
6629,2003/8/17 2:30,6.08
6630,2003/8/17 3:00,6.08
6631,2003/8/17 3:30,6.08
6632,2003/8/17 4:00,6.08
6633,2003/8/17 4:30,6.08
6634,2003/8/17 5:00,6.08
6635,2003/8/17 5:30,6.08
6636,2003/8/17 6:00,6.08
6637,2003/8/17 6:30,6.08
6638,2003/8/17 7:00,14.495
6639,2003/8/17 7:30,14.495
6640,2003/8/17 8:00,14.495
6641,2003/8/17 8:30,14.495
6642,2003/8/17 9:00,14.495
6643,2003/8/17 9:30,14.495
6644,2003/8/17 10:00,14.495
6645,2003/8/17 10:30,14.495
6646,2003/8/17 11:00,14.495
6647,2003/8/17 11:30,14.495
6648,2003/8/17 12:00,14.495
6649,2003/8/17 12:30,14.495
6650,2003/8/17 13:00,14.495
6651,2003/8/17 13:30,14.495
6652,2003/8/17 14:00,27.34
6653,2003/8/17 14:30,27.34
6654,2003/8/17 15:00,27.34
6655,2003/8/17 15:30,27.34
6656,2003/8/17 16:00,14.495
6657,2003/8/17 16:30,14.495
6658,2003/8/17 17:00,14.495
6659,2003/8/17 17:30,14.495
6660,2003/8/17 18:00,14.495
6661,2003/8/17 18:30,14.495
6662,2003/8/17 19:00,14.495
6663,2003/8/17 19:30,14.495
6664,2003/8/17 20:00,14.495
6665,2003/8/17 20:30,14.495
6666,2003/8/17 21:00,14.495
6667,2003/8/17 21:30,14.495
6668,2003/8/17 22:00,14.495
6669,2003/8/17 22:30,14.495
6670,2003/8/17 23:00,14.495
6671,2003/8/17 23:30,14.495
6672,2003/8/18 0:00,6.08
6673,2003/8/18 0:30,6.08
6674,2003/8/18 1:00,6.08
6675,2003/8/18 1:30,6.08
6676,2003/8/18 2:00,6.08
6677,2003/8/18 2:30,6.08
6678,2003/8/18 3:00,6.08
6679,2003/8/18 3:30,6.08
6680,2003/8/18 4:00,6.08
6681,2003/8/18 4:30,6.08
6682,2003/8/18 5:00,6.08
6683,2003/8/18 5:30,6.08
6684,2003/8/18 6:00,6.08
6685,2003/8/18 6:30,6.08
6686,2003/8/18 7:00,14.495
6687,2003/8/18 7:30,14.495
6688,2003/8/18 8:00,14.495
6689,2003/8/18 8:30,14.495
6690,2003/8/18 9:00,14.495
6691,2003/8/18 9:30,14.495
6692,2003/8/18 10:00,14.495
6693,2003/8/18 10:30,14.495
6694,2003/8/18 11:00,14.495
6695,2003/8/18 11:30,14.495
6696,2003/8/18 12:00,14.495
6697,2003/8/18 12:30,14.495
6698,2003/8/18 13:00,14.495
6699,2003/8/18 13:30,14.495
6700,2003/8/18 14:00,27.34
6701,2003/8/18 14:30,27.34
6702,2003/8/18 15:00,27.34
6703,2003/8/18 15:30,27.34
6704,2003/8/18 16:00,14.495
6705,2003/8/18 16:30,14.495
6706,2003/8/18 17:00,14.495
6707,2003/8/18 17:30,14.495
6708,2003/8/18 18:00,14.495
6709,2003/8/18 18:30,14.495
6710,2003/8/18 19:00,14.495
6711,2003/8/18 19:30,14.495
6712,2003/8/18 20:00,14.495
6713,2003/8/18 20:30,14.495
6714,2003/8/18 21:00,14.495
6715,2003/8/18 21:30,14.495
6716,2003/8/18 22:00,14.495
6717,2003/8/18 22:30,14.495
6718,2003/8/18 23:00,14.495
6719,2003/8/18 23:30,14.495
6720,2003/8/19 0:00,6.08
6721,2003/8/19 0:30,6.08
6722,2003/8/19 1:00,6.08
6723,2003/8/19 1:30,6.08
6724,2003/8/19 2:00,6.08
6725,2003/8/19 2:30,6.08
6726,2003/8/19 3:00,6.08
6727,2003/8/19 3:30,6.08
6728,2003/8/19 4:00,6.08
6729,2003/8/19 4:30,6.08
6730,2003/8/19 5:00,6.08
6731,2003/8/19 5:30,6.08
6732,2003/8/19 6:00,6.08
6733,2003/8/19 6:30,6.08
6734,2003/8/19 7:00,14.495
6735,2003/8/19 7:30,14.495
6736,2003/8/19 8:00,14.495
6737,2003/8/19 8:30,14.495
6738,2003/8/19 9:00,14.495
6739,2003/8/19 9:30,14.495
6740,2003/8/19 10:00,14.495
6741,2003/8/19 10:30,14.495
6742,2003/8/19 11:00,14.495
6743,2003/8/19 11:30,14.495
6744,2003/8/19 12:00,14.495
6745,2003/8/19 12:30,14.495
6746,2003/8/19 13:00,14.495
6747,2003/8/19 13:30,14.495
6748,2003/8/19 14:00,27.34
6749,2003/8/19 14:30,27.34
6750,2003/8/19 15:00,27.34
6751,2003/8/19 15:30,27.34
6752,2003/8/19 16:00,14.495
6753,2003/8/19 16:30,14.495
6754,2003/8/19 17:00,14.495
6755,2003/8/19 17:30,14.495
6756,2003/8/19 18:00,14.495
6757,2003/8/19 18:30,14.495
6758,2003/8/19 19:00,14.495
6759,2003/8/19 19:30,14.495
6760,2003/8/19 20:00,14.495
6761,2003/8/19 20:30,14.495
6762,2003/8/19 21:00,14.495
6763,2003/8/19 21:30,14.495
6764,2003/8/19 22:00,14.495
6765,2003/8/19 22:30,14.495
6766,2003/8/19 23:00,14.495
6767,2003/8/19 23:30,14.495
6768,2003/8/20 0:00,6.08
6769,2003/8/20 0:30,6.08
6770,2003/8/20 1:00,6.08
6771,2003/8/20 1:30,6.08
6772,2003/8/20 2:00,6.08
6773,2003/8/20 2:30,6.08
6774,2003/8/20 3:00,6.08
6775,2003/8/20 3:30,6.08
6776,2003/8/20 4:00,6.08
6777,2003/8/20 4:30,6.08
6778,2003/8/20 5:00,6.08
6779,2003/8/20 5:30,6.08
6780,2003/8/20 6:00,6.08
6781,2003/8/20 6:30,6.08
6782,2003/8/20 7:00,14.495
6783,2003/8/20 7:30,14.495
6784,2003/8/20 8:00,14.495
6785,2003/8/20 8:30,14.495
6786,2003/8/20 9:00,14.495
6787,2003/8/20 9:30,14.495
6788,2003/8/20 10:00,14.495
6789,2003/8/20 10:30,14.495
6790,2003/8/20 11:00,14.495
6791,2003/8/20 11:30,14.495
6792,2003/8/20 12:00,14.495
6793,2003/8/20 12:30,14.495
6794,2003/8/20 13:00,14.495
6795,2003/8/20 13:30,14.495
6796,2003/8/20 14:00,27.34
6797,2003/8/20 14:30,27.34
6798,2003/8/20 15:00,27.34
6799,2003/8/20 15:30,27.34
6800,2003/8/20 16:00,14.495
6801,2003/8/20 16:30,14.495
6802,2003/8/20 17:00,14.495
6803,2003/8/20 17:30,14.495
6804,2003/8/20 18:00,14.495
6805,2003/8/20 18:30,14.495
6806,2003/8/20 19:00,14.495
6807,2003/8/20 19:30,14.495
6808,2003/8/20 20:00,14.495
6809,2003/8/20 20:30,14.495
6810,2003/8/20 21:00,14.495
6811,2003/8/20 21:30,14.495
6812,2003/8/20 22:00,14.495
6813,2003/8/20 22:30,14.495
6814,2003/8/20 23:00,14.495
6815,2003/8/20 23:30,14.495
6816,2003/8/21 0:00,6.08
6817,2003/8/21 0:30,6.08
6818,2003/8/21 1:00,6.08
6819,2003/8/21 1:30,6.08
6820,2003/8/21 2:00,6.08
6821,2003/8/21 2:30,6.08
6822,2003/8/21 3:00,6.08
6823,2003/8/21 3:30,6.08
6824,2003/8/21 4:00,6.08
6825,2003/8/21 4:30,6.08
6826,2003/8/21 5:00,6.08
6827,2003/8/21 5:30,6.08
6828,2003/8/21 6:00,6.08
6829,2003/8/21 6:30,6.08
6830,2003/8/21 7:00,14.495
6831,2003/8/21 7:30,14.495
6832,2003/8/21 8:00,14.495
6833,2003/8/21 8:30,14.495
6834,2003/8/21 9:00,14.495
6835,2003/8/21 9:30,14.495
6836,2003/8/21 10:00,14.495
6837,2003/8/21 10:30,14.495
6838,2003/8/21 11:00,14.495
6839,2003/8/21 11:30,14.495
6840,2003/8/21 12:00,14.495
6841,2003/8/21 12:30,14.495
6842,2003/8/21 13:00,14.495
6843,2003/8/21 13:30,14.495
6844,2003/8/21 14:00,27.34
6845,2003/8/21 14:30,27.34
6846,2003/8/21 15:00,27.34
6847,2003/8/21 15:30,27.34
6848,2003/8/21 16:00,14.495
6849,2003/8/21 16:30,14.495
6850,2003/8/21 17:00,14.495
6851,2003/8/21 17:30,14.495
6852,2003/8/21 18:00,14.495
6853,2003/8/21 18:30,14.495
6854,2003/8/21 19:00,14.495
6855,2003/8/21 19:30,14.495
6856,2003/8/21 20:00,14.495
6857,2003/8/21 20:30,14.495
6858,2003/8/21 21:00,14.495
6859,2003/8/21 21:30,14.495
6860,2003/8/21 22:00,14.495
6861,2003/8/21 22:30,14.495
6862,2003/8/21 23:00,14.495
6863,2003/8/21 23:30,14.495
6864,2003/8/22 0:00,6.08
6865,2003/8/22 0:30,6.08
6866,2003/8/22 1:00,6.08
6867,2003/8/22 1:30,6.08
6868,2003/8/22 2:00,6.08
6869,2003/8/22 2:30,6.08
6870,2003/8/22 3:00,6.08
6871,2003/8/22 3:30,6.08
6872,2003/8/22 4:00,6.08
6873,2003/8/22 4:30,6.08
6874,2003/8/22 5:00,6.08
6875,2003/8/22 5:30,6.08
6876,2003/8/22 6:00,6.08
6877,2003/8/22 6:30,6.08
6878,2003/8/22 7:00,14.495
6879,2003/8/22 7:30,14.495
6880,2003/8/22 8:00,14.495
6881,2003/8/22 8:30,14.495
6882,2003/8/22 9:00,14.495
6883,2003/8/22 9:30,14.495
6884,2003/8/22 10:00,14.495
6885,2003/8/22 10:30,14.495
6886,2003/8/22 11:00,14.495
6887,2003/8/22 11:30,14.495
6888,2003/8/22 12:00,14.495
6889,2003/8/22 12:30,14.495
6890,2003/8/22 13:00,14.495
6891,2003/8/22 13:30,14.495
6892,2003/8/22 14:00,27.34
6893,2003/8/22 14:30,27.34
6894,2003/8/22 15:00,27.34
6895,2003/8/22 15:30,27.34
6896,2003/8/22 16:00,14.495
6897,2003/8/22 16:30,14.495
6898,2003/8/22 17:00,14.495
6899,2003/8/22 17:30,14.495
6900,2003/8/22 18:00,14.495
6901,2003/8/22 18:30,14.495
6902,2003/8/22 19:00,14.495
6903,2003/8/22 19:30,14.495
6904,2003/8/22 20:00,14.495
6905,2003/8/22 20:30,14.495
6906,2003/8/22 21:00,14.495
6907,2003/8/22 21:30,14.495
6908,2003/8/22 22:00,14.495
6909,2003/8/22 22:30,14.495
6910,2003/8/22 23:00,14.495
6911,2003/8/22 23:30,14.495
6912,2003/8/23 0:00,6.08
6913,2003/8/23 0:30,6.08
6914,2003/8/23 1:00,6.08
6915,2003/8/23 1:30,6.08
6916,2003/8/23 2:00,6.08
6917,2003/8/23 2:30,6.08
6918,2003/8/23 3:00,6.08
6919,2003/8/23 3:30,6.08
6920,2003/8/23 4:00,6.08
6921,2003/8/23 4:30,6.08
6922,2003/8/23 5:00,6.08
6923,2003/8/23 5:30,6.08
6924,2003/8/23 6:00,6.08
6925,2003/8/23 6:30,6.08
6926,2003/8/23 7:00,14.495
6927,2003/8/23 7:30,14.495
6928,2003/8/23 8:00,14.495
6929,2003/8/23 8:30,14.495
6930,2003/8/23 9:00,14.495
6931,2003/8/23 9:30,14.495
6932,2003/8/23 10:00,14.495
6933,2003/8/23 10:30,14.495
6934,2003/8/23 11:00,14.495
6935,2003/8/23 11:30,14.495
6936,2003/8/23 12:00,14.495
6937,2003/8/23 12:30,14.495
6938,2003/8/23 13:00,14.495
6939,2003/8/23 13:30,14.495
6940,2003/8/23 14:00,27.34
6941,2003/8/23 14:30,27.34
6942,2003/8/23 15:00,27.34
6943,2003/8/23 15:30,27.34
6944,2003/8/23 16:00,14.495
6945,2003/8/23 16:30,14.495
6946,2003/8/23 17:00,14.495
6947,2003/8/23 17:30,14.495
6948,2003/8/23 18:00,14.495
6949,2003/8/23 18:30,14.495
6950,2003/8/23 19:00,14.495
6951,2003/8/23 19:30,14.495
6952,2003/8/23 20:00,14.495
6953,2003/8/23 20:30,14.495
6954,2003/8/23 21:00,14.495
6955,2003/8/23 21:30,14.495
6956,2003/8/23 22:00,14.495
6957,2003/8/23 22:30,14.495
6958,2003/8/23 23:00,14.495
6959,2003/8/23 23:30,14.495
6960,2003/8/24 0:00,6.08
6961,2003/8/24 0:30,6.08
6962,2003/8/24 1:00,6.08
6963,2003/8/24 1:30,6.08
6964,2003/8/24 2:00,6.08
6965,2003/8/24 2:30,6.08
6966,2003/8/24 3:00,6.08
6967,2003/8/24 3:30,6.08
6968,2003/8/24 4:00,6.08
6969,2003/8/24 4:30,6.08
6970,2003/8/24 5:00,6.08
6971,2003/8/24 5:30,6.08
6972,2003/8/24 6:00,6.08
6973,2003/8/24 6:30,6.08
6974,2003/8/24 7:00,14.495
6975,2003/8/24 7:30,14.495
6976,2003/8/24 8:00,14.495
6977,2003/8/24 8:30,14.495
6978,2003/8/24 9:00,14.495
6979,2003/8/24 9:30,14.495
6980,2003/8/24 10:00,14.495
6981,2003/8/24 10:30,14.495
6982,2003/8/24 11:00,14.495
6983,2003/8/24 11:30,14.495
6984,2003/8/24 12:00,14.495
6985,2003/8/24 12:30,14.495
6986,2003/8/24 13:00,14.495
6987,2003/8/24 13:30,14.495
6988,2003/8/24 14:00,27.34
6989,2003/8/24 14:30,27.34
6990,2003/8/24 15:00,27.34
6991,2003/8/24 15:30,27.34
6992,2003/8/24 16:00,14.495
6993,2003/8/24 16:30,14.495
6994,2003/8/24 17:00,14.495
6995,2003/8/24 17:30,14.495
6996,2003/8/24 18:00,14.495
6997,2003/8/24 18:30,14.495
6998,2003/8/24 19:00,14.495
6999,2003/8/24 19:30,14.495
7000,2003/8/24 20:00,14.495
7001,2003/8/24 20:30,14.495
7002,2003/8/24 21:00,14.495
7003,2003/8/24 21:30,14.495
7004,2003/8/24 22:00,14.495
7005,2003/8/24 22:30,14.495
7006,2003/8/24 23:00,14.495
7007,2003/8/24 23:30,14.495
7008,2003/8/25 0:00,6.08
7009,2003/8/25 0:30,6.08
7010,2003/8/25 1:00,6.08
7011,2003/8/25 1:30,6.08
7012,2003/8/25 2:00,6.08
7013,2003/8/25 2:30,6.08
7014,2003/8/25 3:00,6.08
7015,2003/8/25 3:30,6.08
7016,2003/8/25 4:00,6.08
7017,2003/8/25 4:30,6.08
7018,2003/8/25 5:00,6.08
7019,2003/8/25 5:30,6.08
7020,2003/8/25 6:00,6.08
7021,2003/8/25 6:30,6.08
7022,2003/8/25 7:00,14.495
7023,2003/8/25 7:30,14.495
7024,2003/8/25 8:00,14.495
7025,2003/8/25 8:30,14.495
7026,2003/8/25 9:00,14.495
7027,2003/8/25 9:30,14.495
7028,2003/8/25 10:00,14.495
7029,2003/8/25 10:30,14.495
7030,2003/8/25 11:00,14.495
7031,2003/8/25 11:30,14.495
7032,2003/8/25 12:00,14.495
7033,2003/8/25 12:30,14.495
7034,2003/8/25 13:00,14.495
7035,2003/8/25 13:30,14.495
7036,2003/8/25 14:00,27.34
7037,2003/8/25 14:30,27.34
7038,2003/8/25 15:00,27.34
7039,2003/8/25 15:30,27.34
7040,2003/8/25 16:00,14.495
7041,2003/8/25 16:30,14.495
7042,2003/8/25 17:00,14.495
7043,2003/8/25 17:30,14.495
7044,2003/8/25 18:00,14.495
7045,2003/8/25 18:30,14.495
7046,2003/8/25 19:00,14.495
7047,2003/8/25 19:30,14.495
7048,2003/8/25 20:00,14.495
7049,2003/8/25 20:30,14.495
7050,2003/8/25 21:00,14.495
7051,2003/8/25 21:30,14.495
7052,2003/8/25 22:00,14.495
7053,2003/8/25 22:30,14.495
7054,2003/8/25 23:00,14.495
7055,2003/8/25 23:30,14.495
7056,2003/8/26 0:00,6.08
7057,2003/8/26 0:30,6.08
7058,2003/8/26 1:00,6.08
7059,2003/8/26 1:30,6.08
7060,2003/8/26 2:00,6.08
7061,2003/8/26 2:30,6.08
7062,2003/8/26 3:00,6.08
7063,2003/8/26 3:30,6.08
7064,2003/8/26 4:00,6.08
7065,2003/8/26 4:30,6.08
7066,2003/8/26 5:00,6.08
7067,2003/8/26 5:30,6.08
7068,2003/8/26 6:00,6.08
7069,2003/8/26 6:30,6.08
7070,2003/8/26 7:00,14.495
7071,2003/8/26 7:30,14.495
7072,2003/8/26 8:00,14.495
7073,2003/8/26 8:30,14.495
7074,2003/8/26 9:00,14.495
7075,2003/8/26 9:30,14.495
7076,2003/8/26 10:00,14.495
7077,2003/8/26 10:30,14.495
7078,2003/8/26 11:00,14.495
7079,2003/8/26 11:30,14.495
7080,2003/8/26 12:00,14.495
7081,2003/8/26 12:30,14.495
7082,2003/8/26 13:00,14.495
7083,2003/8/26 13:30,14.495
7084,2003/8/26 14:00,27.34
7085,2003/8/26 14:30,27.34
7086,2003/8/26 15:00,27.34
7087,2003/8/26 15:30,27.34
7088,2003/8/26 16:00,14.495
7089,2003/8/26 16:30,14.495
7090,2003/8/26 17:00,14.495
7091,2003/8/26 17:30,14.495
7092,2003/8/26 18:00,14.495
7093,2003/8/26 18:30,14.495
7094,2003/8/26 19:00,14.495
7095,2003/8/26 19:30,14.495
7096,2003/8/26 20:00,14.495
7097,2003/8/26 20:30,14.495
7098,2003/8/26 21:00,14.495
7099,2003/8/26 21:30,14.495
7100,2003/8/26 22:00,14.495
7101,2003/8/26 22:30,14.495
7102,2003/8/26 23:00,14.495
7103,2003/8/26 23:30,14.495
7104,2003/8/27 0:00,6.08
7105,2003/8/27 0:30,6.08
7106,2003/8/27 1:00,6.08
7107,2003/8/27 1:30,6.08
7108,2003/8/27 2:00,6.08
7109,2003/8/27 2:30,6.08
7110,2003/8/27 3:00,6.08
7111,2003/8/27 3:30,6.08
7112,2003/8/27 4:00,6.08
7113,2003/8/27 4:30,6.08
7114,2003/8/27 5:00,6.08
7115,2003/8/27 5:30,6.08
7116,2003/8/27 6:00,6.08
7117,2003/8/27 6:30,6.08
7118,2003/8/27 7:00,14.495
7119,2003/8/27 7:30,14.495
7120,2003/8/27 8:00,14.495
7121,2003/8/27 8:30,14.495
7122,2003/8/27 9:00,14.495
7123,2003/8/27 9:30,14.495
7124,2003/8/27 10:00,14.495
7125,2003/8/27 10:30,14.495
7126,2003/8/27 11:00,14.495
7127,2003/8/27 11:30,14.495
7128,2003/8/27 12:00,14.495
7129,2003/8/27 12:30,14.495
7130,2003/8/27 13:00,14.495
7131,2003/8/27 13:30,14.495
7132,2003/8/27 14:00,27.34
7133,2003/8/27 14:30,27.34
7134,2003/8/27 15:00,27.34
7135,2003/8/27 15:30,27.34
7136,2003/8/27 16:00,14.495
7137,2003/8/27 16:30,14.495
7138,2003/8/27 17:00,14.495
7139,2003/8/27 17:30,14.495
7140,2003/8/27 18:00,14.495
7141,2003/8/27 18:30,14.495
7142,2003/8/27 19:00,14.495
7143,2003/8/27 19:30,14.495
7144,2003/8/27 20:00,14.495
7145,2003/8/27 20:30,14.495
7146,2003/8/27 21:00,14.495
7147,2003/8/27 21:30,14.495
7148,2003/8/27 22:00,14.495
7149,2003/8/27 22:30,14.495
7150,2003/8/27 23:00,14.495
7151,2003/8/27 23:30,14.495
7152,2003/8/28 0:00,6.08
7153,2003/8/28 0:30,6.08
7154,2003/8/28 1:00,6.08
7155,2003/8/28 1:30,6.08
7156,2003/8/28 2:00,6.08
7157,2003/8/28 2:30,6.08
7158,2003/8/28 3:00,6.08
7159,2003/8/28 3:30,6.08
7160,2003/8/28 4:00,6.08
7161,2003/8/28 4:30,6.08
7162,2003/8/28 5:00,6.08
7163,2003/8/28 5:30,6.08
7164,2003/8/28 6:00,6.08
7165,2003/8/28 6:30,6.08
7166,2003/8/28 7:00,14.495
7167,2003/8/28 7:30,14.495
7168,2003/8/28 8:00,14.495
7169,2003/8/28 8:30,14.495
7170,2003/8/28 9:00,14.495
7171,2003/8/28 9:30,14.495
7172,2003/8/28 10:00,14.495
7173,2003/8/28 10:30,14.495
7174,2003/8/28 11:00,14.495
7175,2003/8/28 11:30,14.495
7176,2003/8/28 12:00,14.495
7177,2003/8/28 12:30,14.495
7178,2003/8/28 13:00,14.495
7179,2003/8/28 13:30,14.495
7180,2003/8/28 14:00,27.34
7181,2003/8/28 14:30,27.34
7182,2003/8/28 15:00,27.34
7183,2003/8/28 15:30,27.34
7184,2003/8/28 16:00,14.495
7185,2003/8/28 16:30,14.495
7186,2003/8/28 17:00,14.495
7187,2003/8/28 17:30,14.495
7188,2003/8/28 18:00,14.495
7189,2003/8/28 18:30,14.495
7190,2003/8/28 19:00,14.495
7191,2003/8/28 19:30,14.495
7192,2003/8/28 20:00,14.495
7193,2003/8/28 20:30,14.495
7194,2003/8/28 21:00,14.495
7195,2003/8/28 21:30,14.495
7196,2003/8/28 22:00,14.495
7197,2003/8/28 22:30,14.495
7198,2003/8/28 23:00,14.495
7199,2003/8/28 23:30,14.495
7200,2003/8/29 0:00,6.08
7201,2003/8/29 0:30,6.08
7202,2003/8/29 1:00,6.08
7203,2003/8/29 1:30,6.08
7204,2003/8/29 2:00,6.08
7205,2003/8/29 2:30,6.08
7206,2003/8/29 3:00,6.08
7207,2003/8/29 3:30,6.08
7208,2003/8/29 4:00,6.08
7209,2003/8/29 4:30,6.08
7210,2003/8/29 5:00,6.08
7211,2003/8/29 5:30,6.08
7212,2003/8/29 6:00,6.08
7213,2003/8/29 6:30,6.08
7214,2003/8/29 7:00,14.495
7215,2003/8/29 7:30,14.495
7216,2003/8/29 8:00,14.495
7217,2003/8/29 8:30,14.495
7218,2003/8/29 9:00,14.495
7219,2003/8/29 9:30,14.495
7220,2003/8/29 10:00,14.495
7221,2003/8/29 10:30,14.495
7222,2003/8/29 11:00,14.495
7223,2003/8/29 11:30,14.495
7224,2003/8/29 12:00,14.495
7225,2003/8/29 12:30,14.495
7226,2003/8/29 13:00,14.495
7227,2003/8/29 13:30,14.495
7228,2003/8/29 14:00,27.34
7229,2003/8/29 14:30,27.34
7230,2003/8/29 15:00,27.34
7231,2003/8/29 15:30,27.34
7232,2003/8/29 16:00,14.495
7233,2003/8/29 16:30,14.495
7234,2003/8/29 17:00,14.495
7235,2003/8/29 17:30,14.495
7236,2003/8/29 18:00,14.495
7237,2003/8/29 18:30,14.495
7238,2003/8/29 19:00,14.495
7239,2003/8/29 19:30,14.495
7240,2003/8/29 20:00,14.495
7241,2003/8/29 20:30,14.495
7242,2003/8/29 21:00,14.495
7243,2003/8/29 21:30,14.495
7244,2003/8/29 22:00,14.495
7245,2003/8/29 22:30,14.495
7246,2003/8/29 23:00,14.495
7247,2003/8/29 23:30,14.495
7248,2003/8/30 0:00,6.08
7249,2003/8/30 0:30,6.08
7250,2003/8/30 1:00,6.08
7251,2003/8/30 1:30,6.08
7252,2003/8/30 2:00,6.08
7253,2003/8/30 2:30,6.08
7254,2003/8/30 3:00,6.08
7255,2003/8/30 3:30,6.08
7256,2003/8/30 4:00,6.08
7257,2003/8/30 4:30,6.08
7258,2003/8/30 5:00,6.08
7259,2003/8/30 5:30,6.08
7260,2003/8/30 6:00,6.08
7261,2003/8/30 6:30,6.08
7262,2003/8/30 7:00,14.495
7263,2003/8/30 7:30,14.495
7264,2003/8/30 8:00,14.495
7265,2003/8/30 8:30,14.495
7266,2003/8/30 9:00,14.495
7267,2003/8/30 9:30,14.495
7268,2003/8/30 10:00,14.495
7269,2003/8/30 10:30,14.495
7270,2003/8/30 11:00,14.495
7271,2003/8/30 11:30,14.495
7272,2003/8/30 12:00,14.495
7273,2003/8/30 12:30,14.495
7274,2003/8/30 13:00,14.495
7275,2003/8/30 13:30,14.495
7276,2003/8/30 14:00,27.34
7277,2003/8/30 14:30,27.34
7278,2003/8/30 15:00,27.34
7279,2003/8/30 15:30,27.34
7280,2003/8/30 16:00,14.495
7281,2003/8/30 16:30,14.495
7282,2003/8/30 17:00,14.495
7283,2003/8/30 17:30,14.495
7284,2003/8/30 18:00,14.495
7285,2003/8/30 18:30,14.495
7286,2003/8/30 19:00,14.495
7287,2003/8/30 19:30,14.495
7288,2003/8/30 20:00,14.495
7289,2003/8/30 20:30,14.495
7290,2003/8/30 21:00,14.495
7291,2003/8/30 21:30,14.495
7292,2003/8/30 22:00,14.495
7293,2003/8/30 22:30,14.495
7294,2003/8/30 23:00,14.495
7295,2003/8/30 23:30,14.495
7296,2003/8/31 0:00,6.08
7297,2003/8/31 0:30,6.08
7298,2003/8/31 1:00,6.08
7299,2003/8/31 1:30,6.08
7300,2003/8/31 2:00,6.08
7301,2003/8/31 2:30,6.08
7302,2003/8/31 3:00,6.08
7303,2003/8/31 3:30,6.08
7304,2003/8/31 4:00,6.08
7305,2003/8/31 4:30,6.08
7306,2003/8/31 5:00,6.08
7307,2003/8/31 5:30,6.08
7308,2003/8/31 6:00,6.08
7309,2003/8/31 6:30,6.08
7310,2003/8/31 7:00,14.495
7311,2003/8/31 7:30,14.495
7312,2003/8/31 8:00,14.495
7313,2003/8/31 8:30,14.495
7314,2003/8/31 9:00,14.495
7315,2003/8/31 9:30,14.495
7316,2003/8/31 10:00,14.495
7317,2003/8/31 10:30,14.495
7318,2003/8/31 11:00,14.495
7319,2003/8/31 11:30,14.495
7320,2003/8/31 12:00,14.495
7321,2003/8/31 12:30,14.495
7322,2003/8/31 13:00,14.495
7323,2003/8/31 13:30,14.495
7324,2003/8/31 14:00,27.34
7325,2003/8/31 14:30,27.34
7326,2003/8/31 15:00,27.34
7327,2003/8/31 15:30,27.34
7328,2003/8/31 16:00,14.495
7329,2003/8/31 16:30,14.495
7330,2003/8/31 17:00,14.495
7331,2003/8/31 17:30,14.495
7332,2003/8/31 18:00,14.495
7333,2003/8/31 18:30,14.495
7334,2003/8/31 19:00,14.495
7335,2003/8/31 19:30,14.495
7336,2003/8/31 20:00,14.495
7337,2003/8/31 20:30,14.495
7338,2003/8/31 21:00,14.495
7339,2003/8/31 21:30,14.495
7340,2003/8/31 22:00,14.495
7341,2003/8/31 22:30,14.495
7342,2003/8/31 23:00,14.495
7343,2003/8/31 23:30,14.495
7344,2003/9/1 0:00,6.08
7345,2003/9/1 0:30,6.08
7346,2003/9/1 1:00,6.08
7347,2003/9/1 1:30,6.08
7348,2003/9/1 2:00,6.08
7349,2003/9/1 2:30,6.08
7350,2003/9/1 3:00,6.08
7351,2003/9/1 3:30,6.08
7352,2003/9/1 4:00,6.08
7353,2003/9/1 4:30,6.08
7354,2003/9/1 5:00,6.08
7355,2003/9/1 5:30,6.08
7356,2003/9/1 6:00,6.08
7357,2003/9/1 6:30,6.08
7358,2003/9/1 7:00,14.495
7359,2003/9/1 7:30,14.495
7360,2003/9/1 8:00,14.495
7361,2003/9/1 8:30,14.495
7362,2003/9/1 9:00,14.495
7363,2003/9/1 9:30,14.495
7364,2003/9/1 10:00,14.495
7365,2003/9/1 10:30,14.495
7366,2003/9/1 11:00,14.495
7367,2003/9/1 11:30,14.495
7368,2003/9/1 12:00,14.495
7369,2003/9/1 12:30,14.495
7370,2003/9/1 13:00,14.495
7371,2003/9/1 13:30,14.495
7372,2003/9/1 14:00,27.34
7373,2003/9/1 14:30,27.34
7374,2003/9/1 15:00,27.34
7375,2003/9/1 15:30,27.34
7376,2003/9/1 16:00,14.495
7377,2003/9/1 16:30,14.495
7378,2003/9/1 17:00,14.495
7379,2003/9/1 17:30,14.495
7380,2003/9/1 18:00,14.495
7381,2003/9/1 18:30,14.495
7382,2003/9/1 19:00,14.495
7383,2003/9/1 19:30,14.495
7384,2003/9/1 20:00,14.495
7385,2003/9/1 20:30,14.495
7386,2003/9/1 21:00,14.495
7387,2003/9/1 21:30,14.495
7388,2003/9/1 22:00,14.495
7389,2003/9/1 22:30,14.495
7390,2003/9/1 23:00,14.495
7391,2003/9/1 23:30,14.495
7392,2003/9/2 0:00,6.08
7393,2003/9/2 0:30,6.08
7394,2003/9/2 1:00,6.08
7395,2003/9/2 1:30,6.08
7396,2003/9/2 2:00,6.08
7397,2003/9/2 2:30,6.08
7398,2003/9/2 3:00,6.08
7399,2003/9/2 3:30,6.08
7400,2003/9/2 4:00,6.08
7401,2003/9/2 4:30,6.08
7402,2003/9/2 5:00,6.08
7403,2003/9/2 5:30,6.08
7404,2003/9/2 6:00,6.08
7405,2003/9/2 6:30,6.08
7406,2003/9/2 7:00,14.495
7407,2003/9/2 7:30,14.495
7408,2003/9/2 8:00,14.495
7409,2003/9/2 8:30,14.495
7410,2003/9/2 9:00,14.495
7411,2003/9/2 9:30,14.495
7412,2003/9/2 10:00,14.495
7413,2003/9/2 10:30,14.495
7414,2003/9/2 11:00,14.495
7415,2003/9/2 11:30,14.495
7416,2003/9/2 12:00,14.495
7417,2003/9/2 12:30,14.495
7418,2003/9/2 13:00,14.495
7419,2003/9/2 13:30,14.495
7420,2003/9/2 14:00,27.34
7421,2003/9/2 14:30,27.34
7422,2003/9/2 15:00,27.34
7423,2003/9/2 15:30,27.34
7424,2003/9/2 16:00,14.495
7425,2003/9/2 16:30,14.495
7426,2003/9/2 17:00,14.495
7427,2003/9/2 17:30,14.495
7428,2003/9/2 18:00,14.495
7429,2003/9/2 18:30,14.495
7430,2003/9/2 19:00,14.495
7431,2003/9/2 19:30,14.495
7432,2003/9/2 20:00,14.495
7433,2003/9/2 20:30,14.495
7434,2003/9/2 21:00,14.495
7435,2003/9/2 21:30,14.495
7436,2003/9/2 22:00,14.495
7437,2003/9/2 22:30,14.495
7438,2003/9/2 23:00,14.495
7439,2003/9/2 23:30,14.495
7440,2003/9/3 0:00,6.08
7441,2003/9/3 0:30,6.08
7442,2003/9/3 1:00,6.08
7443,2003/9/3 1:30,6.08
7444,2003/9/3 2:00,6.08
7445,2003/9/3 2:30,6.08
7446,2003/9/3 3:00,6.08
7447,2003/9/3 3:30,6.08
7448,2003/9/3 4:00,6.08
7449,2003/9/3 4:30,6.08
7450,2003/9/3 5:00,6.08
7451,2003/9/3 5:30,6.08
7452,2003/9/3 6:00,6.08
7453,2003/9/3 6:30,6.08
7454,2003/9/3 7:00,14.495
7455,2003/9/3 7:30,14.495
7456,2003/9/3 8:00,14.495
7457,2003/9/3 8:30,14.495
7458,2003/9/3 9:00,14.495
7459,2003/9/3 9:30,14.495
7460,2003/9/3 10:00,14.495
7461,2003/9/3 10:30,14.495
7462,2003/9/3 11:00,14.495
7463,2003/9/3 11:30,14.495
7464,2003/9/3 12:00,14.495
7465,2003/9/3 12:30,14.495
7466,2003/9/3 13:00,14.495
7467,2003/9/3 13:30,14.495
7468,2003/9/3 14:00,27.34
7469,2003/9/3 14:30,27.34
7470,2003/9/3 15:00,27.34
7471,2003/9/3 15:30,27.34
7472,2003/9/3 16:00,14.495
7473,2003/9/3 16:30,14.495
7474,2003/9/3 17:00,14.495
7475,2003/9/3 17:30,14.495
7476,2003/9/3 18:00,14.495
7477,2003/9/3 18:30,14.495
7478,2003/9/3 19:00,14.495
7479,2003/9/3 19:30,14.495
7480,2003/9/3 20:00,14.495
7481,2003/9/3 20:30,14.495
7482,2003/9/3 21:00,14.495
7483,2003/9/3 21:30,14.495
7484,2003/9/3 22:00,14.495
7485,2003/9/3 22:30,14.495
7486,2003/9/3 23:00,14.495
7487,2003/9/3 23:30,14.495
7488,2003/9/4 0:00,6.08
7489,2003/9/4 0:30,6.08
7490,2003/9/4 1:00,6.08
7491,2003/9/4 1:30,6.08
7492,2003/9/4 2:00,6.08
7493,2003/9/4 2:30,6.08
7494,2003/9/4 3:00,6.08
7495,2003/9/4 3:30,6.08
7496,2003/9/4 4:00,6.08
7497,2003/9/4 4:30,6.08
7498,2003/9/4 5:00,6.08
7499,2003/9/4 5:30,6.08
7500,2003/9/4 6:00,6.08
7501,2003/9/4 6:30,6.08
7502,2003/9/4 7:00,14.495
7503,2003/9/4 7:30,14.495
7504,2003/9/4 8:00,14.495
7505,2003/9/4 8:30,14.495
7506,2003/9/4 9:00,14.495
7507,2003/9/4 9:30,14.495
7508,2003/9/4 10:00,14.495
7509,2003/9/4 10:30,14.495
7510,2003/9/4 11:00,14.495
7511,2003/9/4 11:30,14.495
7512,2003/9/4 12:00,14.495
7513,2003/9/4 12:30,14.495
7514,2003/9/4 13:00,14.495
7515,2003/9/4 13:30,14.495
7516,2003/9/4 14:00,27.34
7517,2003/9/4 14:30,27.34
7518,2003/9/4 15:00,27.34
7519,2003/9/4 15:30,27.34
7520,2003/9/4 16:00,14.495
7521,2003/9/4 16:30,14.495
7522,2003/9/4 17:00,14.495
7523,2003/9/4 17:30,14.495
7524,2003/9/4 18:00,14.495
7525,2003/9/4 18:30,14.495
7526,2003/9/4 19:00,14.495
7527,2003/9/4 19:30,14.495
7528,2003/9/4 20:00,14.495
7529,2003/9/4 20:30,14.495
7530,2003/9/4 21:00,14.495
7531,2003/9/4 21:30,14.495
7532,2003/9/4 22:00,14.495
7533,2003/9/4 22:30,14.495
7534,2003/9/4 23:00,14.495
7535,2003/9/4 23:30,14.495
7536,2003/9/5 0:00,6.08
7537,2003/9/5 0:30,6.08
7538,2003/9/5 1:00,6.08
7539,2003/9/5 1:30,6.08
7540,2003/9/5 2:00,6.08
7541,2003/9/5 2:30,6.08
7542,2003/9/5 3:00,6.08
7543,2003/9/5 3:30,6.08
7544,2003/9/5 4:00,6.08
7545,2003/9/5 4:30,6.08
7546,2003/9/5 5:00,6.08
7547,2003/9/5 5:30,6.08
7548,2003/9/5 6:00,6.08
7549,2003/9/5 6:30,6.08
7550,2003/9/5 7:00,14.495
7551,2003/9/5 7:30,14.495
7552,2003/9/5 8:00,14.495
7553,2003/9/5 8:30,14.495
7554,2003/9/5 9:00,14.495
7555,2003/9/5 9:30,14.495
7556,2003/9/5 10:00,14.495
7557,2003/9/5 10:30,14.495
7558,2003/9/5 11:00,14.495
7559,2003/9/5 11:30,14.495
7560,2003/9/5 12:00,14.495
7561,2003/9/5 12:30,14.495
7562,2003/9/5 13:00,14.495
7563,2003/9/5 13:30,14.495
7564,2003/9/5 14:00,27.34
7565,2003/9/5 14:30,27.34
7566,2003/9/5 15:00,27.34
7567,2003/9/5 15:30,27.34
7568,2003/9/5 16:00,14.495
7569,2003/9/5 16:30,14.495
7570,2003/9/5 17:00,14.495
7571,2003/9/5 17:30,14.495
7572,2003/9/5 18:00,14.495
7573,2003/9/5 18:30,14.495
7574,2003/9/5 19:00,14.495
7575,2003/9/5 19:30,14.495
7576,2003/9/5 20:00,14.495
7577,2003/9/5 20:30,14.495
7578,2003/9/5 21:00,14.495
7579,2003/9/5 21:30,14.495
7580,2003/9/5 22:00,14.495
7581,2003/9/5 22:30,14.495
7582,2003/9/5 23:00,14.495
7583,2003/9/5 23:30,14.495
7584,2003/9/6 0:00,6.08
7585,2003/9/6 0:30,6.08
7586,2003/9/6 1:00,6.08
7587,2003/9/6 1:30,6.08
7588,2003/9/6 2:00,6.08
7589,2003/9/6 2:30,6.08
7590,2003/9/6 3:00,6.08
7591,2003/9/6 3:30,6.08
7592,2003/9/6 4:00,6.08
7593,2003/9/6 4:30,6.08
7594,2003/9/6 5:00,6.08
7595,2003/9/6 5:30,6.08
7596,2003/9/6 6:00,6.08
7597,2003/9/6 6:30,6.08
7598,2003/9/6 7:00,14.495
7599,2003/9/6 7:30,14.495
7600,2003/9/6 8:00,14.495
7601,2003/9/6 8:30,14.495
7602,2003/9/6 9:00,14.495
7603,2003/9/6 9:30,14.495
7604,2003/9/6 10:00,14.495
7605,2003/9/6 10:30,14.495
7606,2003/9/6 11:00,14.495
7607,2003/9/6 11:30,14.495
7608,2003/9/6 12:00,14.495
7609,2003/9/6 12:30,14.495
7610,2003/9/6 13:00,14.495
7611,2003/9/6 13:30,14.495
7612,2003/9/6 14:00,27.34
7613,2003/9/6 14:30,27.34
7614,2003/9/6 15:00,27.34
7615,2003/9/6 15:30,27.34
7616,2003/9/6 16:00,14.495
7617,2003/9/6 16:30,14.495
7618,2003/9/6 17:00,14.495
7619,2003/9/6 17:30,14.495
7620,2003/9/6 18:00,14.495
7621,2003/9/6 18:30,14.495
7622,2003/9/6 19:00,14.495
7623,2003/9/6 19:30,14.495
7624,2003/9/6 20:00,14.495
7625,2003/9/6 20:30,14.495
7626,2003/9/6 21:00,14.495
7627,2003/9/6 21:30,14.495
7628,2003/9/6 22:00,14.495
7629,2003/9/6 22:30,14.495
7630,2003/9/6 23:00,14.495
7631,2003/9/6 23:30,14.495
7632,2003/9/7 0:00,6.08
7633,2003/9/7 0:30,6.08
7634,2003/9/7 1:00,6.08
7635,2003/9/7 1:30,6.08
7636,2003/9/7 2:00,6.08
7637,2003/9/7 2:30,6.08
7638,2003/9/7 3:00,6.08
7639,2003/9/7 3:30,6.08
7640,2003/9/7 4:00,6.08
7641,2003/9/7 4:30,6.08
7642,2003/9/7 5:00,6.08
7643,2003/9/7 5:30,6.08
7644,2003/9/7 6:00,6.08
7645,2003/9/7 6:30,6.08
7646,2003/9/7 7:00,14.495
7647,2003/9/7 7:30,14.495
7648,2003/9/7 8:00,14.495
7649,2003/9/7 8:30,14.495
7650,2003/9/7 9:00,14.495
7651,2003/9/7 9:30,14.495
7652,2003/9/7 10:00,14.495
7653,2003/9/7 10:30,14.495
7654,2003/9/7 11:00,14.495
7655,2003/9/7 11:30,14.495
7656,2003/9/7 12:00,14.495
7657,2003/9/7 12:30,14.495
7658,2003/9/7 13:00,14.495
7659,2003/9/7 13:30,14.495
7660,2003/9/7 14:00,27.34
7661,2003/9/7 14:30,27.34
7662,2003/9/7 15:00,27.34
7663,2003/9/7 15:30,27.34
7664,2003/9/7 16:00,14.495
7665,2003/9/7 16:30,14.495
7666,2003/9/7 17:00,14.495
7667,2003/9/7 17:30,14.495
7668,2003/9/7 18:00,14.495
7669,2003/9/7 18:30,14.495
7670,2003/9/7 19:00,14.495
7671,2003/9/7 19:30,14.495
7672,2003/9/7 20:00,14.495
7673,2003/9/7 20:30,14.495
7674,2003/9/7 21:00,14.495
7675,2003/9/7 21:30,14.495
7676,2003/9/7 22:00,14.495
7677,2003/9/7 22:30,14.495
7678,2003/9/7 23:00,14.495
7679,2003/9/7 23:30,14.495
7680,2003/9/8 0:00,6.08
7681,2003/9/8 0:30,6.08
7682,2003/9/8 1:00,6.08
7683,2003/9/8 1:30,6.08
7684,2003/9/8 2:00,6.08
7685,2003/9/8 2:30,6.08
7686,2003/9/8 3:00,6.08
7687,2003/9/8 3:30,6.08
7688,2003/9/8 4:00,6.08
7689,2003/9/8 4:30,6.08
7690,2003/9/8 5:00,6.08
7691,2003/9/8 5:30,6.08
7692,2003/9/8 6:00,6.08
7693,2003/9/8 6:30,6.08
7694,2003/9/8 7:00,14.495
7695,2003/9/8 7:30,14.495
7696,2003/9/8 8:00,14.495
7697,2003/9/8 8:30,14.495
7698,2003/9/8 9:00,14.495
7699,2003/9/8 9:30,14.495
7700,2003/9/8 10:00,14.495
7701,2003/9/8 10:30,14.495
7702,2003/9/8 11:00,14.495
7703,2003/9/8 11:30,14.495
7704,2003/9/8 12:00,14.495
7705,2003/9/8 12:30,14.495
7706,2003/9/8 13:00,14.495
7707,2003/9/8 13:30,14.495
7708,2003/9/8 14:00,27.34
7709,2003/9/8 14:30,27.34
7710,2003/9/8 15:00,27.34
7711,2003/9/8 15:30,27.34
7712,2003/9/8 16:00,14.495
7713,2003/9/8 16:30,14.495
7714,2003/9/8 17:00,14.495
7715,2003/9/8 17:30,14.495
7716,2003/9/8 18:00,14.495
7717,2003/9/8 18:30,14.495
7718,2003/9/8 19:00,14.495
7719,2003/9/8 19:30,14.495
7720,2003/9/8 20:00,14.495
7721,2003/9/8 20:30,14.495
7722,2003/9/8 21:00,14.495
7723,2003/9/8 21:30,14.495
7724,2003/9/8 22:00,14.495
7725,2003/9/8 22:30,14.495
7726,2003/9/8 23:00,14.495
7727,2003/9/8 23:30,14.495
7728,2003/9/9 0:00,6.08
7729,2003/9/9 0:30,6.08
7730,2003/9/9 1:00,6.08
7731,2003/9/9 1:30,6.08
7732,2003/9/9 2:00,6.08
7733,2003/9/9 2:30,6.08
7734,2003/9/9 3:00,6.08
7735,2003/9/9 3:30,6.08
7736,2003/9/9 4:00,6.08
7737,2003/9/9 4:30,6.08
7738,2003/9/9 5:00,6.08
7739,2003/9/9 5:30,6.08
7740,2003/9/9 6:00,6.08
7741,2003/9/9 6:30,6.08
7742,2003/9/9 7:00,14.495
7743,2003/9/9 7:30,14.495
7744,2003/9/9 8:00,14.495
7745,2003/9/9 8:30,14.495
7746,2003/9/9 9:00,14.495
7747,2003/9/9 9:30,14.495
7748,2003/9/9 10:00,14.495
7749,2003/9/9 10:30,14.495
7750,2003/9/9 11:00,14.495
7751,2003/9/9 11:30,14.495
7752,2003/9/9 12:00,14.495
7753,2003/9/9 12:30,14.495
7754,2003/9/9 13:00,14.495
7755,2003/9/9 13:30,14.495
7756,2003/9/9 14:00,27.34
7757,2003/9/9 14:30,27.34
7758,2003/9/9 15:00,27.34
7759,2003/9/9 15:30,27.34
7760,2003/9/9 16:00,14.495
7761,2003/9/9 16:30,14.495
7762,2003/9/9 17:00,14.495
7763,2003/9/9 17:30,14.495
7764,2003/9/9 18:00,14.495
7765,2003/9/9 18:30,14.495
7766,2003/9/9 19:00,14.495
7767,2003/9/9 19:30,14.495
7768,2003/9/9 20:00,14.495
7769,2003/9/9 20:30,14.495
7770,2003/9/9 21:00,14.495
7771,2003/9/9 21:30,14.495
7772,2003/9/9 22:00,14.495
7773,2003/9/9 22:30,14.495
7774,2003/9/9 23:00,14.495
7775,2003/9/9 23:30,14.495
7776,2003/9/10 0:00,6.08
7777,2003/9/10 0:30,6.08
7778,2003/9/10 1:00,6.08
7779,2003/9/10 1:30,6.08
7780,2003/9/10 2:00,6.08
7781,2003/9/10 2:30,6.08
7782,2003/9/10 3:00,6.08
7783,2003/9/10 3:30,6.08
7784,2003/9/10 4:00,6.08
7785,2003/9/10 4:30,6.08
7786,2003/9/10 5:00,6.08
7787,2003/9/10 5:30,6.08
7788,2003/9/10 6:00,6.08
7789,2003/9/10 6:30,6.08
7790,2003/9/10 7:00,14.495
7791,2003/9/10 7:30,14.495
7792,2003/9/10 8:00,14.495
7793,2003/9/10 8:30,14.495
7794,2003/9/10 9:00,14.495
7795,2003/9/10 9:30,14.495
7796,2003/9/10 10:00,14.495
7797,2003/9/10 10:30,14.495
7798,2003/9/10 11:00,14.495
7799,2003/9/10 11:30,14.495
7800,2003/9/10 12:00,14.495
7801,2003/9/10 12:30,14.495
7802,2003/9/10 13:00,14.495
7803,2003/9/10 13:30,14.495
7804,2003/9/10 14:00,27.34
7805,2003/9/10 14:30,27.34
7806,2003/9/10 15:00,27.34
7807,2003/9/10 15:30,27.34
7808,2003/9/10 16:00,14.495
7809,2003/9/10 16:30,14.495
7810,2003/9/10 17:00,14.495
7811,2003/9/10 17:30,14.495
7812,2003/9/10 18:00,14.495
7813,2003/9/10 18:30,14.495
7814,2003/9/10 19:00,14.495
7815,2003/9/10 19:30,14.495
7816,2003/9/10 20:00,14.495
7817,2003/9/10 20:30,14.495
7818,2003/9/10 21:00,14.495
7819,2003/9/10 21:30,14.495
7820,2003/9/10 22:00,14.495
7821,2003/9/10 22:30,14.495
7822,2003/9/10 23:00,14.495
7823,2003/9/10 23:30,14.495
7824,2003/9/11 0:00,6.08
7825,2003/9/11 0:30,6.08
7826,2003/9/11 1:00,6.08
7827,2003/9/11 1:30,6.08
7828,2003/9/11 2:00,6.08
7829,2003/9/11 2:30,6.08
7830,2003/9/11 3:00,6.08
7831,2003/9/11 3:30,6.08
7832,2003/9/11 4:00,6.08
7833,2003/9/11 4:30,6.08
7834,2003/9/11 5:00,6.08
7835,2003/9/11 5:30,6.08
7836,2003/9/11 6:00,6.08
7837,2003/9/11 6:30,6.08
7838,2003/9/11 7:00,14.495
7839,2003/9/11 7:30,14.495
7840,2003/9/11 8:00,14.495
7841,2003/9/11 8:30,14.495
7842,2003/9/11 9:00,14.495
7843,2003/9/11 9:30,14.495
7844,2003/9/11 10:00,14.495
7845,2003/9/11 10:30,14.495
7846,2003/9/11 11:00,14.495
7847,2003/9/11 11:30,14.495
7848,2003/9/11 12:00,14.495
7849,2003/9/11 12:30,14.495
7850,2003/9/11 13:00,14.495
7851,2003/9/11 13:30,14.495
7852,2003/9/11 14:00,27.34
7853,2003/9/11 14:30,27.34
7854,2003/9/11 15:00,27.34
7855,2003/9/11 15:30,27.34
7856,2003/9/11 16:00,14.495
7857,2003/9/11 16:30,14.495
7858,2003/9/11 17:00,14.495
7859,2003/9/11 17:30,14.495
7860,2003/9/11 18:00,14.495
7861,2003/9/11 18:30,14.495
7862,2003/9/11 19:00,14.495
7863,2003/9/11 19:30,14.495
7864,2003/9/11 20:00,14.495
7865,2003/9/11 20:30,14.495
7866,2003/9/11 21:00,14.495
7867,2003/9/11 21:30,14.495
7868,2003/9/11 22:00,14.495
7869,2003/9/11 22:30,14.495
7870,2003/9/11 23:00,14.495
7871,2003/9/11 23:30,14.495
7872,2003/9/12 0:00,6.08
7873,2003/9/12 0:30,6.08
7874,2003/9/12 1:00,6.08
7875,2003/9/12 1:30,6.08
7876,2003/9/12 2:00,6.08
7877,2003/9/12 2:30,6.08
7878,2003/9/12 3:00,6.08
7879,2003/9/12 3:30,6.08
7880,2003/9/12 4:00,6.08
7881,2003/9/12 4:30,6.08
7882,2003/9/12 5:00,6.08
7883,2003/9/12 5:30,6.08
7884,2003/9/12 6:00,6.08
7885,2003/9/12 6:30,6.08
7886,2003/9/12 7:00,14.495
7887,2003/9/12 7:30,14.495
7888,2003/9/12 8:00,14.495
7889,2003/9/12 8:30,14.495
7890,2003/9/12 9:00,14.495
7891,2003/9/12 9:30,14.495
7892,2003/9/12 10:00,14.495
7893,2003/9/12 10:30,14.495
7894,2003/9/12 11:00,14.495
7895,2003/9/12 11:30,14.495
7896,2003/9/12 12:00,14.495
7897,2003/9/12 12:30,14.495
7898,2003/9/12 13:00,14.495
7899,2003/9/12 13:30,14.495
7900,2003/9/12 14:00,27.34
7901,2003/9/12 14:30,27.34
7902,2003/9/12 15:00,27.34
7903,2003/9/12 15:30,27.34
7904,2003/9/12 16:00,14.495
7905,2003/9/12 16:30,14.495
7906,2003/9/12 17:00,14.495
7907,2003/9/12 17:30,14.495
7908,2003/9/12 18:00,14.495
7909,2003/9/12 18:30,14.495
7910,2003/9/12 19:00,14.495
7911,2003/9/12 19:30,14.495
7912,2003/9/12 20:00,14.495
7913,2003/9/12 20:30,14.495
7914,2003/9/12 21:00,14.495
7915,2003/9/12 21:30,14.495
7916,2003/9/12 22:00,14.495
7917,2003/9/12 22:30,14.495
7918,2003/9/12 23:00,14.495
7919,2003/9/12 23:30,14.495
7920,2003/9/13 0:00,6.08
7921,2003/9/13 0:30,6.08
7922,2003/9/13 1:00,6.08
7923,2003/9/13 1:30,6.08
7924,2003/9/13 2:00,6.08
7925,2003/9/13 2:30,6.08
7926,2003/9/13 3:00,6.08
7927,2003/9/13 3:30,6.08
7928,2003/9/13 4:00,6.08
7929,2003/9/13 4:30,6.08
7930,2003/9/13 5:00,6.08
7931,2003/9/13 5:30,6.08
7932,2003/9/13 6:00,6.08
7933,2003/9/13 6:30,6.08
7934,2003/9/13 7:00,14.495
7935,2003/9/13 7:30,14.495
7936,2003/9/13 8:00,14.495
7937,2003/9/13 8:30,14.495
7938,2003/9/13 9:00,14.495
7939,2003/9/13 9:30,14.495
7940,2003/9/13 10:00,14.495
7941,2003/9/13 10:30,14.495
7942,2003/9/13 11:00,14.495
7943,2003/9/13 11:30,14.495
7944,2003/9/13 12:00,14.495
7945,2003/9/13 12:30,14.495
7946,2003/9/13 13:00,14.495
7947,2003/9/13 13:30,14.495
7948,2003/9/13 14:00,27.34
7949,2003/9/13 14:30,27.34
7950,2003/9/13 15:00,27.34
7951,2003/9/13 15:30,27.34
7952,2003/9/13 16:00,14.495
7953,2003/9/13 16:30,14.495
7954,2003/9/13 17:00,14.495
7955,2003/9/13 17:30,14.495
7956,2003/9/13 18:00,14.495
7957,2003/9/13 18:30,14.495
7958,2003/9/13 19:00,14.495
7959,2003/9/13 19:30,14.495
7960,2003/9/13 20:00,14.495
7961,2003/9/13 20:30,14.495
7962,2003/9/13 21:00,14.495
7963,2003/9/13 21:30,14.495
7964,2003/9/13 22:00,14.495
7965,2003/9/13 22:30,14.495
7966,2003/9/13 23:00,14.495
7967,2003/9/13 23:30,14.495
7968,2003/9/14 0:00,6.08
7969,2003/9/14 0:30,6.08
7970,2003/9/14 1:00,6.08
7971,2003/9/14 1:30,6.08
7972,2003/9/14 2:00,6.08
7973,2003/9/14 2:30,6.08
7974,2003/9/14 3:00,6.08
7975,2003/9/14 3:30,6.08
7976,2003/9/14 4:00,6.08
7977,2003/9/14 4:30,6.08
7978,2003/9/14 5:00,6.08
7979,2003/9/14 5:30,6.08
7980,2003/9/14 6:00,6.08
7981,2003/9/14 6:30,6.08
7982,2003/9/14 7:00,14.495
7983,2003/9/14 7:30,14.495
7984,2003/9/14 8:00,14.495
7985,2003/9/14 8:30,14.495
7986,2003/9/14 9:00,14.495
7987,2003/9/14 9:30,14.495
7988,2003/9/14 10:00,14.495
7989,2003/9/14 10:30,14.495
7990,2003/9/14 11:00,14.495
7991,2003/9/14 11:30,14.495
7992,2003/9/14 12:00,14.495
7993,2003/9/14 12:30,14.495
7994,2003/9/14 13:00,14.495
7995,2003/9/14 13:30,14.495
7996,2003/9/14 14:00,27.34
7997,2003/9/14 14:30,27.34
7998,2003/9/14 15:00,27.34
7999,2003/9/14 15:30,27.34
8000,2003/9/14 16:00,14.495
8001,2003/9/14 16:30,14.495
8002,2003/9/14 17:00,14.495
8003,2003/9/14 17:30,14.495
8004,2003/9/14 18:00,14.495
8005,2003/9/14 18:30,14.495
8006,2003/9/14 19:00,14.495
8007,2003/9/14 19:30,14.495
8008,2003/9/14 20:00,14.495
8009,2003/9/14 20:30,14.495
8010,2003/9/14 21:00,14.495
8011,2003/9/14 21:30,14.495
8012,2003/9/14 22:00,14.495
8013,2003/9/14 22:30,14.495
8014,2003/9/14 23:00,14.495
8015,2003/9/14 23:30,14.495
8016,2003/9/15 0:00,6.08
8017,2003/9/15 0:30,6.08
8018,2003/9/15 1:00,6.08
8019,2003/9/15 1:30,6.08
8020,2003/9/15 2:00,6.08
8021,2003/9/15 2:30,6.08
8022,2003/9/15 3:00,6.08
8023,2003/9/15 3:30,6.08
8024,2003/9/15 4:00,6.08
8025,2003/9/15 4:30,6.08
8026,2003/9/15 5:00,6.08
8027,2003/9/15 5:30,6.08
8028,2003/9/15 6:00,6.08
8029,2003/9/15 6:30,6.08
8030,2003/9/15 7:00,14.495
8031,2003/9/15 7:30,14.495
8032,2003/9/15 8:00,14.495
8033,2003/9/15 8:30,14.495
8034,2003/9/15 9:00,14.495
8035,2003/9/15 9:30,14.495
8036,2003/9/15 10:00,14.495
8037,2003/9/15 10:30,14.495
8038,2003/9/15 11:00,14.495
8039,2003/9/15 11:30,14.495
8040,2003/9/15 12:00,14.495
8041,2003/9/15 12:30,14.495
8042,2003/9/15 13:00,14.495
8043,2003/9/15 13:30,14.495
8044,2003/9/15 14:00,27.34
8045,2003/9/15 14:30,27.34
8046,2003/9/15 15:00,27.34
8047,2003/9/15 15:30,27.34
8048,2003/9/15 16:00,14.495
8049,2003/9/15 16:30,14.495
8050,2003/9/15 17:00,14.495
8051,2003/9/15 17:30,14.495
8052,2003/9/15 18:00,14.495
8053,2003/9/15 18:30,14.495
8054,2003/9/15 19:00,14.495
8055,2003/9/15 19:30,14.495
8056,2003/9/15 20:00,14.495
8057,2003/9/15 20:30,14.495
8058,2003/9/15 21:00,14.495
8059,2003/9/15 21:30,14.495
8060,2003/9/15 22:00,14.495
8061,2003/9/15 22:30,14.495
8062,2003/9/15 23:00,14.495
8063,2003/9/15 23:30,14.495
8064,2003/9/16 0:00,6.08
8065,2003/9/16 0:30,6.08
8066,2003/9/16 1:00,6.08
8067,2003/9/16 1:30,6.08
8068,2003/9/16 2:00,6.08
8069,2003/9/16 2:30,6.08
8070,2003/9/16 3:00,6.08
8071,2003/9/16 3:30,6.08
8072,2003/9/16 4:00,6.08
8073,2003/9/16 4:30,6.08
8074,2003/9/16 5:00,6.08
8075,2003/9/16 5:30,6.08
8076,2003/9/16 6:00,6.08
8077,2003/9/16 6:30,6.08
8078,2003/9/16 7:00,14.495
8079,2003/9/16 7:30,14.495
8080,2003/9/16 8:00,14.495
8081,2003/9/16 8:30,14.495
8082,2003/9/16 9:00,14.495
8083,2003/9/16 9:30,14.495
8084,2003/9/16 10:00,14.495
8085,2003/9/16 10:30,14.495
8086,2003/9/16 11:00,14.495
8087,2003/9/16 11:30,14.495
8088,2003/9/16 12:00,14.495
8089,2003/9/16 12:30,14.495
8090,2003/9/16 13:00,14.495
8091,2003/9/16 13:30,14.495
8092,2003/9/16 14:00,27.34
8093,2003/9/16 14:30,27.34
8094,2003/9/16 15:00,27.34
8095,2003/9/16 15:30,27.34
8096,2003/9/16 16:00,14.495
8097,2003/9/16 16:30,14.495
8098,2003/9/16 17:00,14.495
8099,2003/9/16 17:30,14.495
8100,2003/9/16 18:00,14.495
8101,2003/9/16 18:30,14.495
8102,2003/9/16 19:00,14.495
8103,2003/9/16 19:30,14.495
8104,2003/9/16 20:00,14.495
8105,2003/9/16 20:30,14.495
8106,2003/9/16 21:00,14.495
8107,2003/9/16 21:30,14.495
8108,2003/9/16 22:00,14.495
8109,2003/9/16 22:30,14.495
8110,2003/9/16 23:00,14.495
8111,2003/9/16 23:30,14.495
8112,2003/9/17 0:00,6.08
8113,2003/9/17 0:30,6.08
8114,2003/9/17 1:00,6.08
8115,2003/9/17 1:30,6.08
8116,2003/9/17 2:00,6.08
8117,2003/9/17 2:30,6.08
8118,2003/9/17 3:00,6.08
8119,2003/9/17 3:30,6.08
8120,2003/9/17 4:00,6.08
8121,2003/9/17 4:30,6.08
8122,2003/9/17 5:00,6.08
8123,2003/9/17 5:30,6.08
8124,2003/9/17 6:00,6.08
8125,2003/9/17 6:30,6.08
8126,2003/9/17 7:00,14.495
8127,2003/9/17 7:30,14.495
8128,2003/9/17 8:00,14.495
8129,2003/9/17 8:30,14.495
8130,2003/9/17 9:00,14.495
8131,2003/9/17 9:30,14.495
8132,2003/9/17 10:00,14.495
8133,2003/9/17 10:30,14.495
8134,2003/9/17 11:00,14.495
8135,2003/9/17 11:30,14.495
8136,2003/9/17 12:00,14.495
8137,2003/9/17 12:30,14.495
8138,2003/9/17 13:00,14.495
8139,2003/9/17 13:30,14.495
8140,2003/9/17 14:00,27.34
8141,2003/9/17 14:30,27.34
8142,2003/9/17 15:00,27.34
8143,2003/9/17 15:30,27.34
8144,2003/9/17 16:00,14.495
8145,2003/9/17 16:30,14.495
8146,2003/9/17 17:00,14.495
8147,2003/9/17 17:30,14.495
8148,2003/9/17 18:00,14.495
8149,2003/9/17 18:30,14.495
8150,2003/9/17 19:00,14.495
8151,2003/9/17 19:30,14.495
8152,2003/9/17 20:00,14.495
8153,2003/9/17 20:30,14.495
8154,2003/9/17 21:00,14.495
8155,2003/9/17 21:30,14.495
8156,2003/9/17 22:00,14.495
8157,2003/9/17 22:30,14.495
8158,2003/9/17 23:00,14.495
8159,2003/9/17 23:30,14.495
8160,2003/9/18 0:00,6.08
8161,2003/9/18 0:30,6.08
8162,2003/9/18 1:00,6.08
8163,2003/9/18 1:30,6.08
8164,2003/9/18 2:00,6.08
8165,2003/9/18 2:30,6.08
8166,2003/9/18 3:00,6.08
8167,2003/9/18 3:30,6.08
8168,2003/9/18 4:00,6.08
8169,2003/9/18 4:30,6.08
8170,2003/9/18 5:00,6.08
8171,2003/9/18 5:30,6.08
8172,2003/9/18 6:00,6.08
8173,2003/9/18 6:30,6.08
8174,2003/9/18 7:00,14.495
8175,2003/9/18 7:30,14.495
8176,2003/9/18 8:00,14.495
8177,2003/9/18 8:30,14.495
8178,2003/9/18 9:00,14.495
8179,2003/9/18 9:30,14.495
8180,2003/9/18 10:00,14.495
8181,2003/9/18 10:30,14.495
8182,2003/9/18 11:00,14.495
8183,2003/9/18 11:30,14.495
8184,2003/9/18 12:00,14.495
8185,2003/9/18 12:30,14.495
8186,2003/9/18 13:00,14.495
8187,2003/9/18 13:30,14.495
8188,2003/9/18 14:00,27.34
8189,2003/9/18 14:30,27.34
8190,2003/9/18 15:00,27.34
8191,2003/9/18 15:30,27.34
8192,2003/9/18 16:00,14.495
8193,2003/9/18 16:30,14.495
8194,2003/9/18 17:00,14.495
8195,2003/9/18 17:30,14.495
8196,2003/9/18 18:00,14.495
8197,2003/9/18 18:30,14.495
8198,2003/9/18 19:00,14.495
8199,2003/9/18 19:30,14.495
8200,2003/9/18 20:00,14.495
8201,2003/9/18 20:30,14.495
8202,2003/9/18 21:00,14.495
8203,2003/9/18 21:30,14.495
8204,2003/9/18 22:00,14.495
8205,2003/9/18 22:30,14.495
8206,2003/9/18 23:00,14.495
8207,2003/9/18 23:30,14.495
8208,2003/9/19 0:00,6.08
8209,2003/9/19 0:30,6.08
8210,2003/9/19 1:00,6.08
8211,2003/9/19 1:30,6.08
8212,2003/9/19 2:00,6.08
8213,2003/9/19 2:30,6.08
8214,2003/9/19 3:00,6.08
8215,2003/9/19 3:30,6.08
8216,2003/9/19 4:00,6.08
8217,2003/9/19 4:30,6.08
8218,2003/9/19 5:00,6.08
8219,2003/9/19 5:30,6.08
8220,2003/9/19 6:00,6.08
8221,2003/9/19 6:30,6.08
8222,2003/9/19 7:00,14.495
8223,2003/9/19 7:30,14.495
8224,2003/9/19 8:00,14.495
8225,2003/9/19 8:30,14.495
8226,2003/9/19 9:00,14.495
8227,2003/9/19 9:30,14.495
8228,2003/9/19 10:00,14.495
8229,2003/9/19 10:30,14.495
8230,2003/9/19 11:00,14.495
8231,2003/9/19 11:30,14.495
8232,2003/9/19 12:00,14.495
8233,2003/9/19 12:30,14.495
8234,2003/9/19 13:00,14.495
8235,2003/9/19 13:30,14.495
8236,2003/9/19 14:00,27.34
8237,2003/9/19 14:30,27.34
8238,2003/9/19 15:00,27.34
8239,2003/9/19 15:30,27.34
8240,2003/9/19 16:00,14.495
8241,2003/9/19 16:30,14.495
8242,2003/9/19 17:00,14.495
8243,2003/9/19 17:30,14.495
8244,2003/9/19 18:00,14.495
8245,2003/9/19 18:30,14.495
8246,2003/9/19 19:00,14.495
8247,2003/9/19 19:30,14.495
8248,2003/9/19 20:00,14.495
8249,2003/9/19 20:30,14.495
8250,2003/9/19 21:00,14.495
8251,2003/9/19 21:30,14.495
8252,2003/9/19 22:00,14.495
8253,2003/9/19 22:30,14.495
8254,2003/9/19 23:00,14.495
8255,2003/9/19 23:30,14.495
8256,2003/9/20 0:00,6.08
8257,2003/9/20 0:30,6.08
8258,2003/9/20 1:00,6.08
8259,2003/9/20 1:30,6.08
8260,2003/9/20 2:00,6.08
8261,2003/9/20 2:30,6.08
8262,2003/9/20 3:00,6.08
8263,2003/9/20 3:30,6.08
8264,2003/9/20 4:00,6.08
8265,2003/9/20 4:30,6.08
8266,2003/9/20 5:00,6.08
8267,2003/9/20 5:30,6.08
8268,2003/9/20 6:00,6.08
8269,2003/9/20 6:30,6.08
8270,2003/9/20 7:00,14.495
8271,2003/9/20 7:30,14.495
8272,2003/9/20 8:00,14.495
8273,2003/9/20 8:30,14.495
8274,2003/9/20 9:00,14.495
8275,2003/9/20 9:30,14.495
8276,2003/9/20 10:00,14.495
8277,2003/9/20 10:30,14.495
8278,2003/9/20 11:00,14.495
8279,2003/9/20 11:30,14.495
8280,2003/9/20 12:00,14.495
8281,2003/9/20 12:30,14.495
8282,2003/9/20 13:00,14.495
8283,2003/9/20 13:30,14.495
8284,2003/9/20 14:00,27.34
8285,2003/9/20 14:30,27.34
8286,2003/9/20 15:00,27.34
8287,2003/9/20 15:30,27.34
8288,2003/9/20 16:00,14.495
8289,2003/9/20 16:30,14.495
8290,2003/9/20 17:00,14.495
8291,2003/9/20 17:30,14.495
8292,2003/9/20 18:00,14.495
8293,2003/9/20 18:30,14.495
8294,2003/9/20 19:00,14.495
8295,2003/9/20 19:30,14.495
8296,2003/9/20 20:00,14.495
8297,2003/9/20 20:30,14.495
8298,2003/9/20 21:00,14.495
8299,2003/9/20 21:30,14.495
8300,2003/9/20 22:00,14.495
8301,2003/9/20 22:30,14.495
8302,2003/9/20 23:00,14.495
8303,2003/9/20 23:30,14.495
8304,2003/9/21 0:00,6.08
8305,2003/9/21 0:30,6.08
8306,2003/9/21 1:00,6.08
8307,2003/9/21 1:30,6.08
8308,2003/9/21 2:00,6.08
8309,2003/9/21 2:30,6.08
8310,2003/9/21 3:00,6.08
8311,2003/9/21 3:30,6.08
8312,2003/9/21 4:00,6.08
8313,2003/9/21 4:30,6.08
8314,2003/9/21 5:00,6.08
8315,2003/9/21 5:30,6.08
8316,2003/9/21 6:00,6.08
8317,2003/9/21 6:30,6.08
8318,2003/9/21 7:00,14.495
8319,2003/9/21 7:30,14.495
8320,2003/9/21 8:00,14.495
8321,2003/9/21 8:30,14.495
8322,2003/9/21 9:00,14.495
8323,2003/9/21 9:30,14.495
8324,2003/9/21 10:00,14.495
8325,2003/9/21 10:30,14.495
8326,2003/9/21 11:00,14.495
8327,2003/9/21 11:30,14.495
8328,2003/9/21 12:00,14.495
8329,2003/9/21 12:30,14.495
8330,2003/9/21 13:00,14.495
8331,2003/9/21 13:30,14.495
8332,2003/9/21 14:00,27.34
8333,2003/9/21 14:30,27.34
8334,2003/9/21 15:00,27.34
8335,2003/9/21 15:30,27.34
8336,2003/9/21 16:00,14.495
8337,2003/9/21 16:30,14.495
8338,2003/9/21 17:00,14.495
8339,2003/9/21 17:30,14.495
8340,2003/9/21 18:00,14.495
8341,2003/9/21 18:30,14.495
8342,2003/9/21 19:00,14.495
8343,2003/9/21 19:30,14.495
8344,2003/9/21 20:00,14.495
8345,2003/9/21 20:30,14.495
8346,2003/9/21 21:00,14.495
8347,2003/9/21 21:30,14.495
8348,2003/9/21 22:00,14.495
8349,2003/9/21 22:30,14.495
8350,2003/9/21 23:00,14.495
8351,2003/9/21 23:30,14.495
8352,2003/9/22 0:00,6.08
8353,2003/9/22 0:30,6.08
8354,2003/9/22 1:00,6.08
8355,2003/9/22 1:30,6.08
8356,2003/9/22 2:00,6.08
8357,2003/9/22 2:30,6.08
8358,2003/9/22 3:00,6.08
8359,2003/9/22 3:30,6.08
8360,2003/9/22 4:00,6.08
8361,2003/9/22 4:30,6.08
8362,2003/9/22 5:00,6.08
8363,2003/9/22 5:30,6.08
8364,2003/9/22 6:00,6.08
8365,2003/9/22 6:30,6.08
8366,2003/9/22 7:00,14.495
8367,2003/9/22 7:30,14.495
8368,2003/9/22 8:00,14.495
8369,2003/9/22 8:30,14.495
8370,2003/9/22 9:00,14.495
8371,2003/9/22 9:30,14.495
8372,2003/9/22 10:00,14.495
8373,2003/9/22 10:30,14.495
8374,2003/9/22 11:00,14.495
8375,2003/9/22 11:30,14.495
8376,2003/9/22 12:00,14.495
8377,2003/9/22 12:30,14.495
8378,2003/9/22 13:00,14.495
8379,2003/9/22 13:30,14.495
8380,2003/9/22 14:00,27.34
8381,2003/9/22 14:30,27.34
8382,2003/9/22 15:00,27.34
8383,2003/9/22 15:30,27.34
8384,2003/9/22 16:00,14.495
8385,2003/9/22 16:30,14.495
8386,2003/9/22 17:00,14.495
8387,2003/9/22 17:30,14.495
8388,2003/9/22 18:00,14.495
8389,2003/9/22 18:30,14.495
8390,2003/9/22 19:00,14.495
8391,2003/9/22 19:30,14.495
8392,2003/9/22 20:00,14.495
8393,2003/9/22 20:30,14.495
8394,2003/9/22 21:00,14.495
8395,2003/9/22 21:30,14.495
8396,2003/9/22 22:00,14.495
8397,2003/9/22 22:30,14.495
8398,2003/9/22 23:00,14.495
8399,2003/9/22 23:30,14.495
8400,2003/9/23 0:00,6.08
8401,2003/9/23 0:30,6.08
8402,2003/9/23 1:00,6.08
8403,2003/9/23 1:30,6.08
8404,2003/9/23 2:00,6.08
8405,2003/9/23 2:30,6.08
8406,2003/9/23 3:00,6.08
8407,2003/9/23 3:30,6.08
8408,2003/9/23 4:00,6.08
8409,2003/9/23 4:30,6.08
8410,2003/9/23 5:00,6.08
8411,2003/9/23 5:30,6.08
8412,2003/9/23 6:00,6.08
8413,2003/9/23 6:30,6.08
8414,2003/9/23 7:00,14.495
8415,2003/9/23 7:30,14.495
8416,2003/9/23 8:00,14.495
8417,2003/9/23 8:30,14.495
8418,2003/9/23 9:00,14.495
8419,2003/9/23 9:30,14.495
8420,2003/9/23 10:00,14.495
8421,2003/9/23 10:30,14.495
8422,2003/9/23 11:00,14.495
8423,2003/9/23 11:30,14.495
8424,2003/9/23 12:00,14.495
8425,2003/9/23 12:30,14.495
8426,2003/9/23 13:00,14.495
8427,2003/9/23 13:30,14.495
8428,2003/9/23 14:00,27.34
8429,2003/9/23 14:30,27.34
8430,2003/9/23 15:00,27.34
8431,2003/9/23 15:30,27.34
8432,2003/9/23 16:00,14.495
8433,2003/9/23 16:30,14.495
8434,2003/9/23 17:00,14.495
8435,2003/9/23 17:30,14.495
8436,2003/9/23 18:00,14.495
8437,2003/9/23 18:30,14.495
8438,2003/9/23 19:00,14.495
8439,2003/9/23 19:30,14.495
8440,2003/9/23 20:00,14.495
8441,2003/9/23 20:30,14.495
8442,2003/9/23 21:00,14.495
8443,2003/9/23 21:30,14.495
8444,2003/9/23 22:00,14.495
8445,2003/9/23 22:30,14.495
8446,2003/9/23 23:00,14.495
8447,2003/9/23 23:30,14.495
8448,2003/9/24 0:00,6.08
8449,2003/9/24 0:30,6.08
8450,2003/9/24 1:00,6.08
8451,2003/9/24 1:30,6.08
8452,2003/9/24 2:00,6.08
8453,2003/9/24 2:30,6.08
8454,2003/9/24 3:00,6.08
8455,2003/9/24 3:30,6.08
8456,2003/9/24 4:00,6.08
8457,2003/9/24 4:30,6.08
8458,2003/9/24 5:00,6.08
8459,2003/9/24 5:30,6.08
8460,2003/9/24 6:00,6.08
8461,2003/9/24 6:30,6.08
8462,2003/9/24 7:00,14.495
8463,2003/9/24 7:30,14.495
8464,2003/9/24 8:00,14.495
8465,2003/9/24 8:30,14.495
8466,2003/9/24 9:00,14.495
8467,2003/9/24 9:30,14.495
8468,2003/9/24 10:00,14.495
8469,2003/9/24 10:30,14.495
8470,2003/9/24 11:00,14.495
8471,2003/9/24 11:30,14.495
8472,2003/9/24 12:00,14.495
8473,2003/9/24 12:30,14.495
8474,2003/9/24 13:00,14.495
8475,2003/9/24 13:30,14.495
8476,2003/9/24 14:00,27.34
8477,2003/9/24 14:30,27.34
8478,2003/9/24 15:00,27.34
8479,2003/9/24 15:30,27.34
8480,2003/9/24 16:00,14.495
8481,2003/9/24 16:30,14.495
8482,2003/9/24 17:00,14.495
8483,2003/9/24 17:30,14.495
8484,2003/9/24 18:00,14.495
8485,2003/9/24 18:30,14.495
8486,2003/9/24 19:00,14.495
8487,2003/9/24 19:30,14.495
8488,2003/9/24 20:00,14.495
8489,2003/9/24 20:30,14.495
8490,2003/9/24 21:00,14.495
8491,2003/9/24 21:30,14.495
8492,2003/9/24 22:00,14.495
8493,2003/9/24 22:30,14.495
8494,2003/9/24 23:00,14.495
8495,2003/9/24 23:30,14.495
8496,2003/9/25 0:00,6.08
8497,2003/9/25 0:30,6.08
8498,2003/9/25 1:00,6.08
8499,2003/9/25 1:30,6.08
8500,2003/9/25 2:00,6.08
8501,2003/9/25 2:30,6.08
8502,2003/9/25 3:00,6.08
8503,2003/9/25 3:30,6.08
8504,2003/9/25 4:00,6.08
8505,2003/9/25 4:30,6.08
8506,2003/9/25 5:00,6.08
8507,2003/9/25 5:30,6.08
8508,2003/9/25 6:00,6.08
8509,2003/9/25 6:30,6.08
8510,2003/9/25 7:00,14.495
8511,2003/9/25 7:30,14.495
8512,2003/9/25 8:00,14.495
8513,2003/9/25 8:30,14.495
8514,2003/9/25 9:00,14.495
8515,2003/9/25 9:30,14.495
8516,2003/9/25 10:00,14.495
8517,2003/9/25 10:30,14.495
8518,2003/9/25 11:00,14.495
8519,2003/9/25 11:30,14.495
8520,2003/9/25 12:00,14.495
8521,2003/9/25 12:30,14.495
8522,2003/9/25 13:00,14.495
8523,2003/9/25 13:30,14.495
8524,2003/9/25 14:00,27.34
8525,2003/9/25 14:30,27.34
8526,2003/9/25 15:00,27.34
8527,2003/9/25 15:30,27.34
8528,2003/9/25 16:00,14.495
8529,2003/9/25 16:30,14.495
8530,2003/9/25 17:00,14.495
8531,2003/9/25 17:30,14.495
8532,2003/9/25 18:00,14.495
8533,2003/9/25 18:30,14.495
8534,2003/9/25 19:00,14.495
8535,2003/9/25 19:30,14.495
8536,2003/9/25 20:00,14.495
8537,2003/9/25 20:30,14.495
8538,2003/9/25 21:00,14.495
8539,2003/9/25 21:30,14.495
8540,2003/9/25 22:00,14.495
8541,2003/9/25 22:30,14.495
8542,2003/9/25 23:00,14.495
8543,2003/9/25 23:30,14.495
8544,2003/9/26 0:00,6.08
8545,2003/9/26 0:30,6.08
8546,2003/9/26 1:00,6.08
8547,2003/9/26 1:30,6.08
8548,2003/9/26 2:00,6.08
8549,2003/9/26 2:30,6.08
8550,2003/9/26 3:00,6.08
8551,2003/9/26 3:30,6.08
8552,2003/9/26 4:00,6.08
8553,2003/9/26 4:30,6.08
8554,2003/9/26 5:00,6.08
8555,2003/9/26 5:30,6.08
8556,2003/9/26 6:00,6.08
8557,2003/9/26 6:30,6.08
8558,2003/9/26 7:00,14.495
8559,2003/9/26 7:30,14.495
8560,2003/9/26 8:00,14.495
8561,2003/9/26 8:30,14.495
8562,2003/9/26 9:00,14.495
8563,2003/9/26 9:30,14.495
8564,2003/9/26 10:00,14.495
8565,2003/9/26 10:30,14.495
8566,2003/9/26 11:00,14.495
8567,2003/9/26 11:30,14.495
8568,2003/9/26 12:00,14.495
8569,2003/9/26 12:30,14.495
8570,2003/9/26 13:00,14.495
8571,2003/9/26 13:30,14.495
8572,2003/9/26 14:00,27.34
8573,2003/9/26 14:30,27.34
8574,2003/9/26 15:00,27.34
8575,2003/9/26 15:30,27.34
8576,2003/9/26 16:00,14.495
8577,2003/9/26 16:30,14.495
8578,2003/9/26 17:00,14.495
8579,2003/9/26 17:30,14.495
8580,2003/9/26 18:00,14.495
8581,2003/9/26 18:30,14.495
8582,2003/9/26 19:00,14.495
8583,2003/9/26 19:30,14.495
8584,2003/9/26 20:00,14.495
8585,2003/9/26 20:30,14.495
8586,2003/9/26 21:00,14.495
8587,2003/9/26 21:30,14.495
8588,2003/9/26 22:00,14.495
8589,2003/9/26 22:30,14.495
8590,2003/9/26 23:00,14.495
8591,2003/9/26 23:30,14.495
8592,2003/9/27 0:00,6.08
8593,2003/9/27 0:30,6.08
8594,2003/9/27 1:00,6.08
8595,2003/9/27 1:30,6.08
8596,2003/9/27 2:00,6.08
8597,2003/9/27 2:30,6.08
8598,2003/9/27 3:00,6.08
8599,2003/9/27 3:30,6.08
8600,2003/9/27 4:00,6.08
8601,2003/9/27 4:30,6.08
8602,2003/9/27 5:00,6.08
8603,2003/9/27 5:30,6.08
8604,2003/9/27 6:00,6.08
8605,2003/9/27 6:30,6.08
8606,2003/9/27 7:00,14.495
8607,2003/9/27 7:30,14.495
8608,2003/9/27 8:00,14.495
8609,2003/9/27 8:30,14.495
8610,2003/9/27 9:00,14.495
8611,2003/9/27 9:30,14.495
8612,2003/9/27 10:00,14.495
8613,2003/9/27 10:30,14.495
8614,2003/9/27 11:00,14.495
8615,2003/9/27 11:30,14.495
8616,2003/9/27 12:00,14.495
8617,2003/9/27 12:30,14.495
8618,2003/9/27 13:00,14.495
8619,2003/9/27 13:30,14.495
8620,2003/9/27 14:00,27.34
8621,2003/9/27 14:30,27.34
8622,2003/9/27 15:00,27.34
8623,2003/9/27 15:30,27.34
8624,2003/9/27 16:00,14.495
8625,2003/9/27 16:30,14.495
8626,2003/9/27 17:00,14.495
8627,2003/9/27 17:30,14.495
8628,2003/9/27 18:00,14.495
8629,2003/9/27 18:30,14.495
8630,2003/9/27 19:00,14.495
8631,2003/9/27 19:30,14.495
8632,2003/9/27 20:00,14.495
8633,2003/9/27 20:30,14.495
8634,2003/9/27 21:00,14.495
8635,2003/9/27 21:30,14.495
8636,2003/9/27 22:00,14.495
8637,2003/9/27 22:30,14.495
8638,2003/9/27 23:00,14.495
8639,2003/9/27 23:30,14.495
8640,2003/9/28 0:00,6.08
8641,2003/9/28 0:30,6.08
8642,2003/9/28 1:00,6.08
8643,2003/9/28 1:30,6.08
8644,2003/9/28 2:00,6.08
8645,2003/9/28 2:30,6.08
8646,2003/9/28 3:00,6.08
8647,2003/9/28 3:30,6.08
8648,2003/9/28 4:00,6.08
8649,2003/9/28 4:30,6.08
8650,2003/9/28 5:00,6.08
8651,2003/9/28 5:30,6.08
8652,2003/9/28 6:00,6.08
8653,2003/9/28 6:30,6.08
8654,2003/9/28 7:00,14.495
8655,2003/9/28 7:30,14.495
8656,2003/9/28 8:00,14.495
8657,2003/9/28 8:30,14.495
8658,2003/9/28 9:00,14.495
8659,2003/9/28 9:30,14.495
8660,2003/9/28 10:00,14.495
8661,2003/9/28 10:30,14.495
8662,2003/9/28 11:00,14.495
8663,2003/9/28 11:30,14.495
8664,2003/9/28 12:00,14.495
8665,2003/9/28 12:30,14.495
8666,2003/9/28 13:00,14.495
8667,2003/9/28 13:30,14.495
8668,2003/9/28 14:00,27.34
8669,2003/9/28 14:30,27.34
8670,2003/9/28 15:00,27.34
8671,2003/9/28 15:30,27.34
8672,2003/9/28 16:00,14.495
8673,2003/9/28 16:30,14.495
8674,2003/9/28 17:00,14.495
8675,2003/9/28 17:30,14.495
8676,2003/9/28 18:00,14.495
8677,2003/9/28 18:30,14.495
8678,2003/9/28 19:00,14.495
8679,2003/9/28 19:30,14.495
8680,2003/9/28 20:00,14.495
8681,2003/9/28 20:30,14.495
8682,2003/9/28 21:00,14.495
8683,2003/9/28 21:30,14.495
8684,2003/9/28 22:00,14.495
8685,2003/9/28 22:30,14.495
8686,2003/9/28 23:00,14.495
8687,2003/9/28 23:30,14.495
8688,2003/9/29 0:00,6.08
8689,2003/9/29 0:30,6.08
8690,2003/9/29 1:00,6.08
8691,2003/9/29 1:30,6.08
8692,2003/9/29 2:00,6.08
8693,2003/9/29 2:30,6.08
8694,2003/9/29 3:00,6.08
8695,2003/9/29 3:30,6.08
8696,2003/9/29 4:00,6.08
8697,2003/9/29 4:30,6.08
8698,2003/9/29 5:00,6.08
8699,2003/9/29 5:30,6.08
8700,2003/9/29 6:00,6.08
8701,2003/9/29 6:30,6.08
8702,2003/9/29 7:00,14.495
8703,2003/9/29 7:30,14.495
8704,2003/9/29 8:00,14.495
8705,2003/9/29 8:30,14.495
8706,2003/9/29 9:00,14.495
8707,2003/9/29 9:30,14.495
8708,2003/9/29 10:00,14.495
8709,2003/9/29 10:30,14.495
8710,2003/9/29 11:00,14.495
8711,2003/9/29 11:30,14.495
8712,2003/9/29 12:00,14.495
8713,2003/9/29 12:30,14.495
8714,2003/9/29 13:00,14.495
8715,2003/9/29 13:30,14.495
8716,2003/9/29 14:00,27.34
8717,2003/9/29 14:30,27.34
8718,2003/9/29 15:00,27.34
8719,2003/9/29 15:30,27.34
8720,2003/9/29 16:00,14.495
8721,2003/9/29 16:30,14.495
8722,2003/9/29 17:00,14.495
8723,2003/9/29 17:30,14.495
8724,2003/9/29 18:00,14.495
8725,2003/9/29 18:30,14.495
8726,2003/9/29 19:00,14.495
8727,2003/9/29 19:30,14.495
8728,2003/9/29 20:00,14.495
8729,2003/9/29 20:30,14.495
8730,2003/9/29 21:00,14.495
8731,2003/9/29 21:30,14.495
8732,2003/9/29 22:00,14.495
8733,2003/9/29 22:30,14.495
8734,2003/9/29 23:00,14.495
8735,2003/9/29 23:30,14.495
8736,2003/9/30 0:00,6.08
8737,2003/9/30 0:30,6.08
8738,2003/9/30 1:00,6.08
8739,2003/9/30 1:30,6.08
8740,2003/9/30 2:00,6.08
8741,2003/9/30 2:30,6.08
8742,2003/9/30 3:00,6.08
8743,2003/9/30 3:30,6.08
8744,2003/9/30 4:00,6.08
8745,2003/9/30 4:30,6.08
8746,2003/9/30 5:00,6.08
8747,2003/9/30 5:30,6.08
8748,2003/9/30 6:00,6.08
8749,2003/9/30 6:30,6.08
8750,2003/9/30 7:00,14.495
8751,2003/9/30 7:30,14.495
8752,2003/9/30 8:00,14.495
8753,2003/9/30 8:30,14.495
8754,2003/9/30 9:00,14.495
8755,2003/9/30 9:30,14.495
8756,2003/9/30 10:00,14.495
8757,2003/9/30 10:30,14.495
8758,2003/9/30 11:00,14.495
8759,2003/9/30 11:30,14.495
8760,2003/9/30 12:00,14.495
8761,2003/9/30 12:30,14.495
8762,2003/9/30 13:00,14.495
8763,2003/9/30 13:30,14.495
8764,2003/9/30 14:00,27.34
8765,2003/9/30 14:30,27.34
8766,2003/9/30 15:00,27.34
8767,2003/9/30 15:30,27.34
8768,2003/9/30 16:00,14.495
8769,2003/9/30 16:30,14.495
8770,2003/9/30 17:00,14.495
8771,2003/9/30 17:30,14.495
8772,2003/9/30 18:00,14.495
8773,2003/9/30 18:30,14.495
8774,2003/9/30 19:00,14.495
8775,2003/9/30 19:30,14.495
8776,2003/9/30 20:00,14.495
8777,2003/9/30 20:30,14.495
8778,2003/9/30 21:00,14.495
8779,2003/9/30 21:30,14.495
8780,2003/9/30 22:00,14.495
8781,2003/9/30 22:30,14.495
8782,2003/9/30 23:00,14.495
8783,2003/9/30 23:30,14.495
8784,2003/10/1 0:00,6.08
8785,2003/10/1 0:30,6.08
8786,2003/10/1 1:00,6.08
8787,2003/10/1 1:30,6.08
8788,2003/10/1 2:00,6.08
8789,2003/10/1 2:30,6.08
8790,2003/10/1 3:00,6.08
8791,2003/10/1 3:30,6.08
8792,2003/10/1 4:00,6.08
8793,2003/10/1 4:30,6.08
8794,2003/10/1 5:00,6.08
8795,2003/10/1 5:30,6.08
8796,2003/10/1 6:00,6.08
8797,2003/10/1 6:30,6.08
8798,2003/10/1 7:00,14.495
8799,2003/10/1 7:30,14.495
8800,2003/10/1 8:00,14.495
8801,2003/10/1 8:30,14.495
8802,2003/10/1 9:00,14.495
8803,2003/10/1 9:30,14.495
8804,2003/10/1 10:00,14.495
8805,2003/10/1 10:30,14.495
8806,2003/10/1 11:00,14.495
8807,2003/10/1 11:30,14.495
8808,2003/10/1 12:00,14.495
8809,2003/10/1 12:30,14.495
8810,2003/10/1 13:00,14.495
8811,2003/10/1 13:30,14.495
8812,2003/10/1 14:00,14.495
8813,2003/10/1 14:30,14.495
8814,2003/10/1 15:00,14.495
8815,2003/10/1 15:30,14.495
8816,2003/10/1 16:00,14.495
8817,2003/10/1 16:30,14.495
8818,2003/10/1 17:00,14.495
8819,2003/10/1 17:30,14.495
8820,2003/10/1 18:00,14.495
8821,2003/10/1 18:30,14.495
8822,2003/10/1 19:00,14.495
8823,2003/10/1 19:30,14.495
8824,2003/10/1 20:00,14.495
8825,2003/10/1 20:30,14.495
8826,2003/10/1 21:00,14.495
8827,2003/10/1 21:30,14.495
8828,2003/10/1 22:00,14.495
8829,2003/10/1 22:30,14.495
8830,2003/10/1 23:00,14.495
8831,2003/10/1 23:30,14.495
8832,2003/10/2 0:00,6.08
8833,2003/10/2 0:30,6.08
8834,2003/10/2 1:00,6.08
8835,2003/10/2 1:30,6.08
8836,2003/10/2 2:00,6.08
8837,2003/10/2 2:30,6.08
8838,2003/10/2 3:00,6.08
8839,2003/10/2 3:30,6.08
8840,2003/10/2 4:00,6.08
8841,2003/10/2 4:30,6.08
8842,2003/10/2 5:00,6.08
8843,2003/10/2 5:30,6.08
8844,2003/10/2 6:00,6.08
8845,2003/10/2 6:30,6.08
8846,2003/10/2 7:00,14.495
8847,2003/10/2 7:30,14.495
8848,2003/10/2 8:00,14.495
8849,2003/10/2 8:30,14.495
8850,2003/10/2 9:00,14.495
8851,2003/10/2 9:30,14.495
8852,2003/10/2 10:00,14.495
8853,2003/10/2 10:30,14.495
8854,2003/10/2 11:00,14.495
8855,2003/10/2 11:30,14.495
8856,2003/10/2 12:00,14.495
8857,2003/10/2 12:30,14.495
8858,2003/10/2 13:00,14.495
8859,2003/10/2 13:30,14.495
8860,2003/10/2 14:00,14.495
8861,2003/10/2 14:30,14.495
8862,2003/10/2 15:00,14.495
8863,2003/10/2 15:30,14.495
8864,2003/10/2 16:00,14.495
8865,2003/10/2 16:30,14.495
8866,2003/10/2 17:00,14.495
8867,2003/10/2 17:30,14.495
8868,2003/10/2 18:00,14.495
8869,2003/10/2 18:30,14.495
8870,2003/10/2 19:00,14.495
8871,2003/10/2 19:30,14.495
8872,2003/10/2 20:00,14.495
8873,2003/10/2 20:30,14.495
8874,2003/10/2 21:00,14.495
8875,2003/10/2 21:30,14.495
8876,2003/10/2 22:00,14.495
8877,2003/10/2 22:30,14.495
8878,2003/10/2 23:00,14.495
8879,2003/10/2 23:30,14.495
8880,2003/10/3 0:00,6.08
8881,2003/10/3 0:30,6.08
8882,2003/10/3 1:00,6.08
8883,2003/10/3 1:30,6.08
8884,2003/10/3 2:00,6.08
8885,2003/10/3 2:30,6.08
8886,2003/10/3 3:00,6.08
8887,2003/10/3 3:30,6.08
8888,2003/10/3 4:00,6.08
8889,2003/10/3 4:30,6.08
8890,2003/10/3 5:00,6.08
8891,2003/10/3 5:30,6.08
8892,2003/10/3 6:00,6.08
8893,2003/10/3 6:30,6.08
8894,2003/10/3 7:00,14.495
8895,2003/10/3 7:30,14.495
8896,2003/10/3 8:00,14.495
8897,2003/10/3 8:30,14.495
8898,2003/10/3 9:00,14.495
8899,2003/10/3 9:30,14.495
8900,2003/10/3 10:00,14.495
8901,2003/10/3 10:30,14.495
8902,2003/10/3 11:00,14.495
8903,2003/10/3 11:30,14.495
8904,2003/10/3 12:00,14.495
8905,2003/10/3 12:30,14.495
8906,2003/10/3 13:00,14.495
8907,2003/10/3 13:30,14.495
8908,2003/10/3 14:00,14.495
8909,2003/10/3 14:30,14.495
8910,2003/10/3 15:00,14.495
8911,2003/10/3 15:30,14.495
8912,2003/10/3 16:00,14.495
8913,2003/10/3 16:30,14.495
8914,2003/10/3 17:00,14.495
8915,2003/10/3 17:30,14.495
8916,2003/10/3 18:00,14.495
8917,2003/10/3 18:30,14.495
8918,2003/10/3 19:00,14.495
8919,2003/10/3 19:30,14.495
8920,2003/10/3 20:00,14.495
8921,2003/10/3 20:30,14.495
8922,2003/10/3 21:00,14.495
8923,2003/10/3 21:30,14.495
8924,2003/10/3 22:00,14.495
8925,2003/10/3 22:30,14.495
8926,2003/10/3 23:00,14.495
8927,2003/10/3 23:30,14.495
8928,2003/10/4 0:00,6.08
8929,2003/10/4 0:30,6.08
8930,2003/10/4 1:00,6.08
8931,2003/10/4 1:30,6.08
8932,2003/10/4 2:00,6.08
8933,2003/10/4 2:30,6.08
8934,2003/10/4 3:00,6.08
8935,2003/10/4 3:30,6.08
8936,2003/10/4 4:00,6.08
8937,2003/10/4 4:30,6.08
8938,2003/10/4 5:00,6.08
8939,2003/10/4 5:30,6.08
8940,2003/10/4 6:00,6.08
8941,2003/10/4 6:30,6.08
8942,2003/10/4 7:00,14.495
8943,2003/10/4 7:30,14.495
8944,2003/10/4 8:00,14.495
8945,2003/10/4 8:30,14.495
8946,2003/10/4 9:00,14.495
8947,2003/10/4 9:30,14.495
8948,2003/10/4 10:00,14.495
8949,2003/10/4 10:30,14.495
8950,2003/10/4 11:00,14.495
8951,2003/10/4 11:30,14.495
8952,2003/10/4 12:00,14.495
8953,2003/10/4 12:30,14.495
8954,2003/10/4 13:00,14.495
8955,2003/10/4 13:30,14.495
8956,2003/10/4 14:00,14.495
8957,2003/10/4 14:30,14.495
8958,2003/10/4 15:00,14.495
8959,2003/10/4 15:30,14.495
8960,2003/10/4 16:00,14.495
8961,2003/10/4 16:30,14.495
8962,2003/10/4 17:00,14.495
8963,2003/10/4 17:30,14.495
8964,2003/10/4 18:00,14.495
8965,2003/10/4 18:30,14.495
8966,2003/10/4 19:00,14.495
8967,2003/10/4 19:30,14.495
8968,2003/10/4 20:00,14.495
8969,2003/10/4 20:30,14.495
8970,2003/10/4 21:00,14.495
8971,2003/10/4 21:30,14.495
8972,2003/10/4 22:00,14.495
8973,2003/10/4 22:30,14.495
8974,2003/10/4 23:00,14.495
8975,2003/10/4 23:30,14.495
8976,2003/10/5 0:00,6.08
8977,2003/10/5 0:30,6.08
8978,2003/10/5 1:00,6.08
8979,2003/10/5 1:30,6.08
8980,2003/10/5 2:00,6.08
8981,2003/10/5 2:30,6.08
8982,2003/10/5 3:00,6.08
8983,2003/10/5 3:30,6.08
8984,2003/10/5 4:00,6.08
8985,2003/10/5 4:30,6.08
8986,2003/10/5 5:00,6.08
8987,2003/10/5 5:30,6.08
8988,2003/10/5 6:00,6.08
8989,2003/10/5 6:30,6.08
8990,2003/10/5 7:00,14.495
8991,2003/10/5 7:30,14.495
8992,2003/10/5 8:00,14.495
8993,2003/10/5 8:30,14.495
8994,2003/10/5 9:00,14.495
8995,2003/10/5 9:30,14.495
8996,2003/10/5 10:00,14.495
8997,2003/10/5 10:30,14.495
8998,2003/10/5 11:00,14.495
8999,2003/10/5 11:30,14.495
9000,2003/10/5 12:00,14.495
9001,2003/10/5 12:30,14.495
9002,2003/10/5 13:00,14.495
9003,2003/10/5 13:30,14.495
9004,2003/10/5 14:00,14.495
9005,2003/10/5 14:30,14.495
9006,2003/10/5 15:00,14.495
9007,2003/10/5 15:30,14.495
9008,2003/10/5 16:00,14.495
9009,2003/10/5 16:30,14.495
9010,2003/10/5 17:00,14.495
9011,2003/10/5 17:30,14.495
9012,2003/10/5 18:00,14.495
9013,2003/10/5 18:30,14.495
9014,2003/10/5 19:00,14.495
9015,2003/10/5 19:30,14.495
9016,2003/10/5 20:00,14.495
9017,2003/10/5 20:30,14.495
9018,2003/10/5 21:00,14.495
9019,2003/10/5 21:30,14.495
9020,2003/10/5 22:00,14.495
9021,2003/10/5 22:30,14.495
9022,2003/10/5 23:00,14.495
9023,2003/10/5 23:30,14.495
9024,2003/10/6 0:00,6.08
9025,2003/10/6 0:30,6.08
9026,2003/10/6 1:00,6.08
9027,2003/10/6 1:30,6.08
9028,2003/10/6 2:00,6.08
9029,2003/10/6 2:30,6.08
9030,2003/10/6 3:00,6.08
9031,2003/10/6 3:30,6.08
9032,2003/10/6 4:00,6.08
9033,2003/10/6 4:30,6.08
9034,2003/10/6 5:00,6.08
9035,2003/10/6 5:30,6.08
9036,2003/10/6 6:00,6.08
9037,2003/10/6 6:30,6.08
9038,2003/10/6 7:00,14.495
9039,2003/10/6 7:30,14.495
9040,2003/10/6 8:00,14.495
9041,2003/10/6 8:30,14.495
9042,2003/10/6 9:00,14.495
9043,2003/10/6 9:30,14.495
9044,2003/10/6 10:00,14.495
9045,2003/10/6 10:30,14.495
9046,2003/10/6 11:00,14.495
9047,2003/10/6 11:30,14.495
9048,2003/10/6 12:00,14.495
9049,2003/10/6 12:30,14.495
9050,2003/10/6 13:00,14.495
9051,2003/10/6 13:30,14.495
9052,2003/10/6 14:00,14.495
9053,2003/10/6 14:30,14.495
9054,2003/10/6 15:00,14.495
9055,2003/10/6 15:30,14.495
9056,2003/10/6 16:00,14.495
9057,2003/10/6 16:30,14.495
9058,2003/10/6 17:00,14.495
9059,2003/10/6 17:30,14.495
9060,2003/10/6 18:00,14.495
9061,2003/10/6 18:30,14.495
9062,2003/10/6 19:00,14.495
9063,2003/10/6 19:30,14.495
9064,2003/10/6 20:00,14.495
9065,2003/10/6 20:30,14.495
9066,2003/10/6 21:00,14.495
9067,2003/10/6 21:30,14.495
9068,2003/10/6 22:00,14.495
9069,2003/10/6 22:30,14.495
9070,2003/10/6 23:00,14.495
9071,2003/10/6 23:30,14.495
9072,2003/10/7 0:00,6.08
9073,2003/10/7 0:30,6.08
9074,2003/10/7 1:00,6.08
9075,2003/10/7 1:30,6.08
9076,2003/10/7 2:00,6.08
9077,2003/10/7 2:30,6.08
9078,2003/10/7 3:00,6.08
9079,2003/10/7 3:30,6.08
9080,2003/10/7 4:00,6.08
9081,2003/10/7 4:30,6.08
9082,2003/10/7 5:00,6.08
9083,2003/10/7 5:30,6.08
9084,2003/10/7 6:00,6.08
9085,2003/10/7 6:30,6.08
9086,2003/10/7 7:00,14.495
9087,2003/10/7 7:30,14.495
9088,2003/10/7 8:00,14.495
9089,2003/10/7 8:30,14.495
9090,2003/10/7 9:00,14.495
9091,2003/10/7 9:30,14.495
9092,2003/10/7 10:00,14.495
9093,2003/10/7 10:30,14.495
9094,2003/10/7 11:00,14.495
9095,2003/10/7 11:30,14.495
9096,2003/10/7 12:00,14.495
9097,2003/10/7 12:30,14.495
9098,2003/10/7 13:00,14.495
9099,2003/10/7 13:30,14.495
9100,2003/10/7 14:00,14.495
9101,2003/10/7 14:30,14.495
9102,2003/10/7 15:00,14.495
9103,2003/10/7 15:30,14.495
9104,2003/10/7 16:00,14.495
9105,2003/10/7 16:30,14.495
9106,2003/10/7 17:00,14.495
9107,2003/10/7 17:30,14.495
9108,2003/10/7 18:00,14.495
9109,2003/10/7 18:30,14.495
9110,2003/10/7 19:00,14.495
9111,2003/10/7 19:30,14.495
9112,2003/10/7 20:00,14.495
9113,2003/10/7 20:30,14.495
9114,2003/10/7 21:00,14.495
9115,2003/10/7 21:30,14.495
9116,2003/10/7 22:00,14.495
9117,2003/10/7 22:30,14.495
9118,2003/10/7 23:00,14.495
9119,2003/10/7 23:30,14.495
9120,2003/10/8 0:00,6.08
9121,2003/10/8 0:30,6.08
9122,2003/10/8 1:00,6.08
9123,2003/10/8 1:30,6.08
9124,2003/10/8 2:00,6.08
9125,2003/10/8 2:30,6.08
9126,2003/10/8 3:00,6.08
9127,2003/10/8 3:30,6.08
9128,2003/10/8 4:00,6.08
9129,2003/10/8 4:30,6.08
9130,2003/10/8 5:00,6.08
9131,2003/10/8 5:30,6.08
9132,2003/10/8 6:00,6.08
9133,2003/10/8 6:30,6.08
9134,2003/10/8 7:00,14.495
9135,2003/10/8 7:30,14.495
9136,2003/10/8 8:00,14.495
9137,2003/10/8 8:30,14.495
9138,2003/10/8 9:00,14.495
9139,2003/10/8 9:30,14.495
9140,2003/10/8 10:00,14.495
9141,2003/10/8 10:30,14.495
9142,2003/10/8 11:00,14.495
9143,2003/10/8 11:30,14.495
9144,2003/10/8 12:00,14.495
9145,2003/10/8 12:30,14.495
9146,2003/10/8 13:00,14.495
9147,2003/10/8 13:30,14.495
9148,2003/10/8 14:00,14.495
9149,2003/10/8 14:30,14.495
9150,2003/10/8 15:00,14.495
9151,2003/10/8 15:30,14.495
9152,2003/10/8 16:00,14.495
9153,2003/10/8 16:30,14.495
9154,2003/10/8 17:00,14.495
9155,2003/10/8 17:30,14.495
9156,2003/10/8 18:00,14.495
9157,2003/10/8 18:30,14.495
9158,2003/10/8 19:00,14.495
9159,2003/10/8 19:30,14.495
9160,2003/10/8 20:00,14.495
9161,2003/10/8 20:30,14.495
9162,2003/10/8 21:00,14.495
9163,2003/10/8 21:30,14.495
9164,2003/10/8 22:00,14.495
9165,2003/10/8 22:30,14.495
9166,2003/10/8 23:00,14.495
9167,2003/10/8 23:30,14.495
9168,2003/10/9 0:00,6.08
9169,2003/10/9 0:30,6.08
9170,2003/10/9 1:00,6.08
9171,2003/10/9 1:30,6.08
9172,2003/10/9 2:00,6.08
9173,2003/10/9 2:30,6.08
9174,2003/10/9 3:00,6.08
9175,2003/10/9 3:30,6.08
9176,2003/10/9 4:00,6.08
9177,2003/10/9 4:30,6.08
9178,2003/10/9 5:00,6.08
9179,2003/10/9 5:30,6.08
9180,2003/10/9 6:00,6.08
9181,2003/10/9 6:30,6.08
9182,2003/10/9 7:00,14.495
9183,2003/10/9 7:30,14.495
9184,2003/10/9 8:00,14.495
9185,2003/10/9 8:30,14.495
9186,2003/10/9 9:00,14.495
9187,2003/10/9 9:30,14.495
9188,2003/10/9 10:00,14.495
9189,2003/10/9 10:30,14.495
9190,2003/10/9 11:00,14.495
9191,2003/10/9 11:30,14.495
9192,2003/10/9 12:00,14.495
9193,2003/10/9 12:30,14.495
9194,2003/10/9 13:00,14.495
9195,2003/10/9 13:30,14.495
9196,2003/10/9 14:00,14.495
9197,2003/10/9 14:30,14.495
9198,2003/10/9 15:00,14.495
9199,2003/10/9 15:30,14.495
9200,2003/10/9 16:00,14.495
9201,2003/10/9 16:30,14.495
9202,2003/10/9 17:00,14.495
9203,2003/10/9 17:30,14.495
9204,2003/10/9 18:00,14.495
9205,2003/10/9 18:30,14.495
9206,2003/10/9 19:00,14.495
9207,2003/10/9 19:30,14.495
9208,2003/10/9 20:00,14.495
9209,2003/10/9 20:30,14.495
9210,2003/10/9 21:00,14.495
9211,2003/10/9 21:30,14.495
9212,2003/10/9 22:00,14.495
9213,2003/10/9 22:30,14.495
9214,2003/10/9 23:00,14.495
9215,2003/10/9 23:30,14.495
9216,2003/10/10 0:00,6.08
9217,2003/10/10 0:30,6.08
9218,2003/10/10 1:00,6.08
9219,2003/10/10 1:30,6.08
9220,2003/10/10 2:00,6.08
9221,2003/10/10 2:30,6.08
9222,2003/10/10 3:00,6.08
9223,2003/10/10 3:30,6.08
9224,2003/10/10 4:00,6.08
9225,2003/10/10 4:30,6.08
9226,2003/10/10 5:00,6.08
9227,2003/10/10 5:30,6.08
9228,2003/10/10 6:00,6.08
9229,2003/10/10 6:30,6.08
9230,2003/10/10 7:00,14.495
9231,2003/10/10 7:30,14.495
9232,2003/10/10 8:00,14.495
9233,2003/10/10 8:30,14.495
9234,2003/10/10 9:00,14.495
9235,2003/10/10 9:30,14.495
9236,2003/10/10 10:00,14.495
9237,2003/10/10 10:30,14.495
9238,2003/10/10 11:00,14.495
9239,2003/10/10 11:30,14.495
9240,2003/10/10 12:00,14.495
9241,2003/10/10 12:30,14.495
9242,2003/10/10 13:00,14.495
9243,2003/10/10 13:30,14.495
9244,2003/10/10 14:00,14.495
9245,2003/10/10 14:30,14.495
9246,2003/10/10 15:00,14.495
9247,2003/10/10 15:30,14.495
9248,2003/10/10 16:00,14.495
9249,2003/10/10 16:30,14.495
9250,2003/10/10 17:00,14.495
9251,2003/10/10 17:30,14.495
9252,2003/10/10 18:00,14.495
9253,2003/10/10 18:30,14.495
9254,2003/10/10 19:00,14.495
9255,2003/10/10 19:30,14.495
9256,2003/10/10 20:00,14.495
9257,2003/10/10 20:30,14.495
9258,2003/10/10 21:00,14.495
9259,2003/10/10 21:30,14.495
9260,2003/10/10 22:00,14.495
9261,2003/10/10 22:30,14.495
9262,2003/10/10 23:00,14.495
9263,2003/10/10 23:30,14.495
9264,2003/10/11 0:00,6.08
9265,2003/10/11 0:30,6.08
9266,2003/10/11 1:00,6.08
9267,2003/10/11 1:30,6.08
9268,2003/10/11 2:00,6.08
9269,2003/10/11 2:30,6.08
9270,2003/10/11 3:00,6.08
9271,2003/10/11 3:30,6.08
9272,2003/10/11 4:00,6.08
9273,2003/10/11 4:30,6.08
9274,2003/10/11 5:00,6.08
9275,2003/10/11 5:30,6.08
9276,2003/10/11 6:00,6.08
9277,2003/10/11 6:30,6.08
9278,2003/10/11 7:00,14.495
9279,2003/10/11 7:30,14.495
9280,2003/10/11 8:00,14.495
9281,2003/10/11 8:30,14.495
9282,2003/10/11 9:00,14.495
9283,2003/10/11 9:30,14.495
9284,2003/10/11 10:00,14.495
9285,2003/10/11 10:30,14.495
9286,2003/10/11 11:00,14.495
9287,2003/10/11 11:30,14.495
9288,2003/10/11 12:00,14.495
9289,2003/10/11 12:30,14.495
9290,2003/10/11 13:00,14.495
9291,2003/10/11 13:30,14.495
9292,2003/10/11 14:00,14.495
9293,2003/10/11 14:30,14.495
9294,2003/10/11 15:00,14.495
9295,2003/10/11 15:30,14.495
9296,2003/10/11 16:00,14.495
9297,2003/10/11 16:30,14.495
9298,2003/10/11 17:00,14.495
9299,2003/10/11 17:30,14.495
9300,2003/10/11 18:00,14.495
9301,2003/10/11 18:30,14.495
9302,2003/10/11 19:00,14.495
9303,2003/10/11 19:30,14.495
9304,2003/10/11 20:00,14.495
9305,2003/10/11 20:30,14.495
9306,2003/10/11 21:00,14.495
9307,2003/10/11 21:30,14.495
9308,2003/10/11 22:00,14.495
9309,2003/10/11 22:30,14.495
9310,2003/10/11 23:00,14.495
9311,2003/10/11 23:30,14.495
9312,2003/10/12 0:00,6.08
9313,2003/10/12 0:30,6.08
9314,2003/10/12 1:00,6.08
9315,2003/10/12 1:30,6.08
9316,2003/10/12 2:00,6.08
9317,2003/10/12 2:30,6.08
9318,2003/10/12 3:00,6.08
9319,2003/10/12 3:30,6.08
9320,2003/10/12 4:00,6.08
9321,2003/10/12 4:30,6.08
9322,2003/10/12 5:00,6.08
9323,2003/10/12 5:30,6.08
9324,2003/10/12 6:00,6.08
9325,2003/10/12 6:30,6.08
9326,2003/10/12 7:00,14.495
9327,2003/10/12 7:30,14.495
9328,2003/10/12 8:00,14.495
9329,2003/10/12 8:30,14.495
9330,2003/10/12 9:00,14.495
9331,2003/10/12 9:30,14.495
9332,2003/10/12 10:00,14.495
9333,2003/10/12 10:30,14.495
9334,2003/10/12 11:00,14.495
9335,2003/10/12 11:30,14.495
9336,2003/10/12 12:00,14.495
9337,2003/10/12 12:30,14.495
9338,2003/10/12 13:00,14.495
9339,2003/10/12 13:30,14.495
9340,2003/10/12 14:00,14.495
9341,2003/10/12 14:30,14.495
9342,2003/10/12 15:00,14.495
9343,2003/10/12 15:30,14.495
9344,2003/10/12 16:00,14.495
9345,2003/10/12 16:30,14.495
9346,2003/10/12 17:00,14.495
9347,2003/10/12 17:30,14.495
9348,2003/10/12 18:00,14.495
9349,2003/10/12 18:30,14.495
9350,2003/10/12 19:00,14.495
9351,2003/10/12 19:30,14.495
9352,2003/10/12 20:00,14.495
9353,2003/10/12 20:30,14.495
9354,2003/10/12 21:00,14.495
9355,2003/10/12 21:30,14.495
9356,2003/10/12 22:00,14.495
9357,2003/10/12 22:30,14.495
9358,2003/10/12 23:00,14.495
9359,2003/10/12 23:30,14.495
9360,2003/10/13 0:00,6.08
9361,2003/10/13 0:30,6.08
9362,2003/10/13 1:00,6.08
9363,2003/10/13 1:30,6.08
9364,2003/10/13 2:00,6.08
9365,2003/10/13 2:30,6.08
9366,2003/10/13 3:00,6.08
9367,2003/10/13 3:30,6.08
9368,2003/10/13 4:00,6.08
9369,2003/10/13 4:30,6.08
9370,2003/10/13 5:00,6.08
9371,2003/10/13 5:30,6.08
9372,2003/10/13 6:00,6.08
9373,2003/10/13 6:30,6.08
9374,2003/10/13 7:00,14.495
9375,2003/10/13 7:30,14.495
9376,2003/10/13 8:00,14.495
9377,2003/10/13 8:30,14.495
9378,2003/10/13 9:00,14.495
9379,2003/10/13 9:30,14.495
9380,2003/10/13 10:00,14.495
9381,2003/10/13 10:30,14.495
9382,2003/10/13 11:00,14.495
9383,2003/10/13 11:30,14.495
9384,2003/10/13 12:00,14.495
9385,2003/10/13 12:30,14.495
9386,2003/10/13 13:00,14.495
9387,2003/10/13 13:30,14.495
9388,2003/10/13 14:00,14.495
9389,2003/10/13 14:30,14.495
9390,2003/10/13 15:00,14.495
9391,2003/10/13 15:30,14.495
9392,2003/10/13 16:00,14.495
9393,2003/10/13 16:30,14.495
9394,2003/10/13 17:00,14.495
9395,2003/10/13 17:30,14.495
9396,2003/10/13 18:00,14.495
9397,2003/10/13 18:30,14.495
9398,2003/10/13 19:00,14.495
9399,2003/10/13 19:30,14.495
9400,2003/10/13 20:00,14.495
9401,2003/10/13 20:30,14.495
9402,2003/10/13 21:00,14.495
9403,2003/10/13 21:30,14.495
9404,2003/10/13 22:00,14.495
9405,2003/10/13 22:30,14.495
9406,2003/10/13 23:00,14.495
9407,2003/10/13 23:30,14.495
9408,2003/10/14 0:00,6.08
9409,2003/10/14 0:30,6.08
9410,2003/10/14 1:00,6.08
9411,2003/10/14 1:30,6.08
9412,2003/10/14 2:00,6.08
9413,2003/10/14 2:30,6.08
9414,2003/10/14 3:00,6.08
9415,2003/10/14 3:30,6.08
9416,2003/10/14 4:00,6.08
9417,2003/10/14 4:30,6.08
9418,2003/10/14 5:00,6.08
9419,2003/10/14 5:30,6.08
9420,2003/10/14 6:00,6.08
9421,2003/10/14 6:30,6.08
9422,2003/10/14 7:00,14.495
9423,2003/10/14 7:30,14.495
9424,2003/10/14 8:00,14.495
9425,2003/10/14 8:30,14.495
9426,2003/10/14 9:00,14.495
9427,2003/10/14 9:30,14.495
9428,2003/10/14 10:00,14.495
9429,2003/10/14 10:30,14.495
9430,2003/10/14 11:00,14.495
9431,2003/10/14 11:30,14.495
9432,2003/10/14 12:00,14.495
9433,2003/10/14 12:30,14.495
9434,2003/10/14 13:00,14.495
9435,2003/10/14 13:30,14.495
9436,2003/10/14 14:00,14.495
9437,2003/10/14 14:30,14.495
9438,2003/10/14 15:00,14.495
9439,2003/10/14 15:30,14.495
9440,2003/10/14 16:00,14.495
9441,2003/10/14 16:30,14.495
9442,2003/10/14 17:00,14.495
9443,2003/10/14 17:30,14.495
9444,2003/10/14 18:00,14.495
9445,2003/10/14 18:30,14.495
9446,2003/10/14 19:00,14.495
9447,2003/10/14 19:30,14.495
9448,2003/10/14 20:00,14.495
9449,2003/10/14 20:30,14.495
9450,2003/10/14 21:00,14.495
9451,2003/10/14 21:30,14.495
9452,2003/10/14 22:00,14.495
9453,2003/10/14 22:30,14.495
9454,2003/10/14 23:00,14.495
9455,2003/10/14 23:30,14.495
9456,2003/10/15 0:00,6.08
9457,2003/10/15 0:30,6.08
9458,2003/10/15 1:00,6.08
9459,2003/10/15 1:30,6.08
9460,2003/10/15 2:00,6.08
9461,2003/10/15 2:30,6.08
9462,2003/10/15 3:00,6.08
9463,2003/10/15 3:30,6.08
9464,2003/10/15 4:00,6.08
9465,2003/10/15 4:30,6.08
9466,2003/10/15 5:00,6.08
9467,2003/10/15 5:30,6.08
9468,2003/10/15 6:00,6.08
9469,2003/10/15 6:30,6.08
9470,2003/10/15 7:00,14.495
9471,2003/10/15 7:30,14.495
9472,2003/10/15 8:00,14.495
9473,2003/10/15 8:30,14.495
9474,2003/10/15 9:00,14.495
9475,2003/10/15 9:30,14.495
9476,2003/10/15 10:00,14.495
9477,2003/10/15 10:30,14.495
9478,2003/10/15 11:00,14.495
9479,2003/10/15 11:30,14.495
9480,2003/10/15 12:00,14.495
9481,2003/10/15 12:30,14.495
9482,2003/10/15 13:00,14.495
9483,2003/10/15 13:30,14.495
9484,2003/10/15 14:00,14.495
9485,2003/10/15 14:30,14.495
9486,2003/10/15 15:00,14.495
9487,2003/10/15 15:30,14.495
9488,2003/10/15 16:00,14.495
9489,2003/10/15 16:30,14.495
9490,2003/10/15 17:00,14.495
9491,2003/10/15 17:30,14.495
9492,2003/10/15 18:00,14.495
9493,2003/10/15 18:30,14.495
9494,2003/10/15 19:00,14.495
9495,2003/10/15 19:30,14.495
9496,2003/10/15 20:00,14.495
9497,2003/10/15 20:30,14.495
9498,2003/10/15 21:00,14.495
9499,2003/10/15 21:30,14.495
9500,2003/10/15 22:00,14.495
9501,2003/10/15 22:30,14.495
9502,2003/10/15 23:00,14.495
9503,2003/10/15 23:30,14.495
9504,2003/10/16 0:00,6.08
9505,2003/10/16 0:30,6.08
9506,2003/10/16 1:00,6.08
9507,2003/10/16 1:30,6.08
9508,2003/10/16 2:00,6.08
9509,2003/10/16 2:30,6.08
9510,2003/10/16 3:00,6.08
9511,2003/10/16 3:30,6.08
9512,2003/10/16 4:00,6.08
9513,2003/10/16 4:30,6.08
9514,2003/10/16 5:00,6.08
9515,2003/10/16 5:30,6.08
9516,2003/10/16 6:00,6.08
9517,2003/10/16 6:30,6.08
9518,2003/10/16 7:00,14.495
9519,2003/10/16 7:30,14.495
9520,2003/10/16 8:00,14.495
9521,2003/10/16 8:30,14.495
9522,2003/10/16 9:00,14.495
9523,2003/10/16 9:30,14.495
9524,2003/10/16 10:00,14.495
9525,2003/10/16 10:30,14.495
9526,2003/10/16 11:00,14.495
9527,2003/10/16 11:30,14.495
9528,2003/10/16 12:00,14.495
9529,2003/10/16 12:30,14.495
9530,2003/10/16 13:00,14.495
9531,2003/10/16 13:30,14.495
9532,2003/10/16 14:00,14.495
9533,2003/10/16 14:30,14.495
9534,2003/10/16 15:00,14.495
9535,2003/10/16 15:30,14.495
9536,2003/10/16 16:00,14.495
9537,2003/10/16 16:30,14.495
9538,2003/10/16 17:00,14.495
9539,2003/10/16 17:30,14.495
9540,2003/10/16 18:00,14.495
9541,2003/10/16 18:30,14.495
9542,2003/10/16 19:00,14.495
9543,2003/10/16 19:30,14.495
9544,2003/10/16 20:00,14.495
9545,2003/10/16 20:30,14.495
9546,2003/10/16 21:00,14.495
9547,2003/10/16 21:30,14.495
9548,2003/10/16 22:00,14.495
9549,2003/10/16 22:30,14.495
9550,2003/10/16 23:00,14.495
9551,2003/10/16 23:30,14.495
9552,2003/10/17 0:00,6.08
9553,2003/10/17 0:30,6.08
9554,2003/10/17 1:00,6.08
9555,2003/10/17 1:30,6.08
9556,2003/10/17 2:00,6.08
9557,2003/10/17 2:30,6.08
9558,2003/10/17 3:00,6.08
9559,2003/10/17 3:30,6.08
9560,2003/10/17 4:00,6.08
9561,2003/10/17 4:30,6.08
9562,2003/10/17 5:00,6.08
9563,2003/10/17 5:30,6.08
9564,2003/10/17 6:00,6.08
9565,2003/10/17 6:30,6.08
9566,2003/10/17 7:00,14.495
9567,2003/10/17 7:30,14.495
9568,2003/10/17 8:00,14.495
9569,2003/10/17 8:30,14.495
9570,2003/10/17 9:00,14.495
9571,2003/10/17 9:30,14.495
9572,2003/10/17 10:00,14.495
9573,2003/10/17 10:30,14.495
9574,2003/10/17 11:00,14.495
9575,2003/10/17 11:30,14.495
9576,2003/10/17 12:00,14.495
9577,2003/10/17 12:30,14.495
9578,2003/10/17 13:00,14.495
9579,2003/10/17 13:30,14.495
9580,2003/10/17 14:00,14.495
9581,2003/10/17 14:30,14.495
9582,2003/10/17 15:00,14.495
9583,2003/10/17 15:30,14.495
9584,2003/10/17 16:00,14.495
9585,2003/10/17 16:30,14.495
9586,2003/10/17 17:00,14.495
9587,2003/10/17 17:30,14.495
9588,2003/10/17 18:00,14.495
9589,2003/10/17 18:30,14.495
9590,2003/10/17 19:00,14.495
9591,2003/10/17 19:30,14.495
9592,2003/10/17 20:00,14.495
9593,2003/10/17 20:30,14.495
9594,2003/10/17 21:00,14.495
9595,2003/10/17 21:30,14.495
9596,2003/10/17 22:00,14.495
9597,2003/10/17 22:30,14.495
9598,2003/10/17 23:00,14.495
9599,2003/10/17 23:30,14.495
9600,2003/10/18 0:00,6.08
9601,2003/10/18 0:30,6.08
9602,2003/10/18 1:00,6.08
9603,2003/10/18 1:30,6.08
9604,2003/10/18 2:00,6.08
9605,2003/10/18 2:30,6.08
9606,2003/10/18 3:00,6.08
9607,2003/10/18 3:30,6.08
9608,2003/10/18 4:00,6.08
9609,2003/10/18 4:30,6.08
9610,2003/10/18 5:00,6.08
9611,2003/10/18 5:30,6.08
9612,2003/10/18 6:00,6.08
9613,2003/10/18 6:30,6.08
9614,2003/10/18 7:00,14.495
9615,2003/10/18 7:30,14.495
9616,2003/10/18 8:00,14.495
9617,2003/10/18 8:30,14.495
9618,2003/10/18 9:00,14.495
9619,2003/10/18 9:30,14.495
9620,2003/10/18 10:00,14.495
9621,2003/10/18 10:30,14.495
9622,2003/10/18 11:00,14.495
9623,2003/10/18 11:30,14.495
9624,2003/10/18 12:00,14.495
9625,2003/10/18 12:30,14.495
9626,2003/10/18 13:00,14.495
9627,2003/10/18 13:30,14.495
9628,2003/10/18 14:00,14.495
9629,2003/10/18 14:30,14.495
9630,2003/10/18 15:00,14.495
9631,2003/10/18 15:30,14.495
9632,2003/10/18 16:00,14.495
9633,2003/10/18 16:30,14.495
9634,2003/10/18 17:00,14.495
9635,2003/10/18 17:30,14.495
9636,2003/10/18 18:00,14.495
9637,2003/10/18 18:30,14.495
9638,2003/10/18 19:00,14.495
9639,2003/10/18 19:30,14.495
9640,2003/10/18 20:00,14.495
9641,2003/10/18 20:30,14.495
9642,2003/10/18 21:00,14.495
9643,2003/10/18 21:30,14.495
9644,2003/10/18 22:00,14.495
9645,2003/10/18 22:30,14.495
9646,2003/10/18 23:00,14.495
9647,2003/10/18 23:30,14.495
9648,2003/10/19 0:00,6.08
9649,2003/10/19 0:30,6.08
9650,2003/10/19 1:00,6.08
9651,2003/10/19 1:30,6.08
9652,2003/10/19 2:00,6.08
9653,2003/10/19 2:30,6.08
9654,2003/10/19 3:00,6.08
9655,2003/10/19 3:30,6.08
9656,2003/10/19 4:00,6.08
9657,2003/10/19 4:30,6.08
9658,2003/10/19 5:00,6.08
9659,2003/10/19 5:30,6.08
9660,2003/10/19 6:00,6.08
9661,2003/10/19 6:30,6.08
9662,2003/10/19 7:00,14.495
9663,2003/10/19 7:30,14.495
9664,2003/10/19 8:00,14.495
9665,2003/10/19 8:30,14.495
9666,2003/10/19 9:00,14.495
9667,2003/10/19 9:30,14.495
9668,2003/10/19 10:00,14.495
9669,2003/10/19 10:30,14.495
9670,2003/10/19 11:00,14.495
9671,2003/10/19 11:30,14.495
9672,2003/10/19 12:00,14.495
9673,2003/10/19 12:30,14.495
9674,2003/10/19 13:00,14.495
9675,2003/10/19 13:30,14.495
9676,2003/10/19 14:00,14.495
9677,2003/10/19 14:30,14.495
9678,2003/10/19 15:00,14.495
9679,2003/10/19 15:30,14.495
9680,2003/10/19 16:00,14.495
9681,2003/10/19 16:30,14.495
9682,2003/10/19 17:00,14.495
9683,2003/10/19 17:30,14.495
9684,2003/10/19 18:00,14.495
9685,2003/10/19 18:30,14.495
9686,2003/10/19 19:00,14.495
9687,2003/10/19 19:30,14.495
9688,2003/10/19 20:00,14.495
9689,2003/10/19 20:30,14.495
9690,2003/10/19 21:00,14.495
9691,2003/10/19 21:30,14.495
9692,2003/10/19 22:00,14.495
9693,2003/10/19 22:30,14.495
9694,2003/10/19 23:00,14.495
9695,2003/10/19 23:30,14.495
9696,2003/10/20 0:00,6.08
9697,2003/10/20 0:30,6.08
9698,2003/10/20 1:00,6.08
9699,2003/10/20 1:30,6.08
9700,2003/10/20 2:00,6.08
9701,2003/10/20 2:30,6.08
9702,2003/10/20 3:00,6.08
9703,2003/10/20 3:30,6.08
9704,2003/10/20 4:00,6.08
9705,2003/10/20 4:30,6.08
9706,2003/10/20 5:00,6.08
9707,2003/10/20 5:30,6.08
9708,2003/10/20 6:00,6.08
9709,2003/10/20 6:30,6.08
9710,2003/10/20 7:00,14.495
9711,2003/10/20 7:30,14.495
9712,2003/10/20 8:00,14.495
9713,2003/10/20 8:30,14.495
9714,2003/10/20 9:00,14.495
9715,2003/10/20 9:30,14.495
9716,2003/10/20 10:00,14.495
9717,2003/10/20 10:30,14.495
9718,2003/10/20 11:00,14.495
9719,2003/10/20 11:30,14.495
9720,2003/10/20 12:00,14.495
9721,2003/10/20 12:30,14.495
9722,2003/10/20 13:00,14.495
9723,2003/10/20 13:30,14.495
9724,2003/10/20 14:00,14.495
9725,2003/10/20 14:30,14.495
9726,2003/10/20 15:00,14.495
9727,2003/10/20 15:30,14.495
9728,2003/10/20 16:00,14.495
9729,2003/10/20 16:30,14.495
9730,2003/10/20 17:00,14.495
9731,2003/10/20 17:30,14.495
9732,2003/10/20 18:00,14.495
9733,2003/10/20 18:30,14.495
9734,2003/10/20 19:00,14.495
9735,2003/10/20 19:30,14.495
9736,2003/10/20 20:00,14.495
9737,2003/10/20 20:30,14.495
9738,2003/10/20 21:00,14.495
9739,2003/10/20 21:30,14.495
9740,2003/10/20 22:00,14.495
9741,2003/10/20 22:30,14.495
9742,2003/10/20 23:00,14.495
9743,2003/10/20 23:30,14.495
9744,2003/10/21 0:00,6.08
9745,2003/10/21 0:30,6.08
9746,2003/10/21 1:00,6.08
9747,2003/10/21 1:30,6.08
9748,2003/10/21 2:00,6.08
9749,2003/10/21 2:30,6.08
9750,2003/10/21 3:00,6.08
9751,2003/10/21 3:30,6.08
9752,2003/10/21 4:00,6.08
9753,2003/10/21 4:30,6.08
9754,2003/10/21 5:00,6.08
9755,2003/10/21 5:30,6.08
9756,2003/10/21 6:00,6.08
9757,2003/10/21 6:30,6.08
9758,2003/10/21 7:00,14.495
9759,2003/10/21 7:30,14.495
9760,2003/10/21 8:00,14.495
9761,2003/10/21 8:30,14.495
9762,2003/10/21 9:00,14.495
9763,2003/10/21 9:30,14.495
9764,2003/10/21 10:00,14.495
9765,2003/10/21 10:30,14.495
9766,2003/10/21 11:00,14.495
9767,2003/10/21 11:30,14.495
9768,2003/10/21 12:00,14.495
9769,2003/10/21 12:30,14.495
9770,2003/10/21 13:00,14.495
9771,2003/10/21 13:30,14.495
9772,2003/10/21 14:00,14.495
9773,2003/10/21 14:30,14.495
9774,2003/10/21 15:00,14.495
9775,2003/10/21 15:30,14.495
9776,2003/10/21 16:00,14.495
9777,2003/10/21 16:30,14.495
9778,2003/10/21 17:00,14.495
9779,2003/10/21 17:30,14.495
9780,2003/10/21 18:00,14.495
9781,2003/10/21 18:30,14.495
9782,2003/10/21 19:00,14.495
9783,2003/10/21 19:30,14.495
9784,2003/10/21 20:00,14.495
9785,2003/10/21 20:30,14.495
9786,2003/10/21 21:00,14.495
9787,2003/10/21 21:30,14.495
9788,2003/10/21 22:00,14.495
9789,2003/10/21 22:30,14.495
9790,2003/10/21 23:00,14.495
9791,2003/10/21 23:30,14.495
9792,2003/10/22 0:00,6.08
9793,2003/10/22 0:30,6.08
9794,2003/10/22 1:00,6.08
9795,2003/10/22 1:30,6.08
9796,2003/10/22 2:00,6.08
9797,2003/10/22 2:30,6.08
9798,2003/10/22 3:00,6.08
9799,2003/10/22 3:30,6.08
9800,2003/10/22 4:00,6.08
9801,2003/10/22 4:30,6.08
9802,2003/10/22 5:00,6.08
9803,2003/10/22 5:30,6.08
9804,2003/10/22 6:00,6.08
9805,2003/10/22 6:30,6.08
9806,2003/10/22 7:00,14.495
9807,2003/10/22 7:30,14.495
9808,2003/10/22 8:00,14.495
9809,2003/10/22 8:30,14.495
9810,2003/10/22 9:00,14.495
9811,2003/10/22 9:30,14.495
9812,2003/10/22 10:00,14.495
9813,2003/10/22 10:30,14.495
9814,2003/10/22 11:00,14.495
9815,2003/10/22 11:30,14.495
9816,2003/10/22 12:00,14.495
9817,2003/10/22 12:30,14.495
9818,2003/10/22 13:00,14.495
9819,2003/10/22 13:30,14.495
9820,2003/10/22 14:00,14.495
9821,2003/10/22 14:30,14.495
9822,2003/10/22 15:00,14.495
9823,2003/10/22 15:30,14.495
9824,2003/10/22 16:00,14.495
9825,2003/10/22 16:30,14.495
9826,2003/10/22 17:00,14.495
9827,2003/10/22 17:30,14.495
9828,2003/10/22 18:00,14.495
9829,2003/10/22 18:30,14.495
9830,2003/10/22 19:00,14.495
9831,2003/10/22 19:30,14.495
9832,2003/10/22 20:00,14.495
9833,2003/10/22 20:30,14.495
9834,2003/10/22 21:00,14.495
9835,2003/10/22 21:30,14.495
9836,2003/10/22 22:00,14.495
9837,2003/10/22 22:30,14.495
9838,2003/10/22 23:00,14.495
9839,2003/10/22 23:30,14.495
9840,2003/10/23 0:00,6.08
9841,2003/10/23 0:30,6.08
9842,2003/10/23 1:00,6.08
9843,2003/10/23 1:30,6.08
9844,2003/10/23 2:00,6.08
9845,2003/10/23 2:30,6.08
9846,2003/10/23 3:00,6.08
9847,2003/10/23 3:30,6.08
9848,2003/10/23 4:00,6.08
9849,2003/10/23 4:30,6.08
9850,2003/10/23 5:00,6.08
9851,2003/10/23 5:30,6.08
9852,2003/10/23 6:00,6.08
9853,2003/10/23 6:30,6.08
9854,2003/10/23 7:00,14.495
9855,2003/10/23 7:30,14.495
9856,2003/10/23 8:00,14.495
9857,2003/10/23 8:30,14.495
9858,2003/10/23 9:00,14.495
9859,2003/10/23 9:30,14.495
9860,2003/10/23 10:00,14.495
9861,2003/10/23 10:30,14.495
9862,2003/10/23 11:00,14.495
9863,2003/10/23 11:30,14.495
9864,2003/10/23 12:00,14.495
9865,2003/10/23 12:30,14.495
9866,2003/10/23 13:00,14.495
9867,2003/10/23 13:30,14.495
9868,2003/10/23 14:00,14.495
9869,2003/10/23 14:30,14.495
9870,2003/10/23 15:00,14.495
9871,2003/10/23 15:30,14.495
9872,2003/10/23 16:00,14.495
9873,2003/10/23 16:30,14.495
9874,2003/10/23 17:00,14.495
9875,2003/10/23 17:30,14.495
9876,2003/10/23 18:00,14.495
9877,2003/10/23 18:30,14.495
9878,2003/10/23 19:00,14.495
9879,2003/10/23 19:30,14.495
9880,2003/10/23 20:00,14.495
9881,2003/10/23 20:30,14.495
9882,2003/10/23 21:00,14.495
9883,2003/10/23 21:30,14.495
9884,2003/10/23 22:00,14.495
9885,2003/10/23 22:30,14.495
9886,2003/10/23 23:00,14.495
9887,2003/10/23 23:30,14.495
9888,2003/10/24 0:00,6.08
9889,2003/10/24 0:30,6.08
9890,2003/10/24 1:00,6.08
9891,2003/10/24 1:30,6.08
9892,2003/10/24 2:00,6.08
9893,2003/10/24 2:30,6.08
9894,2003/10/24 3:00,6.08
9895,2003/10/24 3:30,6.08
9896,2003/10/24 4:00,6.08
9897,2003/10/24 4:30,6.08
9898,2003/10/24 5:00,6.08
9899,2003/10/24 5:30,6.08
9900,2003/10/24 6:00,6.08
9901,2003/10/24 6:30,6.08
9902,2003/10/24 7:00,14.495
9903,2003/10/24 7:30,14.495
9904,2003/10/24 8:00,14.495
9905,2003/10/24 8:30,14.495
9906,2003/10/24 9:00,14.495
9907,2003/10/24 9:30,14.495
9908,2003/10/24 10:00,14.495
9909,2003/10/24 10:30,14.495
9910,2003/10/24 11:00,14.495
9911,2003/10/24 11:30,14.495
9912,2003/10/24 12:00,14.495
9913,2003/10/24 12:30,14.495
9914,2003/10/24 13:00,14.495
9915,2003/10/24 13:30,14.495
9916,2003/10/24 14:00,14.495
9917,2003/10/24 14:30,14.495
9918,2003/10/24 15:00,14.495
9919,2003/10/24 15:30,14.495
9920,2003/10/24 16:00,14.495
9921,2003/10/24 16:30,14.495
9922,2003/10/24 17:00,14.495
9923,2003/10/24 17:30,14.495
9924,2003/10/24 18:00,14.495
9925,2003/10/24 18:30,14.495
9926,2003/10/24 19:00,14.495
9927,2003/10/24 19:30,14.495
9928,2003/10/24 20:00,14.495
9929,2003/10/24 20:30,14.495
9930,2003/10/24 21:00,14.495
9931,2003/10/24 21:30,14.495
9932,2003/10/24 22:00,14.495
9933,2003/10/24 22:30,14.495
9934,2003/10/24 23:00,14.495
9935,2003/10/24 23:30,14.495
9936,2003/10/25 0:00,6.08
9937,2003/10/25 0:30,6.08
9938,2003/10/25 1:00,6.08
9939,2003/10/25 1:30,6.08
9940,2003/10/25 2:00,6.08
9941,2003/10/25 2:30,6.08
9942,2003/10/25 3:00,6.08
9943,2003/10/25 3:30,6.08
9944,2003/10/25 4:00,6.08
9945,2003/10/25 4:30,6.08
9946,2003/10/25 5:00,6.08
9947,2003/10/25 5:30,6.08
9948,2003/10/25 6:00,6.08
9949,2003/10/25 6:30,6.08
9950,2003/10/25 7:00,14.495
9951,2003/10/25 7:30,14.495
9952,2003/10/25 8:00,14.495
9953,2003/10/25 8:30,14.495
9954,2003/10/25 9:00,14.495
9955,2003/10/25 9:30,14.495
9956,2003/10/25 10:00,14.495
9957,2003/10/25 10:30,14.495
9958,2003/10/25 11:00,14.495
9959,2003/10/25 11:30,14.495
9960,2003/10/25 12:00,14.495
9961,2003/10/25 12:30,14.495
9962,2003/10/25 13:00,14.495
9963,2003/10/25 13:30,14.495
9964,2003/10/25 14:00,14.495
9965,2003/10/25 14:30,14.495
9966,2003/10/25 15:00,14.495
9967,2003/10/25 15:30,14.495
9968,2003/10/25 16:00,14.495
9969,2003/10/25 16:30,14.495
9970,2003/10/25 17:00,14.495
9971,2003/10/25 17:30,14.495
9972,2003/10/25 18:00,14.495
9973,2003/10/25 18:30,14.495
9974,2003/10/25 19:00,14.495
9975,2003/10/25 19:30,14.495
9976,2003/10/25 20:00,14.495
9977,2003/10/25 20:30,14.495
9978,2003/10/25 21:00,14.495
9979,2003/10/25 21:30,14.495
9980,2003/10/25 22:00,14.495
9981,2003/10/25 22:30,14.495
9982,2003/10/25 23:00,14.495
9983,2003/10/25 23:30,14.495
9984,2003/10/26 0:00,6.08
9985,2003/10/26 0:30,6.08
9986,2003/10/26 1:00,6.08
9987,2003/10/26 1:30,6.08
9988,2003/10/26 2:00,6.08
9989,2003/10/26 2:30,6.08
9990,2003/10/26 3:00,6.08
9991,2003/10/26 3:30,6.08
9992,2003/10/26 4:00,6.08
9993,2003/10/26 4:30,6.08
9994,2003/10/26 5:00,6.08
9995,2003/10/26 5:30,6.08
9996,2003/10/26 6:00,6.08
9997,2003/10/26 6:30,6.08
9998,2003/10/26 7:00,14.495
9999,2003/10/26 7:30,14.495
10000,2003/10/26 8:00,14.495
10001,2003/10/26 8:30,14.495
10002,2003/10/26 9:00,14.495
10003,2003/10/26 9:30,14.495
10004,2003/10/26 10:00,14.495
10005,2003/10/26 10:30,14.495
10006,2003/10/26 11:00,14.495
10007,2003/10/26 11:30,14.495
10008,2003/10/26 12:00,14.495
10009,2003/10/26 12:30,14.495
10010,2003/10/26 13:00,14.495
10011,2003/10/26 13:30,14.495
10012,2003/10/26 14:00,14.495
10013,2003/10/26 14:30,14.495
10014,2003/10/26 15:00,14.495
10015,2003/10/26 15:30,14.495
10016,2003/10/26 16:00,14.495
10017,2003/10/26 16:30,14.495
10018,2003/10/26 17:00,14.495
10019,2003/10/26 17:30,14.495
10020,2003/10/26 18:00,14.495
10021,2003/10/26 18:30,14.495
10022,2003/10/26 19:00,14.495
10023,2003/10/26 19:30,14.495
10024,2003/10/26 20:00,14.495
10025,2003/10/26 20:30,14.495
10026,2003/10/26 21:00,14.495
10027,2003/10/26 21:30,14.495
10028,2003/10/26 22:00,14.495
10029,2003/10/26 22:30,14.495
10030,2003/10/26 23:00,14.495
10031,2003/10/26 23:30,14.495
10032,2003/10/27 0:00,6.08
10033,2003/10/27 0:30,6.08
10034,2003/10/27 1:00,6.08
10035,2003/10/27 1:30,6.08
10036,2003/10/27 2:00,6.08
10037,2003/10/27 2:30,6.08
10038,2003/10/27 3:00,6.08
10039,2003/10/27 3:30,6.08
10040,2003/10/27 4:00,6.08
10041,2003/10/27 4:30,6.08
10042,2003/10/27 5:00,6.08
10043,2003/10/27 5:30,6.08
10044,2003/10/27 6:00,6.08
10045,2003/10/27 6:30,6.08
10046,2003/10/27 7:00,14.495
10047,2003/10/27 7:30,14.495
10048,2003/10/27 8:00,14.495
10049,2003/10/27 8:30,14.495
10050,2003/10/27 9:00,14.495
10051,2003/10/27 9:30,14.495
10052,2003/10/27 10:00,14.495
10053,2003/10/27 10:30,14.495
10054,2003/10/27 11:00,14.495
10055,2003/10/27 11:30,14.495
10056,2003/10/27 12:00,14.495
10057,2003/10/27 12:30,14.495
10058,2003/10/27 13:00,14.495
10059,2003/10/27 13:30,14.495
10060,2003/10/27 14:00,14.495
10061,2003/10/27 14:30,14.495
10062,2003/10/27 15:00,14.495
10063,2003/10/27 15:30,14.495
10064,2003/10/27 16:00,14.495
10065,2003/10/27 16:30,14.495
10066,2003/10/27 17:00,14.495
10067,2003/10/27 17:30,14.495
10068,2003/10/27 18:00,14.495
10069,2003/10/27 18:30,14.495
10070,2003/10/27 19:00,14.495
10071,2003/10/27 19:30,14.495
10072,2003/10/27 20:00,14.495
10073,2003/10/27 20:30,14.495
10074,2003/10/27 21:00,14.495
10075,2003/10/27 21:30,14.495
10076,2003/10/27 22:00,14.495
10077,2003/10/27 22:30,14.495
10078,2003/10/27 23:00,14.495
10079,2003/10/27 23:30,14.495
10080,2003/10/28 0:00,6.08
10081,2003/10/28 0:30,6.08
10082,2003/10/28 1:00,6.08
10083,2003/10/28 1:30,6.08
10084,2003/10/28 2:00,6.08
10085,2003/10/28 2:30,6.08
10086,2003/10/28 3:00,6.08
10087,2003/10/28 3:30,6.08
10088,2003/10/28 4:00,6.08
10089,2003/10/28 4:30,6.08
10090,2003/10/28 5:00,6.08
10091,2003/10/28 5:30,6.08
10092,2003/10/28 6:00,6.08
10093,2003/10/28 6:30,6.08
10094,2003/10/28 7:00,14.495
10095,2003/10/28 7:30,14.495
10096,2003/10/28 8:00,14.495
10097,2003/10/28 8:30,14.495
10098,2003/10/28 9:00,14.495
10099,2003/10/28 9:30,14.495
10100,2003/10/28 10:00,14.495
10101,2003/10/28 10:30,14.495
10102,2003/10/28 11:00,14.495
10103,2003/10/28 11:30,14.495
10104,2003/10/28 12:00,14.495
10105,2003/10/28 12:30,14.495
10106,2003/10/28 13:00,14.495
10107,2003/10/28 13:30,14.495
10108,2003/10/28 14:00,14.495
10109,2003/10/28 14:30,14.495
10110,2003/10/28 15:00,14.495
10111,2003/10/28 15:30,14.495
10112,2003/10/28 16:00,14.495
10113,2003/10/28 16:30,14.495
10114,2003/10/28 17:00,14.495
10115,2003/10/28 17:30,14.495
10116,2003/10/28 18:00,14.495
10117,2003/10/28 18:30,14.495
10118,2003/10/28 19:00,14.495
10119,2003/10/28 19:30,14.495
10120,2003/10/28 20:00,14.495
10121,2003/10/28 20:30,14.495
10122,2003/10/28 21:00,14.495
10123,2003/10/28 21:30,14.495
10124,2003/10/28 22:00,14.495
10125,2003/10/28 22:30,14.495
10126,2003/10/28 23:00,14.495
10127,2003/10/28 23:30,14.495
10128,2003/10/29 0:00,6.08
10129,2003/10/29 0:30,6.08
10130,2003/10/29 1:00,6.08
10131,2003/10/29 1:30,6.08
10132,2003/10/29 2:00,6.08
10133,2003/10/29 2:30,6.08
10134,2003/10/29 3:00,6.08
10135,2003/10/29 3:30,6.08
10136,2003/10/29 4:00,6.08
10137,2003/10/29 4:30,6.08
10138,2003/10/29 5:00,6.08
10139,2003/10/29 5:30,6.08
10140,2003/10/29 6:00,6.08
10141,2003/10/29 6:30,6.08
10142,2003/10/29 7:00,14.495
10143,2003/10/29 7:30,14.495
10144,2003/10/29 8:00,14.495
10145,2003/10/29 8:30,14.495
10146,2003/10/29 9:00,14.495
10147,2003/10/29 9:30,14.495
10148,2003/10/29 10:00,14.495
10149,2003/10/29 10:30,14.495
10150,2003/10/29 11:00,14.495
10151,2003/10/29 11:30,14.495
10152,2003/10/29 12:00,14.495
10153,2003/10/29 12:30,14.495
10154,2003/10/29 13:00,14.495
10155,2003/10/29 13:30,14.495
10156,2003/10/29 14:00,14.495
10157,2003/10/29 14:30,14.495
10158,2003/10/29 15:00,14.495
10159,2003/10/29 15:30,14.495
10160,2003/10/29 16:00,14.495
10161,2003/10/29 16:30,14.495
10162,2003/10/29 17:00,14.495
10163,2003/10/29 17:30,14.495
10164,2003/10/29 18:00,14.495
10165,2003/10/29 18:30,14.495
10166,2003/10/29 19:00,14.495
10167,2003/10/29 19:30,14.495
10168,2003/10/29 20:00,14.495
10169,2003/10/29 20:30,14.495
10170,2003/10/29 21:00,14.495
10171,2003/10/29 21:30,14.495
10172,2003/10/29 22:00,14.495
10173,2003/10/29 22:30,14.495
10174,2003/10/29 23:00,14.495
10175,2003/10/29 23:30,14.495
10176,2003/10/30 0:00,6.08
10177,2003/10/30 0:30,6.08
10178,2003/10/30 1:00,6.08
10179,2003/10/30 1:30,6.08
10180,2003/10/30 2:00,6.08
10181,2003/10/30 2:30,6.08
10182,2003/10/30 3:00,6.08
10183,2003/10/30 3:30,6.08
10184,2003/10/30 4:00,6.08
10185,2003/10/30 4:30,6.08
10186,2003/10/30 5:00,6.08
10187,2003/10/30 5:30,6.08
10188,2003/10/30 6:00,6.08
10189,2003/10/30 6:30,6.08
10190,2003/10/30 7:00,14.495
10191,2003/10/30 7:30,14.495
10192,2003/10/30 8:00,14.495
10193,2003/10/30 8:30,14.495
10194,2003/10/30 9:00,14.495
10195,2003/10/30 9:30,14.495
10196,2003/10/30 10:00,14.495
10197,2003/10/30 10:30,14.495
10198,2003/10/30 11:00,14.495
10199,2003/10/30 11:30,14.495
10200,2003/10/30 12:00,14.495
10201,2003/10/30 12:30,14.495
10202,2003/10/30 13:00,14.495
10203,2003/10/30 13:30,14.495
10204,2003/10/30 14:00,14.495
10205,2003/10/30 14:30,14.495
10206,2003/10/30 15:00,14.495
10207,2003/10/30 15:30,14.495
10208,2003/10/30 16:00,14.495
10209,2003/10/30 16:30,14.495
10210,2003/10/30 17:00,14.495
10211,2003/10/30 17:30,14.495
10212,2003/10/30 18:00,14.495
10213,2003/10/30 18:30,14.495
10214,2003/10/30 19:00,14.495
10215,2003/10/30 19:30,14.495
10216,2003/10/30 20:00,14.495
10217,2003/10/30 20:30,14.495
10218,2003/10/30 21:00,14.495
10219,2003/10/30 21:30,14.495
10220,2003/10/30 22:00,14.495
10221,2003/10/30 22:30,14.495
10222,2003/10/30 23:00,14.495
10223,2003/10/30 23:30,14.495
10224,2003/10/31 0:00,6.08
10225,2003/10/31 0:30,6.08
10226,2003/10/31 1:00,6.08
10227,2003/10/31 1:30,6.08
10228,2003/10/31 2:00,6.08
10229,2003/10/31 2:30,6.08
10230,2003/10/31 3:00,6.08
10231,2003/10/31 3:30,6.08
10232,2003/10/31 4:00,6.08
10233,2003/10/31 4:30,6.08
10234,2003/10/31 5:00,6.08
10235,2003/10/31 5:30,6.08
10236,2003/10/31 6:00,6.08
10237,2003/10/31 6:30,6.08
10238,2003/10/31 7:00,14.495
10239,2003/10/31 7:30,14.495
10240,2003/10/31 8:00,14.495
10241,2003/10/31 8:30,14.495
10242,2003/10/31 9:00,14.495
10243,2003/10/31 9:30,14.495
10244,2003/10/31 10:00,14.495
10245,2003/10/31 10:30,14.495
10246,2003/10/31 11:00,14.495
10247,2003/10/31 11:30,14.495
10248,2003/10/31 12:00,14.495
10249,2003/10/31 12:30,14.495
10250,2003/10/31 13:00,14.495
10251,2003/10/31 13:30,14.495
10252,2003/10/31 14:00,14.495
10253,2003/10/31 14:30,14.495
10254,2003/10/31 15:00,14.495
10255,2003/10/31 15:30,14.495
10256,2003/10/31 16:00,14.495
10257,2003/10/31 16:30,14.495
10258,2003/10/31 17:00,14.495
10259,2003/10/31 17:30,14.495
10260,2003/10/31 18:00,14.495
10261,2003/10/31 18:30,14.495
10262,2003/10/31 19:00,14.495
10263,2003/10/31 19:30,14.495
10264,2003/10/31 20:00,14.495
10265,2003/10/31 20:30,14.495
10266,2003/10/31 21:00,14.495
10267,2003/10/31 21:30,14.495
10268,2003/10/31 22:00,14.495
10269,2003/10/31 22:30,14.495
10270,2003/10/31 23:00,14.495
10271,2003/10/31 23:30,14.495
10272,2003/11/1 0:00,6.08
10273,2003/11/1 0:30,6.08
10274,2003/11/1 1:00,6.08
10275,2003/11/1 1:30,6.08
10276,2003/11/1 2:00,6.08
10277,2003/11/1 2:30,6.08
10278,2003/11/1 3:00,6.08
10279,2003/11/1 3:30,6.08
10280,2003/11/1 4:00,6.08
10281,2003/11/1 4:30,6.08
10282,2003/11/1 5:00,6.08
10283,2003/11/1 5:30,6.08
10284,2003/11/1 6:00,6.08
10285,2003/11/1 6:30,6.08
10286,2003/11/1 7:00,14.495
10287,2003/11/1 7:30,14.495
10288,2003/11/1 8:00,14.495
10289,2003/11/1 8:30,14.495
10290,2003/11/1 9:00,14.495
10291,2003/11/1 9:30,14.495
10292,2003/11/1 10:00,14.495
10293,2003/11/1 10:30,14.495
10294,2003/11/1 11:00,14.495
10295,2003/11/1 11:30,14.495
10296,2003/11/1 12:00,14.495
10297,2003/11/1 12:30,14.495
10298,2003/11/1 13:00,14.495
10299,2003/11/1 13:30,14.495
10300,2003/11/1 14:00,14.495
10301,2003/11/1 14:30,14.495
10302,2003/11/1 15:00,14.495
10303,2003/11/1 15:30,14.495
10304,2003/11/1 16:00,14.495
10305,2003/11/1 16:30,14.495
10306,2003/11/1 17:00,14.495
10307,2003/11/1 17:30,14.495
10308,2003/11/1 18:00,14.495
10309,2003/11/1 18:30,14.495
10310,2003/11/1 19:00,14.495
10311,2003/11/1 19:30,14.495
10312,2003/11/1 20:00,14.495
10313,2003/11/1 20:30,14.495
10314,2003/11/1 21:00,14.495
10315,2003/11/1 21:30,14.495
10316,2003/11/1 22:00,14.495
10317,2003/11/1 22:30,14.495
10318,2003/11/1 23:00,14.495
10319,2003/11/1 23:30,14.495
10320,2003/11/2 0:00,6.08
10321,2003/11/2 0:30,6.08
10322,2003/11/2 1:00,6.08
10323,2003/11/2 1:30,6.08
10324,2003/11/2 2:00,6.08
10325,2003/11/2 2:30,6.08
10326,2003/11/2 3:00,6.08
10327,2003/11/2 3:30,6.08
10328,2003/11/2 4:00,6.08
10329,2003/11/2 4:30,6.08
10330,2003/11/2 5:00,6.08
10331,2003/11/2 5:30,6.08
10332,2003/11/2 6:00,6.08
10333,2003/11/2 6:30,6.08
10334,2003/11/2 7:00,14.495
10335,2003/11/2 7:30,14.495
10336,2003/11/2 8:00,14.495
10337,2003/11/2 8:30,14.495
10338,2003/11/2 9:00,14.495
10339,2003/11/2 9:30,14.495
10340,2003/11/2 10:00,14.495
10341,2003/11/2 10:30,14.495
10342,2003/11/2 11:00,14.495
10343,2003/11/2 11:30,14.495
10344,2003/11/2 12:00,14.495
10345,2003/11/2 12:30,14.495
10346,2003/11/2 13:00,14.495
10347,2003/11/2 13:30,14.495
10348,2003/11/2 14:00,14.495
10349,2003/11/2 14:30,14.495
10350,2003/11/2 15:00,14.495
10351,2003/11/2 15:30,14.495
10352,2003/11/2 16:00,14.495
10353,2003/11/2 16:30,14.495
10354,2003/11/2 17:00,14.495
10355,2003/11/2 17:30,14.495
10356,2003/11/2 18:00,14.495
10357,2003/11/2 18:30,14.495
10358,2003/11/2 19:00,14.495
10359,2003/11/2 19:30,14.495
10360,2003/11/2 20:00,14.495
10361,2003/11/2 20:30,14.495
10362,2003/11/2 21:00,14.495
10363,2003/11/2 21:30,14.495
10364,2003/11/2 22:00,14.495
10365,2003/11/2 22:30,14.495
10366,2003/11/2 23:00,14.495
10367,2003/11/2 23:30,14.495
10368,2003/11/3 0:00,6.08
10369,2003/11/3 0:30,6.08
10370,2003/11/3 1:00,6.08
10371,2003/11/3 1:30,6.08
10372,2003/11/3 2:00,6.08
10373,2003/11/3 2:30,6.08
10374,2003/11/3 3:00,6.08
10375,2003/11/3 3:30,6.08
10376,2003/11/3 4:00,6.08
10377,2003/11/3 4:30,6.08
10378,2003/11/3 5:00,6.08
10379,2003/11/3 5:30,6.08
10380,2003/11/3 6:00,6.08
10381,2003/11/3 6:30,6.08
10382,2003/11/3 7:00,14.495
10383,2003/11/3 7:30,14.495
10384,2003/11/3 8:00,14.495
10385,2003/11/3 8:30,14.495
10386,2003/11/3 9:00,14.495
10387,2003/11/3 9:30,14.495
10388,2003/11/3 10:00,14.495
10389,2003/11/3 10:30,14.495
10390,2003/11/3 11:00,14.495
10391,2003/11/3 11:30,14.495
10392,2003/11/3 12:00,14.495
10393,2003/11/3 12:30,14.495
10394,2003/11/3 13:00,14.495
10395,2003/11/3 13:30,14.495
10396,2003/11/3 14:00,14.495
10397,2003/11/3 14:30,14.495
10398,2003/11/3 15:00,14.495
10399,2003/11/3 15:30,14.495
10400,2003/11/3 16:00,14.495
10401,2003/11/3 16:30,14.495
10402,2003/11/3 17:00,14.495
10403,2003/11/3 17:30,14.495
10404,2003/11/3 18:00,14.495
10405,2003/11/3 18:30,14.495
10406,2003/11/3 19:00,14.495
10407,2003/11/3 19:30,14.495
10408,2003/11/3 20:00,14.495
10409,2003/11/3 20:30,14.495
10410,2003/11/3 21:00,14.495
10411,2003/11/3 21:30,14.495
10412,2003/11/3 22:00,14.495
10413,2003/11/3 22:30,14.495
10414,2003/11/3 23:00,14.495
10415,2003/11/3 23:30,14.495
10416,2003/11/4 0:00,6.08
10417,2003/11/4 0:30,6.08
10418,2003/11/4 1:00,6.08
10419,2003/11/4 1:30,6.08
10420,2003/11/4 2:00,6.08
10421,2003/11/4 2:30,6.08
10422,2003/11/4 3:00,6.08
10423,2003/11/4 3:30,6.08
10424,2003/11/4 4:00,6.08
10425,2003/11/4 4:30,6.08
10426,2003/11/4 5:00,6.08
10427,2003/11/4 5:30,6.08
10428,2003/11/4 6:00,6.08
10429,2003/11/4 6:30,6.08
10430,2003/11/4 7:00,14.495
10431,2003/11/4 7:30,14.495
10432,2003/11/4 8:00,14.495
10433,2003/11/4 8:30,14.495
10434,2003/11/4 9:00,14.495
10435,2003/11/4 9:30,14.495
10436,2003/11/4 10:00,14.495
10437,2003/11/4 10:30,14.495
10438,2003/11/4 11:00,14.495
10439,2003/11/4 11:30,14.495
10440,2003/11/4 12:00,14.495
10441,2003/11/4 12:30,14.495
10442,2003/11/4 13:00,14.495
10443,2003/11/4 13:30,14.495
10444,2003/11/4 14:00,14.495
10445,2003/11/4 14:30,14.495
10446,2003/11/4 15:00,14.495
10447,2003/11/4 15:30,14.495
10448,2003/11/4 16:00,14.495
10449,2003/11/4 16:30,14.495
10450,2003/11/4 17:00,14.495
10451,2003/11/4 17:30,14.495
10452,2003/11/4 18:00,14.495
10453,2003/11/4 18:30,14.495
10454,2003/11/4 19:00,14.495
10455,2003/11/4 19:30,14.495
10456,2003/11/4 20:00,14.495
10457,2003/11/4 20:30,14.495
10458,2003/11/4 21:00,14.495
10459,2003/11/4 21:30,14.495
10460,2003/11/4 22:00,14.495
10461,2003/11/4 22:30,14.495
10462,2003/11/4 23:00,14.495
10463,2003/11/4 23:30,14.495
10464,2003/11/5 0:00,6.08
10465,2003/11/5 0:30,6.08
10466,2003/11/5 1:00,6.08
10467,2003/11/5 1:30,6.08
10468,2003/11/5 2:00,6.08
10469,2003/11/5 2:30,6.08
10470,2003/11/5 3:00,6.08
10471,2003/11/5 3:30,6.08
10472,2003/11/5 4:00,6.08
10473,2003/11/5 4:30,6.08
10474,2003/11/5 5:00,6.08
10475,2003/11/5 5:30,6.08
10476,2003/11/5 6:00,6.08
10477,2003/11/5 6:30,6.08
10478,2003/11/5 7:00,14.495
10479,2003/11/5 7:30,14.495
10480,2003/11/5 8:00,14.495
10481,2003/11/5 8:30,14.495
10482,2003/11/5 9:00,14.495
10483,2003/11/5 9:30,14.495
10484,2003/11/5 10:00,14.495
10485,2003/11/5 10:30,14.495
10486,2003/11/5 11:00,14.495
10487,2003/11/5 11:30,14.495
10488,2003/11/5 12:00,14.495
10489,2003/11/5 12:30,14.495
10490,2003/11/5 13:00,14.495
10491,2003/11/5 13:30,14.495
10492,2003/11/5 14:00,14.495
10493,2003/11/5 14:30,14.495
10494,2003/11/5 15:00,14.495
10495,2003/11/5 15:30,14.495
10496,2003/11/5 16:00,14.495
10497,2003/11/5 16:30,14.495
10498,2003/11/5 17:00,14.495
10499,2003/11/5 17:30,14.495
10500,2003/11/5 18:00,14.495
10501,2003/11/5 18:30,14.495
10502,2003/11/5 19:00,14.495
10503,2003/11/5 19:30,14.495
10504,2003/11/5 20:00,14.495
10505,2003/11/5 20:30,14.495
10506,2003/11/5 21:00,14.495
10507,2003/11/5 21:30,14.495
10508,2003/11/5 22:00,14.495
10509,2003/11/5 22:30,14.495
10510,2003/11/5 23:00,14.495
10511,2003/11/5 23:30,14.495
10512,2003/11/6 0:00,6.08
10513,2003/11/6 0:30,6.08
10514,2003/11/6 1:00,6.08
10515,2003/11/6 1:30,6.08
10516,2003/11/6 2:00,6.08
10517,2003/11/6 2:30,6.08
10518,2003/11/6 3:00,6.08
10519,2003/11/6 3:30,6.08
10520,2003/11/6 4:00,6.08
10521,2003/11/6 4:30,6.08
10522,2003/11/6 5:00,6.08
10523,2003/11/6 5:30,6.08
10524,2003/11/6 6:00,6.08
10525,2003/11/6 6:30,6.08
10526,2003/11/6 7:00,14.495
10527,2003/11/6 7:30,14.495
10528,2003/11/6 8:00,14.495
10529,2003/11/6 8:30,14.495
10530,2003/11/6 9:00,14.495
10531,2003/11/6 9:30,14.495
10532,2003/11/6 10:00,14.495
10533,2003/11/6 10:30,14.495
10534,2003/11/6 11:00,14.495
10535,2003/11/6 11:30,14.495
10536,2003/11/6 12:00,14.495
10537,2003/11/6 12:30,14.495
10538,2003/11/6 13:00,14.495
10539,2003/11/6 13:30,14.495
10540,2003/11/6 14:00,14.495
10541,2003/11/6 14:30,14.495
10542,2003/11/6 15:00,14.495
10543,2003/11/6 15:30,14.495
10544,2003/11/6 16:00,14.495
10545,2003/11/6 16:30,14.495
10546,2003/11/6 17:00,14.495
10547,2003/11/6 17:30,14.495
10548,2003/11/6 18:00,14.495
10549,2003/11/6 18:30,14.495
10550,2003/11/6 19:00,14.495
10551,2003/11/6 19:30,14.495
10552,2003/11/6 20:00,14.495
10553,2003/11/6 20:30,14.495
10554,2003/11/6 21:00,14.495
10555,2003/11/6 21:30,14.495
10556,2003/11/6 22:00,14.495
10557,2003/11/6 22:30,14.495
10558,2003/11/6 23:00,14.495
10559,2003/11/6 23:30,14.495
10560,2003/11/7 0:00,6.08
10561,2003/11/7 0:30,6.08
10562,2003/11/7 1:00,6.08
10563,2003/11/7 1:30,6.08
10564,2003/11/7 2:00,6.08
10565,2003/11/7 2:30,6.08
10566,2003/11/7 3:00,6.08
10567,2003/11/7 3:30,6.08
10568,2003/11/7 4:00,6.08
10569,2003/11/7 4:30,6.08
10570,2003/11/7 5:00,6.08
10571,2003/11/7 5:30,6.08
10572,2003/11/7 6:00,6.08
10573,2003/11/7 6:30,6.08
10574,2003/11/7 7:00,14.495
10575,2003/11/7 7:30,14.495
10576,2003/11/7 8:00,14.495
10577,2003/11/7 8:30,14.495
10578,2003/11/7 9:00,14.495
10579,2003/11/7 9:30,14.495
10580,2003/11/7 10:00,14.495
10581,2003/11/7 10:30,14.495
10582,2003/11/7 11:00,14.495
10583,2003/11/7 11:30,14.495
10584,2003/11/7 12:00,14.495
10585,2003/11/7 12:30,14.495
10586,2003/11/7 13:00,14.495
10587,2003/11/7 13:30,14.495
10588,2003/11/7 14:00,14.495
10589,2003/11/7 14:30,14.495
10590,2003/11/7 15:00,14.495
10591,2003/11/7 15:30,14.495
10592,2003/11/7 16:00,14.495
10593,2003/11/7 16:30,14.495
10594,2003/11/7 17:00,14.495
10595,2003/11/7 17:30,14.495
10596,2003/11/7 18:00,14.495
10597,2003/11/7 18:30,14.495
10598,2003/11/7 19:00,14.495
10599,2003/11/7 19:30,14.495
10600,2003/11/7 20:00,14.495
10601,2003/11/7 20:30,14.495
10602,2003/11/7 21:00,14.495
10603,2003/11/7 21:30,14.495
10604,2003/11/7 22:00,14.495
10605,2003/11/7 22:30,14.495
10606,2003/11/7 23:00,14.495
10607,2003/11/7 23:30,14.495
10608,2003/11/8 0:00,6.08
10609,2003/11/8 0:30,6.08
10610,2003/11/8 1:00,6.08
10611,2003/11/8 1:30,6.08
10612,2003/11/8 2:00,6.08
10613,2003/11/8 2:30,6.08
10614,2003/11/8 3:00,6.08
10615,2003/11/8 3:30,6.08
10616,2003/11/8 4:00,6.08
10617,2003/11/8 4:30,6.08
10618,2003/11/8 5:00,6.08
10619,2003/11/8 5:30,6.08
10620,2003/11/8 6:00,6.08
10621,2003/11/8 6:30,6.08
10622,2003/11/8 7:00,14.495
10623,2003/11/8 7:30,14.495
10624,2003/11/8 8:00,14.495
10625,2003/11/8 8:30,14.495
10626,2003/11/8 9:00,14.495
10627,2003/11/8 9:30,14.495
10628,2003/11/8 10:00,14.495
10629,2003/11/8 10:30,14.495
10630,2003/11/8 11:00,14.495
10631,2003/11/8 11:30,14.495
10632,2003/11/8 12:00,14.495
10633,2003/11/8 12:30,14.495
10634,2003/11/8 13:00,14.495
10635,2003/11/8 13:30,14.495
10636,2003/11/8 14:00,14.495
10637,2003/11/8 14:30,14.495
10638,2003/11/8 15:00,14.495
10639,2003/11/8 15:30,14.495
10640,2003/11/8 16:00,14.495
10641,2003/11/8 16:30,14.495
10642,2003/11/8 17:00,14.495
10643,2003/11/8 17:30,14.495
10644,2003/11/8 18:00,14.495
10645,2003/11/8 18:30,14.495
10646,2003/11/8 19:00,14.495
10647,2003/11/8 19:30,14.495
10648,2003/11/8 20:00,14.495
10649,2003/11/8 20:30,14.495
10650,2003/11/8 21:00,14.495
10651,2003/11/8 21:30,14.495
10652,2003/11/8 22:00,14.495
10653,2003/11/8 22:30,14.495
10654,2003/11/8 23:00,14.495
10655,2003/11/8 23:30,14.495
10656,2003/11/9 0:00,6.08
10657,2003/11/9 0:30,6.08
10658,2003/11/9 1:00,6.08
10659,2003/11/9 1:30,6.08
10660,2003/11/9 2:00,6.08
10661,2003/11/9 2:30,6.08
10662,2003/11/9 3:00,6.08
10663,2003/11/9 3:30,6.08
10664,2003/11/9 4:00,6.08
10665,2003/11/9 4:30,6.08
10666,2003/11/9 5:00,6.08
10667,2003/11/9 5:30,6.08
10668,2003/11/9 6:00,6.08
10669,2003/11/9 6:30,6.08
10670,2003/11/9 7:00,14.495
10671,2003/11/9 7:30,14.495
10672,2003/11/9 8:00,14.495
10673,2003/11/9 8:30,14.495
10674,2003/11/9 9:00,14.495
10675,2003/11/9 9:30,14.495
10676,2003/11/9 10:00,14.495
10677,2003/11/9 10:30,14.495
10678,2003/11/9 11:00,14.495
10679,2003/11/9 11:30,14.495
10680,2003/11/9 12:00,14.495
10681,2003/11/9 12:30,14.495
10682,2003/11/9 13:00,14.495
10683,2003/11/9 13:30,14.495
10684,2003/11/9 14:00,14.495
10685,2003/11/9 14:30,14.495
10686,2003/11/9 15:00,14.495
10687,2003/11/9 15:30,14.495
10688,2003/11/9 16:00,14.495
10689,2003/11/9 16:30,14.495
10690,2003/11/9 17:00,14.495
10691,2003/11/9 17:30,14.495
10692,2003/11/9 18:00,14.495
10693,2003/11/9 18:30,14.495
10694,2003/11/9 19:00,14.495
10695,2003/11/9 19:30,14.495
10696,2003/11/9 20:00,14.495
10697,2003/11/9 20:30,14.495
10698,2003/11/9 21:00,14.495
10699,2003/11/9 21:30,14.495
10700,2003/11/9 22:00,14.495
10701,2003/11/9 22:30,14.495
10702,2003/11/9 23:00,14.495
10703,2003/11/9 23:30,14.495
10704,2003/11/10 0:00,6.08
10705,2003/11/10 0:30,6.08
10706,2003/11/10 1:00,6.08
10707,2003/11/10 1:30,6.08
10708,2003/11/10 2:00,6.08
10709,2003/11/10 2:30,6.08
10710,2003/11/10 3:00,6.08
10711,2003/11/10 3:30,6.08
10712,2003/11/10 4:00,6.08
10713,2003/11/10 4:30,6.08
10714,2003/11/10 5:00,6.08
10715,2003/11/10 5:30,6.08
10716,2003/11/10 6:00,6.08
10717,2003/11/10 6:30,6.08
10718,2003/11/10 7:00,14.495
10719,2003/11/10 7:30,14.495
10720,2003/11/10 8:00,14.495
10721,2003/11/10 8:30,14.495
10722,2003/11/10 9:00,14.495
10723,2003/11/10 9:30,14.495
10724,2003/11/10 10:00,14.495
10725,2003/11/10 10:30,14.495
10726,2003/11/10 11:00,14.495
10727,2003/11/10 11:30,14.495
10728,2003/11/10 12:00,14.495
10729,2003/11/10 12:30,14.495
10730,2003/11/10 13:00,14.495
10731,2003/11/10 13:30,14.495
10732,2003/11/10 14:00,14.495
10733,2003/11/10 14:30,14.495
10734,2003/11/10 15:00,14.495
10735,2003/11/10 15:30,14.495
10736,2003/11/10 16:00,14.495
10737,2003/11/10 16:30,14.495
10738,2003/11/10 17:00,14.495
10739,2003/11/10 17:30,14.495
10740,2003/11/10 18:00,14.495
10741,2003/11/10 18:30,14.495
10742,2003/11/10 19:00,14.495
10743,2003/11/10 19:30,14.495
10744,2003/11/10 20:00,14.495
10745,2003/11/10 20:30,14.495
10746,2003/11/10 21:00,14.495
10747,2003/11/10 21:30,14.495
10748,2003/11/10 22:00,14.495
10749,2003/11/10 22:30,14.495
10750,2003/11/10 23:00,14.495
10751,2003/11/10 23:30,14.495
10752,2003/11/11 0:00,6.08
10753,2003/11/11 0:30,6.08
10754,2003/11/11 1:00,6.08
10755,2003/11/11 1:30,6.08
10756,2003/11/11 2:00,6.08
10757,2003/11/11 2:30,6.08
10758,2003/11/11 3:00,6.08
10759,2003/11/11 3:30,6.08
10760,2003/11/11 4:00,6.08
10761,2003/11/11 4:30,6.08
10762,2003/11/11 5:00,6.08
10763,2003/11/11 5:30,6.08
10764,2003/11/11 6:00,6.08
10765,2003/11/11 6:30,6.08
10766,2003/11/11 7:00,14.495
10767,2003/11/11 7:30,14.495
10768,2003/11/11 8:00,14.495
10769,2003/11/11 8:30,14.495
10770,2003/11/11 9:00,14.495
10771,2003/11/11 9:30,14.495
10772,2003/11/11 10:00,14.495
10773,2003/11/11 10:30,14.495
10774,2003/11/11 11:00,14.495
10775,2003/11/11 11:30,14.495
10776,2003/11/11 12:00,14.495
10777,2003/11/11 12:30,14.495
10778,2003/11/11 13:00,14.495
10779,2003/11/11 13:30,14.495
10780,2003/11/11 14:00,14.495
10781,2003/11/11 14:30,14.495
10782,2003/11/11 15:00,14.495
10783,2003/11/11 15:30,14.495
10784,2003/11/11 16:00,14.495
10785,2003/11/11 16:30,14.495
10786,2003/11/11 17:00,14.495
10787,2003/11/11 17:30,14.495
10788,2003/11/11 18:00,14.495
10789,2003/11/11 18:30,14.495
10790,2003/11/11 19:00,14.495
10791,2003/11/11 19:30,14.495
10792,2003/11/11 20:00,14.495
10793,2003/11/11 20:30,14.495
10794,2003/11/11 21:00,14.495
10795,2003/11/11 21:30,14.495
10796,2003/11/11 22:00,14.495
10797,2003/11/11 22:30,14.495
10798,2003/11/11 23:00,14.495
10799,2003/11/11 23:30,14.495
10800,2003/11/12 0:00,6.08
10801,2003/11/12 0:30,6.08
10802,2003/11/12 1:00,6.08
10803,2003/11/12 1:30,6.08
10804,2003/11/12 2:00,6.08
10805,2003/11/12 2:30,6.08
10806,2003/11/12 3:00,6.08
10807,2003/11/12 3:30,6.08
10808,2003/11/12 4:00,6.08
10809,2003/11/12 4:30,6.08
10810,2003/11/12 5:00,6.08
10811,2003/11/12 5:30,6.08
10812,2003/11/12 6:00,6.08
10813,2003/11/12 6:30,6.08
10814,2003/11/12 7:00,14.495
10815,2003/11/12 7:30,14.495
10816,2003/11/12 8:00,14.495
10817,2003/11/12 8:30,14.495
10818,2003/11/12 9:00,14.495
10819,2003/11/12 9:30,14.495
10820,2003/11/12 10:00,14.495
10821,2003/11/12 10:30,14.495
10822,2003/11/12 11:00,14.495
10823,2003/11/12 11:30,14.495
10824,2003/11/12 12:00,14.495
10825,2003/11/12 12:30,14.495
10826,2003/11/12 13:00,14.495
10827,2003/11/12 13:30,14.495
10828,2003/11/12 14:00,14.495
10829,2003/11/12 14:30,14.495
10830,2003/11/12 15:00,14.495
10831,2003/11/12 15:30,14.495
10832,2003/11/12 16:00,14.495
10833,2003/11/12 16:30,14.495
10834,2003/11/12 17:00,14.495
10835,2003/11/12 17:30,14.495
10836,2003/11/12 18:00,14.495
10837,2003/11/12 18:30,14.495
10838,2003/11/12 19:00,14.495
10839,2003/11/12 19:30,14.495
10840,2003/11/12 20:00,14.495
10841,2003/11/12 20:30,14.495
10842,2003/11/12 21:00,14.495
10843,2003/11/12 21:30,14.495
10844,2003/11/12 22:00,14.495
10845,2003/11/12 22:30,14.495
10846,2003/11/12 23:00,14.495
10847,2003/11/12 23:30,14.495
10848,2003/11/13 0:00,6.08
10849,2003/11/13 0:30,6.08
10850,2003/11/13 1:00,6.08
10851,2003/11/13 1:30,6.08
10852,2003/11/13 2:00,6.08
10853,2003/11/13 2:30,6.08
10854,2003/11/13 3:00,6.08
10855,2003/11/13 3:30,6.08
10856,2003/11/13 4:00,6.08
10857,2003/11/13 4:30,6.08
10858,2003/11/13 5:00,6.08
10859,2003/11/13 5:30,6.08
10860,2003/11/13 6:00,6.08
10861,2003/11/13 6:30,6.08
10862,2003/11/13 7:00,14.495
10863,2003/11/13 7:30,14.495
10864,2003/11/13 8:00,14.495
10865,2003/11/13 8:30,14.495
10866,2003/11/13 9:00,14.495
10867,2003/11/13 9:30,14.495
10868,2003/11/13 10:00,14.495
10869,2003/11/13 10:30,14.495
10870,2003/11/13 11:00,14.495
10871,2003/11/13 11:30,14.495
10872,2003/11/13 12:00,14.495
10873,2003/11/13 12:30,14.495
10874,2003/11/13 13:00,14.495
10875,2003/11/13 13:30,14.495
10876,2003/11/13 14:00,14.495
10877,2003/11/13 14:30,14.495
10878,2003/11/13 15:00,14.495
10879,2003/11/13 15:30,14.495
10880,2003/11/13 16:00,14.495
10881,2003/11/13 16:30,14.495
10882,2003/11/13 17:00,14.495
10883,2003/11/13 17:30,14.495
10884,2003/11/13 18:00,14.495
10885,2003/11/13 18:30,14.495
10886,2003/11/13 19:00,14.495
10887,2003/11/13 19:30,14.495
10888,2003/11/13 20:00,14.495
10889,2003/11/13 20:30,14.495
10890,2003/11/13 21:00,14.495
10891,2003/11/13 21:30,14.495
10892,2003/11/13 22:00,14.495
10893,2003/11/13 22:30,14.495
10894,2003/11/13 23:00,14.495
10895,2003/11/13 23:30,14.495
10896,2003/11/14 0:00,6.08
10897,2003/11/14 0:30,6.08
10898,2003/11/14 1:00,6.08
10899,2003/11/14 1:30,6.08
10900,2003/11/14 2:00,6.08
10901,2003/11/14 2:30,6.08
10902,2003/11/14 3:00,6.08
10903,2003/11/14 3:30,6.08
10904,2003/11/14 4:00,6.08
10905,2003/11/14 4:30,6.08
10906,2003/11/14 5:00,6.08
10907,2003/11/14 5:30,6.08
10908,2003/11/14 6:00,6.08
10909,2003/11/14 6:30,6.08
10910,2003/11/14 7:00,14.495
10911,2003/11/14 7:30,14.495
10912,2003/11/14 8:00,14.495
10913,2003/11/14 8:30,14.495
10914,2003/11/14 9:00,14.495
10915,2003/11/14 9:30,14.495
10916,2003/11/14 10:00,14.495
10917,2003/11/14 10:30,14.495
10918,2003/11/14 11:00,14.495
10919,2003/11/14 11:30,14.495
10920,2003/11/14 12:00,14.495
10921,2003/11/14 12:30,14.495
10922,2003/11/14 13:00,14.495
10923,2003/11/14 13:30,14.495
10924,2003/11/14 14:00,14.495
10925,2003/11/14 14:30,14.495
10926,2003/11/14 15:00,14.495
10927,2003/11/14 15:30,14.495
10928,2003/11/14 16:00,14.495
10929,2003/11/14 16:30,14.495
10930,2003/11/14 17:00,14.495
10931,2003/11/14 17:30,14.495
10932,2003/11/14 18:00,14.495
10933,2003/11/14 18:30,14.495
10934,2003/11/14 19:00,14.495
10935,2003/11/14 19:30,14.495
10936,2003/11/14 20:00,14.495
10937,2003/11/14 20:30,14.495
10938,2003/11/14 21:00,14.495
10939,2003/11/14 21:30,14.495
10940,2003/11/14 22:00,14.495
10941,2003/11/14 22:30,14.495
10942,2003/11/14 23:00,14.495
10943,2003/11/14 23:30,14.495
10944,2003/11/15 0:00,6.08
10945,2003/11/15 0:30,6.08
10946,2003/11/15 1:00,6.08
10947,2003/11/15 1:30,6.08
10948,2003/11/15 2:00,6.08
10949,2003/11/15 2:30,6.08
10950,2003/11/15 3:00,6.08
10951,2003/11/15 3:30,6.08
10952,2003/11/15 4:00,6.08
10953,2003/11/15 4:30,6.08
10954,2003/11/15 5:00,6.08
10955,2003/11/15 5:30,6.08
10956,2003/11/15 6:00,6.08
10957,2003/11/15 6:30,6.08
10958,2003/11/15 7:00,14.495
10959,2003/11/15 7:30,14.495
10960,2003/11/15 8:00,14.495
10961,2003/11/15 8:30,14.495
10962,2003/11/15 9:00,14.495
10963,2003/11/15 9:30,14.495
10964,2003/11/15 10:00,14.495
10965,2003/11/15 10:30,14.495
10966,2003/11/15 11:00,14.495
10967,2003/11/15 11:30,14.495
10968,2003/11/15 12:00,14.495
10969,2003/11/15 12:30,14.495
10970,2003/11/15 13:00,14.495
10971,2003/11/15 13:30,14.495
10972,2003/11/15 14:00,14.495
10973,2003/11/15 14:30,14.495
10974,2003/11/15 15:00,14.495
10975,2003/11/15 15:30,14.495
10976,2003/11/15 16:00,14.495
10977,2003/11/15 16:30,14.495
10978,2003/11/15 17:00,14.495
10979,2003/11/15 17:30,14.495
10980,2003/11/15 18:00,14.495
10981,2003/11/15 18:30,14.495
10982,2003/11/15 19:00,14.495
10983,2003/11/15 19:30,14.495
10984,2003/11/15 20:00,14.495
10985,2003/11/15 20:30,14.495
10986,2003/11/15 21:00,14.495
10987,2003/11/15 21:30,14.495
10988,2003/11/15 22:00,14.495
10989,2003/11/15 22:30,14.495
10990,2003/11/15 23:00,14.495
10991,2003/11/15 23:30,14.495
10992,2003/11/16 0:00,6.08
10993,2003/11/16 0:30,6.08
10994,2003/11/16 1:00,6.08
10995,2003/11/16 1:30,6.08
10996,2003/11/16 2:00,6.08
10997,2003/11/16 2:30,6.08
10998,2003/11/16 3:00,6.08
10999,2003/11/16 3:30,6.08
11000,2003/11/16 4:00,6.08
11001,2003/11/16 4:30,6.08
11002,2003/11/16 5:00,6.08
11003,2003/11/16 5:30,6.08
11004,2003/11/16 6:00,6.08
11005,2003/11/16 6:30,6.08
11006,2003/11/16 7:00,14.495
11007,2003/11/16 7:30,14.495
11008,2003/11/16 8:00,14.495
11009,2003/11/16 8:30,14.495
11010,2003/11/16 9:00,14.495
11011,2003/11/16 9:30,14.495
11012,2003/11/16 10:00,14.495
11013,2003/11/16 10:30,14.495
11014,2003/11/16 11:00,14.495
11015,2003/11/16 11:30,14.495
11016,2003/11/16 12:00,14.495
11017,2003/11/16 12:30,14.495
11018,2003/11/16 13:00,14.495
11019,2003/11/16 13:30,14.495
11020,2003/11/16 14:00,14.495
11021,2003/11/16 14:30,14.495
11022,2003/11/16 15:00,14.495
11023,2003/11/16 15:30,14.495
11024,2003/11/16 16:00,14.495
11025,2003/11/16 16:30,14.495
11026,2003/11/16 17:00,14.495
11027,2003/11/16 17:30,14.495
11028,2003/11/16 18:00,14.495
11029,2003/11/16 18:30,14.495
11030,2003/11/16 19:00,14.495
11031,2003/11/16 19:30,14.495
11032,2003/11/16 20:00,14.495
11033,2003/11/16 20:30,14.495
11034,2003/11/16 21:00,14.495
11035,2003/11/16 21:30,14.495
11036,2003/11/16 22:00,14.495
11037,2003/11/16 22:30,14.495
11038,2003/11/16 23:00,14.495
11039,2003/11/16 23:30,14.495
11040,2003/11/17 0:00,6.08
11041,2003/11/17 0:30,6.08
11042,2003/11/17 1:00,6.08
11043,2003/11/17 1:30,6.08
11044,2003/11/17 2:00,6.08
11045,2003/11/17 2:30,6.08
11046,2003/11/17 3:00,6.08
11047,2003/11/17 3:30,6.08
11048,2003/11/17 4:00,6.08
11049,2003/11/17 4:30,6.08
11050,2003/11/17 5:00,6.08
11051,2003/11/17 5:30,6.08
11052,2003/11/17 6:00,6.08
11053,2003/11/17 6:30,6.08
11054,2003/11/17 7:00,14.495
11055,2003/11/17 7:30,14.495
11056,2003/11/17 8:00,14.495
11057,2003/11/17 8:30,14.495
11058,2003/11/17 9:00,14.495
11059,2003/11/17 9:30,14.495
11060,2003/11/17 10:00,14.495
11061,2003/11/17 10:30,14.495
11062,2003/11/17 11:00,14.495
11063,2003/11/17 11:30,14.495
11064,2003/11/17 12:00,14.495
11065,2003/11/17 12:30,14.495
11066,2003/11/17 13:00,14.495
11067,2003/11/17 13:30,14.495
11068,2003/11/17 14:00,14.495
11069,2003/11/17 14:30,14.495
11070,2003/11/17 15:00,14.495
11071,2003/11/17 15:30,14.495
11072,2003/11/17 16:00,14.495
11073,2003/11/17 16:30,14.495
11074,2003/11/17 17:00,14.495
11075,2003/11/17 17:30,14.495
11076,2003/11/17 18:00,14.495
11077,2003/11/17 18:30,14.495
11078,2003/11/17 19:00,14.495
11079,2003/11/17 19:30,14.495
11080,2003/11/17 20:00,14.495
11081,2003/11/17 20:30,14.495
11082,2003/11/17 21:00,14.495
11083,2003/11/17 21:30,14.495
11084,2003/11/17 22:00,14.495
11085,2003/11/17 22:30,14.495
11086,2003/11/17 23:00,14.495
11087,2003/11/17 23:30,14.495
11088,2003/11/18 0:00,6.08
11089,2003/11/18 0:30,6.08
11090,2003/11/18 1:00,6.08
11091,2003/11/18 1:30,6.08
11092,2003/11/18 2:00,6.08
11093,2003/11/18 2:30,6.08
11094,2003/11/18 3:00,6.08
11095,2003/11/18 3:30,6.08
11096,2003/11/18 4:00,6.08
11097,2003/11/18 4:30,6.08
11098,2003/11/18 5:00,6.08
11099,2003/11/18 5:30,6.08
11100,2003/11/18 6:00,6.08
11101,2003/11/18 6:30,6.08
11102,2003/11/18 7:00,14.495
11103,2003/11/18 7:30,14.495
11104,2003/11/18 8:00,14.495
11105,2003/11/18 8:30,14.495
11106,2003/11/18 9:00,14.495
11107,2003/11/18 9:30,14.495
11108,2003/11/18 10:00,14.495
11109,2003/11/18 10:30,14.495
11110,2003/11/18 11:00,14.495
11111,2003/11/18 11:30,14.495
11112,2003/11/18 12:00,14.495
11113,2003/11/18 12:30,14.495
11114,2003/11/18 13:00,14.495
11115,2003/11/18 13:30,14.495
11116,2003/11/18 14:00,14.495
11117,2003/11/18 14:30,14.495
11118,2003/11/18 15:00,14.495
11119,2003/11/18 15:30,14.495
11120,2003/11/18 16:00,14.495
11121,2003/11/18 16:30,14.495
11122,2003/11/18 17:00,14.495
11123,2003/11/18 17:30,14.495
11124,2003/11/18 18:00,14.495
11125,2003/11/18 18:30,14.495
11126,2003/11/18 19:00,14.495
11127,2003/11/18 19:30,14.495
11128,2003/11/18 20:00,14.495
11129,2003/11/18 20:30,14.495
11130,2003/11/18 21:00,14.495
11131,2003/11/18 21:30,14.495
11132,2003/11/18 22:00,14.495
11133,2003/11/18 22:30,14.495
11134,2003/11/18 23:00,14.495
11135,2003/11/18 23:30,14.495
11136,2003/11/19 0:00,6.08
11137,2003/11/19 0:30,6.08
11138,2003/11/19 1:00,6.08
11139,2003/11/19 1:30,6.08
11140,2003/11/19 2:00,6.08
11141,2003/11/19 2:30,6.08
11142,2003/11/19 3:00,6.08
11143,2003/11/19 3:30,6.08
11144,2003/11/19 4:00,6.08
11145,2003/11/19 4:30,6.08
11146,2003/11/19 5:00,6.08
11147,2003/11/19 5:30,6.08
11148,2003/11/19 6:00,6.08
11149,2003/11/19 6:30,6.08
11150,2003/11/19 7:00,14.495
11151,2003/11/19 7:30,14.495
11152,2003/11/19 8:00,14.495
11153,2003/11/19 8:30,14.495
11154,2003/11/19 9:00,14.495
11155,2003/11/19 9:30,14.495
11156,2003/11/19 10:00,14.495
11157,2003/11/19 10:30,14.495
11158,2003/11/19 11:00,14.495
11159,2003/11/19 11:30,14.495
11160,2003/11/19 12:00,14.495
11161,2003/11/19 12:30,14.495
11162,2003/11/19 13:00,14.495
11163,2003/11/19 13:30,14.495
11164,2003/11/19 14:00,14.495
11165,2003/11/19 14:30,14.495
11166,2003/11/19 15:00,14.495
11167,2003/11/19 15:30,14.495
11168,2003/11/19 16:00,14.495
11169,2003/11/19 16:30,14.495
11170,2003/11/19 17:00,14.495
11171,2003/11/19 17:30,14.495
11172,2003/11/19 18:00,14.495
11173,2003/11/19 18:30,14.495
11174,2003/11/19 19:00,14.495
11175,2003/11/19 19:30,14.495
11176,2003/11/19 20:00,14.495
11177,2003/11/19 20:30,14.495
11178,2003/11/19 21:00,14.495
11179,2003/11/19 21:30,14.495
11180,2003/11/19 22:00,14.495
11181,2003/11/19 22:30,14.495
11182,2003/11/19 23:00,14.495
11183,2003/11/19 23:30,14.495
11184,2003/11/20 0:00,6.08
11185,2003/11/20 0:30,6.08
11186,2003/11/20 1:00,6.08
11187,2003/11/20 1:30,6.08
11188,2003/11/20 2:00,6.08
11189,2003/11/20 2:30,6.08
11190,2003/11/20 3:00,6.08
11191,2003/11/20 3:30,6.08
11192,2003/11/20 4:00,6.08
11193,2003/11/20 4:30,6.08
11194,2003/11/20 5:00,6.08
11195,2003/11/20 5:30,6.08
11196,2003/11/20 6:00,6.08
11197,2003/11/20 6:30,6.08
11198,2003/11/20 7:00,14.495
11199,2003/11/20 7:30,14.495
11200,2003/11/20 8:00,14.495
11201,2003/11/20 8:30,14.495
11202,2003/11/20 9:00,14.495
11203,2003/11/20 9:30,14.495
11204,2003/11/20 10:00,14.495
11205,2003/11/20 10:30,14.495
11206,2003/11/20 11:00,14.495
11207,2003/11/20 11:30,14.495
11208,2003/11/20 12:00,14.495
11209,2003/11/20 12:30,14.495
11210,2003/11/20 13:00,14.495
11211,2003/11/20 13:30,14.495
11212,2003/11/20 14:00,14.495
11213,2003/11/20 14:30,14.495
11214,2003/11/20 15:00,14.495
11215,2003/11/20 15:30,14.495
11216,2003/11/20 16:00,14.495
11217,2003/11/20 16:30,14.495
11218,2003/11/20 17:00,14.495
11219,2003/11/20 17:30,14.495
11220,2003/11/20 18:00,14.495
11221,2003/11/20 18:30,14.495
11222,2003/11/20 19:00,14.495
11223,2003/11/20 19:30,14.495
11224,2003/11/20 20:00,14.495
11225,2003/11/20 20:30,14.495
11226,2003/11/20 21:00,14.495
11227,2003/11/20 21:30,14.495
11228,2003/11/20 22:00,14.495
11229,2003/11/20 22:30,14.495
11230,2003/11/20 23:00,14.495
11231,2003/11/20 23:30,14.495
11232,2003/11/21 0:00,6.08
11233,2003/11/21 0:30,6.08
11234,2003/11/21 1:00,6.08
11235,2003/11/21 1:30,6.08
11236,2003/11/21 2:00,6.08
11237,2003/11/21 2:30,6.08
11238,2003/11/21 3:00,6.08
11239,2003/11/21 3:30,6.08
11240,2003/11/21 4:00,6.08
11241,2003/11/21 4:30,6.08
11242,2003/11/21 5:00,6.08
11243,2003/11/21 5:30,6.08
11244,2003/11/21 6:00,6.08
11245,2003/11/21 6:30,6.08
11246,2003/11/21 7:00,14.495
11247,2003/11/21 7:30,14.495
11248,2003/11/21 8:00,14.495
11249,2003/11/21 8:30,14.495
11250,2003/11/21 9:00,14.495
11251,2003/11/21 9:30,14.495
11252,2003/11/21 10:00,14.495
11253,2003/11/21 10:30,14.495
11254,2003/11/21 11:00,14.495
11255,2003/11/21 11:30,14.495
11256,2003/11/21 12:00,14.495
11257,2003/11/21 12:30,14.495
11258,2003/11/21 13:00,14.495
11259,2003/11/21 13:30,14.495
11260,2003/11/21 14:00,14.495
11261,2003/11/21 14:30,14.495
11262,2003/11/21 15:00,14.495
11263,2003/11/21 15:30,14.495
11264,2003/11/21 16:00,14.495
11265,2003/11/21 16:30,14.495
11266,2003/11/21 17:00,14.495
11267,2003/11/21 17:30,14.495
11268,2003/11/21 18:00,14.495
11269,2003/11/21 18:30,14.495
11270,2003/11/21 19:00,14.495
11271,2003/11/21 19:30,14.495
11272,2003/11/21 20:00,14.495
11273,2003/11/21 20:30,14.495
11274,2003/11/21 21:00,14.495
11275,2003/11/21 21:30,14.495
11276,2003/11/21 22:00,14.495
11277,2003/11/21 22:30,14.495
11278,2003/11/21 23:00,14.495
11279,2003/11/21 23:30,14.495
11280,2003/11/22 0:00,6.08
11281,2003/11/22 0:30,6.08
11282,2003/11/22 1:00,6.08
11283,2003/11/22 1:30,6.08
11284,2003/11/22 2:00,6.08
11285,2003/11/22 2:30,6.08
11286,2003/11/22 3:00,6.08
11287,2003/11/22 3:30,6.08
11288,2003/11/22 4:00,6.08
11289,2003/11/22 4:30,6.08
11290,2003/11/22 5:00,6.08
11291,2003/11/22 5:30,6.08
11292,2003/11/22 6:00,6.08
11293,2003/11/22 6:30,6.08
11294,2003/11/22 7:00,14.495
11295,2003/11/22 7:30,14.495
11296,2003/11/22 8:00,14.495
11297,2003/11/22 8:30,14.495
11298,2003/11/22 9:00,14.495
11299,2003/11/22 9:30,14.495
11300,2003/11/22 10:00,14.495
11301,2003/11/22 10:30,14.495
11302,2003/11/22 11:00,14.495
11303,2003/11/22 11:30,14.495
11304,2003/11/22 12:00,14.495
11305,2003/11/22 12:30,14.495
11306,2003/11/22 13:00,14.495
11307,2003/11/22 13:30,14.495
11308,2003/11/22 14:00,14.495
11309,2003/11/22 14:30,14.495
11310,2003/11/22 15:00,14.495
11311,2003/11/22 15:30,14.495
11312,2003/11/22 16:00,14.495
11313,2003/11/22 16:30,14.495
11314,2003/11/22 17:00,14.495
11315,2003/11/22 17:30,14.495
11316,2003/11/22 18:00,14.495
11317,2003/11/22 18:30,14.495
11318,2003/11/22 19:00,14.495
11319,2003/11/22 19:30,14.495
11320,2003/11/22 20:00,14.495
11321,2003/11/22 20:30,14.495
11322,2003/11/22 21:00,14.495
11323,2003/11/22 21:30,14.495
11324,2003/11/22 22:00,14.495
11325,2003/11/22 22:30,14.495
11326,2003/11/22 23:00,14.495
11327,2003/11/22 23:30,14.495
11328,2003/11/23 0:00,6.08
11329,2003/11/23 0:30,6.08
11330,2003/11/23 1:00,6.08
11331,2003/11/23 1:30,6.08
11332,2003/11/23 2:00,6.08
11333,2003/11/23 2:30,6.08
11334,2003/11/23 3:00,6.08
11335,2003/11/23 3:30,6.08
11336,2003/11/23 4:00,6.08
11337,2003/11/23 4:30,6.08
11338,2003/11/23 5:00,6.08
11339,2003/11/23 5:30,6.08
11340,2003/11/23 6:00,6.08
11341,2003/11/23 6:30,6.08
11342,2003/11/23 7:00,14.495
11343,2003/11/23 7:30,14.495
11344,2003/11/23 8:00,14.495
11345,2003/11/23 8:30,14.495
11346,2003/11/23 9:00,14.495
11347,2003/11/23 9:30,14.495
11348,2003/11/23 10:00,14.495
11349,2003/11/23 10:30,14.495
11350,2003/11/23 11:00,14.495
11351,2003/11/23 11:30,14.495
11352,2003/11/23 12:00,14.495
11353,2003/11/23 12:30,14.495
11354,2003/11/23 13:00,14.495
11355,2003/11/23 13:30,14.495
11356,2003/11/23 14:00,14.495
11357,2003/11/23 14:30,14.495
11358,2003/11/23 15:00,14.495
11359,2003/11/23 15:30,14.495
11360,2003/11/23 16:00,14.495
11361,2003/11/23 16:30,14.495
11362,2003/11/23 17:00,14.495
11363,2003/11/23 17:30,14.495
11364,2003/11/23 18:00,14.495
11365,2003/11/23 18:30,14.495
11366,2003/11/23 19:00,14.495
11367,2003/11/23 19:30,14.495
11368,2003/11/23 20:00,14.495
11369,2003/11/23 20:30,14.495
11370,2003/11/23 21:00,14.495
11371,2003/11/23 21:30,14.495
11372,2003/11/23 22:00,14.495
11373,2003/11/23 22:30,14.495
11374,2003/11/23 23:00,14.495
11375,2003/11/23 23:30,14.495
11376,2003/11/24 0:00,6.08
11377,2003/11/24 0:30,6.08
11378,2003/11/24 1:00,6.08
11379,2003/11/24 1:30,6.08
11380,2003/11/24 2:00,6.08
11381,2003/11/24 2:30,6.08
11382,2003/11/24 3:00,6.08
11383,2003/11/24 3:30,6.08
11384,2003/11/24 4:00,6.08
11385,2003/11/24 4:30,6.08
11386,2003/11/24 5:00,6.08
11387,2003/11/24 5:30,6.08
11388,2003/11/24 6:00,6.08
11389,2003/11/24 6:30,6.08
11390,2003/11/24 7:00,14.495
11391,2003/11/24 7:30,14.495
11392,2003/11/24 8:00,14.495
11393,2003/11/24 8:30,14.495
11394,2003/11/24 9:00,14.495
11395,2003/11/24 9:30,14.495
11396,2003/11/24 10:00,14.495
11397,2003/11/24 10:30,14.495
11398,2003/11/24 11:00,14.495
11399,2003/11/24 11:30,14.495
11400,2003/11/24 12:00,14.495
11401,2003/11/24 12:30,14.495
11402,2003/11/24 13:00,14.495
11403,2003/11/24 13:30,14.495
11404,2003/11/24 14:00,14.495
11405,2003/11/24 14:30,14.495
11406,2003/11/24 15:00,14.495
11407,2003/11/24 15:30,14.495
11408,2003/11/24 16:00,14.495
11409,2003/11/24 16:30,14.495
11410,2003/11/24 17:00,14.495
11411,2003/11/24 17:30,14.495
11412,2003/11/24 18:00,14.495
11413,2003/11/24 18:30,14.495
11414,2003/11/24 19:00,14.495
11415,2003/11/24 19:30,14.495
11416,2003/11/24 20:00,14.495
11417,2003/11/24 20:30,14.495
11418,2003/11/24 21:00,14.495
11419,2003/11/24 21:30,14.495
11420,2003/11/24 22:00,14.495
11421,2003/11/24 22:30,14.495
11422,2003/11/24 23:00,14.495
11423,2003/11/24 23:30,14.495
11424,2003/11/25 0:00,6.08
11425,2003/11/25 0:30,6.08
11426,2003/11/25 1:00,6.08
11427,2003/11/25 1:30,6.08
11428,2003/11/25 2:00,6.08
11429,2003/11/25 2:30,6.08
11430,2003/11/25 3:00,6.08
11431,2003/11/25 3:30,6.08
11432,2003/11/25 4:00,6.08
11433,2003/11/25 4:30,6.08
11434,2003/11/25 5:00,6.08
11435,2003/11/25 5:30,6.08
11436,2003/11/25 6:00,6.08
11437,2003/11/25 6:30,6.08
11438,2003/11/25 7:00,14.495
11439,2003/11/25 7:30,14.495
11440,2003/11/25 8:00,14.495
11441,2003/11/25 8:30,14.495
11442,2003/11/25 9:00,14.495
11443,2003/11/25 9:30,14.495
11444,2003/11/25 10:00,14.495
11445,2003/11/25 10:30,14.495
11446,2003/11/25 11:00,14.495
11447,2003/11/25 11:30,14.495
11448,2003/11/25 12:00,14.495
11449,2003/11/25 12:30,14.495
11450,2003/11/25 13:00,14.495
11451,2003/11/25 13:30,14.495
11452,2003/11/25 14:00,14.495
11453,2003/11/25 14:30,14.495
11454,2003/11/25 15:00,14.495
11455,2003/11/25 15:30,14.495
11456,2003/11/25 16:00,14.495
11457,2003/11/25 16:30,14.495
11458,2003/11/25 17:00,14.495
11459,2003/11/25 17:30,14.495
11460,2003/11/25 18:00,14.495
11461,2003/11/25 18:30,14.495
11462,2003/11/25 19:00,14.495
11463,2003/11/25 19:30,14.495
11464,2003/11/25 20:00,14.495
11465,2003/11/25 20:30,14.495
11466,2003/11/25 21:00,14.495
11467,2003/11/25 21:30,14.495
11468,2003/11/25 22:00,14.495
11469,2003/11/25 22:30,14.495
11470,2003/11/25 23:00,14.495
11471,2003/11/25 23:30,14.495
11472,2003/11/26 0:00,6.08
11473,2003/11/26 0:30,6.08
11474,2003/11/26 1:00,6.08
11475,2003/11/26 1:30,6.08
11476,2003/11/26 2:00,6.08
11477,2003/11/26 2:30,6.08
11478,2003/11/26 3:00,6.08
11479,2003/11/26 3:30,6.08
11480,2003/11/26 4:00,6.08
11481,2003/11/26 4:30,6.08
11482,2003/11/26 5:00,6.08
11483,2003/11/26 5:30,6.08
11484,2003/11/26 6:00,6.08
11485,2003/11/26 6:30,6.08
11486,2003/11/26 7:00,14.495
11487,2003/11/26 7:30,14.495
11488,2003/11/26 8:00,14.495
11489,2003/11/26 8:30,14.495
11490,2003/11/26 9:00,14.495
11491,2003/11/26 9:30,14.495
11492,2003/11/26 10:00,14.495
11493,2003/11/26 10:30,14.495
11494,2003/11/26 11:00,14.495
11495,2003/11/26 11:30,14.495
11496,2003/11/26 12:00,14.495
11497,2003/11/26 12:30,14.495
11498,2003/11/26 13:00,14.495
11499,2003/11/26 13:30,14.495
11500,2003/11/26 14:00,14.495
11501,2003/11/26 14:30,14.495
11502,2003/11/26 15:00,14.495
11503,2003/11/26 15:30,14.495
11504,2003/11/26 16:00,14.495
11505,2003/11/26 16:30,14.495
11506,2003/11/26 17:00,14.495
11507,2003/11/26 17:30,14.495
11508,2003/11/26 18:00,14.495
11509,2003/11/26 18:30,14.495
11510,2003/11/26 19:00,14.495
11511,2003/11/26 19:30,14.495
11512,2003/11/26 20:00,14.495
11513,2003/11/26 20:30,14.495
11514,2003/11/26 21:00,14.495
11515,2003/11/26 21:30,14.495
11516,2003/11/26 22:00,14.495
11517,2003/11/26 22:30,14.495
11518,2003/11/26 23:00,14.495
11519,2003/11/26 23:30,14.495
11520,2003/11/27 0:00,6.08
11521,2003/11/27 0:30,6.08
11522,2003/11/27 1:00,6.08
11523,2003/11/27 1:30,6.08
11524,2003/11/27 2:00,6.08
11525,2003/11/27 2:30,6.08
11526,2003/11/27 3:00,6.08
11527,2003/11/27 3:30,6.08
11528,2003/11/27 4:00,6.08
11529,2003/11/27 4:30,6.08
11530,2003/11/27 5:00,6.08
11531,2003/11/27 5:30,6.08
11532,2003/11/27 6:00,6.08
11533,2003/11/27 6:30,6.08
11534,2003/11/27 7:00,14.495
11535,2003/11/27 7:30,14.495
11536,2003/11/27 8:00,14.495
11537,2003/11/27 8:30,14.495
11538,2003/11/27 9:00,14.495
11539,2003/11/27 9:30,14.495
11540,2003/11/27 10:00,14.495
11541,2003/11/27 10:30,14.495
11542,2003/11/27 11:00,14.495
11543,2003/11/27 11:30,14.495
11544,2003/11/27 12:00,14.495
11545,2003/11/27 12:30,14.495
11546,2003/11/27 13:00,14.495
11547,2003/11/27 13:30,14.495
11548,2003/11/27 14:00,14.495
11549,2003/11/27 14:30,14.495
11550,2003/11/27 15:00,14.495
11551,2003/11/27 15:30,14.495
11552,2003/11/27 16:00,14.495
11553,2003/11/27 16:30,14.495
11554,2003/11/27 17:00,14.495
11555,2003/11/27 17:30,14.495
11556,2003/11/27 18:00,14.495
11557,2003/11/27 18:30,14.495
11558,2003/11/27 19:00,14.495
11559,2003/11/27 19:30,14.495
11560,2003/11/27 20:00,14.495
11561,2003/11/27 20:30,14.495
11562,2003/11/27 21:00,14.495
11563,2003/11/27 21:30,14.495
11564,2003/11/27 22:00,14.495
11565,2003/11/27 22:30,14.495
11566,2003/11/27 23:00,14.495
11567,2003/11/27 23:30,14.495
11568,2003/11/28 0:00,6.08
11569,2003/11/28 0:30,6.08
11570,2003/11/28 1:00,6.08
11571,2003/11/28 1:30,6.08
11572,2003/11/28 2:00,6.08
11573,2003/11/28 2:30,6.08
11574,2003/11/28 3:00,6.08
11575,2003/11/28 3:30,6.08
11576,2003/11/28 4:00,6.08
11577,2003/11/28 4:30,6.08
11578,2003/11/28 5:00,6.08
11579,2003/11/28 5:30,6.08
11580,2003/11/28 6:00,6.08
11581,2003/11/28 6:30,6.08
11582,2003/11/28 7:00,14.495
11583,2003/11/28 7:30,14.495
11584,2003/11/28 8:00,14.495
11585,2003/11/28 8:30,14.495
11586,2003/11/28 9:00,14.495
11587,2003/11/28 9:30,14.495
11588,2003/11/28 10:00,14.495
11589,2003/11/28 10:30,14.495
11590,2003/11/28 11:00,14.495
11591,2003/11/28 11:30,14.495
11592,2003/11/28 12:00,14.495
11593,2003/11/28 12:30,14.495
11594,2003/11/28 13:00,14.495
11595,2003/11/28 13:30,14.495
11596,2003/11/28 14:00,14.495
11597,2003/11/28 14:30,14.495
11598,2003/11/28 15:00,14.495
11599,2003/11/28 15:30,14.495
11600,2003/11/28 16:00,14.495
11601,2003/11/28 16:30,14.495
11602,2003/11/28 17:00,14.495
11603,2003/11/28 17:30,14.495
11604,2003/11/28 18:00,14.495
11605,2003/11/28 18:30,14.495
11606,2003/11/28 19:00,14.495
11607,2003/11/28 19:30,14.495
11608,2003/11/28 20:00,14.495
11609,2003/11/28 20:30,14.495
11610,2003/11/28 21:00,14.495
11611,2003/11/28 21:30,14.495
11612,2003/11/28 22:00,14.495
11613,2003/11/28 22:30,14.495
11614,2003/11/28 23:00,14.495
11615,2003/11/28 23:30,14.495
11616,2003/11/29 0:00,6.08
11617,2003/11/29 0:30,6.08
11618,2003/11/29 1:00,6.08
11619,2003/11/29 1:30,6.08
11620,2003/11/29 2:00,6.08
11621,2003/11/29 2:30,6.08
11622,2003/11/29 3:00,6.08
11623,2003/11/29 3:30,6.08
11624,2003/11/29 4:00,6.08
11625,2003/11/29 4:30,6.08
11626,2003/11/29 5:00,6.08
11627,2003/11/29 5:30,6.08
11628,2003/11/29 6:00,6.08
11629,2003/11/29 6:30,6.08
11630,2003/11/29 7:00,14.495
11631,2003/11/29 7:30,14.495
11632,2003/11/29 8:00,14.495
11633,2003/11/29 8:30,14.495
11634,2003/11/29 9:00,14.495
11635,2003/11/29 9:30,14.495
11636,2003/11/29 10:00,14.495
11637,2003/11/29 10:30,14.495
11638,2003/11/29 11:00,14.495
11639,2003/11/29 11:30,14.495
11640,2003/11/29 12:00,14.495
11641,2003/11/29 12:30,14.495
11642,2003/11/29 13:00,14.495
11643,2003/11/29 13:30,14.495
11644,2003/11/29 14:00,14.495
11645,2003/11/29 14:30,14.495
11646,2003/11/29 15:00,14.495
11647,2003/11/29 15:30,14.495
11648,2003/11/29 16:00,14.495
11649,2003/11/29 16:30,14.495
11650,2003/11/29 17:00,14.495
11651,2003/11/29 17:30,14.495
11652,2003/11/29 18:00,14.495
11653,2003/11/29 18:30,14.495
11654,2003/11/29 19:00,14.495
11655,2003/11/29 19:30,14.495
11656,2003/11/29 20:00,14.495
11657,2003/11/29 20:30,14.495
11658,2003/11/29 21:00,14.495
11659,2003/11/29 21:30,14.495
11660,2003/11/29 22:00,14.495
11661,2003/11/29 22:30,14.495
11662,2003/11/29 23:00,14.495
11663,2003/11/29 23:30,14.495
11664,2003/11/30 0:00,6.08
11665,2003/11/30 0:30,6.08
11666,2003/11/30 1:00,6.08
11667,2003/11/30 1:30,6.08
11668,2003/11/30 2:00,6.08
11669,2003/11/30 2:30,6.08
11670,2003/11/30 3:00,6.08
11671,2003/11/30 3:30,6.08
11672,2003/11/30 4:00,6.08
11673,2003/11/30 4:30,6.08
11674,2003/11/30 5:00,6.08
11675,2003/11/30 5:30,6.08
11676,2003/11/30 6:00,6.08
11677,2003/11/30 6:30,6.08
11678,2003/11/30 7:00,14.495
11679,2003/11/30 7:30,14.495
11680,2003/11/30 8:00,14.495
11681,2003/11/30 8:30,14.495
11682,2003/11/30 9:00,14.495
11683,2003/11/30 9:30,14.495
11684,2003/11/30 10:00,14.495
11685,2003/11/30 10:30,14.495
11686,2003/11/30 11:00,14.495
11687,2003/11/30 11:30,14.495
11688,2003/11/30 12:00,14.495
11689,2003/11/30 12:30,14.495
11690,2003/11/30 13:00,14.495
11691,2003/11/30 13:30,14.495
11692,2003/11/30 14:00,14.495
11693,2003/11/30 14:30,14.495
11694,2003/11/30 15:00,14.495
11695,2003/11/30 15:30,14.495
11696,2003/11/30 16:00,14.495
11697,2003/11/30 16:30,14.495
11698,2003/11/30 17:00,14.495
11699,2003/11/30 17:30,14.495
11700,2003/11/30 18:00,14.495
11701,2003/11/30 18:30,14.495
11702,2003/11/30 19:00,14.495
11703,2003/11/30 19:30,14.495
11704,2003/11/30 20:00,14.495
11705,2003/11/30 20:30,14.495
11706,2003/11/30 21:00,14.495
11707,2003/11/30 21:30,14.495
11708,2003/11/30 22:00,14.495
11709,2003/11/30 22:30,14.495
11710,2003/11/30 23:00,14.495
11711,2003/11/30 23:30,14.495
11712,2003/12/1 0:00,6.08
11713,2003/12/1 0:30,6.08
11714,2003/12/1 1:00,6.08
11715,2003/12/1 1:30,6.08
11716,2003/12/1 2:00,6.08
11717,2003/12/1 2:30,6.08
11718,2003/12/1 3:00,6.08
11719,2003/12/1 3:30,6.08
11720,2003/12/1 4:00,6.08
11721,2003/12/1 4:30,6.08
11722,2003/12/1 5:00,6.08
11723,2003/12/1 5:30,6.08
11724,2003/12/1 6:00,6.08
11725,2003/12/1 6:30,6.08
11726,2003/12/1 7:00,14.495
11727,2003/12/1 7:30,14.495
11728,2003/12/1 8:00,14.495
11729,2003/12/1 8:30,14.495
11730,2003/12/1 9:00,14.495
11731,2003/12/1 9:30,14.495
11732,2003/12/1 10:00,14.495
11733,2003/12/1 10:30,14.495
11734,2003/12/1 11:00,14.495
11735,2003/12/1 11:30,14.495
11736,2003/12/1 12:00,14.495
11737,2003/12/1 12:30,14.495
11738,2003/12/1 13:00,14.495
11739,2003/12/1 13:30,14.495
11740,2003/12/1 14:00,14.495
11741,2003/12/1 14:30,14.495
11742,2003/12/1 15:00,14.495
11743,2003/12/1 15:30,14.495
11744,2003/12/1 16:00,14.495
11745,2003/12/1 16:30,14.495
11746,2003/12/1 17:00,14.495
11747,2003/12/1 17:30,14.495
11748,2003/12/1 18:00,14.495
11749,2003/12/1 18:30,14.495
11750,2003/12/1 19:00,14.495
11751,2003/12/1 19:30,14.495
11752,2003/12/1 20:00,14.495
11753,2003/12/1 20:30,14.495
11754,2003/12/1 21:00,14.495
11755,2003/12/1 21:30,14.495
11756,2003/12/1 22:00,14.495
11757,2003/12/1 22:30,14.495
11758,2003/12/1 23:00,14.495
11759,2003/12/1 23:30,14.495
11760,2003/12/2 0:00,6.08
11761,2003/12/2 0:30,6.08
11762,2003/12/2 1:00,6.08
11763,2003/12/2 1:30,6.08
11764,2003/12/2 2:00,6.08
11765,2003/12/2 2:30,6.08
11766,2003/12/2 3:00,6.08
11767,2003/12/2 3:30,6.08
11768,2003/12/2 4:00,6.08
11769,2003/12/2 4:30,6.08
11770,2003/12/2 5:00,6.08
11771,2003/12/2 5:30,6.08
11772,2003/12/2 6:00,6.08
11773,2003/12/2 6:30,6.08
11774,2003/12/2 7:00,14.495
11775,2003/12/2 7:30,14.495
11776,2003/12/2 8:00,14.495
11777,2003/12/2 8:30,14.495
11778,2003/12/2 9:00,14.495
11779,2003/12/2 9:30,14.495
11780,2003/12/2 10:00,14.495
11781,2003/12/2 10:30,14.495
11782,2003/12/2 11:00,14.495
11783,2003/12/2 11:30,14.495
11784,2003/12/2 12:00,14.495
11785,2003/12/2 12:30,14.495
11786,2003/12/2 13:00,14.495
11787,2003/12/2 13:30,14.495
11788,2003/12/2 14:00,14.495
11789,2003/12/2 14:30,14.495
11790,2003/12/2 15:00,14.495
11791,2003/12/2 15:30,14.495
11792,2003/12/2 16:00,14.495
11793,2003/12/2 16:30,14.495
11794,2003/12/2 17:00,14.495
11795,2003/12/2 17:30,14.495
11796,2003/12/2 18:00,14.495
11797,2003/12/2 18:30,14.495
11798,2003/12/2 19:00,14.495
11799,2003/12/2 19:30,14.495
11800,2003/12/2 20:00,14.495
11801,2003/12/2 20:30,14.495
11802,2003/12/2 21:00,14.495
11803,2003/12/2 21:30,14.495
11804,2003/12/2 22:00,14.495
11805,2003/12/2 22:30,14.495
11806,2003/12/2 23:00,14.495
11807,2003/12/2 23:30,14.495
11808,2003/12/3 0:00,6.08
11809,2003/12/3 0:30,6.08
11810,2003/12/3 1:00,6.08
11811,2003/12/3 1:30,6.08
11812,2003/12/3 2:00,6.08
11813,2003/12/3 2:30,6.08
11814,2003/12/3 3:00,6.08
11815,2003/12/3 3:30,6.08
11816,2003/12/3 4:00,6.08
11817,2003/12/3 4:30,6.08
11818,2003/12/3 5:00,6.08
11819,2003/12/3 5:30,6.08
11820,2003/12/3 6:00,6.08
11821,2003/12/3 6:30,6.08
11822,2003/12/3 7:00,14.495
11823,2003/12/3 7:30,14.495
11824,2003/12/3 8:00,14.495
11825,2003/12/3 8:30,14.495
11826,2003/12/3 9:00,14.495
11827,2003/12/3 9:30,14.495
11828,2003/12/3 10:00,14.495
11829,2003/12/3 10:30,14.495
11830,2003/12/3 11:00,14.495
11831,2003/12/3 11:30,14.495
11832,2003/12/3 12:00,14.495
11833,2003/12/3 12:30,14.495
11834,2003/12/3 13:00,14.495
11835,2003/12/3 13:30,14.495
11836,2003/12/3 14:00,14.495
11837,2003/12/3 14:30,14.495
11838,2003/12/3 15:00,14.495
11839,2003/12/3 15:30,14.495
11840,2003/12/3 16:00,14.495
11841,2003/12/3 16:30,14.495
11842,2003/12/3 17:00,14.495
11843,2003/12/3 17:30,14.495
11844,2003/12/3 18:00,14.495
11845,2003/12/3 18:30,14.495
11846,2003/12/3 19:00,14.495
11847,2003/12/3 19:30,14.495
11848,2003/12/3 20:00,14.495
11849,2003/12/3 20:30,14.495
11850,2003/12/3 21:00,14.495
11851,2003/12/3 21:30,14.495
11852,2003/12/3 22:00,14.495
11853,2003/12/3 22:30,14.495
11854,2003/12/3 23:00,14.495
11855,2003/12/3 23:30,14.495
11856,2003/12/4 0:00,6.08
11857,2003/12/4 0:30,6.08
11858,2003/12/4 1:00,6.08
11859,2003/12/4 1:30,6.08
11860,2003/12/4 2:00,6.08
11861,2003/12/4 2:30,6.08
11862,2003/12/4 3:00,6.08
11863,2003/12/4 3:30,6.08
11864,2003/12/4 4:00,6.08
11865,2003/12/4 4:30,6.08
11866,2003/12/4 5:00,6.08
11867,2003/12/4 5:30,6.08
11868,2003/12/4 6:00,6.08
11869,2003/12/4 6:30,6.08
11870,2003/12/4 7:00,14.495
11871,2003/12/4 7:30,14.495
11872,2003/12/4 8:00,14.495
11873,2003/12/4 8:30,14.495
11874,2003/12/4 9:00,14.495
11875,2003/12/4 9:30,14.495
11876,2003/12/4 10:00,14.495
11877,2003/12/4 10:30,14.495
11878,2003/12/4 11:00,14.495
11879,2003/12/4 11:30,14.495
11880,2003/12/4 12:00,14.495
11881,2003/12/4 12:30,14.495
11882,2003/12/4 13:00,14.495
11883,2003/12/4 13:30,14.495
11884,2003/12/4 14:00,14.495
11885,2003/12/4 14:30,14.495
11886,2003/12/4 15:00,14.495
11887,2003/12/4 15:30,14.495
11888,2003/12/4 16:00,14.495
11889,2003/12/4 16:30,14.495
11890,2003/12/4 17:00,14.495
11891,2003/12/4 17:30,14.495
11892,2003/12/4 18:00,14.495
11893,2003/12/4 18:30,14.495
11894,2003/12/4 19:00,14.495
11895,2003/12/4 19:30,14.495
11896,2003/12/4 20:00,14.495
11897,2003/12/4 20:30,14.495
11898,2003/12/4 21:00,14.495
11899,2003/12/4 21:30,14.495
11900,2003/12/4 22:00,14.495
11901,2003/12/4 22:30,14.495
11902,2003/12/4 23:00,14.495
11903,2003/12/4 23:30,14.495
11904,2003/12/5 0:00,6.08
11905,2003/12/5 0:30,6.08
11906,2003/12/5 1:00,6.08
11907,2003/12/5 1:30,6.08
11908,2003/12/5 2:00,6.08
11909,2003/12/5 2:30,6.08
11910,2003/12/5 3:00,6.08
11911,2003/12/5 3:30,6.08
11912,2003/12/5 4:00,6.08
11913,2003/12/5 4:30,6.08
11914,2003/12/5 5:00,6.08
11915,2003/12/5 5:30,6.08
11916,2003/12/5 6:00,6.08
11917,2003/12/5 6:30,6.08
11918,2003/12/5 7:00,14.495
11919,2003/12/5 7:30,14.495
11920,2003/12/5 8:00,14.495
11921,2003/12/5 8:30,14.495
11922,2003/12/5 9:00,14.495
11923,2003/12/5 9:30,14.495
11924,2003/12/5 10:00,14.495
11925,2003/12/5 10:30,14.495
11926,2003/12/5 11:00,14.495
11927,2003/12/5 11:30,14.495
11928,2003/12/5 12:00,14.495
11929,2003/12/5 12:30,14.495
11930,2003/12/5 13:00,14.495
11931,2003/12/5 13:30,14.495
11932,2003/12/5 14:00,14.495
11933,2003/12/5 14:30,14.495
11934,2003/12/5 15:00,14.495
11935,2003/12/5 15:30,14.495
11936,2003/12/5 16:00,14.495
11937,2003/12/5 16:30,14.495
11938,2003/12/5 17:00,14.495
11939,2003/12/5 17:30,14.495
11940,2003/12/5 18:00,14.495
11941,2003/12/5 18:30,14.495
11942,2003/12/5 19:00,14.495
11943,2003/12/5 19:30,14.495
11944,2003/12/5 20:00,14.495
11945,2003/12/5 20:30,14.495
11946,2003/12/5 21:00,14.495
11947,2003/12/5 21:30,14.495
11948,2003/12/5 22:00,14.495
11949,2003/12/5 22:30,14.495
11950,2003/12/5 23:00,14.495
11951,2003/12/5 23:30,14.495
11952,2003/12/6 0:00,6.08
11953,2003/12/6 0:30,6.08
11954,2003/12/6 1:00,6.08
11955,2003/12/6 1:30,6.08
11956,2003/12/6 2:00,6.08
11957,2003/12/6 2:30,6.08
11958,2003/12/6 3:00,6.08
11959,2003/12/6 3:30,6.08
11960,2003/12/6 4:00,6.08
11961,2003/12/6 4:30,6.08
11962,2003/12/6 5:00,6.08
11963,2003/12/6 5:30,6.08
11964,2003/12/6 6:00,6.08
11965,2003/12/6 6:30,6.08
11966,2003/12/6 7:00,14.495
11967,2003/12/6 7:30,14.495
11968,2003/12/6 8:00,14.495
11969,2003/12/6 8:30,14.495
11970,2003/12/6 9:00,14.495
11971,2003/12/6 9:30,14.495
11972,2003/12/6 10:00,14.495
11973,2003/12/6 10:30,14.495
11974,2003/12/6 11:00,14.495
11975,2003/12/6 11:30,14.495
11976,2003/12/6 12:00,14.495
11977,2003/12/6 12:30,14.495
11978,2003/12/6 13:00,14.495
11979,2003/12/6 13:30,14.495
11980,2003/12/6 14:00,14.495
11981,2003/12/6 14:30,14.495
11982,2003/12/6 15:00,14.495
11983,2003/12/6 15:30,14.495
11984,2003/12/6 16:00,14.495
11985,2003/12/6 16:30,14.495
11986,2003/12/6 17:00,14.495
11987,2003/12/6 17:30,14.495
11988,2003/12/6 18:00,14.495
11989,2003/12/6 18:30,14.495
11990,2003/12/6 19:00,14.495
11991,2003/12/6 19:30,14.495
11992,2003/12/6 20:00,14.495
11993,2003/12/6 20:30,14.495
11994,2003/12/6 21:00,14.495
11995,2003/12/6 21:30,14.495
11996,2003/12/6 22:00,14.495
11997,2003/12/6 22:30,14.495
11998,2003/12/6 23:00,14.495
11999,2003/12/6 23:30,14.495
12000,2003/12/7 0:00,6.08
12001,2003/12/7 0:30,6.08
12002,2003/12/7 1:00,6.08
12003,2003/12/7 1:30,6.08
12004,2003/12/7 2:00,6.08
12005,2003/12/7 2:30,6.08
12006,2003/12/7 3:00,6.08
12007,2003/12/7 3:30,6.08
12008,2003/12/7 4:00,6.08
12009,2003/12/7 4:30,6.08
12010,2003/12/7 5:00,6.08
12011,2003/12/7 5:30,6.08
12012,2003/12/7 6:00,6.08
12013,2003/12/7 6:30,6.08
12014,2003/12/7 7:00,14.495
12015,2003/12/7 7:30,14.495
12016,2003/12/7 8:00,14.495
12017,2003/12/7 8:30,14.495
12018,2003/12/7 9:00,14.495
12019,2003/12/7 9:30,14.495
12020,2003/12/7 10:00,14.495
12021,2003/12/7 10:30,14.495
12022,2003/12/7 11:00,14.495
12023,2003/12/7 11:30,14.495
12024,2003/12/7 12:00,14.495
12025,2003/12/7 12:30,14.495
12026,2003/12/7 13:00,14.495
12027,2003/12/7 13:30,14.495
12028,2003/12/7 14:00,14.495
12029,2003/12/7 14:30,14.495
12030,2003/12/7 15:00,14.495
12031,2003/12/7 15:30,14.495
12032,2003/12/7 16:00,14.495
12033,2003/12/7 16:30,14.495
12034,2003/12/7 17:00,14.495
12035,2003/12/7 17:30,14.495
12036,2003/12/7 18:00,14.495
12037,2003/12/7 18:30,14.495
12038,2003/12/7 19:00,14.495
12039,2003/12/7 19:30,14.495
12040,2003/12/7 20:00,14.495
12041,2003/12/7 20:30,14.495
12042,2003/12/7 21:00,14.495
12043,2003/12/7 21:30,14.495
12044,2003/12/7 22:00,14.495
12045,2003/12/7 22:30,14.495
12046,2003/12/7 23:00,14.495
12047,2003/12/7 23:30,14.495
12048,2003/12/8 0:00,6.08
12049,2003/12/8 0:30,6.08
12050,2003/12/8 1:00,6.08
12051,2003/12/8 1:30,6.08
12052,2003/12/8 2:00,6.08
12053,2003/12/8 2:30,6.08
12054,2003/12/8 3:00,6.08
12055,2003/12/8 3:30,6.08
12056,2003/12/8 4:00,6.08
12057,2003/12/8 4:30,6.08
12058,2003/12/8 5:00,6.08
12059,2003/12/8 5:30,6.08
12060,2003/12/8 6:00,6.08
12061,2003/12/8 6:30,6.08
12062,2003/12/8 7:00,14.495
12063,2003/12/8 7:30,14.495
12064,2003/12/8 8:00,14.495
12065,2003/12/8 8:30,14.495
12066,2003/12/8 9:00,14.495
12067,2003/12/8 9:30,14.495
12068,2003/12/8 10:00,14.495
12069,2003/12/8 10:30,14.495
12070,2003/12/8 11:00,14.495
12071,2003/12/8 11:30,14.495
12072,2003/12/8 12:00,14.495
12073,2003/12/8 12:30,14.495
12074,2003/12/8 13:00,14.495
12075,2003/12/8 13:30,14.495
12076,2003/12/8 14:00,14.495
12077,2003/12/8 14:30,14.495
12078,2003/12/8 15:00,14.495
12079,2003/12/8 15:30,14.495
12080,2003/12/8 16:00,14.495
12081,2003/12/8 16:30,14.495
12082,2003/12/8 17:00,14.495
12083,2003/12/8 17:30,14.495
12084,2003/12/8 18:00,14.495
12085,2003/12/8 18:30,14.495
12086,2003/12/8 19:00,14.495
12087,2003/12/8 19:30,14.495
12088,2003/12/8 20:00,14.495
12089,2003/12/8 20:30,14.495
12090,2003/12/8 21:00,14.495
12091,2003/12/8 21:30,14.495
12092,2003/12/8 22:00,14.495
12093,2003/12/8 22:30,14.495
12094,2003/12/8 23:00,14.495
12095,2003/12/8 23:30,14.495
12096,2003/12/9 0:00,6.08
12097,2003/12/9 0:30,6.08
12098,2003/12/9 1:00,6.08
12099,2003/12/9 1:30,6.08
12100,2003/12/9 2:00,6.08
12101,2003/12/9 2:30,6.08
12102,2003/12/9 3:00,6.08
12103,2003/12/9 3:30,6.08
12104,2003/12/9 4:00,6.08
12105,2003/12/9 4:30,6.08
12106,2003/12/9 5:00,6.08
12107,2003/12/9 5:30,6.08
12108,2003/12/9 6:00,6.08
12109,2003/12/9 6:30,6.08
12110,2003/12/9 7:00,14.495
12111,2003/12/9 7:30,14.495
12112,2003/12/9 8:00,14.495
12113,2003/12/9 8:30,14.495
12114,2003/12/9 9:00,14.495
12115,2003/12/9 9:30,14.495
12116,2003/12/9 10:00,14.495
12117,2003/12/9 10:30,14.495
12118,2003/12/9 11:00,14.495
12119,2003/12/9 11:30,14.495
12120,2003/12/9 12:00,14.495
12121,2003/12/9 12:30,14.495
12122,2003/12/9 13:00,14.495
12123,2003/12/9 13:30,14.495
12124,2003/12/9 14:00,14.495
12125,2003/12/9 14:30,14.495
12126,2003/12/9 15:00,14.495
12127,2003/12/9 15:30,14.495
12128,2003/12/9 16:00,14.495
12129,2003/12/9 16:30,14.495
12130,2003/12/9 17:00,14.495
12131,2003/12/9 17:30,14.495
12132,2003/12/9 18:00,14.495
12133,2003/12/9 18:30,14.495
12134,2003/12/9 19:00,14.495
12135,2003/12/9 19:30,14.495
12136,2003/12/9 20:00,14.495
12137,2003/12/9 20:30,14.495
12138,2003/12/9 21:00,14.495
12139,2003/12/9 21:30,14.495
12140,2003/12/9 22:00,14.495
12141,2003/12/9 22:30,14.495
12142,2003/12/9 23:00,14.495
12143,2003/12/9 23:30,14.495
12144,2003/12/10 0:00,6.08
12145,2003/12/10 0:30,6.08
12146,2003/12/10 1:00,6.08
12147,2003/12/10 1:30,6.08
12148,2003/12/10 2:00,6.08
12149,2003/12/10 2:30,6.08
12150,2003/12/10 3:00,6.08
12151,2003/12/10 3:30,6.08
12152,2003/12/10 4:00,6.08
12153,2003/12/10 4:30,6.08
12154,2003/12/10 5:00,6.08
12155,2003/12/10 5:30,6.08
12156,2003/12/10 6:00,6.08
12157,2003/12/10 6:30,6.08
12158,2003/12/10 7:00,14.495
12159,2003/12/10 7:30,14.495
12160,2003/12/10 8:00,14.495
12161,2003/12/10 8:30,14.495
12162,2003/12/10 9:00,14.495
12163,2003/12/10 9:30,14.495
12164,2003/12/10 10:00,14.495
12165,2003/12/10 10:30,14.495
12166,2003/12/10 11:00,14.495
12167,2003/12/10 11:30,14.495
12168,2003/12/10 12:00,14.495
12169,2003/12/10 12:30,14.495
12170,2003/12/10 13:00,14.495
12171,2003/12/10 13:30,14.495
12172,2003/12/10 14:00,14.495
12173,2003/12/10 14:30,14.495
12174,2003/12/10 15:00,14.495
12175,2003/12/10 15:30,14.495
12176,2003/12/10 16:00,14.495
12177,2003/12/10 16:30,14.495
12178,2003/12/10 17:00,14.495
12179,2003/12/10 17:30,14.495
12180,2003/12/10 18:00,14.495
12181,2003/12/10 18:30,14.495
12182,2003/12/10 19:00,14.495
12183,2003/12/10 19:30,14.495
12184,2003/12/10 20:00,14.495
12185,2003/12/10 20:30,14.495
12186,2003/12/10 21:00,14.495
12187,2003/12/10 21:30,14.495
12188,2003/12/10 22:00,14.495
12189,2003/12/10 22:30,14.495
12190,2003/12/10 23:00,14.495
12191,2003/12/10 23:30,14.495
12192,2003/12/11 0:00,6.08
12193,2003/12/11 0:30,6.08
12194,2003/12/11 1:00,6.08
12195,2003/12/11 1:30,6.08
12196,2003/12/11 2:00,6.08
12197,2003/12/11 2:30,6.08
12198,2003/12/11 3:00,6.08
12199,2003/12/11 3:30,6.08
12200,2003/12/11 4:00,6.08
12201,2003/12/11 4:30,6.08
12202,2003/12/11 5:00,6.08
12203,2003/12/11 5:30,6.08
12204,2003/12/11 6:00,6.08
12205,2003/12/11 6:30,6.08
12206,2003/12/11 7:00,14.495
12207,2003/12/11 7:30,14.495
12208,2003/12/11 8:00,14.495
12209,2003/12/11 8:30,14.495
12210,2003/12/11 9:00,14.495
12211,2003/12/11 9:30,14.495
12212,2003/12/11 10:00,14.495
12213,2003/12/11 10:30,14.495
12214,2003/12/11 11:00,14.495
12215,2003/12/11 11:30,14.495
12216,2003/12/11 12:00,14.495
12217,2003/12/11 12:30,14.495
12218,2003/12/11 13:00,14.495
12219,2003/12/11 13:30,14.495
12220,2003/12/11 14:00,14.495
12221,2003/12/11 14:30,14.495
12222,2003/12/11 15:00,14.495
12223,2003/12/11 15:30,14.495
12224,2003/12/11 16:00,14.495
12225,2003/12/11 16:30,14.495
12226,2003/12/11 17:00,14.495
12227,2003/12/11 17:30,14.495
12228,2003/12/11 18:00,14.495
12229,2003/12/11 18:30,14.495
12230,2003/12/11 19:00,14.495
12231,2003/12/11 19:30,14.495
12232,2003/12/11 20:00,14.495
12233,2003/12/11 20:30,14.495
12234,2003/12/11 21:00,14.495
12235,2003/12/11 21:30,14.495
12236,2003/12/11 22:00,14.495
12237,2003/12/11 22:30,14.495
12238,2003/12/11 23:00,14.495
12239,2003/12/11 23:30,14.495
12240,2003/12/12 0:00,6.08
12241,2003/12/12 0:30,6.08
12242,2003/12/12 1:00,6.08
12243,2003/12/12 1:30,6.08
12244,2003/12/12 2:00,6.08
12245,2003/12/12 2:30,6.08
12246,2003/12/12 3:00,6.08
12247,2003/12/12 3:30,6.08
12248,2003/12/12 4:00,6.08
12249,2003/12/12 4:30,6.08
12250,2003/12/12 5:00,6.08
12251,2003/12/12 5:30,6.08
12252,2003/12/12 6:00,6.08
12253,2003/12/12 6:30,6.08
12254,2003/12/12 7:00,14.495
12255,2003/12/12 7:30,14.495
12256,2003/12/12 8:00,14.495
12257,2003/12/12 8:30,14.495
12258,2003/12/12 9:00,14.495
12259,2003/12/12 9:30,14.495
12260,2003/12/12 10:00,14.495
12261,2003/12/12 10:30,14.495
12262,2003/12/12 11:00,14.495
12263,2003/12/12 11:30,14.495
12264,2003/12/12 12:00,14.495
12265,2003/12/12 12:30,14.495
12266,2003/12/12 13:00,14.495
12267,2003/12/12 13:30,14.495
12268,2003/12/12 14:00,14.495
12269,2003/12/12 14:30,14.495
12270,2003/12/12 15:00,14.495
12271,2003/12/12 15:30,14.495
12272,2003/12/12 16:00,14.495
12273,2003/12/12 16:30,14.495
12274,2003/12/12 17:00,14.495
12275,2003/12/12 17:30,14.495
12276,2003/12/12 18:00,14.495
12277,2003/12/12 18:30,14.495
12278,2003/12/12 19:00,14.495
12279,2003/12/12 19:30,14.495
12280,2003/12/12 20:00,14.495
12281,2003/12/12 20:30,14.495
12282,2003/12/12 21:00,14.495
12283,2003/12/12 21:30,14.495
12284,2003/12/12 22:00,14.495
12285,2003/12/12 22:30,14.495
12286,2003/12/12 23:00,14.495
12287,2003/12/12 23:30,14.495
12288,2003/12/13 0:00,6.08
12289,2003/12/13 0:30,6.08
12290,2003/12/13 1:00,6.08
12291,2003/12/13 1:30,6.08
12292,2003/12/13 2:00,6.08
12293,2003/12/13 2:30,6.08
12294,2003/12/13 3:00,6.08
12295,2003/12/13 3:30,6.08
12296,2003/12/13 4:00,6.08
12297,2003/12/13 4:30,6.08
12298,2003/12/13 5:00,6.08
12299,2003/12/13 5:30,6.08
12300,2003/12/13 6:00,6.08
12301,2003/12/13 6:30,6.08
12302,2003/12/13 7:00,14.495
12303,2003/12/13 7:30,14.495
12304,2003/12/13 8:00,14.495
12305,2003/12/13 8:30,14.495
12306,2003/12/13 9:00,14.495
12307,2003/12/13 9:30,14.495
12308,2003/12/13 10:00,14.495
12309,2003/12/13 10:30,14.495
12310,2003/12/13 11:00,14.495
12311,2003/12/13 11:30,14.495
12312,2003/12/13 12:00,14.495
12313,2003/12/13 12:30,14.495
12314,2003/12/13 13:00,14.495
12315,2003/12/13 13:30,14.495
12316,2003/12/13 14:00,14.495
12317,2003/12/13 14:30,14.495
12318,2003/12/13 15:00,14.495
12319,2003/12/13 15:30,14.495
12320,2003/12/13 16:00,14.495
12321,2003/12/13 16:30,14.495
12322,2003/12/13 17:00,14.495
12323,2003/12/13 17:30,14.495
12324,2003/12/13 18:00,14.495
12325,2003/12/13 18:30,14.495
12326,2003/12/13 19:00,14.495
12327,2003/12/13 19:30,14.495
12328,2003/12/13 20:00,14.495
12329,2003/12/13 20:30,14.495
12330,2003/12/13 21:00,14.495
12331,2003/12/13 21:30,14.495
12332,2003/12/13 22:00,14.495
12333,2003/12/13 22:30,14.495
12334,2003/12/13 23:00,14.495
12335,2003/12/13 23:30,14.495
12336,2003/12/14 0:00,6.08
12337,2003/12/14 0:30,6.08
12338,2003/12/14 1:00,6.08
12339,2003/12/14 1:30,6.08
12340,2003/12/14 2:00,6.08
12341,2003/12/14 2:30,6.08
12342,2003/12/14 3:00,6.08
12343,2003/12/14 3:30,6.08
12344,2003/12/14 4:00,6.08
12345,2003/12/14 4:30,6.08
12346,2003/12/14 5:00,6.08
12347,2003/12/14 5:30,6.08
12348,2003/12/14 6:00,6.08
12349,2003/12/14 6:30,6.08
12350,2003/12/14 7:00,14.495
12351,2003/12/14 7:30,14.495
12352,2003/12/14 8:00,14.495
12353,2003/12/14 8:30,14.495
12354,2003/12/14 9:00,14.495
12355,2003/12/14 9:30,14.495
12356,2003/12/14 10:00,14.495
12357,2003/12/14 10:30,14.495
12358,2003/12/14 11:00,14.495
12359,2003/12/14 11:30,14.495
12360,2003/12/14 12:00,14.495
12361,2003/12/14 12:30,14.495
12362,2003/12/14 13:00,14.495
12363,2003/12/14 13:30,14.495
12364,2003/12/14 14:00,14.495
12365,2003/12/14 14:30,14.495
12366,2003/12/14 15:00,14.495
12367,2003/12/14 15:30,14.495
12368,2003/12/14 16:00,14.495
12369,2003/12/14 16:30,14.495
12370,2003/12/14 17:00,14.495
12371,2003/12/14 17:30,14.495
12372,2003/12/14 18:00,14.495
12373,2003/12/14 18:30,14.495
12374,2003/12/14 19:00,14.495
12375,2003/12/14 19:30,14.495
12376,2003/12/14 20:00,14.495
12377,2003/12/14 20:30,14.495
12378,2003/12/14 21:00,14.495
12379,2003/12/14 21:30,14.495
12380,2003/12/14 22:00,14.495
12381,2003/12/14 22:30,14.495
12382,2003/12/14 23:00,14.495
12383,2003/12/14 23:30,14.495
12384,2003/12/15 0:00,6.08
12385,2003/12/15 0:30,6.08
12386,2003/12/15 1:00,6.08
12387,2003/12/15 1:30,6.08
12388,2003/12/15 2:00,6.08
12389,2003/12/15 2:30,6.08
12390,2003/12/15 3:00,6.08
12391,2003/12/15 3:30,6.08
12392,2003/12/15 4:00,6.08
12393,2003/12/15 4:30,6.08
12394,2003/12/15 5:00,6.08
12395,2003/12/15 5:30,6.08
12396,2003/12/15 6:00,6.08
12397,2003/12/15 6:30,6.08
12398,2003/12/15 7:00,14.495
12399,2003/12/15 7:30,14.495
12400,2003/12/15 8:00,14.495
12401,2003/12/15 8:30,14.495
12402,2003/12/15 9:00,14.495
12403,2003/12/15 9:30,14.495
12404,2003/12/15 10:00,14.495
12405,2003/12/15 10:30,14.495
12406,2003/12/15 11:00,14.495
12407,2003/12/15 11:30,14.495
12408,2003/12/15 12:00,14.495
12409,2003/12/15 12:30,14.495
12410,2003/12/15 13:00,14.495
12411,2003/12/15 13:30,14.495
12412,2003/12/15 14:00,14.495
12413,2003/12/15 14:30,14.495
12414,2003/12/15 15:00,14.495
12415,2003/12/15 15:30,14.495
12416,2003/12/15 16:00,14.495
12417,2003/12/15 16:30,14.495
12418,2003/12/15 17:00,14.495
12419,2003/12/15 17:30,14.495
12420,2003/12/15 18:00,14.495
12421,2003/12/15 18:30,14.495
12422,2003/12/15 19:00,14.495
12423,2003/12/15 19:30,14.495
12424,2003/12/15 20:00,14.495
12425,2003/12/15 20:30,14.495
12426,2003/12/15 21:00,14.495
12427,2003/12/15 21:30,14.495
12428,2003/12/15 22:00,14.495
12429,2003/12/15 22:30,14.495
12430,2003/12/15 23:00,14.495
12431,2003/12/15 23:30,14.495
12432,2003/12/16 0:00,6.08
12433,2003/12/16 0:30,6.08
12434,2003/12/16 1:00,6.08
12435,2003/12/16 1:30,6.08
12436,2003/12/16 2:00,6.08
12437,2003/12/16 2:30,6.08
12438,2003/12/16 3:00,6.08
12439,2003/12/16 3:30,6.08
12440,2003/12/16 4:00,6.08
12441,2003/12/16 4:30,6.08
12442,2003/12/16 5:00,6.08
12443,2003/12/16 5:30,6.08
12444,2003/12/16 6:00,6.08
12445,2003/12/16 6:30,6.08
12446,2003/12/16 7:00,14.495
12447,2003/12/16 7:30,14.495
12448,2003/12/16 8:00,14.495
12449,2003/12/16 8:30,14.495
12450,2003/12/16 9:00,14.495
12451,2003/12/16 9:30,14.495
12452,2003/12/16 10:00,14.495
12453,2003/12/16 10:30,14.495
12454,2003/12/16 11:00,14.495
12455,2003/12/16 11:30,14.495
12456,2003/12/16 12:00,14.495
12457,2003/12/16 12:30,14.495
12458,2003/12/16 13:00,14.495
12459,2003/12/16 13:30,14.495
12460,2003/12/16 14:00,14.495
12461,2003/12/16 14:30,14.495
12462,2003/12/16 15:00,14.495
12463,2003/12/16 15:30,14.495
12464,2003/12/16 16:00,14.495
12465,2003/12/16 16:30,14.495
12466,2003/12/16 17:00,14.495
12467,2003/12/16 17:30,14.495
12468,2003/12/16 18:00,14.495
12469,2003/12/16 18:30,14.495
12470,2003/12/16 19:00,14.495
12471,2003/12/16 19:30,14.495
12472,2003/12/16 20:00,14.495
12473,2003/12/16 20:30,14.495
12474,2003/12/16 21:00,14.495
12475,2003/12/16 21:30,14.495
12476,2003/12/16 22:00,14.495
12477,2003/12/16 22:30,14.495
12478,2003/12/16 23:00,14.495
12479,2003/12/16 23:30,14.495
12480,2003/12/17 0:00,6.08
12481,2003/12/17 0:30,6.08
12482,2003/12/17 1:00,6.08
12483,2003/12/17 1:30,6.08
12484,2003/12/17 2:00,6.08
12485,2003/12/17 2:30,6.08
12486,2003/12/17 3:00,6.08
12487,2003/12/17 3:30,6.08
12488,2003/12/17 4:00,6.08
12489,2003/12/17 4:30,6.08
12490,2003/12/17 5:00,6.08
12491,2003/12/17 5:30,6.08
12492,2003/12/17 6:00,6.08
12493,2003/12/17 6:30,6.08
12494,2003/12/17 7:00,14.495
12495,2003/12/17 7:30,14.495
12496,2003/12/17 8:00,14.495
12497,2003/12/17 8:30,14.495
12498,2003/12/17 9:00,14.495
12499,2003/12/17 9:30,14.495
12500,2003/12/17 10:00,14.495
12501,2003/12/17 10:30,14.495
12502,2003/12/17 11:00,14.495
12503,2003/12/17 11:30,14.495
12504,2003/12/17 12:00,14.495
12505,2003/12/17 12:30,14.495
12506,2003/12/17 13:00,14.495
12507,2003/12/17 13:30,14.495
12508,2003/12/17 14:00,14.495
12509,2003/12/17 14:30,14.495
12510,2003/12/17 15:00,14.495
12511,2003/12/17 15:30,14.495
12512,2003/12/17 16:00,14.495
12513,2003/12/17 16:30,14.495
12514,2003/12/17 17:00,14.495
12515,2003/12/17 17:30,14.495
12516,2003/12/17 18:00,14.495
12517,2003/12/17 18:30,14.495
12518,2003/12/17 19:00,14.495
12519,2003/12/17 19:30,14.495
12520,2003/12/17 20:00,14.495
12521,2003/12/17 20:30,14.495
12522,2003/12/17 21:00,14.495
12523,2003/12/17 21:30,14.495
12524,2003/12/17 22:00,14.495
12525,2003/12/17 22:30,14.495
12526,2003/12/17 23:00,14.495
12527,2003/12/17 23:30,14.495
12528,2003/12/18 0:00,6.08
12529,2003/12/18 0:30,6.08
12530,2003/12/18 1:00,6.08
12531,2003/12/18 1:30,6.08
12532,2003/12/18 2:00,6.08
12533,2003/12/18 2:30,6.08
12534,2003/12/18 3:00,6.08
12535,2003/12/18 3:30,6.08
12536,2003/12/18 4:00,6.08
12537,2003/12/18 4:30,6.08
12538,2003/12/18 5:00,6.08
12539,2003/12/18 5:30,6.08
12540,2003/12/18 6:00,6.08
12541,2003/12/18 6:30,6.08
12542,2003/12/18 7:00,14.495
12543,2003/12/18 7:30,14.495
12544,2003/12/18 8:00,14.495
12545,2003/12/18 8:30,14.495
12546,2003/12/18 9:00,14.495
12547,2003/12/18 9:30,14.495
12548,2003/12/18 10:00,14.495
12549,2003/12/18 10:30,14.495
12550,2003/12/18 11:00,14.495
12551,2003/12/18 11:30,14.495
12552,2003/12/18 12:00,14.495
12553,2003/12/18 12:30,14.495
12554,2003/12/18 13:00,14.495
12555,2003/12/18 13:30,14.495
12556,2003/12/18 14:00,14.495
12557,2003/12/18 14:30,14.495
12558,2003/12/18 15:00,14.495
12559,2003/12/18 15:30,14.495
12560,2003/12/18 16:00,14.495
12561,2003/12/18 16:30,14.495
12562,2003/12/18 17:00,14.495
12563,2003/12/18 17:30,14.495
12564,2003/12/18 18:00,14.495
12565,2003/12/18 18:30,14.495
12566,2003/12/18 19:00,14.495
12567,2003/12/18 19:30,14.495
12568,2003/12/18 20:00,14.495
12569,2003/12/18 20:30,14.495
12570,2003/12/18 21:00,14.495
12571,2003/12/18 21:30,14.495
12572,2003/12/18 22:00,14.495
12573,2003/12/18 22:30,14.495
12574,2003/12/18 23:00,14.495
12575,2003/12/18 23:30,14.495
12576,2003/12/19 0:00,6.08
12577,2003/12/19 0:30,6.08
12578,2003/12/19 1:00,6.08
12579,2003/12/19 1:30,6.08
12580,2003/12/19 2:00,6.08
12581,2003/12/19 2:30,6.08
12582,2003/12/19 3:00,6.08
12583,2003/12/19 3:30,6.08
12584,2003/12/19 4:00,6.08
12585,2003/12/19 4:30,6.08
12586,2003/12/19 5:00,6.08
12587,2003/12/19 5:30,6.08
12588,2003/12/19 6:00,6.08
12589,2003/12/19 6:30,6.08
12590,2003/12/19 7:00,14.495
12591,2003/12/19 7:30,14.495
12592,2003/12/19 8:00,14.495
12593,2003/12/19 8:30,14.495
12594,2003/12/19 9:00,14.495
12595,2003/12/19 9:30,14.495
12596,2003/12/19 10:00,14.495
12597,2003/12/19 10:30,14.495
12598,2003/12/19 11:00,14.495
12599,2003/12/19 11:30,14.495
12600,2003/12/19 12:00,14.495
12601,2003/12/19 12:30,14.495
12602,2003/12/19 13:00,14.495
12603,2003/12/19 13:30,14.495
12604,2003/12/19 14:00,14.495
12605,2003/12/19 14:30,14.495
12606,2003/12/19 15:00,14.495
12607,2003/12/19 15:30,14.495
12608,2003/12/19 16:00,14.495
12609,2003/12/19 16:30,14.495
12610,2003/12/19 17:00,14.495
12611,2003/12/19 17:30,14.495
12612,2003/12/19 18:00,14.495
12613,2003/12/19 18:30,14.495
12614,2003/12/19 19:00,14.495
12615,2003/12/19 19:30,14.495
12616,2003/12/19 20:00,14.495
12617,2003/12/19 20:30,14.495
12618,2003/12/19 21:00,14.495
12619,2003/12/19 21:30,14.495
12620,2003/12/19 22:00,14.495
12621,2003/12/19 22:30,14.495
12622,2003/12/19 23:00,14.495
12623,2003/12/19 23:30,14.495
12624,2003/12/20 0:00,6.08
12625,2003/12/20 0:30,6.08
12626,2003/12/20 1:00,6.08
12627,2003/12/20 1:30,6.08
12628,2003/12/20 2:00,6.08
12629,2003/12/20 2:30,6.08
12630,2003/12/20 3:00,6.08
12631,2003/12/20 3:30,6.08
12632,2003/12/20 4:00,6.08
12633,2003/12/20 4:30,6.08
12634,2003/12/20 5:00,6.08
12635,2003/12/20 5:30,6.08
12636,2003/12/20 6:00,6.08
12637,2003/12/20 6:30,6.08
12638,2003/12/20 7:00,14.495
12639,2003/12/20 7:30,14.495
12640,2003/12/20 8:00,14.495
12641,2003/12/20 8:30,14.495
12642,2003/12/20 9:00,14.495
12643,2003/12/20 9:30,14.495
12644,2003/12/20 10:00,14.495
12645,2003/12/20 10:30,14.495
12646,2003/12/20 11:00,14.495
12647,2003/12/20 11:30,14.495
12648,2003/12/20 12:00,14.495
12649,2003/12/20 12:30,14.495
12650,2003/12/20 13:00,14.495
12651,2003/12/20 13:30,14.495
12652,2003/12/20 14:00,14.495
12653,2003/12/20 14:30,14.495
12654,2003/12/20 15:00,14.495
12655,2003/12/20 15:30,14.495
12656,2003/12/20 16:00,14.495
12657,2003/12/20 16:30,14.495
12658,2003/12/20 17:00,14.495
12659,2003/12/20 17:30,14.495
12660,2003/12/20 18:00,14.495
12661,2003/12/20 18:30,14.495
12662,2003/12/20 19:00,14.495
12663,2003/12/20 19:30,14.495
12664,2003/12/20 20:00,14.495
12665,2003/12/20 20:30,14.495
12666,2003/12/20 21:00,14.495
12667,2003/12/20 21:30,14.495
12668,2003/12/20 22:00,14.495
12669,2003/12/20 22:30,14.495
12670,2003/12/20 23:00,14.495
12671,2003/12/20 23:30,14.495
12672,2003/12/21 0:00,6.08
12673,2003/12/21 0:30,6.08
12674,2003/12/21 1:00,6.08
12675,2003/12/21 1:30,6.08
12676,2003/12/21 2:00,6.08
12677,2003/12/21 2:30,6.08
12678,2003/12/21 3:00,6.08
12679,2003/12/21 3:30,6.08
12680,2003/12/21 4:00,6.08
12681,2003/12/21 4:30,6.08
12682,2003/12/21 5:00,6.08
12683,2003/12/21 5:30,6.08
12684,2003/12/21 6:00,6.08
12685,2003/12/21 6:30,6.08
12686,2003/12/21 7:00,14.495
12687,2003/12/21 7:30,14.495
12688,2003/12/21 8:00,14.495
12689,2003/12/21 8:30,14.495
12690,2003/12/21 9:00,14.495
12691,2003/12/21 9:30,14.495
12692,2003/12/21 10:00,14.495
12693,2003/12/21 10:30,14.495
12694,2003/12/21 11:00,14.495
12695,2003/12/21 11:30,14.495
12696,2003/12/21 12:00,14.495
12697,2003/12/21 12:30,14.495
12698,2003/12/21 13:00,14.495
12699,2003/12/21 13:30,14.495
12700,2003/12/21 14:00,14.495
12701,2003/12/21 14:30,14.495
12702,2003/12/21 15:00,14.495
12703,2003/12/21 15:30,14.495
12704,2003/12/21 16:00,14.495
12705,2003/12/21 16:30,14.495
12706,2003/12/21 17:00,14.495
12707,2003/12/21 17:30,14.495
12708,2003/12/21 18:00,14.495
12709,2003/12/21 18:30,14.495
12710,2003/12/21 19:00,14.495
12711,2003/12/21 19:30,14.495
12712,2003/12/21 20:00,14.495
12713,2003/12/21 20:30,14.495
12714,2003/12/21 21:00,14.495
12715,2003/12/21 21:30,14.495
12716,2003/12/21 22:00,14.495
12717,2003/12/21 22:30,14.495
12718,2003/12/21 23:00,14.495
12719,2003/12/21 23:30,14.495
12720,2003/12/22 0:00,6.08
12721,2003/12/22 0:30,6.08
12722,2003/12/22 1:00,6.08
12723,2003/12/22 1:30,6.08
12724,2003/12/22 2:00,6.08
12725,2003/12/22 2:30,6.08
12726,2003/12/22 3:00,6.08
12727,2003/12/22 3:30,6.08
12728,2003/12/22 4:00,6.08
12729,2003/12/22 4:30,6.08
12730,2003/12/22 5:00,6.08
12731,2003/12/22 5:30,6.08
12732,2003/12/22 6:00,6.08
12733,2003/12/22 6:30,6.08
12734,2003/12/22 7:00,14.495
12735,2003/12/22 7:30,14.495
12736,2003/12/22 8:00,14.495
12737,2003/12/22 8:30,14.495
12738,2003/12/22 9:00,14.495
12739,2003/12/22 9:30,14.495
12740,2003/12/22 10:00,14.495
12741,2003/12/22 10:30,14.495
12742,2003/12/22 11:00,14.495
12743,2003/12/22 11:30,14.495
12744,2003/12/22 12:00,14.495
12745,2003/12/22 12:30,14.495
12746,2003/12/22 13:00,14.495
12747,2003/12/22 13:30,14.495
12748,2003/12/22 14:00,14.495
12749,2003/12/22 14:30,14.495
12750,2003/12/22 15:00,14.495
12751,2003/12/22 15:30,14.495
12752,2003/12/22 16:00,14.495
12753,2003/12/22 16:30,14.495
12754,2003/12/22 17:00,14.495
12755,2003/12/22 17:30,14.495
12756,2003/12/22 18:00,14.495
12757,2003/12/22 18:30,14.495
12758,2003/12/22 19:00,14.495
12759,2003/12/22 19:30,14.495
12760,2003/12/22 20:00,14.495
12761,2003/12/22 20:30,14.495
12762,2003/12/22 21:00,14.495
12763,2003/12/22 21:30,14.495
12764,2003/12/22 22:00,14.495
12765,2003/12/22 22:30,14.495
12766,2003/12/22 23:00,14.495
12767,2003/12/22 23:30,14.495
12768,2003/12/23 0:00,6.08
12769,2003/12/23 0:30,6.08
12770,2003/12/23 1:00,6.08
12771,2003/12/23 1:30,6.08
12772,2003/12/23 2:00,6.08
12773,2003/12/23 2:30,6.08
12774,2003/12/23 3:00,6.08
12775,2003/12/23 3:30,6.08
12776,2003/12/23 4:00,6.08
12777,2003/12/23 4:30,6.08
12778,2003/12/23 5:00,6.08
12779,2003/12/23 5:30,6.08
12780,2003/12/23 6:00,6.08
12781,2003/12/23 6:30,6.08
12782,2003/12/23 7:00,14.495
12783,2003/12/23 7:30,14.495
12784,2003/12/23 8:00,14.495
12785,2003/12/23 8:30,14.495
12786,2003/12/23 9:00,14.495
12787,2003/12/23 9:30,14.495
12788,2003/12/23 10:00,14.495
12789,2003/12/23 10:30,14.495
12790,2003/12/23 11:00,14.495
12791,2003/12/23 11:30,14.495
12792,2003/12/23 12:00,14.495
12793,2003/12/23 12:30,14.495
12794,2003/12/23 13:00,14.495
12795,2003/12/23 13:30,14.495
12796,2003/12/23 14:00,14.495
12797,2003/12/23 14:30,14.495
12798,2003/12/23 15:00,14.495
12799,2003/12/23 15:30,14.495
12800,2003/12/23 16:00,14.495
12801,2003/12/23 16:30,14.495
12802,2003/12/23 17:00,14.495
12803,2003/12/23 17:30,14.495
12804,2003/12/23 18:00,14.495
12805,2003/12/23 18:30,14.495
12806,2003/12/23 19:00,14.495
12807,2003/12/23 19:30,14.495
12808,2003/12/23 20:00,14.495
12809,2003/12/23 20:30,14.495
12810,2003/12/23 21:00,14.495
12811,2003/12/23 21:30,14.495
12812,2003/12/23 22:00,14.495
12813,2003/12/23 22:30,14.495
12814,2003/12/23 23:00,14.495
12815,2003/12/23 23:30,14.495
12816,2003/12/24 0:00,6.08
12817,2003/12/24 0:30,6.08
12818,2003/12/24 1:00,6.08
12819,2003/12/24 1:30,6.08
12820,2003/12/24 2:00,6.08
12821,2003/12/24 2:30,6.08
12822,2003/12/24 3:00,6.08
12823,2003/12/24 3:30,6.08
12824,2003/12/24 4:00,6.08
12825,2003/12/24 4:30,6.08
12826,2003/12/24 5:00,6.08
12827,2003/12/24 5:30,6.08
12828,2003/12/24 6:00,6.08
12829,2003/12/24 6:30,6.08
12830,2003/12/24 7:00,14.495
12831,2003/12/24 7:30,14.495
12832,2003/12/24 8:00,14.495
12833,2003/12/24 8:30,14.495
12834,2003/12/24 9:00,14.495
12835,2003/12/24 9:30,14.495
12836,2003/12/24 10:00,14.495
12837,2003/12/24 10:30,14.495
12838,2003/12/24 11:00,14.495
12839,2003/12/24 11:30,14.495
12840,2003/12/24 12:00,14.495
12841,2003/12/24 12:30,14.495
12842,2003/12/24 13:00,14.495
12843,2003/12/24 13:30,14.495
12844,2003/12/24 14:00,14.495
12845,2003/12/24 14:30,14.495
12846,2003/12/24 15:00,14.495
12847,2003/12/24 15:30,14.495
12848,2003/12/24 16:00,14.495
12849,2003/12/24 16:30,14.495
12850,2003/12/24 17:00,14.495
12851,2003/12/24 17:30,14.495
12852,2003/12/24 18:00,14.495
12853,2003/12/24 18:30,14.495
12854,2003/12/24 19:00,14.495
12855,2003/12/24 19:30,14.495
12856,2003/12/24 20:00,14.495
12857,2003/12/24 20:30,14.495
12858,2003/12/24 21:00,14.495
12859,2003/12/24 21:30,14.495
12860,2003/12/24 22:00,14.495
12861,2003/12/24 22:30,14.495
12862,2003/12/24 23:00,14.495
12863,2003/12/24 23:30,14.495
12864,2003/12/25 0:00,6.08
12865,2003/12/25 0:30,6.08
12866,2003/12/25 1:00,6.08
12867,2003/12/25 1:30,6.08
12868,2003/12/25 2:00,6.08
12869,2003/12/25 2:30,6.08
12870,2003/12/25 3:00,6.08
12871,2003/12/25 3:30,6.08
12872,2003/12/25 4:00,6.08
12873,2003/12/25 4:30,6.08
12874,2003/12/25 5:00,6.08
12875,2003/12/25 5:30,6.08
12876,2003/12/25 6:00,6.08
12877,2003/12/25 6:30,6.08
12878,2003/12/25 7:00,14.495
12879,2003/12/25 7:30,14.495
12880,2003/12/25 8:00,14.495
12881,2003/12/25 8:30,14.495
12882,2003/12/25 9:00,14.495
12883,2003/12/25 9:30,14.495
12884,2003/12/25 10:00,14.495
12885,2003/12/25 10:30,14.495
12886,2003/12/25 11:00,14.495
12887,2003/12/25 11:30,14.495
12888,2003/12/25 12:00,14.495
12889,2003/12/25 12:30,14.495
12890,2003/12/25 13:00,14.495
12891,2003/12/25 13:30,14.495
12892,2003/12/25 14:00,14.495
12893,2003/12/25 14:30,14.495
12894,2003/12/25 15:00,14.495
12895,2003/12/25 15:30,14.495
12896,2003/12/25 16:00,14.495
12897,2003/12/25 16:30,14.495
12898,2003/12/25 17:00,14.495
12899,2003/12/25 17:30,14.495
12900,2003/12/25 18:00,14.495
12901,2003/12/25 18:30,14.495
12902,2003/12/25 19:00,14.495
12903,2003/12/25 19:30,14.495
12904,2003/12/25 20:00,14.495
12905,2003/12/25 20:30,14.495
12906,2003/12/25 21:00,14.495
12907,2003/12/25 21:30,14.495
12908,2003/12/25 22:00,14.495
12909,2003/12/25 22:30,14.495
12910,2003/12/25 23:00,14.495
12911,2003/12/25 23:30,14.495
12912,2003/12/26 0:00,6.08
12913,2003/12/26 0:30,6.08
12914,2003/12/26 1:00,6.08
12915,2003/12/26 1:30,6.08
12916,2003/12/26 2:00,6.08
12917,2003/12/26 2:30,6.08
12918,2003/12/26 3:00,6.08
12919,2003/12/26 3:30,6.08
12920,2003/12/26 4:00,6.08
12921,2003/12/26 4:30,6.08
12922,2003/12/26 5:00,6.08
12923,2003/12/26 5:30,6.08
12924,2003/12/26 6:00,6.08
12925,2003/12/26 6:30,6.08
12926,2003/12/26 7:00,14.495
12927,2003/12/26 7:30,14.495
12928,2003/12/26 8:00,14.495
12929,2003/12/26 8:30,14.495
12930,2003/12/26 9:00,14.495
12931,2003/12/26 9:30,14.495
12932,2003/12/26 10:00,14.495
12933,2003/12/26 10:30,14.495
12934,2003/12/26 11:00,14.495
12935,2003/12/26 11:30,14.495
12936,2003/12/26 12:00,14.495
12937,2003/12/26 12:30,14.495
12938,2003/12/26 13:00,14.495
12939,2003/12/26 13:30,14.495
12940,2003/12/26 14:00,14.495
12941,2003/12/26 14:30,14.495
12942,2003/12/26 15:00,14.495
12943,2003/12/26 15:30,14.495
12944,2003/12/26 16:00,14.495
12945,2003/12/26 16:30,14.495
12946,2003/12/26 17:00,14.495
12947,2003/12/26 17:30,14.495
12948,2003/12/26 18:00,14.495
12949,2003/12/26 18:30,14.495
12950,2003/12/26 19:00,14.495
12951,2003/12/26 19:30,14.495
12952,2003/12/26 20:00,14.495
12953,2003/12/26 20:30,14.495
12954,2003/12/26 21:00,14.495
12955,2003/12/26 21:30,14.495
12956,2003/12/26 22:00,14.495
12957,2003/12/26 22:30,14.495
12958,2003/12/26 23:00,14.495
12959,2003/12/26 23:30,14.495
12960,2003/12/27 0:00,6.08
12961,2003/12/27 0:30,6.08
12962,2003/12/27 1:00,6.08
12963,2003/12/27 1:30,6.08
12964,2003/12/27 2:00,6.08
12965,2003/12/27 2:30,6.08
12966,2003/12/27 3:00,6.08
12967,2003/12/27 3:30,6.08
12968,2003/12/27 4:00,6.08
12969,2003/12/27 4:30,6.08
12970,2003/12/27 5:00,6.08
12971,2003/12/27 5:30,6.08
12972,2003/12/27 6:00,6.08
12973,2003/12/27 6:30,6.08
12974,2003/12/27 7:00,14.495
12975,2003/12/27 7:30,14.495
12976,2003/12/27 8:00,14.495
12977,2003/12/27 8:30,14.495
12978,2003/12/27 9:00,14.495
12979,2003/12/27 9:30,14.495
12980,2003/12/27 10:00,14.495
12981,2003/12/27 10:30,14.495
12982,2003/12/27 11:00,14.495
12983,2003/12/27 11:30,14.495
12984,2003/12/27 12:00,14.495
12985,2003/12/27 12:30,14.495
12986,2003/12/27 13:00,14.495
12987,2003/12/27 13:30,14.495
12988,2003/12/27 14:00,14.495
12989,2003/12/27 14:30,14.495
12990,2003/12/27 15:00,14.495
12991,2003/12/27 15:30,14.495
12992,2003/12/27 16:00,14.495
12993,2003/12/27 16:30,14.495
12994,2003/12/27 17:00,14.495
12995,2003/12/27 17:30,14.495
12996,2003/12/27 18:00,14.495
12997,2003/12/27 18:30,14.495
12998,2003/12/27 19:00,14.495
12999,2003/12/27 19:30,14.495
13000,2003/12/27 20:00,14.495
13001,2003/12/27 20:30,14.495
13002,2003/12/27 21:00,14.495
13003,2003/12/27 21:30,14.495
13004,2003/12/27 22:00,14.495
13005,2003/12/27 22:30,14.495
13006,2003/12/27 23:00,14.495
13007,2003/12/27 23:30,14.495
13008,2003/12/28 0:00,6.08
13009,2003/12/28 0:30,6.08
13010,2003/12/28 1:00,6.08
13011,2003/12/28 1:30,6.08
13012,2003/12/28 2:00,6.08
13013,2003/12/28 2:30,6.08
13014,2003/12/28 3:00,6.08
13015,2003/12/28 3:30,6.08
13016,2003/12/28 4:00,6.08
13017,2003/12/28 4:30,6.08
13018,2003/12/28 5:00,6.08
13019,2003/12/28 5:30,6.08
13020,2003/12/28 6:00,6.08
13021,2003/12/28 6:30,6.08
13022,2003/12/28 7:00,14.495
13023,2003/12/28 7:30,14.495
13024,2003/12/28 8:00,14.495
13025,2003/12/28 8:30,14.495
13026,2003/12/28 9:00,14.495
13027,2003/12/28 9:30,14.495
13028,2003/12/28 10:00,14.495
13029,2003/12/28 10:30,14.495
13030,2003/12/28 11:00,14.495
13031,2003/12/28 11:30,14.495
13032,2003/12/28 12:00,14.495
13033,2003/12/28 12:30,14.495
13034,2003/12/28 13:00,14.495
13035,2003/12/28 13:30,14.495
13036,2003/12/28 14:00,14.495
13037,2003/12/28 14:30,14.495
13038,2003/12/28 15:00,14.495
13039,2003/12/28 15:30,14.495
13040,2003/12/28 16:00,14.495
13041,2003/12/28 16:30,14.495
13042,2003/12/28 17:00,14.495
13043,2003/12/28 17:30,14.495
13044,2003/12/28 18:00,14.495
13045,2003/12/28 18:30,14.495
13046,2003/12/28 19:00,14.495
13047,2003/12/28 19:30,14.495
13048,2003/12/28 20:00,14.495
13049,2003/12/28 20:30,14.495
13050,2003/12/28 21:00,14.495
13051,2003/12/28 21:30,14.495
13052,2003/12/28 22:00,14.495
13053,2003/12/28 22:30,14.495
13054,2003/12/28 23:00,14.495
13055,2003/12/28 23:30,14.495
13056,2003/12/29 0:00,6.08
13057,2003/12/29 0:30,6.08
13058,2003/12/29 1:00,6.08
13059,2003/12/29 1:30,6.08
13060,2003/12/29 2:00,6.08
13061,2003/12/29 2:30,6.08
13062,2003/12/29 3:00,6.08
13063,2003/12/29 3:30,6.08
13064,2003/12/29 4:00,6.08
13065,2003/12/29 4:30,6.08
13066,2003/12/29 5:00,6.08
13067,2003/12/29 5:30,6.08
13068,2003/12/29 6:00,6.08
13069,2003/12/29 6:30,6.08
13070,2003/12/29 7:00,14.495
13071,2003/12/29 7:30,14.495
13072,2003/12/29 8:00,14.495
13073,2003/12/29 8:30,14.495
13074,2003/12/29 9:00,14.495
13075,2003/12/29 9:30,14.495
13076,2003/12/29 10:00,14.495
13077,2003/12/29 10:30,14.495
13078,2003/12/29 11:00,14.495
13079,2003/12/29 11:30,14.495
13080,2003/12/29 12:00,14.495
13081,2003/12/29 12:30,14.495
13082,2003/12/29 13:00,14.495
13083,2003/12/29 13:30,14.495
13084,2003/12/29 14:00,14.495
13085,2003/12/29 14:30,14.495
13086,2003/12/29 15:00,14.495
13087,2003/12/29 15:30,14.495
13088,2003/12/29 16:00,14.495
13089,2003/12/29 16:30,14.495
13090,2003/12/29 17:00,14.495
13091,2003/12/29 17:30,14.495
13092,2003/12/29 18:00,14.495
13093,2003/12/29 18:30,14.495
13094,2003/12/29 19:00,14.495
13095,2003/12/29 19:30,14.495
13096,2003/12/29 20:00,14.495
13097,2003/12/29 20:30,14.495
13098,2003/12/29 21:00,14.495
13099,2003/12/29 21:30,14.495
13100,2003/12/29 22:00,14.495
13101,2003/12/29 22:30,14.495
13102,2003/12/29 23:00,14.495
13103,2003/12/29 23:30,14.495
13104,2003/12/30 0:00,6.08
13105,2003/12/30 0:30,6.08
13106,2003/12/30 1:00,6.08
13107,2003/12/30 1:30,6.08
13108,2003/12/30 2:00,6.08
13109,2003/12/30 2:30,6.08
13110,2003/12/30 3:00,6.08
13111,2003/12/30 3:30,6.08
13112,2003/12/30 4:00,6.08
13113,2003/12/30 4:30,6.08
13114,2003/12/30 5:00,6.08
13115,2003/12/30 5:30,6.08
13116,2003/12/30 6:00,6.08
13117,2003/12/30 6:30,6.08
13118,2003/12/30 7:00,14.495
13119,2003/12/30 7:30,14.495
13120,2003/12/30 8:00,14.495
13121,2003/12/30 8:30,14.495
13122,2003/12/30 9:00,14.495
13123,2003/12/30 9:30,14.495
13124,2003/12/30 10:00,14.495
13125,2003/12/30 10:30,14.495
13126,2003/12/30 11:00,14.495
13127,2003/12/30 11:30,14.495
13128,2003/12/30 12:00,14.495
13129,2003/12/30 12:30,14.495
13130,2003/12/30 13:00,14.495
13131,2003/12/30 13:30,14.495
13132,2003/12/30 14:00,14.495
13133,2003/12/30 14:30,14.495
13134,2003/12/30 15:00,14.495
13135,2003/12/30 15:30,14.495
13136,2003/12/30 16:00,14.495
13137,2003/12/30 16:30,14.495
13138,2003/12/30 17:00,14.495
13139,2003/12/30 17:30,14.495
13140,2003/12/30 18:00,14.495
13141,2003/12/30 18:30,14.495
13142,2003/12/30 19:00,14.495
13143,2003/12/30 19:30,14.495
13144,2003/12/30 20:00,14.495
13145,2003/12/30 20:30,14.495
13146,2003/12/30 21:00,14.495
13147,2003/12/30 21:30,14.495
13148,2003/12/30 22:00,14.495
13149,2003/12/30 22:30,14.495
13150,2003/12/30 23:00,14.495
13151,2003/12/30 23:30,14.495
13152,2003/12/31 0:00,6.08
13153,2003/12/31 0:30,6.08
13154,2003/12/31 1:00,6.08
13155,2003/12/31 1:30,6.08
13156,2003/12/31 2:00,6.08
13157,2003/12/31 2:30,6.08
13158,2003/12/31 3:00,6.08
13159,2003/12/31 3:30,6.08
13160,2003/12/31 4:00,6.08
13161,2003/12/31 4:30,6.08
13162,2003/12/31 5:00,6.08
13163,2003/12/31 5:30,6.08
13164,2003/12/31 6:00,6.08
13165,2003/12/31 6:30,6.08
13166,2003/12/31 7:00,14.495
13167,2003/12/31 7:30,14.495
13168,2003/12/31 8:00,14.495
13169,2003/12/31 8:30,14.495
13170,2003/12/31 9:00,14.495
13171,2003/12/31 9:30,14.495
13172,2003/12/31 10:00,14.495
13173,2003/12/31 10:30,14.495
13174,2003/12/31 11:00,14.495
13175,2003/12/31 11:30,14.495
13176,2003/12/31 12:00,14.495
13177,2003/12/31 12:30,14.495
13178,2003/12/31 13:00,14.495
13179,2003/12/31 13:30,14.495
13180,2003/12/31 14:00,14.495
13181,2003/12/31 14:30,14.495
13182,2003/12/31 15:00,14.495
13183,2003/12/31 15:30,14.495
13184,2003/12/31 16:00,14.495
13185,2003/12/31 16:30,14.495
13186,2003/12/31 17:00,14.495
13187,2003/12/31 17:30,14.495
13188,2003/12/31 18:00,14.495
13189,2003/12/31 18:30,14.495
13190,2003/12/31 19:00,14.495
13191,2003/12/31 19:30,14.495
13192,2003/12/31 20:00,14.495
13193,2003/12/31 20:30,14.495
13194,2003/12/31 21:00,14.495
13195,2003/12/31 21:30,14.495
13196,2003/12/31 22:00,14.495
13197,2003/12/31 22:30,14.495
13198,2003/12/31 23:00,14.495
13199,2003/12/31 23:30,14.495
13200,2004/1/1 0:00,6.08
13201,2004/1/1 0:30,6.08
13202,2004/1/1 1:00,6.08
13203,2004/1/1 1:30,6.08
13204,2004/1/1 2:00,6.08
13205,2004/1/1 2:30,6.08
13206,2004/1/1 3:00,6.08
13207,2004/1/1 3:30,6.08
13208,2004/1/1 4:00,6.08
13209,2004/1/1 4:30,6.08
13210,2004/1/1 5:00,6.08
13211,2004/1/1 5:30,6.08
13212,2004/1/1 6:00,6.08
13213,2004/1/1 6:30,6.08
13214,2004/1/1 7:00,14.495
13215,2004/1/1 7:30,14.495
13216,2004/1/1 8:00,14.495
13217,2004/1/1 8:30,14.495
13218,2004/1/1 9:00,14.495
13219,2004/1/1 9:30,14.495
13220,2004/1/1 10:00,14.495
13221,2004/1/1 10:30,14.495
13222,2004/1/1 11:00,14.495
13223,2004/1/1 11:30,14.495
13224,2004/1/1 12:00,14.495
13225,2004/1/1 12:30,14.495
13226,2004/1/1 13:00,14.495
13227,2004/1/1 13:30,14.495
13228,2004/1/1 14:00,14.495
13229,2004/1/1 14:30,14.495
13230,2004/1/1 15:00,14.495
13231,2004/1/1 15:30,14.495
13232,2004/1/1 16:00,14.495
13233,2004/1/1 16:30,14.495
13234,2004/1/1 17:00,14.495
13235,2004/1/1 17:30,14.495
13236,2004/1/1 18:00,14.495
13237,2004/1/1 18:30,14.495
13238,2004/1/1 19:00,14.495
13239,2004/1/1 19:30,14.495
13240,2004/1/1 20:00,14.495
13241,2004/1/1 20:30,14.495
13242,2004/1/1 21:00,14.495
13243,2004/1/1 21:30,14.495
13244,2004/1/1 22:00,14.495
13245,2004/1/1 22:30,14.495
13246,2004/1/1 23:00,14.495
13247,2004/1/1 23:30,14.495
13248,2004/1/2 0:00,6.08
13249,2004/1/2 0:30,6.08
13250,2004/1/2 1:00,6.08
13251,2004/1/2 1:30,6.08
13252,2004/1/2 2:00,6.08
13253,2004/1/2 2:30,6.08
13254,2004/1/2 3:00,6.08
13255,2004/1/2 3:30,6.08
13256,2004/1/2 4:00,6.08
13257,2004/1/2 4:30,6.08
13258,2004/1/2 5:00,6.08
13259,2004/1/2 5:30,6.08
13260,2004/1/2 6:00,6.08
13261,2004/1/2 6:30,6.08
13262,2004/1/2 7:00,14.495
13263,2004/1/2 7:30,14.495
13264,2004/1/2 8:00,14.495
13265,2004/1/2 8:30,14.495
13266,2004/1/2 9:00,14.495
13267,2004/1/2 9:30,14.495
13268,2004/1/2 10:00,14.495
13269,2004/1/2 10:30,14.495
13270,2004/1/2 11:00,14.495
13271,2004/1/2 11:30,14.495
13272,2004/1/2 12:00,14.495
13273,2004/1/2 12:30,14.495
13274,2004/1/2 13:00,14.495
13275,2004/1/2 13:30,14.495
13276,2004/1/2 14:00,14.495
13277,2004/1/2 14:30,14.495
13278,2004/1/2 15:00,14.495
13279,2004/1/2 15:30,14.495
13280,2004/1/2 16:00,14.495
13281,2004/1/2 16:30,14.495
13282,2004/1/2 17:00,14.495
13283,2004/1/2 17:30,14.495
13284,2004/1/2 18:00,14.495
13285,2004/1/2 18:30,14.495
13286,2004/1/2 19:00,14.495
13287,2004/1/2 19:30,14.495
13288,2004/1/2 20:00,14.495
13289,2004/1/2 20:30,14.495
13290,2004/1/2 21:00,14.495
13291,2004/1/2 21:30,14.495
13292,2004/1/2 22:00,14.495
13293,2004/1/2 22:30,14.495
13294,2004/1/2 23:00,14.495
13295,2004/1/2 23:30,14.495
13296,2004/1/3 0:00,6.08
13297,2004/1/3 0:30,6.08
13298,2004/1/3 1:00,6.08
13299,2004/1/3 1:30,6.08
13300,2004/1/3 2:00,6.08
13301,2004/1/3 2:30,6.08
13302,2004/1/3 3:00,6.08
13303,2004/1/3 3:30,6.08
13304,2004/1/3 4:00,6.08
13305,2004/1/3 4:30,6.08
13306,2004/1/3 5:00,6.08
13307,2004/1/3 5:30,6.08
13308,2004/1/3 6:00,6.08
13309,2004/1/3 6:30,6.08
13310,2004/1/3 7:00,14.495
13311,2004/1/3 7:30,14.495
13312,2004/1/3 8:00,14.495
13313,2004/1/3 8:30,14.495
13314,2004/1/3 9:00,14.495
13315,2004/1/3 9:30,14.495
13316,2004/1/3 10:00,14.495
13317,2004/1/3 10:30,14.495
13318,2004/1/3 11:00,14.495
13319,2004/1/3 11:30,14.495
13320,2004/1/3 12:00,14.495
13321,2004/1/3 12:30,14.495
13322,2004/1/3 13:00,14.495
13323,2004/1/3 13:30,14.495
13324,2004/1/3 14:00,14.495
13325,2004/1/3 14:30,14.495
13326,2004/1/3 15:00,14.495
13327,2004/1/3 15:30,14.495
13328,2004/1/3 16:00,14.495
13329,2004/1/3 16:30,14.495
13330,2004/1/3 17:00,14.495
13331,2004/1/3 17:30,14.495
13332,2004/1/3 18:00,14.495
13333,2004/1/3 18:30,14.495
13334,2004/1/3 19:00,14.495
13335,2004/1/3 19:30,14.495
13336,2004/1/3 20:00,14.495
13337,2004/1/3 20:30,14.495
13338,2004/1/3 21:00,14.495
13339,2004/1/3 21:30,14.495
13340,2004/1/3 22:00,14.495
13341,2004/1/3 22:30,14.495
13342,2004/1/3 23:00,14.495
13343,2004/1/3 23:30,14.495
13344,2004/1/4 0:00,6.08
13345,2004/1/4 0:30,6.08
13346,2004/1/4 1:00,6.08
13347,2004/1/4 1:30,6.08
13348,2004/1/4 2:00,6.08
13349,2004/1/4 2:30,6.08
13350,2004/1/4 3:00,6.08
13351,2004/1/4 3:30,6.08
13352,2004/1/4 4:00,6.08
13353,2004/1/4 4:30,6.08
13354,2004/1/4 5:00,6.08
13355,2004/1/4 5:30,6.08
13356,2004/1/4 6:00,6.08
13357,2004/1/4 6:30,6.08
13358,2004/1/4 7:00,14.495
13359,2004/1/4 7:30,14.495
13360,2004/1/4 8:00,14.495
13361,2004/1/4 8:30,14.495
13362,2004/1/4 9:00,14.495
13363,2004/1/4 9:30,14.495
13364,2004/1/4 10:00,14.495
13365,2004/1/4 10:30,14.495
13366,2004/1/4 11:00,14.495
13367,2004/1/4 11:30,14.495
13368,2004/1/4 12:00,14.495
13369,2004/1/4 12:30,14.495
13370,2004/1/4 13:00,14.495
13371,2004/1/4 13:30,14.495
13372,2004/1/4 14:00,14.495
13373,2004/1/4 14:30,14.495
13374,2004/1/4 15:00,14.495
13375,2004/1/4 15:30,14.495
13376,2004/1/4 16:00,14.495
13377,2004/1/4 16:30,14.495
13378,2004/1/4 17:00,14.495
13379,2004/1/4 17:30,14.495
13380,2004/1/4 18:00,14.495
13381,2004/1/4 18:30,14.495
13382,2004/1/4 19:00,14.495
13383,2004/1/4 19:30,14.495
13384,2004/1/4 20:00,14.495
13385,2004/1/4 20:30,14.495
13386,2004/1/4 21:00,14.495
13387,2004/1/4 21:30,14.495
13388,2004/1/4 22:00,14.495
13389,2004/1/4 22:30,14.495
13390,2004/1/4 23:00,14.495
13391,2004/1/4 23:30,14.495
13392,2004/1/5 0:00,6.08
13393,2004/1/5 0:30,6.08
13394,2004/1/5 1:00,6.08
13395,2004/1/5 1:30,6.08
13396,2004/1/5 2:00,6.08
13397,2004/1/5 2:30,6.08
13398,2004/1/5 3:00,6.08
13399,2004/1/5 3:30,6.08
13400,2004/1/5 4:00,6.08
13401,2004/1/5 4:30,6.08
13402,2004/1/5 5:00,6.08
13403,2004/1/5 5:30,6.08
13404,2004/1/5 6:00,6.08
13405,2004/1/5 6:30,6.08
13406,2004/1/5 7:00,14.495
13407,2004/1/5 7:30,14.495
13408,2004/1/5 8:00,14.495
13409,2004/1/5 8:30,14.495
13410,2004/1/5 9:00,14.495
13411,2004/1/5 9:30,14.495
13412,2004/1/5 10:00,14.495
13413,2004/1/5 10:30,14.495
13414,2004/1/5 11:00,14.495
13415,2004/1/5 11:30,14.495
13416,2004/1/5 12:00,14.495
13417,2004/1/5 12:30,14.495
13418,2004/1/5 13:00,14.495
13419,2004/1/5 13:30,14.495
13420,2004/1/5 14:00,14.495
13421,2004/1/5 14:30,14.495
13422,2004/1/5 15:00,14.495
13423,2004/1/5 15:30,14.495
13424,2004/1/5 16:00,14.495
13425,2004/1/5 16:30,14.495
13426,2004/1/5 17:00,14.495
13427,2004/1/5 17:30,14.495
13428,2004/1/5 18:00,14.495
13429,2004/1/5 18:30,14.495
13430,2004/1/5 19:00,14.495
13431,2004/1/5 19:30,14.495
13432,2004/1/5 20:00,14.495
13433,2004/1/5 20:30,14.495
13434,2004/1/5 21:00,14.495
13435,2004/1/5 21:30,14.495
13436,2004/1/5 22:00,14.495
13437,2004/1/5 22:30,14.495
13438,2004/1/5 23:00,14.495
13439,2004/1/5 23:30,14.495
13440,2004/1/6 0:00,6.08
13441,2004/1/6 0:30,6.08
13442,2004/1/6 1:00,6.08
13443,2004/1/6 1:30,6.08
13444,2004/1/6 2:00,6.08
13445,2004/1/6 2:30,6.08
13446,2004/1/6 3:00,6.08
13447,2004/1/6 3:30,6.08
13448,2004/1/6 4:00,6.08
13449,2004/1/6 4:30,6.08
13450,2004/1/6 5:00,6.08
13451,2004/1/6 5:30,6.08
13452,2004/1/6 6:00,6.08
13453,2004/1/6 6:30,6.08
13454,2004/1/6 7:00,14.495
13455,2004/1/6 7:30,14.495
13456,2004/1/6 8:00,14.495
13457,2004/1/6 8:30,14.495
13458,2004/1/6 9:00,14.495
13459,2004/1/6 9:30,14.495
13460,2004/1/6 10:00,14.495
13461,2004/1/6 10:30,14.495
13462,2004/1/6 11:00,14.495
13463,2004/1/6 11:30,14.495
13464,2004/1/6 12:00,14.495
13465,2004/1/6 12:30,14.495
13466,2004/1/6 13:00,14.495
13467,2004/1/6 13:30,14.495
13468,2004/1/6 14:00,14.495
13469,2004/1/6 14:30,14.495
13470,2004/1/6 15:00,14.495
13471,2004/1/6 15:30,14.495
13472,2004/1/6 16:00,14.495
13473,2004/1/6 16:30,14.495
13474,2004/1/6 17:00,14.495
13475,2004/1/6 17:30,14.495
13476,2004/1/6 18:00,14.495
13477,2004/1/6 18:30,14.495
13478,2004/1/6 19:00,14.495
13479,2004/1/6 19:30,14.495
13480,2004/1/6 20:00,14.495
13481,2004/1/6 20:30,14.495
13482,2004/1/6 21:00,14.495
13483,2004/1/6 21:30,14.495
13484,2004/1/6 22:00,14.495
13485,2004/1/6 22:30,14.495
13486,2004/1/6 23:00,14.495
13487,2004/1/6 23:30,14.495
13488,2004/1/7 0:00,6.08
13489,2004/1/7 0:30,6.08
13490,2004/1/7 1:00,6.08
13491,2004/1/7 1:30,6.08
13492,2004/1/7 2:00,6.08
13493,2004/1/7 2:30,6.08
13494,2004/1/7 3:00,6.08
13495,2004/1/7 3:30,6.08
13496,2004/1/7 4:00,6.08
13497,2004/1/7 4:30,6.08
13498,2004/1/7 5:00,6.08
13499,2004/1/7 5:30,6.08
13500,2004/1/7 6:00,6.08
13501,2004/1/7 6:30,6.08
13502,2004/1/7 7:00,14.495
13503,2004/1/7 7:30,14.495
13504,2004/1/7 8:00,14.495
13505,2004/1/7 8:30,14.495
13506,2004/1/7 9:00,14.495
13507,2004/1/7 9:30,14.495
13508,2004/1/7 10:00,14.495
13509,2004/1/7 10:30,14.495
13510,2004/1/7 11:00,14.495
13511,2004/1/7 11:30,14.495
13512,2004/1/7 12:00,14.495
13513,2004/1/7 12:30,14.495
13514,2004/1/7 13:00,14.495
13515,2004/1/7 13:30,14.495
13516,2004/1/7 14:00,14.495
13517,2004/1/7 14:30,14.495
13518,2004/1/7 15:00,14.495
13519,2004/1/7 15:30,14.495
13520,2004/1/7 16:00,14.495
13521,2004/1/7 16:30,14.495
13522,2004/1/7 17:00,14.495
13523,2004/1/7 17:30,14.495
13524,2004/1/7 18:00,14.495
13525,2004/1/7 18:30,14.495
13526,2004/1/7 19:00,14.495
13527,2004/1/7 19:30,14.495
13528,2004/1/7 20:00,14.495
13529,2004/1/7 20:30,14.495
13530,2004/1/7 21:00,14.495
13531,2004/1/7 21:30,14.495
13532,2004/1/7 22:00,14.495
13533,2004/1/7 22:30,14.495
13534,2004/1/7 23:00,14.495
13535,2004/1/7 23:30,14.495
13536,2004/1/8 0:00,6.08
13537,2004/1/8 0:30,6.08
13538,2004/1/8 1:00,6.08
13539,2004/1/8 1:30,6.08
13540,2004/1/8 2:00,6.08
13541,2004/1/8 2:30,6.08
13542,2004/1/8 3:00,6.08
13543,2004/1/8 3:30,6.08
13544,2004/1/8 4:00,6.08
13545,2004/1/8 4:30,6.08
13546,2004/1/8 5:00,6.08
13547,2004/1/8 5:30,6.08
13548,2004/1/8 6:00,6.08
13549,2004/1/8 6:30,6.08
13550,2004/1/8 7:00,14.495
13551,2004/1/8 7:30,14.495
13552,2004/1/8 8:00,14.495
13553,2004/1/8 8:30,14.495
13554,2004/1/8 9:00,14.495
13555,2004/1/8 9:30,14.495
13556,2004/1/8 10:00,14.495
13557,2004/1/8 10:30,14.495
13558,2004/1/8 11:00,14.495
13559,2004/1/8 11:30,14.495
13560,2004/1/8 12:00,14.495
13561,2004/1/8 12:30,14.495
13562,2004/1/8 13:00,14.495
13563,2004/1/8 13:30,14.495
13564,2004/1/8 14:00,14.495
13565,2004/1/8 14:30,14.495
13566,2004/1/8 15:00,14.495
13567,2004/1/8 15:30,14.495
13568,2004/1/8 16:00,14.495
13569,2004/1/8 16:30,14.495
13570,2004/1/8 17:00,14.495
13571,2004/1/8 17:30,14.495
13572,2004/1/8 18:00,14.495
13573,2004/1/8 18:30,14.495
13574,2004/1/8 19:00,14.495
13575,2004/1/8 19:30,14.495
13576,2004/1/8 20:00,14.495
13577,2004/1/8 20:30,14.495
13578,2004/1/8 21:00,14.495
13579,2004/1/8 21:30,14.495
13580,2004/1/8 22:00,14.495
13581,2004/1/8 22:30,14.495
13582,2004/1/8 23:00,14.495
13583,2004/1/8 23:30,14.495
13584,2004/1/9 0:00,6.08
13585,2004/1/9 0:30,6.08
13586,2004/1/9 1:00,6.08
13587,2004/1/9 1:30,6.08
13588,2004/1/9 2:00,6.08
13589,2004/1/9 2:30,6.08
13590,2004/1/9 3:00,6.08
13591,2004/1/9 3:30,6.08
13592,2004/1/9 4:00,6.08
13593,2004/1/9 4:30,6.08
13594,2004/1/9 5:00,6.08
13595,2004/1/9 5:30,6.08
13596,2004/1/9 6:00,6.08
13597,2004/1/9 6:30,6.08
13598,2004/1/9 7:00,14.495
13599,2004/1/9 7:30,14.495
13600,2004/1/9 8:00,14.495
13601,2004/1/9 8:30,14.495
13602,2004/1/9 9:00,14.495
13603,2004/1/9 9:30,14.495
13604,2004/1/9 10:00,14.495
13605,2004/1/9 10:30,14.495
13606,2004/1/9 11:00,14.495
13607,2004/1/9 11:30,14.495
13608,2004/1/9 12:00,14.495
13609,2004/1/9 12:30,14.495
13610,2004/1/9 13:00,14.495
13611,2004/1/9 13:30,14.495
13612,2004/1/9 14:00,14.495
13613,2004/1/9 14:30,14.495
13614,2004/1/9 15:00,14.495
13615,2004/1/9 15:30,14.495
13616,2004/1/9 16:00,14.495
13617,2004/1/9 16:30,14.495
13618,2004/1/9 17:00,14.495
13619,2004/1/9 17:30,14.495
13620,2004/1/9 18:00,14.495
13621,2004/1/9 18:30,14.495
13622,2004/1/9 19:00,14.495
13623,2004/1/9 19:30,14.495
13624,2004/1/9 20:00,14.495
13625,2004/1/9 20:30,14.495
13626,2004/1/9 21:00,14.495
13627,2004/1/9 21:30,14.495
13628,2004/1/9 22:00,14.495
13629,2004/1/9 22:30,14.495
13630,2004/1/9 23:00,14.495
13631,2004/1/9 23:30,14.495
13632,2004/1/10 0:00,6.08
13633,2004/1/10 0:30,6.08
13634,2004/1/10 1:00,6.08
13635,2004/1/10 1:30,6.08
13636,2004/1/10 2:00,6.08
13637,2004/1/10 2:30,6.08
13638,2004/1/10 3:00,6.08
13639,2004/1/10 3:30,6.08
13640,2004/1/10 4:00,6.08
13641,2004/1/10 4:30,6.08
13642,2004/1/10 5:00,6.08
13643,2004/1/10 5:30,6.08
13644,2004/1/10 6:00,6.08
13645,2004/1/10 6:30,6.08
13646,2004/1/10 7:00,14.495
13647,2004/1/10 7:30,14.495
13648,2004/1/10 8:00,14.495
13649,2004/1/10 8:30,14.495
13650,2004/1/10 9:00,14.495
13651,2004/1/10 9:30,14.495
13652,2004/1/10 10:00,14.495
13653,2004/1/10 10:30,14.495
13654,2004/1/10 11:00,14.495
13655,2004/1/10 11:30,14.495
13656,2004/1/10 12:00,14.495
13657,2004/1/10 12:30,14.495
13658,2004/1/10 13:00,14.495
13659,2004/1/10 13:30,14.495
13660,2004/1/10 14:00,14.495
13661,2004/1/10 14:30,14.495
13662,2004/1/10 15:00,14.495
13663,2004/1/10 15:30,14.495
13664,2004/1/10 16:00,14.495
13665,2004/1/10 16:30,14.495
13666,2004/1/10 17:00,14.495
13667,2004/1/10 17:30,14.495
13668,2004/1/10 18:00,14.495
13669,2004/1/10 18:30,14.495
13670,2004/1/10 19:00,14.495
13671,2004/1/10 19:30,14.495
13672,2004/1/10 20:00,14.495
13673,2004/1/10 20:30,14.495
13674,2004/1/10 21:00,14.495
13675,2004/1/10 21:30,14.495
13676,2004/1/10 22:00,14.495
13677,2004/1/10 22:30,14.495
13678,2004/1/10 23:00,14.495
13679,2004/1/10 23:30,14.495
13680,2004/1/11 0:00,6.08
13681,2004/1/11 0:30,6.08
13682,2004/1/11 1:00,6.08
13683,2004/1/11 1:30,6.08
13684,2004/1/11 2:00,6.08
13685,2004/1/11 2:30,6.08
13686,2004/1/11 3:00,6.08
13687,2004/1/11 3:30,6.08
13688,2004/1/11 4:00,6.08
13689,2004/1/11 4:30,6.08
13690,2004/1/11 5:00,6.08
13691,2004/1/11 5:30,6.08
13692,2004/1/11 6:00,6.08
13693,2004/1/11 6:30,6.08
13694,2004/1/11 7:00,14.495
13695,2004/1/11 7:30,14.495
13696,2004/1/11 8:00,14.495
13697,2004/1/11 8:30,14.495
13698,2004/1/11 9:00,14.495
13699,2004/1/11 9:30,14.495
13700,2004/1/11 10:00,14.495
13701,2004/1/11 10:30,14.495
13702,2004/1/11 11:00,14.495
13703,2004/1/11 11:30,14.495
13704,2004/1/11 12:00,14.495
13705,2004/1/11 12:30,14.495
13706,2004/1/11 13:00,14.495
13707,2004/1/11 13:30,14.495
13708,2004/1/11 14:00,14.495
13709,2004/1/11 14:30,14.495
13710,2004/1/11 15:00,14.495
13711,2004/1/11 15:30,14.495
13712,2004/1/11 16:00,14.495
13713,2004/1/11 16:30,14.495
13714,2004/1/11 17:00,14.495
13715,2004/1/11 17:30,14.495
13716,2004/1/11 18:00,14.495
13717,2004/1/11 18:30,14.495
13718,2004/1/11 19:00,14.495
13719,2004/1/11 19:30,14.495
13720,2004/1/11 20:00,14.495
13721,2004/1/11 20:30,14.495
13722,2004/1/11 21:00,14.495
13723,2004/1/11 21:30,14.495
13724,2004/1/11 22:00,14.495
13725,2004/1/11 22:30,14.495
13726,2004/1/11 23:00,14.495
13727,2004/1/11 23:30,14.495
13728,2004/1/12 0:00,6.08
13729,2004/1/12 0:30,6.08
13730,2004/1/12 1:00,6.08
13731,2004/1/12 1:30,6.08
13732,2004/1/12 2:00,6.08
13733,2004/1/12 2:30,6.08
13734,2004/1/12 3:00,6.08
13735,2004/1/12 3:30,6.08
13736,2004/1/12 4:00,6.08
13737,2004/1/12 4:30,6.08
13738,2004/1/12 5:00,6.08
13739,2004/1/12 5:30,6.08
13740,2004/1/12 6:00,6.08
13741,2004/1/12 6:30,6.08
13742,2004/1/12 7:00,14.495
13743,2004/1/12 7:30,14.495
13744,2004/1/12 8:00,14.495
13745,2004/1/12 8:30,14.495
13746,2004/1/12 9:00,14.495
13747,2004/1/12 9:30,14.495
13748,2004/1/12 10:00,14.495
13749,2004/1/12 10:30,14.495
13750,2004/1/12 11:00,14.495
13751,2004/1/12 11:30,14.495
13752,2004/1/12 12:00,14.495
13753,2004/1/12 12:30,14.495
13754,2004/1/12 13:00,14.495
13755,2004/1/12 13:30,14.495
13756,2004/1/12 14:00,14.495
13757,2004/1/12 14:30,14.495
13758,2004/1/12 15:00,14.495
13759,2004/1/12 15:30,14.495
13760,2004/1/12 16:00,14.495
13761,2004/1/12 16:30,14.495
13762,2004/1/12 17:00,14.495
13763,2004/1/12 17:30,14.495
13764,2004/1/12 18:00,14.495
13765,2004/1/12 18:30,14.495
13766,2004/1/12 19:00,14.495
13767,2004/1/12 19:30,14.495
13768,2004/1/12 20:00,14.495
13769,2004/1/12 20:30,14.495
13770,2004/1/12 21:00,14.495
13771,2004/1/12 21:30,14.495
13772,2004/1/12 22:00,14.495
13773,2004/1/12 22:30,14.495
13774,2004/1/12 23:00,14.495
13775,2004/1/12 23:30,14.495
13776,2004/1/13 0:00,6.08
13777,2004/1/13 0:30,6.08
13778,2004/1/13 1:00,6.08
13779,2004/1/13 1:30,6.08
13780,2004/1/13 2:00,6.08
13781,2004/1/13 2:30,6.08
13782,2004/1/13 3:00,6.08
13783,2004/1/13 3:30,6.08
13784,2004/1/13 4:00,6.08
13785,2004/1/13 4:30,6.08
13786,2004/1/13 5:00,6.08
13787,2004/1/13 5:30,6.08
13788,2004/1/13 6:00,6.08
13789,2004/1/13 6:30,6.08
13790,2004/1/13 7:00,14.495
13791,2004/1/13 7:30,14.495
13792,2004/1/13 8:00,14.495
13793,2004/1/13 8:30,14.495
13794,2004/1/13 9:00,14.495
13795,2004/1/13 9:30,14.495
13796,2004/1/13 10:00,14.495
13797,2004/1/13 10:30,14.495
13798,2004/1/13 11:00,14.495
13799,2004/1/13 11:30,14.495
13800,2004/1/13 12:00,14.495
13801,2004/1/13 12:30,14.495
13802,2004/1/13 13:00,14.495
13803,2004/1/13 13:30,14.495
13804,2004/1/13 14:00,14.495
13805,2004/1/13 14:30,14.495
13806,2004/1/13 15:00,14.495
13807,2004/1/13 15:30,14.495
13808,2004/1/13 16:00,14.495
13809,2004/1/13 16:30,14.495
13810,2004/1/13 17:00,14.495
13811,2004/1/13 17:30,14.495
13812,2004/1/13 18:00,14.495
13813,2004/1/13 18:30,14.495
13814,2004/1/13 19:00,14.495
13815,2004/1/13 19:30,14.495
13816,2004/1/13 20:00,14.495
13817,2004/1/13 20:30,14.495
13818,2004/1/13 21:00,14.495
13819,2004/1/13 21:30,14.495
13820,2004/1/13 22:00,14.495
13821,2004/1/13 22:30,14.495
13822,2004/1/13 23:00,14.495
13823,2004/1/13 23:30,14.495
13824,2004/1/14 0:00,6.08
13825,2004/1/14 0:30,6.08
13826,2004/1/14 1:00,6.08
13827,2004/1/14 1:30,6.08
13828,2004/1/14 2:00,6.08
13829,2004/1/14 2:30,6.08
13830,2004/1/14 3:00,6.08
13831,2004/1/14 3:30,6.08
13832,2004/1/14 4:00,6.08
13833,2004/1/14 4:30,6.08
13834,2004/1/14 5:00,6.08
13835,2004/1/14 5:30,6.08
13836,2004/1/14 6:00,6.08
13837,2004/1/14 6:30,6.08
13838,2004/1/14 7:00,14.495
13839,2004/1/14 7:30,14.495
13840,2004/1/14 8:00,14.495
13841,2004/1/14 8:30,14.495
13842,2004/1/14 9:00,14.495
13843,2004/1/14 9:30,14.495
13844,2004/1/14 10:00,14.495
13845,2004/1/14 10:30,14.495
13846,2004/1/14 11:00,14.495
13847,2004/1/14 11:30,14.495
13848,2004/1/14 12:00,14.495
13849,2004/1/14 12:30,14.495
13850,2004/1/14 13:00,14.495
13851,2004/1/14 13:30,14.495
13852,2004/1/14 14:00,14.495
13853,2004/1/14 14:30,14.495
13854,2004/1/14 15:00,14.495
13855,2004/1/14 15:30,14.495
13856,2004/1/14 16:00,14.495
13857,2004/1/14 16:30,14.495
13858,2004/1/14 17:00,14.495
13859,2004/1/14 17:30,14.495
13860,2004/1/14 18:00,14.495
13861,2004/1/14 18:30,14.495
13862,2004/1/14 19:00,14.495
13863,2004/1/14 19:30,14.495
13864,2004/1/14 20:00,14.495
13865,2004/1/14 20:30,14.495
13866,2004/1/14 21:00,14.495
13867,2004/1/14 21:30,14.495
13868,2004/1/14 22:00,14.495
13869,2004/1/14 22:30,14.495
13870,2004/1/14 23:00,14.495
13871,2004/1/14 23:30,14.495
13872,2004/1/15 0:00,6.08
13873,2004/1/15 0:30,6.08
13874,2004/1/15 1:00,6.08
13875,2004/1/15 1:30,6.08
13876,2004/1/15 2:00,6.08
13877,2004/1/15 2:30,6.08
13878,2004/1/15 3:00,6.08
13879,2004/1/15 3:30,6.08
13880,2004/1/15 4:00,6.08
13881,2004/1/15 4:30,6.08
13882,2004/1/15 5:00,6.08
13883,2004/1/15 5:30,6.08
13884,2004/1/15 6:00,6.08
13885,2004/1/15 6:30,6.08
13886,2004/1/15 7:00,14.495
13887,2004/1/15 7:30,14.495
13888,2004/1/15 8:00,14.495
13889,2004/1/15 8:30,14.495
13890,2004/1/15 9:00,14.495
13891,2004/1/15 9:30,14.495
13892,2004/1/15 10:00,14.495
13893,2004/1/15 10:30,14.495
13894,2004/1/15 11:00,14.495
13895,2004/1/15 11:30,14.495
13896,2004/1/15 12:00,14.495
13897,2004/1/15 12:30,14.495
13898,2004/1/15 13:00,14.495
13899,2004/1/15 13:30,14.495
13900,2004/1/15 14:00,14.495
13901,2004/1/15 14:30,14.495
13902,2004/1/15 15:00,14.495
13903,2004/1/15 15:30,14.495
13904,2004/1/15 16:00,14.495
13905,2004/1/15 16:30,14.495
13906,2004/1/15 17:00,14.495
13907,2004/1/15 17:30,14.495
13908,2004/1/15 18:00,14.495
13909,2004/1/15 18:30,14.495
13910,2004/1/15 19:00,14.495
13911,2004/1/15 19:30,14.495
13912,2004/1/15 20:00,14.495
13913,2004/1/15 20:30,14.495
13914,2004/1/15 21:00,14.495
13915,2004/1/15 21:30,14.495
13916,2004/1/15 22:00,14.495
13917,2004/1/15 22:30,14.495
13918,2004/1/15 23:00,14.495
13919,2004/1/15 23:30,14.495
13920,2004/1/16 0:00,6.08
13921,2004/1/16 0:30,6.08
13922,2004/1/16 1:00,6.08
13923,2004/1/16 1:30,6.08
13924,2004/1/16 2:00,6.08
13925,2004/1/16 2:30,6.08
13926,2004/1/16 3:00,6.08
13927,2004/1/16 3:30,6.08
13928,2004/1/16 4:00,6.08
13929,2004/1/16 4:30,6.08
13930,2004/1/16 5:00,6.08
13931,2004/1/16 5:30,6.08
13932,2004/1/16 6:00,6.08
13933,2004/1/16 6:30,6.08
13934,2004/1/16 7:00,14.495
13935,2004/1/16 7:30,14.495
13936,2004/1/16 8:00,14.495
13937,2004/1/16 8:30,14.495
13938,2004/1/16 9:00,14.495
13939,2004/1/16 9:30,14.495
13940,2004/1/16 10:00,14.495
13941,2004/1/16 10:30,14.495
13942,2004/1/16 11:00,14.495
13943,2004/1/16 11:30,14.495
13944,2004/1/16 12:00,14.495
13945,2004/1/16 12:30,14.495
13946,2004/1/16 13:00,14.495
13947,2004/1/16 13:30,14.495
13948,2004/1/16 14:00,14.495
13949,2004/1/16 14:30,14.495
13950,2004/1/16 15:00,14.495
13951,2004/1/16 15:30,14.495
13952,2004/1/16 16:00,14.495
13953,2004/1/16 16:30,14.495
13954,2004/1/16 17:00,14.495
13955,2004/1/16 17:30,14.495
13956,2004/1/16 18:00,14.495
13957,2004/1/16 18:30,14.495
13958,2004/1/16 19:00,14.495
13959,2004/1/16 19:30,14.495
13960,2004/1/16 20:00,14.495
13961,2004/1/16 20:30,14.495
13962,2004/1/16 21:00,14.495
13963,2004/1/16 21:30,14.495
13964,2004/1/16 22:00,14.495
13965,2004/1/16 22:30,14.495
13966,2004/1/16 23:00,14.495
13967,2004/1/16 23:30,14.495
13968,2004/1/17 0:00,6.08
13969,2004/1/17 0:30,6.08
13970,2004/1/17 1:00,6.08
13971,2004/1/17 1:30,6.08
13972,2004/1/17 2:00,6.08
13973,2004/1/17 2:30,6.08
13974,2004/1/17 3:00,6.08
13975,2004/1/17 3:30,6.08
13976,2004/1/17 4:00,6.08
13977,2004/1/17 4:30,6.08
13978,2004/1/17 5:00,6.08
13979,2004/1/17 5:30,6.08
13980,2004/1/17 6:00,6.08
13981,2004/1/17 6:30,6.08
13982,2004/1/17 7:00,14.495
13983,2004/1/17 7:30,14.495
13984,2004/1/17 8:00,14.495
13985,2004/1/17 8:30,14.495
13986,2004/1/17 9:00,14.495
13987,2004/1/17 9:30,14.495
13988,2004/1/17 10:00,14.495
13989,2004/1/17 10:30,14.495
13990,2004/1/17 11:00,14.495
13991,2004/1/17 11:30,14.495
13992,2004/1/17 12:00,14.495
13993,2004/1/17 12:30,14.495
13994,2004/1/17 13:00,14.495
13995,2004/1/17 13:30,14.495
13996,2004/1/17 14:00,14.495
13997,2004/1/17 14:30,14.495
13998,2004/1/17 15:00,14.495
13999,2004/1/17 15:30,14.495
14000,2004/1/17 16:00,14.495
14001,2004/1/17 16:30,14.495
14002,2004/1/17 17:00,14.495
14003,2004/1/17 17:30,14.495
14004,2004/1/17 18:00,14.495
14005,2004/1/17 18:30,14.495
14006,2004/1/17 19:00,14.495
14007,2004/1/17 19:30,14.495
14008,2004/1/17 20:00,14.495
14009,2004/1/17 20:30,14.495
14010,2004/1/17 21:00,14.495
14011,2004/1/17 21:30,14.495
14012,2004/1/17 22:00,14.495
14013,2004/1/17 22:30,14.495
14014,2004/1/17 23:00,14.495
14015,2004/1/17 23:30,14.495
14016,2004/1/18 0:00,6.08
14017,2004/1/18 0:30,6.08
14018,2004/1/18 1:00,6.08
14019,2004/1/18 1:30,6.08
14020,2004/1/18 2:00,6.08
14021,2004/1/18 2:30,6.08
14022,2004/1/18 3:00,6.08
14023,2004/1/18 3:30,6.08
14024,2004/1/18 4:00,6.08
14025,2004/1/18 4:30,6.08
14026,2004/1/18 5:00,6.08
14027,2004/1/18 5:30,6.08
14028,2004/1/18 6:00,6.08
14029,2004/1/18 6:30,6.08
14030,2004/1/18 7:00,14.495
14031,2004/1/18 7:30,14.495
14032,2004/1/18 8:00,14.495
14033,2004/1/18 8:30,14.495
14034,2004/1/18 9:00,14.495
14035,2004/1/18 9:30,14.495
14036,2004/1/18 10:00,14.495
14037,2004/1/18 10:30,14.495
14038,2004/1/18 11:00,14.495
14039,2004/1/18 11:30,14.495
14040,2004/1/18 12:00,14.495
14041,2004/1/18 12:30,14.495
14042,2004/1/18 13:00,14.495
14043,2004/1/18 13:30,14.495
14044,2004/1/18 14:00,14.495
14045,2004/1/18 14:30,14.495
14046,2004/1/18 15:00,14.495
14047,2004/1/18 15:30,14.495
14048,2004/1/18 16:00,14.495
14049,2004/1/18 16:30,14.495
14050,2004/1/18 17:00,14.495
14051,2004/1/18 17:30,14.495
14052,2004/1/18 18:00,14.495
14053,2004/1/18 18:30,14.495
14054,2004/1/18 19:00,14.495
14055,2004/1/18 19:30,14.495
14056,2004/1/18 20:00,14.495
14057,2004/1/18 20:30,14.495
14058,2004/1/18 21:00,14.495
14059,2004/1/18 21:30,14.495
14060,2004/1/18 22:00,14.495
14061,2004/1/18 22:30,14.495
14062,2004/1/18 23:00,14.495
14063,2004/1/18 23:30,14.495
14064,2004/1/19 0:00,6.08
14065,2004/1/19 0:30,6.08
14066,2004/1/19 1:00,6.08
14067,2004/1/19 1:30,6.08
14068,2004/1/19 2:00,6.08
14069,2004/1/19 2:30,6.08
14070,2004/1/19 3:00,6.08
14071,2004/1/19 3:30,6.08
14072,2004/1/19 4:00,6.08
14073,2004/1/19 4:30,6.08
14074,2004/1/19 5:00,6.08
14075,2004/1/19 5:30,6.08
14076,2004/1/19 6:00,6.08
14077,2004/1/19 6:30,6.08
14078,2004/1/19 7:00,14.495
14079,2004/1/19 7:30,14.495
14080,2004/1/19 8:00,14.495
14081,2004/1/19 8:30,14.495
14082,2004/1/19 9:00,14.495
14083,2004/1/19 9:30,14.495
14084,2004/1/19 10:00,14.495
14085,2004/1/19 10:30,14.495
14086,2004/1/19 11:00,14.495
14087,2004/1/19 11:30,14.495
14088,2004/1/19 12:00,14.495
14089,2004/1/19 12:30,14.495
14090,2004/1/19 13:00,14.495
14091,2004/1/19 13:30,14.495
14092,2004/1/19 14:00,14.495
14093,2004/1/19 14:30,14.495
14094,2004/1/19 15:00,14.495
14095,2004/1/19 15:30,14.495
14096,2004/1/19 16:00,14.495
14097,2004/1/19 16:30,14.495
14098,2004/1/19 17:00,14.495
14099,2004/1/19 17:30,14.495
14100,2004/1/19 18:00,14.495
14101,2004/1/19 18:30,14.495
14102,2004/1/19 19:00,14.495
14103,2004/1/19 19:30,14.495
14104,2004/1/19 20:00,14.495
14105,2004/1/19 20:30,14.495
14106,2004/1/19 21:00,14.495
14107,2004/1/19 21:30,14.495
14108,2004/1/19 22:00,14.495
14109,2004/1/19 22:30,14.495
14110,2004/1/19 23:00,14.495
14111,2004/1/19 23:30,14.495
14112,2004/1/20 0:00,6.08
14113,2004/1/20 0:30,6.08
14114,2004/1/20 1:00,6.08
14115,2004/1/20 1:30,6.08
14116,2004/1/20 2:00,6.08
14117,2004/1/20 2:30,6.08
14118,2004/1/20 3:00,6.08
14119,2004/1/20 3:30,6.08
14120,2004/1/20 4:00,6.08
14121,2004/1/20 4:30,6.08
14122,2004/1/20 5:00,6.08
14123,2004/1/20 5:30,6.08
14124,2004/1/20 6:00,6.08
14125,2004/1/20 6:30,6.08
14126,2004/1/20 7:00,14.495
14127,2004/1/20 7:30,14.495
14128,2004/1/20 8:00,14.495
14129,2004/1/20 8:30,14.495
14130,2004/1/20 9:00,14.495
14131,2004/1/20 9:30,14.495
14132,2004/1/20 10:00,14.495
14133,2004/1/20 10:30,14.495
14134,2004/1/20 11:00,14.495
14135,2004/1/20 11:30,14.495
14136,2004/1/20 12:00,14.495
14137,2004/1/20 12:30,14.495
14138,2004/1/20 13:00,14.495
14139,2004/1/20 13:30,14.495
14140,2004/1/20 14:00,14.495
14141,2004/1/20 14:30,14.495
14142,2004/1/20 15:00,14.495
14143,2004/1/20 15:30,14.495
14144,2004/1/20 16:00,14.495
14145,2004/1/20 16:30,14.495
14146,2004/1/20 17:00,14.495
14147,2004/1/20 17:30,14.495
14148,2004/1/20 18:00,14.495
14149,2004/1/20 18:30,14.495
14150,2004/1/20 19:00,14.495
14151,2004/1/20 19:30,14.495
14152,2004/1/20 20:00,14.495
14153,2004/1/20 20:30,14.495
14154,2004/1/20 21:00,14.495
14155,2004/1/20 21:30,14.495
14156,2004/1/20 22:00,14.495
14157,2004/1/20 22:30,14.495
14158,2004/1/20 23:00,14.495
14159,2004/1/20 23:30,14.495
14160,2004/1/21 0:00,6.08
14161,2004/1/21 0:30,6.08
14162,2004/1/21 1:00,6.08
14163,2004/1/21 1:30,6.08
14164,2004/1/21 2:00,6.08
14165,2004/1/21 2:30,6.08
14166,2004/1/21 3:00,6.08
14167,2004/1/21 3:30,6.08
14168,2004/1/21 4:00,6.08
14169,2004/1/21 4:30,6.08
14170,2004/1/21 5:00,6.08
14171,2004/1/21 5:30,6.08
14172,2004/1/21 6:00,6.08
14173,2004/1/21 6:30,6.08
14174,2004/1/21 7:00,14.495
14175,2004/1/21 7:30,14.495
14176,2004/1/21 8:00,14.495
14177,2004/1/21 8:30,14.495
14178,2004/1/21 9:00,14.495
14179,2004/1/21 9:30,14.495
14180,2004/1/21 10:00,14.495
14181,2004/1/21 10:30,14.495
14182,2004/1/21 11:00,14.495
14183,2004/1/21 11:30,14.495
14184,2004/1/21 12:00,14.495
14185,2004/1/21 12:30,14.495
14186,2004/1/21 13:00,14.495
14187,2004/1/21 13:30,14.495
14188,2004/1/21 14:00,14.495
14189,2004/1/21 14:30,14.495
14190,2004/1/21 15:00,14.495
14191,2004/1/21 15:30,14.495
14192,2004/1/21 16:00,14.495
14193,2004/1/21 16:30,14.495
14194,2004/1/21 17:00,14.495
14195,2004/1/21 17:30,14.495
14196,2004/1/21 18:00,14.495
14197,2004/1/21 18:30,14.495
14198,2004/1/21 19:00,14.495
14199,2004/1/21 19:30,14.495
14200,2004/1/21 20:00,14.495
14201,2004/1/21 20:30,14.495
14202,2004/1/21 21:00,14.495
14203,2004/1/21 21:30,14.495
14204,2004/1/21 22:00,14.495
14205,2004/1/21 22:30,14.495
14206,2004/1/21 23:00,14.495
14207,2004/1/21 23:30,14.495
14208,2004/1/22 0:00,6.08
14209,2004/1/22 0:30,6.08
14210,2004/1/22 1:00,6.08
14211,2004/1/22 1:30,6.08
14212,2004/1/22 2:00,6.08
14213,2004/1/22 2:30,6.08
14214,2004/1/22 3:00,6.08
14215,2004/1/22 3:30,6.08
14216,2004/1/22 4:00,6.08
14217,2004/1/22 4:30,6.08
14218,2004/1/22 5:00,6.08
14219,2004/1/22 5:30,6.08
14220,2004/1/22 6:00,6.08
14221,2004/1/22 6:30,6.08
14222,2004/1/22 7:00,14.495
14223,2004/1/22 7:30,14.495
14224,2004/1/22 8:00,14.495
14225,2004/1/22 8:30,14.495
14226,2004/1/22 9:00,14.495
14227,2004/1/22 9:30,14.495
14228,2004/1/22 10:00,14.495
14229,2004/1/22 10:30,14.495
14230,2004/1/22 11:00,14.495
14231,2004/1/22 11:30,14.495
14232,2004/1/22 12:00,14.495
14233,2004/1/22 12:30,14.495
14234,2004/1/22 13:00,14.495
14235,2004/1/22 13:30,14.495
14236,2004/1/22 14:00,14.495
14237,2004/1/22 14:30,14.495
14238,2004/1/22 15:00,14.495
14239,2004/1/22 15:30,14.495
14240,2004/1/22 16:00,14.495
14241,2004/1/22 16:30,14.495
14242,2004/1/22 17:00,14.495
14243,2004/1/22 17:30,14.495
14244,2004/1/22 18:00,14.495
14245,2004/1/22 18:30,14.495
14246,2004/1/22 19:00,14.495
14247,2004/1/22 19:30,14.495
14248,2004/1/22 20:00,14.495
14249,2004/1/22 20:30,14.495
14250,2004/1/22 21:00,14.495
14251,2004/1/22 21:30,14.495
14252,2004/1/22 22:00,14.495
14253,2004/1/22 22:30,14.495
14254,2004/1/22 23:00,14.495
14255,2004/1/22 23:30,14.495
14256,2004/1/23 0:00,6.08
14257,2004/1/23 0:30,6.08
14258,2004/1/23 1:00,6.08
14259,2004/1/23 1:30,6.08
14260,2004/1/23 2:00,6.08
14261,2004/1/23 2:30,6.08
14262,2004/1/23 3:00,6.08
14263,2004/1/23 3:30,6.08
14264,2004/1/23 4:00,6.08
14265,2004/1/23 4:30,6.08
14266,2004/1/23 5:00,6.08
14267,2004/1/23 5:30,6.08
14268,2004/1/23 6:00,6.08
14269,2004/1/23 6:30,6.08
14270,2004/1/23 7:00,14.495
14271,2004/1/23 7:30,14.495
14272,2004/1/23 8:00,14.495
14273,2004/1/23 8:30,14.495
14274,2004/1/23 9:00,14.495
14275,2004/1/23 9:30,14.495
14276,2004/1/23 10:00,14.495
14277,2004/1/23 10:30,14.495
14278,2004/1/23 11:00,14.495
14279,2004/1/23 11:30,14.495
14280,2004/1/23 12:00,14.495
14281,2004/1/23 12:30,14.495
14282,2004/1/23 13:00,14.495
14283,2004/1/23 13:30,14.495
14284,2004/1/23 14:00,14.495
14285,2004/1/23 14:30,14.495
14286,2004/1/23 15:00,14.495
14287,2004/1/23 15:30,14.495
14288,2004/1/23 16:00,14.495
14289,2004/1/23 16:30,14.495
14290,2004/1/23 17:00,14.495
14291,2004/1/23 17:30,14.495
14292,2004/1/23 18:00,14.495
14293,2004/1/23 18:30,14.495
14294,2004/1/23 19:00,14.495
14295,2004/1/23 19:30,14.495
14296,2004/1/23 20:00,14.495
14297,2004/1/23 20:30,14.495
14298,2004/1/23 21:00,14.495
14299,2004/1/23 21:30,14.495
14300,2004/1/23 22:00,14.495
14301,2004/1/23 22:30,14.495
14302,2004/1/23 23:00,14.495
14303,2004/1/23 23:30,14.495
14304,2004/1/24 0:00,6.08
14305,2004/1/24 0:30,6.08
14306,2004/1/24 1:00,6.08
14307,2004/1/24 1:30,6.08
14308,2004/1/24 2:00,6.08
14309,2004/1/24 2:30,6.08
14310,2004/1/24 3:00,6.08
14311,2004/1/24 3:30,6.08
14312,2004/1/24 4:00,6.08
14313,2004/1/24 4:30,6.08
14314,2004/1/24 5:00,6.08
14315,2004/1/24 5:30,6.08
14316,2004/1/24 6:00,6.08
14317,2004/1/24 6:30,6.08
14318,2004/1/24 7:00,14.495
14319,2004/1/24 7:30,14.495
14320,2004/1/24 8:00,14.495
14321,2004/1/24 8:30,14.495
14322,2004/1/24 9:00,14.495
14323,2004/1/24 9:30,14.495
14324,2004/1/24 10:00,14.495
14325,2004/1/24 10:30,14.495
14326,2004/1/24 11:00,14.495
14327,2004/1/24 11:30,14.495
14328,2004/1/24 12:00,14.495
14329,2004/1/24 12:30,14.495
14330,2004/1/24 13:00,14.495
14331,2004/1/24 13:30,14.495
14332,2004/1/24 14:00,14.495
14333,2004/1/24 14:30,14.495
14334,2004/1/24 15:00,14.495
14335,2004/1/24 15:30,14.495
14336,2004/1/24 16:00,14.495
14337,2004/1/24 16:30,14.495
14338,2004/1/24 17:00,14.495
14339,2004/1/24 17:30,14.495
14340,2004/1/24 18:00,14.495
14341,2004/1/24 18:30,14.495
14342,2004/1/24 19:00,14.495
14343,2004/1/24 19:30,14.495
14344,2004/1/24 20:00,14.495
14345,2004/1/24 20:30,14.495
14346,2004/1/24 21:00,14.495
14347,2004/1/24 21:30,14.495
14348,2004/1/24 22:00,14.495
14349,2004/1/24 22:30,14.495
14350,2004/1/24 23:00,14.495
14351,2004/1/24 23:30,14.495
14352,2004/1/25 0:00,6.08
14353,2004/1/25 0:30,6.08
14354,2004/1/25 1:00,6.08
14355,2004/1/25 1:30,6.08
14356,2004/1/25 2:00,6.08
14357,2004/1/25 2:30,6.08
14358,2004/1/25 3:00,6.08
14359,2004/1/25 3:30,6.08
14360,2004/1/25 4:00,6.08
14361,2004/1/25 4:30,6.08
14362,2004/1/25 5:00,6.08
14363,2004/1/25 5:30,6.08
14364,2004/1/25 6:00,6.08
14365,2004/1/25 6:30,6.08
14366,2004/1/25 7:00,14.495
14367,2004/1/25 7:30,14.495
14368,2004/1/25 8:00,14.495
14369,2004/1/25 8:30,14.495
14370,2004/1/25 9:00,14.495
14371,2004/1/25 9:30,14.495
14372,2004/1/25 10:00,14.495
14373,2004/1/25 10:30,14.495
14374,2004/1/25 11:00,14.495
14375,2004/1/25 11:30,14.495
14376,2004/1/25 12:00,14.495
14377,2004/1/25 12:30,14.495
14378,2004/1/25 13:00,14.495
14379,2004/1/25 13:30,14.495
14380,2004/1/25 14:00,14.495
14381,2004/1/25 14:30,14.495
14382,2004/1/25 15:00,14.495
14383,2004/1/25 15:30,14.495
14384,2004/1/25 16:00,14.495
14385,2004/1/25 16:30,14.495
14386,2004/1/25 17:00,14.495
14387,2004/1/25 17:30,14.495
14388,2004/1/25 18:00,14.495
14389,2004/1/25 18:30,14.495
14390,2004/1/25 19:00,14.495
14391,2004/1/25 19:30,14.495
14392,2004/1/25 20:00,14.495
14393,2004/1/25 20:30,14.495
14394,2004/1/25 21:00,14.495
14395,2004/1/25 21:30,14.495
14396,2004/1/25 22:00,14.495
14397,2004/1/25 22:30,14.495
14398,2004/1/25 23:00,14.495
14399,2004/1/25 23:30,14.495
14400,2004/1/26 0:00,6.08
14401,2004/1/26 0:30,6.08
14402,2004/1/26 1:00,6.08
14403,2004/1/26 1:30,6.08
14404,2004/1/26 2:00,6.08
14405,2004/1/26 2:30,6.08
14406,2004/1/26 3:00,6.08
14407,2004/1/26 3:30,6.08
14408,2004/1/26 4:00,6.08
14409,2004/1/26 4:30,6.08
14410,2004/1/26 5:00,6.08
14411,2004/1/26 5:30,6.08
14412,2004/1/26 6:00,6.08
14413,2004/1/26 6:30,6.08
14414,2004/1/26 7:00,14.495
14415,2004/1/26 7:30,14.495
14416,2004/1/26 8:00,14.495
14417,2004/1/26 8:30,14.495
14418,2004/1/26 9:00,14.495
14419,2004/1/26 9:30,14.495
14420,2004/1/26 10:00,14.495
14421,2004/1/26 10:30,14.495
14422,2004/1/26 11:00,14.495
14423,2004/1/26 11:30,14.495
14424,2004/1/26 12:00,14.495
14425,2004/1/26 12:30,14.495
14426,2004/1/26 13:00,14.495
14427,2004/1/26 13:30,14.495
14428,2004/1/26 14:00,14.495
14429,2004/1/26 14:30,14.495
14430,2004/1/26 15:00,14.495
14431,2004/1/26 15:30,14.495
14432,2004/1/26 16:00,14.495
14433,2004/1/26 16:30,14.495
14434,2004/1/26 17:00,14.495
14435,2004/1/26 17:30,14.495
14436,2004/1/26 18:00,14.495
14437,2004/1/26 18:30,14.495
14438,2004/1/26 19:00,14.495
14439,2004/1/26 19:30,14.495
14440,2004/1/26 20:00,14.495
14441,2004/1/26 20:30,14.495
14442,2004/1/26 21:00,14.495
14443,2004/1/26 21:30,14.495
14444,2004/1/26 22:00,14.495
14445,2004/1/26 22:30,14.495
14446,2004/1/26 23:00,14.495
14447,2004/1/26 23:30,14.495
14448,2004/1/27 0:00,6.08
14449,2004/1/27 0:30,6.08
14450,2004/1/27 1:00,6.08
14451,2004/1/27 1:30,6.08
14452,2004/1/27 2:00,6.08
14453,2004/1/27 2:30,6.08
14454,2004/1/27 3:00,6.08
14455,2004/1/27 3:30,6.08
14456,2004/1/27 4:00,6.08
14457,2004/1/27 4:30,6.08
14458,2004/1/27 5:00,6.08
14459,2004/1/27 5:30,6.08
14460,2004/1/27 6:00,6.08
14461,2004/1/27 6:30,6.08
14462,2004/1/27 7:00,14.495
14463,2004/1/27 7:30,14.495
14464,2004/1/27 8:00,14.495
14465,2004/1/27 8:30,14.495
14466,2004/1/27 9:00,14.495
14467,2004/1/27 9:30,14.495
14468,2004/1/27 10:00,14.495
14469,2004/1/27 10:30,14.495
14470,2004/1/27 11:00,14.495
14471,2004/1/27 11:30,14.495
14472,2004/1/27 12:00,14.495
14473,2004/1/27 12:30,14.495
14474,2004/1/27 13:00,14.495
14475,2004/1/27 13:30,14.495
14476,2004/1/27 14:00,14.495
14477,2004/1/27 14:30,14.495
14478,2004/1/27 15:00,14.495
14479,2004/1/27 15:30,14.495
14480,2004/1/27 16:00,14.495
14481,2004/1/27 16:30,14.495
14482,2004/1/27 17:00,14.495
14483,2004/1/27 17:30,14.495
14484,2004/1/27 18:00,14.495
14485,2004/1/27 18:30,14.495
14486,2004/1/27 19:00,14.495
14487,2004/1/27 19:30,14.495
14488,2004/1/27 20:00,14.495
14489,2004/1/27 20:30,14.495
14490,2004/1/27 21:00,14.495
14491,2004/1/27 21:30,14.495
14492,2004/1/27 22:00,14.495
14493,2004/1/27 22:30,14.495
14494,2004/1/27 23:00,14.495
14495,2004/1/27 23:30,14.495
14496,2004/1/28 0:00,6.08
14497,2004/1/28 0:30,6.08
14498,2004/1/28 1:00,6.08
14499,2004/1/28 1:30,6.08
14500,2004/1/28 2:00,6.08
14501,2004/1/28 2:30,6.08
14502,2004/1/28 3:00,6.08
14503,2004/1/28 3:30,6.08
14504,2004/1/28 4:00,6.08
14505,2004/1/28 4:30,6.08
14506,2004/1/28 5:00,6.08
14507,2004/1/28 5:30,6.08
14508,2004/1/28 6:00,6.08
14509,2004/1/28 6:30,6.08
14510,2004/1/28 7:00,14.495
14511,2004/1/28 7:30,14.495
14512,2004/1/28 8:00,14.495
14513,2004/1/28 8:30,14.495
14514,2004/1/28 9:00,14.495
14515,2004/1/28 9:30,14.495
14516,2004/1/28 10:00,14.495
14517,2004/1/28 10:30,14.495
14518,2004/1/28 11:00,14.495
14519,2004/1/28 11:30,14.495
14520,2004/1/28 12:00,14.495
14521,2004/1/28 12:30,14.495
14522,2004/1/28 13:00,14.495
14523,2004/1/28 13:30,14.495
14524,2004/1/28 14:00,14.495
14525,2004/1/28 14:30,14.495
14526,2004/1/28 15:00,14.495
14527,2004/1/28 15:30,14.495
14528,2004/1/28 16:00,14.495
14529,2004/1/28 16:30,14.495
14530,2004/1/28 17:00,14.495
14531,2004/1/28 17:30,14.495
14532,2004/1/28 18:00,14.495
14533,2004/1/28 18:30,14.495
14534,2004/1/28 19:00,14.495
14535,2004/1/28 19:30,14.495
14536,2004/1/28 20:00,14.495
14537,2004/1/28 20:30,14.495
14538,2004/1/28 21:00,14.495
14539,2004/1/28 21:30,14.495
14540,2004/1/28 22:00,14.495
14541,2004/1/28 22:30,14.495
14542,2004/1/28 23:00,14.495
14543,2004/1/28 23:30,14.495
14544,2004/1/29 0:00,6.08
14545,2004/1/29 0:30,6.08
14546,2004/1/29 1:00,6.08
14547,2004/1/29 1:30,6.08
14548,2004/1/29 2:00,6.08
14549,2004/1/29 2:30,6.08
14550,2004/1/29 3:00,6.08
14551,2004/1/29 3:30,6.08
14552,2004/1/29 4:00,6.08
14553,2004/1/29 4:30,6.08
14554,2004/1/29 5:00,6.08
14555,2004/1/29 5:30,6.08
14556,2004/1/29 6:00,6.08
14557,2004/1/29 6:30,6.08
14558,2004/1/29 7:00,14.495
14559,2004/1/29 7:30,14.495
14560,2004/1/29 8:00,14.495
14561,2004/1/29 8:30,14.495
14562,2004/1/29 9:00,14.495
14563,2004/1/29 9:30,14.495
14564,2004/1/29 10:00,14.495
14565,2004/1/29 10:30,14.495
14566,2004/1/29 11:00,14.495
14567,2004/1/29 11:30,14.495
14568,2004/1/29 12:00,14.495
14569,2004/1/29 12:30,14.495
14570,2004/1/29 13:00,14.495
14571,2004/1/29 13:30,14.495
14572,2004/1/29 14:00,14.495
14573,2004/1/29 14:30,14.495
14574,2004/1/29 15:00,14.495
14575,2004/1/29 15:30,14.495
14576,2004/1/29 16:00,14.495
14577,2004/1/29 16:30,14.495
14578,2004/1/29 17:00,14.495
14579,2004/1/29 17:30,14.495
14580,2004/1/29 18:00,14.495
14581,2004/1/29 18:30,14.495
14582,2004/1/29 19:00,14.495
14583,2004/1/29 19:30,14.495
14584,2004/1/29 20:00,14.495
14585,2004/1/29 20:30,14.495
14586,2004/1/29 21:00,14.495
14587,2004/1/29 21:30,14.495
14588,2004/1/29 22:00,14.495
14589,2004/1/29 22:30,14.495
14590,2004/1/29 23:00,14.495
14591,2004/1/29 23:30,14.495
14592,2004/1/30 0:00,6.08
14593,2004/1/30 0:30,6.08
14594,2004/1/30 1:00,6.08
14595,2004/1/30 1:30,6.08
14596,2004/1/30 2:00,6.08
14597,2004/1/30 2:30,6.08
14598,2004/1/30 3:00,6.08
14599,2004/1/30 3:30,6.08
14600,2004/1/30 4:00,6.08
14601,2004/1/30 4:30,6.08
14602,2004/1/30 5:00,6.08
14603,2004/1/30 5:30,6.08
14604,2004/1/30 6:00,6.08
14605,2004/1/30 6:30,6.08
14606,2004/1/30 7:00,14.495
14607,2004/1/30 7:30,14.495
14608,2004/1/30 8:00,14.495
14609,2004/1/30 8:30,14.495
14610,2004/1/30 9:00,14.495
14611,2004/1/30 9:30,14.495
14612,2004/1/30 10:00,14.495
14613,2004/1/30 10:30,14.495
14614,2004/1/30 11:00,14.495
14615,2004/1/30 11:30,14.495
14616,2004/1/30 12:00,14.495
14617,2004/1/30 12:30,14.495
14618,2004/1/30 13:00,14.495
14619,2004/1/30 13:30,14.495
14620,2004/1/30 14:00,14.495
14621,2004/1/30 14:30,14.495
14622,2004/1/30 15:00,14.495
14623,2004/1/30 15:30,14.495
14624,2004/1/30 16:00,14.495
14625,2004/1/30 16:30,14.495
14626,2004/1/30 17:00,14.495
14627,2004/1/30 17:30,14.495
14628,2004/1/30 18:00,14.495
14629,2004/1/30 18:30,14.495
14630,2004/1/30 19:00,14.495
14631,2004/1/30 19:30,14.495
14632,2004/1/30 20:00,14.495
14633,2004/1/30 20:30,14.495
14634,2004/1/30 21:00,14.495
14635,2004/1/30 21:30,14.495
14636,2004/1/30 22:00,14.495
14637,2004/1/30 22:30,14.495
14638,2004/1/30 23:00,14.495
14639,2004/1/30 23:30,14.495
14640,2004/1/31 0:00,6.08
14641,2004/1/31 0:30,6.08
14642,2004/1/31 1:00,6.08
14643,2004/1/31 1:30,6.08
14644,2004/1/31 2:00,6.08
14645,2004/1/31 2:30,6.08
14646,2004/1/31 3:00,6.08
14647,2004/1/31 3:30,6.08
14648,2004/1/31 4:00,6.08
14649,2004/1/31 4:30,6.08
14650,2004/1/31 5:00,6.08
14651,2004/1/31 5:30,6.08
14652,2004/1/31 6:00,6.08
14653,2004/1/31 6:30,6.08
14654,2004/1/31 7:00,14.495
14655,2004/1/31 7:30,14.495
14656,2004/1/31 8:00,14.495
14657,2004/1/31 8:30,14.495
14658,2004/1/31 9:00,14.495
14659,2004/1/31 9:30,14.495
14660,2004/1/31 10:00,14.495
14661,2004/1/31 10:30,14.495
14662,2004/1/31 11:00,14.495
14663,2004/1/31 11:30,14.495
14664,2004/1/31 12:00,14.495
14665,2004/1/31 12:30,14.495
14666,2004/1/31 13:00,14.495
14667,2004/1/31 13:30,14.495
14668,2004/1/31 14:00,14.495
14669,2004/1/31 14:30,14.495
14670,2004/1/31 15:00,14.495
14671,2004/1/31 15:30,14.495
14672,2004/1/31 16:00,14.495
14673,2004/1/31 16:30,14.495
14674,2004/1/31 17:00,14.495
14675,2004/1/31 17:30,14.495
14676,2004/1/31 18:00,14.495
14677,2004/1/31 18:30,14.495
14678,2004/1/31 19:00,14.495
14679,2004/1/31 19:30,14.495
14680,2004/1/31 20:00,14.495
14681,2004/1/31 20:30,14.495
14682,2004/1/31 21:00,14.495
14683,2004/1/31 21:30,14.495
14684,2004/1/31 22:00,14.495
14685,2004/1/31 22:30,14.495
14686,2004/1/31 23:00,14.495
14687,2004/1/31 23:30,14.495
14688,2004/2/1 0:00,6.08
14689,2004/2/1 0:30,6.08
14690,2004/2/1 1:00,6.08
14691,2004/2/1 1:30,6.08
14692,2004/2/1 2:00,6.08
14693,2004/2/1 2:30,6.08
14694,2004/2/1 3:00,6.08
14695,2004/2/1 3:30,6.08
14696,2004/2/1 4:00,6.08
14697,2004/2/1 4:30,6.08
14698,2004/2/1 5:00,6.08
14699,2004/2/1 5:30,6.08
14700,2004/2/1 6:00,6.08
14701,2004/2/1 6:30,6.08
14702,2004/2/1 7:00,14.495
14703,2004/2/1 7:30,14.495
14704,2004/2/1 8:00,14.495
14705,2004/2/1 8:30,14.495
14706,2004/2/1 9:00,14.495
14707,2004/2/1 9:30,14.495
14708,2004/2/1 10:00,14.495
14709,2004/2/1 10:30,14.495
14710,2004/2/1 11:00,14.495
14711,2004/2/1 11:30,14.495
14712,2004/2/1 12:00,14.495
14713,2004/2/1 12:30,14.495
14714,2004/2/1 13:00,14.495
14715,2004/2/1 13:30,14.495
14716,2004/2/1 14:00,14.495
14717,2004/2/1 14:30,14.495
14718,2004/2/1 15:00,14.495
14719,2004/2/1 15:30,14.495
14720,2004/2/1 16:00,14.495
14721,2004/2/1 16:30,14.495
14722,2004/2/1 17:00,14.495
14723,2004/2/1 17:30,14.495
14724,2004/2/1 18:00,14.495
14725,2004/2/1 18:30,14.495
14726,2004/2/1 19:00,14.495
14727,2004/2/1 19:30,14.495
14728,2004/2/1 20:00,14.495
14729,2004/2/1 20:30,14.495
14730,2004/2/1 21:00,14.495
14731,2004/2/1 21:30,14.495
14732,2004/2/1 22:00,14.495
14733,2004/2/1 22:30,14.495
14734,2004/2/1 23:00,14.495
14735,2004/2/1 23:30,14.495
14736,2004/2/2 0:00,6.08
14737,2004/2/2 0:30,6.08
14738,2004/2/2 1:00,6.08
14739,2004/2/2 1:30,6.08
14740,2004/2/2 2:00,6.08
14741,2004/2/2 2:30,6.08
14742,2004/2/2 3:00,6.08
14743,2004/2/2 3:30,6.08
14744,2004/2/2 4:00,6.08
14745,2004/2/2 4:30,6.08
14746,2004/2/2 5:00,6.08
14747,2004/2/2 5:30,6.08
14748,2004/2/2 6:00,6.08
14749,2004/2/2 6:30,6.08
14750,2004/2/2 7:00,14.495
14751,2004/2/2 7:30,14.495
14752,2004/2/2 8:00,14.495
14753,2004/2/2 8:30,14.495
14754,2004/2/2 9:00,14.495
14755,2004/2/2 9:30,14.495
14756,2004/2/2 10:00,14.495
14757,2004/2/2 10:30,14.495
14758,2004/2/2 11:00,14.495
14759,2004/2/2 11:30,14.495
14760,2004/2/2 12:00,14.495
14761,2004/2/2 12:30,14.495
14762,2004/2/2 13:00,14.495
14763,2004/2/2 13:30,14.495
14764,2004/2/2 14:00,14.495
14765,2004/2/2 14:30,14.495
14766,2004/2/2 15:00,14.495
14767,2004/2/2 15:30,14.495
14768,2004/2/2 16:00,14.495
14769,2004/2/2 16:30,14.495
14770,2004/2/2 17:00,14.495
14771,2004/2/2 17:30,14.495
14772,2004/2/2 18:00,14.495
14773,2004/2/2 18:30,14.495
14774,2004/2/2 19:00,14.495
14775,2004/2/2 19:30,14.495
14776,2004/2/2 20:00,14.495
14777,2004/2/2 20:30,14.495
14778,2004/2/2 21:00,14.495
14779,2004/2/2 21:30,14.495
14780,2004/2/2 22:00,14.495
14781,2004/2/2 22:30,14.495
14782,2004/2/2 23:00,14.495
14783,2004/2/2 23:30,14.495
14784,2004/2/3 0:00,6.08
14785,2004/2/3 0:30,6.08
14786,2004/2/3 1:00,6.08
14787,2004/2/3 1:30,6.08
14788,2004/2/3 2:00,6.08
14789,2004/2/3 2:30,6.08
14790,2004/2/3 3:00,6.08
14791,2004/2/3 3:30,6.08
14792,2004/2/3 4:00,6.08
14793,2004/2/3 4:30,6.08
14794,2004/2/3 5:00,6.08
14795,2004/2/3 5:30,6.08
14796,2004/2/3 6:00,6.08
14797,2004/2/3 6:30,6.08
14798,2004/2/3 7:00,14.495
14799,2004/2/3 7:30,14.495
14800,2004/2/3 8:00,14.495
14801,2004/2/3 8:30,14.495
14802,2004/2/3 9:00,14.495
14803,2004/2/3 9:30,14.495
14804,2004/2/3 10:00,14.495
14805,2004/2/3 10:30,14.495
14806,2004/2/3 11:00,14.495
14807,2004/2/3 11:30,14.495
14808,2004/2/3 12:00,14.495
14809,2004/2/3 12:30,14.495
14810,2004/2/3 13:00,14.495
14811,2004/2/3 13:30,14.495
14812,2004/2/3 14:00,14.495
14813,2004/2/3 14:30,14.495
14814,2004/2/3 15:00,14.495
14815,2004/2/3 15:30,14.495
14816,2004/2/3 16:00,14.495
14817,2004/2/3 16:30,14.495
14818,2004/2/3 17:00,14.495
14819,2004/2/3 17:30,14.495
14820,2004/2/3 18:00,14.495
14821,2004/2/3 18:30,14.495
14822,2004/2/3 19:00,14.495
14823,2004/2/3 19:30,14.495
14824,2004/2/3 20:00,14.495
14825,2004/2/3 20:30,14.495
14826,2004/2/3 21:00,14.495
14827,2004/2/3 21:30,14.495
14828,2004/2/3 22:00,14.495
14829,2004/2/3 22:30,14.495
14830,2004/2/3 23:00,14.495
14831,2004/2/3 23:30,14.495
14832,2004/2/4 0:00,6.08
14833,2004/2/4 0:30,6.08
14834,2004/2/4 1:00,6.08
14835,2004/2/4 1:30,6.08
14836,2004/2/4 2:00,6.08
14837,2004/2/4 2:30,6.08
14838,2004/2/4 3:00,6.08
14839,2004/2/4 3:30,6.08
14840,2004/2/4 4:00,6.08
14841,2004/2/4 4:30,6.08
14842,2004/2/4 5:00,6.08
14843,2004/2/4 5:30,6.08
14844,2004/2/4 6:00,6.08
14845,2004/2/4 6:30,6.08
14846,2004/2/4 7:00,14.495
14847,2004/2/4 7:30,14.495
14848,2004/2/4 8:00,14.495
14849,2004/2/4 8:30,14.495
14850,2004/2/4 9:00,14.495
14851,2004/2/4 9:30,14.495
14852,2004/2/4 10:00,14.495
14853,2004/2/4 10:30,14.495
14854,2004/2/4 11:00,14.495
14855,2004/2/4 11:30,14.495
14856,2004/2/4 12:00,14.495
14857,2004/2/4 12:30,14.495
14858,2004/2/4 13:00,14.495
14859,2004/2/4 13:30,14.495
14860,2004/2/4 14:00,14.495
14861,2004/2/4 14:30,14.495
14862,2004/2/4 15:00,14.495
14863,2004/2/4 15:30,14.495
14864,2004/2/4 16:00,14.495
14865,2004/2/4 16:30,14.495
14866,2004/2/4 17:00,14.495
14867,2004/2/4 17:30,14.495
14868,2004/2/4 18:00,14.495
14869,2004/2/4 18:30,14.495
14870,2004/2/4 19:00,14.495
14871,2004/2/4 19:30,14.495
14872,2004/2/4 20:00,14.495
14873,2004/2/4 20:30,14.495
14874,2004/2/4 21:00,14.495
14875,2004/2/4 21:30,14.495
14876,2004/2/4 22:00,14.495
14877,2004/2/4 22:30,14.495
14878,2004/2/4 23:00,14.495
14879,2004/2/4 23:30,14.495
14880,2004/2/5 0:00,6.08
14881,2004/2/5 0:30,6.08
14882,2004/2/5 1:00,6.08
14883,2004/2/5 1:30,6.08
14884,2004/2/5 2:00,6.08
14885,2004/2/5 2:30,6.08
14886,2004/2/5 3:00,6.08
14887,2004/2/5 3:30,6.08
14888,2004/2/5 4:00,6.08
14889,2004/2/5 4:30,6.08
14890,2004/2/5 5:00,6.08
14891,2004/2/5 5:30,6.08
14892,2004/2/5 6:00,6.08
14893,2004/2/5 6:30,6.08
14894,2004/2/5 7:00,14.495
14895,2004/2/5 7:30,14.495
14896,2004/2/5 8:00,14.495
14897,2004/2/5 8:30,14.495
14898,2004/2/5 9:00,14.495
14899,2004/2/5 9:30,14.495
14900,2004/2/5 10:00,14.495
14901,2004/2/5 10:30,14.495
14902,2004/2/5 11:00,14.495
14903,2004/2/5 11:30,14.495
14904,2004/2/5 12:00,14.495
14905,2004/2/5 12:30,14.495
14906,2004/2/5 13:00,14.495
14907,2004/2/5 13:30,14.495
14908,2004/2/5 14:00,14.495
14909,2004/2/5 14:30,14.495
14910,2004/2/5 15:00,14.495
14911,2004/2/5 15:30,14.495
14912,2004/2/5 16:00,14.495
14913,2004/2/5 16:30,14.495
14914,2004/2/5 17:00,14.495
14915,2004/2/5 17:30,14.495
14916,2004/2/5 18:00,14.495
14917,2004/2/5 18:30,14.495
14918,2004/2/5 19:00,14.495
14919,2004/2/5 19:30,14.495
14920,2004/2/5 20:00,14.495
14921,2004/2/5 20:30,14.495
14922,2004/2/5 21:00,14.495
14923,2004/2/5 21:30,14.495
14924,2004/2/5 22:00,14.495
14925,2004/2/5 22:30,14.495
14926,2004/2/5 23:00,14.495
14927,2004/2/5 23:30,14.495
14928,2004/2/6 0:00,6.08
14929,2004/2/6 0:30,6.08
14930,2004/2/6 1:00,6.08
14931,2004/2/6 1:30,6.08
14932,2004/2/6 2:00,6.08
14933,2004/2/6 2:30,6.08
14934,2004/2/6 3:00,6.08
14935,2004/2/6 3:30,6.08
14936,2004/2/6 4:00,6.08
14937,2004/2/6 4:30,6.08
14938,2004/2/6 5:00,6.08
14939,2004/2/6 5:30,6.08
14940,2004/2/6 6:00,6.08
14941,2004/2/6 6:30,6.08
14942,2004/2/6 7:00,14.495
14943,2004/2/6 7:30,14.495
14944,2004/2/6 8:00,14.495
14945,2004/2/6 8:30,14.495
14946,2004/2/6 9:00,14.495
14947,2004/2/6 9:30,14.495
14948,2004/2/6 10:00,14.495
14949,2004/2/6 10:30,14.495
14950,2004/2/6 11:00,14.495
14951,2004/2/6 11:30,14.495
14952,2004/2/6 12:00,14.495
14953,2004/2/6 12:30,14.495
14954,2004/2/6 13:00,14.495
14955,2004/2/6 13:30,14.495
14956,2004/2/6 14:00,14.495
14957,2004/2/6 14:30,14.495
14958,2004/2/6 15:00,14.495
14959,2004/2/6 15:30,14.495
14960,2004/2/6 16:00,14.495
14961,2004/2/6 16:30,14.495
14962,2004/2/6 17:00,14.495
14963,2004/2/6 17:30,14.495
14964,2004/2/6 18:00,14.495
14965,2004/2/6 18:30,14.495
14966,2004/2/6 19:00,14.495
14967,2004/2/6 19:30,14.495
14968,2004/2/6 20:00,14.495
14969,2004/2/6 20:30,14.495
14970,2004/2/6 21:00,14.495
14971,2004/2/6 21:30,14.495
14972,2004/2/6 22:00,14.495
14973,2004/2/6 22:30,14.495
14974,2004/2/6 23:00,14.495
14975,2004/2/6 23:30,14.495
14976,2004/2/7 0:00,6.08
14977,2004/2/7 0:30,6.08
14978,2004/2/7 1:00,6.08
14979,2004/2/7 1:30,6.08
14980,2004/2/7 2:00,6.08
14981,2004/2/7 2:30,6.08
14982,2004/2/7 3:00,6.08
14983,2004/2/7 3:30,6.08
14984,2004/2/7 4:00,6.08
14985,2004/2/7 4:30,6.08
14986,2004/2/7 5:00,6.08
14987,2004/2/7 5:30,6.08
14988,2004/2/7 6:00,6.08
14989,2004/2/7 6:30,6.08
14990,2004/2/7 7:00,14.495
14991,2004/2/7 7:30,14.495
14992,2004/2/7 8:00,14.495
14993,2004/2/7 8:30,14.495
14994,2004/2/7 9:00,14.495
14995,2004/2/7 9:30,14.495
14996,2004/2/7 10:00,14.495
14997,2004/2/7 10:30,14.495
14998,2004/2/7 11:00,14.495
14999,2004/2/7 11:30,14.495
15000,2004/2/7 12:00,14.495
15001,2004/2/7 12:30,14.495
15002,2004/2/7 13:00,14.495
15003,2004/2/7 13:30,14.495
15004,2004/2/7 14:00,14.495
15005,2004/2/7 14:30,14.495
15006,2004/2/7 15:00,14.495
15007,2004/2/7 15:30,14.495
15008,2004/2/7 16:00,14.495
15009,2004/2/7 16:30,14.495
15010,2004/2/7 17:00,14.495
15011,2004/2/7 17:30,14.495
15012,2004/2/7 18:00,14.495
15013,2004/2/7 18:30,14.495
15014,2004/2/7 19:00,14.495
15015,2004/2/7 19:30,14.495
15016,2004/2/7 20:00,14.495
15017,2004/2/7 20:30,14.495
15018,2004/2/7 21:00,14.495
15019,2004/2/7 21:30,14.495
15020,2004/2/7 22:00,14.495
15021,2004/2/7 22:30,14.495
15022,2004/2/7 23:00,14.495
15023,2004/2/7 23:30,14.495
15024,2004/2/8 0:00,6.08
15025,2004/2/8 0:30,6.08
15026,2004/2/8 1:00,6.08
15027,2004/2/8 1:30,6.08
15028,2004/2/8 2:00,6.08
15029,2004/2/8 2:30,6.08
15030,2004/2/8 3:00,6.08
15031,2004/2/8 3:30,6.08
15032,2004/2/8 4:00,6.08
15033,2004/2/8 4:30,6.08
15034,2004/2/8 5:00,6.08
15035,2004/2/8 5:30,6.08
15036,2004/2/8 6:00,6.08
15037,2004/2/8 6:30,6.08
15038,2004/2/8 7:00,14.495
15039,2004/2/8 7:30,14.495
15040,2004/2/8 8:00,14.495
15041,2004/2/8 8:30,14.495
15042,2004/2/8 9:00,14.495
15043,2004/2/8 9:30,14.495
15044,2004/2/8 10:00,14.495
15045,2004/2/8 10:30,14.495
15046,2004/2/8 11:00,14.495
15047,2004/2/8 11:30,14.495
15048,2004/2/8 12:00,14.495
15049,2004/2/8 12:30,14.495
15050,2004/2/8 13:00,14.495
15051,2004/2/8 13:30,14.495
15052,2004/2/8 14:00,14.495
15053,2004/2/8 14:30,14.495
15054,2004/2/8 15:00,14.495
15055,2004/2/8 15:30,14.495
15056,2004/2/8 16:00,14.495
15057,2004/2/8 16:30,14.495
15058,2004/2/8 17:00,14.495
15059,2004/2/8 17:30,14.495
15060,2004/2/8 18:00,14.495
15061,2004/2/8 18:30,14.495
15062,2004/2/8 19:00,14.495
15063,2004/2/8 19:30,14.495
15064,2004/2/8 20:00,14.495
15065,2004/2/8 20:30,14.495
15066,2004/2/8 21:00,14.495
15067,2004/2/8 21:30,14.495
15068,2004/2/8 22:00,14.495
15069,2004/2/8 22:30,14.495
15070,2004/2/8 23:00,14.495
15071,2004/2/8 23:30,14.495
15072,2004/2/9 0:00,6.08
15073,2004/2/9 0:30,6.08
15074,2004/2/9 1:00,6.08
15075,2004/2/9 1:30,6.08
15076,2004/2/9 2:00,6.08
15077,2004/2/9 2:30,6.08
15078,2004/2/9 3:00,6.08
15079,2004/2/9 3:30,6.08
15080,2004/2/9 4:00,6.08
15081,2004/2/9 4:30,6.08
15082,2004/2/9 5:00,6.08
15083,2004/2/9 5:30,6.08
15084,2004/2/9 6:00,6.08
15085,2004/2/9 6:30,6.08
15086,2004/2/9 7:00,14.495
15087,2004/2/9 7:30,14.495
15088,2004/2/9 8:00,14.495
15089,2004/2/9 8:30,14.495
15090,2004/2/9 9:00,14.495
15091,2004/2/9 9:30,14.495
15092,2004/2/9 10:00,14.495
15093,2004/2/9 10:30,14.495
15094,2004/2/9 11:00,14.495
15095,2004/2/9 11:30,14.495
15096,2004/2/9 12:00,14.495
15097,2004/2/9 12:30,14.495
15098,2004/2/9 13:00,14.495
15099,2004/2/9 13:30,14.495
15100,2004/2/9 14:00,14.495
15101,2004/2/9 14:30,14.495
15102,2004/2/9 15:00,14.495
15103,2004/2/9 15:30,14.495
15104,2004/2/9 16:00,14.495
15105,2004/2/9 16:30,14.495
15106,2004/2/9 17:00,14.495
15107,2004/2/9 17:30,14.495
15108,2004/2/9 18:00,14.495
15109,2004/2/9 18:30,14.495
15110,2004/2/9 19:00,14.495
15111,2004/2/9 19:30,14.495
15112,2004/2/9 20:00,14.495
15113,2004/2/9 20:30,14.495
15114,2004/2/9 21:00,14.495
15115,2004/2/9 21:30,14.495
15116,2004/2/9 22:00,14.495
15117,2004/2/9 22:30,14.495
15118,2004/2/9 23:00,14.495
15119,2004/2/9 23:30,14.495
15120,2004/2/10 0:00,6.08
15121,2004/2/10 0:30,6.08
15122,2004/2/10 1:00,6.08
15123,2004/2/10 1:30,6.08
15124,2004/2/10 2:00,6.08
15125,2004/2/10 2:30,6.08
15126,2004/2/10 3:00,6.08
15127,2004/2/10 3:30,6.08
15128,2004/2/10 4:00,6.08
15129,2004/2/10 4:30,6.08
15130,2004/2/10 5:00,6.08
15131,2004/2/10 5:30,6.08
15132,2004/2/10 6:00,6.08
15133,2004/2/10 6:30,6.08
15134,2004/2/10 7:00,14.495
15135,2004/2/10 7:30,14.495
15136,2004/2/10 8:00,14.495
15137,2004/2/10 8:30,14.495
15138,2004/2/10 9:00,14.495
15139,2004/2/10 9:30,14.495
15140,2004/2/10 10:00,14.495
15141,2004/2/10 10:30,14.495
15142,2004/2/10 11:00,14.495
15143,2004/2/10 11:30,14.495
15144,2004/2/10 12:00,14.495
15145,2004/2/10 12:30,14.495
15146,2004/2/10 13:00,14.495
15147,2004/2/10 13:30,14.495
15148,2004/2/10 14:00,14.495
15149,2004/2/10 14:30,14.495
15150,2004/2/10 15:00,14.495
15151,2004/2/10 15:30,14.495
15152,2004/2/10 16:00,14.495
15153,2004/2/10 16:30,14.495
15154,2004/2/10 17:00,14.495
15155,2004/2/10 17:30,14.495
15156,2004/2/10 18:00,14.495
15157,2004/2/10 18:30,14.495
15158,2004/2/10 19:00,14.495
15159,2004/2/10 19:30,14.495
15160,2004/2/10 20:00,14.495
15161,2004/2/10 20:30,14.495
15162,2004/2/10 21:00,14.495
15163,2004/2/10 21:30,14.495
15164,2004/2/10 22:00,14.495
15165,2004/2/10 22:30,14.495
15166,2004/2/10 23:00,14.495
15167,2004/2/10 23:30,14.495
15168,2004/2/11 0:00,6.08
15169,2004/2/11 0:30,6.08
15170,2004/2/11 1:00,6.08
15171,2004/2/11 1:30,6.08
15172,2004/2/11 2:00,6.08
15173,2004/2/11 2:30,6.08
15174,2004/2/11 3:00,6.08
15175,2004/2/11 3:30,6.08
15176,2004/2/11 4:00,6.08
15177,2004/2/11 4:30,6.08
15178,2004/2/11 5:00,6.08
15179,2004/2/11 5:30,6.08
15180,2004/2/11 6:00,6.08
15181,2004/2/11 6:30,6.08
15182,2004/2/11 7:00,14.495
15183,2004/2/11 7:30,14.495
15184,2004/2/11 8:00,14.495
15185,2004/2/11 8:30,14.495
15186,2004/2/11 9:00,14.495
15187,2004/2/11 9:30,14.495
15188,2004/2/11 10:00,14.495
15189,2004/2/11 10:30,14.495
15190,2004/2/11 11:00,14.495
15191,2004/2/11 11:30,14.495
15192,2004/2/11 12:00,14.495
15193,2004/2/11 12:30,14.495
15194,2004/2/11 13:00,14.495
15195,2004/2/11 13:30,14.495
15196,2004/2/11 14:00,14.495
15197,2004/2/11 14:30,14.495
15198,2004/2/11 15:00,14.495
15199,2004/2/11 15:30,14.495
15200,2004/2/11 16:00,14.495
15201,2004/2/11 16:30,14.495
15202,2004/2/11 17:00,14.495
15203,2004/2/11 17:30,14.495
15204,2004/2/11 18:00,14.495
15205,2004/2/11 18:30,14.495
15206,2004/2/11 19:00,14.495
15207,2004/2/11 19:30,14.495
15208,2004/2/11 20:00,14.495
15209,2004/2/11 20:30,14.495
15210,2004/2/11 21:00,14.495
15211,2004/2/11 21:30,14.495
15212,2004/2/11 22:00,14.495
15213,2004/2/11 22:30,14.495
15214,2004/2/11 23:00,14.495
15215,2004/2/11 23:30,14.495
15216,2004/2/12 0:00,6.08
15217,2004/2/12 0:30,6.08
15218,2004/2/12 1:00,6.08
15219,2004/2/12 1:30,6.08
15220,2004/2/12 2:00,6.08
15221,2004/2/12 2:30,6.08
15222,2004/2/12 3:00,6.08
15223,2004/2/12 3:30,6.08
15224,2004/2/12 4:00,6.08
15225,2004/2/12 4:30,6.08
15226,2004/2/12 5:00,6.08
15227,2004/2/12 5:30,6.08
15228,2004/2/12 6:00,6.08
15229,2004/2/12 6:30,6.08
15230,2004/2/12 7:00,14.495
15231,2004/2/12 7:30,14.495
15232,2004/2/12 8:00,14.495
15233,2004/2/12 8:30,14.495
15234,2004/2/12 9:00,14.495
15235,2004/2/12 9:30,14.495
15236,2004/2/12 10:00,14.495
15237,2004/2/12 10:30,14.495
15238,2004/2/12 11:00,14.495
15239,2004/2/12 11:30,14.495
15240,2004/2/12 12:00,14.495
15241,2004/2/12 12:30,14.495
15242,2004/2/12 13:00,14.495
15243,2004/2/12 13:30,14.495
15244,2004/2/12 14:00,14.495
15245,2004/2/12 14:30,14.495
15246,2004/2/12 15:00,14.495
15247,2004/2/12 15:30,14.495
15248,2004/2/12 16:00,14.495
15249,2004/2/12 16:30,14.495
15250,2004/2/12 17:00,14.495
15251,2004/2/12 17:30,14.495
15252,2004/2/12 18:00,14.495
15253,2004/2/12 18:30,14.495
15254,2004/2/12 19:00,14.495
15255,2004/2/12 19:30,14.495
15256,2004/2/12 20:00,14.495
15257,2004/2/12 20:30,14.495
15258,2004/2/12 21:00,14.495
15259,2004/2/12 21:30,14.495
15260,2004/2/12 22:00,14.495
15261,2004/2/12 22:30,14.495
15262,2004/2/12 23:00,14.495
15263,2004/2/12 23:30,14.495
15264,2004/2/13 0:00,6.08
15265,2004/2/13 0:30,6.08
15266,2004/2/13 1:00,6.08
15267,2004/2/13 1:30,6.08
15268,2004/2/13 2:00,6.08
15269,2004/2/13 2:30,6.08
15270,2004/2/13 3:00,6.08
15271,2004/2/13 3:30,6.08
15272,2004/2/13 4:00,6.08
15273,2004/2/13 4:30,6.08
15274,2004/2/13 5:00,6.08
15275,2004/2/13 5:30,6.08
15276,2004/2/13 6:00,6.08
15277,2004/2/13 6:30,6.08
15278,2004/2/13 7:00,14.495
15279,2004/2/13 7:30,14.495
15280,2004/2/13 8:00,14.495
15281,2004/2/13 8:30,14.495
15282,2004/2/13 9:00,14.495
15283,2004/2/13 9:30,14.495
15284,2004/2/13 10:00,14.495
15285,2004/2/13 10:30,14.495
15286,2004/2/13 11:00,14.495
15287,2004/2/13 11:30,14.495
15288,2004/2/13 12:00,14.495
15289,2004/2/13 12:30,14.495
15290,2004/2/13 13:00,14.495
15291,2004/2/13 13:30,14.495
15292,2004/2/13 14:00,14.495
15293,2004/2/13 14:30,14.495
15294,2004/2/13 15:00,14.495
15295,2004/2/13 15:30,14.495
15296,2004/2/13 16:00,14.495
15297,2004/2/13 16:30,14.495
15298,2004/2/13 17:00,14.495
15299,2004/2/13 17:30,14.495
15300,2004/2/13 18:00,14.495
15301,2004/2/13 18:30,14.495
15302,2004/2/13 19:00,14.495
15303,2004/2/13 19:30,14.495
15304,2004/2/13 20:00,14.495
15305,2004/2/13 20:30,14.495
15306,2004/2/13 21:00,14.495
15307,2004/2/13 21:30,14.495
15308,2004/2/13 22:00,14.495
15309,2004/2/13 22:30,14.495
15310,2004/2/13 23:00,14.495
15311,2004/2/13 23:30,14.495
15312,2004/2/14 0:00,6.08
15313,2004/2/14 0:30,6.08
15314,2004/2/14 1:00,6.08
15315,2004/2/14 1:30,6.08
15316,2004/2/14 2:00,6.08
15317,2004/2/14 2:30,6.08
15318,2004/2/14 3:00,6.08
15319,2004/2/14 3:30,6.08
15320,2004/2/14 4:00,6.08
15321,2004/2/14 4:30,6.08
15322,2004/2/14 5:00,6.08
15323,2004/2/14 5:30,6.08
15324,2004/2/14 6:00,6.08
15325,2004/2/14 6:30,6.08
15326,2004/2/14 7:00,14.495
15327,2004/2/14 7:30,14.495
15328,2004/2/14 8:00,14.495
15329,2004/2/14 8:30,14.495
15330,2004/2/14 9:00,14.495
15331,2004/2/14 9:30,14.495
15332,2004/2/14 10:00,14.495
15333,2004/2/14 10:30,14.495
15334,2004/2/14 11:00,14.495
15335,2004/2/14 11:30,14.495
15336,2004/2/14 12:00,14.495
15337,2004/2/14 12:30,14.495
15338,2004/2/14 13:00,14.495
15339,2004/2/14 13:30,14.495
15340,2004/2/14 14:00,14.495
15341,2004/2/14 14:30,14.495
15342,2004/2/14 15:00,14.495
15343,2004/2/14 15:30,14.495
15344,2004/2/14 16:00,14.495
15345,2004/2/14 16:30,14.495
15346,2004/2/14 17:00,14.495
15347,2004/2/14 17:30,14.495
15348,2004/2/14 18:00,14.495
15349,2004/2/14 18:30,14.495
15350,2004/2/14 19:00,14.495
15351,2004/2/14 19:30,14.495
15352,2004/2/14 20:00,14.495
15353,2004/2/14 20:30,14.495
15354,2004/2/14 21:00,14.495
15355,2004/2/14 21:30,14.495
15356,2004/2/14 22:00,14.495
15357,2004/2/14 22:30,14.495
15358,2004/2/14 23:00,14.495
15359,2004/2/14 23:30,14.495
15360,2004/2/15 0:00,6.08
15361,2004/2/15 0:30,6.08
15362,2004/2/15 1:00,6.08
15363,2004/2/15 1:30,6.08
15364,2004/2/15 2:00,6.08
15365,2004/2/15 2:30,6.08
15366,2004/2/15 3:00,6.08
15367,2004/2/15 3:30,6.08
15368,2004/2/15 4:00,6.08
15369,2004/2/15 4:30,6.08
15370,2004/2/15 5:00,6.08
15371,2004/2/15 5:30,6.08
15372,2004/2/15 6:00,6.08
15373,2004/2/15 6:30,6.08
15374,2004/2/15 7:00,14.495
15375,2004/2/15 7:30,14.495
15376,2004/2/15 8:00,14.495
15377,2004/2/15 8:30,14.495
15378,2004/2/15 9:00,14.495
15379,2004/2/15 9:30,14.495
15380,2004/2/15 10:00,14.495
15381,2004/2/15 10:30,14.495
15382,2004/2/15 11:00,14.495
15383,2004/2/15 11:30,14.495
15384,2004/2/15 12:00,14.495
15385,2004/2/15 12:30,14.495
15386,2004/2/15 13:00,14.495
15387,2004/2/15 13:30,14.495
15388,2004/2/15 14:00,14.495
15389,2004/2/15 14:30,14.495
15390,2004/2/15 15:00,14.495
15391,2004/2/15 15:30,14.495
15392,2004/2/15 16:00,14.495
15393,2004/2/15 16:30,14.495
15394,2004/2/15 17:00,14.495
15395,2004/2/15 17:30,14.495
15396,2004/2/15 18:00,14.495
15397,2004/2/15 18:30,14.495
15398,2004/2/15 19:00,14.495
15399,2004/2/15 19:30,14.495
15400,2004/2/15 20:00,14.495
15401,2004/2/15 20:30,14.495
15402,2004/2/15 21:00,14.495
15403,2004/2/15 21:30,14.495
15404,2004/2/15 22:00,14.495
15405,2004/2/15 22:30,14.495
15406,2004/2/15 23:00,14.495
15407,2004/2/15 23:30,14.495
15408,2004/2/16 0:00,6.08
15409,2004/2/16 0:30,6.08
15410,2004/2/16 1:00,6.08
15411,2004/2/16 1:30,6.08
15412,2004/2/16 2:00,6.08
15413,2004/2/16 2:30,6.08
15414,2004/2/16 3:00,6.08
15415,2004/2/16 3:30,6.08
15416,2004/2/16 4:00,6.08
15417,2004/2/16 4:30,6.08
15418,2004/2/16 5:00,6.08
15419,2004/2/16 5:30,6.08
15420,2004/2/16 6:00,6.08
15421,2004/2/16 6:30,6.08
15422,2004/2/16 7:00,14.495
15423,2004/2/16 7:30,14.495
15424,2004/2/16 8:00,14.495
15425,2004/2/16 8:30,14.495
15426,2004/2/16 9:00,14.495
15427,2004/2/16 9:30,14.495
15428,2004/2/16 10:00,14.495
15429,2004/2/16 10:30,14.495
15430,2004/2/16 11:00,14.495
15431,2004/2/16 11:30,14.495
15432,2004/2/16 12:00,14.495
15433,2004/2/16 12:30,14.495
15434,2004/2/16 13:00,14.495
15435,2004/2/16 13:30,14.495
15436,2004/2/16 14:00,14.495
15437,2004/2/16 14:30,14.495
15438,2004/2/16 15:00,14.495
15439,2004/2/16 15:30,14.495
15440,2004/2/16 16:00,14.495
15441,2004/2/16 16:30,14.495
15442,2004/2/16 17:00,14.495
15443,2004/2/16 17:30,14.495
15444,2004/2/16 18:00,14.495
15445,2004/2/16 18:30,14.495
15446,2004/2/16 19:00,14.495
15447,2004/2/16 19:30,14.495
15448,2004/2/16 20:00,14.495
15449,2004/2/16 20:30,14.495
15450,2004/2/16 21:00,14.495
15451,2004/2/16 21:30,14.495
15452,2004/2/16 22:00,14.495
15453,2004/2/16 22:30,14.495
15454,2004/2/16 23:00,14.495
15455,2004/2/16 23:30,14.495
15456,2004/2/17 0:00,6.08
15457,2004/2/17 0:30,6.08
15458,2004/2/17 1:00,6.08
15459,2004/2/17 1:30,6.08
15460,2004/2/17 2:00,6.08
15461,2004/2/17 2:30,6.08
15462,2004/2/17 3:00,6.08
15463,2004/2/17 3:30,6.08
15464,2004/2/17 4:00,6.08
15465,2004/2/17 4:30,6.08
15466,2004/2/17 5:00,6.08
15467,2004/2/17 5:30,6.08
15468,2004/2/17 6:00,6.08
15469,2004/2/17 6:30,6.08
15470,2004/2/17 7:00,14.495
15471,2004/2/17 7:30,14.495
15472,2004/2/17 8:00,14.495
15473,2004/2/17 8:30,14.495
15474,2004/2/17 9:00,14.495
15475,2004/2/17 9:30,14.495
15476,2004/2/17 10:00,14.495
15477,2004/2/17 10:30,14.495
15478,2004/2/17 11:00,14.495
15479,2004/2/17 11:30,14.495
15480,2004/2/17 12:00,14.495
15481,2004/2/17 12:30,14.495
15482,2004/2/17 13:00,14.495
15483,2004/2/17 13:30,14.495
15484,2004/2/17 14:00,14.495
15485,2004/2/17 14:30,14.495
15486,2004/2/17 15:00,14.495
15487,2004/2/17 15:30,14.495
15488,2004/2/17 16:00,14.495
15489,2004/2/17 16:30,14.495
15490,2004/2/17 17:00,14.495
15491,2004/2/17 17:30,14.495
15492,2004/2/17 18:00,14.495
15493,2004/2/17 18:30,14.495
15494,2004/2/17 19:00,14.495
15495,2004/2/17 19:30,14.495
15496,2004/2/17 20:00,14.495
15497,2004/2/17 20:30,14.495
15498,2004/2/17 21:00,14.495
15499,2004/2/17 21:30,14.495
15500,2004/2/17 22:00,14.495
15501,2004/2/17 22:30,14.495
15502,2004/2/17 23:00,14.495
15503,2004/2/17 23:30,14.495
15504,2004/2/18 0:00,6.08
15505,2004/2/18 0:30,6.08
15506,2004/2/18 1:00,6.08
15507,2004/2/18 1:30,6.08
15508,2004/2/18 2:00,6.08
15509,2004/2/18 2:30,6.08
15510,2004/2/18 3:00,6.08
15511,2004/2/18 3:30,6.08
15512,2004/2/18 4:00,6.08
15513,2004/2/18 4:30,6.08
15514,2004/2/18 5:00,6.08
15515,2004/2/18 5:30,6.08
15516,2004/2/18 6:00,6.08
15517,2004/2/18 6:30,6.08
15518,2004/2/18 7:00,14.495
15519,2004/2/18 7:30,14.495
15520,2004/2/18 8:00,14.495
15521,2004/2/18 8:30,14.495
15522,2004/2/18 9:00,14.495
15523,2004/2/18 9:30,14.495
15524,2004/2/18 10:00,14.495
15525,2004/2/18 10:30,14.495
15526,2004/2/18 11:00,14.495
15527,2004/2/18 11:30,14.495
15528,2004/2/18 12:00,14.495
15529,2004/2/18 12:30,14.495
15530,2004/2/18 13:00,14.495
15531,2004/2/18 13:30,14.495
15532,2004/2/18 14:00,14.495
15533,2004/2/18 14:30,14.495
15534,2004/2/18 15:00,14.495
15535,2004/2/18 15:30,14.495
15536,2004/2/18 16:00,14.495
15537,2004/2/18 16:30,14.495
15538,2004/2/18 17:00,14.495
15539,2004/2/18 17:30,14.495
15540,2004/2/18 18:00,14.495
15541,2004/2/18 18:30,14.495
15542,2004/2/18 19:00,14.495
15543,2004/2/18 19:30,14.495
15544,2004/2/18 20:00,14.495
15545,2004/2/18 20:30,14.495
15546,2004/2/18 21:00,14.495
15547,2004/2/18 21:30,14.495
15548,2004/2/18 22:00,14.495
15549,2004/2/18 22:30,14.495
15550,2004/2/18 23:00,14.495
15551,2004/2/18 23:30,14.495
15552,2004/2/19 0:00,6.08
15553,2004/2/19 0:30,6.08
15554,2004/2/19 1:00,6.08
15555,2004/2/19 1:30,6.08
15556,2004/2/19 2:00,6.08
15557,2004/2/19 2:30,6.08
15558,2004/2/19 3:00,6.08
15559,2004/2/19 3:30,6.08
15560,2004/2/19 4:00,6.08
15561,2004/2/19 4:30,6.08
15562,2004/2/19 5:00,6.08
15563,2004/2/19 5:30,6.08
15564,2004/2/19 6:00,6.08
15565,2004/2/19 6:30,6.08
15566,2004/2/19 7:00,14.495
15567,2004/2/19 7:30,14.495
15568,2004/2/19 8:00,14.495
15569,2004/2/19 8:30,14.495
15570,2004/2/19 9:00,14.495
15571,2004/2/19 9:30,14.495
15572,2004/2/19 10:00,14.495
15573,2004/2/19 10:30,14.495
15574,2004/2/19 11:00,14.495
15575,2004/2/19 11:30,14.495
15576,2004/2/19 12:00,14.495
15577,2004/2/19 12:30,14.495
15578,2004/2/19 13:00,14.495
15579,2004/2/19 13:30,14.495
15580,2004/2/19 14:00,14.495
15581,2004/2/19 14:30,14.495
15582,2004/2/19 15:00,14.495
15583,2004/2/19 15:30,14.495
15584,2004/2/19 16:00,14.495
15585,2004/2/19 16:30,14.495
15586,2004/2/19 17:00,14.495
15587,2004/2/19 17:30,14.495
15588,2004/2/19 18:00,14.495
15589,2004/2/19 18:30,14.495
15590,2004/2/19 19:00,14.495
15591,2004/2/19 19:30,14.495
15592,2004/2/19 20:00,14.495
15593,2004/2/19 20:30,14.495
15594,2004/2/19 21:00,14.495
15595,2004/2/19 21:30,14.495
15596,2004/2/19 22:00,14.495
15597,2004/2/19 22:30,14.495
15598,2004/2/19 23:00,14.495
15599,2004/2/19 23:30,14.495
15600,2004/2/20 0:00,6.08
15601,2004/2/20 0:30,6.08
15602,2004/2/20 1:00,6.08
15603,2004/2/20 1:30,6.08
15604,2004/2/20 2:00,6.08
15605,2004/2/20 2:30,6.08
15606,2004/2/20 3:00,6.08
15607,2004/2/20 3:30,6.08
15608,2004/2/20 4:00,6.08
15609,2004/2/20 4:30,6.08
15610,2004/2/20 5:00,6.08
15611,2004/2/20 5:30,6.08
15612,2004/2/20 6:00,6.08
15613,2004/2/20 6:30,6.08
15614,2004/2/20 7:00,14.495
15615,2004/2/20 7:30,14.495
15616,2004/2/20 8:00,14.495
15617,2004/2/20 8:30,14.495
15618,2004/2/20 9:00,14.495
15619,2004/2/20 9:30,14.495
15620,2004/2/20 10:00,14.495
15621,2004/2/20 10:30,14.495
15622,2004/2/20 11:00,14.495
15623,2004/2/20 11:30,14.495
15624,2004/2/20 12:00,14.495
15625,2004/2/20 12:30,14.495
15626,2004/2/20 13:00,14.495
15627,2004/2/20 13:30,14.495
15628,2004/2/20 14:00,14.495
15629,2004/2/20 14:30,14.495
15630,2004/2/20 15:00,14.495
15631,2004/2/20 15:30,14.495
15632,2004/2/20 16:00,14.495
15633,2004/2/20 16:30,14.495
15634,2004/2/20 17:00,14.495
15635,2004/2/20 17:30,14.495
15636,2004/2/20 18:00,14.495
15637,2004/2/20 18:30,14.495
15638,2004/2/20 19:00,14.495
15639,2004/2/20 19:30,14.495
15640,2004/2/20 20:00,14.495
15641,2004/2/20 20:30,14.495
15642,2004/2/20 21:00,14.495
15643,2004/2/20 21:30,14.495
15644,2004/2/20 22:00,14.495
15645,2004/2/20 22:30,14.495
15646,2004/2/20 23:00,14.495
15647,2004/2/20 23:30,14.495
15648,2004/2/21 0:00,6.08
15649,2004/2/21 0:30,6.08
15650,2004/2/21 1:00,6.08
15651,2004/2/21 1:30,6.08
15652,2004/2/21 2:00,6.08
15653,2004/2/21 2:30,6.08
15654,2004/2/21 3:00,6.08
15655,2004/2/21 3:30,6.08
15656,2004/2/21 4:00,6.08
15657,2004/2/21 4:30,6.08
15658,2004/2/21 5:00,6.08
15659,2004/2/21 5:30,6.08
15660,2004/2/21 6:00,6.08
15661,2004/2/21 6:30,6.08
15662,2004/2/21 7:00,14.495
15663,2004/2/21 7:30,14.495
15664,2004/2/21 8:00,14.495
15665,2004/2/21 8:30,14.495
15666,2004/2/21 9:00,14.495
15667,2004/2/21 9:30,14.495
15668,2004/2/21 10:00,14.495
15669,2004/2/21 10:30,14.495
15670,2004/2/21 11:00,14.495
15671,2004/2/21 11:30,14.495
15672,2004/2/21 12:00,14.495
15673,2004/2/21 12:30,14.495
15674,2004/2/21 13:00,14.495
15675,2004/2/21 13:30,14.495
15676,2004/2/21 14:00,14.495
15677,2004/2/21 14:30,14.495
15678,2004/2/21 15:00,14.495
15679,2004/2/21 15:30,14.495
15680,2004/2/21 16:00,14.495
15681,2004/2/21 16:30,14.495
15682,2004/2/21 17:00,14.495
15683,2004/2/21 17:30,14.495
15684,2004/2/21 18:00,14.495
15685,2004/2/21 18:30,14.495
15686,2004/2/21 19:00,14.495
15687,2004/2/21 19:30,14.495
15688,2004/2/21 20:00,14.495
15689,2004/2/21 20:30,14.495
15690,2004/2/21 21:00,14.495
15691,2004/2/21 21:30,14.495
15692,2004/2/21 22:00,14.495
15693,2004/2/21 22:30,14.495
15694,2004/2/21 23:00,14.495
15695,2004/2/21 23:30,14.495
15696,2004/2/22 0:00,6.08
15697,2004/2/22 0:30,6.08
15698,2004/2/22 1:00,6.08
15699,2004/2/22 1:30,6.08
15700,2004/2/22 2:00,6.08
15701,2004/2/22 2:30,6.08
15702,2004/2/22 3:00,6.08
15703,2004/2/22 3:30,6.08
15704,2004/2/22 4:00,6.08
15705,2004/2/22 4:30,6.08
15706,2004/2/22 5:00,6.08
15707,2004/2/22 5:30,6.08
15708,2004/2/22 6:00,6.08
15709,2004/2/22 6:30,6.08
15710,2004/2/22 7:00,14.495
15711,2004/2/22 7:30,14.495
15712,2004/2/22 8:00,14.495
15713,2004/2/22 8:30,14.495
15714,2004/2/22 9:00,14.495
15715,2004/2/22 9:30,14.495
15716,2004/2/22 10:00,14.495
15717,2004/2/22 10:30,14.495
15718,2004/2/22 11:00,14.495
15719,2004/2/22 11:30,14.495
15720,2004/2/22 12:00,14.495
15721,2004/2/22 12:30,14.495
15722,2004/2/22 13:00,14.495
15723,2004/2/22 13:30,14.495
15724,2004/2/22 14:00,14.495
15725,2004/2/22 14:30,14.495
15726,2004/2/22 15:00,14.495
15727,2004/2/22 15:30,14.495
15728,2004/2/22 16:00,14.495
15729,2004/2/22 16:30,14.495
15730,2004/2/22 17:00,14.495
15731,2004/2/22 17:30,14.495
15732,2004/2/22 18:00,14.495
15733,2004/2/22 18:30,14.495
15734,2004/2/22 19:00,14.495
15735,2004/2/22 19:30,14.495
15736,2004/2/22 20:00,14.495
15737,2004/2/22 20:30,14.495
15738,2004/2/22 21:00,14.495
15739,2004/2/22 21:30,14.495
15740,2004/2/22 22:00,14.495
15741,2004/2/22 22:30,14.495
15742,2004/2/22 23:00,14.495
15743,2004/2/22 23:30,14.495
15744,2004/2/23 0:00,6.08
15745,2004/2/23 0:30,6.08
15746,2004/2/23 1:00,6.08
15747,2004/2/23 1:30,6.08
15748,2004/2/23 2:00,6.08
15749,2004/2/23 2:30,6.08
15750,2004/2/23 3:00,6.08
15751,2004/2/23 3:30,6.08
15752,2004/2/23 4:00,6.08
15753,2004/2/23 4:30,6.08
15754,2004/2/23 5:00,6.08
15755,2004/2/23 5:30,6.08
15756,2004/2/23 6:00,6.08
15757,2004/2/23 6:30,6.08
15758,2004/2/23 7:00,14.495
15759,2004/2/23 7:30,14.495
15760,2004/2/23 8:00,14.495
15761,2004/2/23 8:30,14.495
15762,2004/2/23 9:00,14.495
15763,2004/2/23 9:30,14.495
15764,2004/2/23 10:00,14.495
15765,2004/2/23 10:30,14.495
15766,2004/2/23 11:00,14.495
15767,2004/2/23 11:30,14.495
15768,2004/2/23 12:00,14.495
15769,2004/2/23 12:30,14.495
15770,2004/2/23 13:00,14.495
15771,2004/2/23 13:30,14.495
15772,2004/2/23 14:00,14.495
15773,2004/2/23 14:30,14.495
15774,2004/2/23 15:00,14.495
15775,2004/2/23 15:30,14.495
15776,2004/2/23 16:00,14.495
15777,2004/2/23 16:30,14.495
15778,2004/2/23 17:00,14.495
15779,2004/2/23 17:30,14.495
15780,2004/2/23 18:00,14.495
15781,2004/2/23 18:30,14.495
15782,2004/2/23 19:00,14.495
15783,2004/2/23 19:30,14.495
15784,2004/2/23 20:00,14.495
15785,2004/2/23 20:30,14.495
15786,2004/2/23 21:00,14.495
15787,2004/2/23 21:30,14.495
15788,2004/2/23 22:00,14.495
15789,2004/2/23 22:30,14.495
15790,2004/2/23 23:00,14.495
15791,2004/2/23 23:30,14.495
15792,2004/2/24 0:00,6.08
15793,2004/2/24 0:30,6.08
15794,2004/2/24 1:00,6.08
15795,2004/2/24 1:30,6.08
15796,2004/2/24 2:00,6.08
15797,2004/2/24 2:30,6.08
15798,2004/2/24 3:00,6.08
15799,2004/2/24 3:30,6.08
15800,2004/2/24 4:00,6.08
15801,2004/2/24 4:30,6.08
15802,2004/2/24 5:00,6.08
15803,2004/2/24 5:30,6.08
15804,2004/2/24 6:00,6.08
15805,2004/2/24 6:30,6.08
15806,2004/2/24 7:00,14.495
15807,2004/2/24 7:30,14.495
15808,2004/2/24 8:00,14.495
15809,2004/2/24 8:30,14.495
15810,2004/2/24 9:00,14.495
15811,2004/2/24 9:30,14.495
15812,2004/2/24 10:00,14.495
15813,2004/2/24 10:30,14.495
15814,2004/2/24 11:00,14.495
15815,2004/2/24 11:30,14.495
15816,2004/2/24 12:00,14.495
15817,2004/2/24 12:30,14.495
15818,2004/2/24 13:00,14.495
15819,2004/2/24 13:30,14.495
15820,2004/2/24 14:00,14.495
15821,2004/2/24 14:30,14.495
15822,2004/2/24 15:00,14.495
15823,2004/2/24 15:30,14.495
15824,2004/2/24 16:00,14.495
15825,2004/2/24 16:30,14.495
15826,2004/2/24 17:00,14.495
15827,2004/2/24 17:30,14.495
15828,2004/2/24 18:00,14.495
15829,2004/2/24 18:30,14.495
15830,2004/2/24 19:00,14.495
15831,2004/2/24 19:30,14.495
15832,2004/2/24 20:00,14.495
15833,2004/2/24 20:30,14.495
15834,2004/2/24 21:00,14.495
15835,2004/2/24 21:30,14.495
15836,2004/2/24 22:00,14.495
15837,2004/2/24 22:30,14.495
15838,2004/2/24 23:00,14.495
15839,2004/2/24 23:30,14.495
15840,2004/2/25 0:00,6.08
15841,2004/2/25 0:30,6.08
15842,2004/2/25 1:00,6.08
15843,2004/2/25 1:30,6.08
15844,2004/2/25 2:00,6.08
15845,2004/2/25 2:30,6.08
15846,2004/2/25 3:00,6.08
15847,2004/2/25 3:30,6.08
15848,2004/2/25 4:00,6.08
15849,2004/2/25 4:30,6.08
15850,2004/2/25 5:00,6.08
15851,2004/2/25 5:30,6.08
15852,2004/2/25 6:00,6.08
15853,2004/2/25 6:30,6.08
15854,2004/2/25 7:00,14.495
15855,2004/2/25 7:30,14.495
15856,2004/2/25 8:00,14.495
15857,2004/2/25 8:30,14.495
15858,2004/2/25 9:00,14.495
15859,2004/2/25 9:30,14.495
15860,2004/2/25 10:00,14.495
15861,2004/2/25 10:30,14.495
15862,2004/2/25 11:00,14.495
15863,2004/2/25 11:30,14.495
15864,2004/2/25 12:00,14.495
15865,2004/2/25 12:30,14.495
15866,2004/2/25 13:00,14.495
15867,2004/2/25 13:30,14.495
15868,2004/2/25 14:00,14.495
15869,2004/2/25 14:30,14.495
15870,2004/2/25 15:00,14.495
15871,2004/2/25 15:30,14.495
15872,2004/2/25 16:00,14.495
15873,2004/2/25 16:30,14.495
15874,2004/2/25 17:00,14.495
15875,2004/2/25 17:30,14.495
15876,2004/2/25 18:00,14.495
15877,2004/2/25 18:30,14.495
15878,2004/2/25 19:00,14.495
15879,2004/2/25 19:30,14.495
15880,2004/2/25 20:00,14.495
15881,2004/2/25 20:30,14.495
15882,2004/2/25 21:00,14.495
15883,2004/2/25 21:30,14.495
15884,2004/2/25 22:00,14.495
15885,2004/2/25 22:30,14.495
15886,2004/2/25 23:00,14.495
15887,2004/2/25 23:30,14.495
15888,2004/2/26 0:00,6.08
15889,2004/2/26 0:30,6.08
15890,2004/2/26 1:00,6.08
15891,2004/2/26 1:30,6.08
15892,2004/2/26 2:00,6.08
15893,2004/2/26 2:30,6.08
15894,2004/2/26 3:00,6.08
15895,2004/2/26 3:30,6.08
15896,2004/2/26 4:00,6.08
15897,2004/2/26 4:30,6.08
15898,2004/2/26 5:00,6.08
15899,2004/2/26 5:30,6.08
15900,2004/2/26 6:00,6.08
15901,2004/2/26 6:30,6.08
15902,2004/2/26 7:00,14.495
15903,2004/2/26 7:30,14.495
15904,2004/2/26 8:00,14.495
15905,2004/2/26 8:30,14.495
15906,2004/2/26 9:00,14.495
15907,2004/2/26 9:30,14.495
15908,2004/2/26 10:00,14.495
15909,2004/2/26 10:30,14.495
15910,2004/2/26 11:00,14.495
15911,2004/2/26 11:30,14.495
15912,2004/2/26 12:00,14.495
15913,2004/2/26 12:30,14.495
15914,2004/2/26 13:00,14.495
15915,2004/2/26 13:30,14.495
15916,2004/2/26 14:00,14.495
15917,2004/2/26 14:30,14.495
15918,2004/2/26 15:00,14.495
15919,2004/2/26 15:30,14.495
15920,2004/2/26 16:00,14.495
15921,2004/2/26 16:30,14.495
15922,2004/2/26 17:00,14.495
15923,2004/2/26 17:30,14.495
15924,2004/2/26 18:00,14.495
15925,2004/2/26 18:30,14.495
15926,2004/2/26 19:00,14.495
15927,2004/2/26 19:30,14.495
15928,2004/2/26 20:00,14.495
15929,2004/2/26 20:30,14.495
15930,2004/2/26 21:00,14.495
15931,2004/2/26 21:30,14.495
15932,2004/2/26 22:00,14.495
15933,2004/2/26 22:30,14.495
15934,2004/2/26 23:00,14.495
15935,2004/2/26 23:30,14.495
15936,2004/2/27 0:00,6.08
15937,2004/2/27 0:30,6.08
15938,2004/2/27 1:00,6.08
15939,2004/2/27 1:30,6.08
15940,2004/2/27 2:00,6.08
15941,2004/2/27 2:30,6.08
15942,2004/2/27 3:00,6.08
15943,2004/2/27 3:30,6.08
15944,2004/2/27 4:00,6.08
15945,2004/2/27 4:30,6.08
15946,2004/2/27 5:00,6.08
15947,2004/2/27 5:30,6.08
15948,2004/2/27 6:00,6.08
15949,2004/2/27 6:30,6.08
15950,2004/2/27 7:00,14.495
15951,2004/2/27 7:30,14.495
15952,2004/2/27 8:00,14.495
15953,2004/2/27 8:30,14.495
15954,2004/2/27 9:00,14.495
15955,2004/2/27 9:30,14.495
15956,2004/2/27 10:00,14.495
15957,2004/2/27 10:30,14.495
15958,2004/2/27 11:00,14.495
15959,2004/2/27 11:30,14.495
15960,2004/2/27 12:00,14.495
15961,2004/2/27 12:30,14.495
15962,2004/2/27 13:00,14.495
15963,2004/2/27 13:30,14.495
15964,2004/2/27 14:00,14.495
15965,2004/2/27 14:30,14.495
15966,2004/2/27 15:00,14.495
15967,2004/2/27 15:30,14.495
15968,2004/2/27 16:00,14.495
15969,2004/2/27 16:30,14.495
15970,2004/2/27 17:00,14.495
15971,2004/2/27 17:30,14.495
15972,2004/2/27 18:00,14.495
15973,2004/2/27 18:30,14.495
15974,2004/2/27 19:00,14.495
15975,2004/2/27 19:30,14.495
15976,2004/2/27 20:00,14.495
15977,2004/2/27 20:30,14.495
15978,2004/2/27 21:00,14.495
15979,2004/2/27 21:30,14.495
15980,2004/2/27 22:00,14.495
15981,2004/2/27 22:30,14.495
15982,2004/2/27 23:00,14.495
15983,2004/2/27 23:30,14.495
15984,2004/2/28 0:00,6.08
15985,2004/2/28 0:30,6.08
15986,2004/2/28 1:00,6.08
15987,2004/2/28 1:30,6.08
15988,2004/2/28 2:00,6.08
15989,2004/2/28 2:30,6.08
15990,2004/2/28 3:00,6.08
15991,2004/2/28 3:30,6.08
15992,2004/2/28 4:00,6.08
15993,2004/2/28 4:30,6.08
15994,2004/2/28 5:00,6.08
15995,2004/2/28 5:30,6.08
15996,2004/2/28 6:00,6.08
15997,2004/2/28 6:30,6.08
15998,2004/2/28 7:00,14.495
15999,2004/2/28 7:30,14.495
16000,2004/2/28 8:00,14.495
16001,2004/2/28 8:30,14.495
16002,2004/2/28 9:00,14.495
16003,2004/2/28 9:30,14.495
16004,2004/2/28 10:00,14.495
16005,2004/2/28 10:30,14.495
16006,2004/2/28 11:00,14.495
16007,2004/2/28 11:30,14.495
16008,2004/2/28 12:00,14.495
16009,2004/2/28 12:30,14.495
16010,2004/2/28 13:00,14.495
16011,2004/2/28 13:30,14.495
16012,2004/2/28 14:00,14.495
16013,2004/2/28 14:30,14.495
16014,2004/2/28 15:00,14.495
16015,2004/2/28 15:30,14.495
16016,2004/2/28 16:00,14.495
16017,2004/2/28 16:30,14.495
16018,2004/2/28 17:00,14.495
16019,2004/2/28 17:30,14.495
16020,2004/2/28 18:00,14.495
16021,2004/2/28 18:30,14.495
16022,2004/2/28 19:00,14.495
16023,2004/2/28 19:30,14.495
16024,2004/2/28 20:00,14.495
16025,2004/2/28 20:30,14.495
16026,2004/2/28 21:00,14.495
16027,2004/2/28 21:30,14.495
16028,2004/2/28 22:00,14.495
16029,2004/2/28 22:30,14.495
16030,2004/2/28 23:00,14.495
16031,2004/2/28 23:30,14.495
16032,2004/2/29 0:00,6.08
16033,2004/2/29 0:30,6.08
16034,2004/2/29 1:00,6.08
16035,2004/2/29 1:30,6.08
16036,2004/2/29 2:00,6.08
16037,2004/2/29 2:30,6.08
16038,2004/2/29 3:00,6.08
16039,2004/2/29 3:30,6.08
16040,2004/2/29 4:00,6.08
16041,2004/2/29 4:30,6.08
16042,2004/2/29 5:00,6.08
16043,2004/2/29 5:30,6.08
16044,2004/2/29 6:00,6.08
16045,2004/2/29 6:30,6.08
16046,2004/2/29 7:00,14.495
16047,2004/2/29 7:30,14.495
16048,2004/2/29 8:00,14.495
16049,2004/2/29 8:30,14.495
16050,2004/2/29 9:00,14.495
16051,2004/2/29 9:30,14.495
16052,2004/2/29 10:00,14.495
16053,2004/2/29 10:30,14.495
16054,2004/2/29 11:00,14.495
16055,2004/2/29 11:30,14.495
16056,2004/2/29 12:00,14.495
16057,2004/2/29 12:30,14.495
16058,2004/2/29 13:00,14.495
16059,2004/2/29 13:30,14.495
16060,2004/2/29 14:00,14.495
16061,2004/2/29 14:30,14.495
16062,2004/2/29 15:00,14.495
16063,2004/2/29 15:30,14.495
16064,2004/2/29 16:00,14.495
16065,2004/2/29 16:30,14.495
16066,2004/2/29 17:00,14.495
16067,2004/2/29 17:30,14.495
16068,2004/2/29 18:00,14.495
16069,2004/2/29 18:30,14.495
16070,2004/2/29 19:00,14.495
16071,2004/2/29 19:30,14.495
16072,2004/2/29 20:00,14.495
16073,2004/2/29 20:30,14.495
16074,2004/2/29 21:00,14.495
16075,2004/2/29 21:30,14.495
16076,2004/2/29 22:00,14.495
16077,2004/2/29 22:30,14.495
16078,2004/2/29 23:00,14.495
16079,2004/2/29 23:30,14.495
16080,2004/3/1 0:00,6.08
16081,2004/3/1 0:30,6.08
16082,2004/3/1 1:00,6.08
16083,2004/3/1 1:30,6.08
16084,2004/3/1 2:00,6.08
16085,2004/3/1 2:30,6.08
16086,2004/3/1 3:00,6.08
16087,2004/3/1 3:30,6.08
16088,2004/3/1 4:00,6.08
16089,2004/3/1 4:30,6.08
16090,2004/3/1 5:00,6.08
16091,2004/3/1 5:30,6.08
16092,2004/3/1 6:00,6.08
16093,2004/3/1 6:30,6.08
16094,2004/3/1 7:00,14.495
16095,2004/3/1 7:30,14.495
16096,2004/3/1 8:00,14.495
16097,2004/3/1 8:30,14.495
16098,2004/3/1 9:00,14.495
16099,2004/3/1 9:30,14.495
16100,2004/3/1 10:00,14.495
16101,2004/3/1 10:30,14.495
16102,2004/3/1 11:00,14.495
16103,2004/3/1 11:30,14.495
16104,2004/3/1 12:00,14.495
16105,2004/3/1 12:30,14.495
16106,2004/3/1 13:00,14.495
16107,2004/3/1 13:30,14.495
16108,2004/3/1 14:00,14.495
16109,2004/3/1 14:30,14.495
16110,2004/3/1 15:00,14.495
16111,2004/3/1 15:30,14.495
16112,2004/3/1 16:00,14.495
16113,2004/3/1 16:30,14.495
16114,2004/3/1 17:00,14.495
16115,2004/3/1 17:30,14.495
16116,2004/3/1 18:00,14.495
16117,2004/3/1 18:30,14.495
16118,2004/3/1 19:00,14.495
16119,2004/3/1 19:30,14.495
16120,2004/3/1 20:00,14.495
16121,2004/3/1 20:30,14.495
16122,2004/3/1 21:00,14.495
16123,2004/3/1 21:30,14.495
16124,2004/3/1 22:00,14.495
16125,2004/3/1 22:30,14.495
16126,2004/3/1 23:00,14.495
16127,2004/3/1 23:30,14.495
16128,2004/3/2 0:00,6.08
16129,2004/3/2 0:30,6.08
16130,2004/3/2 1:00,6.08
16131,2004/3/2 1:30,6.08
16132,2004/3/2 2:00,6.08
16133,2004/3/2 2:30,6.08
16134,2004/3/2 3:00,6.08
16135,2004/3/2 3:30,6.08
16136,2004/3/2 4:00,6.08
16137,2004/3/2 4:30,6.08
16138,2004/3/2 5:00,6.08
16139,2004/3/2 5:30,6.08
16140,2004/3/2 6:00,6.08
16141,2004/3/2 6:30,6.08
16142,2004/3/2 7:00,14.495
16143,2004/3/2 7:30,14.495
16144,2004/3/2 8:00,14.495
16145,2004/3/2 8:30,14.495
16146,2004/3/2 9:00,14.495
16147,2004/3/2 9:30,14.495
16148,2004/3/2 10:00,14.495
16149,2004/3/2 10:30,14.495
16150,2004/3/2 11:00,14.495
16151,2004/3/2 11:30,14.495
16152,2004/3/2 12:00,14.495
16153,2004/3/2 12:30,14.495
16154,2004/3/2 13:00,14.495
16155,2004/3/2 13:30,14.495
16156,2004/3/2 14:00,14.495
16157,2004/3/2 14:30,14.495
16158,2004/3/2 15:00,14.495
16159,2004/3/2 15:30,14.495
16160,2004/3/2 16:00,14.495
16161,2004/3/2 16:30,14.495
16162,2004/3/2 17:00,14.495
16163,2004/3/2 17:30,14.495
16164,2004/3/2 18:00,14.495
16165,2004/3/2 18:30,14.495
16166,2004/3/2 19:00,14.495
16167,2004/3/2 19:30,14.495
16168,2004/3/2 20:00,14.495
16169,2004/3/2 20:30,14.495
16170,2004/3/2 21:00,14.495
16171,2004/3/2 21:30,14.495
16172,2004/3/2 22:00,14.495
16173,2004/3/2 22:30,14.495
16174,2004/3/2 23:00,14.495
16175,2004/3/2 23:30,14.495
16176,2004/3/3 0:00,6.08
16177,2004/3/3 0:30,6.08
16178,2004/3/3 1:00,6.08
16179,2004/3/3 1:30,6.08
16180,2004/3/3 2:00,6.08
16181,2004/3/3 2:30,6.08
16182,2004/3/3 3:00,6.08
16183,2004/3/3 3:30,6.08
16184,2004/3/3 4:00,6.08
16185,2004/3/3 4:30,6.08
16186,2004/3/3 5:00,6.08
16187,2004/3/3 5:30,6.08
16188,2004/3/3 6:00,6.08
16189,2004/3/3 6:30,6.08
16190,2004/3/3 7:00,14.495
16191,2004/3/3 7:30,14.495
16192,2004/3/3 8:00,14.495
16193,2004/3/3 8:30,14.495
16194,2004/3/3 9:00,14.495
16195,2004/3/3 9:30,14.495
16196,2004/3/3 10:00,14.495
16197,2004/3/3 10:30,14.495
16198,2004/3/3 11:00,14.495
16199,2004/3/3 11:30,14.495
16200,2004/3/3 12:00,14.495
16201,2004/3/3 12:30,14.495
16202,2004/3/3 13:00,14.495
16203,2004/3/3 13:30,14.495
16204,2004/3/3 14:00,14.495
16205,2004/3/3 14:30,14.495
16206,2004/3/3 15:00,14.495
16207,2004/3/3 15:30,14.495
16208,2004/3/3 16:00,14.495
16209,2004/3/3 16:30,14.495
16210,2004/3/3 17:00,14.495
16211,2004/3/3 17:30,14.495
16212,2004/3/3 18:00,14.495
16213,2004/3/3 18:30,14.495
16214,2004/3/3 19:00,14.495
16215,2004/3/3 19:30,14.495
16216,2004/3/3 20:00,14.495
16217,2004/3/3 20:30,14.495
16218,2004/3/3 21:00,14.495
16219,2004/3/3 21:30,14.495
16220,2004/3/3 22:00,14.495
16221,2004/3/3 22:30,14.495
16222,2004/3/3 23:00,14.495
16223,2004/3/3 23:30,14.495
16224,2004/3/4 0:00,6.08
16225,2004/3/4 0:30,6.08
16226,2004/3/4 1:00,6.08
16227,2004/3/4 1:30,6.08
16228,2004/3/4 2:00,6.08
16229,2004/3/4 2:30,6.08
16230,2004/3/4 3:00,6.08
16231,2004/3/4 3:30,6.08
16232,2004/3/4 4:00,6.08
16233,2004/3/4 4:30,6.08
16234,2004/3/4 5:00,6.08
16235,2004/3/4 5:30,6.08
16236,2004/3/4 6:00,6.08
16237,2004/3/4 6:30,6.08
16238,2004/3/4 7:00,14.495
16239,2004/3/4 7:30,14.495
16240,2004/3/4 8:00,14.495
16241,2004/3/4 8:30,14.495
16242,2004/3/4 9:00,14.495
16243,2004/3/4 9:30,14.495
16244,2004/3/4 10:00,14.495
16245,2004/3/4 10:30,14.495
16246,2004/3/4 11:00,14.495
16247,2004/3/4 11:30,14.495
16248,2004/3/4 12:00,14.495
16249,2004/3/4 12:30,14.495
16250,2004/3/4 13:00,14.495
16251,2004/3/4 13:30,14.495
16252,2004/3/4 14:00,14.495
16253,2004/3/4 14:30,14.495
16254,2004/3/4 15:00,14.495
16255,2004/3/4 15:30,14.495
16256,2004/3/4 16:00,14.495
16257,2004/3/4 16:30,14.495
16258,2004/3/4 17:00,14.495
16259,2004/3/4 17:30,14.495
16260,2004/3/4 18:00,14.495
16261,2004/3/4 18:30,14.495
16262,2004/3/4 19:00,14.495
16263,2004/3/4 19:30,14.495
16264,2004/3/4 20:00,14.495
16265,2004/3/4 20:30,14.495
16266,2004/3/4 21:00,14.495
16267,2004/3/4 21:30,14.495
16268,2004/3/4 22:00,14.495
16269,2004/3/4 22:30,14.495
16270,2004/3/4 23:00,14.495
16271,2004/3/4 23:30,14.495
16272,2004/3/5 0:00,6.08
16273,2004/3/5 0:30,6.08
16274,2004/3/5 1:00,6.08
16275,2004/3/5 1:30,6.08
16276,2004/3/5 2:00,6.08
16277,2004/3/5 2:30,6.08
16278,2004/3/5 3:00,6.08
16279,2004/3/5 3:30,6.08
16280,2004/3/5 4:00,6.08
16281,2004/3/5 4:30,6.08
16282,2004/3/5 5:00,6.08
16283,2004/3/5 5:30,6.08
16284,2004/3/5 6:00,6.08
16285,2004/3/5 6:30,6.08
16286,2004/3/5 7:00,14.495
16287,2004/3/5 7:30,14.495
16288,2004/3/5 8:00,14.495
16289,2004/3/5 8:30,14.495
16290,2004/3/5 9:00,14.495
16291,2004/3/5 9:30,14.495
16292,2004/3/5 10:00,14.495
16293,2004/3/5 10:30,14.495
16294,2004/3/5 11:00,14.495
16295,2004/3/5 11:30,14.495
16296,2004/3/5 12:00,14.495
16297,2004/3/5 12:30,14.495
16298,2004/3/5 13:00,14.495
16299,2004/3/5 13:30,14.495
16300,2004/3/5 14:00,14.495
16301,2004/3/5 14:30,14.495
16302,2004/3/5 15:00,14.495
16303,2004/3/5 15:30,14.495
16304,2004/3/5 16:00,14.495
16305,2004/3/5 16:30,14.495
16306,2004/3/5 17:00,14.495
16307,2004/3/5 17:30,14.495
16308,2004/3/5 18:00,14.495
16309,2004/3/5 18:30,14.495
16310,2004/3/5 19:00,14.495
16311,2004/3/5 19:30,14.495
16312,2004/3/5 20:00,14.495
16313,2004/3/5 20:30,14.495
16314,2004/3/5 21:00,14.495
16315,2004/3/5 21:30,14.495
16316,2004/3/5 22:00,14.495
16317,2004/3/5 22:30,14.495
16318,2004/3/5 23:00,14.495
16319,2004/3/5 23:30,14.495
16320,2004/3/6 0:00,6.08
16321,2004/3/6 0:30,6.08
16322,2004/3/6 1:00,6.08
16323,2004/3/6 1:30,6.08
16324,2004/3/6 2:00,6.08
16325,2004/3/6 2:30,6.08
16326,2004/3/6 3:00,6.08
16327,2004/3/6 3:30,6.08
16328,2004/3/6 4:00,6.08
16329,2004/3/6 4:30,6.08
16330,2004/3/6 5:00,6.08
16331,2004/3/6 5:30,6.08
16332,2004/3/6 6:00,6.08
16333,2004/3/6 6:30,6.08
16334,2004/3/6 7:00,14.495
16335,2004/3/6 7:30,14.495
16336,2004/3/6 8:00,14.495
16337,2004/3/6 8:30,14.495
16338,2004/3/6 9:00,14.495
16339,2004/3/6 9:30,14.495
16340,2004/3/6 10:00,14.495
16341,2004/3/6 10:30,14.495
16342,2004/3/6 11:00,14.495
16343,2004/3/6 11:30,14.495
16344,2004/3/6 12:00,14.495
16345,2004/3/6 12:30,14.495
16346,2004/3/6 13:00,14.495
16347,2004/3/6 13:30,14.495
16348,2004/3/6 14:00,14.495
16349,2004/3/6 14:30,14.495
16350,2004/3/6 15:00,14.495
16351,2004/3/6 15:30,14.495
16352,2004/3/6 16:00,14.495
16353,2004/3/6 16:30,14.495
16354,2004/3/6 17:00,14.495
16355,2004/3/6 17:30,14.495
16356,2004/3/6 18:00,14.495
16357,2004/3/6 18:30,14.495
16358,2004/3/6 19:00,14.495
16359,2004/3/6 19:30,14.495
16360,2004/3/6 20:00,14.495
16361,2004/3/6 20:30,14.495
16362,2004/3/6 21:00,14.495
16363,2004/3/6 21:30,14.495
16364,2004/3/6 22:00,14.495
16365,2004/3/6 22:30,14.495
16366,2004/3/6 23:00,14.495
16367,2004/3/6 23:30,14.495
16368,2004/3/7 0:00,6.08
16369,2004/3/7 0:30,6.08
16370,2004/3/7 1:00,6.08
16371,2004/3/7 1:30,6.08
16372,2004/3/7 2:00,6.08
16373,2004/3/7 2:30,6.08
16374,2004/3/7 3:00,6.08
16375,2004/3/7 3:30,6.08
16376,2004/3/7 4:00,6.08
16377,2004/3/7 4:30,6.08
16378,2004/3/7 5:00,6.08
16379,2004/3/7 5:30,6.08
16380,2004/3/7 6:00,6.08
16381,2004/3/7 6:30,6.08
16382,2004/3/7 7:00,14.495
16383,2004/3/7 7:30,14.495
16384,2004/3/7 8:00,14.495
16385,2004/3/7 8:30,14.495
16386,2004/3/7 9:00,14.495
16387,2004/3/7 9:30,14.495
16388,2004/3/7 10:00,14.495
16389,2004/3/7 10:30,14.495
16390,2004/3/7 11:00,14.495
16391,2004/3/7 11:30,14.495
16392,2004/3/7 12:00,14.495
16393,2004/3/7 12:30,14.495
16394,2004/3/7 13:00,14.495
16395,2004/3/7 13:30,14.495
16396,2004/3/7 14:00,14.495
16397,2004/3/7 14:30,14.495
16398,2004/3/7 15:00,14.495
16399,2004/3/7 15:30,14.495
16400,2004/3/7 16:00,14.495
16401,2004/3/7 16:30,14.495
16402,2004/3/7 17:00,14.495
16403,2004/3/7 17:30,14.495
16404,2004/3/7 18:00,14.495
16405,2004/3/7 18:30,14.495
16406,2004/3/7 19:00,14.495
16407,2004/3/7 19:30,14.495
16408,2004/3/7 20:00,14.495
16409,2004/3/7 20:30,14.495
16410,2004/3/7 21:00,14.495
16411,2004/3/7 21:30,14.495
16412,2004/3/7 22:00,14.495
16413,2004/3/7 22:30,14.495
16414,2004/3/7 23:00,14.495
16415,2004/3/7 23:30,14.495
16416,2004/3/8 0:00,6.08
16417,2004/3/8 0:30,6.08
16418,2004/3/8 1:00,6.08
16419,2004/3/8 1:30,6.08
16420,2004/3/8 2:00,6.08
16421,2004/3/8 2:30,6.08
16422,2004/3/8 3:00,6.08
16423,2004/3/8 3:30,6.08
16424,2004/3/8 4:00,6.08
16425,2004/3/8 4:30,6.08
16426,2004/3/8 5:00,6.08
16427,2004/3/8 5:30,6.08
16428,2004/3/8 6:00,6.08
16429,2004/3/8 6:30,6.08
16430,2004/3/8 7:00,14.495
16431,2004/3/8 7:30,14.495
16432,2004/3/8 8:00,14.495
16433,2004/3/8 8:30,14.495
16434,2004/3/8 9:00,14.495
16435,2004/3/8 9:30,14.495
16436,2004/3/8 10:00,14.495
16437,2004/3/8 10:30,14.495
16438,2004/3/8 11:00,14.495
16439,2004/3/8 11:30,14.495
16440,2004/3/8 12:00,14.495
16441,2004/3/8 12:30,14.495
16442,2004/3/8 13:00,14.495
16443,2004/3/8 13:30,14.495
16444,2004/3/8 14:00,14.495
16445,2004/3/8 14:30,14.495
16446,2004/3/8 15:00,14.495
16447,2004/3/8 15:30,14.495
16448,2004/3/8 16:00,14.495
16449,2004/3/8 16:30,14.495
16450,2004/3/8 17:00,14.495
16451,2004/3/8 17:30,14.495
16452,2004/3/8 18:00,14.495
16453,2004/3/8 18:30,14.495
16454,2004/3/8 19:00,14.495
16455,2004/3/8 19:30,14.495
16456,2004/3/8 20:00,14.495
16457,2004/3/8 20:30,14.495
16458,2004/3/8 21:00,14.495
16459,2004/3/8 21:30,14.495
16460,2004/3/8 22:00,14.495
16461,2004/3/8 22:30,14.495
16462,2004/3/8 23:00,14.495
16463,2004/3/8 23:30,14.495
16464,2004/3/9 0:00,6.08
16465,2004/3/9 0:30,6.08
16466,2004/3/9 1:00,6.08
16467,2004/3/9 1:30,6.08
16468,2004/3/9 2:00,6.08
16469,2004/3/9 2:30,6.08
16470,2004/3/9 3:00,6.08
16471,2004/3/9 3:30,6.08
16472,2004/3/9 4:00,6.08
16473,2004/3/9 4:30,6.08
16474,2004/3/9 5:00,6.08
16475,2004/3/9 5:30,6.08
16476,2004/3/9 6:00,6.08
16477,2004/3/9 6:30,6.08
16478,2004/3/9 7:00,14.495
16479,2004/3/9 7:30,14.495
16480,2004/3/9 8:00,14.495
16481,2004/3/9 8:30,14.495
16482,2004/3/9 9:00,14.495
16483,2004/3/9 9:30,14.495
16484,2004/3/9 10:00,14.495
16485,2004/3/9 10:30,14.495
16486,2004/3/9 11:00,14.495
16487,2004/3/9 11:30,14.495
16488,2004/3/9 12:00,14.495
16489,2004/3/9 12:30,14.495
16490,2004/3/9 13:00,14.495
16491,2004/3/9 13:30,14.495
16492,2004/3/9 14:00,14.495
16493,2004/3/9 14:30,14.495
16494,2004/3/9 15:00,14.495
16495,2004/3/9 15:30,14.495
16496,2004/3/9 16:00,14.495
16497,2004/3/9 16:30,14.495
16498,2004/3/9 17:00,14.495
16499,2004/3/9 17:30,14.495
16500,2004/3/9 18:00,14.495
16501,2004/3/9 18:30,14.495
16502,2004/3/9 19:00,14.495
16503,2004/3/9 19:30,14.495
16504,2004/3/9 20:00,14.495
16505,2004/3/9 20:30,14.495
16506,2004/3/9 21:00,14.495
16507,2004/3/9 21:30,14.495
16508,2004/3/9 22:00,14.495
16509,2004/3/9 22:30,14.495
16510,2004/3/9 23:00,14.495
16511,2004/3/9 23:30,14.495
16512,2004/3/10 0:00,6.08
16513,2004/3/10 0:30,6.08
16514,2004/3/10 1:00,6.08
16515,2004/3/10 1:30,6.08
16516,2004/3/10 2:00,6.08
16517,2004/3/10 2:30,6.08
16518,2004/3/10 3:00,6.08
16519,2004/3/10 3:30,6.08
16520,2004/3/10 4:00,6.08
16521,2004/3/10 4:30,6.08
16522,2004/3/10 5:00,6.08
16523,2004/3/10 5:30,6.08
16524,2004/3/10 6:00,6.08
16525,2004/3/10 6:30,6.08
16526,2004/3/10 7:00,14.495
16527,2004/3/10 7:30,14.495
16528,2004/3/10 8:00,14.495
16529,2004/3/10 8:30,14.495
16530,2004/3/10 9:00,14.495
16531,2004/3/10 9:30,14.495
16532,2004/3/10 10:00,14.495
16533,2004/3/10 10:30,14.495
16534,2004/3/10 11:00,14.495
16535,2004/3/10 11:30,14.495
16536,2004/3/10 12:00,14.495
16537,2004/3/10 12:30,14.495
16538,2004/3/10 13:00,14.495
16539,2004/3/10 13:30,14.495
16540,2004/3/10 14:00,14.495
16541,2004/3/10 14:30,14.495
16542,2004/3/10 15:00,14.495
16543,2004/3/10 15:30,14.495
16544,2004/3/10 16:00,14.495
16545,2004/3/10 16:30,14.495
16546,2004/3/10 17:00,14.495
16547,2004/3/10 17:30,14.495
16548,2004/3/10 18:00,14.495
16549,2004/3/10 18:30,14.495
16550,2004/3/10 19:00,14.495
16551,2004/3/10 19:30,14.495
16552,2004/3/10 20:00,14.495
16553,2004/3/10 20:30,14.495
16554,2004/3/10 21:00,14.495
16555,2004/3/10 21:30,14.495
16556,2004/3/10 22:00,14.495
16557,2004/3/10 22:30,14.495
16558,2004/3/10 23:00,14.495
16559,2004/3/10 23:30,14.495
16560,2004/3/11 0:00,6.08
16561,2004/3/11 0:30,6.08
16562,2004/3/11 1:00,6.08
16563,2004/3/11 1:30,6.08
16564,2004/3/11 2:00,6.08
16565,2004/3/11 2:30,6.08
16566,2004/3/11 3:00,6.08
16567,2004/3/11 3:30,6.08
16568,2004/3/11 4:00,6.08
16569,2004/3/11 4:30,6.08
16570,2004/3/11 5:00,6.08
16571,2004/3/11 5:30,6.08
16572,2004/3/11 6:00,6.08
16573,2004/3/11 6:30,6.08
16574,2004/3/11 7:00,14.495
16575,2004/3/11 7:30,14.495
16576,2004/3/11 8:00,14.495
16577,2004/3/11 8:30,14.495
16578,2004/3/11 9:00,14.495
16579,2004/3/11 9:30,14.495
16580,2004/3/11 10:00,14.495
16581,2004/3/11 10:30,14.495
16582,2004/3/11 11:00,14.495
16583,2004/3/11 11:30,14.495
16584,2004/3/11 12:00,14.495
16585,2004/3/11 12:30,14.495
16586,2004/3/11 13:00,14.495
16587,2004/3/11 13:30,14.495
16588,2004/3/11 14:00,14.495
16589,2004/3/11 14:30,14.495
16590,2004/3/11 15:00,14.495
16591,2004/3/11 15:30,14.495
16592,2004/3/11 16:00,14.495
16593,2004/3/11 16:30,14.495
16594,2004/3/11 17:00,14.495
16595,2004/3/11 17:30,14.495
16596,2004/3/11 18:00,14.495
16597,2004/3/11 18:30,14.495
16598,2004/3/11 19:00,14.495
16599,2004/3/11 19:30,14.495
16600,2004/3/11 20:00,14.495
16601,2004/3/11 20:30,14.495
16602,2004/3/11 21:00,14.495
16603,2004/3/11 21:30,14.495
16604,2004/3/11 22:00,14.495
16605,2004/3/11 22:30,14.495
16606,2004/3/11 23:00,14.495
16607,2004/3/11 23:30,14.495
16608,2004/3/12 0:00,6.08
16609,2004/3/12 0:30,6.08
16610,2004/3/12 1:00,6.08
16611,2004/3/12 1:30,6.08
16612,2004/3/12 2:00,6.08
16613,2004/3/12 2:30,6.08
16614,2004/3/12 3:00,6.08
16615,2004/3/12 3:30,6.08
16616,2004/3/12 4:00,6.08
16617,2004/3/12 4:30,6.08
16618,2004/3/12 5:00,6.08
16619,2004/3/12 5:30,6.08
16620,2004/3/12 6:00,6.08
16621,2004/3/12 6:30,6.08
16622,2004/3/12 7:00,14.495
16623,2004/3/12 7:30,14.495
16624,2004/3/12 8:00,14.495
16625,2004/3/12 8:30,14.495
16626,2004/3/12 9:00,14.495
16627,2004/3/12 9:30,14.495
16628,2004/3/12 10:00,14.495
16629,2004/3/12 10:30,14.495
16630,2004/3/12 11:00,14.495
16631,2004/3/12 11:30,14.495
16632,2004/3/12 12:00,14.495
16633,2004/3/12 12:30,14.495
16634,2004/3/12 13:00,14.495
16635,2004/3/12 13:30,14.495
16636,2004/3/12 14:00,14.495
16637,2004/3/12 14:30,14.495
16638,2004/3/12 15:00,14.495
16639,2004/3/12 15:30,14.495
16640,2004/3/12 16:00,14.495
16641,2004/3/12 16:30,14.495
16642,2004/3/12 17:00,14.495
16643,2004/3/12 17:30,14.495
16644,2004/3/12 18:00,14.495
16645,2004/3/12 18:30,14.495
16646,2004/3/12 19:00,14.495
16647,2004/3/12 19:30,14.495
16648,2004/3/12 20:00,14.495
16649,2004/3/12 20:30,14.495
16650,2004/3/12 21:00,14.495
16651,2004/3/12 21:30,14.495
16652,2004/3/12 22:00,14.495
16653,2004/3/12 22:30,14.495
16654,2004/3/12 23:00,14.495
16655,2004/3/12 23:30,14.495
16656,2004/3/13 0:00,6.08
16657,2004/3/13 0:30,6.08
16658,2004/3/13 1:00,6.08
16659,2004/3/13 1:30,6.08
16660,2004/3/13 2:00,6.08
16661,2004/3/13 2:30,6.08
16662,2004/3/13 3:00,6.08
16663,2004/3/13 3:30,6.08
16664,2004/3/13 4:00,6.08
16665,2004/3/13 4:30,6.08
16666,2004/3/13 5:00,6.08
16667,2004/3/13 5:30,6.08
16668,2004/3/13 6:00,6.08
16669,2004/3/13 6:30,6.08
16670,2004/3/13 7:00,14.495
16671,2004/3/13 7:30,14.495
16672,2004/3/13 8:00,14.495
16673,2004/3/13 8:30,14.495
16674,2004/3/13 9:00,14.495
16675,2004/3/13 9:30,14.495
16676,2004/3/13 10:00,14.495
16677,2004/3/13 10:30,14.495
16678,2004/3/13 11:00,14.495
16679,2004/3/13 11:30,14.495
16680,2004/3/13 12:00,14.495
16681,2004/3/13 12:30,14.495
16682,2004/3/13 13:00,14.495
16683,2004/3/13 13:30,14.495
16684,2004/3/13 14:00,14.495
16685,2004/3/13 14:30,14.495
16686,2004/3/13 15:00,14.495
16687,2004/3/13 15:30,14.495
16688,2004/3/13 16:00,14.495
16689,2004/3/13 16:30,14.495
16690,2004/3/13 17:00,14.495
16691,2004/3/13 17:30,14.495
16692,2004/3/13 18:00,14.495
16693,2004/3/13 18:30,14.495
16694,2004/3/13 19:00,14.495
16695,2004/3/13 19:30,14.495
16696,2004/3/13 20:00,14.495
16697,2004/3/13 20:30,14.495
16698,2004/3/13 21:00,14.495
16699,2004/3/13 21:30,14.495
16700,2004/3/13 22:00,14.495
16701,2004/3/13 22:30,14.495
16702,2004/3/13 23:00,14.495
16703,2004/3/13 23:30,14.495
16704,2004/3/14 0:00,6.08
16705,2004/3/14 0:30,6.08
16706,2004/3/14 1:00,6.08
16707,2004/3/14 1:30,6.08
16708,2004/3/14 2:00,6.08
16709,2004/3/14 2:30,6.08
16710,2004/3/14 3:00,6.08
16711,2004/3/14 3:30,6.08
16712,2004/3/14 4:00,6.08
16713,2004/3/14 4:30,6.08
16714,2004/3/14 5:00,6.08
16715,2004/3/14 5:30,6.08
16716,2004/3/14 6:00,6.08
16717,2004/3/14 6:30,6.08
16718,2004/3/14 7:00,14.495
16719,2004/3/14 7:30,14.495
16720,2004/3/14 8:00,14.495
16721,2004/3/14 8:30,14.495
16722,2004/3/14 9:00,14.495
16723,2004/3/14 9:30,14.495
16724,2004/3/14 10:00,14.495
16725,2004/3/14 10:30,14.495
16726,2004/3/14 11:00,14.495
16727,2004/3/14 11:30,14.495
16728,2004/3/14 12:00,14.495
16729,2004/3/14 12:30,14.495
16730,2004/3/14 13:00,14.495
16731,2004/3/14 13:30,14.495
16732,2004/3/14 14:00,14.495
16733,2004/3/14 14:30,14.495
16734,2004/3/14 15:00,14.495
16735,2004/3/14 15:30,14.495
16736,2004/3/14 16:00,14.495
16737,2004/3/14 16:30,14.495
16738,2004/3/14 17:00,14.495
16739,2004/3/14 17:30,14.495
16740,2004/3/14 18:00,14.495
16741,2004/3/14 18:30,14.495
16742,2004/3/14 19:00,14.495
16743,2004/3/14 19:30,14.495
16744,2004/3/14 20:00,14.495
16745,2004/3/14 20:30,14.495
16746,2004/3/14 21:00,14.495
16747,2004/3/14 21:30,14.495
16748,2004/3/14 22:00,14.495
16749,2004/3/14 22:30,14.495
16750,2004/3/14 23:00,14.495
16751,2004/3/14 23:30,14.495
16752,2004/3/15 0:00,6.08
16753,2004/3/15 0:30,6.08
16754,2004/3/15 1:00,6.08
16755,2004/3/15 1:30,6.08
16756,2004/3/15 2:00,6.08
16757,2004/3/15 2:30,6.08
16758,2004/3/15 3:00,6.08
16759,2004/3/15 3:30,6.08
16760,2004/3/15 4:00,6.08
16761,2004/3/15 4:30,6.08
16762,2004/3/15 5:00,6.08
16763,2004/3/15 5:30,6.08
16764,2004/3/15 6:00,6.08
16765,2004/3/15 6:30,6.08
16766,2004/3/15 7:00,14.495
16767,2004/3/15 7:30,14.495
16768,2004/3/15 8:00,14.495
16769,2004/3/15 8:30,14.495
16770,2004/3/15 9:00,14.495
16771,2004/3/15 9:30,14.495
16772,2004/3/15 10:00,14.495
16773,2004/3/15 10:30,14.495
16774,2004/3/15 11:00,14.495
16775,2004/3/15 11:30,14.495
16776,2004/3/15 12:00,14.495
16777,2004/3/15 12:30,14.495
16778,2004/3/15 13:00,14.495
16779,2004/3/15 13:30,14.495
16780,2004/3/15 14:00,14.495
16781,2004/3/15 14:30,14.495
16782,2004/3/15 15:00,14.495
16783,2004/3/15 15:30,14.495
16784,2004/3/15 16:00,14.495
16785,2004/3/15 16:30,14.495
16786,2004/3/15 17:00,14.495
16787,2004/3/15 17:30,14.495
16788,2004/3/15 18:00,14.495
16789,2004/3/15 18:30,14.495
16790,2004/3/15 19:00,14.495
16791,2004/3/15 19:30,14.495
16792,2004/3/15 20:00,14.495
16793,2004/3/15 20:30,14.495
16794,2004/3/15 21:00,14.495
16795,2004/3/15 21:30,14.495
16796,2004/3/15 22:00,14.495
16797,2004/3/15 22:30,14.495
16798,2004/3/15 23:00,14.495
16799,2004/3/15 23:30,14.495
16800,2004/3/16 0:00,6.08
16801,2004/3/16 0:30,6.08
16802,2004/3/16 1:00,6.08
16803,2004/3/16 1:30,6.08
16804,2004/3/16 2:00,6.08
16805,2004/3/16 2:30,6.08
16806,2004/3/16 3:00,6.08
16807,2004/3/16 3:30,6.08
16808,2004/3/16 4:00,6.08
16809,2004/3/16 4:30,6.08
16810,2004/3/16 5:00,6.08
16811,2004/3/16 5:30,6.08
16812,2004/3/16 6:00,6.08
16813,2004/3/16 6:30,6.08
16814,2004/3/16 7:00,14.495
16815,2004/3/16 7:30,14.495
16816,2004/3/16 8:00,14.495
16817,2004/3/16 8:30,14.495
16818,2004/3/16 9:00,14.495
16819,2004/3/16 9:30,14.495
16820,2004/3/16 10:00,14.495
16821,2004/3/16 10:30,14.495
16822,2004/3/16 11:00,14.495
16823,2004/3/16 11:30,14.495
16824,2004/3/16 12:00,14.495
16825,2004/3/16 12:30,14.495
16826,2004/3/16 13:00,14.495
16827,2004/3/16 13:30,14.495
16828,2004/3/16 14:00,14.495
16829,2004/3/16 14:30,14.495
16830,2004/3/16 15:00,14.495
16831,2004/3/16 15:30,14.495
16832,2004/3/16 16:00,14.495
16833,2004/3/16 16:30,14.495
16834,2004/3/16 17:00,14.495
16835,2004/3/16 17:30,14.495
16836,2004/3/16 18:00,14.495
16837,2004/3/16 18:30,14.495
16838,2004/3/16 19:00,14.495
16839,2004/3/16 19:30,14.495
16840,2004/3/16 20:00,14.495
16841,2004/3/16 20:30,14.495
16842,2004/3/16 21:00,14.495
16843,2004/3/16 21:30,14.495
16844,2004/3/16 22:00,14.495
16845,2004/3/16 22:30,14.495
16846,2004/3/16 23:00,14.495
16847,2004/3/16 23:30,14.495
16848,2004/3/17 0:00,6.08
16849,2004/3/17 0:30,6.08
16850,2004/3/17 1:00,6.08
16851,2004/3/17 1:30,6.08
16852,2004/3/17 2:00,6.08
16853,2004/3/17 2:30,6.08
16854,2004/3/17 3:00,6.08
16855,2004/3/17 3:30,6.08
16856,2004/3/17 4:00,6.08
16857,2004/3/17 4:30,6.08
16858,2004/3/17 5:00,6.08
16859,2004/3/17 5:30,6.08
16860,2004/3/17 6:00,6.08
16861,2004/3/17 6:30,6.08
16862,2004/3/17 7:00,14.495
16863,2004/3/17 7:30,14.495
16864,2004/3/17 8:00,14.495
16865,2004/3/17 8:30,14.495
16866,2004/3/17 9:00,14.495
16867,2004/3/17 9:30,14.495
16868,2004/3/17 10:00,14.495
16869,2004/3/17 10:30,14.495
16870,2004/3/17 11:00,14.495
16871,2004/3/17 11:30,14.495
16872,2004/3/17 12:00,14.495
16873,2004/3/17 12:30,14.495
16874,2004/3/17 13:00,14.495
16875,2004/3/17 13:30,14.495
16876,2004/3/17 14:00,14.495
16877,2004/3/17 14:30,14.495
16878,2004/3/17 15:00,14.495
16879,2004/3/17 15:30,14.495
16880,2004/3/17 16:00,14.495
16881,2004/3/17 16:30,14.495
16882,2004/3/17 17:00,14.495
16883,2004/3/17 17:30,14.495
16884,2004/3/17 18:00,14.495
16885,2004/3/17 18:30,14.495
16886,2004/3/17 19:00,14.495
16887,2004/3/17 19:30,14.495
16888,2004/3/17 20:00,14.495
16889,2004/3/17 20:30,14.495
16890,2004/3/17 21:00,14.495
16891,2004/3/17 21:30,14.495
16892,2004/3/17 22:00,14.495
16893,2004/3/17 22:30,14.495
16894,2004/3/17 23:00,14.495
16895,2004/3/17 23:30,14.495
16896,2004/3/18 0:00,6.08
16897,2004/3/18 0:30,6.08
16898,2004/3/18 1:00,6.08
16899,2004/3/18 1:30,6.08
16900,2004/3/18 2:00,6.08
16901,2004/3/18 2:30,6.08
16902,2004/3/18 3:00,6.08
16903,2004/3/18 3:30,6.08
16904,2004/3/18 4:00,6.08
16905,2004/3/18 4:30,6.08
16906,2004/3/18 5:00,6.08
16907,2004/3/18 5:30,6.08
16908,2004/3/18 6:00,6.08
16909,2004/3/18 6:30,6.08
16910,2004/3/18 7:00,14.495
16911,2004/3/18 7:30,14.495
16912,2004/3/18 8:00,14.495
16913,2004/3/18 8:30,14.495
16914,2004/3/18 9:00,14.495
16915,2004/3/18 9:30,14.495
16916,2004/3/18 10:00,14.495
16917,2004/3/18 10:30,14.495
16918,2004/3/18 11:00,14.495
16919,2004/3/18 11:30,14.495
16920,2004/3/18 12:00,14.495
16921,2004/3/18 12:30,14.495
16922,2004/3/18 13:00,14.495
16923,2004/3/18 13:30,14.495
16924,2004/3/18 14:00,14.495
16925,2004/3/18 14:30,14.495
16926,2004/3/18 15:00,14.495
16927,2004/3/18 15:30,14.495
16928,2004/3/18 16:00,14.495
16929,2004/3/18 16:30,14.495
16930,2004/3/18 17:00,14.495
16931,2004/3/18 17:30,14.495
16932,2004/3/18 18:00,14.495
16933,2004/3/18 18:30,14.495
16934,2004/3/18 19:00,14.495
16935,2004/3/18 19:30,14.495
16936,2004/3/18 20:00,14.495
16937,2004/3/18 20:30,14.495
16938,2004/3/18 21:00,14.495
16939,2004/3/18 21:30,14.495
16940,2004/3/18 22:00,14.495
16941,2004/3/18 22:30,14.495
16942,2004/3/18 23:00,14.495
16943,2004/3/18 23:30,14.495
16944,2004/3/19 0:00,6.08
16945,2004/3/19 0:30,6.08
16946,2004/3/19 1:00,6.08
16947,2004/3/19 1:30,6.08
16948,2004/3/19 2:00,6.08
16949,2004/3/19 2:30,6.08
16950,2004/3/19 3:00,6.08
16951,2004/3/19 3:30,6.08
16952,2004/3/19 4:00,6.08
16953,2004/3/19 4:30,6.08
16954,2004/3/19 5:00,6.08
16955,2004/3/19 5:30,6.08
16956,2004/3/19 6:00,6.08
16957,2004/3/19 6:30,6.08
16958,2004/3/19 7:00,14.495
16959,2004/3/19 7:30,14.495
16960,2004/3/19 8:00,14.495
16961,2004/3/19 8:30,14.495
16962,2004/3/19 9:00,14.495
16963,2004/3/19 9:30,14.495
16964,2004/3/19 10:00,14.495
16965,2004/3/19 10:30,14.495
16966,2004/3/19 11:00,14.495
16967,2004/3/19 11:30,14.495
16968,2004/3/19 12:00,14.495
16969,2004/3/19 12:30,14.495
16970,2004/3/19 13:00,14.495
16971,2004/3/19 13:30,14.495
16972,2004/3/19 14:00,14.495
16973,2004/3/19 14:30,14.495
16974,2004/3/19 15:00,14.495
16975,2004/3/19 15:30,14.495
16976,2004/3/19 16:00,14.495
16977,2004/3/19 16:30,14.495
16978,2004/3/19 17:00,14.495
16979,2004/3/19 17:30,14.495
16980,2004/3/19 18:00,14.495
16981,2004/3/19 18:30,14.495
16982,2004/3/19 19:00,14.495
16983,2004/3/19 19:30,14.495
16984,2004/3/19 20:00,14.495
16985,2004/3/19 20:30,14.495
16986,2004/3/19 21:00,14.495
16987,2004/3/19 21:30,14.495
16988,2004/3/19 22:00,14.495
16989,2004/3/19 22:30,14.495
16990,2004/3/19 23:00,14.495
16991,2004/3/19 23:30,14.495
16992,2004/3/20 0:00,6.08
16993,2004/3/20 0:30,6.08
16994,2004/3/20 1:00,6.08
16995,2004/3/20 1:30,6.08
16996,2004/3/20 2:00,6.08
16997,2004/3/20 2:30,6.08
16998,2004/3/20 3:00,6.08
16999,2004/3/20 3:30,6.08
17000,2004/3/20 4:00,6.08
17001,2004/3/20 4:30,6.08
17002,2004/3/20 5:00,6.08
17003,2004/3/20 5:30,6.08
17004,2004/3/20 6:00,6.08
17005,2004/3/20 6:30,6.08
17006,2004/3/20 7:00,14.495
17007,2004/3/20 7:30,14.495
17008,2004/3/20 8:00,14.495
17009,2004/3/20 8:30,14.495
17010,2004/3/20 9:00,14.495
17011,2004/3/20 9:30,14.495
17012,2004/3/20 10:00,14.495
17013,2004/3/20 10:30,14.495
17014,2004/3/20 11:00,14.495
17015,2004/3/20 11:30,14.495
17016,2004/3/20 12:00,14.495
17017,2004/3/20 12:30,14.495
17018,2004/3/20 13:00,14.495
17019,2004/3/20 13:30,14.495
17020,2004/3/20 14:00,14.495
17021,2004/3/20 14:30,14.495
17022,2004/3/20 15:00,14.495
17023,2004/3/20 15:30,14.495
17024,2004/3/20 16:00,14.495
17025,2004/3/20 16:30,14.495
17026,2004/3/20 17:00,14.495
17027,2004/3/20 17:30,14.495
17028,2004/3/20 18:00,14.495
17029,2004/3/20 18:30,14.495
17030,2004/3/20 19:00,14.495
17031,2004/3/20 19:30,14.495
17032,2004/3/20 20:00,14.495
17033,2004/3/20 20:30,14.495
17034,2004/3/20 21:00,14.495
17035,2004/3/20 21:30,14.495
17036,2004/3/20 22:00,14.495
17037,2004/3/20 22:30,14.495
17038,2004/3/20 23:00,14.495
17039,2004/3/20 23:30,14.495
17040,2004/3/21 0:00,6.08
17041,2004/3/21 0:30,6.08
17042,2004/3/21 1:00,6.08
17043,2004/3/21 1:30,6.08
17044,2004/3/21 2:00,6.08
17045,2004/3/21 2:30,6.08
17046,2004/3/21 3:00,6.08
17047,2004/3/21 3:30,6.08
17048,2004/3/21 4:00,6.08
17049,2004/3/21 4:30,6.08
17050,2004/3/21 5:00,6.08
17051,2004/3/21 5:30,6.08
17052,2004/3/21 6:00,6.08
17053,2004/3/21 6:30,6.08
17054,2004/3/21 7:00,14.495
17055,2004/3/21 7:30,14.495
17056,2004/3/21 8:00,14.495
17057,2004/3/21 8:30,14.495
17058,2004/3/21 9:00,14.495
17059,2004/3/21 9:30,14.495
17060,2004/3/21 10:00,14.495
17061,2004/3/21 10:30,14.495
17062,2004/3/21 11:00,14.495
17063,2004/3/21 11:30,14.495
17064,2004/3/21 12:00,14.495
17065,2004/3/21 12:30,14.495
17066,2004/3/21 13:00,14.495
17067,2004/3/21 13:30,14.495
17068,2004/3/21 14:00,14.495
17069,2004/3/21 14:30,14.495
17070,2004/3/21 15:00,14.495
17071,2004/3/21 15:30,14.495
17072,2004/3/21 16:00,14.495
17073,2004/3/21 16:30,14.495
17074,2004/3/21 17:00,14.495
17075,2004/3/21 17:30,14.495
17076,2004/3/21 18:00,14.495
17077,2004/3/21 18:30,14.495
17078,2004/3/21 19:00,14.495
17079,2004/3/21 19:30,14.495
17080,2004/3/21 20:00,14.495
17081,2004/3/21 20:30,14.495
17082,2004/3/21 21:00,14.495
17083,2004/3/21 21:30,14.495
17084,2004/3/21 22:00,14.495
17085,2004/3/21 22:30,14.495
17086,2004/3/21 23:00,14.495
17087,2004/3/21 23:30,14.495
17088,2004/3/22 0:00,6.08
17089,2004/3/22 0:30,6.08
17090,2004/3/22 1:00,6.08
17091,2004/3/22 1:30,6.08
17092,2004/3/22 2:00,6.08
17093,2004/3/22 2:30,6.08
17094,2004/3/22 3:00,6.08
17095,2004/3/22 3:30,6.08
17096,2004/3/22 4:00,6.08
17097,2004/3/22 4:30,6.08
17098,2004/3/22 5:00,6.08
17099,2004/3/22 5:30,6.08
17100,2004/3/22 6:00,6.08
17101,2004/3/22 6:30,6.08
17102,2004/3/22 7:00,14.495
17103,2004/3/22 7:30,14.495
17104,2004/3/22 8:00,14.495
17105,2004/3/22 8:30,14.495
17106,2004/3/22 9:00,14.495
17107,2004/3/22 9:30,14.495
17108,2004/3/22 10:00,14.495
17109,2004/3/22 10:30,14.495
17110,2004/3/22 11:00,14.495
17111,2004/3/22 11:30,14.495
17112,2004/3/22 12:00,14.495
17113,2004/3/22 12:30,14.495
17114,2004/3/22 13:00,14.495
17115,2004/3/22 13:30,14.495
17116,2004/3/22 14:00,14.495
17117,2004/3/22 14:30,14.495
17118,2004/3/22 15:00,14.495
17119,2004/3/22 15:30,14.495
17120,2004/3/22 16:00,14.495
17121,2004/3/22 16:30,14.495
17122,2004/3/22 17:00,14.495
17123,2004/3/22 17:30,14.495
17124,2004/3/22 18:00,14.495
17125,2004/3/22 18:30,14.495
17126,2004/3/22 19:00,14.495
17127,2004/3/22 19:30,14.495
17128,2004/3/22 20:00,14.495
17129,2004/3/22 20:30,14.495
17130,2004/3/22 21:00,14.495
17131,2004/3/22 21:30,14.495
17132,2004/3/22 22:00,14.495
17133,2004/3/22 22:30,14.495
17134,2004/3/22 23:00,14.495
17135,2004/3/22 23:30,14.495
17136,2004/3/23 0:00,6.08
17137,2004/3/23 0:30,6.08
17138,2004/3/23 1:00,6.08
17139,2004/3/23 1:30,6.08
17140,2004/3/23 2:00,6.08
17141,2004/3/23 2:30,6.08
17142,2004/3/23 3:00,6.08
17143,2004/3/23 3:30,6.08
17144,2004/3/23 4:00,6.08
17145,2004/3/23 4:30,6.08
17146,2004/3/23 5:00,6.08
17147,2004/3/23 5:30,6.08
17148,2004/3/23 6:00,6.08
17149,2004/3/23 6:30,6.08
17150,2004/3/23 7:00,14.495
17151,2004/3/23 7:30,14.495
17152,2004/3/23 8:00,14.495
17153,2004/3/23 8:30,14.495
17154,2004/3/23 9:00,14.495
17155,2004/3/23 9:30,14.495
17156,2004/3/23 10:00,14.495
17157,2004/3/23 10:30,14.495
17158,2004/3/23 11:00,14.495
17159,2004/3/23 11:30,14.495
17160,2004/3/23 12:00,14.495
17161,2004/3/23 12:30,14.495
17162,2004/3/23 13:00,14.495
17163,2004/3/23 13:30,14.495
17164,2004/3/23 14:00,14.495
17165,2004/3/23 14:30,14.495
17166,2004/3/23 15:00,14.495
17167,2004/3/23 15:30,14.495
17168,2004/3/23 16:00,14.495
17169,2004/3/23 16:30,14.495
17170,2004/3/23 17:00,14.495
17171,2004/3/23 17:30,14.495
17172,2004/3/23 18:00,14.495
17173,2004/3/23 18:30,14.495
17174,2004/3/23 19:00,14.495
17175,2004/3/23 19:30,14.495
17176,2004/3/23 20:00,14.495
17177,2004/3/23 20:30,14.495
17178,2004/3/23 21:00,14.495
17179,2004/3/23 21:30,14.495
17180,2004/3/23 22:00,14.495
17181,2004/3/23 22:30,14.495
17182,2004/3/23 23:00,14.495
17183,2004/3/23 23:30,14.495
17184,2004/3/24 0:00,6.08
17185,2004/3/24 0:30,6.08
17186,2004/3/24 1:00,6.08
17187,2004/3/24 1:30,6.08
17188,2004/3/24 2:00,6.08
17189,2004/3/24 2:30,6.08
17190,2004/3/24 3:00,6.08
17191,2004/3/24 3:30,6.08
17192,2004/3/24 4:00,6.08
17193,2004/3/24 4:30,6.08
17194,2004/3/24 5:00,6.08
17195,2004/3/24 5:30,6.08
17196,2004/3/24 6:00,6.08
17197,2004/3/24 6:30,6.08
17198,2004/3/24 7:00,14.495
17199,2004/3/24 7:30,14.495
17200,2004/3/24 8:00,14.495
17201,2004/3/24 8:30,14.495
17202,2004/3/24 9:00,14.495
17203,2004/3/24 9:30,14.495
17204,2004/3/24 10:00,14.495
17205,2004/3/24 10:30,14.495
17206,2004/3/24 11:00,14.495
17207,2004/3/24 11:30,14.495
17208,2004/3/24 12:00,14.495
17209,2004/3/24 12:30,14.495
17210,2004/3/24 13:00,14.495
17211,2004/3/24 13:30,14.495
17212,2004/3/24 14:00,14.495
17213,2004/3/24 14:30,14.495
17214,2004/3/24 15:00,14.495
17215,2004/3/24 15:30,14.495
17216,2004/3/24 16:00,14.495
17217,2004/3/24 16:30,14.495
17218,2004/3/24 17:00,14.495
17219,2004/3/24 17:30,14.495
17220,2004/3/24 18:00,14.495
17221,2004/3/24 18:30,14.495
17222,2004/3/24 19:00,14.495
17223,2004/3/24 19:30,14.495
17224,2004/3/24 20:00,14.495
17225,2004/3/24 20:30,14.495
17226,2004/3/24 21:00,14.495
17227,2004/3/24 21:30,14.495
17228,2004/3/24 22:00,14.495
17229,2004/3/24 22:30,14.495
17230,2004/3/24 23:00,14.495
17231,2004/3/24 23:30,14.495
17232,2004/3/25 0:00,6.08
17233,2004/3/25 0:30,6.08
17234,2004/3/25 1:00,6.08
17235,2004/3/25 1:30,6.08
17236,2004/3/25 2:00,6.08
17237,2004/3/25 2:30,6.08
17238,2004/3/25 3:00,6.08
17239,2004/3/25 3:30,6.08
17240,2004/3/25 4:00,6.08
17241,2004/3/25 4:30,6.08
17242,2004/3/25 5:00,6.08
17243,2004/3/25 5:30,6.08
17244,2004/3/25 6:00,6.08
17245,2004/3/25 6:30,6.08
17246,2004/3/25 7:00,14.495
17247,2004/3/25 7:30,14.495
17248,2004/3/25 8:00,14.495
17249,2004/3/25 8:30,14.495
17250,2004/3/25 9:00,14.495
17251,2004/3/25 9:30,14.495
17252,2004/3/25 10:00,14.495
17253,2004/3/25 10:30,14.495
17254,2004/3/25 11:00,14.495
17255,2004/3/25 11:30,14.495
17256,2004/3/25 12:00,14.495
17257,2004/3/25 12:30,14.495
17258,2004/3/25 13:00,14.495
17259,2004/3/25 13:30,14.495
17260,2004/3/25 14:00,14.495
17261,2004/3/25 14:30,14.495
17262,2004/3/25 15:00,14.495
17263,2004/3/25 15:30,14.495
17264,2004/3/25 16:00,14.495
17265,2004/3/25 16:30,14.495
17266,2004/3/25 17:00,14.495
17267,2004/3/25 17:30,14.495
17268,2004/3/25 18:00,14.495
17269,2004/3/25 18:30,14.495
17270,2004/3/25 19:00,14.495
17271,2004/3/25 19:30,14.495
17272,2004/3/25 20:00,14.495
17273,2004/3/25 20:30,14.495
17274,2004/3/25 21:00,14.495
17275,2004/3/25 21:30,14.495
17276,2004/3/25 22:00,14.495
17277,2004/3/25 22:30,14.495
17278,2004/3/25 23:00,14.495
17279,2004/3/25 23:30,14.495
17280,2004/3/26 0:00,6.08
17281,2004/3/26 0:30,6.08
17282,2004/3/26 1:00,6.08
17283,2004/3/26 1:30,6.08
17284,2004/3/26 2:00,6.08
17285,2004/3/26 2:30,6.08
17286,2004/3/26 3:00,6.08
17287,2004/3/26 3:30,6.08
17288,2004/3/26 4:00,6.08
17289,2004/3/26 4:30,6.08
17290,2004/3/26 5:00,6.08
17291,2004/3/26 5:30,6.08
17292,2004/3/26 6:00,6.08
17293,2004/3/26 6:30,6.08
17294,2004/3/26 7:00,14.495
17295,2004/3/26 7:30,14.495
17296,2004/3/26 8:00,14.495
17297,2004/3/26 8:30,14.495
17298,2004/3/26 9:00,14.495
17299,2004/3/26 9:30,14.495
17300,2004/3/26 10:00,14.495
17301,2004/3/26 10:30,14.495
17302,2004/3/26 11:00,14.495
17303,2004/3/26 11:30,14.495
17304,2004/3/26 12:00,14.495
17305,2004/3/26 12:30,14.495
17306,2004/3/26 13:00,14.495
17307,2004/3/26 13:30,14.495
17308,2004/3/26 14:00,14.495
17309,2004/3/26 14:30,14.495
17310,2004/3/26 15:00,14.495
17311,2004/3/26 15:30,14.495
17312,2004/3/26 16:00,14.495
17313,2004/3/26 16:30,14.495
17314,2004/3/26 17:00,14.495
17315,2004/3/26 17:30,14.495
17316,2004/3/26 18:00,14.495
17317,2004/3/26 18:30,14.495
17318,2004/3/26 19:00,14.495
17319,2004/3/26 19:30,14.495
17320,2004/3/26 20:00,14.495
17321,2004/3/26 20:30,14.495
17322,2004/3/26 21:00,14.495
17323,2004/3/26 21:30,14.495
17324,2004/3/26 22:00,14.495
17325,2004/3/26 22:30,14.495
17326,2004/3/26 23:00,14.495
17327,2004/3/26 23:30,14.495
17328,2004/3/27 0:00,6.08
17329,2004/3/27 0:30,6.08
17330,2004/3/27 1:00,6.08
17331,2004/3/27 1:30,6.08
17332,2004/3/27 2:00,6.08
17333,2004/3/27 2:30,6.08
17334,2004/3/27 3:00,6.08
17335,2004/3/27 3:30,6.08
17336,2004/3/27 4:00,6.08
17337,2004/3/27 4:30,6.08
17338,2004/3/27 5:00,6.08
17339,2004/3/27 5:30,6.08
17340,2004/3/27 6:00,6.08
17341,2004/3/27 6:30,6.08
17342,2004/3/27 7:00,14.495
17343,2004/3/27 7:30,14.495
17344,2004/3/27 8:00,14.495
17345,2004/3/27 8:30,14.495
17346,2004/3/27 9:00,14.495
17347,2004/3/27 9:30,14.495
17348,2004/3/27 10:00,14.495
17349,2004/3/27 10:30,14.495
17350,2004/3/27 11:00,14.495
17351,2004/3/27 11:30,14.495
17352,2004/3/27 12:00,14.495
17353,2004/3/27 12:30,14.495
17354,2004/3/27 13:00,14.495
17355,2004/3/27 13:30,14.495
17356,2004/3/27 14:00,14.495
17357,2004/3/27 14:30,14.495
17358,2004/3/27 15:00,14.495
17359,2004/3/27 15:30,14.495
17360,2004/3/27 16:00,14.495
17361,2004/3/27 16:30,14.495
17362,2004/3/27 17:00,14.495
17363,2004/3/27 17:30,14.495
17364,2004/3/27 18:00,14.495
17365,2004/3/27 18:30,14.495
17366,2004/3/27 19:00,14.495
17367,2004/3/27 19:30,14.495
17368,2004/3/27 20:00,14.495
17369,2004/3/27 20:30,14.495
17370,2004/3/27 21:00,14.495
17371,2004/3/27 21:30,14.495
17372,2004/3/27 22:00,14.495
17373,2004/3/27 22:30,14.495
17374,2004/3/27 23:00,14.495
17375,2004/3/27 23:30,14.495
17376,2004/3/28 0:00,6.08
17377,2004/3/28 0:30,6.08
17378,2004/3/28 1:00,6.08
17379,2004/3/28 1:30,6.08
17380,2004/3/28 2:00,6.08
17381,2004/3/28 2:30,6.08
17382,2004/3/28 3:00,6.08
17383,2004/3/28 3:30,6.08
17384,2004/3/28 4:00,6.08
17385,2004/3/28 4:30,6.08
17386,2004/3/28 5:00,6.08
17387,2004/3/28 5:30,6.08
17388,2004/3/28 6:00,6.08
17389,2004/3/28 6:30,6.08
17390,2004/3/28 7:00,14.495
17391,2004/3/28 7:30,14.495
17392,2004/3/28 8:00,14.495
17393,2004/3/28 8:30,14.495
17394,2004/3/28 9:00,14.495
17395,2004/3/28 9:30,14.495
17396,2004/3/28 10:00,14.495
17397,2004/3/28 10:30,14.495
17398,2004/3/28 11:00,14.495
17399,2004/3/28 11:30,14.495
17400,2004/3/28 12:00,14.495
17401,2004/3/28 12:30,14.495
17402,2004/3/28 13:00,14.495
17403,2004/3/28 13:30,14.495
17404,2004/3/28 14:00,14.495
17405,2004/3/28 14:30,14.495
17406,2004/3/28 15:00,14.495
17407,2004/3/28 15:30,14.495
17408,2004/3/28 16:00,14.495
17409,2004/3/28 16:30,14.495
17410,2004/3/28 17:00,14.495
17411,2004/3/28 17:30,14.495
17412,2004/3/28 18:00,14.495
17413,2004/3/28 18:30,14.495
17414,2004/3/28 19:00,14.495
17415,2004/3/28 19:30,14.495
17416,2004/3/28 20:00,14.495
17417,2004/3/28 20:30,14.495
17418,2004/3/28 21:00,14.495
17419,2004/3/28 21:30,14.495
17420,2004/3/28 22:00,14.495
17421,2004/3/28 22:30,14.495
17422,2004/3/28 23:00,14.495
17423,2004/3/28 23:30,14.495
17424,2004/3/29 0:00,6.08
17425,2004/3/29 0:30,6.08
17426,2004/3/29 1:00,6.08
17427,2004/3/29 1:30,6.08
17428,2004/3/29 2:00,6.08
17429,2004/3/29 2:30,6.08
17430,2004/3/29 3:00,6.08
17431,2004/3/29 3:30,6.08
17432,2004/3/29 4:00,6.08
17433,2004/3/29 4:30,6.08
17434,2004/3/29 5:00,6.08
17435,2004/3/29 5:30,6.08
17436,2004/3/29 6:00,6.08
17437,2004/3/29 6:30,6.08
17438,2004/3/29 7:00,14.495
17439,2004/3/29 7:30,14.495
17440,2004/3/29 8:00,14.495
17441,2004/3/29 8:30,14.495
17442,2004/3/29 9:00,14.495
17443,2004/3/29 9:30,14.495
17444,2004/3/29 10:00,14.495
17445,2004/3/29 10:30,14.495
17446,2004/3/29 11:00,14.495
17447,2004/3/29 11:30,14.495
17448,2004/3/29 12:00,14.495
17449,2004/3/29 12:30,14.495
17450,2004/3/29 13:00,14.495
17451,2004/3/29 13:30,14.495
17452,2004/3/29 14:00,14.495
17453,2004/3/29 14:30,14.495
17454,2004/3/29 15:00,14.495
17455,2004/3/29 15:30,14.495
17456,2004/3/29 16:00,14.495
17457,2004/3/29 16:30,14.495
17458,2004/3/29 17:00,14.495
17459,2004/3/29 17:30,14.495
17460,2004/3/29 18:00,14.495
17461,2004/3/29 18:30,14.495
17462,2004/3/29 19:00,14.495
17463,2004/3/29 19:30,14.495
17464,2004/3/29 20:00,14.495
17465,2004/3/29 20:30,14.495
17466,2004/3/29 21:00,14.495
17467,2004/3/29 21:30,14.495
17468,2004/3/29 22:00,14.495
17469,2004/3/29 22:30,14.495
17470,2004/3/29 23:00,14.495
17471,2004/3/29 23:30,14.495
17472,2004/3/30 0:00,6.08
17473,2004/3/30 0:30,6.08
17474,2004/3/30 1:00,6.08
17475,2004/3/30 1:30,6.08
17476,2004/3/30 2:00,6.08
17477,2004/3/30 2:30,6.08
17478,2004/3/30 3:00,6.08
17479,2004/3/30 3:30,6.08
17480,2004/3/30 4:00,6.08
17481,2004/3/30 4:30,6.08
17482,2004/3/30 5:00,6.08
17483,2004/3/30 5:30,6.08
17484,2004/3/30 6:00,6.08
17485,2004/3/30 6:30,6.08
17486,2004/3/30 7:00,14.495
17487,2004/3/30 7:30,14.495
17488,2004/3/30 8:00,14.495
17489,2004/3/30 8:30,14.495
17490,2004/3/30 9:00,14.495
17491,2004/3/30 9:30,14.495
17492,2004/3/30 10:00,14.495
17493,2004/3/30 10:30,14.495
17494,2004/3/30 11:00,14.495
17495,2004/3/30 11:30,14.495
17496,2004/3/30 12:00,14.495
17497,2004/3/30 12:30,14.495
17498,2004/3/30 13:00,14.495
17499,2004/3/30 13:30,14.495
17500,2004/3/30 14:00,14.495
17501,2004/3/30 14:30,14.495
17502,2004/3/30 15:00,14.495
17503,2004/3/30 15:30,14.495
17504,2004/3/30 16:00,14.495
17505,2004/3/30 16:30,14.495
17506,2004/3/30 17:00,14.495
17507,2004/3/30 17:30,14.495
17508,2004/3/30 18:00,14.495
17509,2004/3/30 18:30,14.495
17510,2004/3/30 19:00,14.495
17511,2004/3/30 19:30,14.495
17512,2004/3/30 20:00,14.495
17513,2004/3/30 20:30,14.495
17514,2004/3/30 21:00,14.495
17515,2004/3/30 21:30,14.495
17516,2004/3/30 22:00,14.495
17517,2004/3/30 22:30,14.495
17518,2004/3/30 23:00,14.495
17519,2004/3/30 23:30,14.495
17520,2004/3/31 0:00,6.08
17521,2004/3/31 0:30,6.08
17522,2004/3/31 1:00,6.08
17523,2004/3/31 1:30,6.08
17524,2004/3/31 2:00,6.08
17525,2004/3/31 2:30,6.08
17526,2004/3/31 3:00,6.08
17527,2004/3/31 3:30,6.08
17528,2004/3/31 4:00,6.08
17529,2004/3/31 4:30,6.08
17530,2004/3/31 5:00,6.08
17531,2004/3/31 5:30,6.08
17532,2004/3/31 6:00,6.08
17533,2004/3/31 6:30,6.08
17534,2004/3/31 7:00,14.495
17535,2004/3/31 7:30,14.495
17536,2004/3/31 8:00,14.495
17537,2004/3/31 8:30,14.495
17538,2004/3/31 9:00,14.495
17539,2004/3/31 9:30,14.495
17540,2004/3/31 10:00,14.495
17541,2004/3/31 10:30,14.495
17542,2004/3/31 11:00,14.495
17543,2004/3/31 11:30,14.495
17544,2004/3/31 12:00,14.495
17545,2004/3/31 12:30,14.495
17546,2004/3/31 13:00,14.495
17547,2004/3/31 13:30,14.495
17548,2004/3/31 14:00,14.495
17549,2004/3/31 14:30,14.495
17550,2004/3/31 15:00,14.495
17551,2004/3/31 15:30,14.495
17552,2004/3/31 16:00,14.495
17553,2004/3/31 16:30,14.495
17554,2004/3/31 17:00,14.495
17555,2004/3/31 17:30,14.495
17556,2004/3/31 18:00,14.495
17557,2004/3/31 18:30,14.495
17558,2004/3/31 19:00,14.495
17559,2004/3/31 19:30,14.495
17560,2004/3/31 20:00,14.495
17561,2004/3/31 20:30,14.495
17562,2004/3/31 21:00,14.495
17563,2004/3/31 21:30,14.495
17564,2004/3/31 22:00,14.495
17565,2004/3/31 22:30,14.495
17566,2004/3/31 23:00,14.495
17567,2004/3/31 23:30,14.495
