time,Hokkaido,Tohoku,Tokyo,Chubu,Hokuriku,Kansai,Chugoku,Shikoku,Kyushu,Okinawa,sum
2019/4/1 0:00,0,0,0,0,0,0,0,0,0,0,0
2019/4/1 1:00,0,0,0,0,0,0,0,0,0,0,0
2019/4/1 2:00,0,0,0,0,0,0,0,0,0,0,0
2019/4/1 3:00,0,0,0,0,0,0,0,0,0,0,0
2019/4/1 4:00,0,0,0,0,0,0,0,0,0,0,0
2019/4/1 5:00,0.008981046,0.001853629,0,0,0.001002995,0.000690254,0,0,0,0,0.000563179
2019/4/1 6:00,0.096396563,0.045599264,0.059893957,0.074734661,0.046137749,0.06074233,0.022019152,0.03105558,0.014020014,0.001780252,0.048897062
2019/4/1 7:00,0.249074348,0.119929772,0.233732515,0.301851841,0.181542013,0.196204628,0.147842879,0.100930635,0.137550691,0.006866685,0.196900456
2019/4/1 8:00,0.421510436,0.224845152,0.427292253,0.495691367,0.300898364,0.325972333,0.285200447,0.170805689,0.263510032,0.018311159,0.348686534
2019/4/1 9:00,0.534072881,0.336618958,0.570453419,0.60762529,0.4413176,0.37705111,0.369292638,0.287264114,0.384501651,0.075279208,0.46142367
2019/4/1 10:00,0.620290925,0.40538858,0.647877314,0.68852248,0.523563153,0.464713337,0.408717406,0.403722539,0.469284099,0.191504202,0.540056574
2019/4/1 11:00,0.620889661,0.420588335,0.636190688,0.681799721,0.493473316,0.497327826,0.462611902,0.438660066,0.562346083,0.212867221,0.562966689
2019/4/1 12:00,0.575385694,0.486392151,0.55292348,0.611995083,0.480434387,0.473168945,0.459885721,0.500771226,0.64359593,0.315358846,0.549568665
2019/4/1 13:00,0.493358805,0.486206788,0.384197821,0.596868877,0.417245731,0.45435953,0.463031315,0.458069803,0.641719235,0.361899707,0.496091081
2019/4/1 14:00,0.335891128,0.394266808,0.230080444,0.437315417,0.267799544,0.356861188,0.447513055,0.341611379,0.598886435,0.417341827,0.388201037
2019/4/1 15:00,0.185608288,0.25190813,0.124900813,0.329079011,0.114341378,0.288698631,0.369502344,0.267854377,0.480213086,0.441502384,0.283064938
2019/4/1 16:00,0.07005216,0.097500866,0.038711948,0.216360766,0.045134755,0.16013887,0.209286799,0.186333479,0.337253099,0.250761147,0.163483302
2019/4/1 17:00,0.009579783,0.008897417,0.002921656,0.033725837,0.016047913,0.06022464,0.061863332,0.06211116,0.130375093,0.125126252,0.046090555
2019/4/1 18:00,0,0,0,0,0.001002995,0.002070761,0.000838825,0.003881947,0.008610717,0.015259299,0.002083762
2019/4/1 19:00,0,0,0,0,0,0,0,0,0,0,0
2019/4/1 20:00,0,0,0,0,0,0,0,0,0,0,0
2019/4/1 21:00,0,0,0,0,0,0,0,0,0,0,0
2019/4/1 22:00,0,0,0,0,0,0,0,0,0,0,0
2019/4/1 23:00,0,0.000556089,0,0,0,0,0,0,0,0,5.63E-05
2019/4/2 0:00,0,0,0,0,0,0,0,0,0,0,0
2019/4/2 1:00,0,0,0,0,0,0,0,0,0,0,0
2019/4/2 2:00,0,0,0,0,0,0,0,0,0,0,0
2019/4/2 3:00,0,0,0,0,0,0,0,0,0,0,0
2019/4/2 4:00,0,0,0,0,0,0,0,0,0,0,0
2019/4/2 5:00,0.006586101,0.005931612,0,0,0.002005989,0.000862817,0,0,0,0,0.000938631
2019/4/2 6:00,0.047898913,0.087120545,0.060624371,0.079888776,0.062185662,0.069543065,0.031875344,0.058229212,0.017331829,0.002543216,0.056655789
2019/4/2 7:00,0.119148546,0.193889554,0.233002101,0.301291611,0.158473138,0.241416249,0.191881183,0.190215427,0.133245332,0.076042173,0.212560582
2019/4/2 8:00,0.265838968,0.295839128,0.432405152,0.493898631,0.080239564,0.417085828,0.370341169,0.353257221,0.250814743,0.246437679,0.373761133
2019/4/2 9:00,0.410134444,0.319565575,0.596017912,0.637541564,0.092275498,0.562901932,0.493019303,0.469715646,0.409781834,0.397504738,0.50765502
2019/4/2 10:00,0.44246621,0.387037657,0.679285121,0.648858207,0.138413247,0.606042792,0.477920456,0.496889278,0.478777967,0.487280281,0.556713527
2019/4/2 11:00,0.39396856,0.377028062,0.696815059,0.58566428,0.205613882,0.55979579,0.503504613,0.531826806,0.512116898,0.55492984,0.554472075
2019/4/2 12:00,0.467014403,0.382774311,0.639112345,0.452889807,0.336003173,0.450390571,0.500568726,0.605583808,0.564885141,0.582905221,0.523290741
2019/4/2 13:00,0.45084852,0.356082059,0.494490351,0.454010266,0.288862429,0.374117532,0.464708964,0.590056018,0.582768939,0.54424833,0.472713528
2019/4/2 14:00,0.293380843,0.298619571,0.351329186,0.460620979,0.282844462,0.313547766,0.45275571,0.469715646,0.537728263,0.50406551,0.404722827
2019/4/2 15:00,0.212551427,0.175909356,0.230080444,0.35496163,0.185553991,0.242106502,0.356500559,0.322201641,0.437490681,0.452692536,0.298128094
2019/4/2 16:00,0.094600353,0.078964579,0.109562116,0.214792123,0.095284482,0.155997347,0.196075308,0.197979322,0.316057487,0.308492161,0.177012735
2019/4/2 17:00,0.013770938,0.005746249,0.014608282,0.041232917,0.035104809,0.056773371,0.059556564,0.069875055,0.123972252,0.133010223,0.049283778
2019/4/2 18:00,0,0,0,0,0.002005989,0.002070761,0.001258237,0.003881947,0.00838993,0.015513621,0.002104412
2019/4/2 19:00,0,0,0,0,0.001002995,0,0,0,0,0,1.88E-05
2019/4/2 20:00,0,0,0,0,0,0,0,0,0,0,0
2019/4/2 21:00,0,0,0,0,0,0,0,0,0,0,0
2019/4/2 22:00,0,0,0,0,0,0,0,0,0,0,0
2019/4/2 23:00,0,0,0,0,0,0,0,0,0,0,0
2019/4/3 0:00,0,0,0,0,0,0,0,0,0,0,0
2019/4/3 1:00,0,0,0,0,0,0,0,0,0,0,0
2019/4/3 2:00,0,0,0,0,0,0,0,0,0,0,0
2019/4/3 3:00,0,0,0,0,0,0,0,0,0,0,0
2019/4/3 4:00,0,0,0,0,0,0,0,0,0,0,0
2019/4/3 5:00,0.00838231,0.004634072,0.000730414,0,0.002005989,0.001035381,0,0,0,0,0.00107004
2019/4/3 6:00,0.073644579,0.080447482,0.062085199,0.086611534,0.039116787,0.069543065,0.035230644,0.058229212,0.017773404,0.002543216,0.05823269
2019/4/3 7:00,0.180818397,0.168309479,0.233002101,0.305885495,0.113338384,0.238827797,0.213900336,0.197979322,0.134128483,0.0246692,0.213664412
2019/4/3 8:00,0.318527772,0.261361636,0.430944324,0.493562494,0.261781576,0.39862154,0.417105654,0.357139169,0.27013366,0.11876821,0.379595665
2019/4/3 9:00,0.479587868,0.402608137,0.582870458,0.62319968,0.410224769,0.535464346,0.570820307,0.508535121,0.441685646,0.184891839,0.528124692
2019/4/3 10:00,0.506531006,0.504928437,0.667598495,0.674404688,0.339012156,0.558070156,0.629957459,0.61722965,0.550313158,0.083926144,0.599090855
2019/4/3 11:00,0.57598443,0.500479728,0.680015535,0.687738158,0.460374496,0.55876041,0.641491301,0.652167178,0.605620458,0.205237571,0.621612376
2019/4/3 12:00,0.56939833,0.5180892,0.672711394,0.670483079,0.486452355,0.554791451,0.64652425,0.652167178,0.636641119,0.134536153,0.62368112
2019/4/3 13:00,0.528684254,0.497143197,0.620121578,0.67877448,0.389161884,0.540123559,0.608148013,0.640521335,0.608049122,0.121565749,0.595783119
2019/4/3 14:00,0.439472528,0.426334583,0.51567236,0.577260832,0.321961249,0.481279427,0.544816737,0.555118491,0.535961962,0.114190421,0.512190486
2019/4/3 15:00,0.271227596,0.266922522,0.350598772,0.411544844,0.25375762,0.398966667,0.432414208,0.403722539,0.430315083,0.080874285,0.374754205
2019/4/3 16:00,0.120944756,0.126046746,0.157769447,0.242467477,0.166497095,0.257637212,0.270730719,0.240680744,0.302037472,0.054424833,0.21651222
2019/4/3 17:00,0.017962092,0.008526692,0.018990767,0.053557973,0.059176678,0.093184256,0.083672778,0.089284792,0.123309889,0.024160557,0.05948107
2019/4/3 18:00,0,0,0,0,0.003008984,0.002933578,0.001467943,0.003881947,0.010266625,0.004069146,0.002470478
2019/4/3 19:00,0,0,0,0,0,0,0,0,0,0,0
2019/4/3 20:00,0,0,0,0,0,0,0,0,0,0,0
2019/4/3 21:00,0,0,0,0,0,0,0,0,0,0,0
2019/4/3 22:00,0,0,0,0,0,0,0,0,0,0,0
2019/4/3 23:00,0,0,0,0,0,0,0,0,0,0,0
2019/4/4 0:00,0,0,0,0,0,0,0,0,0,0,0
2019/4/4 1:00,0,0,0,0,0,0,0,0,0,0,0
2019/4/4 2:00,0,0,0,0,0,0,0,0,0,0,0
2019/4/4 3:00,0,0,0,0,0,0,0,0,0,0,0
2019/4/4 4:00,0,0,0,0,0,0,0,0,0,0,0
2019/4/4 5:00,0.010178519,0.004819434,0.000730414,0,0.002005989,0.001553071,0,0,0,0,0.001201448
2019/4/4 6:00,0.113759919,0.061725833,0.066467684,0.091765649,0.045134755,0.079551745,0.03984418,0.065993107,0.026273727,0.002543216,0.06301971
2019/4/4 7:00,0.30894799,0.185733588,0.246149554,0.314849173,0.095284482,0.261606171,0.220610934,0.213507112,0.179279552,0.054679155,0.235718495
2019/4/4 8:00,0.498148697,0.336804321,0.440439707,0.513282584,0.192574953,0.439691638,0.420880366,0.376548906,0.341779245,0.163020177,0.415571528
2019/4/4 9:00,0.617895979,0.407798297,0.595287498,0.658830298,0.291871413,0.587923631,0.576901787,0.531826806,0.511785717,0.286366177,0.559979964
2019/4/4 10:00,0.680763303,0.478236185,0.685858848,0.740511809,0.460374496,0.695948342,0.68636843,0.636639388,0.601094312,0.407168961,0.651900133
2019/4/4 11:00,0.699324132,0.56535673,0.721649139,0.758439164,0.61784464,0.753411967,0.733342621,0.667694968,0.63840742,0.47939631,0.695291184
2019/4/4 12:00,0.66280121,0.490470134,0.7041192,0.743873188,0.690060247,0.753929657,0.745924994,0.675458863,0.651323497,0.485245708,0.684765372
2019/4/4 13:00,0.589156631,0.449875667,0.640573173,0.694572962,0.667994367,0.70233319,0.720969955,0.644403283,0.617211808,0.47024073,0.638079725
2019/4/4 14:00,0.423306645,0.421144423,0.5280894,0.595412279,0.582739831,0.605870228,0.633103052,0.559000438,0.563450021,0.390129411,0.550627441
2019/4/4 15:00,0.226921101,0.267849336,0.365937468,0.444934543,0.457365513,0.461607195,0.493229009,0.415368381,0.459017474,0.377413328,0.406697707
2019/4/4 16:00,0.08681678,0.126788198,0.169456073,0.243587937,0.270808527,0.284902235,0.304703125,0.248444639,0.291881242,0.266020446,0.226878465
2019/4/4 17:00,0.010178519,0.008897417,0.021182009,0.05030864,0.081242558,0.101122174,0.092480439,0.097048687,0.104432547,0.041708751,0.058653197
2019/4/4 18:00,0,0,0,0,0.004011978,0.003451269,0.001258237,0.003881947,0.008831505,0.005340755,0.002292138
2019/4/4 19:00,0,0,0,0,0,0,0,0,0,0,0
2019/4/4 20:00,0,0,0,0,0,0,0,0,0,0,0
2019/4/4 21:00,0,0,0,0,0,0,0,0,0,0,0
2019/4/4 22:00,0,0,0,0,0,0,0,0,0,0,0
2019/4/4 23:00,0,0,0,0,0,0,0,0,0,0,0
2019/4/5 0:00,0,0,0,0,0,0,0,0,0,0,0
2019/4/5 1:00,0,0,0,0,0,0,0,0,0,0,0
2019/4/5 2:00,0,0,0,0,0,0,0,0,0,0,0
2019/4/5 3:00,0,0,0,0,0,0,0,0,0,0,0
2019/4/5 4:00,0,0,0,0,0,0,0,0,0,0,0
2019/4/5 5:00,0.011375992,0.007970603,0.000730414,0,0.004011978,0.001725634,0,0,0,0,0.001614446
2019/4/5 6:00,0.099390245,0.112329895,0.062815613,0.057703674,0.072215607,0.078688927,0.034391819,0.058229212,0.015565528,0.002797538,0.058778973
2019/4/5 7:00,0.204169117,0.290463605,0.238114999,0.267229636,0.233697729,0.243832137,0.180137636,0.178569584,0.107192392,0.016785229,0.215802615
2019/4/5 8:00,0.241889511,0.496587108,0.422179355,0.476083322,0.440314605,0.394825144,0.322528153,0.333847484,0.233593308,0.046540862,0.382422823
2019/4/5 9:00,0.273023805,0.643579858,0.570453419,0.611995083,0.608817689,0.467129225,0.429268615,0.450305908,0.297842507,0.128686755,0.496903936
2019/4/5 10:00,0.238297093,0.695296097,0.658833526,0.704433007,0.742215964,0.54219432,0.529927596,0.535708753,0.330187895,0.122837357,0.568515877
2019/4/5 11:00,0.183812079,0.725695606,0.692432575,0.749139349,0.806407615,0.657639259,0.59892094,0.539590701,0.292764392,0.057985336,0.5992936
2019/4/5 12:00,0.187404498,0.657111347,0.678554707,0.74465751,0.799386653,0.695430652,0.645685425,0.531826806,0.264724364,0.090792829,0.591407219
2019/4/5 13:00,0.164053777,0.604653657,0.628886547,0.684824963,0.732186018,0.679727379,0.625553628,0.527944858,0.261743731,0.136316404,0.557445659
2019/4/5 14:00,0.132320748,0.477680096,0.522246087,0.566280327,0.57371288,0.561521425,0.542090556,0.465833698,0.300602353,0.089012577,0.476280328
2019/4/5 15:00,0.091007935,0.307887714,0.360824569,0.407399143,0.369101993,0.419846843,0.440383044,0.287264114,0.317051031,0.199133852,0.356310098
2019/4/5 16:00,0.037121658,0.129012552,0.162151932,0.218377594,0.146437204,0.240208305,0.264229826,0.159159847,0.225644954,0.096896549,0.191801811
2019/4/5 17:00,0.006586101,0.007970603,0.018260353,0.030364458,0.029086842,0.072649207,0.084931016,0.081520897,0.101120733,0.020854375,0.048136771
2019/4/5 18:00,0,0,0,0,0.001002995,0.003451269,0.00167765,0.003881947,0.011370563,0.00457779,0.002699504
2019/4/5 19:00,0,0,0,0,0,0,0,0,0,0,0
2019/4/5 20:00,0,0,0,0,0,0,0,0,0,0,0
2019/4/5 21:00,0,0,0,0,0,0,0,0,0,0,0
2019/4/5 22:00,0,0,0,0,0,0,0,0,0,0,0
2019/4/5 23:00,0,0,0,0,0,0,0,0,0,0,0
2019/4/6 0:00,0,0,0,0,0,0,0,0,0,0,0
2019/4/6 1:00,0,0,0,0,0,0,0,0,0,0,0
2019/4/6 2:00,0,0,0,0,0,0,0,0,0,0,0
2019/4/6 3:00,0,0,0,0,0,0,0,0,0,0,0
2019/4/6 4:00,0,0,0,0,0,0,0,0,0,0,0
2019/4/6 5:00,0.012573465,0.008341329,0.000730414,0,0.003008984,0.002415888,0,0,0,0,0.001745854
2019/4/6 6:00,0.084421834,0.113442072,0.06573727,0.044370204,0.076227585,0.08334814,0.037956824,0.058229212,0.023182701,0.00610372,0.059160058
2019/4/6 7:00,0.188003234,0.305477997,0.25418411,0.195856354,0.251751631,0.233823457,0.20089855,0.186333479,0.140641718,0.090284186,0.216701823
2019/4/6 8:00,0.250870558,0.492694488,0.445552606,0.426895142,0.466392464,0.403280753,0.38858561,0.337729431,0.258100735,0.245929035,0.393224593
2019/4/6 9:00,0.292782106,0.6009464,0.591635428,0.57703674,0.634895547,0.573773429,0.547752624,0.496889278,0.399846391,0.370292322,0.536870859
2019/4/6 10:00,0.335891128,0.667862393,0.684398019,0.67294809,0.762275855,0.672479715,0.647363074,0.613347703,0.487278291,0.433618413,0.627916225
2019/4/6 11:00,0.379598887,0.713832383,0.720918725,0.734685419,0.81643756,0.737191004,0.706080814,0.652167178,0.543468741,0.562813811,0.679368242
2019/4/6 12:00,0.443663683,0.704934966,0.707040857,0.722584454,0.813428576,0.750478389,0.722018486,0.659931073,0.559917419,0.57807311,0.680982688
2019/4/6 13:00,0.429892745,0.670642836,0.644225243,0.662975999,0.75023992,0.705266768,0.690562554,0.628875493,0.53242936,0.556201448,0.635691847
2019/4/6 14:00,0.431688955,0.561278747,0.523706916,0.553507087,0.625868596,0.607078172,0.607518894,0.531826806,0.462439683,0.510677872,0.537982199
2019/4/6 15:00,0.29218337,0.396120437,0.354981257,0.397315006,0.429281665,0.462642575,0.468903089,0.388194749,0.396313789,0.462102437,0.396997891
2019/4/6 16:00,0.13531443,0.196113908,0.161421518,0.206724813,0.179536024,0.283521727,0.283732504,0.232916849,0.311200159,0.3206996,0.22638099
2019/4/6 17:00,0.018560829,0.016126569,0.018260353,0.036639032,0.057170689,0.099569103,0.086398959,0.089284792,0.121102013,0.141402837,0.058638179
2019/4/6 18:00,0,0,0,0,0.002005989,0.004314086,0.001467943,0.003881947,0.010487412,0.018311159,0.002744558
2019/4/6 19:00,0,0,0,0,0,0,0,0,0,0,0
2019/4/6 20:00,0,0,0,0,0,0,0,0,0,0,0
2019/4/6 21:00,0,0,0,0,0,0,0,0,0,0,0
2019/4/6 22:00,0,0,0,0,0,0,0,0,0,0,0
2019/4/6 23:00,0,0,0,0,0,0,0,0,0,0,0
2019/4/7 0:00,0,0,0,0,0,0,0,0,0,0,0
2019/4/7 1:00,0,0,0,0,0,0,0,0,0,0,0
2019/4/7 2:00,0,0,0,0,0,0,0,0,0,0,0
2019/4/7 3:00,0,0,0,0,0,0,0,0,0,0,0
2019/4/7 4:00,0,0,0,0,0,0,0,0,0,0,0
2019/4/7 5:00,0.014369674,0.009268143,0.000730414,0,0.002005989,0.002933578,0,0,0,0,0.001933581
2019/4/7 6:00,0.132919484,0.097686228,0.062815613,0.060953007,0.029086842,0.090768368,0.040263593,0.065993107,0.023624276,0.007121006,0.061701871
2019/4/7 7:00,0.311342935,0.26618107,0.220585061,0.24045065,0.080239564,0.266437947,0.20089855,0.194097374,0.123861858,0.090284186,0.213285205
2019/4/7 8:00,0.445459892,0.42355414,0.395884447,0.416250775,0.164491105,0.439173948,0.374325587,0.333847484,0.208092337,0.25584758,0.366133814
2019/4/7 9:00,0.489766387,0.482684894,0.539045612,0.547568651,0.270808527,0.579468022,0.52971789,0.477479541,0.320694027,0.397504738,0.490609474
2019/4/7 10:00,0.446657365,0.447651313,0.62231282,0.624992415,0.269805533,0.687147607,0.627860397,0.593937965,0.420490034,0.504319831,0.563954129
2019/4/7 11:00,0.502938588,0.456178004,0.636921102,0.641799311,0.301901358,0.742885597,0.654912498,0.644403283,0.464316377,0.609354673,0.592907152
2019/4/7 12:00,0.470606821,0.445426958,0.59382667,0.64348,0.287859435,0.753584531,0.633522464,0.656049125,0.436497137,0.640890557,0.575061892
2019/4/7 13:00,0.376605204,0.429856478,0.534663127,0.588801567,0.298892375,0.700434992,0.564948533,0.61722965,0.417399007,0.631480656,0.529262314
2019/4/7 14:00,0.259851604,0.459885262,0.426561839,0.485047,0.195583936,0.588786448,0.444367462,0.504653173,0.362643676,0.562559489,0.443338121
2019/4/7 15:00,0.180818397,0.337731135,0.288513573,0.334345172,0.131392285,0.429337832,0.307639012,0.353257221,0.359442255,0.306711909,0.327218158
2019/4/7 16:00,0.089810462,0.171646011,0.142430751,0.158208908,0.097290471,0.245557771,0.158537896,0.194097374,0.278082015,0.185654804,0.184084383
2019/4/7 17:00,0.01676462,0.018165561,0.01606911,0.023305562,0.037110798,0.079379181,0.033133581,0.06211116,0.106419636,0.056459406,0.044213292
2019/4/7 18:00,0,0,0,0,0.002005989,0.004141522,0.001048531,0.003881947,0.00838993,0.006612363,0.002245206
2019/4/7 19:00,0,0,0,0,0.001002995,0,0,0,0,0,1.88E-05
2019/4/7 20:00,0,0,0,0,0,0,0,0,0,0,0
2019/4/7 21:00,0,0,0,0,0,0,0,0,0,0,0
2019/4/7 22:00,0,0,0,0,0,0,0,0,0,0,0
2019/4/7 23:00,0,0,0,0,0,0,0,0,0,0,0
2019/4/8 0:00,0,0,0,0,0,0,0,0,0,0,0
2019/4/8 1:00,0,0,0,0,0,0,0,0,0,0,0
2019/4/8 2:00,0,0,0,0,0,0,0,0,0,0,0
2019/4/8 3:00,0,0,0,0,0,0,0,0,0,0,0
2019/4/8 4:00,0,0,0,0,0,0,0,0,0,0,0
2019/4/8 5:00,0.01676462,0.007970603,0.000730414,0,0.002005989,0.002588452,0,0,0,0,0.001839717
2019/4/8 6:00,0.142499267,0.082857199,0.019721181,0.006050482,0.036107804,0.090250678,0.043618892,0.073757002,0.025832152,0.004323468,0.041331694
2019/4/8 7:00,0.341878492,0.225215878,0.058433129,0.118656681,0.179536024,0.276791753,0.207399443,0.209625164,0.164376388,0.087486647,0.159199389
2019/4/8 8:00,0.480186604,0.41057874,0.091301764,0.387118823,0.422260704,0.439864202,0.379358536,0.357139169,0.2961866,0.240842602,0.304092158
2019/4/8 9:00,0.578379376,0.555532498,0.127092055,0.605608463,0.579730847,0.58136622,0.525733472,0.500771226,0.447757305,0.384788656,0.432883645
2019/4/8 10:00,0.643641645,0.710495851,0.185525183,0.710819627,0.687051264,0.705957022,0.62324686,0.613347703,0.5477741,0.505082796,0.530901164
2019/4/8 11:00,0.662202474,0.760729187,0.233002101,0.735917925,0.677021318,0.761004758,0.681964599,0.659931073,0.602860613,0.573240998,0.576158214
2019/4/8 12:00,0.635259335,0.734407661,0.30750434,0.707906432,0.667994367,0.737881258,0.69244991,0.671576915,0.614451963,0.639618949,0.588381072
2019/4/8 13:00,0.571194539,0.572400519,0.347677116,0.641351127,0.512530213,0.628993729,0.648201899,0.64828523,0.585639178,0.634023873,0.544355506
2019/4/8 14:00,0.420911699,0.435232001,0.252723281,0.475747184,0.265793555,0.491460669,0.58340268,0.555118491,0.528013608,0.570952103,0.433450578
2019/4/8 15:00,0.273622541,0.285458808,0.103718803,0.271599429,0.167500089,0.363936289,0.449610117,0.395958644,0.415080737,0.460576508,0.28575881
2019/4/8 16:00,0.134715693,0.138836784,0.032868635,0.098600453,0.052155716,0.244349827,0.257309521,0.221271007,0.309985827,0.30213412,0.159488487
2019/4/8 17:00,0.025146929,0.020019189,0.004382485,0.019383953,0.049146733,0.094219637,0.072348643,0.085402845,0.120770831,0.125889217,0.050432663
2019/4/8 18:00,0,0,0,0,0.005014973,0.004486649,0.001887356,0.003881947,0.010377018,0.012970404,0.002798999
2019/4/8 19:00,0,0,0,0,0,0,0,0,0,0,0
2019/4/8 20:00,0,0,0,0,0,0,0,0,0,0,0
2019/4/8 21:00,0,0,0,0,0,0,0,0,0,0,0
2019/4/8 22:00,0,0,0,0,0,0,0,0,0,0,0
2019/4/8 23:00,0,0,0,0,0,0,0,0,0,0,0
2019/4/9 0:00,0,0,0,0,0,0,0,0,0,0,0
2019/4/9 1:00,0,0,0,0,0,0,0,0,0,0,0
2019/4/9 2:00,0,0,0,0,0,0,0,0,0,0,0
2019/4/9 3:00,0,0,0,0,0,0,0,0,0,0,0
2019/4/9 4:00,0,0,0,0,0,0,0,0,0,0,0
2019/4/9 5:00,0.014369674,0.0129754,0.001460828,0.000224092,0.005014973,0.003796396,0,0,0,0,0.002684486
2019/4/9 6:00,0.102383927,0.107139734,0.081075966,0.103194337,0.089266515,0.096462961,0.049910078,0.073757002,0.026384121,0.005086433,0.076911454
2019/4/9 7:00,0.201774172,0.29139042,0.262949079,0.33131993,0.25375762,0.279035078,0.232144776,0.209625164,0.134238877,0.08163725,0.248382509
2019/4/9 8:00,0.322718927,0.481016628,0.456508818,0.510481435,0.445329578,0.445731358,0.42234831,0.372666959,0.253795376,0.233212953,0.419224681
2019/4/9 9:00,0.443663683,0.604097568,0.602591639,0.653900275,0.490464333,0.588441321,0.576062963,0.531826806,0.426561693,0.352744128,0.565144313
2019/4/9 10:00,0.477192922,0.645989575,0.685128433,0.73715043,0.598787744,0.700089865,0.670640464,0.628875493,0.573716646,0.406660318,0.658354163
2019/4/9 11:00,0.513117107,0.674720819,0.709232099,0.763033049,0.678024313,0.759969378,0.699999333,0.640521335,0.657395156,0.451929571,0.698674012
2019/4/9 12:00,0.534671618,0.67416473,0.677093878,0.754629601,0.704102171,0.765836535,0.698950802,0.63275744,0.676714074,0.387077551,0.693089155
2019/4/9 13:00,0.539461509,0.650623647,0.601861225,0.710371444,0.657964422,0.717173645,0.656590148,0.58617407,0.625160163,0.349183625,0.642855481
2019/4/9 14:00,0.408338234,0.591122168,0.503985735,0.606056646,0.552649995,0.616741725,0.579837674,0.504653173,0.530883847,0.375887398,0.550541087
2019/4/9 15:00,0.281406115,0.388520559,0.349868358,0.449416382,0.448338562,0.467646915,0.432204502,0.372666959,0.369488092,0.261696977,0.394129433
2019/4/9 16:00,0.142499267,0.202601609,0.162151932,0.24683727,0.247739653,0.286800433,0.213480923,0.205743217,0.165259538,0.169886862,0.202271305
2019/4/9 17:00,0.025146929,0.027433704,0.021912423,0.05198933,0.072215607,0.09991423,0.037956824,0.069875055,0.028040028,0.080874285,0.042272202
2019/4/9 18:00,0,0,0,0,0.004011978,0.004314086,0.001258237,0.003881947,0.000993544,0.007121006,0.001066285
2019/4/9 19:00,0,0,0,0,0,0,0,0,0,0,0
2019/4/9 20:00,0,0,0,0,0,0,0,0,0,0,0
2019/4/9 21:00,0,0,0,0,0,0,0,0,0,0,0
2019/4/9 22:00,0,0,0,0,0,0,0,0,0,0,0
2019/4/9 23:00,0,0,0,0,0,0,0,0,0,0,0
2019/4/10 0:00,0,0,0,0,0,0,0,0,0,0,0
2019/4/10 1:00,0,0,0,0,0,0,0,0,0,0,0
2019/4/10 2:00,0,0,0,0,0,0,0,0,0,0,0
2019/4/10 3:00,0,0,0,0,0,0,0,0,0,0,0
2019/4/10 4:00,0,0,0,0,0,0,0,0,0,0,0
2019/4/10 5:00,0.018560829,0.012419312,0.000730414,0,0.001002995,0.002588452,0,0,0,0,0.002327806
2019/4/10 6:00,0.154473995,0.076184136,0.013147454,0,0.004011978,0.048317762,0.014050316,0.019409737,0.002870239,0.005086433,0.023991418
2019/4/10 7:00,0.351458275,0.160338876,0.035790291,0.000896368,0.018053902,0.070923573,0.042150948,0.019409737,0.017000647,0.044506289,0.052591515
2019/4/10 8:00,0.526888044,0.261361636,0.055511472,0.007282988,0.042125771,0.068852811,0.069622462,0.023291685,0.045703039,0.082654536,0.082496311
2019/4/10 9:00,0.640049227,0.321419203,0.075963067,0.019720091,0.058173684,0.062813091,0.075913649,0.03105558,0.096815374,0.137333691,0.109144055
2019/4/10 10:00,0.680763303,0.378510965,0.086188865,0.031372871,0.106317422,0.068852811,0.102126925,0.073757002,0.155986458,0.101220017,0.136548337
2019/4/10 11:00,0.681960776,0.374247619,0.075232653,0.06644326,0.122365335,0.087317099,0.127920789,0.151395952,0.246067809,0.136570726,0.163166045
2019/4/10 12:00,0.578379376,0.356452784,0.066467684,0.114174842,0.138413247,0.103883189,0.152037003,0.120340372,0.219904475,0.134536153,0.162156077
2019/4/10 13:00,0.438275055,0.297507394,0.051128988,0.094118614,0.136407258,0.100777047,0.143019636,0.085402845,0.198708863,0.118513889,0.137896211
2019/4/10 14:00,0.361038058,0.193333465,0.030677393,0.068572133,0.103308438,0.086454282,0.104433693,0.069875055,0.23248937,0.132755901,0.114854688
2019/4/10 15:00,0.254462976,0.094349697,0.024103666,0.042689514,0.075224591,0.097670905,0.080946598,0.065993107,0.197715319,0.132755901,0.087953513
2019/4/10 16:00,0.115556128,0.055238133,0.010956212,0.014005746,0.038113793,0.068680248,0.038795649,0.042701422,0.121764376,0.093590367,0.049499664
2019/4/10 17:00,0.021554511,0.010565683,0.002191242,0.001008414,0.012035935,0.032441926,0.01384061,0.019409737,0.047579733,0.041200107,0.016805256
2019/4/10 18:00,0,0,0,0,0.001002995,0.004659213,0.001048531,0,0.003974177,0.005086433,0.001332857
2019/4/10 19:00,0,0,0,0,0,0,0,0,0,0,0
2019/4/10 20:00,0,0,0,0,0,0,0,0,0,0,0
2019/4/10 21:00,0,0,0,0,0,0,0,0,0,0,0
2019/4/10 22:00,0,0,0,0,0,0,0,0,0,0,0
2019/4/10 23:00,0,0,0,0,0,0,0,0,0,0,0
2019/4/11 0:00,0,0,0,0,0,0,0,0,0,0,0
2019/4/11 1:00,0,0,0,0,0,0,0,0,0,0,0
2019/4/11 2:00,0,0,0,0,0,0,0,0,0,0,0
2019/4/11 3:00,0,0,0,0,0,0,0,0,0,0,0
2019/4/11 4:00,0,0,0,0,0,0,0,0,0,0,0
2019/4/11 5:00,0.017962092,0.004077983,0.002191242,0.001232506,0.002005989,0.004659213,0,0.003881947,0,0,0.002477987
2019/4/11 6:00,0.123938438,0.044116361,0.082536794,0.097255901,0.034101815,0.095255017,0.050539197,0.069875055,0.034001294,0.002797538,0.070568183
2019/4/11 7:00,0.298170734,0.085266917,0.261488251,0.303196392,0.119356351,0.24296932,0.219562403,0.201861269,0.142959988,0.021871662,0.218543418
2019/4/11 8:00,0.458632093,0.168309479,0.453587161,0.472946035,0.228682756,0.377396237,0.382084717,0.353257221,0.248275685,0.058748301,0.366518653
2019/4/11 9:00,0.579576849,0.250795953,0.596748326,0.609081888,0.331991195,0.462124885,0.447722761,0.465833698,0.353922564,0.114699064,0.479116872
2019/4/11 10:00,0.619093452,0.299546386,0.676363464,0.672611952,0.412230758,0.513548789,0.50203667,0.582292123,0.382404168,0.331381109,0.540432027
2019/4/11 11:00,0.617297243,0.345887101,0.685858848,0.711715995,0.413233753,0.512168282,0.546494387,0.590056018,0.354584927,0.467697514,0.554560306
2019/4/11 12:00,0.579576849,0.332726338,0.644225243,0.688186342,0.522560158,0.567733709,0.559705878,0.562882386,0.336811523,0.456507361,0.542256726
2019/4/11 13:00,0.468211876,0.324199646,0.528819814,0.602359129,0.530584115,0.599140254,0.538106138,0.493007331,0.326103324,0.455490075,0.490286585
2019/4/11 14:00,0.352655748,0.286200259,0.352790014,0.482357897,0.468398453,0.523384905,0.413121236,0.384312801,0.220787626,0.279753815,0.372411381
2019/4/11 15:00,0.231112256,0.214650195,0.199403052,0.340283608,0.36408702,0.358069132,0.239274787,0.213507112,0.123972252,0.158951031,0.237013806
2019/4/11 16:00,0.10178519,0.104359292,0.062815613,0.143306794,0.199595915,0.158585799,0.096045445,0.058229212,0.063918018,0.076805138,0.097752825
2019/4/11 17:00,0.020955774,0.024097172,0.005843313,0.028459676,0.062185662,0.047282382,0.020760915,0.011645842,0.022078763,0.01856548,0.021988378
2019/4/11 18:00,0,0,0,0,0.004011978,0.002761015,0.001258237,0,0.001103938,0.005086433,0.00071336
2019/4/11 19:00,0,0,0,0,0,0,0,0,0,0,0
2019/4/11 20:00,0,0,0,0,0,0,0,0,0,0,0
2019/4/11 21:00,0,0,0,0,0,0,0,0,0,0,0
2019/4/11 22:00,0,0,0,0,0,0,0,0,0,0,0
2019/4/11 23:00,0,0,0,0,0,0,0,0,0,0,0
2019/4/12 0:00,0,0,0,0,0,0,0,0,0,0,0
2019/4/12 1:00,0,0,0,0,0,0,0,0,0,0,0
2019/4/12 2:00,0,0,0,0,0,0,0,0,0,0,0
2019/4/12 3:00,0,0,0,0,0,0,0,0,0,0,0
2019/4/12 4:00,0,0,0,0,0,0,0,0,0,0,0
2019/4/12 5:00,0.022153247,0.018721649,0.001460828,0.000112046,0.006017967,0.004314086,0.000209706,0.003881947,0,0,0.003773298
2019/4/12 6:00,0.162257568,0.137724607,0.052589816,0.016246666,0.074221596,0.077653547,0.042570361,0.050465317,0.025721758,0.003560503,0.055762212
2019/4/12 7:00,0.361038058,0.297136668,0.156308619,0.107900268,0.179536024,0.215531733,0.180137636,0.128104267,0.156096852,0.046540862,0.175679878
2019/4/12 8:00,0.527486781,0.428929663,0.274635705,0.302187978,0.338009162,0.350821468,0.340772593,0.240680744,0.276978077,0.1726844,0.316204257
2019/4/12 9:00,0.635858072,0.565542093,0.354981257,0.462749852,0.555658978,0.410355854,0.495535777,0.430896171,0.427003269,0.320445279,0.441194287
2019/4/12 10:00,0.66280121,0.62170704,0.341103389,0.546896375,0.580733842,0.489044781,0.609615956,0.582292123,0.496992946,0.422936903,0.497480256
2019/4/12 11:00,0.596940205,0.615404703,0.295817714,0.509360975,0.666991373,0.618294796,0.632893346,0.628875493,0.542475197,0.489314854,0.505085047
2019/4/12 12:00,0.549640028,0.548117984,0.28267026,0.464318496,0.614835656,0.645042128,0.563270884,0.61722965,0.545235042,0.566374314,0.482037892
2019/4/12 13:00,0.470008085,0.471377759,0.311886824,0.475635138,0.490464333,0.584127235,0.49763284,0.566764333,0.53386448,0.580362004,0.462073203
2019/4/12 14:00,0.395166033,0.426890672,0.294356886,0.444150221,0.396182845,0.417776082,0.450658648,0.477479541,0.51012981,0.529497675,0.412644875
2019/4/12 15:00,0.29218337,0.330131258,0.181873113,0.296809772,0.266796549,0.309578806,0.321689328,0.341611379,0.430867052,0.386060264,0.299175607
2019/4/12 16:00,0.149085367,0.160894965,0.064276442,0.168741229,0.190568964,0.223642215,0.185589997,0.217389059,0.322791509,0.262714264,0.177613459
2019/4/12 17:00,0.029338084,0.030028784,0.008764969,0.044034066,0.082245553,0.095945271,0.070461287,0.07763895,0.13953778,0.127669468,0.060301433
2019/4/12 18:00,0,0,0,0,0.008023956,0.005867157,0.002516475,0.003881947,0.014682377,0.015259299,0.003810843
2019/4/12 19:00,0,0,0,0,0,0,0,0,0,0,0
2019/4/12 20:00,0,0,0,0,0,0,0,0,0,0,0
2019/4/12 21:00,0,0,0,0,0,0,0,0,0,0,0
2019/4/12 22:00,0,0,0,0,0,0,0,0,0,0,0
2019/4/12 23:00,0,0,0,0,0,0,0,0,0,0,0
2019/4/13 0:00,0,0,0,0,0,0,0,0,0,0,0
2019/4/13 1:00,0,0,0,0,0,0,0,0,0,0,0
2019/4/13 2:00,0,0,0,0,0,0,0,0,0,0,0
2019/4/13 3:00,0,0,0,0,0,0,0,0,0,0,0
2019/4/13 4:00,0,0,0,0,0,0,0,0,0,0,0
2019/4/13 5:00,0.024548193,0.022799632,0.002921656,0.002240919,0.009026951,0.006212284,0.000209706,0.003881947,0,0,0.005256336
2019/4/13 6:00,0.16704746,0.184250685,0.092032178,0.126051715,0.12136234,0.114582122,0.062492451,0.089284792,0.043163981,0.00305186,0.100681355
2019/4/13 7:00,0.366426685,0.415027449,0.276826947,0.347678642,0.31995526,0.301123198,0.255212459,0.236798797,0.19109169,0.02619513,0.288653549
2019/4/13 8:00,0.538264036,0.623746032,0.467465029,0.536700192,0.541617055,0.472823818,0.447932467,0.392076696,0.326213717,0.033570458,0.466465998
2019/4/13 9:00,0.652023955,0.726437058,0.608434952,0.673844458,0.709117144,0.617431979,0.593468578,0.531826806,0.48496002,0.036367996,0.605310227
2019/4/13 10:00,0.708305178,0.738485644,0.694623817,0.755077785,0.817440555,0.720797477,0.67693165,0.621111598,0.575262159,0.049592722,0.684572014
2019/4/13 11:00,0.726866007,0.769811967,0.727492452,0.782865186,0.868593276,0.774292143,0.701257571,0.652167178,0.595353833,0.155899171,0.716087501
2019/4/13 12:00,0.704712759,0.758504833,0.71288417,0.759895762,0.862575309,0.773774453,0.669801639,0.656049125,0.575262159,0.125889217,0.700209612
2019/4/13 13:00,0.644839118,0.711608029,0.652259799,0.703088456,0.806407615,0.721660295,0.575014432,0.593937965,0.539494564,0.206000536,0.64478343
2019/4/13 14:00,0.533474145,0.608546277,0.536123955,0.595860463,0.679027307,0.591547463,0.416057123,0.446423961,0.470719219,0.370292322,0.534655689
2019/4/13 15:00,0.363433003,0.424110229,0.372511195,0.422749441,0.435299633,0.366179614,0.282683973,0.244562692,0.306674012,0.345877444,0.360734806
2019/4/13 16:00,0.182614606,0.231147489,0.177490628,0.170085781,0.211631849,0.173943945,0.131276088,0.116458425,0.192195628,0.184128874,0.177559018
2019/4/13 17:00,0.03173303,0.034662855,0.025564494,0.024762159,0.069206624,0.049353143,0.052845965,0.042701422,0.086769537,0.079094033,0.044023688
2019/4/13 18:00,0,0,0,0,0.005014973,0.003623832,0.002726181,0.003881947,0.010597806,0.017802515,0.002853439
2019/4/13 19:00,0,0,0,0,0,0,0,0,0,0,0
2019/4/13 20:00,0,0,0,0,0,0,0,0,0,0,0
2019/4/13 21:00,0,0,0,0,0,0,0,0,0,0,0
2019/4/13 22:00,0,0,0,0,0,0,0,0,0,0,0
2019/4/13 23:00,0,0,0,0,0,0,0,0,0,0,0
2019/4/14 0:00,0,0,0,0,0,0,0,0,0,0,0
2019/4/14 1:00,0,0,0,0,0,0,0,0,0,0,0
2019/4/14 2:00,0,0,0,0,0,0,0,0,0,0,0
2019/4/14 3:00,0,0,0,0,0,0,0,0,0,0,0
2019/4/14 4:00,0,0,0,0,0,0,0,0,0,0,0
2019/4/14 5:00,0.022751984,0.018165561,0.002191242,0.000896368,0.008023956,0.005694593,0,0,0,0,0.004036115
2019/4/14 6:00,0.107173818,0.147178113,0.065006856,0.074286477,0.089266515,0.067989994,0.025164745,0.027173632,0.020864431,0.003306181,0.063626066
2019/4/14 7:00,0.256857922,0.35812105,0.232271686,0.22431603,0.221661795,0.148404556,0.079898067,0.058229212,0.080808271,0.007629649,0.185661284
2019/4/14 8:00,0.407739498,0.597424505,0.398806103,0.309470966,0.358069053,0.194651557,0.114919004,0.058229212,0.135894784,0.026958095,0.291925618
2019/4/14 9:00,0.534671618,0.725510243,0.474038756,0.382524938,0.427275676,0.164452956,0.163570845,0.116458425,0.154109763,0.082145893,0.349138955
2019/4/14 10:00,0.632265653,0.771665596,0.504716149,0.382524938,0.450344551,0.13856844,0.235709782,0.166923742,0.167798596,0.155390528,0.37414034
2019/4/14 11:00,0.684954458,0.772407047,0.455047989,0.346222044,0.279835478,0.132356156,0.25185716,0.186333479,0.149473223,0.240079637,0.353045538
2019/4/14 12:00,0.685553194,0.721988349,0.412683971,0.260282786,0.197589925,0.134254354,0.220401228,0.166923742,0.10653003,0.285094569,0.310613769
2019/4/14 13:00,0.628673235,0.626155749,0.386389063,0.171766471,0.147440198,0.11095829,0.173846449,0.112576477,0.09063332,0.286620499,0.264575778
2019/4/14 14:00,0.498148697,0.446539135,0.31115641,0.112606199,0.114341378,0.075065095,0.093109558,0.050465317,0.068664952,0.251524111,0.194294815
2019/4/14 15:00,0.282603587,0.24542043,0.14754365,0.051877284,0.06619764,0.059706949,0.042989773,0.019409737,0.057073601,0.171412792,0.103820138
2019/4/14 16:00,0.119747283,0.095461874,0.026294908,0.018599631,0.046137749,0.038826773,0.023696802,0.01552779,0.034222082,0.201677068,0.038564608
2019/4/14 17:00,0.025146929,0.020575278,0.002921656,0.000784322,0.015044918,0.019327105,0.009856192,0.007763895,0.011812138,0.063834734,0.009876279
2019/4/14 18:00,0,0,0,0,0.001002995,0.002243325,0.001258237,0,0.001103938,0.006866685,0.000613865
2019/4/14 19:00,0,0,0,0,0,0,0,0,0,0,0
2019/4/14 20:00,0,0,0,0,0,0,0,0,0,0,0
2019/4/14 21:00,0,0,0,0,0,0,0,0,0,0,0
2019/4/14 22:00,0,0,0,0,0,0,0,0,0,0,0
2019/4/14 23:00,0,0,0,0,0,0,0,0,0,0,0
2019/4/15 0:00,0,0,0,0,0,0,0,0,0,0,0
2019/4/15 1:00,0,0,0,0,0,0,0,0,0,0,0
2019/4/15 2:00,0,0,0,0,0,0,0,0,0,0,0
2019/4/15 3:00,0,0,0,0,0,0,0,0,0,0,0
2019/4/15 4:00,0,0,0,0,0.001002995,0,0,0,0,0,1.88E-05
2019/4/15 5:00,0.011375992,0.002409717,0.002191242,0.000224092,0.005014973,0.007937918,0.000419412,0.003881947,0,0,0.002384124
2019/4/15 6:00,0.030535557,0.039111564,0.046016089,0.085379028,0.062185662,0.113546742,0.063540982,0.06211116,0.037313109,0.005595076,0.059644391
2019/4/15 7:00,0.038319131,0.215391646,0.181873113,0.29826637,0.192574953,0.285937616,0.247033917,0.194097374,0.177402857,0.053153225,0.216502834
2019/4/15 8:00,0.085020571,0.406871483,0.361554984,0.50532732,0.299895369,0.432616537,0.42675214,0.357139169,0.309323464,0.17115847,0.38347409
2019/4/15 9:00,0.14190053,0.589268539,0.534663127,0.624768323,0.385149905,0.528906935,0.517345223,0.524062911,0.461998107,0.26678341,0.523153701
2019/4/15 10:00,0.189799443,0.647101752,0.641303587,0.704096869,0.439311611,0.608803807,0.576272669,0.624993545,0.575372553,0.429040623,0.611550248
2019/4/15 11:00,0.242488248,0.625414298,0.679285121,0.749699579,0.54061406,0.650736722,0.627231278,0.659931073,0.624608194,0.32985518,0.648757596
2019/4/15 12:00,0.323317664,0.571288342,0.670520151,0.731660178,0.615838651,0.645904946,0.682174306,0.667694968,0.650109165,0.407168961,0.651618544
2019/4/15 13:00,0.286196006,0.579815033,0.615739093,0.686953836,0.59577876,0.650564158,0.671898701,0.644403283,0.64127766,0.520850738,0.627170951
2019/4/15 14:00,0.208360272,0.431524744,0.513481118,0.592723176,0.539611065,0.592065153,0.608148013,0.566764333,0.584314452,0.555692804,0.541336868
2019/4/15 15:00,0.134715693,0.289536791,0.357172499,0.462301668,0.433293644,0.466956661,0.492390184,0.427014223,0.470056856,0.465154297,0.409804577
2019/4/15 16:00,0.062268587,0.148104927,0.173838558,0.263868257,0.256766604,0.304056776,0.314769023,0.263972429,0.354253746,0.326294676,0.247316224
2019/4/15 17:00,0.013770938,0.020946003,0.029216564,0.067339627,0.092275498,0.12252004,0.111983117,0.112576477,0.150908342,0.14648927,0.078612254
2019/4/15 18:00,0,0,0,0,0.009026951,0.008283045,0.003774712,0.007763895,0.015565528,0.015259299,0.004542976
2019/4/15 19:00,0,0,0,0,0,0,0,0,0,0,0
2019/4/15 20:00,0,0,0,0,0,0,0,0,0,0,0
2019/4/15 21:00,0,0,0,0,0,0,0,0,0,0,0
2019/4/15 22:00,0,0,0,0,0,0,0,0,0,0,0
2019/4/15 23:00,0,0,0,0,0,0,0,0,0,0,0
2019/4/16 0:00,0,0,0,0,0,0,0,0,0,0,0
2019/4/16 1:00,0,0,0,0,0,0,0,0,0,0,0
2019/4/16 2:00,0,0,0,0,0,0,0,0,0,0,0
2019/4/16 3:00,0,0,0,0,0,0,0,0,0,0,0
2019/4/16 4:00,0,0,0,0,0,0,0,0,0,0,0
2019/4/16 5:00,0.023949457,0.019092375,0.005112899,0.004369793,0.01103294,0.008800735,0.000629119,0.003881947,0.000110394,0,0.006157422
2019/4/16 6:00,0.158066413,0.166826576,0.111022944,0.137816542,0.128383302,0.124763365,0.064379807,0.081520897,0.041839255,0.009155579,0.106339425
2019/4/16 7:00,0.333496183,0.385740117,0.314808481,0.351936389,0.325973227,0.303884213,0.24409803,0.205743217,0.168571352,0.075024887,0.289577163
2019/4/16 8:00,0.48916765,0.601502488,0.514941946,0.543534996,0.549641011,0.473686635,0.427171553,0.361021116,0.30832992,0.168360932,0.470858793
2019/4/16 9:00,0.613704824,0.719022543,0.665407253,0.680006986,0.716138106,0.622263755,0.570400895,0.500771226,0.46961528,0.115716351,0.614099571
2019/4/16 10:00,0.700521604,0.798728574,0.758169844,0.756422337,0.826467506,0.726837198,0.666236633,0.60170186,0.582768939,0.043743324,0.707149853
2019/4/16 11:00,0.71968117,0.847479007,0.787386409,0.78219291,0.878623222,0.777053158,0.707758463,0.64828523,0.64911562,0.041708751,0.748190571
2019/4/16 12:00,0.704712759,0.833576792,0.768395642,0.763817371,0.872605255,0.772911635,0.705451695,0.656049125,0.65518728,0.031535885,0.738916893
2019/4/16 13:00,0.641845436,0.790387245,0.702658372,0.709026892,0.819446544,0.721315168,0.653654261,0.613347703,0.572943889,0.051372973,0.679347592
2019/4/16 14:00,0.522098153,0.671755013,0.578487974,0.598101383,0.704102171,0.615361217,0.547123505,0.504653173,0.456699204,0.043743324,0.564778247
2019/4/16 15:00,0.351458275,0.468041227,0.404649416,0.42611082,0.527575131,0.441417273,0.400119451,0.333847484,0.343435152,0.04628654,0.402413794
2019/4/16 16:00,0.172436087,0.244493615,0.198672637,0.21098256,0.312934298,0.247628532,0.241162143,0.178569584,0.215378329,0.034842066,0.216480306
2019/4/16 17:00,0.032331766,0.039111564,0.033599049,0.050532732,0.111332395,0.101122174,0.073187468,0.07763895,0.084561661,0.013733369,0.059948508
2019/4/16 18:00,0,0,0,0,0.008023956,0.008110482,0.002726181,0.003881947,0.008831505,0.004832111,0.003001743
2019/4/16 19:00,0,0,0,0,0,0,0,0,0,0,0
2019/4/16 20:00,0,0,0,0,0,0,0,0,0,0,0
2019/4/16 21:00,0,0,0,0,0,0,0,0,0,0,0
2019/4/16 22:00,0,0,0,0,0,0,0,0,0,0,0
2019/4/16 23:00,0,0,0,0,0,0,0,0,0,0,0
2019/4/17 0:00,0,0,0,0,0,0,0,0,0,0,0
2019/4/17 1:00,0,0,0,0,0,0,0,0,0,0,0
2019/4/17 2:00,0,0,0,0,0,0,0,0,0,0,0
2019/4/17 3:00,0,0,0,0,0,0,0,0,0,0,0
2019/4/17 4:00,0,0,0,0,0,0,0,0,0,0,0
2019/4/17 5:00,0.028739348,0.029472695,0.003652071,0.000672276,0.01103294,0.006212284,0.000419412,0.003881947,0,0,0.006044786
2019/4/17 6:00,0.160461359,0.188514031,0.073771825,0.033389699,0.108323411,0.081277379,0.049071253,0.06211116,0.022961913,0.005340755,0.070887318
2019/4/17 7:00,0.351458275,0.410764103,0.218393818,0.099945004,0.270808527,0.181019046,0.183283229,0.143632057,0.108406724,0.06790388,0.192545207
2019/4/17 8:00,0.519104471,0.600575674,0.373241609,0.1723267,0.502500267,0.294048097,0.31770491,0.240680744,0.235690791,0.222277122,0.325093096
2019/4/17 9:00,0.636456808,0.736075926,0.484264554,0.178153091,0.664985384,0.395170271,0.420251248,0.341611379,0.341116882,0.406660318,0.41939739
2019/4/17 10:00,0.692738031,0.792426237,0.543428097,0.171206241,0.694072226,0.469717676,0.544607031,0.508535121,0.401391904,0.523393955,0.479880917
2019/4/17 11:00,0.710700124,0.793909139,0.469656272,0.145995898,0.637904531,0.53667229,0.671688995,0.590056018,0.410113015,0.584431151,0.480894639
2019/4/17 12:00,0.689145613,0.70845686,0.375432852,0.112718245,0.621856618,0.546163279,0.686158724,0.605583808,0.388475828,0.605285526,0.441025333
2019/4/17 13:00,0.628673235,0.609102366,0.289243987,0.091989741,0.476422409,0.532185641,0.612551843,0.535708753,0.354253746,0.569426174,0.383147446
2019/4/17 14:00,0.511919634,0.422812689,0.186255598,0.067451673,0.363084025,0.38757748,0.480856343,0.392076696,0.307667557,0.497453147,0.284998519
2019/4/17 15:00,0.343075965,0.266922522,0.093493006,0.060168685,0.250748636,0.201036404,0.390472966,0.244562692,0.261412549,0.447606103,0.193001381
2019/4/17 16:00,0.169442405,0.132163721,0.021182009,0.029356044,0.105314427,0.090940931,0.256470696,0.112576477,0.209085882,0.306203266,0.107142893
2019/4/17 17:00,0.03173303,0.029101969,0.002921656,0.004145701,0.034101815,0.03813652,0.086818371,0.050465317,0.106088454,0.138096656,0.039446922
2019/4/17 18:00,0,0,0,0,0.004011978,0.004486649,0.00440383,0.003881947,0.015455134,0.019328445,0.00391597
2019/4/17 19:00,0.000598736,0,0,0,0,0,0,0,0,0,1.88E-05
2019/4/17 20:00,0,0,0,0,0,0,0,0,0,0,0
2019/4/17 21:00,0,0,0,0,0,0,0,0,0,0,0
2019/4/17 22:00,0,0,0,0,0,0,0,0,0,0,0
2019/4/17 23:00,0,0,0,0,0,0,0,0,0,0,0
2019/4/18 0:00,0,0,0,0,0,0,0,0,0,0,0
2019/4/18 1:00,0,0,0,0,0,0,0,0,0,0,0
2019/4/18 2:00,0,0,0,0,0,0,0,0,0,0,0
2019/4/18 3:00,0,0,0,0,0,0,0,0,0,0,0
2019/4/18 4:00,0,0,0,0,0,0,0,0,0,0,0
2019/4/18 5:00,0.028140611,0.017794835,0.005112899,0.004033655,0.012035935,0.011734314,0.000629119,0.007763895,0.000220788,0,0.00664551
2019/4/18 6:00,0.144894212,0.147363476,0.092032178,0.110701417,0.131392285,0.1335641,0.071509818,0.100930635,0.050118791,0.011444474,0.098546907
2019/4/18 7:00,0.301763153,0.375730522,0.287783159,0.315297357,0.31995526,0.299915254,0.251437747,0.248444639,0.208202731,0.118513889,0.28372198
2019/4/18 8:00,0.473600504,0.619482686,0.492299109,0.505551412,0.533593098,0.464540773,0.433043326,0.395958644,0.363858008,0.285603213,0.471236123
2019/4/18 9:00,0.593946523,0.76091455,0.633999446,0.648522069,0.696078215,0.612600202,0.567674714,0.527944858,0.530000696,0.412764037,0.61647994
2019/4/18 10:00,0.629870708,0.828571995,0.714344998,0.729867442,0.800389647,0.728390269,0.65868721,0.613347703,0.602639825,0.436161629,0.698088306
2019/4/18 11:00,0.644240382,0.855820335,0.752326531,0.749475487,0.83850344,0.782402625,0.703983752,0.656049125,0.654856099,0.410729464,0.735746196
2019/4/18 12:00,0.625080816,0.836727961,0.737718249,0.722808546,0.807410609,0.758761434,0.710484644,0.66381302,0.647349319,0.376904685,0.721266869
2019/4/18 13:00,0.578978112,0.766660799,0.677824292,0.601686854,0.677021318,0.683006085,0.677980181,0.63275744,0.614341569,0.308237839,0.65582549
2019/4/18 14:00,0.458033357,0.62170704,0.554384308,0.459500519,0.50751524,0.579813149,0.594097697,0.547354596,0.571619164,0.336721864,0.548712633
2019/4/18 15:00,0.273622541,0.405573943,0.366667882,0.289414738,0.393173862,0.433479354,0.461353665,0.403722539,0.469394493,0.2220228,0.389180969
2019/4/18 16:00,0.105377609,0.195743183,0.143891579,0.197985227,0.255763609,0.288526067,0.290443103,0.244562692,0.326544899,0.109358309,0.223619537
2019/4/18 17:00,0.022751984,0.026692252,0.013147454,0.056471168,0.095284482,0.12200235,0.102336631,0.097048687,0.147817316,0.08011132,0.070894827
2019/4/18 18:00,0.000598736,0,0,0,0.010029945,0.010181243,0.003565006,0.007763895,0.01766301,0.009409901,0.00508175
2019/4/18 19:00,0.000598736,0,0,0,0,0,0,0,0,0,1.88E-05
2019/4/18 20:00,0.000598736,0,0,0,0,0,0,0,0,0,1.88E-05
2019/4/18 21:00,0,0,0,0,0,0,0,0,0,0,0
2019/4/18 22:00,0,0,0,0,0,0,0,0,0,0,0
2019/4/18 23:00,0,0,0,0,0,0,0,0,0,0,0
2019/4/19 0:00,0,0,0,0,0,0,0,0,0,0,0
2019/4/19 1:00,0,0,0,0,0,0,0,0,0,0,0
2019/4/19 2:00,0,0,0,0,0,0,0,0,0,0,0
2019/4/19 3:00,0,0,0,0,0,0,0,0,0,0,0
2019/4/19 4:00,0,0,0,0,0,0,0,0,0,0,0
2019/4/19 5:00,0.01496841,0.002965806,0.004382485,0.001344552,0.002005989,0.011389187,0.000838825,0.007763895,0.000331181,0,0.003904706
2019/4/19 6:00,0.035325448,0.044857813,0.083997622,0.074286477,0.023068875,0.106989331,0.044667423,0.089284792,0.048904459,0.008646936,0.068452508
2019/4/19 7:00,0.093402881,0.181655605,0.262218665,0.235296535,0.053158711,0.233305767,0.15665054,0.217389059,0.19948162,0.103508911,0.213739503
2019/4/19 8:00,0.168244932,0.287683162,0.449204677,0.38913565,0.084251542,0.387750044,0.260664821,0.364903064,0.318706938,0.238553707,0.355756306
2019/4/19 9:00,0.283202324,0.370725725,0.568262176,0.521237848,0.167500089,0.517517748,0.349580254,0.489125383,0.448088487,0.340536689,0.472899377
2019/4/19 10:00,0.352655748,0.477865459,0.676363464,0.595636371,0.250748636,0.547543786,0.41626683,0.58617407,0.532650148,0.423191225,0.556653454
2019/4/19 11:00,0.45084852,0.52327936,0.701197544,0.548016834,0.311931304,0.542884574,0.416686242,0.61722965,0.59380832,0.52263099,0.576047455
2019/4/19 12:00,0.462823248,0.573883422,0.679285121,0.463198036,0.360075042,0.433824481,0.420251248,0.61722965,0.625270557,0.532295213,0.556482623
2019/4/19 13:00,0.420911699,0.54329855,0.568262176,0.39776319,0.381137927,0.361692964,0.340772593,0.593937965,0.594581077,0.484482743,0.491307816
2019/4/19 14:00,0.358044376,0.46433397,0.428022667,0.352048435,0.312934298,0.296291422,0.261084233,0.458069803,0.54633898,0.263731551,0.40570839
2019/4/19 15:00,0.273023805,0.315672955,0.259297008,0.250982971,0.200598909,0.214323789,0.198382076,0.287264114,0.423470667,0.235247526,0.281692659
2019/4/19 16:00,0.142499267,0.187216491,0.088380107,0.133334703,0.115344373,0.143917907,0.146584642,0.131986215,0.304466136,0.102745946,0.158335848
2019/4/19 17:00,0.032331766,0.039296927,0.005112899,0.032269239,0.041122776,0.063848472,0.056620677,0.054347265,0.134238877,0.024160557,0.050132301
2019/4/19 18:00,0,0.000556089,0,0,0.005014973,0.007420228,0.003145593,0.003881947,0.018877342,0.008138293,0.004696911
2019/4/19 19:00,0.000598736,0,0,0,0.001002995,0,0,0,0,0,3.75E-05
2019/4/19 20:00,0,0,0,0,0,0,0,0,0,0,0
2019/4/19 21:00,0,0,0,0,0,0,0,0,0,0,0
2019/4/19 22:00,0,0,0,0,0,0,0,0,0,0,0
2019/4/19 23:00,0,0,0,0,0,0,0,0,0,0,0
2019/4/20 0:00,0,0,0,0,0,0,0,0,0,0,0
2019/4/20 1:00,0,0,0,0,0,0,0,0,0,0,0
2019/4/20 2:00,0,0,0,0,0,0,0,0,0,0,0
2019/4/20 3:00,0,0,0,0,0,0,0,0,0,0,0
2019/4/20 4:00,0,0,0,0,0,0,0,0,0,0,0
2019/4/20 5:00,0.03173303,0.030955598,0.007304141,0.006162528,0.014041924,0.013114821,0.001258237,0.007763895,0.000331181,0,0.009273678
2019/4/20 6:00,0.191595653,0.20204552,0.114675015,0.133446749,0.139416242,0.14409047,0.075703942,0.089284792,0.047248552,0.003306181,0.115738879
2019/4/20 7:00,0.381395096,0.430597929,0.309695582,0.336586091,0.327979216,0.328733348,0.259196877,0.221271007,0.189325389,0.021871662,0.299716259
2019/4/20 8:00,0.550238765,0.627267926,0.501794492,0.519669204,0.561676945,0.496982699,0.451916885,0.368785011,0.285368007,0.075024887,0.46876189
2019/4/20 9:00,0.655616373,0.748124512,0.640573173,0.658606206,0.725165056,0.639347535,0.599130646,0.512417068,0.401943873,0.112410169,0.60202314
2019/4/20 10:00,0.675973412,0.790016519,0.747944047,0.713172593,0.814431571,0.740469709,0.685319899,0.61722965,0.489706954,0.114699064,0.684038871
2019/4/20 11:00,0.66459742,0.801138291,0.790308065,0.733677005,0.842515418,0.79172105,0.723067017,0.652167178,0.543247954,0.101220017,0.719307006
2019/4/20 12:00,0.579576849,0.785011722,0.772047712,0.704096869,0.87160226,0.789477725,0.727680553,0.656049125,0.559696632,0.126143538,0.709241123
2019/4/20 13:00,0.502339851,0.715500649,0.689510918,0.652779816,0.817440555,0.737881258,0.695385797,0.61722965,0.531325422,0.146743592,0.653901295
2019/4/20 14:00,0.452644729,0.61262426,0.550001823,0.553731179,0.707111155,0.637449337,0.614648905,0.512417068,0.464647559,0.125634895,0.55269243
2019/4/20 15:00,0.308349253,0.433563735,0.392232376,0.421516935,0.533593098,0.49301374,0.480227224,0.361021116,0.384722438,0.064852021,0.414978313
2019/4/20 16:00,0.161658832,0.221693983,0.184794769,0.243812029,0.320958255,0.317344161,0.301557532,0.213507112,0.309654645,0.02924699,0.246587846
2019/4/20 17:00,0.033529239,0.038370113,0.029946978,0.063978248,0.123368329,0.132701283,0.107579286,0.085402845,0.137992266,0.011698796,0.077410806
2019/4/20 18:00,0,0,0,0,0.014041924,0.011734314,0.004194124,0.007763895,0.020091674,0.00457779,0.005740669
2019/4/20 19:00,0.000598736,0,0,0,0,0,0,0,0,0,1.88E-05
2019/4/20 20:00,0,0,0,0,0,0,0,0,0,0,0
2019/4/20 21:00,0,0,0,0,0,0,0,0,0,0,0
2019/4/20 22:00,0,0,0,0,0,0,0,0,0,0,0
2019/4/20 23:00,0,0,0,0,0,0,0,0,0,0,0
2019/4/21 0:00,0,0,0,0,0,0,0,0,0,0,0
2019/4/21 1:00,0,0,0,0,0,0,0,0,0,0,0
2019/4/21 2:00,0,0,0,0,0,0,0,0,0,0,0
2019/4/21 3:00,0,0,0,0,0,0,0,0,0,0,0
2019/4/21 4:00,0,0,0,0,0,0,0,0,0,0,0
2019/4/21 5:00,0.035325448,0.014829029,0.006573727,0.002913195,0.006017967,0.015185582,0.000629119,0.007763895,0.000331181,0,0.007039735
2019/4/21 6:00,0.195786807,0.077667039,0.107370874,0.085491074,0.036107804,0.11095829,0.062702157,0.081520897,0.051553911,0.003306181,0.087016759
2019/4/21 7:00,0.390376142,0.184806774,0.276096533,0.23989042,0.058173684,0.222606834,0.22585359,0.190215427,0.208865094,0.066632272,0.232840651
2019/4/21 8:00,0.555028656,0.290648968,0.393693204,0.334009034,0.079236569,0.373772405,0.393618559,0.333847484,0.311200159,0.182857266,0.351778386
2019/4/21 9:00,0.66459742,0.403349588,0.45870006,0.424654223,0.135404264,0.542021756,0.513570512,0.469715646,0.41806137,0.246692,0.453828265
2019/4/21 10:00,0.717884961,0.536810849,0.466004201,0.560341891,0.204610887,0.644524438,0.633522464,0.566764333,0.502623031,0.2713612,0.536065514
2019/4/21 11:00,0.733452107,0.613736437,0.48353414,0.598661612,0.323967238,0.704749078,0.697482859,0.621111598,0.55152749,0.309763769,0.581009061
2019/4/21 12:00,0.710700124,0.600019585,0.567531762,0.594403866,0.413233753,0.704403951,0.69853139,0.628875493,0.538942595,0.331126788,0.599901833
2019/4/21 13:00,0.646036591,0.536440124,0.554384308,0.519333066,0.3861529,0.646077509,0.654493086,0.566764333,0.486615928,0.362916994,0.553017196
2019/4/21 14:00,0.528085517,0.431895469,0.425101011,0.389023604,0.214640833,0.554101197,0.55572146,0.438660066,0.430535871,0.212104256,0.444768595
2019/4/21 15:00,0.356846903,0.261546999,0.25783618,0.287846094,0.104311433,0.431926283,0.421509485,0.306673851,0.368715335,0.116479316,0.317234874
2019/4/21 16:00,0.180818397,0.124563844,0.10664046,0.119553049,0.062185662,0.272132541,0.251437747,0.170805689,0.304907711,0.099694087,0.179845524
2019/4/21 17:00,0.037121658,0.023911809,0.014608282,0.025994665,0.018053902,0.103883189,0.079059242,0.06211116,0.129050367,0.051881617,0.05574344
2019/4/21 18:00,0,0,0,0,0.002005989,0.009145862,0.003565006,0.003881947,0.015123952,0.005849398,0.004154382
2019/4/21 19:00,0.000598736,0,0,0,0.001002995,0,0,0,0,0,3.75E-05
2019/4/21 20:00,0,0,0,0,0,0,0,0,0,0,0
2019/4/21 21:00,0,0,0,0,0,0,0,0,0,0,0
2019/4/21 22:00,0,0,0,0,0,0,0,0,0,0,0
2019/4/21 23:00,0,0,0,0,0,0,0,0,0,0,0
2019/4/22 0:00,0,0,0,0,0,0,0,0,0,0,0
2019/4/22 1:00,0,0,0,0,0,0,0,0,0,0,0
2019/4/22 2:00,0,0,0,0,0,0,0,0,0,0,0
2019/4/22 3:00,0,0,0,0,0,0,0,0,0,0,0
2019/4/22 4:00,0,0,0,0,0.001002995,0,0,0,0,0,1.88E-05
2019/4/22 5:00,0.029338084,0.024653261,0.005843313,0.003249333,0.008023956,0.013287385,0.001258237,0.003881947,0.000331181,0,0.007415188
2019/4/22 6:00,0.150881576,0.158485247,0.09422342,0.073614202,0.068203629,0.102157555,0.05536244,0.06211116,0.036429958,0.012461761,0.083968085
2019/4/22 7:00,0.328107555,0.382218222,0.259297008,0.219610099,0.219655805,0.201554095,0.204463556,0.159159847,0.123530677,0.114444742,0.226322795
2019/4/22 8:00,0.492760069,0.576478502,0.420718526,0.392609075,0.418248725,0.34840558,0.403684457,0.310555799,0.220566838,0.279245171,0.384196836
2019/4/22 9:00,0.617895979,0.723471252,0.586522529,0.556644374,0.588757798,0.52511054,0.565787358,0.473597593,0.341116882,0.343334227,0.53888704
2019/4/22 10:00,0.655017637,0.795762768,0.684398019,0.612779405,0.724162062,0.679727379,0.655751323,0.582292123,0.447426124,0.39318127,0.633043029
2019/4/22 11:00,0.616698507,0.816708772,0.715805826,0.666337378,0.813428576,0.752204023,0.694546972,0.636639388,0.497434521,0.415307254,0.675332127
2019/4/22 12:00,0.661005001,0.806699177,0.709232099,0.685833376,0.8274705,0.777053158,0.693288735,0.64828523,0.562566871,0.417596149,0.691793844
2019/4/22 13:00,0.604723778,0.762768179,0.642034001,0.634068139,0.777320773,0.73097872,0.664139571,0.609465755,0.566651442,0.446588817,0.650107347
2019/4/22 14:00,0.500543642,0.635979981,0.520054845,0.544991593,0.667994367,0.636759083,0.592210341,0.520180963,0.497876097,0.373344182,0.552437122
2019/4/22 15:00,0.337088601,0.444500144,0.344755459,0.413561672,0.502500267,0.493358867,0.463450727,0.392076696,0.384832832,0.350963877,0.405038207
2019/4/22 16:00,0.16704746,0.233742569,0.160691104,0.230590604,0.298892375,0.317344161,0.293798402,0.240680744,0.277309258,0.2713612,0.236060157
2019/4/22 17:00,0.035924185,0.042818821,0.02483408,0.063081881,0.112335389,0.134772045,0.105901637,0.097048687,0.129160761,0.104526198,0.076087336
2019/4/22 18:00,0,0,0,0,0.013038929,0.013114821,0.004823243,0.007763895,0.016448678,0.016530907,0.00539713
2019/4/22 19:00,0.000598736,0,0,0,0,0,0,0,0,0,1.88E-05
2019/4/22 20:00,0,0,0,0,0,0,0,0,0,0,0
2019/4/22 21:00,0,0,0,0,0,0,0,0,0,0,0
2019/4/22 22:00,0,0,0,0,0,0,0,0,0,0,0
2019/4/22 23:00,0,0,0,0,0,0,0,0,0,0,0
2019/4/23 0:00,0,0,0,0,0,0,0,0,0,0,0
2019/4/23 1:00,0,0,0,0,0,0,0,0,0,0,0
2019/4/23 2:00,0,0,0,0,0,0,0,0,0,0,0
2019/4/23 3:00,0,0,0,0,0,0,0,0,0,0,0
2019/4/23 4:00,0,0,0,0,0,0,0,0,0,0,0
2019/4/23 5:00,0.04011534,0.035033581,0.005843313,0.003585471,0.018053902,0.013977638,0.001467943,0.007763895,0,0,0.009273678
2019/4/23 6:00,0.199379226,0.182397057,0.092032178,0.069916685,0.139416242,0.12096697,0.056410971,0.06211116,0.017221435,0.006866685,0.08689286
2019/4/23 7:00,0.359840585,0.388335197,0.269522806,0.207845273,0.313937293,0.281278403,0.187057941,0.147514004,0.066346682,0.051118652,0.226718897
2019/4/23 8:00,0.444262419,0.589824628,0.439709293,0.340283608,0.525569142,0.411218671,0.300509001,0.256208534,0.119666893,0.16963254,0.359152274
2019/4/23 9:00,0.48916765,0.684359688,0.57775756,0.472833989,0.653952444,0.449355191,0.403474751,0.388194749,0.165921901,0.229906771,0.458284887
2019/4/23 10:00,0.480186604,0.686027954,0.686589262,0.50062139,0.766287833,0.486111203,0.487147529,0.465833698,0.165811507,0.211086969,0.507987295
2019/4/23 11:00,0.435281373,0.793167688,0.739909492,0.492105896,0.810419593,0.549269421,0.527411122,0.446423961,0.160954179,0.159459674,0.538862635
2019/4/23 12:00,0.373611522,0.780006925,0.724570795,0.489528839,0.800389647,0.572565485,0.429478321,0.337729431,0.174974194,0.194047419,0.522185033
2019/4/23 13:00,0.298769471,0.731256492,0.657372697,0.456027094,0.744221953,0.469199986,0.305122538,0.252326587,0.123861858,0.295521757,0.456516506
2019/4/23 14:00,0.256259185,0.595941602,0.53685437,0.373673307,0.600793733,0.328215658,0.196914132,0.170805689,0.075619762,0.19277581,0.356094213
2019/4/23 15:00,0.113759919,0.410022652,0.374702438,0.266445314,0.410224769,0.223469651,0.075074824,0.054347265,0.044267919,0.203202998,0.236401818
2019/4/23 16:00,0.052688804,0.203899149,0.187716426,0.135239485,0.2206588,0.119413899,0.02600357,0.019409737,0.027488059,0.170904149,0.119529073
2019/4/23 17:00,0.017363356,0.036516484,0.029946978,0.02834763,0.07723058,0.041242662,0.01216296,0.007763895,0.013578439,0.057222371,0.026816698
2019/4/23 18:00,0.000598736,0,0,0,0.009026951,0.00500434,0.001887356,0,0.002870239,0.010427188,0.001466142
2019/4/23 19:00,0.000598736,0,0,0,0,0,0,0,0,0,1.88E-05
2019/4/23 20:00,0.000598736,0,0,0,0,0,0,0,0,0,1.88E-05
2019/4/23 21:00,0,0,0,0,0,0,0,0,0,0,0
2019/4/23 22:00,0,0,0,0,0,0,0,0,0,0,0
2019/4/23 23:00,0,0,0,0,0,0,0,0,0,0,0
2019/4/24 0:00,0,0,0,0,0,0,0,0,0,0,0
2019/4/24 1:00,0,0,0,0,0,0,0,0,0,0,0
2019/4/24 2:00,0,0,0,0,0,0,0,0,0,0,0
2019/4/24 3:00,0,0,0,0,0,0,0,0,0,0,0
2019/4/24 4:00,0,0,0,0,0,0,0,0,0,0,0
2019/4/24 5:00,0.028739348,0.021131366,0.002921656,0.000112046,0.004011978,0.012769694,0.000629119,0.003881947,0,0,0.005519152
2019/4/24 6:00,0.146690421,0.08804736,0.045285675,0.009972091,0.019056896,0.070405882,0.02768122,0.027173632,0.009162686,0.00610372,0.040237249
2019/4/24 7:00,0.28380106,0.181099517,0.121248742,0.033277653,0.043128765,0.096462961,0.070251581,0.050465317,0.034884445,0.051881617,0.090322619
2019/4/24 8:00,0.441867474,0.269702965,0.184064355,0.063193927,0.063188656,0.11596263,0.105482224,0.065993107,0.074957399,0.211341291,0.139801633
2019/4/24 9:00,0.559219811,0.399642331,0.176760214,0.086499488,0.067200635,0.134254354,0.12896932,0.097048687,0.108958693,0.299590903,0.170770836
2019/4/24 10:00,0.617297243,0.439124621,0.186255598,0.113726659,0.097290471,0.143400216,0.165667907,0.163041794,0.133245332,0.299336582,0.195755326
2019/4/24 11:00,0.640049227,0.432080832,0.180412285,0.100169096,0.153458165,0.112166234,0.159376721,0.190215427,0.178286008,0.362154029,0.19850927
2019/4/24 12:00,0.60113136,0.345516375,0.177490628,0.072941926,0.204610887,0.113029051,0.148052585,0.163041794,0.213832816,0.42242826,0.188422738
2019/4/24 13:00,0.483180286,0.282122277,0.167995245,0.061961421,0.161482122,0.126316436,0.134841094,0.131986215,0.171883167,0.42242826,0.164844318
2019/4/24 14:00,0.341279756,0.210942937,0.109562116,0.055462755,0.126377313,0.108714965,0.099400744,0.069875055,0.161726936,0.366477497,0.126191478
2019/4/24 15:00,0.22871731,0.179060525,0.048937745,0.032157193,0.092275498,0.061432584,0.064379807,0.03105558,0.157311184,0.39318127,0.088599292
2019/4/24 16:00,0.081428152,0.089715625,0.015338696,0.010532321,0.056167695,0.040552408,0.037956824,0.01552779,0.144063926,0.25126979,0.053310507
2019/4/24 17:00,0.013770938,0.018536286,0.002921656,0.001008414,0.017050907,0.020535049,0.014679435,0.007763895,0.08511363,0.077822425,0.022519644
2019/4/24 18:00,0.000598736,0,0,0,0.002005989,0.003968959,0.002097062,0,0.014240802,0.010935831,0.003178206
2019/4/24 19:00,0.000598736,0,0,0,0.001002995,0,0,0,0,0,3.75E-05
2019/4/24 20:00,0.000598736,0,0,0,0,0,0,0,0,0,1.88E-05
2019/4/24 21:00,0,0,0,0,0,0,0,0,0,0,0
2019/4/24 22:00,0,0,0,0,0,0,0,0,0,0,0
2019/4/24 23:00,0,0,0,0,0,0,0,0,0,0,0
2019/4/25 0:00,0,0,0,0,0,0,0,0,0,0,0
2019/4/25 1:00,0,0,0,0,0,0,0,0,0,0,0
2019/4/25 2:00,0,0,0,0,0,0,0,0,0,0,0
2019/4/25 3:00,0,0,0,0,0,0,0,0,0,0,0
2019/4/25 4:00,0,0,0,0,0.001002995,0,0,0,0,0,1.88E-05
2019/4/25 5:00,0.020955774,0.002409717,0.003652071,0.00056023,0.002005989,0.016220963,0.000838825,0.003881947,0,0,0.00399857
2019/4/25 6:00,0.050892595,0.025023986,0.037981534,0.021512826,0.013038929,0.088007353,0.042150948,0.042701422,0.010156231,0.010935831,0.034960264
2019/4/25 7:00,0.113161182,0.054867407,0.118327086,0.090421097,0.034101815,0.141502019,0.134211975,0.085402845,0.051774698,0.107323736,0.096438741
2019/4/25 8:00,0.211952691,0.099539857,0.239575827,0.203139342,0.072215607,0.220536073,0.243259205,0.128104267,0.119556499,0.271869843,0.187987213
2019/4/25 9:00,0.293380843,0.13531489,0.326495106,0.321459885,0.104311433,0.242451629,0.28394221,0.248444639,0.235249215,0.406405996,0.269439765
2019/4/25 10:00,0.322718927,0.187401854,0.357902913,0.351264113,0.1103294,0.26505744,0.272408369,0.395958644,0.31384961,0.533312499,0.311676299
2019/4/25 11:00,0.317929036,0.255430024,0.39296279,0.352272527,0.141422231,0.363246035,0.316027261,0.372666959,0.407905139,0.516018627,0.357504037
2019/4/25 12:00,0.398159715,0.252649581,0.400266931,0.328630827,0.145434209,0.339777408,0.327980515,0.384312801,0.427776025,0.589008941,0.360727297
2019/4/25 13:00,0.448453574,0.236893738,0.372511195,0.400116155,0.1103294,0.255911577,0.296314877,0.427014223,0.41894452,0.641144879,0.353884675
2019/4/25 14:00,0.413726862,0.214464832,0.354981257,0.362580756,0.089266515,0.247283406,0.272827781,0.368785011,0.378098809,0.506100083,0.32553613
2019/4/25 15:00,0.303559362,0.155334079,0.289974401,0.294008623,0.085254536,0.307162918,0.204044144,0.256208534,0.28923179,0.47024073,0.267357881
2019/4/25 16:00,0.152079049,0.098798406,0.146082822,0.207621181,0.057170689,0.225885539,0.107998699,0.120340372,0.14969401,0.304677336,0.155940461
2019/4/25 17:00,0.033529239,0.021316729,0.025564494,0.059720501,0.025074864,0.080414562,0.033343288,0.050465317,0.05994384,0.112410169,0.045452285
2019/4/25 18:00,0.000598736,0,0,0,0.003008984,0.010871497,0.002726181,0.003881947,0.008279536,0.018056837,0.003230769
2019/4/25 19:00,0.000598736,0,0,0,0.001002995,0,0,0,0,0,3.75E-05
2019/4/25 20:00,0.000598736,0,0,0,0,0,0,0,0,0,1.88E-05
2019/4/25 21:00,0,0,0,0,0,0,0,0,0,0,0
2019/4/25 22:00,0,0,0,0,0,0,0,0,0,0,0
2019/4/25 23:00,0,0,0,0,0,0,0,0,0,0,0
2019/4/26 0:00,0,0,0,0,0,0,0,0,0,0,0
2019/4/26 1:00,0,0,0,0,0,0,0,0,0,0,0
2019/4/26 2:00,0,0,0,0,0,0,0,0,0,0,0
2019/4/26 3:00,0,0,0,0,0,0,0,0,0,0,0
2019/4/26 4:00,0,0,0,0,0.001002995,0,0,0,0,0,1.88E-05
2019/4/26 5:00,0.02335072,0.001482903,0.002191242,0.000112046,0.002005989,0.014495329,0.001258237,0.007763895,0.000441575,0,0.00364189
2019/4/26 6:00,0.058077432,0.016126569,0.018990767,0.008403448,0.009026951,0.091458622,0.035859762,0.04658337,0.025280183,0.019328445,0.029765878
2019/4/26 7:00,0.116753601,0.037072572,0.046746503,0.040112457,0.031092831,0.134254354,0.124984902,0.12422232,0.099906401,0.136570726,0.07653037
2019/4/26 8:00,0.19698428,0.059872205,0.06573727,0.162578701,0.047140744,0.210009703,0.252486278,0.287264114,0.181929004,0.287637786,0.149657262
2019/4/26 9:00,0.242488248,0.067657445,0.075963067,0.281123336,0.080239564,0.305609847,0.296734289,0.411486434,0.275984532,0.403099815,0.212196393
2019/4/26 10:00,0.246679403,0.096574051,0.108101288,0.348462964,0.161482122,0.359104513,0.356919972,0.465833698,0.382404168,0.52873471,0.269178826
2019/4/26 11:00,0.229316047,0.10361784,0.116866257,0.459164381,0.162485116,0.435377552,0.393618559,0.504653173,0.463212439,0.612915176,0.317989534
2019/4/26 12:00,0.208959009,0.106027557,0.112483773,0.496811827,0.142425225,0.471615874,0.383762367,0.539590701,0.495447433,0.651063423,0.332913773
2019/4/26 13:00,0.184410816,0.083598651,0.086188865,0.490425206,0.130389291,0.476102523,0.403055338,0.578410175,0.470388037,0.636567089,0.321543192
2019/4/26 14:00,0.123938438,0.074145145,0.064276442,0.423869901,0.122365335,0.416223011,0.380407067,0.489125383,0.41806137,0.574766928,0.279543193
2019/4/26 15:00,0.083224362,0.072106153,0.061354785,0.352496619,0.097290471,0.278172261,0.266536595,0.353257221,0.321466783,0.453964145,0.215781965
2019/4/26 16:00,0.032930503,0.06154047,0.039442362,0.179497642,0.040119782,0.16669628,0.150359354,0.217389059,0.18645515,0.332398396,0.124494433
2019/4/26 17:00,0.007783573,0.01427294,0.008034555,0.025546481,0.016047913,0.084383521,0.038795649,0.089284792,0.071645585,0.156916458,0.038647208
2019/4/26 18:00,0.000598736,0,0,0,0.001002995,0.012079441,0.002516475,0.007763895,0.007837961,0.015004977,0.003395968
2019/4/26 19:00,0.000598736,0,0,0,0.001002995,0,0,0,0,0,3.75E-05
2019/4/26 20:00,0.000598736,0,0,0,0,0,0,0,0,0,1.88E-05
2019/4/26 21:00,0,0,0,0,0,0,0,0,0,0,0
2019/4/26 22:00,0,0,0,0,0,0,0,0,0,0,0
2019/4/26 23:00,0,0,0,0,0,0,0,0,0,0,0
2019/4/27 0:00,0,0,0,0,0,0,0,0,0,0,0
2019/4/27 1:00,0,0,0,0,0,0,0,0,0,0,0
2019/4/27 2:00,0,0,0,0,0,0,0,0,0,0,0
2019/4/27 3:00,0,0,0,0,0,0,0,0,0,0,0
2019/4/27 4:00,0,0,0,0,0,0,0,0,0,0,0
2019/4/27 5:00,0.022153247,0.006116974,0.005112899,0.009187769,0.003008984,0.019499668,0.002306768,0.007763895,0.001876695,0,0.007246234
2019/4/27 6:00,0.075440788,0.029287332,0.062085199,0.127060129,0.02206588,0.115099813,0.074445705,0.06211116,0.059502265,0.005595076,0.075338308
2019/4/27 7:00,0.159263886,0.070623251,0.186986012,0.316417817,0.078233575,0.217947621,0.249340685,0.166923742,0.199923195,0.031535885,0.203014701
2019/4/27 8:00,0.248475612,0.179245888,0.31115641,0.469584656,0.138413247,0.348750707,0.404523282,0.364903064,0.322018752,0.077822425,0.334314211
2019/4/27 9:00,0.313737881,0.255615387,0.362285398,0.564711684,0.213637838,0.451771079,0.484631054,0.539590701,0.437269893,0.160222639,0.421614437
2019/4/27 10:00,0.31553409,0.305848723,0.404649416,0.656701424,0.30892232,0.567043455,0.536638195,0.628875493,0.541592047,0.21744501,0.494517935
2019/4/27 11:00,0.325113873,0.356638147,0.384197821,0.719111029,0.359072047,0.629856546,0.567045595,0.640521335,0.619750866,0.316630454,0.530242245
2019/4/27 12:00,0.305954308,0.361642944,0.32357345,0.696477743,0.428278671,0.598967691,0.608986838,0.621111598,0.653972948,0.299336582,0.517217796
2019/4/27 13:00,0.237698356,0.355896696,0.198672637,0.660623033,0.504506256,0.547543786,0.595146228,0.61722965,0.629023946,0.267037732,0.466312062
2019/4/27 14:00,0.18201587,0.30955598,0.150465306,0.582863131,0.519551175,0.452116206,0.561593234,0.535708753,0.562014902,0.386060264,0.406892942
2019/4/27 15:00,0.104180136,0.20074798,0.131474539,0.44000452,0.339012156,0.358241696,0.441012162,0.419250329,0.479219542,0.365968854,0.32037178
2019/4/27 16:00,0.046102704,0.10361784,0.062085199,0.266445314,0.254760615,0.248318786,0.294637227,0.267854377,0.361870919,0.208543753,0.206724172
2019/4/27 17:00,0.011375992,0.029843421,0.01606911,0.08033696,0.111332395,0.114927249,0.114919004,0.120340372,0.158635909,0.070701419,0.079160415
2019/4/27 18:00,0.000598736,0,0,0.000112046,0.012035935,0.013459948,0.006920305,0.011645842,0.025059396,0.011444474,0.00725562
2019/4/27 19:00,0.000598736,0,0,0,0,0,0,0,0,0,1.88E-05
2019/4/27 20:00,0.000598736,0,0,0,0,0,0,0,0,0,1.88E-05
2019/4/27 21:00,0,0,0,0,0,0,0,0,0,0,0
2019/4/27 22:00,0,0,0,0,0,0,0,0,0,0,0
2019/4/27 23:00,0,0,0,0,0,0,0,0,0,0,0
2019/4/28 0:00,0,0,0,0,0,0,0,0,0,0,0
2019/4/28 1:00,0,0,0,0,0,0,0,0,0,0,0
2019/4/28 2:00,0,0,0,0,0,0,0,0,0,0,0
2019/4/28 3:00,0,0,0,0,0,0,0,0,0,0,0
2019/4/28 4:00,0,0,0,0,0,0,0,0,0,0,0
2019/4/28 5:00,0.045503967,0.040409104,0.014608282,0.01613462,0.028083847,0.017428907,0.002516475,0.007763895,0.001987089,0,0.015337237
2019/4/28 6:00,0.225723628,0.227996321,0.140969923,0.147116357,0.150449182,0.098533723,0.061234214,0.07763895,0.059281478,0.00610372,0.123944395
2019/4/28 7:00,0.416121808,0.428373575,0.340372974,0.342972711,0.290868418,0.197757699,0.178669692,0.174687637,0.180273097,0.030009955,0.283650644
2019/4/28 8:00,0.583768004,0.5944587,0.537584784,0.491097482,0.447335567,0.305954974,0.31162343,0.287264114,0.306232437,0.031535885,0.434706467
2019/4/28 9:00,0.68794814,0.730329678,0.687319676,0.604488003,0.592769776,0.42070966,0.433253033,0.411486434,0.4157431,0.047558148,0.560056931
2019/4/28 10:00,0.739439471,0.803362645,0.774238955,0.697262065,0.689057253,0.51510186,0.578369731,0.512417068,0.457803142,0.085452074,0.644325378
2019/4/28 11:00,0.752611673,0.820786755,0.800533863,0.696589789,0.644925493,0.600520762,0.523426704,0.605583808,0.425236968,0.102745946,0.655791699
2019/4/28 12:00,0.719082433,0.786494625,0.783734338,0.628129702,0.644925493,0.560140917,0.361743215,0.524062911,0.348844449,0.127415146,0.59986241
2019/4/28 13:00,0.669387311,0.740524635,0.714344998,0.496587735,0.608817689,0.374635222,0.266746301,0.349375274,0.2515875,0.119531175,0.499370659
2019/4/28 14:00,0.560417284,0.618370509,0.586522529,0.308462553,0.513533207,0.30474703,0.23193507,0.221271007,0.189104602,0.139876907,0.390038878
2019/4/28 15:00,0.384987514,0.44487087,0.382736993,0.198545457,0.391167873,0.192408233,0.189364709,0.131986215,0.117569411,0.124363287,0.261256777
2019/4/28 16:00,0.186805761,0.230962126,0.161421518,0.103082291,0.236706713,0.106299077,0.136938156,0.06211116,0.058177539,0.106560771,0.129942249
2019/4/28 17:00,0.045503967,0.046155353,0.029216564,0.021736918,0.108323411,0.054530046,0.058717739,0.019409737,0.019208523,0.040691464,0.034973405
2019/4/28 18:00,0.000598736,0.000741451,0,0,0.016047913,0.010181243,0.004194124,0.003881947,0.001876695,0.007121006,0.002436687
2019/4/28 19:00,0.000598736,0,0,0,0,0,0,0,0,0,1.88E-05
2019/4/28 20:00,0.000598736,0,0,0,0,0,0,0,0,0,1.88E-05
2019/4/28 21:00,0,0,0,0,0,0,0,0,0,0,0
2019/4/28 22:00,0,0,0,0,0,0,0,0,0,0,0
2019/4/28 23:00,0,0,0,0,0,0,0,0,0,0,0
2019/4/29 0:00,0,0,0,0,0,0,0,0,0,0,0
2019/4/29 1:00,0,0,0,0,0,0,0,0,0,0,0
2019/4/29 2:00,0,0,0,0,0,0,0,0,0,0,0
2019/4/29 3:00,0,0,0,0,0,0,0,0,0,0,0
2019/4/29 4:00,0.000598736,0,0,0,0,0,0,0,0,0,1.88E-05
2019/4/29 5:00,0.036522921,0.041892007,0.008764969,0.002128873,0.026077858,0.017946597,0.001048531,0.003881947,0,0,0.01071917
2019/4/29 6:00,0.17363356,0.226698781,0.10664046,0.039104043,0.133398275,0.072476644,0.025584158,0.023291685,0.014020014,0.010935831,0.078625395
2019/4/29 7:00,0.367624158,0.453026836,0.292165643,0.116527808,0.260778582,0.100259357,0.067735106,0.038819475,0.041728861,0.056713728,0.18326402
2019/4/29 8:00,0.534072881,0.642096955,0.465273787,0.194175664,0.411227764,0.121829787,0.098352213,0.07763895,0.066677863,0.148269522,0.279830415
2019/4/29 9:00,0.644839118,0.766846162,0.566070934,0.261403246,0.489461338,0.138223313,0.125404314,0.116458425,0.095601042,0.182602944,0.345825586
2019/4/29 10:00,0.701719077,0.819303852,0.603322053,0.333896988,0.491467327,0.179465975,0.156440834,0.194097374,0.096263405,0.241096924,0.386243052
2019/4/29 11:00,0.722076115,0.820416029,0.551462652,0.35384117,0.508518235,0.185678258,0.181395873,0.298909956,0.107633968,0.396741773,0.388386886
2019/4/29 12:00,0.695132977,0.778709385,0.474038756,0.295241128,0.523563153,0.205005363,0.171749387,0.260090482,0.10741318,0.358593526,0.352925393
2019/4/29 13:00,0.611309879,0.69937408,0.387849891,0.231374926,0.417245731,0.176877523,0.091012496,0.143632057,0.08511363,0.507880334,0.288811239
2019/4/29 14:00,0.501741115,0.593902611,0.32722552,0.134679255,0.272814516,0.099741667,0.066057457,0.058229212,0.065905106,0.461848116,0.221847401
2019/4/29 15:00,0.346069647,0.398344791,0.197211809,0.062969835,0.160479127,0.055565427,0.055152734,0.027173632,0.0445991,0.37919358,0.138112096
2019/4/29 16:00,0.174831033,0.21242584,0.067198098,0.022073056,0.083248547,0.042623169,0.025793864,0.011645842,0.030468692,0.298573617,0.064416393
2019/4/29 17:00,0.04011534,0.043745636,0.005843313,0.002465011,0.026077858,0.022778374,0.010695017,0.003881947,0.015565528,0.14343741,0.015419836
2019/4/29 18:00,0.000598736,0.000741451,0,0,0.005014973,0.00552203,0.002097062,0,0.001655907,0.022888948,0.00142672
2019/4/29 19:00,0.000598736,0,0,0,0.001002995,0,0,0,0,0,3.75E-05
2019/4/29 20:00,0.000598736,0,0,0,0,0,0,0,0,0,1.88E-05
2019/4/29 21:00,0,0,0,0,0,0,0,0,0,0,0
2019/4/29 22:00,0,0,0,0,0,0,0,0,0,0,0
2019/4/29 23:00,0,0,0,0,0,0,0,0,0,0,0
2019/4/30 0:00,0,0,0,0,0,0,0,0,0,0,0
2019/4/30 1:00,0,0,0,0,0,0,0,0,0,0,0
2019/4/30 2:00,0,0,0,0,0,0,0,0,0,0,0
2019/4/30 3:00,0,0,0,0,0,0,0,0,0,0,0
2019/4/30 4:00,0.001197473,0,0,0,0.001002995,0,0,0,0,0,5.63E-05
2019/4/30 5:00,0.049695122,0.011863223,0.004382485,0,0.006017967,0.019672232,0.001258237,0.003881947,0,0,0.006439011
2019/4/30 6:00,0.214347636,0.054311319,0.032138221,0.004705931,0.039116787,0.080241998,0.030826813,0.019409737,0.005961266,0.013224726,0.035540338
2019/4/30 7:00,0.374210259,0.087491271,0.085458451,0.040672687,0.09929646,0.134254354,0.097723094,0.04658337,0.022630732,0.116224994,0.081542661
2019/4/30 8:00,0.52090068,0.114368886,0.139509095,0.095911349,0.157470144,0.185850822,0.177621161,0.097048687,0.046696583,0.261696977,0.133471503
2019/4/30 9:00,0.611309879,0.171275285,0.162882346,0.150813874,0.285853445,0.237274726,0.26234247,0.128104267,0.078379607,0.331126788,0.180258522
2019/4/30 10:00,0.653221428,0.202416246,0.205246364,0.18902155,0.28685644,0.300087817,0.297992526,0.178569584,0.120108469,0.429294945,0.222320471
2019/4/30 11:00,0.643641645,0.197411448,0.20451595,0.212327111,0.377125949,0.307853172,0.323576684,0.217389059,0.149583617,0.51652727,0.237588249
2019/4/30 12:00,0.596940205,0.210016123,0.18844684,0.206724813,0.414236747,0.271959977,0.278280142,0.217389059,0.10973145,0.535601394,0.218430782
2019/4/30 13:00,0.514913316,0.176465445,0.160691104,0.191822699,0.372110976,0.218637875,0.248921273,0.159159847,0.075619762,0.489823497,0.184658826
2019/4/30 14:00,0.37900015,0.147363476,0.134396196,0.155967989,0.313937293,0.165833463,0.190622946,0.065993107,0.066898651,0.429294945,0.146197467
2019/4/30 15:00,0.211952691,0.089715625,0.080345552,0.107340038,0.189565969,0.095427581,0.122258721,0.01552779,0.053761787,0.337230507,0.091621685
2019/4/30 16:00,0.079033207,0.04596999,0.020451595,0.047395445,0.096287476,0.053839792,0.049910078,0.011645842,0.034332476,0.205746215,0.040378044
2019/4/30 17:00,0.016165883,0.015014392,0.003652071,0.008851632,0.046137749,0.025021698,0.016147378,0.003881947,0.014682377,0.087995291,0.012814195
2019/4/30 18:00,0,0,0,0,0.008023956,0.006384847,0.002516475,0,0.001545513,0.008138293,0.001392929
2019/4/30 19:00,0.000598736,0,0,0,0.001002995,0,0,0,0,0,3.75E-05
2019/4/30 20:00,0,0,0,0,0,0,0,0,0,0,0
2019/4/30 21:00,0,0,0,0,0,0,0,0,0,0,0
2019/4/30 22:00,0,0,0,0,0,0,0,0,0,0,0
2019/4/30 23:00,0,0,0,0,0,0,0,0,0,0,0
2019/5/1 0:00,0,0,0,0,0,0,0,0,0,0,0
2019/5/1 1:00,0,0,0,0,0,0,0,0,0,0,0
2019/5/1 2:00,0,0,0,0,0,0,0,0,0,0,0
2019/5/1 3:00,0,0,0,0,0,0,0,0,0,0,0
2019/5/1 4:00,0.001197473,0,0,0,0.001002995,0,0,0,0,0,5.63E-05
2019/5/1 5:00,0.026344402,0.026136164,0.008034555,0.001008414,0.006017967,0.017601471,0.00167765,0.007763895,0.000220788,0,0.008297501
2019/5/1 6:00,0.044306495,0.092496068,0.079615138,0.026218757,0.034101815,0.056083117,0.040473299,0.01552779,0.009493868,0.00610372,0.04838457
2019/5/1 7:00,0.089810462,0.202972334,0.200133466,0.074286477,0.071212613,0.091286058,0.122258721,0.011645842,0.041176892,0.024414878,0.117208776
2019/5/1 8:00,0.131722011,0.290834331,0.327955935,0.149133185,0.101302449,0.118723645,0.194397658,0.023291685,0.084672055,0.067395237,0.19109596
2019/5/1 9:00,0.201774172,0.358862502,0.452126333,0.197761135,0.122365335,0.115790066,0.272827781,0.073757002,0.1213228,0.113681777,0.256353367
2019/5/1 10:00,0.271227596,0.425222406,0.506176977,0.201346606,0.146437204,0.121312096,0.300299295,0.143632057,0.163824418,0.109103988,0.293827285
2019/5/1 11:00,0.271826332,0.45135857,0.561688449,0.176584447,0.202604898,0.131320776,0.29170134,0.201861269,0.184578455,0.079348355,0.314107355
2019/5/1 12:00,0.286196006,0.395564348,0.467465029,0.153727069,0.193577947,0.152200952,0.356710266,0.194097374,0.17254553,0.058239658,0.286205599
2019/5/1 13:00,0.250271821,0.330872709,0.284861502,0.116639854,0.123368329,0.144780724,0.296314877,0.147514004,0.14185605,0.059765588,0.210394221
2019/5/1 14:00,0.205965326,0.19036766,0.143891579,0.081345374,0.090269509,0.10043192,0.206770324,0.097048687,0.162058117,0.082908858,0.140336653
2019/5/1 15:00,0.116753601,0.107139734,0.068658926,0.060840961,0.057170689,0.076100476,0.124984902,0.058229212,0.163382843,0.025686487,0.093677288
2019/5/1 16:00,0.07184837,0.050233336,0.011686626,0.02946809,0.038113793,0.058499005,0.056410971,0.01552779,0.142408019,0.022888948,0.052544584
2019/5/1 17:00,0.026943139,0.01557048,0.003652071,0.006498666,0.017050907,0.030716292,0.023696802,0.003881947,0.097698524,0.026703773,0.027229696
2019/5/1 18:00,0.000598736,0,0,0,0.003008984,0.00603972,0.00440383,0,0.02980633,0.007121006,0.00624753
2019/5/1 19:00,0.000598736,0,0,0,0.001002995,0,0,0,0,0,3.75E-05
2019/5/1 20:00,0,0,0,0,0,0,0,0,0,0,0
2019/5/1 21:00,0,0,0,0,0,0,0,0,0,0,0
2019/5/1 22:00,0,0,0,0,0,0,0,0,0,0,0
2019/5/1 23:00,0,0,0,0,0,0,0,0,0,0,0
2019/5/2 0:00,0,0,0,0,0,0,0,0,0,0,0
2019/5/2 1:00,0,0,0,0,0,0,0,0,0,0,0
2019/5/2 2:00,0,0,0,0,0,0,0,0,0,0,0
2019/5/2 3:00,0,0,0,0,0,0,0,0,0,0,0
2019/5/2 4:00,0.001796209,0,0,0,0,0,0,0,0,0,5.63E-05
2019/5/2 5:00,0.030535557,0.050233336,0.013877868,0.010980505,0.015044918,0.026919896,0.004613537,0.01552779,0.002649452,0,0.016275868
2019/5/2 6:00,0.09519909,0.164602222,0.121979156,0.116303716,0.067200635,0.137360496,0.089544552,0.12422232,0.060606203,0.016785229,0.111145217
2019/5/2 7:00,0.29218337,0.362569759,0.287052745,0.321571931,0.233697729,0.284384545,0.261084233,0.275618272,0.191202084,0.12792379,0.279004419
2019/5/2 8:00,0.468810612,0.482870256,0.388580306,0.503422539,0.425269687,0.435032425,0.42842979,0.430896171,0.291439666,0.276447633,0.413893255
2019/5/2 9:00,0.492760069,0.543483912,0.420718526,0.633395863,0.630883569,0.546680969,0.551737042,0.578410175,0.372468725,0.416578862,0.499798675
2019/5/2 10:00,0.4274978,0.584078379,0.439709293,0.690091123,0.760269866,0.645387255,0.640652476,0.671576915,0.477674029,0.542213757,0.560685814
2019/5/2 11:00,0.408338234,0.59964886,0.478421241,0.756534383,0.824461516,0.736155623,0.698950802,0.718160285,0.530331878,0.591552157,0.61060974
2019/5/2 12:00,0.419714226,0.645248124,0.572644661,0.749587533,0.814431571,0.739779456,0.692240204,0.729806127,0.542475197,0.621562112,0.641092732
2019/5/2 13:00,0.359840585,0.712534843,0.617930336,0.691211583,0.780329756,0.686975044,0.667494871,0.687104705,0.514876744,0.519070487,0.631775877
2019/5/2 14:00,0.279609905,0.634497078,0.563879692,0.583423361,0.681033296,0.585852869,0.588016217,0.582292123,0.427665632,0.254575971,0.547580643
2019/5/2 15:00,0.148486631,0.450987844,0.409031901,0.442581578,0.519551175,0.451253388,0.46995162,0.454187856,0.39576182,0.17573626,0.421053135
2019/5/2 16:00,0.092804144,0.267107885,0.21328092,0.273168072,0.324970233,0.310096497,0.3038643,0.275618272,0.317161425,0.130721328,0.265790367
2019/5/2 17:00,0.032930503,0.071735428,0.051128988,0.08616335,0.134401269,0.137533059,0.117225772,0.112576477,0.155103307,0.052135938,0.096050148
2019/5/2 18:00,0.000598736,0.000185363,0,0.000336138,0.019056896,0.017256344,0.008597955,0.007763895,0.027046484,0.007883971,0.008130425
2019/5/2 19:00,0.000598736,0,0,0,0,0,0,0,0,0,1.88E-05
2019/5/2 20:00,0,0,0,0,0,0,0,0,0,0,0
2019/5/2 21:00,0,0,0,0,0,0,0,0,0,0,0
2019/5/2 22:00,0,0,0,0,0,0,0,0,0,0,0
2019/5/2 23:00,0,0,0,0,0,0,0,0,0,0,0
2019/5/3 0:00,0,0,0,0,0,0,0,0,0,0,0
2019/5/3 1:00,0,0,0,0,0,0,0,0,0,0,0
2019/5/3 2:00,0,0,0,0,0,0,0,0,0,0,0
2019/5/3 3:00,0,0,0,0,0,0,0,0,0,0,0
2019/5/3 4:00,0.002394946,0.000741451,0,0,0,0,0,0,0,0,0.000150181
2019/5/3 5:00,0.049096386,0.074886596,0.015338696,0.011204597,0.025074864,0.019327105,0.00440383,0.01552779,0.002539058,0,0.019091762
2019/5/3 6:00,0.177225979,0.225215878,0.132204954,0.122690336,0.135404264,0.11095829,0.080107773,0.100930635,0.062924473,0.006612363,0.120306259
2019/5/3 7:00,0.322120191,0.404832491,0.319921379,0.309022783,0.299895369,0.232097823,0.24242038,0.213507112,0.200695952,0.030264276,0.282338438
2019/5/3 8:00,0.432287691,0.585190556,0.505446563,0.495579321,0.479431393,0.379466999,0.414798886,0.357139169,0.303472592,0.099948408,0.442758047
2019/5/3 9:00,0.5442514,0.706047143,0.639842759,0.618381703,0.621856618,0.522522088,0.548591449,0.493007331,0.389027797,0.179805406,0.565538539
2019/5/3 10:00,0.626278289,0.743305078,0.717997068,0.697934341,0.713129122,0.626577841,0.656380442,0.605583808,0.472375126,0.213630186,0.647843369
2019/5/3 11:00,0.598137678,0.769811967,0.717266654,0.706785973,0.789356707,0.648665961,0.706709932,0.640521335,0.524260218,0.247963608,0.670042
2019/5/3 12:00,0.514913316,0.760173099,0.668328909,0.667569883,0.782335746,0.581711347,0.710484644,0.644403283,0.552741822,0.295013114,0.645609426
2019/5/3 13:00,0.480785341,0.7097544,0.61866075,0.605048233,0.735195002,0.582056474,0.677770475,0.609465755,0.539604958,0.367240462,0.609029084
2019/5/3 14:00,0.4340839,0.597239143,0.519324431,0.528744928,0.627874586,0.534083838,0.600808296,0.520180963,0.479219542,0.359865134,0.529097114
2019/5/3 15:00,0.34726712,0.433563735,0.337451318,0.382300846,0.472410431,0.421054787,0.472258388,0.376548906,0.424684999,0.386060264,0.395779547
2019/5/3 16:00,0.208360272,0.269146876,0.130744125,0.207621181,0.288862429,0.281968656,0.296524583,0.221271007,0.348954843,0.276701955,0.23688803
2019/5/3 17:00,0.071249633,0.079335305,0.01241704,0.077983994,0.12136234,0.127351817,0.118484009,0.085402845,0.165149144,0.14343741,0.086530548
2019/5/3 18:00,0.000598736,0.001482903,0,0.000336138,0.018053902,0.017428907,0.00943678,0.007763895,0.030247905,0.026703773,0.009020247
2019/5/3 19:00,0.000598736,0,0,0,0.001002995,0,0,0,0,0,3.75E-05
2019/5/3 20:00,0.000598736,0,0,0,0,0,0,0,0,0,1.88E-05
2019/5/3 21:00,0,0,0,0,0,0,0,0,0,0,0
2019/5/3 22:00,0,0,0,0,0,0,0,0,0,0,0
2019/5/3 23:00,0,0,0,0,0,0,0,0,0,0,0
2019/5/4 0:00,0,0,0,0,0,0,0,0,0,0,0
2019/5/4 1:00,0,0,0,0,0,0,0,0,0,0,0
2019/5/4 2:00,0,0,0,0,0,0,0,0,0,0,0
2019/5/4 3:00,0,0,0,0,0,0,0,0,0,0,0
2019/5/4 4:00,0.002394946,0.001112177,0,0,0,0,0,0,0,0,0.000187726
2019/5/4 5:00,0.058676169,0.085081554,0.01606911,0.017591217,0.02206588,0.031751672,0.005662068,0.019409737,0.004526146,0,0.023615965
2019/5/4 6:00,0.225723628,0.252834944,0.130013711,0.171542379,0.136407258,0.172045747,0.099191038,0.135868162,0.08136024,0.019582767,0.145538548
2019/5/4 7:00,0.392172351,0.449504941,0.315538895,0.37524195,0.324970233,0.339604845,0.278909261,0.291146061,0.243528751,0.137842334,0.32629079
2019/5/4 8:00,0.552034974,0.637277521,0.498142422,0.545775915,0.528578125,0.497845516,0.451287767,0.450305908,0.340785701,0.290181002,0.487639644
2019/5/4 9:00,0.652622691,0.755353664,0.632538618,0.669138527,0.691063242,0.628993729,0.581934736,0.590056018,0.432191778,0.412509716,0.61017046
2019/5/4 10:00,0.702317814,0.81337224,0.709232099,0.742976821,0.799386653,0.720970041,0.663510453,0.683222758,0.519954859,0.537127324,0.689372175
2019/5/4 11:00,0.714292542,0.837098686,0.712153756,0.761464405,0.843518413,0.765491408,0.703354633,0.714278337,0.565878685,0.608083064,0.715070024
2019/5/4 12:00,0.690941822,0.80947962,0.683667605,0.748467073,0.840509429,0.762730393,0.707339051,0.722042232,0.565878685,0.640381914,0.702655686
2019/5/4 13:00,0.62448208,0.742192901,0.580679216,0.67294809,0.792365691,0.712859559,0.672108407,0.687104705,0.524922581,0.62283372,0.636371416
2019/5/4 14:00,0.504136061,0.620224137,0.423640183,0.54174226,0.690060247,0.618639923,0.589274454,0.590056018,0.435945167,0.558744664,0.518025019
2019/5/4 15:00,0.355050694,0.44876349,0.221315475,0.390368156,0.52958112,0.482314807,0.459046897,0.438660066,0.346415785,0.443028314,0.36573208
2019/5/4 16:00,0.215545109,0.273224859,0.071580583,0.225100352,0.336003173,0.32027774,0.288346041,0.267854377,0.265828302,0.217699332,0.217248107
2019/5/4 17:00,0.072447106,0.082115748,0.008764969,0.076863535,0.144431215,0.146678922,0.113241354,0.120340372,0.124855402,0.036622318,0.081837392
2019/5/4 18:00,0.001197473,0.000926814,0,0.000336138,0.021062885,0.020362486,0.008807661,0.011645842,0.020643643,0.016022264,0.007777499
2019/5/4 19:00,0.000598736,0,0,0,0.001002995,0,0,0,0,0,3.75E-05
2019/5/4 20:00,0.000598736,0,0,0,0,0,0,0,0,0,1.88E-05
2019/5/4 21:00,0,0,0,0,0,0,0,0,0,0,0
2019/5/4 22:00,0,0,0,0,0,0,0,0,0,0,0
2019/5/4 23:00,0,0,0,0,0,0,0,0,0,0,0
2019/5/5 0:00,0,0,0,0,0,0,0,0,0,0,0
2019/5/5 1:00,0,0,0,0,0,0,0,0,0,0,0
2019/5/5 2:00,0,0,0,0,0,0,0,0,0,0,0
2019/5/5 3:00,0,0,0,0,0,0,0,0,0,0,0
2019/5/5 4:00,0.002394946,0.001668266,0,0,0,0,0,0,0,0,0.000244044
2019/5/5 5:00,0.068854688,0.084525465,0.018990767,0.016470757,0.034101815,0.024331445,0.005871774,0.019409737,0.004746934,0,0.023916327
2019/5/5 6:00,0.221532473,0.24801551,0.151926135,0.134567209,0.1654941,0.136842806,0.092480439,0.112576477,0.080035514,0.006612363,0.139022569
2019/5/5 7:00,0.389777406,0.435602727,0.344025045,0.301515703,0.34202114,0.301986015,0.257099815,0.267854377,0.225865741,0.059256944,0.309340985
2019/5/5 8:00,0.549640028,0.615404703,0.514211532,0.479668793,0.524566147,0.486801457,0.428010377,0.419250329,0.337805068,0.236773456,0.472640315
2019/5/5 9:00,0.649030273,0.739041732,0.642764415,0.604151865,0.677021318,0.627440658,0.56180294,0.543472648,0.456478417,0.237282099,0.598495763
2019/5/5 10:00,0.698725395,0.79780176,0.725301209,0.681351538,0.785344729,0.715102884,0.636668058,0.644403283,0.527240851,0.450403642,0.676905273
2019/5/5 11:00,0.711897596,0.824679375,0.752326531,0.722472408,0.826467506,0.756690672,0.671269583,0.71039639,0.589723749,0.569934817,0.71696606
2019/5/5 12:00,0.692738031,0.801323654,0.72895328,0.692332043,0.818443549,0.74150509,0.682174306,0.72592418,0.610919361,0.597655877,0.706676783
2019/5/5 13:00,0.63286439,0.742748989,0.652259799,0.663424183,0.756257887,0.691461693,0.65700956,0.659931073,0.567644986,0.555947126,0.654594005
2019/5/5 14:00,0.528085517,0.624487483,0.518594017,0.569753752,0.633892553,0.597587183,0.581934736,0.520180963,0.499311216,0.421919617,0.550693145
2019/5/5 15:00,0.381993832,0.444314781,0.369589539,0.416698959,0.464386475,0.458328489,0.454852772,0.333847484,0.399735997,0.35147252,0.407763992
2019/5/5 16:00,0.228118574,0.269888328,0.200133466,0.248517959,0.279835478,0.290769392,0.286458685,0.159159847,0.295855419,0.271869843,0.250087064
2019/5/5 17:00,0.079631943,0.078779217,0.048937745,0.071821466,0.124371324,0.123727985,0.103594868,0.050465317,0.125628159,0.147760878,0.085041879
2019/5/5 18:00,0.002394946,0.000741451,0,0.000112046,0.020059891,0.018119161,0.008388248,0.003881947,0.022851519,0.025177843,0.007525946
2019/5/5 19:00,0.000598736,0,0,0,0.001002995,0,0,0,0,0,3.75E-05
2019/5/5 20:00,0.000598736,0,0,0,0,0,0,0,0,0,1.88E-05
2019/5/5 21:00,0,0,0,0,0,0,0,0,0,0,0
2019/5/5 22:00,0,0,0,0,0,0,0,0,0,0,0
2019/5/5 23:00,0,0,0,0,0,0,0,0,0,0,0
2019/5/6 0:00,0,0,0,0,0,0,0,0,0,0,0
2019/5/6 1:00,0,0,0,0,0,0,0,0,0,0,0
2019/5/6 2:00,0,0,0,0,0,0,0,0,0,0,0
2019/5/6 3:00,0,0,0,0,0,0,0,0,0,0,0
2019/5/6 4:00,0.003592418,0.001482903,0,0,0,0,0,0,0,0,0.000262817
2019/5/6 5:00,0.074842052,0.055238133,0.011686626,0.013669608,0.026077858,0.032441926,0.005662068,0.019409737,0.003642996,0,0.019317034
2019/5/6 6:00,0.174232297,0.158299884,0.094953834,0.137256312,0.162485116,0.153236332,0.079268948,0.116458425,0.060716597,0.014242012,0.111764714
2019/5/6 7:00,0.26045034,0.303809731,0.232271686,0.307678231,0.285853445,0.311304441,0.234032132,0.260090482,0.170006472,0.09257308,0.252518119
2019/5/6 8:00,0.348464593,0.414285997,0.345485873,0.449080244,0.414236747,0.448147247,0.374745,0.376548906,0.232268583,0.184383196,0.366038074
2019/5/6 9:00,0.422109172,0.495289568,0.40172776,0.544207272,0.530584115,0.545990715,0.436818038,0.485243436,0.282608161,0.186926412,0.439157457
2019/5/6 10:00,0.525091835,0.55238133,0.503985735,0.628353794,0.491467327,0.633825505,0.416686242,0.582292123,0.317823788,0.240842602,0.506648807
2019/5/6 11:00,0.558022338,0.541630284,0.505446563,0.643143862,0.444326584,0.656086188,0.435979213,0.566764333,0.358338317,0.202948676,0.518571302
2019/5/6 12:00,0.525091835,0.476938645,0.46235213,0.57927766,0.449341556,0.664541797,0.449190705,0.504653173,0.367169822,0.358847848,0.491056263
2019/5/6 13:00,0.456237148,0.393896083,0.407571072,0.545663869,0.436302627,0.604144594,0.297573114,0.423132276,0.363526826,0.387077551,0.436035569
2019/5/6 14:00,0.348464593,0.185548225,0.32722552,0.464430542,0.216646822,0.411218671,0.211174155,0.244562692,0.344980666,0.321716887,0.332191027
2019/5/6 15:00,0.259851604,0.096388688,0.243958312,0.303420484,0.063188656,0.234168584,0.16105437,0.097048687,0.250593955,0.211849934,0.221391226
2019/5/6 16:00,0.124537174,0.039853015,0.113214187,0.123026474,0.020059891,0.089387861,0.118064597,0.03105558,0.202131072,0.120802784,0.115085592
2019/5/6 17:00,0.03173303,0.009824232,0.020451595,0.014790068,0.010029945,0.033994997,0.055991558,0.023291685,0.113153658,0.080874285,0.039587716
2019/5/6 18:00,0.001197473,0,0,0.000112046,0.002005989,0.008800735,0.006710599,0,0.026825697,0.011190153,0.006296339
2019/5/6 19:00,0.000598736,0,0,0,0.001002995,0,0,0,0,0,3.75E-05
2019/5/6 20:00,0.000598736,0,0,0,0,0,0,0,0,0,1.88E-05
2019/5/6 21:00,0,0,0,0,0,0,0,0,0,0,0
2019/5/6 22:00,0,0,0,0,0,0,0,0,0,0,0
2019/5/6 23:00,0,0,0,0,0,0,0,0,0,0,0
2019/5/7 0:00,0,0,0,0,0,0,0,0,0,0,0
2019/5/7 1:00,0,0,0,0,0,0,0,0,0,0,0
2019/5/7 2:00,0,0,0,0,0,0,0,0,0,0,0
2019/5/7 3:00,0,0,0,0,0,0,0,0,0,0,0
2019/5/7 4:00,0.004191155,0.000926814,0,0,0,0,0,0,0,0,0.000225272
2019/5/7 5:00,0.022751984,0.042818821,0.018990767,0.018711677,0.029086842,0.03364987,0.007339717,0.023291685,0.00463654,0,0.019842667
2019/5/7 6:00,0.044905231,0.211869752,0.135857024,0.174791712,0.162485116,0.179638538,0.111353998,0.143632057,0.084451267,0.008901258,0.140991817
2019/5/7 7:00,0.105377609,0.406315394,0.314808481,0.384765858,0.344027129,0.345989692,0.300089588,0.306673851,0.249379624,0.068666845,0.318515168
2019/5/7 8:00,0.19698428,0.585375919,0.470386686,0.549473432,0.492470322,0.500779095,0.478549574,0.493007331,0.406580413,0.187435056,0.479315861
2019/5/7 9:00,0.313139145,0.676203722,0.535393541,0.689867031,0.670000356,0.632444998,0.613390668,0.656049125,0.563008446,0.263477229,0.597149766
2019/5/7 10:00,0.389777406,0.667491667,0.511289876,0.751156176,0.789356707,0.726492071,0.695385797,0.729806127,0.649888377,0.325023068,0.641344285
2019/5/7 11:00,0.39396856,0.640057964,0.460160888,0.786786794,0.789356707,0.771358565,0.73229409,0.749215865,0.671304777,0.334687291,0.644362923
2019/5/7 12:00,0.353853221,0.64302377,0.396614861,0.775470152,0.842515418,0.767044479,0.736278508,0.749215865,0.688636605,0.341808297,0.629059478
2019/5/7 13:00,0.318527772,0.626155749,0.32722552,0.721463995,0.776317778,0.716655955,0.70293522,0.722042232,0.685987154,0.403354136,0.588345404
2019/5/7 14:00,0.293979579,0.554234958,0.257105766,0.627009243,0.657964422,0.623126572,0.627021572,0.636639388,0.635868363,0.300099547,0.513844355
2019/5/7 15:00,0.223927419,0.405573943,0.20086388,0.481013345,0.532590104,0.488872218,0.500149314,0.489125383,0.509246659,0.214647472,0.40007097
2019/5/7 16:00,0.173034824,0.25450321,0.120518328,0.295913404,0.339012156,0.326490023,0.329238752,0.314437746,0.369488092,0.17573626,0.262424434
2019/5/7 17:00,0.072447106,0.080447482,0.033599049,0.100505234,0.146437204,0.154789403,0.137986687,0.151395952,0.182370579,0.124108965,0.107075312
2019/5/7 18:00,0.004191155,0.000741451,0,0.001456598,0.023068875,0.023468627,0.013421198,0.019409737,0.035105233,0.012207439,0.011635274
2019/5/7 19:00,0.000598736,0,0,0,0.001002995,0,0,0,0,0,3.75E-05
2019/5/7 20:00,0.000598736,0,0,0,0,0,0,0,0,0,1.88E-05
2019/5/7 21:00,0,0,0,0,0,0,0,0,0,0,0
2019/5/7 22:00,0,0,0,0,0,0,0,0,0,0,0
2019/5/7 23:00,0,0,0,0,0,0,0,0,0,0,0
2019/5/8 0:00,0,0,0,0,0,0,0,0,0,0,0
2019/5/8 1:00,0,0,0,0,0,0,0,0,0,0,0
2019/5/8 2:00,0,0,0,0,0,0,0,0,0,0,0
2019/5/8 3:00,0,0,0,0,0,0,0,0,0,0,0
2019/5/8 4:00,0.004191155,0.00129754,0,0,0,0,0,0,0,0,0.000262817
2019/5/8 5:00,0.045503967,0.079149942,0.02483408,0.026106711,0.035104809,0.033994997,0.007968836,0.027173632,0.007727567,0,0.027896124
2019/5/8 6:00,0.125135911,0.240971721,0.165073588,0.200002055,0.177530035,0.184470314,0.113031648,0.159159847,0.0981401,0.013224726,0.162255572
2019/5/8 7:00,0.201774172,0.426334583,0.366667882,0.403477534,0.366093009,0.351684285,0.298411939,0.318319694,0.269360904,0.117496602,0.345232371
2019/5/8 8:00,0.294578316,0.60354148,0.549271409,0.576476511,0.555658978,0.505955998,0.467644851,0.477479541,0.417288613,0.264748837,0.511424563
2019/5/8 9:00,0.312540408,0.715315286,0.686589262,0.697262065,0.710120138,0.635551139,0.595775346,0.613347703,0.555722455,0.36698614,0.638162325
2019/5/8 10:00,0.333496183,0.781489828,0.771317298,0.767402842,0.804401626,0.726492071,0.673366645,0.6948686,0.634985212,0.407931926,0.715376018
2019/5/8 11:00,0.331699973,0.818191674,0.79834262,0.790484311,0.848533386,0.768424986,0.70629052,0.72592418,0.652537829,0.242877175,0.741453075
2019/5/8 12:00,0.390974878,0.799470025,0.780082268,0.7741256,0.843518413,0.760314505,0.709645819,0.733688075,0.627257645,0.281788388,0.729669496
2019/5/8 13:00,0.392771088,0.737002741,0.712153756,0.715413512,0.793368686,0.717346209,0.670221051,0.683222758,0.574047828,0.491349427,0.677019786
2019/5/8 14:00,0.358044376,0.619853412,0.590174599,0.615580554,0.691063242,0.617949669,0.573336782,0.559000438,0.493901919,0.484991386,0.57490608
2019/5/8 15:00,0.276017487,0.446724498,0.420718526,0.462189622,0.52958112,0.46540359,0.397602977,0.376548906,0.377326053,0.361136742,0.42063826
2019/5/8 16:00,0.192793125,0.276746753,0.222776303,0.269134418,0.329985205,0.261433607,0.218513872,0.182451532,0.224651409,0.235247526,0.239360385
2019/5/8 17:00,0.076039525,0.08674982,0.057702715,0.077199673,0.136407258,0.105781387,0.061863332,0.050465317,0.106640423,0.081382928,0.079708576
2019/5/8 18:00,0.004191155,0.001853629,0,0.000896368,0.018053902,0.013632512,0.006920305,0.003881947,0.016890253,0.006612363,0.006018504
2019/5/8 19:00,0.000598736,0,0,0,0,0,0,0,0,0,1.88E-05
2019/5/8 20:00,0.000598736,0,0,0,0,0,0,0,0,0,1.88E-05
2019/5/8 21:00,0,0,0,0,0,0,0,0,0,0,0
2019/5/8 22:00,0,0,0,0,0,0,0,0,0,0,0
2019/5/8 23:00,0,0,0,0,0,0,0,0,0,0,0
2019/5/9 0:00,0,0,0,0,0,0,0,0,0,0,0
2019/5/9 1:00,0,0,0,0,0,0,0,0,0,0,0
2019/5/9 2:00,0,0,0,0,0,0,0,0,0,0,0
2019/5/9 3:00,0,0,0,0,0,0,0,0,0,0,0
2019/5/9 4:00,0.005388628,0.001112177,0,0,0,0,0,0,0,0,0.000281589
2019/5/9 5:00,0.067657215,0.055238133,0.010225798,0.014678022,0.030089836,0.024849135,0.004823243,0.007763895,0,0,0.016876592
2019/5/9 6:00,0.179022188,0.164602222,0.088380107,0.129637186,0.129386296,0.090078114,0.044667423,0.023291685,0.009052293,0.014496334,0.085710185
2019/5/9 7:00,0.34068102,0.315672955,0.252723281,0.309470966,0.29788938,0.120449279,0.092480439,0.04658337,0.038417047,0.08011132,0.195789117
2019/5/9 8:00,0.472403031,0.459699899,0.434596394,0.309583012,0.486452355,0.129595141,0.161473783,0.12422232,0.092289228,0.178279476,0.285608629
2019/5/9 9:00,0.593946523,0.529210972,0.580679216,0.295577266,0.579730847,0.1656609,0.232983601,0.232916849,0.146713377,0.14954113,0.358027794
2019/5/9 10:00,0.651425219,0.552752056,0.559497207,0.290647244,0.629880575,0.240380868,0.281006323,0.291146061,0.210631395,0.351726841,0.384487812
2019/5/9 11:00,0.659807528,0.535327946,0.455778404,0.325717632,0.716138106,0.31026906,0.391940909,0.368785011,0.298063295,0.336467542,0.399862594
2019/5/9 12:00,0.635858072,0.513640492,0.357172499,0.402357075,0.745224947,0.345817128,0.552156454,0.395958644,0.366176278,0.340028046,0.416089653
2019/5/9 13:00,0.56939833,0.499738277,0.341833803,0.41277735,0.699087198,0.382918267,0.58780651,0.427014223,0.415411918,0.444808565,0.427413301
2019/5/9 14:00,0.475396713,0.439309984,0.365937468,0.324485126,0.62887758,0.346852509,0.559496172,0.403722539,0.39576182,0.367749105,0.396939695
2019/5/9 15:00,0.356248166,0.336804321,0.243958312,0.209189824,0.469401447,0.322866191,0.464289552,0.310555799,0.344318303,0.11876821,0.302947028
2019/5/9 16:00,0.208360272,0.20593814,0.12270957,0.135127439,0.233697729,0.255739014,0.304703125,0.205743217,0.24463269,0.056459406,0.193005136
2019/5/9 17:00,0.077835734,0.075813411,0.026294908,0.058151858,0.086257531,0.143227653,0.126662552,0.097048687,0.122095557,0.038911212,0.080896883
2019/5/9 18:00,0.002993682,0.002038991,0,0.001568644,0.018053902,0.023468627,0.012792079,0.011645842,0.025832152,0.007121006,0.009607831
2019/5/9 19:00,0.000598736,0,0,0,0.001002995,0,0,0,0,0,3.75E-05
2019/5/9 20:00,0.000598736,0,0,0,0,0,0,0,0,0,1.88E-05
2019/5/9 21:00,0,0,0,0,0,0,0,0,0,0,0
2019/5/9 22:00,0,0,0,0,0,0,0,0,0,0,0
2019/5/9 23:00,0,0,0,0,0,0,0,0,0,0,0
2019/5/10 0:00,0,0,0,0,0,0,0,0,0,0,0
2019/5/10 1:00,0,0,0,0,0,0,0,0,0,0,0
2019/5/10 2:00,0,0,0,0,0,0,0,0,0,0,0
2019/5/10 3:00,0,0,0,0,0,0,0,0,0,0,0
2019/5/10 4:00,0.004789891,0.001668266,0,0,0.001002995,0,0,0,0,0,0.000337907
2019/5/10 5:00,0.065861006,0.077852402,0.024103666,0.023641699,0.034101815,0.040034717,0.008178542,0.023291685,0.006182054,0,0.02800876
2019/5/10 6:00,0.208959009,0.229849949,0.162151932,0.183419251,0.163488111,0.178603158,0.098352213,0.135868162,0.087100718,0.005086433,0.154949266
2019/5/10 7:00,0.284399797,0.413359183,0.357172499,0.371320341,0.346033118,0.337706647,0.248921273,0.267854377,0.239112999,0.026703773,0.324100024
2019/5/10 8:00,0.431090218,0.595014788,0.533202299,0.534683364,0.52958112,0.457120545,0.394876796,0.411486434,0.38593677,0.090538507,0.481585472
2019/5/10 9:00,0.531079199,0.724768792,0.661755182,0.633507909,0.680030302,0.532530767,0.52804024,0.539590701,0.527351245,0.142420124,0.601024436
2019/5/10 10:00,0.51251837,0.785011722,0.739179078,0.684937009,0.778323767,0.601728706,0.60500242,0.66381302,0.59149005,0.179805406,0.668506399
2019/5/10 11:00,0.502938588,0.80039684,0.761821915,0.705553467,0.820449538,0.659710021,0.644427187,0.706514443,0.601867068,0.078076746,0.692741861
2019/5/10 12:00,0.446657365,0.783528819,0.735527007,0.653452091,0.806407615,0.67023639,0.63540982,0.6948686,0.607497153,0.087232326,0.674318405
2019/5/10 13:00,0.401752134,0.733666209,0.65079897,0.569753752,0.749236926,0.630029109,0.586338567,0.613347703,0.557709543,0.156407815,0.610326273
2019/5/10 14:00,0.356248166,0.619297323,0.51567236,0.469696702,0.642919504,0.503885237,0.510844331,0.520180963,0.477894816,0.101220017,0.504867284
2019/5/10 15:00,0.243685721,0.443202604,0.340372974,0.336922229,0.490464333,0.396378215,0.426332728,0.430896171,0.366617853,0.131484293,0.371072892
2019/5/10 16:00,0.146690421,0.26358599,0.166534417,0.198433411,0.314940287,0.299397564,0.28729751,0.275618272,0.245295052,0.085197753,0.227195722
2019/5/10 17:00,0.052090068,0.090827803,0.029946978,0.083922431,0.134401269,0.146333795,0.110515173,0.120340372,0.116796654,0.024160557,0.08677647
2019/5/10 18:00,0.002993682,0.001482903,0,0.001344552,0.024071869,0.021915557,0.010275604,0.01552779,0.026384121,0.005086433,0.009498949
2019/5/10 19:00,0.000598736,0,0,0,0.001002995,0,0,0,0,0,3.75E-05
2019/5/10 20:00,0.000598736,0,0,0,0,0,0,0,0,0,1.88E-05
2019/5/10 21:00,0,0,0,0,0,0,0,0,0,0,0
2019/5/10 22:00,0,0,0,0,0,0,0,0,0,0,0
2019/5/10 23:00,0,0,0,0,0,0,0,0,0,0,0
2019/5/11 0:00,0,0,0,0,0,0,0,0,0,0,0
2019/5/11 1:00,0,0,0,0,0,0,0,0,0,0,0
2019/5/11 2:00,0,0,0,0,0,0,0,0,0,0,0
2019/5/11 3:00,0,0,0,0,0,0,0,0,0,0,0
2019/5/11 4:00,0.005987364,0.002038991,0,0,0.001002995,0,0,0,0,0,0.000412998
2019/5/11 5:00,0.058077432,0.090271714,0.020451595,0.020168274,0.03309882,0.041070098,0.008597955,0.027173632,0.004746934,0,0.02757699
2019/5/11 6:00,0.156270204,0.239118092,0.138778681,0.162578701,0.133398275,0.187231329,0.110305467,0.147514004,0.068112983,0.019074124,0.143619985
2019/5/11 7:00,0.279609905,0.402608137,0.300200198,0.356866411,0.29788938,0.35496299,0.286878097,0.302791904,0.195176261,0.106815093,0.304980103
2019/5/11 8:00,0.467613139,0.57573705,0.466004201,0.522806491,0.428278671,0.509234703,0.451497473,0.458069803,0.301927079,0.139368264,0.458686621
2019/5/11 9:00,0.565207175,0.687881582,0.600400397,0.652555724,0.578727853,0.638657281,0.576272669,0.58617407,0.428548782,0.124108965,0.585063948
2019/5/11 10:00,0.596341468,0.746826972,0.685858848,0.719447167,0.704102171,0.729253086,0.655122204,0.675458863,0.535630781,0.07705946,0.666621628
2019/5/11 11:00,0.602328833,0.758690196,0.71653624,0.73883112,0.79437168,0.774464706,0.691191673,0.71039639,0.609484241,0.170395505,0.703917206
2019/5/11 12:00,0.580774322,0.733480846,0.696815059,0.729867442,0.771302806,0.770668311,0.689933435,0.71039639,0.611912905,0.382754083,0.695141003
2019/5/11 13:00,0.547843819,0.672125739,0.652259799,0.678438342,0.727171046,0.720452351,0.662042509,0.675458863,0.577359642,0.402845493,0.651624176
2019/5/11 14:00,0.467014403,0.548859435,0.541967268,0.574235591,0.633892553,0.626577841,0.586338567,0.58617407,0.529338333,0.483974099,0.560180831
2019/5/11 15:00,0.334094919,0.383515762,0.388580306,0.432273348,0.498488289,0.492841177,0.467644851,0.446423961,0.446984549,0.389875089,0.426895177
2019/5/11 16:00,0.211353954,0.229293861,0.203055122,0.263195981,0.320958255,0.330804109,0.3038643,0.283382166,0.32135639,0.293487184,0.265846684
2019/5/11 17:00,0.079631943,0.088418085,0.050398573,0.085379028,0.138413247,0.160311433,0.125823727,0.131986215,0.149473223,0.130721328,0.102768871
2019/5/11 18:00,0.005388628,0.001853629,0,0.001792736,0.025074864,0.026747333,0.01216296,0.019409737,0.030579086,0.012970404,0.011359317
2019/5/11 19:00,0.000598736,0,0,0,0.001002995,0,0,0,0,0,3.75E-05
2019/5/11 20:00,0.000598736,0,0,0,0,0,0,0,0,0,1.88E-05
2019/5/11 21:00,0,0,0,0,0,0,0,0,0,0,0
2019/5/11 22:00,0,0,0,0,0,0,0,0,0,0,0
2019/5/11 23:00,0,0,0,0,0,0,0,0,0,0,0
2019/5/12 0:00,0,0,0,0,0,0,0,0,0,0,0
2019/5/12 1:00,0,0,0,0,0,0,0,0,0,0,0
2019/5/12 2:00,0,0,0,0,0,0,0,0,0,0,0
2019/5/12 3:00,0,0,0,0,0,0,0,0,0,0,0
2019/5/12 4:00,0.005987364,0.002409717,0,0,0.001002995,0,0,0,0,0,0.000450543
2019/5/12 5:00,0.060472378,0.09064244,0.01606911,0.022633286,0.029086842,0.040897535,0.008807661,0.027173632,0.006292447,0,0.027163992
2019/5/12 6:00,0.172436087,0.245976518,0.105179632,0.175351942,0.135404264,0.170147549,0.100029863,0.120340372,0.081691422,0.012207439,0.136529564
2019/5/12 7:00,0.324515136,0.428188212,0.238845413,0.359443469,0.302904353,0.29318528,0.248921273,0.256208534,0.19948162,0.077568103,0.281880385
2019/5/12 8:00,0.480186604,0.614107163,0.388580306,0.491881804,0.488458344,0.377223674,0.397602977,0.423132276,0.274218231,0.195319027,0.413838815
2019/5/12 9:00,0.575385694,0.729032138,0.52443733,0.558661202,0.643922498,0.505093181,0.517764636,0.562882386,0.412100104,0.297810652,0.533106948
2019/5/12 10:00,0.638253017,0.789275068,0.6471469,0.608857796,0.745224947,0.646940326,0.619681855,0.656049125,0.503947756,0.305694623,0.627760412
2019/5/12 11:00,0.642444172,0.8185624,0.731144522,0.656701424,0.788353713,0.720279787,0.660574566,0.6948686,0.554287335,0.393435592,0.683993817
2019/5/12 12:00,0.621488398,0.799840751,0.739179078,0.665328964,0.776317778,0.735292806,0.661832803,0.687104705,0.566099473,0.448114747,0.688508634
2019/5/12 13:00,0.545448873,0.743861167,0.670520151,0.623984001,0.72817404,0.690944003,0.629118634,0.63275744,0.515539107,0.494655609,0.636345134
2019/5/12 14:00,0.470008085,0.628565466,0.548540995,0.517764423,0.623862607,0.587060814,0.558237935,0.516299016,0.456478417,0.503302545,0.537946531
2019/5/12 15:00,0.332897446,0.456734093,0.382736993,0.370199882,0.473413425,0.472133564,0.429688027,0.388194749,0.348182086,0.461593794,0.39716309
2019/5/12 16:00,0.207162799,0.279527196,0.191368496,0.224203984,0.292874407,0.303884213,0.282474267,0.225152954,0.239996149,0.32375146,0.239469266
2019/5/12 17:00,0.075440788,0.104359292,0.042364018,0.072493742,0.122365335,0.149267373,0.112612235,0.09316674,0.103880578,0.160731283,0.087934741
2019/5/12 18:00,0.005388628,0.001853629,0,0.001904781,0.02206588,0.026057079,0.010904723,0.011645842,0.021637187,0.023906235,0.009318732
2019/5/12 19:00,0.000598736,0,0,0,0.001002995,0,0,0,0,0,3.75E-05
2019/5/12 20:00,0.000598736,0,0,0,0,0,0,0,0,0,1.88E-05
2019/5/12 21:00,0,0,0,0,0,0,0,0,0,0,0
2019/5/12 22:00,0,0,0,0,0,0,0,0,0,0,0
2019/5/12 23:00,0,0,0,0,0,0,0,0,0,0,0
2019/5/13 0:00,0,0,0,0,0,0,0,0,0,0,0
2019/5/13 1:00,0,0,0,0,0,0,0,0,0,0,0
2019/5/13 2:00,0,0,0,0,0,0,0,0,0,0,0
2019/5/13 3:00,0,0,0,0,0,0,0,0,0,0,0
2019/5/13 4:00,0.006586101,0.002780443,0,0,0.001002995,0,0,0,0,0,0.000506861
2019/5/13 5:00,0.080829416,0.096017963,0.015338696,0.015462344,0.034101815,0.045556747,0.00943678,0.027173632,0.005630084,0,0.027501899
2019/5/13 6:00,0.238297093,0.256171476,0.102257975,0.127732405,0.156467149,0.190682598,0.104014281,0.135868162,0.073963855,0.020600054,0.133381394
2019/5/13 7:00,0.408338234,0.44616841,0.252723281,0.315857587,0.329985205,0.355998371,0.265907476,0.275618272,0.203897373,0.14496334,0.293641436
2019/5/13 8:00,0.565805911,0.627082563,0.419257698,0.44807183,0.502500267,0.510787774,0.424445372,0.423132276,0.337694674,0.286111856,0.447041961
2019/5/13 9:00,0.661603738,0.74664161,0.555114722,0.566056235,0.657964422,0.638829845,0.544816737,0.551236543,0.449965182,0.418104792,0.570714152
2019/5/13 10:00,0.71129886,0.799655388,0.660294354,0.654348459,0.753248904,0.726664634,0.635619527,0.636639388,0.587295085,0.510423551,0.667098452
2019/5/13 11:00,0.723273588,0.826718366,0.693162989,0.660174849,0.782335746,0.76307552,0.675044294,0.690986653,0.659382245,0.599181807,0.70321511
2019/5/13 12:00,0.707706441,0.808367443,0.676363464,0.676421515,0.747230936,0.750133262,0.683642249,0.706514443,0.642602385,0.636058446,0.696147216
2019/5/13 13:00,0.649030273,0.749792778,0.620121578,0.604936187,0.736197996,0.697156287,0.650298961,0.656049125,0.56223569,0.5920608,0.636557265
2019/5/13 14:00,0.549041292,0.628194741,0.508368219,0.500397298,0.641916509,0.610011751,0.569142658,0.551236543,0.455595266,0.516781592,0.532601964
2019/5/13 15:00,0.401752134,0.444500144,0.346216287,0.352944802,0.429281665,0.468509732,0.435769507,0.384312801,0.343435152,0.447351782,0.38402976
2019/5/13 16:00,0.244284457,0.279341834,0.173838558,0.154287299,0.283847456,0.302503706,0.256470696,0.217389059,0.196832169,0.287892107,0.213767662
2019/5/13 17:00,0.089810462,0.099354494,0.036520705,0.046162939,0.114341378,0.128387197,0.09520662,0.081520897,0.08279536,0.099439765,0.073384077
2019/5/13 18:00,0.005987364,0.00129754,0,0.000672276,0.019056896,0.020535049,0.009227073,0.011645842,0.013799227,0.016276586,0.006878291
2019/5/13 19:00,0.000598736,0,0,0,0.001002995,0,0,0,0,0,3.75E-05
2019/5/13 20:00,0.000598736,0,0,0,0,0,0,0,0,0,1.88E-05
2019/5/13 21:00,0,0,0,0,0,0,0,0,0,0,0
2019/5/13 22:00,0,0,0,0,0,0,0,0,0,0,0
2019/5/13 23:00,0,0,0,0,0,0,0,0,0,0,0
2019/5/14 0:00,0,0,0,0,0,0,0,0,0,0,0
2019/5/14 1:00,0,0,0,0,0,0,0,0,0,0,0
2019/5/14 2:00,0,0,0,0,0,0,0,0,0,0,0
2019/5/14 3:00,0,0,0,0,0,0,0,0,0,0,0
2019/5/14 4:00,0.006586101,0.002038991,0,0,0,0,0,0,0,0,0.000412998
2019/5/14 5:00,0.085020571,0.057462487,0.006573727,0.003473425,0.016047913,0.022778374,0.006291186,0.01552779,0.001876695,0,0.015168283
2019/5/14 6:00,0.243685721,0.150143919,0.037981534,0.034958342,0.068203629,0.081795069,0.064379807,0.034937527,0.032345387,0.009409901,0.061662449
2019/5/14 7:00,0.405943289,0.250239864,0.085458451,0.075406937,0.131392285,0.124935929,0.151617591,0.069875055,0.081581028,0.09562494,0.120249942
2019/5/14 8:00,0.562213493,0.377584151,0.127822469,0.094342706,0.206616876,0.168767042,0.2396942,0.104812582,0.168019383,0.145217662,0.182922358
2019/5/14 9:00,0.659807528,0.483611708,0.149734892,0.146332036,0.324970233,0.234341148,0.39907092,0.194097374,0.270244054,0.262968586,0.257248821
2019/5/14 10:00,0.708305178,0.577219953,0.162882346,0.177592861,0.482440376,0.34788789,0.459676015,0.322201641,0.324668204,0.425734442,0.314242518
2019/5/14 11:00,0.713693806,0.640243327,0.206707193,0.140953829,0.43028466,0.404833824,0.464708964,0.399840591,0.350721144,0.533058178,0.340565496
2019/5/14 12:00,0.686750667,0.60483902,0.263679493,0.125155347,0.296886385,0.319587486,0.467854558,0.392076696,0.3729103,0.472275303,0.339591196
2019/5/14 13:00,0.606519987,0.52327936,0.243958312,0.090533143,0.138413247,0.256084141,0.445835405,0.291146061,0.381521018,0.318156384,0.30154659
2019/5/14 14:00,0.521499417,0.392783905,0.205246364,0.082577879,0.075224591,0.265402567,0.408717406,0.197979322,0.365624309,0.239570994,0.263102126
2019/5/14 15:00,0.373012786,0.210572212,0.09422342,0.04336179,0.06619764,0.218120185,0.341611418,0.166923742,0.308550707,0.253558685,0.182464306
2019/5/14 16:00,0.22871731,0.089900988,0.029946978,0.020728504,0.047140744,0.141502019,0.242630087,0.112576477,0.234586853,0.286366177,0.112891072
2019/5/14 17:00,0.090409199,0.029287332,0.005843313,0.002465011,0.030089836,0.062813091,0.119322834,0.054347265,0.130595881,0.159968318,0.051810574
2019/5/14 18:00,0.006586101,0,0,0,0.012035935,0.013977638,0.01384061,0.007763895,0.031020661,0.023651913,0.009016493
2019/5/14 19:00,0.000598736,0,0,0,0.001002995,0,0,0,0,0,3.75E-05
2019/5/14 20:00,0.000598736,0,0,0,0,0,0,0,0,0,1.88E-05
2019/5/14 21:00,0,0,0,0,0,0,0,0,0,0,0
2019/5/14 22:00,0,0,0,0,0,0,0,0,0,0,0
2019/5/14 23:00,0,0,0,0,0,0,0,0,0,0,0
2019/5/15 0:00,0,0,0,0,0,0,0,0,0,0,0
2019/5/15 1:00,0,0,0,0,0,0,0,0,0,0,0
2019/5/15 2:00,0,0,0,0,0,0,0,0,0,0,0
2019/5/15 3:00,0,0,0,0,0,0,0,0,0,0,0
2019/5/15 4:00,0.007184837,0,0,0,0.001002995,0,0,0,0,0,0.000244044
2019/5/15 5:00,0.052688804,0.017238746,0.01606911,0.007282988,0.035104809,0.04469393,0.010275604,0.023291685,0.007506779,0,0.017589952
2019/5/15 6:00,0.111364973,0.06154047,0.105910046,0.092998154,0.15446116,0.173771381,0.103804575,0.10869453,0.079152364,0.005340755,0.102369014
2019/5/15 7:00,0.216143845,0.149402467,0.265140321,0.250198649,0.340015151,0.312857512,0.268214244,0.229034902,0.216151086,0.074516243,0.244763147
2019/5/15 8:00,0.284399797,0.258951919,0.423640183,0.429472199,0.522560158,0.454532094,0.442060694,0.399840591,0.375670146,0.217953654,0.399607286
2019/5/15 9:00,0.332897446,0.364238025,0.503985735,0.533226767,0.665988378,0.599140254,0.570191189,0.555118491,0.54920922,0.354778701,0.517739675
2019/5/15 10:00,0.350859539,0.452841473,0.560227621,0.59955798,0.764281844,0.671444334,0.647572781,0.644403283,0.667661781,0.473801233,0.594816328
2019/5/15 11:00,0.3239164,0.425222406,0.578487974,0.645945011,0.799386653,0.684214029,0.679448125,0.683222758,0.722858687,0.528480388,0.620206307
2019/5/15 12:00,0.342477229,0.417622529,0.538315198,0.627681518,0.798383658,0.666612558,0.679028712,0.6948686,0.681461008,0.596129947,0.598685367
2019/5/15 13:00,0.339483547,0.425037043,0.467465029,0.603479589,0.713129122,0.65315261,0.650089255,0.66381302,0.620523623,0.608337386,0.55965332
2019/5/15 14:00,0.30056568,0.421885875,0.376163266,0.518548745,0.609820684,0.576016754,0.571449426,0.574528228,0.564995535,0.52873471,0.48870593
2019/5/15 15:00,0.223328682,0.313077875,0.269522806,0.393953627,0.465389469,0.452633896,0.451916885,0.423132276,0.50173988,0.433109769,0.381371556
2019/5/15 16:00,0.152079049,0.180358065,0.149004478,0.233951983,0.292874407,0.286455306,0.28561986,0.252326587,0.344980666,0.285348891,0.235712863
2019/5/15 17:00,0.043109022,0.073032968,0.03725112,0.074062386,0.13239528,0.124245675,0.113870473,0.116458425,0.165369932,0.138096656,0.091691144
2019/5/15 18:00,0.002993682,0.001853629,0,0.000784322,0.02206588,0.021742993,0.012582373,0.01552779,0.036429958,0.012207439,0.011353685
2019/5/15 19:00,0.000598736,0,0,0,0.001002995,0,0,0,0.000110394,0,5.63E-05
2019/5/15 20:00,0.000598736,0,0,0,0,0,0,0,0,0,1.88E-05
2019/5/15 21:00,0,0,0,0,0,0,0,0,0,0,0
2019/5/15 22:00,0,0,0,0,0,0,0,0,0,0,0
2019/5/15 23:00,0,0,0,0,0,0,0,0,0,0,0
2019/5/16 0:00,0,0,0,0,0,0,0,0,0,0,0
2019/5/16 1:00,0,0,0,0,0,0,0,0,0,0,0
2019/5/16 2:00,0,0,0,0,0,0,0,0,0,0,0
2019/5/16 3:00,0,0,0,0,0,0,0,0,0,0,0
2019/5/16 4:00,0.005388628,0.001668266,0,0,0.001002995,0,0,0,0,0,0.00035668
2019/5/16 5:00,0.058077432,0.04986261,0.026294908,0.02252124,0.038113793,0.049870833,0.011114429,0.03105558,0.009935443,0,0.027727171
2019/5/16 6:00,0.16525125,0.130680818,0.154847791,0.171654425,0.17652704,0.197930263,0.109466642,0.151395952,0.088094263,0.008901258,0.143976665
2019/5/16 7:00,0.287992215,0.239303455,0.333799247,0.34162816,0.336003173,0.35996733,0.267794832,0.291146061,0.20323501,0.035350709,0.294615736
2019/5/16 8:00,0.440071264,0.368316007,0.473308342,0.488072241,0.519551175,0.510097521,0.41123388,0.427014223,0.342993577,0.102237303,0.436279613
2019/5/16 9:00,0.585564213,0.547005807,0.53685437,0.61513237,0.666991373,0.622608882,0.532234364,0.520180963,0.465861891,0.097913835,0.547757106
2019/5/16 10:00,0.650826482,0.680281705,0.602591639,0.669026481,0.75023992,0.696120906,0.616536261,0.621111598,0.57239192,0.099439765,0.629335435
2019/5/16 11:00,0.690343085,0.740153909,0.654451041,0.647513655,0.797380664,0.690426312,0.634990408,0.6948686,0.607607547,0.150049773,0.658205859
2019/5/16 12:00,0.671782257,0.728661412,0.650068556,0.660062803,0.789356707,0.61501609,0.625134216,0.706514443,0.617101415,0.105034841,0.650045398
2019/5/16 13:00,0.606519987,0.666008764,0.611356609,0.590930441,0.73920698,0.530114879,0.577111494,0.652167178,0.602308644,0.055950763,0.600142123
2019/5/16 14:00,0.517906998,0.545522904,0.51567236,0.512498262,0.630883569,0.463332829,0.511054037,0.57064628,0.532870935,0.050610008,0.5164331
2019/5/16 15:00,0.359241848,0.372208628,0.379815336,0.370760111,0.476422409,0.33736152,0.38523031,0.434778118,0.454601722,0.059256944,0.387566523
2019/5/16 16:00,0.208360272,0.227440232,0.205246364,0.217033042,0.30892232,0.265747693,0.260664821,0.244562692,0.328200806,0.057985336,0.244772533
2019/5/16 17:00,0.073644579,0.084710828,0.056241886,0.063193927,0.134401269,0.142364836,0.118274303,0.100930635,0.162168511,0.03077292,0.097206541
2019/5/16 18:00,0.004191155,0.00259508,0.000730414,0.002801149,0.029086842,0.027782713,0.012582373,0.01552779,0.035988383,0.006866685,0.012665892
2019/5/16 19:00,0.000598736,0,0,0,0.001002995,0,0,0,0.000110394,0,5.63E-05
2019/5/16 20:00,0.000598736,0,0,0,0,0,0,0,0,0,1.88E-05
2019/5/16 21:00,0,0,0,0,0,0,0,0,0,0,0
2019/5/16 22:00,0,0,0,0,0,0,0,0,0,0,0
2019/5/16 23:00,0,0,0,0,0,0,0,0,0,0,0
2019/5/17 0:00,0,0,0,0,0,0,0,0,0,0,0
2019/5/17 1:00,0,0,0,0,0,0,0,0,0,0,0
2019/5/17 2:00,0,0,0,0,0,0,0,0,0,0,0
2019/5/17 3:00,0,0,0,0,0,0,0,0,0,0,0
2019/5/17 4:00,0.005987364,0.001482903,0,0,0.001002995,0,0,0,0,0,0.00035668
2019/5/17 5:00,0.049695122,0.060428293,0.027755736,0.018599631,0.038113793,0.051251341,0.011533842,0.03105558,0.007727567,0,0.028065078
2019/5/17 6:00,0.114957392,0.161821779,0.160691104,0.154287299,0.159476133,0.200173587,0.113031648,0.147514004,0.086769537,0.012716082,0.144004824
2019/5/17 7:00,0.186207025,0.327536178,0.345485873,0.347902734,0.320958255,0.36048502,0.288136334,0.287264114,0.238450636,0.078839711,0.312132474
2019/5/17 8:00,0.286794742,0.499552914,0.491568695,0.502862309,0.459371502,0.505610871,0.451287767,0.427014223,0.361429344,0.125380573,0.45721297
2019/5/17 9:00,0.387981196,0.599092771,0.596748326,0.626112875,0.651946455,0.611909949,0.576062963,0.582292123,0.494453888,0.2220228,0.575330341
2019/5/17 10:00,0.426899063,0.681023156,0.671250565,0.681351538,0.760269866,0.656086188,0.654702792,0.656049125,0.577359642,0.340791011,0.645665744
2019/5/17 11:00,0.4340839,0.737002741,0.707771271,0.713620777,0.778323767,0.628648602,0.689723729,0.683222758,0.607386759,0.337230507,0.673235224
2019/5/17 12:00,0.401752134,0.744046529,0.698275887,0.696925927,0.767290827,0.645214692,0.689514023,0.671576915,0.621517167,0.486008672,0.672212116
2019/5/17 13:00,0.37061784,0.671013562,0.638381931,0.627457427,0.7171411,0.62554246,0.657219266,0.621111598,0.578573974,0.387331872,0.620365874
2019/5/17 14:00,0.314935354,0.572029793,0.53685437,0.519669204,0.612829667,0.540813812,0.579627968,0.543472648,0.515870288,0.199896817,0.530525711
2019/5/17 15:00,0.208959009,0.405759306,0.39296279,0.395410225,0.468398453,0.433651918,0.433253033,0.415368381,0.398632059,0.20193139,0.398982157
2019/5/17 16:00,0.12693212,0.262473813,0.216202576,0.233167662,0.290868418,0.298879873,0.246824211,0.260090482,0.262074912,0.120548462,0.243281986
2019/5/17 17:00,0.055682487,0.109178726,0.059893957,0.076415351,0.115344373,0.139776384,0.078639829,0.097048687,0.126400916,0.052644581,0.091980242
2019/5/17 18:00,0.004789891,0.002038991,0.000730414,0.001904781,0.019056896,0.024331445,0.010485311,0.007763895,0.02373467,0.008646936,0.009281187
2019/5/17 19:00,0.000598736,0,0,0,0.001002995,0,0,0,0,0,3.75E-05
2019/5/17 20:00,0.000598736,0,0,0,0,0,0,0,0,0,1.88E-05
2019/5/17 21:00,0,0,0,0,0,0,0,0,0,0,0
2019/5/17 22:00,0,0,0,0,0,0,0,0,0,0,0
2019/5/17 23:00,0,0,0,0,0,0,0,0,0,0,0
2019/5/18 0:00,0,0,0,0,0,0,0,0,0,0,0
2019/5/18 1:00,0,0,0,0,0,0,0,0,0,0,0
2019/5/18 2:00,0,0,0,0,0,0,0,0,0,0,0
2019/5/18 3:00,0,0,0,0,0,0,0,0,0,0,0
2019/5/18 4:00,0.007184837,0.004077983,0,0,0.001002995,0,0,0,0,0,0.000657042
2019/5/18 5:00,0.064064796,0.094905786,0.026294908,0.016582803,0.043128765,0.032959617,0.006920305,0.01552779,0.000331181,0,0.026976265
2019/5/18 6:00,0.135913166,0.243381438,0.153386963,0.128180589,0.167500089,0.109405219,0.067944812,0.069875055,0.008169142,0.005595076,0.115737002
2019/5/18 7:00,0.243086984,0.421515149,0.32722552,0.261963476,0.331991195,0.214841479,0.175104686,0.13975011,0.026825697,0.043997645,0.235207879
2019/5/18 8:00,0.362235531,0.55757149,0.449935091,0.360339836,0.432290649,0.273167921,0.238645669,0.166923742,0.052547455,0.084689109,0.320642106
2019/5/18 9:00,0.493957542,0.669345296,0.554384308,0.496251597,0.592769776,0.253840816,0.2396942,0.229034902,0.10365979,0.188706664,0.399166129
2019/5/18 10:00,0.564608438,0.721988349,0.610626194,0.522806491,0.659970411,0.254358507,0.258148346,0.256208534,0.140752112,0.268817984,0.436795861
2019/5/18 11:00,0.626877026,0.75183177,0.625234477,0.549473432,0.619850629,0.240898558,0.264439533,0.310555799,0.111276963,0.30213412,0.446202824
2019/5/18 12:00,0.641246699,0.722173712,0.59382667,0.499052746,0.593772771,0.240898558,0.234241838,0.302791904,0.107854755,0.495672895,0.424409681
2019/5/18 13:00,0.601730096,0.653033364,0.538315198,0.406166638,0.557664967,0.22692092,0.208028562,0.225152954,0.114588778,0.552895266,0.379608806
2019/5/18 14:00,0.501142379,0.537181575,0.457969646,0.31216007,0.437305622,0.178258031,0.166506732,0.143632057,0.096925768,0.435907307,0.309248999
2019/5/18 15:00,0.357445639,0.354043067,0.308234754,0.17456762,0.216646822,0.116652884,0.117435478,0.073757002,0.100679157,0.379956545,0.206281138
2019/5/18 16:00,0.223328682,0.16126569,0.130013711,0.077647857,0.127380307,0.074374841,0.054523615,0.03105558,0.094055529,0.244148784,0.104413353
2019/5/18 17:00,0.081428152,0.074330508,0.017529939,0.020168274,0.053158711,0.042105479,0.020760915,0.003881947,0.05762557,0.110629918,0.036203012
2019/5/18 18:00,0.006586101,0.002038991,0,0.000112046,0.010029945,0.01052637,0.006291186,0,0.026604909,0.015513621,0.006966522
2019/5/18 19:00,0.000598736,0,0,0,0.001002995,0,0.000209706,0,0.000331181,0,0.000112636
2019/5/18 20:00,0.000598736,0,0,0,0,0,0,0,0,0,1.88E-05
2019/5/18 21:00,0,0,0,0,0,0,0,0,0,0,0
2019/5/18 22:00,0,0,0,0,0,0,0,0,0,0,0
2019/5/18 23:00,0,0,0,0,0,0,0,0,0,0,0
2019/5/19 0:00,0,0,0,0,0,0,0,0,0,0,0
2019/5/19 1:00,0,0,0,0,0,0,0,0,0,0,0
2019/5/19 2:00,0,0,0,0,0,0,0,0,0,0,0
2019/5/19 3:00,0,0,0,0,0,0,0,0,0,0,0
2019/5/19 4:00,0.006586101,0.001482903,0,0,0.001002995,0,0,0,0,0,0.000375453
2019/5/19 5:00,0.07184837,0.04337491,0.018990767,0.01501416,0.03309882,0.048317762,0.010275604,0.023291685,0.00463654,0,0.022752424
2019/5/19 6:00,0.15866515,0.141061138,0.12270957,0.117648267,0.150449182,0.172563437,0.100239569,0.097048687,0.042060043,0.0246692,0.113099448
2019/5/19 7:00,0.281406115,0.289722154,0.287783159,0.298938645,0.324970233,0.322003374,0.266536595,0.213507112,0.082464178,0.142928767,0.252589455
2019/5/19 8:00,0.41073318,0.432266195,0.44263095,0.437427463,0.511527218,0.45332415,0.417315361,0.345493326,0.137329903,0.287129142,0.382133724
2019/5/19 9:00,0.525690572,0.600204948,0.547080167,0.458492105,0.665988378,0.545300462,0.502456082,0.430896171,0.191422872,0.430312231,0.468024126
2019/5/19 10:00,0.655017637,0.683432873,0.583600872,0.516643963,0.763278849,0.56376475,0.542929381,0.481361488,0.241652057,0.534075464,0.518837874
2019/5/19 11:00,0.681960776,0.694925371,0.59382667,0.534459272,0.809416598,0.559623227,0.512731687,0.372666959,0.26549712,0.532295213,0.522954711
2019/5/19 12:00,0.687349403,0.697891177,0.596017912,0.598885704,0.803398631,0.513031099,0.410185349,0.260090482,0.281283435,0.474309877,0.517232814
2019/5/19 13:00,0.629870708,0.679169528,0.537584784,0.501629803,0.747230936,0.436240369,0.373277056,0.190215427,0.251035531,0.524411242,0.461359843
2019/5/19 14:00,0.517906998,0.579073582,0.448474262,0.517204193,0.633892553,0.350994031,0.324415509,0.174687637,0.218138174,0.52720878,0.405325428
2019/5/19 15:00,0.373611522,0.420773698,0.33599049,0.418827832,0.473413425,0.285765052,0.221869172,0.128104267,0.159629454,0.414798611,0.307065742
2019/5/19 16:00,0.233507201,0.261546999,0.193559739,0.250310695,0.277829489,0.202416912,0.11953254,0.04658337,0.108406724,0.270343914,0.186098686
2019/5/19 17:00,0.091007935,0.105286106,0.0569723,0.082801971,0.139416242,0.106989331,0.036698587,0.007763895,0.051333123,0.124617608,0.069590129
2019/5/19 18:00,0.007184837,0.002780443,0.000730414,0.003473425,0.024071869,0.02208812,0.006710599,0,0.011922532,0.009918544,0.006831359
2019/5/19 19:00,0.000598736,0,0,0,0.001002995,0,0,0,0,0,3.75E-05
2019/5/19 20:00,0.000598736,0,0,0,0,0,0,0,0,0,1.88E-05
2019/5/19 21:00,0,0,0,0,0,0,0,0,0,0,0
2019/5/19 22:00,0,0,0,0,0,0,0,0,0,0,0
2019/5/19 23:00,0,0,0,0,0,0,0,0,0,0,0
2019/5/20 0:00,0,0,0,0,0,0,0,0,0,0,0
2019/5/20 1:00,0,0,0,0,0,0,0,0,0,0,0
2019/5/20 2:00,0,0,0,0,0,0,0,0,0,0,0
2019/5/20 3:00,0,0,0,0,0,0,0,0,0,0,0
2019/5/20 4:00,0.00838231,0.002224354,0,0,0.001002995,0,0,0,0,0,0.000506861
2019/5/20 5:00,0.07184837,0.071920791,0.017529939,0.011540735,0.046137749,0.043313423,0.006920305,0.01552779,0.004084571,0,0.023615965
2019/5/20 6:00,0.180818397,0.194445643,0.115405429,0.075967167,0.184550996,0.124418238,0.062282745,0.038819475,0.057404783,0.00457779,0.10198793
2019/5/20 7:00,0.317929036,0.319565575,0.264409907,0.195072032,0.327979216,0.230199625,0.144697286,0.069875055,0.180714672,0.012207439,0.221306749
2019/5/20 8:00,0.478390395,0.431524744,0.413414385,0.28325221,0.433293644,0.33287487,0.257728934,0.147514004,0.29155006,0.01856548,0.336655157
2019/5/20 9:00,0.610112406,0.534771858,0.48718621,0.377931054,0.425269687,0.342193296,0.332384345,0.178569584,0.364741158,0.054424833,0.407824065
2019/5/20 10:00,0.661005001,0.645989575,0.484264554,0.389807926,0.475419415,0.297326802,0.329029046,0.232916849,0.321135602,0.099439765,0.41322495
2019/5/20 11:00,0.659208792,0.643579858,0.439709293,0.376698548,0.666991373,0.253323126,0.33490082,0.283382166,0.253353801,0.083163179,0.389394977
2019/5/20 12:00,0.626278289,0.631901998,0.409762315,0.314737127,0.658967416,0.20535049,0.259196877,0.283382166,0.170889623,0.145471984,0.343392653
2019/5/20 13:00,0.585564213,0.54719117,0.394423618,0.238657914,0.459371502,0.166006027,0.224805059,0.260090482,0.121102013,0.266274767,0.297052423
2019/5/20 14:00,0.475995449,0.499738277,0.346216287,0.170421919,0.266796549,0.147886866,0.152875828,0.166923742,0.076282125,0.224057373,0.240535551
2019/5/20 15:00,0.339483547,0.354784519,0.234462929,0.096807717,0.140419236,0.090768368,0.071719524,0.089284792,0.057404783,0.170141184,0.15731274
2019/5/20 16:00,0.210755218,0.176836171,0.112483773,0.038655859,0.09929646,0.065228979,0.032923875,0.038819475,0.04139768,0.059256944,0.0811597
2019/5/20 17:00,0.07005216,0.061911196,0.019721181,0.005154115,0.039116787,0.042795732,0.018034734,0.019409737,0.020533249,0.02161734,0.025990703
2019/5/20 18:00,0.005388628,0.001668266,0.000730414,0,0.007020962,0.012079441,0.00440383,0.003881947,0.006292447,0.005595076,0.003664417
2019/5/20 19:00,0.000598736,0,0,0,0,0,0,0,0.000331181,0,7.51E-05
2019/5/20 20:00,0.000598736,0,0,0,0,0,0,0,0.000220788,0,5.63E-05
2019/5/20 21:00,0,0,0,0,0,0,0,0,0.000110394,0,1.88E-05
2019/5/20 22:00,0,0,0,0,0,0,0,0,0,0,0
2019/5/20 23:00,0,0,0,0,0,0,0,0,0,0,0
2019/5/21 0:00,0,0,0,0,0,0,0,0,0,0,0
2019/5/21 1:00,0,0,0,0,0,0,0,0,0,0,0
2019/5/21 2:00,0,0,0,0,0,0,0,0,0,0,0
2019/5/21 3:00,0,0,0,0,0,0,0,0,0,0,0
2019/5/21 4:00,0.006586101,0,0,0,0.001002995,0,0,0,0,0,0.000225272
2019/5/21 5:00,0.034127976,0.00519016,0.005843313,0,0.004011978,0.032096799,0.010904723,0.01552779,0.008279536,0,0.009799311
2019/5/21 6:00,0.054485014,0.014087578,0.021912423,0.002465011,0.019056896,0.0712687,0.100868688,0.065993107,0.088535838,0.023651913,0.044740803
2019/5/21 7:00,0.094001617,0.024838624,0.03725112,0.016022574,0.054161705,0.138223313,0.257519228,0.174687637,0.240548118,0.152847311,0.107306215
2019/5/21 8:00,0.170041142,0.037072572,0.047476917,0.054230249,0.173518056,0.26505744,0.433882151,0.353257221,0.431308627,0.30060819,0.193943767
2019/5/21 9:00,0.18860197,0.059501479,0.064276442,0.124819209,0.455359524,0.422607858,0.572917369,0.524062911,0.61058818,0.424208512,0.287461488
2019/5/21 10:00,0.170041142,0.081745022,0.076693481,0.361124158,0.572709885,0.531840514,0.667075458,0.644403283,0.740742485,0.531277926,0.383166219
2019/5/21 11:00,0.171238614,0.108066549,0.066467684,0.532330399,0.63991052,0.600175635,0.713420531,0.706514443,0.805543653,0.582396578,0.439166843
2019/5/21 12:00,0.134116957,0.123451666,0.054050644,0.604263911,0.734192007,0.660917965,0.708387582,0.71039639,0.822875482,0.613423819,0.459707852
2019/5/21 13:00,0.132919484,0.124378481,0.075963067,0.610650531,0.767290827,0.678174308,0.656380442,0.683222758,0.787991037,0.620544825,0.457113475
2019/5/21 14:00,0.111963709,0.14050505,0.102257975,0.566952603,0.65094346,0.607423299,0.55131763,0.609465755,0.704754102,0.566374314,0.420125767
2019/5/21 15:00,0.071249633,0.133275898,0.075963067,0.420620568,0.453353535,0.464713337,0.424655078,0.477479541,0.580892244,0.4687148,0.328113612
2019/5/21 16:00,0.04849765,0.106954372,0.051859402,0.255240717,0.249745642,0.315100836,0.284571329,0.318319694,0.399073634,0.339010759,0.218631649
2019/5/21 17:00,0.028739348,0.067101356,0.016799524,0.104426843,0.119356351,0.168249351,0.120371365,0.155277899,0.200585558,0.184637518,0.10380512
2019/5/21 18:00,0.004191155,0.003521894,0.000730414,0.004481839,0.049146733,0.036583449,0.016776497,0.03105558,0.051333123,0.036113674,0.018325839
2019/5/21 19:00,0.000598736,0,0,0,0.001002995,0,0,0,0.000220788,0,7.51E-05
2019/5/21 20:00,0,0,0,0,0,0,0,0,0,0,0
2019/5/21 21:00,0,0,0,0,0,0,0,0,0,0,0
2019/5/21 22:00,0,0,0,0,0,0,0,0,0,0,0
2019/5/21 23:00,0,0,0,0,0,0,0,0,0,0,0
2019/5/22 0:00,0,0,0,0,0,0,0,0,0,0,0
2019/5/22 1:00,0,0,0,0,0,0,0,0,0,0,0
2019/5/22 2:00,0,0,0,0,0,0,0,0,0,0,0
2019/5/22 3:00,0,0,0,0,0,0,0,0,0,0,0
2019/5/22 4:00,0.007184837,0.004077983,0,0,0.001002995,0.000172563,0,0,0,0,0.000675815
2019/5/22 5:00,0.07005216,0.105656832,0.021912423,0.025994665,0.043128765,0.052804412,0.013630904,0.038819475,0.011701744,0,0.034522862
2019/5/22 6:00,0.177824715,0.260620184,0.142430751,0.168405091,0.177530035,0.194651557,0.121629603,0.159159847,0.102445458,0.02619513,0.157489202
2019/5/22 7:00,0.332897446,0.417807892,0.317730137,0.344653401,0.340015151,0.357378879,0.29002369,0.279500219,0.270023267,0.157679423,0.32395923
2019/5/22 8:00,0.542455191,0.580556485,0.476960413,0.503422539,0.483443371,0.498363207,0.451707179,0.438660066,0.449854788,0.307729196,0.486417546
2019/5/22 9:00,0.659208792,0.665452676,0.611356609,0.62207922,0.632889558,0.633825505,0.589274454,0.597819913,0.594360289,0.445825852,0.616235896
2019/5/22 10:00,0.712496333,0.698632628,0.699736716,0.674852871,0.740209975,0.732014101,0.681754893,0.690986653,0.703429376,0.548063155,0.697600217
2019/5/22 11:00,0.711897596,0.721617623,0.722379553,0.711379857,0.809416598,0.779123919,0.722018486,0.718160285,0.772977479,0.616221357,0.73551717
2019/5/22 12:00,0.693935504,0.72791996,0.694623817,0.671043308,0.839506435,0.777398285,0.726002904,0.71039639,0.79097167,0.642670809,0.72531237
2019/5/22 13:00,0.601730096,0.66508195,0.612817437,0.656365287,0.795374675,0.725284127,0.691191673,0.683222758,0.77099039,0.624868293,0.678117985
2019/5/22 14:00,0.460428302,0.546264355,0.487916624,0.558997339,0.690060247,0.63106449,0.613810081,0.60170186,0.69514984,0.564339741,0.57680587
2019/5/22 15:00,0.33229871,0.425593132,0.32722552,0.424430131,0.534596093,0.502159602,0.492390184,0.473597593,0.573606252,0.467443192,0.441340714
2019/5/22 16:00,0.195188071,0.288980702,0.168725659,0.277537865,0.355060069,0.347197636,0.330706695,0.310555799,0.400839935,0.333161361,0.284912165
2019/5/22 17:00,0.076638261,0.133831987,0.043824846,0.112718245,0.164491105,0.180156228,0.151198178,0.155277899,0.203786979,0.176499225,0.125784112
2019/5/22 18:00,0.007783573,0.00389262,0.000730414,0.006722758,0.035104809,0.039517027,0.02159974,0.03105558,0.049346034,0.033061814,0.018979126
2019/5/22 19:00,0.000598736,0,0,0,0.001002995,0,0,0,0.000220788,0,7.51E-05
2019/5/22 20:00,0.000598736,0,0,0,0,0,0,0,0,0,1.88E-05
2019/5/22 21:00,0,0,0,0,0,0,0,0,0,0,0
2019/5/22 22:00,0,0,0,0,0,0,0,0,0,0,0
2019/5/22 23:00,0,0,0,0,0,0,0,0,0,0,0
2019/5/23 0:00,0,0,0,0,0,0,0,0,0,0,0
2019/5/23 1:00,0,0,0,0,0,0,0,0,0,0,0
2019/5/23 2:00,0,0,0,0,0,0,0,0,0,0,0
2019/5/23 3:00,0,0,0,0,0,0,0,0,0,0,0
2019/5/23 4:00,0.008981046,0.005375523,0,0,0.002005989,0.000172563,0,0,0,0,0.000882313
2019/5/23 5:00,0.098791508,0.11140308,0.029946978,0.034174021,0.051152722,0.057636188,0.014469729,0.038819475,0.010928987,0,0.040060787
2019/5/23 6:00,0.246080666,0.279712559,0.165804003,0.204707985,0.202604898,0.211735338,0.126033433,0.170805689,0.101120733,0.026449452,0.17671425
2019/5/23 7:00,0.407140762,0.452841473,0.360094155,0.395970455,0.390164878,0.371701644,0.299041057,0.322201641,0.268036178,0.157679423,0.354352113
2019/5/23 8:00,0.556824865,0.625043572,0.539045612,0.556868466,0.561676945,0.522004398,0.460724546,0.473597593,0.440471314,0.305948945,0.521208857
2019/5/23 9:00,0.653820164,0.74664161,0.668328909,0.667345791,0.712126127,0.647975707,0.587596804,0.597819913,0.593587532,0.364697246,0.648658101
2019/5/23 10:00,0.702317814,0.813186877,0.747213633,0.72437719,0.803398631,0.736328187,0.67085017,0.671576915,0.69802008,0.523139633,0.728015628
2019/5/23 11:00,0.707107705,0.838952315,0.774969369,0.754405509,0.842515418,0.780849554,0.710274938,0.702632495,0.762710854,0.607065778,0.765166657
2019/5/23 12:00,0.653221428,0.814113691,0.756709016,0.736366108,0.833488467,0.778088539,0.712162294,0.702632495,0.776289293,0.636821411,0.75547435
2019/5/23 13:00,0.57778064,0.741266087,0.692432575,0.688410434,0.780329756,0.729770776,0.67693165,0.67934081,0.730696648,0.621816433,0.702781462
2019/5/23 14:00,0.446058629,0.622819218,0.577027145,0.590594303,0.674012335,0.63710421,0.585499742,0.597819913,0.646245381,0.529243353,0.601364221
2019/5/23 15:00,0.311941672,0.45006103,0.419257698,0.44695137,0.520554169,0.501987039,0.466386614,0.461951751,0.534085267,0.34842066,0.459835506
2019/5/23 16:00,0.201774172,0.295097677,0.231541272,0.282804026,0.325973227,0.347542763,0.307848718,0.298909956,0.372358331,0.266274767,0.294311619
2019/5/23 17:00,0.077236997,0.124934569,0.071580583,0.105547303,0.153458165,0.178258031,0.13672845,0.13975011,0.188994208,0.126906503,0.125493136
2019/5/23 18:00,0.007783573,0.003151169,0.001460828,0.005602298,0.035104809,0.037618829,0.018454147,0.023291685,0.047248552,0.031790206,0.017674429
2019/5/23 19:00,0.000598736,0,0,0,0.001002995,0,0,0,0.000331181,0,9.39E-05
2019/5/23 20:00,0.000598736,0,0,0,0,0,0,0,0,0,1.88E-05
2019/5/23 21:00,0,0,0,0,0,0,0,0,0,0,0
2019/5/23 22:00,0,0,0,0,0,0,0,0,0.000220788,0,3.75E-05
2019/5/23 23:00,0,0,0,0,0,0,0,0,0.000220788,0,3.75E-05
2019/5/24 0:00,0,0,0,0,0,0,0,0,0,0,0
2019/5/24 1:00,0,0,0,0,0,0,0,0,0,0,0
2019/5/24 2:00,0,0,0,0,0,0,0,0,0,0,0
2019/5/24 3:00,0,0,0,0,0,0,0,0,0,0,0
2019/5/24 4:00,0.00838231,0.006116974,0,0,0.002005989,0.000172563,0,0,0,0,0.000938631
2019/5/24 5:00,0.089810462,0.101208123,0.033599049,0.030700596,0.048143738,0.059189259,0.014260022,0.038819475,0.010818594,0,0.039178473
2019/5/24 6:00,0.240692038,0.248942324,0.175299386,0.185996309,0.185553991,0.211045084,0.124984902,0.163041794,0.098912856,0.027212417,0.171501091
2019/5/24 7:00,0.411331916,0.429856478,0.363746226,0.372664893,0.361078036,0.371701644,0.298621645,0.314437746,0.261964518,0.158696709,0.347207251
2019/5/24 8:00,0.564608438,0.582966202,0.536123955,0.533338813,0.534596093,0.522004398,0.460095428,0.469715646,0.434620442,0.310272413,0.510784417
2019/5/24 9:00,0.657412583,0.708086134,0.66321601,0.647961839,0.687051264,0.647803143,0.584870623,0.597819913,0.588509417,0.440230776,0.639266155
2019/5/24 10:00,0.701719077,0.778709385,0.736987835,0.714517144,0.78333874,0.73598306,0.666656046,0.667694968,0.694708265,0.541705114,0.718822672
2019/5/24 11:00,0.67956583,0.768885153,0.760361087,0.73715043,0.829476489,0.7801593,0.706500226,0.6948686,0.756308013,0.611643567,0.748474037
2019/5/24 12:00,0.613106088,0.734778386,0.738448663,0.721127857,0.822455527,0.776880595,0.710484644,0.6948686,0.767678575,0.638347341,0.736619123
2019/5/24 13:00,0.562812229,0.695110734,0.67563305,0.663872366,0.773308795,0.729253086,0.677351063,0.667694968,0.73191098,0.625631258,0.688730151
2019/5/24 14:00,0.479587868,0.580185759,0.568262176,0.565047822,0.671003351,0.638484718,0.59892094,0.590056018,0.647349319,0.567900244,0.592957838
2019/5/24 15:00,0.349662066,0.416881077,0.414875213,0.433954038,0.519551175,0.508199323,0.477920456,0.461951751,0.528124001,0.469732087,0.455925168
2019/5/24 16:00,0.216742582,0.233001118,0.232271686,0.277761957,0.337006167,0.351339158,0.31770491,0.302791904,0.35436414,0.340028046,0.287009067
2019/5/24 17:00,0.091606671,0.093608245,0.073771825,0.106107533,0.152455171,0.182054426,0.143858461,0.147514004,0.175857344,0.184637518,0.12302829
2019/5/24 18:00,0.007184837,0.00389262,0.001460828,0.006162528,0.034101815,0.041415225,0.01992209,0.027173632,0.042832799,0.036622318,0.017822732
2019/5/24 19:00,0,0,0,0,0.001002995,0,0,0,0.000220788,0,5.63E-05
2019/5/24 20:00,0,0,0,0,0,0,0,0,0,0,0
2019/5/24 21:00,0,0,0,0,0,0,0,0,0,0,0
2019/5/24 22:00,0,0,0,0,0,0,0,0,0,0,0
2019/5/24 23:00,0,0,0,0,0,0,0,0,0,0,0
2019/5/25 0:00,0,0,0,0,0,0,0,0,0,0,0
2019/5/25 1:00,0,0,0,0,0,0,0,0,0,0,0
2019/5/25 2:00,0,0,0,0,0,0,0,0,0,0,0
2019/5/25 3:00,0,0,0,0,0,0,0,0,0,0,0
2019/5/25 4:00,0.008981046,0.00519016,0,0,0.002005989,0.000172563,0,0,0,0,0.000863541
2019/5/25 5:00,0.097594035,0.112144532,0.035059877,0.034622204,0.050149727,0.06074233,0.014469729,0.038819475,0.011701744,0,0.041938049
2019/5/25 6:00,0.24548193,0.265254256,0.177490628,0.19708886,0.196586931,0.212425591,0.122258721,0.155277899,0.099464825,0.023906235,0.175531574
2019/5/25 7:00,0.401752134,0.437641718,0.363746226,0.378939467,0.383143916,0.372737024,0.29170134,0.302791904,0.261854124,0.154373241,0.348038879
2019/5/25 8:00,0.555028656,0.6074341,0.532471885,0.533338813,0.554655984,0.522004398,0.450658648,0.442542013,0.43340611,0.304931658,0.509994089
2019/5/25 9:00,0.65621511,0.727363872,0.655911869,0.645945011,0.703099176,0.647285453,0.57564355,0.559000438,0.58685351,0.432346804,0.636166794
2019/5/25 10:00,0.705910232,0.793909139,0.726762038,0.709587122,0.798383658,0.735292806,0.659735741,0.644403283,0.689519756,0.517798879,0.714441141
2019/5/25 11:00,0.715490015,0.820230666,0.747944047,0.731660178,0.841512424,0.779123919,0.69853139,0.683222758,0.738645003,0.581887934,0.746302044
2019/5/25 12:00,0.693935504,0.799470025,0.726762038,0.715973742,0.833488467,0.776017777,0.697902271,0.687104705,0.736216339,0.60426824,0.734846987
2019/5/25 13:00,0.63106818,0.733110121,0.666137667,0.662191677,0.780329756,0.728562832,0.653654261,0.652167178,0.673402259,0.609608994,0.679112934
2019/5/25 14:00,0.528684254,0.613365712,0.559497207,0.569417615,0.672006346,0.638139591,0.559076759,0.566764333,0.559917419,0.564085419,0.576728902
2019/5/25 15:00,0.380197623,0.447095224,0.409762315,0.43529859,0.513533207,0.508371886,0.424235666,0.423132276,0.410113015,0.462611081,0.431956277
2019/5/25 16:00,0.234704674,0.2939855,0.230080444,0.275969222,0.332994189,0.347025072,0.267375419,0.248444639,0.276867683,0.327566285,0.271936525
2019/5/25 17:00,0.091606671,0.130866181,0.072310997,0.101401602,0.147440198,0.168076788,0.112402529,0.100930635,0.160512604,0.17421033,0.116268267
2019/5/25 18:00,0.007783573,0.003336532,0.001460828,0.005266161,0.031092831,0.036928576,0.015098847,0.011645842,0.045371857,0.032807493,0.016311536
2019/5/25 19:00,0,0,0,0,0.001002995,0,0,0,0.000441575,0.000254322,9.57E-05
2019/5/25 20:00,0,0,0,0,0,0,0,0,0,0,0
2019/5/25 21:00,0,0,0,0,0,0,0,0,0,0,0
2019/5/25 22:00,0,0,0,0,0,0,0,0,0,0,0
2019/5/25 23:00,0,0,0,0,0,0,0,0,0,0,0
2019/5/26 0:00,0,0,0,0,0,0,0,0,0,0,0
2019/5/26 1:00,0,0,0,0,0,0,0,0,0,0,0
2019/5/26 2:00,0,0,0,0,0,0,0,0,0,0,0
2019/5/26 3:00,0,0,0,0,0,0,0,0,0,0,0
2019/5/26 4:00,0.011974728,0.0064877,0,0,0.003008984,0.000172563,0,0,0,0,0.001107585
2019/5/26 5:00,0.095797826,0.113442072,0.035059877,0.033053561,0.057170689,0.057291061,0.011743548,0.027173632,0.006844416,0,0.03987306
2019/5/26 6:00,0.225124892,0.260620184,0.175299386,0.178825367,0.156467149,0.198275389,0.085979547,0.100930635,0.068554558,0.022634627,0.157369058
2019/5/26 7:00,0.380796359,0.412061643,0.358633327,0.310927564,0.313937293,0.349958651,0.201317963,0.213507112,0.187779876,0.148523843,0.303260531
2019/5/26 8:00,0.525091835,0.548303347,0.52443733,0.465887139,0.483443371,0.479036102,0.315817554,0.291146061,0.367942579,0.297810652,0.453116783
2019/5/26 9:00,0.63106818,0.673423279,0.642034001,0.579613798,0.622859613,0.552030436,0.39907092,0.380430854,0.527240851,0.434635699,0.56880873
2019/5/26 10:00,0.678967094,0.749978141,0.705580029,0.6295863,0.708114149,0.582746728,0.491341653,0.454187856,0.657284763,0.51957913,0.64227353
2019/5/26 11:00,0.695132977,0.765363259,0.719457897,0.628689932,0.646931482,0.579295459,0.554253517,0.512417068,0.72120278,0.594349695,0.666103503
2019/5/26 12:00,0.67956583,0.729032138,0.690241332,0.576588557,0.611826673,0.515619551,0.606889776,0.551236543,0.718442935,0.578327431,0.644115125
2019/5/26 13:00,0.618494716,0.678613439,0.628886547,0.525383549,0.565688924,0.480071482,0.653444555,0.574528228,0.658167913,0.532040891,0.602717727
2019/5/26 14:00,0.517308262,0.529767061,0.509098633,0.422749441,0.523563153,0.470062803,0.585919155,0.566764333,0.566430654,0.549843407,0.512721752
2019/5/26 15:00,0.374210259,0.359233227,0.347677116,0.353392986,0.410224769,0.462470012,0.466806026,0.442542013,0.424464211,0.446080173,0.393331597
2019/5/26 16:00,0.230513519,0.219654992,0.160691104,0.226668995,0.272814516,0.339432281,0.308687543,0.287264114,0.24695096,0.333924326,0.236766007
2019/5/26 17:00,0.091606671,0.104173929,0.034329463,0.092886108,0.120359345,0.179811102,0.133792563,0.131986215,0.120770831,0.177770833,0.099830955
2019/5/26 18:00,0.010777255,0.004634072,0.000730414,0.006050482,0.034101815,0.043313423,0.016147378,0.023291685,0.030579086,0.031790206,0.015365395
2019/5/26 19:00,0,0,0,0,0.001002995,0,0,0,0,0.000762965,2.44E-05
2019/5/26 20:00,0,0,0,0,0,0,0,0,0,0,0
2019/5/26 21:00,0,0,0,0,0,0,0,0,0,0,0
2019/5/26 22:00,0,0,0,0,0,0,0,0,0,0,0
2019/5/26 23:00,0,0,0,0,0,0,0,0,0.000110394,0,1.88E-05
2019/5/27 0:00,0,0,0,0,0,0,0,0,0,0,0
2019/5/27 1:00,0,0,0,0,0,0,0,0,0,0,0
2019/5/27 2:00,0,0,0,0,0,0,0,0,0,0,0
2019/5/27 3:00,0,0,0,0,0,0,0,0,0,0,0
2019/5/27 4:00,0.008981046,0.00519016,0,0,0.003008984,0.000172563,0,0,0,0,0.000882313
2019/5/27 5:00,0.097594035,0.107139734,0.034329463,0.03002832,0.054161705,0.043831113,0.010485311,0.023291685,0.003974177,0,0.036287489
2019/5/27 6:00,0.244284457,0.253761759,0.170186487,0.14565976,0.172515062,0.143400216,0.072138937,0.065993107,0.044047131,0.017039551,0.137597726
2019/5/27 7:00,0.397560979,0.420588335,0.3520596,0.319891242,0.335000178,0.275238682,0.177411455,0.151395952,0.102114277,0.087740969,0.276567732
2019/5/27 8:00,0.546646346,0.582966202,0.522246087,0.474626725,0.486452355,0.425368873,0.277231611,0.248444639,0.185461606,0.158442388,0.41484315
2019/5/27 9:00,0.647234064,0.702525248,0.642764415,0.577260832,0.611826673,0.553065816,0.356500559,0.341611379,0.221229201,0.243385819,0.512825001
2019/5/27 10:00,0.699324132,0.768514427,0.709232099,0.62902607,0.708114149,0.673860223,0.370341169,0.442542013,0.256555221,0.371055287,0.574909834
2019/5/27 11:00,0.709502651,0.797431034,0.725301209,0.641127035,0.756257887,0.751858896,0.335110526,0.458069803,0.270354448,0.474564198,0.594408962
2019/5/27 12:00,0.689145613,0.775743579,0.701197544,0.667569883,0.752245909,0.632617561,0.29002369,0.384312801,0.241983238,0.454472788,0.564186909
2019/5/27 13:00,0.629271971,0.698447265,0.636190688,0.599894118,0.700090193,0.381020069,0.266326888,0.326083589,0.18789027,0.368766392,0.483320063
2019/5/27 14:00,0.528085517,0.570361527,0.535393541,0.46420645,0.516542191,0.222261707,0.209496505,0.229034902,0.139096204,0.192012845,0.37844678
2019/5/27 15:00,0.38738246,0.392227817,0.390771548,0.291319519,0.309925315,0.144263034,0.126662552,0.151395952,0.108185937,0.143946054,0.260725512
2019/5/27 16:00,0.242488248,0.250054501,0.222776303,0.150141598,0.158473138,0.096635525,0.06312157,0.050465317,0.066346682,0.095879262,0.148898848
2019/5/27 17:00,0.094001617,0.097500866,0.062085199,0.040672687,0.054161705,0.068335121,0.01992209,0.007763895,0.029695936,0.067140916,0.05174487
2019/5/27 18:00,0.007184837,0.004819434,0.001460828,0.000672276,0.01103294,0.018636851,0.005242655,0,0.008169142,0.012207439,0.00538399
2019/5/27 19:00,0,0,0,0,0.001002995,0,0,0,0.000110394,0.001017287,4.51E-05
2019/5/27 20:00,0,0,0,0,0,0,0,0,0,0,0
2019/5/27 21:00,0,0,0,0,0,0,0,0,0,0,0
2019/5/27 22:00,0,0,0,0,0,0,0,0,0,0,0
2019/5/27 23:00,0,0,0,0,0,0,0,0,0.000110394,0,1.88E-05
2019/5/28 0:00,0,0,0,0,0,0,0,0,0,0,0
2019/5/28 1:00,0,0,0,0,0,0,0,0,0,0,0
2019/5/28 2:00,0,0,0,0,0,0,0,0,0,0,0
2019/5/28 3:00,0,0,0,0,0,0,0,0,0,0,0
2019/5/28 4:00,0.012573465,0.002224354,0,0,0.001002995,0.000172563,0,0,0,0,0.000657042
2019/5/28 5:00,0.07843447,0.04986261,0.01606911,0.004593885,0.006017967,0.03261449,0.005242655,0.011645842,0.001876695,0,0.017420998
2019/5/28 6:00,0.142499267,0.112885983,0.100797147,0.030140366,0.017050907,0.062467964,0.039215062,0.011645842,0.021857975,0.005849398,0.061805121
2019/5/28 7:00,0.219736264,0.198338263,0.222045889,0.067227581,0.03309882,0.07679073,0.081785422,0.019409737,0.06049581,0.064343377,0.123304248
2019/5/28 8:00,0.258055394,0.282863728,0.312617238,0.086275396,0.049146733,0.081449942,0.114709298,0.034937527,0.10597806,0.097659513,0.172021093
2019/5/28 9:00,0.265838968,0.275078488,0.330147177,0.103866613,0.059176678,0.081449942,0.137147862,0.07763895,0.173097499,0.141402837,0.194927453
2019/5/28 10:00,0.313737881,0.350891898,0.362285398,0.118096451,0.087260525,0.09939654,0.158957308,0.163041794,0.228846374,0.205746215,0.23326679
2019/5/28 11:00,0.329903764,0.386296205,0.360094155,0.118880773,0.096287476,0.102157555,0.178669692,0.229034902,0.298946446,0.271615522,0.254759571
2019/5/28 12:00,0.28559727,0.311594972,0.330147177,0.119104865,0.107320416,0.128214634,0.197543251,0.232916849,0.332506165,0.24516607,0.248575867
2019/5/28 13:00,0.229914783,0.276746753,0.251262453,0.099608866,0.156467149,0.123727985,0.2059315,0.147514004,0.386488739,0.270089592,0.226176368
2019/5/28 14:00,0.185009552,0.228552409,0.165073588,0.070364869,0.102305444,0.095772708,0.19481707,0.112576477,0.40967144,0.248726573,0.189881371
2019/5/28 15:00,0.13351822,0.119559046,0.079615138,0.046162939,0.065194645,0.066091796,0.181186167,0.054347265,0.382514562,0.090284186,0.137462563
2019/5/28 16:00,0.099988981,0.058203939,0.023373251,0.021624872,0.042125771,0.04969827,0.135260506,0.038819475,0.276315714,0.031790206,0.08606311
2019/5/28 17:00,0.045503967,0.029101969,0.006573727,0.007170942,0.017050907,0.031233982,0.068783637,0.023291685,0.151570705,0.01856548,0.044177624
2019/5/28 18:00,0.004191155,0.00129754,0.000730414,0.000112046,0.004011978,0.010698933,0.012792079,0.003881947,0.049677216,0.015259299,0.011601484
2019/5/28 19:00,0,0,0,0,0.001002995,0,0,0,0.000772757,0.001271608,0.000159567
2019/5/28 20:00,0,0,0,0,0,0,0,0,0,0,0
2019/5/28 21:00,0,0,0,0,0,0,0,0,0,0,0
2019/5/28 22:00,0,0,0,0,0,0,0,0,0,0,0
2019/5/28 23:00,0,0,0,0,0,0,0,0,0,0,0
2019/5/29 0:00,0,0,0,0,0,0,0,0,0,0,0
2019/5/29 1:00,0,0,0,0,0,0,0,0,0,0,0
2019/5/29 2:00,0,0,0,0,0,0,0,0,0,0,0
2019/5/29 3:00,0,0,0,0,0,0,0,0,0,0,0
2019/5/29 4:00,0.005388628,0,0,0,0.001002995,0.000172563,0,0,0,0,0.000206499
2019/5/29 5:00,0.036522921,0.008712055,0.007304141,0.008179356,0.048143738,0.036065758,0.011953254,0.019409737,0.005850872,0,0.013103294
2019/5/29 6:00,0.093402881,0.030584872,0.040172776,0.087507902,0.190568964,0.110613163,0.087028078,0.06211116,0.051333123,0.011698796,0.06622232
2019/5/29 7:00,0.162257568,0.067472082,0.081075966,0.196640676,0.345030124,0.184297751,0.200688844,0.166923742,0.126952885,0.041454429,0.140143295
2019/5/29 8:00,0.239494566,0.142729404,0.140239509,0.298602507,0.514536202,0.283866854,0.307429306,0.310555799,0.23624276,0.053661868,0.231656098
2019/5/29 9:00,0.29218337,0.239674181,0.240306242,0.436979279,0.692066236,0.387404917,0.420460954,0.465833698,0.369488092,0.076042173,0.347066456
2019/5/29 10:00,0.362235531,0.36590629,0.366667882,0.504991182,0.765284838,0.490597852,0.523007291,0.578410175,0.454932903,0.148269522,0.448202109
2019/5/29 11:00,0.344273438,0.56924935,0.481342897,0.538717019,0.738203986,0.569977033,0.586338567,0.624993545,0.568969712,0.302642763,0.539938307
2019/5/29 12:00,0.249074348,0.672311102,0.444091778,0.531097893,0.747230936,0.567733709,0.624714804,0.644403283,0.596347378,0.361391064,0.545928652
2019/5/29 13:00,0.196385544,0.681393882,0.422909769,0.512610308,0.708114149,0.560658608,0.642959244,0.593937965,0.564774747,0.390892376,0.529194732
2019/5/29 14:00,0.270030123,0.596497691,0.406840658,0.422189211,0.678024313,0.509752394,0.600179177,0.450305908,0.510240204,0.348929303,0.477166396
2019/5/29 15:00,0.232309729,0.408910474,0.309695582,0.351936389,0.546632027,0.419156589,0.490922241,0.326083589,0.453828965,0.141148516,0.38101863
2019/5/29 16:00,0.141301794,0.294170863,0.159230276,0.24571681,0.367096004,0.281278403,0.331335814,0.194097374,0.33670113,0.072227348,0.250622084
2019/5/29 17:00,0.051491332,0.135129527,0.046016089,0.108796636,0.171512067,0.142192272,0.154553478,0.104812582,0.199812802,0.062054483,0.117373975
2019/5/29 18:00,0.005987364,0.00389262,0.001460828,0.010084137,0.040119782,0.035202941,0.024955039,0.019409737,0.060716597,0.011698796,0.020811335
2019/5/29 19:00,0,0,0,0,0.001002995,0,0,0,0.000883151,0.001271608,0.00017834
2019/5/29 20:00,0,0,0,0,0,0,0,0,0,0,0
2019/5/29 21:00,0,0,0,0,0,0,0,0,0,0,0
2019/5/29 22:00,0,0,0,0,0,0,0,0,0,0,0
2019/5/29 23:00,0,0,0,0,0,0,0,0,0,0,0
2019/5/30 0:00,0,0,0,0,0,0,0,0,0,0,0
2019/5/30 1:00,0,0,0,0,0,0,0,0,0,0,0
2019/5/30 2:00,0,0,0,0,0,0,0,0,0,0,0
2019/5/30 3:00,0,0,0,0,0,0,0,0,0,0,0
2019/5/30 4:00,0.00838231,0.0064877,0,0,0.002005989,0.00051769,0,0,0,0,0.001013722
2019/5/30 5:00,0.074243315,0.114368886,0.036520705,0.040224503,0.057170689,0.062985655,0.016566791,0.042701422,0.015675921,0,0.044171992
2019/5/30 6:00,0.189799443,0.251352041,0.179681871,0.213111433,0.213637838,0.219155565,0.128759614,0.166923742,0.118783743,0.007121006,0.180983145
2019/5/30 7:00,0.358044376,0.412803094,0.367398296,0.401348661,0.404206802,0.379984689,0.30113812,0.314437746,0.287244701,0.044251967,0.354941574
2019/5/30 8:00,0.48258155,0.582780839,0.538315198,0.559445523,0.579730847,0.529597189,0.454223654,0.461951751,0.446984549,0.122837357,0.514619664
2019/5/30 9:00,0.581373058,0.726066332,0.666137667,0.669362619,0.731183024,0.656258752,0.553834104,0.574528228,0.561462933,0.214393151,0.634614298
2019/5/30 10:00,0.610112406,0.790757971,0.739909492,0.733228821,0.821452533,0.744783795,0.600598589,0.628875493,0.528124001,0.357321918,0.685247828
2019/5/30 11:00,0.628074498,0.827459818,0.764013157,0.752836866,0.865584293,0.768252423,0.659526035,0.659931073,0.606282821,0.429040623,0.722984564
2019/5/30 12:00,0.637055545,0.815781957,0.743561562,0.718662845,0.848533386,0.761867576,0.691401379,0.644403283,0.667440993,0.46566294,0.722860665
2019/5/30 13:00,0.526289308,0.756095116,0.680015535,0.655356873,0.746227942,0.722695675,0.652186317,0.640521335,0.630459066,0.509151943,0.670562002
2019/5/30 14:00,0.434682637,0.643209132,0.569723004,0.558997339,0.627874586,0.625197333,0.560754409,0.566764333,0.588730205,0.406151674,0.57933642
2019/5/30 15:00,0.324515136,0.476011831,0.40537983,0.43473836,0.484446365,0.508889576,0.441221869,0.392076696,0.50549327,0.381991118,0.447073874
2019/5/30 16:00,0.219736264,0.31215106,0.230810858,0.270142831,0.321961249,0.332012053,0.295266346,0.201861269,0.367501003,0.29908226,0.286124876
2019/5/30 17:00,0.089810462,0.132534447,0.077423895,0.102185924,0.133398275,0.164625519,0.131485795,0.097048687,0.178837977,0.12487193,0.121460776
2019/5/30 18:00,0.008981046,0.004448709,0.002191242,0.00694685,0.025074864,0.038481647,0.018873559,0.019409737,0.037202715,0.020345732,0.01621955
2019/5/30 19:00,0,0,0,0,0.001002995,0,0,0,0.000551969,0.001017287,0.000120145
2019/5/30 20:00,0,0,0,0,0,0,0,0,0,0,0
2019/5/30 21:00,0,0,0,0,0,0,0,0,0,0,0
2019/5/30 22:00,0,0,0,0,0,0,0,0,0,0,0
2019/5/30 23:00,0,0,0,0,0,0,0,0,0,0,0
2019/5/31 0:00,0,0,0,0,0,0,0,0,0,0,0
2019/5/31 1:00,0,0,0,0,0,0,0,0,0,0,0
2019/5/31 2:00,0,0,0,0,0,0,0,0,0,0,0
2019/5/31 3:00,0,0,0,0,0,0,0,0,0,0,0
2019/5/31 4:00,0.010777255,0.004077983,0,0,0.001002995,0.000172563,0,0,0,0,0.00078845
2019/5/31 5:00,0.073644579,0.084340102,0.021912423,0.007395034,0.020059891,0.031924236,0.006920305,0.01552779,0.001876695,0,0.023259285
2019/5/31 6:00,0.126333383,0.186845765,0.108101288,0.047955675,0.076227585,0.078343801,0.046554779,0.038819475,0.026273727,0.024923522,0.079348141
2019/5/31 7:00,0.199977962,0.30955598,0.211820091,0.129301048,0.135404264,0.141847145,0.103594868,0.097048687,0.071976766,0.114444742,0.158741337
2019/5/31 8:00,0.258055394,0.397047251,0.335260076,0.206164583,0.182545007,0.215186606,0.154134065,0.116458425,0.133686908,0.247709287,0.239827823
2019/5/31 9:00,0.342477229,0.439495347,0.382736993,0.289862922,0.228682756,0.242106502,0.161893195,0.163041794,0.150135586,0.269580949,0.282696995
2019/5/31 10:00,0.399357188,0.46303643,0.375432852,0.378603329,0.191571958,0.271959977,0.180766754,0.201861269,0.195286655,0.318919349,0.314017246
2019/5/31 11:00,0.377203941,0.432822284,0.349137944,0.392160892,0.159476133,0.234513711,0.191671477,0.190215427,0.220346051,0.341299654,0.305941262
2019/5/31 12:00,0.346069647,0.394822897,0.344025045,0.332328344,0.102305444,0.13856844,0.190832652,0.201861269,0.193741142,0.321971208,0.274091622
2019/5/31 13:00,0.241290775,0.224659789,0.279018189,0.188349274,0.1103294,0.107852148,0.217465341,0.298909956,0.176850888,0.352235485,0.213979792
2019/5/31 14:00,0.203570381,0.126973561,0.173108144,0.102746154,0.093278493,0.1496125,0.163361139,0.209625164,0.15201228,0.264494516,0.151532648
2019/5/31 15:00,0.132919484,0.078964579,0.09787549,0.084706753,0.053158711,0.127869507,0.160844664,0.065993107,0.145719833,0.300099547,0.111002545
2019/5/31 16:00,0.07005216,0.04337491,0.032868635,0.049076134,0.041122776,0.09490989,0.133163444,0.03105558,0.118342168,0.247963608,0.069730924
2019/5/31 17:00,0.025745666,0.022984995,0.005843313,0.018599631,0.028083847,0.050388524,0.078220417,0.023291685,0.055528088,0.135807761,0.032333973
2019/5/31 18:00,0.002394946,0.000185363,0.000730414,0.002128873,0.008023956,0.015875836,0.014679435,0.007763895,0.010928987,0.014496334,0.006170563
2019/5/31 19:00,0,0,0,0,0.001002995,0,0.000209706,0,0,0.000762965,4.32E-05
2019/5/31 20:00,0,0,0,0,0,0,0,0,0,0,0
2019/5/31 21:00,0,0,0,0,0,0,0,0,0,0,0
2019/5/31 22:00,0,0,0,0,0,0,0,0,0,0,0
2019/5/31 23:00,0,0,0,0,0,0,0,0,0,0,0
2019/6/1 0:00,0,0,0,0,0,0,0,0,0,0,0
2019/6/1 1:00,0,0,0,0,0,0,0,0,0,0,0
2019/6/1 2:00,0,0,0,0,0,0,0,0,0,0,0
2019/6/1 3:00,0,0,0,0,0,0,0,0,0,0,0
2019/6/1 4:00,0.011974728,0.007970603,0,0,0.002005989,0.00051769,0,0,0,0,0.001276539
2019/6/1 5:00,0.106575082,0.104359292,0.026294908,0.025658527,0.053158711,0.060052076,0.013630904,0.027173632,0.007065204,0,0.036231171
2019/6/1 6:00,0.234704674,0.231332852,0.138778681,0.168293045,0.18755998,0.174461635,0.112192823,0.128104267,0.075730156,0.009664223,0.146328875
2019/6/1 7:00,0.378401414,0.406130031,0.306773925,0.357090503,0.381137927,0.324591825,0.257099815,0.260090482,0.192857991,0.060528553,0.302948905
2019/6/1 8:00,0.550837501,0.539962018,0.471847514,0.508240515,0.557664967,0.451943642,0.397602977,0.384312801,0.351052325,0.119276854,0.452737576
2019/6/1 9:00,0.63945049,0.585005194,0.593096256,0.609193934,0.703099176,0.542366883,0.522587879,0.524062911,0.477232454,0.20650918,0.560760905
2019/6/1 10:00,0.675973412,0.606878011,0.653720627,0.668466251,0.774311789,0.617431979,0.631215696,0.624993545,0.553514578,0.370038,0.627916225
2019/6/1 11:00,0.648431536,0.606507286,0.673441808,0.690203169,0.798383658,0.696120906,0.687836373,0.698750548,0.554839304,0.436670272,0.654089022
2019/6/1 12:00,0.576583167,0.614477889,0.642034001,0.6949091,0.784341735,0.745819176,0.696434328,0.690986653,0.494674676,0.482193848,0.641002623
2019/6/1 13:00,0.478390395,0.574995599,0.557305965,0.656141195,0.701093187,0.714067503,0.644007775,0.621111598,0.529890302,0.464899976,0.598430059
2019/6/1 14:00,0.439472528,0.534030406,0.44628302,0.540173617,0.589760793,0.589994392,0.567674714,0.430896171,0.454160147,0.457778969,0.500553335
2019/6/1 15:00,0.328706291,0.42355414,0.328686349,0.371432387,0.449341556,0.386369536,0.490083416,0.388194749,0.348844449,0.372581217,0.375067707
2019/6/1 16:00,0.201774172,0.281566188,0.176760214,0.238994052,0.294880396,0.336153576,0.330496989,0.267854377,0.199260832,0.250252503,0.240672591
2019/6/1 17:00,0.082026889,0.126417472,0.038711948,0.10980505,0.118353356,0.173253691,0.143858461,0.104812582,0.105757273,0.083926144,0.101334642
2019/6/1 18:00,0.010777255,0.004077983,0.001460828,0.007170942,0.027080853,0.040207281,0.018454147,0.011645842,0.032566175,0.024160557,0.015140124
2019/6/1 19:00,0,0,0,0,0.001002995,0.000172563,0,0,0.000883151,0.000762965,0.000193358
2019/6/1 20:00,0,0,0,0,0,0,0,0,0,0,0
2019/6/1 21:00,0,0,0,0,0,0,0,0,0,0,0
2019/6/1 22:00,0,0,0,0,0,0,0,0,0,0,0
2019/6/1 23:00,0,0,0,0,0,0,0,0,0,0,0
2019/6/2 0:00,0,0,0,0,0,0,0,0,0,0,0
2019/6/2 1:00,0,0,0,0,0,0,0,0,0,0,0
2019/6/2 2:00,0,0,0,0,0,0,0,0,0,0,0
2019/6/2 3:00,0,0,0,0,0,0,0,0,0,0,0
2019/6/2 4:00,0.011375992,0.008712055,0,0,0.003008984,0.000345127,0,0,0,0,0.001332857
2019/6/2 5:00,0.083224362,0.119559046,0.022642837,0.019832137,0.051152722,0.033477307,0.007339717,0.01552779,0.001103938,0,0.030054976
2019/6/2 6:00,0.205965326,0.269702965,0.109562116,0.108572544,0.155464155,0.081795069,0.047393604,0.027173632,0.016669466,0.009664223,0.100392256
2019/6/2 7:00,0.337687338,0.445612321,0.237384585,0.22431603,0.262784571,0.119586462,0.11345106,0.050465317,0.044709494,0.078839711,0.193020154
2019/6/2 8:00,0.507129743,0.60354148,0.349137944,0.275408992,0.3309882,0.173771381,0.182444404,0.081520897,0.081470634,0.156407815,0.273282522
2019/6/2 9:00,0.620889661,0.70196916,0.41779687,0.293000209,0.393173862,0.182572117,0.233403013,0.116458425,0.118342168,0.22965245,0.32259446
2019/6/2 10:00,0.670584784,0.737744192,0.418527284,0.274848762,0.548638016,0.175324452,0.268004538,0.163041794,0.146934165,0.344605835,0.338104404
2019/6/2 11:00,0.692738031,0.713832383,0.400266931,0.25266366,0.524566147,0.166351154,0.29337899,0.159159847,0.174532618,0.490077819,0.334391179
2019/6/2 12:00,0.662202474,0.717725003,0.300200198,0.18790109,0.40821878,0.112511361,0.365727633,0.159159847,0.173759862,0.427514693,0.295107579
2019/6/2 13:00,0.578379376,0.617443695,0.224237131,0.126836037,0.418248725,0.110268036,0.314139905,0.116458425,0.202462253,0.289926681,0.249694716
2019/6/2 14:00,0.484976495,0.511045412,0.134396196,0.095463166,0.506512245,0.096635525,0.295476052,0.065993107,0.159629454,0.221005514,0.195909261
2019/6/2 15:00,0.359840585,0.379808505,0.065006856,0.06588303,0.380134933,0.092839129,0.213271217,0.023291685,0.095269861,0.203711641,0.132630489
2019/6/2 16:00,0.255061712,0.244864341,0.018260353,0.048515905,0.239715696,0.078516364,0.09688427,0.007763895,0.05442415,0.123600322,0.077861349
2019/6/2 17:00,0.117352337,0.119559046,0.005843313,0.019495999,0.112335389,0.051078777,0.03208505,0.007763895,0.025280183,0.050610008,0.03613543
2019/6/2 18:00,0.016165883,0.006302337,0.000730414,0.000896368,0.032095825,0.015013019,0.008597955,0,0.007065204,0.005849398,0.005731283
2019/6/2 19:00,0,0,0,0,0.001002995,0.000172563,0,0,0,0.001017287,4.51E-05
2019/6/2 20:00,0,0,0,0,0,0,0,0,0,0,0
2019/6/2 21:00,0,0,0,0,0,0,0,0,0,0,0
2019/6/2 22:00,0,0,0,0,0,0,0,0,0,0,0
2019/6/2 23:00,0,0,0,0,0,0,0,0,0,0,0
2019/6/3 0:00,0,0,0,0,0,0,0,0,0,0,0
2019/6/3 1:00,0,0,0,0,0,0,0,0,0,0,0
2019/6/3 2:00,0,0,0,0,0,0,0,0,0,0,0
2019/6/3 3:00,0,0,0,0,0,0,0,0,0,0,0
2019/6/3 4:00,0.016165883,0.00908278,0,0,0.002005989,0.00051769,0,0,0,0,0.001520583
2019/6/3 5:00,0.114957392,0.098613043,0.017529939,0.011540735,0.052155716,0.055392863,0.017195909,0.03105558,0.00607166,0,0.031106243
2019/6/3 6:00,0.258654131,0.227810958,0.100797147,0.074286477,0.188562975,0.178430594,0.128340201,0.112576477,0.059723053,0.006612363,0.119611672
2019/6/3 7:00,0.404745816,0.406315394,0.248340797,0.220618513,0.360075042,0.360657584,0.292120752,0.240680744,0.156759214,0.037639604,0.26532856
2019/6/3 8:00,0.550837501,0.586117371,0.410492729,0.429136061,0.528578125,0.516482368,0.452126592,0.395958644,0.257769553,0.105797806,0.424347731
2019/6/3 9:00,0.650826482,0.703637425,0.533202299,0.589809981,0.678024313,0.638484718,0.553204986,0.524062911,0.34597421,0.120039819,0.544259766
2019/6/3 10:00,0.698725395,0.761099913,0.590905014,0.704208915,0.771302806,0.701470372,0.640442769,0.63275744,0.372799906,0.041454429,0.611223604
2019/6/3 11:00,0.714891278,0.770553419,0.623773648,0.715973742,0.802395636,0.733567172,0.659526035,0.656049125,0.372358331,0.212104256,0.631199557
2019/6/3 12:00,0.693336768,0.738114918,0.632538618,0.681239492,0.790359702,0.720452351,0.622617742,0.66381302,0.36970888,0.198116565,0.61853742
2019/6/3 13:00,0.632265653,0.682135333,0.598939569,0.646729333,0.736197996,0.657294133,0.564319415,0.609465755,0.330077501,0.29908226,0.574810339
2019/6/3 14:00,0.532276672,0.575922413,0.509098633,0.525943779,0.6068117,0.559105537,0.532863483,0.446423961,0.317271819,0.381736796,0.492220165
2019/6/3 15:00,0.375407732,0.435232001,0.36447664,0.378715375,0.489461338,0.418293772,0.441431575,0.306673851,0.26693224,0.286620499,0.369495992
2019/6/3 16:00,0.229316047,0.292502597,0.193559739,0.214119847,0.326976222,0.275411246,0.319801972,0.205743217,0.187779876,0.282297031,0.231109815
2019/6/3 17:00,0.110766237,0.138651421,0.051859402,0.094118614,0.157470144,0.148231993,0.151827297,0.097048687,0.098581675,0.154627563,0.101875294
2019/6/3 18:00,0.013770938,0.004448709,0.001460828,0.010084137,0.042125771,0.041932915,0.023067683,0.011645842,0.023072307,0.034587744,0.015104456
2019/6/3 19:00,0,0,0,0,0.002005989,0.000172563,0,0,0.000331181,0.001017287,0.000120145
2019/6/3 20:00,0,0,0,0,0,0,0,0,0,0,0
2019/6/3 21:00,0,0,0,0,0,0,0,0,0,0,0
2019/6/3 22:00,0,0,0,0,0,0,0,0,0,0,0
2019/6/3 23:00,0,0,0,0,0,0,0,0,0,0,0
2019/6/4 0:00,0,0,0,0,0,0,0,0,0,0,0
2019/6/4 1:00,0,0,0,0,0,0,0,0,0,0,0
2019/6/4 2:00,0,0,0,0,0,0,0,0,0,0,0
2019/6/4 3:00,0,0,0,0,0,0,0,0,0,0,0
2019/6/4 4:00,0.013770938,0.009453506,0,0,0.004011978,0.00051769,0,0,0,0,0.001520583
2019/6/4 5:00,0.075440788,0.117705418,0.030677393,0.029131952,0.049146733,0.051251341,0.013001785,0.027173632,0.004857328,0,0.036850667
2019/6/4 6:00,0.119148546,0.260805547,0.151926135,0.164595528,0.169506078,0.140294074,0.097723094,0.089284792,0.040293742,0.0246692,0.135307466
2019/6/4 7:00,0.192793125,0.433378372,0.317730137,0.315745541,0.328982211,0.21587686,0.243888324,0.166923742,0.105205304,0.131229971,0.262903136
2019/6/4 8:00,0.33229871,0.587970999,0.454317575,0.402581167,0.478428398,0.334773068,0.424235666,0.302791904,0.202903828,0.219988227,0.38830241
2019/6/4 9:00,0.399955925,0.714203109,0.561688449,0.478324242,0.624865602,0.457810799,0.537686726,0.461951751,0.268036178,0.242368532,0.488713439
2019/6/4 10:00,0.384987514,0.781119102,0.629616961,0.571882626,0.734192007,0.583609545,0.589903573,0.543472648,0.29850487,0.407168961,0.558900538
2019/6/4 11:00,0.375407732,0.767772976,0.653720627,0.630482668,0.766287833,0.622781445,0.604163595,0.543472648,0.276426108,0.335450256,0.575116333
2019/6/4 12:00,0.330502501,0.72402734,0.644955658,0.571546488,0.751242915,0.590684646,0.589274454,0.485243436,0.248386079,0.30518598,0.544237238
2019/6/4 13:00,0.224526155,0.626711838,0.596748326,0.503982769,0.69507522,0.564109876,0.535379958,0.380430854,0.254899314,0.345114479,0.494915915
2019/6/4 14:00,0.152677786,0.555903224,0.474038756,0.436307003,0.611826673,0.525455666,0.439124807,0.244562692,0.189877358,0.269326627,0.410048621
2019/6/4 15:00,0.104778872,0.412247006,0.30750434,0.319443058,0.475419415,0.389820805,0.287507216,0.10869453,0.149031648,0.238299386,0.286990295
2019/6/4 16:00,0.074842052,0.276190665,0.162882346,0.183643343,0.307919325,0.208111505,0.154343772,0.042701422,0.103990972,0.025432165,0.165105257
2019/6/4 17:00,0.033529239,0.136797792,0.036520705,0.08616335,0.144431215,0.091803749,0.061024508,0.003881947,0.051774698,0.01856548,0.066010189
2019/6/4 18:00,0.004789891,0.005560886,0.001460828,0.007395034,0.034101815,0.020189922,0.010695017,0,0.01534474,0.00610372,0.008774326
2019/6/4 19:00,0,0,0,0,0.002005989,0.000172563,0.000209706,0,0.000772757,0.001017287,0.000214008
2019/6/4 20:00,0,0,0,0,0,0,0,0,0,0,0
2019/6/4 21:00,0,0,0,0,0,0,0,0,0,0,0
2019/6/4 22:00,0,0,0,0,0,0,0,0,0,0,0
2019/6/4 23:00,0,0,0,0,0,0,0,0,0,0,0
2019/6/5 0:00,0,0,0,0,0,0,0,0,0,0,0
2019/6/5 1:00,0,0,0,0,0,0,0,0,0,0,0
2019/6/5 2:00,0,0,0,0,0,0,0,0,0,0,0
2019/6/5 3:00,0,0,0,0,0,0,0,0,0,0,0
2019/6/5 4:00,0.009579783,0.009824232,0,0,0.002005989,0.000345127,0,0,0,0,0.001370402
2019/6/5 5:00,0.036522921,0.098983768,0.014608282,0.003921609,0.038113793,0.028472967,0.009227073,0.011645842,0.006734023,0,0.021926429
2019/6/5 6:00,0.05508375,0.212240477,0.070119754,0.042353376,0.135404264,0.076273039,0.084511603,0.027173632,0.067229832,0.017548194,0.079612835
2019/6/5 7:00,0.128129593,0.337916498,0.144621993,0.106667763,0.243727675,0.123037731,0.223337115,0.12422232,0.179941915,0.110121274,0.168640143
2019/6/5 8:00,0.186805761,0.500479728,0.225697959,0.186556538,0.358069053,0.18826671,0.400958276,0.291146061,0.359552649,0.137333691,0.285118664
2019/6/5 9:00,0.16525125,0.591863619,0.283400674,0.262411659,0.526572136,0.256256704,0.536009076,0.477479541,0.531656603,0.271615522,0.383145569
2019/6/5 10:00,0.199379226,0.682691422,0.315538895,0.324261034,0.654955438,0.429510395,0.628699222,0.621111598,0.631563004,0.314850202,0.465838992
2019/6/5 11:00,0.13531443,0.694740008,0.377624094,0.424542177,0.727171046,0.62053812,0.673366645,0.675458863,0.682012977,0.456253039,0.53619129
2019/6/5 12:00,0.132320748,0.620224137,0.397345275,0.511377803,0.737200991,0.717346209,0.692240204,0.690986653,0.700117562,0.561287881,0.565181859
2019/6/5 13:00,0.11854981,0.50900642,0.385658649,0.560453937,0.722156073,0.700607555,0.659945447,0.671576915,0.65286901,0.553912553,0.544684027
2019/6/5 14:00,0.083224362,0.330872709,0.33964256,0.544991593,0.622859613,0.623816826,0.58172503,0.593937965,0.549430007,0.450657963,0.471797424
2019/6/5 15:00,0.059873641,0.225030515,0.278287775,0.421068752,0.451347545,0.501124222,0.430317146,0.450305908,0.453828965,0.428786301,0.370338883
2019/6/5 16:00,0.037121658,0.128827189,0.18844684,0.273952394,0.324970233,0.344436621,0.308058424,0.295028009,0.319479695,0.300099547,0.250483166
2019/6/5 17:00,0.019159565,0.058760027,0.066467684,0.107115946,0.139416242,0.181709299,0.160844664,0.147514004,0.177071676,0.129195398,0.116555488
2019/6/5 18:00,0.004789891,0.003336532,0.002921656,0.007395034,0.030089836,0.049008016,0.028100632,0.03105558,0.050339579,0.021363019,0.021107942
2019/6/5 19:00,0,0,0,0,0.001002995,0.000345127,0,0,0.001545513,0.001780252,0.000332276
2019/6/5 20:00,0,0,0,0,0,0,0,0,0,0,0
2019/6/5 21:00,0,0,0,0,0,0,0,0,0,0,0
2019/6/5 22:00,0,0,0,0,0,0,0,0,0,0,0
2019/6/5 23:00,0,0,0,0,0,0,0,0,0,0,0
2019/6/6 0:00,0,0,0,0,0,0,0,0,0,0,0
2019/6/6 1:00,0,0,0,0,0,0,0,0,0,0,0
2019/6/6 2:00,0,0,0,0,0,0,0,0,0,0,0
2019/6/6 3:00,0,0,0,0,0,0,0,0,0,0,0
2019/6/6 4:00,0.013172201,0.005004797,0,0,0.002005989,0.000690254,0,0,0,0,0.001032495
2019/6/6 5:00,0.066459742,0.04986261,0.021912423,0.025210343,0.019056896,0.064366162,0.018663853,0.042701422,0.0107082,0,0.029904795
2019/6/6 6:00,0.148486631,0.118076143,0.137317852,0.162242563,0.076227585,0.208111505,0.133163444,0.159159847,0.08599678,0.023651913,0.137571445
2019/6/6 7:00,0.239494566,0.221693983,0.314078067,0.347342504,0.216646822,0.369113192,0.30113812,0.310555799,0.219904475,0.138096656,0.293478115
2019/6/6 8:00,0.333496183,0.370169636,0.500333664,0.507680286,0.388158889,0.520451327,0.460095428,0.461951751,0.386267952,0.273395773,0.456709864
2019/6/6 9:00,0.425102854,0.428744301,0.638381931,0.63485246,0.594775765,0.646595199,0.58340268,0.582292123,0.533754086,0.402845493,0.582784951
2019/6/6 10:00,0.538264036,0.465446147,0.710692927,0.704881191,0.732186018,0.734947679,0.656170735,0.652167178,0.618757322,0.495418574,0.657582608
2019/6/6 11:00,0.627475762,0.480645902,0.726762038,0.729531304,0.774311789,0.780331863,0.651347492,0.675458863,0.663466816,0.536618681,0.68450631
2019/6/6 12:00,0.611309879,0.498811463,0.707771271,0.71630988,0.778323767,0.717691336,0.586548273,0.667694968,0.700117562,0.577055823,0.672358543
2019/6/6 13:00,0.585564213,0.548303347,0.647877314,0.634628369,0.70610816,0.456602855,0.563061177,0.590056018,0.692941964,0.559507629,0.610523385
2019/6/6 14:00,0.468810612,0.495474931,0.542697682,0.450872979,0.609820684,0.384816465,0.536847901,0.504653173,0.608932272,0.512712446,0.512973305
2019/6/6 15:00,0.313139145,0.376471973,0.397345275,0.318994874,0.40821878,0.402072809,0.424655078,0.388194749,0.484518445,0.421665295,0.397187494
2019/6/6 16:00,0.204767854,0.247459421,0.227889202,0.193615434,0.211631849,0.295773731,0.253954222,0.232916849,0.312745672,0.271615522,0.247813699
2019/6/6 17:00,0.092205408,0.136427067,0.073041411,0.08840427,0.090269509,0.151683261,0.105272518,0.09316674,0.164817963,0.114190421,0.111282257
2019/6/6 18:00,0.012573465,0.004634072,0.002191242,0.009972091,0.023068875,0.043485986,0.015098847,0.01552779,0.050781154,0.017039551,0.019123675
2019/6/6 19:00,0,0,0,0,0.001002995,0.000172563,0.000209706,0,0.000662363,0.002288895,0.000185849
2019/6/6 20:00,0,0,0,0,0,0,0,0,0,0,0
2019/6/6 21:00,0,0,0,0,0,0,0,0,0,0,0
2019/6/6 22:00,0,0,0,0,0,0,0,0,0,0,0
2019/6/6 23:00,0,0,0,0,0,0,0,0,0,0,0
2019/6/7 0:00,0,0,0,0,0,0,0,0,0,0,0
2019/6/7 1:00,0,0,0,0,0,0,0,0,0,0,0
2019/6/7 2:00,0,0,0,0,0,0,0,0,0,0,0
2019/6/7 3:00,0,0,0,0,0,0,0,0,0,0,0
2019/6/7 4:00,0.007184837,0.002038991,0,0,0.001002995,0.00051769,0,0,0,0,0.000506861
2019/6/7 5:00,0.047898913,0.027989792,0.008764969,0.002016827,0.004011978,0.039344464,0.004194124,0.01552779,0.004194965,0,0.013122066
2019/6/7 6:00,0.1035814,0.044301724,0.046016089,0.023865791,0.010029945,0.04918058,0.020341503,0.03105558,0.015234346,0.02924699,0.035226835
2019/6/7 7:00,0.168244932,0.092310705,0.095684248,0.040000411,0.023068875,0.045039057,0.037117999,0.019409737,0.035105233,0.150558417,0.062591694
2019/6/7 8:00,0.250870558,0.184806774,0.124170398,0.041457009,0.050149727,0.043313423,0.062492451,0.01552779,0.094497104,0.276447633,0.095547041
2019/6/7 9:00,0.291584634,0.272483408,0.1190575,0.04336179,0.050149727,0.045384184,0.102336631,0.034937527,0.125848947,0.400047955,0.115682561
2019/6/7 10:00,0.331699973,0.316229043,0.130744125,0.030140366,0.063188656,0.064883852,0.174056155,0.120340372,0.210741789,0.512712446,0.150342463
2019/6/7 11:00,0.37241405,0.293800137,0.102988389,0.029804228,0.105314427,0.129940268,0.277651024,0.209625164,0.28923179,0.579853361,0.177457646
2019/6/7 12:00,0.386184987,0.272668771,0.068658926,0.03641494,0.115344373,0.146333795,0.316446673,0.205743217,0.311641734,0.605539848,0.17729057
2019/6/7 13:00,0.368821631,0.260805547,0.062085199,0.047843629,0.12136234,0.137187933,0.325883452,0.298909956,0.307005194,0.60274231,0.179428772
2019/6/7 14:00,0.348464593,0.214835557,0.041633604,0.03585471,0.137410253,0.161864504,0.269891894,0.240680744,0.256113646,0.543994009,0.152938717
2019/6/7 15:00,0.24548193,0.120115135,0.024103666,0.03529448,0.094281487,0.154789403,0.170071737,0.163041794,0.188111057,0.449386355,0.108988242
2019/6/7 16:00,0.137110639,0.049306521,0.013877868,0.025098297,0.060179673,0.120794406,0.097723094,0.112576477,0.117238229,0.322734173,0.067842398
2019/6/7 17:00,0.05508375,0.020019189,0.005843313,0.011428689,0.028083847,0.062985655,0.028520045,0.027173632,0.044378313,0.169123897,0.027210923
2019/6/7 18:00,0.007783573,0,0.000730414,0.000112046,0.009026951,0.016911217,0.007549424,0.003881947,0.010928987,0.049847043,0.005549189
2019/6/7 19:00,0,0,0,0,0.001002995,0.000172563,0,0,0,0.002288895,5.44E-05
2019/6/7 20:00,0,0,0,0,0,0,0,0,0,0,0
2019/6/7 21:00,0,0,0,0,0,0,0,0,0,0,0
2019/6/7 22:00,0,0,0,0,0,0,0,0,0,0,0
2019/6/7 23:00,0,0,0,0,0,0,0,0,0,0,0
2019/6/8 0:00,0,0,0,0,0,0,0,0,0,0,0
2019/6/8 1:00,0,0,0,0,0,0,0,0,0,0,0
2019/6/8 2:00,0,0,0,0,0,0,0,0,0,0,0
2019/6/8 3:00,0,0,0,0,0,0,0,0,0,0,0
2019/6/8 4:00,0.012573465,0,0,0,0.001002995,0.000690254,0,0,0,0,0.000488088
2019/6/8 5:00,0.07005216,0.012790038,0.009495383,0.014565976,0.006017967,0.058153878,0.011743548,0.038819475,0.004967722,0,0.018584901
2019/6/8 6:00,0.150881576,0.023726446,0.059163543,0.105883441,0.016047913,0.120276716,0.095626032,0.135868162,0.04603422,0.005340755,0.076462788
2019/6/8 7:00,0.246080666,0.051901601,0.16361276,0.227005133,0.032095825,0.170665239,0.204673262,0.260090482,0.130264699,0.016530907,0.165396233
2019/6/8 8:00,0.341878492,0.081003571,0.253453696,0.30409276,0.051152722,0.190164908,0.313930198,0.322201641,0.228625587,0.049084078,0.239581902
2019/6/8 9:00,0.441268737,0.100281309,0.275366119,0.375466042,0.13239528,0.23244295,0.385859429,0.384312801,0.289673365,0.188960986,0.289216728
2019/6/8 10:00,0.502938588,0.124007755,0.275366119,0.483702448,0.244730669,0.261088481,0.415637711,0.423132276,0.376332508,0.237282099,0.336542522
2019/6/8 11:00,0.492161332,0.129568641,0.270983634,0.49087339,0.282844462,0.319932613,0.425493903,0.403722539,0.441133677,0.240079637,0.354941574
2019/6/8 12:00,0.470606821,0.188699394,0.273174876,0.515635549,0.267799544,0.328043094,0.390053553,0.368785011,0.497544915,0.156662136,0.369681841
2019/6/8 13:00,0.409535707,0.222250072,0.301661027,0.429472199,0.274820505,0.316481344,0.384181779,0.236798797,0.503395787,0.110884239,0.35667241
2019/6/8 14:00,0.299368207,0.282493002,0.297278542,0.389471788,0.262784571,0.330458982,0.381665305,0.229034902,0.425236968,0.084943431,0.338703251
2019/6/8 15:00,0.270030123,0.231703578,0.230810858,0.339611332,0.199595915,0.292840153,0.332384345,0.194097374,0.322901903,0.107323736,0.278589544
2019/6/8 16:00,0.18201587,0.148846378,0.127092055,0.233055616,0.173518056,0.255739014,0.254793047,0.116458425,0.229729525,0.100457052,0.19180932
2019/6/8 17:00,0.096995299,0.075071959,0.030677393,0.113390521,0.075224591,0.139603821,0.126243139,0.058229212,0.141193687,0.019837089,0.092395117
2019/6/8 18:00,0.01496841,0.002965806,0.001460828,0.011988919,0.018053902,0.035202941,0.02159974,0.011645842,0.042943193,0.008138293,0.017180709
2019/6/8 19:00,0,0,0,0,0.001002995,0.000345127,0.000209706,0,0.001324726,0.002543216,0.000319135
2019/6/8 20:00,0,0,0,0,0,0,0,0,0,0,0
2019/6/8 21:00,0,0,0,0,0,0,0,0,0,0,0
2019/6/8 22:00,0,0,0,0,0,0,0,0,0,0,0
2019/6/8 23:00,0,0,0,0,0,0,0,0,0,0,0
2019/6/9 0:00,0,0,0,0,0,0,0,0,0,0,0
2019/6/9 1:00,0,0,0,0,0,0,0,0,0,0,0
2019/6/9 2:00,0,0,0,0,0,0,0,0,0,0,0
2019/6/9 3:00,0,0,0,0,0,0,0,0,0,0,0
2019/6/9 4:00,0.010777255,0.00908278,0,0,0.002005989,0.00051769,0,0,0,0,0.001351629
2019/6/9 5:00,0.060472378,0.093422883,0.009495383,0.007282988,0.029086842,0.059361822,0.018454147,0.038819475,0.009935443,0,0.027239082
2019/6/9 6:00,0.13531443,0.199079714,0.050398573,0.036190848,0.093278493,0.189647218,0.132744032,0.131986215,0.073853461,0.004323468,0.096654626
2019/6/9 7:00,0.205965326,0.327350815,0.108101288,0.089748821,0.163488111,0.33787921,0.3038643,0.260090482,0.175415769,0.028738346,0.192068382
2019/6/9 8:00,0.362235531,0.460626713,0.165073588,0.103082291,0.177530035,0.466093844,0.456740128,0.384312801,0.304245349,0.12182007,0.283840248
2019/6/9 9:00,0.541856455,0.61002918,0.201594294,0.153727069,0.184550996,0.538743051,0.562432059,0.527944858,0.42876957,0.2713612,0.36919563
2019/6/9 10:00,0.590952841,0.669345296,0.203785536,0.161682333,0.186556985,0.597069493,0.63876512,0.628875493,0.495778614,0.233467274,0.407850346
2019/6/9 11:00,0.620290925,0.663413684,0.21693299,0.173111022,0.204610887,0.639174972,0.70629052,0.659931073,0.526578488,0.290181002,0.431584579
2019/6/9 12:00,0.62448208,0.600575674,0.240306242,0.143306794,0.222664789,0.621573501,0.722437898,0.652167178,0.545566224,0.334178648,0.429412586
2019/6/9 13:00,0.521499417,0.508079606,0.209628849,0.160449828,0.278832484,0.551512745,0.690352848,0.58617407,0.485291202,0.181077015,0.387789917
2019/6/9 14:00,0.359241848,0.418920069,0.149004478,0.148348863,0.225673773,0.466611534,0.6077286,0.450305908,0.413976799,0.102491625,0.319159069
2019/6/9 15:00,0.301763153,0.293800137,0.087649693,0.123362612,0.20962586,0.346507382,0.463660433,0.287264114,0.312524885,0.0246692,0.232756174
2019/6/9 16:00,0.216143845,0.162748593,0.031407807,0.07058896,0.071212613,0.233823457,0.289394572,0.116458425,0.182039398,0.023397592,0.132594821
2019/6/9 17:00,0.099988981,0.088418085,0.009495383,0.024762159,0.043128765,0.106471641,0.11072488,0.027173632,0.108075543,0.033316136,0.060919053
2019/6/9 18:00,0.016165883,0.005746249,0.000730414,0.00112046,0.010029945,0.023468627,0.019083265,0.003881947,0.040514529,0.008901258,0.013056362
2019/6/9 19:00,0,0,0,0,0.001002995,0.000345127,0.000419412,0,0.001766301,0.002288895,0.000411121
2019/6/9 20:00,0,0,0,0,0,0,0,0,0,0,0
2019/6/9 21:00,0,0,0,0,0,0,0,0,0,0,0
2019/6/9 22:00,0,0,0,0,0,0,0,0,0,0,0
2019/6/9 23:00,0,0,0,0,0,0,0,0,0,0,0
2019/6/10 0:00,0,0,0,0,0,0,0,0,0,0,0
2019/6/10 1:00,0,0,0,0,0,0,0,0,0,0,0
2019/6/10 2:00,0,0,0,0,0,0,0,0,0,0,0
2019/6/10 3:00,0,0,0,0,0,0,0,0,0,0,0
2019/6/10 4:00,0.010178519,0.005560886,0,0,0.001002995,0.00051769,0,0,0,0,0.000957404
2019/6/10 5:00,0.074842052,0.040965193,0.01241704,0.006050482,0.015044918,0.047800072,0.014469729,0.027173632,0.010928987,0,0.02064989
2019/6/10 6:00,0.149085367,0.096203326,0.062815613,0.048515905,0.063188656,0.101984991,0.10904723,0.069875055,0.082022603,0.004832111,0.078092252
2019/6/10 7:00,0.219736264,0.157929159,0.119787914,0.089972913,0.114341378,0.167904224,0.243049499,0.13975011,0.216371873,0.011190153,0.154543777
2019/6/10 8:00,0.287992215,0.217616,0.16361276,0.154847529,0.142425225,0.212770718,0.39131179,0.256208534,0.355136896,0.019074124,0.23282751
2019/6/10 9:00,0.353254484,0.286570985,0.181142699,0.188349274,0.185553991,0.2600531,0.465967202,0.368785011,0.490921286,0.122837357,0.293909885
2019/6/10 10:00,0.409535707,0.346072464,0.159230276,0.117088038,0.130389291,0.296809112,0.513360805,0.438660066,0.598996829,0.290943967,0.314336381
2019/6/10 11:00,0.449651047,0.390003462,0.150465306,0.091765649,0.074221596,0.373944969,0.531605246,0.512417068,0.680798645,0.234230239,0.339579933
2019/6/10 12:00,0.49754996,0.390374188,0.111753359,0.096695671,0.126377313,0.456257728,0.540412907,0.504653173,0.699124018,0.283059996,0.3458162
2019/6/10 13:00,0.425102854,0.347370004,0.08180638,0.109356866,0.163488111,0.439519075,0.497842546,0.504653173,0.673954228,0.216936367,0.323908543
2019/6/10 14:00,0.354451957,0.291946508,0.062815613,0.118544635,0.205613882,0.407767402,0.478968987,0.481361488,0.588509417,0.189215307,0.292522588
2019/6/10 15:00,0.287992215,0.203899149,0.032138221,0.106779808,0.234700724,0.310959314,0.348741429,0.376548906,0.483524901,0.162002891,0.226899115
2019/6/10 16:00,0.193391862,0.120115135,0.013877868,0.05725549,0.230688745,0.187576456,0.194397658,0.205743217,0.344870272,0.069684132,0.142623159
2019/6/10 17:00,0.091606671,0.052086964,0.006573727,0.034846296,0.146437204,0.096980652,0.085140722,0.081520897,0.187669482,0.038656891,0.072728913
2019/6/10 18:00,0.01676462,0.003336532,0.000730414,0.00582639,0.030089836,0.030888855,0.019083265,0.01552779,0.059723053,0.009664223,0.018637464
2019/6/10 19:00,0,0,0,0,0.001002995,0.00051769,0.000209706,0,0.002097482,0.002288895,0.000467438
2019/6/10 20:00,0,0,0,0,0,0,0,0,0,0,0
2019/6/10 21:00,0,0,0,0,0,0,0,0,0,0,0
2019/6/10 22:00,0,0,0,0,0,0,0,0,0,0,0
2019/6/10 23:00,0,0,0,0,0,0,0,0,0,0,0
2019/6/11 0:00,0,0,0,0,0,0,0,0,0,0,0
2019/6/11 1:00,0,0,0,0,0,0,0,0,0,0,0
2019/6/11 2:00,0,0,0,0,0,0,0,0,0,0,0
2019/6/11 3:00,0,0,0,0,0,0,0,0,0,0,0
2019/6/11 4:00,0.019159565,0.002224354,0,0,0.001002995,0.000690254,0,0,0,0,0.000919859
2019/6/11 5:00,0.096995299,0.029101969,0.02483408,0.03473425,0.020059891,0.059534386,0.014050316,0.027173632,0.011701744,0,0.029604433
2019/6/11 6:00,0.202971644,0.065989179,0.11029253,0.173111022,0.072215607,0.151855825,0.105272518,0.097048687,0.098250494,0.005086433,0.119131093
2019/6/11 7:00,0.298769471,0.128085738,0.239575827,0.348911148,0.147440198,0.230889879,0.245565973,0.197979322,0.232047795,0.016276586,0.241385951
2019/6/11 8:00,0.418516753,0.202601609,0.40172776,0.484598816,0.243727675,0.286282742,0.358387915,0.318319694,0.356020047,0.04323468,0.362123981
2019/6/11 9:00,0.527486781,0.295468403,0.49960325,0.571882626,0.373113971,0.320450303,0.433882151,0.442542013,0.443893522,0.056205085,0.44866767
2019/6/11 10:00,0.541856455,0.372764716,0.4711171,0.586560648,0.515539196,0.384126211,0.435979213,0.524062911,0.536513931,0.056713728,0.481561068
2019/6/11 11:00,0.516110789,0.433378372,0.497412008,0.532218353,0.621856618,0.489907598,0.432204502,0.539590701,0.627699221,0.137333691,0.514557715
2019/6/11 12:00,0.50593227,0.40019842,0.517133189,0.362132572,0.615838651,0.529769752,0.452546004,0.543472648,0.663356422,0.199896817,0.500207918
2019/6/11 13:00,0.455039675,0.399086243,0.455778404,0.28269198,0.616841646,0.538225361,0.452546004,0.512417068,0.610919361,0.233721596,0.460190309
2019/6/11 14:00,0.361038058,0.358862502,0.409762315,0.283364256,0.448338562,0.480244046,0.409136818,0.407604486,0.549319613,0.182857266,0.412188701
2019/6/11 15:00,0.295775789,0.231518215,0.277557361,0.288966554,0.303907347,0.385851846,0.367405282,0.256208534,0.4603422,0.14343741,0.324755189
2019/6/11 16:00,0.187404498,0.127344286,0.114675015,0.171766471,0.189565969,0.244694954,0.260874527,0.166923742,0.32687608,0.103763233,0.194968753
2019/6/11 17:00,0.09519909,0.072476879,0.02483408,0.03529448,0.094281487,0.125971309,0.125614021,0.097048687,0.186344756,0.025686487,0.08590542
2019/6/11 18:00,0.015567147,0.00389262,0.001460828,0.000672276,0.032095825,0.033994997,0.023487096,0.019409737,0.058619115,0.006866685,0.01872945
2019/6/11 19:00,0,0,0,0,0.002005989,0.00051769,0.000209706,0,0.001876695,0.002288895,0.000448666
2019/6/11 20:00,0,0,0,0,0,0,0,0,0,0,0
2019/6/11 21:00,0,0,0,0,0,0,0,0,0,0,0
2019/6/11 22:00,0,0,0,0,0,0,0,0,0,0,0
2019/6/11 23:00,0,0,0,0,0,0,0,0,0,0,0
2019/6/12 0:00,0,0,0,0,0,0,0,0,0,0,0
2019/6/12 1:00,0,0,0,0,0,0,0,0,0,0,0
2019/6/12 2:00,0,0,0,0,0,0,0,0,0,0,0
2019/6/12 3:00,0,0,0,0,0,0,0,0,0,0,0
2019/6/12 4:00,0.013172201,0.005560886,0,0,0.002005989,0.000690254,0,0,0,0,0.001088812
2019/6/12 5:00,0.088612989,0.05116015,0.023373251,0.014902114,0.049146733,0.063675908,0.016147378,0.042701422,0.010818594,0,0.029660751
2019/6/12 6:00,0.206564063,0.124193118,0.124900813,0.078880362,0.140419236,0.185333132,0.117854891,0.163041794,0.095269861,0.016530907,0.121918828
2019/6/12 7:00,0.340082283,0.20853322,0.268061978,0.162130517,0.273817511,0.327525404,0.267375419,0.314437746,0.243749539,0.099948408,0.249925619
2019/6/12 8:00,0.45084852,0.320677752,0.384197821,0.27462467,0.382140922,0.465576154,0.396344739,0.454187856,0.373903845,0.264240194,0.372146687
2019/6/12 9:00,0.515512053,0.440236798,0.420718526,0.4475116,0.398188835,0.535119219,0.467435145,0.555118491,0.459017474,0.421156652,0.459377454
2019/6/12 10:00,0.530480463,0.545522904,0.392232376,0.550257754,0.466392464,0.51510186,0.476452512,0.597819913,0.541923228,0.523648277,0.497228702
2019/6/12 11:00,0.550837501,0.6074341,0.37689368,0.55149026,0.567694913,0.525973357,0.492809597,0.63275744,0.658167913,0.568154565,0.526729886
2019/6/12 12:00,0.539461509,0.618185146,0.384197821,0.56594419,0.598787744,0.520451327,0.554463223,0.659931073,0.666889024,0.545011295,0.539887621
2019/6/12 13:00,0.448453574,0.645433487,0.354250842,0.528632882,0.580733842,0.545818152,0.550478805,0.640521335,0.647128532,0.517035914,0.523405254
2019/6/12 14:00,0.267635177,0.592234345,0.338912146,0.43417813,0.516542191,0.549787111,0.517974342,0.57064628,0.579567518,0.488551889,0.473822991
2019/6/12 15:00,0.201774172,0.456178004,0.289243987,0.284148577,0.367096004,0.460571814,0.448561586,0.469715646,0.461446138,0.401319563,0.375749154
2019/6/12 16:00,0.155671468,0.313819326,0.167995245,0.148124771,0.277829489,0.325109516,0.31770491,0.314437746,0.321687571,0.25279572,0.245440839
2019/6/12 17:00,0.087415516,0.154221901,0.045285675,0.064426432,0.158473138,0.181709299,0.159167014,0.163041794,0.167798596,0.132247258,0.115170069
2019/6/12 18:00,0.015567147,0.006116974,0.001460828,0.008515494,0.045134755,0.052459285,0.031875344,0.042701422,0.053320212,0.028484025,0.023657265
2019/6/12 19:00,0,0,0,0,0.002005989,0.000690254,0.000209706,0,0.002097482,0.002034573,0.000503106
2019/6/12 20:00,0,0,0,0,0,0,0,0,0,0,0
2019/6/12 21:00,0,0,0,0,0,0,0,0,0,0,0
2019/6/12 22:00,0,0,0,0,0,0,0,0,0,0,0
2019/6/12 23:00,0,0,0,0,0,0,0,0,0,0,0
2019/6/13 0:00,0,0,0,0,0,0,0,0,0,0,0
2019/6/13 1:00,0,0,0,0,0,0,0,0,0,0,0
2019/6/13 2:00,0,0,0,0,0,0,0,0,0,0,0
2019/6/13 3:00,0,0,0,0,0,0,0,0,0,0,0
2019/6/13 4:00,0.008981046,0.008712055,0,0,0.003008984,0.000862817,0,0,0,0,0.001314084
2019/6/13 5:00,0.068854688,0.11918832,0.038711948,0.027563308,0.054161705,0.066609487,0.019083265,0.04658337,0.01446159,0,0.043477405
2019/6/13 6:00,0.132320748,0.240786358,0.182603527,0.164147345,0.199595915,0.214496353,0.139454631,0.174687637,0.12043965,0.014750656,0.171559286
2019/6/13 7:00,0.219137528,0.423739503,0.368128711,0.341852251,0.380134933,0.3704937,0.315188436,0.326083589,0.282718555,0.072735992,0.341691853
2019/6/13 8:00,0.298170734,0.597424505,0.537584784,0.51978125,0.551647,0.519933636,0.480646636,0.481361488,0.45106912,0.17573626,0.506299636
2019/6/13 9:00,0.358044376,0.715871374,0.664676838,0.602919359,0.703099176,0.642798804,0.605421832,0.60170186,0.587405479,0.196844957,0.623296281
2019/6/13 10:00,0.370019104,0.77388995,0.74137032,0.662079631,0.791362696,0.722695675,0.685110192,0.671576915,0.682785733,0.126143538,0.695724832
2019/6/13 11:00,0.389178669,0.821528206,0.7662044,0.721688086,0.815434566,0.769287803,0.726422316,0.698750548,0.716897422,0.237536421,0.734674279
2019/6/13 12:00,0.441867474,0.780933739,0.747213633,0.717878524,0.817440555,0.766871915,0.731455265,0.714278337,0.695591416,0.310526734,0.724587746
2019/6/13 13:00,0.374210259,0.736446652,0.68805009,0.648522069,0.78333874,0.717173645,0.698111978,0.687104705,0.640394509,0.278736528,0.671170235
2019/6/13 14:00,0.280208642,0.636350706,0.58140963,0.575356051,0.686048269,0.622608882,0.62932834,0.605583808,0.538169838,0.182348623,0.578116199
2019/6/13 15:00,0.185009552,0.482870256,0.432405152,0.435522682,0.535599087,0.497845516,0.513360805,0.458069803,0.401060723,0.165054751,0.440516595
2019/6/13 16:00,0.12693212,0.334394604,0.25418411,0.279218555,0.369101993,0.344609184,0.358178209,0.283382166,0.261412549,0.105034841,0.285349567
2019/6/13 17:00,0.057478696,0.174797179,0.092762592,0.113838705,0.179536024,0.192408233,0.180137636,0.135868162,0.13666754,0.076296495,0.133210563
2019/6/13 18:00,0.008981046,0.007043789,0.005843313,0.011764827,0.051152722,0.055392863,0.035650056,0.03105558,0.044930282,0.015259299,0.023897555
2019/6/13 19:00,0,0,0,0,0.002005989,0.000862817,0.000209706,0,0.00143512,0.002288895,0.000411121
2019/6/13 20:00,0,0,0,0,0,0,0,0,0,0,0
2019/6/13 21:00,0,0,0,0,0,0,0,0,0,0,0
2019/6/13 22:00,0,0,0,0,0,0,0,0,0,0,0
2019/6/13 23:00,0,0,0,0,0,0,0,0,0,0,0
2019/6/14 0:00,0,0,0,0,0,0,0,0,0,0,0
2019/6/14 1:00,0,0,0,0,0,0,0,0,0,0,0
2019/6/14 2:00,0,0,0,0,0,0,0,0,0,0,0
2019/6/14 3:00,0,0,0,0,0,0,0,0,0,0,0
2019/6/14 4:00,0.011375992,0.009824232,0,0,0.003008984,0.00051769,0,0,0,0,0.001464265
2019/6/14 5:00,0.081428152,0.111773806,0.037981534,0.035742664,0.062185662,0.046247001,0.014260022,0.023291685,0.007065204,0,0.039422517
2019/6/14 6:00,0.170041142,0.227996321,0.173108144,0.157088449,0.19859292,0.130457959,0.104853106,0.065993107,0.038637835,0.008392614,0.136351224
2019/6/14 7:00,0.27541875,0.394822897,0.341103389,0.284260623,0.358069053,0.236584472,0.234870957,0.128104267,0.076944488,0.041200107,0.256963477
2019/6/14 8:00,0.384987514,0.570361527,0.473308342,0.39664273,0.516542191,0.337016393,0.361743215,0.178569584,0.108406724,0.037639604,0.363997489
2019/6/14 9:00,0.454440938,0.699559443,0.571914247,0.457371646,0.608817689,0.460916941,0.377051768,0.209625164,0.110283419,0.095370619,0.433600759
2019/6/14 10:00,0.473600504,0.774075313,0.636921102,0.47810015,0.729177035,0.516827495,0.290233397,0.209625164,0.133024545,0.066886594,0.466148741
2019/6/14 11:00,0.503537324,0.788162891,0.644225243,0.526055825,0.774311789,0.315100836,0.273037487,0.225152954,0.144726289,0.109866953,0.458844311
2019/6/14 12:00,0.495155014,0.763880356,0.592365842,0.410648476,0.664985384,0.257982339,0.252066866,0.217389059,0.139868961,0.187180734,0.41268993
2019/6/14 13:00,0.486173968,0.693257105,0.560227621,0.349583423,0.539611065,0.245902898,0.191461771,0.143632057,0.120770831,0.215919081,0.371076647
2019/6/14 14:00,0.449651047,0.566839633,0.455778404,0.270703061,0.363084025,0.13304641,0.142180811,0.085402845,0.080145908,0.141911481,0.286804446
2019/6/14 15:00,0.34068102,0.406871483,0.269522806,0.15148615,0.227679762,0.08835248,0.094787208,0.027173632,0.054865725,0.203965963,0.181046972
2019/6/14 16:00,0.210156481,0.207421043,0.10664046,0.075294891,0.133398275,0.06074233,0.041312124,0.011645842,0.049566822,0.109103988,0.09021937
2019/6/14 17:00,0.095797826,0.100095946,0.011686626,0.019159861,0.06619764,0.028990657,0.01824444,0.003881947,0.03907941,0.018056837,0.032347114
2019/6/14 18:00,0.014369674,0.006858426,0.001460828,0.000336138,0.019056896,0.013287385,0.007339717,0,0.010045837,0.007883971,0.005802619
2019/6/14 19:00,0,0,0,0,0.001002995,0.000345127,0.000209706,0,0.000110394,0.002288895,0.000110759
2019/6/14 20:00,0,0,0,0,0,0,0,0,0,0,0
2019/6/14 21:00,0,0,0,0,0,0,0,0,0,0,0
2019/6/14 22:00,0,0,0,0,0,0,0,0,0,0,0
2019/6/14 23:00,0,0,0,0,0,0,0,0,0,0,0
2019/6/15 0:00,0,0,0,0,0,0,0,0,0,0,0
2019/6/15 1:00,0,0,0,0,0,0,0,0,0,0,0
2019/6/15 2:00,0,0,0,0,0,0,0,0,0,0,0
2019/6/15 3:00,0,0,0,0,0,0,0,0,0,0,0
2019/6/15 4:00,0.009579783,0.00259508,0,0,0,0.000345127,0,0,0,0,0.000600724
2019/6/15 5:00,0.053287541,0.025765438,0.005112899,0.00112046,0.005014973,0.032441926,0.006710599,0.023291685,0.000110394,0,0.011150941
2019/6/15 6:00,0.095797826,0.069696436,0.018260353,0.032717423,0.032095825,0.089215297,0.034811231,0.03105558,0.007175598,0.011953118,0.036469583
2019/6/15 7:00,0.137709375,0.099910583,0.05332023,0.112718245,0.089266515,0.137705623,0.069412756,0.058229212,0.05067076,0.134790474,0.082317971
2019/6/15 8:00,0.188003234,0.133461261,0.130744125,0.146892265,0.148443193,0.169457295,0.097303682,0.027173632,0.128277611,0.281025423,0.132750634
2019/6/15 9:00,0.223927419,0.179060525,0.178221042,0.146556127,0.186556985,0.183434934,0.093319264,0.042701422,0.181156247,0.401065241,0.163147272
2019/6/15 10:00,0.243685721,0.202972334,0.169456073,0.169973735,0.199595915,0.26505744,0.085979547,0.12422232,0.19859847,0.442011027,0.183536223
2019/6/15 11:00,0.279609905,0.216503823,0.165073588,0.169637597,0.281841467,0.436930623,0.092061027,0.135868162,0.133355726,0.536618681,0.195798503
2019/6/15 12:00,0.30715178,0.219284266,0.087649693,0.200002055,0.47441642,0.425541436,0.078010711,0.131986215,0.158746303,0.607828743,0.187895227
2019/6/15 13:00,0.331699973,0.168680205,0.040172776,0.20818141,0.351048091,0.342020733,0.06144392,0.10869453,0.194734686,0.590280549,0.164694137
2019/6/15 14:00,0.265838968,0.11140308,0.032138221,0.17400739,0.315943282,0.300950635,0.049490666,0.07763895,0.248054898,0.522122347,0.149905061
2019/6/15 15:00,0.18860197,0.069325711,0.026294908,0.104090705,0.240718691,0.198620516,0.041102417,0.050465317,0.28459525,0.429040623,0.120927633
2019/6/15 16:00,0.10178519,0.053940593,0.017529939,0.052549559,0.108323411,0.102330118,0.033343288,0.03105558,0.256886403,0.314087237,0.085612567
2019/6/15 17:00,0.035924185,0.026506889,0.008034555,0.024089883,0.012035935,0.073339461,0.027261807,0.011645842,0.17022726,0.181585658,0.051406963
2019/6/15 18:00,0.006586101,0.001668266,0.001460828,0.001008414,0.006017967,0.028472967,0.009227073,0,0.057846358,0.045014932,0.015125106
2019/6/15 19:00,0,0,0,0,0.001002995,0.00051769,0.000209706,0,0.001655907,0.002288895,0.000392348
2019/6/15 20:00,0,0,0,0,0,0,0,0,0,0,0
2019/6/15 21:00,0,0,0,0,0,0,0,0,0,0,0
2019/6/15 22:00,0,0,0,0,0,0,0,0,0,0,0
2019/6/15 23:00,0,0,0,0,0,0,0,0,0,0,0
2019/6/16 0:00,0,0,0,0,0,0,0,0,0,0,0
2019/6/16 1:00,0,0,0,0,0,0,0,0,0,0,0
2019/6/16 2:00,0,0,0,0,0,0,0,0,0,0,0
2019/6/16 3:00,0,0,0,0,0,0,0,0,0,0,0
2019/6/16 4:00,0.007184837,0.002038991,0,0,0.001002995,0.000690254,0,0,0,0,0.000525634
2019/6/16 5:00,0.031134294,0.024097172,0.021182009,0.013109378,0.010029945,0.056083117,0.01384061,0.027173632,0.010818594,0,0.021738702
2019/6/16 6:00,0.050892595,0.050789424,0.111022944,0.071597374,0.030089836,0.14460816,0.091641614,0.081520897,0.084451267,0.028738346,0.090283197
2019/6/16 7:00,0.116154864,0.08415474,0.279748603,0.188349274,0.06619764,0.208284069,0.238645669,0.186333479,0.211404152,0.154627563,0.206983234
2019/6/16 8:00,0.183213343,0.127344286,0.481342897,0.319218966,0.113338384,0.299225,0.372228525,0.361021116,0.346194998,0.30060819,0.342378931
2019/6/16 9:00,0.251469294,0.162192505,0.639112345,0.418491694,0.144431215,0.439864202,0.399909745,0.520180963,0.472816701,0.419122079,0.453693102
2019/6/16 10:00,0.297571998,0.205196689,0.720918725,0.486727689,0.211631849,0.473168945,0.414169767,0.574528228,0.563229234,0.514747019,0.516817939
2019/6/16 11:00,0.327508819,0.207791769,0.736987835,0.613227588,0.236706713,0.48145199,0.480227224,0.597819913,0.653972948,0.583922508,0.567695514
2019/6/16 12:00,0.266437704,0.194445643,0.697545473,0.578829476,0.233697729,0.432789101,0.505601676,0.559000438,0.691396451,0.608591708,0.550118703
2019/6/16 13:00,0.174232297,0.210386849,0.612817437,0.499612976,0.227679762,0.386542099,0.496584308,0.524062911,0.618315747,0.576038536,0.49348544
2019/6/16 14:00,0.1035814,0.189996934,0.516402775,0.498044332,0.195583936,0.366352177,0.451707179,0.485243436,0.520396434,0.503556866,0.43828453
2019/6/16 15:00,0.068854688,0.153295087,0.395884447,0.377594916,0.15446116,0.340295098,0.382294423,0.345493326,0.425678543,0.44251967,0.349189641
2019/6/16 16:00,0.04849765,0.078779217,0.237384585,0.241571109,0.1103294,0.248836477,0.258358052,0.213507112,0.30369338,0.334178648,0.227681933
2019/6/16 17:00,0.029338084,0.036516484,0.090571349,0.109917096,0.0551647,0.150647881,0.109886055,0.073757002,0.171441592,0.159713996,0.107469537
2019/6/16 18:00,0.007184837,0.002224354,0.007304141,0.011540735,0.014041924,0.045384184,0.01992209,0.011645842,0.053872181,0.027212417,0.021169892
2019/6/16 19:00,0,0,0,0,0.001002995,0.000862817,0.000209706,0,0.002539058,0.002034573,0.000578197
2019/6/16 20:00,0,0,0,0,0,0,0,0,0,0,0
2019/6/16 21:00,0,0,0,0,0,0,0,0,0,0,0
2019/6/16 22:00,0,0,0,0,0,0,0,0,0,0,0
2019/6/16 23:00,0,0,0,0,0,0,0,0,0,0,0
2019/6/17 0:00,0,0,0,0,0,0,0,0,0,0,0
2019/6/17 1:00,0,0,0,0,0,0,0,0,0,0,0
2019/6/17 2:00,0,0,0,0,0,0,0,0,0,0,0
2019/6/17 3:00,0,0,0,0,0,0,0,0,0,0,0
2019/6/17 4:00,0.011974728,0.003521894,0,0,0.004011978,0.000690254,0,0,0,0,0.000882313
2019/6/17 5:00,0.059274905,0.073218331,0.029216564,0.026218757,0.046137749,0.060914893,0.016147378,0.03105558,0.011480957,0,0.033565458
2019/6/17 6:00,0.129327065,0.159782787,0.140969923,0.188573366,0.129386296,0.192063106,0.116177241,0.089284792,0.088867019,0.016785229,0.141331602
2019/6/17 7:00,0.211353954,0.255986113,0.28632233,0.375914226,0.192574953,0.32735284,0.265278357,0.217389059,0.230943857,0.109866953,0.282681977
2019/6/17 8:00,0.259851604,0.303439006,0.449935091,0.523254675,0.282844462,0.450390571,0.414798886,0.376548906,0.372137544,0.160222639,0.416283011
2019/6/17 9:00,0.293380843,0.368316007,0.584331287,0.647401609,0.374116965,0.517345185,0.507489031,0.543472648,0.489706954,0.224311695,0.52507414
2019/6/17 10:00,0.318527772,0.434861275,0.68805009,0.695357284,0.48544936,0.585680306,0.595146228,0.640521335,0.611140149,0.232449988,0.610061579
2019/6/17 11:00,0.267635177,0.468597316,0.737718249,0.724713328,0.547635022,0.645042128,0.645475719,0.687104705,0.708065916,0.314595881,0.661034894
2019/6/17 12:00,0.255660449,0.527728069,0.735527007,0.714517144,0.553652989,0.660400274,0.687207255,0.718160285,0.735112401,0.224566017,0.675332127
2019/6/17 13:00,0.244883193,0.518459926,0.669059323,0.68045517,0.559670956,0.64763058,0.669801639,0.687104705,0.71888451,0.199642495,0.643985594
2019/6/17 14:00,0.241290775,0.443202604,0.555845136,0.597653199,0.559670956,0.567733709,0.604373301,0.61722965,0.638517814,0.176244903,0.561513687
2019/6/17 15:00,0.233507201,0.368872096,0.403188588,0.451321163,0.465389469,0.47644765,0.490293122,0.493007331,0.51620147,0.12029414,0.440862012
2019/6/17 16:00,0.192194389,0.227069506,0.233002101,0.303644576,0.333997184,0.356688625,0.329238752,0.341611379,0.345091059,0.059002623,0.289946983
2019/6/17 17:00,0.093402881,0.120115135,0.077423895,0.141962243,0.171512067,0.205695617,0.165248495,0.174687637,0.196721775,0.026958095,0.141256511
2019/6/17 18:00,0.017363356,0.007414514,0.005112899,0.015126206,0.050149727,0.063330781,0.0337627,0.042701422,0.059391871,0.011190153,0.028241541
2019/6/17 19:00,0,0,0,0,0.003008984,0.001035381,0.000419412,0,0.001766301,0.002543216,0.000525634
2019/6/17 20:00,0,0,0,0,0,0,0,0,0,0,0
2019/6/17 21:00,0,0,0,0,0,0,0,0,0,0,0
2019/6/17 22:00,0,0,0,0,0,0,0,0,0,0,0
2019/6/17 23:00,0,0,0,0,0,0,0,0,0,0,0
2019/6/18 0:00,0,0,0,0,0,0,0,0,0,0,0
2019/6/18 1:00,0,0,0,0,0,0,0,0,0,0,0
2019/6/18 2:00,0,0,0,0,0,0,0,0,0,0,0
2019/6/18 3:00,0,0,0,0,0,0,0,0,0,0,0
2019/6/18 4:00,0.017363356,0.012048586,0,0,0.003008984,0.000690254,0,0,0,0,0.001896035
2019/6/18 5:00,0.088612989,0.093793608,0.02848615,0.038655859,0.043128765,0.051423904,0.014679435,0.034937527,0.007175598,0,0.036700486
2019/6/18 6:00,0.177225979,0.182767782,0.144621993,0.173335114,0.181542013,0.16117425,0.101078394,0.120340372,0.046255008,0.006358041,0.133989627
2019/6/18 7:00,0.350859539,0.316785132,0.314078067,0.315185311,0.363084025,0.306990355,0.211803273,0.205743217,0.070431253,0.059765588,0.258133012
2019/6/18 8:00,0.516110789,0.461553527,0.452126333,0.459612565,0.533593098,0.396723342,0.298202233,0.260090482,0.102997428,0.14496334,0.367136272
2019/6/18 9:00,0.580175585,0.601687851,0.566801348,0.549697524,0.671003351,0.434342172,0.350209373,0.298909956,0.126621703,0.20650918,0.445572064
2019/6/18 10:00,0.606519987,0.64821393,0.638381931,0.545215685,0.767290827,0.461952322,0.396764152,0.329965536,0.133355726,0.206254858,0.480374638
2019/6/18 11:00,0.602328833,0.636906795,0.665407253,0.566952603,0.799386653,0.443660597,0.398441802,0.345493326,0.159408666,0.221005514,0.493736994
2019/6/18 12:00,0.571793275,0.597980594,0.638381931,0.558885293,0.775314784,0.390165932,0.373277056,0.298909956,0.17342868,0.207780788,0.472050855
2019/6/18 13:00,0.532875409,0.571102979,0.558036379,0.476307414,0.679027307,0.313720329,0.385649723,0.232916849,0.167467414,0.126652182,0.41980851
2019/6/18 14:00,0.432287691,0.485094611,0.441170121,0.340283608,0.571706891,0.25453107,0.362582039,0.190215427,0.196280199,0.201168425,0.34799007
2019/6/18 15:00,0.249673085,0.330316621,0.297278542,0.236977224,0.429281665,0.220363509,0.337627,0.159159847,0.209858638,0.105543485,0.263783573
2019/6/18 16:00,0.153276522,0.188699394,0.129283297,0.156304127,0.267799544,0.19982846,0.274086018,0.170805689,0.177402857,0.024160557,0.173224419
2019/6/18 17:00,0.068854688,0.114368886,0.025564494,0.084930845,0.144431215,0.154789403,0.139454631,0.131986215,0.11812138,0.013479047,0.093136636
2019/6/18 18:00,0.014369674,0.008712055,0.001460828,0.011876873,0.038113793,0.05470261,0.026213276,0.027173632,0.039300197,0.006612363,0.020755017
2019/6/18 19:00,0,0,0,0,0.002005989,0.001035381,0.000209706,0,0.001545513,0.00152593,0.000443034
2019/6/18 20:00,0,0,0,0,0,0,0,0,0,0,0
2019/6/18 21:00,0,0,0,0,0,0,0,0,0,0,0
2019/6/18 22:00,0,0,0,0,0,0,0,0,0,0,0
2019/6/18 23:00,0,0,0,0,0,0,0,0,0,0,0
2019/6/19 0:00,0,0,0,0,0,0,0,0,0,0,0
2019/6/19 1:00,0,0,0,0,0,0,0,0,0,0,0
2019/6/19 2:00,0,0,0,0,0,0,0,0,0,0,0
2019/6/19 3:00,0,0,0,0,0,0,0,0,0,0,0
2019/6/19 4:00,0.015567147,0.004077983,0,0,0.001002995,0.000690254,0,0,0,0,0.000994949
2019/6/19 5:00,0.117951074,0.058574665,0.032868635,0.032045147,0.012035935,0.060052076,0.016147378,0.027173632,0.008058748,0,0.034335135
2019/6/19 6:00,0.25206803,0.15737307,0.156308619,0.164595528,0.053158711,0.146506358,0.11072488,0.100930635,0.054534544,0.011444474,0.132675544
2019/6/19 7:00,0.390974878,0.270259053,0.321382208,0.319331012,0.08826352,0.279035078,0.251437747,0.201861269,0.136998722,0.066123629,0.263792959
2019/6/19 8:00,0.528684254,0.374618345,0.480612483,0.465102817,0.102305444,0.439173948,0.396554446,0.361021116,0.27532217,0.143183089,0.406489331
2019/6/19 9:00,0.619093452,0.483240982,0.579218388,0.572106718,0.188562975,0.562039115,0.53412172,0.524062911,0.397307333,0.167852289,0.519701415
2019/6/19 10:00,0.634660599,0.480089813,0.631077789,0.64930639,0.226676767,0.659882584,0.632264227,0.636639388,0.481868994,0.239825316,0.586631463
2019/6/19 11:00,0.622087134,0.433749098,0.688780504,0.655132781,0.339012156,0.712341869,0.672318114,0.67934081,0.543689529,0.257373509,0.621452809
2019/6/19 12:00,0.651425219,0.284902719,0.680745949,0.632163357,0.4964823,0.69232451,0.670011345,0.687104705,0.576366098,0.29145261,0.608131753
2019/6/19 13:00,0.596940205,0.213167292,0.615739093,0.570313982,0.522560158,0.616051471,0.625343922,0.644403283,0.562677265,0.363934281,0.556422551
2019/6/19 14:00,0.45084852,0.128271101,0.522976501,0.500285252,0.429281665,0.564109876,0.549849686,0.559000438,0.447646912,0.360628099,0.469800017
2019/6/19 15:00,0.319126509,0.09453506,0.383467407,0.376586502,0.418248725,0.478000721,0.428010377,0.415368381,0.341779245,0.208798074,0.359122238
2019/6/19 16:00,0.229914783,0.073589056,0.202324708,0.233951983,0.281841467,0.323901572,0.27953838,0.256208534,0.25390577,0.112155847,0.227788937
2019/6/19 17:00,0.114957392,0.051530876,0.06573727,0.091205419,0.13239528,0.165315773,0.128340201,0.112576477,0.15256425,0.089775542,0.105000936
2019/6/19 18:00,0.017962092,0.004448709,0.003652071,0.009411861,0.043128765,0.04417624,0.023277389,0.023291685,0.053761787,0.010935831,0.021575381
2019/6/19 19:00,0,0,0,0,0.003008984,0.001035381,0.000419412,0,0.00231827,0.00152593,0.000611988
2019/6/19 20:00,0,0,0,0,0,0,0,0,0,0,0
2019/6/19 21:00,0,0,0,0,0,0,0,0,0,0,0
2019/6/19 22:00,0,0,0,0,0,0,0,0,0,0,0
2019/6/19 23:00,0,0,0,0,0,0,0,0,0,0,0
2019/6/20 0:00,0,0,0,0,0,0,0,0,0,0,0
2019/6/20 1:00,0,0,0,0,0,0,0,0,0,0,0
2019/6/20 2:00,0,0,0,0,0,0,0,0,0,0,0
2019/6/20 3:00,0,0,0,0,0,0,0,0,0,0,0
2019/6/20 4:00,0.013770938,0.0064877,0,0,0.002005989,0.000690254,0,0,0,0,0.001201448
2019/6/20 5:00,0.091007935,0.078779217,0.023373251,0.026666941,0.038113793,0.062295401,0.016566791,0.042701422,0.011149775,0,0.034241272
2019/6/20 6:00,0.192194389,0.175723994,0.109562116,0.156304127,0.12136234,0.180501355,0.121000484,0.143632057,0.093834741,0.005340755,0.13385071
2019/6/20 7:00,0.328107555,0.280639374,0.222776303,0.322916483,0.234700724,0.347715326,0.279957792,0.295028009,0.241983238,0.039165534,0.273055373
2019/6/20 8:00,0.469409349,0.435046638,0.319921379,0.484150632,0.383143916,0.505093181,0.444367462,0.458069803,0.408788289,0.035605031,0.415945103
2019/6/20 9:00,0.617895979,0.497884648,0.415605628,0.601462762,0.582739831,0.630719363,0.572707663,0.593937965,0.554618516,0.040182821,0.531505643
2019/6/20 10:00,0.673578466,0.675832996,0.513481118,0.673284228,0.701093187,0.699227048,0.651347492,0.671576915,0.660706971,0.09562494,0.627373696
2019/6/20 11:00,0.681362039,0.742192901,0.595287498,0.698046387,0.768293822,0.734602552,0.677560769,0.702632495,0.717007815,0.135553439,0.678335747
2019/6/20 12:00,0.618494716,0.698632628,0.613547851,0.67877448,0.767290827,0.738053821,0.678399594,0.71039639,0.725949714,0.068412524,0.675249527
2019/6/20 13:00,0.526289308,0.666935579,0.582870458,0.62207922,0.72817404,0.700780119,0.655961029,0.67934081,0.68499361,0.023651913,0.636172426
2019/6/20 14:00,0.392771088,0.527913432,0.506176977,0.516531917,0.622859613,0.624852206,0.58508033,0.593937965,0.589723749,0.028484025,0.543640269
2019/6/20 15:00,0.322718927,0.360901493,0.376163266,0.386446547,0.461377491,0.505093181,0.474984569,0.461951751,0.450075576,0.020854375,0.413226827
2019/6/20 16:00,0.204169117,0.24801551,0.208898435,0.250870925,0.317949271,0.354617864,0.328190221,0.298909956,0.274770201,0.01856548,0.262465734
2019/6/20 17:00,0.098192772,0.127529649,0.068658926,0.103754567,0.162485116,0.201036404,0.157069952,0.147514004,0.131810213,0.013733369,0.119645463
2019/6/20 18:00,0.017363356,0.007599877,0.002921656,0.010644367,0.050149727,0.060569766,0.027471514,0.034937527,0.034774051,0.006612363,0.021487149
2019/6/20 19:00,0,0,0,0,0.003008984,0.001207944,0.000419412,0,0.000883151,0.001780252,0.000388593
2019/6/20 20:00,0,0,0,0,0,0,0,0,0,0,0
2019/6/20 21:00,0,0,0,0,0,0,0,0,0,0,0
2019/6/20 22:00,0,0,0,0,0,0,0,0,0,0,0
2019/6/20 23:00,0,0,0,0,0,0,0,0,0,0,0
2019/6/21 0:00,0,0,0,0,0,0,0,0,0,0,0
2019/6/21 1:00,0,0,0,0,0,0,0,0,0,0,0
2019/6/21 2:00,0,0,0,0,0,0,0,0,0,0,0
2019/6/21 3:00,0,0,0,0,0,0,0,0,0,0,0
2019/6/21 4:00,0.011375992,0.005375523,0,0,0.004011978,0.00051769,0,0,0,0,0.001032495
2019/6/21 5:00,0.053886277,0.041335918,0.010956212,0.010868459,0.041122776,0.047109818,0.013630904,0.027173632,0.00463654,0,0.019730031
2019/6/21 6:00,0.085619307,0.092125343,0.05332023,0.080112868,0.122365335,0.167731661,0.102756044,0.089284792,0.038196259,0.012970404,0.079785543
2019/6/21 7:00,0.141301794,0.160894965,0.133665782,0.199105687,0.262784571,0.308715989,0.209706211,0.170805689,0.087321506,0.074516243,0.169372275
2019/6/21 8:00,0.192793125,0.21891354,0.239575827,0.345437722,0.336003173,0.446249049,0.338885238,0.295028009,0.151570705,0.180568371,0.274211767
2019/6/21 9:00,0.227519837,0.278044294,0.338912146,0.484262678,0.422260704,0.522694651,0.411653293,0.376548906,0.218138174,0.289418037,0.362589542
2019/6/21 10:00,0.257456658,0.326053275,0.429483496,0.543647042,0.509521229,0.538743051,0.494906659,0.372666959,0.326434505,0.369020714,0.431265445
2019/6/21 11:00,0.249074348,0.376471973,0.478421241,0.574571729,0.647934476,0.622263755,0.518813167,0.427014223,0.477011666,0.388094837,0.496059168
2019/6/21 12:00,0.237698356,0.377954876,0.487916624,0.543310904,0.716138106,0.612255075,0.464918671,0.423132276,0.60683479,0.288400751,0.509571705
2019/6/21 13:00,0.199977962,0.375545159,0.464543373,0.474626725,0.609820684,0.555999395,0.41626683,0.384312801,0.618315747,0.357067596,0.478747051
2019/6/21 14:00,0.15028284,0.298248846,0.377624094,0.405606408,0.546632027,0.467646915,0.375793531,0.252326587,0.528896758,0.332144074,0.399267501
2019/6/21 15:00,0.104778872,0.189811571,0.25418411,0.256585269,0.442320595,0.314238019,0.300718707,0.155277899,0.434178866,0.292469897,0.283710717
2019/6/21 16:00,0.065262269,0.114739612,0.143891579,0.149021139,0.279835478,0.187058766,0.181186167,0.081520897,0.272783112,0.164800429,0.168968664
2019/6/21 17:00,0.033529239,0.062281922,0.045285675,0.04392202,0.108323411,0.09387451,0.094577501,0.04658337,0.145499046,0.044251967,0.074384658
2019/6/21 18:00,0.006586101,0.005560886,0.002921656,0.002689103,0.017050907,0.029508348,0.018454147,0.011645842,0.056521632,0.009409901,0.017396594
2019/6/21 19:00,0,0,0,0,0.001002995,0.000862817,0.000209706,0,0.003863783,0.001780252,0.000801591
2019/6/21 20:00,0,0,0,0,0,0,0,0,0,0,0
2019/6/21 21:00,0,0,0,0,0,0,0,0,0,0,0
2019/6/21 22:00,0,0,0,0,0,0,0,0,0,0,0
2019/6/21 23:00,0,0,0,0,0,0,0,0,0,0,0
2019/6/22 0:00,0,0,0,0,0,0,0,0,0,0,0
2019/6/22 1:00,0,0,0,0,0,0,0,0,0,0,0
2019/6/22 2:00,0,0,0,0,0,0,0,0,0,0,0
2019/6/22 3:00,0,0,0,0,0,0,0,0,0,0,0
2019/6/22 4:00,0.009579783,0.00259508,0,0,0.001002995,0.000690254,0,0,0,0,0.000657042
2019/6/22 5:00,0.032930503,0.026136164,0.021182009,0.010644367,0.009026951,0.058153878,0.013421198,0.038819475,0.010045837,0,0.022189245
2019/6/22 6:00,0.067058478,0.079149942,0.102988389,0.089188591,0.03309882,0.178775721,0.1012881,0.131986215,0.075730156,0.00457779,0.099960486
2019/6/22 7:00,0.096995299,0.130310092,0.210359263,0.188237228,0.06619764,0.336153576,0.223756528,0.256208534,0.179058765,0.013987691,0.202622353
2019/6/22 8:00,0.112562446,0.232815755,0.312617238,0.284260623,0.142425225,0.46436821,0.335320232,0.380430854,0.310537796,0.021108697,0.309641347
2019/6/22 9:00,0.132919484,0.313819326,0.357902913,0.370311928,0.254760615,0.569459343,0.39907092,0.465833698,0.443010372,0.027466738,0.390485666
2019/6/22 10:00,0.131123275,0.357750324,0.341103389,0.400452293,0.356063064,0.632099871,0.464708964,0.535708753,0.556384817,0.045014932,0.432985017
2019/6/22 11:00,0.128129593,0.324941098,0.304582683,0.422301257,0.339012156,0.681625577,0.508956975,0.605583808,0.607276365,0.0740076,0.445119643
2019/6/22 12:00,0.125135911,0.283790542,0.249801625,0.487848149,0.428278671,0.676621237,0.506021088,0.640521335,0.62913434,0.089266899,0.444143467
2019/6/22 13:00,0.10178519,0.290834331,0.183333941,0.537708605,0.536602082,0.628476039,0.400958276,0.609465755,0.598776042,0.087740969,0.416104671
2019/6/22 14:00,0.076039525,0.240971721,0.169456073,0.484374724,0.482440376,0.524075159,0.307429306,0.516299016,0.493570738,0.060019909,0.354400922
2019/6/22 15:00,0.051491332,0.156816982,0.125631227,0.345325677,0.343024135,0.351339158,0.222078878,0.372666959,0.340012944,0.07095574,0.248528936
2019/6/22 16:00,0.029936821,0.071179339,0.072310997,0.22319557,0.177530035,0.201381531,0.148681704,0.194097374,0.212176909,0.050355687,0.1485065
2019/6/22 17:00,0.015567147,0.036331121,0.019721181,0.104090705,0.060179673,0.106989331,0.055572146,0.06211116,0.107854755,0.0246692,0.065942608
2019/6/22 18:00,0.005388628,0.003707257,0.001460828,0.009747999,0.019056896,0.03261449,0.013211491,0.003881947,0.038637835,0.011190153,0.014481205
2019/6/22 19:00,0,0,0,0,0.001002995,0.000862817,0.000629119,0,0.003201421,0.001780252,0.000726501
2019/6/22 20:00,0,0,0,0,0,0,0,0,0,0,0
2019/6/22 21:00,0,0,0,0,0,0,0,0,0,0,0
2019/6/22 22:00,0,0,0,0,0,0,0,0,0,0,0
2019/6/22 23:00,0,0,0,0,0,0,0,0,0,0,0
2019/6/23 0:00,0,0,0,0,0,0,0,0,0,0,0
2019/6/23 1:00,0,0,0,0,0,0,0,0,0,0,0
2019/6/23 2:00,0,0,0,0,0,0,0,0,0,0,0
2019/6/23 3:00,0,0,0,0,0,0,0,0,0,0,0
2019/6/23 4:00,0.011375992,0.002965806,0,0,0.002005989,0.00051769,0,0,0,0,0.000750905
2019/6/23 5:00,0.064663533,0.041521281,0.01241704,0.00582639,0.035104809,0.05470261,0.010065898,0.019409737,0.0107082,0,0.020668663
2019/6/23 6:00,0.139505584,0.088232722,0.060624371,0.08728381,0.114341378,0.127179253,0.083253366,0.042701422,0.092399621,0.004832111,0.084756535
2019/6/23 7:00,0.201774172,0.179431251,0.126361641,0.219610099,0.174521051,0.268853835,0.200688844,0.09316674,0.211845727,0.017293872,0.184906625
2019/6/23 8:00,0.311941672,0.288424614,0.214741748,0.3127203,0.263787565,0.399311794,0.322318447,0.155277899,0.323343478,0.058493979,0.28673311
2019/6/23 9:00,0.378401414,0.390374188,0.268792392,0.413225534,0.256766604,0.446421612,0.441431575,0.252326587,0.425236968,0.079856998,0.36770696
2019/6/23 10:00,0.441268737,0.455436553,0.25418411,0.457147554,0.298892375,0.441934963,0.506859913,0.345493326,0.496330583,0.159205353,0.403209753
2019/6/23 11:00,0.401752134,0.488245779,0.262949079,0.454010266,0.360075042,0.407077148,0.524055822,0.395958644,0.553183397,0.126143538,0.417777312
2019/6/23 12:00,0.435880109,0.513825854,0.238114999,0.431601073,0.357066058,0.393444637,0.535589664,0.368785011,0.530442271,0.079348355,0.405267233
2019/6/23 13:00,0.510123425,0.428929663,0.170916901,0.338602918,0.325973227,0.346334819,0.46387014,0.287264114,0.514545562,0.149286808,0.347888698
2019/6/23 14:00,0.453842202,0.340511578,0.104449217,0.285381083,0.259775587,0.275411246,0.414379474,0.170805689,0.493129163,0.119785497,0.288293115
2019/6/23 15:00,0.357445639,0.222064709,0.048937745,0.173895344,0.261781576,0.154444276,0.328609633,0.097048687,0.425236968,0.076296495,0.204096004
2019/6/23 16:00,0.252666767,0.145324484,0.018260353,0.078768316,0.203607893,0.085936592,0.219352697,0.034937527,0.328642381,0.047049505,0.131248824
2019/6/23 17:00,0.120944756,0.075628048,0.006573727,0.023305562,0.137410253,0.042450606,0.107579286,0.007763895,0.198819257,0.011698796,0.068137128
2019/6/23 18:00,0.017363356,0.006116974,0.001460828,0.000896368,0.06619764,0.015875836,0.026842395,0.003881947,0.072639129,0.006866685,0.019649309
2019/6/23 19:00,0,0,0,0,0.005014973,0.00051769,0.000419412,0,0.003091027,0.002034573,0.000728378
2019/6/23 20:00,0,0,0,0,0,0,0,0,0,0,0
2019/6/23 21:00,0,0,0,0,0,0,0,0,0,0,0
2019/6/23 22:00,0,0,0,0,0,0,0,0,0,0,0
2019/6/23 23:00,0,0,0,0,0,0,0,0,0,0,0
2019/6/24 0:00,0,0,0,0,0,0,0,0,0,0,0
2019/6/24 1:00,0,0,0,0,0,0,0,0,0,0,0
2019/6/24 2:00,0,0,0,0,0,0,0,0,0,0,0
2019/6/24 3:00,0,0,0,0,0,0,0,0,0,0,0
2019/6/24 4:00,0.015567147,0.003521894,0,0,0.001002995,0.00051769,0,0,0,0,0.000919859
2019/6/24 5:00,0.091007935,0.034477492,0.004382485,0.003025241,0.036107804,0.058153878,0.012792079,0.034937527,0.010487412,0,0.019598623
2019/6/24 6:00,0.195188071,0.068584259,0.020451595,0.042577468,0.129386296,0.15461684,0.106950168,0.128104267,0.10277664,0.00457779,0.077977739
2019/6/24 7:00,0.326311346,0.087305908,0.051859402,0.147676587,0.244730669,0.300432944,0.263391001,0.256208534,0.252581044,0.026703773,0.173524781
2019/6/24 8:00,0.464020721,0.115666426,0.102257975,0.291543611,0.311931304,0.484213005,0.398441802,0.423132276,0.41055459,0.038148247,0.286132386
2019/6/24 9:00,0.557423602,0.135500252,0.146813236,0.432721532,0.406212791,0.608631243,0.469532207,0.559000438,0.550533945,0.066632272,0.378422376
2019/6/24 10:00,0.605322515,0.193148103,0.139509095,0.53367495,0.382140922,0.672134588,0.535170251,0.640521335,0.684220853,0.083417501,0.439932767
2019/6/24 11:00,0.650826482,0.241898535,0.143161165,0.595636371,0.40821878,0.69128913,0.591371516,0.687104705,0.747145326,0.123346,0.478467339
2019/6/24 12:00,0.612507352,0.229849949,0.186255598,0.568073063,0.333997184,0.700780119,0.610664487,0.6948686,0.778055594,0.108849666,0.48939864
2019/6/24 13:00,0.538264036,0.223918338,0.208898435,0.540621801,0.316946276,0.657811823,0.599759764,0.683222758,0.747366114,0.132501579,0.476113251
2019/6/24 14:00,0.449052311,0.183879959,0.218393818,0.468688288,0.357066058,0.580158276,0.562641765,0.621111598,0.66357721,0.145980627,0.431477575
2019/6/24 15:00,0.337687338,0.136797792,0.191368496,0.359779607,0.337006167,0.475239706,0.451707179,0.493007331,0.546449374,0.124363287,0.350032532
2019/6/24 16:00,0.226322365,0.076369499,0.128552883,0.232271294,0.230688745,0.329251038,0.322318447,0.337729431,0.386488739,0.065614986,0.238314749
2019/6/24 17:00,0.1101675,0.035404307,0.046016089,0.104762981,0.130389291,0.179638538,0.170700856,0.182451532,0.20411816,0.024160557,0.117394625
2019/6/24 18:00,0.015567147,0.003336532,0.003652071,0.011092551,0.043128765,0.057291061,0.037537412,0.054347265,0.068885739,0.008392614,0.02842739
2019/6/24 19:00,0,0,0,0,0.002005989,0.001380507,0.000419412,0,0.003201421,0.002034573,0.000784696
2019/6/24 20:00,0,0,0,0,0,0,0,0,0,0,0
2019/6/24 21:00,0,0,0,0,0,0,0,0,0,0,0
2019/6/24 22:00,0,0,0,0,0,0,0,0,0,0,0
2019/6/24 23:00,0,0,0,0,0,0,0,0,0,0,0
2019/6/25 0:00,0,0,0,0,0,0,0,0,0,0,0
2019/6/25 1:00,0,0,0,0,0,0,0,0,0,0,0
2019/6/25 2:00,0,0,0,0,0,0,0,0,0,0,0
2019/6/25 3:00,0,0,0,0,0,0,0,0,0,0,0
2019/6/25 4:00,0.01496841,0.004634072,0,0,0.002005989,0.00051769,0,0,0,0,0.001032495
2019/6/25 5:00,0.085020571,0.064877002,0.021182009,0.033165607,0.035104809,0.062122837,0.016776497,0.04658337,0.01302647,0,0.033621776
2019/6/25 6:00,0.177824715,0.181655605,0.108101288,0.184203573,0.139416242,0.208111505,0.133582857,0.174687637,0.114478384,0.007629649,0.147796895
2019/6/25 7:00,0.319126509,0.328092266,0.248340797,0.350703883,0.315943282,0.363246035,0.306590481,0.326083589,0.278633984,0.021363019,0.302002765
2019/6/25 8:00,0.467613139,0.475826468,0.402458174,0.504206861,0.482440376,0.507854196,0.471419563,0.477479541,0.445880611,0.095116297,0.456858167
2019/6/25 9:00,0.569997066,0.572956608,0.541236854,0.623423772,0.624865602,0.632272434,0.597033584,0.597819913,0.57758043,0.130467006,0.58146899
2019/6/25 10:00,0.646635327,0.617258332,0.625964891,0.70712211,0.719147089,0.717518772,0.675044294,0.671576915,0.667992962,0.213375864,0.661733236
2019/6/25 11:00,0.666393629,0.635053166,0.669059323,0.738158844,0.777320773,0.763248083,0.706709932,0.71039639,0.719436479,0.268817984,0.700363548
2019/6/25 12:00,0.668788575,0.620224137,0.673441808,0.725497649,0.80540462,0.766526788,0.708387582,0.714278337,0.71281285,0.273904417,0.698073287
2019/6/25 13:00,0.604125042,0.590751442,0.629616961,0.669586711,0.738203986,0.720797477,0.684271368,0.690986653,0.641940023,0.342062619,0.651363236
2019/6/25 14:00,0.507129743,0.505855251,0.533932713,0.588801567,0.57371288,0.639692662,0.619262442,0.613347703,0.537397082,0.307220553,0.562086252
2019/6/25 15:00,0.377203941,0.386666931,0.397345275,0.447735692,0.465389469,0.518898256,0.509166681,0.485243436,0.417730188,0.190741237,0.434774049
2019/6/25 16:00,0.255660449,0.256727564,0.236654171,0.292552025,0.306916331,0.369630883,0.353354966,0.322201641,0.285257613,0.11724228,0.28639708
2019/6/25 17:00,0.129327065,0.146251298,0.083267208,0.129749232,0.15446116,0.211390211,0.17657263,0.170805689,0.161947724,0.054424833,0.139901128
2019/6/25 18:00,0.017962092,0.011307135,0.005112899,0.014678022,0.051152722,0.066091796,0.036488881,0.04658337,0.051001942,0.006358041,0.027867965
2019/6/25 19:00,0,0,0,0,0.003008984,0.001380507,0.000629119,0,0.001766301,0.002034573,0.000578197
2019/6/25 20:00,0,0,0,0,0,0,0,0,0,0,0
2019/6/25 21:00,0,0,0,0,0,0,0,0,0,0,0
2019/6/25 22:00,0,0,0,0,0,0,0,0,0,0,0
2019/6/25 23:00,0,0,0,0,0,0,0,0,0,0,0
2019/6/26 0:00,0,0,0,0,0,0,0,0,0,0,0
2019/6/26 1:00,0,0,0,0,0,0,0,0,0,0,0
2019/6/26 2:00,0,0,0,0,0,0,0,0,0,0,0
2019/6/26 3:00,0,0,0,0,0,0,0,0,0,0,0
2019/6/26 4:00,0.01496841,0.008155966,0,0,0.003008984,0.00051769,0,0,0,0,0.001407947
2019/6/26 5:00,0.091007935,0.096388688,0.029216564,0.031148779,0.053158711,0.052804412,0.012372666,0.027173632,0.00607166,0,0.035536584
2019/6/26 6:00,0.197583017,0.221879346,0.157039033,0.180842194,0.192574953,0.165315773,0.088915434,0.07763895,0.046696583,0.005086433,0.140606979
2019/6/26 7:00,0.337088601,0.384257214,0.330877591,0.338602918,0.368098998,0.313375202,0.207818855,0.147514004,0.104322153,0.022125984,0.275876899
2019/6/26 8:00,0.502339851,0.572771245,0.473308342,0.487512011,0.538608071,0.456430292,0.31770491,0.256208534,0.137771479,0.02161734,0.40123675
2019/6/26 9:00,0.617297243,0.676018359,0.595287498,0.582190855,0.676018324,0.551340182,0.397602977,0.361021116,0.156759214,0.033570458,0.490945504
2019/6/26 10:00,0.66459742,0.732368669,0.690241332,0.61345168,0.760269866,0.569459343,0.418783304,0.461951751,0.160512604,0.060782874,0.53894148
2019/6/26 11:00,0.688546876,0.77129487,0.726762038,0.670819217,0.763278849,0.552030436,0.391102084,0.465833698,0.145499046,0.105034841,0.556276124
2019/6/26 12:00,0.67118352,0.748309875,0.711423341,0.644936598,0.740209975,0.473514072,0.376212943,0.333847484,0.161506148,0.20345732,0.53188485
2019/6/26 13:00,0.620290925,0.702895974,0.654451041,0.561238259,0.648937471,0.348578143,0.35146761,0.283382166,0.169344109,0.246183357,0.478717015
2019/6/26 14:00,0.538264036,0.589824628,0.554384308,0.417707373,0.582739831,0.242106502,0.278070436,0.209625164,0.154109763,0.196081992,0.38900826
2019/6/26 15:00,0.407739498,0.449319578,0.40172776,0.28213175,0.468398453,0.181709299,0.159586427,0.089284792,0.113926415,0.199133852,0.276789249
2019/6/26 16:00,0.272425068,0.30955598,0.233002101,0.151262058,0.296886385,0.118205955,0.076752473,0.01552779,0.076282125,0.125126252,0.165052694
2019/6/26 17:00,0.131123275,0.160153513,0.086188865,0.060280731,0.119356351,0.051769031,0.026632689,0.007763895,0.042722406,0.085197753,0.071101326
2019/6/26 18:00,0.019159565,0.010565683,0.005112899,0.004930023,0.034101815,0.020362486,0.007968836,0,0.014240802,0.032807493,0.010041478
2019/6/26 19:00,0,0,0,0,0.002005989,0.000690254,0.000209706,0,0.000551969,0.002034573,0.00024029
2019/6/26 20:00,0,0,0,0,0,0,0,0,0,0,0
2019/6/26 21:00,0,0,0,0,0,0,0,0,0,0,0
2019/6/26 22:00,0,0,0,0,0,0,0,0,0,0,0
2019/6/26 23:00,0,0,0,0,0,0,0,0,0,0,0
2019/6/27 0:00,0,0,0,0,0,0,0,0,0,0,0
2019/6/27 1:00,0,0,0,0,0,0,0,0,0,0,0
2019/6/27 2:00,0,0,0,0,0,0,0,0,0,0,0
2019/6/27 3:00,0,0,0,0,0,0,0,0,0,0,0
2019/6/27 4:00,0.017363356,0.006302337,0,0,0.001002995,0.000172563,0,0,0,0,0.001220221
2019/6/27 5:00,0.115556128,0.087491271,0.023373251,0.010084137,0.025074864,0.030026038,0.00440383,0.007763895,0.000883151,0,0.024836186
2019/6/27 6:00,0.208959009,0.185548225,0.133665782,0.057591628,0.078233575,0.06574667,0.037537412,0.007763895,0.01446159,0.013733369,0.08425906
2019/6/27 7:00,0.3239164,0.329575169,0.289974401,0.088964499,0.130389291,0.097843469,0.075074824,0.019409737,0.055748876,0.115462029,0.164042727
2019/6/27 8:00,0.387981196,0.41706644,0.419257698,0.122466244,0.171512067,0.138395877,0.102756044,0.01552779,0.124855402,0.27441306,0.234149103
2019/6/27 9:00,0.462224512,0.443017241,0.478421241,0.139273139,0.188562975,0.114927249,0.113870473,0.042701422,0.236905123,0.409457856,0.277252933
2019/6/27 10:00,0.557423602,0.45265611,0.486455796,0.155295713,0.214640833,0.075410222,0.165458201,0.10869453,0.340896094,0.460576508,0.308023146
2019/6/27 11:00,0.583768004,0.445612321,0.454317575,0.140729737,0.239715696,0.060397203,0.228370064,0.166923742,0.353149808,0.479141988,0.306939966
2019/6/27 12:00,0.564009702,0.380735319,0.326495106,0.102522062,0.171512067,0.056600807,0.255002753,0.225152954,0.377878022,0.486771637,0.268268353
2019/6/27 13:00,0.492161332,0.235225472,0.212550505,0.084482661,0.103308438,0.067472304,0.301347826,0.267854377,0.319700482,0.435652986,0.214820806
2019/6/27 14:00,0.377203941,0.150514644,0.138778681,0.053109789,0.098293465,0.106299077,0.322108741,0.190215427,0.32919435,0.348166338,0.181623292
2019/6/27 15:00,0.242488248,0.096944777,0.077423895,0.037311308,0.142425225,0.11095829,0.204044144,0.058229212,0.311752128,0.167597967,0.133640457
2019/6/27 16:00,0.136511902,0.042448095,0.02848615,0.02196101,0.085254536,0.060569766,0.091851321,0.023291685,0.249158836,0.088503934,0.080136591
2019/6/27 17:00,0.062268587,0.018350923,0.006573727,0.006834804,0.048143738,0.026402206,0.043828598,0.01552779,0.138765023,0.078839711,0.039272336
2019/6/27 18:00,0.011974728,0.001482903,0.001460828,0.000784322,0.01103294,0.013632512,0.013211491,0.003881947,0.047910915,0.017802515,0.012371161
2019/6/27 19:00,0,0,0,0,0.001002995,0.000690254,0.000419412,0,0.00375339,0.002034573,0.000784696
2019/6/27 20:00,0,0,0,0,0,0,0,0,0,0,0
2019/6/27 21:00,0,0,0,0,0,0,0,0,0,0,0
2019/6/27 22:00,0,0,0,0,0,0,0,0,0,0,0
2019/6/27 23:00,0,0,0,0,0,0,0,0,0,0,0
2019/6/28 0:00,0,0,0,0,0,0,0,0,0,0,0
2019/6/28 1:00,0,0,0,0,0,0,0,0,0,0,0
2019/6/28 2:00,0,0,0,0,0,0,0,0,0,0,0
2019/6/28 3:00,0,0,0,0,0,0,0,0,0,0,0
2019/6/28 4:00,0.007783573,0.001668266,0,0,0.001002995,0.000172563,0,0,0,0,0.000450543
2019/6/28 5:00,0.037121658,0.032994589,0.008034555,0.008403448,0.007020962,0.034685251,0.012582373,0.034937527,0.005188509,0,0.015581281
2019/6/28 6:00,0.058077432,0.082857199,0.059893957,0.05781572,0.02206588,0.098188596,0.100239569,0.112576477,0.025500971,0.024160557,0.065319357
2019/6/28 7:00,0.088612989,0.14699275,0.149734892,0.146556127,0.045134755,0.195341811,0.225434177,0.225152954,0.037533896,0.107323736,0.141042504
2019/6/28 8:00,0.14190053,0.222250072,0.226428374,0.240114512,0.068203629,0.322348501,0.326722277,0.329965536,0.060826991,0.223294408,0.218922625
2019/6/28 9:00,0.215545109,0.217059912,0.279748603,0.26185143,0.091272504,0.452979023,0.424025959,0.329965536,0.108517118,0.293741505,0.270034858
2019/6/28 10:00,0.270030123,0.207977132,0.318460551,0.312944391,0.134401269,0.470753057,0.484840761,0.411486434,0.225644954,0.245674714,0.321023191
2019/6/28 11:00,0.312540408,0.250795953,0.327955935,0.361124158,0.157470144,0.567561145,0.514828749,0.446423961,0.348071692,0.363934281,0.374234203
2019/6/28 12:00,0.279609905,0.243752164,0.321382208,0.392945213,0.156467149,0.566698328,0.479807812,0.469715646,0.404151749,0.446843138,0.384157414
2019/6/28 13:00,0.266437704,0.220952532,0.312617238,0.408855741,0.218652811,0.450908262,0.489454297,0.368785011,0.413645617,0.487534602,0.368313316
2019/6/28 14:00,0.223328682,0.191850563,0.288513573,0.273616256,0.277829489,0.276446626,0.462402196,0.209625164,0.334272466,0.462356759,0.293487501
2019/6/28 15:00,0.190996916,0.138095332,0.203055122,0.250534787,0.276826495,0.26609282,0.377261474,0.217389059,0.270354448,0.379447901,0.241325879
2019/6/28 16:00,0.129925802,0.088603448,0.10664046,0.193951572,0.197589925,0.250389547,0.257309521,0.166923742,0.189546177,0.173447365,0.168506857
2019/6/28 17:00,0.058676169,0.046896804,0.034329463,0.097592039,0.097290471,0.145643541,0.135260506,0.081520897,0.112491295,0.091555794,0.085284046
2019/6/28 18:00,0.010178519,0.003707257,0.002191242,0.011876873,0.03309882,0.049870833,0.028310339,0.023291685,0.038527441,0.035096388,0.019763822
2019/6/28 19:00,0,0,0,0,0.002005989,0.001380507,0.000209706,0,0.001766301,0.002034573,0.000521879
2019/6/28 20:00,0,0,0,0,0,0,0,0,0,0,0
2019/6/28 21:00,0,0,0,0,0,0,0,0,0,0,0
2019/6/28 22:00,0,0,0,0,0,0,0,0,0,0,0
2019/6/28 23:00,0,0,0,0,0,0,0,0,0,0,0
2019/6/29 0:00,0,0,0,0,0,0,0,0,0,0,0
2019/6/29 1:00,0,0,0,0,0,0,0,0,0,0,0
2019/6/29 2:00,0,0,0,0,0,0,0,0,0,0,0
2019/6/29 3:00,0,0,0,0,0,0,0,0,0,0,0
2019/6/29 4:00,0.00838231,0.002409717,0,0,0.001002995,0.000345127,0,0,0,0,0.000563179
2019/6/29 5:00,0.04670144,0.030399509,0.006573727,0.004930023,0.02206588,0.039862154,0.00775913,0.03105558,0.006844416,0,0.015168283
2019/6/29 6:00,0.074842052,0.055423496,0.038711948,0.060168685,0.075224591,0.083693267,0.079478654,0.104812582,0.068996133,0.009409901,0.062488445
2019/6/29 7:00,0.119747283,0.082671837,0.100797147,0.141962243,0.109326405,0.142882526,0.187267647,0.229034902,0.141193687,0.094607654,0.131956552
2019/6/29 8:00,0.199379226,0.124378481,0.139509095,0.196976814,0.157470144,0.225885539,0.325044628,0.345493326,0.195838624,0.232958631,0.196053811
2019/6/29 9:00,0.267635177,0.157002344,0.145352408,0.277313773,0.190568964,0.310959314,0.457159541,0.496889278,0.183805699,0.336721864,0.244201845
2019/6/29 10:00,0.328107555,0.186845765,0.150465306,0.284596761,0.175524045,0.392064129,0.485469879,0.605583808,0.175194981,0.444299922,0.267316581
2019/6/29 11:00,0.353254484,0.188699394,0.156308619,0.30409276,0.122365335,0.515964677,0.448142174,0.593937965,0.156428033,0.520850738,0.279013805
2019/6/29 12:00,0.349063329,0.149773193,0.143161165,0.322356253,0.078233575,0.590684646,0.375374118,0.473597593,0.16040221,0.549589085,0.270477892
2019/6/29 13:00,0.280208642,0.085266917,0.116866257,0.350367745,0.051152722,0.531322823,0.272198662,0.318319694,0.151791493,0.532803856,0.234423184
2019/6/29 14:00,0.201774172,0.052828416,0.087649693,0.280899244,0.04413176,0.389303114,0.173007624,0.120340372,0.135453209,0.523139633,0.172646222
2019/6/29 15:00,0.131722011,0.037814024,0.057702715,0.185772217,0.043128765,0.200518714,0.089334846,0.038819475,0.102224671,0.44099374,0.10704903
2019/6/29 16:00,0.076039525,0.025209349,0.026294908,0.073166018,0.037110798,0.08231276,0.039005355,0.019409737,0.070872828,0.334687291,0.052555847
2019/6/29 17:00,0.030535557,0.016126569,0.006573727,0.0138937,0.023068875,0.034512687,0.019083265,0.007763895,0.046917371,0.204220285,0.022363831
2019/6/29 18:00,0.006586101,0.00129754,0.001460828,0.000112046,0.01103294,0.014495329,0.006291186,0,0.015013559,0.051118652,0.006009118
2019/6/29 19:00,0,0,0,0,0.001002995,0.000690254,0.000209706,0,0.000220788,0.001780252,0.000163322
2019/6/29 20:00,0,0,0,0,0,0,0,0,0,0,0
2019/6/29 21:00,0,0,0,0,0,0,0,0,0,0,0
2019/6/29 22:00,0,0,0,0,0,0,0,0,0,0,0
2019/6/29 23:00,0,0,0,0,0,0,0,0,0,0,0
2019/6/30 0:00,0,0,0,0,0,0,0,0,0,0,0
2019/6/30 1:00,0,0,0,0,0,0,0,0,0,0,0
2019/6/30 2:00,0,0,0,0,0,0,0,0,0,0,0
2019/6/30 3:00,0,0,0,0,0,0,0,0,0,0,0
2019/6/30 4:00,0.00838231,0.00129754,0,0,0.001002995,0.000172563,0,0,0,0,0.00043177
2019/6/30 5:00,0.05508375,0.012790038,0.003652071,0,0.002005989,0.032959617,0.006710599,0.023291685,0.001324726,0,0.009536495
2019/6/30 6:00,0.128129593,0.024282535,0.018990767,0.011764827,0.010029945,0.099223976,0.053055671,0.058229212,0.008279536,0.017548194,0.033413399
2019/6/30 7:00,0.172436087,0.03948229,0.036520705,0.086611534,0.031092831,0.13201103,0.099191038,0.06211116,0.022078763,0.109866953,0.064694228
2019/6/30 8:00,0.234105938,0.069696436,0.062815613,0.081457419,0.049146733,0.118723645,0.106111343,0.04658337,0.046475795,0.246183357,0.079498322
2019/6/30 9:00,0.311941672,0.11399816,0.098605905,0.090421097,0.063188656,0.114927249,0.115967535,0.065993107,0.099796007,0.370546644,0.108781743
2019/6/30 10:00,0.353853221,0.134388075,0.132204954,0.163475069,0.081242558,0.120794406,0.146374936,0.120340372,0.148590072,0.450403642,0.148249315
2019/6/30 11:00,0.331101237,0.173870365,0.186986012,0.169301459,0.118353356,0.113374178,0.213900336,0.159159847,0.162168511,0.522885312,0.177243638
2019/6/30 12:00,0.317330299,0.16256323,0.237384585,0.130757646,0.140419236,0.109060092,0.291491634,0.209625164,0.147596528,0.513221089,0.188942739
2019/6/30 13:00,0.301763153,0.177021534,0.220585061,0.126051715,0.147440198,0.161519377,0.317914616,0.236798797,0.140752112,0.557981699,0.193496979
2019/6/30 14:00,0.253265503,0.170348471,0.180412285,0.098376361,0.107320416,0.224677595,0.293798402,0.209625164,0.128939974,0.524665563,0.176731145
2019/6/30 15:00,0.185009552,0.136241704,0.127822469,0.089076545,0.087260525,0.227783737,0.187687059,0.112576477,0.096815374,0.393944235,0.135405084
2019/6/30 16:00,0.125734647,0.069325711,0.048207331,0.069580547,0.062185662,0.15565222,0.102126925,0.06211116,0.058619115,0.270089592,0.077215571
2019/6/30 17:00,0.061071114,0.033736041,0.013147454,0.044706342,0.031092831,0.078688927,0.033343288,0.011645842,0.031683024,0.161239926,0.035469002
2019/6/30 18:00,0.010178519,0.003151169,0.001460828,0.002801149,0.012035935,0.025021698,0.009856192,0.003881947,0.011812138,0.034079101,0.007760604
2019/6/30 19:00,0,0,0,0,0.001002995,0.000862817,0.000209706,0,0.000441575,0.001780252,0.00021964
2019/6/30 20:00,0,0,0,0,0,0,0,0,0,0,0
2019/6/30 21:00,0,0,0,0,0,0,0,0,0,0,0
2019/6/30 22:00,0,0,0,0,0,0,0,0,0,0,0
2019/6/30 23:00,0,0,0,0,0,0,0,0,0,0,0
2019/7/1 0:00,0,0,0,0,0,0,0,0,0,0,0
2019/7/1 1:00,0,0,0,0,0,0,0,0,0,0,0
2019/7/1 2:00,0,0,0,0,0,0,0,0,0,0,0
2019/7/1 3:00,0,0,0,0,0,0,0,0,0,0,0
2019/7/1 4:00,0.005388628,0.002224354,0,0,0.001002995,0.000172563,0,0,0,0,0.00043177
2019/7/1 5:00,0.043109022,0.034848218,0.01241704,0.000896368,0.016047913,0.026747333,0.007549424,0.01552779,0.001987089,0,0.013197157
2019/7/1 6:00,0.082026889,0.078223128,0.059893957,0.010308229,0.073218602,0.052976975,0.075703942,0.042701422,0.015123952,0.009664223,0.046233227
2019/7/1 7:00,0.147289158,0.138466058,0.091301764,0.047955675,0.178533029,0.08887017,0.191252065,0.089284792,0.045923826,0.09562494,0.093104722
2019/7/1 8:00,0.193391862,0.173870365,0.116866257,0.090981327,0.300898364,0.129767705,0.288346041,0.147514004,0.084892842,0.242368532,0.137871807
2019/7/1 9:00,0.224526155,0.237079101,0.146813236,0.169413505,0.374116965,0.181191609,0.384391485,0.163041794,0.118452561,0.362662672,0.188995303
2019/7/1 10:00,0.272425068,0.285458808,0.165804003,0.236753133,0.514536202,0.217429931,0.406620344,0.182451532,0.154330551,0.466680227,0.227927855
2019/7/1 11:00,0.302960626,0.410208014,0.190638082,0.289862922,0.603802716,0.250907238,0.406620344,0.236798797,0.207319581,0.532040891,0.274234294
2019/7/1 12:00,0.305954308,0.477494733,0.177490628,0.328406735,0.564685929,0.273858175,0.407878581,0.283382166,0.221449989,0.576292858,0.29108085
2019/7/1 13:00,0.253265503,0.414842086,0.157039033,0.343532941,0.39718584,0.268163582,0.32714169,0.271736324,0.168019383,0.529243353,0.259383269
2019/7/1 14:00,0.161060095,0.343477384,0.13512661,0.277986049,0.322964244,0.246765715,0.302396357,0.267854377,0.130595881,0.462356759,0.21967353
2019/7/1 15:00,0.108970027,0.256356839,0.098605905,0.202467066,0.312934298,0.229854498,0.201317963,0.201861269,0.108958693,0.374870112,0.168585702
2019/7/1 16:00,0.062268587,0.151441459,0.042364018,0.133222657,0.250748636,0.201554095,0.11680636,0.058229212,0.077386063,0.237790742,0.105305053
2019/7/1 17:00,0.039516603,0.088974174,0.010956212,0.059160272,0.127380307,0.10440088,0.038376237,0.011645842,0.038527441,0.099948408,0.04800724
2019/7/1 18:00,0.008981046,0.009638869,0.001460828,0.006498666,0.037110798,0.026229642,0.008807661,0,0.008610717,0.027975381,0.008729272
2019/7/1 19:00,0,0,0,0,0.003008984,0.000862817,0.000209706,0,0,0.001780252,0.000182094
2019/7/1 20:00,0,0,0,0,0,0,0,0,0,0,0
2019/7/1 21:00,0,0,0,0,0,0,0,0,0,0,0
2019/7/1 22:00,0,0,0,0,0,0,0,0,0,0,0
2019/7/1 23:00,0,0,0,0,0,0,0,0,0,0,0
2019/7/2 0:00,0,0,0,0,0,0,0,0,0,0,0
2019/7/2 1:00,0,0,0,0,0,0,0,0,0,0,0
2019/7/2 2:00,0,0,0,0,0,0,0,0,0,0,0
2019/7/2 3:00,0,0,0,0,0,0,0,0,0,0,0
2019/7/2 4:00,0.004789891,0.002409717,0,0,0.001002995,0.000172563,0,0,0,0,0.00043177
2019/7/2 5:00,0.043109022,0.030214147,0.007304141,0.000448184,0.014041924,0.031406546,0.005452361,0.007763895,0.000993544,0,0.01107585
2019/7/2 6:00,0.095797826,0.070808613,0.035790291,0.009299815,0.0551647,0.059189259,0.044667423,0.011645842,0.015786315,0.02314327,0.03582005
2019/7/2 7:00,0.132320748,0.136241704,0.092762592,0.032269239,0.179536024,0.073339461,0.114289885,0.03105558,0.048462884,0.133518866,0.07949269
2019/7/2 8:00,0.185009552,0.278971108,0.173108144,0.097816131,0.332994189,0.123555421,0.193768539,0.100930635,0.074515824,0.265511802,0.151465066
2019/7/2 9:00,0.215545109,0.432451558,0.28267026,0.176024217,0.421257709,0.18326237,0.266326888,0.225152954,0.10741318,0.369783679,0.236242251
2019/7/2 10:00,0.296973261,0.4921384,0.378354508,0.247845683,0.468398453,0.245040081,0.31938256,0.353257221,0.161616542,0.443791279,0.30977651
2019/7/2 11:00,0.386783724,0.569063987,0.404649416,0.324709218,0.538608071,0.288008377,0.32378639,0.322201641,0.213612028,0.511186516,0.354239477
2019/7/2 12:00,0.320922718,0.522908635,0.353520428,0.360563928,0.391167873,0.272132541,0.368034401,0.267854377,0.190650115,0.592823765,0.333910599
2019/7/2 13:00,0.257456658,0.481572716,0.311886824,0.374569674,0.345030124,0.247628532,0.369712051,0.248444639,0.18789027,0.589263262,0.314567284
2019/7/2 14:00,0.214347636,0.372579353,0.292165643,0.292103841,0.372110976,0.226575793,0.36363057,0.236798797,0.17806522,0.538653254,0.278356763
2019/7/2 15:00,0.149085367,0.314190052,0.225697959,0.210534376,0.299895369,0.174289072,0.255631872,0.097048687,0.142849594,0.451166606,0.209547575
2019/7/2 16:00,0.126333383,0.189440845,0.088380107,0.126723991,0.193577947,0.114754686,0.119113128,0.04658337,0.085334417,0.300862512,0.112847895
2019/7/2 17:00,0.05508375,0.105471469,0.014608282,0.043249744,0.09929646,0.060397203,0.045086835,0.019409737,0.042612012,0.150812738,0.045172573
2019/7/2 18:00,0.008981046,0.010936409,0.001460828,0.003921609,0.038113793,0.021225303,0.013630904,0.003881947,0.015675921,0.025177843,0.009703571
2019/7/2 19:00,0,0,0,0,0.002005989,0.00051769,0.000419412,0,0.000883151,0.001780252,0.00029473
2019/7/2 20:00,0,0,0,0,0,0,0,0,0,0,0
2019/7/2 21:00,0,0,0,0,0,0,0,0,0,0,0
2019/7/2 22:00,0,0,0,0,0,0,0,0,0,0,0
2019/7/2 23:00,0,0,0,0,0,0,0,0,0,0,0
2019/7/3 0:00,0,0,0,0,0,0,0,0,0,0,0
2019/7/3 1:00,0,0,0,0,0,0,0,0,0,0,0
2019/7/3 2:00,0,0,0,0,0,0,0,0,0,0,0
2019/7/3 3:00,0,0,0,0,0,0,0,0,0,0,0
2019/7/3 4:00,0.005987364,0.005931612,0,0,0.002005989,0.000172563,0,0,0,0,0.000844768
2019/7/3 5:00,0.07005216,0.105100743,0.014608282,0.014229838,0.03309882,0.030888855,0.005452361,0.01552779,0.000772757,0,0.024329325
2019/7/3 6:00,0.130524538,0.219469629,0.094953834,0.092101787,0.091272504,0.081967633,0.048442135,0.034937527,0.005850872,0.008392614,0.083862958
2019/7/3 7:00,0.263444022,0.353301616,0.225697959,0.198769549,0.224670778,0.13201103,0.096255151,0.050465317,0.013357651,0.085960718,0.167879852
2019/7/3 8:00,0.385586251,0.483611708,0.331608005,0.280339014,0.361078036,0.135807425,0.132744032,0.069875055,0.028812785,0.251778433,0.236816694
2019/7/3 9:00,0.479587868,0.595941602,0.381276164,0.291319519,0.426272682,0.160829124,0.176362924,0.100930635,0.037423503,0.360628099,0.277361814
2019/7/3 10:00,0.526289308,0.629677643,0.439709293,0.310255288,0.460374496,0.189647218,0.149730235,0.135868162,0.03996256,0.468460479,0.304739814
2019/7/3 11:00,0.567003384,0.66637949,0.43021391,0.265548947,0.457365513,0.16013887,0.137147862,0.147514004,0.052878636,0.454981431,0.298069899
2019/7/3 12:00,0.507728479,0.644692035,0.356442085,0.236416995,0.366093009,0.126834126,0.124775196,0.143632057,0.058398327,0.457016004,0.264500687
2019/7/3 13:00,0.436478846,0.592605071,0.254914524,0.167508724,0.30892232,0.086971972,0.105062812,0.12422232,0.071535191,0.40233685,0.213073075
2019/7/3 14:00,0.39576477,0.481387354,0.171647315,0.123026474,0.232694735,0.079551745,0.097932801,0.069875055,0.072528735,0.470495052,0.166851112
2019/7/3 15:00,0.282004851,0.311594972,0.091301764,0.072045558,0.175524045,0.065401543,0.068993344,0.019409737,0.057735964,0.260425369,0.10519054
2019/7/3 16:00,0.180219661,0.167382665,0.031407807,0.028683768,0.102305444,0.044866494,0.037747118,0.007763895,0.032566175,0.10630645,0.052353103
2019/7/3 17:00,0.083224362,0.077667039,0.007304141,0.006162528,0.045134755,0.030371165,0.019083265,0.003881947,0.014130408,0.052644581,0.022221159
2019/7/3 18:00,0.013770938,0.008712055,0.001460828,0.000112046,0.01103294,0.013632512,0.006920305,0,0.002980633,0.009155579,0.004591785
2019/7/3 19:00,0,0,0,0,0.001002995,0.00051769,0.000209706,0,0.000883151,0.001780252,0.000257185
2019/7/3 20:00,0,0,0,0,0,0,0,0,0,0,0
2019/7/3 21:00,0,0,0,0,0,0,0,0,0,0,0
2019/7/3 22:00,0,0,0,0,0,0,0,0,0,0,0
2019/7/3 23:00,0,0,0,0,0,0,0,0,0,0,0
2019/7/4 0:00,0,0,0,0,0,0,0,0,0,0,0
2019/7/4 1:00,0,0,0,0,0,0,0,0,0,0,0
2019/7/4 2:00,0,0,0,0,0,0,0,0,0,0,0
2019/7/4 3:00,0,0,0,0,0,0,0,0,0,0,0
2019/7/4 4:00,0.005987364,0,0,0,0.001002995,0,0,0,0,0,0.000206499
2019/7/4 5:00,0.04011534,0.00778524,0.005112899,0.000448184,0.01103294,0.02761015,0.007549424,0.019409737,0.002649452,0,0.008710499
2019/7/4 6:00,0.079631943,0.019092375,0.023373251,0.029243998,0.056167695,0.108887529,0.068573931,0.058229212,0.031351843,0.004323468,0.042551914
2019/7/4 7:00,0.154473995,0.030399509,0.043824846,0.08672358,0.175524045,0.193961303,0.161473783,0.104812582,0.081249846,0.021108697,0.09159728
2019/7/4 8:00,0.214347636,0.055608859,0.067198098,0.17288693,0.313937293,0.275928936,0.266326888,0.182451532,0.146271802,0.084434788,0.152643987
2019/7/4 9:00,0.248475612,0.103432477,0.116135843,0.215464398,0.362081031,0.343746367,0.367405282,0.252326587,0.234366065,0.188706664,0.214725066
2019/7/4 10:00,0.252666767,0.160524239,0.181142699,0.326950138,0.510524224,0.336153576,0.464289552,0.318319694,0.381852199,0.224311695,0.295184546
2019/7/4 11:00,0.254462976,0.234854747,0.222776303,0.355185722,0.555658978,0.368422939,0.546284681,0.403722539,0.503506181,0.179551085,0.354382149
2019/7/4 12:00,0.246080666,0.311224246,0.157039033,0.415354407,0.424266693,0.383781084,0.593887991,0.458069803,0.584645634,0.154881885,0.374756082
2019/7/4 13:00,0.150881576,0.310112069,0.102988389,0.373897399,0.389161884,0.376878547,0.596194759,0.500771226,0.587295085,0.238553707,0.352752685
2019/7/4 14:00,0.111364973,0.294541588,0.096414662,0.336137907,0.34202114,0.363591162,0.567674714,0.423132276,0.539273776,0.141657159,0.324404141
2019/7/4 15:00,0.082625625,0.252649581,0.070850168,0.273840348,0.282844462,0.308715989,0.481485461,0.399840591,0.446874155,0.232958631,0.271294501
2019/7/4 16:00,0.059274905,0.180358065,0.033599049,0.186668584,0.217649816,0.267645891,0.336578469,0.314437746,0.324337023,0.098422478,0.194441242
2019/7/4 17:00,0.032331766,0.115666426,0.01241704,0.102970246,0.101302449,0.167386534,0.16440967,0.163041794,0.15720079,0.032553171,0.102851471
2019/7/4 18:00,0.009579783,0.009638869,0.001460828,0.012437103,0.03309882,0.051941595,0.032714169,0.042701422,0.057956752,0.006612363,0.024903767
2019/7/4 19:00,0,0,0,0,0.002005989,0.001380507,0.000419412,0,0.004305359,0.001780252,0.000970545
2019/7/4 20:00,0,0,0,0,0,0,0,0,0,0,0
2019/7/4 21:00,0,0,0,0,0,0,0,0,0,0,0
2019/7/4 22:00,0,0,0,0,0,0,0,0,0,0,0
2019/7/4 23:00,0,0,0,0,0,0,0,0,0,0,0
2019/7/5 0:00,0,0,0,0,0,0,0,0,0,0,0
2019/7/5 1:00,0,0,0,0,0,0,0,0,0,0,0
2019/7/5 2:00,0,0,0,0,0,0,0,0,0,0,0
2019/7/5 3:00,0,0,0,0,0,0,0,0,0,0,0
2019/7/5 4:00,0.004191155,0.00129754,0,0,0.002005989,0.000172563,0,0,0,0,0.000319135
2019/7/5 5:00,0.033529239,0.037999387,0.014608282,0.012437103,0.030089836,0.031579109,0.008597955,0.023291685,0.005630084,0,0.017589952
2019/7/5 6:00,0.076638261,0.087305908,0.078884724,0.072045558,0.1103294,0.107507021,0.069832168,0.07763895,0.053872181,0.003814825,0.076545388
2019/7/5 7:00,0.11854981,0.164787585,0.16361276,0.138264726,0.178533029,0.186713639,0.177621161,0.190215427,0.164265994,0.010172866,0.162383226
2019/7/5 8:00,0.170639878,0.247644784,0.257105766,0.193615434,0.241721685,0.21587686,0.303444888,0.349375274,0.28084186,0.016276586,0.248895002
2019/7/5 9:00,0.239494566,0.2874978,0.33964256,0.222747386,0.273817511,0.270924596,0.38250413,0.446423961,0.357234379,0.021363019,0.312571754
2019/7/5 10:00,0.288590952,0.344404198,0.386389063,0.204483893,0.313937293,0.318724669,0.41123388,0.504653173,0.388586222,0.026449452,0.345536487
2019/7/5 11:00,0.319725245,0.387037657,0.344025045,0.221402835,0.373113971,0.385851846,0.417105654,0.500771226,0.386047164,0.022888948,0.351066903
2019/7/5 12:00,0.324515136,0.412061643,0.259297008,0.232831524,0.431287655,0.377741364,0.445206287,0.508535121,0.358448711,0.031535885,0.332358103
2019/7/5 13:00,0.279609905,0.370911088,0.184064355,0.215240306,0.412230758,0.373427278,0.440173338,0.411486434,0.273776656,0.074261922,0.284446604
2019/7/5 14:00,0.196385544,0.300102474,0.10664046,0.171990562,0.396182845,0.306645228,0.350209373,0.271736324,0.22928795,0.113681777,0.217869481
2019/7/5 15:00,0.140703057,0.24023027,0.062085199,0.12952514,0.299895369,0.19879308,0.254163928,0.170805689,0.194955474,0.051372973,0.158181912
2019/7/5 16:00,0.088612989,0.164416859,0.032868635,0.052997743,0.188562975,0.124590802,0.159586427,0.065993107,0.136336359,0.020600054,0.094653464
2019/7/5 17:00,0.04011534,0.096574051,0.008034555,0.016246666,0.119356351,0.068852811,0.0675254,0.01552779,0.080256302,0.013479047,0.046092432
2019/7/5 18:00,0.007783573,0.009824232,0.001460828,0.001008414,0.053158711,0.023296064,0.020970621,0.003881947,0.028702391,0.006866685,0.012309212
2019/7/5 19:00,0,0,0,0,0.005014973,0.00051769,0.000629119,0,0.001214332,0.001780252,0.000426139
2019/7/5 20:00,0,0,0,0,0,0,0,0,0,0,0
2019/7/5 21:00,0,0,0,0,0,0,0,0,0,0,0
2019/7/5 22:00,0,0,0,0,0,0,0,0,0,0,0
2019/7/5 23:00,0,0,0,0,0,0,0,0,0,0,0
2019/7/6 0:00,0,0,0,0,0,0,0,0,0,0,0
2019/7/6 1:00,0,0,0,0,0,0,0,0,0,0,0
2019/7/6 2:00,0,0,0,0,0,0,0,0,0,0,0
2019/7/6 3:00,0,0,0,0,0,0,0,0,0,0,0
2019/7/6 4:00,0.004191155,0.001112177,0,0,0.001002995,0,0,0,0,0,0.000262817
2019/7/6 5:00,0.040714076,0.038740838,0.009495383,0.000896368,0.017050907,0.030198602,0.007968836,0.023291685,0.004746934,0,0.014041925
2019/7/6 6:00,0.114358655,0.076925588,0.05332023,0.01445393,0.054161705,0.081104816,0.078430123,0.058229212,0.061930929,0.004832111,0.057742724
2019/7/6 7:00,0.202372908,0.134202712,0.128552883,0.044034066,0.130389291,0.125798746,0.205302381,0.135868162,0.170889623,0.037385282,0.13076449
2019/7/6 8:00,0.352655748,0.200933343,0.195020567,0.123474658,0.201601904,0.208629196,0.345595836,0.244562692,0.305349287,0.075279208,0.223931162
2019/7/6 9:00,0.443663683,0.267663973,0.219854647,0.172102608,0.311931304,0.27109716,0.485469879,0.341611379,0.442899978,0.023906235,0.297159427
2019/7/6 10:00,0.517906998,0.353672341,0.231541272,0.209413916,0.445329578,0.314238019,0.589274454,0.419250329,0.531215028,0.109612631,0.353340269
2019/7/6 11:00,0.52928299,0.346999278,0.253453696,0.227565363,0.489461338,0.415877884,0.632054521,0.434778118,0.615997476,0.176499225,0.39306878
2019/7/6 12:00,0.4274978,0.332911701,0.268061978,0.331544022,0.552649995,0.385334155,0.63876512,0.458069803,0.651765072,0.181077015,0.415329361
2019/7/6 13:00,0.491562596,0.314931503,0.233002101,0.417147143,0.593772771,0.333047434,0.590742397,0.427014223,0.636641119,0.07248167,0.406755902
2019/7/6 14:00,0.498747433,0.295468403,0.168725659,0.406278684,0.548638016,0.343573804,0.521119935,0.399840591,0.584424846,0.136316404,0.371014697
2019/7/6 15:00,0.366426685,0.219469629,0.080345552,0.318434644,0.429281665,0.316481344,0.414379474,0.310555799,0.459017474,0.137842334,0.281367893
2019/7/6 16:00,0.240692038,0.13661243,0.036520705,0.198545457,0.255763609,0.248836477,0.272408369,0.190215427,0.327317655,0.184383196,0.186496666
2019/7/6 17:00,0.111364973,0.071735428,0.010956212,0.079328546,0.113338384,0.134944608,0.122678134,0.07763895,0.180714672,0.090792829,0.089802617
2019/7/6 18:00,0.015567147,0.006673063,0.001460828,0.010420275,0.039116787,0.043140859,0.026213276,0.01552779,0.062262111,0.012970404,0.022491485
2019/7/6 19:00,0,0,0,0,0.003008984,0.001207944,0.000419412,0,0.003422208,0.001780252,0.000820364
2019/7/6 20:00,0,0,0,0,0,0,0,0,0,0,0
2019/7/6 21:00,0,0,0,0,0,0,0,0,0,0,0
2019/7/6 22:00,0,0,0,0,0,0,0,0,0,0,0
2019/7/6 23:00,0,0,0,0,0,0,0,0,0,0,0
2019/7/7 0:00,0,0,0,0,0,0,0,0,0,0,0
2019/7/7 1:00,0,0,0,0,0,0,0,0,0,0,0
2019/7/7 2:00,0,0,0,0,0,0,0,0,0,0,0
2019/7/7 3:00,0,0,0,0,0,0,0,0,0,0,0
2019/7/7 4:00,0.004191155,0.00129754,0,0,0.001002995,0,0,0,0,0,0.000281589
2019/7/7 5:00,0.047898913,0.041335918,0.011686626,0.002689103,0.021062885,0.044348803,0.009017367,0.027173632,0.007175598,0,0.017702588
2019/7/7 6:00,0.107772555,0.084896191,0.059893957,0.033277653,0.074221596,0.114409559,0.091431908,0.10869453,0.05994384,0.004069146,0.070446161
2019/7/7 7:00,0.177824715,0.143470855,0.13512661,0.101849786,0.144431215,0.228991681,0.240113612,0.244562692,0.167136233,0.035350709,0.161517808
2019/7/7 8:00,0.27541875,0.210201486,0.189177254,0.25210343,0.246736658,0.360139894,0.389214728,0.388194749,0.291660454,0.122328713,0.268694492
2019/7/7 9:00,0.398758452,0.294541588,0.22935003,0.36717464,0.351048091,0.496637572,0.474984569,0.516299016,0.42126279,0.10325459,0.363280375
2019/7/7 10:00,0.462823248,0.357194236,0.244688726,0.467007599,0.464386475,0.526491047,0.513151099,0.621111598,0.527682426,0.039928499,0.42378643
2019/7/7 11:00,0.502938588,0.401310597,0.261488251,0.499612976,0.495479305,0.520969017,0.547542918,0.66381302,0.585749572,0.025432165,0.454184945
2019/7/7 12:00,0.523295626,0.378325602,0.242497484,0.46835215,0.481437382,0.497845516,0.588435629,0.66381302,0.632004579,0.134281831,0.451928475
2019/7/7 13:00,0.466415667,0.363867299,0.211820091,0.45557891,0.43028466,0.472133564,0.584870623,0.636639388,0.618867716,0.24516607,0.431853028
2019/7/7 14:00,0.384388778,0.30177074,0.180412285,0.413785764,0.295883391,0.466611534,0.541042025,0.559000438,0.574268615,0.210832648,0.389286095
2019/7/7 15:00,0.31553409,0.217616,0.115405429,0.312608254,0.186556985,0.417430955,0.456530422,0.419250329,0.461225351,0.194810384,0.303883782
2019/7/7 16:00,0.216742582,0.120115135,0.0569723,0.200114101,0.093278493,0.30923368,0.318334029,0.256208534,0.310427402,0.065869307,0.196678939
2019/7/7 17:00,0.1035814,0.065618453,0.014608282,0.083586293,0.051152722,0.178258031,0.160215545,0.128104267,0.166694658,0.040691464,0.097185892
2019/7/7 18:00,0.01496841,0.004448709,0.001460828,0.008851632,0.017050907,0.052976975,0.030826813,0.034937527,0.050229185,0.015259299,0.021963974
2019/7/7 19:00,0,0,0,0,0.001002995,0.001207944,0.000419412,0,0.002097482,0.001780252,0.000557547
2019/7/7 20:00,0,0,0,0,0,0,0,0,0,0,0
2019/7/7 21:00,0,0,0,0,0,0,0,0,0,0,0
2019/7/7 22:00,0,0,0,0,0,0,0,0,0,0,0
2019/7/7 23:00,0,0,0,0,0,0,0,0,0,0,0
2019/7/8 0:00,0,0,0,0,0,0,0,0,0,0,0
2019/7/8 1:00,0,0,0,0,0,0,0,0,0,0,0
2019/7/8 2:00,0,0,0,0,0,0,0,0,0,0,0
2019/7/8 3:00,0,0,0,0,0,0,0,0,0,0,0
2019/7/8 4:00,0.004191155,0.001668266,0,0,0.001002995,0,0,0,0,0,0.000319135
2019/7/8 5:00,0.052090068,0.03818475,0.013147454,0.013109378,0.019056896,0.043831113,0.008388248,0.023291685,0.001324726,0,0.018303312
2019/7/8 6:00,0.124537174,0.092125343,0.092032178,0.080785144,0.07723058,0.139776384,0.056201265,0.09316674,0.022851519,0.018311159,0.080632189
2019/7/8 7:00,0.193391862,0.168865568,0.202324708,0.183755389,0.169506078,0.269371526,0.135679919,0.182451532,0.070431253,0.113173134,0.172210697
2019/7/8 8:00,0.280807378,0.263029902,0.290704815,0.283588348,0.256766604,0.41018329,0.205721793,0.252326587,0.149583617,0.255084615,0.265037584
2019/7/8 9:00,0.351458275,0.355896696,0.354981257,0.39944388,0.361078036,0.40362588,0.353774379,0.376548906,0.239002605,0.375378755,0.349182132
2019/7/8 10:00,0.408338234,0.451914658,0.384928235,0.435522682,0.412230758,0.517862875,0.444367462,0.368785011,0.357786348,0.448877712,0.416292397
2019/7/8 11:00,0.480186604,0.491396948,0.398075689,0.452217531,0.453353535,0.556344522,0.395086502,0.361021116,0.504168544,0.393689914,0.453373968
2019/7/8 12:00,0.498148697,0.520313555,0.43386598,0.445046589,0.446332573,0.449527754,0.339094944,0.310555799,0.549430007,0.333924326,0.452914038
2019/7/8 13:00,0.506531006,0.497699285,0.411223143,0.401684799,0.443323589,0.347025072,0.314349611,0.256208534,0.468952918,0.386060264,0.408451071
2019/7/8 14:00,0.461625775,0.431895469,0.360094155,0.319331012,0.383143916,0.283694291,0.27953838,0.201861269,0.3283112,0.318919349,0.33526786
2019/7/8 15:00,0.365229213,0.32123384,0.25783618,0.233279707,0.249745642,0.223642215,0.221240053,0.13975011,0.24551584,0.259916726,0.248572113
2019/7/8 16:00,0.241290775,0.176465445,0.143891579,0.114174842,0.233697729,0.13856844,0.153085534,0.089284792,0.197604925,0.166072037,0.153847313
2019/7/8 17:00,0.120944756,0.082301111,0.046746503,0.056359122,0.137410253,0.07178639,0.069832168,0.06211116,0.128719186,0.031790206,0.07534394
2019/7/8 18:00,0.020357038,0.006673063,0.002921656,0.00582639,0.026077858,0.026229642,0.012792079,0.01552779,0.040956105,0.008138293,0.015303446
2019/7/8 19:00,0,0,0,0,0.001002995,0.000862817,0.000209706,0,0.001214332,0.001780252,0.000351048
2019/7/8 20:00,0,0,0,0,0,0,0,0,0,0,0
2019/7/8 21:00,0,0,0,0,0,0,0,0,0,0,0
2019/7/8 22:00,0,0,0,0,0,0,0,0,0,0,0
2019/7/8 23:00,0,0,0,0,0,0,0,0,0,0,0
2019/7/9 0:00,0,0,0,0,0,0,0,0,0,0,0
2019/7/9 1:00,0,0,0,0,0,0,0,0,0,0,0
2019/7/9 2:00,0,0,0,0,0,0,0,0,0,0,0
2019/7/9 3:00,0,0,0,0,0,0,0,0,0,0,0
2019/7/9 4:00,0.006586101,0.00259508,0,0,0.001002995,0,0,0,0,0,0.000488088
2019/7/9 5:00,0.080230679,0.04337491,0.005112899,0.001792736,0.02206588,0.035202941,0.00608148,0.019409737,0.003863783,0,0.014905466
2019/7/9 6:00,0.19039818,0.108251912,0.033599049,0.023193516,0.071212613,0.092148875,0.051378022,0.058229212,0.045261463,0.015767942,0.056040047
2019/7/9 7:00,0.280208642,0.186660402,0.100066733,0.056022985,0.134401269,0.131665903,0.105482224,0.089284792,0.132362182,0.068412524,0.116407185
2019/7/9 8:00,0.408936971,0.26488353,0.189907668,0.091877695,0.157470144,0.155824784,0.182444404,0.120340372,0.246178203,0.09562494,0.188469669
2019/7/9 9:00,0.501142379,0.316599769,0.223506717,0.177928999,0.174521051,0.179811102,0.297992526,0.163041794,0.354474533,0.069684132,0.253212706
2019/7/9 10:00,0.632265653,0.381476771,0.209628849,0.278434233,0.184550996,0.219500692,0.466176908,0.291146061,0.420158852,0.088249612,0.314229377
2019/7/9 11:00,0.684954458,0.390930277,0.205976779,0.361012112,0.232694735,0.293530407,0.51587728,0.419250329,0.416295069,0.070701419,0.348547617
2019/7/9 12:00,0.666992365,0.364794113,0.215472162,0.365157813,0.235703718,0.33235718,0.494067834,0.395958644,0.393885125,0.084180466,0.345962626
2019/7/9 13:00,0.605921251,0.333653152,0.185525183,0.321796023,0.203607893,0.240553432,0.441431575,0.267854377,0.366397065,0.343588549,0.301677998
2019/7/9 14:00,0.507129743,0.282122277,0.177490628,0.275969222,0.202604898,0.190510035,0.375583825,0.159159847,0.286251157,0.331889753,0.253289674
2019/7/9 15:00,0.382592569,0.205567414,0.134396196,0.16706054,0.200598909,0.17170062,0.223546821,0.097048687,0.20643643,0.224820338,0.179248555
2019/7/9 16:00,0.247876875,0.136056341,0.073771825,0.121009647,0.126377313,0.123210294,0.150149647,0.04658337,0.131699819,0.165817716,0.11586841
2019/7/9 17:00,0.115556128,0.078964579,0.019721181,0.062073467,0.102305444,0.075755349,0.062492451,0.023291685,0.068885739,0.049592722,0.056045679
2019/7/9 18:00,0.01676462,0.00908278,0.001460828,0.00694685,0.041122776,0.029680911,0.013421198,0.007763895,0.021747581,0.014242012,0.012363652
2019/7/9 19:00,0,0,0,0,0.003008984,0.000862817,0.000419412,0,0.000883151,0.001780252,0.000351048
2019/7/9 20:00,0,0,0,0,0,0,0,0,0,0,0
2019/7/9 21:00,0,0,0,0,0,0,0,0,0,0,0
2019/7/9 22:00,0,0,0,0,0,0,0,0,0,0,0
2019/7/9 23:00,0,0,0,0,0,0,0,0,0,0,0
2019/7/10 0:00,0,0,0,0,0,0,0,0,0,0,0
2019/7/10 1:00,0,0,0,0,0,0,0,0,0,0,0
2019/7/10 2:00,0,0,0,0,0,0,0,0,0,0,0
2019/7/10 3:00,0,0,0,0,0,0,0,0,0,0,0
2019/7/10 4:00,0.005388628,0.001853629,0,0,0.001002995,0,0,0,0,0,0.000375453
2019/7/10 5:00,0.073644579,0.055238133,0.017529939,0.011540735,0.038113793,0.033822434,0.005452361,0.011645842,0.001987089,0,0.020124256
2019/7/10 6:00,0.176627242,0.142544041,0.105179632,0.073053972,0.146437204,0.10543626,0.049490666,0.03105558,0.024728214,0.012207439,0.083684618
2019/7/10 7:00,0.296973261,0.276932116,0.225697959,0.182298792,0.295883391,0.20535049,0.126243139,0.058229212,0.080145908,0.083163179,0.182145171
2019/7/10 8:00,0.411331916,0.414285997,0.343294631,0.297594094,0.470404442,0.323729008,0.205302381,0.100930635,0.133134938,0.164800429,0.284082415
2019/7/10 9:00,0.534671618,0.541815647,0.428753082,0.440452704,0.623862607,0.3936172,0.308897249,0.170805689,0.176740495,0.260934013,0.378016887
2019/7/10 10:00,0.583169267,0.600761037,0.422909769,0.524263089,0.680030302,0.429682959,0.371809113,0.244562692,0.16183733,0.355795988,0.410386528
2019/7/10 11:00,0.620889661,0.656925984,0.455778404,0.533002675,0.72817404,0.479208665,0.419412423,0.291146061,0.118231774,0.458287613,0.433313538
2019/7/10 12:00,0.565207175,0.660262516,0.449204677,0.492778172,0.754251898,0.461089504,0.390892378,0.252326587,0.119114924,0.523139633,0.418192187
2019/7/10 13:00,0.5442514,0.605395108,0.379084922,0.51451509,0.707111155,0.414152249,0.291911046,0.209625164,0.10597806,0.542213757,0.37859133
2019/7/10 14:00,0.455039675,0.490099408,0.334529662,0.454570496,0.604805711,0.370666263,0.194397658,0.116458425,0.077054881,0.496690182,0.317488305
2019/7/10 15:00,0.305954308,0.332726338,0.252723281,0.343084757,0.46338348,0.275583809,0.11680636,0.023291685,0.047800521,0.415307254,0.227154422
2019/7/10 16:00,0.209557745,0.209460034,0.136587438,0.232271294,0.299895369,0.172045747,0.050329491,0.011645842,0.034332476,0.277210598,0.139086396
2019/7/10 17:00,0.096396563,0.111959169,0.044555261,0.085827212,0.138413247,0.069888192,0.020970621,0.007763895,0.026273727,0.141911481,0.058153845
2019/7/10 18:00,0.013770938,0.007599877,0.002921656,0.007170942,0.041122776,0.019844795,0.006920305,0,0.011149775,0.043743324,0.008920752
2019/7/10 19:00,0,0,0,0,0.002005989,0.00051769,0.000209706,0,0.000662363,0.002034573,0.00024029
2019/7/10 20:00,0,0,0,0,0,0,0,0,0,0,0
2019/7/10 21:00,0,0,0,0,0,0,0,0,0,0,0
2019/7/10 22:00,0,0,0,0,0,0,0,0,0,0,0
2019/7/10 23:00,0,0,0,0,0,0,0,0,0,0,0
2019/7/11 0:00,0,0,0,0,0,0,0,0,0,0,0
2019/7/11 1:00,0,0,0,0,0,0,0,0,0,0,0
2019/7/11 2:00,0,0,0,0,0,0,0,0,0,0,0
2019/7/11 3:00,0,0,0,0,0,0,0,0,0,0,0
2019/7/11 4:00,0.003592418,0.004263346,0,0,0.001002995,0,0,0,0,0,0.000563179
2019/7/11 5:00,0.042510285,0.060984382,0.013877868,0.005378207,0.017050907,0.02260581,0.00440383,0.011645842,0.001655907,0,0.015994278
2019/7/11 6:00,0.104180136,0.133090535,0.092762592,0.042129284,0.062185662,0.063158218,0.025793864,0.01552779,0.028481604,0.014750656,0.06369177
2019/7/11 7:00,0.168244932,0.247459421,0.210359263,0.086499488,0.106317422,0.079896871,0.07360688,0.03105558,0.089418989,0.10172866,0.133623561
2019/7/11 8:00,0.249673085,0.323458195,0.324303864,0.133894933,0.1654941,0.097670905,0.146794348,0.07763895,0.160733392,0.246183357,0.206138466
2019/7/11 9:00,0.355050694,0.378140239,0.414875213,0.163363023,0.226676767,0.107507021,0.191461771,0.147514004,0.2301711,0.366731819,0.26548625
2019/7/11 10:00,0.461625775,0.448207401,0.415605628,0.168068954,0.206616876,0.114582122,0.222288584,0.260090482,0.281725011,0.473546912,0.295053138
2019/7/11 11:00,0.479587868,0.474158202,0.417066456,0.154511391,0.152455171,0.133909227,0.235709782,0.376548906,0.273555869,0.54730019,0.30342573
2019/7/11 12:00,0.446058629,0.452100021,0.368128711,0.130981738,0.102305444,0.120621843,0.303025475,0.465833698,0.342000033,0.583159543,0.303483925
2019/7/11 13:00,0.421510436,0.373876893,0.328686349,0.104875027,0.096287476,0.104055753,0.340353181,0.384312801,0.391125279,0.580107683,0.286096718
2019/7/11 14:00,0.353254484,0.289722154,0.25418411,0.069132363,0.081242558,0.137705623,0.308687543,0.260090482,0.398632059,0.545011295,0.245851959
2019/7/11 15:00,0.263444022,0.179987339,0.133665782,0.045938847,0.068203629,0.125281055,0.244936855,0.116458425,0.355799259,0.460576508,0.174906446
2019/7/11 16:00,0.169442405,0.105471469,0.039442362,0.027675354,0.0551647,0.102330118,0.184541466,0.081520897,0.27764044,0.333415683,0.113069412
2019/7/11 17:00,0.084421834,0.052272327,0.007304141,0.010196183,0.028083847,0.057808751,0.094996914,0.04658337,0.153116219,0.186672091,0.056513117
2019/7/11 18:00,0.011375992,0.004077983,0.001460828,0.00056023,0.01103294,0.022260683,0.023696802,0.01552779,0.049898003,0.058748301,0.015658248
2019/7/11 19:00,0,0,0,0,0.001002995,0.000690254,0.000209706,0,0.002870239,0.002288895,0.000617619
2019/7/11 20:00,0,0,0,0,0,0,0,0,0,0,0
2019/7/11 21:00,0,0,0,0,0,0,0,0,0,0,0
2019/7/11 22:00,0,0,0,0,0,0,0,0,0,0,0
2019/7/11 23:00,0,0,0,0,0,0,0,0,0,0,0
2019/7/12 0:00,0,0,0,0,0,0,0,0,0,0,0
2019/7/12 1:00,0,0,0,0,0,0,0,0,0,0,0
2019/7/12 2:00,0,0,0,0,0,0,0,0,0,0,0
2019/7/12 3:00,0,0,0,0,0,0,0,0,0,0,0
2019/7/12 4:00,0.004191155,0,0,0,0.001002995,0,0,0,0,0,0.000150181
2019/7/12 5:00,0.035924185,0.010751046,0.013877868,0.001904781,0.01103294,0.042968296,0.007339717,0.027173632,0.005961266,0,0.013966835
2019/7/12 6:00,0.064064796,0.033365315,0.075963067,0.027003079,0.052155716,0.111993671,0.072977762,0.12422232,0.059723053,0.022125984,0.06545452
2019/7/12 7:00,0.116154864,0.066545268,0.166534417,0.078768316,0.101302449,0.196894882,0.18433176,0.229034902,0.161174967,0.133518866,0.145666202
2019/7/12 8:00,0.158066413,0.117149329,0.228619616,0.191486561,0.171512067,0.304401903,0.294427521,0.329965536,0.267373815,0.255338936,0.233651629
2019/7/12 9:00,0.20536659,0.159226699,0.251262453,0.341740206,0.224670778,0.411046108,0.38082648,0.450305908,0.372689513,0.364442924,0.315254362
2019/7/12 10:00,0.206564063,0.147919564,0.249801625,0.402693213,0.291871413,0.492841177,0.4085077,0.57064628,0.524481005,0.481176561,0.369111153
2019/7/12 11:00,0.214347636,0.166085125,0.305313097,0.473842403,0.314940287,0.548061477,0.452965417,0.621111598,0.633660487,0.57349532,0.429489554
2019/7/12 12:00,0.177824715,0.194816368,0.300200198,0.580846303,0.329985205,0.539260741,0.482953405,0.636639388,0.67516856,0.609608994,0.457952612
2019/7/12 13:00,0.155072731,0.18647504,0.279748603,0.531434031,0.357066058,0.545300462,0.472468094,0.628875493,0.665233117,0.588500297,0.440863889
2019/7/12 14:00,0.111963709,0.153851176,0.251262453,0.502750263,0.245733664,0.505610871,0.468064264,0.590056018,0.589723749,0.528989031,0.40212845
2019/7/12 15:00,0.081428152,0.090271714,0.182603527,0.387230869,0.156467149,0.4096656,0.395086502,0.477479541,0.460121413,0.440230776,0.310951676
2019/7/12 16:00,0.06346606,0.055238133,0.086188865,0.258714142,0.124371324,0.27661919,0.282893679,0.318319694,0.325551354,0.317393419,0.203923296
2019/7/12 17:00,0.023949457,0.025580075,0.027755736,0.091093373,0.069206624,0.151855825,0.147842879,0.159159847,0.155324095,0.146997913,0.091982119
2019/7/12 18:00,0.004191155,0.002038991,0.002191242,0.009635953,0.02206588,0.042450606,0.030617107,0.050465317,0.04515107,0.038911212,0.020693067
2019/7/12 19:00,0,0,0,0,0.001002995,0.000862817,0.000419412,0,0.002649452,0.002034573,0.000615742
2019/7/12 20:00,0,0,0,0,0,0,0,0,0,0,0
2019/7/12 21:00,0,0,0,0,0,0,0,0,0,0,0
2019/7/12 22:00,0,0,0,0,0,0,0,0,0,0,0
2019/7/12 23:00,0,0,0,0,0,0,0,0,0,0,0
2019/7/13 0:00,0,0,0,0,0,0,0,0,0,0,0
2019/7/13 1:00,0,0,0,0,0,0,0,0,0,0,0
2019/7/13 2:00,0,0,0,0,0,0,0,0,0,0,0
2019/7/13 3:00,0,0,0,0,0,0,0,0,0,0,0
2019/7/13 4:00,0.003592418,0.00259508,0,0,0.001002995,0,0,0,0,0,0.000394225
2019/7/13 5:00,0.02335072,0.051530876,0.019721181,0.006050482,0.026077858,0.023813754,0.005032949,0.019409737,0.000551969,0,0.016595003
2019/7/13 6:00,0.047898913,0.169607019,0.118327086,0.050196594,0.100299455,0.076963293,0.050329491,0.054347265,0.011039381,0.017293872,0.076888927
2019/7/13 7:00,0.077236997,0.291575782,0.264409907,0.126499899,0.224670778,0.140984328,0.137357568,0.069875055,0.044157525,0.114699064,0.164675364
2019/7/13 8:00,0.131722011,0.417251803,0.409762315,0.219273961,0.343024135,0.222089144,0.191461771,0.120340372,0.071424797,0.260934013,0.256051127
2019/7/13 9:00,0.185608288,0.52198182,0.512750704,0.320563517,0.335000178,0.205177927,0.226482708,0.209625164,0.085444811,0.389620767,0.320583911
2019/7/13 10:00,0.258654131,0.592234345,0.607704538,0.306893909,0.413233753,0.201899222,0.281216029,0.283382166,0.100899945,0.487280281,0.365026229
2019/7/13 11:00,0.30056568,0.603726843,0.56534052,0.276641498,0.457365513,0.273513048,0.279748086,0.240680744,0.101120733,0.541959435,0.358408878
2019/7/13 12:00,0.307750517,0.611512083,0.427292253,0.244372258,0.433293644,0.276274063,0.21473916,0.174687637,0.081249846,0.586211402,0.306322346
2019/7/13 13:00,0.296374525,0.530879238,0.400997345,0.225100352,0.323967238,0.180846482,0.16273202,0.120340372,0.089860564,0.591043514,0.26960121
2019/7/13 14:00,0.187404498,0.445056233,0.296548128,0.154063207,0.273817511,0.109750346,0.118274303,0.058229212,0.100789551,0.479650631,0.20412604
2019/7/13 15:00,0.123339701,0.340140852,0.169456073,0.0931102,0.17652704,0.072821771,0.087237784,0.019409737,0.093172378,0.345623122,0.135836854
2019/7/13 16:00,0.081428152,0.215206283,0.06938934,0.039552227,0.128383302,0.060569766,0.054523615,0.011645842,0.070320859,0.222277122,0.076843873
2019/7/13 17:00,0.031134294,0.1152957,0.010956212,0.01501416,0.074221596,0.036928576,0.02600357,0.007763895,0.031683024,0.139622586,0.032512313
2019/7/13 18:00,0.005987364,0.007229152,0.001460828,0.000336138,0.015044918,0.015013019,0.006710599,0,0.007617173,0.040945786,0.005464712
2019/7/13 19:00,0,0,0,0,0.001002995,0.00051769,0.000209706,0,0.000110394,0.001780252,0.000125777
2019/7/13 20:00,0,0,0,0,0,0,0,0,0,0,0
2019/7/13 21:00,0,0,0,0,0,0,0,0,0,0,0
2019/7/13 22:00,0,0,0,0,0,0,0,0,0,0,0
2019/7/13 23:00,0,0,0,0,0,0,0,0,0,0,0
2019/7/14 0:00,0,0,0,0,0,0,0,0,0,0,0
2019/7/14 1:00,0,0,0,0,0,0,0,0,0,0,0
2019/7/14 2:00,0,0,0,0,0,0,0,0,0,0,0
2019/7/14 3:00,0,0,0,0,0,0,0,0,0,0,0
2019/7/14 4:00,0.004191155,0.001482903,0,0,0.001002995,0,0,0,0,0,0.000300362
2019/7/14 5:00,0.030535557,0.025209349,0.008764969,0.000224092,0.007020962,0.031406546,0.003774712,0.011645842,0.000883151,0,0.010400036
2019/7/14 6:00,0.079631943,0.057833213,0.060624371,0.016918941,0.03309882,0.074719968,0.041312124,0.038819475,0.008500324,0.022125984,0.042702095
2019/7/14 7:00,0.123938438,0.096759414,0.114675015,0.057703674,0.09929646,0.102675245,0.093109558,0.06211116,0.017442222,0.126652182,0.081093995
2019/7/14 8:00,0.18201587,0.15088537,0.149734892,0.121121693,0.229685751,0.1335641,0.134841094,0.081520897,0.03996256,0.26678341,0.123371829
2019/7/14 9:00,0.238895829,0.207791769,0.154117377,0.242915661,0.306916331,0.165143209,0.2059315,0.09316674,0.09438671,0.391909662,0.17443713
2019/7/14 10:00,0.287393479,0.245791155,0.157039033,0.331656068,0.315943282,0.21035483,0.205092675,0.131986215,0.126952885,0.49796179,0.208635225
2019/7/14 11:00,0.33229871,0.229108498,0.179681871,0.335017447,0.28685644,0.201036404,0.194397658,0.194097374,0.153005825,0.567900244,0.220171005
2019/7/14 12:00,0.343674702,0.222064709,0.170186487,0.304765036,0.26479056,0.145816104,0.230886539,0.232916849,0.173207893,0.589008941,0.214619939
2019/7/14 13:00,0.263444022,0.221137895,0.15996069,0.198657503,0.170509073,0.21087252,0.233403013,0.170805689,0.164376388,0.536618681,0.192250476
2019/7/14 14:00,0.177824715,0.174055728,0.197211809,0.179721734,0.101302449,0.198965643,0.162102901,0.097048687,0.143180775,0.51957913,0.174928973
2019/7/14 15:00,0.119148546,0.113627435,0.162882346,0.137928588,0.102305444,0.103538062,0.106950168,0.034937527,0.159739847,0.444808565,0.135104722
2019/7/14 16:00,0.067058478,0.063579462,0.07815431,0.071933512,0.07723058,0.067472304,0.070251581,0.011645842,0.132031,0.323242817,0.081155945
2019/7/14 17:00,0.030535557,0.041150555,0.011686626,0.02084055,0.046137749,0.043831113,0.034601525,0.003881947,0.082905754,0.187943699,0.036022795
2019/7/14 18:00,0.005987364,0.002780443,0.001460828,0.001008414,0.013038929,0.015185582,0.009646486,0.003881947,0.030579086,0.043997645,0.009485809
2019/7/14 19:00,0,0,0,0,0.001002995,0.00051769,0.000209706,0,0.001103938,0.001780252,0.00029473
2019/7/14 20:00,0,0,0,0,0,0,0,0,0,0,0
2019/7/14 21:00,0,0,0,0,0,0,0,0,0,0,0
2019/7/14 22:00,0,0,0,0,0,0,0,0,0,0,0
2019/7/14 23:00,0,0,0,0,0,0,0,0,0,0,0
2019/7/15 0:00,0,0,0,0,0,0,0,0,0,0,0
2019/7/15 1:00,0,0,0,0,0,0,0,0,0,0,0
2019/7/15 2:00,0,0,0,0,0,0,0,0,0,0,0
2019/7/15 3:00,0,0,0,0,0,0,0,0,0,0,0
2019/7/15 4:00,0.003592418,0.000926814,0,0,0.001002995,0,0,0,0,0,0.000225272
2019/7/15 5:00,0.03173303,0.034662855,0.010956212,0.002465011,0.014041924,0.037963956,0.005871774,0.01552779,0.003532602,0,0.01400438
2019/7/15 6:00,0.083823098,0.090271714,0.073771825,0.031036733,0.061182667,0.104228316,0.063540982,0.038819475,0.047910915,0.017039551,0.064253072
2019/7/15 7:00,0.174232297,0.184250685,0.157769447,0.087619948,0.133398275,0.166351154,0.171959093,0.081520897,0.17111041,0.12029414,0.149266792
2019/7/15 8:00,0.297571998,0.277488205,0.220585061,0.172550792,0.238712702,0.253150562,0.327770808,0.170805689,0.300271171,0.271106879,0.24570741
2019/7/15 9:00,0.401153397,0.326980089,0.2950873,0.265660993,0.267799544,0.352547102,0.485889292,0.345493326,0.446101398,0.396487452,0.348399313
2019/7/15 10:00,0.483180286,0.361457582,0.349868358,0.348238872,0.283847456,0.462987702,0.5739659,0.473597593,0.571067195,0.486008672,0.430683493
2019/7/15 11:00,0.522098153,0.439866072,0.412683971,0.366390319,0.307919325,0.5040578,0.603534476,0.527944858,0.624718588,0.535347073,0.478711383
2019/7/15 12:00,0.504734797,0.426149221,0.42144894,0.315633495,0.322964244,0.488872218,0.560544703,0.508535121,0.597120134,0.577564466,0.459987564
2019/7/15 13:00,0.426300327,0.431710106,0.342564217,0.278658325,0.332994189,0.410010727,0.502456082,0.423132276,0.527240851,0.585448437,0.402075886
2019/7/15 14:00,0.317929036,0.356638147,0.269522806,0.21848964,0.339012156,0.3383969,0.471838976,0.376548906,0.48407687,0.54730019,0.341928388
2019/7/15 15:00,0.223927419,0.273780948,0.179681871,0.144091116,0.241721685,0.290941955,0.411024174,0.260090482,0.400067178,0.460322186,0.262047105
2019/7/15 16:00,0.146091685,0.160709602,0.09422342,0.066667352,0.129386296,0.211217647,0.310784605,0.131986215,0.295745025,0.293741505,0.16830599
2019/7/15 17:00,0.061071114,0.087676634,0.021912423,0.020728504,0.0551647,0.113201615,0.158537896,0.065993107,0.16790899,0.10630645,0.079967638
2019/7/15 18:00,0.009579783,0.003707257,0.001460828,0.00112046,0.016047913,0.034685251,0.030826813,0.01552779,0.056963208,0.027975381,0.018716309
2019/7/15 19:00,0,0,0,0,0.001002995,0.000690254,0.000419412,0,0.003311814,0.001780252,0.000707728
2019/7/15 20:00,0,0,0,0,0,0,0,0,0,0,0
2019/7/15 21:00,0,0,0,0,0,0,0,0,0,0,0
2019/7/15 22:00,0,0,0,0,0,0,0,0,0,0,0
2019/7/15 23:00,0,0,0,0,0,0,0,0,0,0,0
2019/7/16 0:00,0,0,0,0,0,0,0,0,0,0,0
2019/7/16 1:00,0,0,0,0,0,0,0,0,0,0,0
2019/7/16 2:00,0,0,0,0,0,0,0,0,0,0,0
2019/7/16 3:00,0,0,0,0,0,0,0,0,0,0,0
2019/7/16 4:00,0.003592418,0.00129754,0,0,0.001002995,0,0,0,0,0,0.000262817
2019/7/16 5:00,0.053287541,0.040965193,0.01241704,0.001792736,0.010029945,0.036583449,0.008807661,0.023291685,0.004194965,0,0.016106914
2019/7/16 6:00,0.122142228,0.099539857,0.073771825,0.037311308,0.038113793,0.130457959,0.097093976,0.104812582,0.052326667,0.017548194,0.076815714
2019/7/16 7:00,0.190996916,0.165529036,0.173108144,0.090084959,0.091272504,0.245385208,0.253744516,0.209625164,0.158635909,0.122837357,0.17147481
2019/7/16 8:00,0.264042759,0.249869138,0.279018189,0.14565976,0.15446116,0.364626543,0.395925327,0.353257221,0.281504223,0.262459942,0.274590974
2019/7/16 9:00,0.320323982,0.334023878,0.3520596,0.18790109,0.196586931,0.437103187,0.499310489,0.496889278,0.400177572,0.387586194,0.356706201
2019/7/16 10:00,0.441268737,0.381291408,0.330147177,0.227229225,0.272814516,0.540296122,0.58948416,0.547354596,0.461335744,0.498724755,0.400628517
2019/7/16 11:00,0.46581693,0.379252416,0.341833803,0.272383751,0.347036113,0.613808146,0.644217481,0.531826806,0.487719866,0.572478033,0.430326813
2019/7/16 12:00,0.447854838,0.395564348,0.298008956,0.271151245,0.349042102,0.621918628,0.657219266,0.508535121,0.524260218,0.607574421,0.427375756
2019/7/16 13:00,0.358643112,0.353672341,0.246879969,0.28851837,0.3309882,0.529252062,0.633941877,0.442542013,0.559475844,0.599181807,0.400337541
2019/7/16 14:00,0.293380843,0.284161268,0.184064355,0.243475891,0.282844462,0.43675806,0.566835889,0.306673851,0.547553312,0.543994009,0.341584849
2019/7/16 15:00,0.202971644,0.191109111,0.124170398,0.193279297,0.215643827,0.275066119,0.460934253,0.221271007,0.441464858,0.457524648,0.254385995
2019/7/16 16:00,0.114957392,0.096574051,0.060624371,0.092437924,0.177530035,0.16013887,0.311413724,0.10869453,0.298394476,0.341045332,0.151590843
2019/7/16 17:00,0.047898913,0.059686842,0.013147454,0.026330803,0.1103294,0.070233319,0.150149647,0.069875055,0.158194334,0.187689377,0.070149554
2019/7/16 18:00,0.00838231,0.002780443,0.001460828,0.00112046,0.038113793,0.024504008,0.02768122,0.023291685,0.051443517,0.034587744,0.017094354
2019/7/16 19:00,0,0,0,0,0.002005989,0.00051769,0.000209706,0,0.001987089,0.001780252,0.000463684
2019/7/16 20:00,0,0,0,0,0,0,0,0,0,0,0
2019/7/16 21:00,0,0,0,0,0,0,0,0,0,0,0
2019/7/16 22:00,0,0,0,0,0,0,0,0,0,0,0
2019/7/16 23:00,0,0,0,0,0,0,0,0,0,0,0
2019/7/17 0:00,0,0,0,0,0,0,0,0,0,0,0
2019/7/17 1:00,0,0,0,0,0,0,0,0,0,0,0
2019/7/17 2:00,0,0,0,0,0,0,0,0,0,0,0
2019/7/17 3:00,0,0,0,0,0,0,0,0,0,0,0
2019/7/17 4:00,0.003592418,0.000926814,0,0,0.001002995,0,0,0,0,0,0.000225272
2019/7/17 5:00,0.034127976,0.023911809,0.008764969,0.004930023,0.028083847,0.036756012,0.006291186,0.023291685,0.003863783,0,0.013441201
2019/7/17 6:00,0.08681678,0.064691639,0.066467684,0.073502156,0.120359345,0.119241335,0.071090406,0.100930635,0.039189804,0.013224726,0.071902917
2019/7/17 7:00,0.136511902,0.138095332,0.183333941,0.211990973,0.248742647,0.196722318,0.178040573,0.205743217,0.117459017,0.080874285,0.173417777
2019/7/17 8:00,0.201175435,0.227254869,0.300930613,0.334905401,0.339012156,0.332012053,0.312671961,0.349375274,0.211845727,0.211341291,0.287711163
2019/7/17 9:00,0.271826332,0.368316007,0.433135566,0.423533763,0.442320595,0.478000721,0.447722761,0.489125383,0.283932887,0.316630454,0.40273856
2019/7/17 10:00,0.358044376,0.49343594,0.547810581,0.541518168,0.626871591,0.54823404,0.536218782,0.566764333,0.327869625,0.376396041,0.498037803
2019/7/17 11:00,0.374808995,0.573512696,0.598209155,0.574459683,0.688054258,0.604489721,0.590742397,0.609465755,0.413976799,0.439467811,0.554464566
2019/7/17 12:00,0.34726712,0.580000396,0.610626194,0.60762529,0.675015329,0.635723703,0.602485945,0.621111598,0.410333803,0.45472711,0.567267498
2019/7/17 13:00,0.334693655,0.484167796,0.599669983,0.621631036,0.582739831,0.594481041,0.565577652,0.574528228,0.355026503,0.416578862,0.535241395
2019/7/17 14:00,0.249074348,0.385369391,0.525898158,0.498604562,0.528578125,0.532358204,0.468903089,0.481361488,0.317603,0.398013382,0.455545961
2019/7/17 15:00,0.162856305,0.285458808,0.396614861,0.373113077,0.385149905,0.418466335,0.398441802,0.368785011,0.24463269,0.337739151,0.348791661
2019/7/17 16:00,0.092205408,0.170163108,0.228619616,0.23708927,0.256766604,0.264022059,0.259825996,0.209625164,0.179279552,0.230669736,0.2177193
2019/7/17 17:00,0.042510285,0.091754617,0.078884724,0.068908271,0.133398275,0.1335641,0.110095761,0.069875055,0.115582322,0.124363287,0.093279308
2019/7/17 18:00,0.00838231,0.00519016,0.005112899,0.005714344,0.040119782,0.03865421,0.01824444,0.007763895,0.03444287,0.017802515,0.016013051
2019/7/17 19:00,0,0,0,0,0.002005989,0.00051769,0.000209706,0,0.001324726,0.001780252,0.000351048
2019/7/17 20:00,0,0,0,0,0,0,0,0,0,0,0
2019/7/17 21:00,0,0,0,0,0,0,0,0,0,0,0
2019/7/17 22:00,0,0,0,0,0,0,0,0,0,0,0
2019/7/17 23:00,0,0,0,0,0,0,0,0,0,0,0
2019/7/18 0:00,0,0,0,0,0,0,0,0,0,0,0
2019/7/18 1:00,0,0,0,0,0,0,0,0,0,0,0
2019/7/18 2:00,0,0,0,0,0,0,0,0,0,0,0
2019/7/18 3:00,0,0,0,0,0,0,0,0,0,0,0
2019/7/18 4:00,0.003592418,0.00129754,0,0,0.001002995,0,0,0,0,0,0.000262817
2019/7/18 5:00,0.038917867,0.042633458,0.014608282,0.004593885,0.020059891,0.02157043,0.002935887,0.01552779,0.001545513,0,0.014060698
2019/7/18 6:00,0.090409199,0.096203326,0.062815613,0.054006157,0.074221596,0.053667229,0.026213276,0.027173632,0.023624276,0.005595076,0.052717292
2019/7/18 7:00,0.154473995,0.172943551,0.143161165,0.155631851,0.1654941,0.086281719,0.075913649,0.054347265,0.063586836,0.037130961,0.118222498
2019/7/18 8:00,0.201175435,0.245976518,0.261488251,0.235296535,0.119356351,0.11648032,0.120790778,0.116458425,0.12043965,0.063326091,0.190146065
2019/7/18 9:00,0.280208642,0.287127074,0.344755459,0.239218144,0.20962586,0.15461684,0.132114913,0.205743217,0.203014222,0.14343741,0.244652388
2019/7/18 10:00,0.349662066,0.381662134,0.383467407,0.181850608,0.279835478,0.195341811,0.181186167,0.263972429,0.276094926,0.112410169,0.281893526
2019/7/18 11:00,0.367624158,0.435417364,0.410492729,0.207733227,0.249745642,0.244349827,0.167555263,0.197979322,0.308219526,0.059765588,0.304614037
2019/7/18 12:00,0.355050694,0.44097825,0.426561839,0.237201316,0.157470144,0.259880537,0.135260506,0.12422232,0.304907711,0.061545839,0.306804803
2019/7/18 13:00,0.343674702,0.394081445,0.384928235,0.246164994,0.095284482,0.176014706,0.125823727,0.085402845,0.245405446,0.046540862,0.269261425
2019/7/18 14:00,0.256857922,0.25969337,0.306043511,0.194399756,0.06619764,0.084210957,0.088496021,0.050465317,0.182812154,0.024160557,0.197610061
2019/7/18 15:00,0.190996916,0.154963353,0.178951457,0.081905603,0.063188656,0.035030378,0.046764485,0.04658337,0.117679805,0.028738346,0.113054393
2019/7/18 16:00,0.11854981,0.072662242,0.057702715,0.021848964,0.049146733,0.022950937,0.028729751,0.042701422,0.065794713,0.029755633,0.049028471
2019/7/18 17:00,0.050892595,0.025765438,0.01241704,0.001904781,0.026077858,0.014322765,0.017825028,0.023291685,0.024949002,0.015004977,0.016837169
2019/7/18 18:00,0.009579783,0.001112177,0.001460828,0,0.008023956,0.008455608,0.006291186,0.003881947,0.003532602,0.006612363,0.003258928
2019/7/18 19:00,0,0,0,0,0.001002995,0.000345127,0.000209706,0,0,0.001780252,8.82E-05
2019/7/18 20:00,0,0,0,0,0,0,0,0,0,0,0
2019/7/18 21:00,0,0,0,0,0,0,0,0,0,0,0
2019/7/18 22:00,0,0,0,0,0,0,0,0,0,0,0
2019/7/18 23:00,0,0,0,0,0,0,0,0,0,0,0
2019/7/19 0:00,0,0,0,0,0,0,0,0,0,0,0
2019/7/19 1:00,0,0,0,0,0,0,0,0,0,0,0
2019/7/19 2:00,0,0,0,0,0,0,0,0,0,0,0
2019/7/19 3:00,0,0,0,0,0,0,0,0,0,0,0
2019/7/19 4:00,0.002993682,0,0,0,0,0,0,0,0,0,9.39E-05
2019/7/19 5:00,0.034127976,0.016311932,0.010956212,0.001456598,0.01103294,0.019672232,0.001887356,0.007763895,0.000993544,0,0.008841907
2019/7/19 6:00,0.08681678,0.065247728,0.072310997,0.032829469,0.051152722,0.052114158,0.020551209,0.011645842,0.020202068,0.003814825,0.04590846
2019/7/19 7:00,0.144894212,0.129012552,0.144621993,0.07339011,0.097290471,0.076445603,0.054943027,0.03105558,0.064469987,0.026449452,0.094790504
2019/7/19 8:00,0.185009552,0.198708988,0.251262453,0.158545046,0.190568964,0.110268036,0.11345106,0.073757002,0.11204972,0.052644581,0.165794213
2019/7/19 9:00,0.240692038,0.316970495,0.406110244,0.267565774,0.182545007,0.167904224,0.147423467,0.116458425,0.158194334,0.064852021,0.256743837
2019/7/19 10:00,0.271227596,0.363125847,0.536123955,0.362804848,0.204610887,0.19879308,0.164619376,0.174687637,0.178948371,0.07248167,0.323461755
2019/7/19 11:00,0.224526155,0.382218222,0.596017912,0.31910692,0.214640833,0.188094147,0.187057941,0.194097374,0.196942562,0.096387905,0.337210827
2019/7/19 12:00,0.179022188,0.380549956,0.60989578,0.289862922,0.229685751,0.165143209,0.179089104,0.197979322,0.166584264,0.114699064,0.326514184
2019/7/19 13:00,0.131123275,0.340326215,0.554384308,0.287061773,0.266796549,0.161519377,0.140922574,0.13975011,0.155876064,0.111901526,0.298428456
2019/7/19 14:00,0.099988981,0.334765329,0.439709293,0.234512213,0.171512067,0.131493339,0.114289885,0.06211116,0.14649259,0.114444742,0.245846327
2019/7/19 15:00,0.089211726,0.270259053,0.304582683,0.111597785,0.09929646,0.079724308,0.070670993,0.027173632,0.11116657,0.077313781,0.164793632
2019/7/19 16:00,0.068255951,0.161821779,0.159230276,0.047955675,0.081242558,0.048662889,0.030197694,0.007763895,0.064911562,0.079856998,0.089008535
2019/7/19 17:00,0.041312813,0.073032968,0.040172776,0.017927355,0.041122776,0.030888855,0.01824444,0.003881947,0.033228538,0.068666845,0.034128636
2019/7/19 18:00,0.005388628,0.004448709,0.001460828,0.000224092,0.01103294,0.01104406,0.006291186,0,0.008610717,0.008901258,0.004533589
2019/7/19 19:00,0,0,0,0,0.001002995,0.000172563,0,0,0,0.00152593,4.88E-05
2019/7/19 20:00,0,0,0,0,0,0,0,0,0,0,0
2019/7/19 21:00,0,0,0,0,0,0,0,0,0,0,0
2019/7/19 22:00,0,0,0,0,0,0,0,0,0,0,0
2019/7/19 23:00,0,0,0,0,0,0,0,0,0,0,0
2019/7/20 0:00,0,0,0,0,0,0,0,0,0,0,0
2019/7/20 1:00,0,0,0,0,0,0,0,0,0,0,0
2019/7/20 2:00,0,0,0,0,0,0,0,0,0,0,0
2019/7/20 3:00,0,0,0,0,0,0,0,0,0,0,0
2019/7/20 4:00,0.002993682,0.002038991,0,0,0.001002995,0,0,0,0,0,0.000319135
2019/7/20 5:00,0.028140611,0.057091762,0.007304141,0.000672276,0.008023956,0.012769694,0.001467943,0.007763895,0.000331181,0,0.010756715
2019/7/20 6:00,0.076039525,0.156631619,0.064276442,0.021736918,0.03309882,0.047972636,0.017405616,0.011645842,0.009825049,0.00610372,0.048084208
2019/7/20 7:00,0.13351822,0.277488205,0.189177254,0.088516316,0.07723058,0.081967633,0.040263593,0.019409737,0.040624923,0.031535885,0.117786973
2019/7/20 8:00,0.211952691,0.373320805,0.315538895,0.171318287,0.107320416,0.127869507,0.069832168,0.04658337,0.07528858,0.067649559,0.19198015
2019/7/20 9:00,0.312540408,0.450431756,0.365207054,0.236753133,0.114341378,0.172563437,0.107579286,0.104812582,0.116907048,0.186163448,0.245812537
2019/7/20 10:00,0.403548343,0.483055619,0.38931072,0.240114512,0.175524045,0.194824121,0.141341986,0.186333479,0.130816668,0.237790742,0.272005983
2019/7/20 11:00,0.470008085,0.493065214,0.413414385,0.213671663,0.267799544,0.226748357,0.168603794,0.291146061,0.15201228,0.273141452,0.293442447
2019/7/20 12:00,0.47419924,0.486577514,0.408301486,0.233055616,0.201601904,0.240553432,0.200269432,0.322201641,0.186234363,0.219225262,0.304871222
2019/7/20 13:00,0.410134444,0.436900267,0.386389063,0.20291525,0.206616876,0.21535917,0.214529454,0.298909956,0.169785684,0.209052396,0.28178089
2019/7/20 14:00,0.301763153,0.356452784,0.270983634,0.161010057,0.194580942,0.183434934,0.179298811,0.240680744,0.117017442,0.094353332,0.214066147
2019/7/20 15:00,0.215545109,0.212611203,0.156308619,0.106779808,0.148443193,0.133391537,0.12456549,0.13975011,0.089860564,0.056459406,0.137250433
2019/7/20 16:00,0.146091685,0.130680818,0.0569723,0.056022985,0.103308438,0.079724308,0.072977762,0.069875055,0.045592645,0.045014932,0.070448039
2019/7/20 17:00,0.06346606,0.073032968,0.008764969,0.016022574,0.060179673,0.043313423,0.032504463,0.034937527,0.017552616,0.01856548,0.027882983
2019/7/20 18:00,0.007184837,0.004263346,0.000730414,0.000112046,0.016047913,0.014840456,0.007339717,0.003881947,0.005078115,0.006612363,0.004535467
2019/7/20 19:00,0,0,0,0,0.001002995,0.000172563,0,0,0.000331181,0.002797538,0.000114513
2019/7/20 20:00,0,0,0,0,0,0,0,0,0,0,0
2019/7/20 21:00,0,0,0,0,0,0,0,0,0,0,0
2019/7/20 22:00,0,0,0,0,0,0,0,0,0,0,0
2019/7/20 23:00,0,0,0,0,0,0,0,0,0,0,0
2019/7/21 0:00,0,0,0,0,0,0,0,0,0,0,0
2019/7/21 1:00,0,0,0,0,0,0,0,0,0,0,0
2019/7/21 2:00,0,0,0,0,0,0,0,0,0,0,0
2019/7/21 3:00,0,0,0,0,0,0,0,0,0,0,0
2019/7/21 4:00,0.003592418,0.000926814,0,0,0.001002995,0,0,0,0,0,0.000225272
2019/7/21 5:00,0.047300177,0.033921404,0.007304141,0.003249333,0.017050907,0.014322765,0.002516475,0.011645842,0.00143512,0,0.010249855
2019/7/21 6:00,0.109568764,0.078779217,0.054050644,0.037087216,0.069206624,0.062640528,0.030197694,0.038819475,0.020533249,0.015004977,0.047812005
2019/7/21 7:00,0.179022188,0.131978358,0.12270957,0.080224914,0.173518056,0.106816768,0.080317479,0.085402845,0.047358946,0.089775542,0.098862287
2019/7/21 8:00,0.254462976,0.192777377,0.167995245,0.143306794,0.235703718,0.180673919,0.176992042,0.186333479,0.062151717,0.220751192,0.155809052
2019/7/21 9:00,0.323317664,0.239118092,0.209628849,0.196416584,0.272814516,0.324591825,0.206141206,0.186333479,0.082022603,0.327820606,0.205389438
2019/7/21 10:00,0.394567297,0.267849336,0.235923757,0.236304949,0.316946276,0.332702307,0.209496505,0.205743217,0.139427386,0.39165534,0.237154601
2019/7/21 11:00,0.403548343,0.308073077,0.250532039,0.276865589,0.325973227,0.288526067,0.270311306,0.256208534,0.159298272,0.426243085,0.258942112
2019/7/21 12:00,0.447854838,0.300102474,0.246879969,0.272159659,0.365090015,0.250562111,0.275763668,0.287264114,0.140752112,0.55492984,0.254185128
2019/7/21 13:00,0.424504118,0.276376028,0.241036656,0.223643754,0.31995526,0.258672592,0.235080663,0.229034902,0.142849594,0.574003963,0.235496978
2019/7/21 14:00,0.383790041,0.250981316,0.198672637,0.191374515,0.212634844,0.239690614,0.215368279,0.151395952,0.138544235,0.526954458,0.20468171
2019/7/21 15:00,0.305954308,0.18907012,0.136587438,0.130533554,0.164491105,0.143055089,0.170281444,0.06211116,0.146602984,0.442265349,0.150798638
2019/7/21 16:00,0.179620924,0.113256709,0.055511472,0.074846707,0.114341378,0.075927912,0.100658981,0.023291685,0.129381549,0.307474874,0.088717559
2019/7/21 17:00,0.07843447,0.051716239,0.008034555,0.026218757,0.056167695,0.03813652,0.046345073,0.007763895,0.076613306,0.170141184,0.038162874
2019/7/21 18:00,0.010178519,0.002038991,0.000730414,0.001344552,0.019056896,0.013459948,0.012792079,0,0.025500971,0.039165534,0.008530282
2019/7/21 19:00,0,0,0,0,0.001002995,0.000172563,0.000209706,0,0.000883151,0.002543216,0.000225272
2019/7/21 20:00,0,0,0,0,0,0,0,0,0,0,0
2019/7/21 21:00,0,0,0,0,0,0,0,0,0,0,0
2019/7/21 22:00,0,0,0,0,0,0,0,0,0,0,0
2019/7/21 23:00,0,0,0,0,0,0,0,0,0,0,0
2019/7/22 0:00,0,0,0,0,0,0,0,0,0,0,0
2019/7/22 1:00,0,0,0,0,0,0,0,0,0,0,0
2019/7/22 2:00,0,0,0,0,0,0,0,0,0,0,0
2019/7/22 3:00,0,0,0,0,0,0,0,0,0,0,0
2019/7/22 4:00,0.003592418,0.001668266,0,0,0,0,0,0,0,0,0.000281589
2019/7/22 5:00,0.050892595,0.035404307,0.007304141,0.002689103,0.010029945,0.019844795,0.003565006,0.019409737,0.000883151,0,0.011263576
2019/7/22 6:00,0.135913166,0.091013165,0.046016089,0.038319721,0.04413176,0.054530046,0.046135366,0.054347265,0.018546161,0.012970404,0.048491574
2019/7/22 7:00,0.219137528,0.143285493,0.108101288,0.105211165,0.094281487,0.088697607,0.123097546,0.07763895,0.053430605,0.095116297,0.102768871
2019/7/22 8:00,0.317330299,0.183323871,0.166534417,0.1445393,0.115344373,0.134081791,0.194607364,0.155277899,0.095932223,0.214901794,0.155108833
2019/7/22 9:00,0.408936971,0.212981929,0.186986012,0.170982149,0.131392285,0.211735338,0.211383861,0.182451532,0.153557794,0.314850202,0.192772355
2019/7/22 10:00,0.465218194,0.244678978,0.198672637,0.150589782,0.19859292,0.222434271,0.249340685,0.225152954,0.242424813,0.447351782,0.221308626
2019/7/22 11:00,0.472403031,0.262473813,0.200133466,0.144091116,0.309925315,0.268853835,0.286039272,0.232916849,0.308661101,0.535347073,0.24533008
2019/7/22 12:00,0.434682637,0.266551796,0.169456073,0.164147345,0.421257709,0.235721655,0.241791262,0.201861269,0.362974857,0.568408887,0.242532959
2019/7/22 13:00,0.397560979,0.249683776,0.124900813,0.184987895,0.468398453,0.213806099,0.210545036,0.174687637,0.37986511,0.551623658,0.22883645
2019/7/22 14:00,0.321521454,0.160524239,0.072310997,0.15148615,0.442320595,0.155824784,0.195026777,0.151395952,0.34597421,0.523139633,0.183008712
2019/7/22 15:00,0.238895829,0.100466671,0.044555261,0.065546892,0.370104987,0.104228316,0.197543251,0.12422232,0.304245349,0.44862339,0.137104006
2019/7/22 16:00,0.154473995,0.06413555,0.025564494,0.038319721,0.217649816,0.069888192,0.14448758,0.054347265,0.256113646,0.340028046,0.097630803
2019/7/22 17:00,0.059274905,0.037257935,0.007304141,0.010196183,0.116347367,0.041242662,0.067315694,0.01552779,0.151349918,0.187689377,0.049781253
2019/7/22 18:00,0.006586101,0.001668266,0.000730414,0.000672276,0.032095825,0.015703273,0.010485311,0.003881947,0.052437061,0.043997645,0.01335297
2019/7/22 19:00,0,0,0,0,0.002005989,0.000172563,0.000209706,0,0.002097482,0.001780252,0.000444911
2019/7/22 20:00,0,0,0,0,0,0,0,0,0,0,0
2019/7/22 21:00,0,0,0,0,0,0,0,0,0,0,0
2019/7/22 22:00,0,0,0,0,0,0,0,0,0,0,0
2019/7/22 23:00,0,0,0,0,0,0,0,0,0,0,0
2019/7/23 0:00,0,0,0,0,0,0,0,0,0,0,0
2019/7/23 1:00,0,0,0,0,0,0,0,0,0,0,0
2019/7/23 2:00,0,0,0,0,0,0,0,0,0,0,0
2019/7/23 3:00,0,0,0,0,0,0,0,0,0,0,0
2019/7/23 4:00,0.002993682,0.000926814,0,0,0.001002995,0,0,0,0,0,0.000206499
2019/7/23 5:00,0.032331766,0.021872818,0.008034555,0.008179356,0.012035935,0.028472967,0.004613537,0.019409737,0.003532602,0,0.011939391
2019/7/23 6:00,0.066459742,0.060428293,0.065006856,0.075406937,0.039116787,0.111821107,0.057249796,0.073757002,0.035105233,0.017548194,0.065233003
2019/7/23 7:00,0.109568764,0.121968763,0.151926135,0.190702239,0.09929646,0.200518714,0.149310822,0.182451532,0.098250494,0.12029414,0.150242968
2019/7/23 8:00,0.168843669,0.185548225,0.224967545,0.39081634,0.197589925,0.310786751,0.224805059,0.306673851,0.199592014,0.254575971,0.255666289
2019/7/23 9:00,0.226921101,0.233001118,0.273174876,0.510257343,0.322964244,0.430028086,0.300509001,0.364903064,0.313297641,0.388857802,0.339932858
2019/7/23 10:00,0.284998533,0.305848723,0.334529662,0.58678474,0.457365513,0.547371223,0.367195576,0.364903064,0.361539738,0.471003695,0.407782765
2019/7/23 11:00,0.269431386,0.339028675,0.406840658,0.620174439,0.580733842,0.61501609,0.410604762,0.322201641,0.411216953,0.459304899,0.454684297
2019/7/23 12:00,0.244284457,0.32123384,0.426561839,0.575131959,0.613832662,0.608631243,0.422977428,0.318319694,0.393995519,0.425988763,0.447286005
2019/7/23 13:00,0.22213121,0.280083285,0.431674738,0.453786175,0.549641011,0.549959675,0.417734773,0.333847484,0.400067178,0.44557153,0.417281714
2019/7/23 14:00,0.195786807,0.218172089,0.377624094,0.417707373,0.431287655,0.471615874,0.392360321,0.298909956,0.381962593,0.361645386,0.371851956
2019/7/23 15:00,0.134715693,0.140319687,0.287052745,0.357090503,0.252754625,0.298362183,0.308268131,0.209625164,0.331733408,0.336213221,0.285854551
2019/7/23 16:00,0.07005216,0.095276511,0.154117377,0.203923664,0.155464155,0.135979989,0.205721793,0.097048687,0.219352506,0.224566017,0.165392478
2019/7/23 17:00,0.033529239,0.052643053,0.048937745,0.071037144,0.093278493,0.072131517,0.084301897,0.054347265,0.12043965,0.096642227,0.071824072
2019/7/23 18:00,0.005388628,0.003521894,0.002191242,0.005490252,0.03309882,0.025366825,0.014050316,0.01552779,0.031351843,0.032807493,0.012970008
2019/7/23 19:00,0,0,0,0,0.001002995,0.000172563,0,0,0.000662363,0.002034573,0.000165199
2019/7/23 20:00,0,0,0,0,0,0,0,0,0,0,0
2019/7/23 21:00,0,0,0,0,0,0,0,0,0,0,0
2019/7/23 22:00,0,0,0,0,0,0,0,0,0,0,0
2019/7/23 23:00,0,0,0,0,0,0,0,0,0,0,0
2019/7/24 0:00,0,0,0,0,0,0,0,0,0,0,0
2019/7/24 1:00,0,0,0,0,0,0,0,0,0,0,0
2019/7/24 2:00,0,0,0,0,0,0,0,0,0,0,0
2019/7/24 3:00,0,0,0,0,0,0,0,0,0,0,0
2019/7/24 4:00,0.002993682,0,0,0,0.001002995,0,0,0,0,0,0.000112636
2019/7/24 5:00,0.027541875,0.026692252,0.01241704,0.009411861,0.018053902,0.028990657,0.003355299,0.01552779,0.00231827,0,0.013272248
2019/7/24 6:00,0.052090068,0.09064244,0.092762592,0.102410016,0.094281487,0.114754686,0.051797434,0.069875055,0.039300197,0.01856548,0.080896883
2019/7/24 7:00,0.09519909,0.206123503,0.225697959,0.266333268,0.196586931,0.216221987,0.155602009,0.155277899,0.123309889,0.119531175,0.196981178
2019/7/24 8:00,0.140104321,0.329204444,0.358633327,0.42084466,0.320958255,0.333392561,0.278070436,0.291146061,0.250814743,0.25126979,0.326170645
2019/7/24 9:00,0.210755218,0.482870256,0.454317575,0.560565983,0.495479305,0.476102523,0.357968503,0.415368381,0.3943267,0.357321918,0.449088177
2019/7/24 10:00,0.301763153,0.497143197,0.514211532,0.621294898,0.581736836,0.589131575,0.403055338,0.493007331,0.493791525,0.413018359,0.517981842
2019/7/24 11:00,0.350859539,0.559054393,0.575566317,0.663872366,0.627874586,0.654878244,0.468903089,0.547354596,0.524260218,0.439722132,0.570610903
2019/7/24 12:00,0.383790041,0.541444921,0.590905014,0.661519401,0.65094346,0.668165629,0.45611101,0.551236543,0.512779261,0.399539312,0.572078922
2019/7/24 13:00,0.334094919,0.519016015,0.564610106,0.591042487,0.625868596,0.644006748,0.432204502,0.504653173,0.560690176,0.412001072,0.550432205
2019/7/24 14:00,0.232908465,0.457475544,0.485725382,0.505439366,0.512530213,0.560313481,0.425493903,0.469715646,0.474693396,0.39165534,0.478120045
2019/7/24 15:00,0.162856305,0.271927319,0.360094155,0.382076754,0.418248725,0.435032425,0.350209373,0.364903064,0.376884478,0.303405728,0.359689171
2019/7/24 16:00,0.098192772,0.129197915,0.199403052,0.247509546,0.295883391,0.259880537,0.239065081,0.194097374,0.279406741,0.151321382,0.22210834
2019/7/24 17:00,0.045503967,0.061169745,0.06573727,0.099945004,0.152455171,0.137015369,0.089334846,0.069875055,0.136888328,0.068921167,0.094184148
2019/7/24 18:00,0.005987364,0.002965806,0.002921656,0.007731172,0.034101815,0.035375505,0.015727966,0.01552779,0.042501618,0.007883971,0.016465471
2019/7/24 19:00,0,0,0,0,0.001002995,0.000172563,0,0,0.001214332,0.002034573,0.000259062
2019/7/24 20:00,0,0,0,0,0,0,0,0,0,0,0
2019/7/24 21:00,0,0,0,0,0,0,0,0,0,0,0
2019/7/24 22:00,0,0,0,0,0,0,0,0,0,0,0
2019/7/24 23:00,0,0,0,0,0,0,0,0,0,0,0
2019/7/25 0:00,0,0,0,0,0,0,0,0,0,0,0
2019/7/25 1:00,0,0,0,0,0,0,0,0,0,0,0
2019/7/25 2:00,0,0,0,0,0,0,0,0,0,0,0
2019/7/25 3:00,0,0,0,0,0,0,0,0,0,0,0
2019/7/25 4:00,0.002993682,0.000926814,0,0,0.001002995,0,0,0,0,0,0.000206499
2019/7/25 5:00,0.033529239,0.035404307,0.011686626,0.010308229,0.019056896,0.011734314,0.003565006,0.019409737,0.001324726,0,0.012483797
2019/7/25 6:00,0.074243315,0.120300498,0.089840935,0.096023395,0.083248547,0.072649207,0.05536244,0.10869453,0.03907941,0.010935831,0.08008966
2019/7/25 7:00,0.114957392,0.225215878,0.214011334,0.233839937,0.162485116,0.186195949,0.17825028,0.244562692,0.139979355,0.092064437,0.196158937
2019/7/25 8:00,0.191595653,0.358306413,0.358633327,0.385101996,0.325973227,0.352029412,0.338465825,0.392076696,0.253353801,0.218716619,0.337344113
2019/7/25 9:00,0.279011169,0.470636308,0.476960413,0.496475689,0.548638016,0.463677956,0.465967202,0.489125383,0.391125279,0.361391064,0.457434487
2019/7/25 10:00,0.349662066,0.479533725,0.598939569,0.516531917,0.640913515,0.433479354,0.563270884,0.574528228,0.517636589,0.454981431,0.528747944
2019/7/25 11:00,0.432287691,0.515864846,0.644955658,0.54118203,0.648937471,0.567043455,0.568723245,0.597819913,0.580450669,0.487534602,0.578191289
2019/7/25 12:00,0.42570159,0.573698059,0.625964891,0.564151454,0.715135111,0.62002043,0.572497957,0.582292123,0.616880627,0.546282903,0.596027163
2019/7/25 13:00,0.437077582,0.577219953,0.571183833,0.574235591,0.63991052,0.591029773,0.589064748,0.539590701,0.59756171,0.461085151,0.575292796
2019/7/25 14:00,0.352057011,0.532362141,0.485725382,0.429472199,0.567694913,0.510615211,0.556560285,0.524062911,0.538059444,0.458033291,0.497964589
2019/7/25 15:00,0.255061712,0.391671728,0.354250842,0.344093171,0.457365513,0.413289432,0.465967202,0.411486434,0.441906433,0.355795988,0.389267323
2019/7/25 16:00,0.161060095,0.25061059,0.198672637,0.23294357,0.277829489,0.274203302,0.314769023,0.236798797,0.32135639,0.291961254,0.251981222
2019/7/25 17:00,0.06346606,0.121412675,0.0569723,0.094118614,0.146437204,0.138741004,0.145536111,0.116458425,0.165590719,0.164800429,0.11056702
2019/7/25 18:00,0.007184837,0.004634072,0.002921656,0.005714344,0.03309882,0.034685251,0.022857977,0.027173632,0.04746934,0.029501311,0.018445984
2019/7/25 19:00,0,0,0,0,0.001002995,0.000172563,0,0,0.000883151,0.002034573,0.000202744
2019/7/25 20:00,0,0,0,0,0,0,0,0,0,0,0
2019/7/25 21:00,0,0,0,0,0,0,0,0,0,0,0
2019/7/25 22:00,0,0,0,0,0,0,0,0,0,0,0
2019/7/25 23:00,0,0,0,0,0,0,0,0,0,0,0
2019/7/26 0:00,0,0,0,0,0,0,0,0,0,0,0
2019/7/26 1:00,0,0,0,0,0,0,0,0,0,0,0
2019/7/26 2:00,0,0,0,0,0,0,0,0,0,0,0
2019/7/26 3:00,0,0,0,0,0,0,0,0,0,0,0
2019/7/26 4:00,0.002993682,0.00129754,0,0,0.001002995,0,0,0,0,0,0.000244044
2019/7/26 5:00,0.039516603,0.03429213,0.01606911,0.010420275,0.027080853,0.023986318,0.004823243,0.019409737,0.003642996,0,0.015693916
2019/7/26 6:00,0.076638261,0.118261506,0.1190575,0.115295302,0.137410253,0.10992291,0.072348643,0.10869453,0.062924473,0.017039551,0.101385328
2019/7/26 7:00,0.106575082,0.24412289,0.276826947,0.292215887,0.294880396,0.23192526,0.206350912,0.217389059,0.189214995,0.119531175,0.240965444
2019/7/26 8:00,0.198181753,0.414100634,0.439709293,0.436531095,0.455359524,0.393962327,0.33490082,0.345493326,0.326655293,0.253813006,0.389791079
2019/7/26 9:00,0.211952691,0.546078992,0.575566317,0.509921205,0.574715875,0.518208002,0.474145744,0.477479541,0.459679837,0.32832925,0.508571124
2019/7/26 10:00,0.235303411,0.604282931,0.658833526,0.588913613,0.645928487,0.585162616,0.577740612,0.60170186,0.588067842,0.349692268,0.595721169
2019/7/26 11:00,0.225723628,0.622448492,0.657372697,0.616364876,0.698084204,0.592065153,0.63708747,0.636639388,0.633550093,0.352235485,0.617966732
2019/7/26 12:00,0.189799443,0.604468294,0.610626194,0.524263089,0.733189013,0.580503403,0.656590148,0.593937965,0.666337055,0.425988763,0.592773866
2019/7/26 13:00,0.15686894,0.533103592,0.541236854,0.503422539,0.713129122,0.551167619,0.632264227,0.527944858,0.606062033,0.461085151,0.544261643
2019/7/26 14:00,0.116154864,0.455436553,0.459430474,0.467007599,0.630883569,0.483695315,0.563270884,0.493007331,0.536513931,0.432855448,0.479212612
2019/7/26 15:00,0.085020571,0.324755735,0.334529662,0.319891242,0.498488289,0.369113192,0.463031315,0.411486434,0.432854141,0.265003159,0.361527011
2019/7/26 16:00,0.04849765,0.179801976,0.186986012,0.18678063,0.325973227,0.238827797,0.326931983,0.279500219,0.299719202,0.175990582,0.226213914
2019/7/26 17:00,0.023949457,0.073032968,0.05332023,0.071933512,0.153458165,0.130112832,0.156021421,0.155277899,0.149914798,0.157933744,0.099065032
2019/7/26 18:00,0.003592418,0.00389262,0.002191242,0.003249333,0.030089836,0.031751672,0.026213276,0.038819475,0.042170437,0.053407546,0.017420998
2019/7/26 19:00,0,0,0,0,0.001002995,0.000172563,0,0,0.000551969,0.002034573,0.000146426
2019/7/26 20:00,0,0,0,0,0,0,0,0,0,0,0
2019/7/26 21:00,0,0,0,0,0,0,0,0,0,0,0
2019/7/26 22:00,0,0,0,0,0,0,0,0,0,0,0
2019/7/26 23:00,0,0,0,0,0,0,0,0,0,0,0
2019/7/27 0:00,0,0,0,0,0,0,0,0,0,0,0
2019/7/27 1:00,0,0,0,0,0,0,0,0,0,0,0
2019/7/27 2:00,0,0,0,0,0,0,0,0,0,0,0
2019/7/27 3:00,0,0,0,0,0,0,0,0,0,0,0
2019/7/27 4:00,0.002993682,0,0,0,0.001002995,0,0,0,0,0,0.000112636
2019/7/27 5:00,0.022751984,0.029472695,0.009495383,0.004369793,0.02206588,0.01104406,0.003774712,0.019409737,0.003091027,0,0.0102874
2019/7/27 6:00,0.037121658,0.089715625,0.079615138,0.047731583,0.136407258,0.057981315,0.076752473,0.097048687,0.06049581,0.017293872,0.06954883
2019/7/27 7:00,0.067657215,0.196113908,0.198672637,0.104314797,0.294880396,0.099569103,0.229838008,0.229034902,0.19340996,0.11876821,0.172289542
2019/7/27 8:00,0.105377609,0.278785745,0.337451318,0.152270472,0.429281665,0.130285395,0.400538864,0.376548906,0.334603647,0.264748837,0.278906801
2019/7/27 9:00,0.140703057,0.380549956,0.444091778,0.162914839,0.482440376,0.142019709,0.526572297,0.524062911,0.447757305,0.393689914,0.360393145
2019/7/27 10:00,0.174232297,0.425407769,0.546349753,0.172774884,0.442320595,0.130803085,0.60940625,0.593937965,0.517195014,0.497707468,0.415319975
2019/7/27 11:00,0.183812079,0.483982434,0.528819814,0.181178332,0.370104987,0.129767705,0.627650691,0.63275744,0.495889008,0.558490343,0.417326769
2019/7/27 12:00,0.232309729,0.5180892,0.518594017,0.18678063,0.292874407,0.167213971,0.628279809,0.640521335,0.47568694,0.54882612,0.42016519
2019/7/27 13:00,0.219736264,0.491953037,0.501794492,0.183867435,0.197589925,0.165488336,0.563061177,0.578410175,0.44267919,0.540687827,0.39583211
2019/7/27 14:00,0.234105938,0.448392764,0.431674738,0.125715577,0.135404264,0.155479657,0.457578953,0.473597593,0.424905786,0.515509984,0.344134172
2019/7/27 15:00,0.185608288,0.332170249,0.337451318,0.088516316,0.076227585,0.137705623,0.376422649,0.337729431,0.354143352,0.449640677,0.270997893
2019/7/27 16:00,0.126333383,0.15867061,0.192829325,0.0277874,0.046137749,0.089732987,0.244307736,0.201861269,0.274770201,0.332907039,0.165685331
2019/7/27 17:00,0.064064796,0.078408491,0.065006856,0.007282988,0.023068875,0.052114158,0.110934586,0.09316674,0.155655276,0.189215307,0.076280694
2019/7/27 18:00,0.00838231,0.003151169,0.002921656,0.000112046,0.010029945,0.014495329,0.019083265,0.023291685,0.048021309,0.038148247,0.014398605
2019/7/27 19:00,0,0,0,0,0.001002995,0,0,0,0.001103938,0.002543216,0.000225272
2019/7/27 20:00,0,0,0,0,0,0,0,0,0,0,0
2019/7/27 21:00,0,0,0,0,0,0,0,0,0,0,0
2019/7/27 22:00,0,0,0,0,0,0,0,0,0,0,0
2019/7/27 23:00,0,0,0,0,0,0,0,0,0,0,0
2019/7/28 0:00,0,0,0,0,0,0,0,0,0,0,0
2019/7/28 1:00,0,0,0,0,0,0,0,0,0,0,0
2019/7/28 2:00,0,0,0,0,0,0,0,0,0,0,0
2019/7/28 3:00,0,0,0,0,0,0,0,0,0,0,0
2019/7/28 4:00,0.003592418,0,0,0,0.001002995,0,0,0,0,0,0.000131408
2019/7/28 5:00,0.04849765,0.017609472,0.005112899,0.003473425,0.010029945,0.023123501,0.002935887,0.01552779,0.003863783,0,0.00957404
2019/7/28 6:00,0.168843669,0.06024293,0.04090319,0.054230249,0.058173684,0.103710626,0.054104203,0.100930635,0.064690774,0.017293872,0.064217404
2019/7/28 7:00,0.30894799,0.157002344,0.105910046,0.185884263,0.107320416,0.217947621,0.152456416,0.232916849,0.204449342,0.118005245,0.170218921
2019/7/28 8:00,0.468810612,0.296951305,0.187716426,0.356530273,0.166497095,0.327525404,0.268633657,0.357139169,0.361981313,0.253050041,0.296241445
2019/7/28 9:00,0.587360422,0.489914045,0.29873937,0.528520836,0.417245731,0.454186967,0.380616774,0.465833698,0.512889655,0.365460211,0.437096223
2019/7/28 10:00,0.661005001,0.580927211,0.445552606,0.624432185,0.593772771,0.519933636,0.468903089,0.555118491,0.612575268,0.454472788,0.542711024
2019/7/28 11:00,0.672380993,0.556644676,0.559497207,0.637541564,0.713129122,0.547371223,0.529508184,0.566764333,0.653641767,0.5180532,0.590750177
2019/7/28 12:00,0.649629009,0.576293139,0.571914247,0.635076552,0.721153078,0.583264418,0.557818522,0.547354596,0.668544931,0.558744664,0.603290292
2019/7/28 13:00,0.586761686,0.565542093,0.545619339,0.570762166,0.615838651,0.56376475,0.55572146,0.485243436,0.634654031,0.568154565,0.569719203
2019/7/28 14:00,0.477192922,0.522908635,0.497412008,0.506783918,0.492470322,0.479208665,0.498052252,0.454187856,0.565768292,0.512712446,0.508561737
2019/7/28 15:00,0.361636794,0.392969268,0.366667882,0.388351329,0.465389469,0.384298775,0.381665305,0.333847484,0.463543621,0.442011027,0.393357878
2019/7/28 16:00,0.233507201,0.247830147,0.186986012,0.244484304,0.294880396,0.279035078,0.257519228,0.217389059,0.342000033,0.32222553,0.251416166
2019/7/28 17:00,0.092804144,0.113071346,0.051859402,0.085715166,0.130389291,0.150993008,0.109676349,0.12422232,0.174311831,0.170395505,0.107642245
2019/7/28 18:00,0.011974728,0.003521894,0.002191242,0.005490252,0.026077858,0.038999337,0.018663853,0.038819475,0.042612012,0.037639604,0.018017968
2019/7/28 19:00,0,0,0,0,0.001002995,0,0,0,0.000883151,0.002543216,0.000187726
2019/7/28 20:00,0,0,0,0,0,0,0,0,0,0,0
2019/7/28 21:00,0,0,0,0,0,0,0,0,0,0,0
2019/7/28 22:00,0,0,0,0,0,0,0,0,0,0,0
2019/7/28 23:00,0,0,0,0,0,0,0,0,0,0,0
2019/7/29 0:00,0,0,0,0,0,0,0,0,0,0,0
2019/7/29 1:00,0,0,0,0,0,0,0,0,0,0,0
2019/7/29 2:00,0,0,0,0,0,0,0,0,0,0,0
2019/7/29 3:00,0,0,0,0,0,0,0,0,0,0,0
2019/7/29 4:00,0.002993682,0.000926814,0,0,0.001002995,0,0,0,0,0,0.000206499
2019/7/29 5:00,0.044306495,0.056535673,0.013147454,0.007395034,0.012035935,0.021915557,0.003145593,0.019409737,0.003091027,0,0.016088142
2019/7/29 6:00,0.143098003,0.167197302,0.108101288,0.074062386,0.052155716,0.107679585,0.056830383,0.120340372,0.057515177,0.012461761,0.09508148
2019/7/29 7:00,0.229316047,0.310297432,0.261488251,0.20291525,0.133398275,0.225885539,0.179508517,0.252326587,0.174422225,0.113936099,0.225661998
2019/7/29 8:00,0.298170734,0.499552914,0.419988112,0.351376159,0.298892375,0.342020733,0.323366978,0.399840591,0.288790215,0.253304363,0.3688183
2019/7/29 9:00,0.359840585,0.600575674,0.533202299,0.495355229,0.498488289,0.455912601,0.423816253,0.512417068,0.395872213,0.36698614,0.483813783
2019/7/29 10:00,0.420312963,0.593717248,0.611356609,0.592723176,0.609820684,0.574291119,0.504972557,0.597819913,0.411658529,0.465408619,0.551183111
2019/7/29 11:00,0.448453574,0.574810236,0.646416486,0.616140784,0.699087198,0.636413957,0.554672929,0.636639388,0.446874155,0.498979077,0.584076508
2019/7/29 12:00,0.364630476,0.548859435,0.633269032,0.628689932,0.732186018,0.65263492,0.559915584,0.644403283,0.436055561,0.547554512,0.579291365
2019/7/29 13:00,0.316731563,0.403349588,0.561688449,0.578381292,0.679027307,0.619330176,0.53412172,0.605583808,0.380306686,0.554166875,0.517991228
2019/7/29 14:00,0.30894799,0.25969337,0.416336042,0.486391552,0.592769776,0.549441984,0.441850987,0.516299016,0.324226629,0.527463101,0.418899915
2019/7/29 15:00,0.225723628,0.217986726,0.256375352,0.346109998,0.415239742,0.436585496,0.33154552,0.384312801,0.271016811,0.44099374,0.305907471
2019/7/29 16:00,0.143696739,0.130866181,0.111753359,0.191598607,0.211631849,0.299915254,0.211174155,0.232916849,0.182812154,0.327057641,0.178839311
2019/7/29 17:00,0.066459742,0.056906399,0.027755736,0.075967167,0.082245553,0.160311433,0.084301897,0.112576477,0.094938679,0.178533798,0.07714048
2019/7/29 18:00,0.007184837,0.003707257,0.000730414,0.005602298,0.021062885,0.039344464,0.017825028,0.023291685,0.035546808,0.046540862,0.015511822
2019/7/29 19:00,0,0,0,0,0.001002995,0,0.000209706,0,0.000993544,0.002543216,0.000225272
2019/7/29 20:00,0,0,0,0,0,0,0,0,0,0,0
2019/7/29 21:00,0,0,0,0,0,0,0,0,0,0,0
2019/7/29 22:00,0,0,0,0,0,0,0,0,0,0,0
2019/7/29 23:00,0,0,0,0,0,0,0,0,0,0,0
2019/7/30 0:00,0,0,0,0,0,0,0,0,0,0,0
2019/7/30 1:00,0,0,0,0,0,0,0,0,0,0,0
2019/7/30 2:00,0,0,0,0,0,0,0,0,0,0,0
2019/7/30 3:00,0,0,0,0,0,0,0,0,0,0,0
2019/7/30 4:00,0.002993682,0,0,0,0.001002995,0,0,0,0,0,0.000112636
2019/7/30 5:00,0.033529239,0.033921404,0.011686626,0.004705931,0.020059891,0.021052739,0.003774712,0.019409737,0.002539058,0,0.012652751
2019/7/30 6:00,0.077835734,0.134573438,0.105179632,0.058712088,0.082245553,0.113029051,0.080527185,0.120340372,0.055859269,0.014242012,0.089406515
2019/7/30 7:00,0.156270204,0.258025104,0.268061978,0.199890009,0.102305444,0.237792417,0.235709782,0.263972429,0.180714672,0.102745946,0.226555575
2019/7/30 8:00,0.282603587,0.398530154,0.435326808,0.382524938,0.20962586,0.376878547,0.37914883,0.407604486,0.335155616,0.230669736,0.382467877
2019/7/30 9:00,0.392172351,0.491582311,0.551462652,0.508576653,0.453353535,0.484903259,0.474565156,0.520180963,0.454932903,0.314850202,0.497583505
2019/7/30 10:00,0.485575232,0.560908021,0.625964891,0.60011821,0.574715875,0.579468022,0.557189404,0.593937965,0.51940289,0.477107415,0.577701324
2019/7/30 11:00,0.539461509,0.56276165,0.663946424,0.655580965,0.59577876,0.615706344,0.621778917,0.613347703,0.610146604,0.54882612,0.625650369
2019/7/30 12:00,0.563410966,0.536996212,0.655181455,0.63070676,0.627874586,0.634343195,0.634151583,0.562882386,0.622069136,0.590789192,0.621004143
2019/7/30 13:00,0.494556278,0.488987231,0.601130811,0.587008832,0.627874586,0.606042792,0.602905358,0.458069803,0.595133046,0.585702759,0.577207604
2019/7/30 14:00,0.402949607,0.365350202,0.500333664,0.506895964,0.528578125,0.500951658,0.521749054,0.372666959,0.542364803,0.540687827,0.488493799
2019/7/30 15:00,0.3239164,0.275078488,0.36447664,0.358659147,0.424266693,0.400864865,0.423816253,0.302791904,0.449854788,0.454218466,0.375764172
2019/7/30 16:00,0.202971644,0.164046133,0.196481395,0.234400167,0.271811522,0.252460309,0.292330459,0.213507112,0.318044575,0.323242817,0.238264063
2019/7/30 17:00,0.075440788,0.070993976,0.0569723,0.082577879,0.142425225,0.127696944,0.138196393,0.112576477,0.173759862,0.174464652,0.103241941
2019/7/30 18:00,0.009579783,0.003707257,0.002191242,0.00582639,0.038113793,0.034685251,0.023277389,0.027173632,0.047358946,0.030518598,0.018378402
2019/7/30 19:00,0,0,0,0,0.002005989,0,0,0,0.000772757,0.001780252,0.000182094
2019/7/30 20:00,0,0,0,0,0,0,0,0,0,0,0
2019/7/30 21:00,0,0,0,0,0,0,0,0,0,0,0
2019/7/30 22:00,0,0,0,0,0,0,0,0,0,0,0
2019/7/30 23:00,0,0,0,0,0,0,0,0,0,0,0
2019/7/31 0:00,0,0,0,0,0,0,0,0,0,0,0
2019/7/31 1:00,0,0,0,0,0,0,0,0,0,0,0
2019/7/31 2:00,0,0,0,0,0,0,0,0,0,0,0
2019/7/31 3:00,0,0,0,0,0,0,0,0,0,0,0
2019/7/31 4:00,0.001796209,0.001112177,0,0,0,0,0,0,0,0,0.000168954
2019/7/31 5:00,0.044306495,0.046526078,0.014608282,0.007955264,0.020059891,0.020017359,0.003565006,0.019409737,0.002428664,0,0.015412327
2019/7/31 6:00,0.135913166,0.152738999,0.113944601,0.097143855,0.098293465,0.107852148,0.071300112,0.12422232,0.061268566,0.013224726,0.101770167
2019/7/31 7:00,0.218538791,0.311409609,0.276096533,0.261067108,0.221661795,0.250389547,0.221030347,0.256208534,0.203014222,0.115207707,0.252028153
2019/7/31 8:00,0.26883265,0.45525119,0.436787637,0.423197625,0.395179851,0.396205652,0.381665305,0.395958644,0.376884478,0.24364014,0.407399803
2019/7/31 9:00,0.335891128,0.566839633,0.559497207,0.550257754,0.516542191,0.493703994,0.508956975,0.524062911,0.515097531,0.36851207,0.528522672
2019/7/31 10:00,0.398758452,0.623931395,0.633269032,0.639334299,0.624865602,0.579468022,0.59116181,0.61722965,0.599769586,0.460576508,0.608460274
2019/7/31 11:00,0.452045993,0.651365098,0.65079897,0.658382114,0.618847635,0.623471699,0.638974826,0.656049125,0.678811556,0.537635967,0.645447981
2019/7/31 12:00,0.446058629,0.659706427,0.631808204,0.649194344,0.627874586,0.629166292,0.657848385,0.659931073,0.680246676,0.560016273,0.642759741
2019/7/31 13:00,0.453842202,0.578146768,0.558766793,0.582302901,0.687051264,0.596379239,0.641491301,0.636639388,0.635206,0.561033559,0.592062384
2019/7/31 14:00,0.353254484,0.502333357,0.437518051,0.497260011,0.600793733,0.52511054,0.5739659,0.559000438,0.58310012,0.511186516,0.507424116
2019/7/31 15:00,0.253265503,0.339214038,0.292896057,0.387342915,0.467395458,0.424506056,0.469322501,0.423132276,0.461887714,0.434890021,0.381628741
2019/7/31 16:00,0.161658832,0.187587217,0.131474539,0.243139753,0.296886385,0.293357843,0.318334029,0.260090482,0.300381565,0.303405728,0.230458405
2019/7/31 17:00,0.070650897,0.080076757,0.02848615,0.092662016,0.153458165,0.143400216,0.15056906,0.128104267,0.130485487,0.125380573,0.094431947
2019/7/31 18:00,0.007783573,0.005004797,0.001460828,0.006610712,0.04413176,0.029163221,0.023906508,0.034937527,0.033449325,0.022888948,0.015919188
2019/7/31 19:00,0,0,0,0,0.002005989,0,0,0,0.001545513,0.00152593,0.000311626
2019/7/31 20:00,0,0,0,0,0,0,0,0,0,0,0
2019/7/31 21:00,0,0,0,0,0,0,0,0,0,0,0
2019/7/31 22:00,0,0,0,0,0,0,0,0,0,0,0
2019/7/31 23:00,0,0,0,0,0,0,0,0,0,0,0
2019/8/1 0:00,0,0,0,0,0,0,0,0,0,0,0
2019/8/1 1:00,0,0,0,0,0,0,0,0,0,0,0
2019/8/1 2:00,0,0,0,0,0,0,0,0,0,0,0
2019/8/1 3:00,0,0,0,0,0,0,0,0,0,0,0
2019/8/1 4:00,0.000598736,0,0,0,0.001002995,0,0,0,0,0,3.75E-05
2019/8/1 5:00,0.037720394,0.045784627,0.010956212,0.008403448,0.023068875,0.024504008,0.003145593,0.01552779,0.00143512,0,0.014417378
2019/8/1 6:00,0.143098003,0.183138508,0.099336319,0.092101787,0.104311433,0.128387197,0.066267163,0.104812582,0.047358946,0.019328445,0.099111963
2019/8/1 7:00,0.271826332,0.342365207,0.246149554,0.247173408,0.234700724,0.274548429,0.210754742,0.225152954,0.183474517,0.108341023,0.243886465
2019/8/1 8:00,0.426899063,0.517162386,0.40537983,0.428463786,0.350045096,0.426404253,0.373277056,0.392076696,0.349837993,0.233212953,0.408261467
2019/8/1 9:00,0.532276672,0.617999783,0.523706916,0.551154122,0.504506256,0.55427376,0.514828749,0.527944858,0.497876097,0.356813274,0.534875329
2019/8/1 10:00,0.533474145,0.692515654,0.594557084,0.633956093,0.621856618,0.630891927,0.605841245,0.613347703,0.600983918,0.439213489,0.6154925
2019/8/1 11:00,0.602927569,0.725880969,0.625234477,0.640678851,0.654955438,0.659537457,0.652396024,0.656049125,0.637082695,0.524919885,0.64679961
2019/8/1 12:00,0.538264036,0.689920574,0.614278265,0.649082299,0.655958433,0.649528778,0.659316328,0.667694968,0.66821375,0.537635967,0.64522271
2019/8/1 13:00,0.480785341,0.649140744,0.558766793,0.612891451,0.678024313,0.606733045,0.635200114,0.624993545,0.635978757,0.535601394,0.604996724
2019/8/1 14:00,0.390974878,0.575366325,0.44628302,0.524038997,0.612829667,0.526663611,0.570400895,0.543472648,0.571950345,0.520087774,0.520236434
2019/8/1 15:00,0.265240231,0.4027935,0.316999723,0.392721121,0.464386475,0.392754383,0.459676015,0.361021116,0.469284099,0.45014932,0.389532017
2019/8/1 16:00,0.156270204,0.242083898,0.173108144,0.229470145,0.29788938,0.255221324,0.305122538,0.256208534,0.31992127,0.330363823,0.242240106
2019/8/1 17:00,0.065262269,0.104173929,0.052589816,0.077535811,0.147440198,0.146161231,0.139664337,0.135868162,0.164928357,0.170141184,0.106138558
2019/8/1 18:00,0.004191155,0.003151169,0.002191242,0.005490252,0.03309882,0.041070098,0.022019152,0.034937527,0.044267919,0.037385282,0.018485406
2019/8/1 19:00,0,0,0,0,0.001002995,0,0,0,0.001324726,0.001017287,0.000251553
2019/8/1 20:00,0,0,0,0,0,0,0,0,0,0,0
2019/8/1 21:00,0,0,0,0,0,0,0,0,0,0,0
2019/8/1 22:00,0,0,0,0,0,0,0,0,0,0,0
2019/8/1 23:00,0,0,0,0,0,0,0,0,0,0,0
2019/8/2 0:00,0,0,0,0,0,0,0,0,0,0,0
2019/8/2 1:00,0,0,0,0,0,0,0,0,0,0,0
2019/8/2 2:00,0,0,0,0,0,0,0,0,0,0,0
2019/8/2 3:00,0,0,0,0,0,0,0,0,0,0,0
2019/8/2 4:00,0.000598736,0.000556089,0,0,0.001002995,0,0,0,0,0,9.39E-05
2019/8/2 5:00,0.041312813,0.048008981,0.010956212,0.005714344,0.02206588,0.023123501,0.003565006,0.019409737,0.002539058,0,0.014548786
2019/8/2 6:00,0.180818397,0.193704191,0.102988389,0.081233328,0.129386296,0.126143873,0.076752473,0.116458425,0.052878636,0.004069146,0.103035442
2019/8/2 7:00,0.333496183,0.353857704,0.25418411,0.233615845,0.281841467,0.275756373,0.232564188,0.260090482,0.186896725,0.009918544,0.251288512
2019/8/2 8:00,0.505333533,0.529025609,0.406110244,0.401348661,0.457365513,0.429855522,0.401377689,0.411486434,0.342662396,0.02619513,0.410656854
2019/8/2 9:00,0.634061863,0.656740621,0.516402775,0.508576653,0.610823678,0.559105537,0.533073189,0.539590701,0.505824451,0.026449452,0.536604288
2019/8/2 10:00,0.710101387,0.708271497,0.58140963,0.601014578,0.712126127,0.641418296,0.615068318,0.621111598,0.616328658,0.029755633,0.61735099
2019/8/2 11:00,0.736445789,0.748309875,0.614278265,0.62846584,0.767290827,0.673515096,0.656590148,0.66381302,0.686097548,0.05696805,0.657650189
2019/8/2 12:00,0.698126659,0.736817378,0.616469507,0.633059725,0.766287833,0.667993066,0.664139571,0.675458863,0.694487477,0.025940808,0.658434885
2019/8/2 13:00,0.61609977,0.683247511,0.56899259,0.582975177,0.720150084,0.624679643,0.639184532,0.644403283,0.65894067,0.026958095,0.614495673
2019/8/2 14:00,0.511919634,0.567024996,0.469656272,0.482469943,0.620853624,0.516654931,0.5773212,0.566764333,0.589502961,0.099694087,0.522915288
2019/8/2 15:00,0.367025422,0.423368778,0.332338419,0.361796434,0.454356529,0.374980349,0.461773077,0.423132276,0.493460344,0.204220285,0.396934064
2019/8/2 16:00,0.219736264,0.268220062,0.181142699,0.208853686,0.311931304,0.251770055,0.308897249,0.267854377,0.336480342,0.136825048,0.247663518
2019/8/2 17:00,0.087415516,0.108622637,0.055511472,0.066219168,0.148443193,0.138395877,0.144277873,0.128104267,0.165480326,0.115970672,0.105044113
2019/8/2 18:00,0.004191155,0.003521894,0.001460828,0.002240919,0.035104809,0.03364987,0.022228858,0.023291685,0.042612012,0.020600054,0.016071246
2019/8/2 19:00,0,0,0,0,0.001002995,0,0,0,0.000662363,0.001017287,0.000138917
2019/8/2 20:00,0,0,0,0,0,0,0,0,0,0,0
2019/8/2 21:00,0,0,0,0,0,0,0,0,0,0,0
2019/8/2 22:00,0,0,0,0,0,0,0,0,0,0,0
2019/8/2 23:00,0,0,0,0,0,0,0,0,0,0,0
2019/8/3 0:00,0,0,0,0,0,0,0,0,0,0,0
2019/8/3 1:00,0,0,0,0,0,0,0,0,0,0,0
2019/8/3 2:00,0,0,0,0,0,0,0,0,0,0,0
2019/8/3 3:00,0,0,0,0,0,0,0,0,0,0,0
2019/8/3 4:00,0.000598736,0.000556089,0,0,0.001002995,0,0,0,0,0,9.39E-05
2019/8/3 5:00,0.042510285,0.044301724,0.010956212,0.007731172,0.017050907,0.02208812,0.002726181,0.01552779,0.001876695,0,0.013966835
2019/8/3 6:00,0.170041142,0.183694597,0.105179632,0.099272729,0.102305444,0.120276716,0.069832168,0.104812582,0.056963208,0.019328445,0.103748802
2019/8/3 7:00,0.336489865,0.357008873,0.260027423,0.240898833,0.267799544,0.25453107,0.211174155,0.221271007,0.212949665,0.089266899,0.253075666
2019/8/3 8:00,0.491562596,0.533288955,0.416336042,0.388015191,0.435299633,0.401727682,0.370341169,0.357139169,0.370260849,0.229143806,0.408362839
2019/8/3 9:00,0.602927569,0.66508195,0.53685437,0.525495595,0.586751809,0.506818815,0.501197845,0.481361488,0.523818643,0.325023068,0.538019744
2019/8/3 10:00,0.672380993,0.728846775,0.608434952,0.604039819,0.693069231,0.589131575,0.597033584,0.574528228,0.620965198,0.386314586,0.619213235
2019/8/3 11:00,0.703515287,0.761656001,0.639112345,0.646169103,0.731183024,0.648838524,0.647992193,0.624993545,0.668765719,0.405643031,0.660937276
2019/8/3 12:00,0.683756985,0.740339272,0.630347375,0.607737336,0.738203986,0.651599539,0.655541617,0.640521335,0.690402906,0.493892644,0.655656536
2019/8/3 13:00,0.617297243,0.699744805,0.57775756,0.568073063,0.700090193,0.602418959,0.629747753,0.597819913,0.655408068,0.516272949,0.613076463
2019/8/3 14:00,0.510123425,0.559981207,0.47476917,0.50476709,0.610823678,0.5201062,0.548381743,0.485243436,0.585087209,0.502285258,0.523071101
2019/8/3 15:00,0.369420367,0.40149596,0.349137944,0.380508111,0.460374496,0.412081488,0.428849202,0.349375274,0.473810245,0.388349159,0.397898977
2019/8/3 16:00,0.223328682,0.249869138,0.193559739,0.234288121,0.29788938,0.284384545,0.287087803,0.201861269,0.342441608,0.292215575,0.253672636
2019/8/3 17:00,0.086218044,0.100466671,0.062815613,0.089972913,0.137410253,0.14460816,0.133792563,0.10869453,0.174643012,0.163528821,0.110538861
2019/8/3 18:00,0.004191155,0.002409717,0.002191242,0.00582639,0.031092831,0.035548068,0.018454147,0.027173632,0.040845711,0.034079101,0.016527421
2019/8/3 19:00,0,0,0,0,0.001002995,0,0,0,0,0.001017287,2.63E-05
2019/8/3 20:00,0,0,0,0,0,0,0,0,0,0,0
2019/8/3 21:00,0,0,0,0,0,0,0,0,0,0,0
2019/8/3 22:00,0,0,0,0,0,0,0,0,0,0,0
2019/8/3 23:00,0,0,0,0,0,0,0,0,0,0,0
2019/8/4 0:00,0,0,0,0,0,0,0,0,0,0,0
2019/8/4 1:00,0,0,0,0,0,0,0,0,0,0,0
2019/8/4 2:00,0,0,0,0,0,0,0,0,0,0,0
2019/8/4 3:00,0,0,0,0,0,0,0,0,0,0,0
2019/8/4 4:00,0.000598736,0,0,0,0.001002995,0,0,0,0,0,3.75E-05
2019/8/4 5:00,0.040714076,0.027804429,0.010956212,0.005490252,0.020059891,0.020880176,0.003145593,0.01552779,0.001876695,0,0.011826755
2019/8/4 6:00,0.13531443,0.114554249,0.104449217,0.079328546,0.108323411,0.125798746,0.07192923,0.104812582,0.054534544,0.013224726,0.09257158
2019/8/4 7:00,0.304158098,0.227625595,0.260027423,0.215016215,0.240718691,0.274548429,0.221659465,0.240680744,0.204559735,0.08011132,0.236675899
2019/8/4 8:00,0.461027039,0.34125303,0.409762315,0.355970044,0.378128944,0.427267071,0.371809113,0.395958644,0.365293127,0.229906771,0.383776329
2019/8/4 9:00,0.58436674,0.468597316,0.529550228,0.484374724,0.514536202,0.55375607,0.485050467,0.512417068,0.512889655,0.307729196,0.51059669
2019/8/4 10:00,0.660406265,0.553122781,0.610626194,0.612107129,0.636901536,0.62502477,0.571030014,0.58617407,0.604626914,0.417341827,0.601495629
2019/8/4 11:00,0.677170884,0.625414298,0.638381931,0.648297977,0.679027307,0.650046468,0.619052736,0.640521335,0.668434538,0.463628367,0.644169565
2019/8/4 12:00,0.659208792,0.631531272,0.631808204,0.656029149,0.664985384,0.652462356,0.643798069,0.659931073,0.693162752,0.482702491,0.651331323
2019/8/4 13:00,0.63106818,0.614107163,0.587252943,0.616140784,0.623862607,0.632962688,0.615697437,0.628875493,0.666116268,0.480922239,0.619029263
2019/8/4 14:00,0.535869091,0.513269766,0.495220765,0.531434031,0.527575131,0.55979579,0.559915584,0.562882386,0.590606899,0.49490993,0.53730263
2019/8/4 15:00,0.395166033,0.362199033,0.363746226,0.411432798,0.402200813,0.444178288,0.454643066,0.442542013,0.491914831,0.382754083,0.415916944
2019/8/4 16:00,0.225124892,0.194074917,0.202324708,0.256025039,0.252754625,0.305782411,0.306171069,0.287264114,0.337473886,0.266529089,0.260259951
2019/8/4 17:00,0.076039525,0.073403693,0.065006856,0.092213833,0.118353356,0.161864504,0.140922574,0.128104267,0.170779229,0.158188066,0.110818574
2019/8/4 18:00,0.004191155,0.002409717,0.002191242,0.005602298,0.026077858,0.03865421,0.020131796,0.027173632,0.040404136,0.036622318,0.016827783
2019/8/4 19:00,0,0,0,0,0.001002995,0,0,0,0.000331181,0.001271608,8.45E-05
2019/8/4 20:00,0,0,0,0,0,0,0,0,0,0,0
2019/8/4 21:00,0,0,0,0,0,0,0,0,0,0,0
2019/8/4 22:00,0,0,0,0,0,0,0,0,0,0,0
2019/8/4 23:00,0,0,0,0,0,0,0,0,0,0,0
2019/8/5 0:00,0,0,0,0,0,0,0,0,0,0,0
2019/8/5 1:00,0,0,0,0,0,0,0,0,0,0,0
2019/8/5 2:00,0,0,0,0,0,0,0,0,0,0,0
2019/8/5 3:00,0,0,0,0,0,0,0,0,0,0,0
2019/8/5 4:00,0.000598736,0,0,0,0.001002995,0,0,0,0,0,3.75E-05
2019/8/5 5:00,0.028140611,0.032067775,0.011686626,0.009411861,0.019056896,0.020362486,0.002935887,0.01552779,0.002097482,0,0.012652751
2019/8/5 6:00,0.084421834,0.133275898,0.11029253,0.126723991,0.1103294,0.130803085,0.078639829,0.120340372,0.049677216,0.013224726,0.103422158
2019/8/5 7:00,0.15686894,0.274707762,0.262949079,0.310143242,0.257769598,0.278172261,0.246614505,0.263972429,0.185792787,0.101220017,0.254553072
2019/8/5 8:00,0.249673085,0.440792887,0.408301486,0.466895553,0.427275676,0.424678619,0.417315361,0.407604486,0.330519076,0.232958631,0.404824199
2019/8/5 9:00,0.432886427,0.581297936,0.517863603,0.560229845,0.576721864,0.55272069,0.550059392,0.551236543,0.443341553,0.35605031,0.52424439
2019/8/5 10:00,0.571793275,0.695110734,0.585792115,0.611995083,0.657964422,0.629338856,0.642330125,0.640521335,0.534085267,0.464137011,0.604919756
2019/8/5 11:00,0.637654281,0.759246284,0.617930336,0.661855539,0.694072226,0.658847203,0.690352848,0.67934081,0.58453524,0.518816165,0.64913868
2019/8/5 12:00,0.655616373,0.713461657,0.60989578,0.631939265,0.698084204,0.62502477,0.701676983,0.659931073,0.592042019,0.574003963,0.63614239
2019/8/5 13:00,0.623284607,0.671384287,0.566070934,0.612779405,0.62887758,0.579122895,0.671059876,0.535708753,0.54313756,0.561542202,0.592948452
2019/8/5 14:00,0.520301944,0.55497641,0.476960413,0.547232513,0.541617055,0.484903259,0.589064748,0.361021116,0.494895464,0.516272949,0.507837114
2019/8/5 15:00,0.37061784,0.402237411,0.351329186,0.412889396,0.399191829,0.340122535,0.46387014,0.221271007,0.366728247,0.444808565,0.37417413
2019/8/5 16:00,0.219736264,0.240044907,0.196481395,0.239666328,0.26479056,0.213460972,0.307848718,0.100930635,0.242755995,0.324768747,0.226148209
2019/8/5 17:00,0.076638261,0.094720423,0.059893957,0.072941926,0.124371324,0.112683925,0.126243139,0.034937527,0.131699819,0.18031405,0.090913957
2019/8/5 18:00,0.003592418,0.002780443,0.001460828,0.003697517,0.029086842,0.02812784,0.014889141,0.007763895,0.036429958,0.040691464,0.013197157
2019/8/5 19:00,0,0,0,0,0.001002995,0,0,0,0.000551969,0.001271608,0.000122022
2019/8/5 20:00,0,0,0,0,0,0,0,0,0,0,0
2019/8/5 21:00,0,0,0,0,0,0,0,0,0,0,0
2019/8/5 22:00,0,0,0,0,0,0,0,0,0,0,0
2019/8/5 23:00,0,0,0,0,0,0,0,0,0,0,0
2019/8/6 0:00,0,0,0,0,0,0,0,0,0,0,0
2019/8/6 1:00,0,0,0,0,0,0,0,0,0,0,0
2019/8/6 2:00,0,0,0,0,0,0,0,0,0,0,0
2019/8/6 3:00,0,0,0,0,0,0,0,0,0,0,0
2019/8/6 4:00,0.000598736,0,0,0,0,0,0,0,0,0,1.88E-05
2019/8/6 5:00,0.030535557,0.032253138,0.008764969,0.006050482,0.021062885,0.006729974,0.00167765,0.007763895,0,0,0.00914227
2019/8/6 6:00,0.119148546,0.130124729,0.093493006,0.090197005,0.124371324,0.05470261,0.028939457,0.007763895,0.002207876,0.016530907,0.067797344
2019/8/6 7:00,0.273622541,0.273039496,0.238845413,0.225548536,0.282844462,0.135634862,0.068154519,0.023291685,0.012032926,0.106560771,0.165516378
2019/8/6 8:00,0.480785341,0.486392151,0.387119477,0.351488205,0.448338562,0.216049423,0.117016066,0.058229212,0.037313109,0.258390796,0.276156611
2019/8/6 9:00,0.60951367,0.658779613,0.510559462,0.50006116,0.589760793,0.324246699,0.139664337,0.128104267,0.094497104,0.392418305,0.384806946
2019/8/6 10:00,0.704114023,0.736075926,0.599669983,0.565047822,0.668997362,0.374462659,0.152666122,0.166923742,0.162941268,0.453455501,0.451468546
2019/8/6 11:00,0.722674852,0.756280478,0.6471469,0.599894118,0.711123133,0.36600705,0.148471998,0.194097374,0.216592661,0.497198825,0.482390818
2019/8/6 12:00,0.68794814,0.740524635,0.639112345,0.587905199,0.724162062,0.353582483,0.141341986,0.213507112,0.215267935,0.480413596,0.474476278
2019/8/6 13:00,0.62448208,0.664525862,0.557305965,0.58039812,0.666991373,0.316653907,0.129598439,0.194097374,0.224651409,0.52415692,0.437347776
2019/8/6 14:00,0.513117107,0.543669275,0.434596394,0.493786585,0.545629033,0.33736152,0.114499591,0.147514004,0.241652057,0.485754351,0.37455146
2019/8/6 15:00,0.366426685,0.365535565,0.287783159,0.379163559,0.415239742,0.286455306,0.086398959,0.089284792,0.209085882,0.40233685,0.275510833
2019/8/6 16:00,0.219137528,0.222806161,0.154117377,0.200338193,0.238712702,0.196032065,0.047183898,0.054347265,0.149914798,0.304423015,0.162997091
2019/8/6 17:00,0.079631943,0.096574051,0.047476917,0.057927766,0.102305444,0.107852148,0.023277389,0.038819475,0.091516471,0.162511534,0.068555758
2019/8/6 18:00,0.003592418,0.002965806,0.001460828,0.003249333,0.02206588,0.025711952,0.005242655,0.007763895,0.02461782,0.025432165,0.009761766
2019/8/6 19:00,0,0,0,0,0.001002995,0,0,0,0.000110394,0.001271608,4.69E-05
2019/8/6 20:00,0,0,0,0,0,0,0,0,0,0,0
2019/8/6 21:00,0,0,0,0,0,0,0,0,0,0,0
2019/8/6 22:00,0,0,0,0,0,0,0,0,0,0,0
2019/8/6 23:00,0,0,0,0,0,0,0,0,0,0,0
2019/8/7 0:00,0,0,0,0,0,0,0,0,0,0,0
2019/8/7 1:00,0,0,0,0,0,0,0,0,0,0,0
2019/8/7 2:00,0,0,0,0,0,0,0,0,0,0,0
2019/8/7 3:00,0,0,0,0,0,0,0,0,0,0,0
2019/8/7 4:00,0.000598736,0,0,0,0,0,0,0,0,0,1.88E-05
2019/8/7 5:00,0.039516603,0.029843421,0.009495383,0.008179356,0.015044918,0.015358146,0.001887356,0.011645842,0.001214332,0,0.010963214
2019/8/7 6:00,0.108371291,0.125490658,0.102257975,0.120113279,0.098293465,0.10491857,0.053055671,0.073757002,0.040845711,0.017802515,0.091159878
2019/8/7 7:00,0.192194389,0.251722767,0.254914524,0.291879749,0.259775587,0.23244295,0.180347342,0.163041794,0.167025839,0.093590367,0.229210025
2019/8/7 8:00,0.314935354,0.420588335,0.410492729,0.431152889,0.449341556,0.368250375,0.314769023,0.221271007,0.30457653,0.15564485,0.370500327
2019/8/7 9:00,0.428695272,0.559054393,0.532471885,0.551154122,0.593772771,0.474204326,0.403684457,0.275618272,0.430425477,0.114444742,0.485460142
2019/8/7 10:00,0.52928299,0.687510856,0.615008679,0.598437521,0.681033296,0.534428965,0.50203667,0.361021116,0.53011109,0.121057105,0.568878189
2019/8/7 11:00,0.583768004,0.766475436,0.651529385,0.639782483,0.726168051,0.611909949,0.56956207,0.454187856,0.581444213,0.294758792,0.624732387
2019/8/7 12:00,0.567003384,0.723656615,0.642764415,0.635076552,0.741212969,0.580158276,0.574175607,0.477479541,0.538059444,0.331126788,0.608086698
2019/8/7 13:00,0.509524688,0.635794618,0.587983357,0.577933108,0.700090193,0.516654931,0.531814952,0.427014223,0.492577194,0.38071951,0.552454017
2019/8/7 14:00,0.384388778,0.523835449,0.46235213,0.523030583,0.570703896,0.464713337,0.489034885,0.395958644,0.381079442,0.247200643,0.462354793
2019/8/7 15:00,0.25386424,0.382959674,0.287052745,0.37524195,0.453353535,0.388440297,0.376842062,0.337729431,0.331291833,0.189469629,0.34193402
2019/8/7 16:00,0.132320748,0.214094106,0.127092055,0.223867846,0.267799544,0.28162353,0.241581555,0.236798797,0.232599764,0.130212685,0.205244889
2019/8/7 17:00,0.043109022,0.078779217,0.025564494,0.079664684,0.112335389,0.145816104,0.107159874,0.120340372,0.10973145,0.053407546,0.081679701
2019/8/7 18:00,0.002993682,0.002780443,0.000730414,0.003809563,0.026077858,0.032441926,0.015308553,0.027173632,0.02980633,0.014496334,0.013078889
2019/8/7 19:00,0,0,0,0,0.001002995,0,0,0,0.000441575,0.001017287,0.000101372
2019/8/7 20:00,0,0,0,0,0,0,0,0,0,0,0
2019/8/7 21:00,0,0,0,0,0,0,0,0,0,0,0
2019/8/7 22:00,0,0,0,0,0,0,0,0,0,0,0
2019/8/7 23:00,0,0,0,0,0,0,0,0,0,0,0
2019/8/8 0:00,0,0,0,0,0,0,0,0,0,0,0
2019/8/8 1:00,0,0,0,0,0,0,0,0,0,0,0
2019/8/8 2:00,0,0,0,0,0,0,0,0,0,0,0
2019/8/8 3:00,0,0,0,0,0,0,0,0,0,0,0
2019/8/8 4:00,0.000598736,0,0,0,0.001002995,0,0,0,0,0,3.75E-05
2019/8/8 5:00,0.022751984,0.024838624,0.008764969,0.007843218,0.02206588,0.018119161,0.002726181,0.01552779,0.001545513,0,0.010437581
2019/8/8 6:00,0.076638261,0.11140308,0.095684248,0.108348452,0.120359345,0.114927249,0.066057457,0.120340372,0.041839255,0.007121006,0.090086084
2019/8/8 7:00,0.128728329,0.273966311,0.254914524,0.276193314,0.235703718,0.257809775,0.206980031,0.267854377,0.149252435,0.060782874,0.23334188
2019/8/8 8:00,0.175429769,0.449875667,0.426561839,0.428127648,0.432290649,0.4096656,0.347692898,0.415368381,0.29850487,0.167597967,0.388291146
2019/8/8 9:00,0.213150163,0.574068785,0.548540995,0.573899453,0.599790738,0.533048458,0.46219249,0.531826806,0.439036194,0.235247526,0.514660964
2019/8/8 10:00,0.237698356,0.688252308,0.615008679,0.648073885,0.685045275,0.622436318,0.553624398,0.613347703,0.537507475,0.27441306,0.596986444
2019/8/8 11:00,0.244883193,0.71234948,0.639842759,0.673732412,0.70610816,0.672824842,0.612551843,0.66381302,0.62681607,0.244403105,0.638890703
2019/8/8 12:00,0.233507201,0.686769405,0.628886547,0.668690343,0.740209975,0.676793801,0.639394238,0.687104705,0.65894067,0.17878812,0.641860532
2019/8/8 13:00,0.227519837,0.683988962,0.56534052,0.605608463,0.671003351,0.633480378,0.613390668,0.652167178,0.621737955,0.253304363,0.598689121
2019/8/8 14:00,0.182614606,0.449134215,0.408301486,0.537260421,0.594775765,0.548924294,0.556140873,0.562882386,0.52547455,0.28051678,0.485447001
2019/8/8 15:00,0.117352337,0.247644784,0.259297008,0.389359742,0.462380485,0.443142907,0.433882151,0.430896171,0.43108784,0.119785497,0.351369143
2019/8/8 16:00,0.056281223,0.119559046,0.132935368,0.243475891,0.266796549,0.305954974,0.298411939,0.256208534,0.297069751,0.179042441,0.218051575
2019/8/8 17:00,0.016165883,0.070437888,0.040172776,0.096695671,0.134401269,0.153581459,0.139664337,0.104812582,0.149583617,0.038148247,0.096679031
2019/8/8 18:00,0.001197473,0.002965806,0.001460828,0.004593885,0.024071869,0.031406546,0.01992209,0.01552779,0.037202715,0.00610372,0.014255933
2019/8/8 19:00,0,0,0,0,0.001002995,0,0,0,0.000441575,0.000254322,9.57E-05
2019/8/8 20:00,0,0,0,0,0,0,0,0,0,0,0
2019/8/8 21:00,0,0,0,0,0,0,0,0,0,0,0
2019/8/8 22:00,0,0,0,0,0,0,0,0,0,0,0
2019/8/8 23:00,0,0,0,0,0,0,0,0,0,0,0
2019/8/9 0:00,0,0,0,0,0,0,0,0,0,0,0
2019/8/9 1:00,0,0,0,0,0,0,0,0,0,0,0
2019/8/9 2:00,0,0,0,0,0,0,0,0,0,0,0
2019/8/9 3:00,0,0,0,0,0,0,0,0,0,0,0
2019/8/9 4:00,0,0,0,0,0,0,0,0,0,0,0
2019/8/9 5:00,0.018560829,0.032994589,0.010225798,0.004930023,0.018053902,0.017774034,0.00167765,0.011645842,0.001214332,0,0.010568989
2019/8/9 6:00,0.032930503,0.128456464,0.105910046,0.094006568,0.124371324,0.120104152,0.066896281,0.10869453,0.044267919,0.00305186,0.091201178
2019/8/9 7:00,0.050293859,0.263215265,0.266601149,0.236977224,0.283847456,0.259362846,0.211593567,0.240680744,0.159187878,0.013733369,0.227738251
2019/8/9 8:00,0.081428152,0.360530767,0.428022667,0.382300846,0.444326584,0.397931286,0.359017034,0.392076696,0.269140116,0.057476693,0.362022609
2019/8/9 9:00,0.131722011,0.464704696,0.550001823,0.501181619,0.579730847,0.52562823,0.465547789,0.520180963,0.365182733,0.092064437,0.474162775
2019/8/9 10:00,0.200576699,0.55497641,0.620851992,0.616588968,0.700090193,0.627095531,0.572707663,0.609465755,0.459679837,0.145980627,0.566678037
2019/8/9 11:00,0.240692038,0.54459609,0.646416486,0.673620366,0.744221953,0.672652278,0.633941877,0.64828523,0.512006505,0.170395505,0.605229505
2019/8/9 12:00,0.287992215,0.525689078,0.629616961,0.665216918,0.731183024,0.672134588,0.636877764,0.652167178,0.500415154,0.210069683,0.597543991
2019/8/9 13:00,0.304756835,0.416881077,0.571914247,0.615916692,0.689057253,0.632099871,0.58508033,0.636639388,0.438705013,0.244911749,0.543191603
2019/8/9 14:00,0.316132827,0.379252416,0.469656272,0.51922102,0.560673951,0.550649928,0.477081631,0.535708753,0.392670793,0.269580949,0.46379653
2019/8/9 15:00,0.248475612,0.260620184,0.326495106,0.379275605,0.417245731,0.414324813,0.365727633,0.403722539,0.301264716,0.218462297,0.339632496
2019/8/9 16:00,0.137709375,0.14310013,0.160691104,0.202467066,0.241721685,0.255739014,0.216207104,0.240680744,0.204780523,0.137842334,0.193211635
2019/8/9 17:00,0.035924185,0.061725833,0.03725112,0.055462755,0.118353356,0.116825447,0.074445705,0.116458425,0.103880578,0.067140916,0.071625082
2019/8/9 18:00,0.001796209,0.001482903,0.000730414,0.00112046,0.027080853,0.019672232,0.008388248,0.01552779,0.022409944,0.013224726,0.008639163
2019/8/9 19:00,0,0,0,0,0.001002995,0,0,0,0,0,1.88E-05
2019/8/9 20:00,0,0,0,0,0,0,0,0,0,0,0
2019/8/9 21:00,0,0,0,0,0,0,0,0,0,0,0
2019/8/9 22:00,0,0,0,0,0,0,0,0,0,0,0
2019/8/9 23:00,0,0,0,0,0,0,0,0,0,0,0
2019/8/10 0:00,0,0,0,0,0,0,0,0,0,0,0
2019/8/10 1:00,0,0,0,0,0,0,0,0,0,0,0
2019/8/10 2:00,0,0,0,0,0,0,0,0,0,0,0
2019/8/10 3:00,0,0,0,0,0,0,0,0,0,0,0
2019/8/10 4:00,0,0,0,0,0,0,0,0,0,0,0
2019/8/10 5:00,0.017962092,0.01038032,0.009495383,0.005602298,0.018053902,0.015358146,0.002516475,0.011645842,0.001545513,0,0.008053457
2019/8/10 6:00,0.040714076,0.048008981,0.105179632,0.099608866,0.117350362,0.11544494,0.062911863,0.09316674,0.04835249,0.003560503,0.083001294
2019/8/10 7:00,0.080230679,0.078037765,0.261488251,0.276529452,0.268802538,0.268853835,0.207609149,0.225152954,0.176188526,0.011953118,0.217756845
2019/8/10 8:00,0.1101675,0.140134324,0.40537983,0.436419049,0.433293644,0.421572477,0.365727633,0.376548906,0.284153675,0.035350709,0.348455631
2019/8/10 9:00,0.184410816,0.201304069,0.496681594,0.581406533,0.565688924,0.547026096,0.500988139,0.500771226,0.420048458,0.107578058,0.462619487
2019/8/10 10:00,0.186207025,0.276932116,0.563879692,0.64986662,0.664985384,0.630719363,0.60940625,0.605583808,0.509577841,0.085960718,0.539878234
2019/8/10 11:00,0.19698428,0.360901493,0.596017912,0.652555724,0.672006346,0.672652278,0.662042509,0.656049125,0.574820584,0.04628654,0.580077938
2019/8/10 12:00,0.22213121,0.423183415,0.601861225,0.648185931,0.697081209,0.666957685,0.668123989,0.675458863,0.612023299,0.109866953,0.596072217
2019/8/10 13:00,0.168244932,0.426149221,0.55292348,0.629810392,0.665988378,0.620883247,0.629957459,0.64828523,0.601977462,0.14954113,0.56728627
2019/8/10 14:00,0.113759919,0.345887101,0.46235213,0.54174226,0.577724858,0.530805133,0.551527336,0.547354596,0.533974873,0.172430078,0.484667937
2019/8/10 15:00,0.079033207,0.284161268,0.333068833,0.39888365,0.434296638,0.406041768,0.441431575,0.403722539,0.393664337,0.155136206,0.36311893
2019/8/10 16:00,0.052688804,0.203528423,0.176760214,0.25210343,0.278832484,0.278172261,0.292749871,0.252326587,0.260419005,0.145980627,0.229183743
2019/8/10 17:00,0.019758302,0.081930385,0.046016089,0.083362201,0.125374318,0.136670242,0.126872258,0.120340372,0.143401563,0.034079101,0.093739237
2019/8/10 18:00,0.001197473,0.00129754,0.000730414,0.002801149,0.023068875,0.02812784,0.01384061,0.023291685,0.038306653,0.006358041,0.013244089
2019/8/10 19:00,0,0,0,0,0.001002995,0,0,0,0,0,1.88E-05
2019/8/10 20:00,0,0,0,0,0,0,0,0,0,0,0
2019/8/10 21:00,0,0,0,0,0,0,0,0,0,0,0
2019/8/10 22:00,0,0,0,0,0,0,0,0,0,0,0
2019/8/10 23:00,0,0,0,0,0,0,0,0,0,0,0
2019/8/11 0:00,0,0,0,0,0,0,0,0,0,0,0
2019/8/11 1:00,0,0,0,0,0,0,0,0,0,0,0
2019/8/11 2:00,0,0,0,0,0,0,0,0,0,0,0
2019/8/11 3:00,0,0,0,0,0,0,0,0,0,0,0
2019/8/11 4:00,0,0,0,0,0,0,0,0,0,0,0
2019/8/11 5:00,0.022153247,0.020760641,0.007304141,0.005602298,0.014041924,0.015530709,0.002097062,0.011645842,0.000993544,0,0.008485228
2019/8/11 6:00,0.081428152,0.082857199,0.080345552,0.098040223,0.100299455,0.114927249,0.062492451,0.112576477,0.037313109,0.011953118,0.079871897
2019/8/11 7:00,0.189200707,0.152553636,0.190638082,0.26935851,0.239715696,0.256429268,0.213271217,0.244562692,0.137771479,0.086215039,0.202873906
2019/8/11 8:00,0.274221278,0.250795953,0.281939846,0.437763601,0.384146911,0.398966667,0.379987655,0.399840591,0.283822493,0.152338668,0.333137167
2019/8/11 9:00,0.358044376,0.324014283,0.360094155,0.554963685,0.521557164,0.531840514,0.519442286,0.543472648,0.447205336,0.233467274,0.44774218
2019/8/11 10:00,0.463421985,0.368686733,0.414875213,0.609081888,0.631886564,0.625887587,0.605421832,0.63275744,0.547442919,0.342825584,0.520880336
2019/8/11 11:00,0.465218194,0.361457582,0.44628302,0.65154731,0.701093187,0.673860223,0.655961029,0.671576915,0.574268615,0.398522025,0.553280013
2019/8/11 12:00,0.349063329,0.370354999,0.471847514,0.658942344,0.69507522,0.679382252,0.660574566,0.675458863,0.560027813,0.531023604,0.55799382
2019/8/11 13:00,0.259851604,0.324014283,0.444091778,0.623647864,0.683039286,0.628130912,0.640023357,0.624993545,0.516311863,0.537381646,0.519988636
2019/8/11 14:00,0.205965326,0.297322031,0.414144799,0.540509755,0.576721864,0.545990715,0.572288251,0.512417068,0.499090429,0.512966767,0.468427738
2019/8/11 15:00,0.145492949,0.196484634,0.308234754,0.407287097,0.395179851,0.425368873,0.44835188,0.376548906,0.432302172,0.42700605,0.360601521
2019/8/11 16:00,0.069453424,0.098983768,0.16361276,0.245044534,0.268802538,0.289906575,0.279328674,0.240680744,0.315395124,0.225328982,0.223818526
2019/8/11 17:00,0.020955774,0.037443298,0.041633604,0.08089719,0.126377313,0.141847145,0.113660767,0.120340372,0.152674643,0.089012577,0.089113662
2019/8/11 18:00,0.001197473,0.000185363,0.000730414,0.002352965,0.021062885,0.026057079,0.014050316,0.019409737,0.024838608,0.019582767,0.010431949
2019/8/11 19:00,0,0,0,0,0.001002995,0,0,0,0,0,1.88E-05
2019/8/11 20:00,0,0,0,0,0,0,0,0,0,0,0
2019/8/11 21:00,0,0,0,0,0,0,0,0,0,0,0
2019/8/11 22:00,0,0,0,0,0,0,0,0,0,0,0
2019/8/11 23:00,0,0,0,0,0,0,0,0,0,0,0
2019/8/12 0:00,0,0,0,0,0,0,0,0,0,0,0
2019/8/12 1:00,0,0,0,0,0,0,0,0,0,0,0
2019/8/12 2:00,0,0,0,0,0,0,0,0,0,0,0
2019/8/12 3:00,0,0,0,0,0,0,0,0,0,0,0
2019/8/12 4:00,0,0,0,0,0,0,0,0,0,0,0
2019/8/12 5:00,0.020357038,0.020760641,0.004382485,0.007619126,0.017050907,0.012769694,0.00167765,0.011645842,0.001103938,0,0.007753095
2019/8/12 6:00,0.054485014,0.065803816,0.067928512,0.097928177,0.108323411,0.091976312,0.065008926,0.100930635,0.047910915,0.008646936,0.07318321
2019/8/12 7:00,0.102982663,0.177021534,0.176760214,0.227901501,0.235703718,0.222261707,0.226692414,0.244562692,0.183032942,0.094353332,0.19730219
2019/8/12 8:00,0.138308112,0.297322031,0.289974401,0.353617078,0.371107982,0.371183954,0.399909745,0.388194749,0.338246643,0.215664759,0.329230583
2019/8/12 9:00,0.176627242,0.428373575,0.406110244,0.43944429,0.498488289,0.473514072,0.53747702,0.504653173,0.478336392,0.341045332,0.444143467
2019/8/12 10:00,0.211353954,0.539591292,0.482073311,0.525271503,0.603802716,0.537017417,0.62660216,0.555118491,0.558151118,0.351726841,0.523348936
2019/8/12 11:00,0.195786807,0.6074341,0.500333664,0.59899775,0.711123133,0.565662947,0.646733956,0.566764333,0.592814776,0.457778969,0.560944877
2019/8/12 12:00,0.202971644,0.593531885,0.501064078,0.605048233,0.710120138,0.557207339,0.628070103,0.60170186,0.580671456,0.547554512,0.558641475
2019/8/12 13:00,0.180818397,0.542742461,0.476960413,0.554515501,0.648937471,0.517345185,0.577740612,0.57064628,0.531325422,0.536618681,0.518180832
2019/8/12 14:00,0.128728329,0.422071238,0.406110244,0.485943368,0.519551175,0.471615874,0.530556715,0.496889278,0.496772158,0.496181538,0.453266964
2019/8/12 15:00,0.077236997,0.252093493,0.304582683,0.344317263,0.350045096,0.37653342,0.449190705,0.380430854,0.398521665,0.437941881,0.341046075
2019/8/12 16:00,0.041911549,0.137724607,0.1760298,0.200450239,0.240718691,0.256256704,0.312671961,0.248444639,0.257217584,0.319936635,0.212577477
2019/8/12 17:00,0.01496841,0.054125956,0.047476917,0.068684179,0.122365335,0.125798746,0.140083749,0.128104267,0.132251788,0.165817716,0.088084922
2019/8/12 18:00,0.001197473,0.001482903,0.000730414,0.002913195,0.026077858,0.023123501,0.016357084,0.023291685,0.027046484,0.03077292,0.011284226
2019/8/12 19:00,0,0,0,0,0.001002995,0,0,0,0.001324726,0,0.000244044
2019/8/12 20:00,0,0,0,0,0,0,0,0,0,0,0
2019/8/12 21:00,0,0,0,0,0,0,0,0,0,0,0
2019/8/12 22:00,0,0,0,0,0,0,0,0,0,0,0
2019/8/12 23:00,0,0,0,0,0,0,0,0,0,0,0
2019/8/13 0:00,0,0,0,0,0,0,0,0,0,0,0
2019/8/13 1:00,0,0,0,0,0,0,0,0,0,0,0
2019/8/13 2:00,0,0,0,0,0,0,0,0,0,0,0
2019/8/13 3:00,0,0,0,0,0,0,0,0,0,0,0
2019/8/13 4:00,0,0,0,0,0,0,0,0,0,0,0
2019/8/13 5:00,0.029338084,0.022243543,0.008034555,0.004257747,0.015044918,0.012769694,0.001467943,0.011645842,0.000662363,0,0.00842891
2019/8/13 6:00,0.146091685,0.098798406,0.086919279,0.090309051,0.107320416,0.100086794,0.072138937,0.104812582,0.035988383,0.006866685,0.082650246
2019/8/13 7:00,0.293979579,0.232630392,0.21693299,0.284148577,0.258772593,0.227266047,0.239274787,0.248444639,0.150245979,0.0740076,0.22523586
2019/8/13 8:00,0.424504118,0.370911088,0.330877591,0.447399554,0.423263698,0.347715326,0.408088287,0.368785011,0.287907064,0.214393151,0.361528889
2019/8/13 9:00,0.475995449,0.527728069,0.406110244,0.555748006,0.57371288,0.426059127,0.533492602,0.434778118,0.399404815,0.319936635,0.462009376
2019/8/13 10:00,0.574786958,0.610770631,0.450665505,0.633956093,0.659970411,0.454532094,0.588016217,0.493007331,0.471160794,0.406914639,0.523324532
2019/8/13 11:00,0.604125042,0.660818604,0.48718621,0.619838301,0.720150084,0.482142244,0.596194759,0.496889278,0.481206631,0.507117369,0.54383175
2019/8/13 12:00,0.579576849,0.642282318,0.51567236,0.5781572,0.7171411,0.507854196,0.61548773,0.481361488,0.467628192,0.489314854,0.542799255
2019/8/13 13:00,0.56101602,0.579073582,0.476229999,0.566952603,0.651946455,0.463850519,0.578160025,0.364903064,0.409229865,0.520087774,0.499117229
2019/8/13 14:00,0.438873792,0.471377759,0.38054575,0.486839735,0.569700902,0.432616537,0.496164896,0.372666959,0.368494548,0.466934549,0.427144853
2019/8/13 15:00,0.301763153,0.324199646,0.271714048,0.356866411,0.429281665,0.375498039,0.394876796,0.376548906,0.302920623,0.329600858,0.32830697
2019/8/13 16:00,0.178423451,0.167938753,0.150465306,0.218265548,0.26479056,0.268336145,0.278280142,0.248444639,0.22089802,0.237282099,0.208231614
2019/8/13 17:00,0.059274905,0.051901601,0.046016089,0.053557973,0.1103294,0.132356156,0.118274303,0.12422232,0.114919959,0.149032487,0.081615875
2019/8/13 18:00,0.002993682,0.001482903,0.000730414,0.00056023,0.021062885,0.023468627,0.012372666,0.023291685,0.029475148,0.03077292,0.010946319
2019/8/13 19:00,0,0,0,0,0.001002995,0,0,0,0.000110394,0,3.75E-05
2019/8/13 20:00,0,0,0,0,0,0,0,0,0,0,0
2019/8/13 21:00,0,0,0,0,0,0,0,0,0,0,0
2019/8/13 22:00,0,0,0,0,0,0,0,0,0,0,0
2019/8/13 23:00,0,0,0,0,0,0,0,0,0,0,0
2019/8/14 0:00,0,0,0,0,0,0,0,0,0,0,0
2019/8/14 1:00,0,0,0,0,0,0,0,0,0,0,0
2019/8/14 2:00,0,0,0,0,0,0,0,0,0,0,0
2019/8/14 3:00,0,0,0,0,0,0,0,0,0,0,0
2019/8/14 4:00,0,0,0,0,0,0,0,0,0,0,0
2019/8/14 5:00,0.024548193,0.013531489,0.005112899,0.003249333,0.016047913,0.010871497,0.001467943,0.011645842,0.000441575,0,0.006251285
2019/8/14 6:00,0.080829416,0.065247728,0.070850168,0.050420686,0.109326405,0.095772708,0.064799219,0.085402845,0.032566175,0.008138293,0.063793142
2019/8/14 7:00,0.149684104,0.136983155,0.178221042,0.186332446,0.259775587,0.19327105,0.228370064,0.178569584,0.119225318,0.044506289,0.17115943
2019/8/14 8:00,0.202372908,0.220025718,0.270983634,0.266893498,0.443323589,0.301468325,0.408088287,0.232916849,0.190650115,0.145471984,0.265373614
2019/8/14 9:00,0.266437704,0.284717357,0.321382208,0.31216007,0.556661973,0.40362588,0.541461438,0.217389059,0.265828302,0.328837893,0.33303204
2019/8/14 10:00,0.323317664,0.361457582,0.362285398,0.445830911,0.640913515,0.471615874,0.617375086,0.205743217,0.30601165,0.406405996,0.398107353
2019/8/14 11:00,0.352655748,0.35163335,0.33964256,0.453786175,0.67300934,0.433134228,0.544607031,0.190215427,0.308440313,0.478124701,0.383637412
2019/8/14 12:00,0.336489865,0.345701738,0.296548128,0.474066495,0.691063242,0.301295761,0.385020604,0.159159847,0.27764044,0.491095105,0.33991784
2019/8/14 13:00,0.325113873,0.320677752,0.279748603,0.365493951,0.566691918,0.236929599,0.231305951,0.112576477,0.183695305,0.445062887,0.272860138
2019/8/14 14:00,0.284998533,0.263771353,0.250532039,0.281347428,0.428278671,0.267300764,0.184541466,0.085402845,0.114809566,0.363171316,0.227126263
2019/8/14 15:00,0.205965326,0.175538631,0.19209891,0.149245231,0.200598909,0.214151226,0.160215545,0.058229212,0.07904197,0.290181002,0.158405307
2019/8/14 16:00,0.124537174,0.092866794,0.102988389,0.08089719,0.178533029,0.12252004,0.083882485,0.027173632,0.05210588,0.171921435,0.088955972
2019/8/14 17:00,0.044306495,0.030214147,0.025564494,0.021064642,0.117350362,0.048835453,0.025374452,0.011645842,0.032455781,0.091555794,0.031087471
2019/8/14 18:00,0.001796209,0,0.000730414,0.000112046,0.020059891,0.010008679,0.003565006,0.003881947,0.007065204,0.011698796,0.003521745
2019/8/14 19:00,0,0,0,0,0.001002995,0,0,0,0,0,1.88E-05
2019/8/14 20:00,0,0,0,0,0,0,0,0,0,0,0
2019/8/14 21:00,0,0,0,0,0,0,0,0,0,0,0
2019/8/14 22:00,0,0,0,0,0,0,0,0,0,0,0
2019/8/14 23:00,0,0,0,0,0,0,0,0,0,0,0
2019/8/15 0:00,0,0,0,0,0,0,0,0,0,0,0
2019/8/15 1:00,0,0,0,0,0,0,0,0,0,0,0
2019/8/15 2:00,0,0,0,0,0,0,0,0,0,0,0
2019/8/15 3:00,0,0,0,0,0,0,0,0,0,0,0
2019/8/15 4:00,0,0,0,0,0.001002995,0,0,0,0,0,1.88E-05
2019/8/15 5:00,0.018560829,0.017424109,0.005112899,0.003025241,0.010029945,0.002415888,0.000629119,0.003881947,0,0,0.00486211
2019/8/15 6:00,0.080829416,0.087491271,0.073041411,0.043473836,0.050149727,0.037618829,0.02600357,0.023291685,0.006844416,0.002797538,0.047121172
2019/8/15 7:00,0.149085367,0.199635803,0.184064355,0.128292635,0.13239528,0.096462961,0.071090406,0.03105558,0.02373467,0.051372973,0.118947121
2019/8/15 8:00,0.20536659,0.322160655,0.29873937,0.221626927,0.281841467,0.138395877,0.11072488,0.058229212,0.049456428,0.202948676,0.195944929
2019/8/15 9:00,0.283202324,0.441719701,0.381276164,0.322244207,0.338009162,0.141502019,0.117016066,0.089284792,0.078048426,0.363171316,0.258063553
2019/8/15 10:00,0.346069647,0.543113187,0.40537983,0.291431565,0.400194824,0.16117425,0.11680636,0.163041794,0.094938679,0.360882421,0.281043126
2019/8/15 11:00,0.331101237,0.550898427,0.371780781,0.321123747,0.464386475,0.131838466,0.124984902,0.186333479,0.107854755,0.435144343,0.280314748
2019/8/15 12:00,0.294578316,0.583522291,0.39296279,0.314737127,0.447335567,0.098533723,0.123726665,0.178569584,0.109952238,0.473546912,0.283057429
2019/8/15 13:00,0.267635177,0.558683667,0.384928235,0.236753133,0.399191829,0.09991423,0.111773411,0.143632057,0.092951591,0.475327163,0.258178066
2019/8/15 14:00,0.247278139,0.449875667,0.322843036,0.187564952,0.368098998,0.1104406,0.099191038,0.09316674,0.084230479,0.480667918,0.217875113
2019/8/15 15:00,0.144295476,0.306219449,0.233732515,0.121345784,0.28685644,0.084383521,0.069832168,0.04658337,0.076171731,0.382754083,0.154770926
2019/8/15 16:00,0.064663533,0.171275285,0.113944601,0.037087216,0.168503084,0.049525706,0.043828598,0.027173632,0.060054234,0.264494516,0.080816161
2019/8/15 17:00,0.017363356,0.04207737,0.027025322,0.004257747,0.051152722,0.022950937,0.021390034,0.007763895,0.030137511,0.118513889,0.02420918
2019/8/15 18:00,0.001197473,0,0.000730414,0,0.01103294,0.003278705,0.003145593,0.003881947,0.009714656,0.01856548,0.003046797
2019/8/15 19:00,0,0,0,0,0.001002995,0,0,0,0,0,1.88E-05
2019/8/15 20:00,0,0,0,0,0,0,0,0,0,0,0
2019/8/15 21:00,0,0,0,0,0,0,0,0,0,0,0
2019/8/15 22:00,0,0,0,0,0,0,0,0,0,0,0
2019/8/15 23:00,0,0,0,0,0,0,0,0,0,0,0
2019/8/16 0:00,0,0,0,0,0,0,0,0,0,0,0
2019/8/16 1:00,0,0,0,0,0,0,0,0,0,0,0
2019/8/16 2:00,0,0,0,0,0,0,0,0,0,0,0
2019/8/16 3:00,0,0,0,0,0,0,0,0,0,0,0
2019/8/16 4:00,0,0,0,0,0.001002995,0,0,0,0,0,1.88E-05
2019/8/16 5:00,0.022153247,0.015385118,0.002191242,0,0.004011978,0.001898198,0.000629119,0.011645842,0.000220788,0,0.003754525
2019/8/16 6:00,0.077236997,0.064691639,0.024103666,0.009747999,0.020059891,0.034340124,0.041731536,0.073757002,0.021857975,0.009918544,0.032005452
2019/8/16 7:00,0.119148546,0.130680818,0.054050644,0.071933512,0.03309882,0.091976312,0.152666122,0.166923742,0.11436799,0.082400214,0.095334911
2019/8/16 8:00,0.171238614,0.197226086,0.078884724,0.147676587,0.082245553,0.196377192,0.274505431,0.271736324,0.239223393,0.196590635,0.173108028
2019/8/16 9:00,0.251469294,0.188699394,0.111022944,0.263195981,0.137410253,0.372564461,0.344757011,0.361021116,0.364741158,0.316630454,0.255410981
2019/8/16 10:00,0.312540408,0.186104314,0.138048266,0.376698548,0.191571958,0.497327826,0.385859429,0.458069803,0.463985196,0.451166606,0.323854103
2019/8/16 11:00,0.296973261,0.191850563,0.157769447,0.479556747,0.341018145,0.520278763,0.462821608,0.559000438,0.517305408,0.479650631,0.372591598
2019/8/16 12:00,0.214347636,0.174797179,0.192829325,0.47171353,0.326976222,0.547371223,0.507698738,0.566764333,0.515539107,0.429549266,0.382377768
2019/8/16 13:00,0.185009552,0.108251912,0.243227898,0.427567418,0.168503084,0.538397924,0.515457868,0.559000438,0.51476635,0.34994659,0.375933126
2019/8/16 14:00,0.136511902,0.078964579,0.248340797,0.341292022,0.13239528,0.495257065,0.48987371,0.477479541,0.473589458,0.388094837,0.339983544
2019/8/16 15:00,0.068854688,0.064691639,0.206707193,0.248405913,0.1103294,0.367042431,0.404523282,0.368785011,0.417509401,0.32527739,0.272895806
2019/8/16 16:00,0.030535557,0.047082167,0.112483773,0.14285861,0.076227585,0.230717316,0.251228041,0.229034902,0.281614617,0.211849934,0.168114509
2019/8/16 17:00,0.009579783,0.012790038,0.023373251,0.048403859,0.053158711,0.1104406,0.092690145,0.097048687,0.12971273,0.085197753,0.064399498
2019/8/16 18:00,0.000598736,0.000185363,0,0.000336138,0.012035935,0.016911217,0.008178542,0.011645842,0.024397033,0.010427188,0.007679882
2019/8/16 19:00,0,0,0,0,0.001002995,0,0,0,0,0,1.88E-05
2019/8/16 20:00,0,0,0,0,0,0,0,0,0,0,0
2019/8/16 21:00,0,0,0,0,0,0,0,0,0,0,0
2019/8/16 22:00,0,0,0,0,0,0,0,0,0,0,0
2019/8/16 23:00,0,0,0,0,0,0,0,0,0,0,0
2019/8/17 0:00,0,0,0,0,0,0,0,0,0,0,0
2019/8/17 1:00,0,0,0,0,0,0,0,0,0,0,0
2019/8/17 2:00,0,0,0,0,0,0,0,0,0,0,0
2019/8/17 3:00,0,0,0,0,0,0,0,0,0,0,0
2019/8/17 4:00,0,0,0,0,0,0,0,0,0,0,0
2019/8/17 5:00,0.017962092,0.017424109,0.006573727,0.003921609,0.007020962,0.01104406,0.000838825,0.011645842,0.000441575,0,0.006720601
2019/8/17 6:00,0.053287541,0.111773806,0.096414662,0.089972913,0.070209618,0.098533723,0.06312157,0.100930635,0.03996256,0.005086433,0.08224288
2019/8/17 7:00,0.110766237,0.245605793,0.258566594,0.249974557,0.177530035,0.216912241,0.218723578,0.205743217,0.17254553,0.051627295,0.222855491
2019/8/17 8:00,0.179620924,0.391486365,0.422909769,0.399667971,0.337006167,0.324764389,0.383133248,0.349375274,0.323564266,0.15411892,0.369925885
2019/8/17 9:00,0.278412433,0.500665091,0.551462652,0.523702859,0.471407436,0.454704657,0.504553145,0.531826806,0.466303466,0.250761147,0.499231742
2019/8/17 10:00,0.356248166,0.579629671,0.628886547,0.587569062,0.547635022,0.556517085,0.584451211,0.624993545,0.567644986,0.290943967,0.581958956
2019/8/17 11:00,0.447256101,0.597424505,0.652259799,0.627009243,0.682036291,0.621746064,0.640652476,0.659931073,0.622621105,0.20193139,0.624253685
2019/8/17 12:00,0.567602121,0.597795231,0.628886547,0.625328553,0.679027307,0.641245733,0.670221051,0.659931073,0.655297674,0.204220285,0.632061221
2019/8/17 13:00,0.56939833,0.566098182,0.567531762,0.588465429,0.646931482,0.60897637,0.65092808,0.628875493,0.631011035,0.263222907,0.595927668
2019/8/17 14:00,0.467613139,0.469338767,0.461621716,0.493562494,0.54061406,0.532185641,0.585290036,0.562882386,0.555280879,0.3206996,0.507951627
2019/8/17 15:00,0.334094919,0.341809118,0.32357345,0.391152478,0.421257709,0.419674279,0.465757495,0.434778118,0.452504239,0.346131765,0.389552667
2019/8/17 16:00,0.183213343,0.203528423,0.169456073,0.226108765,0.251751631,0.278689951,0.306800187,0.283382166,0.310537796,0.249998182,0.23864327
2019/8/17 17:00,0.062268587,0.059501479,0.040172776,0.065770984,0.109326405,0.131493339,0.126662552,0.135868162,0.148700466,0.140894194,0.089909621
2019/8/17 18:00,0.001197473,0.000741451,0,0.00056023,0.016047913,0.020189922,0.011324135,0.019409737,0.025059396,0.017548194,0.009046529
2019/8/17 19:00,0,0,0,0,0.001002995,0,0,0,0,0,1.88E-05
2019/8/17 20:00,0,0,0,0,0,0,0,0,0,0,0
2019/8/17 21:00,0,0,0,0,0,0,0,0,0,0,0
2019/8/17 22:00,0,0,0,0,0,0,0,0,0,0,0
2019/8/17 23:00,0,0,0,0,0,0,0,0,0,0,0
2019/8/18 0:00,0,0,0,0,0,0,0,0,0,0,0
2019/8/18 1:00,0,0,0,0,0,0,0,0,0,0,0
2019/8/18 2:00,0,0,0,0,0,0,0,0,0,0,0
2019/8/18 3:00,0,0,0,0,0,0,0,0,0,0,0
2019/8/18 4:00,0,0,0,0,0,0,0,0,0,0,0
2019/8/18 5:00,0.027541875,0.024282535,0.004382485,0.001344552,0.013038929,0.01104406,0.000838825,0.011645842,0.000331181,0,0.006814464
2019/8/18 6:00,0.140104321,0.113812797,0.076693481,0.061625283,0.105314427,0.095600144,0.048022722,0.104812582,0.01677986,0.007375328,0.070601974
2019/8/18 7:00,0.256259185,0.232074304,0.211089677,0.23070265,0.261781576,0.239690614,0.172797918,0.240680744,0.066788257,0.071973027,0.19441496
2019/8/18 8:00,0.380197623,0.395193623,0.363746226,0.409864155,0.4413176,0.394997708,0.295266346,0.376548906,0.145388652,0.230669736,0.33639985
2019/8/18 9:00,0.501142379,0.557200764,0.485725382,0.527064238,0.590763787,0.509752394,0.394037971,0.504653173,0.20091674,0.37156393,0.448386081
2019/8/18 10:00,0.605322515,0.696779,0.579948802,0.602471175,0.692066236,0.601556142,0.454223654,0.582292123,0.212728878,0.41632454,0.526003386
2019/8/18 11:00,0.627475762,0.750163504,0.617199921,0.63485246,0.737200991,0.636241393,0.480227224,0.60170186,0.20091674,0.236519134,0.551652426
2019/8/18 12:00,0.59274905,0.762026727,0.588713771,0.624768323,0.731183024,0.623989389,0.470790444,0.605583808,0.200695952,0.181331336,0.540206755
2019/8/18 13:00,0.538862773,0.707900771,0.514941946,0.553282995,0.689057253,0.573255739,0.413960061,0.555118491,0.200364771,0.112664491,0.487699717
2019/8/18 14:00,0.437077582,0.572400519,0.38931072,0.480901299,0.592769776,0.493186304,0.354403497,0.454187856,0.212066515,0.155390528,0.407949841
2019/8/18 15:00,0.310744199,0.405759306,0.255644938,0.36717464,0.448338562,0.3936172,0.235290369,0.322201641,0.184357668,0.195319027,0.298706291
2019/8/18 16:00,0.170041142,0.234298658,0.117596671,0.217593272,0.269805533,0.257119522,0.121629603,0.197979322,0.139979355,0.26678341,0.174996555
2019/8/18 17:00,0.054485014,0.062467285,0.024103666,0.05669526,0.109326405,0.114927249,0.044457717,0.089284792,0.080145908,0.143691732,0.061264469
2019/8/18 18:00,0.000598736,0.000185363,0,0.000112046,0.013038929,0.0160484,0.005452361,0.01552779,0.017221435,0.018311159,0.006348903
2019/8/18 19:00,0,0,0,0,0.001002995,0,0,0,0,0,1.88E-05
2019/8/18 20:00,0,0,0,0,0,0,0,0,0,0,0
2019/8/18 21:00,0,0,0,0,0,0,0,0,0,0,0
2019/8/18 22:00,0,0,0,0,0,0,0,0,0,0,0
2019/8/18 23:00,0,0,0,0,0,0,0,0,0,0,0
2019/8/19 0:00,0,0,0,0,0,0,0,0,0,0,0
2019/8/19 1:00,0,0,0,0,0,0,0,0,0,0,0
2019/8/19 2:00,0,0,0,0,0,0,0,0,0,0,0
2019/8/19 3:00,0,0,0,0,0,0,0,0,0,0,0
2019/8/19 4:00,0,0,0,0,0,0,0,0,0,0,0
2019/8/19 5:00,0.023949457,0.020204552,0.002921656,0.002352965,0.010029945,0.009145862,0.000419412,0.007763895,0.000110394,0,0.005556698
2019/8/19 6:00,0.098192772,0.105842194,0.046746503,0.075070799,0.089266515,0.074374841,0.02600357,0.038819475,0.010487412,0.002797538,0.054160907
2019/8/19 7:00,0.16704746,0.231518215,0.134396196,0.214119847,0.201601904,0.156169911,0.100029863,0.054347265,0.03300775,0.016022264,0.13717722
2019/8/19 8:00,0.235303411,0.396861888,0.235923757,0.385550179,0.340015151,0.220708636,0.179718223,0.06211116,0.053540999,0.072990313,0.231911406
2019/8/19 9:00,0.327508819,0.491582311,0.295817714,0.531209939,0.369101993,0.250389547,0.201737375,0.085402845,0.099575219,0.154881885,0.299496619
2019/8/19 10:00,0.365827949,0.550527701,0.371780781,0.582078809,0.465389469,0.313202639,0.2059315,0.12422232,0.168571352,0.279499493,0.358254942
2019/8/19 11:00,0.359241848,0.605209746,0.39296279,0.593395452,0.345030124,0.315100836,0.19041324,0.143632057,0.219352506,0.359865134,0.37765833
2019/8/19 12:00,0.381395096,0.604282931,0.355711671,0.505999596,0.262784571,0.256429268,0.169232913,0.10869453,0.253795376,0.39623313,0.348660253
2019/8/19 13:00,0.383790041,0.512528314,0.333799247,0.390704294,0.240718691,0.165833463,0.15056906,0.09316674,0.224209834,0.302897085,0.296083755
2019/8/19 14:00,0.319725245,0.399271606,0.306773925,0.255912993,0.218652811,0.077135856,0.122258721,0.089284792,0.190318934,0.271106879,0.234293652
2019/8/19 15:00,0.195786807,0.238747367,0.240306242,0.155519805,0.146437204,0.047109818,0.083463072,0.034937527,0.154109763,0.229906771,0.16306655
2019/8/19 16:00,0.091007935,0.083598651,0.1190575,0.055686847,0.072215607,0.02812784,0.060395389,0.019409737,0.092510015,0.131229971,0.078706117
2019/8/19 17:00,0.026344402,0.016682658,0.023373251,0.007170942,0.031092831,0.017428907,0.029568576,0.007763895,0.034774051,0.039419856,0.021428954
2019/8/19 18:00,0,0,0,0,0.006017967,0.002243325,0.004194124,0.003881947,0.00375339,0.007121006,0.001610691
2019/8/19 19:00,0,0,0,0,0.001002995,0,0,0,0,0,1.88E-05
2019/8/19 20:00,0,0,0,0,0,0,0,0,0,0,0
2019/8/19 21:00,0,0,0,0,0,0,0,0,0,0,0
2019/8/19 22:00,0,0,0,0,0,0,0,0,0,0,0
2019/8/19 23:00,0,0,0,0,0,0,0,0,0,0,0
2019/8/20 0:00,0,0,0,0,0,0,0,0,0,0,0
2019/8/20 1:00,0,0,0,0,0,0,0,0,0,0,0
2019/8/20 2:00,0,0,0,0,0,0,0,0,0,0,0
2019/8/20 3:00,0,0,0,0,0,0,0,0,0,0,0
2019/8/20 4:00,0,0,0,0,0,0,0,0,0,0,0
2019/8/20 5:00,0.015567147,0.002965806,0.002921656,0.001344552,0.007020962,0.007247664,0.000419412,0.003881947,0,0,0.002909757
2019/8/20 6:00,0.039516603,0.019277738,0.045285675,0.034061975,0.03309882,0.057808751,0.015308553,0.042701422,0.005078115,0.009155579,0.031812094
2019/8/20 7:00,0.06346606,0.047452893,0.117596671,0.120449417,0.034101815,0.111993671,0.039005355,0.120340372,0.023845064,0.075787852,0.083947435
2019/8/20 8:00,0.102982663,0.079520668,0.180412285,0.199441825,0.059176678,0.188956964,0.097513388,0.201861269,0.062041323,0.218462297,0.14338345
2019/8/20 9:00,0.140104321,0.135500252,0.221315475,0.23933019,0.087260525,0.268336145,0.144068167,0.263972429,0.123751464,0.337484829,0.195117057
2019/8/20 10:00,0.163455041,0.118076143,0.258566594,0.270254877,0.089266515,0.303193959,0.185170585,0.345493326,0.214495179,0.436670272,0.236454382
2019/8/20 11:00,0.168244932,0.112144532,0.288513573,0.394737949,0.072215607,0.335118195,0.226273002,0.407604486,0.267263421,0.489823497,0.283759525
2019/8/20 12:00,0.124537174,0.116963966,0.31115641,0.39944388,0.094281487,0.312512385,0.222707996,0.427014223,0.347740511,0.504828475,0.301854461
2019/8/20 13:00,0.084421834,0.103988566,0.275366119,0.350143653,0.214640833,0.306127538,0.201737375,0.399840591,0.367059428,0.478633345,0.283282701
2019/8/20 14:00,0.061669851,0.064320913,0.193559739,0.30521322,0.244730669,0.276791753,0.179927929,0.322201641,0.261964518,0.489569176,0.223872967
2019/8/20 15:00,0.035325448,0.06673063,0.125631227,0.246949316,0.219655805,0.220536073,0.208447974,0.213507112,0.199923195,0.395724487,0.175535329
2019/8/20 16:00,0.022751984,0.053199141,0.070119754,0.13759245,0.15446116,0.130112832,0.126452845,0.10869453,0.119777287,0.270343914,0.103161219
2019/8/20 17:00,0.009579783,0.021687455,0.018260353,0.037871538,0.063188656,0.056773371,0.052845965,0.054347265,0.05298903,0.125380573,0.038189156
2019/8/20 18:00,0,0,0,0.000112046,0.010029945,0.009145862,0.004613537,0.003881947,0.007837961,0.018311159,0.003270192
2019/8/20 19:00,0,0,0,0,0.001002995,0,0,0,0,0,1.88E-05
2019/8/20 20:00,0,0,0,0,0,0,0,0,0,0,0
2019/8/20 21:00,0,0,0,0,0,0,0,0,0,0,0
2019/8/20 22:00,0,0,0,0,0,0,0,0,0,0,0
2019/8/20 23:00,0,0,0,0,0,0,0,0,0,0,0
2019/8/21 0:00,0,0,0,0,0,0,0,0,0,0,0
2019/8/21 1:00,0,0,0,0,0,0,0,0,0,0,0
2019/8/21 2:00,0,0,0,0,0,0,0,0,0,0,0
2019/8/21 3:00,0,0,0,0,0,0,0,0,0,0,0
2019/8/21 4:00,0,0,0,0,0,0,0,0,0,0,0
2019/8/21 5:00,0.019159565,0.017609472,0.004382485,0.000448184,0.007020962,0.00500434,0.000419412,0.007763895,0.000220788,0,0.004711929
2019/8/21 6:00,0.069453424,0.075071959,0.076693481,0.055350709,0.045134755,0.058153878,0.033552994,0.065993107,0.031572631,0.008646936,0.057564384
2019/8/21 7:00,0.141301794,0.122154126,0.216202576,0.201458652,0.108323411,0.146506358,0.131695501,0.163041794,0.141966443,0.09409901,0.168596966
2019/8/21 8:00,0.204767854,0.205196689,0.371050367,0.368071008,0.212634844,0.283521727,0.244727149,0.302791904,0.283932887,0.239570994,0.305659672
2019/8/21 9:00,0.249673085,0.280083285,0.481342897,0.457371646,0.246736658,0.363418599,0.342659949,0.411486434,0.427555238,0.378176293,0.406759657
2019/8/21 10:00,0.26045034,0.364794113,0.501064078,0.515635549,0.276826495,0.40466126,0.400958276,0.489125383,0.537176294,0.494401287,0.464029311
2019/8/21 11:00,0.272425068,0.388149834,0.466004201,0.558549156,0.316946276,0.470062803,0.404103869,0.531826806,0.58310012,0.535855716,0.483276886
2019/8/21 12:00,0.280807378,0.330316621,0.434596394,0.409415971,0.249745642,0.561003735,0.383133248,0.535708753,0.597340922,0.510677872,0.453805738
2019/8/21 13:00,0.267635177,0.367574556,0.371780781,0.300059105,0.170509073,0.534946656,0.324625215,0.485243436,0.586632722,0.574512607,0.409354034
2019/8/21 14:00,0.219736264,0.290648968,0.268061978,0.360563928,0.104311433,0.419156589,0.310994311,0.345493326,0.522162735,0.493384,0.350165817
2019/8/21 15:00,0.143098003,0.195743183,0.14754365,0.262187568,0.053158711,0.294220661,0.260245408,0.256208534,0.408567502,0.418359114,0.247413842
2019/8/21 16:00,0.07184837,0.095276511,0.05332023,0.146668173,0.023068875,0.176532396,0.165458201,0.186333479,0.286140763,0.30366005,0.144537967
2019/8/21 17:00,0.020357038,0.022614269,0.009495383,0.020392366,0.018053902,0.065228979,0.056620677,0.09316674,0.139096204,0.141402837,0.050490858
2019/8/21 18:00,0,0,0,0,0.006017967,0.008110482,0.005032949,0.011645842,0.023845064,0.023906235,0.006240021
2019/8/21 19:00,0,0,0,0,0.001002995,0,0,0,0,0,1.88E-05
2019/8/21 20:00,0,0,0,0,0,0,0,0,0,0,0
2019/8/21 21:00,0,0,0,0,0,0,0,0,0,0,0
2019/8/21 22:00,0,0,0,0,0,0,0,0,0,0,0
2019/8/21 23:00,0,0,0,0,0,0,0,0,0,0,0
2019/8/22 0:00,0,0,0,0,0,0,0,0,0,0,0
2019/8/22 1:00,0,0,0,0,0,0,0,0,0,0,0
2019/8/22 2:00,0,0,0,0,0,0,0,0,0,0,0
2019/8/22 3:00,0,0,0,0,0,0,0,0,0,0,0
2019/8/22 4:00,0,0,0,0,0,0,0,0,0,0,0
2019/8/22 5:00,0.01676462,0.007970603,0.002921656,0.002240919,0.002005989,0.009145862,0.000419412,0.007763895,0.000110394,0,0.003923479
2019/8/22 6:00,0.064064796,0.046155353,0.039442362,0.075406937,0.016047913,0.09335682,0.044038304,0.100930635,0.039741773,0.008392614,0.055553836
2019/8/22 7:00,0.123339701,0.114368886,0.112483773,0.229021961,0.072215607,0.204142546,0.157489365,0.240680744,0.165811507,0.094861975,0.160924593
2019/8/22 8:00,0.195188071,0.236523012,0.173838558,0.350703883,0.126377313,0.314410583,0.264649239,0.376548906,0.295855419,0.224057373,0.263945017
2019/8/22 9:00,0.261647813,0.283790542,0.206707193,0.473730357,0.076227585,0.380157252,0.350628785,0.485243436,0.370923212,0.337993472,0.332649079
2019/8/22 10:00,0.280208642,0.283419817,0.25783618,0.528296744,0.118353356,0.42122735,0.407668875,0.562882386,0.393664337,0.425734442,0.374108426
2019/8/22 11:00,0.252666767,0.284902719,0.280479018,0.502302079,0.138413247,0.455394911,0.409346525,0.621111598,0.436938712,0.497707468,0.389807974
2019/8/22 12:00,0.212551427,0.233742569,0.264409907,0.428575831,0.123368329,0.483695315,0.411443587,0.63275744,0.481206631,0.441756705,0.377549449
2019/8/22 13:00,0.198181753,0.186845765,0.256375352,0.41109666,0.102305444,0.443142907,0.397393271,0.562882386,0.478888361,0.516781592,0.358072848
2019/8/22 14:00,0.158066413,0.150143919,0.203785536,0.312384162,0.08826352,0.357033752,0.28394221,0.403722539,0.41110656,0.439467811,0.283462918
2019/8/22 15:00,0.123938438,0.105656832,0.178221042,0.232495386,0.059176678,0.235203965,0.197962664,0.240680744,0.325330567,0.37766765,0.213510477
2019/8/22 16:00,0.073644579,0.058018576,0.086188865,0.111933923,0.03309882,0.135979989,0.07968836,0.131986215,0.214605572,0.247200643,0.116337726
2019/8/22 17:00,0.02335072,0.015941206,0.01606911,0.02308147,0.014041924,0.060397203,0.018663853,0.038819475,0.090743714,0.123600322,0.03706843
2019/8/22 18:00,0,0,0,0,0.002005989,0.005867157,0.002306768,0,0.011370563,0.022634627,0.00298297
2019/8/22 19:00,0.000598736,0,0,0,0.001002995,0,0,0,0,0,3.75E-05
2019/8/22 20:00,0,0,0,0,0,0,0,0,0,0,0
2019/8/22 21:00,0,0,0,0,0,0,0,0,0,0,0
2019/8/22 22:00,0,0,0,0,0,0,0,0,0,0,0
2019/8/22 23:00,0,0,0,0,0,0,0,0,0,0,0
2019/8/23 0:00,0,0,0,0,0,0,0,0,0,0,0
2019/8/23 1:00,0,0,0,0,0,0,0,0,0,0,0
2019/8/23 2:00,0,0,0,0,0,0,0,0,0,0,0
2019/8/23 3:00,0,0,0,0,0,0,0,0,0,0,0
2019/8/23 4:00,0,0,0,0,0,0,0,0,0,0,0
2019/8/23 5:00,0.013770938,0.000185363,0.001460828,0,0.004011978,0.004659213,0.000209706,0.007763895,0,0,0.001802172
2019/8/23 6:00,0.026344402,0.020760641,0.026294908,0.00694685,0.036107804,0.051423904,0.034182112,0.038819475,0.010597806,0.010935831,0.023940732
2019/8/23 7:00,0.04011534,0.068769622,0.057702715,0.034061975,0.102305444,0.111993671,0.103385162,0.050465317,0.063145261,0.079602676,0.065878781
2019/8/23 8:00,0.077835734,0.180914154,0.086919279,0.077983994,0.160479127,0.147541739,0.178879398,0.050465317,0.147596528,0.209815361,0.120323155
2019/8/23 9:00,0.127530856,0.283975905,0.134396196,0.12201806,0.313937293,0.129767705,0.251437747,0.116458425,0.219794082,0.354270058,0.175867604
2019/8/23 10:00,0.149085367,0.348667544,0.170916901,0.146107944,0.240718691,0.128387197,0.344757011,0.229034902,0.204338948,0.502285258,0.207259192
2019/8/23 11:00,0.114358655,0.338287224,0.210359263,0.175239896,0.281841467,0.172045747,0.428639496,0.314437746,0.312083309,0.566119992,0.256088673
2019/8/23 12:00,0.113161182,0.321604566,0.265140321,0.12425898,0.327979216,0.181881863,0.435559801,0.399840591,0.400177572,0.599436128,0.281809049
2019/8/23 13:00,0.085020571,0.267849336,0.220585061,0.102746154,0.261781576,0.193961303,0.403265044,0.392076696,0.3622021,0.577818788,0.250618329
2019/8/23 14:00,0.070650897,0.160709602,0.142430751,0.137144266,0.182545007,0.222261707,0.395086502,0.275618272,0.301706291,0.523393955,0.209536312
2019/8/23 15:00,0.056879959,0.10621292,0.099336319,0.122242152,0.100299455,0.170147549,0.266956007,0.197979322,0.219904475,0.417596149,0.152888031
2019/8/23 16:00,0.037121658,0.058389302,0.037981534,0.047955675,0.051152722,0.089905551,0.104853106,0.116458425,0.124524221,0.275176025,0.073836498
2019/8/23 17:00,0.010777255,0.015385118,0.008034555,0.003697517,0.017050907,0.041415225,0.021390034,0.050465317,0.060054234,0.111392883,0.024794886
2019/8/23 18:00,0.000598736,0.000556089,0,0,0.002005989,0.00552203,0.002097062,0.003881947,0.008058748,0.010172866,0.002534305
2019/8/23 19:00,0.000598736,0,0,0,0,0,0,0,0,0,1.88E-05
2019/8/23 20:00,0,0,0,0,0,0,0,0,0,0,0
2019/8/23 21:00,0,0,0,0,0,0,0,0,0,0,0
2019/8/23 22:00,0,0,0,0,0,0,0,0,0,0,0
2019/8/23 23:00,0,0,0,0,0,0,0,0,0,0,0
2019/8/24 0:00,0,0,0,0,0,0,0,0,0,0,0
2019/8/24 1:00,0,0,0,0,0,0,0,0,0,0,0
2019/8/24 2:00,0,0,0,0,0,0,0,0,0,0,0
2019/8/24 3:00,0,0,0,0,0,0,0,0,0,0,0
2019/8/24 4:00,0,0,0,0,0,0,0,0,0,0,0
2019/8/24 5:00,0.022751984,0.022243543,0.002191242,0.000224092,0.01103294,0.005176903,0.000419412,0.007763895,0,0,0.004749475
2019/8/24 6:00,0.084421834,0.15348045,0.059893957,0.049076134,0.072215607,0.062467964,0.036069468,0.034937527,0.009493868,0.008138293,0.056546908
2019/8/24 7:00,0.180818397,0.311965697,0.214741748,0.184987895,0.151452176,0.144953287,0.151827297,0.065993107,0.055969663,0.073753278,0.168897328
2019/8/24 8:00,0.326311346,0.456734093,0.37689368,0.374009445,0.296886385,0.279725332,0.305961362,0.120340372,0.126290522,0.203711641,0.3081921
2019/8/24 9:00,0.434682637,0.550713064,0.498872836,0.502302079,0.415239742,0.390856185,0.412282412,0.217389059,0.169675291,0.307983518,0.410615554
2019/8/24 10:00,0.48258155,0.555903224,0.571183833,0.563030994,0.517545185,0.461434631,0.52028111,0.322201641,0.182922548,0.377413328,0.468497196
2019/8/24 11:00,0.470008085,0.602058577,0.553653894,0.644824552,0.625868596,0.538915615,0.492809597,0.314437746,0.176078132,0.471003695,0.489124559
2019/8/24 12:00,0.517308262,0.647101752,0.538315198,0.625440599,0.517545185,0.516654931,0.391731203,0.209625164,0.165701113,0.549080442,0.468224993
2019/8/24 13:00,0.506531006,0.559054393,0.526628572,0.58510405,0.520554169,0.419329153,0.339094944,0.131986215,0.139979355,0.544502652,0.42580261
2019/8/24 14:00,0.413726862,0.439495347,0.452856747,0.484822908,0.272814516,0.375843166,0.233612719,0.112576477,0.121764376,0.464137011,0.351583151
2019/8/24 15:00,0.27721496,0.247274058,0.317730137,0.319891242,0.160479127,0.263849496,0.117854891,0.050465317,0.094938679,0.365460211,0.232530903
2019/8/24 16:00,0.137709375,0.107325097,0.129283297,0.149805461,0.103308438,0.094219637,0.052845965,0.023291685,0.06976889,0.249489538,0.105259999
2019/8/24 17:00,0.041312813,0.029658058,0.015338696,0.021176688,0.043128765,0.033994997,0.016776497,0.007763895,0.028591998,0.112155847,0.023861887
2019/8/24 18:00,0.000598736,0,0,0,0.004011978,0.004314086,0.002097062,0,0.002649452,0.015767942,0.001317838
2019/8/24 19:00,0.000598736,0,0,0,0.001002995,0,0,0,0,0,3.75E-05
2019/8/24 20:00,0,0,0,0,0,0,0,0,0,0,0
2019/8/24 21:00,0,0,0,0,0,0,0,0,0,0,0
2019/8/24 22:00,0,0,0,0,0,0,0,0,0,0,0
2019/8/24 23:00,0,0,0,0,0,0,0,0,0,0,0
2019/8/25 0:00,0,0,0,0,0,0,0,0,0,0,0
2019/8/25 1:00,0,0,0,0,0,0,0,0,0,0,0
2019/8/25 2:00,0,0,0,0,0,0,0,0,0,0,0
2019/8/25 3:00,0,0,0,0,0,0,0,0,0,0,0
2019/8/25 4:00,0,0,0,0,0,0,0,0,0,0,0
2019/8/25 5:00,0.021554511,0.017609472,0.002191242,0.000672276,0.009026951,0.006729974,0.000629119,0.007763895,0,0,0.004467885
2019/8/25 6:00,0.114957392,0.097686228,0.065006856,0.092662016,0.094281487,0.089215297,0.051587728,0.089284792,0.013357651,0.009409901,0.068476913
2019/8/25 7:00,0.255061712,0.21502092,0.234462929,0.278434233,0.227679762,0.226748357,0.196914132,0.217389059,0.052657849,0.079348355,0.203292536
2019/8/25 8:00,0.428096536,0.419846883,0.428022667,0.457707783,0.388158889,0.376705984,0.333852288,0.333847484,0.097808918,0.218462297,0.355157459
2019/8/25 9:00,0.541257718,0.580927211,0.578487974,0.584095636,0.483443371,0.500261405,0.405781519,0.438660066,0.147044559,0.322734173,0.470740525
2019/8/25 10:00,0.592150314,0.599278134,0.651529385,0.663872366,0.575718869,0.571702668,0.400538864,0.508535121,0.167577808,0.439213489,0.523093628
2019/8/25 11:00,0.568200857,0.531991415,0.666868081,0.680119032,0.646931482,0.595343859,0.330287283,0.461951751,0.171000016,0.489823497,0.51851123
2019/8/25 12:00,0.556226129,0.50900642,0.633999446,0.640342713,0.517545185,0.476275087,0.42234831,0.403722539,0.187559088,0.549843407,0.494005442
2019/8/25 13:00,0.502339851,0.478977636,0.576296731,0.554963685,0.489461338,0.421572477,0.467644851,0.469715646,0.187117513,0.540179184,0.460762874
2019/8/25 14:00,0.384388778,0.42355414,0.470386686,0.484150632,0.500494278,0.453669277,0.355032616,0.395958644,0.16183733,0.501522293,0.397833273
2019/8/25 15:00,0.237698356,0.275819939,0.310425996,0.394177719,0.345030124,0.359622203,0.222707996,0.205743217,0.120108469,0.395724487,0.280023773
2019/8/25 16:00,0.132919484,0.159041336,0.153386963,0.193839526,0.202604898,0.173598818,0.122678134,0.097048687,0.079814727,0.290181002,0.146240644
2019/8/25 17:00,0.043707758,0.038926201,0.027025322,0.038543813,0.087260525,0.050733651,0.050958609,0.054347265,0.031903812,0.14343741,0.039542662
2019/8/25 18:00,0.000598736,0,0,0,0.010029945,0.00552203,0.00440383,0.007763895,0.005850872,0.026958095,0.00277084
2019/8/25 19:00,0.000598736,0,0,0,0.001002995,0,0,0,0,0,3.75E-05
2019/8/25 20:00,0,0,0,0,0,0,0,0,0,0,0
2019/8/25 21:00,0,0,0,0,0,0,0,0,0,0,0
2019/8/25 22:00,0,0,0,0,0,0,0,0,0,0,0
2019/8/25 23:00,0,0,0,0,0,0,0,0,0,0,0
2019/8/26 0:00,0,0,0,0,0,0,0,0,0,0,0
2019/8/26 1:00,0,0,0,0,0,0,0,0,0,0,0
2019/8/26 2:00,0,0,0,0,0,0,0,0,0,0,0
2019/8/26 3:00,0,0,0,0,0,0,0,0,0,0,0
2019/8/26 4:00,0,0,0,0,0,0,0,0,0,0,0
2019/8/26 5:00,0.025146929,0.024282535,0.002921656,0.001792736,0.010029945,0.006212284,0.000419412,0.007763895,0.000110394,0,0.005594243
2019/8/26 6:00,0.146690421,0.146251298,0.064276442,0.101625694,0.105314427,0.092321439,0.046974191,0.081520897,0.009052293,0.012207439,0.074748847
2019/8/26 7:00,0.302361889,0.31085352,0.18844684,0.281907658,0.261781576,0.243659573,0.172797918,0.174687637,0.028481604,0.096387905,0.197504935
2019/8/26 8:00,0.435880109,0.455992641,0.313347652,0.444486359,0.412230758,0.403453316,0.297573114,0.244562692,0.051553911,0.236519134,0.315436457
2019/8/26 9:00,0.56101602,0.542557098,0.416336042,0.581966763,0.506512245,0.53063257,0.447093643,0.380430854,0.089198201,0.308746483,0.420120136
2019/8/26 10:00,0.634660599,0.550342338,0.490838281,0.664656688,0.655958433,0.614670964,0.563270884,0.512417068,0.16272048,0.414035646,0.498221774
2019/8/26 11:00,0.644839118,0.569805439,0.541967268,0.703984823,0.663982389,0.65815695,0.61548773,0.566764333,0.211183364,0.481430883,0.541164159
2019/8/26 12:00,0.487371441,0.537552301,0.520054845,0.684600871,0.655958433,0.645214692,0.620730386,0.539590701,0.192195628,0.525174207,0.518772169
2019/8/26 13:00,0.527486781,0.528284158,0.472577928,0.622191266,0.612829667,0.590512082,0.594097697,0.516299016,0.167577808,0.549589085,0.482158037
2019/8/26 14:00,0.429892745,0.427076035,0.382736993,0.524151043,0.572709885,0.510097521,0.523846116,0.399840591,0.155544882,0.523648277,0.405674599
2019/8/26 15:00,0.279609905,0.276190665,0.265140321,0.382636984,0.422260704,0.381882887,0.41458918,0.248444639,0.150025192,0.430566553,0.296256463
2019/8/26 16:00,0.131722011,0.136056341,0.128552883,0.219273961,0.238712702,0.231580133,0.254583341,0.159159847,0.105426091,0.295013114,0.167939924
2019/8/26 17:00,0.032331766,0.032253138,0.018990767,0.054006157,0.08826352,0.097670905,0.079898067,0.07763895,0.047027764,0.139876907,0.050423277
2019/8/26 18:00,0.000598736,0,0,0,0.009026951,0.008800735,0.004194124,0.003881947,0.005740478,0.023906235,0.002860948
2019/8/26 19:00,0.000598736,0,0,0,0.001002995,0,0,0,0,0,3.75E-05
2019/8/26 20:00,0.000598736,0,0,0,0,0,0,0,0,0,1.88E-05
2019/8/26 21:00,0,0,0,0,0,0,0,0,0,0,0
2019/8/26 22:00,0,0,0,0,0,0,0,0,0,0,0
2019/8/26 23:00,0,0,0,0,0,0,0,0,0,0,0
2019/8/27 0:00,0,0,0,0,0,0,0,0,0,0,0
2019/8/27 1:00,0,0,0,0,0,0,0,0,0,0,0
2019/8/27 2:00,0,0,0,0,0,0,0,0,0,0,0
2019/8/27 3:00,0,0,0,0,0,0,0,0,0,0,0
2019/8/27 4:00,0,0,0,0,0,0,0,0,0,0,0
2019/8/27 5:00,0.020357038,0.020575278,0.002191242,0.001008414,0.009026951,0.005349467,0.000209706,0.003881947,0,0,0.004411567
2019/8/27 6:00,0.116154864,0.105100743,0.057702715,0.06644326,0.079236569,0.049525706,0.015727966,0.023291685,0.002870239,0.007121006,0.050194251
2019/8/27 7:00,0.297571998,0.234298658,0.189907668,0.208517548,0.197589925,0.100259357,0.04928096,0.03105558,0.011922532,0.079094033,0.139933041
2019/8/27 8:00,0.45084852,0.376101248,0.322843036,0.279330601,0.273817511,0.135807425,0.091851321,0.073757002,0.028812785,0.2220228,0.220227323
2019/8/27 9:00,0.595143996,0.473972839,0.425101011,0.28045106,0.312934298,0.170492676,0.090593083,0.159159847,0.040293742,0.304168693,0.27221436
2019/8/27 10:00,0.700521604,0.534586495,0.476960413,0.372440801,0.432290649,0.173426254,0.121629603,0.182451532,0.045813432,0.462356759,0.318961956
2019/8/27 11:00,0.729859689,0.532362141,0.468925857,0.457707783,0.478428398,0.167904224,0.126872258,0.166923742,0.068996133,0.549334763,0.336443027
2019/8/27 12:00,0.681362039,0.45914381,0.444091778,0.286613589,0.409221775,0.116307757,0.160215545,0.166923742,0.095159467,0.563068132,0.293085767
2019/8/27 13:00,0.604125042,0.383145036,0.367398296,0.207845273,0.276826495,0.098188596,0.151198178,0.128104267,0.12275792,0.530006318,0.247374419
2019/8/27 14:00,0.484377759,0.298248846,0.231541272,0.105995487,0.157470144,0.065401543,0.124984902,0.089284792,0.123089101,0.488297567,0.172764489
2019/8/27 15:00,0.33229871,0.199079714,0.140239509,0.035742664,0.069206624,0.05573799,0.076123355,0.058229212,0.079925121,0.408949213,0.106211771
2019/8/27 16:00,0.172436087,0.085637642,0.071580583,0.008403448,0.030089836,0.039517027,0.025164745,0.011645842,0.047579733,0.278736528,0.051711079
2019/8/27 17:00,0.046102704,0.018165561,0.009495383,0.000448184,0.010029945,0.021915557,0.011743548,0.003881947,0.021526794,0.124108965,0.014188352
2019/8/27 18:00,0.000598736,0,0,0,0.001002995,0.002070761,0.001887356,0,0.003201421,0.015767942,0.001092567
2019/8/27 19:00,0.000598736,0,0,0,0,0,0,0,0,0,1.88E-05
2019/8/27 20:00,0.000598736,0,0,0,0,0,0,0,0,0,1.88E-05
2019/8/27 21:00,0,0,0,0,0,0,0,0,0,0,0
2019/8/27 22:00,0,0,0,0,0,0,0,0,0,0,0
2019/8/27 23:00,0,0,0,0,0,0,0,0,0,0,0
2019/8/28 0:00,0,0,0,0,0,0,0,0,0,0,0
2019/8/28 1:00,0,0,0,0,0,0,0,0,0,0,0
2019/8/28 2:00,0,0,0,0,0,0,0,0,0,0,0
2019/8/28 3:00,0,0,0,0,0,0,0,0,0,0,0
2019/8/28 4:00,0,0,0,0,0,0,0,0,0,0,0
2019/8/28 5:00,0.017363356,0.001853629,0.001460828,0.000112046,0.003008984,0.001035381,0,0.003881947,0,0,0.001483038
2019/8/28 6:00,0.076039525,0.014829029,0.027025322,0.007395034,0.023068875,0.023468627,0.011953254,0.011645842,0.003422208,0.009664223,0.017342153
2019/8/28 7:00,0.115556128,0.041335918,0.083267208,0.026442849,0.043128765,0.057291061,0.034391819,0.007763895,0.024838608,0.087486647,0.049004066
2019/8/28 8:00,0.160461359,0.103061751,0.144621993,0.064874616,0.059176678,0.087489663,0.057878914,0.034937527,0.057735964,0.212612899,0.092391363
2019/8/28 9:00,0.201175435,0.147734201,0.203785536,0.106331625,0.073218602,0.108024712,0.081575716,0.07763895,0.112491295,0.346386087,0.137325523
2019/8/28 10:00,0.223927419,0.204455237,0.181873113,0.134791301,0.113338384,0.132183593,0.092690145,0.112576477,0.184688849,0.460830829,0.162105391
2019/8/28 11:00,0.193391862,0.183323871,0.146082822,0.132886519,0.141422231,0.116652884,0.086608665,0.166923742,0.196942562,0.539670541,0.153075758
2019/8/28 12:00,0.161060095,0.206864954,0.145352408,0.159441414,0.134401269,0.090423241,0.095835739,0.182451532,0.234586853,0.52110506,0.163564025
2019/8/28 13:00,0.135913166,0.129939367,0.138048266,0.125603531,0.169506078,0.076273039,0.137147862,0.186333479,0.239996149,0.532803856,0.151448171
2019/8/28 14:00,0.102982663,0.113256709,0.100797147,0.08840427,0.112335389,0.083003013,0.108837524,0.097048687,0.188883814,0.495672895,0.116763865
2019/8/28 15:00,0.057478696,0.083413288,0.049668159,0.059048226,0.092275498,0.07782611,0.057669208,0.04658337,0.13953778,0.423191225,0.077369506
2019/8/28 16:00,0.026943139,0.049121159,0.018990767,0.03058855,0.050149727,0.055910554,0.032923875,0.03105558,0.120329256,0.277973563,0.049809412
2019/8/28 17:00,0.008981046,0.015385118,0.002921656,0.004817977,0.016047913,0.027782713,0.013001785,0.007763895,0.064911562,0.125889217,0.020227506
2019/8/28 18:00,0.000598736,0,0,0,0.001002995,0.002243325,0.00167765,0,0.008500324,0.021871662,0.002038707
2019/8/28 19:00,0.000598736,0,0,0,0,0,0,0,0,0,1.88E-05
2019/8/28 20:00,0,0,0,0,0,0,0,0,0,0,0
2019/8/28 21:00,0,0,0,0,0,0,0,0,0,0,0
2019/8/28 22:00,0,0,0,0,0,0,0,0,0,0,0
2019/8/28 23:00,0,0,0,0,0,0,0,0,0,0,0
2019/8/29 0:00,0,0,0,0,0,0,0,0,0,0,0
2019/8/29 1:00,0,0,0,0,0,0,0,0,0,0,0
2019/8/29 2:00,0,0,0,0,0,0,0,0,0,0,0
2019/8/29 3:00,0,0,0,0,0,0,0,0,0,0,0
2019/8/29 4:00,0,0,0,0,0,0,0,0,0,0,0
2019/8/29 5:00,0.01496841,0.008155966,0.002191242,0.000224092,0.005014973,0.003968959,0,0.003881947,0.000220788,0,0.00264694
2019/8/29 6:00,0.072447106,0.048379707,0.05332023,0.049972502,0.031092831,0.04969827,0.01216296,0.069875055,0.021857975,0.010427188,0.043498055
2019/8/29 7:00,0.168843669,0.169977745,0.18844684,0.169301459,0.057170689,0.11544494,0.035859762,0.147514004,0.087652688,0.092064437,0.138864879
2019/8/29 8:00,0.265240231,0.302326828,0.334529662,0.315073265,0.068203629,0.202416912,0.083253366,0.229034902,0.175526163,0.246437679,0.251194649
2019/8/29 9:00,0.381395096,0.429856478,0.469656272,0.429248107,0.08826352,0.236411909,0.15329524,0.267854377,0.279406741,0.385297299,0.352521782
2019/8/29 10:00,0.389178669,0.57184443,0.571183833,0.497596148,0.13239528,0.269198962,0.199220901,0.361021116,0.358779892,0.480667918,0.431901837
2019/8/29 11:00,0.476594186,0.616331517,0.592365842,0.51339463,0.160479127,0.316999034,0.24850186,0.411486434,0.397196939,0.54119647,0.466796396
2019/8/29 12:00,0.439472528,0.421700512,0.506176977,0.484822908,0.191571958,0.355998371,0.306800187,0.427014223,0.411548135,0.57349532,0.432455629
2019/8/29 13:00,0.428096536,0.322160655,0.411223143,0.462637806,0.191571958,0.364799106,0.300299295,0.349375274,0.347850905,0.485754351,0.379038118
2019/8/29 14:00,0.299368207,0.188143305,0.32722552,0.365830089,0.062185662,0.300087817,0.192510302,0.271736324,0.312083309,0.371055287,0.293827285
2019/8/29 15:00,0.171238614,0.094164334,0.259297008,0.238321776,0.075224591,0.243314447,0.128759614,0.197979322,0.210521001,0.267292054,0.208227859
2019/8/29 16:00,0.076638261,0.057833213,0.115405429,0.121233738,0.102305444,0.14409047,0.073187468,0.097048687,0.114919959,0.138096656,0.107629104
2019/8/29 17:00,0.017363356,0.01557048,0.016799524,0.024201929,0.039116787,0.052804412,0.02768122,0.023291685,0.045261463,0.080365641,0.028864792
2019/8/29 18:00,0.000598736,0,0,0,0.004011978,0.003278705,0.00167765,0,0.005850872,0.020345732,0.001745854
2019/8/29 19:00,0.000598736,0,0,0,0,0,0,0,0,0,1.88E-05
2019/8/29 20:00,0,0,0,0,0,0,0,0,0,0,0
2019/8/29 21:00,0,0,0,0,0,0,0,0,0,0,0
2019/8/29 22:00,0,0,0,0,0,0,0,0,0,0,0
2019/8/29 23:00,0,0,0,0,0,0,0,0,0,0,0
2019/8/30 0:00,0,0,0,0,0,0,0,0,0,0,0
2019/8/30 1:00,0,0,0,0,0,0,0,0,0,0,0
2019/8/30 2:00,0,0,0,0,0,0,0,0,0,0,0
2019/8/30 3:00,0,0,0,0,0,0,0,0,0,0,0
2019/8/30 4:00,0,0,0,0,0,0,0,0,0,0,0
2019/8/30 5:00,0.018560829,0.013160763,0.001460828,0,0.002005989,0.001725634,0,0.003881947,0,0,0.002703258
2019/8/30 6:00,0.068854688,0.066359905,0.026294908,0.004033655,0.020059891,0.021915557,0.019712384,0.01552779,0.009714656,0.008392614,0.023302462
2019/8/30 7:00,0.13531443,0.115851789,0.03725112,0.014902114,0.046137749,0.051596468,0.074445705,0.011645842,0.048904459,0.087740969,0.050714253
2019/8/30 8:00,0.178423451,0.098613043,0.057702715,0.041905192,0.054161705,0.057808751,0.145745817,0.04658337,0.142408019,0.235247526,0.085988019
2019/8/30 9:00,0.232309729,0.138651421,0.11029253,0.076863535,0.035104809,0.09387451,0.232354482,0.104812582,0.313297641,0.317902062,0.154911721
2019/8/30 10:00,0.346668384,0.172943551,0.13512661,0.163923253,0.061182667,0.191372852,0.427381259,0.236798797,0.453276996,0.438196202,0.242566749
2019/8/30 11:00,0.362834267,0.194445643,0.134396196,0.263083935,0.124371324,0.286800433,0.549010861,0.275618272,0.443672734,0.509660586,0.284900901
2019/8/30 12:00,0.368222895,0.199265077,0.142430751,0.194399756,0.130389291,0.19430643,0.52804024,0.314437746,0.377215659,0.554421196,0.255195096
2019/8/30 13:00,0.329903764,0.184992137,0.17237773,0.134231071,0.160479127,0.132356156,0.47435545,0.279500219,0.305128499,0.517544557,0.224961779
2019/8/30 14:00,0.262845286,0.173499639,0.134396196,0.068348041,0.166497095,0.103192935,0.349999667,0.240680744,0.239554574,0.474309877,0.173355827
2019/8/30 15:00,0.170041142,0.130495455,0.078884724,0.059832547,0.212634844,0.117515701,0.281006323,0.163041794,0.143622351,0.394198557,0.125983102
2019/8/30 16:00,0.082026889,0.061911196,0.038711948,0.060392777,0.178533029,0.09991423,0.157279659,0.065993107,0.096042617,0.275430347,0.078756803
2019/8/30 17:00,0.018560829,0.017424109,0.005112899,0.023865791,0.084251542,0.042105479,0.045086835,0.019409737,0.0445991,0.134790474,0.027370491
2019/8/30 18:00,0.000598736,0,0,0,0.006017967,0.002588452,0.002306768,0,0.005630084,0.02009141,0.001725204
2019/8/30 19:00,0.000598736,0,0,0,0,0,0,0,0,0,1.88E-05
2019/8/30 20:00,0.000598736,0,0,0,0,0,0,0,0,0,1.88E-05
2019/8/30 21:00,0,0,0,0,0,0,0,0,0,0,0
2019/8/30 22:00,0,0,0,0,0,0,0,0,0,0,0
2019/8/30 23:00,0,0,0,0,0,0,0,0,0,0,0
2019/8/31 0:00,0,0,0,0,0,0,0,0,0,0,0
2019/8/31 1:00,0,0,0,0,0,0,0,0,0,0,0
2019/8/31 2:00,0,0,0,0,0,0,0,0,0,0,0
2019/8/31 3:00,0,0,0,0,0,0,0,0,0,0,0
2019/8/31 4:00,0,0,0,0,0,0,0,0,0,0,0
2019/8/31 5:00,0.013172201,0.013902215,0.002191242,0.000448184,0.005014973,0.00500434,0.000209706,0.003881947,0,0,0.003303982
2019/8/31 6:00,0.060472378,0.08545228,0.06573727,0.038655859,0.037110798,0.083865831,0.049071253,0.073757002,0.020754037,0.008901258,0.055294774
2019/8/31 7:00,0.155072731,0.232074304,0.185525183,0.192494975,0.136407258,0.213978662,0.219142991,0.147514004,0.104211759,0.072990313,0.179141551
2019/8/31 8:00,0.27721496,0.402978863,0.272444462,0.36302894,0.320958255,0.340467662,0.403265044,0.178569584,0.158304728,0.222785765,0.296693866
2019/8/31 9:00,0.374210259,0.56535673,0.344755459,0.410872568,0.521557164,0.383263394,0.543977912,0.221271007,0.174532618,0.354778701,0.3695861
2019/8/31 10:00,0.414924335,0.651179735,0.464543373,0.499837068,0.608817689,0.377223674,0.614858612,0.310555799,0.179058765,0.460322186,0.438434711
2019/8/31 11:00,0.331699973,0.673794005,0.559497207,0.503646631,0.70610816,0.356861188,0.654283379,0.337729431,0.278413196,0.520087774,0.484943895
2019/8/31 12:00,0.34726712,0.628936192,0.569723004,0.423869901,0.718144095,0.43779344,0.638136001,0.248444639,0.332726952,0.526700136,0.482702443
2019/8/31 13:00,0.346069647,0.531064601,0.507637805,0.374233537,0.660973406,0.405351514,0.505182263,0.120340372,0.279406741,0.507626013,0.416575864
2019/8/31 14:00,0.280208642,0.462851067,0.42144894,0.359555515,0.502500267,0.195341811,0.374535293,0.073757002,0.22409944,0.486517316,0.33367031
2019/8/31 15:00,0.184410816,0.325867912,0.278287775,0.205156169,0.327979216,0.081104816,0.271988956,0.04658337,0.146934165,0.415561576,0.21429705
2019/8/31 16:00,0.102383927,0.160153513,0.115405429,0.064426432,0.148443193,0.06022464,0.145326404,0.023291685,0.101231127,0.286620499,0.10268064
2019/8/31 17:00,0.026344402,0.031882412,0.013877868,0.009411861,0.046137749,0.029680911,0.039215062,0.011645842,0.051774698,0.109612631,0.026978143
2019/8/31 18:00,0.000598736,0,0,0,0.004011978,0.002243325,0.002306768,0,0.005850872,0.017039551,0.001665132
2019/8/31 19:00,0.000598736,0,0,0,0.001002995,0,0,0,0,0,3.75E-05
2019/8/31 20:00,0,0,0,0,0,0,0,0,0,0,0
2019/8/31 21:00,0,0,0,0,0,0,0,0,0,0,0
2019/8/31 22:00,0,0,0,0,0,0,0,0,0,0,0
2019/8/31 23:00,0,0,0,0,0,0,0,0,0,0,0
2019/9/1 0:00,0,0,0,0,0,0,0,0,0,0,0
2019/9/1 1:00,0,0,0,0,0,0,0,0,0,0,0
2019/9/1 2:00,0,0,0,0,0,0,0,0,0,0,0
2019/9/1 3:00,0,0,0,0,0,0,0,0,0,0,0
2019/9/1 4:00,0,0,0,0,0.001002995,0,0,0,0,0,1.88E-05
2019/9/1 5:00,0.011974728,0.010751046,0.002191242,0.000448184,0.007020962,0.002243325,0,0.003881947,0,0,0.002665713
2019/9/1 6:00,0.132320748,0.092496068,0.0569723,0.049972502,0.062185662,0.045729311,0.023487096,0.04658337,0.01766301,0.004069146,0.050059088
2019/9/1 7:00,0.314336617,0.213908743,0.168725659,0.152158426,0.133398275,0.11699801,0.087028078,0.10869453,0.042170437,0.07705946,0.136388769
2019/9/1 8:00,0.444861156,0.35163335,0.271714048,0.305437312,0.284850451,0.192063106,0.12288784,0.229034902,0.062482898,0.243894462,0.231295664
2019/9/1 9:00,0.555627392,0.453212198,0.330147177,0.44975252,0.445329578,0.26057079,0.145116698,0.314437746,0.104211759,0.372072573,0.308871669
2019/9/1 10:00,0.658610056,0.580927211,0.416336042,0.469920794,0.46338348,0.320622866,0.170700856,0.392076696,0.167577808,0.477616058,0.375035794
2019/9/1 11:00,0.655616373,0.605209746,0.484994968,0.470929208,0.448338562,0.350821468,0.17657263,0.395958644,0.238892211,0.528226066,0.411434041
2019/9/1 12:00,0.637654281,0.599463497,0.482073311,0.473058081,0.393173862,0.38757748,0.188106472,0.337729431,0.332395771,0.618510252,0.427644205
2019/9/1 13:00,0.599933887,0.508635694,0.429483496,0.431376981,0.257769598,0.358241696,0.209915918,0.349375274,0.318044575,0.605285526,0.391015054
2019/9/1 14:00,0.447854838,0.441719701,0.383467407,0.385774271,0.172515062,0.291287082,0.233612719,0.326083589,0.291770848,0.510932194,0.346953821
2019/9/1 15:00,0.313139145,0.260434822,0.268061978,0.244148166,0.14342822,0.242106502,0.209496505,0.263972429,0.227190467,0.404117101,0.248153483
2019/9/1 16:00,0.147289158,0.11918832,0.121248742,0.126163761,0.094281487,0.173771381,0.116177241,0.166923742,0.142076837,0.273395773,0.134308762
2019/9/1 17:00,0.01676462,0.016682658,0.014608282,0.021624872,0.035104809,0.086971972,0.023067683,0.054347265,0.061710141,0.122837357,0.035805032
2019/9/1 18:00,0.000598736,0,0,0,0.003008984,0.00552203,0.001467943,0.003881947,0.005188509,0.018311159,0.002012426
2019/9/1 19:00,0.000598736,0,0,0,0.001002995,0,0,0,0,0,3.75E-05
2019/9/1 20:00,0.000598736,0,0,0,0,0,0,0,0,0,1.88E-05
2019/9/1 21:00,0,0,0,0,0,0,0,0,0,0,0
2019/9/1 22:00,0,0,0,0,0,0,0,0,0,0,0
2019/9/1 23:00,0,0,0,0,0,0,0,0,0,0,0
2019/9/2 0:00,0,0,0,0,0,0,0,0,0,0,0
2019/9/2 1:00,0,0,0,0,0,0,0,0,0,0,0
2019/9/2 2:00,0,0,0,0,0,0,0,0,0,0,0
2019/9/2 3:00,0,0,0,0,0,0,0,0,0,0,0
2019/9/2 4:00,0,0,0,0,0.001002995,0,0,0,0,0,1.88E-05
2019/9/2 5:00,0.011375992,0.002965806,0.002191242,0.000448184,0.002005989,0.004486649,0,0.003881947,0,0,0.002008671
2019/9/2 6:00,0.106575082,0.03429213,0.07815431,0.069580547,0.031092831,0.072649207,0.024955039,0.06211116,0.021747581,0.008138293,0.056040047
2019/9/2 7:00,0.217341318,0.100652034,0.235193343,0.222075111,0.082245553,0.188439273,0.101497806,0.166923742,0.074847005,0.088249612,0.167239705
2019/9/2 8:00,0.348464593,0.204825963,0.393693204,0.388239283,0.105314427,0.293357843,0.20425385,0.298909956,0.124082646,0.231432701,0.287333834
2019/9/2 9:00,0.491562596,0.307516989,0.512750704,0.489752931,0.151452176,0.401209992,0.301347826,0.430896171,0.169785684,0.343588549,0.386098503
2019/9/2 10:00,0.613106088,0.36460875,0.573375075,0.59149067,0.155464155,0.522522088,0.344337599,0.524062911,0.208092337,0.469986409,0.45739131
2019/9/2 11:00,0.689145613,0.369057459,0.570453419,0.611658945,0.184550996,0.597759747,0.389843847,0.562882386,0.259315067,0.534584108,0.486721663
2019/9/2 12:00,0.706508969,0.308443803,0.509829048,0.557428696,0.174521051,0.595516422,0.414169767,0.566764333,0.292764392,0.584939794,0.464453572
2019/9/2 13:00,0.640647963,0.210016123,0.433135566,0.509360975,0.151452176,0.555654268,0.385440016,0.493007331,0.348954843,0.533312499,0.422922889
2019/9/2 14:00,0.525091835,0.131236907,0.319921379,0.41221712,0.1103294,0.463677956,0.317285498,0.407604486,0.335597191,0.498216112,0.342410845
2019/9/2 15:00,0.336489865,0.08545228,0.211820091,0.301403657,0.127380307,0.335118195,0.2396942,0.298909956,0.276867683,0.40538871,0.248970092
2019/9/2 16:00,0.138906848,0.049121159,0.087649693,0.137480404,0.087260525,0.198275389,0.161683489,0.178569584,0.188221451,0.273141452,0.135226744
2019/9/2 17:00,0.01496841,0.007599877,0.010956212,0.019383953,0.030089836,0.075755349,0.054104203,0.069875055,0.087983869,0.117750924,0.040160282
2019/9/2 18:00,0.000598736,0,0,0,0.002005989,0.004831776,0.00167765,0.003881947,0.009935443,0.018056837,0.002742681
2019/9/2 19:00,0.000598736,0,0,0,0.001002995,0,0,0,0,0,3.75E-05
2019/9/2 20:00,0.000598736,0,0,0,0,0,0,0,0,0,1.88E-05
2019/9/2 21:00,0,0,0,0,0,0,0,0,0,0,0
2019/9/2 22:00,0,0,0,0,0,0,0,0,0,0,0
2019/9/2 23:00,0,0,0,0,0,0,0,0,0,0,0
2019/9/3 0:00,0,0,0,0,0,0,0,0,0,0,0
2019/9/3 1:00,0,0,0,0,0,0,0,0,0,0,0
2019/9/3 2:00,0,0,0,0,0,0,0,0,0,0,0
2019/9/3 3:00,0,0,0,0,0,0,0,0,0,0,0
2019/9/3 4:00,0,0,0,0,0.001002995,0,0,0,0,0,1.88E-05
2019/9/3 5:00,0.010178519,0.002038991,0.001460828,0.000336138,0.003008984,0.005349467,0,0.003881947,0,0,0.0017834
2019/9/3 6:00,0.102982663,0.033921404,0.045285675,0.054902525,0.021062885,0.09991423,0.041312124,0.085402845,0.029916723,0.008392614,0.051742993
2019/9/3 7:00,0.278412433,0.076369499,0.12270957,0.205492307,0.064191651,0.253495689,0.191881183,0.217389059,0.153888975,0.091301472,0.165741649
2019/9/3 8:00,0.496951224,0.154036539,0.182603527,0.36941556,0.134401269,0.410700981,0.361743215,0.357139169,0.318265363,0.204220285,0.292483165
2019/9/3 9:00,0.6478328,0.230406038,0.206707193,0.51227417,0.215643827,0.507854196,0.473516625,0.461951751,0.448530062,0.366223175,0.385589765
2019/9/3 10:00,0.708903914,0.26747861,0.230810858,0.586448602,0.328982211,0.594826168,0.552575867,0.516299016,0.525253762,0.494401287,0.445162821
2019/9/3 11:00,0.699922868,0.322346018,0.254914524,0.625104461,0.4413176,0.640382916,0.611713019,0.547354596,0.56080057,0.582142256,0.483656093
2019/9/3 12:00,0.653221428,0.273224859,0.240306242,0.617709427,0.454356529,0.641935987,0.633522464,0.562882386,0.531656603,0.598418842,0.47050399
2019/9/3 13:00,0.56101602,0.228367046,0.22935003,0.549361386,0.443323589,0.611737385,0.600179177,0.508535121,0.503064606,0.578327431,0.434687694
2019/9/3 14:00,0.456835884,0.197967537,0.189907668,0.478884472,0.402200813,0.534428965,0.508537563,0.376548906,0.416074281,0.505845761,0.367303349
2019/9/3 15:00,0.306553044,0.155519442,0.121979156,0.333224712,0.34202114,0.401037428,0.367614988,0.240680744,0.287575883,0.413781324,0.259075398
2019/9/3 16:00,0.122740965,0.071920791,0.045285675,0.17288693,0.184550996,0.252287745,0.199430607,0.112576477,0.179389946,0.252032755,0.138299823
2019/9/3 17:00,0.015567147,0.013160763,0.005112899,0.038095629,0.061182667,0.096290398,0.053894496,0.038819475,0.070762434,0.103508911,0.040637106
2019/9/3 18:00,0.000598736,0,0,0,0.003008984,0.004486649,0.001258237,0.003881947,0.005630084,0.011190153,0.001903544
2019/9/3 19:00,0.000598736,0,0,0,0.001002995,0,0,0,0,0,3.75E-05
2019/9/3 20:00,0.000598736,0,0,0,0,0,0,0,0,0,1.88E-05
2019/9/3 21:00,0,0,0,0,0,0,0,0,0,0,0
2019/9/3 22:00,0,0,0,0,0,0,0,0,0,0,0
2019/9/3 23:00,0,0,0,0,0,0,0,0,0,0,0
2019/9/4 0:00,0,0,0,0,0,0,0,0,0,0,0
2019/9/4 1:00,0,0,0,0,0,0,0,0,0,0,0
2019/9/4 2:00,0,0,0,0,0,0,0,0,0,0,0
2019/9/4 3:00,0,0,0,0,0,0,0,0,0,0,0
2019/9/4 4:00,0,0,0,0,0.001002995,0,0,0,0,0,1.88E-05
2019/9/4 5:00,0.011375992,0.0064877,0.001460828,0.000112046,0.003008984,0.004659213,0.000209706,0.003881947,0,0,0.002177625
2019/9/4 6:00,0.153875258,0.065618453,0.039442362,0.056022985,0.036107804,0.089732987,0.035230644,0.085402845,0.021747581,0.009409901,0.052482634
2019/9/4 7:00,0.370019104,0.201304069,0.102257975,0.212775295,0.144431215,0.219500692,0.157908777,0.221271007,0.097036162,0.08011132,0.162430158
2019/9/4 8:00,0.55263371,0.356267421,0.155578205,0.336249953,0.288862429,0.333565124,0.298202233,0.380430854,0.205994855,0.215919081,0.27313985
2019/9/4 9:00,0.677170884,0.46044135,0.193559739,0.469696702,0.29788938,0.468164605,0.419412423,0.504653173,0.294861874,0.313324272,0.367215117
2019/9/4 10:00,0.746624308,0.577961405,0.276826947,0.516195779,0.409221775,0.571530104,0.493229009,0.555118491,0.40735317,0.406914639,0.452683135
2019/9/4 11:00,0.760993982,0.66897457,0.287052745,0.559221431,0.504506256,0.578605205,0.557608816,0.597819913,0.479109148,0.459304899,0.495158082
2019/9/4 12:00,0.729260952,0.647472478,0.249071211,0.518996928,0.498488289,0.581021093,0.59892094,0.590056018,0.508915478,0.525937171,0.484517756
2019/9/4 13:00,0.665794892,0.612994986,0.206707193,0.437091325,0.34202114,0.504402927,0.568723245,0.469715646,0.50549327,0.520850738,0.434019389
2019/9/4 14:00,0.542455191,0.479719088,0.157039033,0.343084757,0.349042102,0.399311794,0.506650207,0.345493326,0.413535223,0.454472788,0.349146464
2019/9/4 15:00,0.361636794,0.313633963,0.100066733,0.152942748,0.312934298,0.284729671,0.368034401,0.217389059,0.292543604,0.306711909,0.226747056
2019/9/4 16:00,0.140703057,0.144768395,0.042364018,0.04280156,0.146437204,0.160311433,0.197123839,0.13975011,0.160733392,0.210324004,0.110602688
2019/9/4 17:00,0.014369674,0.015941206,0.004382485,0.002352965,0.039116787,0.063330781,0.052216847,0.058229212,0.063366049,0.084943431,0.030100031
2019/9/4 18:00,0.000598736,0,0,0,0.004011978,0.003278705,0.001258237,0.003881947,0.005630084,0.010681509,0.001787154
2019/9/4 19:00,0.000598736,0,0,0,0.001002995,0,0,0,0,0,3.75E-05
2019/9/4 20:00,0.000598736,0,0,0,0,0,0,0,0,0,1.88E-05
2019/9/4 21:00,0,0,0,0,0,0,0,0,0,0,0
2019/9/4 22:00,0,0,0,0,0,0,0,0,0,0,0
2019/9/4 23:00,0,0,0,0,0,0,0,0,0,0,0
2019/9/5 0:00,0,0,0,0,0,0,0,0,0,0,0
2019/9/5 1:00,0,0,0,0,0,0,0,0,0,0,0
2019/9/5 2:00,0,0,0,0,0,0,0,0,0,0,0
2019/9/5 3:00,0,0,0,0,0,0,0,0,0,0,0
2019/9/5 4:00,0,0,0,0,0.001002995,0,0,0,0,0,1.88E-05
2019/9/5 5:00,0.012573465,0.009268143,0.001460828,0.000224092,0.005014973,0.003968959,0,0.003881947,0,0,0.002459214
2019/9/5 6:00,0.129327065,0.075442685,0.044555261,0.015126206,0.049146733,0.074547405,0.036698587,0.06211116,0.029916723,0.002797538,0.04610745
2019/9/5 7:00,0.312540408,0.172202099,0.161421518,0.08033696,0.173518056,0.169629859,0.171120268,0.135868162,0.140752112,0.014750656,0.149820584
2019/9/5 8:00,0.488568914,0.281380825,0.283400674,0.160785966,0.322964244,0.281278403,0.322108741,0.213507112,0.275211776,0.024160557,0.266374195
2019/9/5 9:00,0.612507352,0.371652539,0.365937468,0.269134418,0.442320595,0.356170935,0.433672445,0.256208534,0.399956784,0.064343377,0.362711564
2019/9/5 10:00,0.652622691,0.435417364,0.422909769,0.372104663,0.577724858,0.474031762,0.501197845,0.388194749,0.483304113,0.183365909,0.445157189
2019/9/5 11:00,0.661603738,0.406500757,0.429483496,0.360675974,0.592769776,0.545473025,0.550478805,0.364903064,0.542806378,0.264240194,0.464339059
2019/9/5 12:00,0.602328833,0.394452171,0.394423618,0.378043099,0.607814695,0.530287443,0.572707663,0.295028009,0.496551371,0.217190689,0.444186644
2019/9/5 13:00,0.534671618,0.405573943,0.369589539,0.310815518,0.505509251,0.482314807,0.51587728,0.333847484,0.472595913,0.103763233,0.410290788
2019/9/5 14:00,0.431090218,0.341994481,0.303121855,0.236080857,0.449341556,0.383263394,0.395086502,0.329965536,0.421925153,0.086469361,0.339427874
2019/9/5 15:00,0.247278139,0.188328668,0.203055122,0.147788633,0.267799544,0.279897895,0.288136334,0.205743217,0.314401579,0.061800161,0.228900277
2019/9/5 16:00,0.087415516,0.101208123,0.079615138,0.084818799,0.18755998,0.161691941,0.191042359,0.09316674,0.188663026,0.02161734,0.122613415
2019/9/5 17:00,0.007783573,0.011307135,0.007304141,0.014005746,0.071212613,0.055910554,0.057040089,0.054347265,0.080145908,0.013987691,0.034494703
2019/9/5 18:00,0.000598736,0,0,0,0.003008984,0.002761015,0.001467943,0.003881947,0.007837961,0.004323468,0.002059357
2019/9/5 19:00,0.000598736,0,0,0,0.001002995,0,0,0,0,0,3.75E-05
2019/9/5 20:00,0,0,0,0,0,0,0,0,0,0,0
2019/9/5 21:00,0,0,0,0,0,0,0,0,0,0,0
2019/9/5 22:00,0,0,0,0,0,0,0,0,0,0,0
2019/9/5 23:00,0,0,0,0,0,0,0,0,0,0,0
2019/9/6 0:00,0,0,0,0,0,0,0,0,0,0,0
2019/9/6 1:00,0,0,0,0,0,0,0,0,0,0,0
2019/9/6 2:00,0,0,0,0,0,0,0,0,0,0,0
2019/9/6 3:00,0,0,0,0,0,0,0,0,0,0,0
2019/9/6 4:00,0,0,0,0,0.001002995,0,0,0,0,0,1.88E-05
2019/9/6 5:00,0.00838231,0.008897417,0.002191242,0.000448184,0.006017967,0.004141522,0.000209706,0.003881947,0,0,0.00257185
2019/9/6 6:00,0.099390245,0.096944777,0.078884724,0.066107122,0.089266515,0.096808088,0.037956824,0.065993107,0.019760493,0.002797538,0.066456978
2019/9/6 7:00,0.268233914,0.255986113,0.248340797,0.270254877,0.255763609,0.260225663,0.171120268,0.170805689,0.079704333,0.032807493,0.213912211
2019/9/6 8:00,0.416121808,0.464148607,0.429483496,0.433841992,0.436302627,0.431581157,0.331126108,0.318319694,0.17806522,0.098931122,0.374286766
2019/9/6 9:00,0.556226129,0.647472478,0.571183833,0.554515501,0.570703896,0.568423962,0.466386614,0.469715646,0.285368007,0.198625208,0.509697481
2019/9/6 10:00,0.587959159,0.739412458,0.647877314,0.605384371,0.680030302,0.659710021,0.564738827,0.593937965,0.393885125,0.302642763,0.594247518
2019/9/6 11:00,0.596940205,0.765548622,0.665407253,0.643592046,0.718144095,0.696638596,0.633522464,0.63275744,0.452173058,0.331889753,0.630976163
2019/9/6 12:00,0.493957542,0.739041732,0.649338142,0.636309058,0.701093187,0.684559156,0.62660216,0.61722965,0.467407404,0.257627831,0.618751428
2019/9/6 13:00,0.452045993,0.592790434,0.589444185,0.596756831,0.631886564,0.63658652,0.612342137,0.562882386,0.461446138,0.146743592,0.568354433
2019/9/6 14:00,0.3239164,0.454324376,0.476960413,0.509921205,0.553652989,0.542366883,0.541671144,0.465833698,0.378209203,0.072735992,0.46942081
2019/9/6 15:00,0.145492949,0.307146263,0.320651794,0.391712708,0.383143916,0.415015067,0.394876796,0.345493326,0.278854772,0.031281563,0.335735299
2019/9/6 16:00,0.038917867,0.147363476,0.140969923,0.210086192,0.227679762,0.248663913,0.228999183,0.217389059,0.16040221,0.109358309,0.17798328
2019/9/6 17:00,0.003592418,0.00908278,0.01606911,0.036751078,0.072215607,0.089215297,0.064170101,0.089284792,0.06745062,0.034587744,0.044164483
2019/9/6 18:00,0.000598736,0,0,0,0.002005989,0.003106142,0.001048531,0.003881947,0.005630084,0.003560503,0.0016595
2019/9/6 19:00,0.000598736,0,0,0,0.001002995,0,0,0,0,0,3.75E-05
2019/9/6 20:00,0,0,0,0,0,0,0,0,0,0,0
2019/9/6 21:00,0,0,0,0,0,0,0,0,0,0,0
2019/9/6 22:00,0,0,0,0,0,0,0,0,0,0,0
2019/9/6 23:00,0,0,0,0,0,0,0,0,0,0,0
2019/9/7 0:00,0,0,0,0,0,0,0,0,0,0,0
2019/9/7 1:00,0,0,0,0,0,0,0,0,0,0,0
2019/9/7 2:00,0,0,0,0,0,0,0,0,0,0,0
2019/9/7 3:00,0,0,0,0,0,0,0,0,0,0,0
2019/9/7 4:00,0,0,0,0,0.001002995,0,0,0,0,0,1.88E-05
2019/9/7 5:00,0.004789891,0.011307135,0.001460828,0.000336138,0.006017967,0.003451269,0.000209706,0.003881947,0,0,0.002421669
2019/9/7 6:00,0.052090068,0.09842768,0.075963067,0.081009236,0.096287476,0.087489663,0.038795649,0.07763895,0.013799227,0.002543216,0.065610332
2019/9/7 7:00,0.083823098,0.221693983,0.247610383,0.262299613,0.280838473,0.242106502,0.181605579,0.213507112,0.068444164,0.033824779,0.202731234
2019/9/7 8:00,0.125734647,0.375174433,0.406840658,0.438547923,0.461377491,0.393444637,0.33154552,0.357139169,0.148590072,0.138605299,0.344656051
2019/9/7 9:00,0.216742582,0.523093998,0.522976501,0.557428696,0.590763787,0.534601529,0.458208072,0.461951751,0.232378976,0.27746492,0.461714646
2019/9/7 10:00,0.28559727,0.633199538,0.596748326,0.610538485,0.700090193,0.638139591,0.524475235,0.535708753,0.305901256,0.256864866,0.538042271
2019/9/7 11:00,0.361038058,0.692144928,0.614278265,0.671379446,0.755254893,0.674377913,0.596614171,0.535708753,0.376774084,0.258136474,0.584570228
2019/9/7 12:00,0.322120191,0.692515654,0.596017912,0.667457837,0.738203986,0.693705018,0.61716538,0.516299016,0.390242129,0.204474606,0.582615998
2019/9/7 13:00,0.313139145,0.619297323,0.535393541,0.605384371,0.670000356,0.630374236,0.573756194,0.493007331,0.372358331,0.2220228,0.532847885
2019/9/7 14:00,0.257456658,0.482128805,0.415605628,0.492105896,0.536602082,0.534083838,0.515248161,0.423132276,0.332616559,0.205237571,0.438973485
2019/9/7 15:00,0.143098003,0.343106658,0.28267026,0.333784942,0.385149905,0.402072809,0.388375903,0.345493326,0.265607514,0.17115847,0.316662309
2019/9/7 16:00,0.055682487,0.151626821,0.119787914,0.120001233,0.206616876,0.247801096,0.227950652,0.209625164,0.16272048,0.132755901,0.158012959
2019/9/7 17:00,0.005987364,0.008712055,0.011686626,0.012885286,0.063188656,0.088697607,0.061024508,0.081520897,0.056521632,0.061800161,0.036537165
2019/9/7 18:00,0.000598736,0,0,0,0.003008984,0.002588452,0.000629119,0.003881947,0.005188509,0.006866685,0.001533724
2019/9/7 19:00,0.000598736,0,0,0,0.001002995,0,0,0,0,0,3.75E-05
2019/9/7 20:00,0,0,0,0,0,0,0,0,0,0,0
2019/9/7 21:00,0,0,0,0,0,0,0,0,0,0,0
2019/9/7 22:00,0,0,0,0,0,0,0,0,0,0,0
2019/9/7 23:00,0,0,0,0,0,0,0,0,0,0,0
2019/9/8 0:00,0,0,0,0,0,0,0,0,0,0,0
2019/9/8 1:00,0,0,0,0,0,0,0,0,0,0,0
2019/9/8 2:00,0,0,0,0,0,0,0,0,0,0,0
2019/9/8 3:00,0,0,0,0,0,0,0,0,0,0,0
2019/9/8 4:00,0,0,0,0,0.001002995,0,0,0,0,0,1.88E-05
2019/9/8 5:00,0.005388628,0.006116974,0.001460828,0.000336138,0.005014973,0.003451269,0,0,0,0,0.001689536
2019/9/8 6:00,0.058676169,0.098798406,0.075232653,0.061177099,0.090269509,0.093184256,0.039424768,0.073757002,0.024949002,0.002543216,0.064615383
2019/9/8 7:00,0.117951074,0.278971108,0.239575827,0.221738973,0.265793555,0.255911577,0.187477353,0.190215427,0.137109116,0.039674177,0.213080584
2019/9/8 8:00,0.214347636,0.455065827,0.384197821,0.39944388,0.4413176,0.412254052,0.338675531,0.337729431,0.273114293,0.08011132,0.365268396
2019/9/8 9:00,0.322718927,0.606321923,0.466734615,0.576812649,0.563682935,0.527008737,0.449400411,0.442542013,0.430315083,0.063834734,0.491281534
2019/9/8 10:00,0.399955925,0.692701017,0.490107867,0.632163357,0.690060247,0.644179311,0.516086986,0.516299016,0.529779909,0.085197753,0.559452453
2019/9/8 11:00,0.420312963,0.722544437,0.463812959,0.65042685,0.731183024,0.700607555,0.56180294,0.520180963,0.586522328,0.111392883,0.580445882
2019/9/8 12:00,0.439472528,0.712905569,0.43386598,0.648185931,0.718144095,0.69232451,0.560125291,0.562882386,0.554839304,0.070192775,0.567076017
2019/9/8 13:00,0.396962243,0.616887606,0.39296279,0.574123545,0.665988378,0.636413957,0.546704093,0.543472648,0.528124001,0.042726037,0.519153254
2019/9/8 14:00,0.316731563,0.511045412,0.330147177,0.462301668,0.556661973,0.545127898,0.489664004,0.442542013,0.478557179,0.02924699,0.440546631
2019/9/8 15:00,0.184410816,0.352004076,0.237384585,0.309583012,0.418248725,0.409838163,0.388795316,0.302791904,0.366286671,0.028484025,0.318669103
2019/9/8 16:00,0.072447106,0.164046133,0.099336319,0.143754978,0.217649816,0.246420588,0.221240053,0.178569584,0.215488723,0.015513621,0.164581501
2019/9/8 17:00,0.005388628,0.008155966,0.009495383,0.027339216,0.061182667,0.081967633,0.053475084,0.065993107,0.078600395,0.012716082,0.03951638
2019/9/8 18:00,0.000598736,0,0,0,0.003008984,0.002070761,0.000629119,0,0.004857328,0.003814825,0.001210834
2019/9/8 19:00,0.000598736,0,0,0,0.001002995,0,0,0,0,0,3.75E-05
2019/9/8 20:00,0,0,0,0,0,0,0,0,0,0,0
2019/9/8 21:00,0,0,0,0,0,0,0,0,0,0,0
2019/9/8 22:00,0,0,0,0,0,0,0,0,0,0,0
2019/9/8 23:00,0,0,0,0,0,0,0,0,0,0,0
2019/9/9 0:00,0,0,0,0,0,0,0,0,0,0,0
2019/9/9 1:00,0,0,0,0,0,0,0,0,0,0,0
2019/9/9 2:00,0,0,0,0,0,0,0,0,0,0,0
2019/9/9 3:00,0,0,0,0,0,0,0,0,0,0,0
2019/9/9 4:00,0,0,0,0,0.001002995,0,0,0,0,0,1.88E-05
2019/9/9 5:00,0.007783573,0.004263346,0.000730414,0,0.002005989,0.003106142,0,0.003881947,0,0,0.00142672
2019/9/9 6:00,0.093402881,0.040409104,0.020451595,0.049412272,0.050149727,0.089387861,0.041312124,0.097048687,0.027488059,0.008646936,0.044348455
2019/9/9 7:00,0.231112256,0.098056954,0.073041411,0.206948905,0.193577947,0.258327466,0.190203534,0.256208534,0.152453856,0.08163725,0.158292671
2019/9/9 8:00,0.353853221,0.161636416,0.148274064,0.391600662,0.383143916,0.43227141,0.350628785,0.415368381,0.311752128,0.214393151,0.291450671
2019/9/9 9:00,0.485575232,0.183323871,0.24541914,0.517652377,0.558667962,0.56480013,0.481275755,0.551236543,0.442127221,0.343079905,0.402952568
2019/9/9 10:00,0.66459742,0.207050317,0.365937468,0.588913613,0.646931482,0.665232051,0.57123972,0.63275744,0.523597855,0.435907307,0.492995475
2019/9/9 11:00,0.672979729,0.207977132,0.452126333,0.638549977,0.670000356,0.711479052,0.612971256,0.652167178,0.549430007,0.461848116,0.538541623
2019/9/9 12:00,0.60951367,0.241157084,0.522246087,0.619950347,0.683039286,0.702678317,0.622617742,0.624993545,0.530221484,0.519324809,0.550811413
2019/9/9 13:00,0.508925952,0.250239864,0.509098633,0.565832144,0.620853624,0.640900606,0.586967686,0.578410175,0.510571385,0.515509984,0.519432966
2019/9/9 14:00,0.406542025,0.230591401,0.429483496,0.469248518,0.490464333,0.533911275,0.506650207,0.485243436,0.438153044,0.419122079,0.438787636
2019/9/9 15:00,0.256259185,0.183694597,0.284131088,0.339163148,0.358069053,0.397931286,0.389634141,0.349375274,0.315726305,0.360628099,0.314606707
2019/9/9 16:00,0.089211726,0.100652034,0.111753359,0.172662838,0.175524045,0.236239346,0.226902121,0.213507112,0.204338948,0.24974386,0.166854866
2019/9/9 17:00,0.006586101,0.005746249,0.006573727,0.030924687,0.053158711,0.080069435,0.057669208,0.085402845,0.077827638,0.112410169,0.040721583
2019/9/9 18:00,0,0,0,0,0.002005989,0.001725634,0.001048531,0.003881947,0.006292447,0.009155579,0.001644482
2019/9/9 19:00,0,0,0,0,0.001002995,0,0,0,0,0,1.88E-05
2019/9/9 20:00,0,0,0,0,0,0,0,0,0,0,0
2019/9/9 21:00,0,0,0,0,0,0,0,0,0,0,0
2019/9/9 22:00,0,0,0,0,0,0,0,0,0,0,0
2019/9/9 23:00,0,0,0,0,0,0,0,0,0,0,0
2019/9/10 0:00,0,0,0,0,0,0,0,0,0,0,0
2019/9/10 1:00,0,0,0,0,0,0,0,0,0,0,0
2019/9/10 2:00,0,0,0,0,0,0,0,0,0,0,0
2019/9/10 3:00,0,0,0,0,0,0,0,0,0,0,0
2019/9/10 4:00,0,0,0,0,0.001002995,0,0,0,0,0,1.88E-05
2019/9/10 5:00,0.007184837,0.00908278,0.001460828,0.000112046,0.004011978,0.001898198,0,0,0,0,0.001820945
2019/9/10 6:00,0.107173818,0.118632232,0.080345552,0.071597374,0.070209618,0.06574667,0.036069468,0.081520897,0.027156878,0.008138293,0.068336118
2019/9/10 7:00,0.302361889,0.25709829,0.256375352,0.241122925,0.215643827,0.233650894,0.183702641,0.232916849,0.150577161,0.081891571,0.225181419
2019/9/10 8:00,0.495155014,0.431524744,0.437518051,0.412665304,0.360075042,0.412771742,0.348322017,0.407604486,0.312745672,0.209815361,0.398082948
2019/9/10 9:00,0.627475762,0.539776655,0.585792115,0.548913202,0.497485295,0.547888913,0.452126592,0.516299016,0.461556532,0.375633077,0.532479942
2019/9/10 10:00,0.652622691,0.65080901,0.668328909,0.623423772,0.597784749,0.640900606,0.528459653,0.593937965,0.548546857,0.468969122,0.616275318
2019/9/10 11:00,0.668788575,0.661930781,0.688780504,0.656925516,0.647934476,0.67472304,0.582773561,0.628875493,0.54633898,0.575275571,0.640356845
2019/9/10 12:00,0.666992365,0.625970386,0.661755182,0.614796232,0.583742825,0.657466696,0.58948416,0.63275744,0.576586885,0.62435965,0.625870008
2019/9/10 13:00,0.616698507,0.572956608,0.585061701,0.579725844,0.583742825,0.605352538,0.559915584,0.60170186,0.514655956,0.606557134,0.572856109
2019/9/10 14:00,0.504734797,0.44357333,0.443361364,0.483814494,0.494476311,0.50854445,0.469322501,0.516299016,0.451289907,0.524919885,0.467934017
2019/9/10 15:00,0.335891128,0.291019694,0.288513573,0.284708807,0.298892375,0.335290759,0.340143475,0.372666959,0.329635926,0.423191225,0.311576805
2019/9/10 16:00,0.136511902,0.122895578,0.120518328,0.113502567,0.184550996,0.193098486,0.194187952,0.221271007,0.21482636,0.283568639,0.157887182
2019/9/10 17:00,0.010178519,0.005746249,0.010225798,0.016694849,0.058173684,0.068335121,0.04592566,0.085402845,0.078490001,0.115716351,0.037291824
2019/9/10 18:00,0,0,0,0,0.002005989,0.001035381,0.000629119,0.003881947,0.004415753,0.015513621,0.001259643
2019/9/10 19:00,0,0,0,0,0.001002995,0,0,0,0,0,1.88E-05
2019/9/10 20:00,0,0,0,0,0,0,0,0,0,0,0
2019/9/10 21:00,0,0,0,0,0,0,0,0,0,0,0
2019/9/10 22:00,0,0,0,0,0,0,0,0,0,0,0
2019/9/10 23:00,0,0,0,0,0,0,0,0,0,0,0
2019/9/11 0:00,0,0,0,0,0,0,0,0,0,0,0
2019/9/11 1:00,0,0,0,0,0,0,0,0,0,0,0
2019/9/11 2:00,0,0,0,0,0,0,0,0,0,0,0
2019/9/11 3:00,0,0,0,0,0,0,0,0,0,0,0
2019/9/11 4:00,0,0,0,0,0.001002995,0,0,0,0,0,1.88E-05
2019/9/11 5:00,0.006586101,0.002965806,0.000730414,0,0.003008984,0.002588452,0,0.003881947,0,0,0.001220221
2019/9/11 6:00,0.059274905,0.035218944,0.056241886,0.046499077,0.043128765,0.084728648,0.034601525,0.089284792,0.020643643,0.006358041,0.048668036
2019/9/11 7:00,0.117951074,0.111588443,0.186255598,0.183867435,0.117350362,0.240553432,0.162522314,0.240680744,0.119887681,0.083926144,0.169235235
2019/9/11 8:00,0.144295476,0.15996815,0.316999723,0.344205217,0.189565969,0.400692301,0.31770491,0.392076696,0.259646248,0.24211421,0.300347019
2019/9/11 9:00,0.158066413,0.231703578,0.414875213,0.47059307,0.203607893,0.517000058,0.4389151,0.531826806,0.395541032,0.386314586,0.409072445
2019/9/11 10:00,0.180818397,0.248571598,0.490838281,0.506111642,0.19859292,0.607595863,0.519861698,0.621111598,0.493681132,0.497707468,0.47580538
2019/9/11 11:00,0.174831033,0.192035925,0.485725382,0.553058903,0.243727675,0.611047131,0.559286466,0.64828523,0.575372553,0.573240998,0.496956499
2019/9/11 12:00,0.139505584,0.164972947,0.498872836,0.542414536,0.370104987,0.579468022,0.534960545,0.64828523,0.588178236,0.613423819,0.493930352
2019/9/11 13:00,0.098192772,0.130124729,0.474038756,0.329863333,0.235703718,0.496119882,0.463660433,0.624993545,0.556715999,0.600453415,0.422573718
2019/9/11 14:00,0.065262269,0.085266917,0.349137944,0.166164172,0.091272504,0.336671266,0.331755226,0.512417068,0.458575899,0.534838429,0.302995837
2019/9/11 15:00,0.036522921,0.066359905,0.165073588,0.082577879,0.0551647,0.172563437,0.193558833,0.341611379,0.344207909,0.423445547,0.179438158
2019/9/11 16:00,0.01496841,0.048379707,0.045285675,0.024313975,0.028083847,0.073339461,0.098981332,0.143632057,0.202793434,0.273141452,0.081893709
2019/9/11 17:00,0.002394946,0.00259508,0.002921656,0.00112046,0.010029945,0.017428907,0.02768122,0.034937527,0.069216921,0.110884239,0.020116747
2019/9/11 18:00,0,0,0,0,0.001002995,0,0.000419412,0,0.003422208,0.013733369,0.000739642
2019/9/11 19:00,0,0,0,0,0.001002995,0,0,0,0,0,1.88E-05
2019/9/11 20:00,0,0,0,0,0,0,0,0,0,0,0
2019/9/11 21:00,0,0,0,0,0,0,0,0,0,0,0
2019/9/11 22:00,0,0,0,0,0,0,0,0,0,0,0
2019/9/11 23:00,0,0,0,0,0,0,0,0,0,0,0
2019/9/12 0:00,0,0,0,0,0,0,0,0,0,0,0
2019/9/12 1:00,0,0,0,0,0,0,0,0,0,0,0
2019/9/12 2:00,0,0,0,0,0,0,0,0,0,0,0
2019/9/12 3:00,0,0,0,0,0,0,0,0,0,0,0
2019/9/12 4:00,0,0,0,0,0.001002995,0,0,0,0,0,1.88E-05
2019/9/12 5:00,0.007184837,0.008897417,0.001460828,0.000112046,0.004011978,0.002243325,0,0,0,0,0.001839717
2019/9/12 6:00,0.071249633,0.083227925,0.070119754,0.07226965,0.054161705,0.083693267,0.033343288,0.050465317,0.023293095,0.005340755,0.060337101
2019/9/12 7:00,0.242488248,0.239674181,0.241036656,0.257705729,0.200598909,0.228819118,0.152456416,0.12422232,0.122868314,0.086469361,0.206836808
2019/9/12 8:00,0.462823248,0.467114413,0.420718526,0.377594916,0.349042102,0.378949308,0.309106956,0.225152954,0.265165939,0.240333959,0.366394754
2019/9/12 9:00,0.543652664,0.541074195,0.535393541,0.531546077,0.478428398,0.488181964,0.408717406,0.364903064,0.384612044,0.387840516,0.483066632
2019/9/12 10:00,0.612507352,0.596683054,0.617930336,0.621631036,0.499491284,0.591720026,0.463241021,0.473597593,0.472375126,0.472529625,0.564507921
2019/9/12 11:00,0.596940205,0.590751442,0.62231282,0.637765656,0.543623044,0.660917965,0.49595519,0.527944858,0.521058797,0.555692804,0.590051835
2019/9/12 12:00,0.585564213,0.609843817,0.571183833,0.593283406,0.506512245,0.641073169,0.497003721,0.512417068,0.547111737,0.574512607,0.57209394
2019/9/12 13:00,0.481982813,0.549044798,0.503255321,0.514739182,0.557664967,0.54875173,0.470371032,0.543472648,0.505934845,0.581124969,0.515149052
2019/9/12 14:00,0.388579933,0.495289568,0.396614861,0.375129904,0.444326584,0.500088841,0.396764152,0.469715646,0.403820568,0.509914908,0.420516238
2019/9/12 15:00,0.243685721,0.313077875,0.224237131,0.25210343,0.316946276,0.383781084,0.283732504,0.341611379,0.262958063,0.401573885,0.27650015
2019/9/12 16:00,0.114358655,0.141431864,0.074502239,0.08033696,0.127380307,0.196722318,0.175943511,0.197979322,0.150245979,0.255338936,0.127060651
2019/9/12 17:00,0.008981046,0.006302337,0.004382485,0.007058896,0.034101815,0.054184919,0.037747118,0.065993107,0.048131702,0.091810116,0.025194743
2019/9/12 18:00,0,0,0,0,0.001002995,0.00051769,0.000419412,0,0.002649452,0.011953118,0.00065141
2019/9/12 19:00,0,0,0,0,0.001002995,0,0,0,0,0,1.88E-05
2019/9/12 20:00,0,0,0,0,0,0,0,0,0,0,0
2019/9/12 21:00,0,0,0,0,0,0,0,0,0,0,0
2019/9/12 22:00,0,0,0,0,0,0,0,0,0,0,0
2019/9/12 23:00,0,0,0,0,0,0,0,0,0,0,0
2019/9/13 0:00,0,0,0,0,0,0,0,0,0,0,0
2019/9/13 1:00,0,0,0,0,0,0,0,0,0,0,0
2019/9/13 2:00,0,0,0,0,0,0,0,0,0,0,0
2019/9/13 3:00,0,0,0,0,0,0,0,0,0,0,0
2019/9/13 4:00,0,0,0,0,0.001002995,0,0,0,0,0,1.88E-05
2019/9/13 5:00,0.010178519,0.00908278,0.000730414,0,0.002005989,0.00051769,0,0,0,0,0.001520583
2019/9/13 6:00,0.126333383,0.113812797,0.02848615,0.00750708,0.039116787,0.024331445,0.026842395,0.034937527,0.01446159,0.004069146,0.034027264
2019/9/13 7:00,0.325113873,0.26488353,0.070850168,0.034174021,0.133398275,0.056773371,0.151407885,0.065993107,0.105867667,0.068158202,0.104878914
2019/9/13 8:00,0.493358805,0.421329786,0.112483773,0.067899857,0.182545007,0.069370502,0.310155487,0.116458425,0.2408793,0.216173402,0.185342149
2019/9/13 9:00,0.629271971,0.495845657,0.127092055,0.091093373,0.31995526,0.094047073,0.419202716,0.236798797,0.363195645,0.357576239,0.247472037
2019/9/13 10:00,0.704114023,0.573327333,0.16361276,0.132774473,0.470404442,0.138223313,0.55131763,0.438660066,0.437159499,0.42242826,0.316301875
2019/9/13 11:00,0.711897596,0.564800642,0.174568972,0.144091116,0.56267994,0.184642878,0.621778917,0.531826806,0.50637642,0.465154297,0.350070077
2019/9/13 12:00,0.654418901,0.535698672,0.15119572,0.166724402,0.46338348,0.204487673,0.647782487,0.524062911,0.561131751,0.566628635,0.355418398
2019/9/13 13:00,0.619093452,0.494362754,0.140969923,0.151598196,0.31995526,0.229509372,0.59556564,0.566764333,0.501077517,0.521868025,0.331847488
2019/9/13 14:00,0.500543642,0.412803094,0.139509095,0.138600864,0.298892375,0.19327105,0.516506399,0.454187856,0.407684351,0.439976454,0.283973533
2019/9/13 15:00,0.320922718,0.264698167,0.115405429,0.12313852,0.306916331,0.141329455,0.398441802,0.287264114,0.292764392,0.34231694,0.210152054
2019/9/13 16:00,0.128728329,0.103061751,0.031407807,0.055462755,0.200598909,0.101294738,0.220191522,0.120340372,0.160181423,0.216173402,0.100977962
2019/9/13 17:00,0.008981046,0.004077983,0.001460828,0.008403448,0.051152722,0.038309083,0.050539197,0.023291685,0.053651393,0.074770565,0.022928887
2019/9/13 18:00,0,0,0,0,0.001002995,0.000345127,0.000419412,0,0.002649452,0.010172866,0.000619497
2019/9/13 19:00,0,0,0,0,0.001002995,0,0,0,0,0,1.88E-05
2019/9/13 20:00,0,0,0,0,0,0,0,0,0,0,0
2019/9/13 21:00,0,0,0,0,0,0,0,0,0,0,0
2019/9/13 22:00,0,0,0,0,0,0,0,0,0,0,0
2019/9/13 23:00,0,0,0,0,0,0,0,0,0,0,0
2019/9/14 0:00,0,0,0,0,0,0,0,0,0,0,0
2019/9/14 1:00,0,0,0,0,0,0,0,0,0,0,0
2019/9/14 2:00,0,0,0,0,0,0,0,0,0,0,0
2019/9/14 3:00,0,0,0,0,0,0,0,0,0,0,0
2019/9/14 4:00,0,0,0,0,0.001002995,0,0,0,0,0,1.88E-05
2019/9/14 5:00,0.011375992,0.008712055,0.000730414,0.000112046,0.004011978,0.001553071,0,0,0,0,0.001689536
2019/9/14 6:00,0.10178519,0.128271101,0.051128988,0.05837595,0.079236569,0.075237659,0.031246225,0.07763895,0.021637187,0.004832111,0.059038036
2019/9/14 7:00,0.168244932,0.294541588,0.166534417,0.196976814,0.234700724,0.250562111,0.168394088,0.217389059,0.129381549,0.082145893,0.190754298
2019/9/14 8:00,0.299368207,0.411134829,0.276826947,0.348687056,0.349042102,0.425023746,0.330706695,0.380430854,0.258873491,0.224057373,0.327039818
2019/9/14 9:00,0.407140762,0.462480342,0.310425996,0.445942957,0.549641011,0.567733709,0.474145744,0.520180963,0.377326053,0.328074928,0.420337898
2019/9/14 10:00,0.493358805,0.488431142,0.366667882,0.533002675,0.676018324,0.65919233,0.583192974,0.593937965,0.472927095,0.432092483,0.497378883
2019/9/14 11:00,0.513715843,0.49992364,0.398806103,0.545663869,0.7171411,0.703196007,0.616745968,0.61722965,0.499311216,0.490077819,0.524163668
2019/9/14 12:00,0.493358805,0.507338154,0.365207054,0.535131548,0.704102171,0.69232451,0.612132431,0.61722965,0.498980035,0.557218734,0.51247583
2019/9/14 13:00,0.373012786,0.468411953,0.311886824,0.535691778,0.591766782,0.636413957,0.560334997,0.566764333,0.466303466,0.55035205,0.470280596
2019/9/14 14:00,0.274221278,0.36460875,0.246879969,0.431825165,0.432290649,0.507681632,0.486098998,0.469715646,0.395651426,0.50101365,0.381854012
2019/9/14 15:00,0.147887894,0.202601609,0.184064355,0.290647244,0.233697729,0.35392761,0.390263259,0.310555799,0.296848963,0.410220821,0.267496798
2019/9/14 16:00,0.045503967,0.085081554,0.070119754,0.120673509,0.096287476,0.200518714,0.223337115,0.166923742,0.193189173,0.260679691,0.134740533
2019/9/14 17:00,0.003592418,0.004263346,0.004382485,0.009523907,0.030089836,0.058326442,0.050958609,0.054347265,0.061599748,0.077313781,0.028410494
2019/9/14 18:00,0,0,0,0,0.001002995,0.000345127,0.000209706,0,0.002097482,0.005849398,0.000474947
2019/9/14 19:00,0,0,0,0,0.001002995,0,0,0,0,0,1.88E-05
2019/9/14 20:00,0,0,0,0,0,0,0,0,0,0,0
2019/9/14 21:00,0,0,0,0,0,0,0,0,0,0,0
2019/9/14 22:00,0,0,0,0,0,0,0,0,0,0,0
2019/9/14 23:00,0,0,0,0,0,0,0,0,0,0,0
2019/9/15 0:00,0,0,0,0,0,0,0,0,0,0,0
2019/9/15 1:00,0,0,0,0,0,0,0,0,0,0,0
2019/9/15 2:00,0,0,0,0,0,0,0,0,0,0,0
2019/9/15 3:00,0,0,0,0,0,0,0,0,0,0,0
2019/9/15 4:00,0,0,0,0,0.001002995,0,0,0,0,0,1.88E-05
2019/9/15 5:00,0.004789891,0.005560886,0.002191242,0.000112046,0.004011978,0.001380507,0,0,0,0,0.001520583
2019/9/15 6:00,0.050293859,0.104730017,0.075963067,0.076975581,0.07723058,0.07178639,0.037327706,0.081520897,0.022741125,0.003814825,0.065037767
2019/9/15 7:00,0.1101675,0.305292634,0.263679493,0.277201727,0.246736658,0.252460309,0.200479138,0.229034902,0.146823771,0.024160557,0.234836181
2019/9/15 8:00,0.212551427,0.464890059,0.448474262,0.44975252,0.420254715,0.427784761,0.384181779,0.388194749,0.310096221,0.032553171,0.404903044
2019/9/15 9:00,0.286794742,0.59316116,0.571914247,0.580286074,0.561676945,0.572910612,0.525314059,0.535708753,0.456588811,0.026449452,0.536885878
2019/9/15 10:00,0.357445639,0.664711224,0.651529385,0.661743493,0.637904531,0.671444334,0.597872409,0.628875493,0.563560415,0.051881617,0.621982197
2019/9/15 11:00,0.308349253,0.642467681,0.677093878,0.670595125,0.641916509,0.717518772,0.612551843,0.683222758,0.620082048,0.084943431,0.645128847
2019/9/15 12:00,0.317929036,0.644135947,0.652990213,0.660174849,0.672006346,0.70837291,0.569142658,0.698750548,0.623835437,0.104017555,0.634869606
2019/9/15 13:00,0.246679403,0.609102366,0.574835903,0.611995083,0.619850629,0.644524438,0.510634625,0.656049125,0.594801864,0.128941076,0.580950866
2019/9/15 14:00,0.18860197,0.487875054,0.444091778,0.497596148,0.521557164,0.523384905,0.422138603,0.562882386,0.513000049,0.09562494,0.472480748
2019/9/15 15:00,0.143098003,0.311965697,0.28632233,0.350479791,0.347036113,0.367387558,0.305961362,0.407604486,0.363858008,0.036113674,0.324094392
2019/9/15 16:00,0.054485014,0.129012552,0.109562116,0.167732816,0.18755998,0.209492013,0.162312608,0.236798797,0.201579103,0.025686487,0.15778581
2019/9/15 17:00,0.004789891,0.00389262,0.005843313,0.018039401,0.047140744,0.060397203,0.034811231,0.073757002,0.062924473,0.012970404,0.030000536
2019/9/15 18:00,0,0,0,0,0.001002995,0.000172563,0.000209706,0,0.001766301,0.003560503,0.000382962
2019/9/15 19:00,0,0,0,0,0.001002995,0,0,0,0,0,1.88E-05
2019/9/15 20:00,0,0,0,0,0,0,0,0,0,0,0
2019/9/15 21:00,0,0,0,0,0,0,0,0,0,0,0
2019/9/15 22:00,0,0,0,0,0,0,0,0,0,0,0
2019/9/15 23:00,0,0,0,0,0,0,0,0,0,0,0
2019/9/16 0:00,0,0,0,0,0,0,0,0,0,0,0
2019/9/16 1:00,0,0,0,0,0,0,0,0,0,0,0
2019/9/16 2:00,0,0,0,0,0,0,0,0,0,0,0
2019/9/16 3:00,0,0,0,0,0,0,0,0,0,0,0
2019/9/16 4:00,0,0,0,0,0.001002995,0,0,0,0,0,1.88E-05
2019/9/16 5:00,0.005987364,0.002409717,0.000730414,0,0.002005989,0.001035381,0,0,0,0,0.000769678
2019/9/16 6:00,0.061071114,0.051345513,0.025564494,0.048739997,0.056167695,0.060052076,0.035650056,0.081520897,0.021085218,0.00457779,0.040188441
2019/9/16 7:00,0.129327065,0.127344286,0.062085199,0.20123456,0.217649816,0.225885539,0.196704426,0.236798797,0.138875417,0.068921167,0.148455814
2019/9/16 8:00,0.151480313,0.211869752,0.102988389,0.372664893,0.34202114,0.405006387,0.367614988,0.384312801,0.303472592,0.214138829,0.270254497
2019/9/16 9:00,0.206564063,0.235781561,0.136587438,0.51227417,0.335000178,0.482832497,0.465547789,0.493007331,0.426782481,0.374107147,0.350937372
2019/9/16 10:00,0.202372908,0.237820552,0.181142699,0.580061982,0.261781576,0.517517748,0.489244591,0.613347703,0.53154621,0.480159275,0.402762964
2019/9/16 11:00,0.208360272,0.228552409,0.199403052,0.604488003,0.284850451,0.54875173,0.533492602,0.640521335,0.604626914,0.502793901,0.432496929
2019/9/16 12:00,0.216143845,0.174797179,0.224237131,0.596980923,0.250748636,0.532875894,0.519651992,0.63275744,0.6244978,0.520850738,0.4319544
2019/9/16 13:00,0.168843669,0.175353268,0.200133466,0.518100561,0.25375762,0.506128561,0.500149314,0.539590701,0.595685015,0.521613703,0.397118035
2019/9/16 14:00,0.131123275,0.161821779,0.149004478,0.426783096,0.18755998,0.41570532,0.451497473,0.423132276,0.525364156,0.463119724,0.332671606
2019/9/16 15:00,0.07843447,0.10621292,0.130013711,0.280002877,0.130389291,0.316826471,0.370341169,0.287264114,0.390242129,0.359102169,0.246507124
2019/9/16 16:00,0.028739348,0.055238133,0.048937745,0.144651346,0.074221596,0.17670496,0.201737375,0.13975011,0.233372521,0.200151138,0.129900949
2019/9/16 17:00,0.002993682,0.002780443,0.002921656,0.01557439,0.018053902,0.050388524,0.042570361,0.038819475,0.071424797,0.047303827,0.027738434
2019/9/16 18:00,0,0,0,0,0.001002995,0,0.000209706,0,0.001876695,0.00305186,0.000379207
2019/9/16 19:00,0,0,0,0,0.001002995,0,0,0,0,0,1.88E-05
2019/9/16 20:00,0,0,0,0,0,0,0,0,0,0,0
2019/9/16 21:00,0,0,0,0,0,0,0,0,0,0,0
2019/9/16 22:00,0,0,0,0,0,0,0,0,0,0,0
2019/9/16 23:00,0,0,0,0,0,0,0,0,0,0,0
2019/9/17 0:00,0,0,0,0,0,0,0,0,0,0,0
2019/9/17 1:00,0,0,0,0,0,0,0,0,0,0,0
2019/9/17 2:00,0,0,0,0,0,0,0,0,0,0,0
2019/9/17 3:00,0,0,0,0,0,0,0,0,0,0,0
2019/9/17 4:00,0,0,0,0,0.001002995,0,0,0,0,0,1.88E-05
2019/9/17 5:00,0.007184837,0.0064877,0.000730414,0,0.002005989,0.001207944,0,0,0,0,0.001238993
2019/9/17 6:00,0.095797826,0.121598038,0.06938934,0.038879951,0.037110798,0.071613826,0.035650056,0.081520897,0.023403488,0.005086433,0.05930273
2019/9/17 7:00,0.243086984,0.347926093,0.25418411,0.174119436,0.149446187,0.233823457,0.197543251,0.229034902,0.142187231,0.048321113,0.218888834
2019/9/17 8:00,0.394567297,0.549600887,0.447013434,0.307678231,0.26479056,0.392926947,0.37306735,0.376548906,0.288790215,0.195319027,0.384328244
2019/9/17 9:00,0.550837501,0.67675981,0.550732238,0.410648476,0.362081031,0.495602192,0.507698738,0.524062911,0.426892875,0.360628099,0.502896159
2019/9/17 10:00,0.67118352,0.740153909,0.628886547,0.507120056,0.370104987,0.582229037,0.582773561,0.590056018,0.53154621,0.342825584,0.586490668
2019/9/17 11:00,0.699922868,0.761841364,0.653720627,0.47697969,0.429281665,0.602764086,0.584870623,0.61722965,0.610036211,0.39775906,0.609517173
2019/9/17 12:00,0.666393629,0.743490441,0.612087023,0.439668382,0.475419415,0.556689649,0.570610601,0.66381302,0.629686309,0.481430883,0.590442306
2019/9/17 13:00,0.602927569,0.663599047,0.520785259,0.429248107,0.440314605,0.478863538,0.506230794,0.61722965,0.596568165,0.463119724,0.532243407
2019/9/17 14:00,0.467613139,0.513640492,0.40172776,0.359219377,0.372110976,0.395687962,0.439544219,0.504653173,0.493791525,0.411746751,0.430886237
2019/9/17 15:00,0.296374525,0.317711946,0.265870735,0.270142831,0.256766604,0.296291422,0.325254334,0.361021116,0.360325406,0.191504202,0.301362618
2019/9/17 16:00,0.110766237,0.124193118,0.098605905,0.108348452,0.136407258,0.161864504,0.180766754,0.197979322,0.217255024,0.092318759,0.143090597
2019/9/17 17:00,0.004789891,0.004263346,0.005112899,0.009075723,0.034101815,0.04365855,0.040892711,0.054347265,0.064469987,0.049084078,0.026418718
2019/9/17 18:00,0,0,0,0,0.001002995,0,0,0,0.00143512,0.005849398,0.000305994
2019/9/17 19:00,0,0,0,0,0.001002995,0,0,0,0,0,1.88E-05
2019/9/17 20:00,0,0,0,0,0,0,0,0,0,0,0
2019/9/17 21:00,0,0,0,0,0,0,0,0,0,0,0
2019/9/17 22:00,0,0,0,0,0,0,0,0,0,0,0
2019/9/17 23:00,0,0,0,0,0,0,0,0,0,0,0
2019/9/18 0:00,0,0,0,0,0,0,0,0,0,0,0
2019/9/18 1:00,0,0,0,0,0,0,0,0,0,0,0
2019/9/18 2:00,0,0,0,0,0,0,0,0,0,0,0
2019/9/18 3:00,0,0,0,0,0,0,0,0,0,0,0
2019/9/18 4:00,0,0,0,0,0.001002995,0,0,0,0,0,1.88E-05
2019/9/18 5:00,0.004789891,0.004819434,0.001460828,0,0.001002995,0.000690254,0,0,0,0,0.001107585
2019/9/18 6:00,0.062867323,0.072291516,0.056241886,0.003921609,0.024071869,0.040207281,0.033552994,0.06211116,0.017773404,0.008392614,0.038320564
2019/9/18 7:00,0.109568764,0.180914154,0.186986012,0.026891033,0.070209618,0.108542402,0.164199963,0.170805689,0.122868314,0.041708751,0.131603627
2019/9/18 8:00,0.176028506,0.266922522,0.305313097,0.052549559,0.167500089,0.168767042,0.318334029,0.260090482,0.294199512,0.12029414,0.233311844
2019/9/18 9:00,0.230513519,0.306404811,0.365207054,0.068460087,0.341018145,0.233133204,0.508956975,0.384312801,0.455043297,0.153864598,0.31799892
2019/9/18 10:00,0.277813696,0.276746753,0.358633327,0.098264315,0.467395458,0.386887226,0.615907143,0.60170186,0.539715352,0.146997913,0.373308712
2019/9/18 11:00,0.28380106,0.252649581,0.22935003,0.196416584,0.528578125,0.494221684,0.590532691,0.659931073,0.614231175,0.030264276,0.379449239
2019/9/18 12:00,0.23709962,0.21502092,0.151926135,0.173895344,0.458368507,0.434342172,0.61276155,0.58617407,0.630790247,0.085452074,0.344320021
2019/9/18 13:00,0.210156481,0.173870365,0.132935368,0.176136263,0.449341556,0.405869204,0.568932951,0.57064628,0.586411935,0.149286808,0.319786074
2019/9/18 14:00,0.203570381,0.138836784,0.059163543,0.130757646,0.366093009,0.336498703,0.472887507,0.504653173,0.503616575,0.153610276,0.25452679
2019/9/18 15:00,0.171238614,0.092681431,0.032138221,0.138376772,0.221661795,0.273858175,0.338675531,0.333847484,0.369488092,0.120039819,0.19032065
2019/9/18 16:00,0.074842052,0.037443298,0.010225798,0.094566798,0.07723058,0.167386534,0.188525884,0.155277899,0.20323501,0.051881617,0.103594867
2019/9/18 17:00,0.005388628,0.001112177,0.000730414,0.010532321,0.01103294,0.045556747,0.038376237,0.034937527,0.062924473,0.009155579,0.023289321
2019/9/18 18:00,0,0,0,0,0.001002995,0,0,0,0.001214332,0.002797538,0.000245921
2019/9/18 19:00,0,0,0,0,0.001002995,0,0,0,0,0,1.88E-05
2019/9/18 20:00,0,0,0,0,0,0,0,0,0,0,0
2019/9/18 21:00,0,0,0,0,0,0,0,0,0,0,0
2019/9/18 22:00,0,0,0,0,0,0,0,0,0,0,0
2019/9/18 23:00,0,0,0,0,0,0,0,0,0,0,0
2019/9/19 0:00,0,0,0,0,0,0,0,0,0,0,0
2019/9/19 1:00,0,0,0,0,0,0,0,0,0,0,0
2019/9/19 2:00,0,0,0,0,0,0,0,0,0,0,0
2019/9/19 3:00,0,0,0,0,0,0,0,0,0,0,0
2019/9/19 4:00,0,0,0,0,0.001002995,0,0,0,0,0,1.88E-05
2019/9/19 5:00,0.00838231,0.005560886,0.000730414,0,0.002005989,0.000690254,0,0,0,0,0.001126358
2019/9/19 6:00,0.120346019,0.08415474,0.050398573,0.05086887,0.029086842,0.048317762,0.034391819,0.065993107,0.023293095,0.005849398,0.049846957
2019/9/19 7:00,0.316731563,0.247088696,0.187716426,0.203923664,0.152455171,0.179638538,0.204463556,0.182451532,0.148700466,0.064343377,0.192650333
2019/9/19 8:00,0.49754996,0.450617118,0.327955935,0.343196803,0.34202114,0.368940629,0.389214728,0.310555799,0.318154969,0.166580681,0.354755725
2019/9/19 9:00,0.511320898,0.586302734,0.46235213,0.512386216,0.486452355,0.502677293,0.533912014,0.423132276,0.458465505,0.252541398,0.491961103
2019/9/19 10:00,0.55263371,0.703452063,0.612087023,0.584095636,0.57371288,0.621746064,0.619891561,0.578410175,0.566099473,0.309509448,0.60413506
2019/9/19 11:00,0.481982813,0.756095116,0.663946424,0.63485246,0.605808706,0.674205349,0.647572781,0.675458863,0.64359593,0.264748837,0.655410615
2019/9/19 12:00,0.399357188,0.7097544,0.633999446,0.677093791,0.620853624,0.68680248,0.671269583,0.714278337,0.67516856,0.274921703,0.658601961
2019/9/19 13:00,0.327508819,0.655072356,0.568262176,0.620734668,0.616841646,0.640210352,0.639394238,0.6948686,0.643043961,0.283568639,0.610138547
2019/9/19 14:00,0.280208642,0.527728069,0.452856747,0.507232102,0.502500267,0.533393585,0.559496172,0.590056018,0.552962609,0.403608458,0.506667579
2019/9/19 15:00,0.172436087,0.350150447,0.283400674,0.36302894,0.324970233,0.38153776,0.416686242,0.411486434,0.436717924,0.256356223,0.355474716
2019/9/19 16:00,0.067058478,0.128827189,0.095684248,0.155183667,0.161482122,0.206213308,0.225224471,0.229034902,0.255009708,0.202440033,0.167294146
2019/9/19 17:00,0.002394946,0.003151169,0.003652071,0.015126206,0.030089836,0.04969827,0.042989773,0.069875055,0.078269213,0.037639604,0.030651946
2019/9/19 18:00,0,0,0,0,0.001002995,0,0,0,0.001766301,0.00610372,0.000364189
2019/9/19 19:00,0,0,0,0,0.001002995,0,0,0,0,0,1.88E-05
2019/9/19 20:00,0,0,0,0,0,0,0,0,0,0,0
2019/9/19 21:00,0,0,0,0,0,0,0,0,0,0,0
2019/9/19 22:00,0,0,0,0,0,0,0,0,0,0,0
2019/9/19 23:00,0,0,0,0,0,0,0,0,0,0,0
2019/9/20 0:00,0,0,0,0,0,0,0,0,0,0,0
2019/9/20 1:00,0,0,0,0,0,0,0,0,0,0,0
2019/9/20 2:00,0,0,0,0,0,0,0,0,0,0,0
2019/9/20 3:00,0,0,0,0,0,0,0,0,0,0,0
2019/9/20 4:00,0,0,0,0,0,0,0,0,0,0,0
2019/9/20 5:00,0.00838231,0.003151169,0.000730414,0,0.002005989,0.000690254,0,0,0,0,0.000882313
2019/9/20 6:00,0.105377609,0.070808613,0.048937745,0.069692593,0.050149727,0.068680248,0.035230644,0.07763895,0.011149775,0.005595076,0.05198516
2019/9/20 7:00,0.277813696,0.188884757,0.193559739,0.265660993,0.149446187,0.200173587,0.195026777,0.209625164,0.073853461,0.038402569,0.187108654
2019/9/20 8:00,0.435281373,0.324014283,0.384197821,0.43944429,0.354057075,0.364799106,0.36698587,0.314437746,0.121985163,0.086215039,0.334582659
2019/9/20 9:00,0.50593227,0.474158202,0.545619339,0.579949936,0.433293644,0.524592849,0.487357235,0.388194749,0.137109116,0.184383196,0.45353729
2019/9/20 10:00,0.573589485,0.524020812,0.63472986,0.646617287,0.487455349,0.592582844,0.547123505,0.368785011,0.136005178,0.32222553,0.508432206
2019/9/20 11:00,0.57778064,0.548117984,0.636190688,0.661631447,0.422260704,0.607940989,0.510215212,0.217389059,0.146051015,0.310272413,0.505340355
2019/9/20 12:00,0.52090068,0.528654883,0.596748326,0.637317472,0.374116965,0.488699654,0.356919972,0.13975011,0.143511957,0.401573885,0.45626683
2019/9/20 13:00,0.52269689,0.485465337,0.535393541,0.501629803,0.428278671,0.264539749,0.192929714,0.097048687,0.146271802,0.36698614,0.37354337
2019/9/20 14:00,0.376006468,0.387223019,0.436057223,0.29075929,0.406212791,0.111130854,0.115757829,0.050465317,0.122647526,0.209815361,0.26669333
2019/9/20 15:00,0.214946373,0.214464832,0.278287775,0.108796636,0.280838473,0.05573799,0.067944812,0.042701422,0.102335065,0.135553439,0.156081255
2019/9/20 16:00,0.079631943,0.084710828,0.098605905,0.025546481,0.12136234,0.035893195,0.030826813,0.023291685,0.054976119,0.115970672,0.060965984
2019/9/20 17:00,0.003592418,0.00259508,0.003652071,0.000112046,0.021062885,0.011734314,0.007339717,0.011645842,0.015013559,0.018819802,0.006915836
2019/9/20 18:00,0,0,0,0,0.001002995,0,0,0,0.000110394,0.003560503,6.38E-05
2019/9/20 19:00,0,0,0,0,0.001002995,0,0,0,0,0,1.88E-05
2019/9/20 20:00,0,0,0,0,0,0,0,0,0,0,0
2019/9/20 21:00,0,0,0,0,0,0,0,0,0,0,0
2019/9/20 22:00,0,0,0,0,0,0,0,0,0,0,0
2019/9/20 23:00,0,0,0,0,0,0,0,0,0,0,0
2019/9/21 0:00,0,0,0,0,0,0,0,0,0,0,0
2019/9/21 1:00,0,0,0,0,0,0,0,0,0,0,0
2019/9/21 2:00,0,0,0,0,0,0,0,0,0,0,0
2019/9/21 3:00,0,0,0,0,0,0,0,0,0,0,0
2019/9/21 4:00,0,0,0,0,0.001002995,0,0,0,0,0,1.88E-05
2019/9/21 5:00,0.007184837,0.004819434,0.000730414,0,0.001002995,0.000345127,0,0,0,0,0.000957404
2019/9/21 6:00,0.086218044,0.064506276,0.038711948,0.003585471,0.020059891,0.033304743,0.010904723,0.038819475,0.0107082,0.002797538,0.028479953
2019/9/21 7:00,0.242488248,0.168494842,0.133665782,0.031484917,0.059176678,0.078516364,0.053475084,0.073757002,0.071866372,0.007883971,0.094578374
2019/9/21 8:00,0.394567297,0.286570985,0.20451595,0.098488407,0.107320416,0.096808088,0.093319264,0.120340372,0.155103307,0.019582767,0.163691678
2019/9/21 9:00,0.529881726,0.413915272,0.231541272,0.157760724,0.211631849,0.106816768,0.112821942,0.174687637,0.212397696,0.033316136,0.214967233
2019/9/21 10:00,0.646635327,0.475085016,0.318460551,0.178937413,0.212634844,0.145643541,0.144697286,0.283382166,0.261854124,0.028992668,0.271440927
2019/9/21 11:00,0.666992365,0.481387354,0.29873937,0.196640676,0.197589925,0.170665239,0.173007624,0.329965536,0.332285377,0.040691464,0.289905684
2019/9/21 12:00,0.671782257,0.428744301,0.244688726,0.165715988,0.156467149,0.23296064,0.230886539,0.302791904,0.304907711,0.04323468,0.270889012
2019/9/21 13:00,0.599335151,0.361457582,0.173838558,0.128180589,0.118353356,0.284211981,0.207609149,0.213507112,0.230833463,0.055950763,0.223262857
2019/9/21 14:00,0.443064946,0.234113295,0.116866257,0.092325878,0.092275498,0.198965643,0.149520529,0.163041794,0.177071676,0.068666845,0.158365884
2019/9/21 15:00,0.254462976,0.129012552,0.08180638,0.055238663,0.059176678,0.148404556,0.107788993,0.128104267,0.119225318,0.039165534,0.104984041
2019/9/21 16:00,0.082625625,0.045413901,0.025564494,0.012325057,0.027080853,0.089560424,0.04592566,0.069875055,0.059391871,0.029755633,0.043884771
2019/9/21 17:00,0.002394946,0.000926814,0.000730414,0.000112046,0.005014973,0.02208812,0.006500893,0.011645842,0.009825049,0.020600054,0.005840164
2019/9/21 18:00,0,0,0,0,0.001002995,0,0,0,0,0.003306181,4.32E-05
2019/9/21 19:00,0,0,0,0,0.001002995,0,0,0,0,0,1.88E-05
2019/9/21 20:00,0,0,0,0,0,0,0,0,0,0,0
2019/9/21 21:00,0,0,0,0,0,0,0,0,0,0,0
2019/9/21 22:00,0,0,0,0,0,0,0,0,0,0,0
2019/9/21 23:00,0,0,0,0,0,0,0,0,0,0,0
2019/9/22 0:00,0,0,0,0,0,0,0,0,0,0,0
2019/9/22 1:00,0,0,0,0,0,0,0,0,0,0,0
2019/9/22 2:00,0,0,0,0,0,0,0,0,0,0,0
2019/9/22 3:00,0,0,0,0,0,0,0,0,0,0,0
2019/9/22 4:00,0,0,0,0,0.001002995,0,0,0,0,0,1.88E-05
2019/9/22 5:00,0.005388628,0.001853629,0.000730414,0,0.002005989,0.000172563,0,0,0,0,0.000600724
2019/9/22 6:00,0.064663533,0.036516484,0.068658926,0.022073056,0.025074864,0.030371165,0.010904723,0.019409737,0.004746934,0.002797538,0.033586108
2019/9/22 7:00,0.168244932,0.126046746,0.252723281,0.108348452,0.103308438,0.100777047,0.044248011,0.038819475,0.03068948,0.052644581,0.125489382
2019/9/22 8:00,0.310145463,0.263029902,0.402458174,0.22319557,0.177530035,0.13856844,0.088496021,0.058229212,0.071424797,0.096387905,0.219187319
2019/9/22 9:00,0.396363506,0.304180457,0.498142422,0.325157402,0.214640833,0.168767042,0.110934586,0.09316674,0.099464825,0.200151138,0.280945509
2019/9/22 10:00,0.42570159,0.289166065,0.585061701,0.393617489,0.256766604,0.231235006,0.137147862,0.170805689,0.119998075,0.322734173,0.332236081
2019/9/22 11:00,0.473001767,0.29917566,0.580679216,0.39776319,0.184550996,0.272995358,0.191671477,0.205743217,0.117569411,0.387586194,0.34412854
2019/9/22 12:00,0.431090218,0.287868525,0.520054845,0.24459635,0.180539018,0.235721655,0.175943511,0.205743217,0.106309242,0.373598503,0.292869881
2019/9/22 13:00,0.352655748,0.178504436,0.408301486,0.164707574,0.169506078,0.192063106,0.131695501,0.178569584,0.103439003,0.37156393,0.226493626
2019/9/22 14:00,0.247876875,0.119744409,0.243227898,0.130421508,0.137410253,0.181364173,0.103385162,0.143632057,0.092951591,0.300862512,0.160793185
2019/9/22 15:00,0.143098003,0.073403693,0.121979156,0.067899857,0.086257531,0.113891869,0.054104203,0.081520897,0.050781154,0.257882153,0.087976041
2019/9/22 16:00,0.053886277,0.023355721,0.026294908,0.020504412,0.036107804,0.081449942,0.019502678,0.058229212,0.029475148,0.159205353,0.034534125
2019/9/22 17:00,0.001197473,0,0.000730414,0.000112046,0.006017967,0.02208812,0.004823243,0.019409737,0.00695481,0.037893926,0.005592366
2019/9/22 18:00,0,0,0,0,0.001002995,0,0,0,0,0.00305186,4.13E-05
2019/9/22 19:00,0,0,0,0,0.001002995,0,0,0,0,0,1.88E-05
2019/9/22 20:00,0,0,0,0,0,0,0,0,0,0,0
2019/9/22 21:00,0,0,0,0,0,0,0,0,0,0,0
2019/9/22 22:00,0,0,0,0,0,0,0,0,0,0,0
2019/9/22 23:00,0,0,0,0,0,0,0,0,0,0,0
2019/9/23 0:00,0,0,0,0,0,0,0,0,0,0,0
2019/9/23 1:00,0,0,0,0,0,0,0,0,0,0,0
2019/9/23 2:00,0,0,0,0,0,0,0,0,0,0,0
2019/9/23 3:00,0,0,0,0,0,0,0,0,0,0,0
2019/9/23 4:00,0,0,0,0,0.001002995,0,0,0,0,0,1.88E-05
2019/9/23 5:00,0.004191155,0.001482903,0,0,0.002005989,0.000172563,0,0,0,0,0.000337907
2019/9/23 6:00,0.034726712,0.018536286,0.02848615,0.012661194,0.029086842,0.023296064,0.015727966,0.042701422,0.013357651,0.005595076,0.021273141
2019/9/23 7:00,0.050293859,0.05764785,0.104449217,0.088628361,0.096287476,0.124245675,0.102336631,0.151395952,0.097588131,0.080874285,0.098101996
2019/9/23 8:00,0.070650897,0.0893449,0.211089677,0.206500721,0.196586931,0.27057947,0.236548606,0.302791904,0.227742436,0.216427724,0.20937299
2019/9/23 9:00,0.1101675,0.110846992,0.303121855,0.355857998,0.332994189,0.366524741,0.323366978,0.477479541,0.363747614,0.288400751,0.314336381
2019/9/23 10:00,0.13351822,0.157929159,0.371050367,0.440788842,0.377125949,0.413634559,0.42507449,0.547354596,0.464205984,0.361645386,0.387583418
2019/9/23 11:00,0.104180136,0.150143919,0.399536517,0.435074498,0.283847456,0.366179614,0.48211458,0.613347703,0.471491975,0.428277658,0.39535904
2019/9/23 12:00,0.077236997,0.116963966,0.373241609,0.471041254,0.300898364,0.328043094,0.49259989,0.605583808,0.424464211,0.439722132,0.37924274
2019/9/23 13:00,0.065861006,0.097686228,0.363015812,0.39720296,0.416242736,0.315618527,0.424235666,0.535708753,0.380858655,0.363934281,0.345268039
2019/9/23 14:00,0.042510285,0.09064244,0.321382208,0.259274372,0.282844462,0.288526067,0.317495204,0.407604486,0.302589441,0.315358846,0.275150399
2019/9/23 15:00,0.022751984,0.079891394,0.214011334,0.183643343,0.181542013,0.240898558,0.222917703,0.275618272,0.181377035,0.273904417,0.190330037
2019/9/23 16:00,0.010178519,0.030770235,0.070850168,0.074958753,0.073218602,0.125626182,0.111773411,0.131986215,0.088425444,0.148523843,0.081762301
2019/9/23 17:00,0,0.000185363,0.001460828,0.006162528,0.012035935,0.025711952,0.01824444,0.03105558,0.027046484,0.034842066,0.01244062
2019/9/23 18:00,0,0,0,0,0.001002995,0,0,0,0.000220788,0.00305186,7.88E-05
2019/9/23 19:00,0,0,0,0,0.001002995,0,0,0,0,0,1.88E-05
2019/9/23 20:00,0,0,0,0,0,0,0,0,0,0,0
2019/9/23 21:00,0,0,0,0,0,0,0,0,0,0,0
2019/9/23 22:00,0,0,0,0,0,0,0,0,0,0,0
2019/9/23 23:00,0,0,0,0,0,0,0,0,0,0,0
2019/9/24 0:00,0,0,0,0,0,0,0,0,0,0,0
2019/9/24 1:00,0,0,0,0,0,0,0,0,0,0,0
2019/9/24 2:00,0,0,0,0,0,0,0,0,0,0,0
2019/9/24 3:00,0,0,0,0,0,0,0,0,0,0,0
2019/9/24 4:00,0,0,0,0,0.001002995,0,0,0,0,0,1.88E-05
2019/9/24 5:00,0.004789891,0.004448709,0,0,0.002005989,0.000345127,0,0,0,0,0.000675815
2019/9/24 6:00,0.077835734,0.092310705,0.063546027,0.066219168,0.023068875,0.047627509,0.017405616,0.027173632,0.01302647,0.004069146,0.049946452
2019/9/24 7:00,0.262246549,0.260064096,0.233002101,0.21624872,0.075224591,0.115272376,0.113870473,0.058229212,0.124855402,0.073244635,0.179406245
2019/9/24 8:00,0.456237148,0.387593745,0.411953557,0.340395654,0.137410253,0.156342474,0.25793864,0.100930635,0.284043281,0.167597967,0.313557317
2019/9/24 9:00,0.598137678,0.513825854,0.523706916,0.325045356,0.229685751,0.156687601,0.346854074,0.194097374,0.426561693,0.35452438,0.39678576
2019/9/24 10:00,0.68794814,0.675276908,0.511289876,0.272047613,0.350045096,0.178258031,0.421509485,0.263972429,0.529779909,0.460322186,0.436876583
2019/9/24 11:00,0.717286224,0.666564853,0.436787637,0.220058283,0.331991195,0.240725995,0.488615472,0.232916849,0.59524344,0.546028582,0.431783569
2019/9/24 12:00,0.66459742,0.564615279,0.388580306,0.176472401,0.236706713,0.300950635,0.412072705,0.244562692,0.619971654,0.582905221,0.403070836
2019/9/24 13:00,0.557423602,0.41057874,0.251262453,0.179049458,0.205613882,0.236066782,0.342030831,0.194097374,0.622289924,0.577564466,0.333253557
2019/9/24 14:00,0.416720544,0.279897922,0.113944601,0.185436079,0.149446187,0.168249351,0.285200447,0.159159847,0.537397082,0.507371691,0.251224685
2019/9/24 15:00,0.236500884,0.183694597,0.048207331,0.137480404,0.07723058,0.112856488,0.227111827,0.135868162,0.394657881,0.396487452,0.17210557
2019/9/24 16:00,0.065262269,0.057833213,0.017529939,0.063081881,0.045134755,0.063158218,0.124146077,0.07763895,0.217586205,0.22660059,0.084234656
2019/9/24 17:00,0,0.00129754,0.000730414,0.002352965,0.009026951,0.015358146,0.020970621,0.01552779,0.05906069,0.054679155,0.015628212
2019/9/24 18:00,0,0,0,0,0.001002995,0,0,0,0.000441575,0.002797538,0.000114513
2019/9/24 19:00,0,0,0,0,0.001002995,0,0,0,0,0,1.88E-05
2019/9/24 20:00,0,0,0,0,0,0,0,0,0,0,0
2019/9/24 21:00,0,0,0,0,0,0,0,0,0,0,0
2019/9/24 22:00,0,0,0,0,0,0,0,0,0,0,0
2019/9/24 23:00,0,0,0,0,0,0,0,0,0,0,0
2019/9/25 0:00,0,0,0,0,0,0,0,0,0,0,0
2019/9/25 1:00,0,0,0,0,0,0,0,0,0,0,0
2019/9/25 2:00,0,0,0,0,0,0,0,0,0,0,0
2019/9/25 3:00,0,0,0,0,0,0,0,0,0,0,0
2019/9/25 4:00,0,0,0,0,0.001002995,0,0,0,0,0,1.88E-05
2019/9/25 5:00,0.006586101,0.005560886,0,0,0.002005989,0.000345127,0,0,0,0,0.000844768
2019/9/25 6:00,0.105976345,0.11140308,0.059163543,0.069468501,0.061182667,0.062640528,0.031455932,0.054347265,0.023182701,0.004323468,0.058827782
2019/9/25 7:00,0.311941672,0.310668157,0.235923757,0.277089681,0.227679762,0.222951961,0.209915918,0.197979322,0.140531324,0.038148247,0.229363961
2019/9/25 8:00,0.466415667,0.527542706,0.426561839,0.451209117,0.400194824,0.397068469,0.403265044,0.380430854,0.284264068,0.111901526,0.407628829
2019/9/25 9:00,0.546646346,0.662116144,0.56899259,0.578605384,0.557664967,0.539088178,0.54523615,0.555118491,0.43660753,0.123600322,0.547270895
2019/9/25 10:00,0.563410966,0.711237303,0.645686072,0.664432596,0.658967416,0.632962688,0.632473933,0.636639388,0.5691905,0.122328713,0.633258914
2019/9/25 11:00,0.605921251,0.693998557,0.655911869,0.684264733,0.687051264,0.647285453,0.657638679,0.687104705,0.650109165,0.177770833,0.659743337
2019/9/25 12:00,0.540658982,0.708086134,0.651529385,0.644264322,0.682036291,0.632444998,0.656380442,0.702632495,0.6566224,0.313324272,0.652333781
2019/9/25 13:00,0.467613139,0.616331517,0.583600872,0.577260832,0.616841646,0.565490384,0.596614171,0.675458863,0.598003285,0.32375146,0.587006915
2019/9/25 14:00,0.38738246,0.512713677,0.449204677,0.45445845,0.425269687,0.484040442,0.491131947,0.562882386,0.507701146,0.364697246,0.476494336
2019/9/25 15:00,0.249673085,0.308814529,0.27025322,0.300059105,0.2758235,0.34840558,0.342450243,0.384312801,0.365403521,0.286620499,0.31539328
2019/9/25 16:00,0.088014253,0.084340102,0.088380107,0.128516726,0.13239528,0.165315773,0.162522314,0.197979322,0.196721775,0.21744501,0.135191076
2019/9/25 17:00,0.000598736,0.001112177,0.001460828,0.003137287,0.021062885,0.028818094,0.023277389,0.04658337,0.048794065,0.072735992,0.017732624
2019/9/25 18:00,0,0,0,0,0.001002995,0,0,0,0.000220788,0.00305186,7.88E-05
2019/9/25 19:00,0,0,0,0,0.001002995,0,0,0,0,0,1.88E-05
2019/9/25 20:00,0,0,0,0,0,0,0,0,0,0,0
2019/9/25 21:00,0,0,0,0,0,0,0,0,0,0,0
2019/9/25 22:00,0,0,0,0,0,0,0,0,0,0,0
2019/9/25 23:00,0,0,0,0,0,0,0,0,0,0,0
2019/9/26 0:00,0,0,0,0,0,0,0,0,0,0,0
2019/9/26 1:00,0,0,0,0,0,0,0,0,0,0,0
2019/9/26 2:00,0,0,0,0,0,0,0,0,0,0,0
2019/9/26 3:00,0,0,0,0,0,0,0,0,0,0,0
2019/9/26 4:00,0,0,0,0,0.001002995,0,0,0,0,0,1.88E-05
2019/9/26 5:00,0.005388628,0.005375523,0,0,0.002005989,0.000172563,0,0,0,0,0.000769678
2019/9/26 6:00,0.106575082,0.110476266,0.046746503,0.057927766,0.064191651,0.061432584,0.030407401,0.073757002,0.011149775,0.00457779,0.052353103
2019/9/26 7:00,0.329305028,0.330131258,0.200133466,0.230254466,0.224670778,0.222434271,0.207609149,0.232916849,0.066457075,0.041200107,0.203630443
2019/9/26 8:00,0.503537324,0.539776655,0.367398296,0.422077165,0.378128944,0.399484357,0.404103869,0.407604486,0.12187477,0.158188066,0.363911135
2019/9/26 9:00,0.632265653,0.645804212,0.530280643,0.519445112,0.517545185,0.543574827,0.536847901,0.562882386,0.1748638,0.203711641,0.483885119
2019/9/26 10:00,0.693935504,0.723471252,0.637651516,0.57983789,0.649940466,0.622781445,0.611713019,0.644403283,0.237788273,0.485245708,0.565915868
2019/9/26 11:00,0.703515287,0.748680601,0.582140044,0.584655866,0.696078215,0.646077509,0.621778917,0.64828523,0.313076854,0.533058178,0.572951849
2019/9/26 12:00,0.668189838,0.715871374,0.554384308,0.562246673,0.686048269,0.62502477,0.580047381,0.63275744,0.365734702,0.584685473,0.560004368
2019/9/26 13:00,0.589755368,0.655257718,0.521515673,0.480677207,0.616841646,0.562729369,0.518393754,0.493007331,0.300602353,0.52873471,0.497453974
2019/9/26 14:00,0.451447256,0.519942829,0.415605628,0.379387651,0.469401447,0.460744377,0.412701824,0.353257221,0.240768906,0.443282635,0.394343441
2019/9/26 15:00,0.271826332,0.326053275,0.261488251,0.225660582,0.317949271,0.327180277,0.253744516,0.197979322,0.189214995,0.344605835,0.255110619
2019/9/26 16:00,0.087415516,0.093052157,0.081075966,0.077983994,0.156467149,0.157722982,0.119951953,0.09316674,0.098802463,0.217190689,0.099802796
2019/9/26 17:00,0.000598736,0.001482903,0.000730414,0.002352965,0.025074864,0.026402206,0.013630904,0.011645842,0.025721758,0.071973027,0.01078112
2019/9/26 18:00,0,0,0,0,0.001002995,0,0,0,0.000110394,0.002034573,5.26E-05
2019/9/26 19:00,0,0,0,0,0.001002995,0,0,0,0,0,1.88E-05
2019/9/26 20:00,0,0,0,0,0,0,0,0,0,0,0
2019/9/26 21:00,0,0,0,0,0,0,0,0,0,0,0
2019/9/26 22:00,0,0,0,0,0,0,0,0,0,0,0
2019/9/26 23:00,0,0,0,0,0,0,0,0,0,0,0
2019/9/27 0:00,0,0,0,0,0,0,0,0,0,0,0
2019/9/27 1:00,0,0,0,0,0,0,0,0,0,0,0
2019/9/27 2:00,0,0,0,0,0,0,0,0,0,0,0
2019/9/27 3:00,0,0,0,0,0,0,0,0,0,0,0
2019/9/27 4:00,0,0,0,0,0.001002995,0,0,0,0,0,1.88E-05
2019/9/27 5:00,0.004191155,0.003707257,0,0,0.002005989,0.000172563,0,0,0,0,0.000563179
2019/9/27 6:00,0.104778872,0.118632232,0.063546027,0.037759492,0.060179673,0.035030378,0.019502678,0.038819475,0.012253713,0.004323468,0.048634246
2019/9/27 7:00,0.284998533,0.340511578,0.25783618,0.157088449,0.2206588,0.118205955,0.123726665,0.085402845,0.095932223,0.07095574,0.18503991
2019/9/27 8:00,0.455638411,0.549044798,0.447743848,0.307902323,0.394176856,0.203624856,0.18873559,0.120340372,0.231164644,0.200151138,0.329585386
2019/9/27 9:00,0.589156631,0.702895974,0.591635428,0.386446547,0.543623044,0.289388884,0.257519228,0.178569584,0.398632059,0.315104524,0.449921682
2019/9/27 10:00,0.675374675,0.76999733,0.670520151,0.47753992,0.641916509,0.320450303,0.355871441,0.197979322,0.511675323,0.461085151,0.530219718
2019/9/27 11:00,0.671782257,0.799284662,0.690971746,0.492778172,0.687051264,0.290596828,0.317285498,0.225152954,0.541040077,0.540942149,0.541922573
2019/9/27 12:00,0.631666917,0.769070516,0.664676838,0.396866822,0.660973406,0.277654571,0.296314877,0.314437746,0.525253762,0.49948772,0.512331281
2019/9/27 13:00,0.542455191,0.679540253,0.580679216,0.340619746,0.592769776,0.207938942,0.339514356,0.388194749,0.417950976,0.436670272,0.449317203
2019/9/27 14:00,0.399955925,0.523835449,0.427292253,0.262971889,0.453353535,0.211562774,0.340772593,0.411486434,0.320914814,0.447351782,0.359249892
2019/9/27 15:00,0.236500884,0.3069609,0.238845413,0.142410427,0.258772593,0.177912904,0.272827781,0.263972429,0.20179989,0.366731819,0.222159026
2019/9/27 16:00,0.076638261,0.083227925,0.063546027,0.043473836,0.083248547,0.091458622,0.105901637,0.12422232,0.092510015,0.224057373,0.078828139
2019/9/27 17:00,0,0.001112177,0.000730414,0.000672276,0.009026951,0.015013019,0.008597955,0.027173632,0.021857975,0.05544212,0.008425155
2019/9/27 18:00,0,0,0,0,0.001002995,0,0,0,0,0.00305186,4.13E-05
2019/9/27 19:00,0,0,0,0,0.001002995,0,0,0,0,0,1.88E-05
2019/9/27 20:00,0,0,0,0,0,0,0,0,0,0,0
2019/9/27 21:00,0,0,0,0,0,0,0,0,0,0,0
2019/9/27 22:00,0,0,0,0,0,0,0,0,0,0,0
2019/9/27 23:00,0,0,0,0,0,0,0,0,0,0,0
2019/9/28 0:00,0,0,0,0,0,0,0,0,0,0,0
2019/9/28 1:00,0,0,0,0,0,0,0,0,0,0,0
2019/9/28 2:00,0,0,0,0,0,0,0,0,0,0,0
2019/9/28 3:00,0,0,0,0,0,0,0,0,0,0,0
2019/9/28 4:00,0,0,0,0,0.001002995,0,0,0,0,0,1.88E-05
2019/9/28 5:00,0.004191155,0.00259508,0,0,0.001002995,0,0,0,0,0,0.000412998
2019/9/28 6:00,0.100587718,0.075071959,0.041633604,0.012661194,0.026077858,0.043313423,0.014679435,0.03105558,0.009383474,0.004069146,0.033220041
2019/9/28 7:00,0.280208642,0.215947735,0.167264831,0.112942337,0.063188656,0.122865167,0.08576984,0.081520897,0.108296331,0.054424833,0.137554549
2019/9/28 8:00,0.462823248,0.380179231,0.309695582,0.30409276,0.115344373,0.233650894,0.169442619,0.190215427,0.264393182,0.149286808,0.281565005
2019/9/28 9:00,0.622685871,0.473787476,0.4711171,0.301515703,0.157470144,0.282486347,0.237806844,0.260090482,0.38593677,0.309000804,0.374560846
2019/9/28 10:00,0.695731713,0.553308144,0.587252943,0.305549358,0.175524045,0.262296425,0.281845148,0.252326587,0.465199528,0.383517048,0.43116595
2019/9/28 11:00,0.703515287,0.553122781,0.49960325,0.302075932,0.174521051,0.198447953,0.352935554,0.349375274,0.488934198,0.422682582,0.416699763
2019/9/28 12:00,0.66280121,0.432266195,0.40172776,0.229582191,0.161482122,0.258154902,0.474984569,0.446423961,0.470056856,0.418104792,0.384508462
2019/9/28 13:00,0.571793275,0.276561391,0.310425996,0.207957318,0.135404264,0.340985352,0.485469879,0.407604486,0.41342483,0.396996095,0.336595085
2019/9/28 14:00,0.426300327,0.14180259,0.133665782,0.197312951,0.103308438,0.314928273,0.408717406,0.263972429,0.317382212,0.458796256,0.238044423
2019/9/28 15:00,0.226322365,0.071735428,0.045285675,0.106331625,0.072215607,0.217429931,0.261923058,0.097048687,0.204780523,0.37919358,0.134582842
2019/9/28 16:00,0.059873641,0.014829029,0.011686626,0.031372871,0.030089836,0.079724308,0.093948383,0.027173632,0.102003883,0.234993204,0.049679881
2019/9/28 17:00,0,0,0.000730414,0.000112046,0.004011978,0.01104406,0.010065898,0.003881947,0.027156878,0.07095574,0.007713673
2019/9/28 18:00,0,0,0,0,0.001002995,0,0,0,0.000110394,0.003814825,6.57E-05
2019/9/28 19:00,0,0,0,0,0.001002995,0,0,0,0,0,1.88E-05
2019/9/28 20:00,0,0,0,0,0,0,0,0,0,0,0
2019/9/28 21:00,0,0,0,0,0,0,0,0,0,0,0
2019/9/28 22:00,0,0,0,0,0,0,0,0,0,0,0
2019/9/28 23:00,0,0,0,0,0,0,0,0,0,0,0
2019/9/29 0:00,0,0,0,0,0,0,0,0,0,0,0
2019/9/29 1:00,0,0,0,0,0,0,0,0,0,0,0
2019/9/29 2:00,0,0,0,0,0,0,0,0,0,0,0
2019/9/29 3:00,0,0,0,0,0,0,0,0,0,0,0
2019/9/29 4:00,0,0,0,0,0.001002995,0,0,0,0,0,1.88E-05
2019/9/29 5:00,0.002993682,0.000926814,0,0,0.001002995,0,0,0,0,0,0.000206499
2019/9/29 6:00,0.067657215,0.031697049,0.037981534,0.02196101,0.021062885,0.048145199,0.022228858,0.054347265,0.016559072,0.003560503,0.031864658
2019/9/29 7:00,0.161060095,0.109734815,0.156308619,0.145211576,0.06619764,0.178430594,0.159586427,0.178569584,0.123420283,0.066886594,0.145718765
2019/9/29 8:00,0.201774172,0.197226086,0.303121855,0.33188016,0.106317422,0.312684948,0.331755226,0.318319694,0.26461397,0.22354873,0.287557228
2019/9/29 9:00,0.274221278,0.29658058,0.392232376,0.467567829,0.202604898,0.457810799,0.462821608,0.493007331,0.320473239,0.364951567,0.393840335
2019/9/29 10:00,0.298170734,0.344960287,0.463082545,0.556532328,0.409221775,0.607940989,0.475194275,0.593937965,0.297952901,0.409203534,0.455290653
2019/9/29 11:00,0.30056568,0.403720314,0.464543373,0.590594303,0.425269687,0.619847867,0.450239236,0.559000438,0.31064819,0.340536689,0.466723183
2019/9/29 12:00,0.255061712,0.436158815,0.453587161,0.550145708,0.416242736,0.567043455,0.417315361,0.496889278,0.29298518,0.408440569,0.444622169
2019/9/29 13:00,0.244883193,0.415398175,0.415605628,0.507792332,0.326976222,0.471788437,0.307429306,0.434778118,0.239664968,0.3947072,0.391300398
2019/9/29 14:00,0.23709962,0.291575782,0.330877591,0.392384984,0.213637838,0.359277076,0.231725364,0.236798797,0.167246627,0.411492429,0.294501223
2019/9/29 15:00,0.135913166,0.151070733,0.208168021,0.225100352,0.161482122,0.197240009,0.135889625,0.10869453,0.103218215,0.323242817,0.172616185
2019/9/29 16:00,0.042510285,0.038740838,0.045285675,0.050756824,0.073218602,0.088525043,0.038376237,0.034937527,0.054755331,0.214647472,0.052420685
2019/9/29 17:00,0,0.000185363,0.000730414,0.000112046,0.010029945,0.011734314,0.005032949,0.007763895,0.01159135,0.057476693,0.004910919
2019/9/29 18:00,0,0,0,0,0.001002995,0,0,0,0,0.002797538,3.94E-05
2019/9/29 19:00,0,0,0,0,0.001002995,0,0,0,0,0,1.88E-05
2019/9/29 20:00,0,0,0,0,0,0,0,0,0,0,0
2019/9/29 21:00,0,0,0,0,0,0,0,0,0,0,0
2019/9/29 22:00,0,0,0,0,0,0,0,0,0,0,0
2019/9/29 23:00,0,0,0,0,0,0,0,0,0,0,0
2019/9/30 0:00,0,0,0,0,0,0,0,0,0,0,0
2019/9/30 1:00,0,0,0,0,0,0,0,0,0,0,0
2019/9/30 2:00,0,0,0,0,0,0,0,0,0,0,0
2019/9/30 3:00,0,0,0,0,0,0,0,0,0,0,0
2019/9/30 4:00,0,0,0,0,0.001002995,0,0,0,0,0,1.88E-05
2019/9/30 5:00,0.003592418,0.002780443,0,0,0.001002995,0,0,0,0,0,0.000412998
2019/9/30 6:00,0.085619307,0.09972522,0.054781058,0.029804228,0.03309882,0.04469393,0.016357084,0.06211116,0.012032926,0.002034573,0.043867876
2019/9/30 7:00,0.263444022,0.309370617,0.227889202,0.128516726,0.114341378,0.157895545,0.130856676,0.174687637,0.106750817,0.028992668,0.177540246
2019/9/30 8:00,0.428096536,0.516050209,0.426561839,0.29075929,0.247739653,0.292495026,0.276812199,0.306673851,0.267594603,0.155390528,0.346751076
2019/9/30 9:00,0.576583167,0.661374693,0.553653894,0.439556336,0.398188835,0.42674938,0.424235666,0.481361488,0.407242776,0.280771101,0.48745755
2019/9/30 10:00,0.656813846,0.740895361,0.623043234,0.55619619,0.470404442,0.498363207,0.511892862,0.58617407,0.46641386,0.314850202,0.567774359
2019/9/30 11:00,0.665196156,0.770924145,0.646416486,0.573899453,0.444326584,0.472996382,0.510215212,0.593937965,0.410002621,0.347657695,0.567678618
2019/9/30 12:00,0.62448208,0.749422052,0.62231282,0.548577064,0.432290649,0.479381229,0.454223654,0.578410175,0.372247937,0.46566294,0.542943804
2019/9/30 13:00,0.516709525,0.646360301,0.541236854,0.455242772,0.472410431,0.462297448,0.341401712,0.469715646,0.289673365,0.498470433,0.462388583
2019/9/30 14:00,0.379598887,0.49343594,0.390771548,0.37692264,0.361078036,0.354790427,0.260245408,0.341611379,0.225203378,0.470495052,0.35239976
2019/9/30 15:00,0.210755218,0.286941711,0.227889202,0.212663249,0.234700724,0.223642215,0.187057941,0.143632057,0.198488076,0.371055287,0.218774321
2019/9/30 16:00,0.056879959,0.071179339,0.062085199,0.059160272,0.094281487,0.092148875,0.089963965,0.050465317,0.108517118,0.22049687,0.077224957
2019/9/30 17:00,0,0.000741451,0.000730414,0.000448184,0.012035935,0.014840456,0.006500893,0.007763895,0.020091674,0.046540862,0.006895186
2019/9/30 18:00,0,0,0,0,0.001002995,0,0,0,0,0.002797538,3.94E-05
2019/9/30 19:00,0,0,0,0,0.001002995,0,0,0,0,0,1.88E-05
2019/9/30 20:00,0,0,0,0,0,0,0,0,0,0,0
2019/9/30 21:00,0,0,0,0,0,0,0,0,0,0,0
2019/9/30 22:00,0,0,0,0,0,0,0,0,0,0,0
2019/9/30 23:00,0,0,0,0,0,0,0,0,0,0,0
2019/10/1 0:00,0,0,0,0,0,0,0,0,0,0,0
2019/10/1 1:00,0,0,0,0,0,0,0,0,0,0,0
2019/10/1 2:00,0,0,0,0,0,0,0,0,0,0,0
2019/10/1 3:00,0,0,0,0,0,0,0,0,0,0,0
2019/10/1 4:00,0,0,0,0,0.001002995,0,0,0,0,0,1.88E-05
2019/10/1 5:00,0.001197473,0.002409717,0,0,0.001002995,0,0,0,0,0,0.000300362
2019/10/1 6:00,0.077835734,0.086564457,0.05332023,0.028011492,0.048143738,0.06678205,0.019712384,0.038819475,0.005188509,0.00305186,0.042317256
2019/10/1 7:00,0.281406115,0.307146263,0.227158788,0.159329368,0.181542013,0.217947621,0.136518744,0.135868162,0.049346034,0.049847043,0.179665307
2019/10/1 8:00,0.444262419,0.525132989,0.428753082,0.303420484,0.358069053,0.397931286,0.28561986,0.256208534,0.113043264,0.16810661,0.33655754
2019/10/1 9:00,0.614303561,0.676389085,0.585061701,0.454234358,0.510524224,0.552548126,0.406200931,0.434778118,0.182149791,0.333670004,0.474725954
2019/10/1 10:00,0.709502651,0.762026727,0.665407253,0.566952603,0.61784464,0.641245733,0.457788659,0.527944858,0.24176245,0.466425905,0.557817357
2019/10/1 11:00,0.720279906,0.79650422,0.674172222,0.607961428,0.675015329,0.665922304,0.484840761,0.465833698,0.242755995,0.537127324,0.574633877
2019/10/1 12:00,0.680763303,0.766475436,0.651529385,0.57121035,0.667994367,0.626577841,0.512312274,0.368785011,0.225755348,0.597401555,0.549285198
2019/10/1 13:00,0.579576849,0.668789207,0.588713771,0.523478767,0.59577876,0.541331503,0.47435545,0.275618272,0.212728878,0.559761951,0.491056263
2019/10/1 14:00,0.429294009,0.51289904,0.456508818,0.416923051,0.469401447,0.400347174,0.352306435,0.275618272,0.165480326,0.492875357,0.381568668
2019/10/1 15:00,0.221532473,0.308814529,0.265870735,0.230926742,0.315943282,0.27161485,0.191881183,0.155277899,0.129933518,0.365968854,0.230188079
2019/10/1 16:00,0.036522921,0.053013779,0.06938934,0.059160272,0.136407258,0.12148466,0.031875344,0.03105558,0.073853461,0.221768478,0.068580162
2019/10/1 17:00,0,0.000185363,0,0.000112046,0.012035935,0.013114821,0.003774712,0.003881947,0.011370563,0.048066792,0.004503553
2019/10/1 18:00,0,0,0,0,0.001002995,0,0,0,0,0.002034573,3.38E-05
2019/10/1 19:00,0,0,0,0,0.001002995,0,0,0,0,0,1.88E-05
2019/10/1 20:00,0,0,0,0,0,0,0,0,0,0,0
2019/10/1 21:00,0,0,0,0,0,0,0,0,0,0,0
2019/10/1 22:00,0,0,0,0,0,0,0,0,0,0,0
2019/10/1 23:00,0,0.000556089,0,0,0,0,0,0,0,0,5.63E-05
2019/10/2 0:00,0,0,0,0,0,0,0,0,0,0,0
2019/10/2 1:00,0,0,0,0,0,0,0,0,0,0,0
2019/10/2 2:00,0,0,0,0,0,0,0,0,0,0,0
2019/10/2 3:00,0,0,0,0,0,0,0,0,0,0,0
2019/10/2 4:00,0,0,0,0,0.001002995,0,0,0,0,0,1.88E-05
2019/10/2 5:00,0.000598736,0.002224354,0,0,0.001002995,0,0,0,0,0,0.000262817
2019/10/2 6:00,0.07184837,0.090827803,0.050398573,0.024426021,0.045134755,0.023813754,0.008388248,0.01552779,0.006402841,0.002543216,0.034541634
2019/10/2 7:00,0.22213121,0.318453398,0.239575827,0.12840468,0.108323411,0.076963293,0.058088621,0.027173632,0.063476442,0.069684132,0.150526435
2019/10/2 8:00,0.368222895,0.524206175,0.443361364,0.293896577,0.174521051,0.143055089,0.115338416,0.054347265,0.139648173,0.240079637,0.285126173
2019/10/2 9:00,0.452644729,0.683988962,0.597478741,0.390480202,0.325973227,0.215704297,0.170700856,0.147514004,0.204890917,0.386060264,0.392118885
2019/10/2 10:00,0.537066563,0.76350963,0.677824292,0.414121901,0.450344551,0.258327466,0.231305951,0.236798797,0.318927726,0.498979077,0.464363464
2019/10/2 11:00,0.571194539,0.780933739,0.69170216,0.400788431,0.537605076,0.275411246,0.281425736,0.333847484,0.363416432,0.546537225,0.489118927
2019/10/2 12:00,0.552034974,0.738300281,0.669059323,0.367062595,0.504506256,0.252977999,0.342030831,0.306673851,0.362533282,0.598927485,0.474018226
2019/10/2 13:00,0.464020721,0.653218727,0.588713771,0.281459474,0.280838473,0.226575793,0.250808629,0.236798797,0.277971621,0.575275571,0.394491745
2019/10/2 14:00,0.350260802,0.504001623,0.449935091,0.173895344,0.210628855,0.188611837,0.191671477,0.13975011,0.212839271,0.50406551,0.295090683
2019/10/2 15:00,0.160461359,0.295468403,0.259297008,0.081121282,0.1103294,0.140811765,0.098771626,0.034937527,0.161174967,0.367749105,0.173226296
2019/10/2 16:00,0.017962092,0.047823618,0.064276442,0.016358711,0.036107804,0.065401543,0.026213276,0.01552779,0.096263405,0.187689377,0.053310507
2019/10/2 17:00,0,0,0,0,0.004011978,0.008283045,0.003984418,0.003881947,0.027708847,0.045269254,0.006566665
2019/10/2 18:00,0,0,0,0,0.001002995,0,0,0,0,0.00152593,3.00E-05
2019/10/2 19:00,0,0,0,0,0.001002995,0,0,0,0,0,1.88E-05
2019/10/2 20:00,0,0,0,0,0,0,0,0,0,0,0
2019/10/2 21:00,0,0,0,0,0,0,0,0,0,0,0
2019/10/2 22:00,0,0,0,0,0,0,0,0,0,0,0
2019/10/2 23:00,0,0,0,0,0,0,0,0,0,0,0
2019/10/3 0:00,0,0,0,0,0,0,0,0,0,0,0
2019/10/3 1:00,0,0,0,0,0,0,0,0,0,0,0
2019/10/3 2:00,0,0,0,0,0,0,0,0,0,0,0
2019/10/3 3:00,0,0,0,0,0,0,0,0,0,0,0
2019/10/3 4:00,0,0,0,0,0.001002995,0,0,0,0,0,1.88E-05
2019/10/3 5:00,0,0.001853629,0,0,0.001002995,0,0,0,0,0,0.000206499
2019/10/3 6:00,0.043707758,0.06154047,0.041633604,0.016806895,0.013038929,0.02812784,0.014469729,0.038819475,0.006623629,0.002797538,0.02874277
2019/10/3 7:00,0.137709375,0.159597424,0.181873113,0.083922431,0.048143738,0.128732324,0.097093976,0.085402845,0.086879931,0.079602676,0.124374288
2019/10/3 8:00,0.207162799,0.248756961,0.332338419,0.191262469,0.133398275,0.2048328,0.197752957,0.135868162,0.221008414,0.218716619,0.237398645
2019/10/3 9:00,0.297571998,0.2939855,0.429483496,0.304989128,0.184550996,0.257637212,0.262971589,0.13975011,0.36739061,0.37461579,0.327606751
2019/10/3 10:00,0.358643112,0.310668157,0.441170121,0.337146321,0.25375762,0.33287487,0.283732504,0.197979322,0.439036194,0.510169229,0.366941037
2019/10/3 11:00,0.381395096,0.289536791,0.42144894,0.370423974,0.329985205,0.268163582,0.296734289,0.267854377,0.439036194,0.557218734,0.365298432
2019/10/3 12:00,0.342477229,0.278229656,0.435326808,0.336137907,0.290868418,0.174289072,0.340143475,0.302791904,0.414639162,0.471258017,0.350603219
2019/10/3 13:00,0.316132827,0.20853322,0.379815336,0.218937823,0.271811522,0.112338798,0.307848718,0.380430854,0.371364787,0.356813274,0.294379201
2019/10/3 14:00,0.185009552,0.132163721,0.249801625,0.130197416,0.223667784,0.086109155,0.205302381,0.322201641,0.323343478,0.474055555,0.211199566
2019/10/3 15:00,0.079631943,0.054311319,0.091301764,0.041232917,0.170509073,0.101122174,0.110095761,0.209625164,0.2194629,0.36851207,0.112596341
2019/10/3 16:00,0.010777255,0.008712055,0.015338696,0.006834804,0.083248547,0.057463625,0.04319948,0.116458425,0.100237582,0.229398128,0.042354802
2019/10/3 17:00,0,0,0,0,0.013038929,0.011389187,0.003774712,0.019409737,0.022741125,0.053407546,0.007020963
2019/10/3 18:00,0,0,0,0,0.001002995,0,0,0,0,0.00152593,3.00E-05
2019/10/3 19:00,0,0,0,0,0.001002995,0,0,0,0,0,1.88E-05
2019/10/3 20:00,0,0,0,0,0,0,0,0,0,0,0
2019/10/3 21:00,0,0,0,0,0,0,0,0,0,0,0
2019/10/3 22:00,0,0,0,0,0,0,0,0,0,0,0
2019/10/3 23:00,0,0,0,0,0,0,0,0,0,0,0
2019/10/4 0:00,0,0,0,0,0,0,0,0,0,0,0
2019/10/4 1:00,0,0,0,0,0,0,0,0,0,0,0
2019/10/4 2:00,0,0,0,0,0,0,0,0,0,0,0
2019/10/4 3:00,0,0,0,0,0,0,0,0,0,0,0
2019/10/4 4:00,0,0,0,0,0.001002995,0,0,0,0,0,1.88E-05
2019/10/4 5:00,0,0,0,0,0.001002995,0,0,0,0,0,1.88E-05
2019/10/4 6:00,0.021554511,0.015014392,0.021182009,0.012213011,0.019056896,0.046419565,0.021809446,0.054347265,0.010928987,0.005086433,0.021569749
2019/10/4 7:00,0.034726712,0.04467245,0.075232653,0.148797047,0.054161705,0.227093483,0.17825028,0.205743217,0.126069734,0.084434788,0.123565187
2019/10/4 8:00,0.037121658,0.100095946,0.128552883,0.373449215,0.050149727,0.398966667,0.342240537,0.380430854,0.299608808,0.24974386,0.253077543
2019/10/4 9:00,0.057478696,0.135500252,0.195020567,0.487399965,0.056167695,0.495257065,0.446464524,0.555118491,0.448088487,0.360119456,0.347905593
2019/10/4 10:00,0.073644579,0.154036539,0.372511195,0.477876058,0.069206624,0.529597189,0.515248161,0.644403283,0.580119487,0.465408619,0.4319957
2019/10/4 11:00,0.066459742,0.182767782,0.438978879,0.471041254,0.075224591,0.519415946,0.513780218,0.66381302,0.639511359,0.495418574,0.46075161
2019/10/4 12:00,0.064064796,0.161451053,0.445552606,0.513842814,0.065194645,0.544265081,0.54188085,0.64828523,0.667440993,0.581124969,0.477040619
2019/10/4 13:00,0.059274905,0.131792995,0.429483496,0.485383138,0.060179673,0.504920617,0.493019303,0.543472648,0.643706324,0.5180532,0.446670262
2019/10/4 14:00,0.041312813,0.081559659,0.30750434,0.408183465,0.058173684,0.402417936,0.398232095,0.399840591,0.542475197,0.477361736,0.352600627
2019/10/4 15:00,0.019159565,0.037443298,0.177490628,0.232047202,0.050149727,0.252632872,0.280167498,0.271736324,0.39576182,0.323497138,0.225218964
2019/10/4 16:00,0.004191155,0.006116974,0.048937745,0.07339011,0.021062885,0.117860828,0.124355783,0.128104267,0.202131072,0.196081992,0.091987751
2019/10/4 17:00,0,0,0,0.000336138,0.003008984,0.015358146,0.010695017,0.019409737,0.038969016,0.051372973,0.010685379
2019/10/4 18:00,0,0,0,0,0.001002995,0,0,0,0,0.00152593,3.00E-05
2019/10/4 19:00,0,0,0,0,0.001002995,0,0,0,0,0,1.88E-05
2019/10/4 20:00,0,0,0,0,0,0,0,0,0,0,0
2019/10/4 21:00,0,0,0,0,0,0,0,0,0,0,0
2019/10/4 22:00,0,0,0,0,0,0,0,0,0,0,0
2019/10/4 23:00,0,0,0,0,0,0,0,0,0,0,0
2019/10/5 0:00,0,0,0,0,0,0,0,0,0,0,0
2019/10/5 1:00,0,0,0,0,0,0,0,0,0,0,0
2019/10/5 2:00,0,0,0,0,0,0,0,0,0,0,0
2019/10/5 3:00,0,0,0,0,0,0,0,0,0,0,0
2019/10/5 4:00,0,0,0,0,0.001002995,0,0,0,0,0,1.88E-05
2019/10/5 5:00,0.000598736,0.002780443,0,0,0.001002995,0,0,0,0,0,0.000319135
2019/10/5 6:00,0.050293859,0.083969377,0.056241886,0.055798893,0.019056896,0.051078777,0.020760915,0.058229212,0.012805682,0.002797538,0.046670629
2019/10/5 7:00,0.15866515,0.16905093,0.250532039,0.254680488,0.122365335,0.19430643,0.184541466,0.217389059,0.148369285,0.078331068,0.205425106
2019/10/5 8:00,0.299368207,0.317897309,0.44628302,0.441573164,0.289865424,0.353064793,0.381036186,0.395958644,0.334714041,0.251524111,0.386132294
2019/10/5 9:00,0.356846903,0.444314781,0.593096256,0.551042076,0.442320595,0.480761736,0.529508184,0.535708753,0.508363509,0.404371423,0.524263163
2019/10/5 10:00,0.432886427,0.550527701,0.668328909,0.64460046,0.487455349,0.545645589,0.629957459,0.63275744,0.639732146,0.522376668,0.61721395
2019/10/5 11:00,0.41073318,0.567210359,0.679285121,0.669698757,0.465389469,0.538570488,0.663300747,0.67934081,0.695039447,0.583922508,0.639144133
2019/10/5 12:00,0.333496183,0.513084403,0.658103111,0.645496828,0.462380485,0.599312818,0.666865752,0.706514443,0.679584313,0.630209048,0.627640267
2019/10/5 13:00,0.320922718,0.425407769,0.585792115,0.594964095,0.343024135,0.595343859,0.606680069,0.659931073,0.622510711,0.602996631,0.571102745
2019/10/5 14:00,0.186207025,0.303809731,0.444822192,0.466559415,0.273817511,0.500951658,0.491551359,0.535708753,0.529338333,0.523139633,0.45250855
2019/10/5 15:00,0.104778872,0.126046746,0.244688726,0.303868668,0.117350362,0.342020733,0.31162343,0.353257221,0.373793451,0.39775906,0.280733378
2019/10/5 16:00,0.014369674,0.027989792,0.051859402,0.103978659,0.053158711,0.156515038,0.129388732,0.174687637,0.182480973,0.234993204,0.104852633
2019/10/5 17:00,0,0.000556089,0,0.00056023,0.004011978,0.017946597,0.008807661,0.027173632,0.030579086,0.056713728,0.009898806
2019/10/5 18:00,0,0,0,0,0.001002995,0,0,0,0,0.000762965,2.44E-05
2019/10/5 19:00,0,0,0,0,0.001002995,0,0,0,0,0,1.88E-05
2019/10/5 20:00,0,0,0,0,0,0,0,0,0,0,0
2019/10/5 21:00,0,0,0,0,0,0,0,0,0,0,0
2019/10/5 22:00,0,0,0,0,0,0,0,0,0,0,0
2019/10/5 23:00,0,0,0,0,0,0,0,0,0,0,0
2019/10/6 0:00,0,0,0,0,0,0,0,0,0,0,0
2019/10/6 1:00,0,0,0,0,0,0,0,0,0,0,0
2019/10/6 2:00,0,0,0,0,0,0,0,0,0,0,0
2019/10/6 3:00,0,0,0,0,0,0,0,0,0,0,0
2019/10/6 4:00,0,0,0,0,0.001002995,0,0,0,0,0,1.88E-05
2019/10/6 5:00,0.000598736,0,0,0,0.001002995,0,0,0,0,0,3.75E-05
2019/10/6 6:00,0.089810462,0.026506889,0.02483408,0.034846296,0.020059891,0.041760352,0.016357084,0.04658337,0.008500324,0.002288895,0.027819156
2019/10/6 7:00,0.323317664,0.109364089,0.105179632,0.212663249,0.084251542,0.149957627,0.128340201,0.147514004,0.111939326,0.069684132,0.139938673
2019/10/6 8:00,0.488568914,0.197967537,0.178951457,0.40414981,0.208622865,0.267300764,0.255002753,0.244562692,0.265276333,0.240588281,0.263597724
2019/10/6 9:00,0.638851754,0.280268648,0.197211809,0.539165203,0.358069053,0.355998371,0.383133248,0.337729431,0.406690807,0.36851207,0.357372629
2019/10/6 10:00,0.690343085,0.325867912,0.219124232,0.63765361,0.40821878,0.464023083,0.492390184,0.450305908,0.512558474,0.415307254,0.432001332
2019/10/6 11:00,0.713693806,0.420217609,0.181142699,0.670258987,0.481437382,0.494566811,0.527830534,0.508535121,0.591931625,0.455490075,0.462465551
2019/10/6 12:00,0.658610056,0.44616841,0.20086388,0.655693011,0.461377491,0.567388582,0.499939608,0.555118491,0.599438405,0.475072842,0.474718445
2019/10/6 13:00,0.566404648,0.418549343,0.210359263,0.576140373,0.43028466,0.535119219,0.4422704,0.508535121,0.517195014,0.476598771,0.432660251
2019/10/6 14:00,0.4340839,0.35293089,0.195750981,0.428911969,0.333997184,0.4096656,0.357968503,0.407604486,0.406249232,0.403099815,0.346157861
2019/10/6 15:00,0.226322365,0.217430638,0.138778681,0.217257134,0.194580942,0.24348701,0.229628301,0.260090482,0.281945798,0.32985518,0.214828315
2019/10/6 16:00,0.034726712,0.031140961,0.024103666,0.058600042,0.07723058,0.104228316,0.102126925,0.100930635,0.154330551,0.195319027,0.074748847
2019/10/6 17:00,0,0,0,0.000112046,0.009026951,0.010698933,0.008807661,0.007763895,0.028923179,0.040945786,0.0077362
2019/10/6 18:00,0,0,0,0,0.001002995,0,0,0,0,0,1.88E-05
2019/10/6 19:00,0,0,0,0,0.001002995,0,0,0,0,0,1.88E-05
2019/10/6 20:00,0,0,0,0,0,0,0,0,0,0,0
2019/10/6 21:00,0,0,0,0,0,0,0,0,0,0,0
2019/10/6 22:00,0,0,0,0,0,0,0,0,0,0,0
2019/10/6 23:00,0,0,0,0,0,0,0,0,0,0,0
2019/10/7 0:00,0,0,0,0,0,0,0,0,0,0,0
2019/10/7 1:00,0,0,0,0,0,0,0,0,0,0,0
2019/10/7 2:00,0,0,0,0,0,0,0,0,0,0,0
2019/10/7 3:00,0,0,0,0,0,0,0,0,0,0,0
2019/10/7 4:00,0,0,0,0,0,0,0,0,0,0,0
2019/10/7 5:00,0.000598736,0,0,0,0.001002995,0,0,0,0,0,3.75E-05
2019/10/7 6:00,0.058676169,0.051345513,0.04090319,0.002577057,0.038113793,0.050733651,0.01992209,0.058229212,0.009052293,0.002034573,0.030370356
2019/10/7 7:00,0.232309729,0.152738999,0.196481395,0.038207675,0.160479127,0.227266047,0.172378506,0.205743217,0.112712083,0.074261922,0.152475034
2019/10/7 8:00,0.33888481,0.21631846,0.333799247,0.118432589,0.345030124,0.407939966,0.358178209,0.380430854,0.241872844,0.242622854,0.282385369
2019/10/7 9:00,0.435880109,0.244864341,0.44263095,0.208405502,0.487455349,0.547543786,0.510844331,0.539590701,0.374897389,0.392926949,0.39430965
2019/10/7 10:00,0.481384077,0.270815142,0.497412008,0.360900066,0.582739831,0.632444998,0.603115064,0.590056018,0.409561046,0.50253958,0.466417189
2019/10/7 11:00,0.477192922,0.296395217,0.453587161,0.366502365,0.542620049,0.617259415,0.550898217,0.582292123,0.329415138,0.568663209,0.437957886
2019/10/7 12:00,0.420911699,0.253020307,0.455047989,0.227789455,0.487455349,0.6144984,0.457578953,0.543472648,0.254568133,0.613423819,0.384974023
2019/10/7 13:00,0.355050694,0.174055728,0.33964256,0.155183667,0.307919325,0.575153936,0.338046413,0.438660066,0.251697894,0.593332409,0.309040623
2019/10/7 14:00,0.2137489,0.115666426,0.194290153,0.098376361,0.185553991,0.458673616,0.187477353,0.302791904,0.203124616,0.516272949,0.207981938
2019/10/7 15:00,0.077835734,0.061911196,0.096414662,0.038991997,0.113338384,0.260743354,0.109886055,0.197979322,0.160733392,0.390383732,0.120135428
2019/10/7 16:00,0.00838231,0.007229152,0.013877868,0.015798482,0.034101815,0.118896208,0.030826813,0.07763895,0.094938679,0.22354873,0.045089974
2019/10/7 17:00,0,0,0,0,0.002005989,0.012252004,0.002306768,0.007763895,0.018546161,0.04476061,0.005436553
2019/10/7 18:00,0,0,0,0,0.001002995,0,0,0,0,0,1.88E-05
2019/10/7 19:00,0,0,0,0,0.001002995,0,0,0,0,0,1.88E-05
2019/10/7 20:00,0,0,0,0,0,0,0,0,0,0,0
2019/10/7 21:00,0,0,0,0,0,0,0,0,0,0,0
2019/10/7 22:00,0,0,0,0,0,0,0,0,0,0,0
2019/10/7 23:00,0,0,0,0,0,0,0,0,0,0,0
2019/10/8 0:00,0,0,0,0,0,0,0,0,0,0,0
2019/10/8 1:00,0,0,0,0,0,0,0,0,0,0,0
2019/10/8 2:00,0,0,0,0,0,0,0,0,0,0,0
2019/10/8 3:00,0,0,0,0,0,0,0,0,0,0,0
2019/10/8 4:00,0,0,0,0,0.001002995,0,0,0,0,0,1.88E-05
2019/10/8 5:00,0,0,0,0,0.001002995,0,0,0,0,0,1.88E-05
2019/10/8 6:00,0.027541875,0.008897417,0.019721181,0.007843218,0.004011978,0.029508348,0.007339717,0.03105558,0.004857328,0.00152593,0.014428641
2019/10/8 7:00,0.067657215,0.025950801,0.104449217,0.055014571,0.012035935,0.085764028,0.066476869,0.073757002,0.064249199,0.072227348,0.071343493
2019/10/8 8:00,0.077835734,0.047823618,0.194290153,0.160449828,0.021062885,0.130457959,0.105901637,0.116458425,0.160071029,0.209815361,0.142568718
2019/10/8 9:00,0.129925802,0.092681431,0.278287775,0.167396678,0.040119782,0.169802422,0.135679919,0.159159847,0.27388705,0.300099547,0.200885885
2019/10/8 10:00,0.144295476,0.121968763,0.309695582,0.13759245,0.047140744,0.147714302,0.171539681,0.197979322,0.416405463,0.472783947,0.235707231
2019/10/8 11:00,0.137709375,0.119373683,0.289974401,0.122802382,0.064191651,0.116652884,0.164829082,0.209625164,0.453828965,0.487280281,0.231064761
2019/10/8 12:00,0.13531443,0.122524852,0.299469784,0.131317876,0.08826352,0.104228316,0.210125624,0.326083589,0.456478417,0.479650631,0.244355781
2019/10/8 13:00,0.105377609,0.167011939,0.269522806,0.098824545,0.079236569,0.124935929,0.266326888,0.349375274,0.458134324,0.504319831,0.243486608
2019/10/8 14:00,0.065861006,0.128827189,0.171647315,0.084482661,0.073218602,0.121829787,0.2059315,0.248444639,0.416847038,0.446334495,0.192635315
2019/10/8 15:00,0.030535557,0.053384504,0.092032178,0.044706342,0.054161705,0.087662226,0.128549908,0.13975011,0.312083309,0.354778701,0.122012691
2019/10/8 16:00,0.004789891,0.013531489,0.016799524,0.00750708,0.031092831,0.045039057,0.052636259,0.054347265,0.163934812,0.211595613,0.049356992
2019/10/8 17:00,0,0,0,0,0.004011978,0.005349467,0.005452361,0.007763895,0.03068948,0.045269254,0.007073526
2019/10/8 18:00,0,0,0,0,0.001002995,0,0,0,0,0,1.88E-05
2019/10/8 19:00,0,0,0,0,0.001002995,0,0,0,0,0,1.88E-05
2019/10/8 20:00,0,0,0,0,0,0,0,0,0,0,0
2019/10/8 21:00,0,0,0,0,0,0,0,0,0,0,0
2019/10/8 22:00,0,0,0,0,0,0,0,0,0,0,0
2019/10/8 23:00,0,0.000556089,0,0,0,0,0,0,0,0,5.63E-05
2019/10/9 0:00,0,0,0,0,0,0,0,0,0,0,0
2019/10/9 1:00,0,0,0,0,0,0,0,0,0,0,0
2019/10/9 2:00,0,0,0,0,0,0,0,0,0,0,0
2019/10/9 3:00,0,0,0,0,0,0,0,0,0,0,0
2019/10/9 4:00,0,0,0,0,0.001002995,0,0,0,0,0,1.88E-05
2019/10/9 5:00,0.000598736,0.001482903,0,0,0.001002995,0,0,0,0,0,0.000187726
2019/10/9 6:00,0.057478696,0.081745022,0.051859402,0.056359122,0.043128765,0.041415225,0.018663853,0.054347265,0.012032926,0.002543216,0.044528672
2019/10/9 7:00,0.16704746,0.298804934,0.250532039,0.271599429,0.210628855,0.224332468,0.185589997,0.221271007,0.145499046,0.03229885,0.226035574
2019/10/9 8:00,0.253265503,0.494177391,0.455047989,0.4711533,0.402200813,0.409320473,0.388166197,0.407604486,0.334493253,0.182857266,0.418627712
2019/10/9 9:00,0.310145463,0.613180349,0.605513296,0.616364876,0.558667962,0.560658608,0.544607031,0.58617407,0.511675323,0.365205889,0.568972052
2019/10/9 10:00,0.399955925,0.683618236,0.689510918,0.693004318,0.653952444,0.661263092,0.635829233,0.6948686,0.634212456,0.428786301,0.660807745
2019/10/9 11:00,0.45923083,0.70196916,0.693893403,0.706898019,0.689057253,0.702505753,0.659106622,0.729806127,0.693825115,0.521359382,0.687716429
2019/10/9 12:00,0.447854838,0.664711224,0.674902636,0.69378864,0.680030302,0.689045805,0.669801639,0.729806127,0.695039447,0.415815897,0.675260791
2019/10/9 13:00,0.417319281,0.574624873,0.593096256,0.62095876,0.607814695,0.620192994,0.629118634,0.671576915,0.640284115,0.395978808,0.607194999
2019/10/9 14:00,0.352655748,0.477309371,0.447743848,0.493338402,0.487455349,0.495257065,0.527201415,0.539590701,0.537286688,0.435144343,0.487996324
2019/10/9 15:00,0.176627242,0.277858931,0.251992867,0.315745541,0.307919325,0.328388221,0.36698587,0.353257221,0.377988416,0.346640408,0.309603801
2019/10/9 16:00,0.023949457,0.042818821,0.051128988,0.103082291,0.118353356,0.143400216,0.155392303,0.170805689,0.186675938,0.200659782,0.108710408
2019/10/9 17:00,0,0,0,0.000112046,0.009026951,0.012079441,0.008388248,0.019409737,0.026604909,0.04323468,0.008034684
2019/10/9 18:00,0,0,0,0,0.001002995,0,0,0,0,0,1.88E-05
2019/10/9 19:00,0,0,0,0,0.001002995,0,0,0,0,0,1.88E-05
2019/10/9 20:00,0,0,0,0,0,0,0,0,0,0,0
2019/10/9 21:00,0,0,0,0,0,0,0,0,0,0,0
2019/10/9 22:00,0,0,0,0,0,0,0,0,0,0,0
2019/10/9 23:00,0,0,0,0,0,0,0,0,0,0,0
2019/10/10 0:00,0,0,0,0,0,0,0,0,0,0,0
2019/10/10 1:00,0,0,0,0,0,0,0,0,0,0,0
2019/10/10 2:00,0,0,0,0,0,0,0,0,0,0,0
2019/10/10 3:00,0,0,0,0,0,0,0,0,0,0,0
2019/10/10 4:00,0,0,0,0,0,0,0,0,0,0,0
2019/10/10 5:00,0,0.000556089,0,0,0.001002995,0,0,0,0,0,7.51E-05
2019/10/10 6:00,0.07843447,0.089900988,0.046746503,0.049636364,0.04413176,0.039689591,0.017825028,0.050465317,0.011260169,0.002797538,0.043009966
2019/10/10 7:00,0.326910082,0.350521173,0.239575827,0.243139753,0.210628855,0.219845819,0.187477353,0.209625164,0.148148497,0.057222371,0.228453488
2019/10/10 8:00,0.521499417,0.564429916,0.438978879,0.420396476,0.39718584,0.403108189,0.386698254,0.384312801,0.336038767,0.20193139,0.419894864
2019/10/10 9:00,0.650826482,0.723841977,0.56899259,0.502638217,0.547635022,0.549959675,0.539154669,0.551236543,0.515759894,0.350963877,0.559461839
2019/10/10 10:00,0.706508969,0.79650422,0.646416486,0.531770169,0.647934476,0.642798804,0.62932834,0.656049125,0.649226014,0.385805943,0.641417498
2019/10/10 11:00,0.717286224,0.805401637,0.587252943,0.541406122,0.68404228,0.670754081,0.65700956,0.687104705,0.707734735,0.403099815,0.646839033
2019/10/10 12:00,0.672979729,0.756651204,0.533202299,0.589025659,0.670000356,0.602073833,0.658896916,0.67934081,0.703650164,0.497707468,0.626662213
2019/10/10 13:00,0.588557895,0.61651688,0.481342897,0.458492105,0.587754804,0.512685972,0.610245075,0.605583808,0.653972948,0.503048223,0.547030605
2019/10/10 14:00,0.432287691,0.44746595,0.350598772,0.333112666,0.462380485,0.38705979,0.49763284,0.477479541,0.540708896,0.424717155,0.418272909
2019/10/10 15:00,0.216742582,0.207050317,0.166534417,0.215464398,0.284850451,0.24296932,0.33490082,0.298909956,0.375118177,0.309000804,0.248934424
2019/10/10 16:00,0.026344402,0.026692252,0.02483408,0.059720501,0.103308438,0.088179916,0.140083749,0.116458425,0.182149791,0.150812738,0.081704106
2019/10/10 17:00,0,0,0,0,0.007020962,0.006729974,0.006920305,0.011645842,0.025390577,0.03229885,0.006602333
2019/10/10 18:00,0,0,0,0,0.001002995,0,0,0,0,0,1.88E-05
2019/10/10 19:00,0,0,0,0,0.001002995,0,0,0,0,0,1.88E-05
2019/10/10 20:00,0,0,0,0,0,0,0,0,0,0,0
2019/10/10 21:00,0,0,0,0,0,0,0,0,0,0,0
2019/10/10 22:00,0,0,0,0,0,0,0,0,0,0,0
2019/10/10 23:00,0,0,0,0,0,0,0,0,0,0,0
2019/10/11 0:00,0,0,0,0,0,0,0,0,0,0,0
2019/10/11 1:00,0,0,0,0,0,0,0,0,0,0,0
2019/10/11 2:00,0,0,0,0,0,0,0,0,0,0,0
2019/10/11 3:00,0,0,0,0,0,0,0,0,0,0,0
2019/10/11 4:00,0,0,0,0,0.001002995,0,0,0,0,0,1.88E-05
2019/10/11 5:00,0,0,0,0,0.001002995,0,0,0,0,0,1.88E-05
2019/10/11 6:00,0.046102704,0.023355721,0.018990767,0.007731172,0.026077858,0.024331445,0.010485311,0.042701422,0.006292447,0.002034573,0.017210745
2019/10/11 7:00,0.161658832,0.083227925,0.089840935,0.056583214,0.081242558,0.111130854,0.122258721,0.128104267,0.109289875,0.053407546,0.095796717
2019/10/11 8:00,0.234105938,0.160709602,0.183333941,0.157424586,0.160479127,0.193098486,0.276602493,0.229034902,0.281614617,0.186417769,0.206222943
2019/10/11 9:00,0.256857922,0.269888328,0.246879969,0.259386418,0.348039107,0.297844493,0.457159541,0.388194749,0.44036092,0.262459942,0.317730472
2019/10/11 10:00,0.325113873,0.331614161,0.288513573,0.300059105,0.423263698,0.343056113,0.594307403,0.493007331,0.587957448,0.408186248,0.393483655
2019/10/11 11:00,0.319725245,0.388149834,0.243227898,0.304428898,0.425269687,0.345644565,0.619262442,0.465833698,0.653420979,0.509660586,0.401253645
2019/10/11 12:00,0.282603587,0.372208628,0.152656549,0.181626516,0.368098998,0.316481344,0.54963998,0.442542013,0.627147252,0.542468079,0.338795237
2019/10/11 13:00,0.246080666,0.272112682,0.079615138,0.148572955,0.317949271,0.210009703,0.441641281,0.318319694,0.541592047,0.497453147,0.260124788
2019/10/11 14:00,0.177824715,0.180728791,0.046016089,0.119777141,0.175524045,0.150647881,0.326093159,0.186333479,0.394768275,0.443282635,0.18405247
2019/10/11 15:00,0.060472378,0.076369499,0.010956212,0.056359122,0.091272504,0.108197275,0.181395873,0.085402845,0.25854231,0.32985518,0.102136233
2019/10/11 16:00,0.006586101,0.008526692,0.002191242,0.006498666,0.042125771,0.039517027,0.04592566,0.019409737,0.135673996,0.187180734,0.037312474
2019/10/11 17:00,0,0,0,0,0.003008984,0.002415888,0.002306768,0,0.028923179,0.02772106,0.005648684
2019/10/11 18:00,0,0,0,0,0.001002995,0,0,0,0,0,1.88E-05
2019/10/11 19:00,0,0,0,0,0.001002995,0,0,0,0,0,1.88E-05
2019/10/11 20:00,0,0,0,0,0,0,0,0,0,0,0
2019/10/11 21:00,0,0,0,0,0,0,0,0,0,0,0
2019/10/11 22:00,0,0,0,0,0,0,0,0,0,0,0
2019/10/11 23:00,0,0,0,0,0,0,0,0,0,0,0
2019/10/12 0:00,0,0,0,0,0,0,0,0,0,0,0
2019/10/12 1:00,0,0,0,0,0,0,0,0,0,0,0
2019/10/12 2:00,0,0,0,0,0,0,0,0,0,0,0
2019/10/12 3:00,0,0,0,0,0,0,0,0,0,0,0
2019/10/12 4:00,0,0,0,0,0.001002995,0,0,0,0,0,1.88E-05
2019/10/12 5:00,0,0,0,0,0.001002995,0,0,0,0,0,1.88E-05
2019/10/12 6:00,0.036522921,0.002780443,0.01241704,0,0.001002995,0.001725634,0.008178542,0.019409737,0.004746934,0.002288895,0.007319447
2019/10/12 7:00,0.111364973,0.008526692,0.042364018,0.000448184,0.006017967,0.041760352,0.074655411,0.03105558,0.064138805,0.032553171,0.039306127
2019/10/12 8:00,0.159862623,0.018165561,0.061354785,0.00582639,0.012035935,0.047972636,0.141971105,0.054347265,0.143401563,0.117496602,0.069631429
2019/10/12 9:00,0.20536659,0.030770235,0.059163543,0.013221424,0.019056896,0.069025375,0.181395873,0.085402845,0.25622404,0.250252503,0.100628791
2019/10/12 10:00,0.211353954,0.04077983,0.055511472,0.025434435,0.030089836,0.077135856,0.206770324,0.116458425,0.366728247,0.463882689,0.128168236
2019/10/12 11:00,0.226921101,0.040038378,0.050398573,0.033277653,0.030089836,0.074719968,0.20425385,0.12422232,0.432081384,0.424717155,0.139292895
2019/10/12 12:00,0.18201587,0.035033581,0.036520705,0.023753745,0.029086842,0.057808751,0.209286799,0.112576477,0.424022636,0.553912553,0.129827736
2019/10/12 13:00,0.136511902,0.029843421,0.019721181,0.016694849,0.025074864,0.048662889,0.187896765,0.085402845,0.354584927,0.50101365,0.105877618
2019/10/12 14:00,0.076039525,0.028360518,0.013147454,0.011316643,0.015044918,0.04417624,0.125194608,0.054347265,0.285036825,0.481685204,0.081480712
2019/10/12 15:00,0.035325448,0.011492497,0.008034555,0.002016827,0.008023956,0.039689591,0.068573931,0.03105558,0.208865094,0.308492161,0.054577659
2019/10/12 16:00,0.005388628,0.001668266,0.002191242,0,0.003008984,0.025366825,0.020341503,0.011645842,0.101893489,0.17878812,0.024747955
2019/10/12 17:00,0,0,0,0,0.001002995,0.001898198,0.002097062,0,0.012474501,0.022380305,0.002699504
2019/10/12 18:00,0,0,0,0,0.001002995,0,0,0,0,0,1.88E-05
2019/10/12 19:00,0,0,0,0,0.001002995,0,0,0,0,0,1.88E-05
2019/10/12 20:00,0,0,0,0,0,0,0,0,0,0,0
2019/10/12 21:00,0,0,0,0,0,0,0,0,0,0,0
2019/10/12 22:00,0,0,0,0,0,0,0,0,0,0,0
2019/10/12 23:00,0,0,0,0,0,0,0,0,0,0,0
2019/10/13 0:00,0,0,0,0,0,0,0,0,0,0,0
2019/10/13 1:00,0,0,0,0,0,0,0,0,0,0,0
2019/10/13 2:00,0,0,0,0,0,0,0,0,0,0,0
2019/10/13 3:00,0,0,0,0,0,0,0,0,0,0,0
2019/10/13 4:00,0,0,0,0,0.001002995,0,0,0,0,0,1.88E-05
2019/10/13 5:00,0,0,0,0,0.001002995,0,0,0,0,0,1.88E-05
2019/10/13 6:00,0.022153247,0.025394712,0.041633604,0.047955675,0.006017967,0.027265023,0.013211491,0.042701422,0.008279536,0.001780252,0.029748983
2019/10/13 7:00,0.06346606,0.118446869,0.224237131,0.236641087,0.038113793,0.140294074,0.163990257,0.178569584,0.126621703,0.031281563,0.172319578
2019/10/13 8:00,0.1101675,0.247088696,0.419988112,0.4197242,0.1103294,0.204142546,0.346434661,0.329965536,0.28834864,0.164037464,0.328230002
2019/10/13 9:00,0.24548193,0.463963244,0.570453419,0.548801156,0.208622865,0.203797419,0.466176908,0.458069803,0.443783128,0.265511802,0.460631465
2019/10/13 10:00,0.397560979,0.56924935,0.662485596,0.635748828,0.340015151,0.266955637,0.544397325,0.524062911,0.54545583,0.363425637,0.551819503
2019/10/13 11:00,0.493957542,0.682135333,0.680015535,0.660174849,0.402200813,0.317861851,0.564529121,0.582292123,0.604295732,0.503048223,0.597228611
2019/10/13 12:00,0.581971795,0.7032667,0.651529385,0.634964506,0.362081031,0.400174611,0.592000635,0.656049125,0.583762483,0.562813811,0.6017622
2019/10/13 13:00,0.518505735,0.665823402,0.570453419,0.5642635,0.376122955,0.389130551,0.543348794,0.636639388,0.533422904,0.535855716,0.548305267
2019/10/13 14:00,0.373012786,0.497884648,0.417066456,0.453786175,0.331991195,0.341503042,0.447303349,0.493007331,0.449192425,0.451929571,0.432309203
2019/10/13 15:00,0.176028506,0.282493002,0.221315475,0.277201727,0.201601904,0.25401338,0.315607848,0.306673851,0.314511973,0.335450256,0.267902287
2019/10/13 16:00,0.020955774,0.024653261,0.037981534,0.074622615,0.07723058,0.110613163,0.130437263,0.128104267,0.158304728,0.15259299,0.08481473
2019/10/13 17:00,0,0,0,0,0.004011978,0.005867157,0.004823243,0.007763895,0.019760493,0.019328445,0.005023555
2019/10/13 18:00,0,0,0,0,0.001002995,0,0,0,0,0,1.88E-05
2019/10/13 19:00,0,0,0,0,0.001002995,0,0,0,0,0,1.88E-05
2019/10/13 20:00,0,0,0,0,0,0,0,0,0,0,0
2019/10/13 21:00,0,0,0,0,0,0,0,0,0,0,0
2019/10/13 22:00,0,0,0,0,0,0,0,0,0,0,0
2019/10/13 23:00,0,0,0,0,0,0,0,0,0,0,0
2019/10/14 0:00,0,0,0,0,0,0,0,0,0,0,0
2019/10/14 1:00,0,0,0,0,0,0,0,0,0,0,0
2019/10/14 2:00,0,0,0,0,0,0,0,0,0,0,0
2019/10/14 3:00,0,0,0,0,0,0,0,0,0,0,0
2019/10/14 4:00,0,0,0,0,0,0,0,0,0,0,0
2019/10/14 5:00,0,0,0,0,0.001002995,0,0,0,0,0,1.88E-05
2019/10/14 6:00,0.057478696,0.030028784,0.021912423,0.003025241,0.007020962,0.025194262,0.010065898,0.03105558,0.007396385,0.002034573,0.017529879
2019/10/14 7:00,0.234704674,0.106398283,0.119787914,0.038431767,0.053158711,0.101812428,0.128340201,0.12422232,0.11668626,0.030264276,0.104993427
2019/10/14 8:00,0.376006468,0.175538631,0.1760298,0.121906014,0.101302449,0.143745343,0.299250764,0.283382166,0.288127852,0.105289163,0.203033473
2019/10/14 9:00,0.498148697,0.273780948,0.157769447,0.172774884,0.171512067,0.159966306,0.477081631,0.481361488,0.459900625,0.205491893,0.279163986
2019/10/14 10:00,0.589755368,0.278785745,0.135857024,0.15036569,0.141422231,0.24348701,0.57564355,0.63275744,0.572833496,0.249998182,0.317356897
2019/10/14 11:00,0.57598443,0.259137282,0.09422342,0.157424586,0.12136234,0.243314447,0.589693866,0.671576915,0.62217953,0.317393419,0.317047148
2019/10/14 12:00,0.515512053,0.191479837,0.088380107,0.110141188,0.094281487,0.258154902,0.572288251,0.644403283,0.641167266,0.44862339,0.301308177
2019/10/14 13:00,0.430491482,0.168680205,0.075963067,0.08728381,0.078233575,0.252115182,0.500988139,0.535708753,0.601867068,0.316630454,0.269058681
2019/10/14 14:00,0.305355571,0.113442072,0.0569723,0.050420686,0.057170689,0.206730998,0.403684457,0.392076696,0.487940653,0.403099815,0.208761002
2019/10/14 15:00,0.108970027,0.066359905,0.029946978,0.017367125,0.035104809,0.13856844,0.249340685,0.221271007,0.339460975,0.185654804,0.128592497
2019/10/14 16:00,0.011375992,0.004634072,0.003652071,0.001792736,0.013038929,0.054875173,0.082833953,0.069875055,0.161285361,0.073244635,0.04704045
2019/10/14 17:00,0,0,0,0,0.001002995,0.004486649,0.002935887,0.003881947,0.018877342,0.017039551,0.0042933
2019/10/14 18:00,0,0,0,0,0.001002995,0,0,0,0,0,1.88E-05
2019/10/14 19:00,0,0,0,0,0.001002995,0,0,0,0,0,1.88E-05
2019/10/14 20:00,0,0,0,0,0,0,0,0,0,0,0
2019/10/14 21:00,0,0,0,0,0,0,0,0,0,0,0
2019/10/14 22:00,0,0,0,0,0,0,0,0,0,0,0
2019/10/14 23:00,0,0,0,0,0,0,0,0,0,0,0
2019/10/15 0:00,0,0,0,0,0,0,0,0,0,0,0
2019/10/15 1:00,0,0,0,0,0,0,0,0,0,0,0
2019/10/15 2:00,0,0,0,0,0,0,0,0,0,0,0
2019/10/15 3:00,0,0,0,0,0,0,0,0,0,0,0
2019/10/15 4:00,0,0,0,0,0.001002995,0,0,0,0,0,1.88E-05
2019/10/15 5:00,0,0,0,0,0.001002995,0,0,0,0,0,1.88E-05
2019/10/15 6:00,0.056281223,0.035404307,0.021912423,0.02834763,0.017050907,0.028472967,0.008388248,0.03105558,0.007837961,0.002034573,0.02274867
2019/10/15 7:00,0.22213121,0.16256323,0.130013711,0.191598607,0.078233575,0.127179253,0.107998699,0.10869453,0.127063279,0.014242012,0.140881059
2019/10/15 8:00,0.398758452,0.298804934,0.236654171,0.35608209,0.173518056,0.238310107,0.223546821,0.178569584,0.303472592,0.085452074,0.273303172
2019/10/15 9:00,0.516110789,0.403534951,0.305313097,0.48448677,0.239715696,0.3383969,0.322528153,0.232916849,0.431750203,0.164546107,0.372762429
2019/10/15 10:00,0.606519987,0.487318965,0.365207054,0.564487592,0.30892232,0.410355854,0.430526852,0.295028009,0.511123354,0.29755633,0.449153881
2019/10/15 11:00,0.660406265,0.566098182,0.300930613,0.576476511,0.322964244,0.472306128,0.44835188,0.361021116,0.580229881,0.401573885,0.468619218
2019/10/15 12:00,0.643641645,0.588341725,0.262949079,0.557764834,0.3309882,0.495084501,0.499729902,0.403722539,0.582768939,0.344351514,0.466751342
2019/10/15 13:00,0.566404648,0.521425732,0.195020567,0.49199385,0.228682756,0.45988156,0.457159541,0.364903064,0.514655956,0.241605567,0.405301024
2019/10/15 14:00,0.424504118,0.379067054,0.101527561,0.370760111,0.191571958,0.33183949,0.346015249,0.314437746,0.398742453,0.233467274,0.295308446
2019/10/15 15:00,0.205965326,0.202230883,0.038711948,0.216584858,0.123368329,0.212253028,0.234870957,0.170805689,0.27620532,0.310018091,0.177117861
2019/10/15 16:00,0.022153247,0.014087578,0.002921656,0.04974841,0.049146733,0.081104816,0.084301897,0.058229212,0.132472576,0.193793097,0.055270369
2019/10/15 17:00,0.000598736,0,0,0,0.003008984,0.00500434,0.003145593,0.003881947,0.014903165,0.030009955,0.003844634
2019/10/15 18:00,0,0,0,0,0.001002995,0,0,0,0,0,1.88E-05
2019/10/15 19:00,0,0,0,0,0,0,0,0,0,0,0
2019/10/15 20:00,0,0,0,0,0,0,0,0,0,0,0
2019/10/15 21:00,0,0,0,0,0,0,0,0,0,0,0
2019/10/15 22:00,0,0,0,0,0,0,0,0,0,0,0
2019/10/15 23:00,0,0,0,0,0,0,0,0,0,0,0
2019/10/16 0:00,0,0,0,0,0,0,0,0,0,0,0
2019/10/16 1:00,0,0,0,0,0,0,0,0,0,0,0
2019/10/16 2:00,0,0,0,0,0,0,0,0,0,0,0
2019/10/16 3:00,0,0,0,0,0,0,0,0,0,0,0
2019/10/16 4:00,0,0,0,0,0,0,0,0,0,0,0
2019/10/16 5:00,0,0,0,0,0,0,0,0,0,0,0
2019/10/16 6:00,0.070650897,0.066359905,0.018990767,0.010420275,0.028083847,0.031233982,0.012372666,0.038819475,0.007396385,0.00152593,0.023739864
2019/10/16 7:00,0.263444022,0.275819939,0.113214187,0.115743486,0.137410253,0.196204628,0.173846449,0.174687637,0.126732097,0.055950763,0.154573813
2019/10/16 8:00,0.369420367,0.474158202,0.211820091,0.294008623,0.272814516,0.378259054,0.374535293,0.345493326,0.315726305,0.207272144,0.315014073
2019/10/16 9:00,0.40235087,0.638945787,0.25418411,0.434290176,0.440314605,0.514756733,0.534960545,0.493007331,0.497765703,0.265511802,0.437991677
2019/10/16 10:00,0.47419924,0.729032138,0.333799247,0.539501341,0.549641011,0.601556142,0.633103052,0.58617407,0.631011035,0.427260371,0.536089918
2019/10/16 11:00,0.568799593,0.757207293,0.354981257,0.589473843,0.524566147,0.633307815,0.671688995,0.687104705,0.69514984,0.469986409,0.578268257
2019/10/16 12:00,0.549640028,0.70715932,0.393693204,0.578941522,0.490464333,0.631754744,0.677141356,0.737570022,0.6905133,0.436161629,0.58186697
2019/10/16 13:00,0.437077582,0.616702243,0.366667882,0.48560723,0.399191829,0.574291119,0.620730386,0.671576915,0.631231823,0.337993472,0.519586902
2019/10/16 14:00,0.313737881,0.448207401,0.250532039,0.36941556,0.306916331,0.455394911,0.503924026,0.527944858,0.475576546,0.315104524,0.390637724
2019/10/16 15:00,0.1101675,0.240044907,0.126361641,0.200898422,0.159476133,0.287490686,0.328819339,0.329965536,0.316830243,0.245420392,0.229241938
2019/10/16 16:00,0.00838231,0.014829029,0.014608282,0.042689514,0.058173684,0.10491857,0.121839309,0.13975011,0.152122674,0.134536153,0.069700888
2019/10/16 17:00,0,0,0,0,0.003008984,0.004831776,0.003565006,0.007763895,0.016669466,0.024160557,0.004289545
2019/10/16 18:00,0,0,0,0,0.001002995,0,0,0,0,0,1.88E-05
2019/10/16 19:00,0,0,0,0,0.001002995,0,0,0,0,0,1.88E-05
2019/10/16 20:00,0,0,0,0,0,0,0,0,0,0,0
2019/10/16 21:00,0,0,0,0,0,0,0,0,0,0,0
2019/10/16 22:00,0,0,0,0,0,0,0,0,0,0,0
2019/10/16 23:00,0,0,0,0,0,0,0,0,0,0,0
2019/10/17 0:00,0,0,0,0,0,0,0,0,0,0,0
2019/10/17 1:00,0,0,0,0,0,0,0,0,0,0,0
2019/10/17 2:00,0,0,0,0,0,0,0,0,0,0,0
2019/10/17 3:00,0,0,0,0,0,0,0,0,0,0,0
2019/10/17 4:00,0,0,0,0,0,0,0,0,0,0,0
2019/10/17 5:00,0,0,0,0,0,0,0,0,0,0,0
2019/10/17 6:00,0.061071114,0.053940593,0.026294908,0.006162528,0.038113793,0.033994997,0.011533842,0.038819475,0.004305359,0.002288895,0.023238635
2019/10/17 7:00,0.219137528,0.239488818,0.162151932,0.066331214,0.156467149,0.156687601,0.148681704,0.159159847,0.065684319,0.056713728,0.136482632
2019/10/17 8:00,0.373611522,0.34903827,0.301661027,0.144651346,0.315943282,0.241243685,0.330916402,0.256208534,0.139316992,0.183620231,0.248046479
2019/10/17 9:00,0.458632093,0.529025609,0.397345275,0.193615434,0.394176856,0.295428605,0.450239236,0.333847484,0.175415769,0.264748837,0.33026871
2019/10/17 10:00,0.532276672,0.627267926,0.434596394,0.234512213,0.433293644,0.345817128,0.478130162,0.446423961,0.214605572,0.333161361,0.380277111
2019/10/17 11:00,0.562213493,0.638575061,0.459430474,0.256585269,0.432290649,0.375498039,0.393618559,0.535708753,0.215819904,0.460576508,0.393551236
2019/10/17 12:00,0.52090068,0.583151565,0.443361364,0.288630416,0.383143916,0.36497167,0.326512571,0.531826806,0.149142041,0.529751996,0.368793895
2019/10/17 13:00,0.422109172,0.475455742,0.360094155,0.253672074,0.388158889,0.313720329,0.193768539,0.376548906,0.132362182,0.489060532,0.299504128
2019/10/17 14:00,0.30894799,0.397232614,0.197942223,0.161122103,0.270808527,0.168594478,0.094787208,0.194097374,0.111056176,0.450403642,0.191276177
2019/10/17 15:00,0.149684104,0.172016736,0.063546027,0.064650524,0.133398275,0.085073775,0.033133581,0.069875055,0.085224024,0.336721864,0.084352924
2019/10/17 16:00,0.01676462,0.010751046,0.006573727,0.007170942,0.039116787,0.035375505,0.012792079,0.011645842,0.039631379,0.196590635,0.018984758
2019/10/17 17:00,0,0,0,0,0.002005989,0.001380507,0.000838825,0,0.002980633,0.035859353,0.001034372
2019/10/17 18:00,0,0,0,0,0.001002995,0,0,0,0,0,1.88E-05
2019/10/17 19:00,0,0,0,0,0.001002995,0,0,0,0,0,1.88E-05
2019/10/17 20:00,0,0,0,0,0,0,0,0,0,0,0
2019/10/17 21:00,0,0,0,0,0,0,0,0,0,0,0
2019/10/17 22:00,0,0,0,0,0,0,0,0,0,0,0
2019/10/17 23:00,0,0,0,0,0,0,0,0,0,0,0
2019/10/18 0:00,0,0,0,0,0,0,0,0,0,0,0
2019/10/18 1:00,0,0,0,0,0,0,0,0,0,0,0
2019/10/18 2:00,0,0,0,0,0,0,0,0,0,0,0
2019/10/18 3:00,0,0,0,0,0,0,0,0,0,0,0
2019/10/18 4:00,0,0,0,0,0,0,0,0,0,0,0
2019/10/18 5:00,0,0,0,0,0,0,0,0,0,0,0
2019/10/18 6:00,0.068854688,0.036145758,0.018260353,0.001008414,0.024071869,0.020880176,0.005452361,0.023291685,0.000993544,0.001271608,0.015196442
2019/10/18 7:00,0.295775789,0.154963353,0.099336319,0.018487585,0.140419236,0.103883189,0.051587728,0.069875055,0.024507426,0.053661868,0.080085905
2019/10/18 8:00,0.495155014,0.282122277,0.165804003,0.079440592,0.281841467,0.153236332,0.093319264,0.097048687,0.078821182,0.187943699,0.149803689
2019/10/18 9:00,0.622685871,0.340140852,0.162882346,0.107115946,0.373113971,0.158930926,0.088076609,0.09316674,0.124634615,0.181077015,0.172974743
2019/10/18 10:00,0.690941822,0.367574556,0.17237773,0.126051715,0.321961249,0.256256704,0.08136601,0.135868162,0.17111041,0.300862512,0.203388276
2019/10/18 11:00,0.702317814,0.361642944,0.145352408,0.129413094,0.249745642,0.222434271,0.122468427,0.248444639,0.226748892,0.277719241,0.210144545
2019/10/18 12:00,0.66459742,0.325867912,0.162882346,0.104875027,0.182545007,0.233478331,0.120371365,0.209625164,0.216703055,0.345623122,0.20240459
2019/10/18 13:00,0.559818547,0.229664586,0.115405429,0.063754156,0.111332395,0.224159905,0.078430123,0.163041794,0.164597175,0.357576239,0.153158357
2019/10/18 14:00,0.405943289,0.155890167,0.048937745,0.025658527,0.063188656,0.123727985,0.059556564,0.073757002,0.094607498,0.321716887,0.087395966
2019/10/18 15:00,0.189799443,0.066359905,0.025564494,0.009635953,0.029086842,0.071958953,0.024325921,0.011645842,0.056080057,0.248472252,0.043340365
2019/10/18 16:00,0.013172201,0.003707257,0.002191242,0.000224092,0.007020962,0.026402206,0.008178542,0.003881947,0.026604909,0.158951031,0.011010146
2019/10/18 17:00,0,0,0,0,0.001002995,0.00051769,0.000629119,0,0.003091027,0.035605031,0.000919859
2019/10/18 18:00,0,0,0,0,0.001002995,0,0,0,0,0,1.88E-05
2019/10/18 19:00,0,0,0,0,0.001002995,0,0,0,0,0,1.88E-05
2019/10/18 20:00,0,0,0,0,0,0,0,0,0,0,0
2019/10/18 21:00,0,0,0,0,0,0,0,0,0,0,0
2019/10/18 22:00,0,0,0,0,0,0,0,0,0,0,0
2019/10/18 23:00,0,0,0,0,0,0,0,0,0,0,0
2019/10/19 0:00,0,0,0,0,0,0,0,0,0,0,0
2019/10/19 1:00,0,0,0,0,0,0,0,0,0,0,0
2019/10/19 2:00,0,0,0,0,0,0,0,0,0,0,0
2019/10/19 3:00,0,0,0,0,0,0,0,0,0,0,0
2019/10/19 4:00,0,0,0,0,0.001002995,0,0,0,0,0,1.88E-05
2019/10/19 5:00,0,0,0,0,0.001002995,0,0,0,0,0,1.88E-05
2019/10/19 6:00,0.024548193,0.00259508,0.010225798,0.000672276,0.010029945,0.02761015,0.003984418,0.03105558,0.002980633,0.001780252,0.009343137
2019/10/19 7:00,0.060472378,0.021872818,0.054050644,0.018599631,0.057170689,0.096980652,0.053265378,0.104812582,0.05210588,0.041708751,0.05174487
2019/10/19 8:00,0.075440788,0.029287332,0.108101288,0.073502156,0.104311433,0.154099149,0.089963965,0.151395952,0.138985811,0.148269522,0.104250031
2019/10/19 9:00,0.100587718,0.046526078,0.170916901,0.119665095,0.152455171,0.152718642,0.100449275,0.201861269,0.221339595,0.260425369,0.149625349
2019/10/19 10:00,0.116753601,0.055794222,0.251262453,0.142298381,0.164491105,0.13805075,0.156021421,0.232916849,0.314291186,0.225328982,0.196166446
2019/10/19 11:00,0.094001617,0.077110951,0.2950873,0.129749232,0.07723058,0.206903561,0.198382076,0.232916849,0.411658529,0.121057105,0.232209891
2019/10/19 12:00,0.073644579,0.104173929,0.30750434,0.117424176,0.025074864,0.244177264,0.244936855,0.182451532,0.466634647,0.105797806,0.249480708
2019/10/19 13:00,0.059274905,0.090086351,0.211820091,0.084594707,0.040119782,0.23192526,0.230676832,0.151395952,0.466303466,0.141911481,0.213891561
2019/10/19 14:00,0.043109022,0.065989179,0.10664046,0.07170942,0.046137749,0.127351817,0.226273002,0.131986215,0.387923859,0.093590367,0.155471145
2019/10/19 15:00,0.020955774,0.034477492,0.026294908,0.032045147,0.030089836,0.098706286,0.174056155,0.112576477,0.25390577,0.072227348,0.092312518
2019/10/19 16:00,0.002993682,0.001668266,0.002191242,0.006610712,0.010029945,0.040207281,0.057040089,0.058229212,0.113705627,0.05696805,0.034173691
2019/10/19 17:00,0,0,0,0,0.001002995,0.002243325,0.001258237,0.003881947,0.010597806,0.00610372,0.002410405
2019/10/19 18:00,0,0,0,0,0.001002995,0,0,0,0,0,1.88E-05
2019/10/19 19:00,0,0,0,0,0.001002995,0,0,0,0,0,1.88E-05
2019/10/19 20:00,0,0,0,0,0,0,0,0,0,0,0
2019/10/19 21:00,0,0,0,0,0,0,0,0,0,0,0
2019/10/19 22:00,0,0,0,0,0,0,0,0,0,0,0
2019/10/19 23:00,0,0,0,0,0,0,0,0,0,0,0
2019/10/20 0:00,0,0,0,0,0,0,0,0,0,0,0
2019/10/20 1:00,0,0,0,0,0,0,0,0,0,0,0
2019/10/20 2:00,0,0,0,0,0,0,0,0,0,0,0
2019/10/20 3:00,0,0,0,0,0,0,0,0,0,0,0
2019/10/20 4:00,0,0,0,0,0.001002995,0,0,0,0,0,1.88E-05
2019/10/20 5:00,0,0,0,0,0.001002995,0,0,0,0,0,1.88E-05
2019/10/20 6:00,0.038917867,0.059316116,0.02483408,0.00694685,0.018053902,0.026057079,0.009227073,0.027173632,0.004746934,0.001017287,0.020901443
2019/10/20 7:00,0.199977962,0.228367046,0.143161165,0.067563719,0.104311433,0.12200235,0.130227557,0.104812582,0.082353784,0.007121006,0.123520133
2019/10/20 8:00,0.355050694,0.373506168,0.232271686,0.274288532,0.238712702,0.224850159,0.290443103,0.174687637,0.19859847,0.034079101,0.252011258
2019/10/20 9:00,0.530480463,0.5245769,0.350598772,0.427119234,0.287859435,0.340985352,0.397602977,0.329965536,0.360656587,0.037893926,0.387070925
2019/10/20 10:00,0.628074498,0.605765834,0.441170121,0.496139551,0.296886385,0.415877884,0.464708964,0.500771226,0.455153691,0.045014932,0.471900674
2019/10/20 11:00,0.63286439,0.635794618,0.48718621,0.464990771,0.31995526,0.442107526,0.508747269,0.605583808,0.507149177,0.029755633,0.502725328
2019/10/20 12:00,0.591551577,0.571288342,0.445552606,0.475523093,0.325973227,0.454704657,0.497003721,0.636639388,0.451289907,0.042726037,0.478491743
2019/10/20 13:00,0.501741115,0.486577514,0.331608005,0.467231691,0.348039107,0.439173948,0.425493903,0.508535121,0.381631411,0.033570458,0.410636204
2019/10/20 14:00,0.365827949,0.319565575,0.231541272,0.318770782,0.245733664,0.318379542,0.294846933,0.361021116,0.272893506,0.059256944,0.286682423
2019/10/20 15:00,0.163455041,0.175538631,0.094953834,0.158657092,0.139416242,0.179465975,0.141761399,0.151395952,0.160733392,0.088503934,0.144019842
2019/10/20 16:00,0.012573465,0.008712055,0.006573727,0.020168274,0.038113793,0.04969827,0.02768122,0.050465317,0.066788257,0.054170511,0.029140749
2019/10/20 17:00,0,0,0,0,0.001002995,0.000862817,0.000838825,0,0.005188509,0.011953118,0.001158271
2019/10/20 18:00,0,0,0,0,0.001002995,0,0,0,0,0,1.88E-05
2019/10/20 19:00,0,0,0,0,0.001002995,0,0,0,0,0,1.88E-05
2019/10/20 20:00,0,0,0,0,0,0,0,0,0,0,0
2019/10/20 21:00,0,0,0,0,0,0,0,0,0,0,0
2019/10/20 22:00,0,0,0,0,0,0,0,0,0,0,0
2019/10/20 23:00,0,0,0,0,0,0,0,0,0,0,0
2019/10/21 0:00,0,0,0,0,0,0,0,0,0,0,0
2019/10/21 1:00,0,0,0,0,0,0,0,0,0,0,0
2019/10/21 2:00,0,0,0,0,0,0,0,0,0,0,0
2019/10/21 3:00,0,0,0,0,0,0,0,0,0,0,0
2019/10/21 4:00,0,0,0,0,0,0,0,0,0,0,0
2019/10/21 5:00,0,0,0,0,0,0,0,0,0,0,0
2019/10/21 6:00,0.050293859,0.050974787,0.017529939,0.002016827,0.015044918,0.003968959,0.005662068,0.019409737,0.001876695,0.001017287,0.014068207
2019/10/21 7:00,0.26883265,0.22021108,0.11029253,0.028683768,0.08826352,0.047800072,0.063331276,0.034937527,0.038085865,0.05391619,0.084968666
2019/10/21 8:00,0.46581693,0.370911088,0.21693299,0.100505234,0.137410253,0.079724308,0.134841094,0.058229212,0.103218215,0.199642495,0.169920436
2019/10/21 9:00,0.601730096,0.498440737,0.319190965,0.138264726,0.157470144,0.108887529,0.194607364,0.104812582,0.190098146,0.291961254,0.246311888
2019/10/21 10:00,0.67118352,0.547932621,0.379084922,0.143530886,0.226676767,0.108714965,0.233612719,0.131986215,0.310427402,0.250252503,0.296014297
2019/10/21 11:00,0.67956583,0.527357343,0.346216287,0.133334703,0.217649816,0.09991423,0.241581555,0.12422232,0.414970343,0.466934549,0.302626016
2019/10/21 12:00,0.633463126,0.435602727,0.262949079,0.091989741,0.185553991,0.089905551,0.252695985,0.104812582,0.487057503,0.516781592,0.274553429
2019/10/21 13:00,0.528684254,0.311780334,0.145352408,0.041905192,0.148443193,0.063503345,0.236758313,0.065993107,0.451400301,0.47329259,0.206857458
2019/10/21 14:00,0.360439321,0.2046406,0.046016089,0.018039401,0.107320416,0.039862154,0.169442619,0.038819475,0.386599133,0.391146697,0.138894915
2019/10/21 15:00,0.143696739,0.080818208,0.007304141,0.005266161,0.0551647,0.029163221,0.11072488,0.034937527,0.267925784,0.2960304,0.079002725
2019/10/21 16:00,0.00838231,0.00259508,0.001460828,0.000112046,0.014041924,0.015530709,0.043618892,0.019409737,0.109069087,0.123091678,0.027171501
2019/10/21 17:00,0,0,0,0,0.001002995,0.000345127,0.001258237,0,0.008169142,0.029501311,0.001775891
2019/10/21 18:00,0,0,0,0,0.001002995,0,0,0,0,0,1.88E-05
2019/10/21 19:00,0,0,0,0,0.001002995,0,0,0,0,0,1.88E-05
2019/10/21 20:00,0,0,0,0,0,0,0,0,0,0,0
2019/10/21 21:00,0,0,0,0,0,0,0,0,0,0,0
2019/10/21 22:00,0,0,0,0,0,0,0,0,0,0,0
2019/10/21 23:00,0,0,0,0,0,0,0,0,0,0,0
2019/10/22 0:00,0,0,0,0,0,0,0,0,0,0,0
2019/10/22 1:00,0,0,0,0,0,0,0,0,0,0,0
2019/10/22 2:00,0,0,0,0,0,0,0,0,0,0,0
2019/10/22 3:00,0,0,0,0,0,0,0,0,0,0,0
2019/10/22 4:00,0,0,0,0,0,0,0,0,0,0,0
2019/10/22 5:00,0,0,0,0,0.001002995,0,0,0,0,0,1.88E-05
2019/10/22 6:00,0.030535557,0.007229152,0.018260353,0.000112046,0.007020962,0.02208812,0.007339717,0.03105558,0.005519691,0.000762965,0.012038886
2019/10/22 7:00,0.15028284,0.035404307,0.082536794,0.02140078,0.053158711,0.145298414,0.12456549,0.143632057,0.097477737,0.039419856,0.084861662
2019/10/22 8:00,0.267635177,0.06154047,0.097145076,0.12257829,0.142425225,0.304574467,0.303654594,0.263972429,0.258652704,0.093844689,0.180553252
2019/10/22 9:00,0.370019104,0.076369499,0.07815431,0.298826599,0.313937293,0.445386232,0.470371032,0.423132276,0.422477122,0.172938722,0.279505648
2019/10/22 10:00,0.461027039,0.09323752,0.073771825,0.421853073,0.494476311,0.507509069,0.55739911,0.597819913,0.562346083,0.331635431,0.354885256
2019/10/22 11:00,0.460428302,0.088788811,0.066467684,0.486727689,0.490464333,0.492150923,0.564948533,0.61722965,0.630679854,0.405134388,0.375439405
2019/10/22 12:00,0.381395096,0.070437888,0.083997622,0.49950093,0.467395458,0.448147247,0.54523615,0.624993545,0.628803159,0.431329518,0.371014697
2019/10/22 13:00,0.287393479,0.054496682,0.130744125,0.449416382,0.418248725,0.39862154,0.485260173,0.574528228,0.565326716,0.424462833,0.345114103
2019/10/22 14:00,0.166448723,0.050233336,0.079615138,0.32493331,0.317949271,0.317861851,0.398022389,0.427014223,0.460783775,0.369783679,0.263105881
2019/10/22 15:00,0.061669851,0.035033581,0.024103666,0.16481962,0.15446116,0.202244348,0.261084233,0.263972429,0.302368654,0.252287076,0.153601391
2019/10/22 16:00,0.004191155,0.002409717,0.002191242,0.025322389,0.038113793,0.067817431,0.085140722,0.104812582,0.117569411,0.0986768,0.04668377
2019/10/22 17:00,0,0,0,0,0.001002995,0.001553071,0.001467943,0.003881947,0.00927308,0.019328445,0.002226434
2019/10/22 18:00,0,0,0,0,0.001002995,0,0,0,0,0,1.88E-05
2019/10/22 19:00,0,0,0,0,0.001002995,0,0,0,0,0,1.88E-05
2019/10/22 20:00,0,0,0,0,0,0,0,0,0,0,0
2019/10/22 21:00,0,0,0,0,0,0,0,0,0,0,0
2019/10/22 22:00,0,0,0,0,0,0,0,0,0,0,0
2019/10/22 23:00,0,0,0,0,0,0,0,0,0,0,0
2019/10/23 0:00,0,0,0,0,0,0,0,0,0,0,0
2019/10/23 1:00,0,0,0,0,0,0,0,0,0,0,0
2019/10/23 2:00,0,0,0,0,0,0,0,0,0,0,0
2019/10/23 3:00,0,0,0,0,0,0,0,0,0,0,0
2019/10/23 4:00,0,0,0,0,0,0,0,0,0,0,0
2019/10/23 5:00,0,0,0,0,0,0,0,0,0,0,0
2019/10/23 6:00,0.030535557,0.039111564,0.02848615,0.029131952,0.025074864,0.028645531,0.006710599,0.03105558,0.00375339,0.000762965,0.023452643
2019/10/23 7:00,0.162856305,0.211499026,0.214741748,0.197424997,0.160479127,0.174116508,0.121419896,0.159159847,0.057515177,0.057476693,0.165510746
2019/10/23 8:00,0.328706291,0.380920682,0.42144894,0.382973122,0.332994189,0.334427941,0.296524583,0.329965536,0.122868314,0.217190689,0.32897903
2019/10/23 9:00,0.472403031,0.498070011,0.576296731,0.525495595,0.476422409,0.463332829,0.449610117,0.485243436,0.201247921,0.367749105,0.461386125
2019/10/23 10:00,0.575385694,0.532176778,0.66321601,0.618605795,0.58474582,0.521314144,0.521329641,0.555118491,0.243307964,0.482702491,0.532143912
2019/10/23 11:00,0.61609977,0.517533112,0.676363464,0.617597381,0.539611065,0.542021756,0.487986354,0.504653173,0.199702408,0.548063155,0.524197459
2019/10/23 12:00,0.59274905,0.518274563,0.639842759,0.594179774,0.527575131,0.513548789,0.360694684,0.399840591,0.201027133,0.541450792,0.490620738
2019/10/23 13:00,0.492760069,0.445426958,0.541967268,0.473954449,0.406212791,0.412254052,0.227321533,0.306673851,0.18413688,0.526700136,0.402092782
2019/10/23 14:00,0.347865857,0.335692144,0.374702438,0.352944802,0.228682756,0.21639455,0.135889625,0.256208534,0.11348484,0.443791279,0.275291193
2019/10/23 15:00,0.147887894,0.149773193,0.151926135,0.107452084,0.127380307,0.118896208,0.080946598,0.116458425,0.045923826,0.289418037,0.11499736
2019/10/23 16:00,0.00838231,0.006116974,0.009495383,0.008291402,0.028083847,0.035375505,0.021180327,0.038819475,0.013136864,0.162257212,0.016290886
2019/10/23 17:00,0,0,0,0,0.001002995,0.000862817,0.000419412,0,0.000441575,0.030009955,0.000446789
2019/10/23 18:00,0,0,0,0,0.001002995,0,0,0,0,0,1.88E-05
2019/10/23 19:00,0,0,0,0,0.001002995,0,0,0,0,0,1.88E-05
2019/10/23 20:00,0,0,0,0,0,0,0,0,0,0,0
2019/10/23 21:00,0,0,0,0,0,0,0,0,0,0,0
2019/10/23 22:00,0,0,0,0,0,0,0,0,0,0,0
2019/10/23 23:00,0,0,0,0,0,0,0,0,0,0,0
2019/10/24 0:00,0,0,0,0,0,0,0,0,0,0,0
2019/10/24 1:00,0,0,0,0,0,0,0,0,0,0,0
2019/10/24 2:00,0,0,0,0,0,0,0,0,0,0,0
2019/10/24 3:00,0,0,0,0,0,0,0,0,0,0,0
2019/10/24 4:00,0,0,0,0,0.001002995,0,0,0,0,0,1.88E-05
2019/10/24 5:00,0,0,0,0,0,0,0,0,0,0,0
2019/10/24 6:00,0.038917867,0.018907012,0.010956212,0.00112046,0.006017967,0.009490989,0.002726181,0.011645842,0.000441575,0.000762965,0.008171725
2019/10/24 7:00,0.217940055,0.0958326,0.074502239,0.028571722,0.029086842,0.066954614,0.032294757,0.019409737,0.021306006,0.043743324,0.056077592
2019/10/24 8:00,0.41073318,0.174797179,0.15119572,0.076639443,0.054161705,0.08835248,0.062702157,0.01552779,0.073191098,0.196081992,0.113163275
2019/10/24 9:00,0.531079199,0.235040109,0.20451595,0.149133185,0.148443193,0.089387861,0.076752473,0.034937527,0.101893489,0.318919349,0.158748846
2019/10/24 10:00,0.55263371,0.286014897,0.208168021,0.169077367,0.238712702,0.094047073,0.075703942,0.058229212,0.157531971,0.448877712,0.182516869
2019/10/24 11:00,0.523894362,0.298990297,0.201594294,0.13008537,0.201601904,0.081104816,0.078639829,0.04658337,0.18789027,0.478379023,0.177684795
2019/10/24 12:00,0.452644729,0.286941711,0.149004478,0.125379439,0.169506078,0.061950274,0.064170101,0.038819475,0.167798596,0.507371691,0.15236803
2019/10/24 13:00,0.396962243,0.270259053,0.108101288,0.080224914,0.128383302,0.051423904,0.043828598,0.038819475,0.144395107,0.452183893,0.122731683
2019/10/24 14:00,0.261049077,0.182026331,0.078884724,0.044370204,0.079236569,0.045901874,0.032923875,0.04658337,0.098250494,0.393689914,0.085618199
2019/10/24 15:00,0.096396563,0.084525465,0.023373251,0.011428689,0.045134755,0.041415225,0.021390034,0.011645842,0.070541646,0.232195666,0.041042595
2019/10/24 16:00,0.005987364,0.003521894,0.001460828,0.000112046,0.015044918,0.016738653,0.007339717,0,0.034774051,0.113427456,0.010448844
2019/10/24 17:00,0,0,0,0,0.001002995,0.000172563,0.000209706,0,0.003311814,0.010172866,0.000694587
2019/10/24 18:00,0,0,0,0,0.001002995,0,0,0,0,0,1.88E-05
2019/10/24 19:00,0,0,0,0,0.001002995,0,0,0,0,0,1.88E-05
2019/10/24 20:00,0,0,0,0,0,0,0,0,0,0,0
2019/10/24 21:00,0,0,0,0,0,0,0,0,0,0,0
2019/10/24 22:00,0,0,0,0,0,0,0,0,0,0,0
2019/10/24 23:00,0,0,0,0,0,0,0,0,0,0,0
2019/10/25 0:00,0,0,0,0,0,0,0,0,0,0,0
2019/10/25 1:00,0,0,0,0,0,0,0,0,0,0,0
2019/10/25 2:00,0,0,0,0,0,0,0,0,0,0,0
2019/10/25 3:00,0,0,0,0,0,0,0,0,0,0,0
2019/10/25 4:00,0,0,0,0,0.001002995,0,0,0,0,0,1.88E-05
2019/10/25 5:00,0,0,0,0,0.001002995,0,0,0,0,0,1.88E-05
2019/10/25 6:00,0.024548193,0.003707257,0.005843313,0,0.002005989,0.006384847,0.003145593,0.01552779,0.002539058,0.000508643,0.004847092
2019/10/25 7:00,0.111364973,0.035033581,0.029216564,0.002240919,0.016047913,0.060052076,0.067315694,0.06211116,0.0767237,0.039674177,0.044126938
2019/10/25 8:00,0.17363356,0.068584259,0.045285675,0.00638662,0.025074864,0.082485323,0.16440967,0.131986215,0.198819257,0.14648927,0.090532872
2019/10/25 9:00,0.231710992,0.103432477,0.057702715,0.019159861,0.038113793,0.074547405,0.271569544,0.248444639,0.340564913,0.273141452,0.140858532
2019/10/25 10:00,0.270628859,0.109364089,0.059163543,0.025322389,0.047140744,0.075410222,0.344757011,0.372666959,0.395541032,0.43005791,0.167416168
2019/10/25 11:00,0.232908465,0.066545268,0.044555261,0.0416811,0.03309882,0.095772708,0.340143475,0.524062911,0.470608825,0.467697514,0.182787195
2019/10/25 12:00,0.189200707,0.052643053,0.027755736,0.041569055,0.036107804,0.11095829,0.314978729,0.504653173,0.464426771,0.466425905,0.173128678
2019/10/25 13:00,0.148486631,0.036516484,0.019721181,0.040784733,0.034101815,0.118033391,0.262132764,0.407604486,0.393664337,0.462356759,0.147267507
2019/10/25 14:00,0.097594035,0.022984995,0.014608282,0.040448595,0.038113793,0.114754686,0.216207104,0.283382166,0.324778598,0.366731819,0.120111024
2019/10/25 15:00,0.037121658,0.010194957,0.018260353,0.036751078,0.034101815,0.106816768,0.139664337,0.151395952,0.202683041,0.265003159,0.081552048
2019/10/25 16:00,0.002394946,0,0.002191242,0.01613462,0.01103294,0.043313423,0.035020937,0.06211116,0.066236288,0.116479316,0.026521968
2019/10/25 17:00,0,0,0,0,0.001002995,0.000690254,0.000419412,0,0.005188509,0.012461761,0.001105708
2019/10/25 18:00,0,0,0,0,0.001002995,0,0,0,0,0,1.88E-05
2019/10/25 19:00,0,0,0,0,0.001002995,0,0,0,0,0,1.88E-05
2019/10/25 20:00,0,0,0,0,0,0,0,0,0,0,0
2019/10/25 21:00,0,0,0,0,0,0,0,0,0,0,0
2019/10/25 22:00,0,0,0,0,0,0,0,0,0,0,0
2019/10/25 23:00,0,0,0,0,0,0,0,0,0,0,0
2019/10/26 0:00,0,0,0,0,0,0,0,0,0,0,0
2019/10/26 1:00,0,0,0,0,0,0,0,0,0,0,0
2019/10/26 2:00,0,0,0,0,0,0,0,0,0,0,0
2019/10/26 3:00,0,0,0,0,0,0,0,0,0,0,0
2019/10/26 4:00,0,0,0,0,0,0,0,0,0,0,0
2019/10/26 5:00,0,0,0,0,0,0,0,0,0,0,0
2019/10/26 6:00,0.013172201,0.023541084,0.021182009,0.006722758,0.010029945,0.008628172,0.002935887,0.011645842,0.000772757,0,0.011451303
2019/10/26 7:00,0.057478696,0.162007142,0.151926135,0.10229797,0.067200635,0.064538726,0.058927445,0.050465317,0.030247905,0.033316136,0.095779822
2019/10/26 8:00,0.079631943,0.290648968,0.27025322,0.348799102,0.09929646,0.131320776,0.163990257,0.12422232,0.134128483,0.172430078,0.22074357
2019/10/26 9:00,0.126333383,0.35812105,0.461621716,0.402132983,0.124371324,0.194478994,0.286248978,0.244562692,0.308219526,0.35605031,0.342224996
2019/10/26 10:00,0.179620924,0.446909861,0.617930336,0.381516525,0.164491105,0.227093483,0.362582039,0.322201641,0.430756658,0.455490075,0.426065427
2019/10/26 11:00,0.179620924,0.418734706,0.632538618,0.344429309,0.170509073,0.23848267,0.430526852,0.384312801,0.491252468,0.526954458,0.442005265
2019/10/26 12:00,0.149684104,0.343106658,0.544888925,0.31047938,0.206616876,0.277827134,0.487147529,0.481361488,0.520948403,0.577818788,0.425335172
2019/10/26 13:00,0.116154864,0.232815755,0.40172776,0.208293456,0.252754625,0.318379542,0.396135033,0.539590701,0.458796687,0.547808833,0.348352381
2019/10/26 14:00,0.076638261,0.11010554,0.233002101,0.147116357,0.251751631,0.311822131,0.296734289,0.438660066,0.324005841,0.461085151,0.24299852
2019/10/26 15:00,0.032331766,0.049306521,0.066467684,0.106555717,0.153458165,0.227956301,0.17049115,0.260090482,0.228073618,0.32680332,0.13765029
2019/10/26 16:00,0.001796209,0.002038991,0.002191242,0.030812641,0.040119782,0.070751009,0.039634474,0.097048687,0.100899945,0.165309072,0.041055736
2019/10/26 17:00,0,0,0,0,0.001002995,0.000690254,0.000419412,0.003881947,0.004526146,0.024923522,0.001272784
2019/10/26 18:00,0,0,0,0,0.001002995,0,0,0,0,0,1.88E-05
2019/10/26 19:00,0,0,0,0,0.001002995,0,0,0,0,0,1.88E-05
2019/10/26 20:00,0,0,0,0,0,0,0,0,0,0,0
2019/10/26 21:00,0,0,0,0,0,0,0,0,0,0,0
2019/10/26 22:00,0,0,0,0,0,0,0,0,0,0,0
2019/10/26 23:00,0,0,0,0,0,0,0,0,0,0,0
2019/10/27 0:00,0,0,0,0,0,0,0,0,0,0,0
2019/10/27 1:00,0,0,0,0,0,0,0,0,0,0,0
2019/10/27 2:00,0,0,0,0,0,0,0,0,0,0,0
2019/10/27 3:00,0,0,0,0,0,0,0,0,0,0,0
2019/10/27 4:00,0,0,0,0,0.001002995,0,0,0,0,0,1.88E-05
2019/10/27 5:00,0,0,0,0,0.001002995,0,0,0,0,0,1.88E-05
2019/10/27 6:00,0.017962092,0.009453506,0.014608282,0.003585471,0.003008984,0.005694593,0.003565006,0.019409737,0.001987089,0,0.00814732
2019/10/27 7:00,0.096396563,0.052643053,0.103718803,0.035630618,0.02206588,0.069715629,0.116177241,0.100930635,0.070210465,0.028484025,0.076408348
2019/10/27 8:00,0.195188071,0.151070733,0.186986012,0.088852453,0.064191651,0.184988005,0.304703125,0.225152954,0.200475164,0.135807761,0.178948193
2019/10/27 9:00,0.359241848,0.202601609,0.21693299,0.235184489,0.078233575,0.3152734,0.44667423,0.419250329,0.324447416,0.263985872,0.280083845
2019/10/27 10:00,0.456237148,0.235596198,0.254914524,0.348799102,0.106317422,0.473859199,0.529088771,0.516299016,0.424795392,0.300099547,0.362443116
2019/10/27 11:00,0.487371441,0.276746753,0.367398296,0.497372056,0.102305444,0.517172621,0.516086986,0.582292123,0.455595266,0.161748569,0.43226978
2019/10/27 12:00,0.45084852,0.375359796,0.40172776,0.504542998,0.135404264,0.478518412,0.510424918,0.590056018,0.502071061,0.260171048,0.456049067
2019/10/27 13:00,0.404745816,0.328277629,0.350598772,0.440676796,0.157470144,0.458328489,0.493019303,0.547354596,0.450737938,0.271869843,0.411944656
2019/10/27 14:00,0.289788424,0.191850563,0.241036656,0.342748619,0.188562975,0.35392761,0.396344739,0.403722539,0.364299583,0.111392883,0.30769838
2019/10/27 15:00,0.110766237,0.098798406,0.091301764,0.178153091,0.112335389,0.203797419,0.255002753,0.217389059,0.20555328,0.096387905,0.160072316
2019/10/27 16:00,0.004191155,0.004819434,0.006573727,0.025098297,0.032095825,0.057291061,0.065218632,0.06211116,0.068664952,0.036876639,0.034138023
2019/10/27 17:00,0,0,0,0,0.001002995,0.00051769,0.000419412,0,0.004305359,0.008392614,0.000906718
2019/10/27 18:00,0,0,0,0,0,0,0,0,0,0,0
2019/10/27 19:00,0,0,0,0,0,0,0,0,0,0,0
2019/10/27 20:00,0,0,0,0,0,0,0,0,0,0,0
2019/10/27 21:00,0,0,0,0,0,0,0,0,0,0,0
2019/10/27 22:00,0,0,0,0,0,0,0,0,0,0,0
2019/10/27 23:00,0,0,0,0,0,0,0,0,0,0,0
2019/10/28 0:00,0,0,0,0,0,0,0,0,0,0,0
2019/10/28 1:00,0,0,0,0,0,0,0,0,0,0,0
2019/10/28 2:00,0,0,0,0,0,0,0,0,0,0,0
2019/10/28 3:00,0,0,0,0,0,0,0,0,0,0,0
2019/10/28 4:00,0,0,0,0,0,0,0,0,0,0,0
2019/10/28 5:00,0,0,0,0,0,0,0,0,0,0,0
2019/10/28 6:00,0.036522921,0.040594467,0.013877868,0.003697517,0.017050907,0.018464288,0.004613537,0.023291685,0.002428664,0,0.013722791
2019/10/28 7:00,0.229316047,0.252278856,0.144621993,0.163923253,0.146437204,0.156342474,0.144906992,0.166923742,0.086107174,0.030264276,0.153032581
2019/10/28 8:00,0.44246621,0.457104819,0.351329186,0.397651144,0.314940287,0.333910251,0.357339384,0.345493326,0.234918034,0.153610276,0.349084514
2019/10/28 9:00,0.593946523,0.609287729,0.525898158,0.54980957,0.458368507,0.481279427,0.520071404,0.520180963,0.373131088,0.337739151,0.506200141
2019/10/28 10:00,0.658011319,0.680281705,0.611356609,0.643816138,0.577724858,0.582919291,0.623456566,0.628875493,0.478777967,0.430566553,0.599565803
2019/10/28 11:00,0.649030273,0.708642223,0.644955658,0.671043308,0.603802716,0.616051471,0.651137786,0.64828523,0.539825745,0.431075196,0.633247651
2019/10/28 12:00,0.594545259,0.690847388,0.625964891,0.639670437,0.596781755,0.585852869,0.634990408,0.66381302,0.466855435,0.448114747,0.603205815
2019/10/28 13:00,0.508327216,0.5944587,0.541236854,0.532218353,0.503503262,0.509752394,0.576272669,0.593937965,0.387592677,0.426497406,0.518663288
2019/10/28 14:00,0.351458275,0.409837289,0.379815336,0.414458039,0.363084025,0.397586159,0.443318931,0.399840591,0.347409329,0.226091947,0.389398731
2019/10/28 15:00,0.141301794,0.18777258,0.165073588,0.208853686,0.189565969,0.211562774,0.258148346,0.143632057,0.241210481,0.221768478,0.200138734
2019/10/28 16:00,0.004191155,0.005375523,0.010225798,0.01557439,0.046137749,0.044348803,0.074655411,0.04658337,0.089860564,0.148523843,0.036914494
2019/10/28 17:00,0,0,0,0,0.001002995,0.000345127,0.000209706,0,0.004526146,0.024923522,0.00102874
2019/10/28 18:00,0,0,0,0,0.001002995,0,0,0,0,0,1.88E-05
2019/10/28 19:00,0,0,0,0,0,0,0,0,0,0,0
2019/10/28 20:00,0,0,0,0,0,0,0,0,0,0,0
2019/10/28 21:00,0,0,0,0,0,0,0,0,0,0,0
2019/10/28 22:00,0,0,0,0,0,0,0,0,0,0,0
2019/10/28 23:00,0,0,0,0,0,0,0,0,0,0,0
2019/10/29 0:00,0,0,0,0,0,0,0,0,0,0,0
2019/10/29 1:00,0,0,0,0,0,0,0,0,0,0,0
2019/10/29 2:00,0,0,0,0,0,0,0,0,0,0,0
2019/10/29 3:00,0,0,0,0,0,0,0,0,0,0,0
2019/10/29 4:00,0,0,0,0,0,0,0,0,0,0,0
2019/10/29 5:00,0,0,0,0,0,0,0,0,0,0,0
2019/10/29 6:00,0.028739348,0.015385118,0.006573727,0.000112046,0.003008984,0.001380507,0.001887356,0.011645842,0.000220788,0,0.0051437
2019/10/29 7:00,0.176028506,0.070808613,0.041633604,0.002577057,0.016047913,0.031924236,0.039215062,0.019409737,0.026604909,0.040182821,0.036865686
2019/10/29 8:00,0.33229871,0.108437274,0.061354785,0.011764827,0.040119782,0.042623169,0.116386947,0.019409737,0.147927709,0.17421033,0.082327357
2019/10/29 9:00,0.403548343,0.096574051,0.089840935,0.019944182,0.054161705,0.046592128,0.226273002,0.042701422,0.28459525,0.32527739,0.128064986
2019/10/29 10:00,0.499944906,0.124193118,0.10664046,0.025770573,0.068203629,0.057118498,0.340143475,0.089284792,0.418502945,0.370546644,0.17613793
2019/10/29 11:00,0.505333533,0.111217717,0.0569723,0.03641494,0.071212613,0.064366162,0.378729418,0.12422232,0.528013608,0.423699868,0.189014075
2019/10/29 12:00,0.408936971,0.091383891,0.041633604,0.047395445,0.082245553,0.068852811,0.36530822,0.236798797,0.546118193,0.494146965,0.190416391
2019/10/29 13:00,0.355050694,0.065989179,0.037981534,0.044706342,0.136407258,0.087144536,0.365098514,0.364903064,0.494012313,0.475581485,0.184947924
2019/10/29 14:00,0.223927419,0.049677247,0.027025322,0.039888365,0.160479127,0.113201615,0.363211158,0.353257221,0.373572663,0.384280013,0.156959814
2019/10/29 15:00,0.067657215,0.031140961,0.013147454,0.025322389,0.112335389,0.099741667,0.259825996,0.229034902,0.267704996,0.317902062,0.108055243
2019/10/29 16:00,0.000598736,0.001112177,0.000730414,0.010532321,0.036107804,0.037618829,0.068783637,0.09316674,0.102335065,0.151321382,0.036034058
2019/10/29 17:00,0,0,0,0,0.001002995,0.000172563,0.000209706,0,0.004857328,0.022634627,0.00104939
2019/10/29 18:00,0,0,0,0,0,0,0,0,0,0,0
2019/10/29 19:00,0,0,0,0,0,0,0,0,0,0,0
2019/10/29 20:00,0,0,0,0,0,0,0,0,0,0,0
2019/10/29 21:00,0,0,0,0,0,0,0,0,0,0,0
2019/10/29 22:00,0,0,0,0,0,0,0,0,0,0,0
2019/10/29 23:00,0,0,0,0,0,0,0,0,0,0,0
2019/10/30 0:00,0,0,0,0,0,0,0,0,0,0,0
2019/10/30 1:00,0,0,0,0,0,0,0,0,0,0,0
2019/10/30 2:00,0,0,0,0,0,0,0,0,0,0,0
2019/10/30 3:00,0,0,0,0,0,0,0,0,0,0,0
2019/10/30 4:00,0,0,0,0,0.001002995,0,0,0,0,0,1.88E-05
2019/10/30 5:00,0,0,0,0,0.001002995,0,0,0,0,0,1.88E-05
2019/10/30 6:00,0.024548193,0.027619066,0.014608282,0.014678022,0.01103294,0.014150202,0.002726181,0.019409737,0.002428664,0,0.013122066
2019/10/30 7:00,0.170041142,0.140875775,0.150465306,0.148124771,0.096287476,0.11544494,0.104223987,0.143632057,0.081139453,0.040691464,0.127822819
2019/10/30 8:00,0.314336617,0.303624369,0.314078067,0.336810183,0.232694735,0.250389547,0.278489849,0.291146061,0.231495826,0.14343741,0.288786835
2019/10/30 9:00,0.471804294,0.3898181,0.460891302,0.487287919,0.347036113,0.38757748,0.427800671,0.430896171,0.396424182,0.282805674,0.431661547
2019/10/30 10:00,0.52269689,0.447651313,0.59382667,0.584767912,0.451347545,0.512685972,0.562432059,0.57064628,0.503616575,0.417087505,0.543204744
2019/10/30 11:00,0.545448873,0.490284771,0.641303587,0.628914024,0.464386475,0.550649928,0.582563855,0.64828523,0.550644339,0.490077819,0.586301064
2019/10/30 12:00,0.511919634,0.489728682,0.61866075,0.600902532,0.425269687,0.531840514,0.572288251,0.624993545,0.568086562,0.452946858,0.572548238
2019/10/30 13:00,0.39396856,0.410208014,0.522246087,0.514963274,0.376122955,0.466956661,0.51755493,0.473597593,0.523266674,0.283314318,0.492544932
2019/10/30 14:00,0.291584634,0.289536791,0.360824569,0.349023193,0.302904353,0.32079543,0.430317146,0.333847484,0.415853494,0.165563394,0.35685075
2019/10/30 15:00,0.117951074,0.129939367,0.144621993,0.172438746,0.162485116,0.185850822,0.260035702,0.190215427,0.270796023,0.075279208,0.18525955
2019/10/30 16:00,0.002394946,0.004263346,0.006573727,0.019047815,0.038113793,0.047972636,0.065428338,0.058229212,0.101010339,0.045014932,0.037502078
2019/10/30 17:00,0,0,0,0,0.001002995,0.000172563,0.000209706,0,0.004746934,0.007121006,0.000916104
2019/10/30 18:00,0,0,0,0,0,0,0,0,0,0,0
2019/10/30 19:00,0,0,0,0,0,0,0,0,0,0,0
2019/10/30 20:00,0,0,0,0,0,0,0,0,0,0,0
2019/10/30 21:00,0,0,0,0,0,0,0,0,0,0,0
2019/10/30 22:00,0,0,0,0,0,0,0,0,0,0,0
2019/10/30 23:00,0,0,0,0,0,0,0,0,0,0,0
2019/10/31 0:00,0,0,0,0,0,0,0,0,0,0,0
2019/10/31 1:00,0,0,0,0,0,0,0,0,0,0,0
2019/10/31 2:00,0,0,0,0,0,0,0,0,0,0,0
2019/10/31 3:00,0,0,0,0,0,0,0,0,0,0,0
2019/10/31 4:00,0,0,0,0,0,0,0,0,0,0,0
2019/10/31 5:00,0,0,0,0,0,0,0,0,0,0,0
2019/10/31 6:00,0.026344402,0.031697049,0.014608282,0.004930023,0.012035935,0.011389187,0.003355299,0.019409737,0.001545513,0,0.011582711
2019/10/31 7:00,0.174232297,0.20593814,0.151926135,0.080785144,0.112335389,0.112856488,0.126662552,0.131986215,0.072749523,0.021871662,0.123535151
2019/10/31 8:00,0.295177052,0.405203217,0.330877591,0.245492718,0.282844462,0.272822794,0.326302865,0.310555799,0.238229848,0.131484293,0.297146286
2019/10/31 9:00,0.401153397,0.541074195,0.479151655,0.433393808,0.43028466,0.422952985,0.478339868,0.473597593,0.42037964,0.291198289,0.456559683
2019/10/31 10:00,0.384388778,0.606321923,0.557305965,0.538717019,0.497485295,0.519761073,0.599969471,0.590056018,0.565216322,0.370038,0.553895755
2019/10/31 11:00,0.346069647,0.609102366,0.528819814,0.602695267,0.531587109,0.556689649,0.664978396,0.66381302,0.632998124,0.321971208,0.581587258
2019/10/31 12:00,0.365229213,0.545708267,0.452126333,0.580174028,0.512530213,0.549441984,0.662881334,0.671576915,0.626043313,0.335450256,0.550242602
2019/10/31 13:00,0.346069647,0.435232001,0.384928235,0.507792332,0.439311611,0.499398587,0.604583007,0.60170186,0.568969712,0.366731819,0.484168586
2019/10/31 14:00,0.220335,0.250981316,0.28632233,0.360563928,0.317949271,0.382228014,0.487147529,0.442542013,0.447426124,0.256101901,0.356843241
2019/10/31 15:00,0.080829416,0.114924975,0.125631227,0.193503388,0.167500089,0.225885539,0.308477837,0.256208534,0.29850487,0.187180734,0.198738296
2019/10/31 16:00,0,0.004077983,0.006573727,0.023865791,0.041122776,0.061777711,0.07968836,0.089284792,0.111608145,0.095116297,0.044723907
2019/10/31 17:00,0,0,0,0,0.001002995,0.000172563,0.000209706,0,0.004305359,0.012970404,0.000884191
2019/10/31 18:00,0,0,0,0,0.001002995,0,0,0,0,0,1.88E-05
2019/10/31 19:00,0,0,0,0,0,0,0,0,0,0,0
2019/10/31 20:00,0,0,0,0,0,0,0,0,0,0,0
2019/10/31 21:00,0,0,0,0,0,0,0,0,0,0,0
2019/10/31 22:00,0,0,0,0,0,0,0,0,0,0,0
2019/10/31 23:00,0,0,0,0,0,0,0,0,0,0,0
2019/11/1 0:00,0,0,0,0,0,0,0,0,0,0,0
2019/11/1 1:00,0,0,0,0,0,0,0,0,0,0,0
2019/11/1 2:00,0,0,0,0,0,0,0,0,0,0,0
2019/11/1 3:00,0,0,0,0,0,0,0,0,0,0,0
2019/11/1 4:00,0,0,0,0,0,0,0,0,0,0,0
2019/11/1 5:00,0,0,0,0,0,0,0,0,0,0,0
2019/11/1 6:00,0.007783573,0.017238746,0.01606911,0.016918941,0.014041924,0.017601471,0.002935887,0.019409737,0.002980633,0,0.012840477
2019/11/1 7:00,0.114957392,0.16645585,0.180412285,0.181066286,0.101302449,0.149957627,0.122049015,0.155277899,0.09063332,0.038148247,0.149505204
2019/11/1 8:00,0.261647813,0.330501984,0.393693204,0.382861076,0.238712702,0.319414922,0.322318447,0.329965536,0.238009061,0.181839979,0.332848069
2019/11/1 9:00,0.39576477,0.405573943,0.558036379,0.542078398,0.314940287,0.471788437,0.480856343,0.508535121,0.417619795,0.353252771,0.48620917
2019/11/1 10:00,0.483779023,0.425778495,0.649338142,0.640678851,0.340015151,0.589649265,0.58508033,0.628875493,0.555943242,0.35299845,0.582961414
2019/11/1 11:00,0.578978112,0.442831878,0.666868081,0.660286895,0.321961249,0.637276774,0.620520679,0.675458863,0.643927111,0.432092483,0.621278224
2019/11/1 12:00,0.531079199,0.448578127,0.630347375,0.612107129,0.293877402,0.617949669,0.607099482,0.671576915,0.666005874,0.54882612,0.603498668
2019/11/1 13:00,0.362834267,0.351077261,0.534663127,0.502862309,0.300898364,0.538225361,0.540832319,0.597819913,0.61058818,0.562813811,0.5180926
2019/11/1 14:00,0.204169117,0.297692757,0.371780781,0.367062595,0.235703718,0.401555119,0.427171553,0.442542013,0.490590105,0.462102437,0.388174756
2019/11/1 15:00,0.049695122,0.119373683,0.161421518,0.190814285,0.112335389,0.226575793,0.253325103,0.252326587,0.310537796,0.309255126,0.203825678
2019/11/1 16:00,0,0.003521894,0.008764969,0.019495999,0.025074864,0.062813091,0.055991558,0.085402845,0.107854755,0.142928767,0.041716532
2019/11/1 17:00,0,0,0,0,0.001002995,0.000172563,0.000209706,0,0.004084571,0.02314327,0.000921736
2019/11/1 18:00,0,0,0,0,0.001002995,0,0,0,0,0,1.88E-05
2019/11/1 19:00,0,0,0,0,0,0,0,0,0,0,0
2019/11/1 20:00,0,0,0,0,0,0,0,0,0,0,0
2019/11/1 21:00,0,0,0,0,0,0,0,0,0,0,0
2019/11/1 22:00,0,0,0,0,0,0,0,0,0,0,0
2019/11/1 23:00,0,0,0,0,0,0,0,0,0,0,0
2019/11/2 0:00,0,0,0,0,0,0,0,0,0,0,0
2019/11/2 1:00,0,0,0,0,0,0,0,0,0,0,0
2019/11/2 2:00,0,0,0,0,0,0,0,0,0,0,0
2019/11/2 3:00,0,0,0,0,0,0,0,0,0,0,0
2019/11/2 4:00,0,0,0,0,0,0,0,0,0,0,0
2019/11/2 5:00,0,0,0,0,0,0,0,0,0,0,0
2019/11/2 6:00,0.013172201,0.026877615,0.014608282,0.012885286,0.013038929,0.016393527,0.002726181,0.019409737,0.00231827,0,0.012652751
2019/11/2 7:00,0.181417133,0.212240477,0.177490628,0.160001644,0.14342822,0.156342474,0.127920789,0.147514004,0.082243391,0.04476061,0.152200953
2019/11/2 8:00,0.384388778,0.406315394,0.392232376,0.336922229,0.326976222,0.345989692,0.345176424,0.318319694,0.223437077,0.212358577,0.34007553
2019/11/2 9:00,0.493957542,0.549415524,0.547810581,0.479220609,0.484446365,0.501987039,0.511473449,0.500771226,0.396424182,0.373344182,0.496062922
2019/11/2 10:00,0.582570531,0.650623647,0.632538618,0.604151865,0.590763787,0.601901269,0.616536261,0.624993545,0.516753439,0.490077819,0.601394257
2019/11/2 11:00,0.601730096,0.686027954,0.661024768,0.643704092,0.61784464,0.641935987,0.656170735,0.683222758,0.564333172,0.546791547,0.639264278
2019/11/2 12:00,0.575385694,0.666008764,0.625234477,0.622303312,0.603802716,0.62502477,0.649879549,0.675458863,0.549430007,0.57807311,0.618282112
2019/11/2 13:00,0.477192922,0.580556485,0.531011057,0.538156789,0.517545185,0.550995055,0.588855041,0.60170186,0.498317672,0.545519938,0.540604735
2019/11/2 14:00,0.298769471,0.42095906,0.377624094,0.398211374,0.381137927,0.417430955,0.463241021,0.446423961,0.369488092,0.4687148,0.397666196
2019/11/2 15:00,0.079631943,0.148475653,0.162151932,0.209525962,0.17652704,0.24348701,0.264858945,0.252326587,0.21107297,0.318665027,0.198263349
2019/11/2 16:00,0.001796209,0.003521894,0.008034555,0.026891033,0.031092831,0.068335121,0.048651841,0.081520897,0.087873475,0.157679423,0.039403745
2019/11/2 17:00,0,0,0,0,0.001002995,0,0.000209706,0,0.005188509,0.019837089,0.001066285
2019/11/2 18:00,0,0,0,0,0,0,0,0,0,0,0
2019/11/2 19:00,0,0,0,0,0,0,0,0,0,0,0
2019/11/2 20:00,0,0,0,0,0,0,0,0,0,0,0
2019/11/2 21:00,0,0,0,0,0,0,0,0,0,0,0
2019/11/2 22:00,0,0,0,0,0,0,0,0,0,0,0
2019/11/2 23:00,0,0,0,0,0,0,0,0,0,0,0
2019/11/3 0:00,0,0,0,0,0,0,0,0,0,0,0
2019/11/3 1:00,0,0,0,0,0,0,0,0,0,0,0
2019/11/3 2:00,0,0,0,0,0,0,0,0,0,0,0
2019/11/3 3:00,0,0,0,0,0,0,0,0,0,0,0
2019/11/3 4:00,0,0,0,0,0,0,0,0,0,0,0
2019/11/3 5:00,0,0,0,0,0,0,0,0,0,0,0
2019/11/3 6:00,0.014369674,0.014458303,0.009495383,0.0138937,0.012035935,0.016220963,0.002516475,0.01552779,0.002428664,0,0.010062128
2019/11/3 7:00,0.175429769,0.11270062,0.115405429,0.126499899,0.111332395,0.13856844,0.08744749,0.10869453,0.056852814,0.040945786,0.10798203
2019/11/3 8:00,0.426300327,0.19296274,0.255644938,0.238882006,0.204610887,0.296809112,0.202785906,0.217389059,0.129050367,0.1973536,0.226822147
2019/11/3 9:00,0.605322515,0.234113295,0.322112622,0.453113899,0.293877402,0.408975346,0.201108257,0.283382166,0.225424166,0.327311963,0.323840962
2019/11/3 10:00,0.654418901,0.378140239,0.383467407,0.560902121,0.445329578,0.446594176,0.154343772,0.291146061,0.327096868,0.373344182,0.394540554
2019/11/3 11:00,0.652622691,0.475826468,0.422179355,0.535691778,0.325973227,0.318034415,0.153085534,0.201861269,0.362974857,0.370546644,0.395533626
2019/11/3 12:00,0.616698507,0.455621916,0.368128711,0.337370413,0.269805533,0.138741004,0.159796133,0.271736324,0.303031017,0.30518598,0.317989534
2019/11/3 13:00,0.462224512,0.363496573,0.252723281,0.138376772,0.170509073,0.135117171,0.129808145,0.256208534,0.249158836,0.163274499,0.224918602
2019/11/3 14:00,0.299966943,0.227996321,0.116135843,0.05030864,0.095284482,0.106989331,0.091641614,0.09316674,0.215819904,0.187943699,0.134992086
2019/11/3 15:00,0.085619307,0.082857199,0.013147454,0.019608045,0.040119782,0.061777711,0.042780067,0.038819475,0.097698524,0.198370887,0.048996557
2019/11/3 16:00,0.001197473,0.00129754,0.000730414,0.000112046,0.009026951,0.018981978,0.009227073,0.007763895,0.025942546,0.055187798,0.008629777
2019/11/3 17:00,0,0,0,0,0.001002995,0,0,0,0.000772757,0.008138293,0.000210253
2019/11/3 18:00,0,0,0,0,0.001002995,0,0,0,0,0,1.88E-05
2019/11/3 19:00,0,0,0,0,0,0,0,0,0,0,0
2019/11/3 20:00,0,0,0,0,0,0,0,0,0,0,0
2019/11/3 21:00,0,0,0,0,0,0,0,0,0,0,0
2019/11/3 22:00,0,0,0,0,0,0,0,0,0,0,0
2019/11/3 23:00,0,0,0,0,0,0,0,0,0,0,0
2019/11/4 0:00,0,0,0,0,0,0,0,0,0,0,0
2019/11/4 1:00,0,0,0,0,0,0,0,0,0,0,0
2019/11/4 2:00,0,0,0,0,0,0,0,0,0,0,0
2019/11/4 3:00,0,0,0,0,0,0,0,0,0,0,0
2019/11/4 4:00,0,0,0,0,0,0,0,0,0,0,0
2019/11/4 5:00,0,0,0,0,0.001002995,0,0,0,0,0,1.88E-05
2019/11/4 6:00,0.014369674,0.019648463,0.01241704,0.012437103,0.005014973,0.014495329,0.002097062,0.01552779,0.001545513,0,0.010587762
2019/11/4 7:00,0.173034824,0.193704191,0.164343174,0.15787277,0.046137749,0.132701283,0.110934586,0.120340372,0.076171731,0.008901258,0.137800471
2019/11/4 8:00,0.425102854,0.411134829,0.357172499,0.322804437,0.149446187,0.283866854,0.317914616,0.252326587,0.219131719,0.042471715,0.312765112
2019/11/4 9:00,0.560417284,0.565542093,0.517863603,0.48392654,0.299895369,0.39810385,0.444577168,0.372666959,0.386709527,0.093081724,0.462212121
2019/11/4 10:00,0.574786958,0.654330904,0.604782882,0.568185109,0.393173862,0.471270747,0.482324286,0.477479541,0.480765056,0.170395505,0.542829291
2019/11/4 11:00,0.528684254,0.659150339,0.604052467,0.61345168,0.470404442,0.503367546,0.51419963,0.524062911,0.53474763,0.291706932,0.569386927
2019/11/4 12:00,0.445459892,0.628194741,0.56899259,0.621294898,0.477425404,0.530460006,0.526782003,0.524062911,0.550202764,0.311289699,0.562923512
2019/11/4 13:00,0.384987514,0.528654883,0.484994968,0.555972098,0.377125949,0.501641912,0.501197845,0.485243436,0.495116251,0.24516607,0.499378168
2019/11/4 14:00,0.238297093,0.336433595,0.333068833,0.423309671,0.298892375,0.392236693,0.413540649,0.372666959,0.397638514,0.171667114,0.370261915
2019/11/4 15:00,0.055682487,0.105656832,0.140969923,0.226444903,0.174521051,0.229509372,0.254163928,0.217389059,0.248606867,0.112918812,0.191225491
2019/11/4 16:00,0.000598736,0.002409717,0.006573727,0.034846296,0.032095825,0.061605147,0.058088621,0.073757002,0.088977413,0.050355687,0.039362445
2019/11/4 17:00,0,0,0,0,0.001002995,0,0.000209706,0,0.002980633,0.005849398,0.000587583
2019/11/4 18:00,0,0,0,0,0,0,0,0,0,0,0
2019/11/4 19:00,0,0,0,0,0,0,0,0,0,0,0
2019/11/4 20:00,0,0,0,0,0,0,0,0,0,0,0
2019/11/4 21:00,0,0,0,0,0,0,0,0,0,0,0
2019/11/4 22:00,0,0,0,0,0,0,0,0,0,0,0
2019/11/4 23:00,0,0,0,0,0,0,0,0,0,0,0
2019/11/5 0:00,0,0,0,0,0,0,0,0,0,0,0
2019/11/5 1:00,0,0,0,0,0,0,0,0,0,0,0
2019/11/5 2:00,0,0,0,0,0,0,0,0,0,0,0
2019/11/5 3:00,0,0,0,0,0,0,0,0,0,0,0
2019/11/5 4:00,0,0,0,0,0,0,0,0,0,0,0
2019/11/5 5:00,0,0,0,0,0,0,0,0,0,0,0
2019/11/5 6:00,0.01496841,0.020946003,0.01241704,0.015126206,0.01103294,0.012597131,0.00167765,0.01552779,0.001655907,0,0.01107585
2019/11/5 7:00,0.170639878,0.205752777,0.178951457,0.190590193,0.112335389,0.143227653,0.123307252,0.147514004,0.08599678,0.02619513,0.154785944
2019/11/5 8:00,0.34068102,0.401310597,0.398075689,0.406166638,0.29788938,0.333910251,0.344757011,0.318319694,0.250483562,0.105034841,0.353212615
2019/11/5 9:00,0.441268737,0.562020199,0.560958035,0.560117799,0.440314605,0.486628893,0.509166681,0.496889278,0.443341553,0.260679691,0.516876134
2019/11/5 10:00,0.540658982,0.597424505,0.646416486,0.641463173,0.493473316,0.584127235,0.613180962,0.63275744,0.581554607,0.406660318,0.611234868
2019/11/5 11:00,0.580175585,0.612994986,0.664676838,0.648634115,0.521557164,0.616741725,0.654702792,0.687104705,0.658167913,0.510423551,0.644158302
2019/11/5 12:00,0.54604761,0.605580471,0.631077789,0.624880369,0.552649995,0.60345434,0.651137786,0.67934081,0.657395156,0.567900244,0.628456876
2019/11/5 13:00,0.439472528,0.544781452,0.536123955,0.537820651,0.468398453,0.534601529,0.593887991,0.605583808,0.597340922,0.539161897,0.551783835
2019/11/5 14:00,0.24548193,0.373506168,0.372511195,0.414233947,0.350045096,0.406214331,0.475613687,0.446423961,0.478446785,0.456253039,0.410302052
2019/11/5 15:00,0.064663533,0.121783401,0.155578205,0.22319557,0.184550996,0.233996021,0.293588696,0.252326587,0.298063295,0.329092215,0.212250833
2019/11/5 16:00,0.000598736,0.002780443,0.006573727,0.031148779,0.038113793,0.061087457,0.067105988,0.081520897,0.100127188,0.153610276,0.042677691
2019/11/5 17:00,0,0,0,0,0.001002995,0,0.000209706,0,0.002870239,0.019582767,0.000670183
2019/11/5 18:00,0,0,0,0,0,0,0,0,0,0,0
2019/11/5 19:00,0,0,0,0,0,0,0,0,0,0,0
2019/11/5 20:00,0,0,0,0,0,0,0,0,0,0,0
2019/11/5 21:00,0,0,0,0,0,0,0,0,0,0,0
2019/11/5 22:00,0,0,0,0,0,0,0,0,0,0,0
2019/11/5 23:00,0,0,0,0,0,0,0,0,0,0,0
2019/11/6 0:00,0,0,0,0,0,0,0,0,0,0,0
2019/11/6 1:00,0,0,0,0,0,0,0,0,0,0,0
2019/11/6 2:00,0,0,0,0,0,0,0,0,0,0,0
2019/11/6 3:00,0,0,0,0,0,0,0,0,0,0,0
2019/11/6 4:00,0,0,0,0,0,0,0,0,0,0,0
2019/11/6 5:00,0,0,0,0,0,0,0,0,0,0,0
2019/11/6 6:00,0.007783573,0.0129754,0.011686626,0.019271907,0.01103294,0.011216623,0.00167765,0.01552779,0.001655907,0,0.010400036
2019/11/6 7:00,0.112562446,0.125861384,0.175299386,0.188797458,0.118353356,0.136325115,0.116596654,0.143632057,0.08975017,0.040437142,0.14295168
2019/11/6 8:00,0.255061712,0.249498413,0.394423618,0.39888365,0.24272468,0.323729008,0.33490082,0.318319694,0.250593955,0.202440033,0.330709866
2019/11/6 9:00,0.343075965,0.391857091,0.555845136,0.560678029,0.320958255,0.475757397,0.495116365,0.485243436,0.427776025,0.363171316,0.488215964
2019/11/6 10:00,0.401153397,0.503260171,0.638381931,0.649754574,0.289865424,0.579985713,0.601018002,0.597819913,0.54920922,0.477361736,0.584630301
2019/11/6 11:00,0.367025422,0.593902611,0.652259799,0.676085377,0.3309882,0.622781445,0.641910713,0.652167178,0.618094959,0.546537225,0.624657297
2019/11/6 12:00,0.317929036,0.582410114,0.61866075,0.645496828,0.35305408,0.607423299,0.636458351,0.652167178,0.62074441,0.572223712,0.607087995
2019/11/6 13:00,0.253265503,0.489728682,0.525898158,0.559333477,0.298892375,0.533048458,0.581515324,0.582292123,0.564774747,0.54730019,0.530292931
2019/11/6 14:00,0.162257568,0.34903827,0.367398296,0.416811005,0.263787565,0.402763063,0.465128377,0.427014223,0.448309275,0.452438215,0.395312109
2019/11/6 15:00,0.046102704,0.111217717,0.153386963,0.225100352,0.155464155,0.230372189,0.284571329,0.240680744,0.279185953,0.330872466,0.204848787
2019/11/6 16:00,0,0.002038991,0.005843313,0.030476504,0.034101815,0.058671569,0.062702157,0.07763895,0.096484193,0.158188066,0.040777901
2019/11/6 17:00,0,0,0,0,0.001002995,0,0.000209706,0,0.002428664,0.02161734,0.00061011
2019/11/6 18:00,0,0,0,0,0,0,0,0,0,0,0
2019/11/6 19:00,0,0,0,0,0,0,0,0,0,0,0
2019/11/6 20:00,0,0,0,0,0,0,0,0,0,0,0
2019/11/6 21:00,0,0,0,0,0,0,0,0,0,0,0
2019/11/6 22:00,0,0,0,0,0,0,0,0,0,0,0
2019/11/6 23:00,0,0,0,0,0,0,0,0,0,0,0
2019/11/7 0:00,0,0,0,0,0,0,0,0,0,0,0
2019/11/7 1:00,0,0,0,0,0,0,0,0,0,0,0
2019/11/7 2:00,0,0,0,0,0,0,0,0,0,0,0
2019/11/7 3:00,0,0,0,0,0,0,0,0,0,0,0
2019/11/7 4:00,0,0,0,0,0,0,0,0,0,0,0
2019/11/7 5:00,0,0,0,0,0,0,0,0,0,0,0
2019/11/7 6:00,0.005987364,0.017053383,0.008764969,0.015238252,0.010029945,0.01104406,0.00167765,0.011645842,0.000662363,0,0.008935771
2019/11/7 7:00,0.07005216,0.130310092,0.150465306,0.184203573,0.091272504,0.130803085,0.088915434,0.128104267,0.047579733,0.038911212,0.123398111
2019/11/7 8:00,0.199977962,0.307331626,0.361554984,0.385998363,0.282844462,0.306472665,0.249130979,0.244562692,0.148258891,0.197607922,0.294424255
2019/11/7 9:00,0.219736264,0.475641105,0.528819814,0.544319317,0.388158889,0.433651918,0.362791746,0.372666959,0.247061353,0.350963877,0.43171411
2019/11/7 10:00,0.253265503,0.570917616,0.601861225,0.589361797,0.451347545,0.501124222,0.426332728,0.461951751,0.247171747,0.400556598,0.487647153
2019/11/7 11:00,0.225723628,0.568137173,0.598939569,0.539837479,0.41925172,0.545473025,0.456949835,0.489125383,0.370371243,0.340282367,0.506237686
2019/11/7 12:00,0.179620924,0.411505554,0.514941946,0.472385805,0.418248725,0.520278763,0.390682672,0.438660066,0.460121413,0.342825584,0.460188431
2019/11/7 13:00,0.093402881,0.197967537,0.338181732,0.348911148,0.358069053,0.378431618,0.302606063,0.310555799,0.475576546,0.404371423,0.342187451
2019/11/7 14:00,0.044306495,0.113442072,0.15996069,0.175800125,0.205613882,0.186023385,0.261084233,0.221271007,0.351604294,0.358084883,0.204035932
2019/11/7 15:00,0.013770938,0.036516484,0.046746503,0.04974841,0.081242558,0.096462961,0.194397658,0.174687637,0.191533266,0.268817984,0.09689867
2019/11/7 16:00,0,0.000926814,0.000730414,0.00112046,0.013038929,0.030543728,0.047393604,0.058229212,0.065794713,0.133264544,0.023266794
2019/11/7 17:00,0,0,0,0,0.001002995,0,0,0,0.001876695,0.015767942,0.000454298
2019/11/7 18:00,0,0,0,0,0.001002995,0,0,0,0,0,1.88E-05
2019/11/7 19:00,0,0,0,0,0.001002995,0,0,0,0,0,1.88E-05
2019/11/7 20:00,0,0,0,0,0,0,0,0,0,0,0
2019/11/7 21:00,0,0,0,0,0,0,0,0,0,0,0
2019/11/7 22:00,0,0,0,0,0,0,0,0,0,0,0
2019/11/7 23:00,0,0,0,0,0,0,0,0,0,0,0
2019/11/8 0:00,0,0,0,0,0,0,0,0,0,0,0
2019/11/8 1:00,0,0,0,0,0,0,0,0,0,0,0
2019/11/8 2:00,0,0,0,0,0,0,0,0,0,0,0
2019/11/8 3:00,0,0,0,0,0,0,0,0,0,0,0
2019/11/8 4:00,0,0,0,0,0,0,0,0,0,0,0
2019/11/8 5:00,0,0,0,0,0,0,0,0,0,0,0
2019/11/8 6:00,0.00838231,0.010565683,0.009495383,0.011876873,0.007020962,0.010008679,0.000838825,0.011645842,0.000993544,0,0.00779064
2019/11/8 7:00,0.101186454,0.121041949,0.167264831,0.162354609,0.085254536,0.12200235,0.101707513,0.081520897,0.073853461,0.017548194,0.126225269
2019/11/8 8:00,0.284998533,0.250054501,0.388580306,0.357538687,0.20962586,0.303193959,0.296524583,0.174687637,0.231275038,0.090792829,0.305931876
2019/11/8 9:00,0.407140762,0.333653152,0.551462652,0.495803413,0.323967238,0.446594176,0.417105654,0.275618272,0.414528768,0.233721596,0.448889187
2019/11/8 10:00,0.374808995,0.426705309,0.637651516,0.614123956,0.457365513,0.519070819,0.528669359,0.368785011,0.522383523,0.405643031,0.543758536
2019/11/8 11:00,0.357445639,0.465260785,0.646416486,0.643367954,0.502500267,0.553583507,0.592210341,0.508535121,0.59380832,0.44862339,0.583779901
2019/11/8 12:00,0.356846903,0.452470747,0.596748326,0.625328553,0.519551175,0.562039115,0.56788442,0.613347703,0.586963904,0.447860425,0.56963848
2019/11/8 13:00,0.289189688,0.41966152,0.490838281,0.540621801,0.466392464,0.505093181,0.497423133,0.551236543,0.538942595,0.458796256,0.498195493
2019/11/8 14:00,0.160461359,0.291205057,0.328686349,0.410312339,0.36408702,0.389475678,0.387327372,0.403722539,0.421814759,0.414798611,0.365917929
2019/11/8 15:00,0.029936821,0.075628048,0.12270957,0.218265548,0.18755998,0.223124524,0.21473916,0.213507112,0.258983885,0.269326627,0.180065164
2019/11/8 16:00,0,0.000926814,0.005112899,0.026891033,0.034101815,0.054530046,0.03816653,0.065993107,0.083788904,0.094861975,0.034040405
2019/11/8 17:00,0,0,0,0,0.001002995,0,0,0,0.002207876,0.014750656,0.000503106
2019/11/8 18:00,0,0,0,0,0,0,0,0,0,0,0
2019/11/8 19:00,0,0,0,0,0,0,0,0,0,0,0
2019/11/8 20:00,0,0,0,0,0,0,0,0,0,0,0
2019/11/8 21:00,0,0,0,0,0,0,0,0,0,0,0
2019/11/8 22:00,0,0,0,0,0,0,0,0,0,0,0
2019/11/8 23:00,0,0,0,0,0,0,0,0,0,0,0
2019/11/9 0:00,0,0,0,0,0,0,0,0,0,0,0
2019/11/9 1:00,0,0,0,0,0,0,0,0,0,0,0
2019/11/9 2:00,0,0,0,0,0,0,0,0,0,0,0
2019/11/9 3:00,0,0,0,0,0,0,0,0,0,0,0
2019/11/9 4:00,0,0,0,0,0,0,0,0,0,0,0
2019/11/9 5:00,0,0,0,0,0,0,0,0,0,0,0
2019/11/9 6:00,0.010178519,0.015755843,0.007304141,0.009075723,0.010029945,0.008973299,0.000629119,0.011645842,0.000993544,0,0.007265007
2019/11/9 7:00,0.10178519,0.159597424,0.146082822,0.154735483,0.12136234,0.128732324,0.094996914,0.128104267,0.069327315,0.039674177,0.12588173
2019/11/9 8:00,0.261647813,0.311409609,0.333799247,0.342300435,0.302904353,0.313547766,0.271569544,0.287264114,0.211624939,0.1726844,0.298126217
2019/11/9 9:00,0.374210259,0.40668612,0.460891302,0.467679875,0.425269687,0.468164605,0.414169767,0.458069803,0.375670146,0.324260103,0.434126393
2019/11/9 10:00,0.411930653,0.450431756,0.543428097,0.561126213,0.508518235,0.571357541,0.529088771,0.574528228,0.47248552,0.446080173,0.522674999
2019/11/9 11:00,0.373611522,0.458587721,0.585061701,0.581406533,0.52958112,0.612082512,0.550688511,0.636639388,0.52403943,0.47481852,0.555138503
2019/11/9 12:00,0.298769471,0.434861275,0.571914247,0.588913613,0.440314605,0.594826168,0.52804024,0.636639388,0.516532651,0.480922239,0.541460767
2019/11/9 13:00,0.276017487,0.364794113,0.498142422,0.509248929,0.293877402,0.518553129,0.46051484,0.562882386,0.467186617,0.440739419,0.4720058
2019/11/9 14:00,0.207761536,0.273595585,0.345485873,0.37468172,0.146437204,0.38205545,0.362162627,0.399840591,0.377215659,0.394961522,0.348913683
2019/11/9 15:00,0.056879959,0.072291516,0.13512661,0.189357688,0.064191651,0.208111505,0.205302381,0.221271007,0.234697246,0.287892107,0.170515528
2019/11/9 16:00,0,0.000926814,0.004382485,0.020168274,0.013038929,0.048317762,0.04152183,0.065993107,0.079483545,0.121311427,0.031419746
2019/11/9 17:00,0,0,0,0,0.001002995,0,0,0,0.002207876,0.013987691,0.000497475
2019/11/9 18:00,0,0,0,0,0.001002995,0,0,0,0,0,1.88E-05
2019/11/9 19:00,0,0,0,0,0,0,0,0,0,0,0
2019/11/9 20:00,0,0,0,0,0,0,0,0,0,0,0
2019/11/9 21:00,0,0,0,0,0,0,0,0,0,0,0
2019/11/9 22:00,0,0,0,0,0,0,0,0,0,0,0
2019/11/9 23:00,0,0,0,0,0,0,0,0,0,0,0
2019/11/10 0:00,0,0,0,0,0,0,0,0,0,0,0
2019/11/10 1:00,0,0,0,0,0,0,0,0,0,0,0
2019/11/10 2:00,0,0,0,0,0,0,0,0,0,0,0
2019/11/10 3:00,0,0,0,0,0,0,0,0,0,0,0
2019/11/10 4:00,0,0,0,0,0,0,0,0,0,0,0
2019/11/10 5:00,0,0,0,0,0,0,0,0,0,0,0
2019/11/10 6:00,0.008981046,0.012233949,0.008034555,0.010980505,0.007020962,0.007765355,0.000838825,0.011645842,0.000883151,0,0.007189916
2019/11/10 7:00,0.132320748,0.165529036,0.162882346,0.162690747,0.096287476,0.120104152,0.104014281,0.120340372,0.06976889,0.036876639,0.132168683
2019/11/10 8:00,0.310744199,0.322716743,0.381276164,0.36773487,0.274820505,0.296981676,0.316866085,0.283382166,0.202241465,0.185909126,0.317315597
2019/11/10 9:00,0.490365123,0.484167796,0.547080167,0.530537663,0.428278671,0.455567474,0.493858128,0.461951751,0.360656587,0.348929303,0.481934643
2019/11/10 10:00,0.57598443,0.584449105,0.633999446,0.620174439,0.532590104,0.564972694,0.570191189,0.593937965,0.447205336,0.460576508,0.574744635
2019/11/10 11:00,0.558621074,0.619853412,0.65079897,0.655917103,0.546632027,0.602418959,0.556769991,0.64828523,0.480985843,0.522376668,0.600055768
2019/11/10 12:00,0.5376653,0.605209746,0.615008679,0.607177106,0.511527218,0.581711347,0.483163111,0.605583808,0.492577194,0.556964413,0.571213504
2019/11/10 13:00,0.406542025,0.519942829,0.522246087,0.540397709,0.431287655,0.479036102,0.4085077,0.438660066,0.437380287,0.507880334,0.486261733
2019/11/10 14:00,0.254462976,0.351262624,0.359363741,0.351152067,0.299895369,0.292149899,0.330287283,0.314437746,0.366397065,0.438959167,0.342461531
2019/11/10 15:00,0.061071114,0.097500866,0.142430751,0.127508313,0.116347367,0.154444276,0.168184382,0.155277899,0.198156894,0.306203266,0.147259998
2019/11/10 16:00,0.000598736,0.001668266,0.003652071,0.010308229,0.019056896,0.032959617,0.024745333,0.034937527,0.067561014,0.131738615,0.023161668
2019/11/10 17:00,0,0,0,0,0.001002995,0,0,0,0.001766301,0.015767942,0.000435525
2019/11/10 18:00,0,0,0,0,0,0,0,0,0,0,0
2019/11/10 19:00,0,0,0,0,0,0,0,0,0,0,0
2019/11/10 20:00,0,0,0,0,0,0,0,0,0,0,0
2019/11/10 21:00,0,0,0,0,0,0,0,0,0,0,0
2019/11/10 22:00,0,0,0,0,0,0,0,0,0,0,0
2019/11/10 23:00,0,0,0,0,0,0,0,0,0,0,0
2019/11/11 0:00,0,0,0,0,0,0,0,0,0,0,0
2019/11/11 1:00,0,0,0,0,0,0,0,0,0,0,0
2019/11/11 2:00,0,0,0,0,0,0,0,0,0,0,0
2019/11/11 3:00,0,0,0,0,0,0,0,0,0,0,0
2019/11/11 4:00,0,0,0,0,0,0,0,0,0,0,0
2019/11/11 5:00,0,0,0,0,0,0,0,0,0,0,0
2019/11/11 6:00,0.005987364,0.00389262,0.003652071,0.002240919,0.01103294,0.006902537,0.000209706,0.007763895,0.000772757,0,0.003379073
2019/11/11 7:00,0.128129593,0.054125956,0.079615138,0.081121282,0.074221596,0.088525043,0.051797434,0.069875055,0.048021309,0.020854375,0.070907968
2019/11/11 8:00,0.319126509,0.128827189,0.178951457,0.213783709,0.168503084,0.154789403,0.174056155,0.131986215,0.143732745,0.091555794,0.171938494
2019/11/11 9:00,0.451447256,0.205011326,0.219854647,0.338154734,0.210628855,0.220190946,0.304283713,0.287264114,0.261191762,0.293232862,0.263685955
2019/11/11 10:00,0.480186604,0.231888941,0.254914524,0.336922229,0.2206588,0.262468988,0.454643066,0.349375274,0.36970888,0.363934281,0.31633942
2019/11/11 11:00,0.453243465,0.211313663,0.289243987,0.244036121,0.17652704,0.345817128,0.476242806,0.392076696,0.461446138,0.427514693,0.334980639
2019/11/11 12:00,0.392771088,0.208718583,0.355711671,0.139833369,0.254760615,0.38153776,0.411862999,0.508535121,0.455926448,0.548571798,0.33762007
2019/11/11 13:00,0.293380843,0.167011939,0.367398296,0.180618102,0.163488111,0.301640888,0.374954706,0.415368381,0.424574605,0.537890289,0.31649711
2019/11/11 14:00,0.135913166,0.11789078,0.231541272,0.195072032,0.140419236,0.236929599,0.312042842,0.326083589,0.379313141,0.453455501,0.248348719
2019/11/11 15:00,0.020955774,0.024838624,0.046746503,0.121009647,0.064191651,0.17118293,0.173846449,0.186333479,0.239996149,0.320953922,0.123039554
2019/11/11 16:00,0,0,0.000730414,0.010868459,0.010029945,0.037618829,0.02600357,0.054347265,0.07584055,0.149032487,0.025241675
2019/11/11 17:00,0,0,0,0,0.001002995,0,0,0,0.001876695,0.023906235,0.00051437
2019/11/11 18:00,0,0,0,0,0.001002995,0,0,0,0,0,1.88E-05
2019/11/11 19:00,0,0,0,0,0.001002995,0,0,0,0,0,1.88E-05
2019/11/11 20:00,0,0,0,0,0,0,0,0,0,0,0
2019/11/11 21:00,0,0,0,0,0,0,0,0,0,0,0
2019/11/11 22:00,0,0,0,0,0,0,0,0,0,0,0
2019/11/11 23:00,0,0,0,0,0,0,0,0,0,0,0
2019/11/12 0:00,0,0,0,0,0,0,0,0,0,0,0
2019/11/12 1:00,0,0,0,0,0,0,0,0,0,0,0
2019/11/12 2:00,0,0,0,0,0,0,0,0,0,0,0
2019/11/12 3:00,0,0,0,0,0,0,0,0,0,0,0
2019/11/12 4:00,0,0,0,0,0,0,0,0,0,0,0
2019/11/12 5:00,0,0,0,0,0,0,0,0,0,0,0
2019/11/12 6:00,0.004191155,0.009824232,0.005843313,0.009972091,0.005014973,0.006384847,0.000209706,0.007763895,0.000662363,0,0.005594243
2019/11/12 7:00,0.082625625,0.144026944,0.153386963,0.158208908,0.086257531,0.108369839,0.092270733,0.120340372,0.068112983,0.035096388,0.122431321
2019/11/12 8:00,0.219137528,0.349408996,0.365937468,0.362804848,0.245733664,0.287318123,0.308477837,0.283382166,0.20091674,0.178279476,0.309750228
2019/11/12 9:00,0.271227596,0.430412566,0.527358986,0.51922102,0.354057075,0.427094507,0.465338083,0.461951751,0.355026503,0.329346536,0.454513466
2019/11/12 10:00,0.365229213,0.517903837,0.617930336,0.577821062,0.453353535,0.50957983,0.525314059,0.58617407,0.470608825,0.403354136,0.541826833
2019/11/12 11:00,0.398159715,0.55757149,0.635460274,0.615916692,0.510524224,0.518898256,0.544816737,0.61722965,0.55384576,0.47329259,0.577767028
2019/11/12 12:00,0.447854838,0.543113187,0.604782882,0.615244416,0.498488289,0.479898919,0.473306919,0.609465755,0.560248601,0.512458124,0.559996859
2019/11/12 13:00,0.392771088,0.465816873,0.51202029,0.535131548,0.453353535,0.404488697,0.422767722,0.535708753,0.512779261,0.527463101,0.488077047
2019/11/12 14:00,0.234105938,0.302697554,0.352790014,0.395634317,0.340015151,0.301813452,0.35146761,0.395958644,0.393774731,0.394452879,0.35463558
2019/11/12 15:00,0.052688804,0.082671837,0.138048266,0.203587526,0.167500089,0.185333132,0.218513872,0.217389059,0.231385432,0.245420392,0.174144277
2019/11/12 16:00,0,0.001482903,0.003652071,0.023193516,0.029086842,0.043831113,0.039005355,0.058229212,0.068885739,0.115462029,0.029161399
2019/11/12 17:00,0,0,0,0,0.001002995,0,0,0,0.000993544,0.017039551,0.000313503
2019/11/12 18:00,0,0,0,0,0,0,0,0,0,0,0
2019/11/12 19:00,0,0,0,0,0,0,0,0,0,0,0
2019/11/12 20:00,0,0,0,0,0,0,0,0,0,0,0
2019/11/12 21:00,0,0,0,0,0,0,0,0,0,0,0
2019/11/12 22:00,0,0,0,0,0,0,0,0,0,0,0
2019/11/12 23:00,0,0,0,0,0,0,0,0,0,0,0
2019/11/13 0:00,0,0,0,0,0,0,0,0,0,0,0
2019/11/13 1:00,0,0,0,0,0,0,0,0,0,0,0
2019/11/13 2:00,0,0,0,0,0,0,0,0,0,0,0
2019/11/13 3:00,0,0,0,0,0,0,0,0,0,0,0
2019/11/13 4:00,0,0,0,0,0,0,0,0,0,0,0
2019/11/13 5:00,0,0,0,0,0,0,0,0,0,0,0
2019/11/13 6:00,0.006586101,0.015014392,0.003652071,0.003809563,0.007020962,0.005694593,0.000419412,0.007763895,0.000331181,0,0.004524203
2019/11/13 7:00,0.137110639,0.198523626,0.105910046,0.109693004,0.101302449,0.112683925,0.090383377,0.120340372,0.051443517,0.037385282,0.107092207
2019/11/13 8:00,0.337687338,0.429671115,0.267331564,0.278546279,0.277829489,0.299915254,0.302606063,0.275618272,0.189214995,0.148269522,0.280994317
2019/11/13 9:00,0.487970177,0.598722045,0.376163266,0.414570085,0.428278671,0.452288769,0.463241021,0.438660066,0.336369948,0.299336582,0.421383534
2019/11/13 10:00,0.565805911,0.693071742,0.390041134,0.418379648,0.526572136,0.55375607,0.572707663,0.551236543,0.384612044,0.360882421,0.474363642
2019/11/13 11:00,0.564608438,0.708642223,0.292896057,0.396866822,0.554655984,0.594998732,0.598082115,0.590056018,0.35756556,0.453709823,0.452578008
2019/11/13 12:00,0.461625775,0.64302377,0.221315475,0.383757444,0.54061406,0.576707007,0.559496172,0.57064628,0.304466136,0.486262994,0.40667518
2019/11/13 13:00,0.321521454,0.495289568,0.146082822,0.349359331,0.459371502,0.487319147,0.461773077,0.477479541,0.260970974,0.503556866,0.330454559
2019/11/13 14:00,0.159263886,0.309926706,0.078884724,0.253896166,0.304910342,0.344436621,0.328190221,0.298909956,0.181045853,0.444299922,0.220272377
2019/11/13 15:00,0.025146929,0.066174542,0.032138221,0.096695671,0.130389291,0.186023385,0.134002269,0.12422232,0.082243391,0.30366005,0.088858354
2019/11/13 16:00,0,0.000185363,0.000730414,0.008179356,0.019056896,0.037963956,0.01384061,0.027173632,0.016890253,0.135044796,0.012485674
2019/11/13 17:00,0,0,0,0,0.001002995,0,0,0,0.000331181,0.020854375,0.000229026
2019/11/13 18:00,0,0,0,0,0,0,0,0,0,0,0
2019/11/13 19:00,0,0,0,0,0,0,0,0,0,0,0
2019/11/13 20:00,0,0,0,0,0,0,0,0,0,0,0
2019/11/13 21:00,0,0,0,0,0,0,0,0,0,0,0
2019/11/13 22:00,0,0,0,0,0,0,0,0,0,0,0
2019/11/13 23:00,0,0,0,0,0,0,0,0,0,0,0
2019/11/14 0:00,0,0,0,0,0,0,0,0,0,0,0
2019/11/14 1:00,0,0,0,0,0,0,0,0,0,0,0
2019/11/14 2:00,0,0,0,0,0,0,0,0,0,0,0
2019/11/14 3:00,0,0,0,0,0,0,0,0,0,0,0
2019/11/14 4:00,0,0,0,0,0.001002995,0,0,0,0,0,1.88E-05
2019/11/14 5:00,0,0,0,0,0.001002995,0,0,0,0,0,1.88E-05
2019/11/14 6:00,0.002394946,0.00129754,0.002921656,0,0.001002995,0.003106142,0,0.003881947,0,0,0.00150181
2019/11/14 7:00,0.056281223,0.024467898,0.082536794,0.02196101,0.009026951,0.06022464,0.05976627,0.050465317,0.042501618,0.015513621,0.050988333
2019/11/14 8:00,0.161060095,0.094905786,0.21693299,0.124707164,0.023068875,0.135807425,0.225014765,0.100930635,0.167025839,0.080365641,0.160536
2019/11/14 9:00,0.272425068,0.221879346,0.319921379,0.345437722,0.040119782,0.229509372,0.374325587,0.236798797,0.316499062,0.115970672,0.296468594
2019/11/14 10:00,0.41911549,0.282307639,0.428753082,0.450200704,0.080239564,0.341157915,0.423816253,0.446423961,0.456809598,0.227363555,0.40485799
2019/11/14 11:00,0.431688955,0.354043067,0.526628572,0.467007599,0.155464155,0.369113192,0.424025959,0.566764333,0.538611414,0.10020273,0.463747722
2019/11/14 12:00,0.405943289,0.375915885,0.522976501,0.428687877,0.31995526,0.357206315,0.443948049,0.574528228,0.557930331,0.147252235,0.465371554
2019/11/14 13:00,0.344872175,0.309370617,0.456508818,0.440676796,0.262784571,0.325109516,0.449400411,0.508535121,0.508805084,0.081382928,0.425537916
2019/11/14 14:00,0.191595653,0.199821166,0.303121855,0.331095838,0.163488111,0.254703633,0.38082648,0.376548906,0.397638514,0.192267167,0.31173074
2019/11/14 15:00,0.038319131,0.043930998,0.10664046,0.165715988,0.082245553,0.151510698,0.226063296,0.197979322,0.253353801,0.20040546,0.15321843
2019/11/14 16:00,0.001197473,0.000741451,0.002191242,0.016694849,0.016047913,0.035030378,0.040473299,0.050465317,0.077938032,0.089775542,0.027563849
2019/11/14 17:00,0,0,0,0,0,0,0,0,0.001655907,0.007375328,0.00033603
2019/11/14 18:00,0,0,0,0,0,0,0,0,0.000220788,0,3.75E-05
2019/11/14 19:00,0,0,0,0,0,0,0,0,0,0,0
2019/11/14 20:00,0,0,0,0,0,0,0,0,0,0,0
2019/11/14 21:00,0,0,0,0,0,0,0,0,0,0,0
2019/11/14 22:00,0,0,0,0,0,0,0,0,0,0,0
2019/11/14 23:00,0,0,0,0,0,0,0,0,0,0,0
2019/11/15 0:00,0,0,0,0,0,0,0,0,0,0,0
2019/11/15 1:00,0,0,0,0,0,0,0,0,0,0,0
2019/11/15 2:00,0,0,0,0,0,0,0,0,0,0,0
2019/11/15 3:00,0,0,0,0,0,0,0,0,0,0,0
2019/11/15 4:00,0,0,0,0,0,0,0,0,0,0,0
2019/11/15 5:00,0,0,0,0,0,0,0,0,0,0,0
2019/11/15 6:00,0.005388628,0.012233949,0.003652071,0.006274574,0.005014973,0.003968959,0.000209706,0.007763895,0.000220788,0,0.00435525
2019/11/15 7:00,0.114358655,0.175353268,0.124170398,0.164595528,0.070209618,0.096635525,0.09080279,0.120340372,0.065684319,0.033316136,0.118025385
2019/11/15 8:00,0.279609905,0.385740117,0.334529662,0.376026272,0.215643827,0.279207641,0.318963147,0.295028009,0.212397696,0.142928767,0.31121637
2019/11/15 9:00,0.395166033,0.54200101,0.493759937,0.532554491,0.322964244,0.435377552,0.487357235,0.477479541,0.389248585,0.306457588,0.471990782
2019/11/15 10:00,0.352655748,0.608360914,0.566801348,0.630818806,0.376122955,0.524937976,0.598082115,0.609465755,0.505934845,0.422682582,0.560347907
2019/11/15 11:00,0.282004851,0.542557098,0.572644661,0.647177517,0.412230758,0.562556805,0.64316895,0.656049125,0.577690823,0.501267971,0.579550428
2019/11/15 12:00,0.19698428,0.466187599,0.530280643,0.631266989,0.484446365,0.555481705,0.639603945,0.656049125,0.571950345,0.536873002,0.555146012
2019/11/15 13:00,0.106575082,0.3004732,0.464543373,0.546448191,0.39718584,0.494566811,0.577111494,0.574528228,0.509136265,0.492112392,0.475613899
2019/11/15 14:00,0.039516603,0.108066549,0.331608005,0.405718454,0.271811522,0.371183954,0.454852772,0.411486434,0.407132382,0.414289967,0.343762474
2019/11/15 15:00,0.01496841,0.044301724,0.124170398,0.20874164,0.13239528,0.202934602,0.265068651,0.221271007,0.245626234,0.293741505,0.174763774
2019/11/15 16:00,0,0.000741451,0.002191242,0.02140078,0.020059891,0.041760352,0.045296542,0.058229212,0.079704333,0.129958363,0.030526169
2019/11/15 17:00,0,0,0,0,0.001002995,0,0,0,0.001103938,0.021108697,0.000362312
2019/11/15 18:00,0,0,0,0,0,0,0,0,0,0,0
2019/11/15 19:00,0,0,0,0,0,0,0,0,0,0,0
2019/11/15 20:00,0,0,0,0,0,0,0,0,0,0,0
2019/11/15 21:00,0,0,0,0,0,0,0,0,0,0,0
2019/11/15 22:00,0,0,0,0,0,0,0,0,0,0,0
2019/11/15 23:00,0,0,0,0,0,0,0,0,0,0,0
2019/11/16 0:00,0,0,0,0,0,0,0,0,0,0,0
2019/11/16 1:00,0,0,0,0,0,0,0,0,0,0,0
2019/11/16 2:00,0,0,0,0,0,0,0,0,0,0,0
2019/11/16 3:00,0,0,0,0,0,0,0,0,0,0,0
2019/11/16 4:00,0,0,0,0,0,0,0,0,0,0,0
2019/11/16 5:00,0,0,0,0,0,0,0,0,0,0,0
2019/11/16 6:00,0.003592418,0.008897417,0.003652071,0.006610712,0.002005989,0.003796396,0.000419412,0.007763895,0.000331181,0,0.003979797
2019/11/16 7:00,0.096396563,0.128641826,0.140969923,0.150813874,0.016047913,0.095600144,0.079059242,0.112576477,0.061710141,0.032807493,0.111507529
2019/11/16 8:00,0.271826332,0.269517602,0.360824569,0.339163148,0.068203629,0.276791753,0.287507216,0.275618272,0.205994855,0.161748569,0.292057027
2019/11/16 9:00,0.397560979,0.319750938,0.521515673,0.500285252,0.125374318,0.418121208,0.440173338,0.454187856,0.377767628,0.304168693,0.438389657
2019/11/16 10:00,0.417918017,0.318082672,0.582870458,0.573675361,0.114341378,0.501469349,0.537267313,0.590056018,0.496220189,0.375378755,0.511715539
2019/11/16 11:00,0.428096536,0.311780334,0.585792115,0.593843636,0.173518056,0.55375607,0.56788442,0.64828523,0.564995535,0.431583839,0.539988993
2019/11/16 12:00,0.405344552,0.301400014,0.558036379,0.576924694,0.112335389,0.532013077,0.578789143,0.636639388,0.569632075,0.46718887,0.526209884
2019/11/16 13:00,0.330502501,0.244678978,0.473308342,0.43417813,0.188562975,0.455222347,0.504133732,0.555118491,0.511344142,0.439976454,0.444761086
2019/11/16 14:00,0.185608288,0.146622024,0.322843036,0.286613589,0.137410253,0.345472001,0.372438231,0.388194749,0.395099457,0.367494784,0.313831397
2019/11/16 15:00,0.038319131,0.041335918,0.113214187,0.132214243,0.043128765,0.188094147,0.215997398,0.205743217,0.23480764,0.274921703,0.149150401
2019/11/16 16:00,0,0,0.001460828,0.010868459,0.012035935,0.040207281,0.03544035,0.054347265,0.074074249,0.12944972,0.026148393
2019/11/16 17:00,0,0,0,0,0,0,0,0,0.000993544,0.015513621,0.000283467
2019/11/16 18:00,0,0,0,0,0,0,0,0,0,0,0
2019/11/16 19:00,0,0,0,0,0,0,0,0,0,0,0
2019/11/16 20:00,0,0,0,0,0,0,0,0,0,0,0
2019/11/16 21:00,0,0,0,0,0,0,0,0,0,0,0
2019/11/16 22:00,0,0,0,0,0,0,0,0,0,0,0
2019/11/16 23:00,0,0,0,0,0,0,0,0,0,0,0
2019/11/17 0:00,0,0,0,0,0,0,0,0,0,0,0
2019/11/17 1:00,0,0,0,0,0,0,0,0,0,0,0
2019/11/17 2:00,0,0,0,0,0,0,0,0,0,0,0
2019/11/17 3:00,0,0,0,0,0,0,0,0,0,0,0
2019/11/17 4:00,0,0,0,0,0,0,0,0,0,0,0
2019/11/17 5:00,0,0,0,0,0,0,0,0,0,0,0
2019/11/17 6:00,0.002993682,0.007043789,0.002921656,0.006834804,0.004011978,0.003796396,0.000209706,0.003881947,0.000441575,0,0.003472936
2019/11/17 7:00,0.071249633,0.131978358,0.135857024,0.13008537,0.057170689,0.096290398,0.066896281,0.100930635,0.05762557,0.025686487,0.104715592
2019/11/17 8:00,0.199379226,0.334579967,0.350598772,0.327958551,0.191571958,0.269716652,0.23025742,0.252326587,0.176298919,0.159968318,0.282094393
2019/11/17 9:00,0.343075965,0.511416137,0.511289876,0.486055414,0.356063064,0.425541436,0.35754909,0.399840591,0.332506165,0.318156384,0.438586769
2019/11/17 10:00,0.41911549,0.596497691,0.586522529,0.593507498,0.420254715,0.524420286,0.46995162,0.531826806,0.450517151,0.435144343,0.536260749
2019/11/17 11:00,0.448453574,0.655257718,0.610626194,0.61401191,0.418248725,0.545645589,0.480227224,0.58617407,0.488051047,0.486262994,0.565341426
2019/11/17 12:00,0.467613139,0.646360301,0.594557084,0.558661202,0.384146911,0.44279778,0.478130162,0.582292123,0.413093648,0.437433237,0.526328152
2019/11/17 13:00,0.380796359,0.552195967,0.504716149,0.468800334,0.347036113,0.369976009,0.388375903,0.496889278,0.359442255,0.370292322,0.445523255
2019/11/17 14:00,0.223927419,0.348482181,0.324303864,0.346782274,0.26479056,0.271787414,0.257309521,0.333847484,0.298063295,0.222277122,0.309793405
2019/11/17 15:00,0.045503967,0.080262119,0.119787914,0.137928588,0.100299455,0.13908613,0.146165229,0.155277899,0.192195628,0.193284454,0.135162917
2019/11/17 16:00,0,0.000926814,0.001460828,0.01277324,0.013038929,0.029853475,0.020551209,0.034937527,0.068444164,0.12182007,0.022168596
2019/11/17 17:00,0,0,0,0,0.001002995,0,0,0,0.001545513,0.008138293,0.000341662
2019/11/17 18:00,0,0,0,0,0,0,0,0,0,0,0
2019/11/17 19:00,0,0,0,0,0,0,0,0,0,0,0
2019/11/17 20:00,0,0,0,0,0,0,0,0,0,0,0
2019/11/17 21:00,0,0,0,0,0,0,0,0,0,0,0
2019/11/17 22:00,0,0,0,0,0,0,0,0,0,0,0
2019/11/17 23:00,0,0,0,0,0,0,0,0,0,0,0
2019/11/18 0:00,0,0,0,0,0,0,0,0,0,0,0
2019/11/18 1:00,0,0,0,0,0,0,0,0,0,0,0
2019/11/18 2:00,0,0,0,0,0,0,0,0,0,0,0
2019/11/18 3:00,0,0,0,0,0,0,0,0,0,0,0
2019/11/18 4:00,0,0,0,0,0,0,0,0,0,0,0
2019/11/18 5:00,0,0,0,0,0,0,0,0,0,0,0
2019/11/18 6:00,0.001197473,0.007599877,0.001460828,0.000784322,0.004011978,0.003451269,0.000209706,0.003881947,0.000110394,0,0.001989898
2019/11/18 7:00,0.061669851,0.074515871,0.058433129,0.090981327,0.082245553,0.09335682,0.046135366,0.081520897,0.026384121,0.007629649,0.064052204
2019/11/18 8:00,0.094600353,0.119002958,0.133665782,0.289190646,0.238712702,0.236066782,0.136309037,0.182451532,0.082574572,0.052644581,0.163428862
2019/11/18 9:00,0.09519909,0.152553636,0.243958312,0.469808748,0.328982211,0.3152734,0.156231127,0.263972429,0.123972252,0.102745946,0.248895002
2019/11/18 10:00,0.096995299,0.157929159,0.397345275,0.536588146,0.393173862,0.351339158,0.163780551,0.298909956,0.11668626,0.15259299,0.306725958
2019/11/18 11:00,0.073045843,0.162007142,0.497412008,0.455690956,0.212634844,0.340812789,0.080946598,0.333847484,0.102114277,0.129704041,0.305655918
2019/11/18 12:00,0.04011534,0.150143919,0.492299109,0.386782685,0.083248547,0.296118858,0.061863332,0.310555799,0.076282125,0.225328982,0.276757335
2019/11/18 13:00,0.032331766,0.160894965,0.403919002,0.248293867,0.041122776,0.202934602,0.063540982,0.201861269,0.053982575,0.157425101,0.211359134
2019/11/18 14:00,0.020357038,0.117149329,0.276826947,0.131878106,0.026077858,0.151165571,0.042360655,0.07763895,0.042060043,0.079094033,0.137961915
2019/11/18 15:00,0.007184837,0.032253138,0.11029253,0.028011492,0.016047913,0.059879513,0.023696802,0.01552779,0.038306653,0.042980359,0.053049568
2019/11/18 16:00,0,0,0.001460828,0.000112046,0.002005989,0.010353806,0.006710599,0.003881947,0.014351196,0.019837089,0.004933446
2019/11/18 17:00,0,0,0,0,0.001002995,0,0,0,0.000441575,0.007883971,0.000152058
2019/11/18 18:00,0,0,0,0,0.001002995,0,0,0,0,0,1.88E-05
2019/11/18 19:00,0,0,0,0,0.001002995,0,0,0,0,0,1.88E-05
2019/11/18 20:00,0,0,0,0,0,0,0,0,0,0,0
2019/11/18 21:00,0,0,0,0,0,0,0,0,0,0,0
2019/11/18 22:00,0,0,0,0,0,0,0,0,0,0,0
2019/11/18 23:00,0,0,0,0,0,0,0,0,0,0,0
2019/11/19 0:00,0,0,0,0,0,0,0,0,0,0,0
2019/11/19 1:00,0,0,0,0,0,0,0,0,0,0,0
2019/11/19 2:00,0,0,0,0,0,0,0,0,0,0,0
2019/11/19 3:00,0,0,0,0,0,0,0,0,0,0,0
2019/11/19 4:00,0,0,0,0,0.001002995,0,0,0,0,0,1.88E-05
2019/11/19 5:00,0,0,0,0,0.001002995,0,0,0,0,0,1.88E-05
2019/11/19 6:00,0.001796209,0.003151169,0.002191242,0.001232506,0.002005989,0.002588452,0,0.003881947,0,0,0.001651991
2019/11/19 7:00,0.093402881,0.062096559,0.105910046,0.124595118,0.023068875,0.074892532,0.053265378,0.058229212,0.027488059,0.005340755,0.07818987
2019/11/19 8:00,0.262845286,0.101393486,0.255644938,0.333112666,0.070209618,0.224159905,0.20089855,0.12422232,0.118783743,0.056713728,0.210334148
2019/11/19 9:00,0.367624158,0.170348471,0.40172776,0.473170127,0.12136234,0.358241696,0.278280142,0.217389059,0.248496473,0.141148516,0.331271168
2019/11/19 10:00,0.434682637,0.290648968,0.517133189,0.541966352,0.235703718,0.425541436,0.310784605,0.310555799,0.344428697,0.150049773,0.419999991
2019/11/19 11:00,0.429892745,0.341623755,0.561688449,0.597092969,0.318952265,0.445386232,0.346015249,0.349375274,0.400619147,0.206000536,0.464416027
2019/11/19 12:00,0.405943289,0.341809118,0.550001823,0.575468097,0.247739653,0.427094507,0.350838492,0.399840591,0.427996813,0.142928767,0.460796665
2019/11/19 13:00,0.322718927,0.314931503,0.467465029,0.491097482,0.162485116,0.37653342,0.313510786,0.403722539,0.37898196,0.108086701,0.401274295
2019/11/19 14:00,0.187404498,0.205382051,0.298008956,0.370760111,0.113338384,0.285592489,0.250389216,0.310555799,0.290446122,0.07705946,0.285969064
2019/11/19 15:00,0.034726712,0.041892007,0.097145076,0.169973735,0.054161705,0.157205291,0.141761399,0.163041794,0.168460959,0.060274231,0.126559422
2019/11/19 16:00,0,0,0.001460828,0.011652781,0.010029945,0.030198602,0.022019152,0.038819475,0.047248552,0.025432165,0.017871541
2019/11/19 17:00,0,0,0,0,0,0,0,0,0.000551969,0.004323468,0.000125777
2019/11/19 18:00,0,0,0,0,0,0,0,0,0,0,0
2019/11/19 19:00,0,0,0,0,0,0,0,0,0,0,0
2019/11/19 20:00,0,0,0,0,0,0,0,0,0,0,0
2019/11/19 21:00,0,0,0,0,0,0,0,0,0,0,0
2019/11/19 22:00,0,0,0,0,0,0,0,0,0,0,0
2019/11/19 23:00,0,0,0,0,0,0,0,0,0,0,0
2019/11/20 0:00,0,0,0,0,0,0,0,0,0,0,0
2019/11/20 1:00,0,0,0,0,0,0,0,0,0,0,0
2019/11/20 2:00,0,0,0,0,0,0,0,0,0,0,0
2019/11/20 3:00,0,0,0,0,0,0,0,0,0,0,0
2019/11/20 4:00,0,0,0,0,0,0,0,0,0,0,0
2019/11/20 5:00,0,0,0,0,0,0,0,0,0,0,0
2019/11/20 6:00,0.001796209,0.004263346,0.001460828,0.003361379,0.002005989,0.001898198,0,0.003881947,0.000110394,0,0.001877263
2019/11/20 7:00,0.062268587,0.079520668,0.121979156,0.145771806,0.031092831,0.06574667,0.04152183,0.081520897,0.045923826,0.015513621,0.089096766
2019/11/20 8:00,0.162856305,0.208162494,0.333068833,0.342300435,0.094281487,0.21535917,0.188106472,0.186333479,0.194072323,0.068412524,0.253691408
2019/11/20 9:00,0.279609905,0.281195462,0.49960325,0.470481024,0.141422231,0.3383969,0.317914616,0.353257221,0.383287319,0.107069415,0.395447272
2019/11/20 10:00,0.359840585,0.367945282,0.597478741,0.553731179,0.192574953,0.390338495,0.442480106,0.527944858,0.508363509,0.208289431,0.494074901
2019/11/20 11:00,0.357445639,0.435788089,0.607704538,0.555748006,0.246736658,0.408457656,0.464079846,0.593937965,0.581996182,0.199642495,0.524403958
2019/11/20 12:00,0.302361889,0.442646515,0.574105489,0.533450858,0.232694735,0.363763726,0.417944479,0.605583808,0.610367392,0.189978272,0.507061805
2019/11/20 13:00,0.23709962,0.402237411,0.476960413,0.456027094,0.205613882,0.292149899,0.355452028,0.516299016,0.564443566,0.214647472,0.437146909
2019/11/20 14:00,0.121543492,0.269146876,0.312617238,0.339835424,0.146437204,0.205695617,0.316236967,0.345493326,0.443120765,0.147760878,0.314931473
2019/11/20 15:00,0.020955774,0.067842808,0.102988389,0.170533965,0.065194645,0.131148212,0.188525884,0.178569584,0.26549712,0.079094033,0.149300582
2019/11/20 16:00,0,0.000926814,0.000730414,0.012325057,0.009026951,0.027265023,0.029568576,0.04658337,0.076392519,0.020854375,0.023525857
2019/11/20 17:00,0,0,0,0,0,0,0,0,0.000662363,0.005340755,0.000152058
2019/11/20 18:00,0,0,0,0,0,0,0,0,0,0,0
2019/11/20 19:00,0,0,0,0,0,0,0,0,0,0,0
2019/11/20 20:00,0,0,0,0,0,0,0,0,0,0,0
2019/11/20 21:00,0,0,0,0,0,0,0,0,0,0,0
2019/11/20 22:00,0,0,0,0,0,0,0,0,0,0,0
2019/11/20 23:00,0,0,0,0,0,0,0,0,0,0,0
2019/11/21 0:00,0,0,0,0,0,0,0,0,0,0,0
2019/11/21 1:00,0,0,0,0,0,0,0,0,0,0,0
2019/11/21 2:00,0,0,0,0,0,0,0,0,0,0,0
2019/11/21 3:00,0,0,0,0,0,0,0,0,0,0,0
2019/11/21 4:00,0,0,0,0,0,0,0,0,0,0,0
2019/11/21 5:00,0,0,0,0,0,0,0,0,0,0,0
2019/11/21 6:00,0.001197473,0.006673063,0.001460828,0.002689103,0.003008984,0.001898198,0.000209706,0.003881947,0,0,0.002008671
2019/11/21 7:00,0.056879959,0.120485861,0.118327086,0.148236817,0.082245553,0.074374841,0.066476869,0.09316674,0.047800521,0.004323468,0.097480622
2019/11/21 8:00,0.185009552,0.283234454,0.333068833,0.35496163,0.247739653,0.228128864,0.281845148,0.229034902,0.206767612,0.012970404,0.280577565
2019/11/21 9:00,0.276616223,0.452841473,0.510559462,0.500509344,0.401197818,0.393789764,0.454643066,0.395958644,0.389358978,0.021108697,0.446174665
2019/11/21 10:00,0.297571998,0.498996825,0.60989578,0.615580554,0.493473316,0.492841177,0.560964115,0.516299016,0.506266026,0.051627295,0.544261643
2019/11/21 11:00,0.295177052,0.491396948,0.633269032,0.631266989,0.511527218,0.490942979,0.604373301,0.539590701,0.588399023,0.079094033,0.571365562
2019/11/21 12:00,0.299966943,0.445056233,0.600400397,0.605048233,0.480434387,0.45936387,0.603534476,0.535708753,0.586632722,0.073244635,0.549358411
2019/11/21 13:00,0.256259185,0.361642944,0.505446563,0.506671872,0.4413176,0.389303114,0.543139087,0.512417068,0.519734072,0.078331068,0.472428184
2019/11/21 14:00,0.164652514,0.249683776,0.33964256,0.369639652,0.312934298,0.314238019,0.433043326,0.384312801,0.392670793,0.059002623,0.344274967
2019/11/21 15:00,0.026943139,0.060799019,0.1190575,0.192382929,0.149446187,0.178085467,0.252695985,0.201861269,0.227190467,0.023651913,0.163196081
2019/11/21 16:00,0,0.000185363,0.001460828,0.016582803,0.02206588,0.033822434,0.03984418,0.04658337,0.06281408,0.011444474,0.023850623
2019/11/21 17:00,0,0,0,0,0.001002995,0,0,0,0.000551969,0.003814825,0.000140795
2019/11/21 18:00,0,0,0,0,0,0,0,0,0,0,0
2019/11/21 19:00,0,0,0,0,0,0,0,0,0,0,0
2019/11/21 20:00,0,0,0,0,0,0,0,0,0,0,0
2019/11/21 21:00,0,0,0,0,0,0,0,0,0,0,0
2019/11/21 22:00,0,0,0,0,0,0,0,0,0,0,0
2019/11/21 23:00,0,0,0,0,0,0,0,0,0,0,0
2019/11/22 0:00,0,0,0,0,0,0,0,0,0,0,0
2019/11/22 1:00,0,0,0,0,0,0,0,0,0,0,0
2019/11/22 2:00,0,0,0,0,0,0,0,0,0,0,0
2019/11/22 3:00,0,0,0,0,0,0,0,0,0,0,0
2019/11/22 4:00,0,0,0,0,0,0,0,0,0,0,0
2019/11/22 5:00,0,0,0,0,0,0,0,0,0,0,0
2019/11/22 6:00,0.001796209,0.00519016,0.001460828,0.000224092,0.003008984,0.001207944,0,0.003881947,0,0,0.001370402
2019/11/22 7:00,0.107772555,0.092681431,0.05332023,0.026330803,0.048143738,0.040724971,0.055781852,0.04658337,0.00927308,0.004323468,0.045067446
2019/11/22 8:00,0.296973261,0.235596198,0.10664046,0.05781572,0.1654941,0.117515701,0.219562403,0.100930635,0.026273727,0.033824779,0.115400972
2019/11/22 9:00,0.458033357,0.327165452,0.117596671,0.090533143,0.271811522,0.182054426,0.241581555,0.09316674,0.043936738,0.10172866,0.152133372
2019/11/22 10:00,0.507728479,0.363681936,0.134396196,0.105211165,0.292874407,0.160311433,0.191881183,0.073757002,0.065021956,0.119276854,0.160522859
2019/11/22 11:00,0.526289308,0.34644319,0.111753359,0.093894522,0.273817511,0.118033391,0.15832819,0.06211116,0.084782448,0.148269522,0.146694942
2019/11/22 12:00,0.49096386,0.286014897,0.073771825,0.051317054,0.270808527,0.096290398,0.13064697,0.038819475,0.102335065,0.110375596,0.119251238
2019/11/22 13:00,0.375407732,0.232074304,0.030677393,0.034061975,0.155464155,0.070923573,0.122678134,0.019409737,0.073632673,0.080619963,0.084527509
2019/11/22 14:00,0.210156481,0.13531489,0.010225798,0.017030987,0.103308438,0.046937255,0.091222202,0.011645842,0.055969663,0.108341023,0.05186126
2019/11/22 15:00,0.035325448,0.035775032,0.003652071,0.002016827,0.045134755,0.035202941,0.030197694,0.003881947,0.036650746,0.090284186,0.02047155
2019/11/22 16:00,0,0,0,0,0.006017967,0.006902537,0.004613537,0,0.010597806,0.035605031,0.003341528
2019/11/22 17:00,0,0,0,0,0.001002995,0,0,0,0,0.00305186,4.13E-05
2019/11/22 18:00,0,0,0,0,0,0,0,0,0,0,0
2019/11/22 19:00,0,0,0,0,0,0,0,0,0,0,0
2019/11/22 20:00,0,0,0,0,0,0,0,0,0,0,0
2019/11/22 21:00,0,0,0,0,0,0,0,0,0,0,0
2019/11/22 22:00,0,0,0,0,0,0,0,0,0,0,0
2019/11/22 23:00,0,0,0,0,0,0,0,0,0,0,0
2019/11/23 0:00,0,0,0,0,0,0,0,0,0,0,0
2019/11/23 1:00,0,0,0,0,0,0,0,0,0,0,0
2019/11/23 2:00,0,0,0,0,0,0,0,0,0,0,0
2019/11/23 3:00,0,0,0,0,0,0,0,0,0,0,0
2019/11/23 4:00,0,0,0,0,0,0,0,0,0,0,0
2019/11/23 5:00,0,0,0,0,0,0,0,0,0,0,0
2019/11/23 6:00,0.000598736,0.002965806,0.000730414,0.000336138,0.003008984,0.001207944,0,0.003881947,0,0,0.000938631
2019/11/23 7:00,0.075440788,0.06802817,0.050398573,0.110925509,0.080239564,0.070233319,0.063750688,0.069875055,0.026273727,0.015767942,0.063605416
2019/11/23 8:00,0.249074348,0.157002344,0.094953834,0.305549358,0.246736658,0.246075462,0.281216029,0.163041794,0.128056823,0.095879262,0.186237604
2019/11/23 9:00,0.396363506,0.224845152,0.097145076,0.45389822,0.407215785,0.395687962,0.452546004,0.279500219,0.261854124,0.22507466,0.287099176
2019/11/23 10:00,0.486173968,0.285829534,0.10664046,0.542414536,0.517545185,0.507681632,0.563690296,0.403722539,0.369929667,0.32527739,0.362685282
2019/11/23 11:00,0.477192922,0.284717357,0.105179632,0.553843225,0.553652989,0.553410943,0.610874194,0.520180963,0.454380934,0.347403373,0.393860985
2019/11/23 12:00,0.396363506,0.274893125,0.092762592,0.499052746,0.539611065,0.542366883,0.606889776,0.582292123,0.467848979,0.336213221,0.381350906
2019/11/23 13:00,0.296973261,0.244308253,0.068658926,0.434402222,0.460374496,0.473168945,0.549849686,0.520180963,0.422145941,0.333924326,0.333200994
2019/11/23 14:00,0.168843669,0.15088537,0.038711948,0.307230047,0.323967238,0.348578143,0.433462739,0.357139169,0.323012297,0.280771101,0.239058145
2019/11/23 15:00,0.025745666,0.032623864,0.010956212,0.116639854,0.151452176,0.184125188,0.248082448,0.186333479,0.195838624,0.145980627,0.114933533
2019/11/23 16:00,0,0,0,0.004257747,0.02206588,0.033477307,0.036698587,0.04658337,0.053982575,0.071718705,0.020015375
2019/11/23 17:00,0,0,0,0,0.001002995,0,0,0,0.000883151,0.007883971,0.000227149
2019/11/23 18:00,0,0,0,0,0.001002995,0,0,0,0,0,1.88E-05
2019/11/23 19:00,0,0,0,0,0,0,0,0,0,0,0
2019/11/23 20:00,0,0,0,0,0,0,0,0,0,0,0
2019/11/23 21:00,0,0,0,0,0,0,0,0,0,0,0
2019/11/23 22:00,0,0,0,0,0,0,0,0,0,0,0
2019/11/23 23:00,0,0,0,0,0,0,0,0,0,0,0
2019/11/24 0:00,0,0,0,0,0,0,0,0,0,0,0
2019/11/24 1:00,0,0,0,0,0,0,0,0,0,0,0
2019/11/24 2:00,0,0,0,0,0,0,0,0,0,0,0
2019/11/24 3:00,0,0,0,0,0,0,0,0,0,0,0
2019/11/24 4:00,0,0,0,0,0,0,0,0,0,0,0
2019/11/24 5:00,0,0,0,0,0,0,0,0,0,0,0
2019/11/24 6:00,0,0.001853629,0.000730414,0.000112046,0.003008984,0.001207944,0.000209706,0,0,0,0.000600724
2019/11/24 7:00,0.050892595,0.041521281,0.039442362,0.049300226,0.051152722,0.064193599,0.042150948,0.058229212,0.002759845,0.027212417,0.039398113
2019/11/24 8:00,0.130524538,0.095461874,0.119787914,0.141962243,0.137410253,0.166351154,0.154763184,0.143632057,0.009383474,0.137333691,0.112410492
2019/11/24 9:00,0.23709962,0.145509847,0.17237773,0.252551614,0.295883391,0.283176601,0.179298811,0.174687637,0.009162686,0.267292054,0.173160592
2019/11/24 10:00,0.303559362,0.232074304,0.251262453,0.335017447,0.324970233,0.304401903,0.161683489,0.170805689,0.007727567,0.320190957,0.2193375
2019/11/24 11:00,0.309546726,0.255615387,0.298008956,0.386334501,0.352051085,0.276274063,0.15497289,0.178569584,0.014571983,0.311798342,0.240845299
2019/11/24 12:00,0.268233914,0.216503823,0.295817714,0.343644987,0.344027129,0.256084141,0.120161659,0.120340372,0.072859917,0.404117101,0.230188079
2019/11/24 13:00,0.2137489,0.177021534,0.235923757,0.232495386,0.222664789,0.162554758,0.088705727,0.054347265,0.218690144,0.346131765,0.196382332
2019/11/24 14:00,0.109568764,0.126417472,0.133665782,0.093894522,0.113338384,0.093529383,0.094158089,0.011645842,0.300491959,0.326548998,0.141121349
2019/11/24 15:00,0.017962092,0.039667653,0.030677393,0.016918941,0.057170689,0.037618829,0.077381592,0.019409737,0.198267288,0.235756169,0.063783756
2019/11/24 16:00,0,0,0,0,0.009026951,0.008973299,0.015308553,0.011645842,0.052768243,0.107832379,0.012847986
2019/11/24 17:00,0,0,0,0,0.001002995,0,0,0,0.000331181,0.011953118,0.000163322
2019/11/24 18:00,0,0,0,0,0.001002995,0,0,0,0,0,1.88E-05
2019/11/24 19:00,0,0,0,0,0,0,0,0,0,0,0
2019/11/24 20:00,0,0,0,0,0,0,0,0,0,0,0
2019/11/24 21:00,0,0,0,0,0,0,0,0,0,0,0
2019/11/24 22:00,0,0,0,0,0,0,0,0,0,0,0
2019/11/24 23:00,0,0,0,0,0,0,0,0,0,0,0
2019/11/25 0:00,0,0,0,0,0,0,0,0,0,0,0
2019/11/25 1:00,0,0,0,0,0,0,0,0,0,0,0
2019/11/25 2:00,0,0,0,0,0,0,0,0,0,0,0
2019/11/25 3:00,0,0,0,0,0,0,0,0,0,0,0
2019/11/25 4:00,0,0,0,0,0.001002995,0,0,0,0,0,1.88E-05
2019/11/25 5:00,0,0,0,0,0.001002995,0,0,0,0,0,1.88E-05
2019/11/25 6:00,0,0.00389262,0.000730414,0,0.001002995,0.000862817,0,0,0,0,0.000694587
2019/11/25 7:00,0.026943139,0.06413555,0.083997622,0.025994665,0.005014973,0.062295401,0.031875344,0.050465317,0.023182701,0.011953118,0.049479014
2019/11/25 8:00,0.049695122,0.169607019,0.226428374,0.170646011,0.01103294,0.152200952,0.115757829,0.10869453,0.108517118,0.144200375,0.157421621
2019/11/25 9:00,0.110766237,0.233927932,0.325034278,0.34577386,0.023068875,0.154444276,0.200059726,0.135868162,0.213832816,0.218716619,0.248324314
2019/11/25 10:00,0.231112256,0.237079101,0.352790014,0.346222044,0.032095825,0.140294074,0.249760098,0.182451532,0.317823788,0.304677336,0.283275192
2019/11/25 11:00,0.262246549,0.228552409,0.331608005,0.294344761,0.047140744,0.11147598,0.293169283,0.244562692,0.375007783,0.282042709,0.282845298
2019/11/25 12:00,0.279011169,0.185548225,0.358633327,0.275633084,0.065194645,0.106471641,0.260455114,0.302791904,0.369488092,0.285348891,0.281593164
2019/11/25 13:00,0.225723628,0.139578235,0.33599049,0.26767782,0.049146733,0.104746006,0.157279659,0.240680744,0.30601165,0.240333959,0.24426004
2019/11/25 14:00,0.140703057,0.092866794,0.189177254,0.174903758,0.028083847,0.106816768,0.102546337,0.097048687,0.215378329,0.175481938,0.155681398
2019/11/25 15:00,0.020955774,0.028916607,0.055511472,0.075294891,0.012035935,0.075582786,0.034601525,0.034937527,0.107633968,0.084434788,0.062629239
2019/11/25 16:00,0,0,0.000730414,0.000224092,0.003008984,0.012597131,0.004823243,0.007763895,0.032676569,0.02619513,0.00820927
2019/11/25 17:00,0,0,0,0,0,0,0,0,0.000220788,0.009155579,0.000105127
2019/11/25 18:00,0,0,0,0,0,0,0,0,0,0,0
2019/11/25 19:00,0,0,0,0,0,0,0,0,0,0,0
2019/11/25 20:00,0,0,0,0,0,0,0,0,0,0,0
2019/11/25 21:00,0,0,0,0,0,0,0,0,0,0,0
2019/11/25 22:00,0,0,0,0,0,0,0,0,0,0,0
2019/11/25 23:00,0,0,0,0,0,0,0,0,0,0,0
2019/11/26 0:00,0,0,0,0,0,0,0,0,0,0,0
2019/11/26 1:00,0,0,0,0,0,0,0,0,0,0,0
2019/11/26 2:00,0,0,0,0,0,0,0,0,0,0,0
2019/11/26 3:00,0,0,0,0,0,0,0,0,0,0,0
2019/11/26 4:00,0,0,0,0,0,0,0,0,0,0,0
2019/11/26 5:00,0,0,0,0,0,0,0,0,0,0,0
2019/11/26 6:00,0.000598736,0.003151169,0,0,0.001002995,0.00051769,0,0,0,0,0.000412998
2019/11/26 7:00,0.08681678,0.088232722,0.042364018,0.006610712,0.041122776,0.052976975,0.043618892,0.054347265,0.026163334,0.021363019,0.041326062
2019/11/26 8:00,0.271227596,0.284717357,0.090571349,0.057143444,0.13239528,0.170320113,0.240323318,0.12422232,0.12882958,0.091047151,0.141297811
2019/11/26 9:00,0.437077582,0.431710106,0.098605905,0.115183256,0.225673773,0.27057947,0.414798886,0.221271007,0.268256966,0.138096656,0.230195588
2019/11/26 10:00,0.52090068,0.536810849,0.127822469,0.127396267,0.291871413,0.317344161,0.512312274,0.341611379,0.338798612,0.264240194,0.286825095
2019/11/26 11:00,0.49754996,0.616146154,0.143891579,0.145211576,0.317949271,0.338742027,0.528249946,0.411486434,0.381631411,0.29145261,0.316348806
2019/11/26 12:00,0.45084852,0.574068785,0.166534417,0.141738151,0.301901358,0.303539086,0.504762851,0.361021116,0.368494548,0.391401019,0.305691586
2019/11/26 13:00,0.353853221,0.492509125,0.143891579,0.105099119,0.270808527,0.267473328,0.426123021,0.244562692,0.343876727,0.387077551,0.261037137
2019/11/26 14:00,0.195188071,0.332911701,0.093493006,0.061961421,0.188562975,0.209492013,0.30113812,0.159159847,0.23944418,0.304423015,0.178184147
2019/11/26 15:00,0.036522921,0.076554862,0.029216564,0.018375539,0.079236569,0.106471641,0.164619376,0.06211116,0.106088454,0.238808029,0.070095113
2019/11/26 16:00,0,0.000741451,0,0.000112046,0.013038929,0.020535049,0.01824444,0.007763895,0.019760493,0.12639786,0.008873821
2019/11/26 17:00,0,0,0,0,0,0,0,0,0,0.016785229,0.000123899
2019/11/26 18:00,0,0,0,0,0,0,0,0,0,0,0
2019/11/26 19:00,0,0,0,0,0,0,0,0,0,0,0
2019/11/26 20:00,0,0,0,0,0,0,0,0,0,0,0
2019/11/26 21:00,0,0,0,0,0,0,0,0,0,0,0
2019/11/26 22:00,0,0,0,0,0,0,0,0,0,0,0
2019/11/26 23:00,0,0,0,0,0,0,0,0,0,0,0
2019/11/27 0:00,0,0,0,0,0,0,0,0,0,0,0
2019/11/27 1:00,0,0,0,0,0,0,0,0,0,0,0
2019/11/27 2:00,0,0,0,0,0,0,0,0,0,0,0
2019/11/27 3:00,0,0,0,0,0,0,0,0,0,0,0
2019/11/27 4:00,0,0,0,0,0,0,0,0,0,0,0
2019/11/27 5:00,0,0,0,0,0,0,0,0,0,0,0
2019/11/27 6:00,0.000598736,0.003521894,0,0,0.001002995,0.00051769,0,0,0,0,0.000450543
2019/11/27 7:00,0.091606671,0.082486474,0.030677393,0.003361379,0.023068875,0.042795732,0.04152183,0.04658337,0.013578439,0.011444474,0.033124301
2019/11/27 8:00,0.281406115,0.181099517,0.086188865,0.035182434,0.073218602,0.110613163,0.20425385,0.10869453,0.059391871,0.093844689,0.102947211
2019/11/27 9:00,0.41073318,0.236893738,0.111753359,0.105435257,0.130389291,0.187231329,0.290443103,0.159159847,0.097588131,0.287129142,0.158476643
2019/11/27 10:00,0.45923083,0.298619571,0.149734892,0.196976814,0.208622865,0.218465312,0.29337899,0.248444639,0.139868961,0.414035646,0.208916815
2019/11/27 11:00,0.390376142,0.379252416,0.195750981,0.196304538,0.24272468,0.256601831,0.306380775,0.232916849,0.169123321,0.474309877,0.23725785
2019/11/27 12:00,0.272425068,0.432451558,0.187716426,0.200114101,0.177530035,0.235549092,0.310784605,0.166923742,0.15112913,0.482702491,0.228215076
2019/11/27 13:00,0.175429769,0.295839128,0.127822469,0.166276218,0.128383302,0.175669579,0.244727149,0.182451532,0.117679805,0.47329259,0.171921598
2019/11/27 14:00,0.084421834,0.146807387,0.064276442,0.121569876,0.074221596,0.150993008,0.171959093,0.100930635,0.087652688,0.389620767,0.110274167
2019/11/27 15:00,0.012573465,0.039296927,0.010225798,0.044818388,0.029086842,0.100777047,0.059975976,0.03105558,0.049014853,0.268817984,0.043208956
2019/11/27 16:00,0,0,0,0.000672276,0.005014973,0.020880176,0.004613537,0.003881947,0.01446159,0.0986768,0.006266303
2019/11/27 17:00,0,0,0,0,0.001002995,0,0,0,0,0.003306181,4.32E-05
2019/11/27 18:00,0,0,0,0,0.001002995,0,0,0,0,0,1.88E-05
2019/11/27 19:00,0,0,0,0,0,0,0,0,0,0,0
2019/11/27 20:00,0,0,0,0,0,0,0,0,0,0,0
2019/11/27 21:00,0,0,0,0,0,0,0,0,0,0,0
2019/11/27 22:00,0,0,0,0,0,0,0,0,0,0,0
2019/11/27 23:00,0,0,0,0,0,0,0,0,0,0,0
2019/11/28 0:00,0,0,0,0,0,0,0,0,0,0,0
2019/11/28 1:00,0,0,0,0,0,0,0,0,0,0,0
2019/11/28 2:00,0,0,0,0,0,0,0,0,0,0,0
2019/11/28 3:00,0,0,0,0,0,0,0,0,0,0,0
2019/11/28 4:00,0,0,0,0,0,0,0,0,0,0,0
2019/11/28 5:00,0,0,0,0,0,0,0,0,0,0,0
2019/11/28 6:00,0,0.000185363,0,0,0.001002995,0.000345127,0,0,0,0,7.51E-05
2019/11/28 7:00,0.064064796,0.030770235,0.031407807,0.006610712,0.009026951,0.034512687,0.013630904,0.023291685,0.004526146,0.008138293,0.02140455
2019/11/28 8:00,0.236500884,0.100281309,0.095684248,0.033277653,0.038113793,0.077135856,0.050958609,0.034937527,0.042170437,0.036367996,0.070534393
2019/11/28 9:00,0.362834267,0.189811571,0.143161165,0.050084548,0.073218602,0.090768368,0.087657196,0.054347265,0.119114924,0.133264544,0.118744377
2019/11/28 10:00,0.416121808,0.250425227,0.132935368,0.06364211,0.097290471,0.099051413,0.134841094,0.042701422,0.1641556,0.345877444,0.140438025
2019/11/28 11:00,0.401153397,0.244864341,0.100066733,0.067115535,0.1103294,0.08231276,0.192929714,0.058229212,0.230060706,0.380973831,0.147380143
2019/11/28 12:00,0.343075965,0.220767169,0.076693481,0.052661605,0.105314427,0.073166897,0.281216029,0.10869453,0.27013366,0.324260103,0.150340586
2019/11/28 13:00,0.261647813,0.181655605,0.043824846,0.038095629,0.103308438,0.110613163,0.338465825,0.155277899,0.263730819,0.239062351,0.142634422
2019/11/28 14:00,0.153276522,0.109734815,0.022642837,0.021736918,0.092275498,0.123210294,0.309736074,0.178569584,0.226638498,0.22812652,0.117098017
2019/11/28 15:00,0.024548193,0.032253138,0.005843313,0.009860045,0.0551647,0.087489663,0.158118483,0.12422232,0.145830227,0.148778165,0.063798774
2019/11/28 16:00,0,0,0,0.000112046,0.010029945,0.017601471,0.020131796,0.03105558,0.046917371,0.042980359,0.013720913
2019/11/28 17:00,0,0,0,0,0,0,0,0,0.000441575,0.003814825,0.000103249
2019/11/28 18:00,0,0,0,0,0,0,0,0,0,0,0
2019/11/28 19:00,0,0,0,0,0,0,0,0,0,0,0
2019/11/28 20:00,0,0,0,0,0,0,0,0,0,0,0
2019/11/28 21:00,0,0,0,0,0,0,0,0,0,0,0
2019/11/28 22:00,0,0,0,0,0,0,0,0,0,0,0
2019/11/28 23:00,0,0,0,0,0,0,0,0,0,0,0
2019/11/29 0:00,0,0,0,0,0,0,0,0,0,0,0
2019/11/29 1:00,0,0,0,0,0,0,0,0,0,0,0
2019/11/29 2:00,0,0,0,0,0,0,0,0,0,0,0
2019/11/29 3:00,0,0,0,0,0,0,0,0,0,0,0
2019/11/29 4:00,0,0,0,0,0,0,0,0,0,0,0
2019/11/29 5:00,0,0,0,0,0,0,0,0,0,0,0
2019/11/29 6:00,0,0.002965806,0,0,0.001002995,0.000345127,0,0,0,0,0.00035668
2019/11/29 7:00,0.068255951,0.0958326,0.09787549,0.115855532,0.067200635,0.054875173,0.04592566,0.081520897,0.036871534,0.019837089,0.078109148
2019/11/29 8:00,0.186805761,0.275449213,0.319190965,0.332664482,0.246736658,0.225195286,0.246824211,0.236798797,0.187007119,0.141911481,0.267036869
2019/11/29 9:00,0.291584634,0.452841473,0.506176977,0.514290998,0.407215785,0.383090831,0.418783304,0.423132276,0.377326053,0.290943967,0.444824913
2019/11/29 10:00,0.407739498,0.528469521,0.621582406,0.607737336,0.492470322,0.488009401,0.482324286,0.574528228,0.504720513,0.411492429,0.550015453
2019/11/29 11:00,0.41911549,0.507523517,0.653720627,0.624544231,0.506512245,0.528044118,0.477920456,0.628875493,0.588067842,0.472529625,0.580802562
2019/11/29 12:00,0.361038058,0.453212198,0.610626194,0.598437521,0.443323589,0.501296785,0.442060694,0.58617407,0.596678559,0.517035914,0.55045661
2019/11/29 13:00,0.241889511,0.334209241,0.495220765,0.510593481,0.394176856,0.396895906,0.433043326,0.438660066,0.529117546,0.380210866,0.457573404
2019/11/29 14:00,0.128129593,0.1916652,0.320651794,0.347566596,0.183548002,0.270924596,0.336578469,0.349375274,0.408346714,0.302642763,0.315680501
2019/11/29 15:00,0.019159565,0.041335918,0.109562116,0.158096862,0.068203629,0.148231993,0.19481707,0.186333479,0.243749539,0.17421033,0.146022882
2019/11/29 16:00,0,0,0.000730414,0.011316643,0.009026951,0.026229642,0.025164745,0.042701422,0.066898651,0.091555794,0.021475886
2019/11/29 17:00,0,0,0,0,0,0,0,0,0.000772757,0.013479047,0.000230903
2019/11/29 18:00,0,0,0,0,0,0,0,0,0.000220788,0,3.75E-05
2019/11/29 19:00,0,0,0,0,0,0,0,0,0,0,0
2019/11/29 20:00,0,0,0,0,0,0,0,0,0,0,0
2019/11/29 21:00,0,0,0,0,0,0,0,0,0,0,0
2019/11/29 22:00,0,0,0,0,0,0,0,0,0,0,0
2019/11/29 23:00,0,0,0,0,0,0,0,0,0,0,0
2019/11/30 0:00,0,0,0,0,0,0,0,0,0,0,0
2019/11/30 1:00,0,0,0,0,0,0,0,0,0,0,0
2019/11/30 2:00,0,0,0,0,0,0,0,0,0,0,0
2019/11/30 3:00,0,0,0,0,0,0,0,0,0,0,0
2019/11/30 4:00,0,0,0,0,0,0,0,0,0,0,0
2019/11/30 5:00,0,0,0,0,0,0,0,0,0,0,0
2019/11/30 6:00,0,0.001112177,0,0.000112046,0.001002995,0.000345127,0,0,0,0,0.000187726
2019/11/30 7:00,0.05508375,0.04596999,0.091301764,0.114623026,0.037110798,0.052114158,0.049700372,0.065993107,0.032897356,0.013479047,0.068750993
2019/11/30 8:00,0.159263886,0.157929159,0.308965168,0.322356253,0.141422231,0.199655897,0.26569777,0.194097374,0.155213701,0.066886594,0.238830996
2019/11/30 9:00,0.264641495,0.24282535,0.489377452,0.484822908,0.18755998,0.317516725,0.447932467,0.353257221,0.327980018,0.15411892,0.39204004
2019/11/30 10:00,0.367025422,0.259322644,0.587983357,0.553170949,0.287859435,0.402245372,0.561173822,0.496889278,0.457582355,0.168360932,0.484037177
2019/11/30 11:00,0.36403174,0.294356225,0.598209155,0.579501752,0.370104987,0.419674279,0.619052736,0.597819913,0.535189205,0.226091947,0.521651891
2019/11/30 12:00,0.339483547,0.295653765,0.557305965,0.564039408,0.382140922,0.424160929,0.619681855,0.621111598,0.52779282,0.261951299,0.508813291
2019/11/30 13:00,0.294578316,0.261176273,0.467465029,0.485495184,0.325973227,0.396895906,0.563690296,0.539590701,0.485843171,0.316884775,0.447963697
2019/11/30 14:00,0.158066413,0.183509234,0.311886824,0.366838503,0.269805533,0.322866191,0.446464524,0.368785011,0.39664497,0.34231694,0.333112763
2019/11/30 15:00,0.025146929,0.040965193,0.105179632,0.181626516,0.129386296,0.172736001,0.251647454,0.186333479,0.231385432,0.151830025,0.155619449
2019/11/30 16:00,0,0,0.000730414,0.012661194,0.017050907,0.028990657,0.034601525,0.042701422,0.063255655,0.103508911,0.022465203
2019/11/30 17:00,0,0,0,0,0,0,0,0,0.000220788,0.016785229,0.000161445
2019/11/30 18:00,0,0,0,0,0,0,0,0,0,0,0
2019/11/30 19:00,0,0,0,0,0,0,0,0,0,0,0
2019/11/30 20:00,0,0,0,0,0,0,0,0,0,0,0
2019/11/30 21:00,0,0,0,0,0,0,0,0,0,0,0
2019/11/30 22:00,0,0,0,0,0,0,0,0,0,0,0
2019/11/30 23:00,0,0,0,0,0,0,0,0,0,0,0
2019/12/1 0:00,0,0,0,0,0,0,0,0,0,0,0
2019/12/1 1:00,0,0,0,0,0,0,0,0,0,0,0
2019/12/1 2:00,0,0,0,0,0,0,0,0,0,0,0
2019/12/1 3:00,0,0,0,0,0,0,0,0,0,0,0
2019/12/1 4:00,0,0,0,0,0,0,0,0,0,0,0
2019/12/1 5:00,0,0,0,0,0,0,0,0,0,0,0
2019/12/1 6:00,0,0.002409717,0.000730414,0,0.001002995,0.000345127,0,0,0,0,0.000488088
2019/12/1 7:00,0.030535557,0.071179339,0.066467684,0.105883441,0.069206624,0.062640528,0.041312124,0.069875055,0.0321246,0.02009141,0.06378751
2019/12/1 8:00,0.120346019,0.230591401,0.216202576,0.307454139,0.230688745,0.211735338,0.210125624,0.209625164,0.159298272,0.151830025,0.218714249
2019/12/1 9:00,0.181417133,0.400569146,0.321382208,0.474290587,0.338009162,0.377223674,0.355661734,0.364903064,0.313297641,0.293741505,0.360612784
2019/12/1 10:00,0.216742582,0.451173207,0.427292253,0.546336145,0.431287655,0.495429628,0.42067066,0.489125383,0.404703718,0.377413328,0.44872962
2019/12/1 11:00,0.207162799,0.468782679,0.457969646,0.574459683,0.39718584,0.508717013,0.447513055,0.543472648,0.438815407,0.387331872,0.474521332
2019/12/1 12:00,0.186207025,0.429115026,0.427292253,0.582975177,0.291871413,0.493186304,0.418154185,0.535708753,0.407684351,0.358339204,0.451216993
2019/12/1 13:00,0.140703057,0.283419817,0.305313097,0.499164792,0.191571958,0.455912601,0.32986787,0.434778118,0.307777951,0.372581217,0.354042365
2019/12/1 14:00,0.067657215,0.153295087,0.18844684,0.358883239,0.113338384,0.337534083,0.202995613,0.279500219,0.19948162,0.355541666,0.233283685
2019/12/1 15:00,0.009579783,0.035033581,0.073771825,0.16481962,0.045134755,0.170147549,0.121839309,0.116458425,0.090743714,0.318156384,0.104096096
2019/12/1 16:00,0,0.000741451,0.000730414,0.010308229,0.006017967,0.031924236,0.011533842,0.023291685,0.019318917,0.134027509,0.01200885
2019/12/1 17:00,0,0,0,0,0.001002995,0,0,0,0,0.018056837,0.000152058
2019/12/1 18:00,0,0,0,0,0,0,0,0,0,0,0
2019/12/1 19:00,0,0,0,0,0,0,0,0,0,0,0
2019/12/1 20:00,0,0,0,0,0,0,0,0,0,0,0
2019/12/1 21:00,0,0,0,0,0,0,0,0,0,0,0
2019/12/1 22:00,0,0,0,0,0,0,0,0,0,0,0
2019/12/1 23:00,0,0,0,0,0,0,0,0,0,0,0
2019/12/2 0:00,0,0,0,0,0,0,0,0,0,0,0
2019/12/2 1:00,0,0,0,0,0,0,0,0,0,0,0
2019/12/2 2:00,0,0,0,0,0,0,0,0,0,0,0
2019/12/2 3:00,0,0,0,0,0,0,0,0,0,0,0
2019/12/2 4:00,0,0,0,0,0,0,0,0,0,0,0
2019/12/2 5:00,0,0,0,0,0,0,0,0,0,0,0
2019/12/2 6:00,0,0,0,0,0,0.000172563,0,0,0,0,1.88E-05
2019/12/2 7:00,0.011375992,0.033921404,0.029216564,0.000448184,0.005014973,0.03364987,0.01824444,0.034937527,0.014903165,0.00457779,0.021021588
2019/12/2 8:00,0.033529239,0.059501479,0.086188865,0.003473425,0.027080853,0.081277379,0.078849535,0.065993107,0.063145261,0.0246692,0.060329592
2019/12/2 9:00,0.058077432,0.084525465,0.113214187,0.023641699,0.054161705,0.099569103,0.119322834,0.120340372,0.126842491,0.031027241,0.093585302
2019/12/2 10:00,0.055682487,0.084340102,0.135857024,0.042129284,0.041122776,0.133391537,0.15832819,0.197979322,0.216482267,0.054424833,0.128506143
2019/12/2 11:00,0.057478696,0.079891394,0.179681871,0.063081881,0.038113793,0.169974986,0.182444404,0.209625164,0.322570722,0.110884239,0.167988733
2019/12/2 12:00,0.058676169,0.065247728,0.140239509,0.070028731,0.037110798,0.155824784,0.17049115,0.170805689,0.331843802,0.134281831,0.154814103
2019/12/2 13:00,0.045503967,0.05116015,0.06573727,0.063530064,0.040119782,0.097498342,0.157908777,0.174687637,0.286692732,0.183365909,0.118194339
2019/12/2 14:00,0.024548193,0.031326324,0.029946978,0.048515905,0.031092831,0.085418901,0.208447974,0.197979322,0.218800537,0.250761147,0.096934338
2019/12/2 15:00,0.004191155,0.011307135,0.024103666,0.021736918,0.015044918,0.078516364,0.133163444,0.104812582,0.125628159,0.157425101,0.059451033
2019/12/2 16:00,0,0,0.000730414,0.000112046,0.002005989,0.017601471,0.018454147,0.019409737,0.0321246,0.056459406,0.010629062
2019/12/2 17:00,0,0,0,0,0.001002995,0,0,0,0,0.006612363,6.76E-05
2019/12/2 18:00,0,0,0,0,0.001002995,0,0,0,0,0,1.88E-05
2019/12/2 19:00,0,0,0,0,0,0,0,0,0,0,0
2019/12/2 20:00,0,0,0,0,0,0,0,0,0,0,0
2019/12/2 21:00,0,0,0,0,0,0,0,0,0,0,0
2019/12/2 22:00,0,0,0,0,0,0,0,0,0,0,0
2019/12/2 23:00,0,0,0,0,0,0,0,0,0,0,0
2019/12/3 0:00,0,0,0,0,0,0,0,0,0,0,0
2019/12/3 1:00,0,0,0,0,0,0,0,0,0,0,0
2019/12/3 2:00,0,0,0,0,0,0,0,0,0,0,0
2019/12/3 3:00,0,0,0,0,0,0,0,0,0,0,0
2019/12/3 4:00,0,0,0,0,0,0,0,0,0,0,0
2019/12/3 5:00,0,0,0,0,0,0,0,0,0,0,0
2019/12/3 6:00,0,0.001482903,0,0,0.001002995,0.000172563,0,0,0,0,0.000187726
2019/12/3 7:00,0.037720394,0.073589056,0.08180638,0.099945004,0.019056896,0.05021596,0.037747118,0.06211116,0.025169789,0.012970404,0.062984042
2019/12/3 8:00,0.191595653,0.229108498,0.289243987,0.311823932,0.053158711,0.190855162,0.196704426,0.166923742,0.130816668,0.089012577,0.226135069
2019/12/3 9:00,0.299966943,0.363867299,0.460160888,0.466671461,0.137410253,0.291977336,0.294427521,0.260090482,0.231716613,0.226346268,0.357055371
2019/12/3 10:00,0.345470911,0.396676525,0.577027145,0.542190444,0.197589925,0.361692964,0.297153701,0.337729431,0.312856066,0.27288713,0.43134429
2019/12/3 11:00,0.349662066,0.40668612,0.612087023,0.529753342,0.204610887,0.332529744,0.294637227,0.337729431,0.385605589,0.348929303,0.449082545
2019/12/3 12:00,0.348464593,0.410393377,0.579948802,0.511489849,0.19859292,0.2761015,0.262132764,0.329965536,0.402275055,0.459304899,0.432213462
2019/12/3 13:00,0.240093302,0.293429411,0.480612483,0.417931464,0.183548002,0.233133204,0.241581555,0.256208534,0.369046517,0.359102169,0.359011479
2019/12/3 14:00,0.09519909,0.142544041,0.316269309,0.289302692,0.131392285,0.164798083,0.206350912,0.194097374,0.273666262,0.231687023,0.24367058
2019/12/3 15:00,0.01496841,0.029101969,0.105910046,0.137928588,0.056167695,0.103710626,0.11512871,0.104812582,0.177513251,0.223040087,0.113287174
2019/12/3 16:00,0,0,0.000730414,0.00750708,0.006017967,0.020017359,0.013421198,0.023291685,0.051774698,0.085197753,0.015496804
2019/12/3 17:00,0,0,0,0,0,0,0,0,0.000110394,0.010427188,9.57E-05
2019/12/3 18:00,0,0,0,0,0,0,0,0,0,0,0
2019/12/3 19:00,0,0,0,0,0,0,0,0,0,0,0
2019/12/3 20:00,0,0,0,0,0,0,0,0,0,0,0
2019/12/3 21:00,0,0,0,0,0,0,0,0,0,0,0
2019/12/3 22:00,0,0,0,0,0,0,0,0,0,0,0
2019/12/3 23:00,0,0,0,0,0,0,0,0,0,0,0
2019/12/4 0:00,0,0,0,0,0,0,0,0,0,0,0
2019/12/4 1:00,0,0,0,0,0,0,0,0,0,0,0
2019/12/4 2:00,0,0,0,0,0,0,0,0,0,0,0
2019/12/4 3:00,0,0,0,0,0,0,0,0,0,0,0
2019/12/4 4:00,0,0,0,0,0,0,0,0,0,0,0
2019/12/4 5:00,0,0,0,0,0,0,0,0,0,0,0
2019/12/4 6:00,0,0.00129754,0,0,0,0.000172563,0,0,0,0,0.000150181
2019/12/4 7:00,0.032930503,0.045599264,0.083267208,0.08840427,0.013038929,0.047282382,0.035650056,0.050465317,0.029916723,0.009409901,0.058039332
2019/12/4 8:00,0.16525125,0.164972947,0.299469784,0.262859843,0.064191651,0.179983665,0.208028562,0.159159847,0.158415122,0.090538507,0.217604787
2019/12/4 9:00,0.282004851,0.233927932,0.477690827,0.430256521,0.1103294,0.309923933,0.357758797,0.302791904,0.320473239,0.266529089,0.366306522
2019/12/4 10:00,0.329903764,0.26358599,0.58140963,0.50476709,0.149446187,0.430200649,0.441221869,0.419250329,0.440140132,0.407677604,0.458264237
2019/12/4 11:00,0.359241848,0.239303455,0.609165366,0.549137294,0.137410253,0.448664937,0.448561586,0.430896171,0.493018769,0.507117369,0.484022159
2019/12/4 12:00,0.343075965,0.179987339,0.56534052,0.485271092,0.136407258,0.414324813,0.375374118,0.477479541,0.493460344,0.462865402,0.447239073
2019/12/4 13:00,0.274221278,0.190553022,0.457969646,0.391040432,0.107320416,0.332184617,0.271569544,0.407604486,0.453497784,0.460322186,0.373800555
2019/12/4 14:00,0.143098003,0.120115135,0.302391441,0.243363845,0.106317422,0.215531733,0.18433176,0.252326587,0.363085251,0.316121811,0.25336101
2019/12/4 15:00,0.019159565,0.027433704,0.100797147,0.089524729,0.0551647,0.102847809,0.115338416,0.112576477,0.224541016,0.229143806,0.112149553
2019/12/4 16:00,0,0,0.000730414,0.004145701,0.007020962,0.020707612,0.014679435,0.023291685,0.058950296,0.126652182,0.016666339
2019/12/4 17:00,0,0,0,0,0,0,0,0,0.000220788,0.019837089,0.000183972
2019/12/4 18:00,0,0,0,0,0,0,0,0,0,0,0
2019/12/4 19:00,0,0,0,0,0,0,0,0,0,0,0
2019/12/4 20:00,0,0,0,0,0,0,0,0,0,0,0
2019/12/4 21:00,0,0,0,0,0,0,0,0,0,0,0
2019/12/4 22:00,0,0,0,0,0,0,0,0,0,0,0
2019/12/4 23:00,0,0,0,0,0,0,0,0,0,0,0
2019/12/5 0:00,0,0,0,0,0,0,0,0,0,0,0
2019/12/5 1:00,0,0,0,0,0,0,0,0,0,0,0
2019/12/5 2:00,0,0,0,0,0,0,0,0,0,0,0
2019/12/5 3:00,0,0,0,0,0,0,0,0,0,0,0
2019/12/5 4:00,0,0,0,0,0,0,0,0,0,0,0
2019/12/5 5:00,0,0,0,0,0,0,0,0,0,0,0
2019/12/5 6:00,0,0.000741451,0,0,0,0,0,0,0,0,7.51E-05
2019/12/5 7:00,0.042510285,0.028545881,0.078884724,0.040224503,0.009026951,0.051078777,0.0337627,0.050465317,0.009383474,0.004069146,0.044051847
2019/12/5 8:00,0.199379226,0.106583646,0.284131088,0.170309873,0.038113793,0.167213971,0.167555263,0.12422232,0.063807624,0.021108697,0.169522456
2019/12/5 9:00,0.339483547,0.162192505,0.432405152,0.313392575,0.081242558,0.253840816,0.261503646,0.225152954,0.147817316,0.056459406,0.279697129
2019/12/5 10:00,0.407739498,0.172202099,0.544158511,0.367062595,0.1654941,0.361865528,0.396764152,0.368785011,0.220787626,0.092064437,0.365619444
2019/12/5 11:00,0.419714226,0.188884757,0.562418863,0.424654223,0.189565969,0.41570532,0.480646636,0.427014223,0.271237599,0.124617608,0.407478648
2019/12/5 12:00,0.367624158,0.196484634,0.542697682,0.43473836,0.192574953,0.384816465,0.459256603,0.496889278,0.215930298,0.101220017,0.391818523
2019/12/5 13:00,0.296374525,0.174426453,0.43386598,0.377034686,0.180539018,0.300087817,0.358387915,0.395958644,0.202020678,0.099185443,0.323978002
2019/12/5 14:00,0.139505584,0.115481063,0.2950873,0.237425408,0.1103294,0.211907901,0.248921273,0.225152954,0.137771479,0.083417501,0.214022969
2019/12/5 15:00,0.021554511,0.023726446,0.098605905,0.079328546,0.052155716,0.119413899,0.095626032,0.085402845,0.071645585,0.062817447,0.081017028
2019/12/5 16:00,0,0,0.000730414,0.002352965,0.007020962,0.019844795,0.009646486,0.01552779,0.018435767,0.033316136,0.007867608
2019/12/5 17:00,0,0,0,0,0,0,0,0,0,0.003560503,2.63E-05
2019/12/5 18:00,0,0,0,0,0,0,0,0,0,0,0
2019/12/5 19:00,0,0,0,0,0,0,0,0,0,0,0
2019/12/5 20:00,0,0,0,0,0,0,0,0,0,0,0
2019/12/5 21:00,0,0,0,0,0,0,0,0,0,0,0
2019/12/5 22:00,0,0,0,0,0,0,0,0,0,0,0
2019/12/5 23:00,0,0,0,0,0,0,0,0,0,0,0
2019/12/6 0:00,0,0,0,0,0,0,0,0,0,0,0
2019/12/6 1:00,0,0,0,0,0,0,0,0,0,0,0
2019/12/6 2:00,0,0,0,0,0,0,0,0,0,0,0
2019/12/6 3:00,0,0,0,0,0,0,0,0,0,0,0
2019/12/6 4:00,0,0,0,0,0,0,0,0,0,0,0
2019/12/6 5:00,0,0,0,0,0,0,0,0,0,0,0
2019/12/6 6:00,0,0,0,0,0,0,0,0,0,0,0
2019/12/6 7:00,0.040714076,0.031326324,0.040172776,0.013557562,0.013038929,0.03364987,0.028520045,0.042701422,0.009825049,0.00610372,0.027284137
2019/12/6 8:00,0.194589335,0.116037152,0.157039033,0.111261647,0.056167695,0.147024049,0.16273202,0.10869453,0.057073601,0.024414878,0.123610242
2019/12/6 9:00,0.344872175,0.237820552,0.262949079,0.285044945,0.111332395,0.248146223,0.292540165,0.190215427,0.132914151,0.016022264,0.237423049
2019/12/6 10:00,0.408338234,0.278971108,0.362285398,0.412553258,0.149446187,0.3152734,0.418573598,0.275618272,0.159077485,0.031790206,0.318468236
2019/12/6 11:00,0.388579933,0.328462992,0.415605628,0.319443058,0.204610887,0.330458982,0.385859429,0.298909956,0.185903181,0.058239658,0.326604293
2019/12/6 12:00,0.337687338,0.297507394,0.355711671,0.248966143,0.195583936,0.268163582,0.397602977,0.267854377,0.167798596,0.050101365,0.284136855
2019/12/6 13:00,0.267036441,0.263956716,0.225697959,0.139273139,0.160479127,0.222951961,0.312462255,0.190215427,0.157090396,0.07095574,0.208111469
2019/12/6 14:00,0.146091685,0.146622024,0.132935368,0.074174431,0.102305444,0.141502019,0.203834437,0.155277899,0.110835388,0.071210062,0.128461089
2019/12/6 15:00,0.019758302,0.029472695,0.033599049,0.024201929,0.049146733,0.093184256,0.075494236,0.06211116,0.056411238,0.060528553,0.047153085
2019/12/6 16:00,0,0,0,0.000112046,0.006017967,0.014322765,0.007549424,0.007763895,0.013136864,0.020345732,0.005124927
2019/12/6 17:00,0,0,0,0,0,0,0,0,0,0.004069146,3.00E-05
2019/12/6 18:00,0,0,0,0,0,0,0,0,0,0,0
2019/12/6 19:00,0,0,0,0,0,0,0,0,0,0,0
2019/12/6 20:00,0,0,0,0,0,0,0,0,0,0,0
2019/12/6 21:00,0,0,0,0,0,0,0,0,0,0,0
2019/12/6 22:00,0,0,0,0,0,0,0,0,0,0,0
2019/12/6 23:00,0,0,0,0,0,0,0,0,0,0,0
2019/12/7 0:00,0,0,0,0,0,0,0,0,0,0,0
2019/12/7 1:00,0,0,0,0,0,0,0,0,0,0,0
2019/12/7 2:00,0,0,0,0,0,0,0,0,0,0,0
2019/12/7 3:00,0,0,0,0,0,0,0,0,0,0,0
2019/12/7 4:00,0,0,0,0,0,0,0,0,0,0,0
2019/12/7 5:00,0,0,0,0,0,0,0,0,0,0,0
2019/12/7 6:00,0,0,0,0,0,0,0,0,0,0,0
2019/12/7 7:00,0.038319131,0.020575278,0.021912423,0.003361379,0.025074864,0.019499668,0.019712384,0.023291685,0.006402841,0.005086433,0.016088142
2019/12/7 8:00,0.185009552,0.09842768,0.067928512,0.024313975,0.097290471,0.067989994,0.104643399,0.058229212,0.055086513,0.048321113,0.068426227
2019/12/7 9:00,0.3239164,0.148846378,0.082536794,0.05781572,0.155464155,0.110095473,0.193768539,0.143632057,0.114257596,0.069684132,0.115252668
2019/12/7 10:00,0.386783724,0.219469629,0.081075966,0.10924482,0.191571958,0.168939605,0.272198662,0.163041794,0.187338301,0.080365641,0.160160547
2019/12/7 11:00,0.444861156,0.24412289,0.076693481,0.126836037,0.240718691,0.165833463,0.274924843,0.232916849,0.290556516,0.086978004,0.18810548
2019/12/7 12:00,0.416121808,0.246347244,0.07815431,0.127956497,0.184550996,0.15461684,0.287507216,0.209625164,0.342552002,0.144454697,0.194987525
2019/12/7 13:00,0.308349253,0.220767169,0.051859402,0.091765649,0.190568964,0.130975649,0.304074006,0.120340372,0.358338317,0.123091678,0.17342904
2019/12/7 14:00,0.128728329,0.121041949,0.025564494,0.050196594,0.133398275,0.099051413,0.285410154,0.085402845,0.271127205,0.150812738,0.121445758
2019/12/7 15:00,0.012573465,0.020019189,0.005112899,0.014678022,0.062185662,0.07230408,0.178459986,0.058229212,0.17254553,0.102237303,0.064112277
2019/12/7 16:00,0,0,0,0.000112046,0.01103294,0.015875836,0.021809446,0.01552779,0.056190451,0.053407546,0.014605104
2019/12/7 17:00,0,0,0,0,0,0,0,0,0.000441575,0.005595076,0.00011639
2019/12/7 18:00,0,0,0,0,0,0,0,0,0,0,0
2019/12/7 19:00,0,0,0,0,0,0,0,0,0,0,0
2019/12/7 20:00,0,0,0,0,0,0,0,0,0,0,0
2019/12/7 21:00,0,0,0,0,0,0,0,0,0,0,0
2019/12/7 22:00,0,0,0,0,0,0,0,0,0,0,0
2019/12/7 23:00,0,0,0,0,0,0,0,0,0,0,0
2019/12/8 0:00,0,0,0,0,0,0,0,0,0,0,0
2019/12/8 1:00,0,0,0,0,0,0,0,0,0,0,0
2019/12/8 2:00,0,0,0,0,0,0,0,0,0,0,0
2019/12/8 3:00,0,0,0,0,0,0,0,0,0,0,0
2019/12/8 4:00,0,0,0,0,0,0,0,0,0,0,0
2019/12/8 5:00,0,0,0,0,0,0,0,0,0,0,0
2019/12/8 6:00,0,0,0,0,0.001002995,0,0,0,0,0,1.88E-05
2019/12/8 7:00,0.008981046,0.038926201,0.070850168,0.09254997,0.029086842,0.040034717,0.023487096,0.054347265,0.023955457,0.014750656,0.051752379
2019/12/8 8:00,0.049096386,0.153665813,0.284131088,0.298042278,0.122365335,0.169284732,0.15329524,0.186333479,0.130706275,0.133773188,0.206716663
2019/12/8 9:00,0.091007935,0.282307639,0.46235213,0.463422128,0.217649816,0.261778734,0.29002369,0.314437746,0.268588147,0.308746483,0.349591375
2019/12/8 10:00,0.122142228,0.363867299,0.571183833,0.557428696,0.232694735,0.333910251,0.409556231,0.454187856,0.40591805,0.430820874,0.452390282
2019/12/8 11:00,0.138906848,0.424851681,0.601861225,0.589697935,0.285853445,0.361520401,0.482953405,0.574528228,0.512558474,0.52263099,0.507583684
2019/12/8 12:00,0.12693212,0.381291408,0.56534052,0.546000007,0.254760615,0.34288355,0.442060694,0.605583808,0.525916125,0.552386623,0.483811906
2019/12/8 13:00,0.096396563,0.305477997,0.466004201,0.462301668,0.257769598,0.281278403,0.340772593,0.524062911,0.498317672,0.525428528,0.411075484
2019/12/8 14:00,0.041312813,0.189811571,0.303121855,0.335241539,0.226676767,0.203107166,0.244936855,0.357139169,0.397086545,0.447606103,0.290956951
2019/12/8 15:00,0.002394946,0.037072572,0.101527561,0.168853275,0.113338384,0.123900548,0.151407885,0.178569584,0.239775362,0.310526734,0.1390695
2019/12/8 16:00,0,0,0.000730414,0.01333347,0.01103294,0.023123501,0.021809446,0.038819475,0.064801168,0.140131229,0.02102722
2019/12/8 17:00,0,0,0,0,0,0,0,0,0.000662363,0.018819802,0.000251553
2019/12/8 18:00,0,0,0,0,0,0,0,0,0,0,0
2019/12/8 19:00,0,0,0,0,0,0,0,0,0,0,0
2019/12/8 20:00,0,0,0,0,0,0,0,0,0,0,0
2019/12/8 21:00,0,0,0,0,0,0,0,0,0,0,0
2019/12/8 22:00,0,0,0,0,0,0,0,0,0,0,0
2019/12/8 23:00,0,0,0,0,0,0,0,0,0,0,0
2019/12/9 0:00,0,0,0,0,0,0,0,0,0,0,0
2019/12/9 1:00,0,0,0,0,0,0,0,0,0,0,0
2019/12/9 2:00,0,0,0,0,0,0,0,0,0,0,0
2019/12/9 3:00,0,0,0,0,0,0,0,0,0,0,0
2019/12/9 4:00,0,0,0,0,0,0,0,0,0,0,0
2019/12/9 5:00,0,0,0,0,0,0,0,0,0,0,0
2019/12/9 6:00,0,0.000926814,0,0,0.001002995,0,0,0,0,0,0.000112636
2019/12/9 7:00,0.028140611,0.081745022,0.046016089,0.036078802,0.048143738,0.048317762,0.0337627,0.058229212,0.023403488,0.007629649,0.043064407
2019/12/9 8:00,0.16704746,0.313819326,0.158499861,0.203587526,0.200598909,0.201899222,0.243888324,0.190215427,0.149142041,0.065360664,0.194460015
2019/12/9 9:00,0.324515136,0.502333357,0.199403052,0.303308438,0.355060069,0.350131214,0.430317146,0.364903064,0.320583633,0.19277581,0.319956905
2019/12/9 10:00,0.403548343,0.575180962,0.230810858,0.414009856,0.455359524,0.462642575,0.545445856,0.512417068,0.456257629,0.321462565,0.412010361
2019/12/9 11:00,0.432287691,0.598722045,0.252723281,0.415466453,0.498488289,0.518725692,0.597662702,0.57064628,0.522383523,0.364697246,0.447133946
2019/12/9 12:00,0.432886427,0.572029793,0.195750981,0.371544433,0.491467327,0.515964677,0.596194759,0.574528228,0.535299599,0.404880066,0.424565494
2019/12/9 13:00,0.348464593,0.456363367,0.149734892,0.274512624,0.416242736,0.450045444,0.545026443,0.489125383,0.460783775,0.299590903,0.351382284
2019/12/9 14:00,0.172436087,0.271556593,0.080345552,0.159329368,0.29788938,0.336326139,0.442060694,0.337729431,0.351383507,0.233467274,0.239797787
2019/12/9 15:00,0.024548193,0.054125956,0.018990767,0.055910939,0.134401269,0.182399553,0.253325103,0.170805689,0.202683041,0.171412792,0.109527017
2019/12/9 16:00,0,0,0,0.000336138,0.018053902,0.03261449,0.034391819,0.038819475,0.054644937,0.064089056,0.018663746
2019/12/9 17:00,0,0,0,0,0,0,0,0,0.000331181,0.005849398,9.95E-05
2019/12/9 18:00,0,0,0,0,0,0,0,0,0,0,0
2019/12/9 19:00,0,0,0,0,0,0,0,0,0,0,0
2019/12/9 20:00,0,0,0,0,0,0,0,0,0,0,0
2019/12/9 21:00,0,0,0,0,0,0,0,0,0,0,0
2019/12/9 22:00,0,0,0,0,0,0,0,0,0,0,0
2019/12/9 23:00,0,0,0,0,0,0,0,0,0,0,0
2019/12/10 0:00,0,0,0,0,0,0,0,0,0,0,0
2019/12/10 1:00,0,0,0,0,0,0,0,0,0,0,0
2019/12/10 2:00,0,0,0,0,0,0,0,0,0,0,0
2019/12/10 3:00,0,0,0,0,0,0,0,0,0,0,0
2019/12/10 4:00,0,0,0,0,0,0,0,0,0,0,0
2019/12/10 5:00,0,0,0,0,0,0,0,0,0,0,0
2019/12/10 6:00,0,0,0,0,0,0,0,0,0,0,0
2019/12/10 7:00,0.01496841,0.037443298,0.041633604,0.035182434,0.046137749,0.046419565,0.030407401,0.054347265,0.015013559,0.014496334,0.034780047
2019/12/10 8:00,0.068255951,0.177206896,0.155578205,0.202130928,0.199595915,0.207593815,0.209706211,0.182451532,0.114147203,0.094607654,0.167962451
2019/12/10 9:00,0.122740965,0.36331121,0.237384585,0.371320341,0.356063064,0.365834487,0.350419079,0.322201641,0.297290538,0.267292054,0.309806546
2019/12/10 10:00,0.250870558,0.445241595,0.315538895,0.526840146,0.46338348,0.466611534,0.434720976,0.434778118,0.46729701,0.416070219,0.424235096
2019/12/10 11:00,0.408936971,0.498070011,0.334529662,0.567288741,0.504506256,0.451943642,0.508747269,0.500771226,0.56775538,0.508643299,0.472957573
2019/12/10 12:00,0.419714226,0.468041227,0.303852269,0.455690956,0.453353535,0.36548936,0.578160025,0.566764333,0.569742469,0.524411242,0.443169167
2019/12/10 13:00,0.339483547,0.384813302,0.248340797,0.279778785,0.331991195,0.427267071,0.546704093,0.508535121,0.491362862,0.534838429,0.374050231
2019/12/10 14:00,0.175429769,0.225215878,0.141700337,0.29658568,0.217649816,0.348060453,0.435140389,0.345493326,0.324888992,0.454472788,0.270620564
2019/12/10 15:00,0.023949457,0.040223741,0.032868635,0.155967989,0.096287476,0.186023385,0.242630087,0.166923742,0.148258891,0.322988495,0.118830731
2019/12/10 16:00,0,0,0,0.010196183,0.018053902,0.03313218,0.029149163,0.034937527,0.039410591,0.148269522,0.017745765
2019/12/10 17:00,0,0,0,0,0,0,0,0,0.000441575,0.01856548,0.000212131
2019/12/10 18:00,0,0,0,0,0,0,0,0,0,0,0
2019/12/10 19:00,0,0,0,0,0,0,0,0,0,0,0
2019/12/10 20:00,0,0,0,0,0,0,0,0,0,0,0
2019/12/10 21:00,0,0,0,0,0,0,0,0,0,0,0
2019/12/10 22:00,0,0,0,0,0,0,0,0,0,0,0
2019/12/10 23:00,0,0,0,0,0,0,0,0,0,0,0
2019/12/11 0:00,0,0,0,0,0,0,0,0,0,0,0
2019/12/11 1:00,0,0,0,0,0,0,0,0,0,0,0
2019/12/11 2:00,0,0,0,0,0,0,0,0,0,0,0
2019/12/11 3:00,0,0,0,0,0,0,0,0,0,0,0
2019/12/11 4:00,0,0,0,0,0,0,0,0,0,0,0
2019/12/11 5:00,0,0,0,0,0,0,0,0,0,0,0
2019/12/11 6:00,0,0,0,0,0,0,0,0,0,0,0
2019/12/11 7:00,0.034726712,0.054682044,0.055511472,0.047731583,0.04413176,0.044003677,0.026632689,0.042701422,0.009935443,0.005086433,0.040680283
2019/12/11 8:00,0.193391862,0.237449827,0.215472162,0.200338193,0.195583936,0.157205291,0.15497289,0.12422232,0.055638482,0.057985336,0.169588161
2019/12/11 9:00,0.314336617,0.408354386,0.329416763,0.344205217,0.288862429,0.247628532,0.233403013,0.232916849,0.10045837,0.062563126,0.275593433
2019/12/11 10:00,0.351458275,0.489728682,0.398806103,0.425998774,0.365090015,0.300260381,0.266326888,0.298909956,0.16040221,0.104017555,0.340327083
2019/12/11 11:00,0.31553409,0.499182188,0.407571072,0.394065673,0.279835478,0.289734011,0.272198662,0.322201641,0.218138174,0.114699064,0.345868763
2019/12/11 12:00,0.256857922,0.445426958,0.373241609,0.320227379,0.245733664,0.253495689,0.238855375,0.252326587,0.210300214,0.150049773,0.305374328
2019/12/11 13:00,0.18860197,0.263215265,0.292165643,0.229918328,0.193577947,0.179293411,0.200269432,0.155277899,0.192857991,0.261442656,0.229472842
2019/12/11 14:00,0.082625625,0.116037152,0.165073588,0.088628361,0.087260525,0.108887529,0.157908777,0.081520897,0.201910284,0.249489538,0.13935109
2019/12/11 15:00,0.010178519,0.023726446,0.029216564,0.017927355,0.038113793,0.060914893,0.105691931,0.034937527,0.155655276,0.300353868,0.060412192
2019/12/11 16:00,0,0,0,0.000112046,0.005014973,0.012942258,0.017405616,0.007763895,0.058287933,0.151575703,0.014484959
2019/12/11 17:00,0,0,0,0,0,0,0,0,0.000441575,0.020600054,0.000227149
2019/12/11 18:00,0,0,0,0,0,0,0,0,0,0,0
2019/12/11 19:00,0,0,0,0,0,0,0,0,0,0,0
2019/12/11 20:00,0,0,0,0,0,0,0,0,0,0,0
2019/12/11 21:00,0,0,0,0,0,0,0,0,0,0,0
2019/12/11 22:00,0,0,0,0,0,0,0,0,0,0,0
2019/12/11 23:00,0,0,0,0,0,0,0,0,0,0,0
2019/12/12 0:00,0,0,0,0,0,0,0,0,0,0,0
2019/12/12 1:00,0,0,0,0,0,0,0,0,0,0,0
2019/12/12 2:00,0,0,0,0,0,0,0,0,0,0,0
2019/12/12 3:00,0,0,0,0,0,0,0,0,0,0,0
2019/12/12 4:00,0,0,0,0,0,0,0,0,0,0,0
2019/12/12 5:00,0,0,0,0,0,0,0,0,0,0,0
2019/12/12 6:00,0,0.000556089,0,0,0,0,0,0,0,0,5.63E-05
2019/12/12 7:00,0.026943139,0.033365315,0.063546027,0.034061975,0.014041924,0.036928576,0.024535627,0.034937527,0.016007103,0.008138293,0.037211102
2019/12/12 8:00,0.155671468,0.124934569,0.275366119,0.186108355,0.064191651,0.141329455,0.195865601,0.120340372,0.11812138,0.119022532,0.180382421
2019/12/12 9:00,0.302361889,0.228737772,0.455047989,0.329079011,0.100299455,0.244349827,0.342240537,0.217389059,0.269360904,0.285857534,0.32225843
2019/12/12 10:00,0.34726712,0.313819326,0.560958035,0.373337169,0.130389291,0.325282079,0.437027744,0.326083589,0.409340259,0.421410973,0.414831887
2019/12/12 11:00,0.237698356,0.348111456,0.588713771,0.388127237,0.162485116,0.375152913,0.497423133,0.434778118,0.500083973,0.505591439,0.457222356
2019/12/12 12:00,0.264042759,0.331799524,0.548540995,0.399555926,0.138413247,0.374117532,0.49427754,0.465833698,0.540488108,0.543485365,0.455793759
2019/12/12 13:00,0.177225979,0.228181684,0.467465029,0.379499697,0.095284482,0.320622866,0.431575383,0.434778118,0.512668868,0.490840784,0.399519054
2019/12/12 14:00,0.113759919,0.121041949,0.316999723,0.298490461,0.067200635,0.240725995,0.348951136,0.326083589,0.415632706,0.39165534,0.295330973
2019/12/12 15:00,0.01496841,0.025023986,0.108101288,0.15148615,0.023068875,0.149439937,0.202366494,0.166923742,0.25015238,0.229143806,0.143274569
2019/12/12 16:00,0,0,0.000730414,0.011540735,0.002005989,0.027782713,0.028729751,0.034937527,0.071314403,0.12029414,0.022457694
2019/12/12 17:00,0,0,0,0,0,0,0,0,0.000441575,0.013733369,0.000176463
2019/12/12 18:00,0,0,0,0,0,0,0,0,0,0,0
2019/12/12 19:00,0,0,0,0,0,0,0,0,0,0,0
2019/12/12 20:00,0,0,0,0,0,0,0,0,0,0,0
2019/12/12 21:00,0,0,0,0,0,0,0,0,0,0,0
2019/12/12 22:00,0,0,0,0,0,0,0,0,0,0,0
2019/12/12 23:00,0,0,0,0,0,0,0,0,0,0,0
2019/12/13 0:00,0,0,0,0,0,0,0,0,0,0,0
2019/12/13 1:00,0,0,0,0,0,0,0,0,0,0,0
2019/12/13 2:00,0,0,0,0,0,0,0,0,0,0,0
2019/12/13 3:00,0,0,0,0,0,0,0,0,0,0,0
2019/12/13 4:00,0,0,0,0,0,0,0,0,0,0,0
2019/12/13 5:00,0,0,0,0,0,0,0,0,0,0,0
2019/12/13 6:00,0,0,0,0,0,0,0,0,0,0,0
2019/12/13 7:00,0.037121658,0.027619066,0.031407807,0.063081881,0.015044918,0.041932915,0.031455932,0.04658337,0.025169789,0.008138293,0.036854422
2019/12/13 8:00,0.194589335,0.123822392,0.126361641,0.248181821,0.102305444,0.195169248,0.239903906,0.186333479,0.159850241,0.080365641,0.174108609
2019/12/13 9:00,0.353254484,0.259322644,0.1760298,0.383421306,0.213637838,0.352892229,0.422767722,0.368785011,0.334162072,0.138859621,0.302738652
2019/12/13 10:00,0.453842202,0.376842699,0.210359263,0.469136472,0.384146911,0.457120545,0.526572297,0.520180963,0.481868994,0.313324272,0.39852786
2019/12/13 11:00,0.470606821,0.398715517,0.195020567,0.518212607,0.473413425,0.480589173,0.594936522,0.590056018,0.553956154,0.433364091,0.432416207
2019/12/13 12:00,0.426300327,0.399642331,0.196481395,0.478548334,0.467395458,0.45435953,0.56348059,0.578410175,0.556384817,0.47787038,0.419247209
2019/12/13 13:00,0.344872175,0.319009486,0.186986012,0.398547512,0.355060069,0.390165932,0.498681371,0.508535121,0.500415154,0.531023604,0.3652928
2019/12/13 14:00,0.177824715,0.195928546,0.124170398,0.332776528,0.248742647,0.292322463,0.405571813,0.345493326,0.373131088,0.453709823,0.269357166
2019/12/13 15:00,0.023949457,0.04207737,0.039442362,0.140281553,0.109326405,0.165488336,0.218304166,0.170805689,0.204670129,0.324005782,0.12370035
2019/12/13 16:00,0,0,0,0.011988919,0.014041924,0.030371165,0.027052101,0.038819475,0.057515177,0.149795452,0.020760649
2019/12/13 17:00,0,0,0,0,0,0,0,0,0.000551969,0.019837089,0.00024029
2019/12/13 18:00,0,0,0,0,0,0,0,0,0,0,0
2019/12/13 19:00,0,0,0,0,0,0,0,0,0,0,0
2019/12/13 20:00,0,0,0,0,0,0,0,0,0,0,0
2019/12/13 21:00,0,0,0,0,0,0,0,0,0,0,0
2019/12/13 22:00,0,0,0,0,0,0,0,0,0,0,0
2019/12/13 23:00,0,0,0,0,0,0,0,0,0,0,0
2019/12/14 0:00,0,0,0,0,0,0,0,0,0,0,0
2019/12/14 1:00,0,0,0,0,0,0,0,0,0,0,0
2019/12/14 2:00,0,0,0,0,0,0,0,0,0,0,0
2019/12/14 3:00,0,0,0,0,0,0,0,0,0,0,0
2019/12/14 4:00,0,0,0,0,0,0,0,0,0,0,0
2019/12/14 5:00,0,0,0,0,0,0,0,0,0,0,0
2019/12/14 6:00,0,0,0.000730414,0,0,0,0,0,0,0,0.000187726
2019/12/14 7:00,0.007783573,0.038370113,0.054781058,0.076863535,0.035104809,0.037273702,0.022019152,0.042701422,0.0107082,0.014496334,0.041763464
2019/12/14 8:00,0.031134294,0.181284879,0.240306242,0.274736716,0.150449182,0.139431257,0.17825028,0.147514004,0.093834741,0.129195398,0.185113123
2019/12/14 9:00,0.092804144,0.339399401,0.41779687,0.418155556,0.241721685,0.230199625,0.339094944,0.298909956,0.237567486,0.29755633,0.331693552
2019/12/14 10:00,0.164053777,0.406500757,0.549271409,0.482806081,0.137410253,0.326662587,0.414798886,0.446423961,0.35436414,0.429294945,0.428631645
2019/12/14 11:00,0.192194389,0.438753895,0.598939569,0.507344148,0.054161705,0.427267071,0.438705394,0.516299016,0.420048458,0.515001341,0.476364804
2019/12/14 12:00,0.150881576,0.404647129,0.576296731,0.458940289,0.050149727,0.428992705,0.370341169,0.508535121,0.403820568,0.55187798,0.448815974
2019/12/14 13:00,0.098192772,0.303995094,0.48353414,0.321011701,0.039116787,0.369976009,0.239274787,0.442542013,0.3943267,0.500759328,0.366477353
2019/12/14 14:00,0.049096386,0.151070733,0.320651794,0.216136674,0.025074864,0.244177264,0.206350912,0.225152954,0.311862522,0.45167525,0.248222942
2019/12/14 15:00,0.005388628,0.024653261,0.107370874,0.073278064,0.018053902,0.106989331,0.085140722,0.097048687,0.16735702,0.322479852,0.097670225
2019/12/14 16:00,0,0,0.000730414,0.003473425,0.004011978,0.021742993,0.01551826,0.01552779,0.052547455,0.151830025,0.015406695
2019/12/14 17:00,0,0,0,0,0.001002995,0,0,0,0.000551969,0.021363019,0.000270326
2019/12/14 18:00,0,0,0,0,0,0,0,0,0,0,0
2019/12/14 19:00,0,0,0,0,0,0,0,0,0,0,0
2019/12/14 20:00,0,0,0,0,0,0,0,0,0,0,0
2019/12/14 21:00,0,0,0,0,0,0,0,0,0,0,0
2019/12/14 22:00,0,0,0,0,0,0,0,0,0,0,0
2019/12/14 23:00,0,0,0,0,0,0,0,0,0,0,0
2019/12/15 0:00,0,0,0,0,0,0,0,0,0,0,0
2019/12/15 1:00,0,0,0,0,0,0,0,0,0,0,0
2019/12/15 2:00,0,0,0,0,0,0,0,0,0,0,0
2019/12/15 3:00,0,0,0,0,0,0,0,0,0,0,0
2019/12/15 4:00,0,0,0,0,0,0,0,0,0,0,0
2019/12/15 5:00,0,0,0,0,0,0,0,0,0,0,0
2019/12/15 6:00,0,0,0,0,0,0,0,0,0,0,0
2019/12/15 7:00,0.007184837,0.022614269,0.037981534,0.037647446,0.012035935,0.029335784,0.022019152,0.034937527,0.014792771,0.013987691,0.028280963
2019/12/15 8:00,0.052090068,0.119373683,0.175299386,0.139273139,0.102305444,0.118378518,0.202156788,0.135868162,0.108958693,0.127415146,0.141040626
2019/12/15 9:00,0.106575082,0.218728178,0.332338419,0.271375337,0.226676767,0.222089144,0.378100299,0.279500219,0.263289244,0.29450447,0.279088896
2019/12/15 10:00,0.183812079,0.267293248,0.473308342,0.467119645,0.338009162,0.330286419,0.495745484,0.419250329,0.38041708,0.429294945,0.407512439
2019/12/15 11:00,0.219137528,0.290648968,0.550001823,0.555748006,0.326976222,0.439001384,0.542090556,0.489125383,0.463654015,0.509406264,0.479439761
2019/12/15 12:00,0.238895829,0.283790542,0.534663127,0.573451269,0.294880396,0.487836837,0.570610601,0.493007331,0.502181455,0.519833452,0.492469841
2019/12/15 13:00,0.214946373,0.215947735,0.455047989,0.499388884,0.280838473,0.449182627,0.544607031,0.485243436,0.464205984,0.459559221,0.437903446
2019/12/15 14:00,0.117352337,0.138095332,0.300200198,0.362916894,0.20962586,0.337534083,0.438076276,0.353257221,0.352377051,0.359610813,0.315143604
2019/12/15 15:00,0.021554511,0.033550678,0.088380107,0.177816953,0.093278493,0.183089807,0.257099815,0.174687637,0.200585558,0.262459942,0.145754433
2019/12/15 16:00,0,0,0.000730414,0.01501416,0.013038929,0.033477307,0.037327706,0.038819475,0.059502265,0.118513889,0.022801233
2019/12/15 17:00,0,0,0,0,0,0,0,0,0.000662363,0.015004977,0.000223394
2019/12/15 18:00,0,0,0,0,0,0,0,0,0,0,0
2019/12/15 19:00,0,0,0,0,0,0,0,0,0,0,0
2019/12/15 20:00,0,0,0,0,0,0,0,0,0,0,0
2019/12/15 21:00,0,0,0,0,0,0,0,0,0,0,0
2019/12/15 22:00,0,0,0,0,0,0,0,0,0,0,0
2019/12/15 23:00,0,0,0,0,0,0,0,0,0,0,0
2019/12/16 0:00,0,0,0,0,0,0,0,0,0,0,0
2019/12/16 1:00,0,0,0,0,0,0,0,0,0,0,0
2019/12/16 2:00,0,0,0,0,0,0,0,0,0,0,0
2019/12/16 3:00,0,0,0,0,0,0,0,0,0,0,0
2019/12/16 4:00,0,0,0,0,0,0,0,0,0,0,0
2019/12/16 5:00,0,0,0,0,0,0,0,0,0,0,0
2019/12/16 6:00,0,0,0,0,0,0,0,0,0,0,0
2019/12/16 7:00,0.017363356,0.060984382,0.0569723,0.035518572,0.041122776,0.037963956,0.027052101,0.050465317,0.012143319,0.012207439,0.039231037
2019/12/16 8:00,0.073045843,0.272112682,0.263679493,0.170758057,0.19859292,0.190510035,0.232354482,0.182451532,0.099244038,0.120548462,0.198058727
2019/12/16 9:00,0.126333383,0.469894856,0.445552606,0.284372669,0.355060069,0.353064793,0.427590965,0.353257221,0.218690144,0.268817984,0.353295214
2019/12/16 10:00,0.244883193,0.595570877,0.559497207,0.376026272,0.467395458,0.472133564,0.558237935,0.500771226,0.302147866,0.421410973,0.4635844
2019/12/16 11:00,0.30894799,0.624672846,0.598939569,0.417707373,0.517545185,0.53115026,0.614858612,0.566764333,0.293205967,0.502793901,0.500359977
2019/12/16 12:00,0.306553044,0.590751442,0.571914247,0.483142218,0.505509251,0.525800793,0.617584792,0.578410175,0.225313772,0.550097728,0.489670843
2019/12/16 13:00,0.210156481,0.495845657,0.479151655,0.418155556,0.438308616,0.464023083,0.560964115,0.496889278,0.165149144,0.532549534,0.414957663
2019/12/16 14:00,0.10178519,0.288239251,0.316269309,0.298378415,0.30892232,0.346334819,0.436608332,0.337729431,0.09438671,0.45014932,0.281908544
2019/12/16 15:00,0.014369674,0.05894539,0.108101288,0.126836037,0.142425225,0.18826671,0.245356267,0.166923742,0.039631379,0.324768747,0.117773832
2019/12/16 16:00,0,0.000556089,0.000730414,0.00582639,0.020059891,0.035202941,0.029987988,0.034937527,0.0107082,0.148523843,0.012716578
2019/12/16 17:00,0,0,0,0,0,0,0,0,0.000220788,0.021363019,0.000195235
2019/12/16 18:00,0,0,0,0,0,0,0,0,0,0,0
2019/12/16 19:00,0,0,0,0,0,0,0,0,0,0,0
2019/12/16 20:00,0,0,0,0,0,0,0,0,0,0,0
2019/12/16 21:00,0,0,0,0,0,0,0,0,0,0,0
2019/12/16 22:00,0,0,0,0,0,0,0,0,0,0,0
2019/12/16 23:00,0,0,0,0,0,0,0,0,0,0,0
2019/12/17 0:00,0,0,0,0,0,0,0,0,0,0,0
2019/12/17 1:00,0,0,0,0,0,0,0,0,0,0,0
2019/12/17 2:00,0,0,0,0,0,0,0,0,0,0,0
2019/12/17 3:00,0,0,0,0,0,0,0,0,0,0,0
2019/12/17 4:00,0,0,0,0,0,0,0,0,0,0,0
2019/12/17 5:00,0,0,0,0,0,0,0,0,0,0,0
2019/12/17 6:00,0,0,0,0,0,0,0,0,0,0,0
2019/12/17 7:00,0.017962092,0.016311932,0.026294908,0.000896368,0.010029945,0.029335784,0.009227073,0.03105558,0.007837961,0.006358041,0.016210164
2019/12/17 8:00,0.095797826,0.092125343,0.086188865,0.019495999,0.052155716,0.123210294,0.073816586,0.07763895,0.062593292,0.0740076,0.073684439
2019/12/17 9:00,0.159862623,0.147734201,0.108831702,0.076415351,0.12136234,0.168249351,0.095626032,0.097048687,0.148038103,0.182857266,0.121100342
2019/12/17 10:00,0.180219661,0.180543428,0.116135843,0.157760724,0.147440198,0.135462298,0.144906992,0.097048687,0.216592661,0.308492161,0.154485582
2019/12/17 11:00,0.215545109,0.198338263,0.120518328,0.186892676,0.15446116,0.126834126,0.160215545,0.116458425,0.193741142,0.496181538,0.162403876
2019/12/17 12:00,0.190996916,0.113627435,0.131474539,0.162690747,0.181542013,0.122865167,0.130017851,0.13975011,0.144063926,0.529497675,0.142112543
2019/12/17 13:00,0.112562446,0.056535673,0.102988389,0.106555717,0.113338384,0.09887885,0.074445705,0.116458425,0.107523574,0.484737064,0.100613773
2019/12/17 14:00,0.055682487,0.032809227,0.07815431,0.033725837,0.167500089,0.066609487,0.050748903,0.065993107,0.110283419,0.428786301,0.070840386
2019/12/17 15:00,0.00838231,0.012790038,0.024103666,0.004930023,0.075224591,0.042105479,0.026842395,0.019409737,0.074626218,0.308746483,0.032878379
2019/12/17 16:00,0,0,0,0,0.007020962,0.008800735,0.00440383,0.003881947,0.025059396,0.148778165,0.007030349
2019/12/17 17:00,0,0,0,0,0.001002995,0,0,0,0.000220788,0.020345732,0.000206499
2019/12/17 18:00,0,0,0,0,0.001002995,0,0,0,0,0,1.88E-05
2019/12/17 19:00,0,0,0,0,0,0,0,0,0,0,0
2019/12/17 20:00,0,0,0,0,0,0,0,0,0,0,0
2019/12/17 21:00,0,0,0,0,0,0,0,0,0,0,0
2019/12/17 22:00,0,0,0,0,0,0,0,0,0,0,0
2019/12/17 23:00,0,0,0,0,0,0,0,0,0,0,0
2019/12/18 0:00,0,0,0,0,0,0,0,0,0,0,0
2019/12/18 1:00,0,0,0,0,0,0,0,0,0,0,0
2019/12/18 2:00,0,0,0,0,0,0,0,0,0,0,0
2019/12/18 3:00,0,0,0,0,0,0,0,0,0,0,0
2019/12/18 4:00,0,0,0,0,0,0,0,0,0,0,0
2019/12/18 5:00,0,0,0,0,0,0,0,0,0,0,0
2019/12/18 6:00,0,0,0,0,0.001002995,0,0,0,0,0,1.88E-05
2019/12/18 7:00,0.020955774,0.01557048,0.042364018,0.012661194,0.002005989,0.020880176,0.007339717,0.019409737,0.005961266,0.003814825,0.020189961
2019/12/18 8:00,0.111963709,0.092496068,0.203055122,0.048515905,0.010029945,0.061777711,0.079898067,0.04658337,0.0660155,0.043489002,0.10105493
2019/12/18 9:00,0.244284457,0.148475653,0.330147177,0.099272729,0.030089836,0.069025375,0.157699071,0.073757002,0.189766965,0.083417501,0.182822863
2019/12/18 10:00,0.326311346,0.228737772,0.403919002,0.134006979,0.061182667,0.089215297,0.218513872,0.155277899,0.309765039,0.177516511,0.251568224
2019/12/18 11:00,0.377802677,0.323272832,0.37689368,0.185660171,0.089266515,0.124073111,0.238855375,0.194097374,0.347740511,0.189978272,0.279030701
2019/12/18 12:00,0.353853221,0.264142079,0.300200198,0.180506056,0.141422231,0.115617503,0.226902121,0.186333479,0.364189189,0.217699332,0.253329097
2019/12/18 13:00,0.258654131,0.195928546,0.327955935,0.182186746,0.085254536,0.101812428,0.16273202,0.13975011,0.371585575,0.206254858,0.241474182
2019/12/18 14:00,0.116154864,0.124749206,0.255644938,0.168629183,0.06619764,0.098016032,0.15329524,0.07763895,0.300160778,0.204728928,0.192165999
2019/12/18 15:00,0.014369674,0.032623864,0.079615138,0.088292224,0.03309882,0.079206618,0.122049015,0.027173632,0.191643659,0.192267167,0.094493897
2019/12/18 16:00,0,0,0.000730414,0.005154115,0.003008984,0.021052739,0.023696802,0.007763895,0.057404783,0.086978004,0.016298395
2019/12/18 17:00,0,0,0,0,0,0,0,0,0.001214332,0.012461761,0.000298485
2019/12/18 18:00,0,0,0,0,0,0,0,0,0,0,0
2019/12/18 19:00,0,0,0,0,0,0,0,0,0,0,0
2019/12/18 20:00,0,0,0,0,0,0,0,0,0,0,0
2019/12/18 21:00,0,0,0,0,0,0,0,0,0,0,0
2019/12/18 22:00,0,0,0,0,0,0,0,0,0,0,0
2019/12/18 23:00,0,0,0,0,0,0,0,0,0,0,0
2019/12/19 0:00,0,0,0,0,0,0,0,0,0,0,0
2019/12/19 1:00,0,0,0,0,0,0,0,0,0,0,0
2019/12/19 2:00,0,0,0,0,0,0,0,0,0,0,0
2019/12/19 3:00,0,0,0,0,0,0,0,0,0,0,0
2019/12/19 4:00,0,0,0,0,0,0,0,0,0,0,0
2019/12/19 5:00,0,0,0,0,0,0,0,0,0,0,0
2019/12/19 6:00,0,0,0,0,0,0,0,0,0,0,0
2019/12/19 7:00,0.029338084,0.028545881,0.031407807,0.027115125,0.025074864,0.032269363,0.016566791,0.027173632,0.008941899,0.003306181,0.024747955
2019/12/19 8:00,0.203570381,0.159782787,0.13512661,0.130981738,0.120359345,0.150302754,0.120790778,0.104812582,0.068223376,0.019074124,0.125466855
2019/12/19 9:00,0.385586251,0.345887101,0.165804003,0.281683566,0.268802538,0.192580796,0.120161659,0.170805689,0.124303433,0.07248167,0.20359853
2019/12/19 10:00,0.467613139,0.468597316,0.141700337,0.322356253,0.372110976,0.146161231,0.120371365,0.221271007,0.153668188,0.080619963,0.223613905
2019/12/19 11:00,0.440670001,0.517533112,0.120518328,0.250534787,0.404206802,0.125108492,0.111563704,0.197979322,0.229398343,0.141402837,0.219970138
2019/12/19 12:00,0.417319281,0.507523517,0.089110521,0.226220811,0.344027129,0.12148466,0.088496021,0.197979322,0.289121396,0.32222553,0.213983547
2019/12/19 13:00,0.354451957,0.41187628,0.049668159,0.139609277,0.235703718,0.102675245,0.10736958,0.248444639,0.289121396,0.28051678,0.177425733
2019/12/19 14:00,0.184410816,0.216503823,0.023373251,0.066779398,0.155464155,0.106816768,0.098981332,0.12422232,0.2194629,0.30060819,0.113840967
2019/12/19 15:00,0.026344402,0.043004184,0.005843313,0.014117792,0.04413176,0.06022464,0.06144392,0.089284792,0.107081999,0.184637518,0.045816474
2019/12/19 16:00,0,0,0,0,0.004011978,0.016220963,0.009856192,0.019409737,0.030910268,0.048829757,0.009277432
2019/12/19 17:00,0,0,0,0,0,0,0,0,0.000220788,0.008901258,0.000103249
2019/12/19 18:00,0,0,0,0,0,0,0,0,0,0,0
2019/12/19 19:00,0,0,0,0,0,0,0,0,0,0,0
2019/12/19 20:00,0,0,0,0,0,0,0,0,0,0,0
2019/12/19 21:00,0,0,0,0,0,0,0,0,0,0,0
2019/12/19 22:00,0,0,0,0,0,0,0,0,0,0,0
2019/12/19 23:00,0,0,0,0,0,0,0,0,0,0,0
2019/12/20 0:00,0,0,0,0,0,0,0,0,0,0,0
2019/12/20 1:00,0,0,0,0,0,0,0,0,0,0,0
2019/12/20 2:00,0,0,0,0,0,0,0,0,0,0,0
2019/12/20 3:00,0,0,0,0,0,0,0,0,0,0,0
2019/12/20 4:00,0,0,0,0,0,0,0,0,0,0,0
2019/12/20 5:00,0,0,0,0,0,0,0,0,0,0,0
2019/12/20 6:00,0,0,0,0,0,0,0,0,0,0,0
2019/12/20 7:00,0.003592418,0.027804429,0.051128988,0.052325468,0.012035935,0.036583449,0.020341503,0.038819475,0.015234346,0.002797538,0.035350734
2019/12/20 8:00,0.017363356,0.15088537,0.251262453,0.255240717,0.049146733,0.181881863,0.207609149,0.163041794,0.133576514,0.034079101,0.193309252
2019/12/20 9:00,0.076039525,0.293614774,0.434596394,0.413785764,0.085254536,0.339949971,0.374745,0.329965536,0.29066691,0.05239026,0.351040622
2019/12/20 10:00,0.089211726,0.380920682,0.561688449,0.494122723,0.145434209,0.425714,0.428849202,0.496889278,0.423360273,0.102237303,0.452724435
2019/12/20 11:00,0.104180136,0.424295592,0.604052467,0.494794999,0.142425225,0.434514735,0.410814468,0.57064628,0.506155633,0.103508911,0.485529601
2019/12/20 12:00,0.146690421,0.423739503,0.576296731,0.447735692,0.159476133,0.403971007,0.404523282,0.562882386,0.522052342,0.09562494,0.470490849
2019/12/20 13:00,0.158066413,0.370911088,0.487916624,0.401348661,0.138413247,0.359622203,0.380616774,0.489125383,0.468069767,0.081891571,0.414803728
2019/12/20 14:00,0.085619307,0.235410835,0.32722552,0.291543611,0.130389291,0.270924596,0.307429306,0.329965536,0.367942579,0.095116297,0.298135603
2019/12/20 15:00,0.010178519,0.04856507,0.114675015,0.141962243,0.054161705,0.148577119,0.177411455,0.151395952,0.214274391,0.066886594,0.135806818
2019/12/20 16:00,0,0,0.000730414,0.008739586,0.005014973,0.030716292,0.02159974,0.03105558,0.059502265,0.035605031,0.018904036
2019/12/20 17:00,0,0,0,0,0,0,0,0,0.000993544,0.009918544,0.000242167
2019/12/20 18:00,0,0,0,0,0,0,0,0,0,0,0
2019/12/20 19:00,0,0,0,0,0,0,0,0,0,0,0
2019/12/20 20:00,0,0,0,0,0,0,0,0,0,0,0
2019/12/20 21:00,0,0,0,0,0,0,0,0,0,0,0
2019/12/20 22:00,0,0,0,0,0,0,0,0,0,0,0
2019/12/20 23:00,0,0,0,0,0,0,0,0,0,0,0
2019/12/21 0:00,0,0,0,0,0,0,0,0,0,0,0
2019/12/21 1:00,0,0,0,0,0,0,0,0,0,0,0
2019/12/21 2:00,0,0,0,0,0,0,0,0,0,0,0
2019/12/21 3:00,0,0,0,0,0,0,0,0,0,0,0
2019/12/21 4:00,0,0,0,0,0,0,0,0,0,0,0
2019/12/21 5:00,0,0,0,0,0,0,0,0,0,0,0
2019/12/21 6:00,0,0,0,0,0,0,0,0,0,0,0
2019/12/21 7:00,0.020955774,0.033179952,0.020451595,0.012661194,0.010029945,0.020189922,0.018873559,0.034937527,0.012143319,0.010172866,0.019298261
2019/12/21 8:00,0.139505584,0.204825963,0.084728037,0.128068543,0.102305444,0.12700669,0.170910562,0.128104267,0.09063332,0.046032219,0.121329368
2019/12/21 9:00,0.279011169,0.349965084,0.127822469,0.310143242,0.211631849,0.284902235,0.291491634,0.302791904,0.194293111,0.106815093,0.238525003
2019/12/21 10:00,0.344273438,0.368316007,0.164343174,0.499388884,0.267799544,0.386196973,0.298411939,0.454187856,0.200695952,0.211086969,0.305393101
2019/12/21 11:00,0.365827949,0.354413793,0.181142699,0.503646631,0.23169174,0.347542763,0.311413724,0.442542013,0.211183364,0.19887953,0.307105165
2019/12/21 12:00,0.324515136,0.326053275,0.17237773,0.446055003,0.168503084,0.291804772,0.340353181,0.372666959,0.167688202,0.23117838,0.275843108
2019/12/21 13:00,0.244284457,0.223547612,0.143891579,0.322916483,0.130389291,0.262123861,0.339514356,0.248444639,0.101562308,0.236010491,0.213760153
2019/12/21 14:00,0.131123275,0.139392872,0.08180638,0.193391343,0.108323411,0.1887844,0.232564188,0.13975011,0.062372504,0.14648927,0.133484644
2019/12/21 15:00,0.01676462,0.035218944,0.024103666,0.041793146,0.048143738,0.098016032,0.082833953,0.04658337,0.024065851,0.115207707,0.043464264
2019/12/21 16:00,0,0,0,0.000784322,0.006017967,0.017428907,0.006710599,0.007763895,0.006402841,0.068666845,0.004711929
2019/12/21 17:00,0,0,0,0,0,0,0,0,0,0.016530907,0.000122022
2019/12/21 18:00,0,0,0,0,0,0,0,0,0,0,0
2019/12/21 19:00,0,0,0,0,0,0,0,0,0,0,0
2019/12/21 20:00,0,0,0,0,0,0,0,0,0,0,0
2019/12/21 21:00,0,0,0,0,0,0,0,0,0,0,0
2019/12/21 22:00,0,0,0,0,0,0,0,0,0,0,0
2019/12/21 23:00,0,0,0,0,0,0,0,0,0,0,0
2019/12/22 0:00,0,0,0,0,0,0,0,0,0,0,0
2019/12/22 1:00,0,0,0,0,0,0,0,0,0,0,0
2019/12/22 2:00,0,0,0,0,0,0,0,0,0,0,0
2019/12/22 3:00,0,0,0,0,0,0,0,0,0,0,0
2019/12/22 4:00,0,0,0,0,0,0,0,0,0,0,0
2019/12/22 5:00,0,0,0,0,0,0,0,0,0,0,0
2019/12/22 6:00,0,0,0,0,0,0,0,0,0,0,0
2019/12/22 7:00,0.005987364,0.027989792,0.025564494,0.001792736,0.024071869,0.016738653,0.010904723,0.03105558,0.000331181,0.015513621,0.01481348
2019/12/22 8:00,0.045503967,0.130680818,0.121248742,0.044146112,0.079236569,0.082140196,0.084092191,0.06211116,0.009604262,0.102491625,0.076560406
2019/12/22 9:00,0.085020571,0.220767169,0.191368496,0.104426843,0.204610887,0.103192935,0.114919004,0.04658337,0.016117497,0.205237571,0.123555801
2019/12/22 10:00,0.115556128,0.345887101,0.235193343,0.109917096,0.205613882,0.105781387,0.11345106,0.054347265,0.022189156,0.390638054,0.152313589
2019/12/22 11:00,0.140703057,0.437456355,0.176760214,0.126723991,0.213637838,0.136670242,0.105901637,0.054347265,0.025500971,0.498470433,0.154367314
2019/12/22 12:00,0.157467677,0.353486979,0.146082822,0.124146934,0.181542013,0.08231276,0.070670993,0.042701422,0.051333123,0.477616058,0.132080451
2019/12/22 13:00,0.131722011,0.256171476,0.100066733,0.060280731,0.095284482,0.045384184,0.051168316,0.007763895,0.086659143,0.520596417,0.096147765
2019/12/22 14:00,0.062867323,0.133646624,0.043824846,0.009747999,0.043128765,0.035202941,0.028939457,0.003881947,0.052326667,0.440230776,0.04796594
2019/12/22 15:00,0.006586101,0.023541084,0.006573727,0.000784322,0.017050907,0.026747333,0.016147378,0.003881947,0.022520338,0.289672359,0.015241496
2019/12/22 16:00,0,0,0,0,0.002005989,0.007075101,0.004194124,0.003881947,0.004526146,0.132501579,0.003118133
2019/12/22 17:00,0,0,0,0,0,0,0,0,0,0.02009141,0.000148304
2019/12/22 18:00,0,0,0,0,0,0,0,0,0,0,0
2019/12/22 19:00,0,0,0,0,0,0,0,0,0,0,0
2019/12/22 20:00,0,0,0,0,0,0,0,0,0,0,0
2019/12/22 21:00,0,0,0,0,0,0,0,0,0,0,0
2019/12/22 22:00,0,0,0,0,0,0,0,0,0,0,0
2019/12/22 23:00,0,0,0,0,0,0,0,0,0,0,0
2019/12/23 0:00,0,0,0,0,0,0,0,0,0,0,0
2019/12/23 1:00,0,0,0,0,0,0,0,0,0,0,0
2019/12/23 2:00,0,0,0,0,0,0,0,0,0,0,0
2019/12/23 3:00,0,0,0,0,0,0,0,0,0,0,0
2019/12/23 4:00,0,0,0,0,0,0,0,0,0,0,0
2019/12/23 5:00,0,0,0,0,0,0,0,0,0,0,0
2019/12/23 6:00,0,0,0,0,0,0,0,0,0,0,0
2019/12/23 7:00,0.01676462,0.01038032,0.035790291,0.042353376,0.027080853,0.026919896,0.017615322,0.042701422,0.01302647,0.006358041,0.027210923
2019/12/23 8:00,0.116753601,0.087491271,0.192829325,0.201122514,0.081242558,0.156687601,0.200688844,0.178569584,0.127504854,0.074516243,0.163177308
2019/12/23 9:00,0.198780489,0.188884757,0.338912146,0.377034686,0.158473138,0.278344824,0.377680887,0.357139169,0.310537796,0.219733905,0.314392699
2019/12/23 10:00,0.274820014,0.327350815,0.449935091,0.478884472,0.313937293,0.387404917,0.512312274,0.520180963,0.46729701,0.342825584,0.438675001
2019/12/23 11:00,0.30056568,0.431895469,0.518594017,0.54230249,0.455359524,0.467992042,0.562641765,0.60170186,0.534526842,0.443028314,0.510375173
2019/12/23 12:00,0.263444022,0.46303643,0.528819814,0.5364761,0.468398453,0.462124885,0.526572297,0.60170186,0.51708462,0.420393687,0.507260794
2019/12/23 13:00,0.196385544,0.404647129,0.444822192,0.457483692,0.338009162,0.387922607,0.421509485,0.508535121,0.497765703,0.479650631,0.437150663
2019/12/23 14:00,0.086218044,0.234669384,0.297278542,0.323364667,0.133398275,0.299225,0.25353481,0.341611379,0.373683057,0.409712178,0.297885927
2019/12/23 15:00,0.010777255,0.045043176,0.108101288,0.149581369,0.096287476,0.178603158,0.113870473,0.163041794,0.215267935,0.302642763,0.135895049
2019/12/23 16:00,0,0,0.001460828,0.013781654,0.01103294,0.036756012,0.018663853,0.034937527,0.065794713,0.12182007,0.022337549
2019/12/23 17:00,0,0,0,0,0,0,0,0,0.000883151,0.021871662,0.000311626
2019/12/23 18:00,0,0,0,0,0,0,0,0,0,0,0
2019/12/23 19:00,0,0,0,0,0,0,0,0,0,0,0
2019/12/23 20:00,0,0,0,0,0,0,0,0,0,0,0
2019/12/23 21:00,0,0,0,0,0,0,0,0,0,0,0
2019/12/23 22:00,0,0,0,0,0,0,0,0,0,0,0
2019/12/23 23:00,0,0,0,0,0,0,0,0,0,0,0
2019/12/24 0:00,0,0,0,0,0,0,0,0,0,0,0
2019/12/24 1:00,0,0,0,0,0,0,0,0,0,0,0
2019/12/24 2:00,0,0,0,0,0,0,0,0,0,0,0
2019/12/24 3:00,0,0,0,0,0,0,0,0,0,0,0
2019/12/24 4:00,0,0,0,0,0,0,0,0,0,0,0
2019/12/24 5:00,0,0,0,0,0,0,0,0,0,0,0
2019/12/24 6:00,0,0,0,0,0,0,0,0,0,0,0
2019/12/24 7:00,0.022751984,0.034848218,0.048207331,0.055798893,0.012035935,0.031061419,0.014260022,0.03105558,0.010156231,0.005595076,0.034132391
2019/12/24 8:00,0.137110639,0.16515831,0.254914524,0.218601686,0.053158711,0.135979989,0.142600224,0.12422232,0.081581028,0.090538507,0.172268892
2019/12/24 9:00,0.241889511,0.308999892,0.438248465,0.351152067,0.126377313,0.251079801,0.289394572,0.287264114,0.174532618,0.227109233,0.311180702
2019/12/24 10:00,0.304158098,0.40798366,0.555845136,0.473282173,0.177530035,0.3704937,0.398441802,0.454187856,0.24783411,0.409457856,0.419436812
2019/12/24 11:00,0.316132827,0.44097825,0.593096256,0.508240515,0.340015151,0.410528417,0.447932467,0.496889278,0.285588794,0.488551889,0.459480703
2019/12/24 12:00,0.294578316,0.482870256,0.557305965,0.443477945,0.282844462,0.385679282,0.4726778,0.473597593,0.337915462,0.537890289,0.449576265
2019/12/24 13:00,0.200576699,0.403534951,0.460891302,0.379051513,0.288862429,0.309923933,0.41899301,0.419250329,0.335376404,0.51652727,0.386868181
2019/12/24 14:00,0.096995299,0.245049704,0.292896057,0.236304949,0.169506078,0.211390211,0.334691113,0.326083589,0.258321522,0.430820874,0.261735479
2019/12/24 15:00,0.014369674,0.051901601,0.086919279,0.112942337,0.08826352,0.125108492,0.19481707,0.170805689,0.153888975,0.32375146,0.116489784
2019/12/24 16:00,0,0,0.000730414,0.011204597,0.015044918,0.029335784,0.032504463,0.038819475,0.046255008,0.149795452,0.019296384
2019/12/24 17:00,0,0,0,0,0,0,0,0,0.000993544,0.025940808,0.000360434
2019/12/24 18:00,0,0,0,0,0,0,0,0,0,0,0
2019/12/24 19:00,0,0,0,0,0,0,0,0,0,0,0
2019/12/24 20:00,0,0,0,0,0,0,0,0,0,0,0
2019/12/24 21:00,0,0,0,0,0,0,0,0,0,0,0
2019/12/24 22:00,0,0,0,0,0,0,0,0,0,0,0
2019/12/24 23:00,0,0,0,0,0,0,0,0,0,0,0
2019/12/25 0:00,0,0,0,0,0,0,0,0,0,0,0
2019/12/25 1:00,0,0,0,0,0,0,0,0,0,0,0
2019/12/25 2:00,0,0,0,0,0,0,0,0,0,0,0
2019/12/25 3:00,0,0,0,0,0,0,0,0,0,0,0
2019/12/25 4:00,0,0,0,0,0,0,0,0,0,0,0
2019/12/25 5:00,0,0,0,0,0,0,0,0,0,0,0
2019/12/25 6:00,0,0,0,0,0,0,0,0,0,0,0
2019/12/25 7:00,0.025745666,0.043004184,0.033599049,0.048515905,0.03309882,0.030888855,0.018034734,0.042701422,0.005409297,0.007883971,0.030563715
2019/12/25 8:00,0.159263886,0.215947735,0.165804003,0.24571681,0.197589925,0.174634199,0.206560618,0.170805689,0.044378313,0.082145893,0.168245918
2019/12/25 9:00,0.294578316,0.404461766,0.25783618,0.407175051,0.367096004,0.339087154,0.391102084,0.337729431,0.094938679,0.207017823,0.297459789
2019/12/25 10:00,0.370019104,0.532547504,0.319921379,0.496811827,0.488458344,0.464023083,0.503504613,0.477479541,0.141414474,0.277210598,0.384876405
2019/12/25 11:00,0.380197623,0.57314197,0.317730137,0.534907456,0.552649995,0.53115026,0.552785573,0.516299016,0.194624292,0.422682582,0.420041291
2019/12/25 12:00,0.349063329,0.572400519,0.302391441,0.552386627,0.54061406,0.532185641,0.542509969,0.551236543,0.165369932,0.500250685,0.414231162
2019/12/25 13:00,0.254462976,0.454139013,0.285591916,0.504094815,0.471407436,0.474031762,0.454643066,0.461951751,0.119887681,0.440739419,0.358900721
2019/12/25 14:00,0.117352337,0.260249459,0.222045889,0.381180387,0.337006167,0.358069132,0.34538613,0.275618272,0.05674242,0.421410973,0.253237111
2019/12/25 15:00,0.014369674,0.050604061,0.076693481,0.183979481,0.146437204,0.192235669,0.170700856,0.120340372,0.02461782,0.325531712,0.107454519
2019/12/25 16:00,0,0.000185363,0.000730414,0.00862754,0.021062885,0.036756012,0.019502678,0.023291685,0.007837961,0.155390528,0.011396862
2019/12/25 17:00,0,0,0,0,0,0,0,0,0,0.01856548,0.00013704
2019/12/25 18:00,0,0,0,0,0,0,0,0,0,0,0
2019/12/25 19:00,0,0,0,0,0,0,0,0,0,0,0
2019/12/25 20:00,0,0,0,0,0,0,0,0,0,0,0
2019/12/25 21:00,0,0,0,0,0,0,0,0,0,0,0
2019/12/25 22:00,0,0,0,0,0,0,0,0,0,0,0
2019/12/25 23:00,0,0,0,0,0,0,0,0,0,0,0
2019/12/26 0:00,0,0,0,0,0,0,0,0,0,0,0
2019/12/26 1:00,0,0,0,0,0,0,0,0,0,0,0
2019/12/26 2:00,0,0,0,0,0,0,0,0,0,0,0
2019/12/26 3:00,0,0,0,0,0,0,0,0,0,0,0
2019/12/26 4:00,0,0,0,0,0,0,0,0,0,0,0
2019/12/26 5:00,0,0,0,0,0,0,0,0,0,0,0
2019/12/26 6:00,0,0,0,0,0,0,0,0,0,0,0
2019/12/26 7:00,0.017962092,0.01557048,0.029946978,0.004705931,0.010029945,0.017774034,0.006500893,0.01552779,0.001545513,0.006866685,0.014392973
2019/12/26 8:00,0.115556128,0.075257322,0.129283297,0.059720501,0.035104809,0.057291061,0.05976627,0.034937527,0.020533249,0.081382928,0.072499887
2019/12/26 9:00,0.203570381,0.086379094,0.184794769,0.111709831,0.046137749,0.080932252,0.114289885,0.089284792,0.072749523,0.221005514,0.119560986
2019/12/26 10:00,0.246679403,0.116963966,0.241036656,0.132102197,0.073218602,0.111821107,0.165038788,0.174687637,0.136888328,0.38071951,0.166507572
2019/12/26 11:00,0.259252867,0.073774419,0.240306242,0.187564952,0.117350362,0.127179253,0.164199963,0.217389059,0.174974194,0.463628367,0.183207702
2019/12/26 12:00,0.202971644,0.078408491,0.20086388,0.129861278,0.109326405,0.130457959,0.137776981,0.178569584,0.178286008,0.529497675,0.159120544
2019/12/26 13:00,0.119148546,0.075998774,0.12270957,0.094342706,0.084251542,0.10992291,0.127081964,0.097048687,0.147044559,0.528480388,0.117287621
2019/12/26 14:00,0.055682487,0.042818821,0.058433129,0.039216089,0.045134755,0.08835248,0.092061027,0.04658337,0.090081351,0.381482474,0.066755463
2019/12/26 15:00,0.006586101,0.008897417,0.022642837,0.003025241,0.021062885,0.080932252,0.066057457,0.054347265,0.034332476,0.324005782,0.033404013
2019/12/26 16:00,0,0,0,0,0.004011978,0.022433247,0.007339717,0.007763895,0.013799227,0.122583035,0.006799446
2019/12/26 17:00,0,0,0,0,0,0,0,0,0.000110394,0.008901258,8.45E-05
2019/12/26 18:00,0,0,0,0,0,0,0,0,0,0,0
2019/12/26 19:00,0,0,0,0,0,0,0,0,0,0,0
2019/12/26 20:00,0,0,0,0,0,0,0,0,0,0,0
2019/12/26 21:00,0,0,0,0,0,0,0,0,0,0,0
2019/12/26 22:00,0,0,0,0,0,0,0,0,0,0,0
2019/12/26 23:00,0,0,0,0,0,0,0,0,0,0,0
2019/12/27 0:00,0,0,0,0,0,0,0,0,0,0,0
2019/12/27 1:00,0,0,0,0,0,0,0,0,0,0,0
2019/12/27 2:00,0,0,0,0,0,0,0,0,0,0,0
2019/12/27 3:00,0,0,0,0,0,0,0,0,0,0,0
2019/12/27 4:00,0,0,0,0,0,0,0,0,0,0,0
2019/12/27 5:00,0,0,0,0,0.001002995,0,0,0,0,0,1.88E-05
2019/12/27 6:00,0,0,0,0,0,0,0,0,0,0,0
2019/12/27 7:00,0.00838231,0.005746249,0.035790291,0.026778987,0.004011978,0.025539389,0.011324135,0.03105558,0.007617173,0.007883971,0.021252491
2019/12/27 8:00,0.026943139,0.085637642,0.208898435,0.191710653,0.026077858,0.123555421,0.150988472,0.100930635,0.085886387,0.048321113,0.14261565
2019/12/27 9:00,0.049695122,0.196669997,0.391501962,0.312048024,0.079236569,0.191890542,0.296734289,0.170805689,0.214053603,0.179042441,0.269282075
2019/12/27 10:00,0.080829416,0.299361023,0.500333664,0.458492105,0.182545007,0.281450966,0.369502344,0.209625164,0.347630117,0.321208244,0.376997533
2019/12/27 11:00,0.108970027,0.34125303,0.489377452,0.509024837,0.230688745,0.328388221,0.4051524,0.205743217,0.421593972,0.283568639,0.409083708
2019/12/27 12:00,0.127530856,0.272112682,0.444091778,0.496139551,0.225673773,0.348750707,0.378100299,0.252326587,0.460894169,0.373852825,0.398167425
2019/12/27 13:00,0.091606671,0.200006528,0.428022667,0.440900888,0.193577947,0.32735284,0.331335814,0.232916849,0.445328642,0.462865402,0.366310277
2019/12/27 14:00,0.050293859,0.126232109,0.313347652,0.330535609,0.160479127,0.243141883,0.257309521,0.194097374,0.365513915,0.363679959,0.276990116
2019/12/27 15:00,0.004191155,0.033365315,0.117596671,0.165267804,0.093278493,0.152373515,0.140083749,0.104812582,0.229067162,0.156916458,0.137466318
2019/12/27 16:00,0,0,0.001460828,0.016470757,0.010029945,0.035202941,0.021809446,0.03105558,0.071976766,0.06790388,0.023347517
2019/12/27 17:00,0,0,0,0,0,0,0,0,0.001214332,0.013224726,0.000304117
2019/12/27 18:00,0,0,0,0,0,0,0,0,0,0,0
2019/12/27 19:00,0,0,0,0,0,0,0,0,0,0,0
2019/12/27 20:00,0,0,0,0,0,0,0,0,0,0,0
2019/12/27 21:00,0,0,0,0,0,0,0,0,0,0,0
2019/12/27 22:00,0,0,0,0,0,0,0,0,0,0,0
2019/12/27 23:00,0,0,0,0,0,0,0,0,0,0,0
2019/12/28 0:00,0,0,0,0,0,0,0,0,0,0,0
2019/12/28 1:00,0,0,0,0,0,0,0,0,0,0,0
2019/12/28 2:00,0,0,0,0,0,0,0,0,0,0,0
2019/12/28 3:00,0,0,0,0,0,0,0,0,0,0,0
2019/12/28 4:00,0,0,0,0,0,0,0,0,0,0,0
2019/12/28 5:00,0,0,0,0,0,0,0,0,0,0,0
2019/12/28 6:00,0,0,0,0,0,0,0,0,0,0,0
2019/12/28 7:00,0.013172201,0.022243543,0.049668159,0.055126617,0.018053902,0.023123501,0.015937672,0.038819475,0.013688833,0.007121006,0.033205023
2019/12/28 8:00,0.088014253,0.133461261,0.244688726,0.252215476,0.098293465,0.152373515,0.184122054,0.170805689,0.125186584,0.073498957,0.186410312
2019/12/28 9:00,0.166448723,0.271185868,0.417066456,0.42555059,0.195583936,0.304401903,0.356081147,0.345493326,0.274659807,0.167852289,0.344477711
2019/12/28 10:00,0.250271821,0.313633963,0.531741471,0.542190444,0.305913336,0.392236693,0.473516625,0.504653173,0.411216953,0.346640408,0.454791301
2019/12/28 11:00,0.322718927,0.355155244,0.56534052,0.569753752,0.292874407,0.436067806,0.491131947,0.57064628,0.513000049,0.504319831,0.502286048
2019/12/28 12:00,0.353853221,0.34384811,0.544888925,0.576700603,0.309925315,0.39862154,0.440383044,0.555118491,0.522825098,0.530514961,0.490840377
2019/12/28 13:00,0.296374525,0.292502597,0.453587161,0.489304747,0.289865424,0.336498703,0.370131463,0.485243436,0.474914183,0.446334495,0.420159558
2019/12/28 14:00,0.137110639,0.15996815,0.30750434,0.387006777,0.214640833,0.243314447,0.305751656,0.361021116,0.388586222,0.416070219,0.308839755
2019/12/28 15:00,0.019758302,0.037257935,0.1190575,0.202130928,0.107320416,0.145298414,0.187896765,0.186333479,0.239333787,0.29755633,0.155399809
2019/12/28 16:00,0,0.000185363,0.002191242,0.02140078,0.018053902,0.034685251,0.036069468,0.04658337,0.077717244,0.12182007,0.027875474
2019/12/28 17:00,0,0,0,0,0,0,0,0,0.001876695,0.016530907,0.000441157
2019/12/28 18:00,0,0,0,0,0,0,0,0,0.000220788,0,3.75E-05
2019/12/28 19:00,0,0,0,0,0,0,0,0,0,0,0
2019/12/28 20:00,0,0,0,0,0,0,0,0,0,0,0
2019/12/28 21:00,0,0,0,0,0,0,0,0,0,0,0
2019/12/28 22:00,0,0,0,0,0,0,0,0,0,0,0
2019/12/28 23:00,0,0,0,0,0,0,0,0,0,0,0
2019/12/29 0:00,0,0,0,0,0,0,0,0,0,0,0
2019/12/29 1:00,0,0,0,0,0,0,0,0,0,0,0
2019/12/29 2:00,0,0,0,0,0,0,0,0,0,0,0
2019/12/29 3:00,0,0,0,0,0,0,0,0,0,0,0
2019/12/29 4:00,0,0,0,0,0,0,0,0,0,0,0
2019/12/29 5:00,0,0,0,0,0,0,0,0,0,0,0
2019/12/29 6:00,0,0,0,0,0,0,0,0,0,0,0
2019/12/29 7:00,0.021554511,0.038926201,0.042364018,0.054678433,0.029086842,0.02812784,0.016566791,0.034937527,0.00695481,0.009664223,0.032698162
2019/12/29 8:00,0.149085367,0.20723568,0.238114999,0.262747797,0.189565969,0.169802422,0.20425385,0.147514004,0.064469987,0.098931122,0.190014656
2019/12/29 9:00,0.278412433,0.396491163,0.42144894,0.433169716,0.360075042,0.329078475,0.323576684,0.271736324,0.099575219,0.201677068,0.332844314
2019/12/29 10:00,0.367025422,0.51679166,0.543428097,0.551154122,0.453353535,0.448492373,0.364888808,0.368785011,0.178506796,0.306203266,0.436245823
2019/12/29 11:00,0.388579933,0.570917616,0.587983357,0.612667359,0.473413425,0.512168282,0.417525067,0.411486434,0.191643659,0.231432701,0.479922217
2019/12/29 12:00,0.364630476,0.559610481,0.56534052,0.57927766,0.458368507,0.486801457,0.337417294,0.275618272,0.202241465,0.194556062,0.451359665
2019/12/29 13:00,0.295775789,0.458587721,0.476960413,0.435074498,0.345030124,0.274548429,0.247243623,0.190215427,0.166142689,0.176244903,0.348406822
2019/12/29 14:00,0.159862623,0.280639374,0.315538895,0.217817364,0.212634844,0.148922246,0.113870473,0.085402845,0.111387357,0.209306718,0.206016444
2019/12/29 15:00,0.029936821,0.062281922,0.117596671,0.034846296,0.08826352,0.070060756,0.054943027,0.027173632,0.065242743,0.096133584,0.070618869
2019/12/29 16:00,0,0.001112177,0.001460828,0.000448184,0.012035935,0.017946597,0.008388248,0.007763895,0.017221435,0.046795184,0.007141107
2019/12/29 17:00,0,0,0,0,0,0,0,0,0.000220788,0.010681509,0.00011639
2019/12/29 18:00,0,0,0,0,0,0,0,0,0,0,0
2019/12/29 19:00,0,0,0,0,0,0,0,0,0,0,0
2019/12/29 20:00,0,0,0,0,0,0,0,0,0,0,0
2019/12/29 21:00,0,0,0,0,0,0,0,0,0,0,0
2019/12/29 22:00,0,0,0,0,0,0,0,0,0,0,0
2019/12/29 23:00,0,0,0,0,0,0,0,0,0,0,0
2019/12/30 0:00,0,0,0,0,0,0,0,0,0,0,0
2019/12/30 1:00,0,0,0,0,0,0,0,0,0,0,0
2019/12/30 2:00,0,0,0,0,0,0,0,0,0,0,0
2019/12/30 3:00,0,0,0,0,0,0,0,0,0,0,0
2019/12/30 4:00,0,0,0,0,0,0,0,0,0,0,0
2019/12/30 5:00,0,0,0,0,0,0,0,0,0,0,0
2019/12/30 6:00,0,0,0,0,0,0,0,0,0,0,0
2019/12/30 7:00,0.017962092,0.022243543,0.019721181,0.000224092,0.003008984,0.008283045,0.006291186,0.01552779,0.000551969,0.003560503,0.010313681
2019/12/30 8:00,0.113759919,0.085081554,0.073771825,0.00638662,0.017050907,0.047972636,0.052845965,0.027173632,0.01534474,0.02772106,0.046610556
2019/12/30 9:00,0.217940055,0.150329281,0.083997622,0.02140078,0.047140744,0.057463625,0.097723094,0.04658337,0.038637835,0.033316136,0.072182629
2019/12/30 10:00,0.349063329,0.162933956,0.083997622,0.035070388,0.047140744,0.065228979,0.139664337,0.089284792,0.06745062,0.049084078,0.091540963
2019/12/30 11:00,0.352057011,0.187587217,0.11029253,0.028235584,0.061182667,0.079724308,0.160844664,0.131986215,0.08279536,0.087995291,0.108441959
2019/12/30 12:00,0.30715178,0.152924361,0.089840935,0.040896779,0.079236569,0.088179916,0.157908777,0.112576477,0.100568764,0.07553353,0.103375227
2019/12/30 13:00,0.214347636,0.145509847,0.07815431,0.04392202,0.090269509,0.093184256,0.127081964,0.097048687,0.087321506,0.048066792,0.092002769
2019/12/30 14:00,0.096995299,0.089159537,0.072310997,0.026442849,0.067200635,0.070233319,0.090593083,0.050465317,0.066788257,0.035859353,0.066156616
2019/12/30 15:00,0.012573465,0.022799632,0.026294908,0.005490252,0.043128765,0.045901874,0.046554779,0.01552779,0.05067076,0.06942981,0.030229562
2019/12/30 16:00,0,0,0,0,0.007020962,0.012942258,0.007549424,0.003881947,0.014130408,0.037130961,0.005079873
2019/12/30 17:00,0,0,0,0,0,0,0,0,0.000220788,0.005595076,7.88E-05
2019/12/30 18:00,0,0,0,0,0,0,0,0,0,0,0
2019/12/30 19:00,0,0,0,0,0,0,0,0,0,0,0
2019/12/30 20:00,0,0,0,0,0,0,0,0,0,0,0
2019/12/30 21:00,0,0,0,0,0,0,0,0,0,0,0
2019/12/30 22:00,0,0,0,0,0,0,0,0,0,0,0
2019/12/30 23:00,0,0,0,0,0,0,0,0,0,0,0
2019/12/31 0:00,0,0,0,0,0,0,0,0,0,0,0
2019/12/31 1:00,0,0,0,0,0,0,0,0,0,0,0
2019/12/31 2:00,0,0,0,0,0,0,0,0,0,0,0
2019/12/31 3:00,0,0,0,0,0,0,0,0,0,0,0
2019/12/31 4:00,0,0,0,0,0.001002995,0,0,0,0,0,1.88E-05
2019/12/31 5:00,0,0,0,0,0.001002995,0,0,0,0,0,1.88E-05
2019/12/31 6:00,0,0,0,0,0.001002995,0,0,0,0,0,1.88E-05
2019/12/31 7:00,0.010777255,0.024467898,0.038711948,0.018599631,0.006017967,0.026402206,0.007130011,0.03105558,0.006623629,0.00305186,0.022155455
2019/12/31 8:00,0.052688804,0.125676021,0.205246364,0.141402013,0.031092831,0.123037731,0.080107773,0.100930635,0.063807624,0.015004977,0.127802169
2019/12/31 9:00,0.085020571,0.221693983,0.357902913,0.270142831,0.049146733,0.203279729,0.169652325,0.100930635,0.142297625,0.048575435,0.23002288
2019/12/31 10:00,0.114957392,0.299917111,0.498142422,0.302524116,0.058173684,0.224850159,0.337836706,0.128104267,0.25622404,0.035096388,0.318511413
2019/12/31 11:00,0.159862623,0.274522399,0.571183833,0.292327933,0.051152722,0.192580796,0.416686242,0.147514004,0.38505362,0.052135938,0.360800511
2019/12/31 12:00,0.227519837,0.264698167,0.547810581,0.344205217,0.052155716,0.193961303,0.434930682,0.178569584,0.482310569,0.110629918,0.384885791
2019/12/31 13:00,0.209557745,0.201489431,0.453587161,0.330199471,0.072215607,0.221226327,0.38858561,0.236798797,0.458465505,0.059765588,0.34893621
2019/12/31 14:00,0.134715693,0.140134324,0.315538895,0.277649911,0.105314427,0.240035741,0.312252549,0.201861269,0.361650131,0.146743592,0.274412634
2019/12/31 15:00,0.02335072,0.036331121,0.116135843,0.183083113,0.064191651,0.156169911,0.173636743,0.151395952,0.229839919,0.161748569,0.146268803
2019/12/31 16:00,0,0.000556089,0.002191242,0.019832137,0.009026951,0.03865421,0.025584158,0.042701422,0.07904197,0.081891571,0.026717203
2019/12/31 17:00,0,0,0,0,0.001002995,0,0,0,0.001766301,0.007883971,0.00037733
2019/12/31 18:00,0,0,0,0,0,0,0,0,0,0,0
2019/12/31 19:00,0,0,0,0,0,0,0,0,0,0,0
2019/12/31 20:00,0,0,0,0,0,0,0,0,0,0,0
2019/12/31 21:00,0,0,0,0,0,0,0,0,0,0,0
2019/12/31 22:00,0,0,0,0,0,0,0,0,0,0,0
2019/12/31 23:00,0,0,0,0,0,0,0,0,0,0,0
2019/1/1 0:00,0,0,0,0,0,0,0,0,0,0,0
2019/1/1 1:00,0,0,0,0,0,0,0,0,0,0,0
2019/1/1 2:00,0,0,0,0,0,0,0,0,0,0,0
2019/1/1 3:00,0,0,0,0,0,0,0,0,0,0,0
2019/1/1 4:00,0,0,0,0,0,0,0,0,0,0,0
2019/1/1 5:00,0,0,0,0,0,0,0,0,0,0,0
2019/1/1 6:00,0,0,0,0,0,0,0,0,0,0,0
2019/1/1 7:00,0,0,0,0,0,0,0,0,0,0,0
2019/1/1 8:00,0,0,0,0,0,0,0,0,0,0,0
2019/1/1 9:00,0,0,0,0,0,0,0,0,0,0,0
2019/1/1 10:00,0,0,0,0,0,0,0,0,0,0,0
2019/1/1 11:00,0,0,0,0,0,0,0,0,0,0,0
2019/1/1 12:00,0,0,0,0,0,0,0,0,0,0,0
2019/1/1 13:00,0,0,0,0,0,0,0,0,0,0,0
2019/1/1 14:00,0,0,0,0,0,0,0,0,0,0,0
2019/1/1 15:00,0,0,0,0,0,0,0,0,0,0,0
2019/1/1 16:00,0,0,0,0,0,0,0,0,0,0,0
2019/1/1 17:00,0,0,0,0,0,0,0,0,0,0,0
2019/1/1 18:00,0,0,0,0,0,0,0,0,0,0,0
2019/1/1 19:00,0,0,0,0,0,0,0,0,0,0,0
2019/1/1 20:00,0,0,0,0,0,0,0,0,0,0,0
2019/1/1 21:00,0,0,0,0,0,0,0,0,0,0,0
2019/1/1 22:00,0,0,0,0,0,0,0,0,0,0,0
2019/1/1 23:00,0,0,0,0,0,0,0,0,0,0,0
2019/1/2 0:00,0,0,0,0,0,0,0,0,0,0,0
2019/1/2 1:00,0,0,0,0,0,0,0,0,0,0,0
2019/1/2 2:00,0,0,0,0,0,0,0,0,0,0,0
2019/1/2 3:00,0,0,0,0,0,0,0,0,0,0,0
2019/1/2 4:00,0,0,0,0,0,0,0,0,0,0,0
2019/1/2 5:00,0,0,0,0,0,0,0,0,0,0,0
2019/1/2 6:00,0,0,0,0,0,0,0,0,0,0,0
2019/1/2 7:00,0,0,0,0,0,0,0,0,0,0,0
2019/1/2 8:00,0,0,0,0,0,0,0,0,0,0,0
2019/1/2 9:00,0,0,0,0,0,0,0,0,0,0,0
2019/1/2 10:00,0,0,0,0,0,0,0,0,0,0,0
2019/1/2 11:00,0,0,0,0,0,0,0,0,0,0,0
2019/1/2 12:00,0,0,0,0,0,0,0,0,0,0,0
2019/1/2 13:00,0,0,0,0,0,0,0,0,0,0,0
2019/1/2 14:00,0,0,0,0,0,0,0,0,0,0,0
2019/1/2 15:00,0,0,0,0,0,0,0,0,0,0,0
2019/1/2 16:00,0,0,0,0,0,0,0,0,0,0,0
2019/1/2 17:00,0,0,0,0,0,0,0,0,0,0,0
2019/1/2 18:00,0,0,0,0,0,0,0,0,0,0,0
2019/1/2 19:00,0,0,0,0,0,0,0,0,0,0,0
2019/1/2 20:00,0,0,0,0,0,0,0,0,0,0,0
2019/1/2 21:00,0,0,0,0,0,0,0,0,0,0,0
2019/1/2 22:00,0,0,0,0,0,0,0,0,0,0,0
2019/1/2 23:00,0,0,0,0,0,0,0,0,0,0,0
2019/1/3 0:00,0,0,0,0,0,0,0,0,0,0,0
2019/1/3 1:00,0,0,0,0,0,0,0,0,0,0,0
2019/1/3 2:00,0,0,0,0,0,0,0,0,0,0,0
2019/1/3 3:00,0,0,0,0,0,0,0,0,0,0,0
2019/1/3 4:00,0,0,0,0,0,0,0,0,0,0,0
2019/1/3 5:00,0,0,0,0,0,0,0,0,0,0,0
2019/1/3 6:00,0,0,0,0,0,0,0,0,0,0,0
2019/1/3 7:00,0,0,0,0,0,0,0,0,0,0,0
2019/1/3 8:00,0,0,0,0,0,0,0,0,0,0,0
2019/1/3 9:00,0,0,0,0,0,0,0,0,0,0,0
2019/1/3 10:00,0,0,0,0,0,0,0,0,0,0,0
2019/1/3 11:00,0,0,0,0,0,0,0,0,0,0,0
2019/1/3 12:00,0,0,0,0,0,0,0,0,0,0,0
2019/1/3 13:00,0,0,0,0,0,0,0,0,0,0,0
2019/1/3 14:00,0,0,0,0,0,0,0,0,0,0,0
2019/1/3 15:00,0,0,0,0,0,0,0,0,0,0,0
2019/1/3 16:00,0,0,0,0,0,0,0,0,0,0,0
2019/1/3 17:00,0,0,0,0,0,0,0,0,0,0,0
2019/1/3 18:00,0,0,0,0,0,0,0,0,0,0,0
2019/1/3 19:00,0,0,0,0,0,0,0,0,0,0,0
2019/1/3 20:00,0,0,0,0,0,0,0,0,0,0,0
2019/1/3 21:00,0,0,0,0,0,0,0,0,0,0,0
2019/1/3 22:00,0,0,0,0,0,0,0,0,0,0,0
2019/1/3 23:00,0,0,0,0,0,0,0,0,0,0,0
2019/1/4 0:00,0,0,0,0,0,0,0,0,0,0,0
2019/1/4 1:00,0,0,0,0,0,0,0,0,0,0,0
2019/1/4 2:00,0,0,0,0,0,0,0,0,0,0,0
2019/1/4 3:00,0,0,0,0,0,0,0,0,0,0,0
2019/1/4 4:00,0,0,0,0,0,0,0,0,0,0,0
2019/1/4 5:00,0,0,0,0,0,0,0,0,0,0,0
2019/1/4 6:00,0,0,0,0,0,0,0,0,0,0,0
2019/1/4 7:00,0,0,0,0,0,0,0,0,0,0,0
2019/1/4 8:00,0,0,0,0,0,0,0,0,0,0,0
2019/1/4 9:00,0,0,0,0,0,0,0,0,0,0,0
2019/1/4 10:00,0,0,0,0,0,0,0,0,0,0,0
2019/1/4 11:00,0,0,0,0,0,0,0,0,0,0,0
2019/1/4 12:00,0,0,0,0,0,0,0,0,0,0,0
2019/1/4 13:00,0,0,0,0,0,0,0,0,0,0,0
2019/1/4 14:00,0,0,0,0,0,0,0,0,0,0,0
2019/1/4 15:00,0,0,0,0,0,0,0,0,0,0,0
2019/1/4 16:00,0,0,0,0,0,0,0,0,0,0,0
2019/1/4 17:00,0,0,0,0,0,0,0,0,0,0,0
2019/1/4 18:00,0,0,0,0,0,0,0,0,0,0,0
2019/1/4 19:00,0,0,0,0,0,0,0,0,0,0,0
2019/1/4 20:00,0,0,0,0,0,0,0,0,0,0,0
2019/1/4 21:00,0,0,0,0,0,0,0,0,0,0,0
2019/1/4 22:00,0,0,0,0,0,0,0,0,0,0,0
2019/1/4 23:00,0,0,0,0,0,0,0,0,0,0,0
2019/1/5 0:00,0,0,0,0,0,0,0,0,0,0,0
2019/1/5 1:00,0,0,0,0,0,0,0,0,0,0,0
2019/1/5 2:00,0,0,0,0,0,0,0,0,0,0,0
2019/1/5 3:00,0,0,0,0,0,0,0,0,0,0,0
2019/1/5 4:00,0,0,0,0,0,0,0,0,0,0,0
2019/1/5 5:00,0,0,0,0,0,0,0,0,0,0,0
2019/1/5 6:00,0,0,0,0,0,0,0,0,0,0,0
2019/1/5 7:00,0,0,0,0,0,0,0,0,0,0,0
2019/1/5 8:00,0,0,0,0,0,0,0,0,0,0,0
2019/1/5 9:00,0,0,0,0,0,0,0,0,0,0,0
2019/1/5 10:00,0,0,0,0,0,0,0,0,0,0,0
2019/1/5 11:00,0,0,0,0,0,0,0,0,0,0,0
2019/1/5 12:00,0,0,0,0,0,0,0,0,0,0,0
2019/1/5 13:00,0,0,0,0,0,0,0,0,0,0,0
2019/1/5 14:00,0,0,0,0,0,0,0,0,0,0,0
2019/1/5 15:00,0,0,0,0,0,0,0,0,0,0,0
2019/1/5 16:00,0,0,0,0,0,0,0,0,0,0,0
2019/1/5 17:00,0,0,0,0,0,0,0,0,0,0,0
2019/1/5 18:00,0,0,0,0,0,0,0,0,0,0,0
2019/1/5 19:00,0,0,0,0,0,0,0,0,0,0,0
2019/1/5 20:00,0,0,0,0,0,0,0,0,0,0,0
2019/1/5 21:00,0,0,0,0,0,0,0,0,0,0,0
2019/1/5 22:00,0,0,0,0,0,0,0,0,0,0,0
2019/1/5 23:00,0,0,0,0,0,0,0,0,0,0,0
2019/1/6 0:00,0,0,0,0,0,0,0,0,0,0,0
2019/1/6 1:00,0,0,0,0,0,0,0,0,0,0,0
2019/1/6 2:00,0,0,0,0,0,0,0,0,0,0,0
2019/1/6 3:00,0,0,0,0,0,0,0,0,0,0,0
2019/1/6 4:00,0,0,0,0,0,0,0,0,0,0,0
2019/1/6 5:00,0,0,0,0,0,0,0,0,0,0,0
2019/1/6 6:00,0,0,0,0,0,0,0,0,0,0,0
2019/1/6 7:00,0,0,0,0,0,0,0,0,0,0,0
2019/1/6 8:00,0,0,0,0,0,0,0,0,0,0,0
2019/1/6 9:00,0,0,0,0,0,0,0,0,0,0,0
2019/1/6 10:00,0,0,0,0,0,0,0,0,0,0,0
2019/1/6 11:00,0,0,0,0,0,0,0,0,0,0,0
2019/1/6 12:00,0,0,0,0,0,0,0,0,0,0,0
2019/1/6 13:00,0,0,0,0,0,0,0,0,0,0,0
2019/1/6 14:00,0,0,0,0,0,0,0,0,0,0,0
2019/1/6 15:00,0,0,0,0,0,0,0,0,0,0,0
2019/1/6 16:00,0,0,0,0,0,0,0,0,0,0,0
2019/1/6 17:00,0,0,0,0,0,0,0,0,0,0,0
2019/1/6 18:00,0,0,0,0,0,0,0,0,0,0,0
2019/1/6 19:00,0,0,0,0,0,0,0,0,0,0,0
2019/1/6 20:00,0,0,0,0,0,0,0,0,0,0,0
2019/1/6 21:00,0,0,0,0,0,0,0,0,0,0,0
2019/1/6 22:00,0,0,0,0,0,0,0,0,0,0,0
2019/1/6 23:00,0,0,0,0,0,0,0,0,0,0,0
2019/1/7 0:00,0,0,0,0,0,0,0,0,0,0,0
2019/1/7 1:00,0,0,0,0,0,0,0,0,0,0,0
2019/1/7 2:00,0,0,0,0,0,0,0,0,0,0,0
2019/1/7 3:00,0,0,0,0,0,0,0,0,0,0,0
2019/1/7 4:00,0,0,0,0,0,0,0,0,0,0,0
2019/1/7 5:00,0,0,0,0,0,0,0,0,0,0,0
2019/1/7 6:00,0,0,0,0,0,0,0,0,0,0,0
2019/1/7 7:00,0,0,0,0,0,0,0,0,0,0,0
2019/1/7 8:00,0,0,0,0,0,0,0,0,0,0,0
2019/1/7 9:00,0,0,0,0,0,0,0,0,0,0,0
2019/1/7 10:00,0,0,0,0,0,0,0,0,0,0,0
2019/1/7 11:00,0,0,0,0,0,0,0,0,0,0,0
2019/1/7 12:00,0,0,0,0,0,0,0,0,0,0,0
2019/1/7 13:00,0,0,0,0,0,0,0,0,0,0,0
2019/1/7 14:00,0,0,0,0,0,0,0,0,0,0,0
2019/1/7 15:00,0,0,0,0,0,0,0,0,0,0,0
2019/1/7 16:00,0,0,0,0,0,0,0,0,0,0,0
2019/1/7 17:00,0,0,0,0,0,0,0,0,0,0,0
2019/1/7 18:00,0,0,0,0,0,0,0,0,0,0,0
2019/1/7 19:00,0,0,0,0,0,0,0,0,0,0,0
2019/1/7 20:00,0,0,0,0,0,0,0,0,0,0,0
2019/1/7 21:00,0,0,0,0,0,0,0,0,0,0,0
2019/1/7 22:00,0,0,0,0,0,0,0,0,0,0,0
2019/1/7 23:00,0,0,0,0,0,0,0,0,0,0,0
2019/1/8 0:00,0,0,0,0,0,0,0,0,0,0,0
2019/1/8 1:00,0,0,0,0,0,0,0,0,0,0,0
2019/1/8 2:00,0,0,0,0,0,0,0,0,0,0,0
2019/1/8 3:00,0,0,0,0,0,0,0,0,0,0,0
2019/1/8 4:00,0,0,0,0,0,0,0,0,0,0,0
2019/1/8 5:00,0,0,0,0,0,0,0,0,0,0,0
2019/1/8 6:00,0,0,0,0,0,0,0,0,0,0,0
2019/1/8 7:00,0,0,0,0,0,0,0,0,0,0,0
2019/1/8 8:00,0,0,0,0,0,0,0,0,0,0,0
2019/1/8 9:00,0,0,0,0,0,0,0,0,0,0,0
2019/1/8 10:00,0,0,0,0,0,0,0,0,0,0,0
2019/1/8 11:00,0,0,0,0,0,0,0,0,0,0,0
2019/1/8 12:00,0,0,0,0,0,0,0,0,0,0,0
2019/1/8 13:00,0,0,0,0,0,0,0,0,0,0,0
2019/1/8 14:00,0,0,0,0,0,0,0,0,0,0,0
2019/1/8 15:00,0,0,0,0,0,0,0,0,0,0,0
2019/1/8 16:00,0,0,0,0,0,0,0,0,0,0,0
2019/1/8 17:00,0,0,0,0,0,0,0,0,0,0,0
2019/1/8 18:00,0,0,0,0,0,0,0,0,0,0,0
2019/1/8 19:00,0,0,0,0,0,0,0,0,0,0,0
2019/1/8 20:00,0,0,0,0,0,0,0,0,0,0,0
2019/1/8 21:00,0,0,0,0,0,0,0,0,0,0,0
2019/1/8 22:00,0,0,0,0,0,0,0,0,0,0,0
2019/1/8 23:00,0,0,0,0,0,0,0,0,0,0,0
2019/1/9 0:00,0,0,0,0,0,0,0,0,0,0,0
2019/1/9 1:00,0,0,0,0,0,0,0,0,0,0,0
2019/1/9 2:00,0,0,0,0,0,0,0,0,0,0,0
2019/1/9 3:00,0,0,0,0,0,0,0,0,0,0,0
2019/1/9 4:00,0,0,0,0,0,0,0,0,0,0,0
2019/1/9 5:00,0,0,0,0,0,0,0,0,0,0,0
2019/1/9 6:00,0,0,0,0,0,0,0,0,0,0,0
2019/1/9 7:00,0,0,0,0,0,0,0,0,0,0,0
2019/1/9 8:00,0,0,0,0,0,0,0,0,0,0,0
2019/1/9 9:00,0,0,0,0,0,0,0,0,0,0,0
2019/1/9 10:00,0,0,0,0,0,0,0,0,0,0,0
2019/1/9 11:00,0,0,0,0,0,0,0,0,0,0,0
2019/1/9 12:00,0,0,0,0,0,0,0,0,0,0,0
2019/1/9 13:00,0,0,0,0,0,0,0,0,0,0,0
2019/1/9 14:00,0,0,0,0,0,0,0,0,0,0,0
2019/1/9 15:00,0,0,0,0,0,0,0,0,0,0,0
2019/1/9 16:00,0,0,0,0,0,0,0,0,0,0,0
2019/1/9 17:00,0,0,0,0,0,0,0,0,0,0,0
2019/1/9 18:00,0,0,0,0,0,0,0,0,0,0,0
2019/1/9 19:00,0,0,0,0,0,0,0,0,0,0,0
2019/1/9 20:00,0,0,0,0,0,0,0,0,0,0,0
2019/1/9 21:00,0,0,0,0,0,0,0,0,0,0,0
2019/1/9 22:00,0,0,0,0,0,0,0,0,0,0,0
2019/1/9 23:00,0,0,0,0,0,0,0,0,0,0,0
2019/1/10 0:00,0,0,0,0,0,0,0,0,0,0,0
2019/1/10 1:00,0,0,0,0,0,0,0,0,0,0,0
2019/1/10 2:00,0,0,0,0,0,0,0,0,0,0,0
2019/1/10 3:00,0,0,0,0,0,0,0,0,0,0,0
2019/1/10 4:00,0,0,0,0,0,0,0,0,0,0,0
2019/1/10 5:00,0,0,0,0,0,0,0,0,0,0,0
2019/1/10 6:00,0,0,0,0,0,0,0,0,0,0,0
2019/1/10 7:00,0,0,0,0,0,0,0,0,0,0,0
2019/1/10 8:00,0,0,0,0,0,0,0,0,0,0,0
2019/1/10 9:00,0,0,0,0,0,0,0,0,0,0,0
2019/1/10 10:00,0,0,0,0,0,0,0,0,0,0,0
2019/1/10 11:00,0,0,0,0,0,0,0,0,0,0,0
2019/1/10 12:00,0,0,0,0,0,0,0,0,0,0,0
2019/1/10 13:00,0,0,0,0,0,0,0,0,0,0,0
2019/1/10 14:00,0,0,0,0,0,0,0,0,0,0,0
2019/1/10 15:00,0,0,0,0,0,0,0,0,0,0,0
2019/1/10 16:00,0,0,0,0,0,0,0,0,0,0,0
2019/1/10 17:00,0,0,0,0,0,0,0,0,0,0,0
2019/1/10 18:00,0,0,0,0,0,0,0,0,0,0,0
2019/1/10 19:00,0,0,0,0,0,0,0,0,0,0,0
2019/1/10 20:00,0,0,0,0,0,0,0,0,0,0,0
2019/1/10 21:00,0,0,0,0,0,0,0,0,0,0,0
2019/1/10 22:00,0,0,0,0,0,0,0,0,0,0,0
2019/1/10 23:00,0,0,0,0,0,0,0,0,0,0,0
2019/1/11 0:00,0,0,0,0,0,0,0,0,0,0,0
2019/1/11 1:00,0,0,0,0,0,0,0,0,0,0,0
2019/1/11 2:00,0,0,0,0,0,0,0,0,0,0,0
2019/1/11 3:00,0,0,0,0,0,0,0,0,0,0,0
2019/1/11 4:00,0,0,0,0,0,0,0,0,0,0,0
2019/1/11 5:00,0,0,0,0,0,0,0,0,0,0,0
2019/1/11 6:00,0,0,0,0,0,0,0,0,0,0,0
2019/1/11 7:00,0,0,0,0,0,0,0,0,0,0,0
2019/1/11 8:00,0,0,0,0,0,0,0,0,0,0,0
2019/1/11 9:00,0,0,0,0,0,0,0,0,0,0,0
2019/1/11 10:00,0,0,0,0,0,0,0,0,0,0,0
2019/1/11 11:00,0,0,0,0,0,0,0,0,0,0,0
2019/1/11 12:00,0,0,0,0,0,0,0,0,0,0,0
2019/1/11 13:00,0,0,0,0,0,0,0,0,0,0,0
2019/1/11 14:00,0,0,0,0,0,0,0,0,0,0,0
2019/1/11 15:00,0,0,0,0,0,0,0,0,0,0,0
2019/1/11 16:00,0,0,0,0,0,0,0,0,0,0,0
2019/1/11 17:00,0,0,0,0,0,0,0,0,0,0,0
2019/1/11 18:00,0,0,0,0,0,0,0,0,0,0,0
2019/1/11 19:00,0,0,0,0,0,0,0,0,0,0,0
2019/1/11 20:00,0,0,0,0,0,0,0,0,0,0,0
2019/1/11 21:00,0,0,0,0,0,0,0,0,0,0,0
2019/1/11 22:00,0,0,0,0,0,0,0,0,0,0,0
2019/1/11 23:00,0,0,0,0,0,0,0,0,0,0,0
2019/1/12 0:00,0,0,0,0,0,0,0,0,0,0,0
2019/1/12 1:00,0,0,0,0,0,0,0,0,0,0,0
2019/1/12 2:00,0,0,0,0,0,0,0,0,0,0,0
2019/1/12 3:00,0,0,0,0,0,0,0,0,0,0,0
2019/1/12 4:00,0,0,0,0,0,0,0,0,0,0,0
2019/1/12 5:00,0,0,0,0,0,0,0,0,0,0,0
2019/1/12 6:00,0,0,0,0,0,0,0,0,0,0,0
2019/1/12 7:00,0,0,0,0,0,0,0,0,0,0,0
2019/1/12 8:00,0,0,0,0,0,0,0,0,0,0,0
2019/1/12 9:00,0,0,0,0,0,0,0,0,0,0,0
2019/1/12 10:00,0,0,0,0,0,0,0,0,0,0,0
2019/1/12 11:00,0,0,0,0,0,0,0,0,0,0,0
2019/1/12 12:00,0,0,0,0,0,0,0,0,0,0,0
2019/1/12 13:00,0,0,0,0,0,0,0,0,0,0,0
2019/1/12 14:00,0,0,0,0,0,0,0,0,0,0,0
2019/1/12 15:00,0,0,0,0,0,0,0,0,0,0,0
2019/1/12 16:00,0,0,0,0,0,0,0,0,0,0,0
2019/1/12 17:00,0,0,0,0,0,0,0,0,0,0,0
2019/1/12 18:00,0,0,0,0,0,0,0,0,0,0,0
2019/1/12 19:00,0,0,0,0,0,0,0,0,0,0,0
2019/1/12 20:00,0,0,0,0,0,0,0,0,0,0,0
2019/1/12 21:00,0,0,0,0,0,0,0,0,0,0,0
2019/1/12 22:00,0,0,0,0,0,0,0,0,0,0,0
2019/1/12 23:00,0,0,0,0,0,0,0,0,0,0,0
2019/1/13 0:00,0,0,0,0,0,0,0,0,0,0,0
2019/1/13 1:00,0,0,0,0,0,0,0,0,0,0,0
2019/1/13 2:00,0,0,0,0,0,0,0,0,0,0,0
2019/1/13 3:00,0,0,0,0,0,0,0,0,0,0,0
2019/1/13 4:00,0,0,0,0,0,0,0,0,0,0,0
2019/1/13 5:00,0,0,0,0,0,0,0,0,0,0,0
2019/1/13 6:00,0,0,0,0,0,0,0,0,0,0,0
2019/1/13 7:00,0,0,0,0,0,0,0,0,0,0,0
2019/1/13 8:00,0,0,0,0,0,0,0,0,0,0,0
2019/1/13 9:00,0,0,0,0,0,0,0,0,0,0,0
2019/1/13 10:00,0,0,0,0,0,0,0,0,0,0,0
2019/1/13 11:00,0,0,0,0,0,0,0,0,0,0,0
2019/1/13 12:00,0,0,0,0,0,0,0,0,0,0,0
2019/1/13 13:00,0,0,0,0,0,0,0,0,0,0,0
2019/1/13 14:00,0,0,0,0,0,0,0,0,0,0,0
2019/1/13 15:00,0,0,0,0,0,0,0,0,0,0,0
2019/1/13 16:00,0,0,0,0,0,0,0,0,0,0,0
2019/1/13 17:00,0,0,0,0,0,0,0,0,0,0,0
2019/1/13 18:00,0,0,0,0,0,0,0,0,0,0,0
2019/1/13 19:00,0,0,0,0,0,0,0,0,0,0,0
2019/1/13 20:00,0,0,0,0,0,0,0,0,0,0,0
2019/1/13 21:00,0,0,0,0,0,0,0,0,0,0,0
2019/1/13 22:00,0,0,0,0,0,0,0,0,0,0,0
2019/1/13 23:00,0,0,0,0,0,0,0,0,0,0,0
2019/1/14 0:00,0,0,0,0,0,0,0,0,0,0,0
2019/1/14 1:00,0,0,0,0,0,0,0,0,0,0,0
2019/1/14 2:00,0,0,0,0,0,0,0,0,0,0,0
2019/1/14 3:00,0,0,0,0,0,0,0,0,0,0,0
2019/1/14 4:00,0,0,0,0,0,0,0,0,0,0,0
2019/1/14 5:00,0,0,0,0,0,0,0,0,0,0,0
2019/1/14 6:00,0,0,0,0,0,0,0,0,0,0,0
2019/1/14 7:00,0,0,0,0,0,0,0,0,0,0,0
2019/1/14 8:00,0,0,0,0,0,0,0,0,0,0,0
2019/1/14 9:00,0,0,0,0,0,0,0,0,0,0,0
2019/1/14 10:00,0,0,0,0,0,0,0,0,0,0,0
2019/1/14 11:00,0,0,0,0,0,0,0,0,0,0,0
2019/1/14 12:00,0,0,0,0,0,0,0,0,0,0,0
2019/1/14 13:00,0,0,0,0,0,0,0,0,0,0,0
2019/1/14 14:00,0,0,0,0,0,0,0,0,0,0,0
2019/1/14 15:00,0,0,0,0,0,0,0,0,0,0,0
2019/1/14 16:00,0,0,0,0,0,0,0,0,0,0,0
2019/1/14 17:00,0,0,0,0,0,0,0,0,0,0,0
2019/1/14 18:00,0,0,0,0,0,0,0,0,0,0,0
2019/1/14 19:00,0,0,0,0,0,0,0,0,0,0,0
2019/1/14 20:00,0,0,0,0,0,0,0,0,0,0,0
2019/1/14 21:00,0,0,0,0,0,0,0,0,0,0,0
2019/1/14 22:00,0,0,0,0,0,0,0,0,0,0,0
2019/1/14 23:00,0,0,0,0,0,0,0,0,0,0,0
2019/1/15 0:00,0,0,0,0,0,0,0,0,0,0,0
2019/1/15 1:00,0,0,0,0,0,0,0,0,0,0,0
2019/1/15 2:00,0,0,0,0,0,0,0,0,0,0,0
2019/1/15 3:00,0,0,0,0,0,0,0,0,0,0,0
2019/1/15 4:00,0,0,0,0,0,0,0,0,0,0,0
2019/1/15 5:00,0,0,0,0,0,0,0,0,0,0,0
2019/1/15 6:00,0,0,0,0,0,0,0,0,0,0,0
2019/1/15 7:00,0,0,0,0,0,0,0,0,0,0,0
2019/1/15 8:00,0,0,0,0,0,0,0,0,0,0,0
2019/1/15 9:00,0,0,0,0,0,0,0,0,0,0,0
2019/1/15 10:00,0,0,0,0,0,0,0,0,0,0,0
2019/1/15 11:00,0,0,0,0,0,0,0,0,0,0,0
2019/1/15 12:00,0,0,0,0,0,0,0,0,0,0,0
2019/1/15 13:00,0,0,0,0,0,0,0,0,0,0,0
2019/1/15 14:00,0,0,0,0,0,0,0,0,0,0,0
2019/1/15 15:00,0,0,0,0,0,0,0,0,0,0,0
2019/1/15 16:00,0,0,0,0,0,0,0,0,0,0,0
2019/1/15 17:00,0,0,0,0,0,0,0,0,0,0,0
2019/1/15 18:00,0,0,0,0,0,0,0,0,0,0,0
2019/1/15 19:00,0,0,0,0,0,0,0,0,0,0,0
2019/1/15 20:00,0,0,0,0,0,0,0,0,0,0,0
2019/1/15 21:00,0,0,0,0,0,0,0,0,0,0,0
2019/1/15 22:00,0,0,0,0,0,0,0,0,0,0,0
2019/1/15 23:00,0,0,0,0,0,0,0,0,0,0,0
2019/1/16 0:00,0,0,0,0,0,0,0,0,0,0,0
2019/1/16 1:00,0,0,0,0,0,0,0,0,0,0,0
2019/1/16 2:00,0,0,0,0,0,0,0,0,0,0,0
2019/1/16 3:00,0,0,0,0,0,0,0,0,0,0,0
2019/1/16 4:00,0,0,0,0,0,0,0,0,0,0,0
2019/1/16 5:00,0,0,0,0,0,0,0,0,0,0,0
2019/1/16 6:00,0,0,0,0,0,0,0,0,0,0,0
2019/1/16 7:00,0,0,0,0,0,0,0,0,0,0,0
2019/1/16 8:00,0,0,0,0,0,0,0,0,0,0,0
2019/1/16 9:00,0,0,0,0,0,0,0,0,0,0,0
2019/1/16 10:00,0,0,0,0,0,0,0,0,0,0,0
2019/1/16 11:00,0,0,0,0,0,0,0,0,0,0,0
2019/1/16 12:00,0,0,0,0,0,0,0,0,0,0,0
2019/1/16 13:00,0,0,0,0,0,0,0,0,0,0,0
2019/1/16 14:00,0,0,0,0,0,0,0,0,0,0,0
2019/1/16 15:00,0,0,0,0,0,0,0,0,0,0,0
2019/1/16 16:00,0,0,0,0,0,0,0,0,0,0,0
2019/1/16 17:00,0,0,0,0,0,0,0,0,0,0,0
2019/1/16 18:00,0,0,0,0,0,0,0,0,0,0,0
2019/1/16 19:00,0,0,0,0,0,0,0,0,0,0,0
2019/1/16 20:00,0,0,0,0,0,0,0,0,0,0,0
2019/1/16 21:00,0,0,0,0,0,0,0,0,0,0,0
2019/1/16 22:00,0,0,0,0,0,0,0,0,0,0,0
2019/1/16 23:00,0,0,0,0,0,0,0,0,0,0,0
2019/1/17 0:00,0,0,0,0,0,0,0,0,0,0,0
2019/1/17 1:00,0,0,0,0,0,0,0,0,0,0,0
2019/1/17 2:00,0,0,0,0,0,0,0,0,0,0,0
2019/1/17 3:00,0,0,0,0,0,0,0,0,0,0,0
2019/1/17 4:00,0,0,0,0,0,0,0,0,0,0,0
2019/1/17 5:00,0,0,0,0,0,0,0,0,0,0,0
2019/1/17 6:00,0,0,0,0,0,0,0,0,0,0,0
2019/1/17 7:00,0,0,0,0,0,0,0,0,0,0,0
2019/1/17 8:00,0,0,0,0,0,0,0,0,0,0,0
2019/1/17 9:00,0,0,0,0,0,0,0,0,0,0,0
2019/1/17 10:00,0,0,0,0,0,0,0,0,0,0,0
2019/1/17 11:00,0,0,0,0,0,0,0,0,0,0,0
2019/1/17 12:00,0,0,0,0,0,0,0,0,0,0,0
2019/1/17 13:00,0,0,0,0,0,0,0,0,0,0,0
2019/1/17 14:00,0,0,0,0,0,0,0,0,0,0,0
2019/1/17 15:00,0,0,0,0,0,0,0,0,0,0,0
2019/1/17 16:00,0,0,0,0,0,0,0,0,0,0,0
2019/1/17 17:00,0,0,0,0,0,0,0,0,0,0,0
2019/1/17 18:00,0,0,0,0,0,0,0,0,0,0,0
2019/1/17 19:00,0,0,0,0,0,0,0,0,0,0,0
2019/1/17 20:00,0,0,0,0,0,0,0,0,0,0,0
2019/1/17 21:00,0,0,0,0,0,0,0,0,0,0,0
2019/1/17 22:00,0,0,0,0,0,0,0,0,0,0,0
2019/1/17 23:00,0,0,0,0,0,0,0,0,0,0,0
2019/1/18 0:00,0,0,0,0,0,0,0,0,0,0,0
2019/1/18 1:00,0,0,0,0,0,0,0,0,0,0,0
2019/1/18 2:00,0,0,0,0,0,0,0,0,0,0,0
2019/1/18 3:00,0,0,0,0,0,0,0,0,0,0,0
2019/1/18 4:00,0,0,0,0,0,0,0,0,0,0,0
2019/1/18 5:00,0,0,0,0,0,0,0,0,0,0,0
2019/1/18 6:00,0,0,0,0,0,0,0,0,0,0,0
2019/1/18 7:00,0,0,0,0,0,0,0,0,0,0,0
2019/1/18 8:00,0,0,0,0,0,0,0,0,0,0,0
2019/1/18 9:00,0,0,0,0,0,0,0,0,0,0,0
2019/1/18 10:00,0,0,0,0,0,0,0,0,0,0,0
2019/1/18 11:00,0,0,0,0,0,0,0,0,0,0,0
2019/1/18 12:00,0,0,0,0,0,0,0,0,0,0,0
2019/1/18 13:00,0,0,0,0,0,0,0,0,0,0,0
2019/1/18 14:00,0,0,0,0,0,0,0,0,0,0,0
2019/1/18 15:00,0,0,0,0,0,0,0,0,0,0,0
2019/1/18 16:00,0,0,0,0,0,0,0,0,0,0,0
2019/1/18 17:00,0,0,0,0,0,0,0,0,0,0,0
2019/1/18 18:00,0,0,0,0,0,0,0,0,0,0,0
2019/1/18 19:00,0,0,0,0,0,0,0,0,0,0,0
2019/1/18 20:00,0,0,0,0,0,0,0,0,0,0,0
2019/1/18 21:00,0,0,0,0,0,0,0,0,0,0,0
2019/1/18 22:00,0,0,0,0,0,0,0,0,0,0,0
2019/1/18 23:00,0,0,0,0,0,0,0,0,0,0,0
2019/1/19 0:00,0,0,0,0,0,0,0,0,0,0,0
2019/1/19 1:00,0,0,0,0,0,0,0,0,0,0,0
2019/1/19 2:00,0,0,0,0,0,0,0,0,0,0,0
2019/1/19 3:00,0,0,0,0,0,0,0,0,0,0,0
2019/1/19 4:00,0,0,0,0,0,0,0,0,0,0,0
2019/1/19 5:00,0,0,0,0,0,0,0,0,0,0,0
2019/1/19 6:00,0,0,0,0,0,0,0,0,0,0,0
2019/1/19 7:00,0,0,0,0,0,0,0,0,0,0,0
2019/1/19 8:00,0,0,0,0,0,0,0,0,0,0,0
2019/1/19 9:00,0,0,0,0,0,0,0,0,0,0,0
2019/1/19 10:00,0,0,0,0,0,0,0,0,0,0,0
2019/1/19 11:00,0,0,0,0,0,0,0,0,0,0,0
2019/1/19 12:00,0,0,0,0,0,0,0,0,0,0,0
2019/1/19 13:00,0,0,0,0,0,0,0,0,0,0,0
2019/1/19 14:00,0,0,0,0,0,0,0,0,0,0,0
2019/1/19 15:00,0,0,0,0,0,0,0,0,0,0,0
2019/1/19 16:00,0,0,0,0,0,0,0,0,0,0,0
2019/1/19 17:00,0,0,0,0,0,0,0,0,0,0,0
2019/1/19 18:00,0,0,0,0,0,0,0,0,0,0,0
2019/1/19 19:00,0,0,0,0,0,0,0,0,0,0,0
2019/1/19 20:00,0,0,0,0,0,0,0,0,0,0,0
2019/1/19 21:00,0,0,0,0,0,0,0,0,0,0,0
2019/1/19 22:00,0,0,0,0,0,0,0,0,0,0,0
2019/1/19 23:00,0,0,0,0,0,0,0,0,0,0,0
2019/1/20 0:00,0,0,0,0,0,0,0,0,0,0,0
2019/1/20 1:00,0,0,0,0,0,0,0,0,0,0,0
2019/1/20 2:00,0,0,0,0,0,0,0,0,0,0,0
2019/1/20 3:00,0,0,0,0,0,0,0,0,0,0,0
2019/1/20 4:00,0,0,0,0,0,0,0,0,0,0,0
2019/1/20 5:00,0,0,0,0,0,0,0,0,0,0,0
2019/1/20 6:00,0,0,0,0,0,0,0,0,0,0,0
2019/1/20 7:00,0,0,0,0,0,0,0,0,0,0,0
2019/1/20 8:00,0,0,0,0,0,0,0,0,0,0,0
2019/1/20 9:00,0,0,0,0,0,0,0,0,0,0,0
2019/1/20 10:00,0,0,0,0,0,0,0,0,0,0,0
2019/1/20 11:00,0,0,0,0,0,0,0,0,0,0,0
2019/1/20 12:00,0,0,0,0,0,0,0,0,0,0,0
2019/1/20 13:00,0,0,0,0,0,0,0,0,0,0,0
2019/1/20 14:00,0,0,0,0,0,0,0,0,0,0,0
2019/1/20 15:00,0,0,0,0,0,0,0,0,0,0,0
2019/1/20 16:00,0,0,0,0,0,0,0,0,0,0,0
2019/1/20 17:00,0,0,0,0,0,0,0,0,0,0,0
2019/1/20 18:00,0,0,0,0,0,0,0,0,0,0,0
2019/1/20 19:00,0,0,0,0,0,0,0,0,0,0,0
2019/1/20 20:00,0,0,0,0,0,0,0,0,0,0,0
2019/1/20 21:00,0,0,0,0,0,0,0,0,0,0,0
2019/1/20 22:00,0,0,0,0,0,0,0,0,0,0,0
2019/1/20 23:00,0,0,0,0,0,0,0,0,0,0,0
2019/1/21 0:00,0,0,0,0,0,0,0,0,0,0,0
2019/1/21 1:00,0,0,0,0,0,0,0,0,0,0,0
2019/1/21 2:00,0,0,0,0,0,0,0,0,0,0,0
2019/1/21 3:00,0,0,0,0,0,0,0,0,0,0,0
2019/1/21 4:00,0,0,0,0,0,0,0,0,0,0,0
2019/1/21 5:00,0,0,0,0,0,0,0,0,0,0,0
2019/1/21 6:00,0,0,0,0,0,0,0,0,0,0,0
2019/1/21 7:00,0,0,0,0,0,0,0,0,0,0,0
2019/1/21 8:00,0,0,0,0,0,0,0,0,0,0,0
2019/1/21 9:00,0,0,0,0,0,0,0,0,0,0,0
2019/1/21 10:00,0,0,0,0,0,0,0,0,0,0,0
2019/1/21 11:00,0,0,0,0,0,0,0,0,0,0,0
2019/1/21 12:00,0,0,0,0,0,0,0,0,0,0,0
2019/1/21 13:00,0,0,0,0,0,0,0,0,0,0,0
2019/1/21 14:00,0,0,0,0,0,0,0,0,0,0,0
2019/1/21 15:00,0,0,0,0,0,0,0,0,0,0,0
2019/1/21 16:00,0,0,0,0,0,0,0,0,0,0,0
2019/1/21 17:00,0,0,0,0,0,0,0,0,0,0,0
2019/1/21 18:00,0,0,0,0,0,0,0,0,0,0,0
2019/1/21 19:00,0,0,0,0,0,0,0,0,0,0,0
2019/1/21 20:00,0,0,0,0,0,0,0,0,0,0,0
2019/1/21 21:00,0,0,0,0,0,0,0,0,0,0,0
2019/1/21 22:00,0,0,0,0,0,0,0,0,0,0,0
2019/1/21 23:00,0,0,0,0,0,0,0,0,0,0,0
2019/1/22 0:00,0,0,0,0,0,0,0,0,0,0,0
2019/1/22 1:00,0,0,0,0,0,0,0,0,0,0,0
2019/1/22 2:00,0,0,0,0,0,0,0,0,0,0,0
2019/1/22 3:00,0,0,0,0,0,0,0,0,0,0,0
2019/1/22 4:00,0,0,0,0,0,0,0,0,0,0,0
2019/1/22 5:00,0,0,0,0,0,0,0,0,0,0,0
2019/1/22 6:00,0,0,0,0,0,0,0,0,0,0,0
2019/1/22 7:00,0,0,0,0,0,0,0,0,0,0,0
2019/1/22 8:00,0,0,0,0,0,0,0,0,0,0,0
2019/1/22 9:00,0,0,0,0,0,0,0,0,0,0,0
2019/1/22 10:00,0,0,0,0,0,0,0,0,0,0,0
2019/1/22 11:00,0,0,0,0,0,0,0,0,0,0,0
2019/1/22 12:00,0,0,0,0,0,0,0,0,0,0,0
2019/1/22 13:00,0,0,0,0,0,0,0,0,0,0,0
2019/1/22 14:00,0,0,0,0,0,0,0,0,0,0,0
2019/1/22 15:00,0,0,0,0,0,0,0,0,0,0,0
2019/1/22 16:00,0,0,0,0,0,0,0,0,0,0,0
2019/1/22 17:00,0,0,0,0,0,0,0,0,0,0,0
2019/1/22 18:00,0,0,0,0,0,0,0,0,0,0,0
2019/1/22 19:00,0,0,0,0,0,0,0,0,0,0,0
2019/1/22 20:00,0,0,0,0,0,0,0,0,0,0,0
2019/1/22 21:00,0,0,0,0,0,0,0,0,0,0,0
2019/1/22 22:00,0,0,0,0,0,0,0,0,0,0,0
2019/1/22 23:00,0,0,0,0,0,0,0,0,0,0,0
2019/1/23 0:00,0,0,0,0,0,0,0,0,0,0,0
2019/1/23 1:00,0,0,0,0,0,0,0,0,0,0,0
2019/1/23 2:00,0,0,0,0,0,0,0,0,0,0,0
2019/1/23 3:00,0,0,0,0,0,0,0,0,0,0,0
2019/1/23 4:00,0,0,0,0,0,0,0,0,0,0,0
2019/1/23 5:00,0,0,0,0,0,0,0,0,0,0,0
2019/1/23 6:00,0,0,0,0,0,0,0,0,0,0,0
2019/1/23 7:00,0,0,0,0,0,0,0,0,0,0,0
2019/1/23 8:00,0,0,0,0,0,0,0,0,0,0,0
2019/1/23 9:00,0,0,0,0,0,0,0,0,0,0,0
2019/1/23 10:00,0,0,0,0,0,0,0,0,0,0,0
2019/1/23 11:00,0,0,0,0,0,0,0,0,0,0,0
2019/1/23 12:00,0,0,0,0,0,0,0,0,0,0,0
2019/1/23 13:00,0,0,0,0,0,0,0,0,0,0,0
2019/1/23 14:00,0,0,0,0,0,0,0,0,0,0,0
2019/1/23 15:00,0,0,0,0,0,0,0,0,0,0,0
2019/1/23 16:00,0,0,0,0,0,0,0,0,0,0,0
2019/1/23 17:00,0,0,0,0,0,0,0,0,0,0,0
2019/1/23 18:00,0,0,0,0,0,0,0,0,0,0,0
2019/1/23 19:00,0,0,0,0,0,0,0,0,0,0,0
2019/1/23 20:00,0,0,0,0,0,0,0,0,0,0,0
2019/1/23 21:00,0,0,0,0,0,0,0,0,0,0,0
2019/1/23 22:00,0,0,0,0,0,0,0,0,0,0,0
2019/1/23 23:00,0,0,0,0,0,0,0,0,0,0,0
2019/1/24 0:00,0,0,0,0,0,0,0,0,0,0,0
2019/1/24 1:00,0,0,0,0,0,0,0,0,0,0,0
2019/1/24 2:00,0,0,0,0,0,0,0,0,0,0,0
2019/1/24 3:00,0,0,0,0,0,0,0,0,0,0,0
2019/1/24 4:00,0,0,0,0,0,0,0,0,0,0,0
2019/1/24 5:00,0,0,0,0,0,0,0,0,0,0,0
2019/1/24 6:00,0,0,0,0,0,0,0,0,0,0,0
2019/1/24 7:00,0,0,0,0,0,0,0,0,0,0,0
2019/1/24 8:00,0,0,0,0,0,0,0,0,0,0,0
2019/1/24 9:00,0,0,0,0,0,0,0,0,0,0,0
2019/1/24 10:00,0,0,0,0,0,0,0,0,0,0,0
2019/1/24 11:00,0,0,0,0,0,0,0,0,0,0,0
2019/1/24 12:00,0,0,0,0,0,0,0,0,0,0,0
2019/1/24 13:00,0,0,0,0,0,0,0,0,0,0,0
2019/1/24 14:00,0,0,0,0,0,0,0,0,0,0,0
2019/1/24 15:00,0,0,0,0,0,0,0,0,0,0,0
2019/1/24 16:00,0,0,0,0,0,0,0,0,0,0,0
2019/1/24 17:00,0,0,0,0,0,0,0,0,0,0,0
2019/1/24 18:00,0,0,0,0,0,0,0,0,0,0,0
2019/1/24 19:00,0,0,0,0,0,0,0,0,0,0,0
2019/1/24 20:00,0,0,0,0,0,0,0,0,0,0,0
2019/1/24 21:00,0,0,0,0,0,0,0,0,0,0,0
2019/1/24 22:00,0,0,0,0,0,0,0,0,0,0,0
2019/1/24 23:00,0,0,0,0,0,0,0,0,0,0,0
2019/1/25 0:00,0,0,0,0,0,0,0,0,0,0,0
2019/1/25 1:00,0,0,0,0,0,0,0,0,0,0,0
2019/1/25 2:00,0,0,0,0,0,0,0,0,0,0,0
2019/1/25 3:00,0,0,0,0,0,0,0,0,0,0,0
2019/1/25 4:00,0,0,0,0,0,0,0,0,0,0,0
2019/1/25 5:00,0,0,0,0,0,0,0,0,0,0,0
2019/1/25 6:00,0,0,0,0,0,0,0,0,0,0,0
2019/1/25 7:00,0,0,0,0,0,0,0,0,0,0,0
2019/1/25 8:00,0,0,0,0,0,0,0,0,0,0,0
2019/1/25 9:00,0,0,0,0,0,0,0,0,0,0,0
2019/1/25 10:00,0,0,0,0,0,0,0,0,0,0,0
2019/1/25 11:00,0,0,0,0,0,0,0,0,0,0,0
2019/1/25 12:00,0,0,0,0,0,0,0,0,0,0,0
2019/1/25 13:00,0,0,0,0,0,0,0,0,0,0,0
2019/1/25 14:00,0,0,0,0,0,0,0,0,0,0,0
2019/1/25 15:00,0,0,0,0,0,0,0,0,0,0,0
2019/1/25 16:00,0,0,0,0,0,0,0,0,0,0,0
2019/1/25 17:00,0,0,0,0,0,0,0,0,0,0,0
2019/1/25 18:00,0,0,0,0,0,0,0,0,0,0,0
2019/1/25 19:00,0,0,0,0,0,0,0,0,0,0,0
2019/1/25 20:00,0,0,0,0,0,0,0,0,0,0,0
2019/1/25 21:00,0,0,0,0,0,0,0,0,0,0,0
2019/1/25 22:00,0,0,0,0,0,0,0,0,0,0,0
2019/1/25 23:00,0,0,0,0,0,0,0,0,0,0,0
2019/1/26 0:00,0,0,0,0,0,0,0,0,0,0,0
2019/1/26 1:00,0,0,0,0,0,0,0,0,0,0,0
2019/1/26 2:00,0,0,0,0,0,0,0,0,0,0,0
2019/1/26 3:00,0,0,0,0,0,0,0,0,0,0,0
2019/1/26 4:00,0,0,0,0,0,0,0,0,0,0,0
2019/1/26 5:00,0,0,0,0,0,0,0,0,0,0,0
2019/1/26 6:00,0,0,0,0,0,0,0,0,0,0,0
2019/1/26 7:00,0,0,0,0,0,0,0,0,0,0,0
2019/1/26 8:00,0,0,0,0,0,0,0,0,0,0,0
2019/1/26 9:00,0,0,0,0,0,0,0,0,0,0,0
2019/1/26 10:00,0,0,0,0,0,0,0,0,0,0,0
2019/1/26 11:00,0,0,0,0,0,0,0,0,0,0,0
2019/1/26 12:00,0,0,0,0,0,0,0,0,0,0,0
2019/1/26 13:00,0,0,0,0,0,0,0,0,0,0,0
2019/1/26 14:00,0,0,0,0,0,0,0,0,0,0,0
2019/1/26 15:00,0,0,0,0,0,0,0,0,0,0,0
2019/1/26 16:00,0,0,0,0,0,0,0,0,0,0,0
2019/1/26 17:00,0,0,0,0,0,0,0,0,0,0,0
2019/1/26 18:00,0,0,0,0,0,0,0,0,0,0,0
2019/1/26 19:00,0,0,0,0,0,0,0,0,0,0,0
2019/1/26 20:00,0,0,0,0,0,0,0,0,0,0,0
2019/1/26 21:00,0,0,0,0,0,0,0,0,0,0,0
2019/1/26 22:00,0,0,0,0,0,0,0,0,0,0,0
2019/1/26 23:00,0,0,0,0,0,0,0,0,0,0,0
2019/1/27 0:00,0,0,0,0,0,0,0,0,0,0,0
2019/1/27 1:00,0,0,0,0,0,0,0,0,0,0,0
2019/1/27 2:00,0,0,0,0,0,0,0,0,0,0,0
2019/1/27 3:00,0,0,0,0,0,0,0,0,0,0,0
2019/1/27 4:00,0,0,0,0,0,0,0,0,0,0,0
2019/1/27 5:00,0,0,0,0,0,0,0,0,0,0,0
2019/1/27 6:00,0,0,0,0,0,0,0,0,0,0,0
2019/1/27 7:00,0,0,0,0,0,0,0,0,0,0,0
2019/1/27 8:00,0,0,0,0,0,0,0,0,0,0,0
2019/1/27 9:00,0,0,0,0,0,0,0,0,0,0,0
2019/1/27 10:00,0,0,0,0,0,0,0,0,0,0,0
2019/1/27 11:00,0,0,0,0,0,0,0,0,0,0,0
2019/1/27 12:00,0,0,0,0,0,0,0,0,0,0,0
2019/1/27 13:00,0,0,0,0,0,0,0,0,0,0,0
2019/1/27 14:00,0,0,0,0,0,0,0,0,0,0,0
2019/1/27 15:00,0,0,0,0,0,0,0,0,0,0,0
2019/1/27 16:00,0,0,0,0,0,0,0,0,0,0,0
2019/1/27 17:00,0,0,0,0,0,0,0,0,0,0,0
2019/1/27 18:00,0,0,0,0,0,0,0,0,0,0,0
2019/1/27 19:00,0,0,0,0,0,0,0,0,0,0,0
2019/1/27 20:00,0,0,0,0,0,0,0,0,0,0,0
2019/1/27 21:00,0,0,0,0,0,0,0,0,0,0,0
2019/1/27 22:00,0,0,0,0,0,0,0,0,0,0,0
2019/1/27 23:00,0,0,0,0,0,0,0,0,0,0,0
2019/1/28 0:00,0,0,0,0,0,0,0,0,0,0,0
2019/1/28 1:00,0,0,0,0,0,0,0,0,0,0,0
2019/1/28 2:00,0,0,0,0,0,0,0,0,0,0,0
2019/1/28 3:00,0,0,0,0,0,0,0,0,0,0,0
2019/1/28 4:00,0,0,0,0,0,0,0,0,0,0,0
2019/1/28 5:00,0,0,0,0,0,0,0,0,0,0,0
2019/1/28 6:00,0,0,0,0,0,0,0,0,0,0,0
2019/1/28 7:00,0,0,0,0,0,0,0,0,0,0,0
2019/1/28 8:00,0,0,0,0,0,0,0,0,0,0,0
2019/1/28 9:00,0,0,0,0,0,0,0,0,0,0,0
2019/1/28 10:00,0,0,0,0,0,0,0,0,0,0,0
2019/1/28 11:00,0,0,0,0,0,0,0,0,0,0,0
2019/1/28 12:00,0,0,0,0,0,0,0,0,0,0,0
2019/1/28 13:00,0,0,0,0,0,0,0,0,0,0,0
2019/1/28 14:00,0,0,0,0,0,0,0,0,0,0,0
2019/1/28 15:00,0,0,0,0,0,0,0,0,0,0,0
2019/1/28 16:00,0,0,0,0,0,0,0,0,0,0,0
2019/1/28 17:00,0,0,0,0,0,0,0,0,0,0,0
2019/1/28 18:00,0,0,0,0,0,0,0,0,0,0,0
2019/1/28 19:00,0,0,0,0,0,0,0,0,0,0,0
2019/1/28 20:00,0,0,0,0,0,0,0,0,0,0,0
2019/1/28 21:00,0,0,0,0,0,0,0,0,0,0,0
2019/1/28 22:00,0,0,0,0,0,0,0,0,0,0,0
2019/1/28 23:00,0,0,0,0,0,0,0,0,0,0,0
2019/1/29 0:00,0,0,0,0,0,0,0,0,0,0,0
2019/1/29 1:00,0,0,0,0,0,0,0,0,0,0,0
2019/1/29 2:00,0,0,0,0,0,0,0,0,0,0,0
2019/1/29 3:00,0,0,0,0,0,0,0,0,0,0,0
2019/1/29 4:00,0,0,0,0,0,0,0,0,0,0,0
2019/1/29 5:00,0,0,0,0,0,0,0,0,0,0,0
2019/1/29 6:00,0,0,0,0,0,0,0,0,0,0,0
2019/1/29 7:00,0,0,0,0,0,0,0,0,0,0,0
2019/1/29 8:00,0,0,0,0,0,0,0,0,0,0,0
2019/1/29 9:00,0,0,0,0,0,0,0,0,0,0,0
2019/1/29 10:00,0,0,0,0,0,0,0,0,0,0,0
2019/1/29 11:00,0,0,0,0,0,0,0,0,0,0,0
2019/1/29 12:00,0,0,0,0,0,0,0,0,0,0,0
2019/1/29 13:00,0,0,0,0,0,0,0,0,0,0,0
2019/1/29 14:00,0,0,0,0,0,0,0,0,0,0,0
2019/1/29 15:00,0,0,0,0,0,0,0,0,0,0,0
2019/1/29 16:00,0,0,0,0,0,0,0,0,0,0,0
2019/1/29 17:00,0,0,0,0,0,0,0,0,0,0,0
2019/1/29 18:00,0,0,0,0,0,0,0,0,0,0,0
2019/1/29 19:00,0,0,0,0,0,0,0,0,0,0,0
2019/1/29 20:00,0,0,0,0,0,0,0,0,0,0,0
2019/1/29 21:00,0,0,0,0,0,0,0,0,0,0,0
2019/1/29 22:00,0,0,0,0,0,0,0,0,0,0,0
2019/1/29 23:00,0,0,0,0,0,0,0,0,0,0,0
2019/1/30 0:00,0,0,0,0,0,0,0,0,0,0,0
2019/1/30 1:00,0,0,0,0,0,0,0,0,0,0,0
2019/1/30 2:00,0,0,0,0,0,0,0,0,0,0,0
2019/1/30 3:00,0,0,0,0,0,0,0,0,0,0,0
2019/1/30 4:00,0,0,0,0,0,0,0,0,0,0,0
2019/1/30 5:00,0,0,0,0,0,0,0,0,0,0,0
2019/1/30 6:00,0,0,0,0,0,0,0,0,0,0,0
2019/1/30 7:00,0,0,0,0,0,0,0,0,0,0,0
2019/1/30 8:00,0,0,0,0,0,0,0,0,0,0,0
2019/1/30 9:00,0,0,0,0,0,0,0,0,0,0,0
2019/1/30 10:00,0,0,0,0,0,0,0,0,0,0,0
2019/1/30 11:00,0,0,0,0,0,0,0,0,0,0,0
2019/1/30 12:00,0,0,0,0,0,0,0,0,0,0,0
2019/1/30 13:00,0,0,0,0,0,0,0,0,0,0,0
2019/1/30 14:00,0,0,0,0,0,0,0,0,0,0,0
2019/1/30 15:00,0,0,0,0,0,0,0,0,0,0,0
2019/1/30 16:00,0,0,0,0,0,0,0,0,0,0,0
2019/1/30 17:00,0,0,0,0,0,0,0,0,0,0,0
2019/1/30 18:00,0,0,0,0,0,0,0,0,0,0,0
2019/1/30 19:00,0,0,0,0,0,0,0,0,0,0,0
2019/1/30 20:00,0,0,0,0,0,0,0,0,0,0,0
2019/1/30 21:00,0,0,0,0,0,0,0,0,0,0,0
2019/1/30 22:00,0,0,0,0,0,0,0,0,0,0,0
2019/1/30 23:00,0,0,0,0,0,0,0,0,0,0,0
2019/1/31 0:00,0,0,0,0,0,0,0,0,0,0,0
2019/1/31 1:00,0,0,0,0,0,0,0,0,0,0,0
2019/1/31 2:00,0,0,0,0,0,0,0,0,0,0,0
2019/1/31 3:00,0,0,0,0,0,0,0,0,0,0,0
2019/1/31 4:00,0,0,0,0,0,0,0,0,0,0,0
2019/1/31 5:00,0,0,0,0,0,0,0,0,0,0,0
2019/1/31 6:00,0,0,0,0,0,0,0,0,0,0,0
2019/1/31 7:00,0,0,0,0,0,0,0,0,0,0,0
2019/1/31 8:00,0,0,0,0,0,0,0,0,0,0,0
2019/1/31 9:00,0,0,0,0,0,0,0,0,0,0,0
2019/1/31 10:00,0,0,0,0,0,0,0,0,0,0,0
2019/1/31 11:00,0,0,0,0,0,0,0,0,0,0,0
2019/1/31 12:00,0,0,0,0,0,0,0,0,0,0,0
2019/1/31 13:00,0,0,0,0,0,0,0,0,0,0,0
2019/1/31 14:00,0,0,0,0,0,0,0,0,0,0,0
2019/1/31 15:00,0,0,0,0,0,0,0,0,0,0,0
2019/1/31 16:00,0,0,0,0,0,0,0,0,0,0,0
2019/1/31 17:00,0,0,0,0,0,0,0,0,0,0,0
2019/1/31 18:00,0,0,0,0,0,0,0,0,0,0,0
2019/1/31 19:00,0,0,0,0,0,0,0,0,0,0,0
2019/1/31 20:00,0,0,0,0,0,0,0,0,0,0,0
2019/1/31 21:00,0,0,0,0,0,0,0,0,0,0,0
2019/1/31 22:00,0,0,0,0,0,0,0,0,0,0,0
2019/1/31 23:00,0,0,0,0,0,0,0,0,0,0,0
2019/2/1 0:00,0,0,0,0,0,0,0,0,0,0,0
2019/2/1 1:00,0,0,0,0,0,0,0,0,0,0,0
2019/2/1 2:00,0,0,0,0,0,0,0,0,0,0,0
2019/2/1 3:00,0,0,0,0,0,0,0,0,0,0,0
2019/2/1 4:00,0,0,0,0,0,0,0,0,0,0,0
2019/2/1 5:00,0,0,0,0,0,0,0,0,0,0,0
2019/2/1 6:00,0,0,0,0,0,0,0,0,0,0,0
2019/2/1 7:00,0,0,0,0,0,0,0,0,0,0,0
2019/2/1 8:00,0,0,0,0,0,0,0,0,0,0,0
2019/2/1 9:00,0,0,0,0,0,0,0,0,0,0,0
2019/2/1 10:00,0,0,0,0,0,0,0,0,0,0,0
2019/2/1 11:00,0,0,0,0,0,0,0,0,0,0,0
2019/2/1 12:00,0,0,0,0,0,0,0,0,0,0,0
2019/2/1 13:00,0,0,0,0,0,0,0,0,0,0,0
2019/2/1 14:00,0,0,0,0,0,0,0,0,0,0,0
2019/2/1 15:00,0,0,0,0,0,0,0,0,0,0,0
2019/2/1 16:00,0,0,0,0,0,0,0,0,0,0,0
2019/2/1 17:00,0,0,0,0,0,0,0,0,0,0,0
2019/2/1 18:00,0,0,0,0,0,0,0,0,0,0,0
2019/2/1 19:00,0,0,0,0,0,0,0,0,0,0,0
2019/2/1 20:00,0,0,0,0,0,0,0,0,0,0,0
2019/2/1 21:00,0,0,0,0,0,0,0,0,0,0,0
2019/2/1 22:00,0,0,0,0,0,0,0,0,0,0,0
2019/2/1 23:00,0,0,0,0,0,0,0,0,0,0,0
2019/2/2 0:00,0,0,0,0,0,0,0,0,0,0,0
2019/2/2 1:00,0,0,0,0,0,0,0,0,0,0,0
2019/2/2 2:00,0,0,0,0,0,0,0,0,0,0,0
2019/2/2 3:00,0,0,0,0,0,0,0,0,0,0,0
2019/2/2 4:00,0,0,0,0,0,0,0,0,0,0,0
2019/2/2 5:00,0,0,0,0,0,0,0,0,0,0,0
2019/2/2 6:00,0,0,0,0,0,0,0,0,0,0,0
2019/2/2 7:00,0,0,0,0,0,0,0,0,0,0,0
2019/2/2 8:00,0,0,0,0,0,0,0,0,0,0,0
2019/2/2 9:00,0,0,0,0,0,0,0,0,0,0,0
2019/2/2 10:00,0,0,0,0,0,0,0,0,0,0,0
2019/2/2 11:00,0,0,0,0,0,0,0,0,0,0,0
2019/2/2 12:00,0,0,0,0,0,0,0,0,0,0,0
2019/2/2 13:00,0,0,0,0,0,0,0,0,0,0,0
2019/2/2 14:00,0,0,0,0,0,0,0,0,0,0,0
2019/2/2 15:00,0,0,0,0,0,0,0,0,0,0,0
2019/2/2 16:00,0,0,0,0,0,0,0,0,0,0,0
2019/2/2 17:00,0,0,0,0,0,0,0,0,0,0,0
2019/2/2 18:00,0,0,0,0,0,0,0,0,0,0,0
2019/2/2 19:00,0,0,0,0,0,0,0,0,0,0,0
2019/2/2 20:00,0,0,0,0,0,0,0,0,0,0,0
2019/2/2 21:00,0,0,0,0,0,0,0,0,0,0,0
2019/2/2 22:00,0,0,0,0,0,0,0,0,0,0,0
2019/2/2 23:00,0,0,0,0,0,0,0,0,0,0,0
2019/2/3 0:00,0,0,0,0,0,0,0,0,0,0,0
2019/2/3 1:00,0,0,0,0,0,0,0,0,0,0,0
2019/2/3 2:00,0,0,0,0,0,0,0,0,0,0,0
2019/2/3 3:00,0,0,0,0,0,0,0,0,0,0,0
2019/2/3 4:00,0,0,0,0,0,0,0,0,0,0,0
2019/2/3 5:00,0,0,0,0,0,0,0,0,0,0,0
2019/2/3 6:00,0,0,0,0,0,0,0,0,0,0,0
2019/2/3 7:00,0,0,0,0,0,0,0,0,0,0,0
2019/2/3 8:00,0,0,0,0,0,0,0,0,0,0,0
2019/2/3 9:00,0,0,0,0,0,0,0,0,0,0,0
2019/2/3 10:00,0,0,0,0,0,0,0,0,0,0,0
2019/2/3 11:00,0,0,0,0,0,0,0,0,0,0,0
2019/2/3 12:00,0,0,0,0,0,0,0,0,0,0,0
2019/2/3 13:00,0,0,0,0,0,0,0,0,0,0,0
2019/2/3 14:00,0,0,0,0,0,0,0,0,0,0,0
2019/2/3 15:00,0,0,0,0,0,0,0,0,0,0,0
2019/2/3 16:00,0,0,0,0,0,0,0,0,0,0,0
2019/2/3 17:00,0,0,0,0,0,0,0,0,0,0,0
2019/2/3 18:00,0,0,0,0,0,0,0,0,0,0,0
2019/2/3 19:00,0,0,0,0,0,0,0,0,0,0,0
2019/2/3 20:00,0,0,0,0,0,0,0,0,0,0,0
2019/2/3 21:00,0,0,0,0,0,0,0,0,0,0,0
2019/2/3 22:00,0,0,0,0,0,0,0,0,0,0,0
2019/2/3 23:00,0,0,0,0,0,0,0,0,0,0,0
2019/2/4 0:00,0,0,0,0,0,0,0,0,0,0,0
2019/2/4 1:00,0,0,0,0,0,0,0,0,0,0,0
2019/2/4 2:00,0,0,0,0,0,0,0,0,0,0,0
2019/2/4 3:00,0,0,0,0,0,0,0,0,0,0,0
2019/2/4 4:00,0,0,0,0,0,0,0,0,0,0,0
2019/2/4 5:00,0,0,0,0,0,0,0,0,0,0,0
2019/2/4 6:00,0,0,0,0,0,0,0,0,0,0,0
2019/2/4 7:00,0,0,0,0,0,0,0,0,0,0,0
2019/2/4 8:00,0,0,0,0,0,0,0,0,0,0,0
2019/2/4 9:00,0,0,0,0,0,0,0,0,0,0,0
2019/2/4 10:00,0,0,0,0,0,0,0,0,0,0,0
2019/2/4 11:00,0,0,0,0,0,0,0,0,0,0,0
2019/2/4 12:00,0,0,0,0,0,0,0,0,0,0,0
2019/2/4 13:00,0,0,0,0,0,0,0,0,0,0,0
2019/2/4 14:00,0,0,0,0,0,0,0,0,0,0,0
2019/2/4 15:00,0,0,0,0,0,0,0,0,0,0,0
2019/2/4 16:00,0,0,0,0,0,0,0,0,0,0,0
2019/2/4 17:00,0,0,0,0,0,0,0,0,0,0,0
2019/2/4 18:00,0,0,0,0,0,0,0,0,0,0,0
2019/2/4 19:00,0,0,0,0,0,0,0,0,0,0,0
2019/2/4 20:00,0,0,0,0,0,0,0,0,0,0,0
2019/2/4 21:00,0,0,0,0,0,0,0,0,0,0,0
2019/2/4 22:00,0,0,0,0,0,0,0,0,0,0,0
2019/2/4 23:00,0,0,0,0,0,0,0,0,0,0,0
2019/2/5 0:00,0,0,0,0,0,0,0,0,0,0,0
2019/2/5 1:00,0,0,0,0,0,0,0,0,0,0,0
2019/2/5 2:00,0,0,0,0,0,0,0,0,0,0,0
2019/2/5 3:00,0,0,0,0,0,0,0,0,0,0,0
2019/2/5 4:00,0,0,0,0,0,0,0,0,0,0,0
2019/2/5 5:00,0,0,0,0,0,0,0,0,0,0,0
2019/2/5 6:00,0,0,0,0,0,0,0,0,0,0,0
2019/2/5 7:00,0,0,0,0,0,0,0,0,0,0,0
2019/2/5 8:00,0,0,0,0,0,0,0,0,0,0,0
2019/2/5 9:00,0,0,0,0,0,0,0,0,0,0,0
2019/2/5 10:00,0,0,0,0,0,0,0,0,0,0,0
2019/2/5 11:00,0,0,0,0,0,0,0,0,0,0,0
2019/2/5 12:00,0,0,0,0,0,0,0,0,0,0,0
2019/2/5 13:00,0,0,0,0,0,0,0,0,0,0,0
2019/2/5 14:00,0,0,0,0,0,0,0,0,0,0,0
2019/2/5 15:00,0,0,0,0,0,0,0,0,0,0,0
2019/2/5 16:00,0,0,0,0,0,0,0,0,0,0,0
2019/2/5 17:00,0,0,0,0,0,0,0,0,0,0,0
2019/2/5 18:00,0,0,0,0,0,0,0,0,0,0,0
2019/2/5 19:00,0,0,0,0,0,0,0,0,0,0,0
2019/2/5 20:00,0,0,0,0,0,0,0,0,0,0,0
2019/2/5 21:00,0,0,0,0,0,0,0,0,0,0,0
2019/2/5 22:00,0,0,0,0,0,0,0,0,0,0,0
2019/2/5 23:00,0,0,0,0,0,0,0,0,0,0,0
2019/2/6 0:00,0,0,0,0,0,0,0,0,0,0,0
2019/2/6 1:00,0,0,0,0,0,0,0,0,0,0,0
2019/2/6 2:00,0,0,0,0,0,0,0,0,0,0,0
2019/2/6 3:00,0,0,0,0,0,0,0,0,0,0,0
2019/2/6 4:00,0,0,0,0,0,0,0,0,0,0,0
2019/2/6 5:00,0,0,0,0,0,0,0,0,0,0,0
2019/2/6 6:00,0,0,0,0,0,0,0,0,0,0,0
2019/2/6 7:00,0,0,0,0,0,0,0,0,0,0,0
2019/2/6 8:00,0,0,0,0,0,0,0,0,0,0,0
2019/2/6 9:00,0,0,0,0,0,0,0,0,0,0,0
2019/2/6 10:00,0,0,0,0,0,0,0,0,0,0,0
2019/2/6 11:00,0,0,0,0,0,0,0,0,0,0,0
2019/2/6 12:00,0,0,0,0,0,0,0,0,0,0,0
2019/2/6 13:00,0,0,0,0,0,0,0,0,0,0,0
2019/2/6 14:00,0,0,0,0,0,0,0,0,0,0,0
2019/2/6 15:00,0,0,0,0,0,0,0,0,0,0,0
2019/2/6 16:00,0,0,0,0,0,0,0,0,0,0,0
2019/2/6 17:00,0,0,0,0,0,0,0,0,0,0,0
2019/2/6 18:00,0,0,0,0,0,0,0,0,0,0,0
2019/2/6 19:00,0,0,0,0,0,0,0,0,0,0,0
2019/2/6 20:00,0,0,0,0,0,0,0,0,0,0,0
2019/2/6 21:00,0,0,0,0,0,0,0,0,0,0,0
2019/2/6 22:00,0,0,0,0,0,0,0,0,0,0,0
2019/2/6 23:00,0,0,0,0,0,0,0,0,0,0,0
2019/2/7 0:00,0,0,0,0,0,0,0,0,0,0,0
2019/2/7 1:00,0,0,0,0,0,0,0,0,0,0,0
2019/2/7 2:00,0,0,0,0,0,0,0,0,0,0,0
2019/2/7 3:00,0,0,0,0,0,0,0,0,0,0,0
2019/2/7 4:00,0,0,0,0,0,0,0,0,0,0,0
2019/2/7 5:00,0,0,0,0,0,0,0,0,0,0,0
2019/2/7 6:00,0,0,0,0,0,0,0,0,0,0,0
2019/2/7 7:00,0,0,0,0,0,0,0,0,0,0,0
2019/2/7 8:00,0,0,0,0,0,0,0,0,0,0,0
2019/2/7 9:00,0,0,0,0,0,0,0,0,0,0,0
2019/2/7 10:00,0,0,0,0,0,0,0,0,0,0,0
2019/2/7 11:00,0,0,0,0,0,0,0,0,0,0,0
2019/2/7 12:00,0,0,0,0,0,0,0,0,0,0,0
2019/2/7 13:00,0,0,0,0,0,0,0,0,0,0,0
2019/2/7 14:00,0,0,0,0,0,0,0,0,0,0,0
2019/2/7 15:00,0,0,0,0,0,0,0,0,0,0,0
2019/2/7 16:00,0,0,0,0,0,0,0,0,0,0,0
2019/2/7 17:00,0,0,0,0,0,0,0,0,0,0,0
2019/2/7 18:00,0,0,0,0,0,0,0,0,0,0,0
2019/2/7 19:00,0,0,0,0,0,0,0,0,0,0,0
2019/2/7 20:00,0,0,0,0,0,0,0,0,0,0,0
2019/2/7 21:00,0,0,0,0,0,0,0,0,0,0,0
2019/2/7 22:00,0,0,0,0,0,0,0,0,0,0,0
2019/2/7 23:00,0,0,0,0,0,0,0,0,0,0,0
2019/2/8 0:00,0,0,0,0,0,0,0,0,0,0,0
2019/2/8 1:00,0,0,0,0,0,0,0,0,0,0,0
2019/2/8 2:00,0,0,0,0,0,0,0,0,0,0,0
2019/2/8 3:00,0,0,0,0,0,0,0,0,0,0,0
2019/2/8 4:00,0,0,0,0,0,0,0,0,0,0,0
2019/2/8 5:00,0,0,0,0,0,0,0,0,0,0,0
2019/2/8 6:00,0,0,0,0,0,0,0,0,0,0,0
2019/2/8 7:00,0,0,0,0,0,0,0,0,0,0,0
2019/2/8 8:00,0,0,0,0,0,0,0,0,0,0,0
2019/2/8 9:00,0,0,0,0,0,0,0,0,0,0,0
2019/2/8 10:00,0,0,0,0,0,0,0,0,0,0,0
2019/2/8 11:00,0,0,0,0,0,0,0,0,0,0,0
2019/2/8 12:00,0,0,0,0,0,0,0,0,0,0,0
2019/2/8 13:00,0,0,0,0,0,0,0,0,0,0,0
2019/2/8 14:00,0,0,0,0,0,0,0,0,0,0,0
2019/2/8 15:00,0,0,0,0,0,0,0,0,0,0,0
2019/2/8 16:00,0,0,0,0,0,0,0,0,0,0,0
2019/2/8 17:00,0,0,0,0,0,0,0,0,0,0,0
2019/2/8 18:00,0,0,0,0,0,0,0,0,0,0,0
2019/2/8 19:00,0,0,0,0,0,0,0,0,0,0,0
2019/2/8 20:00,0,0,0,0,0,0,0,0,0,0,0
2019/2/8 21:00,0,0,0,0,0,0,0,0,0,0,0
2019/2/8 22:00,0,0,0,0,0,0,0,0,0,0,0
2019/2/8 23:00,0,0,0,0,0,0,0,0,0,0,0
2019/2/9 0:00,0,0,0,0,0,0,0,0,0,0,0
2019/2/9 1:00,0,0,0,0,0,0,0,0,0,0,0
2019/2/9 2:00,0,0,0,0,0,0,0,0,0,0,0
2019/2/9 3:00,0,0,0,0,0,0,0,0,0,0,0
2019/2/9 4:00,0,0,0,0,0,0,0,0,0,0,0
2019/2/9 5:00,0,0,0,0,0,0,0,0,0,0,0
2019/2/9 6:00,0,0,0,0,0,0,0,0,0,0,0
2019/2/9 7:00,0,0,0,0,0,0,0,0,0,0,0
2019/2/9 8:00,0,0,0,0,0,0,0,0,0,0,0
2019/2/9 9:00,0,0,0,0,0,0,0,0,0,0,0
2019/2/9 10:00,0,0,0,0,0,0,0,0,0,0,0
2019/2/9 11:00,0,0,0,0,0,0,0,0,0,0,0
2019/2/9 12:00,0,0,0,0,0,0,0,0,0,0,0
2019/2/9 13:00,0,0,0,0,0,0,0,0,0,0,0
2019/2/9 14:00,0,0,0,0,0,0,0,0,0,0,0
2019/2/9 15:00,0,0,0,0,0,0,0,0,0,0,0
2019/2/9 16:00,0,0,0,0,0,0,0,0,0,0,0
2019/2/9 17:00,0,0,0,0,0,0,0,0,0,0,0
2019/2/9 18:00,0,0,0,0,0,0,0,0,0,0,0
2019/2/9 19:00,0,0,0,0,0,0,0,0,0,0,0
2019/2/9 20:00,0,0,0,0,0,0,0,0,0,0,0
2019/2/9 21:00,0,0,0,0,0,0,0,0,0,0,0
2019/2/9 22:00,0,0,0,0,0,0,0,0,0,0,0
2019/2/9 23:00,0,0,0,0,0,0,0,0,0,0,0
2019/2/10 0:00,0,0,0,0,0,0,0,0,0,0,0
2019/2/10 1:00,0,0,0,0,0,0,0,0,0,0,0
2019/2/10 2:00,0,0,0,0,0,0,0,0,0,0,0
2019/2/10 3:00,0,0,0,0,0,0,0,0,0,0,0
2019/2/10 4:00,0,0,0,0,0,0,0,0,0,0,0
2019/2/10 5:00,0,0,0,0,0,0,0,0,0,0,0
2019/2/10 6:00,0,0,0,0,0,0,0,0,0,0,0
2019/2/10 7:00,0,0,0,0,0,0,0,0,0,0,0
2019/2/10 8:00,0,0,0,0,0,0,0,0,0,0,0
2019/2/10 9:00,0,0,0,0,0,0,0,0,0,0,0
2019/2/10 10:00,0,0,0,0,0,0,0,0,0,0,0
2019/2/10 11:00,0,0,0,0,0,0,0,0,0,0,0
2019/2/10 12:00,0,0,0,0,0,0,0,0,0,0,0
2019/2/10 13:00,0,0,0,0,0,0,0,0,0,0,0
2019/2/10 14:00,0,0,0,0,0,0,0,0,0,0,0
2019/2/10 15:00,0,0,0,0,0,0,0,0,0,0,0
2019/2/10 16:00,0,0,0,0,0,0,0,0,0,0,0
2019/2/10 17:00,0,0,0,0,0,0,0,0,0,0,0
2019/2/10 18:00,0,0,0,0,0,0,0,0,0,0,0
2019/2/10 19:00,0,0,0,0,0,0,0,0,0,0,0
2019/2/10 20:00,0,0,0,0,0,0,0,0,0,0,0
2019/2/10 21:00,0,0,0,0,0,0,0,0,0,0,0
2019/2/10 22:00,0,0,0,0,0,0,0,0,0,0,0
2019/2/10 23:00,0,0,0,0,0,0,0,0,0,0,0
2019/2/11 0:00,0,0,0,0,0,0,0,0,0,0,0
2019/2/11 1:00,0,0,0,0,0,0,0,0,0,0,0
2019/2/11 2:00,0,0,0,0,0,0,0,0,0,0,0
2019/2/11 3:00,0,0,0,0,0,0,0,0,0,0,0
2019/2/11 4:00,0,0,0,0,0,0,0,0,0,0,0
2019/2/11 5:00,0,0,0,0,0,0,0,0,0,0,0
2019/2/11 6:00,0,0,0,0,0,0,0,0,0,0,0
2019/2/11 7:00,0,0,0,0,0,0,0,0,0,0,0
2019/2/11 8:00,0,0,0,0,0,0,0,0,0,0,0
2019/2/11 9:00,0,0,0,0,0,0,0,0,0,0,0
2019/2/11 10:00,0,0,0,0,0,0,0,0,0,0,0
2019/2/11 11:00,0,0,0,0,0,0,0,0,0,0,0
2019/2/11 12:00,0,0,0,0,0,0,0,0,0,0,0
2019/2/11 13:00,0,0,0,0,0,0,0,0,0,0,0
2019/2/11 14:00,0,0,0,0,0,0,0,0,0,0,0
2019/2/11 15:00,0,0,0,0,0,0,0,0,0,0,0
2019/2/11 16:00,0,0,0,0,0,0,0,0,0,0,0
2019/2/11 17:00,0,0,0,0,0,0,0,0,0,0,0
2019/2/11 18:00,0,0,0,0,0,0,0,0,0,0,0
2019/2/11 19:00,0,0,0,0,0,0,0,0,0,0,0
2019/2/11 20:00,0,0,0,0,0,0,0,0,0,0,0
2019/2/11 21:00,0,0,0,0,0,0,0,0,0,0,0
2019/2/11 22:00,0,0,0,0,0,0,0,0,0,0,0
2019/2/11 23:00,0,0,0,0,0,0,0,0,0,0,0
2019/2/12 0:00,0,0,0,0,0,0,0,0,0,0,0
2019/2/12 1:00,0,0,0,0,0,0,0,0,0,0,0
2019/2/12 2:00,0,0,0,0,0,0,0,0,0,0,0
2019/2/12 3:00,0,0,0,0,0,0,0,0,0,0,0
2019/2/12 4:00,0,0,0,0,0,0,0,0,0,0,0
2019/2/12 5:00,0,0,0,0,0,0,0,0,0,0,0
2019/2/12 6:00,0,0,0,0,0,0,0,0,0,0,0
2019/2/12 7:00,0,0,0,0,0,0,0,0,0,0,0
2019/2/12 8:00,0,0,0,0,0,0,0,0,0,0,0
2019/2/12 9:00,0,0,0,0,0,0,0,0,0,0,0
2019/2/12 10:00,0,0,0,0,0,0,0,0,0,0,0
2019/2/12 11:00,0,0,0,0,0,0,0,0,0,0,0
2019/2/12 12:00,0,0,0,0,0,0,0,0,0,0,0
2019/2/12 13:00,0,0,0,0,0,0,0,0,0,0,0
2019/2/12 14:00,0,0,0,0,0,0,0,0,0,0,0
2019/2/12 15:00,0,0,0,0,0,0,0,0,0,0,0
2019/2/12 16:00,0,0,0,0,0,0,0,0,0,0,0
2019/2/12 17:00,0,0,0,0,0,0,0,0,0,0,0
2019/2/12 18:00,0,0,0,0,0,0,0,0,0,0,0
2019/2/12 19:00,0,0,0,0,0,0,0,0,0,0,0
2019/2/12 20:00,0,0,0,0,0,0,0,0,0,0,0
2019/2/12 21:00,0,0,0,0,0,0,0,0,0,0,0
2019/2/12 22:00,0,0,0,0,0,0,0,0,0,0,0
2019/2/12 23:00,0,0,0,0,0,0,0,0,0,0,0
2019/2/13 0:00,0,0,0,0,0,0,0,0,0,0,0
2019/2/13 1:00,0,0,0,0,0,0,0,0,0,0,0
2019/2/13 2:00,0,0,0,0,0,0,0,0,0,0,0
2019/2/13 3:00,0,0,0,0,0,0,0,0,0,0,0
2019/2/13 4:00,0,0,0,0,0,0,0,0,0,0,0
2019/2/13 5:00,0,0,0,0,0,0,0,0,0,0,0
2019/2/13 6:00,0,0,0,0,0,0,0,0,0,0,0
2019/2/13 7:00,0,0,0,0,0,0,0,0,0,0,0
2019/2/13 8:00,0,0,0,0,0,0,0,0,0,0,0
2019/2/13 9:00,0,0,0,0,0,0,0,0,0,0,0
2019/2/13 10:00,0,0,0,0,0,0,0,0,0,0,0
2019/2/13 11:00,0,0,0,0,0,0,0,0,0,0,0
2019/2/13 12:00,0,0,0,0,0,0,0,0,0,0,0
2019/2/13 13:00,0,0,0,0,0,0,0,0,0,0,0
2019/2/13 14:00,0,0,0,0,0,0,0,0,0,0,0
2019/2/13 15:00,0,0,0,0,0,0,0,0,0,0,0
2019/2/13 16:00,0,0,0,0,0,0,0,0,0,0,0
2019/2/13 17:00,0,0,0,0,0,0,0,0,0,0,0
2019/2/13 18:00,0,0,0,0,0,0,0,0,0,0,0
2019/2/13 19:00,0,0,0,0,0,0,0,0,0,0,0
2019/2/13 20:00,0,0,0,0,0,0,0,0,0,0,0
2019/2/13 21:00,0,0,0,0,0,0,0,0,0,0,0
2019/2/13 22:00,0,0,0,0,0,0,0,0,0,0,0
2019/2/13 23:00,0,0,0,0,0,0,0,0,0,0,0
2019/2/14 0:00,0,0,0,0,0,0,0,0,0,0,0
2019/2/14 1:00,0,0,0,0,0,0,0,0,0,0,0
2019/2/14 2:00,0,0,0,0,0,0,0,0,0,0,0
2019/2/14 3:00,0,0,0,0,0,0,0,0,0,0,0
2019/2/14 4:00,0,0,0,0,0,0,0,0,0,0,0
2019/2/14 5:00,0,0,0,0,0,0,0,0,0,0,0
2019/2/14 6:00,0,0,0,0,0,0,0,0,0,0,0
2019/2/14 7:00,0,0,0,0,0,0,0,0,0,0,0
2019/2/14 8:00,0,0,0,0,0,0,0,0,0,0,0
2019/2/14 9:00,0,0,0,0,0,0,0,0,0,0,0
2019/2/14 10:00,0,0,0,0,0,0,0,0,0,0,0
2019/2/14 11:00,0,0,0,0,0,0,0,0,0,0,0
2019/2/14 12:00,0,0,0,0,0,0,0,0,0,0,0
2019/2/14 13:00,0,0,0,0,0,0,0,0,0,0,0
2019/2/14 14:00,0,0,0,0,0,0,0,0,0,0,0
2019/2/14 15:00,0,0,0,0,0,0,0,0,0,0,0
2019/2/14 16:00,0,0,0,0,0,0,0,0,0,0,0
2019/2/14 17:00,0,0,0,0,0,0,0,0,0,0,0
2019/2/14 18:00,0,0,0,0,0,0,0,0,0,0,0
2019/2/14 19:00,0,0,0,0,0,0,0,0,0,0,0
2019/2/14 20:00,0,0,0,0,0,0,0,0,0,0,0
2019/2/14 21:00,0,0,0,0,0,0,0,0,0,0,0
2019/2/14 22:00,0,0,0,0,0,0,0,0,0,0,0
2019/2/14 23:00,0,0,0,0,0,0,0,0,0,0,0
2019/2/15 0:00,0,0,0,0,0,0,0,0,0,0,0
2019/2/15 1:00,0,0,0,0,0,0,0,0,0,0,0
2019/2/15 2:00,0,0,0,0,0,0,0,0,0,0,0
2019/2/15 3:00,0,0,0,0,0,0,0,0,0,0,0
2019/2/15 4:00,0,0,0,0,0,0,0,0,0,0,0
2019/2/15 5:00,0,0,0,0,0,0,0,0,0,0,0
2019/2/15 6:00,0,0,0,0,0,0,0,0,0,0,0
2019/2/15 7:00,0,0,0,0,0,0,0,0,0,0,0
2019/2/15 8:00,0,0,0,0,0,0,0,0,0,0,0
2019/2/15 9:00,0,0,0,0,0,0,0,0,0,0,0
2019/2/15 10:00,0,0,0,0,0,0,0,0,0,0,0
2019/2/15 11:00,0,0,0,0,0,0,0,0,0,0,0
2019/2/15 12:00,0,0,0,0,0,0,0,0,0,0,0
2019/2/15 13:00,0,0,0,0,0,0,0,0,0,0,0
2019/2/15 14:00,0,0,0,0,0,0,0,0,0,0,0
2019/2/15 15:00,0,0,0,0,0,0,0,0,0,0,0
2019/2/15 16:00,0,0,0,0,0,0,0,0,0,0,0
2019/2/15 17:00,0,0,0,0,0,0,0,0,0,0,0
2019/2/15 18:00,0,0,0,0,0,0,0,0,0,0,0
2019/2/15 19:00,0,0,0,0,0,0,0,0,0,0,0
2019/2/15 20:00,0,0,0,0,0,0,0,0,0,0,0
2019/2/15 21:00,0,0,0,0,0,0,0,0,0,0,0
2019/2/15 22:00,0,0,0,0,0,0,0,0,0,0,0
2019/2/15 23:00,0,0,0,0,0,0,0,0,0,0,0
2019/2/16 0:00,0,0,0,0,0,0,0,0,0,0,0
2019/2/16 1:00,0,0,0,0,0,0,0,0,0,0,0
2019/2/16 2:00,0,0,0,0,0,0,0,0,0,0,0
2019/2/16 3:00,0,0,0,0,0,0,0,0,0,0,0
2019/2/16 4:00,0,0,0,0,0,0,0,0,0,0,0
2019/2/16 5:00,0,0,0,0,0,0,0,0,0,0,0
2019/2/16 6:00,0,0,0,0,0,0,0,0,0,0,0
2019/2/16 7:00,0,0,0,0,0,0,0,0,0,0,0
2019/2/16 8:00,0,0,0,0,0,0,0,0,0,0,0
2019/2/16 9:00,0,0,0,0,0,0,0,0,0,0,0
2019/2/16 10:00,0,0,0,0,0,0,0,0,0,0,0
2019/2/16 11:00,0,0,0,0,0,0,0,0,0,0,0
2019/2/16 12:00,0,0,0,0,0,0,0,0,0,0,0
2019/2/16 13:00,0,0,0,0,0,0,0,0,0,0,0
2019/2/16 14:00,0,0,0,0,0,0,0,0,0,0,0
2019/2/16 15:00,0,0,0,0,0,0,0,0,0,0,0
2019/2/16 16:00,0,0,0,0,0,0,0,0,0,0,0
2019/2/16 17:00,0,0,0,0,0,0,0,0,0,0,0
2019/2/16 18:00,0,0,0,0,0,0,0,0,0,0,0
2019/2/16 19:00,0,0,0,0,0,0,0,0,0,0,0
2019/2/16 20:00,0,0,0,0,0,0,0,0,0,0,0
2019/2/16 21:00,0,0,0,0,0,0,0,0,0,0,0
2019/2/16 22:00,0,0,0,0,0,0,0,0,0,0,0
2019/2/16 23:00,0,0,0,0,0,0,0,0,0,0,0
2019/2/17 0:00,0,0,0,0,0,0,0,0,0,0,0
2019/2/17 1:00,0,0,0,0,0,0,0,0,0,0,0
2019/2/17 2:00,0,0,0,0,0,0,0,0,0,0,0
2019/2/17 3:00,0,0,0,0,0,0,0,0,0,0,0
2019/2/17 4:00,0,0,0,0,0,0,0,0,0,0,0
2019/2/17 5:00,0,0,0,0,0,0,0,0,0,0,0
2019/2/17 6:00,0,0,0,0,0,0,0,0,0,0,0
2019/2/17 7:00,0,0,0,0,0,0,0,0,0,0,0
2019/2/17 8:00,0,0,0,0,0,0,0,0,0,0,0
2019/2/17 9:00,0,0,0,0,0,0,0,0,0,0,0
2019/2/17 10:00,0,0,0,0,0,0,0,0,0,0,0
2019/2/17 11:00,0,0,0,0,0,0,0,0,0,0,0
2019/2/17 12:00,0,0,0,0,0,0,0,0,0,0,0
2019/2/17 13:00,0,0,0,0,0,0,0,0,0,0,0
2019/2/17 14:00,0,0,0,0,0,0,0,0,0,0,0
2019/2/17 15:00,0,0,0,0,0,0,0,0,0,0,0
2019/2/17 16:00,0,0,0,0,0,0,0,0,0,0,0
2019/2/17 17:00,0,0,0,0,0,0,0,0,0,0,0
2019/2/17 18:00,0,0,0,0,0,0,0,0,0,0,0
2019/2/17 19:00,0,0,0,0,0,0,0,0,0,0,0
2019/2/17 20:00,0,0,0,0,0,0,0,0,0,0,0
2019/2/17 21:00,0,0,0,0,0,0,0,0,0,0,0
2019/2/17 22:00,0,0,0,0,0,0,0,0,0,0,0
2019/2/17 23:00,0,0,0,0,0,0,0,0,0,0,0
2019/2/18 0:00,0,0,0,0,0,0,0,0,0,0,0
2019/2/18 1:00,0,0,0,0,0,0,0,0,0,0,0
2019/2/18 2:00,0,0,0,0,0,0,0,0,0,0,0
2019/2/18 3:00,0,0,0,0,0,0,0,0,0,0,0
2019/2/18 4:00,0,0,0,0,0,0,0,0,0,0,0
2019/2/18 5:00,0,0,0,0,0,0,0,0,0,0,0
2019/2/18 6:00,0,0,0,0,0,0,0,0,0,0,0
2019/2/18 7:00,0,0,0,0,0,0,0,0,0,0,0
2019/2/18 8:00,0,0,0,0,0,0,0,0,0,0,0
2019/2/18 9:00,0,0,0,0,0,0,0,0,0,0,0
2019/2/18 10:00,0,0,0,0,0,0,0,0,0,0,0
2019/2/18 11:00,0,0,0,0,0,0,0,0,0,0,0
2019/2/18 12:00,0,0,0,0,0,0,0,0,0,0,0
2019/2/18 13:00,0,0,0,0,0,0,0,0,0,0,0
2019/2/18 14:00,0,0,0,0,0,0,0,0,0,0,0
2019/2/18 15:00,0,0,0,0,0,0,0,0,0,0,0
2019/2/18 16:00,0,0,0,0,0,0,0,0,0,0,0
2019/2/18 17:00,0,0,0,0,0,0,0,0,0,0,0
2019/2/18 18:00,0,0,0,0,0,0,0,0,0,0,0
2019/2/18 19:00,0,0,0,0,0,0,0,0,0,0,0
2019/2/18 20:00,0,0,0,0,0,0,0,0,0,0,0
2019/2/18 21:00,0,0,0,0,0,0,0,0,0,0,0
2019/2/18 22:00,0,0,0,0,0,0,0,0,0,0,0
2019/2/18 23:00,0,0,0,0,0,0,0,0,0,0,0
2019/2/19 0:00,0,0,0,0,0,0,0,0,0,0,0
2019/2/19 1:00,0,0,0,0,0,0,0,0,0,0,0
2019/2/19 2:00,0,0,0,0,0,0,0,0,0,0,0
2019/2/19 3:00,0,0,0,0,0,0,0,0,0,0,0
2019/2/19 4:00,0,0,0,0,0,0,0,0,0,0,0
2019/2/19 5:00,0,0,0,0,0,0,0,0,0,0,0
2019/2/19 6:00,0,0,0,0,0,0,0,0,0,0,0
2019/2/19 7:00,0,0,0,0,0,0,0,0,0,0,0
2019/2/19 8:00,0,0,0,0,0,0,0,0,0,0,0
2019/2/19 9:00,0,0,0,0,0,0,0,0,0,0,0
2019/2/19 10:00,0,0,0,0,0,0,0,0,0,0,0
2019/2/19 11:00,0,0,0,0,0,0,0,0,0,0,0
2019/2/19 12:00,0,0,0,0,0,0,0,0,0,0,0
2019/2/19 13:00,0,0,0,0,0,0,0,0,0,0,0
2019/2/19 14:00,0,0,0,0,0,0,0,0,0,0,0
2019/2/19 15:00,0,0,0,0,0,0,0,0,0,0,0
2019/2/19 16:00,0,0,0,0,0,0,0,0,0,0,0
2019/2/19 17:00,0,0,0,0,0,0,0,0,0,0,0
2019/2/19 18:00,0,0,0,0,0,0,0,0,0,0,0
2019/2/19 19:00,0,0,0,0,0,0,0,0,0,0,0
2019/2/19 20:00,0,0,0,0,0,0,0,0,0,0,0
2019/2/19 21:00,0,0,0,0,0,0,0,0,0,0,0
2019/2/19 22:00,0,0,0,0,0,0,0,0,0,0,0
2019/2/19 23:00,0,0,0,0,0,0,0,0,0,0,0
2019/2/20 0:00,0,0,0,0,0,0,0,0,0,0,0
2019/2/20 1:00,0,0,0,0,0,0,0,0,0,0,0
2019/2/20 2:00,0,0,0,0,0,0,0,0,0,0,0
2019/2/20 3:00,0,0,0,0,0,0,0,0,0,0,0
2019/2/20 4:00,0,0,0,0,0,0,0,0,0,0,0
2019/2/20 5:00,0,0,0,0,0,0,0,0,0,0,0
2019/2/20 6:00,0,0,0,0,0,0,0,0,0,0,0
2019/2/20 7:00,0,0,0,0,0,0,0,0,0,0,0
2019/2/20 8:00,0,0,0,0,0,0,0,0,0,0,0
2019/2/20 9:00,0,0,0,0,0,0,0,0,0,0,0
2019/2/20 10:00,0,0,0,0,0,0,0,0,0,0,0
2019/2/20 11:00,0,0,0,0,0,0,0,0,0,0,0
2019/2/20 12:00,0,0,0,0,0,0,0,0,0,0,0
2019/2/20 13:00,0,0,0,0,0,0,0,0,0,0,0
2019/2/20 14:00,0,0,0,0,0,0,0,0,0,0,0
2019/2/20 15:00,0,0,0,0,0,0,0,0,0,0,0
2019/2/20 16:00,0,0,0,0,0,0,0,0,0,0,0
2019/2/20 17:00,0,0,0,0,0,0,0,0,0,0,0
2019/2/20 18:00,0,0,0,0,0,0,0,0,0,0,0
2019/2/20 19:00,0,0,0,0,0,0,0,0,0,0,0
2019/2/20 20:00,0,0,0,0,0,0,0,0,0,0,0
2019/2/20 21:00,0,0,0,0,0,0,0,0,0,0,0
2019/2/20 22:00,0,0,0,0,0,0,0,0,0,0,0
2019/2/20 23:00,0,0,0,0,0,0,0,0,0,0,0
2019/2/21 0:00,0,0,0,0,0,0,0,0,0,0,0
2019/2/21 1:00,0,0,0,0,0,0,0,0,0,0,0
2019/2/21 2:00,0,0,0,0,0,0,0,0,0,0,0
2019/2/21 3:00,0,0,0,0,0,0,0,0,0,0,0
2019/2/21 4:00,0,0,0,0,0,0,0,0,0,0,0
2019/2/21 5:00,0,0,0,0,0,0,0,0,0,0,0
2019/2/21 6:00,0,0,0,0,0,0,0,0,0,0,0
2019/2/21 7:00,0,0,0,0,0,0,0,0,0,0,0
2019/2/21 8:00,0,0,0,0,0,0,0,0,0,0,0
2019/2/21 9:00,0,0,0,0,0,0,0,0,0,0,0
2019/2/21 10:00,0,0,0,0,0,0,0,0,0,0,0
2019/2/21 11:00,0,0,0,0,0,0,0,0,0,0,0
2019/2/21 12:00,0,0,0,0,0,0,0,0,0,0,0
2019/2/21 13:00,0,0,0,0,0,0,0,0,0,0,0
2019/2/21 14:00,0,0,0,0,0,0,0,0,0,0,0
2019/2/21 15:00,0,0,0,0,0,0,0,0,0,0,0
2019/2/21 16:00,0,0,0,0,0,0,0,0,0,0,0
2019/2/21 17:00,0,0,0,0,0,0,0,0,0,0,0
2019/2/21 18:00,0,0,0,0,0,0,0,0,0,0,0
2019/2/21 19:00,0,0,0,0,0,0,0,0,0,0,0
2019/2/21 20:00,0,0,0,0,0,0,0,0,0,0,0
2019/2/21 21:00,0,0,0,0,0,0,0,0,0,0,0
2019/2/21 22:00,0,0,0,0,0,0,0,0,0,0,0
2019/2/21 23:00,0,0,0,0,0,0,0,0,0,0,0
2019/2/22 0:00,0,0,0,0,0,0,0,0,0,0,0
2019/2/22 1:00,0,0,0,0,0,0,0,0,0,0,0
2019/2/22 2:00,0,0,0,0,0,0,0,0,0,0,0
2019/2/22 3:00,0,0,0,0,0,0,0,0,0,0,0
2019/2/22 4:00,0,0,0,0,0,0,0,0,0,0,0
2019/2/22 5:00,0,0,0,0,0,0,0,0,0,0,0
2019/2/22 6:00,0,0,0,0,0,0,0,0,0,0,0
2019/2/22 7:00,0,0,0,0,0,0,0,0,0,0,0
2019/2/22 8:00,0,0,0,0,0,0,0,0,0,0,0
2019/2/22 9:00,0,0,0,0,0,0,0,0,0,0,0
2019/2/22 10:00,0,0,0,0,0,0,0,0,0,0,0
2019/2/22 11:00,0,0,0,0,0,0,0,0,0,0,0
2019/2/22 12:00,0,0,0,0,0,0,0,0,0,0,0
2019/2/22 13:00,0,0,0,0,0,0,0,0,0,0,0
2019/2/22 14:00,0,0,0,0,0,0,0,0,0,0,0
2019/2/22 15:00,0,0,0,0,0,0,0,0,0,0,0
2019/2/22 16:00,0,0,0,0,0,0,0,0,0,0,0
2019/2/22 17:00,0,0,0,0,0,0,0,0,0,0,0
2019/2/22 18:00,0,0,0,0,0,0,0,0,0,0,0
2019/2/22 19:00,0,0,0,0,0,0,0,0,0,0,0
2019/2/22 20:00,0,0,0,0,0,0,0,0,0,0,0
2019/2/22 21:00,0,0,0,0,0,0,0,0,0,0,0
2019/2/22 22:00,0,0,0,0,0,0,0,0,0,0,0
2019/2/22 23:00,0,0,0,0,0,0,0,0,0,0,0
2019/2/23 0:00,0,0,0,0,0,0,0,0,0,0,0
2019/2/23 1:00,0,0,0,0,0,0,0,0,0,0,0
2019/2/23 2:00,0,0,0,0,0,0,0,0,0,0,0
2019/2/23 3:00,0,0,0,0,0,0,0,0,0,0,0
2019/2/23 4:00,0,0,0,0,0,0,0,0,0,0,0
2019/2/23 5:00,0,0,0,0,0,0,0,0,0,0,0
2019/2/23 6:00,0,0,0,0,0,0,0,0,0,0,0
2019/2/23 7:00,0,0,0,0,0,0,0,0,0,0,0
2019/2/23 8:00,0,0,0,0,0,0,0,0,0,0,0
2019/2/23 9:00,0,0,0,0,0,0,0,0,0,0,0
2019/2/23 10:00,0,0,0,0,0,0,0,0,0,0,0
2019/2/23 11:00,0,0,0,0,0,0,0,0,0,0,0
2019/2/23 12:00,0,0,0,0,0,0,0,0,0,0,0
2019/2/23 13:00,0,0,0,0,0,0,0,0,0,0,0
2019/2/23 14:00,0,0,0,0,0,0,0,0,0,0,0
2019/2/23 15:00,0,0,0,0,0,0,0,0,0,0,0
2019/2/23 16:00,0,0,0,0,0,0,0,0,0,0,0
2019/2/23 17:00,0,0,0,0,0,0,0,0,0,0,0
2019/2/23 18:00,0,0,0,0,0,0,0,0,0,0,0
2019/2/23 19:00,0,0,0,0,0,0,0,0,0,0,0
2019/2/23 20:00,0,0,0,0,0,0,0,0,0,0,0
2019/2/23 21:00,0,0,0,0,0,0,0,0,0,0,0
2019/2/23 22:00,0,0,0,0,0,0,0,0,0,0,0
2019/2/23 23:00,0,0,0,0,0,0,0,0,0,0,0
2019/2/24 0:00,0,0,0,0,0,0,0,0,0,0,0
2019/2/24 1:00,0,0,0,0,0,0,0,0,0,0,0
2019/2/24 2:00,0,0,0,0,0,0,0,0,0,0,0
2019/2/24 3:00,0,0,0,0,0,0,0,0,0,0,0
2019/2/24 4:00,0,0,0,0,0,0,0,0,0,0,0
2019/2/24 5:00,0,0,0,0,0,0,0,0,0,0,0
2019/2/24 6:00,0,0,0,0,0,0,0,0,0,0,0
2019/2/24 7:00,0,0,0,0,0,0,0,0,0,0,0
2019/2/24 8:00,0,0,0,0,0,0,0,0,0,0,0
2019/2/24 9:00,0,0,0,0,0,0,0,0,0,0,0
2019/2/24 10:00,0,0,0,0,0,0,0,0,0,0,0
2019/2/24 11:00,0,0,0,0,0,0,0,0,0,0,0
2019/2/24 12:00,0,0,0,0,0,0,0,0,0,0,0
2019/2/24 13:00,0,0,0,0,0,0,0,0,0,0,0
2019/2/24 14:00,0,0,0,0,0,0,0,0,0,0,0
2019/2/24 15:00,0,0,0,0,0,0,0,0,0,0,0
2019/2/24 16:00,0,0,0,0,0,0,0,0,0,0,0
2019/2/24 17:00,0,0,0,0,0,0,0,0,0,0,0
2019/2/24 18:00,0,0,0,0,0,0,0,0,0,0,0
2019/2/24 19:00,0,0,0,0,0,0,0,0,0,0,0
2019/2/24 20:00,0,0,0,0,0,0,0,0,0,0,0
2019/2/24 21:00,0,0,0,0,0,0,0,0,0,0,0
2019/2/24 22:00,0,0,0,0,0,0,0,0,0,0,0
2019/2/24 23:00,0,0,0,0,0,0,0,0,0,0,0
2019/2/25 0:00,0,0,0,0,0,0,0,0,0,0,0
2019/2/25 1:00,0,0,0,0,0,0,0,0,0,0,0
2019/2/25 2:00,0,0,0,0,0,0,0,0,0,0,0
2019/2/25 3:00,0,0,0,0,0,0,0,0,0,0,0
2019/2/25 4:00,0,0,0,0,0,0,0,0,0,0,0
2019/2/25 5:00,0,0,0,0,0,0,0,0,0,0,0
2019/2/25 6:00,0,0,0,0,0,0,0,0,0,0,0
2019/2/25 7:00,0,0,0,0,0,0,0,0,0,0,0
2019/2/25 8:00,0,0,0,0,0,0,0,0,0,0,0
2019/2/25 9:00,0,0,0,0,0,0,0,0,0,0,0
2019/2/25 10:00,0,0,0,0,0,0,0,0,0,0,0
2019/2/25 11:00,0,0,0,0,0,0,0,0,0,0,0
2019/2/25 12:00,0,0,0,0,0,0,0,0,0,0,0
2019/2/25 13:00,0,0,0,0,0,0,0,0,0,0,0
2019/2/25 14:00,0,0,0,0,0,0,0,0,0,0,0
2019/2/25 15:00,0,0,0,0,0,0,0,0,0,0,0
2019/2/25 16:00,0,0,0,0,0,0,0,0,0,0,0
2019/2/25 17:00,0,0,0,0,0,0,0,0,0,0,0
2019/2/25 18:00,0,0,0,0,0,0,0,0,0,0,0
2019/2/25 19:00,0,0,0,0,0,0,0,0,0,0,0
2019/2/25 20:00,0,0,0,0,0,0,0,0,0,0,0
2019/2/25 21:00,0,0,0,0,0,0,0,0,0,0,0
2019/2/25 22:00,0,0,0,0,0,0,0,0,0,0,0
2019/2/25 23:00,0,0,0,0,0,0,0,0,0,0,0
2019/2/26 0:00,0,0,0,0,0,0,0,0,0,0,0
2019/2/26 1:00,0,0,0,0,0,0,0,0,0,0,0
2019/2/26 2:00,0,0,0,0,0,0,0,0,0,0,0
2019/2/26 3:00,0,0,0,0,0,0,0,0,0,0,0
2019/2/26 4:00,0,0,0,0,0,0,0,0,0,0,0
2019/2/26 5:00,0,0,0,0,0,0,0,0,0,0,0
2019/2/26 6:00,0,0,0,0,0,0,0,0,0,0,0
2019/2/26 7:00,0,0,0,0,0,0,0,0,0,0,0
2019/2/26 8:00,0,0,0,0,0,0,0,0,0,0,0
2019/2/26 9:00,0,0,0,0,0,0,0,0,0,0,0
2019/2/26 10:00,0,0,0,0,0,0,0,0,0,0,0
2019/2/26 11:00,0,0,0,0,0,0,0,0,0,0,0
2019/2/26 12:00,0,0,0,0,0,0,0,0,0,0,0
2019/2/26 13:00,0,0,0,0,0,0,0,0,0,0,0
2019/2/26 14:00,0,0,0,0,0,0,0,0,0,0,0
2019/2/26 15:00,0,0,0,0,0,0,0,0,0,0,0
2019/2/26 16:00,0,0,0,0,0,0,0,0,0,0,0
2019/2/26 17:00,0,0,0,0,0,0,0,0,0,0,0
2019/2/26 18:00,0,0,0,0,0,0,0,0,0,0,0
2019/2/26 19:00,0,0,0,0,0,0,0,0,0,0,0
2019/2/26 20:00,0,0,0,0,0,0,0,0,0,0,0
2019/2/26 21:00,0,0,0,0,0,0,0,0,0,0,0
2019/2/26 22:00,0,0,0,0,0,0,0,0,0,0,0
2019/2/26 23:00,0,0,0,0,0,0,0,0,0,0,0
2019/2/27 0:00,0,0,0,0,0,0,0,0,0,0,0
2019/2/27 1:00,0,0,0,0,0,0,0,0,0,0,0
2019/2/27 2:00,0,0,0,0,0,0,0,0,0,0,0
2019/2/27 3:00,0,0,0,0,0,0,0,0,0,0,0
2019/2/27 4:00,0,0,0,0,0,0,0,0,0,0,0
2019/2/27 5:00,0,0,0,0,0,0,0,0,0,0,0
2019/2/27 6:00,0,0,0,0,0,0,0,0,0,0,0
2019/2/27 7:00,0,0,0,0,0,0,0,0,0,0,0
2019/2/27 8:00,0,0,0,0,0,0,0,0,0,0,0
2019/2/27 9:00,0,0,0,0,0,0,0,0,0,0,0
2019/2/27 10:00,0,0,0,0,0,0,0,0,0,0,0
2019/2/27 11:00,0,0,0,0,0,0,0,0,0,0,0
2019/2/27 12:00,0,0,0,0,0,0,0,0,0,0,0
2019/2/27 13:00,0,0,0,0,0,0,0,0,0,0,0
2019/2/27 14:00,0,0,0,0,0,0,0,0,0,0,0
2019/2/27 15:00,0,0,0,0,0,0,0,0,0,0,0
2019/2/27 16:00,0,0,0,0,0,0,0,0,0,0,0
2019/2/27 17:00,0,0,0,0,0,0,0,0,0,0,0
2019/2/27 18:00,0,0,0,0,0,0,0,0,0,0,0
2019/2/27 19:00,0,0,0,0,0,0,0,0,0,0,0
2019/2/27 20:00,0,0,0,0,0,0,0,0,0,0,0
2019/2/27 21:00,0,0,0,0,0,0,0,0,0,0,0
2019/2/27 22:00,0,0,0,0,0,0,0,0,0,0,0
2019/2/27 23:00,0,0,0,0,0,0,0,0,0,0,0
2019/2/28 0:00,0,0,0,0,0,0,0,0,0,0,0
2019/2/28 1:00,0,0,0,0,0,0,0,0,0,0,0
2019/2/28 2:00,0,0,0,0,0,0,0,0,0,0,0
2019/2/28 3:00,0,0,0,0,0,0,0,0,0,0,0
2019/2/28 4:00,0,0,0,0,0,0,0,0,0,0,0
2019/2/28 5:00,0,0,0,0,0,0,0,0,0,0,0
2019/2/28 6:00,0,0,0,0,0,0,0,0,0,0,0
2019/2/28 7:00,0,0,0,0,0,0,0,0,0,0,0
2019/2/28 8:00,0,0,0,0,0,0,0,0,0,0,0
2019/2/28 9:00,0,0,0,0,0,0,0,0,0,0,0
2019/2/28 10:00,0,0,0,0,0,0,0,0,0,0,0
2019/2/28 11:00,0,0,0,0,0,0,0,0,0,0,0
2019/2/28 12:00,0,0,0,0,0,0,0,0,0,0,0
2019/2/28 13:00,0,0,0,0,0,0,0,0,0,0,0
2019/2/28 14:00,0,0,0,0,0,0,0,0,0,0,0
2019/2/28 15:00,0,0,0,0,0,0,0,0,0,0,0
2019/2/28 16:00,0,0,0,0,0,0,0,0,0,0,0
2019/2/28 17:00,0,0,0,0,0,0,0,0,0,0,0
2019/2/28 18:00,0,0,0,0,0,0,0,0,0,0,0
2019/2/28 19:00,0,0,0,0,0,0,0,0,0,0,0
2019/2/28 20:00,0,0,0,0,0,0,0,0,0,0,0
2019/2/28 21:00,0,0,0,0,0,0,0,0,0,0,0
2019/2/28 22:00,0,0,0,0,0,0,0,0,0,0,0
2019/2/28 23:00,0,0,0,0,0,0,0,0,0,0,0
2019/3/1 0:00,0,0,0,0,0,0,0,0,0,0,0
2019/3/1 1:00,0,0,0,0,0,0,0,0,0,0,0
2019/3/1 2:00,0,0,0,0,0,0,0,0,0,0,0
2019/3/1 3:00,0,0,0,0,0,0,0,0,0,0,0
2019/3/1 4:00,0,0,0,0,0,0,0,0,0,0,0
2019/3/1 5:00,0,0,0,0,0,0,0,0,0,0,0
2019/3/1 6:00,0,0,0,0,0,0,0,0,0,0,0
2019/3/1 7:00,0,0,0,0,0,0,0,0,0,0,0
2019/3/1 8:00,0,0,0,0,0,0,0,0,0,0,0
2019/3/1 9:00,0,0,0,0,0,0,0,0,0,0,0
2019/3/1 10:00,0,0,0,0,0,0,0,0,0,0,0
2019/3/1 11:00,0,0,0,0,0,0,0,0,0,0,0
2019/3/1 12:00,0,0,0,0,0,0,0,0,0,0,0
2019/3/1 13:00,0,0,0,0,0,0,0,0,0,0,0
2019/3/1 14:00,0,0,0,0,0,0,0,0,0,0,0
2019/3/1 15:00,0,0,0,0,0,0,0,0,0,0,0
2019/3/1 16:00,0,0,0,0,0,0,0,0,0,0,0
2019/3/1 17:00,0,0,0,0,0,0,0,0,0,0,0
2019/3/1 18:00,0,0,0,0,0,0,0,0,0,0,0
2019/3/1 19:00,0,0,0,0,0,0,0,0,0,0,0
2019/3/1 20:00,0,0,0,0,0,0,0,0,0,0,0
2019/3/1 21:00,0,0,0,0,0,0,0,0,0,0,0
2019/3/1 22:00,0,0,0,0,0,0,0,0,0,0,0
2019/3/1 23:00,0,0,0,0,0,0,0,0,0,0,0
2019/3/2 0:00,0,0,0,0,0,0,0,0,0,0,0
2019/3/2 1:00,0,0,0,0,0,0,0,0,0,0,0
2019/3/2 2:00,0,0,0,0,0,0,0,0,0,0,0
2019/3/2 3:00,0,0,0,0,0,0,0,0,0,0,0
2019/3/2 4:00,0,0,0,0,0,0,0,0,0,0,0
2019/3/2 5:00,0,0,0,0,0,0,0,0,0,0,0
2019/3/2 6:00,0,0,0,0,0,0,0,0,0,0,0
2019/3/2 7:00,0,0,0,0,0,0,0,0,0,0,0
2019/3/2 8:00,0,0,0,0,0,0,0,0,0,0,0
2019/3/2 9:00,0,0,0,0,0,0,0,0,0,0,0
2019/3/2 10:00,0,0,0,0,0,0,0,0,0,0,0
2019/3/2 11:00,0,0,0,0,0,0,0,0,0,0,0
2019/3/2 12:00,0,0,0,0,0,0,0,0,0,0,0
2019/3/2 13:00,0,0,0,0,0,0,0,0,0,0,0
2019/3/2 14:00,0,0,0,0,0,0,0,0,0,0,0
2019/3/2 15:00,0,0,0,0,0,0,0,0,0,0,0
2019/3/2 16:00,0,0,0,0,0,0,0,0,0,0,0
2019/3/2 17:00,0,0,0,0,0,0,0,0,0,0,0
2019/3/2 18:00,0,0,0,0,0,0,0,0,0,0,0
2019/3/2 19:00,0,0,0,0,0,0,0,0,0,0,0
2019/3/2 20:00,0,0,0,0,0,0,0,0,0,0,0
2019/3/2 21:00,0,0,0,0,0,0,0,0,0,0,0
2019/3/2 22:00,0,0,0,0,0,0,0,0,0,0,0
2019/3/2 23:00,0,0,0,0,0,0,0,0,0,0,0
2019/3/3 0:00,0,0,0,0,0,0,0,0,0,0,0
2019/3/3 1:00,0,0,0,0,0,0,0,0,0,0,0
2019/3/3 2:00,0,0,0,0,0,0,0,0,0,0,0
2019/3/3 3:00,0,0,0,0,0,0,0,0,0,0,0
2019/3/3 4:00,0,0,0,0,0,0,0,0,0,0,0
2019/3/3 5:00,0,0,0,0,0,0,0,0,0,0,0
2019/3/3 6:00,0,0,0,0,0,0,0,0,0,0,0
2019/3/3 7:00,0,0,0,0,0,0,0,0,0,0,0
2019/3/3 8:00,0,0,0,0,0,0,0,0,0,0,0
2019/3/3 9:00,0,0,0,0,0,0,0,0,0,0,0
2019/3/3 10:00,0,0,0,0,0,0,0,0,0,0,0
2019/3/3 11:00,0,0,0,0,0,0,0,0,0,0,0
2019/3/3 12:00,0,0,0,0,0,0,0,0,0,0,0
2019/3/3 13:00,0,0,0,0,0,0,0,0,0,0,0
2019/3/3 14:00,0,0,0,0,0,0,0,0,0,0,0
2019/3/3 15:00,0,0,0,0,0,0,0,0,0,0,0
2019/3/3 16:00,0,0,0,0,0,0,0,0,0,0,0
2019/3/3 17:00,0,0,0,0,0,0,0,0,0,0,0
2019/3/3 18:00,0,0,0,0,0,0,0,0,0,0,0
2019/3/3 19:00,0,0,0,0,0,0,0,0,0,0,0
2019/3/3 20:00,0,0,0,0,0,0,0,0,0,0,0
2019/3/3 21:00,0,0,0,0,0,0,0,0,0,0,0
2019/3/3 22:00,0,0,0,0,0,0,0,0,0,0,0
2019/3/3 23:00,0,0,0,0,0,0,0,0,0,0,0
2019/3/4 0:00,0,0,0,0,0,0,0,0,0,0,0
2019/3/4 1:00,0,0,0,0,0,0,0,0,0,0,0
2019/3/4 2:00,0,0,0,0,0,0,0,0,0,0,0
2019/3/4 3:00,0,0,0,0,0,0,0,0,0,0,0
2019/3/4 4:00,0,0,0,0,0,0,0,0,0,0,0
2019/3/4 5:00,0,0,0,0,0,0,0,0,0,0,0
2019/3/4 6:00,0,0,0,0,0,0,0,0,0,0,0
2019/3/4 7:00,0,0,0,0,0,0,0,0,0,0,0
2019/3/4 8:00,0,0,0,0,0,0,0,0,0,0,0
2019/3/4 9:00,0,0,0,0,0,0,0,0,0,0,0
2019/3/4 10:00,0,0,0,0,0,0,0,0,0,0,0
2019/3/4 11:00,0,0,0,0,0,0,0,0,0,0,0
2019/3/4 12:00,0,0,0,0,0,0,0,0,0,0,0
2019/3/4 13:00,0,0,0,0,0,0,0,0,0,0,0
2019/3/4 14:00,0,0,0,0,0,0,0,0,0,0,0
2019/3/4 15:00,0,0,0,0,0,0,0,0,0,0,0
2019/3/4 16:00,0,0,0,0,0,0,0,0,0,0,0
2019/3/4 17:00,0,0,0,0,0,0,0,0,0,0,0
2019/3/4 18:00,0,0,0,0,0,0,0,0,0,0,0
2019/3/4 19:00,0,0,0,0,0,0,0,0,0,0,0
2019/3/4 20:00,0,0,0,0,0,0,0,0,0,0,0
2019/3/4 21:00,0,0,0,0,0,0,0,0,0,0,0
2019/3/4 22:00,0,0,0,0,0,0,0,0,0,0,0
2019/3/4 23:00,0,0,0,0,0,0,0,0,0,0,0
2019/3/5 0:00,0,0,0,0,0,0,0,0,0,0,0
2019/3/5 1:00,0,0,0,0,0,0,0,0,0,0,0
2019/3/5 2:00,0,0,0,0,0,0,0,0,0,0,0
2019/3/5 3:00,0,0,0,0,0,0,0,0,0,0,0
2019/3/5 4:00,0,0,0,0,0,0,0,0,0,0,0
2019/3/5 5:00,0,0,0,0,0,0,0,0,0,0,0
2019/3/5 6:00,0,0,0,0,0,0,0,0,0,0,0
2019/3/5 7:00,0,0,0,0,0,0,0,0,0,0,0
2019/3/5 8:00,0,0,0,0,0,0,0,0,0,0,0
2019/3/5 9:00,0,0,0,0,0,0,0,0,0,0,0
2019/3/5 10:00,0,0,0,0,0,0,0,0,0,0,0
2019/3/5 11:00,0,0,0,0,0,0,0,0,0,0,0
2019/3/5 12:00,0,0,0,0,0,0,0,0,0,0,0
2019/3/5 13:00,0,0,0,0,0,0,0,0,0,0,0
2019/3/5 14:00,0,0,0,0,0,0,0,0,0,0,0
2019/3/5 15:00,0,0,0,0,0,0,0,0,0,0,0
2019/3/5 16:00,0,0,0,0,0,0,0,0,0,0,0
2019/3/5 17:00,0,0,0,0,0,0,0,0,0,0,0
2019/3/5 18:00,0,0,0,0,0,0,0,0,0,0,0
2019/3/5 19:00,0,0,0,0,0,0,0,0,0,0,0
2019/3/5 20:00,0,0,0,0,0,0,0,0,0,0,0
2019/3/5 21:00,0,0,0,0,0,0,0,0,0,0,0
2019/3/5 22:00,0,0,0,0,0,0,0,0,0,0,0
2019/3/5 23:00,0,0,0,0,0,0,0,0,0,0,0
2019/3/6 0:00,0,0,0,0,0,0,0,0,0,0,0
2019/3/6 1:00,0,0,0,0,0,0,0,0,0,0,0
2019/3/6 2:00,0,0,0,0,0,0,0,0,0,0,0
2019/3/6 3:00,0,0,0,0,0,0,0,0,0,0,0
2019/3/6 4:00,0,0,0,0,0,0,0,0,0,0,0
2019/3/6 5:00,0,0,0,0,0,0,0,0,0,0,0
2019/3/6 6:00,0,0,0,0,0,0,0,0,0,0,0
2019/3/6 7:00,0,0,0,0,0,0,0,0,0,0,0
2019/3/6 8:00,0,0,0,0,0,0,0,0,0,0,0
2019/3/6 9:00,0,0,0,0,0,0,0,0,0,0,0
2019/3/6 10:00,0,0,0,0,0,0,0,0,0,0,0
2019/3/6 11:00,0,0,0,0,0,0,0,0,0,0,0
2019/3/6 12:00,0,0,0,0,0,0,0,0,0,0,0
2019/3/6 13:00,0,0,0,0,0,0,0,0,0,0,0
2019/3/6 14:00,0,0,0,0,0,0,0,0,0,0,0
2019/3/6 15:00,0,0,0,0,0,0,0,0,0,0,0
2019/3/6 16:00,0,0,0,0,0,0,0,0,0,0,0
2019/3/6 17:00,0,0,0,0,0,0,0,0,0,0,0
2019/3/6 18:00,0,0,0,0,0,0,0,0,0,0,0
2019/3/6 19:00,0,0,0,0,0,0,0,0,0,0,0
2019/3/6 20:00,0,0,0,0,0,0,0,0,0,0,0
2019/3/6 21:00,0,0,0,0,0,0,0,0,0,0,0
2019/3/6 22:00,0,0,0,0,0,0,0,0,0,0,0
2019/3/6 23:00,0,0,0,0,0,0,0,0,0,0,0
2019/3/7 0:00,0,0,0,0,0,0,0,0,0,0,0
2019/3/7 1:00,0,0,0,0,0,0,0,0,0,0,0
2019/3/7 2:00,0,0,0,0,0,0,0,0,0,0,0
2019/3/7 3:00,0,0,0,0,0,0,0,0,0,0,0
2019/3/7 4:00,0,0,0,0,0,0,0,0,0,0,0
2019/3/7 5:00,0,0,0,0,0,0,0,0,0,0,0
2019/3/7 6:00,0,0,0,0,0,0,0,0,0,0,0
2019/3/7 7:00,0,0,0,0,0,0,0,0,0,0,0
2019/3/7 8:00,0,0,0,0,0,0,0,0,0,0,0
2019/3/7 9:00,0,0,0,0,0,0,0,0,0,0,0
2019/3/7 10:00,0,0,0,0,0,0,0,0,0,0,0
2019/3/7 11:00,0,0,0,0,0,0,0,0,0,0,0
2019/3/7 12:00,0,0,0,0,0,0,0,0,0,0,0
2019/3/7 13:00,0,0,0,0,0,0,0,0,0,0,0
2019/3/7 14:00,0,0,0,0,0,0,0,0,0,0,0
2019/3/7 15:00,0,0,0,0,0,0,0,0,0,0,0
2019/3/7 16:00,0,0,0,0,0,0,0,0,0,0,0
2019/3/7 17:00,0,0,0,0,0,0,0,0,0,0,0
2019/3/7 18:00,0,0,0,0,0,0,0,0,0,0,0
2019/3/7 19:00,0,0,0,0,0,0,0,0,0,0,0
2019/3/7 20:00,0,0,0,0,0,0,0,0,0,0,0
2019/3/7 21:00,0,0,0,0,0,0,0,0,0,0,0
2019/3/7 22:00,0,0,0,0,0,0,0,0,0,0,0
2019/3/7 23:00,0,0,0,0,0,0,0,0,0,0,0
2019/3/8 0:00,0,0,0,0,0,0,0,0,0,0,0
2019/3/8 1:00,0,0,0,0,0,0,0,0,0,0,0
2019/3/8 2:00,0,0,0,0,0,0,0,0,0,0,0
2019/3/8 3:00,0,0,0,0,0,0,0,0,0,0,0
2019/3/8 4:00,0,0,0,0,0,0,0,0,0,0,0
2019/3/8 5:00,0,0,0,0,0,0,0,0,0,0,0
2019/3/8 6:00,0,0,0,0,0,0,0,0,0,0,0
2019/3/8 7:00,0,0,0,0,0,0,0,0,0,0,0
2019/3/8 8:00,0,0,0,0,0,0,0,0,0,0,0
2019/3/8 9:00,0,0,0,0,0,0,0,0,0,0,0
2019/3/8 10:00,0,0,0,0,0,0,0,0,0,0,0
2019/3/8 11:00,0,0,0,0,0,0,0,0,0,0,0
2019/3/8 12:00,0,0,0,0,0,0,0,0,0,0,0
2019/3/8 13:00,0,0,0,0,0,0,0,0,0,0,0
2019/3/8 14:00,0,0,0,0,0,0,0,0,0,0,0
2019/3/8 15:00,0,0,0,0,0,0,0,0,0,0,0
2019/3/8 16:00,0,0,0,0,0,0,0,0,0,0,0
2019/3/8 17:00,0,0,0,0,0,0,0,0,0,0,0
2019/3/8 18:00,0,0,0,0,0,0,0,0,0,0,0
2019/3/8 19:00,0,0,0,0,0,0,0,0,0,0,0
2019/3/8 20:00,0,0,0,0,0,0,0,0,0,0,0
2019/3/8 21:00,0,0,0,0,0,0,0,0,0,0,0
2019/3/8 22:00,0,0,0,0,0,0,0,0,0,0,0
2019/3/8 23:00,0,0,0,0,0,0,0,0,0,0,0
2019/3/9 0:00,0,0,0,0,0,0,0,0,0,0,0
2019/3/9 1:00,0,0,0,0,0,0,0,0,0,0,0
2019/3/9 2:00,0,0,0,0,0,0,0,0,0,0,0
2019/3/9 3:00,0,0,0,0,0,0,0,0,0,0,0
2019/3/9 4:00,0,0,0,0,0,0,0,0,0,0,0
2019/3/9 5:00,0,0,0,0,0,0,0,0,0,0,0
2019/3/9 6:00,0,0,0,0,0,0,0,0,0,0,0
2019/3/9 7:00,0,0,0,0,0,0,0,0,0,0,0
2019/3/9 8:00,0,0,0,0,0,0,0,0,0,0,0
2019/3/9 9:00,0,0,0,0,0,0,0,0,0,0,0
2019/3/9 10:00,0,0,0,0,0,0,0,0,0,0,0
2019/3/9 11:00,0,0,0,0,0,0,0,0,0,0,0
2019/3/9 12:00,0,0,0,0,0,0,0,0,0,0,0
2019/3/9 13:00,0,0,0,0,0,0,0,0,0,0,0
2019/3/9 14:00,0,0,0,0,0,0,0,0,0,0,0
2019/3/9 15:00,0,0,0,0,0,0,0,0,0,0,0
2019/3/9 16:00,0,0,0,0,0,0,0,0,0,0,0
2019/3/9 17:00,0,0,0,0,0,0,0,0,0,0,0
2019/3/9 18:00,0,0,0,0,0,0,0,0,0,0,0
2019/3/9 19:00,0,0,0,0,0,0,0,0,0,0,0
2019/3/9 20:00,0,0,0,0,0,0,0,0,0,0,0
2019/3/9 21:00,0,0,0,0,0,0,0,0,0,0,0
2019/3/9 22:00,0,0,0,0,0,0,0,0,0,0,0
2019/3/9 23:00,0,0,0,0,0,0,0,0,0,0,0
2019/3/10 0:00,0,0,0,0,0,0,0,0,0,0,0
2019/3/10 1:00,0,0,0,0,0,0,0,0,0,0,0
2019/3/10 2:00,0,0,0,0,0,0,0,0,0,0,0
2019/3/10 3:00,0,0,0,0,0,0,0,0,0,0,0
2019/3/10 4:00,0,0,0,0,0,0,0,0,0,0,0
2019/3/10 5:00,0,0,0,0,0,0,0,0,0,0,0
2019/3/10 6:00,0,0,0,0,0,0,0,0,0,0,0
2019/3/10 7:00,0,0,0,0,0,0,0,0,0,0,0
2019/3/10 8:00,0,0,0,0,0,0,0,0,0,0,0
2019/3/10 9:00,0,0,0,0,0,0,0,0,0,0,0
2019/3/10 10:00,0,0,0,0,0,0,0,0,0,0,0
2019/3/10 11:00,0,0,0,0,0,0,0,0,0,0,0
2019/3/10 12:00,0,0,0,0,0,0,0,0,0,0,0
2019/3/10 13:00,0,0,0,0,0,0,0,0,0,0,0
2019/3/10 14:00,0,0,0,0,0,0,0,0,0,0,0
2019/3/10 15:00,0,0,0,0,0,0,0,0,0,0,0
2019/3/10 16:00,0,0,0,0,0,0,0,0,0,0,0
2019/3/10 17:00,0,0,0,0,0,0,0,0,0,0,0
2019/3/10 18:00,0,0,0,0,0,0,0,0,0,0,0
2019/3/10 19:00,0,0,0,0,0,0,0,0,0,0,0
2019/3/10 20:00,0,0,0,0,0,0,0,0,0,0,0
2019/3/10 21:00,0,0,0,0,0,0,0,0,0,0,0
2019/3/10 22:00,0,0,0,0,0,0,0,0,0,0,0
2019/3/10 23:00,0,0,0,0,0,0,0,0,0,0,0
2019/3/11 0:00,0,0,0,0,0,0,0,0,0,0,0
2019/3/11 1:00,0,0,0,0,0,0,0,0,0,0,0
2019/3/11 2:00,0,0,0,0,0,0,0,0,0,0,0
2019/3/11 3:00,0,0,0,0,0,0,0,0,0,0,0
2019/3/11 4:00,0,0,0,0,0,0,0,0,0,0,0
2019/3/11 5:00,0,0,0,0,0,0,0,0,0,0,0
2019/3/11 6:00,0,0,0,0,0,0,0,0,0,0,0
2019/3/11 7:00,0,0,0,0,0,0,0,0,0,0,0
2019/3/11 8:00,0,0,0,0,0,0,0,0,0,0,0
2019/3/11 9:00,0,0,0,0,0,0,0,0,0,0,0
2019/3/11 10:00,0,0,0,0,0,0,0,0,0,0,0
2019/3/11 11:00,0,0,0,0,0,0,0,0,0,0,0
2019/3/11 12:00,0,0,0,0,0,0,0,0,0,0,0
2019/3/11 13:00,0,0,0,0,0,0,0,0,0,0,0
2019/3/11 14:00,0,0,0,0,0,0,0,0,0,0,0
2019/3/11 15:00,0,0,0,0,0,0,0,0,0,0,0
2019/3/11 16:00,0,0,0,0,0,0,0,0,0,0,0
2019/3/11 17:00,0,0,0,0,0,0,0,0,0,0,0
2019/3/11 18:00,0,0,0,0,0,0,0,0,0,0,0
2019/3/11 19:00,0,0,0,0,0,0,0,0,0,0,0
2019/3/11 20:00,0,0,0,0,0,0,0,0,0,0,0
2019/3/11 21:00,0,0,0,0,0,0,0,0,0,0,0
2019/3/11 22:00,0,0,0,0,0,0,0,0,0,0,0
2019/3/11 23:00,0,0,0,0,0,0,0,0,0,0,0
2019/3/12 0:00,0,0,0,0,0,0,0,0,0,0,0
2019/3/12 1:00,0,0,0,0,0,0,0,0,0,0,0
2019/3/12 2:00,0,0,0,0,0,0,0,0,0,0,0
2019/3/12 3:00,0,0,0,0,0,0,0,0,0,0,0
2019/3/12 4:00,0,0,0,0,0,0,0,0,0,0,0
2019/3/12 5:00,0,0,0,0,0,0,0,0,0,0,0
2019/3/12 6:00,0,0,0,0,0,0,0,0,0,0,0
2019/3/12 7:00,0,0,0,0,0,0,0,0,0,0,0
2019/3/12 8:00,0,0,0,0,0,0,0,0,0,0,0
2019/3/12 9:00,0,0,0,0,0,0,0,0,0,0,0
2019/3/12 10:00,0,0,0,0,0,0,0,0,0,0,0
2019/3/12 11:00,0,0,0,0,0,0,0,0,0,0,0
2019/3/12 12:00,0,0,0,0,0,0,0,0,0,0,0
2019/3/12 13:00,0,0,0,0,0,0,0,0,0,0,0
2019/3/12 14:00,0,0,0,0,0,0,0,0,0,0,0
2019/3/12 15:00,0,0,0,0,0,0,0,0,0,0,0
2019/3/12 16:00,0,0,0,0,0,0,0,0,0,0,0
2019/3/12 17:00,0,0,0,0,0,0,0,0,0,0,0
2019/3/12 18:00,0,0,0,0,0,0,0,0,0,0,0
2019/3/12 19:00,0,0,0,0,0,0,0,0,0,0,0
2019/3/12 20:00,0,0,0,0,0,0,0,0,0,0,0
2019/3/12 21:00,0,0,0,0,0,0,0,0,0,0,0
2019/3/12 22:00,0,0,0,0,0,0,0,0,0,0,0
2019/3/12 23:00,0,0,0,0,0,0,0,0,0,0,0
2019/3/13 0:00,0,0,0,0,0,0,0,0,0,0,0
2019/3/13 1:00,0,0,0,0,0,0,0,0,0,0,0
2019/3/13 2:00,0,0,0,0,0,0,0,0,0,0,0
2019/3/13 3:00,0,0,0,0,0,0,0,0,0,0,0
2019/3/13 4:00,0,0,0,0,0,0,0,0,0,0,0
2019/3/13 5:00,0,0,0,0,0,0,0,0,0,0,0
2019/3/13 6:00,0,0,0,0,0,0,0,0,0,0,0
2019/3/13 7:00,0,0,0,0,0,0,0,0,0,0,0
2019/3/13 8:00,0,0,0,0,0,0,0,0,0,0,0
2019/3/13 9:00,0,0,0,0,0,0,0,0,0,0,0
2019/3/13 10:00,0,0,0,0,0,0,0,0,0,0,0
2019/3/13 11:00,0,0,0,0,0,0,0,0,0,0,0
2019/3/13 12:00,0,0,0,0,0,0,0,0,0,0,0
2019/3/13 13:00,0,0,0,0,0,0,0,0,0,0,0
2019/3/13 14:00,0,0,0,0,0,0,0,0,0,0,0
2019/3/13 15:00,0,0,0,0,0,0,0,0,0,0,0
2019/3/13 16:00,0,0,0,0,0,0,0,0,0,0,0
2019/3/13 17:00,0,0,0,0,0,0,0,0,0,0,0
2019/3/13 18:00,0,0,0,0,0,0,0,0,0,0,0
2019/3/13 19:00,0,0,0,0,0,0,0,0,0,0,0
2019/3/13 20:00,0,0,0,0,0,0,0,0,0,0,0
2019/3/13 21:00,0,0,0,0,0,0,0,0,0,0,0
2019/3/13 22:00,0,0,0,0,0,0,0,0,0,0,0
2019/3/13 23:00,0,0,0,0,0,0,0,0,0,0,0
2019/3/14 0:00,0,0,0,0,0,0,0,0,0,0,0
2019/3/14 1:00,0,0,0,0,0,0,0,0,0,0,0
2019/3/14 2:00,0,0,0,0,0,0,0,0,0,0,0
2019/3/14 3:00,0,0,0,0,0,0,0,0,0,0,0
2019/3/14 4:00,0,0,0,0,0,0,0,0,0,0,0
2019/3/14 5:00,0,0,0,0,0,0,0,0,0,0,0
2019/3/14 6:00,0,0,0,0,0,0,0,0,0,0,0
2019/3/14 7:00,0,0,0,0,0,0,0,0,0,0,0
2019/3/14 8:00,0,0,0,0,0,0,0,0,0,0,0
2019/3/14 9:00,0,0,0,0,0,0,0,0,0,0,0
2019/3/14 10:00,0,0,0,0,0,0,0,0,0,0,0
2019/3/14 11:00,0,0,0,0,0,0,0,0,0,0,0
2019/3/14 12:00,0,0,0,0,0,0,0,0,0,0,0
2019/3/14 13:00,0,0,0,0,0,0,0,0,0,0,0
2019/3/14 14:00,0,0,0,0,0,0,0,0,0,0,0
2019/3/14 15:00,0,0,0,0,0,0,0,0,0,0,0
2019/3/14 16:00,0,0,0,0,0,0,0,0,0,0,0
2019/3/14 17:00,0,0,0,0,0,0,0,0,0,0,0
2019/3/14 18:00,0,0,0,0,0,0,0,0,0,0,0
2019/3/14 19:00,0,0,0,0,0,0,0,0,0,0,0
2019/3/14 20:00,0,0,0,0,0,0,0,0,0,0,0
2019/3/14 21:00,0,0,0,0,0,0,0,0,0,0,0
2019/3/14 22:00,0,0,0,0,0,0,0,0,0,0,0
2019/3/14 23:00,0,0,0,0,0,0,0,0,0,0,0
2019/3/15 0:00,0,0,0,0,0,0,0,0,0,0,0
2019/3/15 1:00,0,0,0,0,0,0,0,0,0,0,0
2019/3/15 2:00,0,0,0,0,0,0,0,0,0,0,0
2019/3/15 3:00,0,0,0,0,0,0,0,0,0,0,0
2019/3/15 4:00,0,0,0,0,0,0,0,0,0,0,0
2019/3/15 5:00,0,0,0,0,0,0,0,0,0,0,0
2019/3/15 6:00,0,0,0,0,0,0,0,0,0,0,0
2019/3/15 7:00,0,0,0,0,0,0,0,0,0,0,0
2019/3/15 8:00,0,0,0,0,0,0,0,0,0,0,0
2019/3/15 9:00,0,0,0,0,0,0,0,0,0,0,0
2019/3/15 10:00,0,0,0,0,0,0,0,0,0,0,0
2019/3/15 11:00,0,0,0,0,0,0,0,0,0,0,0
2019/3/15 12:00,0,0,0,0,0,0,0,0,0,0,0
2019/3/15 13:00,0,0,0,0,0,0,0,0,0,0,0
2019/3/15 14:00,0,0,0,0,0,0,0,0,0,0,0
2019/3/15 15:00,0,0,0,0,0,0,0,0,0,0,0
2019/3/15 16:00,0,0,0,0,0,0,0,0,0,0,0
2019/3/15 17:00,0,0,0,0,0,0,0,0,0,0,0
2019/3/15 18:00,0,0,0,0,0,0,0,0,0,0,0
2019/3/15 19:00,0,0,0,0,0,0,0,0,0,0,0
2019/3/15 20:00,0,0,0,0,0,0,0,0,0,0,0
2019/3/15 21:00,0,0,0,0,0,0,0,0,0,0,0
2019/3/15 22:00,0,0,0,0,0,0,0,0,0,0,0
2019/3/15 23:00,0,0,0,0,0,0,0,0,0,0,0
2019/3/16 0:00,0,0,0,0,0,0,0,0,0,0,0
2019/3/16 1:00,0,0,0,0,0,0,0,0,0,0,0
2019/3/16 2:00,0,0,0,0,0,0,0,0,0,0,0
2019/3/16 3:00,0,0,0,0,0,0,0,0,0,0,0
2019/3/16 4:00,0,0,0,0,0,0,0,0,0,0,0
2019/3/16 5:00,0,0,0,0,0,0,0,0,0,0,0
2019/3/16 6:00,0,0,0,0,0,0,0,0,0,0,0
2019/3/16 7:00,0,0,0,0,0,0,0,0,0,0,0
2019/3/16 8:00,0,0,0,0,0,0,0,0,0,0,0
2019/3/16 9:00,0,0,0,0,0,0,0,0,0,0,0
2019/3/16 10:00,0,0,0,0,0,0,0,0,0,0,0
2019/3/16 11:00,0,0,0,0,0,0,0,0,0,0,0
2019/3/16 12:00,0,0,0,0,0,0,0,0,0,0,0
2019/3/16 13:00,0,0,0,0,0,0,0,0,0,0,0
2019/3/16 14:00,0,0,0,0,0,0,0,0,0,0,0
2019/3/16 15:00,0,0,0,0,0,0,0,0,0,0,0
2019/3/16 16:00,0,0,0,0,0,0,0,0,0,0,0
2019/3/16 17:00,0,0,0,0,0,0,0,0,0,0,0
2019/3/16 18:00,0,0,0,0,0,0,0,0,0,0,0
2019/3/16 19:00,0,0,0,0,0,0,0,0,0,0,0
2019/3/16 20:00,0,0,0,0,0,0,0,0,0,0,0
2019/3/16 21:00,0,0,0,0,0,0,0,0,0,0,0
2019/3/16 22:00,0,0,0,0,0,0,0,0,0,0,0
2019/3/16 23:00,0,0,0,0,0,0,0,0,0,0,0
2019/3/17 0:00,0,0,0,0,0,0,0,0,0,0,0
2019/3/17 1:00,0,0,0,0,0,0,0,0,0,0,0
2019/3/17 2:00,0,0,0,0,0,0,0,0,0,0,0
2019/3/17 3:00,0,0,0,0,0,0,0,0,0,0,0
2019/3/17 4:00,0,0,0,0,0,0,0,0,0,0,0
2019/3/17 5:00,0,0,0,0,0,0,0,0,0,0,0
2019/3/17 6:00,0,0,0,0,0,0,0,0,0,0,0
2019/3/17 7:00,0,0,0,0,0,0,0,0,0,0,0
2019/3/17 8:00,0,0,0,0,0,0,0,0,0,0,0
2019/3/17 9:00,0,0,0,0,0,0,0,0,0,0,0
2019/3/17 10:00,0,0,0,0,0,0,0,0,0,0,0
2019/3/17 11:00,0,0,0,0,0,0,0,0,0,0,0
2019/3/17 12:00,0,0,0,0,0,0,0,0,0,0,0
2019/3/17 13:00,0,0,0,0,0,0,0,0,0,0,0
2019/3/17 14:00,0,0,0,0,0,0,0,0,0,0,0
2019/3/17 15:00,0,0,0,0,0,0,0,0,0,0,0
2019/3/17 16:00,0,0,0,0,0,0,0,0,0,0,0
2019/3/17 17:00,0,0,0,0,0,0,0,0,0,0,0
2019/3/17 18:00,0,0,0,0,0,0,0,0,0,0,0
2019/3/17 19:00,0,0,0,0,0,0,0,0,0,0,0
2019/3/17 20:00,0,0,0,0,0,0,0,0,0,0,0
2019/3/17 21:00,0,0,0,0,0,0,0,0,0,0,0
2019/3/17 22:00,0,0,0,0,0,0,0,0,0,0,0
2019/3/17 23:00,0,0,0,0,0,0,0,0,0,0,0
2019/3/18 0:00,0,0,0,0,0,0,0,0,0,0,0
2019/3/18 1:00,0,0,0,0,0,0,0,0,0,0,0
2019/3/18 2:00,0,0,0,0,0,0,0,0,0,0,0
2019/3/18 3:00,0,0,0,0,0,0,0,0,0,0,0
2019/3/18 4:00,0,0,0,0,0,0,0,0,0,0,0
2019/3/18 5:00,0,0,0,0,0,0,0,0,0,0,0
2019/3/18 6:00,0,0,0,0,0,0,0,0,0,0,0
2019/3/18 7:00,0,0,0,0,0,0,0,0,0,0,0
2019/3/18 8:00,0,0,0,0,0,0,0,0,0,0,0
2019/3/18 9:00,0,0,0,0,0,0,0,0,0,0,0
2019/3/18 10:00,0,0,0,0,0,0,0,0,0,0,0
2019/3/18 11:00,0,0,0,0,0,0,0,0,0,0,0
2019/3/18 12:00,0,0,0,0,0,0,0,0,0,0,0
2019/3/18 13:00,0,0,0,0,0,0,0,0,0,0,0
2019/3/18 14:00,0,0,0,0,0,0,0,0,0,0,0
2019/3/18 15:00,0,0,0,0,0,0,0,0,0,0,0
2019/3/18 16:00,0,0,0,0,0,0,0,0,0,0,0
2019/3/18 17:00,0,0,0,0,0,0,0,0,0,0,0
2019/3/18 18:00,0,0,0,0,0,0,0,0,0,0,0
2019/3/18 19:00,0,0,0,0,0,0,0,0,0,0,0
2019/3/18 20:00,0,0,0,0,0,0,0,0,0,0,0
2019/3/18 21:00,0,0,0,0,0,0,0,0,0,0,0
2019/3/18 22:00,0,0,0,0,0,0,0,0,0,0,0
2019/3/18 23:00,0,0,0,0,0,0,0,0,0,0,0
2019/3/19 0:00,0,0,0,0,0,0,0,0,0,0,0
2019/3/19 1:00,0,0,0,0,0,0,0,0,0,0,0
2019/3/19 2:00,0,0,0,0,0,0,0,0,0,0,0
2019/3/19 3:00,0,0,0,0,0,0,0,0,0,0,0
2019/3/19 4:00,0,0,0,0,0,0,0,0,0,0,0
2019/3/19 5:00,0,0,0,0,0,0,0,0,0,0,0
2019/3/19 6:00,0,0,0,0,0,0,0,0,0,0,0
2019/3/19 7:00,0,0,0,0,0,0,0,0,0,0,0
2019/3/19 8:00,0,0,0,0,0,0,0,0,0,0,0
2019/3/19 9:00,0,0,0,0,0,0,0,0,0,0,0
2019/3/19 10:00,0,0,0,0,0,0,0,0,0,0,0
2019/3/19 11:00,0,0,0,0,0,0,0,0,0,0,0
2019/3/19 12:00,0,0,0,0,0,0,0,0,0,0,0
2019/3/19 13:00,0,0,0,0,0,0,0,0,0,0,0
2019/3/19 14:00,0,0,0,0,0,0,0,0,0,0,0
2019/3/19 15:00,0,0,0,0,0,0,0,0,0,0,0
2019/3/19 16:00,0,0,0,0,0,0,0,0,0,0,0
2019/3/19 17:00,0,0,0,0,0,0,0,0,0,0,0
2019/3/19 18:00,0,0,0,0,0,0,0,0,0,0,0
2019/3/19 19:00,0,0,0,0,0,0,0,0,0,0,0
2019/3/19 20:00,0,0,0,0,0,0,0,0,0,0,0
2019/3/19 21:00,0,0,0,0,0,0,0,0,0,0,0
2019/3/19 22:00,0,0,0,0,0,0,0,0,0,0,0
2019/3/19 23:00,0,0,0,0,0,0,0,0,0,0,0
2019/3/20 0:00,0,0,0,0,0,0,0,0,0,0,0
2019/3/20 1:00,0,0,0,0,0,0,0,0,0,0,0
2019/3/20 2:00,0,0,0,0,0,0,0,0,0,0,0
2019/3/20 3:00,0,0,0,0,0,0,0,0,0,0,0
2019/3/20 4:00,0,0,0,0,0,0,0,0,0,0,0
2019/3/20 5:00,0,0,0,0,0,0,0,0,0,0,0
2019/3/20 6:00,0,0,0,0,0,0,0,0,0,0,0
2019/3/20 7:00,0,0,0,0,0,0,0,0,0,0,0
2019/3/20 8:00,0,0,0,0,0,0,0,0,0,0,0
2019/3/20 9:00,0,0,0,0,0,0,0,0,0,0,0
2019/3/20 10:00,0,0,0,0,0,0,0,0,0,0,0
2019/3/20 11:00,0,0,0,0,0,0,0,0,0,0,0
2019/3/20 12:00,0,0,0,0,0,0,0,0,0,0,0
2019/3/20 13:00,0,0,0,0,0,0,0,0,0,0,0
2019/3/20 14:00,0,0,0,0,0,0,0,0,0,0,0
2019/3/20 15:00,0,0,0,0,0,0,0,0,0,0,0
2019/3/20 16:00,0,0,0,0,0,0,0,0,0,0,0
2019/3/20 17:00,0,0,0,0,0,0,0,0,0,0,0
2019/3/20 18:00,0,0,0,0,0,0,0,0,0,0,0
2019/3/20 19:00,0,0,0,0,0,0,0,0,0,0,0
2019/3/20 20:00,0,0,0,0,0,0,0,0,0,0,0
2019/3/20 21:00,0,0,0,0,0,0,0,0,0,0,0
2019/3/20 22:00,0,0,0,0,0,0,0,0,0,0,0
2019/3/20 23:00,0,0,0,0,0,0,0,0,0,0,0
2019/3/21 0:00,0,0,0,0,0,0,0,0,0,0,0
2019/3/21 1:00,0,0,0,0,0,0,0,0,0,0,0
2019/3/21 2:00,0,0,0,0,0,0,0,0,0,0,0
2019/3/21 3:00,0,0,0,0,0,0,0,0,0,0,0
2019/3/21 4:00,0,0,0,0,0,0,0,0,0,0,0
2019/3/21 5:00,0,0,0,0,0,0,0,0,0,0,0
2019/3/21 6:00,0,0,0,0,0,0,0,0,0,0,0
2019/3/21 7:00,0,0,0,0,0,0,0,0,0,0,0
2019/3/21 8:00,0,0,0,0,0,0,0,0,0,0,0
2019/3/21 9:00,0,0,0,0,0,0,0,0,0,0,0
2019/3/21 10:00,0,0,0,0,0,0,0,0,0,0,0
2019/3/21 11:00,0,0,0,0,0,0,0,0,0,0,0
2019/3/21 12:00,0,0,0,0,0,0,0,0,0,0,0
2019/3/21 13:00,0,0,0,0,0,0,0,0,0,0,0
2019/3/21 14:00,0,0,0,0,0,0,0,0,0,0,0
2019/3/21 15:00,0,0,0,0,0,0,0,0,0,0,0
2019/3/21 16:00,0,0,0,0,0,0,0,0,0,0,0
2019/3/21 17:00,0,0,0,0,0,0,0,0,0,0,0
2019/3/21 18:00,0,0,0,0,0,0,0,0,0,0,0
2019/3/21 19:00,0,0,0,0,0,0,0,0,0,0,0
2019/3/21 20:00,0,0,0,0,0,0,0,0,0,0,0
2019/3/21 21:00,0,0,0,0,0,0,0,0,0,0,0
2019/3/21 22:00,0,0,0,0,0,0,0,0,0,0,0
2019/3/21 23:00,0,0,0,0,0,0,0,0,0,0,0
2019/3/22 0:00,0,0,0,0,0,0,0,0,0,0,0
2019/3/22 1:00,0,0,0,0,0,0,0,0,0,0,0
2019/3/22 2:00,0,0,0,0,0,0,0,0,0,0,0
2019/3/22 3:00,0,0,0,0,0,0,0,0,0,0,0
2019/3/22 4:00,0,0,0,0,0,0,0,0,0,0,0
2019/3/22 5:00,0,0,0,0,0,0,0,0,0,0,0
2019/3/22 6:00,0,0,0,0,0,0,0,0,0,0,0
2019/3/22 7:00,0,0,0,0,0,0,0,0,0,0,0
2019/3/22 8:00,0,0,0,0,0,0,0,0,0,0,0
2019/3/22 9:00,0,0,0,0,0,0,0,0,0,0,0
2019/3/22 10:00,0,0,0,0,0,0,0,0,0,0,0
2019/3/22 11:00,0,0,0,0,0,0,0,0,0,0,0
2019/3/22 12:00,0,0,0,0,0,0,0,0,0,0,0
2019/3/22 13:00,0,0,0,0,0,0,0,0,0,0,0
2019/3/22 14:00,0,0,0,0,0,0,0,0,0,0,0
2019/3/22 15:00,0,0,0,0,0,0,0,0,0,0,0
2019/3/22 16:00,0,0,0,0,0,0,0,0,0,0,0
2019/3/22 17:00,0,0,0,0,0,0,0,0,0,0,0
2019/3/22 18:00,0,0,0,0,0,0,0,0,0,0,0
2019/3/22 19:00,0,0,0,0,0,0,0,0,0,0,0
2019/3/22 20:00,0,0,0,0,0,0,0,0,0,0,0
2019/3/22 21:00,0,0,0,0,0,0,0,0,0,0,0
2019/3/22 22:00,0,0,0,0,0,0,0,0,0,0,0
2019/3/22 23:00,0,0,0,0,0,0,0,0,0,0,0
2019/3/23 0:00,0,0,0,0,0,0,0,0,0,0,0
2019/3/23 1:00,0,0,0,0,0,0,0,0,0,0,0
2019/3/23 2:00,0,0,0,0,0,0,0,0,0,0,0
2019/3/23 3:00,0,0,0,0,0,0,0,0,0,0,0
2019/3/23 4:00,0,0,0,0,0,0,0,0,0,0,0
2019/3/23 5:00,0,0,0,0,0,0,0,0,0,0,0
2019/3/23 6:00,0,0,0,0,0,0,0,0,0,0,0
2019/3/23 7:00,0,0,0,0,0,0,0,0,0,0,0
2019/3/23 8:00,0,0,0,0,0,0,0,0,0,0,0
2019/3/23 9:00,0,0,0,0,0,0,0,0,0,0,0
2019/3/23 10:00,0,0,0,0,0,0,0,0,0,0,0
2019/3/23 11:00,0,0,0,0,0,0,0,0,0,0,0
2019/3/23 12:00,0,0,0,0,0,0,0,0,0,0,0
2019/3/23 13:00,0,0,0,0,0,0,0,0,0,0,0
2019/3/23 14:00,0,0,0,0,0,0,0,0,0,0,0
2019/3/23 15:00,0,0,0,0,0,0,0,0,0,0,0
2019/3/23 16:00,0,0,0,0,0,0,0,0,0,0,0
2019/3/23 17:00,0,0,0,0,0,0,0,0,0,0,0
2019/3/23 18:00,0,0,0,0,0,0,0,0,0,0,0
2019/3/23 19:00,0,0,0,0,0,0,0,0,0,0,0
2019/3/23 20:00,0,0,0,0,0,0,0,0,0,0,0
2019/3/23 21:00,0,0,0,0,0,0,0,0,0,0,0
2019/3/23 22:00,0,0,0,0,0,0,0,0,0,0,0
2019/3/23 23:00,0,0,0,0,0,0,0,0,0,0,0
2019/3/24 0:00,0,0,0,0,0,0,0,0,0,0,0
2019/3/24 1:00,0,0,0,0,0,0,0,0,0,0,0
2019/3/24 2:00,0,0,0,0,0,0,0,0,0,0,0
2019/3/24 3:00,0,0,0,0,0,0,0,0,0,0,0
2019/3/24 4:00,0,0,0,0,0,0,0,0,0,0,0
2019/3/24 5:00,0,0,0,0,0,0,0,0,0,0,0
2019/3/24 6:00,0,0,0,0,0,0,0,0,0,0,0
2019/3/24 7:00,0,0,0,0,0,0,0,0,0,0,0
2019/3/24 8:00,0,0,0,0,0,0,0,0,0,0,0
2019/3/24 9:00,0,0,0,0,0,0,0,0,0,0,0
2019/3/24 10:00,0,0,0,0,0,0,0,0,0,0,0
2019/3/24 11:00,0,0,0,0,0,0,0,0,0,0,0
2019/3/24 12:00,0,0,0,0,0,0,0,0,0,0,0
2019/3/24 13:00,0,0,0,0,0,0,0,0,0,0,0
2019/3/24 14:00,0,0,0,0,0,0,0,0,0,0,0
2019/3/24 15:00,0,0,0,0,0,0,0,0,0,0,0
2019/3/24 16:00,0,0,0,0,0,0,0,0,0,0,0
2019/3/24 17:00,0,0,0,0,0,0,0,0,0,0,0
2019/3/24 18:00,0,0,0,0,0,0,0,0,0,0,0
2019/3/24 19:00,0,0,0,0,0,0,0,0,0,0,0
2019/3/24 20:00,0,0,0,0,0,0,0,0,0,0,0
2019/3/24 21:00,0,0,0,0,0,0,0,0,0,0,0
2019/3/24 22:00,0,0,0,0,0,0,0,0,0,0,0
2019/3/24 23:00,0,0,0,0,0,0,0,0,0,0,0
2019/3/25 0:00,0,0,0,0,0,0,0,0,0,0,0
2019/3/25 1:00,0,0,0,0,0,0,0,0,0,0,0
2019/3/25 2:00,0,0,0,0,0,0,0,0,0,0,0
2019/3/25 3:00,0,0,0,0,0,0,0,0,0,0,0
2019/3/25 4:00,0,0,0,0,0,0,0,0,0,0,0
2019/3/25 5:00,0,0,0,0,0,0,0,0,0,0,0
2019/3/25 6:00,0,0,0,0,0,0,0,0,0,0,0
2019/3/25 7:00,0,0,0,0,0,0,0,0,0,0,0
2019/3/25 8:00,0,0,0,0,0,0,0,0,0,0,0
2019/3/25 9:00,0,0,0,0,0,0,0,0,0,0,0
2019/3/25 10:00,0,0,0,0,0,0,0,0,0,0,0
2019/3/25 11:00,0,0,0,0,0,0,0,0,0,0,0
2019/3/25 12:00,0,0,0,0,0,0,0,0,0,0,0
2019/3/25 13:00,0,0,0,0,0,0,0,0,0,0,0
2019/3/25 14:00,0,0,0,0,0,0,0,0,0,0,0
2019/3/25 15:00,0,0,0,0,0,0,0,0,0,0,0
2019/3/25 16:00,0,0,0,0,0,0,0,0,0,0,0
2019/3/25 17:00,0,0,0,0,0,0,0,0,0,0,0
2019/3/25 18:00,0,0,0,0,0,0,0,0,0,0,0
2019/3/25 19:00,0,0,0,0,0,0,0,0,0,0,0
2019/3/25 20:00,0,0,0,0,0,0,0,0,0,0,0
2019/3/25 21:00,0,0,0,0,0,0,0,0,0,0,0
2019/3/25 22:00,0,0,0,0,0,0,0,0,0,0,0
2019/3/25 23:00,0,0,0,0,0,0,0,0,0,0,0
2019/3/26 0:00,0,0,0,0,0,0,0,0,0,0,0
2019/3/26 1:00,0,0,0,0,0,0,0,0,0,0,0
2019/3/26 2:00,0,0,0,0,0,0,0,0,0,0,0
2019/3/26 3:00,0,0,0,0,0,0,0,0,0,0,0
2019/3/26 4:00,0,0,0,0,0,0,0,0,0,0,0
2019/3/26 5:00,0,0,0,0,0,0,0,0,0,0,0
2019/3/26 6:00,0,0,0,0,0,0,0,0,0,0,0
2019/3/26 7:00,0,0,0,0,0,0,0,0,0,0,0
2019/3/26 8:00,0,0,0,0,0,0,0,0,0,0,0
2019/3/26 9:00,0,0,0,0,0,0,0,0,0,0,0
2019/3/26 10:00,0,0,0,0,0,0,0,0,0,0,0
2019/3/26 11:00,0,0,0,0,0,0,0,0,0,0,0
2019/3/26 12:00,0,0,0,0,0,0,0,0,0,0,0
2019/3/26 13:00,0,0,0,0,0,0,0,0,0,0,0
2019/3/26 14:00,0,0,0,0,0,0,0,0,0,0,0
2019/3/26 15:00,0,0,0,0,0,0,0,0,0,0,0
2019/3/26 16:00,0,0,0,0,0,0,0,0,0,0,0
2019/3/26 17:00,0,0,0,0,0,0,0,0,0,0,0
2019/3/26 18:00,0,0,0,0,0,0,0,0,0,0,0
2019/3/26 19:00,0,0,0,0,0,0,0,0,0,0,0
2019/3/26 20:00,0,0,0,0,0,0,0,0,0,0,0
2019/3/26 21:00,0,0,0,0,0,0,0,0,0,0,0
2019/3/26 22:00,0,0,0,0,0,0,0,0,0,0,0
2019/3/26 23:00,0,0,0,0,0,0,0,0,0,0,0
2019/3/27 0:00,0,0,0,0,0,0,0,0,0,0,0
2019/3/27 1:00,0,0,0,0,0,0,0,0,0,0,0
2019/3/27 2:00,0,0,0,0,0,0,0,0,0,0,0
2019/3/27 3:00,0,0,0,0,0,0,0,0,0,0,0
2019/3/27 4:00,0,0,0,0,0,0,0,0,0,0,0
2019/3/27 5:00,0,0,0,0,0,0,0,0,0,0,0
2019/3/27 6:00,0,0,0,0,0,0,0,0,0,0,0
2019/3/27 7:00,0,0,0,0,0,0,0,0,0,0,0
2019/3/27 8:00,0,0,0,0,0,0,0,0,0,0,0
2019/3/27 9:00,0,0,0,0,0,0,0,0,0,0,0
2019/3/27 10:00,0,0,0,0,0,0,0,0,0,0,0
2019/3/27 11:00,0,0,0,0,0,0,0,0,0,0,0
2019/3/27 12:00,0,0,0,0,0,0,0,0,0,0,0
2019/3/27 13:00,0,0,0,0,0,0,0,0,0,0,0
2019/3/27 14:00,0,0,0,0,0,0,0,0,0,0,0
2019/3/27 15:00,0,0,0,0,0,0,0,0,0,0,0
2019/3/27 16:00,0,0,0,0,0,0,0,0,0,0,0
2019/3/27 17:00,0,0,0,0,0,0,0,0,0,0,0
2019/3/27 18:00,0,0,0,0,0,0,0,0,0,0,0
2019/3/27 19:00,0,0,0,0,0,0,0,0,0,0,0
2019/3/27 20:00,0,0,0,0,0,0,0,0,0,0,0
2019/3/27 21:00,0,0,0,0,0,0,0,0,0,0,0
2019/3/27 22:00,0,0,0,0,0,0,0,0,0,0,0
2019/3/27 23:00,0,0,0,0,0,0,0,0,0,0,0
2019/3/28 0:00,0,0,0,0,0,0,0,0,0,0,0
2019/3/28 1:00,0,0,0,0,0,0,0,0,0,0,0
2019/3/28 2:00,0,0,0,0,0,0,0,0,0,0,0
2019/3/28 3:00,0,0,0,0,0,0,0,0,0,0,0
2019/3/28 4:00,0,0,0,0,0,0,0,0,0,0,0
2019/3/28 5:00,0,0,0,0,0,0,0,0,0,0,0
2019/3/28 6:00,0,0,0,0,0,0,0,0,0,0,0
2019/3/28 7:00,0,0,0,0,0,0,0,0,0,0,0
2019/3/28 8:00,0,0,0,0,0,0,0,0,0,0,0
2019/3/28 9:00,0,0,0,0,0,0,0,0,0,0,0
2019/3/28 10:00,0,0,0,0,0,0,0,0,0,0,0
2019/3/28 11:00,0,0,0,0,0,0,0,0,0,0,0
2019/3/28 12:00,0,0,0,0,0,0,0,0,0,0,0
2019/3/28 13:00,0,0,0,0,0,0,0,0,0,0,0
2019/3/28 14:00,0,0,0,0,0,0,0,0,0,0,0
2019/3/28 15:00,0,0,0,0,0,0,0,0,0,0,0
2019/3/28 16:00,0,0,0,0,0,0,0,0,0,0,0
2019/3/28 17:00,0,0,0,0,0,0,0,0,0,0,0
2019/3/28 18:00,0,0,0,0,0,0,0,0,0,0,0
2019/3/28 19:00,0,0,0,0,0,0,0,0,0,0,0
2019/3/28 20:00,0,0,0,0,0,0,0,0,0,0,0
2019/3/28 21:00,0,0,0,0,0,0,0,0,0,0,0
2019/3/28 22:00,0,0,0,0,0,0,0,0,0,0,0
2019/3/28 23:00,0,0,0,0,0,0,0,0,0,0,0
2019/3/29 0:00,0,0,0,0,0,0,0,0,0,0,0
2019/3/29 1:00,0,0,0,0,0,0,0,0,0,0,0
2019/3/29 2:00,0,0,0,0,0,0,0,0,0,0,0
2019/3/29 3:00,0,0,0,0,0,0,0,0,0,0,0
2019/3/29 4:00,0,0,0,0,0,0,0,0,0,0,0
2019/3/29 5:00,0,0,0,0,0,0,0,0,0,0,0
2019/3/29 6:00,0,0,0,0,0,0,0,0,0,0,0
2019/3/29 7:00,0,0,0,0,0,0,0,0,0,0,0
2019/3/29 8:00,0,0,0,0,0,0,0,0,0,0,0
2019/3/29 9:00,0,0,0,0,0,0,0,0,0,0,0
2019/3/29 10:00,0,0,0,0,0,0,0,0,0,0,0
2019/3/29 11:00,0,0,0,0,0,0,0,0,0,0,0
2019/3/29 12:00,0,0,0,0,0,0,0,0,0,0,0
2019/3/29 13:00,0,0,0,0,0,0,0,0,0,0,0
2019/3/29 14:00,0,0,0,0,0,0,0,0,0,0,0
2019/3/29 15:00,0,0,0,0,0,0,0,0,0,0,0
2019/3/29 16:00,0,0,0,0,0,0,0,0,0,0,0
2019/3/29 17:00,0,0,0,0,0,0,0,0,0,0,0
2019/3/29 18:00,0,0,0,0,0,0,0,0,0,0,0
2019/3/29 19:00,0,0,0,0,0,0,0,0,0,0,0
2019/3/29 20:00,0,0,0,0,0,0,0,0,0,0,0
2019/3/29 21:00,0,0,0,0,0,0,0,0,0,0,0
2019/3/29 22:00,0,0,0,0,0,0,0,0,0,0,0
2019/3/29 23:00,0,0,0,0,0,0,0,0,0,0,0
2019/3/30 0:00,0,0,0,0,0,0,0,0,0,0,0
2019/3/30 1:00,0,0,0,0,0,0,0,0,0,0,0
2019/3/30 2:00,0,0,0,0,0,0,0,0,0,0,0
2019/3/30 3:00,0,0,0,0,0,0,0,0,0,0,0
2019/3/30 4:00,0,0,0,0,0,0,0,0,0,0,0
2019/3/30 5:00,0,0,0,0,0,0,0,0,0,0,0
2019/3/30 6:00,0,0,0,0,0,0,0,0,0,0,0
2019/3/30 7:00,0,0,0,0,0,0,0,0,0,0,0
2019/3/30 8:00,0,0,0,0,0,0,0,0,0,0,0
2019/3/30 9:00,0,0,0,0,0,0,0,0,0,0,0
2019/3/30 10:00,0,0,0,0,0,0,0,0,0,0,0
2019/3/30 11:00,0,0,0,0,0,0,0,0,0,0,0
2019/3/30 12:00,0,0,0,0,0,0,0,0,0,0,0
2019/3/30 13:00,0,0,0,0,0,0,0,0,0,0,0
2019/3/30 14:00,0,0,0,0,0,0,0,0,0,0,0
2019/3/30 15:00,0,0,0,0,0,0,0,0,0,0,0
2019/3/30 16:00,0,0,0,0,0,0,0,0,0,0,0
2019/3/30 17:00,0,0,0,0,0,0,0,0,0,0,0
2019/3/30 18:00,0,0,0,0,0,0,0,0,0,0,0
2019/3/30 19:00,0,0,0,0,0,0,0,0,0,0,0
2019/3/30 20:00,0,0,0,0,0,0,0,0,0,0,0
2019/3/30 21:00,0,0,0,0,0,0,0,0,0,0,0
2019/3/30 22:00,0,0,0,0,0,0,0,0,0,0,0
2019/3/30 23:00,0,0,0,0,0,0,0,0,0,0,0
2019/3/31 0:00,0,0,0,0,0,0,0,0,0,0,0
2019/3/31 1:00,0,0,0,0,0,0,0,0,0,0,0
2019/3/31 2:00,0,0,0,0,0,0,0,0,0,0,0
2019/3/31 3:00,0,0,0,0,0,0,0,0,0,0,0
2019/3/31 4:00,0,0,0,0,0,0,0,0,0,0,0
2019/3/31 5:00,0,0,0,0,0,0,0,0,0,0,0
2019/3/31 6:00,0,0,0,0,0,0,0,0,0,0,0
2019/3/31 7:00,0,0,0,0,0,0,0,0,0,0,0
2019/3/31 8:00,0,0,0,0,0,0,0,0,0,0,0
2019/3/31 9:00,0,0,0,0,0,0,0,0,0,0,0
2019/3/31 10:00,0,0,0,0,0,0,0,0,0,0,0
2019/3/31 11:00,0,0,0,0,0,0,0,0,0,0,0
2019/3/31 12:00,0,0,0,0,0,0,0,0,0,0,0
2019/3/31 13:00,0,0,0,0,0,0,0,0,0,0,0
2019/3/31 14:00,0,0,0,0,0,0,0,0,0,0,0
2019/3/31 15:00,0,0,0,0,0,0,0,0,0,0,0
2019/3/31 16:00,0,0,0,0,0,0,0,0,0,0,0
2019/3/31 17:00,0,0,0,0,0,0,0,0,0,0,0
2019/3/31 18:00,0,0,0,0,0,0,0,0,0,0,0
2019/3/31 19:00,0,0,0,0,0,0,0,0,0,0,0
2019/3/31 20:00,0,0,0,0,0,0,0,0,0,0,0
2019/3/31 21:00,0,0,0,0,0,0,0,0,0,0,0
2019/3/31 22:00,0,0,0,0,0,0,0,0,0,0,0
2019/3/31 23:00,0,0,0,0,0,0,0,0,0,0,0
2019/4/1 0:00,0,0,0,0,0,0,0,0,0,0,0
2019/4/1 1:00,0,0,0,0,0,0,0,0,0,0,0
2019/4/1 2:00,0,0,0,0,0,0,0,0,0,0,0
2019/4/1 3:00,0,0,0,0,0,0,0,0,0,0,0
2019/4/1 4:00,0,0,0,0,0,0,0,0,0,0,0
2019/4/1 5:00,0.008981046,0.001853629,0,0,0.001002995,0.000690254,0,0,0,0,0.000563179
2019/4/1 6:00,0.096396563,0.045599264,0.059893957,0.074734661,0.046137749,0.06074233,0.022019152,0.03105558,0.014020014,0.001780252,0.048897062
2019/4/1 7:00,0.249074348,0.119929772,0.233732515,0.301851841,0.181542013,0.196204628,0.147842879,0.100930635,0.137550691,0.006866685,0.196900456
2019/4/1 8:00,0.421510436,0.224845152,0.427292253,0.495691367,0.300898364,0.325972333,0.285200447,0.170805689,0.263510032,0.018311159,0.348686534
2019/4/1 9:00,0.534072881,0.336618958,0.570453419,0.60762529,0.4413176,0.37705111,0.369292638,0.287264114,0.384501651,0.075279208,0.46142367
2019/4/1 10:00,0.620290925,0.40538858,0.647877314,0.68852248,0.523563153,0.464713337,0.408717406,0.403722539,0.469284099,0.191504202,0.540056574
2019/4/1 11:00,0.620889661,0.420588335,0.636190688,0.681799721,0.493473316,0.497327826,0.462611902,0.438660066,0.562346083,0.212867221,0.562966689
2019/4/1 12:00,0.575385694,0.486392151,0.55292348,0.611995083,0.480434387,0.473168945,0.459885721,0.500771226,0.64359593,0.315358846,0.549568665
2019/4/1 13:00,0.493358805,0.486206788,0.384197821,0.596868877,0.417245731,0.45435953,0.463031315,0.458069803,0.641719235,0.361899707,0.496091081
2019/4/1 14:00,0.335891128,0.394266808,0.230080444,0.437315417,0.267799544,0.356861188,0.447513055,0.341611379,0.598886435,0.417341827,0.388201037
2019/4/1 15:00,0.185608288,0.25190813,0.124900813,0.329079011,0.114341378,0.288698631,0.369502344,0.267854377,0.480213086,0.441502384,0.283064938
2019/4/1 16:00,0.07005216,0.097500866,0.038711948,0.216360766,0.045134755,0.16013887,0.209286799,0.186333479,0.337253099,0.250761147,0.163483302
2019/4/1 17:00,0.009579783,0.008897417,0.002921656,0.033725837,0.016047913,0.06022464,0.061863332,0.06211116,0.130375093,0.125126252,0.046090555
2019/4/1 18:00,0,0,0,0,0.001002995,0.002070761,0.000838825,0.003881947,0.008610717,0.015259299,0.002083762
2019/4/1 19:00,0,0,0,0,0,0,0,0,0,0,0
2019/4/1 20:00,0,0,0,0,0,0,0,0,0,0,0
2019/4/1 21:00,0,0,0,0,0,0,0,0,0,0,0
2019/4/1 22:00,0,0,0,0,0,0,0,0,0,0,0
2019/4/1 23:00,0,0.000556089,0,0,0,0,0,0,0,0,5.63E-05
2019/4/2 0:00,0,0,0,0,0,0,0,0,0,0,0
2019/4/2 1:00,0,0,0,0,0,0,0,0,0,0,0
2019/4/2 2:00,0,0,0,0,0,0,0,0,0,0,0
2019/4/2 3:00,0,0,0,0,0,0,0,0,0,0,0
2019/4/2 4:00,0,0,0,0,0,0,0,0,0,0,0
2019/4/2 5:00,0.006586101,0.005931612,0,0,0.002005989,0.000862817,0,0,0,0,0.000938631
2019/4/2 6:00,0.047898913,0.087120545,0.060624371,0.079888776,0.062185662,0.069543065,0.031875344,0.058229212,0.017331829,0.002543216,0.056655789
2019/4/2 7:00,0.119148546,0.193889554,0.233002101,0.301291611,0.158473138,0.241416249,0.191881183,0.190215427,0.133245332,0.076042173,0.212560582
2019/4/2 8:00,0.265838968,0.295839128,0.432405152,0.493898631,0.080239564,0.417085828,0.370341169,0.353257221,0.250814743,0.246437679,0.373761133
2019/4/2 9:00,0.410134444,0.319565575,0.596017912,0.637541564,0.092275498,0.562901932,0.493019303,0.469715646,0.409781834,0.397504738,0.50765502
2019/4/2 10:00,0.44246621,0.387037657,0.679285121,0.648858207,0.138413247,0.606042792,0.477920456,0.496889278,0.478777967,0.487280281,0.556713527
2019/4/2 11:00,0.39396856,0.377028062,0.696815059,0.58566428,0.205613882,0.55979579,0.503504613,0.531826806,0.512116898,0.55492984,0.554472075
2019/4/2 12:00,0.467014403,0.382774311,0.639112345,0.452889807,0.336003173,0.450390571,0.500568726,0.605583808,0.564885141,0.582905221,0.523290741
2019/4/2 13:00,0.45084852,0.356082059,0.494490351,0.454010266,0.288862429,0.374117532,0.464708964,0.590056018,0.582768939,0.54424833,0.472713528
2019/4/2 14:00,0.293380843,0.298619571,0.351329186,0.460620979,0.282844462,0.313547766,0.45275571,0.469715646,0.537728263,0.50406551,0.404722827
2019/4/2 15:00,0.212551427,0.175909356,0.230080444,0.35496163,0.185553991,0.242106502,0.356500559,0.322201641,0.437490681,0.452692536,0.298128094
2019/4/2 16:00,0.094600353,0.078964579,0.109562116,0.214792123,0.095284482,0.155997347,0.196075308,0.197979322,0.316057487,0.308492161,0.177012735
2019/4/2 17:00,0.013770938,0.005746249,0.014608282,0.041232917,0.035104809,0.056773371,0.059556564,0.069875055,0.123972252,0.133010223,0.049283778
2019/4/2 18:00,0,0,0,0,0.002005989,0.002070761,0.001258237,0.003881947,0.00838993,0.015513621,0.002104412
2019/4/2 19:00,0,0,0,0,0.001002995,0,0,0,0,0,1.88E-05
2019/4/2 20:00,0,0,0,0,0,0,0,0,0,0,0
2019/4/2 21:00,0,0,0,0,0,0,0,0,0,0,0
2019/4/2 22:00,0,0,0,0,0,0,0,0,0,0,0
2019/4/2 23:00,0,0,0,0,0,0,0,0,0,0,0
2019/4/3 0:00,0,0,0,0,0,0,0,0,0,0,0
2019/4/3 1:00,0,0,0,0,0,0,0,0,0,0,0
2019/4/3 2:00,0,0,0,0,0,0,0,0,0,0,0
2019/4/3 3:00,0,0,0,0,0,0,0,0,0,0,0
2019/4/3 4:00,0,0,0,0,0,0,0,0,0,0,0
2019/4/3 5:00,0.00838231,0.004634072,0.000730414,0,0.002005989,0.001035381,0,0,0,0,0.00107004
2019/4/3 6:00,0.073644579,0.080447482,0.062085199,0.086611534,0.039116787,0.069543065,0.035230644,0.058229212,0.017773404,0.002543216,0.05823269
2019/4/3 7:00,0.180818397,0.168309479,0.233002101,0.305885495,0.113338384,0.238827797,0.213900336,0.197979322,0.134128483,0.0246692,0.213664412
2019/4/3 8:00,0.318527772,0.261361636,0.430944324,0.493562494,0.261781576,0.39862154,0.417105654,0.357139169,0.27013366,0.11876821,0.379595665
2019/4/3 9:00,0.479587868,0.402608137,0.582870458,0.62319968,0.410224769,0.535464346,0.570820307,0.508535121,0.441685646,0.184891839,0.528124692
2019/4/3 10:00,0.506531006,0.504928437,0.667598495,0.674404688,0.339012156,0.558070156,0.629957459,0.61722965,0.550313158,0.083926144,0.599090855
2019/4/3 11:00,0.57598443,0.500479728,0.680015535,0.687738158,0.460374496,0.55876041,0.641491301,0.652167178,0.605620458,0.205237571,0.621612376
2019/4/3 12:00,0.56939833,0.5180892,0.672711394,0.670483079,0.486452355,0.554791451,0.64652425,0.652167178,0.636641119,0.134536153,0.62368112
2019/4/3 13:00,0.528684254,0.497143197,0.620121578,0.67877448,0.389161884,0.540123559,0.608148013,0.640521335,0.608049122,0.121565749,0.595783119
2019/4/3 14:00,0.439472528,0.426334583,0.51567236,0.577260832,0.321961249,0.481279427,0.544816737,0.555118491,0.535961962,0.114190421,0.512190486
2019/4/3 15:00,0.271227596,0.266922522,0.350598772,0.411544844,0.25375762,0.398966667,0.432414208,0.403722539,0.430315083,0.080874285,0.374754205
2019/4/3 16:00,0.120944756,0.126046746,0.157769447,0.242467477,0.166497095,0.257637212,0.270730719,0.240680744,0.302037472,0.054424833,0.21651222
2019/4/3 17:00,0.017962092,0.008526692,0.018990767,0.053557973,0.059176678,0.093184256,0.083672778,0.089284792,0.123309889,0.024160557,0.05948107
2019/4/3 18:00,0,0,0,0,0.003008984,0.002933578,0.001467943,0.003881947,0.010266625,0.004069146,0.002470478
2019/4/3 19:00,0,0,0,0,0,0,0,0,0,0,0
2019/4/3 20:00,0,0,0,0,0,0,0,0,0,0,0
2019/4/3 21:00,0,0,0,0,0,0,0,0,0,0,0
2019/4/3 22:00,0,0,0,0,0,0,0,0,0,0,0
2019/4/3 23:00,0,0,0,0,0,0,0,0,0,0,0
