,energy_Wh_m2,PV_output_Wh
2003/4/1 0:00,0,0
2003/4/1 0:30,0,0
2003/4/1 1:00,0,0
2003/4/1 1:30,0,0
2003/4/1 2:00,0,0
2003/4/1 2:30,0,0
2003/4/1 3:00,0,0
2003/4/1 3:30,0,0
2003/4/1 4:00,0,0
2003/4/1 4:30,0,0
2003/4/1 5:00,2.9390625,13.22578125
2003/4/1 5:30,8.0609375,36.27421875
2003/4/1 6:00,50.71516147,228.2182266
2003/4/1 6:30,98.28483853,442.2817734
2003/4/1 7:00,150.9611606,679.3252229
2003/4/1 7:30,209.0388394,940.6747771
2003/4/1 8:00,262.3163301,1180.423485
2003/4/1 8:30,313.6836699,1411.576515
2003/4/1 9:00,352.8635831,1587.886124
2003/4/1 9:30,389.1364169,1751.113876
2003/4/1 10:00,417.3579606,1878.110823
2003/4/1 10:30,435.6420394,1960.389177
2003/4/1 11:00,441.345289,1986.0538
2003/4/1 11:30,439.654711,1978.4462
2003/4/1 12:00,427.5451208,1923.953043
2003/4/1 12:30,412.4548792,1856.046957
2003/4/1 13:00,400.6325026,1802.846262
2003/4/1 13:30,362.3674974,1630.653738
2003/4/1 14:00,309.6777144,1393.549715
2003/4/1 14:30,251.3222856,1130.950285
2003/4/1 15:00,187.4006603,843.3029714
2003/4/1 15:30,139.5993397,628.1970286
2003/4/1 16:00,105.7454545,475.8545455
2003/4/1 16:30,62.25454545,280.1454545
2003/4/1 17:00,20,90
2003/4/1 17:30,8,36
2003/4/1 18:00,0,0
2003/4/1 18:30,0,0
2003/4/1 19:00,0,0
2003/4/1 19:30,0,0
2003/4/1 20:00,0,0
2003/4/1 20:30,0,0
2003/4/1 21:00,0,0
2003/4/1 21:30,0,0
2003/4/1 22:00,0,0
2003/4/1 22:30,0,0
2003/4/1 23:00,0,0
2003/4/1 23:30,0,0
2003/4/2 0:00,0,0
2003/4/2 0:30,0,0
2003/4/2 1:00,0,0
2003/4/2 1:30,0,0
2003/4/2 2:00,0,0
2003/4/2 2:30,0,0
2003/4/2 3:00,0,0
2003/4/2 3:30,0,0
2003/4/2 4:00,0,0
2003/4/2 4:30,0,0
2003/4/2 5:00,0.555555556,2.5
2003/4/2 5:30,1.444444444,6.5
2003/4/2 6:00,5.371980676,24.17391304
2003/4/2 6:30,10.62801932,47.82608696
2003/4/2 7:00,22.82477858,102.7115036
2003/4/2 7:30,30.17522142,135.7884964
2003/4/2 8:00,26.09953704,117.4479167
2003/4/2 8:30,28.90046296,130.0520833
2003/4/2 9:00,37.96409907,170.8384458
2003/4/2 9:30,42.03590093,189.1615542
2003/4/2 10:00,40.66427507,182.9892378
2003/4/2 10:30,42.33572493,190.5107622
2003/4/2 11:00,46.86055613,210.8725026
2003/4/2 11:30,47.13944387,212.1274974
2003/4/2 12:00,44.61360977,200.761244
2003/4/2 12:30,40.38639023,181.738756
2003/4/2 13:00,33.65498311,151.447424
2003/4/2 13:30,29.34501689,132.052576
2003/4/2 14:00,27.14395833,122.1478125
2003/4/2 14:30,21.85604167,98.3521875
2003/4/2 15:00,15.19403509,68.37315789
2003/4/2 15:30,10.80596491,48.62684211
2003/4/2 16:00,7.302631579,32.86184211
2003/4/2 16:30,4.697368421,21.13815789
2003/4/2 17:00,2.75,12.375
2003/4/2 17:30,1.25,5.625
2003/4/2 18:00,0,0
2003/4/2 18:30,0,0
2003/4/2 19:00,0,0
2003/4/2 19:30,0,0
2003/4/2 20:00,0,0
2003/4/2 20:30,0,0
2003/4/2 21:00,0,0
2003/4/2 21:30,0,0
2003/4/2 22:00,0,0
2003/4/2 22:30,0,0
2003/4/2 23:00,0,0
2003/4/2 23:30,0,0
2003/4/3 0:00,0,0
2003/4/3 0:30,0,0
2003/4/3 1:00,0,0
2003/4/3 1:30,0,0
2003/4/3 2:00,0,0
2003/4/3 2:30,0,0
2003/4/3 3:00,0,0
2003/4/3 3:30,0,0
2003/4/3 4:00,0,0
2003/4/3 4:30,0,0
2003/4/3 5:00,2.142857143,9.642857143
2003/4/3 5:30,5.857142857,26.35714286
2003/4/3 6:00,36.00172117,162.0077453
2003/4/3 6:30,67.99827883,305.9922547
2003/4/3 7:00,93.31564896,419.9204203
2003/4/3 7:30,134.684351,606.0795797
2003/4/3 8:00,211.0785251,949.8533629
2003/4/3 8:30,264.9214749,1192.146637
2003/4/3 9:00,275.4555355,1239.54991
2003/4/3 9:30,306.5444645,1379.45009
2003/4/3 10:00,350.7285311,1578.27839
2003/4/3 10:30,380.2714689,1711.22161
2003/4/3 11:00,398.3444105,1792.549847
2003/4/3 11:30,406.6555895,1829.950153
2003/4/3 12:00,400.842777,1803.792496
2003/4/3 12:30,393.157223,1769.207504
2003/4/3 13:00,384.1420845,1728.63938
2003/4/3 13:30,360.8579155,1623.86062
2003/4/3 14:00,332.1001041,1494.450469
2003/4/3 14:30,285.8998959,1286.549531
2003/4/3 15:00,231.7748364,1042.986764
2003/4/3 15:30,175.2251636,788.5132363
2003/4/3 16:00,119.2977747,536.8399861
2003/4/3 16:30,76.70222531,345.1600139
2003/4/3 17:00,42.7751938,192.4883721
2003/4/3 17:30,19.2248062,86.51162791
2003/4/3 18:00,0,0
2003/4/3 18:30,0,0
2003/4/3 19:00,0,0
2003/4/3 19:30,0,0
2003/4/3 20:00,0,0
2003/4/3 20:30,0,0
2003/4/3 21:00,0,0
2003/4/3 21:30,0,0
2003/4/3 22:00,0,0
2003/4/3 22:30,0,0
2003/4/3 23:00,0,0
2003/4/3 23:30,0,0
2003/4/4 0:00,0,0
2003/4/4 0:30,0,0
2003/4/4 1:00,0,0
2003/4/4 1:30,0,0
2003/4/4 2:00,0,0
2003/4/4 2:30,0,0
2003/4/4 3:00,0,0
2003/4/4 3:30,0,0
2003/4/4 4:00,0,0
2003/4/4 4:30,0,0
2003/4/4 5:00,3.246575342,14.60958904
2003/4/4 5:30,8.753424658,39.39041096
2003/4/4 6:00,46.16291693,207.7331262
2003/4/4 6:30,87.83708307,395.2668738
2003/4/4 7:00,133.7714288,601.9714295
2003/4/4 7:30,185.2285712,833.5285705
2003/4/4 8:00,235.9272335,1061.672551
2003/4/4 8:30,281.0727665,1264.827449
2003/4/4 9:00,305.9412621,1376.735679
2003/4/4 9:30,342.0587379,1539.264321
2003/4/4 10:00,399.3520241,1797.084109
2003/4/4 10:30,409.6479759,1843.415891
2003/4/4 11:00,365.7449525,1645.852286
2003/4/4 11:30,352.2550475,1585.147714
2003/4/4 12:00,356.9661068,1606.347481
2003/4/4 12:30,339.0338932,1525.652519
2003/4/4 13:00,309.7238007,1393.757103
2003/4/4 13:30,274.2761993,1234.242897
2003/4/4 14:00,226.9274991,1021.173746
2003/4/4 14:30,200.0725009,900.3262543
2003/4/4 15:00,198.3123526,892.4055865
2003/4/4 15:30,153.6876474,691.5944135
2003/4/4 16:00,92.35654,415.60443
2003/4/4 16:30,54.64346,245.89557
2003/4/4 17:00,24.56730769,110.5528846
2003/4/4 17:30,10.43269231,46.94711538
2003/4/4 18:00,0,0
2003/4/4 18:30,0,0
2003/4/4 19:00,0,0
2003/4/4 19:30,0,0
2003/4/4 20:00,0,0
2003/4/4 20:30,0,0
2003/4/4 21:00,0,0
2003/4/4 21:30,0,0
2003/4/4 22:00,0,0
2003/4/4 22:30,0,0
2003/4/4 23:00,0,0
2003/4/4 23:30,0,0
2003/4/5 0:00,0,0
2003/4/5 0:30,0,0
2003/4/5 1:00,0,0
2003/4/5 1:30,0,0
2003/4/5 2:00,0,0
2003/4/5 2:30,0,0
2003/4/5 3:00,0,0
2003/4/5 3:30,0,0
2003/4/5 4:00,0,0
2003/4/5 4:30,0,0
2003/4/5 5:00,0.590909091,2.659090909
2003/4/5 5:30,1.409090909,6.340909091
2003/4/5 6:00,3.437937063,15.47071678
2003/4/5 6:30,5.562062937,25.02928322
2003/4/5 7:00,7.363199301,33.13439685
2003/4/5 7:30,9.636800699,43.36560315
2003/4/5 8:00,12.79663379,57.58485206
2003/4/5 8:30,14.20336621,63.91514794
2003/4/5 9:00,12.67572753,57.0407739
2003/4/5 9:30,13.32427247,59.9592261
2003/4/5 10:00,15.56464727,70.04091273
2003/4/5 10:30,17.43535273,78.45908727
2003/4/5 11:00,19.29169063,86.81260782
2003/4/5 11:30,21.70830937,97.68739218
2003/4/5 12:00,26.8320331,120.7441489
2003/4/5 12:30,26.1679669,117.7558511
2003/4/5 13:00,19.0295007,85.63275316
2003/4/5 13:30,17.9704993,80.86724684
2003/4/5 14:00,21.71772152,97.72974684
2003/4/5 14:30,20.28227848,91.27025316
2003/4/5 15:00,15.2,68.4
2003/4/5 15:30,12.8,57.6
2003/4/5 16:00,12.33333333,55.5
2003/4/5 16:30,8.666666667,39
2003/4/5 17:00,4.166666667,18.75
2003/4/5 17:30,1.833333333,8.25
2003/4/5 18:00,0,0
2003/4/5 18:30,0,0
2003/4/5 19:00,0,0
2003/4/5 19:30,0,0
2003/4/5 20:00,0,0
2003/4/5 20:30,0,0
2003/4/5 21:00,0,0
2003/4/5 21:30,0,0
2003/4/5 22:00,0,0
2003/4/5 22:30,0,0
2003/4/5 23:00,0,0
2003/4/5 23:30,0,0
2003/4/6 0:00,0,0
2003/4/6 0:30,0,0
2003/4/6 1:00,0,0
2003/4/6 1:30,0,0
2003/4/6 2:00,0,0
2003/4/6 2:30,0,0
2003/4/6 3:00,0,0
2003/4/6 3:30,0,0
2003/4/6 4:00,0,0
2003/4/6 4:30,0,0
2003/4/6 5:00,2.679856115,12.05935252
2003/4/6 5:30,7.320143885,32.94064748
2003/4/6 6:00,43.49771899,195.7397355
2003/4/6 6:30,85.50228101,384.7602645
2003/4/6 7:00,140.1697268,630.7637708
2003/4/6 7:30,196.8302732,885.7362292
2003/4/6 8:00,240.1596425,1080.718391
2003/4/6 8:30,293.8403575,1322.281609
2003/4/6 9:00,358.0488838,1611.219977
2003/4/6 9:30,403.9511162,1817.780023
2003/4/6 10:00,422.9702539,1903.366143
2003/4/6 10:30,445.0297461,2002.633857
2003/4/6 11:00,463.4154903,2085.369706
2003/4/6 11:30,470.5845097,2117.630294
2003/4/6 12:00,468.2350239,2107.057608
2003/4/6 12:30,454.7649761,2046.442392
2003/4/6 13:00,431.1026309,1939.961839
2003/4/6 13:30,399.8973691,1799.538161
2003/4/6 14:00,363.8929808,1637.518414
2003/4/6 14:30,319.1070192,1435.981586
2003/4/6 15:00,272.4975168,1226.238825
2003/4/6 15:30,217.5024832,978.7611746
2003/4/6 16:00,165.9307088,746.6881894
2003/4/6 16:30,107.0692912,481.8118106
2003/4/6 17:00,50.89956647,229.0480491
2003/4/6 17:30,22.10043353,99.45195087
2003/4/6 18:00,0,0
2003/4/6 18:30,0,0
2003/4/6 19:00,0,0
2003/4/6 19:30,0,0
2003/4/6 20:00,0,0
2003/4/6 20:30,0,0
2003/4/6 21:00,0,0
2003/4/6 21:30,0,0
2003/4/6 22:00,0,0
2003/4/6 22:30,0,0
2003/4/6 23:00,0,0
2003/4/6 23:30,0,0
2003/4/7 0:00,0,0
2003/4/7 0:30,0,0
2003/4/7 1:00,0,0
2003/4/7 1:30,0,0
2003/4/7 2:00,0,0
2003/4/7 2:30,0,0
2003/4/7 3:00,0,0
2003/4/7 3:30,0,0
2003/4/7 4:00,0,0
2003/4/7 4:30,0,0
2003/4/7 5:00,5.507614213,24.78426396
2003/4/7 5:30,14.49238579,65.21573604
2003/4/7 6:00,62.62935387,281.8320924
2003/4/7 6:30,114.3706461,514.6679076
2003/4/7 7:00,166.7764323,750.4939455
2003/4/7 7:30,220.2235677,991.0060545
2003/4/7 8:00,255.3641871,1149.138842
2003/4/7 8:30,301.6358129,1357.361158
2003/4/7 9:00,356.9875316,1606.443892
2003/4/7 9:30,400.0124684,1800.056108
2003/4/7 10:00,428.8737851,1929.932033
2003/4/7 10:30,451.1262149,2030.067967
2003/4/7 11:00,462.0057679,2079.025955
2003/4/7 11:30,464.9942321,2092.474045
2003/4/7 12:00,459.0389626,2065.675332
2003/4/7 12:30,443.9610374,1997.824668
2003/4/7 13:00,420.5928676,1892.667904
2003/4/7 13:30,390.4071324,1756.832096
2003/4/7 14:00,356.8953862,1606.029238
2003/4/7 14:30,313.1046138,1408.970762
2003/4/7 15:00,266.8830305,1200.973637
2003/4/7 15:30,212.1169695,954.5263626
2003/4/7 16:00,160.437528,721.968876
2003/4/7 16:30,102.562472,461.531124
2003/4/7 17:00,47.50755287,213.7839879
2003/4/7 17:30,20.49244713,92.21601208
2003/4/7 18:00,0,0
2003/4/7 18:30,0,0
2003/4/7 19:00,0,0
2003/4/7 19:30,0,0
2003/4/7 20:00,0,0
2003/4/7 20:30,0,0
2003/4/7 21:00,0,0
2003/4/7 21:30,0,0
2003/4/7 22:00,0,0
2003/4/7 22:30,0,0
2003/4/7 23:00,0,0
2003/4/7 23:30,0,0
2003/4/8 0:00,0,0
2003/4/8 0:30,0,0
2003/4/8 1:00,0,0
2003/4/8 1:30,0,0
2003/4/8 2:00,0,0
2003/4/8 2:30,0,0
2003/4/8 3:00,0,0
2003/4/8 3:30,0,0
2003/4/8 4:00,0,0
2003/4/8 4:30,0,0
2003/4/8 5:00,1.428571429,6.428571429
2003/4/8 5:30,3.571428571,16.07142857
2003/4/8 6:00,10.40069686,46.80313589
2003/4/8 6:30,19.59930314,88.19686411
2003/4/8 7:00,33.8800207,152.4600931
2003/4/8 7:30,59.1199793,266.0399069
2003/4/8 8:00,138.3607227,622.6232521
2003/4/8 8:30,204.6392773,920.8767479
2003/4/8 9:00,253.7277537,1141.774892
2003/4/8 9:30,260.2722463,1171.225108
2003/4/8 10:00,194.9773587,877.3981142
2003/4/8 10:30,186.0226413,837.1018858
2003/4/8 11:00,209.78804,944.0461802
2003/4/8 11:30,215.21196,968.4538198
2003/4/8 12:00,209.0288813,940.6299661
2003/4/8 12:30,212.9711187,958.3700339
2003/4/8 13:00,235.205947,1058.426762
2003/4/8 13:30,222.794053,1002.573238
2003/4/8 14:00,184.7560254,831.4021142
2003/4/8 14:30,154.2439746,694.0978858
2003/4/8 15:00,133.4221726,600.3997768
2003/4/8 15:30,87.57782738,394.1002232
2003/4/8 16:00,35.17898194,158.3054187
2003/4/8 16:30,16.82101806,75.69458128
2003/4/8 17:00,4.344827586,19.55172414
2003/4/8 17:30,1.655172414,7.448275862
2003/4/8 18:00,0,0
2003/4/8 18:30,0,0
2003/4/8 19:00,0,0
2003/4/8 19:30,0,0
2003/4/8 20:00,0,0
2003/4/8 20:30,0,0
2003/4/8 21:00,0,0
2003/4/8 21:30,0,0
2003/4/8 22:00,0,0
2003/4/8 22:30,0,0
2003/4/8 23:00,0,0
2003/4/8 23:30,0,0
2003/4/9 0:00,0,0
2003/4/9 0:30,0,0
2003/4/9 1:00,0,0
2003/4/9 1:30,0,0
2003/4/9 2:00,0,0
2003/4/9 2:30,0,0
2003/4/9 3:00,0,0
2003/4/9 3:30,0,0
2003/4/9 4:00,0,0
2003/4/9 4:30,0,0
2003/4/9 5:00,6.395121951,28.77804878
2003/4/9 5:30,16.60487805,74.72195122
2003/4/9 6:00,65.41883154,294.3847419
2003/4/9 6:30,116.5811685,524.6152581
2003/4/9 7:00,161.9874021,728.9433094
2003/4/9 7:30,215.0125979,967.5566906
2003/4/9 8:00,266.1776549,1197.799447
2003/4/9 8:30,315.8223451,1421.200553
2003/4/9 9:00,356.968099,1606.356445
2003/4/9 9:30,395.031901,1777.643555
2003/4/9 10:00,427.2017068,1922.40768
2003/4/9 10:30,446.7982932,2010.59232
2003/4/9 11:00,450.5170954,2027.326929
2003/4/9 11:30,449.4829046,2022.673071
2003/4/9 12:00,443.4317252,1995.442763
2003/4/9 12:30,422.5682748,1901.557237
2003/4/9 13:00,395.7800697,1781.010314
2003/4/9 13:30,346.2199303,1557.989686
2003/4/9 14:00,281.2673436,1265.703046
2003/4/9 14:30,223.7326564,1006.796954
2003/4/9 15:00,172.4676346,776.1043557
2003/4/9 15:30,120.5323654,542.3956443
2003/4/9 16:00,71.60314261,322.2141417
2003/4/9 16:30,41.39685739,186.2858583
2003/4/9 17:00,18.28417266,82.27877698
2003/4/9 17:30,7.715827338,34.72122302
2003/4/9 18:00,0,0
2003/4/9 18:30,0,0
2003/4/9 19:00,0,0
2003/4/9 19:30,0,0
2003/4/9 20:00,0,0
2003/4/9 20:30,0,0
2003/4/9 21:00,0,0
2003/4/9 21:30,0,0
2003/4/9 22:00,0,0
2003/4/9 22:30,0,0
2003/4/9 23:00,0,0
2003/4/9 23:30,0,0
2003/4/10 0:00,0,0
2003/4/10 0:30,0,0
2003/4/10 1:00,0,0
2003/4/10 1:30,0,0
2003/4/10 2:00,0,0
2003/4/10 2:30,0,0
2003/4/10 3:00,0,0
2003/4/10 3:30,0,0
2003/4/10 4:00,0,0
2003/4/10 4:30,0,0
2003/4/10 5:00,6.966743119,31.35034404
2003/4/10 5:30,18.03325688,81.14965596
2003/4/10 6:00,69.22645754,311.5190589
2003/4/10 6:30,123.7735425,556.9809411
2003/4/10 7:00,176.4674262,794.1034178
2003/4/10 7:30,233.5325738,1050.896582
2003/4/10 8:00,280.9927782,1264.467502
2003/4/10 8:30,330.0072218,1485.032498
2003/4/10 9:00,373.1502195,1679.175988
2003/4/10 9:30,410.8497805,1848.824012
2003/4/10 10:00,439.1966471,1976.384912
2003/4/10 10:30,459.8033529,2069.115088
2003/4/10 11:00,470.090564,2115.407538
2003/4/10 11:30,471.909436,2123.592462
2003/4/10 12:00,464.9662659,2092.348196
2003/4/10 12:30,448.0337341,2016.151804
2003/4/10 13:00,421.5183702,1896.832666
2003/4/10 13:30,390.4816298,1757.167334
2003/4/10 14:00,357.4167563,1608.375403
2003/4/10 14:30,314.5832437,1415.624597
2003/4/10 15:00,273.3424828,1230.041172
2003/4/10 15:30,212.6575172,956.9588276
2003/4/10 16:00,145.3063551,653.8785979
2003/4/10 16:30,94.69364491,426.1214021
2003/4/10 17:00,54.35893417,244.6152038
2003/4/10 17:30,24.64106583,110.8847962
2003/4/10 18:00,0,0
2003/4/10 18:30,0,0
2003/4/10 19:00,0,0
2003/4/10 19:30,0,0
2003/4/10 20:00,0,0
2003/4/10 20:30,0,0
2003/4/10 21:00,0,0
2003/4/10 21:30,0,0
2003/4/10 22:00,0,0
2003/4/10 22:30,0,0
2003/4/10 23:00,0,0
2003/4/10 23:30,0,0
2003/4/11 0:00,0,0
2003/4/11 0:30,0,0
2003/4/11 1:00,0,0
2003/4/11 1:30,0,0
2003/4/11 2:00,0,0
2003/4/11 2:30,0,0
2003/4/11 3:00,0,0
2003/4/11 3:30,0,0
2003/4/11 4:00,0,0
2003/4/11 4:30,0,0
2003/4/11 5:00,5.9390625,26.72578125
2003/4/11 5:30,15.0609375,67.77421875
2003/4/11 6:00,49.95025468,224.7761461
2003/4/11 6:30,89.04974532,400.7238539
2003/4/11 7:00,137.9473165,620.7629242
2003/4/11 7:30,177.0526835,796.7370758
2003/4/11 8:00,190.2912144,856.310465
2003/4/11 8:30,201.7087856,907.689535
2003/4/11 9:00,188.8327977,849.7475897
2003/4/11 9:30,209.1672023,941.2524103
2003/4/11 10:00,279.7895589,1259.053015
2003/4/11 10:30,313.2104411,1409.446985
2003/4/11 11:00,326.0897199,1467.40374
2003/4/11 11:30,301.9102801,1358.59626
2003/4/11 12:00,227.6705893,1024.517652
2003/4/11 12:30,206.3294107,928.4823479
2003/4/11 13:00,223.9836466,1007.92641
2003/4/11 13:30,198.0163534,891.0735905
2003/4/11 14:00,138.9444027,625.2498123
2003/4/11 14:30,124.0555973,558.2501877
2003/4/11 15:00,141.8796185,638.4582832
2003/4/11 15:30,124.1203815,558.5417168
2003/4/11 16:00,89.17247239,401.2761257
2003/4/11 16:30,62.82752761,282.7238743
2003/4/11 17:00,42.00934579,189.0420561
2003/4/11 17:30,19.99065421,89.95794393
2003/4/11 18:00,0,0
2003/4/11 18:30,0,0
2003/4/11 19:00,0,0
2003/4/11 19:30,0,0
2003/4/11 20:00,0,0
2003/4/11 20:30,0,0
2003/4/11 21:00,0,0
2003/4/11 21:30,0,0
2003/4/11 22:00,0,0
2003/4/11 22:30,0,0
2003/4/11 23:00,0,0
2003/4/11 23:30,0,0
2003/4/12 0:00,0,0
2003/4/12 0:30,0,0
2003/4/12 1:00,0,0
2003/4/12 1:30,0,0
2003/4/12 2:00,0,0
2003/4/12 2:30,0,0
2003/4/12 3:00,0,0
2003/4/12 3:30,0,0
2003/4/12 4:00,0,0
2003/4/12 4:30,0,0
2003/4/12 5:00,6.497175141,29.23728814
2003/4/12 5:30,16.50282486,74.26271186
2003/4/12 6:00,55.2901012,248.8054554
2003/4/12 6:30,98.7098988,444.1945446
2003/4/12 7:00,152.168809,684.7596404
2003/4/12 7:30,196.831191,885.7403596
2003/4/12 8:00,212.0876583,954.3944624
2003/4/12 8:30,235.9123417,1061.605538
2003/4/12 9:00,261.3321875,1175.994844
2003/4/12 9:30,273.6678125,1231.505156
2003/4/12 10:00,283.7571016,1276.906957
2003/4/12 10:30,255.2428984,1148.593043
2003/4/12 11:00,192.6126119,866.7567536
2003/4/12 11:30,155.3873881,699.2432464
2003/4/12 12:00,110.9584693,499.313112
2003/4/12 12:30,115.0415307,517.686888
2003/4/12 13:00,208.9685976,940.3586894
2003/4/12 13:30,197.0314024,886.6413106
2003/4/12 14:00,100.2996099,451.3482444
2003/4/12 14:30,72.70039014,327.1517556
2003/4/12 15:00,63.72232143,286.7504464
2003/4/12 15:30,43.27767857,194.7495536
2003/4/12 16:00,21.36160714,96.12723214
2003/4/12 16:30,11.63839286,52.37276786
2003/4/12 17:00,4.94375,22.246875
2003/4/12 17:30,2.05625,9.253125
2003/4/12 18:00,0,0
2003/4/12 18:30,0,0
2003/4/12 19:00,0,0
2003/4/12 19:30,0,0
2003/4/12 20:00,0,0
2003/4/12 20:30,0,0
2003/4/12 21:00,0,0
2003/4/12 21:30,0,0
2003/4/12 22:00,0,0
2003/4/12 22:30,0,0
2003/4/12 23:00,0,0
2003/4/12 23:30,0,0
2003/4/13 0:00,0,0
2003/4/13 0:30,0,0
2003/4/13 1:00,0,0
2003/4/13 1:30,0,0
2003/4/13 2:00,0,0
2003/4/13 2:30,0,0
2003/4/13 3:00,0,0
2003/4/13 3:30,0,0
2003/4/13 4:00,0,0
2003/4/13 4:30,0,0
2003/4/13 5:00,4.243421053,19.09539474
2003/4/13 5:30,10.75657895,48.40460526
2003/4/13 6:00,35.36468706,159.1410917
2003/4/13 6:30,63.63531294,286.3589083
2003/4/13 7:00,98.4810008,443.1645036
2003/4/13 7:30,135.5189992,609.8354964
2003/4/13 8:00,166.5971656,749.6872452
2003/4/13 8:30,205.4028344,924.3127548
2003/4/13 9:00,257.4780427,1158.651192
2003/4/13 9:30,288.5219573,1298.348808
2003/4/13 10:00,287.2485616,1292.618527
2003/4/13 10:30,301.7514384,1357.881473
2003/4/13 11:00,334.7347091,1506.306191
2003/4/13 11:30,330.2652909,1486.193809
2003/4/13 12:00,288.5800697,1298.610314
2003/4/13 12:30,269.4199303,1212.389686
2003/4/13 13:00,257.513423,1158.810403
2003/4/13 13:30,247.486577,1113.689597
2003/4/13 14:00,250.7116558,1128.202451
2003/4/13 14:30,225.2883442,1013.797549
2003/4/13 15:00,180.3546711,811.5960199
2003/4/13 15:30,147.6453289,664.4039801
2003/4/13 16:00,126.5014161,569.2563725
2003/4/13 16:30,85.49858388,384.7436275
2003/4/13 17:00,41.44527483,186.5037367
2003/4/13 17:30,18.55472517,83.49626326
2003/4/13 18:00,0.745901639,3.356557377
2003/4/13 18:30,0.254098361,1.143442623
2003/4/13 19:00,0,0
2003/4/13 19:30,0,0
2003/4/13 20:00,0,0
2003/4/13 20:30,0,0
2003/4/13 21:00,0,0
2003/4/13 21:30,0,0
2003/4/13 22:00,0,0
2003/4/13 22:30,0,0
2003/4/13 23:00,0,0
2003/4/13 23:30,0,0
2003/4/14 0:00,0,0
2003/4/14 0:30,0,0
2003/4/14 1:00,0,0
2003/4/14 1:30,0,0
2003/4/14 2:00,0,0
2003/4/14 2:30,0,0
2003/4/14 3:00,0,0
2003/4/14 3:30,0,0
2003/4/14 4:00,0,0
2003/4/14 4:30,0,0
2003/4/14 5:00,1.534090909,6.903409091
2003/4/14 5:30,3.465909091,15.59659091
2003/4/14 6:00,6.506087662,29.27739448
2003/4/14 6:30,10.49391234,47.22260552
2003/4/14 7:00,16.62992452,74.83466035
2003/4/14 7:30,22.37007548,100.6653397
2003/4/14 8:00,24.37316614,109.6792476
2003/4/14 8:30,33.62683386,151.3207524
2003/4/14 9:00,64.74777555,291.36499
2003/4/14 9:30,85.25222445,383.63501
2003/4/14 10:00,93.95028015,422.7762607
2003/4/14 10:30,91.04971985,409.7237393
2003/4/14 11:00,65.661752,295.477884
2003/4/14 11:30,66.338248,298.522116
2003/4/14 12:00,100.0692414,450.3115864
2003/4/14 12:30,92.93075858,418.1884136
2003/4/14 13:00,49.79039353,224.0567709
2003/4/14 13:30,46.20960647,207.9432291
2003/4/14 14:00,64.89224021,292.015081
2003/4/14 14:30,75.10775979,337.984919
2003/4/14 15:00,93.26000694,419.6700312
2003/4/14 15:30,79.73999306,358.8299688
2003/4/14 16:00,42.45282945,191.0377325
2003/4/14 16:30,28.54717055,128.4622675
2003/4/14 17:00,22.13221154,99.59495192
2003/4/14 17:30,10.86778846,48.90504808
2003/4/14 18:00,0,0
2003/4/14 18:30,0,0
2003/4/14 19:00,0,0
2003/4/14 19:30,0,0
2003/4/14 20:00,0,0
2003/4/14 20:30,0,0
2003/4/14 21:00,0,0
2003/4/14 21:30,0,0
2003/4/14 22:00,0,0
2003/4/14 22:30,0,0
2003/4/14 23:00,0,0
2003/4/14 23:30,0,0
2003/4/15 0:00,0,0
2003/4/15 0:30,0,0
2003/4/15 1:00,0,0
2003/4/15 1:30,0,0
2003/4/15 2:00,0,0
2003/4/15 2:30,0,0
2003/4/15 3:00,0,0
2003/4/15 3:30,0,0
2003/4/15 4:00,0,0
2003/4/15 4:30,0,0
2003/4/15 5:00,2.890625,13.0078125
2003/4/15 5:30,7.109375,31.9921875
2003/4/15 6:00,20.2526871,91.13709196
2003/4/15 6:30,33.7473129,151.862908
2003/4/15 7:00,45.00766829,202.5345073
2003/4/15 7:30,57.99233171,260.9654927
2003/4/15 8:00,70.13971728,315.6287278
2003/4/15 8:30,81.86028272,368.3712722
2003/4/15 9:00,91.5240723,411.8583254
2003/4/15 9:30,100.4759277,452.1416746
2003/4/15 10:00,105.1619165,473.2286244
2003/4/15 10:30,115.8380835,521.2713756
2003/4/15 11:00,142.4689436,641.1102461
2003/4/15 11:30,140.5310564,632.3897539
2003/4/15 12:00,110.0912656,495.4106952
2003/4/15 12:30,98.90873441,445.0893048
2003/4/15 13:00,98.86578889,444.89605
2003/4/15 13:30,85.13421111,383.10395
2003/4/15 14:00,64.87766226,291.9494802
2003/4/15 14:30,49.12233774,221.0505198
2003/4/15 15:00,34.95459294,157.2956682
2003/4/15 15:30,24.04540706,108.2043318
2003/4/15 16:00,14.91022153,67.09599689
2003/4/15 16:30,9.089778469,40.90400311
2003/4/15 17:00,4.85483871,21.84677419
2003/4/15 17:30,2.14516129,9.653225806
2003/4/15 18:00,0,0
2003/4/15 18:30,0,0
2003/4/15 19:00,0,0
2003/4/15 19:30,0,0
2003/4/15 20:00,0,0
2003/4/15 20:30,0,0
2003/4/15 21:00,0,0
2003/4/15 21:30,0,0
2003/4/15 22:00,0,0
2003/4/15 22:30,0,0
2003/4/15 23:00,0,0
2003/4/15 23:30,0,0
2003/4/16 0:00,0,0
2003/4/16 0:30,0,0
2003/4/16 1:00,0,0
2003/4/16 1:30,0,0
2003/4/16 2:00,0,0
2003/4/16 2:30,0,0
2003/4/16 3:00,0,0
2003/4/16 3:30,0,0
2003/4/16 4:00,0,0
2003/4/16 4:30,0,0
2003/4/16 5:00,3.551785714,15.98303571
2003/4/16 5:30,9.448214286,42.51696429
2003/4/16 6:00,45.22628217,203.5182698
2003/4/16 6:30,81.77371783,367.9817302
2003/4/16 7:00,107.0672654,481.8026945
2003/4/16 7:30,148.9327346,670.1973055
2003/4/16 8:00,222.7791985,1002.506393
2003/4/16 8:30,271.2208015,1220.493607
2003/4/16 9:00,273.2362374,1229.563068
2003/4/16 9:30,300.7637626,1353.436932
2003/4/16 10:00,359.3907144,1617.258215
2003/4/16 10:30,366.6092856,1649.741785
2003/4/16 11:00,323.4269323,1455.421196
2003/4/16 11:30,298.5730677,1343.578804
2003/4/16 12:00,268.5119704,1208.303867
2003/4/16 12:30,258.4880296,1163.196133
2003/4/16 13:00,267.2542683,1202.644207
2003/4/16 13:30,266.7457317,1200.355793
2003/4/16 14:00,265.4622228,1194.580003
2003/4/16 14:30,257.5377772,1158.919997
2003/4/16 15:00,255.7235133,1150.75581
2003/4/16 15:30,217.2764867,977.74419
2003/4/16 16:00,161.658783,727.4645233
2003/4/16 16:30,107.341217,483.0354767
2003/4/16 17:00,56.46383826,254.0872722
2003/4/16 17:30,25.53616174,114.9127278
2003/4/16 18:00,0.746987952,3.361445783
2003/4/16 18:30,0.253012048,1.138554217
2003/4/16 19:00,0,0
2003/4/16 19:30,0,0
2003/4/16 20:00,0,0
2003/4/16 20:30,0,0
2003/4/16 21:00,0,0
2003/4/16 21:30,0,0
2003/4/16 22:00,0,0
2003/4/16 22:30,0,0
2003/4/16 23:00,0,0
2003/4/16 23:30,0,0
2003/4/17 0:00,0,0
2003/4/17 0:30,0,0
2003/4/17 1:00,0,0
2003/4/17 1:30,0,0
2003/4/17 2:00,0,0
2003/4/17 2:30,0,0
2003/4/17 3:00,0,0
2003/4/17 3:30,0,0
2003/4/17 4:00,0,0
2003/4/17 4:30,0,0
2003/4/17 5:00,6.551515152,29.48181818
2003/4/17 5:30,16.44848485,74.01818182
2003/4/17 6:00,51.70071699,232.6532265
2003/4/17 6:30,90.29928301,406.3467735
2003/4/17 7:00,128.8498087,579.824139
2003/4/17 7:30,177.1501913,797.175861
2003/4/17 8:00,245.7739044,1105.98257
2003/4/17 8:30,281.2260956,1265.51743
2003/4/17 9:00,255.6752232,1150.538505
2003/4/17 9:30,275.3247768,1238.961495
2003/4/17 10:00,337.5215467,1518.84696
2003/4/17 10:30,372.4784533,1676.15304
2003/4/17 11:00,384.3176278,1729.429325
2003/4/17 11:30,404.6823722,1821.070675
2003/4/17 12:00,435.339258,1959.026661
2003/4/17 12:30,437.660742,1969.473339
2003/4/17 13:00,416.1547022,1872.69616
2003/4/17 13:30,389.8452978,1754.30384
2003/4/17 14:00,356.856007,1605.852031
2003/4/17 14:30,315.143993,1418.147969
2003/4/17 15:00,270.7473362,1218.363013
2003/4/17 15:30,218.2526638,982.136987
2003/4/17 16:00,167.7732233,754.9795047
2003/4/17 16:30,112.2267767,505.0204953
2003/4/17 17:00,60.49193942,272.2137274
2003/4/17 17:30,27.50806058,123.7862726
2003/4/17 18:00,0.747191011,3.362359551
2003/4/17 18:30,0.252808989,1.137640449
2003/4/17 19:00,0,0
2003/4/17 19:30,0,0
2003/4/17 20:00,0,0
2003/4/17 20:30,0,0
2003/4/17 21:00,0,0
2003/4/17 21:30,0,0
2003/4/17 22:00,0,0
2003/4/17 22:30,0,0
2003/4/17 23:00,0,0
2003/4/17 23:30,0,0
2003/4/18 0:00,0,0
2003/4/18 0:30,0,0
2003/4/18 1:00,0,0
2003/4/18 1:30,0,0
2003/4/18 2:00,0,0
2003/4/18 2:30,0,0
2003/4/18 3:00,0,0
2003/4/18 3:30,0,0
2003/4/18 4:00,0,0
2003/4/18 4:30,0,0
2003/4/18 5:00,9.099719101,40.94873596
2003/4/18 5:30,21.9002809,98.55126404
2003/4/18 6:00,54.31195445,244.403795
2003/4/18 6:30,92.68804555,417.096205
2003/4/18 7:00,142.3982462,640.7921078
2003/4/18 7:30,194.6017538,875.7078922
2003/4/18 8:00,240.3987976,1081.794589
2003/4/18 8:30,294.6012024,1325.705411
2003/4/18 9:00,359.8925888,1619.51665
2003/4/18 9:30,407.1074112,1831.98335
2003/4/18 10:00,429.4003595,1932.301618
2003/4/18 10:30,449.5996405,2023.198382
2003/4/18 11:00,460.4781574,2072.151708
2003/4/18 11:30,461.5218426,2076.848292
2003/4/18 12:00,451.2250318,2030.512643
2003/4/18 12:30,435.7749682,1960.987357
2003/4/18 13:00,416.0083048,1872.037371
2003/4/18 13:30,385.9916952,1736.962629
2003/4/18 14:00,349.0309296,1570.639183
2003/4/18 14:30,307.9690704,1385.860817
2003/4/18 15:00,267.8768257,1205.445716
2003/4/18 15:30,217.1231743,977.0542843
2003/4/18 16:00,167.3520579,753.0842607
2003/4/18 16:30,112.6479421,506.9157393
2003/4/18 17:00,61.53789659,276.9205347
2003/4/18 17:30,28.46210341,128.0794653
2003/4/18 18:00,1.489130435,6.701086957
2003/4/18 18:30,0.510869565,2.298913043
2003/4/18 19:00,0,0
2003/4/18 19:30,0,0
2003/4/18 20:00,0,0
2003/4/18 20:30,0,0
2003/4/18 21:00,0,0
2003/4/18 21:30,0,0
2003/4/18 22:00,0,0
2003/4/18 22:30,0,0
2003/4/18 23:00,0,0
2003/4/18 23:30,0,0
2003/4/19 0:00,0,0
2003/4/19 0:30,0,0
2003/4/19 1:00,0,0
2003/4/19 1:30,0,0
2003/4/19 2:00,0,0
2003/4/19 2:30,0,0
2003/4/19 3:00,0,0
2003/4/19 3:30,0,0
2003/4/19 4:00,0,0
2003/4/19 4:30,0,0
2003/4/19 5:00,6.722426471,30.25091912
2003/4/19 5:30,16.27757353,73.24908088
2003/4/19 6:00,42.47210016,191.1244507
2003/4/19 6:30,70.52789984,317.3755493
2003/4/19 7:00,95.76946683,430.9626007
2003/4/19 7:30,129.2305332,581.5373993
2003/4/19 8:00,171.0810799,769.8648596
2003/4/19 8:30,214.9189201,967.1351404
2003/4/19 9:00,256.4556333,1154.05035
2003/4/19 9:30,311.5443667,1401.94965
2003/4/19 10:00,400.9027486,1804.062369
2003/4/19 10:30,446.0972514,2007.437631
2003/4/19 11:00,448.572758,2018.577411
2003/4/19 11:30,426.427242,1918.922589
2003/4/19 12:00,365.6956365,1645.630364
2003/4/19 12:30,325.3043635,1463.869636
2003/4/19 13:00,297.6004666,1339.2021
2003/4/19 13:30,249.3995334,1122.2979
2003/4/19 14:00,185.1361582,833.1127119
2003/4/19 14:30,152.8638418,687.8872881
2003/4/19 15:00,145.5125781,654.8066012
2003/4/19 15:30,106.4874219,479.1933988
2003/4/19 16:00,54.41985646,244.8893541
2003/4/19 16:30,35.58014354,160.1106459
2003/4/19 17:00,27.91490486,125.6170719
2003/4/19 17:30,14.08509514,63.38292812
2003/4/19 18:00,0.744186047,3.348837209
2003/4/19 18:30,0.255813953,1.151162791
2003/4/19 19:00,0,0
2003/4/19 19:30,0,0
2003/4/19 20:00,0,0
2003/4/19 20:30,0,0
2003/4/19 21:00,0,0
2003/4/19 21:30,0,0
2003/4/19 22:00,0,0
2003/4/19 22:30,0,0
2003/4/19 23:00,0,0
2003/4/19 23:30,0,0
2003/4/20 0:00,0,0
2003/4/20 0:30,0,0
2003/4/20 1:00,0,0
2003/4/20 1:30,0,0
2003/4/20 2:00,0,0
2003/4/20 2:30,0,0
2003/4/20 3:00,0,0
2003/4/20 3:30,0,0
2003/4/20 4:00,0,0
2003/4/20 4:30,0,0
2003/4/20 5:00,8.96,40.32
2003/4/20 5:30,19.04,85.68
2003/4/20 6:00,33.7507438,151.8783471
2003/4/20 6:30,38.2492562,172.1216529
2003/4/20 7:00,23.98555249,107.9349862
2003/4/20 7:30,25.01444751,112.5650138
2003/4/20 8:00,36.22879734,163.029588
2003/4/20 8:30,49.77120266,223.970412
2003/4/20 9:00,87.49466988,393.7260145
2003/4/20 9:30,93.50533012,420.7739855
2003/4/20 10:00,61.63694945,277.3662725
2003/4/20 10:30,53.36305055,240.1337275
2003/4/20 11:00,51.44453704,231.5004167
2003/4/20 11:30,49.55546296,222.9995833
2003/4/20 12:00,48.86130924,219.8758916
2003/4/20 12:30,50.13869076,225.6241084
2003/4/20 13:00,55.65595928,250.4518167
2003/4/20 13:30,56.34404072,253.5481833
2003/4/20 14:00,59.81230855,269.1553885
2003/4/20 14:30,44.18769145,198.8446115
2003/4/20 15:00,17.48982511,78.70421298
2003/4/20 15:30,11.51017489,51.79578702
2003/4/20 16:00,10.21343874,45.96047431
2003/4/20 16:30,6.786561265,30.53952569
2003/4/20 17:00,3.465909091,15.59659091
2003/4/20 17:30,1.534090909,6.903409091
2003/4/20 18:00,0,0
2003/4/20 18:30,0,0
2003/4/20 19:00,0,0
2003/4/20 19:30,0,0
2003/4/20 20:00,0,0
2003/4/20 20:30,0,0
2003/4/20 21:00,0,0
2003/4/20 21:30,0,0
2003/4/20 22:00,0,0
2003/4/20 22:30,0,0
2003/4/20 23:00,0,0
2003/4/20 23:30,0,0
2003/4/21 0:00,0,0
2003/4/21 0:30,0,0
2003/4/21 1:00,0,0
2003/4/21 1:30,0,0
2003/4/21 2:00,0,0
2003/4/21 2:30,0,0
2003/4/21 3:00,0,0
2003/4/21 3:30,0,0
2003/4/21 4:00,0,0
2003/4/21 4:30,0,0
2003/4/21 5:00,1.8,8.1
2003/4/21 5:30,4.2,18.9
2003/4/21 6:00,8.7,39.15
2003/4/21 6:30,15.3,68.85
2003/4/21 7:00,30.80769231,138.6346154
2003/4/21 7:30,41.19230769,185.3653846
2003/4/21 8:00,39.05249727,175.7362377
2003/4/21 8:30,44.94750273,202.2637623
2003/4/21 9:00,56.91232595,256.1054668
2003/4/21 9:30,70.08767405,315.3945332
2003/4/21 10:00,86.40044959,388.8020231
2003/4/21 10:30,108.5995504,488.6979769
2003/4/21 11:00,141.5017048,636.7576714
2003/4/21 11:30,179.4982952,807.7423286
2003/4/21 12:00,233.676147,1051.542661
2003/4/21 12:30,278.323853,1252.457339
2003/4/21 13:00,322.6910581,1452.109762
2003/4/21 13:30,328.3089419,1477.390238
2003/4/21 14:00,288.6746725,1299.036026
2003/4/21 14:30,260.3253275,1171.463974
2003/4/21 15:00,232.2534664,1045.140599
2003/4/21 15:30,197.7465336,889.859401
2003/4/21 16:00,168.6863997,759.0887985
2003/4/21 16:30,118.3136003,532.4112015
2003/4/21 17:00,64.85389567,291.8425305
2003/4/21 17:30,30.14610433,135.6574695
2003/4/21 18:00,1.489690722,6.703608247
2003/4/21 18:30,0.510309278,2.296391753
2003/4/21 19:00,0,0
2003/4/21 19:30,0,0
2003/4/21 20:00,0,0
2003/4/21 20:30,0,0
2003/4/21 21:00,0,0
2003/4/21 21:30,0,0
2003/4/21 22:00,0,0
2003/4/21 22:30,0,0
2003/4/21 23:00,0,0
2003/4/21 23:30,0,0
2003/4/22 0:00,0,0
2003/4/22 0:30,0,0
2003/4/22 1:00,0,0
2003/4/22 1:30,0,0
2003/4/22 2:00,0,0
2003/4/22 2:30,0,0
2003/4/22 3:00,0,0
2003/4/22 3:30,0,0
2003/4/22 4:00,0,0
2003/4/22 4:30,0,0
2003/4/22 5:00,12.27108434,55.21987952
2003/4/22 5:30,29.72891566,133.7801205
2003/4/22 6:00,76.73422674,345.3040203
2003/4/22 6:30,130.2657733,586.1959797
2003/4/22 7:00,194.8011259,876.6050666
2003/4/22 7:30,257.1988741,1157.394933
2003/4/22 8:00,302.0122274,1359.055023
2003/4/22 8:30,348.9877726,1570.444977
2003/4/22 9:00,387.6147271,1744.266272
2003/4/22 9:30,421.3852729,1896.233728
2003/4/22 10:00,445.4530573,2004.538758
2003/4/22 10:30,464.5469427,2090.461242
2003/4/22 11:00,477.2001966,2147.400885
2003/4/22 11:30,479.7998034,2159.099115
2003/4/22 12:00,472.5743715,2126.584672
2003/4/22 12:30,457.4256285,2058.415328
2003/4/22 13:00,435.1827331,1958.322299
2003/4/22 13:30,404.8172669,1821.677701
2003/4/22 14:00,369.4079056,1662.335575
2003/4/22 14:30,326.5920944,1469.664425
2003/4/22 15:00,283.1595245,1274.21786
2003/4/22 15:30,228.8404755,1029.78214
2003/4/22 16:00,175.0116991,787.5526457
2003/4/22 16:30,117.9883009,530.9473543
2003/4/22 17:00,65.3498481,294.0743164
2003/4/22 17:30,30.6501519,137.9256836
2003/4/22 18:00,2.227272727,10.02272727
2003/4/22 18:30,0.772727273,3.477272727
2003/4/22 19:00,0,0
2003/4/22 19:30,0,0
2003/4/22 20:00,0,0
2003/4/22 20:30,0,0
2003/4/22 21:00,0,0
2003/4/22 21:30,0,0
2003/4/22 22:00,0,0
2003/4/22 22:30,0,0
2003/4/22 23:00,0,0
2003/4/22 23:30,0,0
2003/4/23 0:00,0,0
2003/4/23 0:30,0,0
2003/4/23 1:00,0,0
2003/4/23 1:30,0,0
2003/4/23 2:00,0,0
2003/4/23 2:30,0,0
2003/4/23 3:00,0,0
2003/4/23 3:30,0,0
2003/4/23 4:00,0,0
2003/4/23 4:30,0,0
2003/4/23 5:00,11.33689024,51.0160061
2003/4/23 5:30,25.66310976,115.4839939
2003/4/23 6:00,51.83698796,233.2664458
2003/4/23 6:30,75.16301204,338.2335542
2003/4/23 7:00,85.49676619,384.7354478
2003/4/23 7:30,99.50323381,447.7645522
2003/4/23 8:00,113.0274688,508.6236097
2003/4/23 8:30,120.9725312,544.3763903
2003/4/23 9:00,113.5102849,510.7962822
2003/4/23 9:30,129.4897151,582.7037178
2003/4/23 10:00,203.4730469,915.6287109
2003/4/23 10:30,196.5269531,884.3712891
2003/4/23 11:00,107.6094991,484.2427461
2003/4/23 11:30,101.3905009,456.2572539
2003/4/23 12:00,153.1175586,689.0290139
2003/4/23 12:30,156.8824414,705.9709861
2003/4/23 13:00,126.2267757,568.0204908
2003/4/23 13:30,104.7732243,471.4795092
2003/4/23 14:00,78.60175852,353.7079134
2003/4/23 14:30,67.39824148,303.2920866
2003/4/23 15:00,61.39416864,276.2737589
2003/4/23 15:30,62.60583136,281.7262411
2003/4/23 16:00,86.44699338,389.0114702
2003/4/23 16:30,71.55300662,321.9885298
2003/4/23 17:00,35.93998277,161.7299224
2003/4/23 17:30,17.06001723,76.77007755
2003/4/23 18:00,1.481818182,6.668181818
2003/4/23 18:30,0.518181818,2.331818182
2003/4/23 19:00,0,0
2003/4/23 19:30,0,0
2003/4/23 20:00,0,0
2003/4/23 20:30,0,0
2003/4/23 21:00,0,0
2003/4/23 21:30,0,0
2003/4/23 22:00,0,0
2003/4/23 22:30,0,0
2003/4/23 23:00,0,0
2003/4/23 23:30,0,0
2003/4/24 0:00,0,0
2003/4/24 0:30,0,0
2003/4/24 1:00,0,0
2003/4/24 1:30,0,0
2003/4/24 2:00,0,0
2003/4/24 2:30,0,0
2003/4/24 3:00,0,0
2003/4/24 3:30,0,0
2003/4/24 4:00,0,0
2003/4/24 4:30,0,0
2003/4/24 5:00,10.20833333,45.9375
2003/4/24 5:30,24.79166667,111.5625
2003/4/24 6:00,67.05892608,301.7651674
2003/4/24 6:30,107.9410739,485.7348326
2003/4/24 7:00,137.4860739,618.6873326
2003/4/24 7:30,165.5139261,744.8126674
2003/4/24 8:00,187.0855472,841.8849622
2003/4/24 8:30,184.9144528,832.1150378
2003/4/24 9:00,149.8020206,674.1090926
2003/4/24 9:30,139.1979794,626.3909074
2003/4/24 10:00,146.4917409,659.2128339
2003/4/24 10:30,130.5082591,587.2871661
2003/4/24 11:00,90.26875894,406.2094152
2003/4/24 11:30,90.73124106,408.2905848
2003/4/24 12:00,125.1521467,563.18466
2003/4/24 12:30,157.8478533,710.31534
2003/4/24 13:00,225.5854769,1015.134646
2003/4/24 13:30,238.4145231,1072.865354
2003/4/24 14:00,197.3902796,888.2562584
2003/4/24 14:30,158.6097204,713.7437416
2003/4/24 15:00,104.1099005,468.4945523
2003/4/24 15:30,85.89009948,386.5054477
2003/4/24 16:00,93.6036526,421.2164367
2003/4/24 16:30,68.3963474,307.7835633
2003/4/24 17:00,32.77714286,147.4971429
2003/4/24 17:30,15.22285714,68.50285714
2003/4/24 18:00,1.48,6.66
2003/4/24 18:30,0.52,2.34
2003/4/24 19:00,0,0
2003/4/24 19:30,0,0
2003/4/24 20:00,0,0
2003/4/24 20:30,0,0
2003/4/24 21:00,0,0
2003/4/24 21:30,0,0
2003/4/24 22:00,0,0
2003/4/24 22:30,0,0
2003/4/24 23:00,0,0
2003/4/24 23:30,0,0
2003/4/25 0:00,0,0
2003/4/25 0:30,0,0
2003/4/25 1:00,0,0
2003/4/25 1:30,0,0
2003/4/25 2:00,0,0
2003/4/25 2:30,0,0
2003/4/25 3:00,0,0
2003/4/25 3:30,0,0
2003/4/25 4:00,0,0
2003/4/25 4:30,0,0
2003/4/25 5:00,2.845588235,12.80514706
2003/4/25 5:30,6.154411765,27.69485294
2003/4/25 6:00,9.857536765,44.35891544
2003/4/25 6:30,15.14246324,68.14108456
2003/4/25 7:00,22.86375398,102.8868929
2003/4/25 7:30,32.13624602,144.6131071
2003/4/25 8:00,42.12838729,189.5777428
2003/4/25 8:30,59.87161271,269.4222572
2003/4/25 9:00,111.2700803,500.7153612
2003/4/25 9:30,124.7299197,561.2846388
2003/4/25 10:00,88.2454227,397.1044021
2003/4/25 10:30,79.7545773,358.8955979
2003/4/25 11:00,80.49926478,362.2466915
2003/4/25 11:30,76.50073522,344.2533085
2003/4/25 12:00,67.02221907,301.5999858
2003/4/25 12:30,69.97778093,314.9000142
2003/4/25 13:00,93.00941358,418.5423611
2003/4/25 13:30,93.99058642,422.9576389
2003/4/25 14:00,76.05637255,342.2536765
2003/4/25 14:30,66.94362745,301.2463235
2003/4/25 15:00,61.02792764,274.6256744
2003/4/25 15:30,50.97207236,229.3743256
2003/4/25 16:00,42.26439459,190.1897757
2003/4/25 16:30,26.73560541,120.3102243
2003/4/25 17:00,9.909638554,44.59337349
2003/4/25 17:30,4.090361446,18.40662651
2003/4/25 18:00,0,0
2003/4/25 18:30,0,0
2003/4/25 19:00,0,0
2003/4/25 19:30,0,0
2003/4/25 20:00,0,0
2003/4/25 20:30,0,0
2003/4/25 21:00,0,0
2003/4/25 21:30,0,0
2003/4/25 22:00,0,0
2003/4/25 22:30,0,0
2003/4/25 23:00,0,0
2003/4/25 23:30,0,0
2003/4/26 0:00,0,0
2003/4/26 0:30,0,0
2003/4/26 1:00,0,0
2003/4/26 1:30,0,0
2003/4/26 2:00,0,0
2003/4/26 2:30,0,0
2003/4/26 3:00,0,0
2003/4/26 3:30,0,0
2003/4/26 4:00,0,0
2003/4/26 4:30,0,0
2003/4/26 5:00,2.75625,12.403125
2003/4/26 5:30,6.24375,28.096875
2003/4/26 6:00,11.65816441,52.46173986
2003/4/26 6:30,19.34183559,87.03826014
2003/4/26 7:00,32.60312945,146.7140825
2003/4/26 7:30,47.39687055,213.2859175
2003/4/26 8:00,66.28007519,298.2603383
2003/4/26 8:30,81.71992481,367.7396617
2003/4/26 9:00,86.9110766,391.0998447
2003/4/26 9:30,101.0889234,454.9001553
2003/4/26 10:00,124.4228833,559.9029748
2003/4/26 10:30,147.5771167,664.0970252
2003/4/26 11:00,180.3806493,811.7129219
2003/4/26 11:30,193.6193507,871.2870781
2003/4/26 12:00,181.7377717,817.8199728
2003/4/26 12:30,180.2622283,811.1800272
2003/4/26 13:00,185.5387538,834.9243921
2003/4/26 13:30,176.4612462,794.0756079
2003/4/26 14:00,153.4108928,690.3490178
2003/4/26 14:30,142.5891072,641.6509822
2003/4/26 15:00,141.9939017,638.9725578
2003/4/26 15:30,128.0060983,576.0274422
2003/4/26 16:00,111.2515955,500.6321797
2003/4/26 16:30,83.7484045,376.8678203
2003/4/26 17:00,55.33101891,248.9895851
2003/4/26 17:30,27.66898109,124.5104149
2003/4/26 18:00,2.223837209,10.00726744
2003/4/26 18:30,0.776162791,3.492732558
2003/4/26 19:00,0,0
2003/4/26 19:30,0,0
2003/4/26 20:00,0,0
2003/4/26 20:30,0,0
2003/4/26 21:00,0,0
2003/4/26 21:30,0,0
2003/4/26 22:00,0,0
2003/4/26 22:30,0,0
2003/4/26 23:00,0,0
2003/4/26 23:30,0,0
2003/4/27 0:00,0,0
2003/4/27 0:30,0,0
2003/4/27 1:00,0,0
2003/4/27 1:30,0,0
2003/4/27 2:00,0,0
2003/4/27 2:30,0,0
2003/4/27 3:00,0,0
2003/4/27 3:30,0,0
2003/4/27 4:00,0,0
2003/4/27 4:30,0,0
2003/4/27 5:00,2.639423077,11.87740385
2003/4/27 5:30,6.360576923,28.62259615
2003/4/27 6:00,16.22190505,72.99857272
2003/4/27 6:30,26.77809495,120.5014273
2003/4/27 7:00,34.74870709,156.3691819
2003/4/27 7:30,50.25129291,226.1308181
2003/4/27 8:00,86.68951935,390.1028371
2003/4/27 8:30,112.3104806,505.3971629
2003/4/27 9:00,109.8792867,494.4567903
2003/4/27 9:30,140.1207133,630.5432097
2003/4/27 10:00,244.0627813,1098.282516
2003/4/27 10:30,299.9372187,1349.717484
2003/4/27 11:00,281.6414801,1267.386661
2003/4/27 11:30,308.3585199,1387.613339
2003/4/27 12:00,378.943982,1705.247919
2003/4/27 12:30,404.056018,1818.252081
2003/4/27 13:00,393.9540515,1772.793232
2003/4/27 13:30,370.0459485,1665.206768
2003/4/27 14:00,320.0515251,1440.231863
2003/4/27 14:30,288.9484749,1300.268137
2003/4/27 15:00,275.7462207,1240.857993
2003/4/27 15:30,231.2537793,1040.642007
2003/4/27 16:00,176.510448,794.2970162
2003/4/27 16:30,121.489552,546.7029838
2003/4/27 17:00,70.94736722,319.2631525
2003/4/27 17:30,34.05263278,153.2368475
2003/4/27 18:00,2.963302752,13.33486239
2003/4/27 18:30,1.036697248,4.665137615
2003/4/27 19:00,0,0
2003/4/27 19:30,0,0
2003/4/27 20:00,0,0
2003/4/27 20:30,0,0
2003/4/27 21:00,0,0
2003/4/27 21:30,0,0
2003/4/27 22:00,0,0
2003/4/27 22:30,0,0
2003/4/27 23:00,0,0
2003/4/27 23:30,0,0
2003/4/28 0:00,0,0
2003/4/28 0:30,0,0
2003/4/28 1:00,0,0
2003/4/28 1:30,0,0
2003/4/28 2:00,0,0
2003/4/28 2:30,0,0
2003/4/28 3:00,0,0
2003/4/28 3:30,0,0
2003/4/28 4:00,0,0
2003/4/28 4:30,0,0
2003/4/28 5:00,18.11418685,81.51384083
2003/4/28 5:30,41.88581315,188.4861592
2003/4/28 6:00,88.70335046,399.1650771
2003/4/28 6:30,140.2966495,631.3349229
2003/4/28 7:00,194.1934046,873.8703209
2003/4/28 7:30,246.8065954,1110.629679
2003/4/28 8:00,287.5005084,1293.752288
2003/4/28 8:30,322.4994916,1451.247712
2003/4/28 9:00,337.1868368,1517.340766
2003/4/28 9:30,362.8131632,1632.659234
2003/4/28 10:00,411.2217397,1850.497828
2003/4/28 10:30,406.7782603,1830.502172
2003/4/28 11:00,337.6223931,1519.300769
2003/4/28 11:30,332.3776069,1495.699231
2003/4/28 12:00,379.8271597,1709.222219
2003/4/28 12:30,388.1728403,1746.777781
2003/4/28 13:00,372.419421,1675.887394
2003/4/28 13:30,358.580579,1613.612606
2003/4/28 14:00,348.8564052,1569.853823
2003/4/28 14:30,311.1435948,1400.146177
2003/4/28 15:00,253.8505994,1142.327697
2003/4/28 15:30,207.1494006,932.1723025
2003/4/28 16:00,170.3669388,766.6512248
2003/4/28 16:30,119.6330612,538.3487752
2003/4/28 17:00,70.17409287,315.7834179
2003/4/28 17:30,33.82590713,152.2165821
2003/4/28 18:00,2.962962963,13.33333333
2003/4/28 18:30,1.037037037,4.666666667
2003/4/28 19:00,0,0
2003/4/28 19:30,0,0
2003/4/28 20:00,0,0
2003/4/28 20:30,0,0
2003/4/28 21:00,0,0
2003/4/28 21:30,0,0
2003/4/28 22:00,0,0
2003/4/28 22:30,0,0
2003/4/28 23:00,0,0
2003/4/28 23:30,0,0
2003/4/29 0:00,0,0
2003/4/29 0:30,0,0
2003/4/29 1:00,0,0
2003/4/29 1:30,0,0
2003/4/29 2:00,0,0
2003/4/29 2:30,0,0
2003/4/29 3:00,0,0
2003/4/29 3:30,0,0
2003/4/29 4:00,0,0
2003/4/29 4:30,0,0
2003/4/29 5:00,18.70333333,84.165
2003/4/29 5:30,43.29666667,194.835
2003/4/29 6:00,92.65233677,416.9355155
2003/4/29 6:30,145.3476632,654.0644845
2003/4/29 7:00,194.5471468,875.4621606
2003/4/29 7:30,246.4528532,1109.037839
2003/4/29 8:00,293.0257545,1318.615895
2003/4/29 8:30,330.9742455,1489.384105
2003/4/29 9:00,349.6272055,1573.322425
2003/4/29 9:30,370.3727945,1666.677575
2003/4/29 10:00,389.9603314,1754.821491
2003/4/29 10:30,396.0396686,1782.178509
2003/4/29 11:00,381.6197648,1717.288941
2003/4/29 11:30,384.3802352,1729.711059
2003/4/29 12:00,409.0437161,1840.696723
2003/4/29 12:30,399.9562839,1799.803277
2003/4/29 13:00,361.203518,1625.415831
2003/4/29 13:30,338.796482,1524.584169
2003/4/29 14:00,328.0179818,1476.080918
2003/4/29 14:30,297.9820182,1340.919082
2003/4/29 15:00,261.524837,1176.861766
2003/4/29 15:30,214.475163,965.1382335
2003/4/29 16:00,166.620991,749.7944593
2003/4/29 16:30,113.379009,510.2055407
2003/4/29 17:00,62.76685862,282.4508638
2003/4/29 17:30,30.23314138,136.0491362
2003/4/29 18:00,3.68622449,16.5880102
2003/4/29 18:30,1.31377551,5.911989796
2003/4/29 19:00,0,0
2003/4/29 19:30,0,0
2003/4/29 20:00,0,0
2003/4/29 20:30,0,0
2003/4/29 21:00,0,0
2003/4/29 21:30,0,0
2003/4/29 22:00,0,0
2003/4/29 22:30,0,0
2003/4/29 23:00,0,0
2003/4/29 23:30,0,0
2003/4/30 0:00,0,0
2003/4/30 0:30,0,0
2003/4/30 1:00,0,0
2003/4/30 1:30,0,0
2003/4/30 2:00,0,0
2003/4/30 2:30,0,0
2003/4/30 3:00,0,0
2003/4/30 3:30,0,0
2003/4/30 4:00,0,0
2003/4/30 4:30,0,0
2003/4/30 5:00,7.24137931,32.5862069
2003/4/30 5:30,16.75862069,75.4137931
2003/4/30 6:00,34.41270874,154.8571893
2003/4/30 6:30,57.58729126,259.1428107
2003/4/30 7:00,100.786831,453.5407394
2003/4/30 7:30,125.213169,563.4592606
2003/4/30 8:00,115.3096244,518.89331
2003/4/30 8:30,115.6903756,520.60669
2003/4/30 9:00,122.8260015,552.7170066
2003/4/30 9:30,106.1739985,477.7829934
2003/4/30 10:00,69.7049768,313.6723956
2003/4/30 10:30,57.2950232,257.8276044
2003/4/30 11:00,48.86864605,219.9089072
2003/4/30 11:30,54.13135395,243.5910928
2003/4/30 12:00,91.1542677,410.1942046
2003/4/30 12:30,103.8457323,467.3057954
2003/4/30 13:00,96.24060128,433.0827058
2003/4/30 13:30,80.75939872,363.4172942
2003/4/30 14:00,48.88843963,219.9979783
2003/4/30 14:30,46.11156037,207.5020217
2003/4/30 15:00,69.17691322,311.2961095
2003/4/30 15:30,68.82308678,309.7038905
2003/4/30 16:00,55.46376293,249.5869332
2003/4/30 16:30,37.53623707,168.9130668
2003/4/30 17:00,17.18546284,77.33458279
2003/4/30 17:30,7.814537158,35.16541721
2003/4/30 18:00,0.740384615,3.331730769
2003/4/30 18:30,0.259615385,1.168269231
2003/4/30 19:00,0,0
2003/4/30 19:30,0,0
2003/4/30 20:00,0,0
2003/4/30 20:30,0,0
2003/4/30 21:00,0,0
2003/4/30 21:30,0,0
2003/4/30 22:00,0,0
2003/4/30 22:30,0,0
2003/4/30 23:00,0,0
2003/4/30 23:30,0,0
2003/5/1 0:00,0,0
2003/5/1 0:30,0,0
2003/5/1 1:00,0,0
2003/5/1 1:30,0,0
2003/5/1 2:00,0,0
2003/5/1 2:30,0,0
2003/5/1 3:00,0,0
2003/5/1 3:30,0,0
2003/5/1 4:00,0,0
2003/5/1 4:30,0,0
2003/5/1 5:00,20.46107784,92.0748503
2003/5/1 5:30,47.53892216,213.9251497
2003/5/1 6:00,104.0077568,468.0349058
2003/5/1 6:30,161.9922432,728.9650942
2003/5/1 7:00,209.0468448,940.7108014
2003/5/1 7:30,262.9531552,1183.289199
2003/5/1 8:00,314.2429412,1414.093236
2003/5/1 8:30,361.7570588,1627.906764
2003/5/1 9:00,399.0684002,1795.807801
2003/5/1 9:30,432.9315998,1948.192199
2003/5/1 10:00,459.4005852,2067.302633
2003/5/1 10:30,477.5994148,2149.197367
2003/5/1 11:00,485.9352211,2186.708495
2003/5/1 11:30,486.0647789,2187.291505
2003/5/1 12:00,476.3781199,2143.701539
2003/5/1 12:30,461.6218801,2077.298461
2003/5/1 13:00,443.6081898,1996.236854
2003/5/1 13:30,413.3918102,1860.263146
2003/5/1 14:00,374.7848713,1686.531921
2003/5/1 14:30,332.2151287,1494.968079
2003/5/1 15:00,290.144191,1305.648859
2003/5/1 15:30,237.855809,1070.351141
2003/5/1 16:00,186.0753806,837.3392128
2003/5/1 16:30,129.9246194,584.6607872
2003/5/1 17:00,78.41959106,352.8881597
2003/5/1 17:30,38.58040894,173.6118403
2003/5/1 18:00,4.426829268,19.92073171
2003/5/1 18:30,1.573170732,7.079268293
2003/5/1 19:00,0,0
2003/5/1 19:30,0,0
2003/5/1 20:00,0,0
2003/5/1 20:30,0,0
2003/5/1 21:00,0,0
2003/5/1 21:30,0,0
2003/5/1 22:00,0,0
2003/5/1 22:30,0,0
2003/5/1 23:00,0,0
2003/5/1 23:30,0,0
2003/5/2 0:00,0,0
2003/5/2 0:30,0,0
2003/5/2 1:00,0,0
2003/5/2 1:30,0,0
2003/5/2 2:00,0,0
2003/5/2 2:30,0,0
2003/5/2 3:00,0,0
2003/5/2 3:30,0,0
2003/5/2 4:00,0,0
2003/5/2 4:30,0,0
2003/5/2 5:00,19.84268707,89.29209184
2003/5/2 5:30,45.15731293,203.2079082
2003/5/2 6:00,89.50409917,402.7684463
2003/5/2 6:30,139.4959008,627.7315537
2003/5/2 7:00,192.7183907,867.232758
2003/5/2 7:30,247.2816093,1112.767242
2003/5/2 8:00,295.8854359,1331.484462
2003/5/2 8:30,338.1145641,1521.515538
2003/5/2 9:00,359.6408983,1618.384042
2003/5/2 9:30,393.3591017,1770.115958
2003/5/2 10:00,441.4431209,1986.494044
2003/5/2 10:30,466.5568791,2099.505956
2003/5/2 11:00,469.6131565,2113.259204
2003/5/2 11:30,470.3868435,2116.740796
2003/5/2 12:00,467.5669607,2104.051323
2003/5/2 12:30,446.4330393,2008.948677
2003/5/2 13:00,407.0972703,1831.937716
2003/5/2 13:30,373.9027297,1682.562284
2003/5/2 14:00,343.4368887,1545.465999
2003/5/2 14:30,306.5631113,1379.534001
2003/5/2 15:00,272.3338922,1225.502515
2003/5/2 15:30,222.6661078,1001.997485
2003/5/2 16:00,169.4317934,762.4430703
2003/5/2 16:30,117.5682066,529.0569297
2003/5/2 17:00,71.56505211,322.0427345
2003/5/2 17:30,35.43494789,159.4572655
2003/5/2 18:00,4.420353982,19.89159292
2003/5/2 18:30,1.579646018,7.10840708
2003/5/2 19:00,0,0
2003/5/2 19:30,0,0
2003/5/2 20:00,0,0
2003/5/2 20:30,0,0
2003/5/2 21:00,0,0
2003/5/2 21:30,0,0
2003/5/2 22:00,0,0
2003/5/2 22:30,0,0
2003/5/2 23:00,0,0
2003/5/2 23:30,0,0
2003/5/3 0:00,0,0
2003/5/3 0:30,0,0
2003/5/3 1:00,0,0
2003/5/3 1:30,0,0
2003/5/3 2:00,0,0
2003/5/3 2:30,0,0
2003/5/3 3:00,0,0
2003/5/3 3:30,0,0
2003/5/3 4:00,0.25390625,1.142578125
2003/5/3 4:30,0.74609375,3.357421875
2003/5/3 5:00,19.55254536,87.98645413
2003/5/3 5:30,43.44745464,195.5135459
2003/5/3 6:00,84.05572297,378.2507533
2003/5/3 6:30,131.944277,593.7492467
2003/5/3 7:00,190.8566349,858.8548573
2003/5/3 7:30,246.1433651,1107.645143
2003/5/3 8:00,290.0811516,1305.365182
2003/5/3 8:30,322.9188484,1453.134818
2003/5/3 9:00,330.6811573,1488.065208
2003/5/3 9:30,342.3188427,1540.434792
2003/5/3 10:00,352,1584
2003/5/3 10:30,352,1584
2003/5/3 11:00,336.7996761,1515.598542
2003/5/3 11:30,336.2003239,1512.901458
2003/5/3 12:00,347.8442055,1565.298925
2003/5/3 12:30,351.1557945,1580.201075
2003/5/3 13:00,360.0018029,1620.008113
2003/5/3 13:30,338.9981971,1525.491887
2003/5/3 14:00,293.690515,1321.607317
2003/5/3 14:30,255.309485,1148.892683
2003/5/3 15:00,216.7330581,975.2987614
2003/5/3 15:30,181.2669419,815.7012386
2003/5/3 16:00,153.9734967,692.8807353
2003/5/3 16:30,113.0265033,508.6192647
2003/5/3 17:00,72.83082818,327.7387268
2003/5/3 17:30,37.16917182,167.2612732
2003/5/3 18:00,5.145299145,23.15384615
2003/5/3 18:30,1.854700855,8.346153846
2003/5/3 19:00,0,0
2003/5/3 19:30,0,0
2003/5/3 20:00,0,0
2003/5/3 20:30,0,0
2003/5/3 21:00,0,0
2003/5/3 21:30,0,0
2003/5/3 22:00,0,0
2003/5/3 22:30,0,0
2003/5/3 23:00,0,0
2003/5/3 23:30,0,0
2003/5/4 0:00,0,0
2003/5/4 0:30,0,0
2003/5/4 1:00,0,0
2003/5/4 1:30,0,0
2003/5/4 2:00,0,0
2003/5/4 2:30,0,0
2003/5/4 3:00,0,0
2003/5/4 3:30,0,0
2003/5/4 4:00,0.254310345,1.144396552
2003/5/4 4:30,0.745689655,3.355603448
2003/5/4 5:00,17.78415119,80.02868037
2003/5/4 5:30,39.21584881,176.4713196
2003/5/4 6:00,74.46331151,335.0849018
2003/5/4 6:30,115.5366885,519.9150982
2003/5/4 7:00,161.5003146,726.7514158
2003/5/4 7:30,212.4996854,956.2485842
2003/5/4 8:00,270.7753368,1218.489016
2003/5/4 8:30,313.2246632,1409.510984
2003/5/4 9:00,324.8843099,1461.979394
2003/5/4 9:30,349.1156901,1571.020606
2003/5/4 10:00,380.8045117,1713.620303
2003/5/4 10:30,398.1954883,1791.879697
2003/5/4 11:00,409.6795873,1843.558143
2003/5/4 11:30,396.3204127,1783.441857
2003/5/4 12:00,357.9326622,1610.69698
2003/5/4 12:30,324.0673378,1458.30302
2003/5/4 13:00,296.1507685,1332.678458
2003/5/4 13:30,244.8492315,1101.821542
2003/5/4 14:00,169.864486,764.3901869
2003/5/4 14:30,145.135514,653.1098131
2003/5/4 15:00,149.7620192,673.9290865
2003/5/4 15:30,135.2379808,608.5709135
2003/5/4 16:00,117.9650777,530.8428495
2003/5/4 16:30,91.03492233,409.6571505
2003/5/4 17:00,64.04581976,288.2061889
2003/5/4 17:30,33.95418024,152.7938111
2003/5/4 18:00,5.133333333,23.1
2003/5/4 18:30,1.866666667,8.4
2003/5/4 19:00,0,0
2003/5/4 19:30,0,0
2003/5/4 20:00,0,0
2003/5/4 20:30,0,0
2003/5/4 21:00,0,0
2003/5/4 21:30,0,0
2003/5/4 22:00,0,0
2003/5/4 22:30,0,0
2003/5/4 23:00,0,0
2003/5/4 23:30,0,0
2003/5/5 0:00,0,0
2003/5/5 0:30,0,0
2003/5/5 1:00,0,0
2003/5/5 1:30,0,0
2003/5/5 2:00,0,0
2003/5/5 2:30,0,0
2003/5/5 3:00,0,0
2003/5/5 3:30,0,0
2003/5/5 4:00,0.255555556,1.15
2003/5/5 4:30,0.744444444,3.35
2003/5/5 5:00,13.7138322,61.7122449
2003/5/5 5:30,30.2861678,136.2877551
2003/5/5 6:00,58.95211762,265.2845293
2003/5/5 6:30,93.04788238,418.7154707
2003/5/5 7:00,138.0833897,621.3752538
2003/5/5 7:30,174.9166103,787.1247462
2003/5/5 8:00,185.6785911,835.5536601
2003/5/5 8:30,216.3214089,973.4463399
2003/5/5 9:00,271.4922982,1221.715342
2003/5/5 9:30,307.5077018,1383.784658
2003/5/5 10:00,325.8890096,1466.500543
2003/5/5 10:30,338.1109904,1521.499457
2003/5/5 11:00,349.4053194,1572.323937
2003/5/5 11:30,321.5946806,1447.176063
2003/5/5 12:00,244.8558645,1101.85139
2003/5/5 12:30,230.1441355,1035.64861
2003/5/5 13:00,256.5773992,1154.598296
2003/5/5 13:30,265.4226008,1194.401704
2003/5/5 14:00,282.2349437,1270.057246
2003/5/5 14:30,261.7650563,1177.942754
2003/5/5 15:00,211.8069668,953.1313504
2003/5/5 15:30,173.1930332,779.3686496
2003/5/5 16:00,141.8453566,638.3041048
2003/5/5 16:30,99.15464337,446.1958952
2003/5/5 17:00,56.80825693,255.6371562
2003/5/5 17:30,28.19174307,126.8628438
2003/5/5 18:00,4.401098901,19.80494505
2003/5/5 18:30,1.598901099,7.195054945
2003/5/5 19:00,0,0
2003/5/5 19:30,0,0
2003/5/5 20:00,0,0
2003/5/5 20:30,0,0
2003/5/5 21:00,0,0
2003/5/5 21:30,0,0
2003/5/5 22:00,0,0
2003/5/5 22:30,0,0
2003/5/5 23:00,0,0
2003/5/5 23:30,0,0
2003/5/6 0:00,0,0
2003/5/6 0:30,0,0
2003/5/6 1:00,0,0
2003/5/6 1:30,0,0
2003/5/6 2:00,0,0
2003/5/6 2:30,0,0
2003/5/6 3:00,0,0
2003/5/6 3:30,0,0
2003/5/6 4:00,0.255813953,1.151162791
2003/5/6 4:30,0.744186047,3.348837209
2003/5/6 5:00,12.88496275,57.98233235
2003/5/6 5:30,29.11503725,131.0176676
2003/5/6 6:00,64.04044601,288.182007
2003/5/6 6:30,99.95955399,449.817993
2003/5/6 7:00,127.7734992,574.9807462
2003/5/6 7:30,166.2265008,748.0192538
2003/5/6 8:00,220.5556346,992.5003557
2003/5/6 8:30,258.4443654,1162.999644
2003/5/6 9:00,270.052828,1215.237726
2003/5/6 9:30,288.947172,1300.262274
2003/5/6 10:00,316.8218329,1425.698248
2003/5/6 10:30,311.1781671,1400.301752
2003/5/6 11:00,268.5800524,1208.610236
2003/5/6 11:30,251.4199476,1131.389764
2003/5/6 12:00,247.4977492,1113.739872
2003/5/6 12:30,234.5022508,1055.260128
2003/5/6 13:00,212.0608375,954.2737685
2003/5/6 13:30,206.9391625,931.2262315
2003/5/6 14:00,240.7365559,1083.314501
2003/5/6 14:30,196.2634441,883.1854986
2003/5/6 15:00,98.05078156,441.228517
2003/5/6 15:30,76.94921844,346.271483
2003/5/6 16:00,85.83081275,386.2386574
2003/5/6 16:30,71.16918725,320.2613426
2003/5/6 17:00,52.46164155,236.077387
2003/5/6 17:30,28.53835845,128.422613
2003/5/6 18:00,4.396551724,19.78448276
2003/5/6 18:30,1.603448276,7.215517241
2003/5/6 19:00,0,0
2003/5/6 19:30,0,0
2003/5/6 20:00,0,0
2003/5/6 20:30,0,0
2003/5/6 21:00,0,0
2003/5/6 21:30,0,0
2003/5/6 22:00,0,0
2003/5/6 22:30,0,0
2003/5/6 23:00,0,0
2003/5/6 23:30,0,0
2003/5/7 0:00,0,0
2003/5/7 0:30,0,0
2003/5/7 1:00,0,0
2003/5/7 1:30,0,0
2003/5/7 2:00,0,0
2003/5/7 2:30,0,0
2003/5/7 3:00,0,0
2003/5/7 3:30,0,0
2003/5/7 4:00,0.255952381,1.151785714
2003/5/7 4:30,0.744047619,3.348214286
2003/5/7 5:00,12.98073401,58.41330304
2003/5/7 5:30,28.01926599,126.086697
2003/5/7 6:00,51.07823074,229.8520383
2003/5/7 6:30,76.92176926,346.1479617
2003/5/7 7:00,103.0751352,463.8381085
2003/5/7 7:30,130.9248648,589.1618915
2003/5/7 8:00,161.6725397,727.5264286
2003/5/7 8:30,177.3274603,797.9735714
2003/5/7 9:00,167.026449,751.6190207
2003/5/7 9:30,172.973551,778.3809793
2003/5/7 10:00,187.8047015,845.1211569
2003/5/7 10:30,202.1952985,909.8788431
2003/5/7 11:00,218.6541244,983.94356
2003/5/7 11:30,238.3458756,1072.55644
2003/5/7 12:00,281.5528832,1266.987974
2003/5/7 12:30,269.4471168,1212.512026
2003/5/7 13:00,201.9417737,908.7379818
2003/5/7 13:30,180.0582263,810.2620182
2003/5/7 14:00,173.8426765,782.2920445
2003/5/7 14:30,173.1573235,779.2079555
2003/5/7 15:00,199.1215906,896.0471578
2003/5/7 15:30,176.8784094,795.9528422
2003/5/7 16:00,124.1886486,558.8489186
2003/5/7 16:30,88.81135143,399.6510814
2003/5/7 17:00,61.67584739,277.5413133
2003/5/7 17:30,32.32415261,145.4586867
2003/5/7 18:00,5.128712871,23.07920792
2003/5/7 18:30,1.871287129,8.420792079
2003/5/7 19:00,0,0
2003/5/7 19:30,0,0
2003/5/7 20:00,0,0
2003/5/7 20:30,0,0
2003/5/7 21:00,0,0
2003/5/7 21:30,0,0
2003/5/7 22:00,0,0
2003/5/7 22:30,0,0
2003/5/7 23:00,0,0
2003/5/7 23:30,0,0
2003/5/8 0:00,0,0
2003/5/8 0:30,0,0
2003/5/8 1:00,0,0
2003/5/8 1:30,0,0
2003/5/8 2:00,0,0
2003/5/8 2:30,0,0
2003/5/8 3:00,0,0
2003/5/8 3:30,0,0
2003/5/8 4:00,0.259615385,1.168269231
2003/5/8 4:30,0.740384615,3.331730769
2003/5/8 5:00,8.894230769,40.02403846
2003/5/8 5:30,16.10576923,72.47596154
2003/5/8 6:00,15.6561086,70.45248869
2003/5/8 6:30,24.3438914,109.5475113
2003/5/8 7:00,79.52364398,357.8563979
2003/5/8 7:30,101.476356,456.6436021
2003/5/8 8:00,69.29521807,311.8284813
2003/5/8 8:30,63.70478193,286.6715187
2003/5/8 9:00,62.44261178,280.991753
2003/5/8 9:30,66.55738822,299.508247
2003/5/8 10:00,80.29591837,361.3316327
2003/5/8 10:30,91.70408163,412.6683673
2003/5/8 11:00,106.7582238,480.4120073
2003/5/8 11:30,113.2417762,509.5879927
2003/5/8 12:00,113.8126013,512.1567057
2003/5/8 12:30,104.1873987,468.8432943
2003/5/8 13:00,86.50817989,389.2868095
2003/5/8 13:30,67.49182011,303.7131905
2003/5/8 14:00,44.44730479,200.0128715
2003/5/8 14:30,34.55269521,155.4871285
2003/5/8 15:00,27.67365098,124.5314294
2003/5/8 15:30,27.32634902,122.9685706
2003/5/8 16:00,39.70352564,178.6658654
2003/5/8 16:30,35.29647436,158.8341346
2003/5/8 17:00,21.54166667,96.9375
2003/5/8 17:30,11.45833333,51.5625
2003/5/8 18:00,2.1875,9.84375
2003/5/8 18:30,0.8125,3.65625
2003/5/8 19:00,0,0
2003/5/8 19:30,0,0
2003/5/8 20:00,0,0
2003/5/8 20:30,0,0
2003/5/8 21:00,0,0
2003/5/8 21:30,0,0
2003/5/8 22:00,0,0
2003/5/8 22:30,0,0
2003/5/8 23:00,0,0
2003/5/8 23:30,0,0
2003/5/9 0:00,0,0
2003/5/9 0:30,0,0
2003/5/9 1:00,0,0
2003/5/9 1:30,0,0
2003/5/9 2:00,0,0
2003/5/9 2:30,0,0
2003/5/9 3:00,0,0
2003/5/9 3:30,0,0
2003/5/9 4:00,0.255102041,1.147959184
2003/5/9 4:30,0.744897959,3.352040816
2003/5/9 5:00,14.68557593,66.08509166
2003/5/9 5:30,33.31442407,149.9149083
2003/5/9 6:00,73.16834459,329.2575507
2003/5/9 6:30,114.8316554,516.7424493
2003/5/9 7:00,149.7438523,673.8473354
2003/5/9 7:30,194.2561477,874.1526646
2003/5/9 8:00,250.5491066,1127.47098
2003/5/9 8:30,292.4508934,1316.02902
2003/5/9 9:00,308.8701887,1389.915849
2003/5/9 9:30,334.1298113,1503.584151
2003/5/9 10:00,358.3410844,1612.53488
2003/5/9 10:30,385.6589156,1735.46512
2003/5/9 11:00,425.0972099,1912.937445
2003/5/9 11:30,437.9027901,1970.562555
2003/5/9 12:00,424.5633893,1910.535252
2003/5/9 12:30,413.4366107,1860.464748
2003/5/9 13:00,399.7080151,1798.686068
2003/5/9 13:30,376.2919849,1693.313932
2003/5/9 14:00,345.0151725,1552.568276
2003/5/9 14:30,312.9848275,1408.431724
2003/5/9 15:00,284.5632733,1280.53473
2003/5/9 15:30,240.4367267,1081.96527
2003/5/9 16:00,193.6794922,871.5577148
2003/5/9 16:30,139.3205078,626.9422852
2003/5/9 17:00,87.72026258,394.7411816
2003/5/9 17:30,45.27973742,203.7588184
2003/5/9 18:00,8.039930556,36.1796875
2003/5/9 18:30,2.960069444,13.3203125
2003/5/9 19:00,0,0
2003/5/9 19:30,0,0
2003/5/9 20:00,0,0
2003/5/9 20:30,0,0
2003/5/9 21:00,0,0
2003/5/9 21:30,0,0
2003/5/9 22:00,0,0
2003/5/9 22:30,0,0
2003/5/9 23:00,0,0
2003/5/9 23:30,0,0
2003/5/10 0:00,0,0
2003/5/10 0:30,0,0
2003/5/10 1:00,0,0
2003/5/10 1:30,0,0
2003/5/10 2:00,0,0
2003/5/10 2:30,0,0
2003/5/10 3:00,0,0
2003/5/10 3:30,0,0
2003/5/10 4:00,0.512048193,2.304216868
2003/5/10 4:30,1.487951807,6.695783132
2003/5/10 5:00,25.61964824,115.2884171
2003/5/10 5:30,55.38035176,249.2115829
2003/5/10 6:00,102.6099943,461.7449745
2003/5/10 6:30,152.3900057,685.7550255
2003/5/10 7:00,195.4585017,879.5632578
2003/5/10 7:30,241.5414983,1086.936742
2003/5/10 8:00,281.9721175,1268.874529
2003/5/10 8:30,320.0278825,1440.125471
2003/5/10 9:00,351.0640297,1579.788134
2003/5/10 9:30,375.9359703,1691.711866
2003/5/10 10:00,388.3249034,1747.462066
2003/5/10 10:30,403.6750966,1816.537934
2003/5/10 11:00,425.854858,1916.346861
2003/5/10 11:30,423.145142,1904.153139
2003/5/10 12:00,391.3397735,1761.028981
2003/5/10 12:30,380.6602265,1712.971019
2003/5/10 13:00,388.3009435,1747.354246
2003/5/10 13:30,371.6990565,1672.645754
2003/5/10 14:00,345.9284759,1556.678142
2003/5/10 14:30,302.0715241,1359.321858
2003/5/10 15:00,243.0181926,1093.581867
2003/5/10 15:30,196.9818074,886.4181332
2003/5/10 16:00,161.3130507,725.9087282
2003/5/10 16:30,115.6869493,520.5912718
2003/5/10 17:00,72.39179587,325.7630814
2003/5/10 17:30,37.60820413,169.2369186
2003/5/10 18:00,7.291666667,32.8125
2003/5/10 18:30,2.708333333,12.1875
2003/5/10 19:00,0,0
2003/5/10 19:30,0,0
2003/5/10 20:00,0,0
2003/5/10 20:30,0,0
2003/5/10 21:00,0,0
2003/5/10 21:30,0,0
2003/5/10 22:00,0,0
2003/5/10 22:30,0,0
2003/5/10 23:00,0,0
2003/5/10 23:30,0,0
2003/5/11 0:00,0,0
2003/5/11 0:30,0,0
2003/5/11 1:00,0,0
2003/5/11 1:30,0,0
2003/5/11 2:00,0,0
2003/5/11 2:30,0,0
2003/5/11 3:00,0,0
2003/5/11 3:30,0,0
2003/5/11 4:00,0.519607843,2.338235294
2003/5/11 4:30,1.480392157,6.661764706
2003/5/11 5:00,15.68728871,70.59279919
2003/5/11 5:30,33.31271129,149.9072008
2003/5/11 6:00,60.88140367,273.9663165
2003/5/11 6:30,93.11859633,419.0336835
2003/5/11 7:00,128.2752218,577.2384981
2003/5/11 7:30,170.7247782,768.2615019
2003/5/11 8:00,223.6114995,1006.251748
2003/5/11 8:30,272.3885005,1225.748252
2003/5/11 9:00,317.0413926,1426.686267
2003/5/11 9:30,347.9586074,1565.813733
2003/5/11 10:00,367.24422,1652.59899
2003/5/11 10:30,353.75578,1591.90101
2003/5/11 11:00,305.5288395,1374.879778
2003/5/11 11:30,266.4711605,1199.120222
2003/5/11 12:00,219.7483954,988.8677792
2003/5/11 12:30,196.2516046,883.1322208
2003/5/11 13:00,196.8034771,885.6156469
2003/5/11 13:30,166.1965229,747.8843531
2003/5/11 14:00,114.6854635,516.0845857
2003/5/11 14:30,94.3145365,424.4154143
2003/5/11 15:00,88.60322698,398.7145214
2003/5/11 15:30,75.39677302,339.2854786
2003/5/11 16:00,63.68922013,286.6014906
2003/5/11 16:30,45.31077987,203.8985094
2003/5/11 17:00,25.5727887,115.0775491
2003/5/11 17:30,13.4272113,60.42245086
2003/5/11 18:00,3.607954545,16.23579545
2003/5/11 18:30,1.392045455,6.264204546
2003/5/11 19:00,0,0
2003/5/11 19:30,0,0
2003/5/11 20:00,0,0
2003/5/11 20:30,0,0
2003/5/11 21:00,0,0
2003/5/11 21:30,0,0
2003/5/11 22:00,0,0
2003/5/11 22:30,0,0
2003/5/11 23:00,0,0
2003/5/11 23:30,0,0
2003/5/12 0:00,0,0
2003/5/12 0:30,0,0
2003/5/12 1:00,0,0
2003/5/12 1:30,0,0
2003/5/12 2:00,0,0
2003/5/12 2:30,0,0
2003/5/12 3:00,0,0
2003/5/12 3:30,0,0
2003/5/12 4:00,0.257352941,1.158088235
2003/5/12 4:30,0.742647059,3.341911765
2003/5/12 5:00,10.50931373,47.29191176
2003/5/12 5:30,22.49068627,101.2080882
2003/5/12 6:00,39.56767068,178.0545181
2003/5/12 6:30,62.43232932,280.9454819
2003/5/12 7:00,97.92814114,440.6766351
2003/5/12 7:30,132.0718589,594.3233649
2003/5/12 8:00,155.9297039,701.6836677
2003/5/12 8:30,195.0702961,877.8163323
2003/5/12 9:00,264.9495961,1192.273183
2003/5/12 9:30,305.0504039,1372.726817
2003/5/12 10:00,316.3707438,1423.668347
2003/5/12 10:30,305.6292562,1375.331653
2003/5/12 11:00,257.5247284,1158.861278
2003/5/12 11:30,238.4752716,1073.138722
2003/5/12 12:00,231.0258667,1039.6164
2003/5/12 12:30,225.9741333,1016.8836
2003/5/12 13:00,228.2048198,1026.921689
2003/5/12 13:30,225.7951802,1016.078311
2003/5/12 14:00,222.60168,1001.70756
2003/5/12 14:30,215.39832,969.29244
2003/5/12 15:00,223.632201,1006.344904
2003/5/12 15:30,174.367799,784.6550957
2003/5/12 16:00,90.83151515,408.7418182
2003/5/12 16:30,61.16848485,275.2581818
2003/5/12 17:00,49.06425703,220.7891566
2003/5/12 17:30,26.93574297,121.2108434
2003/5/12 18:00,5.102409639,22.96084337
2003/5/12 18:30,1.897590361,8.539156627
2003/5/12 19:00,0,0
2003/5/12 19:30,0,0
2003/5/12 20:00,0,0
2003/5/12 20:30,0,0
2003/5/12 21:00,0,0
2003/5/12 21:30,0,0
2003/5/12 22:00,0,0
2003/5/12 22:30,0,0
2003/5/12 23:00,0,0
2003/5/12 23:30,0,0
2003/5/13 0:00,0,0
2003/5/13 0:30,0,0
2003/5/13 1:00,0,0
2003/5/13 1:30,0,0
2003/5/13 2:00,0,0
2003/5/13 2:30,0,0
2003/5/13 3:00,0,0
2003/5/13 3:30,0,0
2003/5/13 4:00,0.516949153,2.326271186
2003/5/13 4:30,1.483050847,6.673728814
2003/5/13 5:00,17.93088549,80.68898472
2003/5/13 5:30,39.06911451,175.8110153
2003/5/13 6:00,78.78264154,354.521887
2003/5/13 6:30,118.2173585,531.978113
2003/5/13 7:00,145.1743431,653.2845439
2003/5/13 7:30,182.8256569,822.7154561
2003/5/13 8:00,234.58621,1055.637945
2003/5/13 8:30,267.41379,1203.362055
2003/5/13 9:00,281.9015103,1268.556796
2003/5/13 9:30,275.0984897,1237.943204
2003/5/13 10:00,225.7431952,1015.844378
2003/5/13 10:30,229.2568048,1031.655622
2003/5/13 11:00,284.8511182,1281.830032
2003/5/13 11:30,308.1488818,1386.669968
2003/5/13 12:00,309.2090234,1391.440605
2003/5/13 12:30,314.7909766,1416.559395
2003/5/13 13:00,319.9945518,1439.975483
2003/5/13 13:30,317.0054482,1426.524517
2003/5/13 14:00,317.1431532,1427.14419
2003/5/13 14:30,283.8568468,1277.35581
2003/5/13 15:00,226.7211547,1020.245196
2003/5/13 15:30,180.2788453,811.254804
2003/5/13 16:00,139.2475367,626.6139152
2003/5/13 16:30,97.7524633,439.8860848
2003/5/13 17:00,60.94044572,274.2320057
2003/5/13 17:30,32.05955428,144.2679943
2003/5/13 18:00,7.257281553,32.65776699
2003/5/13 18:30,2.742718447,12.34223301
2003/5/13 19:00,0,0
2003/5/13 19:30,0,0
2003/5/13 20:00,0,0
2003/5/13 20:30,0,0
2003/5/13 21:00,0,0
2003/5/13 21:30,0,0
2003/5/13 22:00,0,0
2003/5/13 22:30,0,0
2003/5/13 23:00,0,0
2003/5/13 23:30,0,0
2003/5/14 0:00,0,0
2003/5/14 0:30,0,0
2003/5/14 1:00,0,0
2003/5/14 1:30,0,0
2003/5/14 2:00,0,0
2003/5/14 2:30,0,0
2003/5/14 3:00,0,0
2003/5/14 3:30,0,0
2003/5/14 4:00,0.782142857,3.519642857
2003/5/14 4:30,2.217857143,9.980357143
2003/5/14 5:00,21.56366006,97.03647028
2003/5/14 5:30,45.43633994,204.4635297
2003/5/14 6:00,83.29705422,374.836744
2003/5/14 6:30,123.7029458,556.663256
2003/5/14 7:00,165.4327013,744.447156
2003/5/14 7:30,194.5672987,875.552844
2003/5/14 8:00,191.5133183,861.8099323
2003/5/14 8:30,209.4866817,942.6900677
2003/5/14 9:00,246.1446999,1107.651149
2003/5/14 9:30,269.8553001,1214.348851
2003/5/14 10:00,277.8097848,1250.144032
2003/5/14 10:30,302.1902152,1359.855968
2003/5/14 11:00,354.5511028,1595.479963
2003/5/14 11:30,368.4488972,1658.020037
2003/5/14 12:00,350.7296326,1578.283347
2003/5/14 12:30,326.2703674,1468.216653
2003/5/14 13:00,288.1013277,1296.455975
2003/5/14 13:30,252.8986723,1138.044025
2003/5/14 14:00,217.0296564,976.6334537
2003/5/14 14:30,183.9703436,827.8665463
2003/5/14 15:00,155.0633522,697.7850848
2003/5/14 15:30,122.9366478,553.2149152
2003/5/14 16:00,92.41147336,415.8516301
2003/5/14 16:30,63.58852664,286.1483699
2003/5/14 17:00,38.21071846,171.9482331
2003/5/14 17:30,19.78928154,89.05176694
2003/5/14 18:00,4.359375,19.6171875
2003/5/14 18:30,1.640625,7.3828125
2003/5/14 19:00,0,0
2003/5/14 19:30,0,0
2003/5/14 20:00,0,0
2003/5/14 20:30,0,0
2003/5/14 21:00,0,0
2003/5/14 21:30,0,0
2003/5/14 22:00,0,0
2003/5/14 22:30,0,0
2003/5/14 23:00,0,0
2003/5/14 23:30,0,0
2003/5/15 0:00,0,0
2003/5/15 0:30,0,0
2003/5/15 1:00,0,0
2003/5/15 1:30,0,0
2003/5/15 2:00,0,0
2003/5/15 2:30,0,0
2003/5/15 3:00,0,0
2003/5/15 3:30,0,0
2003/5/15 4:00,0.260869565,1.173913043
2003/5/15 4:30,0.739130435,3.326086957
2003/5/15 5:00,8.923340961,40.15503432
2003/5/15 5:30,13.07665904,58.84496568
2003/5/15 6:00,7.621911923,34.29860365
2003/5/15 6:30,8.378088077,37.70139635
2003/5/15 7:00,13.46471088,60.59119898
2003/5/15 7:30,19.53528912,87.90880102
2003/5/15 8:00,33.37948312,150.2076741
2003/5/15 8:30,41.62051688,187.2923259
2003/5/15 9:00,40.61276494,182.7574422
2003/5/15 9:30,42.38723506,190.7425578
2003/5/15 10:00,44.77412099,201.4835444
2003/5/15 10:30,44.22587901,199.0164556
2003/5/15 11:00,39.23158375,176.5421269
2003/5/15 11:30,39.76841625,178.9578731
2003/5/15 12:00,45.33171639,203.9927237
2003/5/15 12:30,48.66828361,219.0072763
2003/5/15 13:00,52.85697171,237.8563727
2003/5/15 13:30,52.14302829,234.6436273
2003/5/15 14:00,47.49419244,213.723866
2003/5/15 14:30,41.50580756,186.776134
2003/5/15 15:00,34.19460993,153.8757447
2003/5/15 15:30,26.80539007,120.6242553
2003/5/15 16:00,19.3962766,87.28324468
2003/5/15 16:30,13.6037234,61.21675532
2003/5/15 17:00,9.019946809,40.58976064
2003/5/15 17:30,4.980053191,22.41023936
2003/5/15 18:00,1.4375,6.46875
2003/5/15 18:30,0.5625,2.53125
2003/5/15 19:00,0,0
2003/5/15 19:30,0,0
2003/5/15 20:00,0,0
2003/5/15 20:30,0,0
2003/5/15 21:00,0,0
2003/5/15 21:30,0,0
2003/5/15 22:00,0,0
2003/5/15 22:30,0,0
2003/5/15 23:00,0,0
2003/5/15 23:30,0,0
2003/5/16 0:00,0,0
2003/5/16 0:30,0,0
2003/5/16 1:00,0,0
2003/5/16 1:30,0,0
2003/5/16 2:00,0,0
2003/5/16 2:30,0,0
2003/5/16 3:00,0,0
2003/5/16 3:30,0,0
2003/5/16 4:00,0.257352941,1.158088235
2003/5/16 4:30,0.742647059,3.341911765
2003/5/16 5:00,11.06104329,49.77469478
2003/5/16 5:30,21.93895671,98.72530522
2003/5/16 6:00,33.72755966,151.7740185
2003/5/16 6:30,39.27244034,176.7259815
2003/5/16 7:00,30.73200464,138.2940209
2003/5/16 7:30,32.26799536,145.2059791
2003/5/16 8:00,42.65989258,191.9695166
2003/5/16 8:30,46.34010742,208.5304834
2003/5/16 9:00,38.85855408,174.8634934
2003/5/16 9:30,49.14144592,221.1365066
2003/5/16 10:00,105.5654713,475.0446207
2003/5/16 10:30,140.4345287,631.9553793
2003/5/16 11:00,140.1754568,630.7895557
2003/5/16 11:30,156.8245432,705.7104443
2003/5/16 12:00,185.434922,834.4571488
2003/5/16 12:30,200.565078,902.5428512
2003/5/16 13:00,204.4385258,919.9733661
2003/5/16 13:30,202.5614742,911.5266339
2003/5/16 14:00,202.0717344,909.3228049
2003/5/16 14:30,169.9282656,764.6771951
2003/5/16 15:00,112.5475125,506.4638065
2003/5/16 15:30,87.45248745,393.5361935
2003/5/16 16:00,77.25393736,347.6427181
2003/5/16 16:30,55.74606264,250.8572819
2003/5/16 17:00,33.37392735,150.1826731
2003/5/16 17:30,17.62607265,79.31732695
2003/5/16 18:00,4.342105263,19.53947368
2003/5/16 18:30,1.657894737,7.460526316
2003/5/16 19:00,0,0
2003/5/16 19:30,0,0
2003/5/16 20:00,0,0
2003/5/16 20:30,0,0
2003/5/16 21:00,0,0
2003/5/16 21:30,0,0
2003/5/16 22:00,0,0
2003/5/16 22:30,0,0
2003/5/16 23:00,0,0
2003/5/16 23:30,0,0
2003/5/17 0:00,0,0
2003/5/17 0:30,0,0
2003/5/17 1:00,0,0
2003/5/17 1:30,0,0
2003/5/17 2:00,0,0
2003/5/17 2:30,0,0
2003/5/17 3:00,0,0
2003/5/17 3:30,0,0
2003/5/17 4:00,0.270833333,1.21875
2003/5/17 4:30,0.729166667,3.28125
2003/5/17 5:00,3.529166667,15.88125
2003/5/17 5:30,7.470833333,33.61875
2003/5/17 6:00,16.83909774,75.77593985
2003/5/17 6:30,27.16090226,122.2240602
2003/5/17 7:00,39.04066416,175.6829887
2003/5/17 7:30,49.95933584,224.8170113
2003/5/17 8:00,57.04065794,256.6829607
2003/5/17 8:30,63.95934206,287.8170393
2003/5/17 9:00,68.96905384,310.3607423
2003/5/17 9:30,72.03094616,324.1392577
2003/5/17 10:00,69.61540436,313.2693196
2003/5/17 10:30,74.38459564,334.7306804
2003/5/17 11:00,86.6395664,389.8780488
2003/5/17 11:30,97.3604336,438.1219512
2003/5/17 12:00,117.1406071,527.132732
2003/5/17 12:30,112.8593929,507.867268
2003/5/17 13:00,84.51010416,380.2954687
2003/5/17 13:30,73.48989584,330.7045313
2003/5/17 14:00,69.14730119,311.1628553
2003/5/17 14:30,61.85269881,278.3371447
2003/5/17 15:00,55.05784798,247.7603159
2003/5/17 15:30,45.94215202,206.7396841
2003/5/17 16:00,36.35354128,163.5909357
2003/5/17 16:30,26.64645872,119.9090643
2003/5/17 17:00,18.16873449,81.75930521
2003/5/17 17:30,9.831265509,44.24069479
2003/5/17 18:00,2.177419355,9.798387097
2003/5/17 18:30,0.822580645,3.701612903
2003/5/17 19:00,0,0
2003/5/17 19:30,0,0
2003/5/17 20:00,0,0
2003/5/17 20:30,0,0
2003/5/17 21:00,0,0
2003/5/17 21:30,0,0
2003/5/17 22:00,0,0
2003/5/17 22:30,0,0
2003/5/17 23:00,0,0
2003/5/17 23:30,0,0
2003/5/18 0:00,0,0
2003/5/18 0:30,0,0
2003/5/18 1:00,0,0
2003/5/18 1:30,0,0
2003/5/18 2:00,0,0
2003/5/18 2:30,0,0
2003/5/18 3:00,0,0
2003/5/18 3:30,0,0
2003/5/18 4:00,0.783088235,3.523897059
2003/5/18 4:30,2.216911765,9.976102941
2003/5/18 5:00,21.14181295,95.13815828
2003/5/18 5:30,43.85818705,197.3618417
2003/5/18 6:00,76.99801971,346.4910887
2003/5/18 6:30,111.0019803,499.5089113
2003/5/18 7:00,142.1832598,639.824669
2003/5/18 7:30,162.8167402,732.675331
2003/5/18 8:00,155.3990141,699.2955636
2003/5/18 8:30,170.6009859,767.7044364
2003/5/18 9:00,215.5023898,969.7607541
2003/5/18 9:30,228.4976102,1028.239246
2003/5/18 10:00,205.9260948,926.6674264
2003/5/18 10:30,207.0739052,931.8325736
2003/5/18 11:00,225.0122515,1012.555132
2003/5/18 11:30,228.9877485,1030.444868
2003/5/18 12:00,238.2192802,1071.986761
2003/5/18 12:30,204.7807198,921.5132392
2003/5/18 13:00,132.6913107,597.110898
2003/5/18 13:30,111.3086893,500.889102
2003/5/18 14:00,116.6493092,524.9218912
2003/5/18 14:30,99.35069084,447.0781088
2003/5/18 15:00,69.12455703,311.0605066
2003/5/18 15:30,57.87544297,260.4394934
2003/5/18 16:00,57.52912127,258.8810457
2003/5/18 16:30,47.47087873,213.6189543
2003/5/18 17:00,36.77895234,165.5052855
2003/5/18 17:30,21.22104766,95.49471449
2003/5/18 18:00,5.061538462,22.77692308
2003/5/18 18:30,1.938461538,8.723076923
2003/5/18 19:00,0,0
2003/5/18 19:30,0,0
2003/5/18 20:00,0,0
2003/5/18 20:30,0,0
2003/5/18 21:00,0,0
2003/5/18 21:30,0,0
2003/5/18 22:00,0,0
2003/5/18 22:30,0,0
2003/5/18 23:00,0,0
2003/5/18 23:30,0,0
2003/5/19 0:00,0,0
2003/5/19 0:30,0,0
2003/5/19 1:00,0,0
2003/5/19 1:30,0,0
2003/5/19 2:00,0,0
2003/5/19 2:30,0,0
2003/5/19 3:00,0,0
2003/5/19 3:30,0,0
2003/5/19 4:00,0.532258065,2.39516129
2003/5/19 4:30,1.467741935,6.60483871
2003/5/19 5:00,10.31342095,46.41039427
2003/5/19 5:30,18.68657905,84.08960573
2003/5/19 6:00,21.65432099,97.44444444
2003/5/19 6:30,30.34567901,136.5555556
2003/5/19 7:00,51.21306818,230.4588068
2003/5/19 7:30,65.78693182,296.0411932
2003/5/19 8:00,69.91896307,314.6353338
2003/5/19 8:30,77.08103693,346.8646662
2003/5/19 9:00,83.90199653,377.5589844
2003/5/19 9:30,89.09800347,400.9410156
2003/5/19 10:00,93.29930556,419.846875
2003/5/19 10:30,93.70069444,421.653125
2003/5/19 11:00,88,396
2003/5/19 11:30,88,396
2003/5/19 12:00,92.98068284,418.4130728
2003/5/19 12:30,94.01931716,423.0869272
2003/5/19 13:00,92.63196721,416.8438524
2003/5/19 13:30,91.36803279,411.1561476
2003/5/19 14:00,90.39513108,406.7780899
2003/5/19 14:30,86.60486892,389.7219101
2003/5/19 15:00,81.24979463,365.6240758
2003/5/19 15:30,73.75020537,331.8759242
2003/5/19 16:00,67.13381001,302.102145
2003/5/19 16:30,52.86618999,237.897855
2003/5/19 17:00,37.01770514,166.5796731
2003/5/19 17:30,20.98229486,94.42032686
2003/5/19 18:00,5.757575758,25.90909091
2003/5/19 18:30,2.242424242,10.09090909
2003/5/19 19:00,0,0
2003/5/19 19:30,0,0
2003/5/19 20:00,0,0
2003/5/19 20:30,0,0
2003/5/19 21:00,0,0
2003/5/19 21:30,0,0
2003/5/19 22:00,0,0
2003/5/19 22:30,0,0
2003/5/19 23:00,0,0
2003/5/19 23:30,0,0
2003/5/20 0:00,0,0
2003/5/20 0:30,0,0
2003/5/20 1:00,0,0
2003/5/20 1:30,0,0
2003/5/20 2:00,0,0
2003/5/20 2:30,0,0
2003/5/20 3:00,0,0
2003/5/20 3:30,0,0
2003/5/20 4:00,0.790178571,3.555803572
2003/5/20 4:30,2.209821429,9.944196428
2003/5/20 5:00,18.09070378,81.40816702
2003/5/20 5:30,34.90929622,157.091833
2003/5/20 6:00,48.11911765,216.5360294
2003/5/20 6:30,68.88088235,309.9639706
2003/5/20 7:00,102.3143872,460.4147425
2003/5/20 7:30,131.6856128,592.5852575
2003/5/20 8:00,155.7102862,700.696288
2003/5/20 8:30,173.2897138,779.803712
2003/5/20 9:00,173.9361357,782.7126105
2003/5/20 9:30,186.0638643,837.2873895
2003/5/20 10:00,211.3605775,951.1225988
2003/5/20 10:30,219.6394225,988.3774012
2003/5/20 11:00,219.174464,986.2850881
2003/5/20 11:30,200.825536,903.7149119
2003/5/20 12:00,161.3343124,726.0044059
2003/5/20 12:30,141.6656876,637.4955941
2003/5/20 13:00,133.1502872,599.1762924
2003/5/20 13:30,115.8497128,521.3237076
2003/5/20 14:00,92.59837142,416.6926714
2003/5/20 14:30,80.40162858,361.8073286
2003/5/20 15:00,80.69342965,363.1204334
2003/5/20 15:30,60.30657035,271.3795666
2003/5/20 16:00,31.19744566,140.3885055
2003/5/20 16:30,18.80255434,84.61149453
2003/5/20 17:00,10.39872408,46.79425837
2003/5/20 17:30,5.601275917,25.20574163
2003/5/20 18:00,2.131578947,9.592105263
2003/5/20 18:30,0.868421053,3.907894737
2003/5/20 19:00,0,0
2003/5/20 19:30,0,0
2003/5/20 20:00,0,0
2003/5/20 20:30,0,0
2003/5/20 21:00,0,0
2003/5/20 21:30,0,0
2003/5/20 22:00,0,0
2003/5/20 22:30,0,0
2003/5/20 23:00,0,0
2003/5/20 23:30,0,0
2003/5/21 0:00,0,0
2003/5/21 0:30,0,0
2003/5/21 1:00,0,0
2003/5/21 1:30,0,0
2003/5/21 2:00,0,0
2003/5/21 2:30,0,0
2003/5/21 3:00,0,0
2003/5/21 3:30,0,0
2003/5/21 4:00,0.786885246,3.540983607
2003/5/21 4:30,2.213114754,9.959016393
2003/5/21 5:00,19.88533698,89.48401639
2003/5/21 5:30,38.11466302,171.5159836
2003/5/21 6:00,50.43919082,226.9763587
2003/5/21 6:30,71.56080918,322.0236413
2003/5/21 7:00,106.8539335,480.8427007
2003/5/21 7:30,139.1460665,626.1572993
2003/5/21 8:00,157.1006912,706.9531104
2003/5/21 8:30,202.8993088,913.0468896
2003/5/21 9:00,315.1854455,1418.334505
2003/5/21 9:30,384.8145545,1731.665495
2003/5/21 10:00,399.5719571,1798.073807
2003/5/21 10:30,417.4280429,1878.426193
2003/5/21 11:00,423.2153666,1904.46915
2003/5/21 11:30,410.7846334,1848.53085
2003/5/21 12:00,371.4732584,1671.629663
2003/5/21 12:30,353.5267416,1590.870337
2003/5/21 13:00,355.8926572,1601.516957
2003/5/21 13:30,328.1073428,1476.483043
2003/5/21 14:00,274.6943582,1236.124612
2003/5/21 14:30,248.3056418,1117.375388
2003/5/21 15:00,244.9602185,1102.320983
2003/5/21 15:30,211.0397815,949.6790168
2003/5/21 16:00,163.1073675,733.9831536
2003/5/21 16:30,122.8926325,553.0168464
2003/5/21 17:00,91.1404321,410.1319444
2003/5/21 17:30,51.8595679,233.3680556
2003/5/21 18:00,13.69290123,61.61805556
2003/5/21 18:30,5.307098765,23.88194444
2003/5/21 19:00,0,0
2003/5/21 19:30,0,0
2003/5/21 20:00,0,0
2003/5/21 20:30,0,0
2003/5/21 21:00,0,0
2003/5/21 21:30,0,0
2003/5/21 22:00,0,0
2003/5/21 22:30,0,0
2003/5/21 23:00,0,0
2003/5/21 23:30,0,0
2003/5/22 0:00,0,0
2003/5/22 0:30,0,0
2003/5/22 1:00,0,0
2003/5/22 1:30,0,0
2003/5/22 2:00,0,0
2003/5/22 2:30,0,0
2003/5/22 3:00,0,0
2003/5/22 3:30,0,0
2003/5/22 4:00,1.318681319,5.934065934
2003/5/22 4:30,3.681318681,16.56593407
2003/5/22 5:00,28.72380234,129.2571105
2003/5/22 5:30,57.27619766,257.7428895
2003/5/22 6:00,89.51263445,402.806855
2003/5/22 6:30,130.4873655,587.193145
2003/5/22 7:00,180.3523418,811.5855379
2003/5/22 7:30,234.6476582,1055.914462
2003/5/22 8:00,298.1525401,1341.686431
2003/5/22 8:30,345.8474599,1556.313569
2003/5/22 9:00,363.011298,1633.550841
2003/5/22 9:30,392.988702,1768.449159
2003/5/22 10:00,431.478619,1941.653786
2003/5/22 10:30,453.521381,2040.846214
2003/5/22 11:00,460.5948415,2072.676787
2003/5/22 11:30,462.4051585,2080.823213
2003/5/22 12:00,459.0883959,2065.897782
2003/5/22 12:30,439.9116041,1979.602218
2003/5/22 13:00,405.1810509,1823.314729
2003/5/22 13:30,372.8189491,1677.685271
2003/5/22 14:00,341.0857947,1534.886076
2003/5/22 14:30,302.9142053,1363.113924
2003/5/22 15:00,264.0458599,1188.206369
2003/5/22 15:30,218.9541401,985.2936306
2003/5/22 16:00,176.113285,792.5097826
2003/5/22 16:30,125.886715,566.4902174
2003/5/22 17:00,77.91093086,350.5991889
2003/5/22 17:30,41.08906914,184.9008111
2003/5/22 18:00,9.429924242,42.43465909
2003/5/22 18:30,3.570075758,16.06534091
2003/5/22 19:00,0,0
2003/5/22 19:30,0,0
2003/5/22 20:00,0,0
2003/5/22 20:30,0,0
2003/5/22 21:00,0,0
2003/5/22 21:30,0,0
2003/5/22 22:00,0,0
2003/5/22 22:30,0,0
2003/5/22 23:00,0,0
2003/5/22 23:30,0,0
2003/5/23 0:00,0,0
2003/5/23 0:30,0,0
2003/5/23 1:00,0,0
2003/5/23 1:30,0,0
2003/5/23 2:00,0,0
2003/5/23 2:30,0,0
2003/5/23 3:00,0,0
2003/5/23 3:30,0,0
2003/5/23 4:00,0.261363636,1.176136364
2003/5/23 4:30,0.738636364,3.323863636
2003/5/23 5:00,6.902097902,31.05944056
2003/5/23 5:30,14.0979021,63.44055944
2003/5/23 6:00,25.67765996,115.5494698
2003/5/23 6:30,31.32234004,140.9505302
2003/5/23 7:00,22.44835219,101.0175848
2003/5/23 7:30,27.55164781,123.9824152
2003/5/23 8:00,60.11961722,270.5382775
2003/5/23 8:30,79.88038278,359.4617225
2003/5/23 9:00,80.85561497,363.8502674
2003/5/23 9:30,87.14438503,392.1497326
2003/5/23 10:00,93.04795903,418.7158156
2003/5/23 10:30,95.95204097,431.7841844
2003/5/23 11:00,89.27350744,401.7307835
2003/5/23 11:30,100.7264926,453.2692165
2003/5/23 12:00,142.8857548,642.9858967
2003/5/23 12:30,166.1142452,747.5141033
2003/5/23 13:00,179.4848116,807.6816522
2003/5/23 13:30,170.5151884,767.3183478
2003/5/23 14:00,135.8367647,611.2654412
2003/5/23 14:30,115.1632353,518.2345588
2003/5/23 15:00,96.20649652,432.9292343
2003/5/23 15:30,83.79350348,377.0707657
2003/5/23 16:00,81.04347826,364.6956522
2003/5/23 16:30,62.95652174,283.3043478
2003/5/23 17:00,40.11530552,180.5188749
2003/5/23 17:30,22.88469448,102.9811251
2003/5/23 18:00,7.841216216,35.28547297
2003/5/23 18:30,3.158783784,14.21452703
2003/5/23 19:00,0,0
2003/5/23 19:30,0,0
2003/5/23 20:00,0,0
2003/5/23 20:30,0,0
2003/5/23 21:00,0,0
2003/5/23 21:30,0,0
2003/5/23 22:00,0,0
2003/5/23 22:30,0,0
2003/5/23 23:00,0,0
2003/5/23 23:30,0,0
2003/5/24 0:00,0,0
2003/5/24 0:30,0,0
2003/5/24 1:00,0,0
2003/5/24 1:30,0,0
2003/5/24 2:00,0,0
2003/5/24 2:30,0,0
2003/5/24 3:00,0,0
2003/5/24 3:30,0,0
2003/5/24 4:00,0.784615385,3.530769231
2003/5/24 4:30,2.215384615,9.969230769
2003/5/24 5:00,20.37555778,91.69000999
2003/5/24 5:30,41.62444222,187.30999
2003/5/24 6:00,68.19156508,306.8620429
2003/5/24 6:30,100.8084349,453.6379571
2003/5/24 7:00,141.2882092,635.7969414
2003/5/24 7:30,178.7117908,804.2030586
2003/5/24 8:00,206.2732293,928.2295317
2003/5/24 8:30,234.7267707,1056.270468
2003/5/24 9:00,260.159665,1170.718493
2003/5/24 9:30,277.840335,1250.281507
2003/5/24 10:00,277.12747,1247.073615
2003/5/24 10:30,296.87253,1335.926385
2003/5/24 11:00,342.6252019,1541.813409
2003/5/24 11:30,366.3747981,1648.686591
2003/5/24 12:00,372.6746525,1677.035936
2003/5/24 12:30,378.3253475,1702.464064
2003/5/24 13:00,379.8081614,1709.136726
2003/5/24 13:30,373.1918386,1679.363274
2003/5/24 14:00,366.5147177,1649.31623
2003/5/24 14:30,333.4852823,1500.68377
2003/5/24 15:00,279.3166437,1256.924897
2003/5/24 15:30,235.6833563,1060.575103
2003/5/24 16:00,201.5736183,907.0812824
2003/5/24 16:30,151.4263817,681.4187176
2003/5/24 17:00,101.458915,456.5651174
2003/5/24 17:30,56.54108502,254.4348826
2003/5/24 18:00,15.82777778,71.225
2003/5/24 18:30,6.172222222,27.775
2003/5/24 19:00,0,0
2003/5/24 19:30,0,0
2003/5/24 20:00,0,0
2003/5/24 20:30,0,0
2003/5/24 21:00,0,0
2003/5/24 21:30,0,0
2003/5/24 22:00,0,0
2003/5/24 22:30,0,0
2003/5/24 23:00,0,0
2003/5/24 23:30,0,0
2003/5/25 0:00,0,0
2003/5/25 0:30,0,0
2003/5/25 1:00,0,0
2003/5/25 1:30,0,0
2003/5/25 2:00,0,0
2003/5/25 2:30,0,0
2003/5/25 3:00,0,0
2003/5/25 3:30,0,0
2003/5/25 4:00,1.628571429,7.328571429
2003/5/25 4:30,4.371428571,19.67142857
2003/5/25 5:00,21.76627836,97.94825261
2003/5/25 5:30,42.23372164,190.0517474
2003/5/25 6:00,71.14389113,320.1475101
2003/5/25 6:30,97.85610887,440.3524899
2003/5/25 7:00,112.1654844,504.7446799
2003/5/25 7:30,131.8345156,593.2553201
2003/5/25 8:00,157.1249085,707.0620883
2003/5/25 8:30,166.8750915,750.9379117
2003/5/25 9:00,152.8238676,687.7074042
2003/5/25 9:30,158.1761324,711.7925958
2003/5/25 10:00,177.4345898,798.455654
2003/5/25 10:30,194.5654102,875.544346
2003/5/25 11:00,214.7562221,966.4029997
2003/5/25 11:30,235.2437779,1058.597
2003/5/25 12:00,256.0756099,1152.340244
2003/5/25 12:30,279.9243901,1259.659756
2003/5/25 13:00,320.1095834,1440.493125
2003/5/25 13:30,322.8904166,1453.006875
2003/5/25 14:00,301.3288309,1355.979739
2003/5/25 14:30,253.6711691,1141.520261
2003/5/25 15:00,179.5046142,807.7707639
2003/5/25 15:30,139.4953858,627.7292361
2003/5/25 16:00,114.5263414,515.3685361
2003/5/25 16:30,84.47365863,380.1314639
2003/5/25 17:00,57.53018838,258.8858477
2003/5/25 17:30,33.46981162,150.6141523
2003/5/25 18:00,12.08101852,54.36458333
2003/5/25 18:30,4.918981481,22.13541667
2003/5/25 19:00,0,0
2003/5/25 19:30,0,0
2003/5/25 20:00,0,0
2003/5/25 20:30,0,0
2003/5/25 21:00,0,0
2003/5/25 21:30,0,0
2003/5/25 22:00,0,0
2003/5/25 22:30,0,0
2003/5/25 23:00,0,0
2003/5/25 23:30,0,0
2003/5/26 0:00,0,0
2003/5/26 0:30,0,0
2003/5/26 1:00,0,0
2003/5/26 1:30,0,0
2003/5/26 2:00,0,0
2003/5/26 2:30,0,0
2003/5/26 3:00,0,0
2003/5/26 3:30,0,0
2003/5/26 4:00,0.555555556,2.5
2003/5/26 4:30,1.444444444,6.5
2003/5/26 5:00,5.898989899,26.54545455
2003/5/26 5:30,10.1010101,45.45454545
2003/5/26 6:00,11.67588933,52.54150198
2003/5/26 6:30,16.32411067,73.45849802
2003/5/26 7:00,25.65461195,115.4457538
2003/5/26 7:30,38.34538805,172.5542462
2003/5/26 8:00,66.45943277,299.0674474
2003/5/26 8:30,83.54056723,375.9325526
2003/5/26 9:00,79.7098286,358.6942287
2003/5/26 9:30,87.2901714,392.8057713
2003/5/26 10:00,105.9944724,476.9751258
2003/5/26 10:30,110.0055276,495.0248742
2003/5/26 11:00,99.00877919,445.5395064
2003/5/26 11:30,94.99122081,427.4604936
2003/5/26 12:00,90.38123125,406.7155406
2003/5/26 12:30,92.61876875,416.7844594
2003/5/26 13:00,106.4303449,478.9365519
2003/5/26 13:30,107.5696551,484.0634481
2003/5/26 14:00,96.54740167,434.4633075
2003/5/26 14:30,94.45259833,425.0366925
2003/5/26 15:00,100.940688,454.2330958
2003/5/26 15:30,95.05931203,427.7669042
2003/5/26 16:00,84.19526325,378.8786846
2003/5/26 16:30,65.80473675,296.1213154
2003/5/26 17:00,45.75004296,205.8751933
2003/5/26 17:30,25.24995704,113.6248067
2003/5/26 18:00,5.797468354,26.08860759
2003/5/26 18:30,2.202531646,9.911392405
2003/5/26 19:00,0,0
2003/5/26 19:30,0,0
2003/5/26 20:00,0,0
2003/5/26 20:30,0,0
2003/5/26 21:00,0,0
2003/5/26 21:30,0,0
2003/5/26 22:00,0,0
2003/5/26 22:30,0,0
2003/5/26 23:00,0,0
2003/5/26 23:30,0,0
2003/5/27 0:00,0,0
2003/5/27 0:30,0,0
2003/5/27 1:00,0,0
2003/5/27 1:30,0,0
2003/5/27 2:00,0,0
2003/5/27 2:30,0,0
2003/5/27 3:00,0,0
2003/5/27 3:30,0,0
2003/5/27 4:00,0.822580645,3.701612903
2003/5/27 4:30,2.177419355,9.798387097
2003/5/27 5:00,8.816954239,39.67629407
2003/5/27 5:30,19.18304576,86.32370593
2003/5/27 6:00,55.29051693,248.8073262
2003/5/27 6:30,88.70948307,399.1926738
2003/5/27 7:00,107.1902118,482.355953
2003/5/27 7:30,134.8097882,606.644047
2003/5/27 8:00,169.4192596,762.3866683
2003/5/27 8:30,195.5807404,880.1133317
2003/5/27 9:00,203.9305963,917.6876834
2003/5/27 9:30,228.0694037,1026.312317
2003/5/27 10:00,277.4318413,1248.443286
2003/5/27 10:30,294.5681587,1325.556714
2003/5/27 11:00,288.9152435,1300.118596
2003/5/27 11:30,261.0847565,1174.881404
2003/5/27 12:00,198.6203778,893.7917002
2003/5/27 12:30,181.3796222,816.2082998
2003/5/27 13:00,195.9460196,881.7570883
2003/5/27 13:30,185.0539804,832.7429117
2003/5/27 14:00,158.625391,713.8142597
2003/5/27 14:30,143.374609,645.1857403
2003/5/27 15:00,141.4654007,636.5943033
2003/5/27 15:30,112.5345993,506.4056967
2003/5/27 16:00,67.77425512,304.984148
2003/5/27 16:30,49.22574488,221.515852
2003/5/27 17:00,42.02295629,189.1033033
2003/5/27 17:30,25.97704371,116.8966967
2003/5/27 18:00,9.228395062,41.52777778
2003/5/27 18:30,3.771604938,16.97222222
2003/5/27 19:00,0,0
2003/5/27 19:30,0,0
2003/5/27 20:00,0,0
2003/5/27 20:30,0,0
2003/5/27 21:00,0,0
2003/5/27 21:30,0,0
2003/5/27 22:00,0,0
2003/5/27 22:30,0,0
2003/5/27 23:00,0,0
2003/5/27 23:30,0,0
2003/5/28 0:00,0,0
2003/5/28 0:30,0,0
2003/5/28 1:00,0,0
2003/5/28 1:30,0,0
2003/5/28 2:00,0,0
2003/5/28 2:30,0,0
2003/5/28 3:00,0,0
2003/5/28 3:30,0,0
2003/5/28 4:00,1.603448276,7.215517241
2003/5/28 4:30,4.396551724,19.78448276
2003/5/28 5:00,27.34186422,123.038389
2003/5/28 5:30,53.65813578,241.461611
2003/5/28 6:00,83.77980985,377.0091443
2003/5/28 6:30,123.2201902,554.4908557
2003/5/28 7:00,181.8184531,818.1830388
2003/5/28 7:30,224.1815469,1008.816961
2003/5/28 8:00,229.4642168,1032.588976
2003/5/28 8:30,259.5357832,1167.911024
2003/5/28 9:00,317.2302686,1427.536209
2003/5/28 9:30,348.7697314,1569.463791
2003/5/28 10:00,349.0292595,1570.631668
2003/5/28 10:30,366.9707405,1651.368332
2003/5/28 11:00,408.2164867,1836.97419
2003/5/28 11:30,405.7835133,1826.02581
2003/5/28 12:00,359.7872437,1619.042596
2003/5/28 12:30,339.2127563,1526.457404
2003/5/28 13:00,335.7077666,1510.68495
2003/5/28 13:30,307.2922334,1382.81505
2003/5/28 14:00,271.0014459,1219.506506
2003/5/28 14:30,218.9985541,985.4934936
2003/5/28 15:00,151.7005404,682.6524319
2003/5/28 15:30,118.2994596,532.3475681
2003/5/28 16:00,96.14991743,432.6746284
2003/5/28 16:30,81.85008257,368.3253716
2003/5/28 17:00,85.41161029,384.3522463
2003/5/28 17:30,55.58838971,250.1477537
2003/5/28 18:00,15.75766871,70.9095092
2003/5/28 18:30,6.242331288,28.0904908
2003/5/28 19:00,0,0
2003/5/28 19:30,0,0
2003/5/28 20:00,0,0
2003/5/28 20:30,0,0
2003/5/28 21:00,0,0
2003/5/28 21:30,0,0
2003/5/28 22:00,0,0
2003/5/28 22:30,0,0
2003/5/28 23:00,0,0
2003/5/28 23:30,0,0
2003/5/29 0:00,0,0
2003/5/29 0:30,0,0
2003/5/29 1:00,0,0
2003/5/29 1:30,0,0
2003/5/29 2:00,0,0
2003/5/29 2:30,0,0
2003/5/29 3:00,0,0
2003/5/29 3:30,0,0
2003/5/29 4:00,2.140350877,9.631578947
2003/5/29 4:30,5.859649123,26.36842105
2003/5/29 5:00,35.75175439,160.8828947
2003/5/29 5:30,70.24824561,316.1171053
2003/5/29 6:00,113.5677841,511.0550284
2003/5/29 6:30,160.4322159,721.9449716
2003/5/29 7:00,206.2189372,927.9852173
2003/5/29 7:30,242.7810628,1092.514783
2003/5/29 8:00,257.4210376,1158.394669
2003/5/29 8:30,273.5789624,1231.105331
2003/5/29 9:00,288.081912,1296.368604
2003/5/29 9:30,284.918088,1282.131396
2003/5/29 10:00,266.2424156,1198.09087
2003/5/29 10:30,241.7575844,1087.90913
2003/5/29 11:00,196.2124092,882.9558413
2003/5/29 11:30,192.7875908,867.5441587
2003/5/29 12:00,227.0467489,1021.71037
2003/5/29 12:30,245.9532511,1106.78963
2003/5/29 13:00,268.2122764,1206.955244
2003/5/29 13:30,267.7877236,1205.044756
2003/5/29 14:00,242.7177524,1092.229886
2003/5/29 14:30,227.2822476,1022.770114
2003/5/29 15:00,220.2008651,990.9038928
2003/5/29 15:30,191.7991349,863.0961072
2003/5/29 16:00,149.9084941,674.5882233
2003/5/29 16:30,119.0915059,535.9117767
2003/5/29 17:00,100.8628237,453.8827066
2003/5/29 17:30,61.13717632,275.1172934
2003/5/29 18:00,17.9144385,80.61497326
2003/5/29 18:30,7.085561497,31.88502674
2003/5/29 19:00,0,0
2003/5/29 19:30,0,0
2003/5/29 20:00,0,0
2003/5/29 20:30,0,0
2003/5/29 21:00,0,0
2003/5/29 21:30,0,0
2003/5/29 22:00,0,0
2003/5/29 22:30,0,0
2003/5/29 23:00,0,0
2003/5/29 23:30,0,0
2003/5/30 0:00,0,0
2003/5/30 0:30,0,0
2003/5/30 1:00,0,0
2003/5/30 1:30,0,0
2003/5/30 2:00,0,0
2003/5/30 2:30,0,0
2003/5/30 3:00,0,0
2003/5/30 3:30,0,0
2003/5/30 4:00,2.161616162,9.727272727
2003/5/30 4:30,5.838383838,26.27272727
2003/5/30 5:00,31.16060606,140.2227273
2003/5/30 5:30,59.83939394,269.2772727
2003/5/30 6:00,94.30123457,424.3555556
2003/5/30 6:30,129.6987654,583.6444444
2003/5/30 7:00,156.9044266,706.0699197
2003/5/30 7:30,186.0955734,837.4300803
2003/5/30 8:00,214.6193694,965.7871621
2003/5/30 8:30,231.3806306,1041.212838
2003/5/30 9:00,225.7250459,1015.762706
2003/5/30 9:30,238.2749541,1072.237294
2003/5/30 10:00,263.8067938,1187.130572
2003/5/30 10:30,290.1932062,1305.869428
2003/5/30 11:00,342.8956779,1543.03055
2003/5/30 11:30,337.1043221,1516.96945
2003/5/30 12:00,270.0363689,1215.16366
2003/5/30 12:30,246.9636311,1111.33634
2003/5/30 13:00,242.4878192,1091.195186
2003/5/30 13:30,232.5121808,1046.304814
2003/5/30 14:00,232.7371644,1047.31724
2003/5/30 14:30,204.2628356,919.1827602
2003/5/30 15:00,152.5824109,686.6208489
2003/5/30 15:30,127.4175891,573.3791511
2003/5/30 16:00,119.3240893,536.9584021
2003/5/30 16:30,91.67591065,412.5415979
2003/5/30 17:00,60.0234321,270.1054444
2003/5/30 17:30,33.9765679,152.8945556
2003/5/30 18:00,10.73394495,48.30275229
2003/5/30 18:30,4.266055046,19.19724771
2003/5/30 19:00,0,0
2003/5/30 19:30,0,0
2003/5/30 20:00,0,0
2003/5/30 20:30,0,0
2003/5/30 21:00,0,0
2003/5/30 21:30,0,0
2003/5/30 22:00,0,0
2003/5/30 22:30,0,0
2003/5/30 23:00,0,0
2003/5/30 23:30,0,0
2003/5/31 0:00,0,0
2003/5/31 0:30,0,0
2003/5/31 1:00,0,0
2003/5/31 1:30,0,0
2003/5/31 2:00,0,0
2003/5/31 2:30,0,0
2003/5/31 3:00,0,0
2003/5/31 3:30,0,0
2003/5/31 4:00,0.825,3.7125
2003/5/31 4:30,2.175,9.7875
2003/5/31 5:00,9.384677419,42.23104839
2003/5/31 5:30,17.61532258,79.26895161
2003/5/31 6:00,27.69620493,124.6329222
2003/5/31 6:30,38.30379507,172.3670778
2003/5/31 7:00,47.50340035,213.7653016
2003/5/31 7:30,56.49659965,254.2346984
2003/5/31 8:00,73.40285603,330.3128521
2003/5/31 8:30,59.59714397,268.1871479
2003/5/31 9:00,22.18224329,99.82009482
2003/5/31 9:30,17.81775671,80.17990518
2003/5/31 10:00,22.37292567,100.6781655
2003/5/31 10:30,26.62707433,119.8218345
2003/5/31 11:00,41.43847743,186.4731484
2003/5/31 11:30,39.56152257,178.0268516
2003/5/31 12:00,20.77584753,93.49131388
2003/5/31 12:30,19.22415247,86.50868612
2003/5/31 13:00,27.48559424,123.6851741
2003/5/31 13:30,30.51440576,137.3148259
2003/5/31 14:00,35.78488579,161.031986
2003/5/31 14:30,25.21511421,113.468014
2003/5/31 15:00,5.342331768,24.04049296
2003/5/31 15:30,4.657668232,20.95950704
2003/5/31 16:00,13.27614379,59.74264706
2003/5/31 16:30,12.72385621,57.25735294
2003/5/31 17:00,4.672268908,21.02521008
2003/5/31 17:30,3.327731092,14.97478992
2003/5/31 18:00,3.857142857,17.35714286
2003/5/31 18:30,2.142857143,9.642857143
2003/5/31 19:00,0,0
2003/5/31 19:30,0,0
2003/5/31 20:00,0,0
2003/5/31 20:30,0,0
2003/5/31 21:00,0,0
2003/5/31 21:30,0,0
2003/5/31 22:00,0,0
2003/5/31 22:30,0,0
2003/5/31 23:00,0,0
2003/5/31 23:30,0,0
2003/6/1 0:00,0,0
2003/6/1 0:30,0,0
2003/6/1 1:00,0,0
2003/6/1 1:30,0,0
2003/6/1 2:00,0,0
2003/6/1 2:30,0,0
2003/6/1 3:00,0,0
2003/6/1 3:30,0,0
2003/6/1 4:00,0.8,3.6
2003/6/1 4:30,2.2,9.9
2003/6/1 5:00,13.95625,62.803125
2003/6/1 5:30,28.04375,126.196875
2003/6/1 6:00,47.48198529,213.6689338
2003/6/1 6:30,70.51801471,317.3310662
2003/6/1 7:00,95.39995566,429.2998005
2003/6/1 7:30,126.6000443,569.7001995
2003/6/1 8:00,169.7302301,763.7860354
2003/6/1 8:30,205.2697699,923.7139646
2003/6/1 9:00,224.2444822,1009.10017
2003/6/1 9:30,255.7555178,1150.89983
2003/6/1 10:00,310.8227403,1398.702332
2003/6/1 10:30,325.1772597,1463.297668
2003/6/1 11:00,309.2335456,1391.550955
2003/6/1 11:30,266.7664544,1200.449045
2003/6/1 12:00,186.5590235,839.5156058
2003/6/1 12:30,162.4409765,730.9843942
2003/6/1 13:00,174.5446845,785.4510802
2003/6/1 13:30,153.4553155,690.5489198
2003/6/1 14:00,124.3635532,559.6359893
2003/6/1 14:30,82.63644681,371.8640107
2003/6/1 15:00,31.02244792,139.6010157
2003/6/1 15:30,23.97755208,107.8989843
2003/6/1 16:00,34.11610169,153.5224576
2003/6/1 16:30,28.88389831,129.9775424
2003/6/1 17:00,16.68214286,75.06964286
2003/6/1 17:30,10.31785714,46.43035714
2003/6/1 18:00,5.542857143,24.94285714
2003/6/1 18:30,2.457142857,11.05714286
2003/6/1 19:00,0,0
2003/6/1 19:30,0,0
2003/6/1 20:00,0,0
2003/6/1 20:30,0,0
2003/6/1 21:00,0,0
2003/6/1 21:30,0,0
2003/6/1 22:00,0,0
2003/6/1 22:30,0,0
2003/6/1 23:00,0,0
2003/6/1 23:30,0,0
2003/6/2 0:00,0,0
2003/6/2 0:30,0,0
2003/6/2 1:00,0,0
2003/6/2 1:30,0,0
2003/6/2 2:00,0,0
2003/6/2 2:30,0,0
2003/6/2 3:00,0,0
2003/6/2 3:30,0,0
2003/6/2 4:00,2.683823529,12.07720588
2003/6/2 4:30,7.316176471,32.92279412
2003/6/2 5:00,42.87782031,192.9501914
2003/6/2 5:30,83.12217969,374.0498086
2003/6/2 6:00,130.1526419,585.6868885
2003/6/2 6:30,181.8473581,818.3131115
2003/6/2 7:00,230.1964439,1035.883998
2003/6/2 7:30,276.8035561,1245.616002
2003/6/2 8:00,311.88829,1403.497305
2003/6/2 8:30,346.11171,1557.502695
2003/6/2 9:00,373.9575511,1682.80898
2003/6/2 9:30,396.0424489,1782.19102
2003/6/2 10:00,412.1530234,1854.688605
2003/6/2 10:30,415.8469766,1871.311395
2003/6/2 11:00,405.9659,1826.84655
2003/6/2 11:30,392.0341,1764.15345
2003/6/2 12:00,369.5695609,1663.063024
2003/6/2 12:30,350.4304391,1576.936976
2003/6/2 13:00,346.6970783,1560.136852
2003/6/2 13:30,298.3029217,1342.363148
2003/6/2 14:00,206.8657582,930.8959119
2003/6/2 14:30,184.1342418,828.6040881
2003/6/2 15:00,214.2689946,964.2104758
2003/6/2 15:30,186.7310054,840.2895242
2003/6/2 16:00,126.2259549,568.0167969
2003/6/2 16:30,95.77404513,430.9832031
2003/6/2 17:00,80.43222403,361.9450081
2003/6/2 17:30,49.56777597,223.0549919
2003/6/2 18:00,17.06493506,76.79220779
2003/6/2 18:30,6.935064935,31.20779221
2003/6/2 19:00,0,0
2003/6/2 19:30,0,0
2003/6/2 20:00,0,0
2003/6/2 20:30,0,0
2003/6/2 21:00,0,0
2003/6/2 21:30,0,0
2003/6/2 22:00,0,0
2003/6/2 22:30,0,0
2003/6/2 23:00,0,0
2003/6/2 23:30,0,0
2003/6/3 0:00,0,0
2003/6/3 0:30,0,0
2003/6/3 1:00,0,0
2003/6/3 1:30,0,0
2003/6/3 2:00,0,0
2003/6/3 2:30,0,0
2003/6/3 3:00,0,0
2003/6/3 3:30,0,0
2003/6/3 4:00,1.880319149,8.46143617
2003/6/3 4:30,5.119680851,23.03856383
2003/6/3 5:00,29.63540933,133.359342
2003/6/3 5:30,57.36459067,258.140658
2003/6/3 6:00,94.52147065,425.3466179
2003/6/3 6:30,120.4785294,542.1533821
2003/6/3 7:00,109.4971627,492.7372323
2003/6/3 7:30,132.5028373,596.2627677
2003/6/3 8:00,205.0366706,922.6650176
2003/6/3 8:30,265.9633294,1196.834982
2003/6/3 9:00,338.9593396,1525.317028
2003/6/3 9:30,362.0406604,1629.182972
2003/6/3 10:00,303.2490606,1364.620773
2003/6/3 10:30,312.7509394,1407.379227
2003/6/3 11:00,387.4976602,1743.739471
2003/6/3 11:30,406.5023398,1829.260529
2003/6/3 12:00,378.3916829,1702.762573
2003/6/3 12:30,368.6083171,1658.737427
2003/6/3 13:00,365.0338618,1642.652378
2003/6/3 13:30,349.9661382,1574.847622
2003/6/3 14:00,333.2895285,1499.802878
2003/6/3 14:30,297.7104715,1339.697122
2003/6/3 15:00,250.1923334,1125.8655
2003/6/3 15:30,203.8076666,917.1344996
2003/6/3 16:00,156.9042297,706.0690337
2003/6/3 16:30,118.0957703,531.4309663
2003/6/3 17:00,89.64907586,403.4208414
2003/6/3 17:30,52.35092414,235.5791586
2003/6/3 18:00,15.76219512,70.92987805
2003/6/3 18:30,6.237804878,28.07012195
2003/6/3 19:00,0,0
2003/6/3 19:30,0,0
2003/6/3 20:00,0,0
2003/6/3 20:30,0,0
2003/6/3 21:00,0,0
2003/6/3 21:30,0,0
2003/6/3 22:00,0,0
2003/6/3 22:30,0,0
2003/6/3 23:00,0,0
2003/6/3 23:30,0,0
2003/6/4 0:00,0,0
2003/6/4 0:30,0,0
2003/6/4 1:00,0,0
2003/6/4 1:30,0,0
2003/6/4 2:00,0,0
2003/6/4 2:30,0,0
2003/6/4 3:00,0,0
2003/6/4 3:30,0,0
2003/6/4 4:00,2.195121951,9.878048781
2003/6/4 4:30,5.804878049,26.12195122
2003/6/4 5:00,25.9386229,116.7238031
2003/6/4 5:30,48.0613771,216.2761969
2003/6/4 6:00,71.34409605,321.0484322
2003/6/4 6:30,97.65590395,439.4515678
2003/6/4 7:00,121.9320517,548.6942328
2003/6/4 7:30,149.0679483,670.8057672
2003/6/4 8:00,176.6973738,795.1381821
2003/6/4 8:30,204.3026262,919.3618179
2003/6/4 9:00,237.979272,1070.906724
2003/6/4 9:30,248.020728,1116.093276
2003/6/4 10:00,240.4532967,1082.039835
2003/6/4 10:30,209.5467033,942.9601648
2003/6/4 11:00,149.5446178,672.9507801
2003/6/4 11:30,128.4553822,578.0492199
2003/6/4 12:00,123.2925878,554.8166453
2003/6/4 12:30,119.7074122,538.6833547
2003/6/4 13:00,126.9585601,571.3135204
2003/6/4 13:30,120.0414399,540.1864796
2003/6/4 14:00,106.4127651,478.857443
2003/6/4 14:30,87.58723489,394.142557
2003/6/4 15:00,62.61184904,281.7533207
2003/6/4 15:30,49.38815096,222.2466793
2003/6/4 16:00,42.19941797,189.8973809
2003/6/4 16:30,31.80058203,143.1026191
2003/6/4 17:00,22.15987917,99.71945625
2003/6/4 17:30,12.84012083,57.78054375
2003/6/4 18:00,4.280487805,19.26219512
2003/6/4 18:30,1.719512195,7.737804878
2003/6/4 19:00,0,0
2003/6/4 19:30,0,0
2003/6/4 20:00,0,0
2003/6/4 20:30,0,0
2003/6/4 21:00,0,0
2003/6/4 21:30,0,0
2003/6/4 22:00,0,0
2003/6/4 22:30,0,0
2003/6/4 23:00,0,0
2003/6/4 23:30,0,0
2003/6/5 0:00,0,0
2003/6/5 0:30,0,0
2003/6/5 1:00,0,0
2003/6/5 1:30,0,0
2003/6/5 2:00,0,0
2003/6/5 2:30,0,0
2003/6/5 3:00,0,0
2003/6/5 3:30,0,0
2003/6/5 4:00,1.305309734,5.873893805
2003/6/5 4:30,3.694690266,16.62610619
2003/6/5 5:00,35.25522295,158.6485033
2003/6/5 5:30,72.74477705,327.3514967
2003/6/5 6:00,124.9719549,562.3737972
2003/6/5 6:30,180.0280451,810.1262028
2003/6/5 7:00,226.5499323,1019.474695
2003/6/5 7:30,276.4500677,1244.025305
2003/6/5 8:00,320.4008582,1441.803862
2003/6/5 8:30,362.5991418,1631.696138
2003/6/5 9:00,397.9150657,1790.617795
2003/6/5 9:30,429.0849343,1930.882205
2003/6/5 10:00,454.7948319,2046.576744
2003/6/5 10:30,469.2051681,2111.423256
2003/6/5 11:00,467.6818243,2104.568209
2003/6/5 11:30,469.3181757,2111.931791
2003/6/5 12:00,478.0295009,2151.132754
2003/6/5 12:30,458.9704991,2065.367246
2003/6/5 13:00,412.6222729,1856.800228
2003/6/5 13:30,383.3777271,1725.199772
2003/6/5 14:00,372.3836483,1675.726417
2003/6/5 14:30,325.6163517,1465.273583
2003/6/5 15:00,257.663802,1159.487109
2003/6/5 15:30,205.336198,924.0128911
2003/6/5 16:00,157.4442092,708.4989412
2003/6/5 16:30,120.5557908,542.5010588
2003/6/5 17:00,97.04678421,436.710529
2003/6/5 17:30,58.95321579,265.289471
2003/6/5 18:00,19.93478261,89.70652174
2003/6/5 18:30,8.065217391,36.29347826
2003/6/5 19:00,0,0
2003/6/5 19:30,0,0
2003/6/5 20:00,0,0
2003/6/5 20:30,0,0
2003/6/5 21:00,0,0
2003/6/5 21:30,0,0
2003/6/5 22:00,0,0
2003/6/5 22:30,0,0
2003/6/5 23:00,0,0
2003/6/5 23:30,0,0
2003/6/6 0:00,0,0
2003/6/6 0:30,0,0
2003/6/6 1:00,0,0
2003/6/6 1:30,0,0
2003/6/6 2:00,0,0
2003/6/6 2:30,0,0
2003/6/6 3:00,0,0
2003/6/6 3:30,0,0
2003/6/6 4:00,2.432432432,10.94594595
2003/6/6 4:30,6.567567568,29.55405405
2003/6/6 5:00,34.89432813,157.0244766
2003/6/6 5:30,67.10567187,301.9755234
2003/6/6 6:00,104.5145093,470.3152918
2003/6/6 6:30,148.4854907,668.1847082
2003/6/6 7:00,198.2222853,892.0002837
2003/6/6 7:30,241.7777147,1087.999716
2003/6/6 8:00,268.6074869,1208.733691
2003/6/6 8:30,298.3925131,1342.766309
2003/6/6 9:00,323.8467397,1457.310329
2003/6/6 9:30,347.1532603,1562.189671
2003/6/6 10:00,366.9815677,1651.417055
2003/6/6 10:30,382.0184323,1719.082945
2003/6/6 11:00,389.6005262,1753.202368
2003/6/6 11:30,398.3994738,1792.797632
2003/6/6 12:00,415.6908298,1870.608734
2003/6/6 12:30,403.3091702,1814.891266
2003/6/6 13:00,359.5377809,1617.920014
2003/6/6 13:30,338.4622191,1523.079986
2003/6/6 14:00,343.5224246,1545.850911
2003/6/6 14:30,299.4775754,1347.649089
2003/6/6 15:00,218.6291461,983.8311577
2003/6/6 15:30,181.3708539,816.1688423
2003/6/6 16:00,171.0568094,769.7556422
2003/6/6 16:30,130.9431906,589.2443578
2003/6/6 17:00,83.88621056,377.4879475
2003/6/6 17:30,48.11378944,216.5120525
2003/6/6 18:00,17.07692308,76.84615385
2003/6/6 18:30,6.923076923,31.15384615
2003/6/6 19:00,0,0
2003/6/6 19:30,0,0
2003/6/6 20:00,0,0
2003/6/6 20:30,0,0
2003/6/6 21:00,0,0
2003/6/6 21:30,0,0
2003/6/6 22:00,0,0
2003/6/6 22:30,0,0
2003/6/6 23:00,0,0
2003/6/6 23:30,0,0
2003/6/7 0:00,0,0
2003/6/7 0:30,0,0
2003/6/7 1:00,0,0
2003/6/7 1:30,0,0
2003/6/7 2:00,0,0
2003/6/7 2:30,0,0
2003/6/7 3:00,0,0
2003/6/7 3:30,0,0
2003/6/7 4:00,1.057971015,4.760869565
2003/6/7 4:30,2.942028985,13.23913043
2003/6/7 5:00,22.17434031,99.78453138
2003/6/7 5:30,42.82565969,192.7154686
2003/6/7 6:00,62.15970439,279.7186697
2003/6/7 6:30,84.84029561,381.7813303
2003/6/7 7:00,105.9680556,476.8562502
2003/6/7 7:30,129.0319444,580.6437498
2003/6/7 8:00,149.7464756,673.85914
2003/6/7 8:30,176.2535244,793.14086
2003/6/7 9:00,212.0485133,954.2183097
2003/6/7 9:30,240.9514867,1084.28169
2003/6/7 10:00,270.7527187,1218.387234
2003/6/7 10:30,274.2472813,1234.112766
2003/6/7 11:00,244.2701369,1099.215616
2003/6/7 11:30,232.7298631,1047.284384
2003/6/7 12:00,228.6770261,1029.046617
2003/6/7 12:30,220.3229739,991.4533826
2003/6/7 13:00,211.5259328,951.8666977
2003/6/7 13:30,199.4740672,897.6333023
2003/6/7 14:00,185.0650295,832.7926327
2003/6/7 14:30,169.9349705,764.7073673
2003/6/7 15:00,158.993751,715.4718795
2003/6/7 15:30,133.006249,598.5281205
2003/6/7 16:00,97.86485611,440.3918525
2003/6/7 16:30,74.13514389,333.6081475
2003/6/7 17:00,58.41870301,262.8841635
2003/6/7 17:30,35.58129699,160.1158365
2003/6/7 18:00,12.77678571,57.49553571
2003/6/7 18:30,5.223214286,23.50446429
2003/6/7 19:00,0,0
2003/6/7 19:30,0,0
2003/6/7 20:00,0,0
2003/6/7 20:30,0,0
2003/6/7 21:00,0,0
2003/6/7 21:30,0,0
2003/6/7 22:00,0,0
2003/6/7 22:30,0,0
2003/6/7 23:00,0,0
2003/6/7 23:30,0,0
2003/6/8 0:00,0,0
2003/6/8 0:30,0,0
2003/6/8 1:00,0,0
2003/6/8 1:30,0,0
2003/6/8 2:00,0,0
2003/6/8 2:30,0,0
2003/6/8 3:00,0,0
2003/6/8 3:30,0,0
2003/6/8 4:00,2.6953125,12.12890625
2003/6/8 4:30,7.3046875,32.87109375
2003/6/8 5:00,40.21290006,180.9580503
2003/6/8 5:30,77.78709994,350.0419497
2003/6/8 6:00,122.9949722,553.4773747
2003/6/8 6:30,173.0050278,778.5226253
2003/6/8 7:00,220.0151385,990.0681234
2003/6/8 7:30,268.9848615,1210.431877
2003/6/8 8:00,313.3670028,1410.151513
2003/6/8 8:30,354.6329972,1595.848487
2003/6/8 9:00,397.4256114,1788.415251
2003/6/8 9:30,406.5743886,1829.584749
2003/6/8 10:00,368.0335662,1656.151048
2003/6/8 10:30,363.9664338,1637.848952
2003/6/8 11:00,383.5898198,1726.154189
2003/6/8 11:30,385.4101802,1734.345811
2003/6/8 12:00,377.3821358,1698.219611
2003/6/8 12:30,368.6178642,1658.780389
2003/6/8 13:00,356.1589117,1602.715103
2003/6/8 13:30,343.8410883,1547.284897
2003/6/8 14:00,347.1602402,1562.221081
2003/6/8 14:30,300.8397598,1353.778919
2003/6/8 15:00,213.5497547,960.9738961
2003/6/8 15:30,177.4502453,798.5261039
2003/6/8 16:00,171.3192905,770.9368071
2003/6/8 16:30,134.6807095,606.0631929
2003/6/8 17:00,91.4049367,411.3222152
2003/6/8 17:30,53.5950633,241.1777848
2003/6/8 18:00,19.19040698,86.3568314
2003/6/8 18:30,7.809593023,35.1431686
2003/6/8 19:00,0,0
2003/6/8 19:30,0,0
2003/6/8 20:00,0,0
2003/6/8 20:30,0,0
2003/6/8 21:00,0,0
2003/6/8 21:30,0,0
2003/6/8 22:00,0,0
2003/6/8 22:30,0,0
2003/6/8 23:00,0,0
2003/6/8 23:30,0,0
2003/6/9 0:00,0,0
2003/6/9 0:30,0,0
2003/6/9 1:00,0,0
2003/6/9 1:30,0,0
2003/6/9 2:00,0,0
2003/6/9 2:30,0,0
2003/6/9 3:00,0,0
2003/6/9 3:30,0,0
2003/6/9 4:00,1.093023256,4.918604651
2003/6/9 4:30,2.906976744,13.08139535
2003/6/9 5:00,13.82572674,62.21577035
2003/6/9 5:30,25.17427326,113.2842297
2003/6/9 6:00,32.77418478,147.4838315
2003/6/9 6:30,48.22581522,217.0161685
2003/6/9 7:00,82.53708571,371.4168857
2003/6/9 7:30,112.4629143,506.0831143
2003/6/9 8:00,132.7911361,597.5601123
2003/6/9 8:30,160.2088639,720.9398877
2003/6/9 9:00,204.3581538,919.611692
2003/6/9 9:30,211.6418462,952.388308
2003/6/9 10:00,177.0386961,796.6741324
2003/6/9 10:30,160.9613039,724.3258676
2003/6/9 11:00,138.8901331,625.005599
2003/6/9 11:30,145.1098669,652.994401
2003/6/9 12:00,196.1002374,882.4510684
2003/6/9 12:30,207.8997626,935.5489316
2003/6/9 13:00,178.5524321,803.4859446
2003/6/9 13:30,181.4475679,816.5140554
2003/6/9 14:00,224.3878081,1009.745136
2003/6/9 14:30,206.6121919,929.7548637
2003/6/9 15:00,141.7293645,637.7821401
2003/6/9 15:30,114.2706355,514.2178599
2003/6/9 16:00,100.1454226,450.6544017
2003/6/9 16:30,79.8545774,359.3455983
2003/6/9 17:00,63.27246351,284.7260858
2003/6/9 17:30,38.72753649,174.2739142
2003/6/9 18:00,13.50413223,60.76859504
2003/6/9 18:30,5.495867769,24.73140496
2003/6/9 19:00,0,0
2003/6/9 19:30,0,0
2003/6/9 20:00,0,0
2003/6/9 20:30,0,0
2003/6/9 21:00,0,0
2003/6/9 21:30,0,0
2003/6/9 22:00,0,0
2003/6/9 22:30,0,0
2003/6/9 23:00,0,0
2003/6/9 23:30,0,0
2003/6/10 0:00,0,0
2003/6/10 0:30,0,0
2003/6/10 1:00,0,0
2003/6/10 1:30,0,0
2003/6/10 2:00,0,0
2003/6/10 2:30,0,0
2003/6/10 3:00,0,0
2003/6/10 3:30,0,0
2003/6/10 4:00,1.078431373,4.852941177
2003/6/10 4:30,2.921568627,13.14705882
2003/6/10 5:00,15.8454192,71.30438641
2003/6/10 5:30,31.1545808,140.1956136
2003/6/10 6:00,50.40677443,226.8304849
2003/6/10 6:30,76.59322557,344.6695151
2003/6/10 7:00,125.409375,564.3421875
2003/6/10 7:30,147.590625,664.1578125
2003/6/10 8:00,127.9628398,575.8327789
2003/6/10 8:30,124.0371602,558.1672211
2003/6/10 9:00,112.1215434,504.5469453
2003/6/10 9:30,128.8784566,579.9530547
2003/6/10 10:00,205.128305,923.0773725
2003/6/10 10:30,242.871695,1092.922627
2003/6/10 11:00,245.8485865,1106.318639
2003/6/10 11:30,236.1514135,1062.681361
2003/6/10 12:00,198.9922491,895.4651207
2003/6/10 12:30,182.0077509,819.0348793
2003/6/10 13:00,177.4074149,798.333367
2003/6/10 13:30,159.5925851,718.166633
2003/6/10 14:00,128.501419,578.2563855
2003/6/10 14:30,120.498581,542.2436145
2003/6/10 15:00,141.2713266,635.7209699
2003/6/10 15:30,118.7286734,534.2790301
2003/6/10 16:00,69.17916553,311.3062449
2003/6/10 16:30,50.82083447,228.6937551
2003/6/10 17:00,44.39992804,199.7996762
2003/6/10 17:30,28.60007196,128.7003238
2003/6/10 18:00,11.94722222,53.7625
2003/6/10 18:30,5.052777778,22.7375
2003/6/10 19:00,0,0
2003/6/10 19:30,0,0
2003/6/10 20:00,0,0
2003/6/10 20:30,0,0
2003/6/10 21:00,0,0
2003/6/10 21:30,0,0
2003/6/10 22:00,0,0
2003/6/10 22:30,0,0
2003/6/10 23:00,0,0
2003/6/10 23:30,0,0
2003/6/11 0:00,0,0
2003/6/11 0:30,0,0
2003/6/11 1:00,0,0
2003/6/11 1:30,0,0
2003/6/11 2:00,0,0
2003/6/11 2:30,0,0
2003/6/11 3:00,0,0
2003/6/11 3:30,0,0
2003/6/11 4:00,0.272727273,1.227272727
2003/6/11 4:30,0.727272727,3.272727273
2003/6/11 5:00,3.368298368,15.15734266
2003/6/11 5:30,6.631701632,29.84265734
2003/6/11 6:00,11.47133391,51.62100259
2003/6/11 6:30,17.52866609,78.87899741
2003/6/11 7:00,25.15079834,113.1785925
2003/6/11 7:30,34.84920166,156.8214075
2003/6/11 8:00,48.2194205,216.9873923
2003/6/11 8:30,62.7805795,282.5126077
2003/6/11 9:00,78.7382454,354.3221043
2003/6/11 9:30,97.2617546,437.6778957
2003/6/11 10:00,120.5415271,542.4368721
2003/6/11 10:30,140.4584729,632.0631279
2003/6/11 11:00,150.9074368,679.0834657
2003/6/11 11:30,175.0925632,787.9165343
2003/6/11 12:00,221.6845201,997.5803403
2003/6/11 12:30,253.3154799,1139.91966
2003/6/11 13:00,288.347542,1297.563939
2003/6/11 13:30,269.652458,1213.436061
2003/6/11 14:00,207.1057692,931.9759614
2003/6/11 14:30,153.8942308,692.5240386
2003/6/11 15:00,92.86843729,417.9079678
2003/6/11 15:30,71.13156271,320.0920322
2003/6/11 16:00,68.62571881,308.8157346
2003/6/11 16:30,51.37428119,231.1842654
2003/6/11 17:00,31.29736278,140.8381325
2003/6/11 17:30,17.70263722,79.66186748
2003/6/11 18:00,6.400862069,28.80387931
2003/6/11 18:30,2.599137931,11.69612069
2003/6/11 19:00,0,0
2003/6/11 19:30,0,0
2003/6/11 20:00,0,0
2003/6/11 20:30,0,0
2003/6/11 21:00,0,0
2003/6/11 21:30,0,0
2003/6/11 22:00,0,0
2003/6/11 22:30,0,0
2003/6/11 23:00,0,0
2003/6/11 23:30,0,0
2003/6/12 0:00,0,0
2003/6/12 0:30,0,0
2003/6/12 1:00,0,0
2003/6/12 1:30,0,0
2003/6/12 2:00,0,0
2003/6/12 2:30,0,0
2003/6/12 3:00,0,0
2003/6/12 3:30,0,0
2003/6/12 4:00,0.566666667,2.55
2003/6/12 4:30,1.433333333,6.45
2003/6/12 5:00,4.563541667,20.5359375
2003/6/12 5:30,8.436458333,37.9640625
2003/6/12 6:00,15.43317195,69.44927377
2003/6/12 6:30,19.56682805,88.05072623
2003/6/12 7:00,16.64454051,74.9004323
2003/6/12 7:30,19.35545949,87.0995677
2003/6/12 8:00,27.24528118,122.6037653
2003/6/12 8:30,37.75471882,169.8962347
2003/6/12 9:00,65.98027442,296.9112349
2003/6/12 9:30,72.01972558,324.0887651
2003/6/12 10:00,48.02579962,216.1160983
2003/6/12 10:30,46.97420038,211.3839017
2003/6/12 11:00,57.84394979,260.297774
2003/6/12 11:30,68.15605021,306.702226
2003/6/12 12:00,94.92534562,427.1640553
2003/6/12 12:30,89.07465438,400.8359447
2003/6/12 13:00,49.57568389,223.0905775
2003/6/12 13:30,46.42431611,208.9094225
2003/6/12 14:00,72.0569887,324.2564492
2003/6/12 14:30,66.9430113,301.2435508
2003/6/12 15:00,38.3492823,172.5717703
2003/6/12 15:30,31.6507177,142.4282297
2003/6/12 16:00,30.78947368,138.5526316
2003/6/12 16:30,32.21052632,144.9473684
2003/6/12 17:00,48.56842105,218.5578947
2003/6/12 17:30,35.43157895,159.4421053
2003/6/12 18:00,7.931578947,35.69210526
2003/6/12 18:30,3.068421053,13.80789474
2003/6/12 19:00,0,0
2003/6/12 19:30,0,0
2003/6/12 20:00,0,0
2003/6/12 20:30,0,0
2003/6/12 21:00,0,0
2003/6/12 21:30,0,0
2003/6/12 22:00,0,0
2003/6/12 22:30,0,0
2003/6/12 23:00,0,0
2003/6/12 23:30,0,0
2003/6/13 0:00,0,0
2003/6/13 0:30,0,0
2003/6/13 1:00,0,0
2003/6/13 1:30,0,0
2003/6/13 2:00,0,0
2003/6/13 2:30,0,0
2003/6/13 3:00,0,0
2003/6/13 3:30,0,0
2003/6/13 4:00,0.847826087,3.815217391
2003/6/13 4:30,2.152173913,9.684782609
2003/6/13 5:00,6.985507246,31.43478261
2003/6/13 5:30,13.01449275,58.56521739
2003/6/13 6:00,20.74816446,93.36674009
2003/6/13 6:30,34.25183554,154.1332599
2003/6/13 7:00,68.6366092,308.8647414
2003/6/13 7:30,103.3633908,465.1352586
2003/6/13 8:00,147.6392756,664.37674
2003/6/13 8:30,166.3607244,748.62326
2003/6/13 9:00,138.4181592,622.8817166
2003/6/13 9:30,143.5818408,646.1182834
2003/6/13 10:00,171.2183457,770.4825558
2003/6/13 10:30,192.7816543,867.5174442
2003/6/13 11:00,217.019487,976.5876913
2003/6/13 11:30,236.980513,1066.412309
2003/6/13 12:00,261.2735543,1175.730994
2003/6/13 12:30,256.7264457,1155.269006
2003/6/13 13:00,214.2805628,964.2625324
2003/6/13 13:30,208.7194372,939.2374676
2003/6/13 14:00,260.0640019,1170.288009
2003/6/13 14:30,205.9359981,926.7119913
2003/6/13 15:00,81.89414752,368.5236638
2003/6/13 15:30,68.10585248,306.4763362
2003/6/13 16:00,104.0969551,468.4362981
2003/6/13 16:30,96.90304487,436.0637019
2003/6/13 17:00,68.78717828,309.5423023
2003/6/13 17:30,42.21282172,189.9576977
2003/6/13 18:00,15.59022556,70.15601504
2003/6/13 18:30,6.409774436,28.84398496
2003/6/13 19:00,0,0
2003/6/13 19:30,0,0
2003/6/13 20:00,0,0
2003/6/13 20:30,0,0
2003/6/13 21:00,0,0
2003/6/13 21:30,0,0
2003/6/13 22:00,0,0
2003/6/13 22:30,0,0
2003/6/13 23:00,0,0
2003/6/13 23:30,0,0
2003/6/14 0:00,0,0
2003/6/14 0:30,0,0
2003/6/14 1:00,0,0
2003/6/14 1:30,0,0
2003/6/14 2:00,0,0
2003/6/14 2:30,0,0
2003/6/14 3:00,0,0
2003/6/14 3:30,0,0
2003/6/14 4:00,1.076923077,4.846153846
2003/6/14 4:30,2.923076923,13.15384615
2003/6/14 5:00,16.59186673,74.66340029
2003/6/14 5:30,31.40813327,141.3365997
2003/6/14 6:00,44.80558907,201.6251508
2003/6/14 6:30,64.19441093,288.8748492
2003/6/14 7:00,92.01099589,414.0494815
2003/6/14 7:30,120.9890041,544.4505185
2003/6/14 8:00,156.2005042,702.9022689
2003/6/14 8:30,177.7994958,800.0977311
2003/6/14 9:00,169.8829698,764.4733641
2003/6/14 9:30,190.1170302,855.5266359
2003/6/14 10:00,258.0484874,1161.218193
2003/6/14 10:30,267.9515126,1205.781807
2003/6/14 11:00,210.0493305,945.2219873
2003/6/14 11:30,209.9506695,944.7780127
2003/6/14 12:00,254.7737307,1146.481788
2003/6/14 12:30,270.2262693,1216.018212
2003/6/14 13:00,271.4813017,1221.665858
2003/6/14 13:30,260.5186983,1172.334142
2003/6/14 14:00,242.8559193,1092.851637
2003/6/14 14:30,202.1440807,909.6483632
2003/6/14 15:00,141.9443329,638.7494978
2003/6/14 15:30,110.0556671,495.2505022
2003/6/14 16:00,91.39309303,411.2689186
2003/6/14 16:30,66.60690697,299.7310814
2003/6/14 17:00,44.94051131,202.2323009
2003/6/14 17:30,23.05948869,103.7676991
2003/6/14 18:00,2.944444444,13.25
2003/6/14 18:30,1.055555556,4.75
2003/6/14 19:00,0,0
2003/6/14 19:30,0,0
2003/6/14 20:00,0,0
2003/6/14 20:30,0,0
2003/6/14 21:00,0,0
2003/6/14 21:30,0,0
2003/6/14 22:00,0,0
2003/6/14 22:30,0,0
2003/6/14 23:00,0,0
2003/6/14 23:30,0,0
2003/6/15 0:00,0,0
2003/6/15 0:30,0,0
2003/6/15 1:00,0,0
2003/6/15 1:30,0,0
2003/6/15 2:00,0,0
2003/6/15 2:30,0,0
2003/6/15 3:00,0,0
2003/6/15 3:30,0,0
2003/6/15 4:00,1.153846154,5.192307692
2003/6/15 4:30,2.846153846,12.80769231
2003/6/15 5:00,8.266788767,37.20054945
2003/6/15 5:30,13.73321123,61.79945055
2003/6/15 6:00,17.90946217,80.59257975
2003/6/15 6:30,23.09053783,103.9074202
2003/6/15 7:00,26.42732866,118.9229789
2003/6/15 7:30,35.57267134,160.0770211
2003/6/15 8:00,61.96773982,278.8548292
2003/6/15 8:30,78.03226018,351.1451708
2003/6/15 9:00,76.05488559,342.2469851
2003/6/15 9:30,85.94511441,386.7530149
2003/6/15 10:00,113.0243498,508.6095742
2003/6/15 10:30,115.9756502,521.8904258
2003/6/15 11:00,96.84033586,435.7815114
2003/6/15 11:30,83.15966414,374.2184886
2003/6/15 12:00,69.16969615,311.2636327
2003/6/15 12:30,54.83030385,246.7363673
2003/6/15 13:00,33.83262583,152.2468163
2003/6/15 13:30,36.16737417,162.7531837
2003/6/15 14:00,81.59618442,367.1828299
2003/6/15 14:30,86.40381558,388.8171701
2003/6/15 15:00,51.68655128,232.5894807
2003/6/15 15:30,39.31344872,176.9105193
2003/6/15 16:00,28.95397741,130.2928983
2003/6/15 16:30,26.04602259,117.2071017
2003/6/15 17:00,34.29837093,154.3426692
2003/6/15 17:30,24.70162907,111.1573308
2003/6/15 18:00,7.817857143,35.18035714
2003/6/15 18:30,3.182142857,14.31964286
2003/6/15 19:00,0,0
2003/6/15 19:30,0,0
2003/6/15 20:00,0,0
2003/6/15 20:30,0,0
2003/6/15 21:00,0,0
2003/6/15 21:30,0,0
2003/6/15 22:00,0,0
2003/6/15 22:30,0,0
2003/6/15 23:00,0,0
2003/6/15 23:30,0,0
2003/6/16 0:00,0,0
2003/6/16 0:30,0,0
2003/6/16 1:00,0,0
2003/6/16 1:30,0,0
2003/6/16 2:00,0,0
2003/6/16 2:30,0,0
2003/6/16 3:00,0,0
2003/6/16 3:30,0,0
2003/6/16 4:00,0.807692308,3.634615385
2003/6/16 4:30,2.192307692,9.865384615
2003/6/16 5:00,11.97399783,53.88299025
2003/6/16 5:30,24.02600217,108.1170098
2003/6/16 6:00,44.82574788,201.7158654
2003/6/16 6:30,61.17425212,275.2841346
2003/6/16 7:00,63.52547338,285.8646302
2003/6/16 7:30,72.47452662,326.1353698
2003/6/16 8:00,79.88432999,359.4794849
2003/6/16 8:30,100.11567,450.5205151
2003/6/16 9:00,158.4314956,712.9417303
2003/6/16 9:30,183.5685044,826.0582697
2003/6/16 10:00,164.0986088,738.4437395
2003/6/16 10:30,166.9013912,751.0562605
2003/6/16 11:00,181.1443784,815.1497027
2003/6/16 11:30,184.8556216,831.8502973
2003/6/16 12:00,180.8256764,813.7155439
2003/6/16 12:30,178.1743236,801.7844561
2003/6/16 13:00,173.9275334,782.6739001
2003/6/16 13:30,171.0724666,769.8260999
2003/6/16 14:00,180.6240316,812.8081422
2003/6/16 14:30,155.3759684,699.1918578
2003/6/16 15:00,103.1254789,464.0646552
2003/6/16 15:30,82.87452107,372.9353448
2003/6/16 16:00,80.18055556,360.8125
2003/6/16 16:30,57.81944444,260.1875
2003/6/16 17:00,29.24568966,131.6056034
2003/6/16 17:30,16.75431034,75.39439655
2003/6/16 18:00,8.379310345,37.70689655
2003/6/16 18:30,3.620689655,16.29310345
2003/6/16 19:00,0,0
2003/6/16 19:30,0,0
2003/6/16 20:00,0,0
2003/6/16 20:30,0,0
2003/6/16 21:00,0,0
2003/6/16 21:30,0,0
2003/6/16 22:00,0,0
2003/6/16 22:30,0,0
2003/6/16 23:00,0,0
2003/6/16 23:30,0,0
2003/6/17 0:00,0,0
2003/6/17 0:30,0,0
2003/6/17 1:00,0,0
2003/6/17 1:30,0,0
2003/6/17 2:00,0,0
2003/6/17 2:30,0,0
2003/6/17 3:00,0,0
2003/6/17 3:30,0,0
2003/6/17 4:00,0.830357143,3.736607143
2003/6/17 4:30,2.169642857,9.763392857
2003/6/17 5:00,9.217436975,41.47846639
2003/6/17 5:30,15.78256303,71.02153361
2003/6/17 6:00,18.7217711,84.24796995
2003/6/17 6:30,24.2782289,109.2520301
2003/6/17 7:00,33.20102302,149.4046036
2003/6/17 7:30,38.79897698,174.5953964
2003/6/17 8:00,41.92941176,188.6823529
2003/6/17 8:30,39.07058824,175.8176471
2003/6/17 9:00,25.6726257,115.5268156
2003/6/17 9:30,28.3273743,127.4731844
2003/6/17 10:00,53.23766369,239.5694866
2003/6/17 10:30,71.76233631,322.9305134
2003/6/17 11:00,86.70463598,390.1708619
2003/6/17 11:30,99.29536402,446.8291381
2003/6/17 12:00,103.7494058,466.8723263
2003/6/17 12:30,112.2505942,505.1276737
2003/6/17 13:00,122.2235285,550.0058783
2003/6/17 13:30,132.7764715,597.4941217
2003/6/17 14:00,159.6525588,718.4365146
2003/6/17 14:30,141.3474412,636.0634854
2003/6/17 15:00,83.78975391,377.0538926
2003/6/17 15:30,69.21024609,311.4461074
2003/6/17 16:00,72.99053243,328.4573959
2003/6/17 16:30,64.00946757,288.0426041
2003/6/17 17:00,54.65727681,245.9577456
2003/6/17 17:30,35.34272319,159.0422544
2003/6/17 18:00,13.42201835,60.39908257
2003/6/17 18:30,5.577981651,25.10091743
2003/6/17 19:00,0,0
2003/6/17 19:30,0,0
2003/6/17 20:00,0,0
2003/6/17 20:30,0,0
2003/6/17 21:00,0,0
2003/6/17 21:30,0,0
2003/6/17 22:00,0,0
2003/6/17 22:30,0,0
2003/6/17 23:00,0,0
2003/6/17 23:30,0,0
2003/6/18 0:00,0,0
2003/6/18 0:30,0,0
2003/6/18 1:00,0,0
2003/6/18 1:30,0,0
2003/6/18 2:00,0,0
2003/6/18 2:30,0,0
2003/6/18 3:00,0,0
2003/6/18 3:30,0,0
2003/6/18 4:00,1.636363636,7.363636364
2003/6/18 4:30,4.363636364,19.63636364
2003/6/18 5:00,20.54968288,92.47357294
2003/6/18 5:30,39.45031712,177.5264271
2003/6/18 6:00,62.94090226,283.2340602
2003/6/18 6:30,92.05909774,414.2659398
2003/6/18 7:00,125.5838052,565.1271236
2003/6/18 7:30,168.4161948,757.8728764
2003/6/18 8:00,249.7903658,1124.056646
2003/6/18 8:30,265.2096342,1193.443354
2003/6/18 9:00,204.4662715,920.0982217
2003/6/18 9:30,173.5337285,780.9017783
2003/6/18 10:00,139.5499164,627.9746237
2003/6/18 10:30,126.4500836,569.0253763
2003/6/18 11:00,129.0339218,580.6526482
2003/6/18 11:30,124.9660782,562.3473518
2003/6/18 12:00,120.3455595,541.5550177
2003/6/18 12:30,113.6544405,511.4449823
2003/6/18 13:00,104.7335302,471.3008857
2003/6/18 13:30,97.26646984,437.6991143
2003/6/18 14:00,92.26900971,415.2105437
2003/6/18 14:30,81.73099029,367.7894563
2003/6/18 15:00,63.82864049,287.2288822
2003/6/18 15:30,60.17135951,270.7711178
2003/6/18 16:00,73.41105504,330.3497477
2003/6/18 16:30,63.58894496,286.1502523
2003/6/18 17:00,41.96097561,188.8243902
2003/6/18 17:30,26.03902439,117.1756098
2003/6/18 18:00,11.9,53.55
2003/6/18 18:30,5.1,22.95
2003/6/18 19:00,0,0
2003/6/18 19:30,0,0
2003/6/18 20:00,0,0
2003/6/18 20:30,0,0
2003/6/18 21:00,0,0
2003/6/18 21:30,0,0
2003/6/18 22:00,0,0
2003/6/18 22:30,0,0
2003/6/18 23:00,0,0
2003/6/18 23:30,0,0
2003/6/19 0:00,0,0
2003/6/19 0:30,0,0
2003/6/19 1:00,0,0
2003/6/19 1:30,0,0
2003/6/19 2:00,0,0
2003/6/19 2:30,0,0
2003/6/19 3:00,0,0
2003/6/19 3:30,0,0
2003/6/19 4:00,1.621621622,7.297297297
2003/6/19 4:30,4.378378378,19.7027027
2003/6/19 5:00,23.361137,105.1251165
2003/6/19 5:30,44.638863,200.8748835
2003/6/19 6:00,67.50862069,303.7887931
2003/6/19 6:30,96.49137931,434.2112069
2003/6/19 7:00,133.1987615,599.3944269
2003/6/19 7:30,166.8012385,750.6055731
2003/6/19 8:00,185.2329361,833.5482124
2003/6/19 8:30,224.7670639,1011.451788
2003/6/19 9:00,302.4158587,1360.871364
2003/6/19 9:30,353.5841413,1591.128636
2003/6/19 10:00,379.3633595,1707.135118
2003/6/19 10:30,392.6366405,1766.864882
2003/6/19 11:00,378.1122479,1701.505116
2003/6/19 11:30,374.8877521,1686.994884
2003/6/19 12:00,385.6661241,1735.497559
2003/6/19 12:30,360.3338759,1621.502441
2003/6/19 13:00,298.6866039,1344.089718
2003/6/19 13:30,274.3133961,1234.410282
2003/6/19 14:00,288.786029,1299.537131
2003/6/19 14:30,241.213971,1085.462869
2003/6/19 15:00,153.6262453,691.318104
2003/6/19 15:30,119.3737547,537.181896
2003/6/19 16:00,106.0709736,477.3193811
2003/6/19 16:30,82.92902642,373.1806189
2003/6/19 17:00,61.67468422,277.536079
2003/6/19 17:30,38.32531578,172.463921
2003/6/19 18:00,16.17479675,72.78658537
2003/6/19 18:30,6.825203252,30.71341463
2003/6/19 19:00,0,0
2003/6/19 19:30,0,0
2003/6/19 20:00,0,0
2003/6/19 20:30,0,0
2003/6/19 21:00,0,0
2003/6/19 21:30,0,0
2003/6/19 22:00,0,0
2003/6/19 22:30,0,0
2003/6/19 23:00,0,0
2003/6/19 23:30,0,0
2003/6/20 0:00,0,0
2003/6/20 0:30,0,0
2003/6/20 1:00,0,0
2003/6/20 1:30,0,0
2003/6/20 2:00,0,0
2003/6/20 2:30,0,0
2003/6/20 3:00,0,0
2003/6/20 3:30,0,0
2003/6/20 4:00,1.327160494,5.972222222
2003/6/20 4:30,3.672839506,16.52777778
2003/6/20 5:00,25.4237486,114.4068687
2003/6/20 5:30,50.5762514,227.5931313
2003/6/20 6:00,80.30766476,361.3844914
2003/6/20 6:30,118.6923352,534.1155086
2003/6/20 7:00,172.089838,774.4042709
2003/6/20 7:30,217.910162,980.5957291
2003/6/20 8:00,245.9096975,1106.593639
2003/6/20 8:30,277.0903025,1246.906361
2003/6/20 9:00,306.9489662,1381.270348
2003/6/20 9:30,323.0510338,1453.729652
2003/6/20 10:00,319.4385683,1437.473557
2003/6/20 10:30,322.5614317,1451.526443
2003/6/20 11:00,326.3680444,1468.6562
2003/6/20 11:30,328.6319556,1478.8438
2003/6/20 12:00,324.6952086,1461.128439
2003/6/20 12:30,335.3047914,1508.871561
2003/6/20 13:00,372.923555,1678.155997
2003/6/20 13:30,372.076445,1674.344003
2003/6/20 14:00,346.0398697,1557.179414
2003/6/20 14:30,307.9601303,1385.820586
2003/6/20 15:00,255.7730854,1150.978884
2003/6/20 15:30,210.2269146,946.0211157
2003/6/20 16:00,171.6565071,772.4542817
2003/6/20 16:30,124.3434929,559.5457183
2003/6/20 17:00,77.58438749,349.1297437
2003/6/20 17:30,44.41561251,199.8702563
2003/6/20 18:00,17.01369863,76.56164384
2003/6/20 18:30,6.98630137,31.43835616
2003/6/20 19:00,0,0
2003/6/20 19:30,0,0
2003/6/20 20:00,0,0
2003/6/20 20:30,0,0
2003/6/20 21:00,0,0
2003/6/20 21:30,0,0
2003/6/20 22:00,0,0
2003/6/20 22:30,0,0
2003/6/20 23:00,0,0
2003/6/20 23:30,0,0
2003/6/21 0:00,0,0
2003/6/21 0:30,0,0
2003/6/21 1:00,0,0
2003/6/21 1:30,0,0
2003/6/21 2:00,0,0
2003/6/21 2:30,0,0
2003/6/21 3:00,0,0
2003/6/21 3:30,0,0
2003/6/21 4:00,1.853813559,8.342161017
2003/6/21 4:30,5.146186441,23.15783898
2003/6/21 5:00,37.29426336,167.8241851
2003/6/21 5:30,73.70573664,331.6758149
2003/6/21 6:00,115.5489231,519.9701538
2003/6/21 6:30,163.4510769,735.5298462
2003/6/21 7:00,210.3307045,946.4881702
2003/6/21 7:30,260.6692955,1173.01183
2003/6/21 8:00,310.6003443,1397.701549
2003/6/21 8:30,355.3996557,1599.298451
2003/6/21 9:00,389.6809465,1753.564259
2003/6/21 9:30,420.3190535,1891.435741
2003/6/21 10:00,447.3671089,2013.15199
2003/6/21 10:30,454.6328911,2045.84801
2003/6/21 11:00,433.2104937,1949.447222
2003/6/21 11:30,430.7895063,1938.552778
2003/6/21 12:00,447.5521528,2013.984688
2003/6/21 12:30,434.4478472,1955.015312
2003/6/21 13:00,396.4447562,1784.001403
2003/6/21 13:30,370.5552438,1667.498597
2003/6/21 14:00,349.7757869,1573.991041
2003/6/21 14:30,323.2242131,1454.508959
2003/6/21 15:00,299.1973551,1346.388098
2003/6/21 15:30,259.8026449,1169.111902
2003/6/21 16:00,215.2271207,968.5220431
2003/6/21 16:30,165.7728793,745.9779569
2003/6/21 17:00,119.6403683,538.3816573
2003/6/21 17:30,72.3596317,325.6183427
2003/6/21 18:00,28.27586207,127.2413793
2003/6/21 18:30,11.72413793,52.75862069
2003/6/21 19:00,0,0
2003/6/21 19:30,0,0
2003/6/21 20:00,0,0
2003/6/21 20:30,0,0
2003/6/21 21:00,0,0
2003/6/21 21:30,0,0
2003/6/21 22:00,0,0
2003/6/21 22:30,0,0
2003/6/21 23:00,0,0
2003/6/21 23:30,0,0
2003/6/22 0:00,0,0
2003/6/22 0:30,0,0
2003/6/22 1:00,0,0
2003/6/22 1:30,0,0
2003/6/22 2:00,0,0
2003/6/22 2:30,0,0
2003/6/22 3:00,0,0
2003/6/22 3:30,0,0
2003/6/22 4:00,2.442857143,10.99285714
2003/6/22 4:30,6.557142857,29.50714286
2003/6/22 5:00,32.67783251,147.0502463
2003/6/22 5:30,63.32216749,284.9497537
2003/6/22 6:00,106.4482759,479.0172414
2003/6/22 6:30,145.5517241,654.9827586
2003/6/22 7:00,159.9692105,719.8614473
2003/6/22 7:30,197.0307895,886.6385527
2003/6/22 8:00,265.7900768,1196.055345
2003/6/22 8:30,320.2099232,1440.944655
2003/6/22 9:00,359.0765306,1615.844388
2003/6/22 9:30,399.9234694,1799.655612
2003/6/22 10:00,438.9760918,1975.392413
2003/6/22 10:30,464.0239082,2088.107587
2003/6/22 11:00,472.8953561,2128.029102
2003/6/22 11:30,475.1046439,2137.970898
2003/6/22 12:00,470.2497466,2116.123859
2003/6/22 12:30,449.7502534,2023.876141
2003/6/22 13:00,417.5827803,1879.122511
2003/6/22 13:30,375.4172197,1689.377489
2003/6/22 14:00,341.0250447,1534.612701
2003/6/22 14:30,258.9749553,1165.387299
2003/6/22 15:00,145.4381396,654.4716283
2003/6/22 15:30,106.5618604,479.5283717
2003/6/22 16:00,94.53743255,425.4184465
2003/6/22 16:30,70.46256745,317.0815535
2003/6/22 17:00,47.62073864,214.2933239
2003/6/22 17:30,27.37926136,123.2066761
2003/6/22 18:00,9.269886364,41.71448864
2003/6/22 18:30,3.730113636,16.78551136
2003/6/22 19:00,0,0
2003/6/22 19:30,0,0
2003/6/22 20:00,0,0
2003/6/22 20:30,0,0
2003/6/22 21:00,0,0
2003/6/22 21:30,0,0
2003/6/22 22:00,0,0
2003/6/22 22:30,0,0
2003/6/22 23:00,0,0
2003/6/22 23:30,0,0
2003/6/23 0:00,0,0
2003/6/23 0:30,0,0
2003/6/23 1:00,0,0
2003/6/23 1:30,0,0
2003/6/23 2:00,0,0
2003/6/23 2:30,0,0
2003/6/23 3:00,0,0
2003/6/23 3:30,0,0
2003/6/23 4:00,0.80625,3.628125
2003/6/23 4:30,2.19375,9.871875
2003/6/23 5:00,12.59685078,56.68582849
2003/6/23 5:30,24.40314922,109.8141715
2003/6/23 6:00,40.44818128,182.0168157
2003/6/23 6:30,51.55181872,231.9831843
2003/6/23 7:00,44.87832321,201.9524545
2003/6/23 7:30,58.12167679,261.5475455
2003/6/23 8:00,120.4228441,541.9027983
2003/6/23 8:30,156.5771559,704.5972017
2003/6/23 9:00,158.738855,714.3248476
2003/6/23 9:30,156.261145,703.1751524
2003/6/23 10:00,139.6387187,628.3742344
2003/6/23 10:30,120.3612813,541.6257656
2003/6/23 11:00,97.45488257,438.5469715
2003/6/23 11:30,75.54511743,339.9530285
2003/6/23 12:00,47.1752675,212.2887037
2003/6/23 12:30,44.8247325,201.7112963
2003/6/23 13:00,67.5319837,303.8939267
2003/6/23 13:30,71.4680163,321.6060733
2003/6/23 14:00,58.05193763,261.2337193
2003/6/23 14:30,57.94806237,260.7662807
2003/6/23 15:00,71.6056813,322.2255658
2003/6/23 15:30,66.3943187,298.7744342
2003/6/23 16:00,45.08809404,202.8964232
2003/6/23 16:30,39.91190596,179.6035768
2003/6/23 17:00,48.68834377,219.097547
2003/6/23 17:30,35.31165623,158.902453
2003/6/23 18:00,13.37378641,60.18203883
2003/6/23 18:30,5.626213592,25.31796117
2003/6/23 19:00,0,0
2003/6/23 19:30,0,0
2003/6/23 20:00,0,0
2003/6/23 20:30,0,0
2003/6/23 21:00,0,0
2003/6/23 21:30,0,0
2003/6/23 22:00,0,0
2003/6/23 22:30,0,0
2003/6/23 23:00,0,0
2003/6/23 23:30,0,0
2003/6/24 0:00,0,0
2003/6/24 0:30,0,0
2003/6/24 1:00,0,0
2003/6/24 1:30,0,0
2003/6/24 2:00,0,0
2003/6/24 2:30,0,0
2003/6/24 3:00,0,0
2003/6/24 3:30,0,0
2003/6/24 4:00,0.571428571,2.571428571
2003/6/24 4:30,1.428571429,6.428571429
2003/6/24 5:00,4.669950739,21.01477832
2003/6/24 5:30,7.330049261,32.98522168
2003/6/24 6:00,7.346583653,33.05962644
2003/6/24 6:30,9.653416347,43.44037356
2003/6/24 7:00,16.44016204,73.98072917
2003/6/24 7:30,20.55983796,92.51927083
2003/6/24 8:00,19.09596259,85.93183166
2003/6/24 8:30,23.90403741,107.5681683
2003/6/24 9:00,42.20411754,189.9185289
2003/6/24 9:30,51.79588246,233.0814711
2003/6/24 10:00,50.56741343,227.5533604
2003/6/24 10:30,50.43258657,226.9466396
2003/6/24 11:00,46.21995933,207.989817
2003/6/24 11:30,46.78004067,210.510183
2003/6/24 12:00,52.26061259,235.1727566
2003/6/24 12:30,53.73938741,241.8272434
2003/6/24 13:00,55.51168831,249.8025974
2003/6/24 13:30,48.48831169,218.1974026
2003/6/24 14:00,34.4523274,155.0354733
2003/6/24 14:30,26.5476726,119.4645267
2003/6/24 15:00,20.55070291,92.47816307
2003/6/24 15:30,15.44929709,69.52183693
2003/6/24 16:00,10.2982801,46.34226044
2003/6/24 16:30,8.701719902,39.15773956
2003/6/24 17:00,10.66795367,48.00579151
2003/6/24 17:30,7.332046332,32.99420849
2003/6/24 18:00,2.142857143,9.642857143
2003/6/24 18:30,0.857142857,3.857142857
2003/6/24 19:00,0,0
2003/6/24 19:30,0,0
2003/6/24 20:00,0,0
2003/6/24 20:30,0,0
2003/6/24 21:00,0,0
2003/6/24 21:30,0,0
2003/6/24 22:00,0,0
2003/6/24 22:30,0,0
2003/6/24 23:00,0,0
2003/6/24 23:30,0,0
2003/6/25 0:00,0,0
2003/6/25 0:30,0,0
2003/6/25 1:00,0,0
2003/6/25 1:30,0,0
2003/6/25 2:00,0,0
2003/6/25 2:30,0,0
2003/6/25 3:00,0,0
2003/6/25 3:30,0,0
2003/6/25 4:00,0.267857143,1.205357143
2003/6/25 4:30,0.732142857,3.294642857
2003/6/25 5:00,4.186309524,18.83839286
2003/6/25 5:30,8.813690476,39.66160714
2003/6/25 6:00,19.60592949,88.22668269
2003/6/25 6:30,27.39407051,123.2733173
2003/6/25 7:00,26.06904292,117.3106931
2003/6/25 7:30,30.93095708,139.1893069
2003/6/25 8:00,47.7111387,214.7001242
2003/6/25 8:30,46.2888613,208.2998758
2003/6/25 9:00,24.17095818,108.7693118
2003/6/25 9:30,25.82904182,116.2306882
2003/6/25 10:00,64.52899393,290.3804727
2003/6/25 10:30,63.47100607,285.6195273
2003/6/25 11:00,24.36810345,109.6564655
2003/6/25 11:30,21.63189655,97.34353448
2003/6/25 12:00,34.48127706,155.1657468
2003/6/25 12:30,39.51872294,177.8342532
2003/6/25 13:00,38.96711476,175.3520164
2003/6/25 13:30,41.03288524,184.6479836
2003/6/25 14:00,40.18097977,180.814409
2003/6/25 14:30,50.81902023,228.685591
2003/6/25 15:00,97.59251621,439.166323
2003/6/25 15:30,116.4074838,523.833677
2003/6/25 16:00,103.7565103,466.9042962
2003/6/25 16:30,89.24348974,401.5957038
2003/6/25 17:00,68.95742445,310.30841
2003/6/25 17:30,47.04257555,211.69159
2003/6/25 18:00,26.15584416,117.7012987
2003/6/25 18:30,11.84415584,53.2987013
2003/6/25 19:00,0,0
2003/6/25 19:30,0,0
2003/6/25 20:00,0,0
2003/6/25 20:30,0,0
2003/6/25 21:00,0,0
2003/6/25 21:30,0,0
2003/6/25 22:00,0,0
2003/6/25 22:30,0,0
2003/6/25 23:00,0,0
2003/6/25 23:30,0,0
2003/6/26 0:00,0,0
2003/6/26 0:30,0,0
2003/6/26 1:00,0,0
2003/6/26 1:30,0,0
2003/6/26 2:00,0,0
2003/6/26 2:30,0,0
2003/6/26 3:00,0,0
2003/6/26 3:30,0,0
2003/6/26 4:00,0.53125,2.390625
2003/6/26 4:30,1.46875,6.609375
2003/6/26 5:00,10.3125,46.40625
2003/6/26 5:30,19.6875,88.59375
2003/6/26 6:00,27.54273649,123.9423142
2003/6/26 6:30,38.45726351,173.0576858
2003/6/26 7:00,51.71046864,232.6971089
2003/6/26 7:30,67.28953136,302.8028911
2003/6/26 8:00,87.86545945,395.3945675
2003/6/26 8:30,105.1345405,473.1054325
2003/6/26 9:00,115.0332071,517.6494321
2003/6/26 9:30,130.9667929,589.3505679
2003/6/26 10:00,155.8439585,701.2978132
2003/6/26 10:30,169.1560415,761.2021868
2003/6/26 11:00,172.4953035,776.2288658
2003/6/26 11:30,169.5046965,762.7711342
2003/6/26 12:00,148.7040449,669.1682018
2003/6/26 12:30,154.2959551,694.3317982
2003/6/26 13:00,192.856637,867.8548664
2003/6/26 13:30,204.143363,918.6451336
2003/6/26 14:00,205.8890498,926.5007242
2003/6/26 14:30,175.1109502,787.9992758
2003/6/26 15:00,112.8765416,507.9444374
2003/6/26 15:30,91.12345836,410.0555626
2003/6/26 16:00,88.20557851,396.9251033
2003/6/26 16:30,70.79442149,318.5748967
2003/6/26 17:00,50.78564542,228.5354044
2003/6/26 17:30,32.21435458,144.9645956
2003/6/26 18:00,15.34761905,69.06428571
2003/6/26 18:30,6.652380952,29.93571429
2003/6/26 19:00,0,0
2003/6/26 19:30,0,0
2003/6/26 20:00,0,0
2003/6/26 20:30,0,0
2003/6/26 21:00,0,0
2003/6/26 21:30,0,0
2003/6/26 22:00,0,0
2003/6/26 22:30,0,0
2003/6/26 23:00,0,0
2003/6/26 23:30,0,0
2003/6/27 0:00,0,0
2003/6/27 0:30,0,0
2003/6/27 1:00,0,0
2003/6/27 1:30,0,0
2003/6/27 2:00,0,0
2003/6/27 2:30,0,0
2003/6/27 3:00,0,0
2003/6/27 3:30,0,0
2003/6/27 4:00,1.34765625,6.064453125
2003/6/27 4:30,3.65234375,16.43554688
2003/6/27 5:00,20.10645003,90.47902514
2003/6/27 5:30,38.89354997,175.0209749
2003/6/27 6:00,59.34761786,267.0642804
2003/6/27 6:30,88.65238214,398.9357196
2003/6/27 7:00,136.1624244,612.7309098
2003/6/27 7:30,179.8375756,809.2690902
2003/6/27 8:00,218.6146642,983.7659887
2003/6/27 8:30,246.3853358,1108.734011
2003/6/27 9:00,246.6621565,1109.979704
2003/6/27 9:30,265.3378435,1194.020296
2003/6/27 10:00,304.7050973,1371.172938
2003/6/27 10:30,318.2949027,1432.327062
2003/6/27 11:00,312.2428224,1405.092701
2003/6/27 11:30,297.7571776,1339.907299
2003/6/27 12:00,273.9091225,1232.591051
2003/6/27 12:30,241.0908775,1084.908949
2003/6/27 13:00,192.1644708,864.7401186
2003/6/27 13:30,172.8355292,777.7598814
2003/6/27 14:00,165.4197608,744.3889237
2003/6/27 14:30,170.5802392,767.6110763
2003/6/27 15:00,214.4722471,965.125112
2003/6/27 15:30,198.5277529,893.374888
2003/6/27 16:00,145.2837815,653.7770167
2003/6/27 16:30,98.7162185,444.2229833
2003/6/27 17:00,52.26602947,235.1971326
2003/6/27 17:30,27.73397053,124.8028674
2003/6/27 18:00,9.295698925,41.83064516
2003/6/27 18:30,3.704301075,16.66935484
2003/6/27 19:00,0,0
2003/6/27 19:30,0,0
2003/6/27 20:00,0,0
2003/6/27 20:30,0,0
2003/6/27 21:00,0,0
2003/6/27 21:30,0,0
2003/6/27 22:00,0,0
2003/6/27 22:30,0,0
2003/6/27 23:00,0,0
2003/6/27 23:30,0,0
2003/6/28 0:00,0,0
2003/6/28 0:30,0,0
2003/6/28 1:00,0,0
2003/6/28 1:30,0,0
2003/6/28 2:00,0,0
2003/6/28 2:30,0,0
2003/6/28 3:00,0,0
2003/6/28 3:30,0,0
2003/6/28 4:00,0.5625,2.53125
2003/6/28 4:30,1.4375,6.46875
2003/6/28 5:00,4.627640845,20.8243838
2003/6/28 5:30,9.372359155,42.1756162
2003/6/28 6:00,21.64884221,97.41978993
2003/6/28 6:30,35.35115779,159.0802101
2003/6/28 7:00,54.98016589,247.4107465
2003/6/28 7:30,65.01983411,292.5892535
2003/6/28 8:00,57.5,258.75
2003/6/28 8:30,57.5,258.75
2003/6/28 9:00,57.67724096,259.5475843
2003/6/28 9:30,62.32275904,280.4524157
2003/6/28 10:00,73.86003868,332.3701741
2003/6/28 10:30,83.13996132,374.1298259
2003/6/28 11:00,90.36005495,406.6202473
2003/6/28 11:30,102.6399451,461.8797527
2003/6/28 12:00,123.8735343,557.4309044
2003/6/28 12:30,138.1264657,621.5690956
2003/6/28 13:00,147.8655377,665.3949198
2003/6/28 13:30,151.1344623,680.1050802
2003/6/28 14:00,144.3659365,649.646714
2003/6/28 14:30,141.6340635,637.353286
2003/6/28 15:00,144.8121922,651.6548649
2003/6/28 15:30,132.1878078,594.8451351
2003/6/28 16:00,111.2555775,500.6500989
2003/6/28 16:30,86.74442247,390.3499011
2003/6/28 17:00,61.4520081,276.5340364
2003/6/28 17:30,38.5479919,173.4659636
2003/6/28 18:00,18.15873016,81.71428571
2003/6/28 18:30,7.841269841,35.28571429
2003/6/28 19:00,0,0
2003/6/28 19:30,0,0
2003/6/28 20:00,0,0
2003/6/28 20:30,0,0
2003/6/28 21:00,0,0
2003/6/28 21:30,0,0
2003/6/28 22:00,0,0
2003/6/28 22:30,0,0
2003/6/28 23:00,0,0
2003/6/28 23:30,0,0
2003/6/29 0:00,0,0
2003/6/29 0:30,0,0
2003/6/29 1:00,0,0
2003/6/29 1:30,0,0
2003/6/29 2:00,0,0
2003/6/29 2:30,0,0
2003/6/29 3:00,0,0
2003/6/29 3:30,0,0
2003/6/29 4:00,0.537037037,2.416666667
2003/6/29 4:30,1.462962963,6.583333333
2003/6/29 5:00,8.037115505,36.16701977
2003/6/29 5:30,16.96288449,76.33298023
2003/6/29 6:00,36.12529599,162.5638319
2003/6/29 6:30,56.87470401,255.9361681
2003/6/29 7:00,77.42636492,348.4186421
2003/6/29 7:30,101.5736351,457.0813579
2003/6/29 8:00,122.571081,551.5698643
2003/6/29 8:30,159.428919,717.4301357
2003/6/29 9:00,231.1715161,1040.271823
2003/6/29 9:30,291.8284839,1313.228177
2003/6/29 10:00,348.5174443,1568.328499
2003/6/29 10:30,380.4825557,1712.171501
2003/6/29 11:00,368.2904252,1657.306913
2003/6/29 11:30,376.7095748,1695.193087
2003/6/29 12:00,402.8136394,1812.661377
2003/6/29 12:30,395.1863606,1778.338623
2003/6/29 13:00,363.8680541,1637.406243
2003/6/29 13:30,326.1319459,1467.593757
2003/6/29 14:00,275.0437926,1237.697067
2003/6/29 14:30,238.9562074,1075.302933
2003/6/29 15:00,215.1623366,968.2305145
2003/6/29 15:30,176.8376634,795.7694855
2003/6/29 16:00,130.3185641,586.4335385
2003/6/29 16:30,101.6814359,457.5664615
2003/6/29 17:00,87.24808046,392.6163621
2003/6/29 17:30,55.75191954,250.8836379
2003/6/29 18:00,21.86925287,98.41163793
2003/6/29 18:30,9.130747126,41.08836207
2003/6/29 19:00,0,0
2003/6/29 19:30,0,0
2003/6/29 20:00,0,0
2003/6/29 20:30,0,0
2003/6/29 21:00,0,0
2003/6/29 21:30,0,0
2003/6/29 22:00,0,0
2003/6/29 22:30,0,0
2003/6/29 23:00,0,0
2003/6/29 23:30,0,0
2003/6/30 0:00,0,0
2003/6/30 0:30,0,0
2003/6/30 1:00,0,0
2003/6/30 1:30,0,0
2003/6/30 2:00,0,0
2003/6/30 2:30,0,0
2003/6/30 3:00,0,0
2003/6/30 3:30,0,0
2003/6/30 4:00,1.598901099,7.195054945
2003/6/30 4:30,4.401098901,19.80494505
2003/6/30 5:00,28.09161095,126.4122493
2003/6/30 5:30,56.90838905,256.0877507
2003/6/30 6:00,100.2225637,451.0015368
2003/6/30 6:30,146.7774363,660.4984632
2003/6/30 7:00,190.066336,855.2985119
2003/6/30 7:30,235.933664,1061.701488
2003/6/30 8:00,280.3061895,1261.377853
2003/6/30 8:30,313.6938105,1411.622147
2003/6/30 9:00,326.8358068,1470.761131
2003/6/30 9:30,343.1641932,1544.238869
2003/6/30 10:00,359.6739177,1618.53263
2003/6/30 10:30,362.3260823,1630.46737
2003/6/30 11:00,355.0940477,1597.923215
2003/6/30 11:30,334.9059523,1507.076785
2003/6/30 12:00,290.8265063,1308.719278
2003/6/30 12:30,280.1734937,1260.780722
2003/6/30 13:00,302.9591202,1363.316041
2003/6/30 13:30,291.0408798,1309.683959
2003/6/30 14:00,257.4690281,1158.610626
2003/6/30 14:30,228.5309719,1028.389374
2003/6/30 15:00,204.5979648,920.6908415
2003/6/30 15:30,163.4020352,735.3091585
2003/6/30 16:00,112.928146,508.176657
2003/6/30 16:30,81.07185399,364.823343
2003/6/30 17:00,58.05020009,261.2259004
2003/6/30 17:30,35.94979991,161.7740996
2003/6/30 18:00,16.77966102,75.50847458
2003/6/30 18:30,7.220338983,32.49152542
2003/6/30 19:00,0,0
2003/6/30 19:30,0,0
2003/6/30 20:00,0,0
2003/6/30 20:30,0,0
2003/6/30 21:00,0,0
2003/6/30 21:30,0,0
2003/6/30 22:00,0,0
2003/6/30 22:30,0,0
2003/6/30 23:00,0,0
2003/6/30 23:30,0,0
2003/7/1 0:00,0,0
2003/7/1 0:30,0,0
2003/7/1 1:00,0,0
2003/7/1 1:30,0,0
2003/7/1 2:00,0,0
2003/7/1 2:30,0,0
2003/7/1 3:00,0,0
2003/7/1 3:30,0,0
2003/7/1 4:00,1.339285714,6.026785714
2003/7/1 4:30,3.660714286,16.47321429
2003/7/1 5:00,21.1038961,94.96753247
2003/7/1 5:30,43.8961039,197.5324675
2003/7/1 6:00,92.52392345,416.3576555
2003/7/1 6:30,128.4760766,578.1423445
2003/7/1 7:00,124.9885909,562.4486592
2003/7/1 7:30,148.0114091,666.0513408
2003/7/1 8:00,207.4429052,933.4930734
2003/7/1 8:30,230.5570948,1037.506927
2003/7/1 9:00,215.9486028,971.7687124
2003/7/1 9:30,204.0513972,918.2312876
2003/7/1 10:00,188.8926008,850.0167036
2003/7/1 10:30,160.1073992,720.4832964
2003/7/1 11:00,120.5065718,542.2795733
2003/7/1 11:30,94.49342815,425.2204267
2003/7/1 12:00,65.32802795,293.9761258
2003/7/1 12:30,64.67197205,291.0238742
2003/7/1 13:00,98.55858757,443.513644
2003/7/1 13:30,107.4414124,483.486356
2003/7/1 14:00,95.7086499,430.6889246
2003/7/1 14:30,89.2913501,401.8110754
2003/7/1 15:00,85.29885364,383.8448414
2003/7/1 15:30,70.70114636,318.1551586
2003/7/1 16:00,51.437765,231.4699425
2003/7/1 16:30,34.562235,155.5300575
2003/7/1 17:00,18.35417156,82.59377203
2003/7/1 17:30,10.64582844,47.90622797
2003/7/1 18:00,5.567567568,25.05405405
2003/7/1 18:30,2.432432432,10.94594595
2003/7/1 19:00,0,0
2003/7/1 19:30,0,0
2003/7/1 20:00,0,0
2003/7/1 20:30,0,0
2003/7/1 21:00,0,0
2003/7/1 21:30,0,0
2003/7/1 22:00,0,0
2003/7/1 22:30,0,0
2003/7/1 23:00,0,0
2003/7/1 23:30,0,0
2003/7/2 0:00,0,0
2003/7/2 0:30,0,0
2003/7/2 1:00,0,0
2003/7/2 1:30,0,0
2003/7/2 2:00,0,0
2003/7/2 2:30,0,0
2003/7/2 3:00,0,0
2003/7/2 3:30,0,0
2003/7/2 4:00,0.537037037,2.416666667
2003/7/2 4:30,1.462962963,6.583333333
2003/7/2 5:00,8.159722222,36.71875
2003/7/2 5:30,16.84027778,75.78125
2003/7/2 6:00,30.20797047,135.9358671
2003/7/2 6:30,52.79202953,237.5641329
2003/7/2 7:00,111.406197,501.3278867
2003/7/2 7:30,175.593803,790.1721133
2003/7/2 8:00,262.7676165,1182.454274
2003/7/2 8:30,324.2323835,1459.045726
2003/7/2 9:00,326.2454882,1468.104697
2003/7/2 9:30,356.7545118,1605.395303
2003/7/2 10:00,412.4632613,1856.084676
2003/7/2 10:30,427.5367387,1923.915324
2003/7/2 11:00,409.338771,1842.02447
2003/7/2 11:30,379.661229,1708.47553
2003/7/2 12:00,318.1572564,1431.707654
2003/7/2 12:30,302.8427436,1362.792346
2003/7/2 13:00,329.206351,1481.428579
2003/7/2 13:30,317.793649,1430.071421
2003/7/2 14:00,286.5256844,1289.36558
2003/7/2 14:30,252.4743156,1136.13442
2003/7/2 15:00,209.0420274,940.6891235
2003/7/2 15:30,179.9579726,809.8108765
2003/7/2 16:00,163.8259134,737.2166104
2003/7/2 16:30,131.1740866,590.2833896
2003/7/2 17:00,97.47120089,438.620404
2003/7/2 17:30,59.52879911,267.879596
2003/7/2 18:00,22.64550265,101.9047619
2003/7/2 18:30,9.354497354,42.0952381
2003/7/2 19:00,0,0
2003/7/2 19:30,0,0
2003/7/2 20:00,0,0
2003/7/2 20:30,0,0
2003/7/2 21:00,0,0
2003/7/2 21:30,0,0
2003/7/2 22:00,0,0
2003/7/2 22:30,0,0
2003/7/2 23:00,0,0
2003/7/2 23:30,0,0
2003/7/3 0:00,0,0
2003/7/3 0:30,0,0
2003/7/3 1:00,0,0
2003/7/3 1:30,0,0
2003/7/3 2:00,0,0
2003/7/3 2:30,0,0
2003/7/3 3:00,0,0
2003/7/3 3:30,0,0
2003/7/3 4:00,0.552631579,2.486842105
2003/7/3 4:30,1.447368421,6.513157895
2003/7/3 5:00,5.567850349,25.05532657
2003/7/3 5:30,11.43214965,51.44467343
2003/7/3 6:00,25.76600456,115.9470205
2003/7/3 6:30,40.23399544,181.0529795
2003/7/3 7:00,51.74695403,232.8612931
2003/7/3 7:30,67.25304597,302.6387069
2003/7/3 8:00,88.20542204,396.9243992
2003/7/3 8:30,103.794578,467.0756008
2003/7/3 9:00,108.6611374,488.9751185
2003/7/3 9:30,121.3388626,546.0248815
2003/7/3 10:00,146.5990317,659.6956426
2003/7/3 10:30,152.4009683,685.8043574
2003/7/3 11:00,131.3201442,590.940649
2003/7/3 11:30,137.6798558,619.559351
2003/7/3 12:00,175.0934645,787.9205904
2003/7/3 12:30,186.9065355,841.0794096
2003/7/3 13:00,186.2870049,838.2915222
2003/7/3 13:30,163.7129951,736.7084778
2003/7/3 14:00,112.9595289,508.3178801
2003/7/3 14:30,101.0404711,454.6821199
2003/7/3 15:00,120.0771893,540.347352
2003/7/3 15:30,101.9228107,458.652648
2003/7/3 16:00,64.34784689,289.565311
2003/7/3 16:30,43.65215311,196.434689
2003/7/3 17:00,27.30701754,122.8815789
2003/7/3 17:30,16.69298246,75.11842105
2003/7/3 18:00,9.00877193,40.53947368
2003/7/3 18:30,3.99122807,17.96052632
2003/7/3 19:00,0,0
2003/7/3 19:30,0,0
2003/7/3 20:00,0,0
2003/7/3 20:30,0,0
2003/7/3 21:00,0,0
2003/7/3 21:30,0,0
2003/7/3 22:00,0,0
2003/7/3 22:30,0,0
2003/7/3 23:00,0,0
2003/7/3 23:30,0,0
2003/7/4 0:00,0,0
2003/7/4 0:30,0,0
2003/7/4 1:00,0,0
2003/7/4 1:30,0,0
2003/7/4 2:00,0,0
2003/7/4 2:30,0,0
2003/7/4 3:00,0,0
2003/7/4 3:30,0,0
2003/7/4 4:00,0.259615385,1.168269231
2003/7/4 4:30,0.740384615,3.331730769
2003/7/4 5:00,8.443509615,37.99579327
2003/7/4 5:30,16.55649038,74.50420673
2003/7/4 6:00,21.828125,98.2265625
2003/7/4 6:30,33.171875,149.2734375
2003/7/4 7:00,55.97060529,251.8677238
2003/7/4 7:30,89.02939471,400.6322762
2003/7/4 8:00,167.5052641,753.7736884
2003/7/4 8:30,226.4947359,1019.226312
2003/7/4 9:00,254.3174733,1144.42863
2003/7/4 9:30,264.6825267,1191.07137
2003/7/4 10:00,232.4614177,1046.07638
2003/7/4 10:30,230.5385823,1037.42362
2003/7/4 11:00,252.3112412,1135.400586
2003/7/4 11:30,249.6887588,1123.599414
2003/7/4 12:00,220.3986501,991.7939252
2003/7/4 12:30,223.6013499,1006.206075
2003/7/4 13:00,263.5595439,1186.017948
2003/7/4 13:30,268.4404561,1207.982052
2003/7/4 14:00,246.6254533,1109.81454
2003/7/4 14:30,231.3745467,1041.18546
2003/7/4 15:00,217.5872575,979.142659
2003/7/4 15:30,194.4127425,874.857341
2003/7/4 16:00,170.5098656,767.294395
2003/7/4 16:30,133.4901344,600.705605
2003/7/4 17:00,95.35976211,429.1189295
2003/7/4 17:30,55.64023789,250.3810705
2003/7/4 18:00,17.86221591,80.37997159
2003/7/4 18:30,7.137784091,32.12002841
2003/7/4 19:00,0,0
2003/7/4 19:30,0,0
2003/7/4 20:00,0,0
2003/7/4 20:30,0,0
2003/7/4 21:00,0,0
2003/7/4 21:30,0,0
2003/7/4 22:00,0,0
2003/7/4 22:30,0,0
2003/7/4 23:00,0,0
2003/7/4 23:30,0,0
2003/7/5 0:00,0,0
2003/7/5 0:30,0,0
2003/7/5 1:00,0,0
2003/7/5 1:30,0,0
2003/7/5 2:00,0,0
2003/7/5 2:30,0,0
2003/7/5 3:00,0,0
2003/7/5 3:30,0,0
2003/7/5 4:00,1.327160494,5.972222222
2003/7/5 4:30,3.672839506,16.52777778
2003/7/5 5:00,25.01847709,112.5831469
2003/7/5 5:30,50.98152291,229.4168531
2003/7/5 6:00,90.57286836,407.5779076
2003/7/5 6:30,131.4271316,591.4220924
2003/7/5 7:00,164.9907937,742.4585717
2003/7/5 7:30,202.0092063,909.0414283
2003/7/5 8:00,234.1678903,1053.755506
2003/7/5 8:30,269.8321097,1214.244494
2003/7/5 9:00,305.148374,1373.167683
2003/7/5 9:30,343.851626,1547.332317
2003/7/5 10:00,400.9906173,1804.457778
2003/7/5 10:30,413.0093827,1858.542222
2003/7/5 11:00,374.6603399,1685.971529
2003/7/5 11:30,356.3396601,1603.528471
2003/7/5 12:00,333.3997379,1500.29882
2003/7/5 12:30,332.6002621,1496.70118
2003/7/5 13:00,374.2635784,1684.186103
2003/7/5 13:30,349.7364216,1573.813897
2003/7/5 14:00,277.6176476,1249.279414
2003/7/5 14:30,228.3823524,1027.720586
2003/7/5 15:00,184.7389157,831.3251209
2003/7/5 15:30,144.2610843,649.1748791
2003/7/5 16:00,105.666317,475.4984265
2003/7/5 16:30,79.33368301,357.0015735
2003/7/5 17:00,63.25695436,284.6562946
2003/7/5 17:30,38.74304564,174.3437054
2003/7/5 18:00,14.18032787,63.81147541
2003/7/5 18:30,5.819672131,26.18852459
2003/7/5 19:00,0,0
2003/7/5 19:30,0,0
2003/7/5 20:00,0,0
2003/7/5 20:30,0,0
2003/7/5 21:00,0,0
2003/7/5 21:30,0,0
2003/7/5 22:00,0,0
2003/7/5 22:30,0,0
2003/7/5 23:00,0,0
2003/7/5 23:30,0,0
2003/7/6 0:00,0,0
2003/7/6 0:30,0,0
2003/7/6 1:00,0,0
2003/7/6 1:30,0,0
2003/7/6 2:00,0,0
2003/7/6 2:30,0,0
2003/7/6 3:00,0,0
2003/7/6 3:30,0,0
2003/7/6 4:00,0,0
2003/7/6 4:30,0,0
2003/7/6 5:00,5.855555556,26.35
2003/7/6 5:30,11.14444444,50.15
2003/7/6 6:00,10.97777778,49.4
2003/7/6 6:30,17.02222222,76.6
2003/7/6 7:00,51.95989097,233.8195093
2003/7/6 7:30,67.04010903,301.6804907
2003/7/6 8:00,44.18834621,198.847558
2003/7/6 8:30,50.81165379,228.652442
2003/7/6 9:00,102.671546,462.0219571
2003/7/6 9:30,114.328454,514.4780429
2003/7/6 10:00,75.7085856,340.6886352
2003/7/6 10:30,76.2914144,343.3113648
2003/7/6 11:00,107.0183884,481.5827477
2003/7/6 11:30,116.9816116,526.4172523
2003/7/6 12:00,111.8224095,503.2008428
2003/7/6 12:30,106.1775905,477.7991572
2003/7/6 13:00,93.30027778,419.85125
2003/7/6 13:30,88.69972222,399.14875
2003/7/6 14:00,87.84195906,395.2888158
2003/7/6 14:30,90.15804094,405.7111842
2003/7/6 15:00,105.6398311,475.3792398
2003/7/6 15:30,96.36016894,433.6207602
2003/7/6 16:00,68.50012598,308.2505669
2003/7/6 16:30,53.49987402,240.7494331
2003/7/6 17:00,44.42583244,199.916246
2003/7/6 17:30,29.57416756,133.083754
2003/7/6 18:00,14.58947368,65.65263158
2003/7/6 18:30,6.410526316,28.84736842
2003/7/6 19:00,0,0
2003/7/6 19:30,0,0
2003/7/6 20:00,0,0
2003/7/6 20:30,0,0
2003/7/6 21:00,0,0
2003/7/6 21:30,0,0
2003/7/6 22:00,0,0
2003/7/6 22:30,0,0
2003/7/6 23:00,0,0
2003/7/6 23:30,0,0
2003/7/7 0:00,0,0
2003/7/7 0:30,0,0
2003/7/7 1:00,0,0
2003/7/7 1:30,0,0
2003/7/7 2:00,0,0
2003/7/7 2:30,0,0
2003/7/7 3:00,0,0
2003/7/7 3:30,0,0
2003/7/7 4:00,0.285714286,1.285714286
2003/7/7 4:30,0.714285714,3.214285714
2003/7/7 5:00,2.004608295,9.020737327
2003/7/7 5:30,3.995391705,17.97926267
2003/7/7 6:00,9.757471537,43.90862192
2003/7/7 6:30,15.24252846,68.59137808
2003/7/7 7:00,21.03439766,94.65478948
2003/7/7 7:30,21.96560234,98.84521052
2003/7/7 8:00,14.4746264,65.1358188
2003/7/7 8:30,15.5253736,69.8641812
2003/7/7 9:00,25.81439394,116.1647727
2003/7/7 9:30,32.18560606,144.8352273
2003/7/7 10:00,38.85200216,174.8340097
2003/7/7 10:30,35.14799784,158.1659903
2003/7/7 11:00,20.02384454,90.10730042
2003/7/7 11:30,17.97615546,80.89269958
2003/7/7 12:00,22.02339572,99.10528075
2003/7/7 12:30,24.97660428,112.3947193
2003/7/7 13:00,32.81548295,147.6696733
2003/7/7 13:30,30.18451705,135.8303267
2003/7/7 14:00,16.90513393,76.07310268
2003/7/7 14:30,16.09486607,72.42689732
2003/7/7 15:00,25.88705357,116.4917411
2003/7/7 15:30,25.11294643,113.0082589
2003/7/7 16:00,16.44252717,73.99137228
2003/7/7 16:30,12.55747283,56.50862772
2003/7/7 17:00,10.36982402,46.66420807
2003/7/7 17:30,6.630175983,29.83579193
2003/7/7 18:00,2.80952381,12.64285714
2003/7/7 18:30,1.19047619,5.357142857
2003/7/7 19:00,0,0
2003/7/7 19:30,0,0
2003/7/7 20:00,0,0
2003/7/7 20:30,0,0
2003/7/7 21:00,0,0
2003/7/7 21:30,0,0
2003/7/7 22:00,0,0
2003/7/7 22:30,0,0
2003/7/7 23:00,0,0
2003/7/7 23:30,0,0
2003/7/8 0:00,0,0
2003/7/8 0:30,0,0
2003/7/8 1:00,0,0
2003/7/8 1:30,0,0
2003/7/8 2:00,0,0
2003/7/8 2:30,0,0
2003/7/8 3:00,0,0
2003/7/8 3:30,0,0
2003/7/8 4:00,0.2578125,1.16015625
2003/7/8 4:30,0.7421875,3.33984375
2003/7/8 5:00,10.15660191,45.70470861
2003/7/8 5:30,20.84339809,93.79529139
2003/7/8 6:00,34.94231073,157.2403983
2003/7/8 6:30,45.05768927,202.7596017
2003/7/8 7:00,47.97250021,215.8762509
2003/7/8 7:30,43.02749979,193.6237491
2003/7/8 8:00,25.14317725,113.1442976
2003/7/8 8:30,25.85682275,116.3557024
2003/7/8 9:00,42.0783327,189.3524971
2003/7/8 9:30,60.9216673,274.1475029
2003/7/8 10:00,101.2854568,455.7845557
2003/7/8 10:30,135.7145432,610.7154443
2003/7/8 11:00,174.4486403,785.0188815
2003/7/8 11:30,171.5513597,771.9811185
2003/7/8 12:00,115.5670194,520.0515873
2003/7/8 12:30,105.4329806,474.4484127
2003/7/8 13:00,123.0274585,553.6235632
2003/7/8 13:30,114.9725415,517.3764368
2003/7/8 14:00,96.64622157,434.9079971
2003/7/8 14:30,71.35377843,321.0920029
2003/7/8 15:00,38.65588401,173.9514781
2003/7/8 15:30,28.34411599,127.5485219
2003/7/8 16:00,25.46723272,114.6025472
2003/7/8 16:30,20.53276728,92.39745276
2003/7/8 17:00,16.7957958,75.58108108
2003/7/8 17:30,11.2042042,50.41891892
2003/7/8 18:00,5.555555556,25
2003/7/8 18:30,2.444444444,11
2003/7/8 19:00,0,0
2003/7/8 19:30,0,0
2003/7/8 20:00,0,0
2003/7/8 20:30,0,0
2003/7/8 21:00,0,0
2003/7/8 21:30,0,0
2003/7/8 22:00,0,0
2003/7/8 22:30,0,0
2003/7/8 23:00,0,0
2003/7/8 23:30,0,0
2003/7/9 0:00,0,0
2003/7/9 0:30,0,0
2003/7/9 1:00,0,0
2003/7/9 1:30,0,0
2003/7/9 2:00,0,0
2003/7/9 2:30,0,0
2003/7/9 3:00,0,0
2003/7/9 3:30,0,0
2003/7/9 4:00,0.533333333,2.4
2003/7/9 4:30,1.466666667,6.6
2003/7/9 5:00,9.127683616,41.07457627
2003/7/9 5:30,18.87231638,84.92542373
2003/7/9 6:00,37.76545364,169.9445414
2003/7/9 6:30,52.23454636,235.0554586
2003/7/9 7:00,49.62352941,223.3058824
2003/7/9 7:30,64.37647059,289.6941176
2003/7/9 8:00,125.4985651,564.743543
2003/7/9 8:30,140.5014349,632.256457
2003/7/9 9:00,94.77143488,426.471457
2003/7/9 9:30,92.22856512,415.028543
2003/7/9 10:00,109.2816667,491.7675
2003/7/9 10:30,128.7183333,579.2325
2003/7/9 11:00,179.4955781,807.7301013
2003/7/9 11:30,182.5044219,821.2698987
2003/7/9 12:00,137.2777553,617.7498987
2003/7/9 12:30,117.7222447,529.7501013
2003/7/9 13:00,101.4574538,456.5585422
2003/7/9 13:30,93.54254617,420.9414578
2003/7/9 14:00,105.531953,474.8937883
2003/7/9 14:30,78.46804705,353.1062117
2003/7/9 15:00,28.86440678,129.8898305
2003/7/9 15:30,23.13559322,104.1101695
2003/7/9 16:00,35.23434434,158.5545495
2003/7/9 16:30,30.76565566,138.4454505
2003/7/9 17:00,16.66705044,75.00172697
2003/7/9 17:30,12.33294956,55.49827303
2003/7/9 18:00,12.36979167,55.6640625
2003/7/9 18:30,6.630208333,29.8359375
2003/7/9 19:00,0,0
2003/7/9 19:30,0,0
2003/7/9 20:00,0,0
2003/7/9 20:30,0,0
2003/7/9 21:00,0,0
2003/7/9 21:30,0,0
2003/7/9 22:00,0,0
2003/7/9 22:30,0,0
2003/7/9 23:00,0,0
2003/7/9 23:30,0,0
2003/7/10 0:00,0,0
2003/7/10 0:30,0,0
2003/7/10 1:00,0,0
2003/7/10 1:30,0,0
2003/7/10 2:00,0,0
2003/7/10 2:30,0,0
2003/7/10 3:00,0,0
2003/7/10 3:30,0,0
2003/7/10 4:00,0.265625,1.1953125
2003/7/10 4:30,0.734375,3.3046875
2003/7/10 5:00,4.6875,21.09375
2003/7/10 5:30,10.3125,46.40625
2003/7/10 6:00,24.68590561,111.0865753
2003/7/10 6:30,40.31409439,181.4134247
2003/7/10 7:00,58.55957566,263.5180905
2003/7/10 7:30,72.44042434,325.9819095
2003/7/10 8:00,75.99382275,341.9722024
2003/7/10 8:30,80.00617725,360.0277976
2003/7/10 9:00,80.18257098,360.8215694
2003/7/10 9:30,80.81742902,363.6784306
2003/7/10 10:00,79.49078171,357.7085177
2003/7/10 10:30,81.50921829,366.7914823
2003/7/10 11:00,88.39571254,397.7807064
2003/7/10 11:30,89.60428746,403.2192936
2003/7/10 12:00,89.3253113,401.9639009
2003/7/10 12:30,80.6746887,363.0360991
2003/7/10 13:00,57.72375345,259.7568905
2003/7/10 13:30,60.27624655,271.2431095
2003/7/10 14:00,108.8022229,489.6100033
2003/7/10 14:30,95.19777705,428.3899967
2003/7/10 15:00,35.60089326,160.2040197
2003/7/10 15:30,26.39910674,118.7959803
2003/7/10 16:00,29.82992944,134.2346825
2003/7/10 16:30,25.17007056,113.2653175
2003/7/10 17:00,19.57068106,88.06806478
2003/7/10 17:30,11.42931894,51.43193522
2003/7/10 18:00,2.885714286,12.98571429
2003/7/10 18:30,1.114285714,5.014285714
2003/7/10 19:00,0,0
2003/7/10 19:30,0,0
2003/7/10 20:00,0,0
2003/7/10 20:30,0,0
2003/7/10 21:00,0,0
2003/7/10 21:30,0,0
2003/7/10 22:00,0,0
2003/7/10 22:30,0,0
2003/7/10 23:00,0,0
2003/7/10 23:30,0,0
2003/7/11 0:00,0,0
2003/7/11 0:30,0,0
2003/7/11 1:00,0,0
2003/7/11 1:30,0,0
2003/7/11 2:00,0,0
2003/7/11 2:30,0,0
2003/7/11 3:00,0,0
2003/7/11 3:30,0,0
2003/7/11 4:00,0.795,3.5775
2003/7/11 4:30,2.205,9.9225
2003/7/11 5:00,15.34636126,69.05862565
2003/7/11 5:30,31.65363874,142.4413743
2003/7/11 6:00,55.04331458,247.6949156
2003/7/11 6:30,88.95668542,400.3050844
2003/7/11 7:00,154.699505,696.1477723
2003/7/11 7:30,210.300495,946.3522277
2003/7/11 8:00,248.119636,1116.538362
2003/7/11 8:30,271.880364,1223.461638
2003/7/11 9:00,262.0295165,1179.132824
2003/7/11 9:30,265.9704835,1196.867176
2003/7/11 10:00,266.3101171,1198.395527
2003/7/11 10:30,285.6898829,1285.604473
2003/7/11 11:00,337.3443103,1518.049396
2003/7/11 11:30,362.6556897,1631.950604
2003/7/11 12:00,371.2930085,1670.818538
2003/7/11 12:30,366.7069915,1650.181462
2003/7/11 13:00,359.5273183,1617.872932
2003/7/11 13:30,306.4726817,1379.127068
2003/7/11 14:00,216.3427897,973.5425535
2003/7/11 14:30,168.6572103,758.9574465
2003/7/11 15:00,135.8762769,611.4432458
2003/7/11 15:30,106.1237231,477.5567542
2003/7/11 16:00,84.10172296,378.4577533
2003/7/11 16:30,56.89827704,256.0422467
2003/7/11 17:00,29.96741929,134.8533868
2003/7/11 17:30,16.03258071,72.14661319
2003/7/11 18:00,5.703703704,25.66666667
2003/7/11 18:30,2.296296296,10.33333333
2003/7/11 19:00,0,0
2003/7/11 19:30,0,0
2003/7/11 20:00,0,0
2003/7/11 20:30,0,0
2003/7/11 21:00,0,0
2003/7/11 21:30,0,0
2003/7/11 22:00,0,0
2003/7/11 22:30,0,0
2003/7/11 23:00,0,0
2003/7/11 23:30,0,0
2003/7/12 0:00,0,0
2003/7/12 0:30,0,0
2003/7/12 1:00,0,0
2003/7/12 1:30,0,0
2003/7/12 2:00,0,0
2003/7/12 2:30,0,0
2003/7/12 3:00,0,0
2003/7/12 3:30,0,0
2003/7/12 4:00,0.263888889,1.1875
2003/7/12 4:30,0.736111111,3.3125
2003/7/12 5:00,5.503716745,24.76672535
2003/7/12 5:30,11.49628326,51.73327465
2003/7/12 6:00,20.45178212,92.03301955
2003/7/12 6:30,33.54821788,150.9669805
2003/7/12 7:00,54.86426244,246.889181
2003/7/12 7:30,87.13573756,392.110819
2003/7/12 8:00,160.9258736,724.1664313
2003/7/12 8:30,223.0741264,1003.833569
2003/7/12 9:00,261.9978836,1178.990476
2003/7/12 9:30,299.0021164,1345.509524
2003/7/12 10:00,315.3704497,1419.167024
2003/7/12 10:30,338.6295503,1523.832976
2003/7/12 11:00,366.9346848,1651.206081
2003/7/12 11:30,379.0653152,1705.793919
2003/7/12 12:00,375.997131,1691.98709
2003/7/12 12:30,369.002869,1660.51291
2003/7/12 13:00,365.7161446,1645.722651
2003/7/12 13:30,326.2838554,1468.277349
2003/7/12 14:00,252.5980032,1136.691014
2003/7/12 14:30,217.4019968,978.3089856
2003/7/12 15:00,207.1139533,932.0127897
2003/7/12 15:30,170.8860467,768.9872103
2003/7/12 16:00,124.9331525,562.1991862
2003/7/12 16:30,90.06684751,405.3008138
2003/7/12 17:00,61.33740682,276.0183307
2003/7/12 17:30,36.66259318,164.9816693
2003/7/12 18:00,15.49166667,69.7125
2003/7/12 18:30,6.508333333,29.2875
2003/7/12 19:00,0,0
2003/7/12 19:30,0,0
2003/7/12 20:00,0,0
2003/7/12 20:30,0,0
2003/7/12 21:00,0,0
2003/7/12 21:30,0,0
2003/7/12 22:00,0,0
2003/7/12 22:30,0,0
2003/7/12 23:00,0,0
2003/7/12 23:30,0,0
2003/7/13 0:00,0,0
2003/7/13 0:30,0,0
2003/7/13 1:00,0,0
2003/7/13 1:30,0,0
2003/7/13 2:00,0,0
2003/7/13 2:30,0,0
2003/7/13 3:00,0,0
2003/7/13 3:30,0,0
2003/7/13 4:00,0.524390244,2.359756097
2003/7/13 4:30,1.475609756,6.640243903
2003/7/13 5:00,13.88185976,62.4683689
2003/7/13 5:30,25.11814024,113.0316311
2003/7/13 6:00,27.446407,123.5088315
2003/7/13 6:30,37.553593,168.9911685
2003/7/13 7:00,62.3026225,280.3618012
2003/7/13 7:30,79.6973775,358.6381988
2003/7/13 8:00,89.76779742,403.9550884
2003/7/13 8:30,90.23220258,406.0449116
2003/7/13 9:00,73.12005407,329.0402433
2003/7/13 9:30,71.87994593,323.4597567
2003/7/13 10:00,81.55943311,367.017449
2003/7/13 10:30,86.44056689,388.982551
2003/7/13 11:00,88.37082699,397.6687214
2003/7/13 11:30,94.62917301,425.8312786
2003/7/13 12:00,110.955629,499.3003306
2003/7/13 12:30,110.044371,495.1996694
2003/7/13 13:00,88.15986879,396.7194095
2003/7/13 13:30,88.84013121,399.7805905
2003/7/13 14:00,120.0225481,540.1014663
2003/7/13 14:30,107.9774519,485.8985337
2003/7/13 15:00,60.78065707,273.5129568
2003/7/13 15:30,52.21934293,234.9870432
2003/7/13 16:00,65.77362027,295.9812912
2003/7/13 16:30,55.22637973,248.5187088
2003/7/13 17:00,34.40571429,154.8257143
2003/7/13 17:30,19.59428571,88.17428571
2003/7/13 18:00,6.428571429,28.92857143
2003/7/13 18:30,2.571428571,11.57142857
2003/7/13 19:00,0,0
2003/7/13 19:30,0,0
2003/7/13 20:00,0,0
2003/7/13 20:30,0,0
2003/7/13 21:00,0,0
2003/7/13 21:30,0,0
2003/7/13 22:00,0,0
2003/7/13 22:30,0,0
2003/7/13 23:00,0,0
2003/7/13 23:30,0,0
2003/7/14 0:00,0,0
2003/7/14 0:30,0,0
2003/7/14 1:00,0,0
2003/7/14 1:30,0,0
2003/7/14 2:00,0,0
2003/7/14 2:30,0,0
2003/7/14 3:00,0,0
2003/7/14 3:30,0,0
2003/7/14 4:00,0,0
2003/7/14 4:30,0,0
2003/7/14 5:00,1.764705882,7.941176471
2003/7/14 5:30,4.235294118,19.05882353
2003/7/14 6:00,9.855128828,44.34807973
2003/7/14 6:30,18.14487117,81.65192027
2003/7/14 7:00,41.73471074,187.8061983
2003/7/14 7:30,51.26528926,230.6938017
2003/7/14 8:00,36.50674487,164.2803519
2003/7/14 8:30,35.49325513,159.7196481
2003/7/14 9:00,35.24011813,158.5805316
2003/7/14 9:30,47.75988187,214.9194684
2003/7/14 10:00,129.5677274,583.0547731
2003/7/14 10:30,142.4322726,640.9452269
2003/7/14 11:00,67.46863301,303.6088486
2003/7/14 11:30,65.53136699,294.8911514
2003/7/14 12:00,109.6727312,493.5272903
2003/7/14 12:30,129.3272688,581.9727097
2003/7/14 13:00,127.4599918,573.5699631
2003/7/14 13:30,133.5400082,600.9300369
2003/7/14 14:00,149.884245,674.4791027
2003/7/14 14:30,138.115755,621.5208973
2003/7/14 15:00,99.04663302,445.7098486
2003/7/14 15:30,87.95336698,395.7901514
2003/7/14 16:00,95.79143589,431.0614615
2003/7/14 16:30,82.20856411,369.9385385
2003/7/14 17:00,62.19363492,279.8713572
2003/7/14 17:30,37.80636508,170.1286428
2003/7/14 18:00,12.81355932,57.66101695
2003/7/14 18:30,5.186440678,23.33898305
2003/7/14 19:00,0,0
2003/7/14 19:30,0,0
2003/7/14 20:00,0,0
2003/7/14 20:30,0,0
2003/7/14 21:00,0,0
2003/7/14 21:30,0,0
2003/7/14 22:00,0,0
2003/7/14 22:30,0,0
2003/7/14 23:00,0,0
2003/7/14 23:30,0,0
2003/7/15 0:00,0,0
2003/7/15 0:30,0,0
2003/7/15 1:00,0,0
2003/7/15 1:30,0,0
2003/7/15 2:00,0,0
2003/7/15 2:30,0,0
2003/7/15 3:00,0,0
2003/7/15 3:30,0,0
2003/7/15 4:00,0.518518518,2.333333333
2003/7/15 4:30,1.481481482,6.666666667
2003/7/15 5:00,16.51287162,74.30792227
2003/7/15 5:30,35.48712838,159.6920777
2003/7/15 6:00,67.30992723,302.8946725
2003/7/15 6:30,103.6900728,466.6053275
2003/7/15 7:00,142.9924119,643.4658533
2003/7/15 7:30,187.0075881,841.5341467
2003/7/15 8:00,240.8201905,1083.690857
2003/7/15 8:30,271.1798095,1220.309143
2003/7/15 9:00,264.4897267,1190.20377
2003/7/15 9:30,269.5102733,1212.79623
2003/7/15 10:00,275.8067668,1241.130451
2003/7/15 10:30,276.1932332,1242.869549
2003/7/15 11:00,273.0476241,1228.714308
2003/7/15 11:30,263.9523759,1187.785692
2003/7/15 12:00,239.581867,1078.118402
2003/7/15 12:30,242.418133,1090.881598
2003/7/15 13:00,274.9377967,1237.220085
2003/7/15 13:30,288.0622033,1296.279915
2003/7/15 14:00,309.0629882,1390.783447
2003/7/15 14:30,271.9370118,1223.716553
2003/7/15 15:00,186.4819242,839.1686587
2003/7/15 15:30,146.5180758,659.3313413
2003/7/15 16:00,120.0774965,540.3487341
2003/7/15 16:30,97.92250354,440.6512659
2003/7/15 17:00,89.16335832,401.2351124
2003/7/15 17:30,56.83664168,255.7648876
2003/7/15 18:00,19.19653179,86.38439306
2003/7/15 18:30,7.803468208,35.11560694
2003/7/15 19:00,0,0
2003/7/15 19:30,0,0
2003/7/15 20:00,0,0
2003/7/15 20:30,0,0
2003/7/15 21:00,0,0
2003/7/15 21:30,0,0
2003/7/15 22:00,0,0
2003/7/15 22:30,0,0
2003/7/15 23:00,0,0
2003/7/15 23:30,0,0
2003/7/16 0:00,0,0
2003/7/16 0:30,0,0
2003/7/16 1:00,0,0
2003/7/16 1:30,0,0
2003/7/16 2:00,0,0
2003/7/16 2:30,0,0
2003/7/16 3:00,0,0
2003/7/16 3:30,0,0
2003/7/16 4:00,0.518867925,2.33490566
2003/7/16 4:30,1.481132075,6.66509434
2003/7/16 5:00,16.7084048,75.18782161
2003/7/16 5:30,34.2915952,154.3121784
2003/7/16 6:00,59.27272727,266.7272727
2003/7/16 6:30,76.72727273,345.2727273
2003/7/16 7:00,73.11527378,329.018732
2003/7/16 7:30,79.88472622,359.481268
2003/7/16 8:00,92.8896162,418.0032729
2003/7/16 8:30,101.1103838,454.9967271
2003/7/16 9:00,98.53768098,443.4195644
2003/7/16 9:30,116.462319,524.0804356
2003/7/16 10:00,187.2586617,842.6639777
2003/7/16 10:30,196.7413383,885.3360223
2003/7/16 11:00,130.5650048,587.5425217
2003/7/16 11:30,134.4349952,604.9574783
2003/7/16 12:00,193.7659087,871.9465893
2003/7/16 12:30,240.2340913,1081.053411
2003/7/16 13:00,322.4904859,1451.207187
2003/7/16 13:30,310.5095141,1397.292813
2003/7/16 14:00,202.2662568,910.1981555
2003/7/16 14:30,167.7337432,754.8018445
2003/7/16 15:00,157.3968254,708.2857143
2003/7/16 15:30,138.6031746,623.7142857
2003/7/16 16:00,125.7174107,565.7283482
2003/7/16 16:30,96.28258929,433.2716518
2003/7/16 17:00,63.32414773,284.9586648
2003/7/16 17:30,34.67585227,156.0413352
2003/7/16 18:00,8.672727273,39.02727273
2003/7/16 18:30,3.327272727,14.97272727
2003/7/16 19:00,0,0
2003/7/16 19:30,0,0
2003/7/16 20:00,0,0
2003/7/16 20:30,0,0
2003/7/16 21:00,0,0
2003/7/16 21:30,0,0
2003/7/16 22:00,0,0
2003/7/16 22:30,0,0
2003/7/16 23:00,0,0
2003/7/16 23:30,0,0
2003/7/17 0:00,0,0
2003/7/17 0:30,0,0
2003/7/17 1:00,0,0
2003/7/17 1:30,0,0
2003/7/17 2:00,0,0
2003/7/17 2:30,0,0
2003/7/17 3:00,0,0
2003/7/17 3:30,0,0
2003/7/17 4:00,0.255813954,1.151162791
2003/7/17 4:30,0.744186046,3.348837209
2003/7/17 5:00,13.14092518,59.1341633
2003/7/17 5:30,28.85907482,129.8658367
2003/7/17 6:00,57.9242836,260.6592762
2003/7/17 6:30,84.0757164,378.3407238
2003/7/17 7:00,94.59928088,425.696764
2003/7/17 7:30,115.4007191,519.303236
2003/7/17 8:00,149.3017485,671.8578681
2003/7/17 8:30,167.6982515,754.6421319
2003/7/17 9:00,164.8119905,741.6539572
2003/7/17 9:30,171.1880095,770.3460428
2003/7/17 10:00,171.8601983,773.3708923
2003/7/17 10:30,197.1398017,887.1291077
2003/7/17 11:00,291.9763596,1313.893618
2003/7/17 11:30,294.0236404,1323.106382
2003/7/17 12:00,201.5453887,906.9542494
2003/7/17 12:30,178.4546113,803.0457506
2003/7/17 13:00,195.1397729,878.1289781
2003/7/17 13:30,162.8602271,732.8710219
2003/7/17 14:00,96.20408044,432.918362
2003/7/17 14:30,83.79591956,377.081638
2003/7/17 15:00,104.9725194,472.3763375
2003/7/17 15:30,96.02748056,432.1236625
2003/7/17 16:00,69.38841098,312.2478494
2003/7/17 16:30,55.61158902,250.2521506
2003/7/17 17:00,49.35961921,222.1182864
2003/7/17 17:30,32.64038079,146.8817136
2003/7/17 18:00,14.01960784,63.08823529
2003/7/17 18:30,5.980392157,26.91176471
2003/7/17 19:00,0,0
2003/7/17 19:30,0,0
2003/7/17 20:00,0,0
2003/7/17 20:30,0,0
2003/7/17 21:00,0,0
2003/7/17 21:30,0,0
2003/7/17 22:00,0,0
2003/7/17 22:30,0,0
2003/7/17 23:00,0,0
2003/7/17 23:30,0,0
2003/7/18 0:00,0,0
2003/7/18 0:30,0,0
2003/7/18 1:00,0,0
2003/7/18 1:30,0,0
2003/7/18 2:00,0,0
2003/7/18 2:30,0,0
2003/7/18 3:00,0,0
2003/7/18 3:30,0,0
2003/7/18 4:00,0.264705882,1.191176471
2003/7/18 4:30,0.735294118,3.308823529
2003/7/18 5:00,5.176470588,23.29411765
2003/7/18 5:30,10.82352941,48.70588235
2003/7/18 6:00,21.55475849,96.9964132
2003/7/18 6:30,30.44524151,137.0035868
2003/7/18 7:00,31.11569295,140.0206183
2003/7/18 7:30,39.88430705,179.4793817
2003/7/18 8:00,65.52102515,294.8446132
2003/7/18 8:30,78.47897485,353.1553868
2003/7/18 9:00,69.38898155,312.250417
2003/7/18 9:30,80.61101845,362.749583
2003/7/18 10:00,134.3716656,604.6724953
2003/7/18 10:30,131.6283344,592.3275047
2003/7/18 11:00,70.26312832,316.1840775
2003/7/18 11:30,66.73687168,300.3159225
2003/7/18 12:00,101.6902868,457.6062904
2003/7/18 12:30,111.3097132,500.8937096
2003/7/18 13:00,102.2278703,460.0254164
2003/7/18 13:30,95.77212969,430.9745836
2003/7/18 14:00,83.20188495,374.4084823
2003/7/18 14:30,80.79811505,363.5915177
2003/7/18 15:00,92.58748701,416.6436915
2003/7/18 15:30,83.41251299,375.3563085
2003/7/18 16:00,60.62851228,272.8283053
2003/7/18 16:30,46.37148772,208.6716947
2003/7/18 17:00,36.34433568,163.5495105
2003/7/18 17:30,22.65566432,101.9504895
2003/7/18 18:00,9.163194444,41.234375
2003/7/18 18:30,3.836805556,17.265625
2003/7/18 19:00,0,0
2003/7/18 19:30,0,0
2003/7/18 20:00,0,0
2003/7/18 20:30,0,0
2003/7/18 21:00,0,0
2003/7/18 21:30,0,0
2003/7/18 22:00,0,0
2003/7/18 22:30,0,0
2003/7/18 23:00,0,0
2003/7/18 23:30,0,0
2003/7/19 0:00,0,0
2003/7/19 0:30,0,0
2003/7/19 1:00,0,0
2003/7/19 1:30,0,0
2003/7/19 2:00,0,0
2003/7/19 2:30,0,0
2003/7/19 3:00,0,0
2003/7/19 3:30,0,0
2003/7/19 4:00,0.264705882,1.191176471
2003/7/19 4:30,0.735294118,3.308823529
2003/7/19 5:00,5.759103641,25.91596639
2003/7/19 5:30,10.24089636,46.08403361
2003/7/19 6:00,11.3234127,50.95535714
2003/7/19 6:30,14.6765873,66.04464286
2003/7/19 7:00,18.74634503,84.35855263
2003/7/19 7:30,27.25365497,122.6414474
2003/7/19 8:00,49.80253664,224.1114149
2003/7/19 8:30,75.19746336,338.3885851
2003/7/19 9:00,117.4001924,528.3008658
2003/7/19 9:30,142.5998076,641.6991342
2003/7/19 10:00,141.037037,634.6666667
2003/7/19 10:30,138.962963,625.3333333
2003/7/19 11:00,125.0499654,562.7248444
2003/7/19 11:30,119.9500346,539.7751556
2003/7/19 12:00,117.1731369,527.279116
2003/7/19 12:30,119.8268631,539.220884
2003/7/19 13:00,135.3900664,609.2552989
2003/7/19 13:30,132.6099336,596.7447011
2003/7/19 14:00,113.6023977,511.2107896
2003/7/19 14:30,104.3976023,469.7892104
2003/7/19 15:00,104.6502382,470.9260718
2003/7/19 15:30,86.34976182,388.5739282
2003/7/19 16:00,55.90086207,251.5538793
2003/7/19 16:30,43.09913793,193.9461207
2003/7/19 17:00,39.6804878,178.5621951
2003/7/19 17:30,26.3195122,118.4378049
2003/7/19 18:00,11.2195122,50.48780488
2003/7/19 18:30,4.780487805,21.51219512
2003/7/19 19:00,0,0
2003/7/19 19:30,0,0
2003/7/19 20:00,0,0
2003/7/19 20:30,0,0
2003/7/19 21:00,0,0
2003/7/19 21:30,0,0
2003/7/19 22:00,0,0
2003/7/19 22:30,0,0
2003/7/19 23:00,0,0
2003/7/19 23:30,0,0
2003/7/20 0:00,0,0
2003/7/20 0:30,0,0
2003/7/20 1:00,0,0
2003/7/20 1:30,0,0
2003/7/20 2:00,0,0
2003/7/20 2:30,0,0
2003/7/20 3:00,0,0
2003/7/20 3:30,0,0
2003/7/20 4:00,0.522727273,2.352272727
2003/7/20 4:30,1.477272727,6.647727273
2003/7/20 5:00,13.54122622,60.93551797
2003/7/20 5:30,28.45877378,128.064482
2003/7/20 6:00,51.64294306,232.3932438
2003/7/20 6:30,78.35705694,352.6067562
2003/7/20 7:00,114.7525629,516.3865331
2003/7/20 7:30,132.2474371,595.1134669
2003/7/20 8:00,114.3688424,514.6597909
2003/7/20 8:30,119.6311576,538.3402091
2003/7/20 9:00,145.5085775,654.788599
2003/7/20 9:30,150.4914225,677.211401
2003/7/20 10:00,131.3598685,591.1194084
2003/7/20 10:30,136.6401315,614.8805916
2003/7/20 11:00,168.3702098,757.6659442
2003/7/20 11:30,178.6297902,803.8340558
2003/7/20 12:00,171.0673706,769.8031676
2003/7/20 12:30,168.9326294,760.1968324
2003/7/20 13:00,175.4444709,789.500119
2003/7/20 13:30,154.5555291,695.499881
2003/7/20 14:00,107.9913762,485.9611929
2003/7/20 14:30,95.00862381,427.5388071
2003/7/20 15:00,101.3698246,456.1642105
2003/7/20 15:30,94.63017544,425.8357895
2003/7/20 16:00,85.83826087,386.2721739
2003/7/20 16:30,68.16173913,306.7278261
2003/7/20 17:00,47.4173913,213.3782609
2003/7/20 17:30,28.5826087,128.6217391
2003/7/20 18:00,11.30434783,50.86956522
2003/7/20 18:30,4.695652174,21.13043478
2003/7/20 19:00,0,0
2003/7/20 19:30,0,0
2003/7/20 20:00,0,0
2003/7/20 20:30,0,0
2003/7/20 21:00,0,0
2003/7/20 21:30,0,0
2003/7/20 22:00,0,0
2003/7/20 22:30,0,0
2003/7/20 23:00,0,0
2003/7/20 23:30,0,0
2003/7/21 0:00,0,0
2003/7/21 0:30,0,0
2003/7/21 1:00,0,0
2003/7/21 1:30,0,0
2003/7/21 2:00,0,0
2003/7/21 2:30,0,0
2003/7/21 3:00,0,0
2003/7/21 3:30,0,0
2003/7/21 4:00,0,0
2003/7/21 4:30,0,0
2003/7/21 5:00,2,9
2003/7/21 5:30,4,18
2003/7/21 6:00,4.818181818,21.68181818
2003/7/21 6:30,7.181818182,32.31818182
2003/7/21 7:00,12.55218855,56.48484848
2003/7/21 7:30,19.44781145,87.51515152
2003/7/21 8:00,32.60753018,146.7338858
2003/7/21 8:30,43.39246982,195.2661142
2003/7/21 9:00,47.08081831,211.8636824
2003/7/21 9:30,57.91918169,260.6363176
2003/7/21 10:00,77.88272258,350.4722516
2003/7/21 10:30,98.11727742,441.5277484
2003/7/21 11:00,131.7628139,592.9326625
2003/7/21 11:30,136.2371861,613.0673375
2003/7/21 12:00,107.5533624,483.9901308
2003/7/21 12:30,94.44663759,425.0098692
2003/7/21 13:00,74.24092878,334.0841795
2003/7/21 13:30,84.75907122,381.4158205
2003/7/21 14:00,167.166406,752.2488271
2003/7/21 14:30,189.833594,854.2511729
2003/7/21 15:00,148.5076665,668.2844993
2003/7/21 15:30,126.4923335,569.2155007
2003/7/21 16:00,103.6214009,466.296304
2003/7/21 16:30,83.37859911,375.203696
2003/7/21 17:00,70.27264673,316.2269103
2003/7/21 17:30,43.72735327,196.7730897
2003/7/21 18:00,14.93333333,67.2
2003/7/21 18:30,6.066666667,27.3
2003/7/21 19:00,0,0
2003/7/21 19:30,0,0
2003/7/21 20:00,0,0
2003/7/21 20:30,0,0
2003/7/21 21:00,0,0
2003/7/21 21:30,0,0
2003/7/21 22:00,0,0
2003/7/21 22:30,0,0
2003/7/21 23:00,0,0
2003/7/21 23:30,0,0
2003/7/22 0:00,0,0
2003/7/22 0:30,0,0
2003/7/22 1:00,0,0
2003/7/22 1:30,0,0
2003/7/22 2:00,0,0
2003/7/22 2:30,0,0
2003/7/22 3:00,0,0
2003/7/22 3:30,0,0
2003/7/22 4:00,0.256097561,1.152439024
2003/7/22 4:30,0.743902439,3.347560976
2003/7/22 5:00,12.46612466,56.09756098
2003/7/22 5:30,27.53387534,123.902439
2003/7/22 6:00,55.63867017,250.3740157
2003/7/22 6:30,84.36132983,379.6259843
2003/7/22 7:00,108.7416484,489.337418
2003/7/22 7:30,132.2583516,595.162582
2003/7/22 8:00,153.1075286,688.9838787
2003/7/22 8:30,156.8924714,706.0161213
2003/7/22 9:00,134.2195334,603.9879005
2003/7/22 9:30,131.7804666,593.0120995
2003/7/22 10:00,141.1880933,635.3464197
2003/7/22 10:30,146.8119067,660.6535803
2003/7/22 11:00,151.0080457,679.5362056
2003/7/22 11:30,159.9919543,719.9637944
2003/7/22 12:00,178.0618444,801.2782997
2003/7/22 12:30,184.9381556,832.2217003
2003/7/22 13:00,182.6807972,822.0635874
2003/7/22 13:30,179.3192028,806.9364126
2003/7/22 14:00,175.1232971,788.0548371
2003/7/22 14:30,161.8767029,728.4451629
2003/7/22 15:00,142.2515627,640.1320322
2003/7/22 15:30,121.7484373,547.8679678
2003/7/22 16:00,104.1567568,468.7054054
2003/7/22 16:30,75.84324324,341.2945946
2003/7/22 17:00,45.03902439,202.6756098
2003/7/22 17:30,24.96097561,112.3243902
2003/7/22 18:00,8.56097561,38.52439024
2003/7/22 18:30,3.43902439,15.47560976
2003/7/22 19:00,0,0
2003/7/22 19:30,0,0
2003/7/22 20:00,0,0
2003/7/22 20:30,0,0
2003/7/22 21:00,0,0
2003/7/22 21:30,0,0
2003/7/22 22:00,0,0
2003/7/22 22:30,0,0
2003/7/22 23:00,0,0
2003/7/22 23:30,0,0
2003/7/23 0:00,0,0
2003/7/23 0:30,0,0
2003/7/23 1:00,0,0
2003/7/23 1:30,0,0
2003/7/23 2:00,0,0
2003/7/23 2:30,0,0
2003/7/23 3:00,0,0
2003/7/23 3:30,0,0
2003/7/23 4:00,0,0
2003/7/23 4:30,0,0
2003/7/23 5:00,4.876712329,21.94520548
2003/7/23 5:30,11.12328767,50.05479452
2003/7/23 6:00,24.25676225,109.1554301
2003/7/23 6:30,32.74323775,147.3445699
2003/7/23 7:00,27.41162852,123.3523283
2003/7/23 7:30,33.58837148,151.1476717
2003/7/23 8:00,58.95403484,265.2931568
2003/7/23 8:30,74.04596516,333.2068432
2003/7/23 9:00,73.81605024,332.1722261
2003/7/23 9:30,83.18394976,374.3277739
2003/7/23 10:00,100.6110671,452.7498018
2003/7/23 10:30,114.3889329,514.7501982
2003/7/23 11:00,130.2575832,586.1591242
2003/7/23 11:30,132.7424168,597.3408758
2003/7/23 12:00,120.0365792,540.1646066
2003/7/23 12:30,111.9634208,503.8353934
2003/7/23 13:00,101.2802074,455.7609331
2003/7/23 13:30,97.71979263,439.7390669
2003/7/23 14:00,110.8136356,498.66136
2003/7/23 14:30,90.18636444,405.83864
2003/7/23 15:00,48.19314684,216.8691608
2003/7/23 15:30,34.80685316,156.6308392
2003/7/23 16:00,30.38148148,136.7166667
2003/7/23 16:30,21.61851852,97.28333333
2003/7/23 17:00,12.9589372,58.31521739
2003/7/23 17:30,7.041062802,31.68478261
2003/7/23 18:00,2.152173913,9.684782609
2003/7/23 18:30,0.847826087,3.815217391
2003/7/23 19:00,0,0
2003/7/23 19:30,0,0
2003/7/23 20:00,0,0
2003/7/23 20:30,0,0
2003/7/23 21:00,0,0
2003/7/23 21:30,0,0
2003/7/23 22:00,0,0
2003/7/23 22:30,0,0
2003/7/23 23:00,0,0
2003/7/23 23:30,0,0
2003/7/24 0:00,0,0
2003/7/24 0:30,0,0
2003/7/24 1:00,0,0
2003/7/24 1:30,0,0
2003/7/24 2:00,0,0
2003/7/24 2:30,0,0
2003/7/24 3:00,0,0
2003/7/24 3:30,0,0
2003/7/24 4:00,0,0
2003/7/24 4:30,0,0
2003/7/24 5:00,2.172413793,9.775862069
2003/7/24 5:30,4.827586207,21.72413793
2003/7/24 6:00,8.303195963,37.36438183
2003/7/24 6:30,13.69680404,61.63561817
2003/7/24 7:00,23.71189024,106.7035061
2003/7/24 7:30,36.28810976,163.2964939
2003/7/24 8:00,58.23030822,262.036387
2003/7/24 8:30,73.76969178,331.963613
2003/7/24 9:00,71.36020008,321.1209004
2003/7/24 9:30,88.63979992,398.8790996
2003/7/24 10:00,140.6253422,632.81404
2003/7/24 10:30,181.3746578,816.18596
2003/7/24 11:00,205.7579115,925.9106019
2003/7/24 11:30,248.2420885,1117.089398
2003/7/24 12:00,330.9918581,1489.463362
2003/7/24 12:30,356.0081419,1602.036638
2003/7/24 13:00,321.9777984,1448.900093
2003/7/24 13:30,289.0222016,1300.599907
2003/7/24 14:00,241.2772379,1085.747571
2003/7/24 14:30,203.7227621,916.7524293
2003/7/24 15:00,175.4194867,789.38769
2003/7/24 15:30,133.5805133,601.11231
2003/7/24 16:00,83.2893781,374.8022015
2003/7/24 16:30,61.7106219,277.6977985
2003/7/24 17:00,55.66869301,250.5091185
2003/7/24 17:30,34.33130699,154.4908815
2003/7/24 18:00,10.71428571,48.21428571
2003/7/24 18:30,4.285714286,19.28571429
2003/7/24 19:00,0,0
2003/7/24 19:30,0,0
2003/7/24 20:00,0,0
2003/7/24 20:30,0,0
2003/7/24 21:00,0,0
2003/7/24 21:30,0,0
2003/7/24 22:00,0,0
2003/7/24 22:30,0,0
2003/7/24 23:00,0,0
2003/7/24 23:30,0,0
2003/7/25 0:00,0,0
2003/7/25 0:30,0,0
2003/7/25 1:00,0,0
2003/7/25 1:30,0,0
2003/7/25 2:00,0,0
2003/7/25 2:30,0,0
2003/7/25 3:00,0,0
2003/7/25 3:30,0,0
2003/7/25 4:00,0.254237288,1.144067797
2003/7/25 4:30,0.745762712,3.355932203
2003/7/25 5:00,18.33977981,82.52900913
2003/7/25 5:30,39.66022019,178.4709909
2003/7/25 6:00,72.6674508,327.0035286
2003/7/25 6:30,103.3325492,464.9964714
2003/7/25 7:00,119.0803773,535.8616976
2003/7/25 7:30,140.9196227,634.1383024
2003/7/25 8:00,164.9193946,742.1372759
2003/7/25 8:30,182.0806054,819.3627241
2003/7/25 9:00,191.6255712,862.3150706
2003/7/25 9:30,195.3744288,879.1849294
2003/7/25 10:00,182.8699776,822.9148994
2003/7/25 10:30,192.1300224,864.5851006
2003/7/25 11:00,248.4679304,1118.105687
2003/7/25 11:30,223.5320696,1005.894313
2003/7/25 12:00,126.1489073,567.6700827
2003/7/25 12:30,113.8510927,512.3299173
2003/7/25 13:00,150.7669986,678.4514938
2003/7/25 13:30,155.2330014,698.5485062
2003/7/25 14:00,138.2064113,621.928851
2003/7/25 14:30,131.7935887,593.071149
2003/7/25 15:00,142.6931683,642.1192576
2003/7/25 15:30,110.3068317,496.3807424
2003/7/25 16:00,53.71168926,241.7026017
2003/7/25 16:30,35.28831074,158.7973983
2003/7/25 17:00,27.24310606,122.5939773
2003/7/25 17:30,15.75689394,70.90602273
2003/7/25 18:00,5.005,22.5225
2003/7/25 18:30,1.995,8.9775
2003/7/25 19:00,0,0
2003/7/25 19:30,0,0
2003/7/25 20:00,0,0
2003/7/25 20:30,0,0
2003/7/25 21:00,0,0
2003/7/25 21:30,0,0
2003/7/25 22:00,0,0
2003/7/25 22:30,0,0
2003/7/25 23:00,0,0
2003/7/25 23:30,0,0
2003/7/26 0:00,0,0
2003/7/26 0:30,0,0
2003/7/26 1:00,0,0
2003/7/26 1:30,0,0
2003/7/26 2:00,0,0
2003/7/26 2:30,0,0
2003/7/26 3:00,0,0
2003/7/26 3:30,0,0
2003/7/26 4:00,0,0
2003/7/26 4:30,0,0
2003/7/26 5:00,7.714285714,34.71428571
2003/7/26 5:30,16.28571429,73.28571429
2003/7/26 6:00,22.58241758,101.6208791
2003/7/26 6:30,37.41758242,168.3791209
2003/7/26 7:00,86.72345025,390.2555261
2003/7/26 7:30,126.2765497,568.2444739
2003/7/26 8:00,137.1569928,617.2064674
2003/7/26 8:30,170.8430072,768.7935326
2003/7/26 9:00,239.5146876,1077.816094
2003/7/26 9:30,279.4853124,1257.683906
2003/7/26 10:00,288.7084405,1299.187982
2003/7/26 10:30,288.2915595,1297.312018
2003/7/26 11:00,256.2677255,1153.204765
2003/7/26 11:30,259.7322745,1168.795235
2003/7/26 12:00,306.0677337,1377.304802
2003/7/26 12:30,302.9322663,1363.195198
2003/7/26 13:00,259.1812071,1166.315432
2003/7/26 13:30,235.8187929,1061.184568
2003/7/26 14:00,237.9115167,1070.601825
2003/7/26 14:30,179.0884833,805.898175
2003/7/26 15:00,86.52509904,389.3629457
2003/7/26 15:30,60.47490096,272.1370543
2003/7/26 16:00,53.29911527,239.8460187
2003/7/26 16:30,38.70088473,174.1539813
2003/7/26 17:00,24.68775378,111.094892
2003/7/26 17:30,14.31224622,64.40510801
2003/7/26 18:00,5.659574468,25.46808511
2003/7/26 18:30,2.340425532,10.53191489
2003/7/26 19:00,0,0
2003/7/26 19:30,0,0
2003/7/26 20:00,0,0
2003/7/26 20:30,0,0
2003/7/26 21:00,0,0
2003/7/26 21:30,0,0
2003/7/26 22:00,0,0
2003/7/26 22:30,0,0
2003/7/26 23:00,0,0
2003/7/26 23:30,0,0
2003/7/27 0:00,0,0
2003/7/27 0:30,0,0
2003/7/27 1:00,0,0
2003/7/27 1:30,0,0
2003/7/27 2:00,0,0
2003/7/27 2:30,0,0
2003/7/27 3:00,0,0
2003/7/27 3:30,0,0
2003/7/27 4:00,0.25625,1.153125
2003/7/27 4:30,0.74375,3.346875
2003/7/27 5:00,12.16660714,54.74973214
2003/7/27 5:30,26.83339286,120.7502679
2003/7/27 6:00,53.37306122,240.1787755
2003/7/27 6:30,82.62693878,371.8212245
2003/7/27 7:00,109.3453246,492.0539606
2003/7/27 7:30,146.6546754,659.9460394
2003/7/27 8:00,206.4060822,928.8273697
2003/7/27 8:30,245.5939178,1105.17263
2003/7/27 9:00,261.6105696,1177.247563
2003/7/27 9:30,258.3894304,1162.752437
2003/7/27 10:00,214.6440906,965.8984079
2003/7/27 10:30,215.3559094,969.1015921
2003/7/27 11:00,255.7169046,1150.72607
2003/7/27 11:30,271.2830954,1220.77393
2003/7/27 12:00,279.9421121,1259.739505
2003/7/27 12:30,265.0578879,1192.760495
2003/7/27 13:00,211.9336799,953.7015595
2003/7/27 13:30,211.0663201,949.7984405
2003/7/27 14:00,266.2458476,1198.106314
2003/7/27 14:30,269.7541524,1213.893686
2003/7/27 15:00,241.427526,1086.423867
2003/7/27 15:30,204.572474,920.5761329
2003/7/27 16:00,157.8544444,710.345
2003/7/27 16:30,116.1455556,522.655
2003/7/27 17:00,80.64,362.88
2003/7/27 17:30,45.36,204.12
2003/7/27 18:00,12.9375,58.21875
2003/7/27 18:30,5.0625,22.78125
2003/7/27 19:00,0,0
2003/7/27 19:30,0,0
2003/7/27 20:00,0,0
2003/7/27 20:30,0,0
2003/7/27 21:00,0,0
2003/7/27 21:30,0,0
2003/7/27 22:00,0,0
2003/7/27 22:30,0,0
2003/7/27 23:00,0,0
2003/7/27 23:30,0,0
2003/7/28 0:00,0,0
2003/7/28 0:30,0,0
2003/7/28 1:00,0,0
2003/7/28 1:30,0,0
2003/7/28 2:00,0,0
2003/7/28 2:30,0,0
2003/7/28 3:00,0,0
2003/7/28 3:30,0,0
2003/7/28 4:00,0,0
2003/7/28 4:30,0,0
2003/7/28 5:00,5.5125,24.80625
2003/7/28 5:30,12.4875,56.19375
2003/7/28 6:00,24.01891361,108.0851113
2003/7/28 6:30,37.98108639,170.9148887
2003/7/28 7:00,52.71918735,237.2363431
2003/7/28 7:30,76.28081265,343.2636569
2003/7/28 8:00,122.9210985,553.1449431
2003/7/28 8:30,164.0789015,738.3550569
2003/7/28 9:00,200.1023119,900.4604034
2003/7/28 9:30,224.8976881,1012.039597
2003/7/28 10:00,229.2003477,1031.401565
2003/7/28 10:30,230.7996523,1038.598435
2003/7/28 11:00,217.8552115,980.3484518
2003/7/28 11:30,219.1447885,986.1515482
2003/7/28 12:00,240.9993611,1084.497125
2003/7/28 12:30,230.0006389,1035.002875
2003/7/28 13:00,190.4952115,857.2284517
2003/7/28 13:30,171.5047885,771.7715483
2003/7/28 14:00,170.2597279,766.1687755
2003/7/28 14:30,138.7402721,624.3312245
2003/7/28 15:00,86.95960729,391.3182328
2003/7/28 15:30,69.04039271,310.6817672
2003/7/28 16:00,64.95652174,292.3043478
2003/7/28 16:30,55.04347826,247.6956522
2003/7/28 17:00,49.20430108,221.4193548
2003/7/28 17:30,30.79569892,138.5806452
2003/7/28 18:00,9.295698925,41.83064516
2003/7/28 18:30,3.704301075,16.66935484
2003/7/28 19:00,0,0
2003/7/28 19:30,0,0
2003/7/28 20:00,0,0
2003/7/28 20:30,0,0
2003/7/28 21:00,0,0
2003/7/28 21:30,0,0
2003/7/28 22:00,0,0
2003/7/28 22:30,0,0
2003/7/28 23:00,0,0
2003/7/28 23:30,0,0
2003/7/29 0:00,0,0
2003/7/29 0:30,0,0
2003/7/29 1:00,0,0
2003/7/29 1:30,0,0
2003/7/29 2:00,0,0
2003/7/29 2:30,0,0
2003/7/29 3:00,0,0
2003/7/29 3:30,0,0
2003/7/29 4:00,0.255434783,1.149456522
2003/7/29 4:30,0.744565217,3.350543478
2003/7/29 5:00,14.09071906,63.40823579
2003/7/29 5:30,30.90928094,139.0917642
2003/7/29 6:00,58.967058,265.351761
2003/7/29 6:30,91.032942,409.648239
2003/7/29 7:00,127.5081644,573.78674
2003/7/29 7:30,161.4918356,726.71326
2003/7/29 8:00,195.5409632,879.9343346
2003/7/29 8:30,198.4590368,893.0656654
2003/7/29 9:00,161.2975902,725.8391558
2003/7/29 9:30,145.7024098,655.6608442
2003/7/29 10:00,125.9292516,566.6816321
2003/7/29 10:30,136.0707484,612.3183679
2003/7/29 11:00,200.5378126,902.4201566
2003/7/29 11:30,221.4621874,996.5798434
2003/7/29 12:00,198.7531475,894.3891639
2003/7/29 12:30,194.2468525,874.1108361
2003/7/29 13:00,205.5183856,924.8327353
2003/7/29 13:30,179.4816144,807.6672647
2003/7/29 14:00,116.9438854,526.2474845
2003/7/29 14:30,109.0561146,490.7525155
2003/7/29 15:00,148.9326967,670.1971352
2003/7/29 15:30,139.0673033,625.8028648
2003/7/29 16:00,99.45501635,447.5475736
2003/7/29 16:30,70.54498365,317.4524264
2003/7/29 17:00,44.03511838,198.1580327
2003/7/29 17:30,24.96488162,112.3419673
2003/7/29 18:00,9.234756098,41.55640244
2003/7/29 18:30,3.765243902,16.94359756
2003/7/29 19:00,0,0
2003/7/29 19:30,0,0
2003/7/29 20:00,0,0
2003/7/29 20:30,0,0
2003/7/29 21:00,0,0
2003/7/29 21:30,0,0
2003/7/29 22:00,0,0
2003/7/29 22:30,0,0
2003/7/29 23:00,0,0
2003/7/29 23:30,0,0
2003/7/30 0:00,0,0
2003/7/30 0:30,0,0
2003/7/30 1:00,0,0
2003/7/30 1:30,0,0
2003/7/30 2:00,0,0
2003/7/30 2:30,0,0
2003/7/30 3:00,0,0
2003/7/30 3:30,0,0
2003/7/30 4:00,0,0
2003/7/30 4:30,0,0
2003/7/30 5:00,3.9,17.55
2003/7/30 5:30,8.1,36.45
2003/7/30 6:00,11.06,49.77
2003/7/30 6:30,16.94,76.23
2003/7/30 7:00,31.14,140.13
2003/7/30 7:30,40.86,183.87
2003/7/30 8:00,42.53736264,191.4181319
2003/7/30 8:30,45.46263736,204.5818681
2003/7/30 9:00,42.66829107,192.0073098
2003/7/30 9:30,51.33170893,230.9926902
2003/7/30 10:00,81.78453616,368.0304127
2003/7/30 10:30,107.2154638,482.4695873
2003/7/30 11:00,133.4472477,600.5126148
2003/7/30 11:30,151.5527523,681.9873852
2003/7/30 12:00,160.3360246,721.5121107
2003/7/30 12:30,155.6639754,700.4878893
2003/7/30 13:00,127.2614656,572.6765951
2003/7/30 13:30,125.7385344,565.8234049
2003/7/30 14:00,148.8702715,669.9162218
2003/7/30 14:30,152.1297285,684.5837782
2003/7/30 15:00,142.2629025,640.183061
2003/7/30 15:30,133.7370975,601.816939
2003/7/30 16:00,128.8325927,579.7466671
2003/7/30 16:30,106.1674073,477.7533329
2003/7/30 17:00,78.77604167,354.4921875
2003/7/30 17:30,46.22395833,208.0078125
2003/7/30 18:00,13.62326389,61.3046875
2003/7/30 18:30,5.376736111,24.1953125
2003/7/30 19:00,0,0
2003/7/30 19:30,0,0
2003/7/30 20:00,0,0
2003/7/30 20:30,0,0
2003/7/30 21:00,0,0
2003/7/30 21:30,0,0
2003/7/30 22:00,0,0
2003/7/30 22:30,0,0
2003/7/30 23:00,0,0
2003/7/30 23:30,0,0
2003/7/31 0:00,0,0
2003/7/31 0:30,0,0
2003/7/31 1:00,0,0
2003/7/31 1:30,0,0
2003/7/31 2:00,0,0
2003/7/31 2:30,0,0
2003/7/31 3:00,0,0
2003/7/31 3:30,0,0
2003/7/31 4:00,0,0
2003/7/31 4:30,0,0
2003/7/31 5:00,9.805714286,44.12571429
2003/7/31 5:30,23.19428571,104.3742857
2003/7/31 6:00,53.32232103,239.9504447
2003/7/31 6:30,88.67767897,399.0495553
2003/7/31 7:00,132.0480167,594.216075
2003/7/31 7:30,178.9519833,805.283925
2003/7/31 8:00,227.3085187,1022.888334
2003/7/31 8:30,269.6914813,1213.611666
2003/7/31 9:00,299.7038096,1348.667143
2003/7/31 9:30,321.2961904,1445.832857
2003/7/31 10:00,334.3647578,1504.64141
2003/7/31 10:30,322.6352422,1451.85859
2003/7/31 11:00,287.529922,1293.884649
2003/7/31 11:30,250.470078,1127.115351
2003/7/31 12:00,189.7258463,853.7663084
2003/7/31 12:30,187.2741537,842.7336916
2003/7/31 13:00,252.6016715,1136.707522
2003/7/31 13:30,257.3983285,1158.292478
2003/7/31 14:00,211.2962635,950.8331856
2003/7/31 14:30,195.7037365,880.6668144
2003/7/31 15:00,203.0530553,913.7387488
2003/7/31 15:30,171.9469447,773.7612512
2003/7/31 16:00,120.3407744,541.5334849
2003/7/31 16:30,85.65922559,385.4665151
2003/7/31 17:00,58.49192145,263.2136465
2003/7/31 17:30,33.50807855,150.7863535
2003/7/31 18:00,11.40740741,51.33333333
2003/7/31 18:30,4.592592593,20.66666667
2003/7/31 19:00,0,0
2003/7/31 19:30,0,0
2003/7/31 20:00,0,0
2003/7/31 20:30,0,0
2003/7/31 21:00,0,0
2003/7/31 21:30,0,0
2003/7/31 22:00,0,0
2003/7/31 22:30,0,0
2003/7/31 23:00,0,0
2003/7/31 23:30,0,0
2003/8/1 0:00,0,0
2003/8/1 0:30,0,0
2003/8/1 1:00,0,0
2003/8/1 1:30,0,0
2003/8/1 2:00,0,0
2003/8/1 2:30,0,0
2003/8/1 3:00,0,0
2003/8/1 3:30,0,0
2003/8/1 4:00,0,0
2003/8/1 4:30,0,0
2003/8/1 5:00,4.955223881,22.29850746
2003/8/1 5:30,11.04477612,49.70149254
2003/8/1 6:00,19.80866501,89.13899254
2003/8/1 6:30,31.19133499,140.3610075
2003/8/1 7:00,49.2144169,221.464876
2003/8/1 7:30,61.7855831,278.035124
2003/8/1 8:00,62.31491455,280.4171155
2003/8/1 8:30,68.68508545,309.0828845
2003/8/1 9:00,80.35143375,361.5814519
2003/8/1 9:30,83.64856625,376.4185481
2003/8/1 10:00,67.37969903,303.2086456
2003/8/1 10:30,86.62030097,389.7913544
2003/8/1 11:00,240.2421119,1081.089504
2003/8/1 11:30,262.7578881,1182.410496
2003/8/1 12:00,133.9092719,602.5917236
2003/8/1 12:30,107.0907281,481.9082764
2003/8/1 13:00,105.1794162,473.3073731
2003/8/1 13:30,94.82058376,426.6926269
2003/8/1 14:00,77.08775545,346.8948995
2003/8/1 14:30,81.91224455,368.6051005
2003/8/1 15:00,130.9301781,589.1858014
2003/8/1 15:30,126.0698219,567.3141986
2003/8/1 16:00,82.52165011,371.3474255
2003/8/1 16:30,52.47834989,236.1525745
2003/8/1 17:00,23.64014688,106.380661
2003/8/1 17:30,12.35985312,55.61933905
2003/8/1 18:00,4.965116279,22.34302326
2003/8/1 18:30,2.034883721,9.156976744
2003/8/1 19:00,0,0
2003/8/1 19:30,0,0
2003/8/1 20:00,0,0
2003/8/1 20:30,0,0
2003/8/1 21:00,0,0
2003/8/1 21:30,0,0
2003/8/1 22:00,0,0
2003/8/1 22:30,0,0
2003/8/1 23:00,0,0
2003/8/1 23:30,0,0
2003/8/2 0:00,0,0
2003/8/2 0:30,0,0
2003/8/2 1:00,0,0
2003/8/2 1:30,0,0
2003/8/2 2:00,0,0
2003/8/2 2:30,0,0
2003/8/2 3:00,0,0
2003/8/2 3:30,0,0
2003/8/2 4:00,0,0
2003/8/2 4:30,0,0
2003/8/2 5:00,10.12359551,45.55617978
2003/8/2 5:30,23.87640449,107.4438202
2003/8/2 6:00,55.33794296,249.0207433
2003/8/2 6:30,88.66205704,398.9792567
2003/8/2 7:00,122.5720186,551.5740836
2003/8/2 7:30,149.4279814,672.4259164
2003/8/2 8:00,149.8159575,674.1718088
2003/8/2 8:30,174.1840425,783.8281912
2003/8/2 9:00,230.1540697,1035.693313
2003/8/2 9:30,269.8459303,1214.306687
2003/8/2 10:00,293.1620962,1319.229433
2003/8/2 10:30,322.8379038,1452.770567
2003/8/2 11:00,366.0388155,1647.17467
2003/8/2 11:30,369.9611845,1664.82533
2003/8/2 12:00,331.2686597,1490.708969
2003/8/2 12:30,311.7313403,1402.791031
2003/8/2 13:00,294.1297724,1323.583976
2003/8/2 13:30,282.8702276,1272.916024
2003/8/2 14:00,282.404461,1270.820075
2003/8/2 14:30,267.595539,1204.179925
2003/8/2 15:00,250.1825715,1125.821572
2003/8/2 15:30,214.8174285,966.6784284
2003/8/2 16:00,172.5702557,776.5661507
2003/8/2 16:30,124.4297443,559.9338493
2003/8/2 17:00,77.02103365,346.5946514
2003/8/2 17:30,41.97896635,188.9053486
2003/8/2 18:00,12.21875,54.984375
2003/8/2 18:30,4.78125,21.515625
2003/8/2 19:00,0,0
2003/8/2 19:30,0,0
2003/8/2 20:00,0,0
2003/8/2 20:30,0,0
2003/8/2 21:00,0,0
2003/8/2 21:30,0,0
2003/8/2 22:00,0,0
2003/8/2 22:30,0,0
2003/8/2 23:00,0,0
2003/8/2 23:30,0,0
2003/8/3 0:00,0,0
2003/8/3 0:30,0,0
2003/8/3 1:00,0,0
2003/8/3 1:30,0,0
2003/8/3 2:00,0,0
2003/8/3 2:30,0,0
2003/8/3 3:00,0,0
2003/8/3 3:30,0,0
2003/8/3 4:00,0,0
2003/8/3 4:30,0,0
2003/8/3 5:00,9.583969466,43.1278626
2003/8/3 5:30,21.41603053,96.3721374
2003/8/3 6:00,38.75302113,174.3885951
2003/8/3 6:30,61.24697887,275.6114049
2003/8/3 7:00,93.6344768,421.3551456
2003/8/3 7:30,125.3655232,564.1448544
2003/8/3 8:00,152.3752123,685.6884553
2003/8/3 8:30,180.6247877,812.8115447
2003/8/3 9:00,202.5104632,911.2970843
2003/8/3 9:30,232.4895368,1046.202916
2003/8/3 10:00,273.2592093,1229.666442
2003/8/3 10:30,306.7407907,1380.333558
2003/8/3 11:00,341.4244107,1536.409848
2003/8/3 11:30,350.5755893,1577.590152
2003/8/3 12:00,326.9276165,1471.174274
2003/8/3 12:30,318.0723835,1431.325726
2003/8/3 13:00,315.4033394,1419.315027
2003/8/3 13:30,304.5966606,1370.684973
2003/8/3 14:00,289.605182,1303.223319
2003/8/3 14:30,271.394818,1221.276681
2003/8/3 15:00,255.9639052,1151.837573
2003/8/3 15:30,222.0360948,999.1624267
2003/8/3 16:00,182.0347495,819.1563728
2003/8/3 16:30,133.9652505,602.8436272
2003/8/3 17:00,86.55733918,389.5080263
2003/8/3 17:30,47.44266082,213.4919737
2003/8/3 18:00,12.96710526,58.35197368
2003/8/3 18:30,5.032894737,22.64802632
2003/8/3 19:00,0,0
2003/8/3 19:30,0,0
2003/8/3 20:00,0,0
2003/8/3 20:30,0,0
2003/8/3 21:00,0,0
2003/8/3 21:30,0,0
2003/8/3 22:00,0,0
2003/8/3 22:30,0,0
2003/8/3 23:00,0,0
2003/8/3 23:30,0,0
2003/8/4 0:00,0,0
2003/8/4 0:30,0,0
2003/8/4 1:00,0,0
2003/8/4 1:30,0,0
2003/8/4 2:00,0,0
2003/8/4 2:30,0,0
2003/8/4 3:00,0,0
2003/8/4 3:30,0,0
2003/8/4 4:00,0,0
2003/8/4 4:30,0,0
2003/8/4 5:00,14.7961165,66.58252427
2003/8/4 5:30,33.2038835,149.4174757
2003/8/4 6:00,62.18336514,279.8251431
2003/8/4 6:30,95.81663486,431.1748569
2003/8/4 7:00,131.8210266,593.1946198
2003/8/4 7:30,173.1789734,779.3053802
2003/8/4 8:00,223.4250484,1005.412718
2003/8/4 8:30,258.5749516,1163.587282
2003/8/4 9:00,260.8162714,1173.673221
2003/8/4 9:30,290.1837286,1305.826779
2003/8/4 10:00,350.5489373,1577.470218
2003/8/4 10:30,389.4510627,1752.529782
2003/8/4 11:00,421.4992155,1896.74647
2003/8/4 11:30,419.5007845,1887.75353
2003/8/4 12:00,375.2323876,1688.545744
2003/8/4 12:30,350.7676124,1578.454256
2003/8/4 13:00,329.4508023,1482.52861
2003/8/4 13:30,312.5491977,1406.47139
2003/8/4 14:00,315.2903886,1418.806749
2003/8/4 14:30,272.7096114,1227.193251
2003/8/4 15:00,196.8933943,886.0202744
2003/8/4 15:30,159.1066057,715.9797256
2003/8/4 16:00,141.7340576,637.8032592
2003/8/4 16:30,106.2659424,478.1967408
2003/8/4 17:00,69.3251178,311.9630301
2003/8/4 17:30,38.6748822,174.0369699
2003/8/4 18:00,11.48387097,51.67741935
2003/8/4 18:30,4.516129032,20.32258065
2003/8/4 19:00,0,0
2003/8/4 19:30,0,0
2003/8/4 20:00,0,0
2003/8/4 20:30,0,0
2003/8/4 21:00,0,0
2003/8/4 21:30,0,0
2003/8/4 22:00,0,0
2003/8/4 22:30,0,0
2003/8/4 23:00,0,0
2003/8/4 23:30,0,0
2003/8/5 0:00,0,0
2003/8/5 0:30,0,0
2003/8/5 1:00,0,0
2003/8/5 1:30,0,0
2003/8/5 2:00,0,0
2003/8/5 2:30,0,0
2003/8/5 3:00,0,0
2003/8/5 3:30,0,0
2003/8/5 4:00,0,0
2003/8/5 4:30,0,0
2003/8/5 5:00,14.32887701,64.47994652
2003/8/5 5:30,31.67112299,142.5200535
2003/8/5 6:00,56.50403439,254.2681547
2003/8/5 6:30,84.49596561,380.2318453
2003/8/5 7:00,111.0959912,499.9319606
2003/8/5 7:30,142.9040088,643.0680394
2003/8/5 8:00,178.0294752,801.1326383
2003/8/5 8:30,214.9705248,967.3673617
2003/8/5 9:00,250.5272477,1127.372615
2003/8/5 9:30,293.4727523,1320.627385
2003/8/5 10:00,354.4095411,1594.842935
2003/8/5 10:30,388.5904589,1748.657065
2003/8/5 11:00,394.3989318,1774.795193
2003/8/5 11:30,393.6010682,1771.204807
2003/8/5 12:00,379.8939564,1709.522804
2003/8/5 12:30,357.1060436,1606.977196
2003/8/5 13:00,332.7847549,1497.531397
2003/8/5 13:30,282.2152451,1269.968603
2003/8/5 14:00,209.45847,942.5631148
2003/8/5 14:30,168.54153,758.4368852
2003/8/5 15:00,149.3516151,672.082268
2003/8/5 15:30,105.6483849,475.417732
2003/8/5 16:00,53.10510526,238.9729737
2003/8/5 16:30,33.89489474,152.5270263
2003/8/5 17:00,24.50734884,110.2830698
2003/8/5 17:30,13.49265116,60.71693023
2003/8/5 18:00,3.604651163,16.22093023
2003/8/5 18:30,1.395348837,6.279069767
2003/8/5 19:00,0,0
2003/8/5 19:30,0,0
2003/8/5 20:00,0,0
2003/8/5 20:30,0,0
2003/8/5 21:00,0,0
2003/8/5 21:30,0,0
2003/8/5 22:00,0,0
2003/8/5 22:30,0,0
2003/8/5 23:00,0,0
2003/8/5 23:30,0,0
2003/8/6 0:00,0,0
2003/8/6 0:30,0,0
2003/8/6 1:00,0,0
2003/8/6 1:30,0,0
2003/8/6 2:00,0,0
2003/8/6 2:30,0,0
2003/8/6 3:00,0,0
2003/8/6 3:30,0,0
2003/8/6 4:00,0,0
2003/8/6 4:30,0,0
2003/8/6 5:00,10.83050847,48.73728814
2003/8/6 5:30,25.16949153,113.2627119
2003/8/6 6:00,54.05942127,243.2673957
2003/8/6 6:30,86.94057873,391.2326043
2003/8/6 7:00,120.8644783,543.8901524
2003/8/6 7:30,165.1355217,743.1098476
2003/8/6 8:00,235.9965723,1061.984575
2003/8/6 8:30,272.0034277,1224.015425
2003/8/6 9:00,252.883348,1137.975066
2003/8/6 9:30,259.116652,1166.024934
2003/8/6 10:00,274.8622024,1236.879911
2003/8/6 10:30,285.1377976,1283.120089
2003/8/6 11:00,290.5832692,1307.624711
2003/8/6 11:30,302.4167308,1360.875289
2003/8/6 12:00,324.4203905,1459.891757
2003/8/6 12:30,332.5796095,1496.608243
2003/8/6 13:00,349.6802843,1573.561279
2003/8/6 13:30,305.3197157,1373.938721
2003/8/6 14:00,203.6263592,916.3186165
2003/8/6 14:30,173.3736408,780.1813835
2003/8/6 15:00,187.8420593,845.289267
2003/8/6 15:30,152.1579407,684.710733
2003/8/6 16:00,91.46016014,411.5707206
2003/8/6 16:30,65.53983986,294.9292794
2003/8/6 17:00,54.25829344,244.1623205
2003/8/6 17:30,31.74170656,142.8376795
2003/8/6 18:00,8.632653061,38.84693878
2003/8/6 18:30,3.367346939,15.15306122
2003/8/6 19:00,0,0
2003/8/6 19:30,0,0
2003/8/6 20:00,0,0
2003/8/6 20:30,0,0
2003/8/6 21:00,0,0
2003/8/6 21:30,0,0
2003/8/6 22:00,0,0
2003/8/6 22:30,0,0
2003/8/6 23:00,0,0
2003/8/6 23:30,0,0
2003/8/7 0:00,0,0
2003/8/7 0:30,0,0
2003/8/7 1:00,0,0
2003/8/7 1:30,0,0
2003/8/7 2:00,0,0
2003/8/7 2:30,0,0
2003/8/7 3:00,0,0
2003/8/7 3:30,0,0
2003/8/7 4:00,0,0
2003/8/7 4:30,0,0
2003/8/7 5:00,6.021126761,27.09507042
2003/8/7 5:30,12.97887324,58.40492958
2003/8/7 6:00,19.72887324,88.77992958
2003/8/7 6:30,32.27112676,145.2200704
2003/8/7 7:00,64.03643216,288.1639447
2003/8/7 7:30,91.96356784,413.8360553
2003/8/7 8:00,110.6413657,497.8861455
2003/8/7 8:30,131.3586343,591.1138545
2003/8/7 9:00,143.4330269,645.4486211
2003/8/7 9:30,168.5669731,758.5513789
2003/8/7 10:00,215.253056,968.638752
2003/8/7 10:30,248.746944,1119.361248
2003/8/7 11:00,274.544026,1235.448117
2003/8/7 11:30,284.455974,1280.051883
2003/8/7 12:00,267.5,1203.75
2003/8/7 12:30,267.5,1203.75
2003/8/7 13:00,284.1585489,1278.71347
2003/8/7 13:30,274.8414511,1236.78653
2003/8/7 14:00,250.2591479,1126.166165
2003/8/7 14:30,217.7408521,979.8338346
2003/8/7 15:00,178.8822216,804.9699974
2003/8/7 15:30,140.1177784,630.5300026
2003/8/7 16:00,101.1019358,454.9587109
2003/8/7 16:30,71.89806425,323.5412891
2003/8/7 17:00,50.03012668,225.1355701
2003/8/7 17:30,27.96987332,125.8644299
2003/8/7 18:00,7.91011236,35.59550562
2003/8/7 18:30,3.08988764,13.90449438
2003/8/7 19:00,0,0
2003/8/7 19:30,0,0
2003/8/7 20:00,0,0
2003/8/7 20:30,0,0
2003/8/7 21:00,0,0
2003/8/7 21:30,0,0
2003/8/7 22:00,0,0
2003/8/7 22:30,0,0
2003/8/7 23:00,0,0
2003/8/7 23:30,0,0
2003/8/8 0:00,0,0
2003/8/8 0:30,0,0
2003/8/8 1:00,0,0
2003/8/8 1:30,0,0
2003/8/8 2:00,0,0
2003/8/8 2:30,0,0
2003/8/8 3:00,0,0
2003/8/8 3:30,0,0
2003/8/8 4:00,0,0
2003/8/8 4:30,0,0
2003/8/8 5:00,10.25151515,46.13181818
2003/8/8 5:30,23.74848485,106.8681818
2003/8/8 6:00,49.73774499,223.8198525
2003/8/8 6:30,81.26225501,365.6801475
2003/8/8 7:00,126.7094976,570.1927393
2003/8/8 7:30,161.2905024,725.8072607
2003/8/8 8:00,166.5202899,749.3413043
2003/8/8 8:30,189.4797101,852.6586957
2003/8/8 9:00,235.3207802,1058.943511
2003/8/8 9:30,248.6792198,1119.056489
2003/8/8 10:00,230.8617912,1038.87806
2003/8/8 10:30,214.1382088,963.6219398
2003/8/8 11:00,176.0972263,792.4375185
2003/8/8 11:30,181.9027737,818.5624815
2003/8/8 12:00,241.003538,1084.515921
2003/8/8 12:30,266.996462,1201.484079
2003/8/8 13:00,289.870942,1304.419239
2003/8/8 13:30,251.129058,1130.080761
2003/8/8 14:00,173.103419,778.9653854
2003/8/8 14:30,106.896581,481.0346146
2003/8/8 15:00,36.49770837,164.2396877
2003/8/8 15:30,27.50229163,123.7603123
2003/8/8 16:00,39.83682196,179.2656988
2003/8/8 16:30,33.16317804,149.2343012
2003/8/8 17:00,19.00903799,85.54067096
2003/8/8 17:30,9.99096201,44.95932904
2003/8/8 18:00,2.1796875,9.80859375
2003/8/8 18:30,0.8203125,3.69140625
2003/8/8 19:00,0,0
2003/8/8 19:30,0,0
2003/8/8 20:00,0,0
2003/8/8 20:30,0,0
2003/8/8 21:00,0,0
2003/8/8 21:30,0,0
2003/8/8 22:00,0,0
2003/8/8 22:30,0,0
2003/8/8 23:00,0,0
2003/8/8 23:30,0,0
2003/8/9 0:00,0,0
2003/8/9 0:30,0,0
2003/8/9 1:00,0,0
2003/8/9 1:30,0,0
2003/8/9 2:00,0,0
2003/8/9 2:30,0,0
2003/8/9 3:00,0,0
2003/8/9 3:30,0,0
2003/8/9 4:00,0,0
2003/8/9 4:30,0,0
2003/8/9 5:00,4.032407407,18.14583333
2003/8/9 5:30,8.967592593,40.35416667
2003/8/9 6:00,17.33572446,78.01076007
2003/8/9 6:30,23.66427554,106.4892399
2003/8/9 7:00,22.69391193,102.1226037
2003/8/9 7:30,27.30608807,122.8773963
2003/8/9 8:00,39.44182218,177.4881998
2003/8/9 8:30,47.55817782,214.0118002
2003/8/9 9:00,45.79601087,206.0820489
2003/8/9 9:30,61.20398913,275.4179511
2003/8/9 10:00,135.839475,611.2776375
2003/8/9 10:30,163.160525,734.2223625
2003/8/9 11:00,130.4640745,587.0883354
2003/8/9 11:30,110.5359255,497.4116646
2003/8/9 12:00,83.64751345,376.4138105
2003/8/9 12:30,69.35248655,312.0861895
2003/8/9 13:00,62.23378237,280.0520207
2003/8/9 13:30,50.76621763,228.4479793
2003/8/9 14:00,38.60113636,173.7051136
2003/8/9 14:30,28.39886364,127.7948864
2003/8/9 15:00,18.63863121,83.87384045
2003/8/9 15:30,13.36136879,60.12615955
2003/8/9 16:00,9.150510204,41.17729592
2003/8/9 16:30,7.849489796,35.32270408
2003/8/9 17:00,9.9875,44.94375
2003/8/9 17:30,7.0125,31.55625
2003/8/9 18:00,2.1375,9.61875
2003/8/9 18:30,0.8625,3.88125
2003/8/9 19:00,0,0
2003/8/9 19:30,0,0
2003/8/9 20:00,0,0
2003/8/9 20:30,0,0
2003/8/9 21:00,0,0
2003/8/9 21:30,0,0
2003/8/9 22:00,0,0
2003/8/9 22:30,0,0
2003/8/9 23:00,0,0
2003/8/9 23:30,0,0
2003/8/10 0:00,0,0
2003/8/10 0:30,0,0
2003/8/10 1:00,0,0
2003/8/10 1:30,0,0
2003/8/10 2:00,0,0
2003/8/10 2:30,0,0
2003/8/10 3:00,0,0
2003/8/10 3:30,0,0
2003/8/10 4:00,0,0
2003/8/10 4:30,0,0
2003/8/10 5:00,13.87219731,62.42488789
2003/8/10 5:30,32.12780269,144.5751121
2003/8/10 6:00,68.18356829,306.8260573
2003/8/10 6:30,108.8164317,489.6739427
2003/8/10 7:00,151.7097211,682.6937451
2003/8/10 7:30,200.2902789,901.3062549
2003/8/10 8:00,253.0185036,1138.583266
2003/8/10 8:30,298.9814964,1345.416734
2003/8/10 9:00,334.0058468,1503.02631
2003/8/10 9:30,356.9941532,1606.47369
2003/8/10 10:00,352.7951726,1587.578277
2003/8/10 10:30,368.2048274,1656.921723
2003/8/10 11:00,409.2966795,1841.835058
2003/8/10 11:30,410.7033205,1848.164942
2003/8/10 12:00,378.2508052,1702.128623
2003/8/10 12:30,352.7491948,1587.371377
2003/8/10 13:00,319.7597614,1438.918926
2003/8/10 13:30,300.2402386,1351.081074
2003/8/10 14:00,313.9912393,1412.960577
2003/8/10 14:30,254.0087607,1143.039423
2003/8/10 15:00,141.9677445,638.8548504
2003/8/10 15:30,114.0322555,513.1451496
2003/8/10 16:00,129.7585964,583.9136838
2003/8/10 16:30,98.2414036,442.0863162
2003/8/10 17:00,50.87562905,228.9403307
2003/8/10 17:30,26.12437095,117.5596693
2003/8/10 18:00,6.514534884,29.31540698
2003/8/10 18:30,2.485465116,11.18459302
2003/8/10 19:00,0,0
2003/8/10 19:30,0,0
2003/8/10 20:00,0,0
2003/8/10 20:30,0,0
2003/8/10 21:00,0,0
2003/8/10 21:30,0,0
2003/8/10 22:00,0,0
2003/8/10 22:30,0,0
2003/8/10 23:00,0,0
2003/8/10 23:30,0,0
2003/8/11 0:00,0,0
2003/8/11 0:30,0,0
2003/8/11 1:00,0,0
2003/8/11 1:30,0,0
2003/8/11 2:00,0,0
2003/8/11 2:30,0,0
2003/8/11 3:00,0,0
2003/8/11 3:30,0,0
2003/8/11 4:00,0,0
2003/8/11 4:30,0,0
2003/8/11 5:00,11.78342246,53.02540107
2003/8/11 5:30,27.21657754,122.4745989
2003/8/11 6:00,57.19038164,257.3567174
2003/8/11 6:30,90.80961836,408.6432826
2003/8/11 7:00,127.5194102,573.8373458
2003/8/11 7:30,163.4805898,735.6626542
2003/8/11 8:00,189.7247965,853.7615841
2003/8/11 8:30,219.2752035,986.7384159
2003/8/11 9:00,248.999607,1120.498232
2003/8/11 9:30,272.000393,1224.001768
2003/8/11 10:00,281.2295957,1265.533181
2003/8/11 10:30,301.7704043,1357.966819
2003/8/11 11:00,333.1176707,1499.029518
2003/8/11 11:30,357.8823293,1610.470482
2003/8/11 12:00,385.4420557,1734.48925
2003/8/11 12:30,391.5579443,1762.01075
2003/8/11 13:00,376.3427711,1693.54247
2003/8/11 13:30,359.6572289,1618.45753
2003/8/11 14:00,343.4963381,1545.733521
2003/8/11 14:30,304.5036619,1370.266479
2003/8/11 15:00,250.2774077,1126.248335
2003/8/11 15:30,202.7225923,912.2516652
2003/8/11 16:00,159.367815,717.1551676
2003/8/11 16:30,116.632185,524.8448324
2003/8/11 17:00,81.2715019,365.7217586
2003/8/11 17:30,43.7284981,196.7782414
2003/8/11 18:00,8.737226277,39.31751825
2003/8/11 18:30,3.262773723,14.68248175
2003/8/11 19:00,0,0
2003/8/11 19:30,0,0
2003/8/11 20:00,0,0
2003/8/11 20:30,0,0
2003/8/11 21:00,0,0
2003/8/11 21:30,0,0
2003/8/11 22:00,0,0
2003/8/11 22:30,0,0
2003/8/11 23:00,0,0
2003/8/11 23:30,0,0
2003/8/12 0:00,0,0
2003/8/12 0:30,0,0
2003/8/12 1:00,0,0
2003/8/12 1:30,0,0
2003/8/12 2:00,0,0
2003/8/12 2:30,0,0
2003/8/12 3:00,0,0
2003/8/12 3:30,0,0
2003/8/12 4:00,0,0
2003/8/12 4:30,0,0
2003/8/12 5:00,3.747058824,16.86176471
2003/8/12 5:30,9.252941176,41.63823529
2003/8/12 6:00,27.95294118,125.7882353
2003/8/12 6:30,44.04705882,198.2117647
2003/8/12 7:00,47.925,215.6625
2003/8/12 7:30,60.075,270.3375
2003/8/12 8:00,83.19078947,374.3585526
2003/8/12 8:30,96.80921053,435.6414474
2003/8/12 9:00,95.28248266,428.771172
2003/8/12 9:30,104.7175173,471.228828
2003/8/12 10:00,129.7324892,583.7962013
2003/8/12 10:30,133.2675108,599.7037987
2003/8/12 11:00,118.3794215,532.7073965
2003/8/12 11:30,104.6205785,470.7926035
2003/8/12 12:00,82.16887328,369.7599298
2003/8/12 12:30,77.83112672,350.2400702
2003/8/12 13:00,94.89358888,427.02115
2003/8/12 13:30,84.10641112,378.47885
2003/8/12 14:00,46.15123959,207.6805781
2003/8/12 14:30,50.84876041,228.8194219
2003/8/12 15:00,149.0880202,670.8960911
2003/8/12 15:30,134.9119798,607.1039089
2003/8/12 16:00,31.58360086,142.1262039
2003/8/12 16:30,20.41639914,91.87379615
2003/8/12 17:00,23.00205536,103.5092491
2003/8/12 17:30,13.99794464,62.99075089
2003/8/12 18:00,2.902439024,13.06097561
2003/8/12 18:30,1.097560976,4.93902439
2003/8/12 19:00,0,0
2003/8/12 19:30,0,0
2003/8/12 20:00,0,0
2003/8/12 20:30,0,0
2003/8/12 21:00,0,0
2003/8/12 21:30,0,0
2003/8/12 22:00,0,0
2003/8/12 22:30,0,0
2003/8/12 23:00,0,0
2003/8/12 23:30,0,0
2003/8/13 0:00,0,0
2003/8/13 0:30,0,0
2003/8/13 1:00,0,0
2003/8/13 1:30,0,0
2003/8/13 2:00,0,0
2003/8/13 2:30,0,0
2003/8/13 3:00,0,0
2003/8/13 3:30,0,0
2003/8/13 4:00,0,0
2003/8/13 4:30,0,0
2003/8/13 5:00,2.615384615,11.76923077
2003/8/13 5:30,5.384615385,24.23076923
2003/8/13 6:00,7.504615385,33.77076923
2003/8/13 6:30,10.49538462,47.22923077
2003/8/13 7:00,13.6626087,61.48173913
2003/8/13 7:30,18.3373913,82.51826087
2003/8/13 8:00,25.2173913,113.4782609
2003/8/13 8:30,34.7826087,156.5217391
2003/8/13 9:00,51.84210526,233.2894737
2003/8/13 9:30,68.15789474,306.7105263
2003/8/13 10:00,87.09556411,391.9300385
2003/8/13 10:30,96.90443589,436.0699615
2003/8/13 11:00,86.39067394,388.7580327
2003/8/13 11:30,98.60932606,443.7419673
2003/8/13 12:00,154.5731437,695.5791465
2003/8/13 12:30,161.4268563,726.4208535
2003/8/13 13:00,110.5820897,497.6194034
2003/8/13 13:30,111.4179103,501.3805966
2003/8/13 14:00,149.7538239,673.8922075
2003/8/13 14:30,176.2461761,793.1077925
2003/8/13 15:00,219.3462936,987.058321
2003/8/13 15:30,208.6537064,938.941679
2003/8/13 16:00,153.4888653,690.6998938
2003/8/13 16:30,111.5111347,501.8001062
2003/8/13 17:00,74.84207478,336.7893365
2003/8/13 17:30,39.15792522,176.2106635
2003/8/13 18:00,6.585365854,29.63414634
2003/8/13 18:30,2.414634146,10.86585366
2003/8/13 19:00,0,0
2003/8/13 19:30,0,0
2003/8/13 20:00,0,0
2003/8/13 20:30,0,0
2003/8/13 21:00,0,0
2003/8/13 21:30,0,0
2003/8/13 22:00,0,0
2003/8/13 22:30,0,0
2003/8/13 23:00,0,0
2003/8/13 23:30,0,0
2003/8/14 0:00,0,0
2003/8/14 0:30,0,0
2003/8/14 1:00,0,0
2003/8/14 1:30,0,0
2003/8/14 2:00,0,0
2003/8/14 2:30,0,0
2003/8/14 3:00,0,0
2003/8/14 3:30,0,0
2003/8/14 4:00,0,0
2003/8/14 4:30,0,0
2003/8/14 5:00,4.333333333,19.5
2003/8/14 5:30,8.666666667,39
2003/8/14 6:00,11.58045977,52.11206897
2003/8/14 6:30,14.41954023,64.88793103
2003/8/14 7:00,14.7862069,66.53793103
2003/8/14 7:30,17.2137931,77.46206897
2003/8/14 8:00,21.80869565,98.13913043
2003/8/14 8:30,26.19130435,117.8608696
2003/8/14 9:00,32.94007484,148.2303368
2003/8/14 9:30,34.05992516,153.2696632
2003/8/14 10:00,28.2393029,127.0768631
2003/8/14 10:30,26.7606971,120.4231369
2003/8/14 11:00,27.52974839,123.8838677
2003/8/14 11:30,26.47025161,119.1161323
2003/8/14 12:00,23.29170203,104.8126591
2003/8/14 12:30,23.70829797,106.6873409
2003/8/14 13:00,28.24047619,127.0821429
2003/8/14 13:30,29.75952381,133.9178571
2003/8/14 14:00,29.60981308,133.2441589
2003/8/14 14:30,28.39018692,127.7558411
2003/8/14 15:00,28.89435358,130.0245911
2003/8/14 15:30,20.10564642,90.47540888
2003/8/14 16:00,6.886458333,30.9890625
2003/8/14 16:30,4.113541667,18.5109375
2003/8/14 17:00,3.151041667,14.1796875
2003/8/14 17:30,1.848958333,8.3203125
2003/8/14 18:00,0.708333333,3.1875
2003/8/14 18:30,0.291666667,1.3125
2003/8/14 19:00,0,0
2003/8/14 19:30,0,0
2003/8/14 20:00,0,0
2003/8/14 20:30,0,0
2003/8/14 21:00,0,0
2003/8/14 21:30,0,0
2003/8/14 22:00,0,0
2003/8/14 22:30,0,0
2003/8/14 23:00,0,0
2003/8/14 23:30,0,0
2003/8/15 0:00,0,0
2003/8/15 0:30,0,0
2003/8/15 1:00,0,0
2003/8/15 1:30,0,0
2003/8/15 2:00,0,0
2003/8/15 2:30,0,0
2003/8/15 3:00,0,0
2003/8/15 3:30,0,0
2003/8/15 4:00,0,0
2003/8/15 4:30,0,0
2003/8/15 5:00,1.333333333,6
2003/8/15 5:30,2.666666667,12
2003/8/15 6:00,3.182795699,14.32258064
2003/8/15 6:30,4.817204301,21.67741936
2003/8/15 7:00,10.17275986,45.77741935
2003/8/15 7:30,12.82724014,57.72258065
2003/8/15 8:00,10.73111111,48.29
2003/8/15 8:30,11.26888889,50.71
2003/8/15 9:00,12.49975309,56.24888889
2003/8/15 9:30,15.50024691,69.75111111
2003/8/15 10:00,23.99033463,107.9565058
2003/8/15 10:30,29.00966537,130.5434942
2003/8/15 11:00,29.78191228,134.0186053
2003/8/15 11:30,31.21808772,140.4813947
2003/8/15 12:00,32.63558621,146.8601379
2003/8/15 12:30,31.36441379,141.1398621
2003/8/15 13:00,27.441231,123.4855395
2003/8/15 13:30,24.558769,110.5144605
2003/8/15 14:00,21.36900331,96.16051489
2003/8/15 14:30,19.63099669,88.33948511
2003/8/15 15:00,18.61546896,83.76961032
2003/8/15 15:30,18.38453104,82.73038968
2003/8/15 16:00,21.16776316,95.25493421
2003/8/15 16:30,17.83223684,80.24506579
2003/8/15 17:00,11.84210526,53.28947368
2003/8/15 17:30,6.157894737,27.71052632
2003/8/15 18:00,0.736842105,3.315789474
2003/8/15 18:30,0.263157895,1.184210526
2003/8/15 19:00,0,0
2003/8/15 19:30,0,0
2003/8/15 20:00,0,0
2003/8/15 20:30,0,0
2003/8/15 21:00,0,0
2003/8/15 21:30,0,0
2003/8/15 22:00,0,0
2003/8/15 22:30,0,0
2003/8/15 23:00,0,0
2003/8/15 23:30,0,0
2003/8/16 0:00,0,0
2003/8/16 0:30,0,0
2003/8/16 1:00,0,0
2003/8/16 1:30,0,0
2003/8/16 2:00,0,0
2003/8/16 2:30,0,0
2003/8/16 3:00,0,0
2003/8/16 3:30,0,0
2003/8/16 4:00,0,0
2003/8/16 4:30,0,0
2003/8/16 5:00,6.502840909,29.26278409
2003/8/16 5:30,14.49715909,65.23721591
2003/8/16 6:00,26.22154933,117.996972
2003/8/16 6:30,40.77845067,183.503028
2003/8/16 7:00,55.69435976,250.6246189
2003/8/16 7:30,82.30564024,370.3753811
2003/8/16 8:00,154.8607293,696.873282
2003/8/16 8:30,187.1392707,842.126718
2003/8/16 9:00,156.9128895,706.1080028
2003/8/16 9:30,154.0871105,693.3919972
2003/8/16 10:00,154.5657641,695.5459385
2003/8/16 10:30,163.4342359,735.4540615
2003/8/16 11:00,195.6598584,880.4693627
2003/8/16 11:30,193.3401416,870.0306373
2003/8/16 12:00,161.4753357,726.6390108
2003/8/16 12:30,141.5246643,636.8609892
2003/8/16 13:00,112.3057312,505.3757902
2003/8/16 13:30,116.6942688,525.1242098
2003/8/16 14:00,204.1295863,918.5831383
2003/8/16 14:30,150.8704137,678.9168617
2003/8/16 15:00,22.39716195,100.7872288
2003/8/16 15:30,13.60283805,61.21277122
2003/8/16 16:00,15.90752688,71.58387097
2003/8/16 16:30,10.09247312,45.41612903
2003/8/16 17:00,2.866666667,12.9
2003/8/16 17:30,1.133333333,5.1
2003/8/16 18:00,0,0
2003/8/16 18:30,0,0
2003/8/16 19:00,0,0
2003/8/16 19:30,0,0
2003/8/16 20:00,0,0
2003/8/16 20:30,0,0
2003/8/16 21:00,0,0
2003/8/16 21:30,0,0
2003/8/16 22:00,0,0
2003/8/16 22:30,0,0
2003/8/16 23:00,0,0
2003/8/16 23:30,0,0
2003/8/17 0:00,0,0
2003/8/17 0:30,0,0
2003/8/17 1:00,0,0
2003/8/17 1:30,0,0
2003/8/17 2:00,0,0
2003/8/17 2:30,0,0
2003/8/17 3:00,0,0
2003/8/17 3:30,0,0
2003/8/17 4:00,0,0
2003/8/17 4:30,0,0
2003/8/17 5:00,1.153846154,5.192307692
2003/8/17 5:30,2.846153846,12.80769231
2003/8/17 6:00,7.821763602,35.19793621
2003/8/17 6:30,14.1782364,63.80206379
2003/8/17 7:00,23.73643213,106.8139446
2003/8/17 7:30,36.26356787,163.1860554
2003/8/17 8:00,54.21048416,243.9471787
2003/8/17 8:30,76.78951584,345.5528213
2003/8/17 9:00,112.1350678,504.6078052
2003/8/17 9:30,140.8649322,633.8921948
2003/8/17 10:00,160.7549998,723.3974993
2003/8/17 10:30,172.2450002,775.1025007
2003/8/17 11:00,174.0297881,783.1340464
2003/8/17 11:30,159.9702119,719.8659536
2003/8/17 12:00,130.667435,588.0034574
2003/8/17 12:30,106.332565,478.4965426
2003/8/17 13:00,85.15349983,383.1907492
2003/8/17 13:30,59.84650017,269.3092508
2003/8/17 14:00,30.14976753,135.6739539
2003/8/17 14:30,23.85023247,107.3260461
2003/8/17 15:00,27.73969367,124.8286215
2003/8/17 15:30,25.26030633,113.6713785
2003/8/17 16:00,22.30277778,100.3625
2003/8/17 16:30,14.69722222,66.1375
2003/8/17 17:00,5.422222222,24.4
2003/8/17 17:30,2.577777778,11.6
2003/8/17 18:00,0.722222222,3.25
2003/8/17 18:30,0.277777778,1.25
2003/8/17 19:00,0,0
2003/8/17 19:30,0,0
2003/8/17 20:00,0,0
2003/8/17 20:30,0,0
2003/8/17 21:00,0,0
2003/8/17 21:30,0,0
2003/8/17 22:00,0,0
2003/8/17 22:30,0,0
2003/8/17 23:00,0,0
2003/8/17 23:30,0,0
2003/8/18 0:00,0,0
2003/8/18 0:30,0,0
2003/8/18 1:00,0,0
2003/8/18 1:30,0,0
2003/8/18 2:00,0,0
2003/8/18 2:30,0,0
2003/8/18 3:00,0,0
2003/8/18 3:30,0,0
2003/8/18 4:00,0,0
2003/8/18 4:30,0,0
2003/8/18 5:00,1.365740741,6.145833333
2003/8/18 5:30,3.634259259,16.35416667
2003/8/18 6:00,18.64961014,83.92324561
2003/8/18 6:30,30.35038986,136.5767544
2003/8/18 7:00,29.20216325,131.4097346
2003/8/18 7:30,35.79783675,161.0902654
2003/8/18 8:00,49.64480472,223.4016212
2003/8/18 8:30,62.35519528,280.5983788
2003/8/18 9:00,72.41570314,325.8706641
2003/8/18 9:30,91.58429686,412.1293359
2003/8/18 10:00,136.5078823,614.2854702
2003/8/18 10:30,154.4921177,695.2145298
2003/8/18 11:00,133.6622319,601.4800435
2003/8/18 11:30,139.3377681,627.0199565
2003/8/18 12:00,167.5577462,754.0098579
2003/8/18 12:30,176.4422538,793.9901421
2003/8/18 13:00,170.6631317,767.9840928
2003/8/18 13:30,165.3368683,744.0159072
2003/8/18 14:00,166.6995828,750.1481226
2003/8/18 14:30,136.3004172,613.3518774
2003/8/18 15:00,84.71104914,381.1997211
2003/8/18 15:30,61.28895086,275.8002789
2003/8/18 16:00,45.32345476,203.9555464
2003/8/18 16:30,34.67654524,156.0444536
2003/8/18 17:00,31.39016846,141.255758
2003/8/18 17:30,17.60983154,79.24424195
2003/8/18 18:00,2.206730769,9.930288462
2003/8/18 18:30,0.793269231,3.569711538
2003/8/18 19:00,0,0
2003/8/18 19:30,0,0
2003/8/18 20:00,0,0
2003/8/18 20:30,0,0
2003/8/18 21:00,0,0
2003/8/18 21:30,0,0
2003/8/18 22:00,0,0
2003/8/18 22:30,0,0
2003/8/18 23:00,0,0
2003/8/18 23:30,0,0
2003/8/19 0:00,0,0
2003/8/19 0:30,0,0
2003/8/19 1:00,0,0
2003/8/19 1:30,0,0
2003/8/19 2:00,0,0
2003/8/19 2:30,0,0
2003/8/19 3:00,0,0
2003/8/19 3:30,0,0
2003/8/19 4:00,0,0
2003/8/19 4:30,0,0
2003/8/19 5:00,1.578947368,7.105263158
2003/8/19 5:30,3.421052632,15.39473684
2003/8/19 6:00,5.131197559,23.09038902
2003/8/19 6:30,8.868802441,39.90961098
2003/8/19 7:00,21.17942562,95.30741531
2003/8/19 7:30,33.82057438,152.1925847
2003/8/19 8:00,45.13829322,203.1223195
2003/8/19 8:30,62.86170678,282.8776805
2003/8/19 9:00,101.1273525,455.0730863
2003/8/19 9:30,113.8726475,512.4269137
2003/8/19 10:00,90.25289182,406.1380132
2003/8/19 10:30,87.74710818,394.8619868
2003/8/19 11:00,95.66789189,430.5055135
2003/8/19 11:30,96.33210811,433.4944865
2003/8/19 12:00,89.74463882,403.8508747
2003/8/19 12:30,93.25536118,419.6491253
2003/8/19 13:00,114.8997913,517.0490608
2003/8/19 13:30,109.1002087,490.9509392
2003/8/19 14:00,78.69800961,354.1410432
2003/8/19 14:30,69.30199039,311.8589568
2003/8/19 15:00,74.83288304,336.7479737
2003/8/19 15:30,59.16711696,266.2520263
2003/8/19 16:00,33.44933514,150.5220081
2003/8/19 16:30,21.55066486,96.97799185
2003/8/19 17:00,14.06070574,63.27317584
2003/8/19 17:30,6.939294258,31.22682416
2003/8/19 18:00,0.738636364,3.323863636
2003/8/19 18:30,0.261363636,1.176136364
2003/8/19 19:00,0,0
2003/8/19 19:30,0,0
2003/8/19 20:00,0,0
2003/8/19 20:30,0,0
2003/8/19 21:00,0,0
2003/8/19 21:30,0,0
2003/8/19 22:00,0,0
2003/8/19 22:30,0,0
2003/8/19 23:00,0,0
2003/8/19 23:30,0,0
2003/8/20 0:00,0,0
2003/8/20 0:30,0,0
2003/8/20 1:00,0,0
2003/8/20 1:30,0,0
2003/8/20 2:00,0,0
2003/8/20 2:30,0,0
2003/8/20 3:00,0,0
2003/8/20 3:30,0,0
2003/8/20 4:00,0,0
2003/8/20 4:30,0,0
2003/8/20 5:00,4.492307692,20.21538462
2003/8/20 5:30,11.50769231,51.78461538
2003/8/20 6:00,41.82340228,188.2053102
2003/8/20 6:30,72.17659772,324.7946898
2003/8/20 7:00,96.71661326,435.2247597
2003/8/20 7:30,120.2833867,541.2752403
2003/8/20 8:00,134.0435145,603.1958153
2003/8/20 8:30,143.9564855,647.8041847
2003/8/20 9:00,134.6861286,606.0875788
2003/8/20 9:30,154.3138714,694.4124212
2003/8/20 10:00,232.0402808,1044.181264
2003/8/20 10:30,251.9597192,1133.818736
2003/8/20 11:00,207.6359481,934.3617665
2003/8/20 11:30,198.3640519,892.6382335
2003/8/20 12:00,202.3196565,910.4384541
2003/8/20 12:30,200.6803435,903.0615459
2003/8/20 13:00,205.280353,923.7615885
2003/8/20 13:30,187.719647,844.7384115
2003/8/20 14:00,149.4680937,672.6064217
2003/8/20 14:30,131.5319063,591.8935783
2003/8/20 15:00,126.7913517,570.5610826
2003/8/20 15:30,108.2086483,486.9389174
2003/8/20 16:00,86.54548712,389.4546921
2003/8/20 16:30,61.45451288,276.5453079
2003/8/20 17:00,37.67410412,169.5334686
2003/8/20 17:30,18.32589588,82.46653144
2003/8/20 18:00,1.482758621,6.672413793
2003/8/20 18:30,0.517241379,2.327586207
2003/8/20 19:00,0,0
2003/8/20 19:30,0,0
2003/8/20 20:00,0,0
2003/8/20 20:30,0,0
2003/8/20 21:00,0,0
2003/8/20 21:30,0,0
2003/8/20 22:00,0,0
2003/8/20 22:30,0,0
2003/8/20 23:00,0,0
2003/8/20 23:30,0,0
2003/8/21 0:00,0,0
2003/8/21 0:30,0,0
2003/8/21 1:00,0,0
2003/8/21 1:30,0,0
2003/8/21 2:00,0,0
2003/8/21 2:30,0,0
2003/8/21 3:00,0,0
2003/8/21 3:30,0,0
2003/8/21 4:00,0,0
2003/8/21 4:30,0,0
2003/8/21 5:00,9.534198113,42.90389151
2003/8/21 5:30,23.46580189,105.5961085
2003/8/21 6:00,66.35976898,298.6189604
2003/8/21 6:30,112.640231,506.8810396
2003/8/21 7:00,161.2912181,725.8104814
2003/8/21 7:30,206.7087819,930.1895186
2003/8/21 8:00,231.1469703,1040.161366
2003/8/21 8:30,264.8530297,1191.838634
2003/8/21 9:00,311.0834924,1399.875716
2003/8/21 9:30,324.9165076,1462.124284
2003/8/21 10:00,288.8249355,1299.71221
2003/8/21 10:30,302.1750645,1359.78779
2003/8/21 11:00,381.8184906,1718.183208
2003/8/21 11:30,381.1815094,1715.316792
2003/8/21 12:00,312.4404456,1405.982005
2003/8/21 12:30,274.5595544,1235.517995
2003/8/21 13:00,242.4803038,1091.161367
2003/8/21 13:30,211.5196962,951.8386331
2003/8/21 14:00,180.8368156,813.7656703
2003/8/21 14:30,158.1631844,711.7343297
2003/8/21 15:00,145.2339562,653.5528027
2003/8/21 15:30,119.7660438,538.9471973
2003/8/21 16:00,91.13545127,410.1095307
2003/8/21 16:30,63.86454873,287.3904693
2003/8/21 17:00,40.09966777,180.448505
2003/8/21 17:30,19.90033223,89.55149502
2003/8/21 18:00,2.214285714,9.964285714
2003/8/21 18:30,0.785714286,3.535714286
2003/8/21 19:00,0,0
2003/8/21 19:30,0,0
2003/8/21 20:00,0,0
2003/8/21 20:30,0,0
2003/8/21 21:00,0,0
2003/8/21 21:30,0,0
2003/8/21 22:00,0,0
2003/8/21 22:30,0,0
2003/8/21 23:00,0,0
2003/8/21 23:30,0,0
2003/8/22 0:00,0,0
2003/8/22 0:30,0,0
2003/8/22 1:00,0,0
2003/8/22 1:30,0,0
2003/8/22 2:00,0,0
2003/8/22 2:30,0,0
2003/8/22 3:00,0,0
2003/8/22 3:30,0,0
2003/8/22 4:00,0,0
2003/8/22 4:30,0,0
2003/8/22 5:00,9.565217391,43.04347826
2003/8/22 5:30,23.43478261,105.4565217
2003/8/22 6:00,65.24691568,293.6111206
2003/8/22 6:30,108.7530843,489.3888794
2003/8/22 7:00,145.4604901,654.5722053
2003/8/22 7:30,191.5395099,861.9277947
2003/8/22 8:00,244.1683858,1098.757736
2003/8/22 8:30,291.8316142,1313.242264
2003/8/22 9:00,330.9309131,1489.189109
2003/8/22 9:30,362.0690869,1629.310891
2003/8/22 10:00,380.6414003,1712.886302
2003/8/22 10:30,388.3585997,1747.613698
2003/8/22 11:00,378.8513675,1704.831154
2003/8/22 11:30,372.1486325,1674.668846
2003/8/22 12:00,363.9812679,1637.915706
2003/8/22 12:30,352.0187321,1584.084294
2003/8/22 13:00,339.9059188,1529.576635
2003/8/22 13:30,317.0940812,1426.923365
2003/8/22 14:00,293.2038053,1319.417124
2003/8/22 14:30,248.7961947,1119.582876
2003/8/22 15:00,190.3315122,856.4918047
2003/8/22 15:30,147.6684878,664.5081953
2003/8/22 16:00,114.6419248,515.8886616
2003/8/22 16:30,78.3580752,352.6113384
2003/8/22 17:00,45.85257137,206.3365712
2003/8/22 17:30,22.14742863,99.66342885
2003/8/22 18:00,2.218309859,9.982394366
2003/8/22 18:30,0.781690141,3.517605634
2003/8/22 19:00,0,0
2003/8/22 19:30,0,0
2003/8/22 20:00,0,0
2003/8/22 20:30,0,0
2003/8/22 21:00,0,0
2003/8/22 21:30,0,0
2003/8/22 22:00,0,0
2003/8/22 22:30,0,0
2003/8/22 23:00,0,0
2003/8/22 23:30,0,0
2003/8/23 0:00,0,0
2003/8/23 0:30,0,0
2003/8/23 1:00,0,0
2003/8/23 1:30,0,0
2003/8/23 2:00,0,0
2003/8/23 2:30,0,0
2003/8/23 3:00,0,0
2003/8/23 3:30,0,0
2003/8/23 4:00,0,0
2003/8/23 4:30,0,0
2003/8/23 5:00,6.98630137,31.43835616
2003/8/23 5:30,17.01369863,76.56164384
2003/8/23 6:00,45.10390482,202.9675717
2003/8/23 6:30,76.89609518,346.0324283
2003/8/23 7:00,112.4295958,505.9331811
2003/8/23 7:30,153.5704042,691.0668189
2003/8/23 8:00,200.1085562,900.488503
2003/8/23 8:30,240.8914438,1084.011497
2003/8/23 9:00,263.4844467,1185.68001
2003/8/23 9:30,300.5155533,1352.31999
2003/8/23 10:00,354.5373509,1595.418079
2003/8/23 10:30,393.4626491,1770.581921
2003/8/23 11:00,422.1706212,1899.767795
2003/8/23 11:30,434.8293788,1956.732205
2003/8/23 12:00,427.6629425,1924.483241
2003/8/23 12:30,414.3370575,1864.516759
2003/8/23 13:00,395.4138369,1779.362266
2003/8/23 13:30,359.5861631,1618.137734
2003/8/23 14:00,305.2907898,1373.808554
2003/8/23 14:30,269.7092102,1213.691446
2003/8/23 15:00,253.3773498,1140.198074
2003/8/23 15:30,205.6226502,925.3019259
2003/8/23 16:00,146.1131962,657.5093829
2003/8/23 16:30,98.88680381,444.9906171
2003/8/23 17:00,60.09556431,270.4300394
2003/8/23 17:30,28.90443569,130.0699606
2003/8/23 18:00,2.225543478,10.01494565
2003/8/23 18:30,0.774456522,3.485054348
2003/8/23 19:00,0,0
2003/8/23 19:30,0,0
2003/8/23 20:00,0,0
2003/8/23 20:30,0,0
2003/8/23 21:00,0,0
2003/8/23 21:30,0,0
2003/8/23 22:00,0,0
2003/8/23 22:30,0,0
2003/8/23 23:00,0,0
2003/8/23 23:30,0,0
2003/8/24 0:00,0,0
2003/8/24 0:30,0,0
2003/8/24 1:00,0,0
2003/8/24 1:30,0,0
2003/8/24 2:00,0,0
2003/8/24 2:30,0,0
2003/8/24 3:00,0,0
2003/8/24 3:30,0,0
2003/8/24 4:00,0,0
2003/8/24 4:30,0,0
2003/8/24 5:00,7.868098159,35.40644172
2003/8/24 5:30,19.13190184,86.09355828
2003/8/24 6:00,49.77225272,223.9751372
2003/8/24 6:30,86.22774728,388.0248628
2003/8/24 7:00,135.7400974,610.8304385
2003/8/24 7:30,184.2599026,829.1695615
2003/8/24 8:00,217.6339748,979.3528864
2003/8/24 8:30,265.3660252,1194.147114
2003/8/24 9:00,333.031831,1498.643239
2003/8/24 9:30,379.968169,1709.856761
2003/8/24 10:00,402.8361343,1812.762605
2003/8/24 10:30,419.1638657,1886.237395
2003/8/24 11:00,416.9927609,1876.467424
2003/8/24 11:30,419.0072391,1885.532576
2003/8/24 12:00,427.1712125,1922.270456
2003/8/24 12:30,410.8287875,1848.729544
2003/8/24 13:00,372.2471081,1675.111987
2003/8/24 13:30,342.7528919,1542.388013
2003/8/24 14:00,330.153557,1485.691007
2003/8/24 14:30,271.846443,1223.308993
2003/8/24 15:00,181.3365825,816.0146215
2003/8/24 15:30,141.6634175,637.4853785
2003/8/24 16:00,129.2971464,581.837159
2003/8/24 16:30,90.70285356,408.162841
2003/8/24 17:00,48.43294262,217.9482418
2003/8/24 17:30,22.56705738,101.5517582
2003/8/24 18:00,1.48630137,6.688356164
2003/8/24 18:30,0.51369863,2.311643836
2003/8/24 19:00,0,0
2003/8/24 19:30,0,0
2003/8/24 20:00,0,0
2003/8/24 20:30,0,0
2003/8/24 21:00,0,0
2003/8/24 21:30,0,0
2003/8/24 22:00,0,0
2003/8/24 22:30,0,0
2003/8/24 23:00,0,0
2003/8/24 23:30,0,0
2003/8/25 0:00,0,0
2003/8/25 0:30,0,0
2003/8/25 1:00,0,0
2003/8/25 1:30,0,0
2003/8/25 2:00,0,0
2003/8/25 2:30,0,0
2003/8/25 3:00,0,0
2003/8/25 3:30,0,0
2003/8/25 4:00,0,0
2003/8/25 4:30,0,0
2003/8/25 5:00,5.483739837,24.67682927
2003/8/25 5:30,13.51626016,60.82317073
2003/8/25 6:00,38.18544445,171.8345
2003/8/25 6:30,65.81455555,296.1655
2003/8/25 7:00,94.15870325,423.7141646
2003/8/25 7:30,132.8412968,597.7858354
2003/8/25 8:00,197.2786514,887.7539311
2003/8/25 8:30,233.7213486,1051.746069
2003/8/25 9:00,221.0674174,994.8033782
2003/8/25 9:30,234.9325826,1057.196622
2003/8/25 10:00,266.5147563,1199.316403
2003/8/25 10:30,283.4852437,1275.683597
2003/8/25 11:00,293.4875465,1320.693959
2003/8/25 11:30,290.5124535,1307.306041
2003/8/25 12:00,261.251514,1175.631813
2003/8/25 12:30,266.748486,1200.368187
2003/8/25 13:00,319.7166274,1438.724823
2003/8/25 13:30,315.2833726,1418.775177
2003/8/25 14:00,263.6957772,1186.630998
2003/8/25 14:30,235.3042228,1058.869002
2003/8/25 15:00,218.6034082,983.7153369
2003/8/25 15:30,183.3965918,825.2846631
2003/8/25 16:00,144.9181163,652.1315236
2003/8/25 16:30,100.0818837,450.3684764
2003/8/25 17:00,57.14992578,257.174666
2003/8/25 17:30,26.85007422,120.825334
2003/8/25 18:00,1.488372093,6.697674419
2003/8/25 18:30,0.511627907,2.302325581
2003/8/25 19:00,0,0
2003/8/25 19:30,0,0
2003/8/25 20:00,0,0
2003/8/25 20:30,0,0
2003/8/25 21:00,0,0
2003/8/25 21:30,0,0
2003/8/25 22:00,0,0
2003/8/25 22:30,0,0
2003/8/25 23:00,0,0
2003/8/25 23:30,0,0
2003/8/26 0:00,0,0
2003/8/26 0:30,0,0
2003/8/26 1:00,0,0
2003/8/26 1:30,0,0
2003/8/26 2:00,0,0
2003/8/26 2:30,0,0
2003/8/26 3:00,0,0
2003/8/26 3:30,0,0
2003/8/26 4:00,0,0
2003/8/26 4:30,0,0
2003/8/26 5:00,2.980769231,13.41346154
2003/8/26 5:30,7.019230769,31.58653846
2003/8/26 6:00,15.56061008,70.02274536
2003/8/26 6:30,26.43938992,118.9772546
2003/8/26 7:00,42.07902203,189.3555991
2003/8/26 7:30,60.92097797,274.1444009
2003/8/26 8:00,83.50161701,375.7572765
2003/8/26 8:30,112.498383,506.2427235
2003/8/26 9:00,150.9530878,679.2888951
2003/8/26 9:30,198.0469122,891.2111049
2003/8/26 10:00,274.4165875,1234.874644
2003/8/26 10:30,318.5834125,1433.625356
2003/8/26 11:00,325.1284945,1463.078225
2003/8/26 11:30,315.8715055,1421.421775
2003/8/26 12:00,279.2412511,1256.58563
2003/8/26 12:30,248.7587489,1119.41437
2003/8/26 13:00,210.6873253,948.0929639
2003/8/26 13:30,192.3126747,865.4070361
2003/8/26 14:00,198.2038669,891.9174013
2003/8/26 14:30,167.7961331,755.0825987
2003/8/26 15:00,119.4999457,537.7497558
2003/8/26 15:30,84.50005426,380.2502442
2003/8/26 16:00,52.76617268,237.4477771
2003/8/26 16:30,34.23382732,154.0522229
2003/8/26 17:00,22.23860294,100.0737132
2003/8/26 17:30,10.76139706,48.42628676
2003/8/26 18:00,0.742647059,3.341911765
2003/8/26 18:30,0.257352941,1.158088235
2003/8/26 19:00,0,0
2003/8/26 19:30,0,0
2003/8/26 20:00,0,0
2003/8/26 20:30,0,0
2003/8/26 21:00,0,0
2003/8/26 21:30,0,0
2003/8/26 22:00,0,0
2003/8/26 22:30,0,0
2003/8/26 23:00,0,0
2003/8/26 23:30,0,0
2003/8/27 0:00,0,0
2003/8/27 0:30,0,0
2003/8/27 1:00,0,0
2003/8/27 1:30,0,0
2003/8/27 2:00,0,0
2003/8/27 2:30,0,0
2003/8/27 3:00,0,0
2003/8/27 3:30,0,0
2003/8/27 4:00,0,0
2003/8/27 4:30,0,0
2003/8/27 5:00,0.545454546,2.454545455
2003/8/27 5:30,1.454545454,6.545454545
2003/8/27 6:00,6.67405765,30.03325942
2003/8/27 6:30,13.32594235,59.96674058
2003/8/27 7:00,26.34666428,118.5599892
2003/8/27 7:30,35.65333572,160.4400108
2003/8/27 8:00,33.61187231,151.2534254
2003/8/27 8:30,40.38812769,181.7465746
2003/8/27 9:00,53.25666782,239.6550052
2003/8/27 9:30,77.74333218,349.8449948
2003/8/27 10:00,157.4865917,708.6896626
2003/8/27 10:30,205.5134083,924.8103374
2003/8/27 11:00,187.207219,842.4324857
2003/8/27 11:30,221.792781,998.0675143
2003/8/27 12:00,342.9603656,1543.321645
2003/8/27 12:30,382.0396344,1719.178355
2003/8/27 13:00,337.8850796,1520.482858
2003/8/27 13:30,301.1149204,1355.017142
2003/8/27 14:00,247.1721812,1112.274816
2003/8/27 14:30,208.8278188,939.7251844
2003/8/27 15:00,176.9538462,796.2923077
2003/8/27 15:30,147.0461538,661.7076923
2003/8/27 16:00,127.4704225,573.6169014
2003/8/27 16:30,88.52957746,398.3830986
2003/8/27 17:00,46.68320065,210.0744029
2003/8/27 17:30,21.31679935,95.92559706
2003/8/27 18:00,0.746376812,3.358695652
2003/8/27 18:30,0.253623188,1.141304348
2003/8/27 19:00,0,0
2003/8/27 19:30,0,0
2003/8/27 20:00,0,0
2003/8/27 20:30,0,0
2003/8/27 21:00,0,0
2003/8/27 21:30,0,0
2003/8/27 22:00,0,0
2003/8/27 22:30,0,0
2003/8/27 23:00,0,0
2003/8/27 23:30,0,0
2003/8/28 0:00,0,0
2003/8/28 0:30,0,0
2003/8/28 1:00,0,0
2003/8/28 1:30,0,0
2003/8/28 2:00,0,0
2003/8/28 2:30,0,0
2003/8/28 3:00,0,0
2003/8/28 3:30,0,0
2003/8/28 4:00,0,0
2003/8/28 4:30,0,0
2003/8/28 5:00,5.585648148,25.13541667
2003/8/28 5:30,13.41435185,60.36458333
2003/8/28 6:00,36.16561448,162.7452652
2003/8/28 6:30,52.83438552,237.7547348
2003/8/28 7:00,48.66617565,218.9977904
2003/8/28 7:30,60.33382435,271.5022096
2003/8/28 8:00,97.62776262,439.3249318
2003/8/28 8:30,117.3722374,528.1750682
2003/8/28 9:00,111.2458508,500.6063285
2003/8/28 9:30,121.7541492,547.8936715
2003/8/28 10:00,150.712321,678.2054446
2003/8/28 10:30,158.287679,712.2945554
2003/8/28 11:00,142.1728985,639.7780433
2003/8/28 11:30,141.8271015,638.2219567
2003/8/28 12:00,157.7430837,709.8438764
2003/8/28 12:30,148.2569163,667.1561236
2003/8/28 13:00,117.1845571,527.3305071
2003/8/28 13:30,103.8154429,467.1694929
2003/8/28 14:00,100.62612,452.8175399
2003/8/28 14:30,87.37388003,393.1824601
2003/8/28 15:00,65.9638456,296.8373052
2003/8/28 15:30,59.0361544,265.6626948
2003/8/28 16:00,67.94763188,305.7643435
2003/8/28 16:30,52.05236812,234.2356565
2003/8/28 17:00,26.61474057,119.7663325
2003/8/28 17:30,12.38525943,55.73366745
2003/8/28 18:00,0.74375,3.346875
2003/8/28 18:30,0.25625,1.153125
2003/8/28 19:00,0,0
2003/8/28 19:30,0,0
2003/8/28 20:00,0,0
2003/8/28 20:30,0,0
2003/8/28 21:00,0,0
2003/8/28 21:30,0,0
2003/8/28 22:00,0,0
2003/8/28 22:30,0,0
2003/8/28 23:00,0,0
2003/8/28 23:30,0,0
2003/8/29 0:00,0,0
2003/8/29 0:30,0,0
2003/8/29 1:00,0,0
2003/8/29 1:30,0,0
2003/8/29 2:00,0,0
2003/8/29 2:30,0,0
2003/8/29 3:00,0,0
2003/8/29 3:30,0,0
2003/8/29 4:00,0,0
2003/8/29 4:30,0,0
2003/8/29 5:00,7.380208333,33.2109375
2003/8/29 5:30,18.61979167,83.7890625
2003/8/29 6:00,60.04474476,270.2013514
2003/8/29 6:30,105.9552552,476.7986486
2003/8/29 7:00,156.5317673,704.392953
2003/8/29 7:30,210.4682327,947.107047
2003/8/29 8:00,257.9604002,1160.821801
2003/8/29 8:30,305.0395998,1372.678199
2003/8/29 9:00,344.5933164,1550.669924
2003/8/29 9:30,377.4066836,1698.330076
2003/8/29 10:00,397.7736126,1789.981257
2003/8/29 10:30,413.2263874,1859.518743
2003/8/29 11:00,423.0200086,1903.590039
2003/8/29 11:30,417.9799914,1880.909961
2003/8/29 12:00,395.774333,1780.984499
2003/8/29 12:30,377.225667,1697.515501
2003/8/29 13:00,358.4794953,1613.157729
2003/8/29 13:30,335.5205047,1509.842271
2003/8/29 14:00,311.9180658,1403.631296
2003/8/29 14:30,281.0819342,1264.868704
2003/8/29 15:00,255.5567682,1150.005457
2003/8/29 15:30,201.4432318,906.4945431
2003/8/29 16:00,135.793478,611.0706512
2003/8/29 16:30,87.20652196,392.4293488
2003/8/29 17:00,47.4273728,213.4231776
2003/8/29 17:30,21.5726272,97.07682241
2003/8/29 18:00,0.746428571,3.358928571
2003/8/29 18:30,0.253571429,1.141071429
2003/8/29 19:00,0,0
2003/8/29 19:30,0,0
2003/8/29 20:00,0,0
2003/8/29 20:30,0,0
2003/8/29 21:00,0,0
2003/8/29 21:30,0,0
2003/8/29 22:00,0,0
2003/8/29 22:30,0,0
2003/8/29 23:00,0,0
2003/8/29 23:30,0,0
2003/8/30 0:00,0,0
2003/8/30 0:30,0,0
2003/8/30 1:00,0,0
2003/8/30 1:30,0,0
2003/8/30 2:00,0,0
2003/8/30 2:30,0,0
2003/8/30 3:00,0,0
2003/8/30 3:30,0,0
2003/8/30 4:00,0,0
2003/8/30 4:30,0,0
2003/8/30 5:00,6.894409938,31.02484472
2003/8/30 5:30,17.10559006,76.97515528
2003/8/30 6:00,52.2818986,235.2685437
2003/8/30 6:30,84.7181014,381.2314563
2003/8/30 7:00,101.2961179,455.8325307
2003/8/30 7:30,124.7038821,561.1674693
2003/8/30 8:00,151.6017621,682.2079294
2003/8/30 8:30,166.3982379,748.7920706
2003/8/30 9:00,167.2561245,752.65256
2003/8/30 9:30,161.7438755,727.84744
2003/8/30 10:00,139.2111464,626.4501586
2003/8/30 10:30,138.7888536,624.5498414
2003/8/30 11:00,155.4348967,699.4570351
2003/8/30 11:30,169.5651033,763.0429649
2003/8/30 12:00,210.0512778,945.2307501
2003/8/30 12:30,183.9487222,827.7692499
2003/8/30 13:00,99.83153928,449.2419267
2003/8/30 13:30,85.16846072,383.2580733
2003/8/30 14:00,100.0164488,450.0740194
2003/8/30 14:30,101.9835512,458.9259806
2003/8/30 15:00,106.1802787,477.8112543
2003/8/30 15:30,93.81972127,422.1887457
2003/8/30 16:00,71.7255365,322.7649143
2003/8/30 16:30,50.2744635,226.2350857
2003/8/30 17:00,30.71856287,138.2335329
2003/8/30 17:30,14.28143713,64.26646707
2003/8/30 18:00,0,0
2003/8/30 18:30,0,0
2003/8/30 19:00,0,0
2003/8/30 19:30,0,0
2003/8/30 20:00,0,0
2003/8/30 20:30,0,0
2003/8/30 21:00,0,0
2003/8/30 21:30,0,0
2003/8/30 22:00,0,0
2003/8/30 22:30,0,0
2003/8/30 23:00,0,0
2003/8/30 23:30,0,0
2003/8/31 0:00,0,0
2003/8/31 0:30,0,0
2003/8/31 1:00,0,0
2003/8/31 1:30,0,0
2003/8/31 2:00,0,0
2003/8/31 2:30,0,0
2003/8/31 3:00,0,0
2003/8/31 3:30,0,0
2003/8/31 4:00,0,0
2003/8/31 4:30,0,0
2003/8/31 5:00,2.1328125,9.59765625
2003/8/31 5:30,4.8671875,21.90234375
2003/8/31 6:00,9.105282738,40.97377232
2003/8/31 6:30,15.89471726,71.52622768
2003/8/31 7:00,31.96911197,143.8610039
2003/8/31 7:30,48.03088803,216.1389961
2003/8/31 8:00,61.73545946,277.8095676
2003/8/31 8:30,80.26454054,361.1904324
2003/8/31 9:00,98.3076649,442.384492
2003/8/31 9:30,134.6923351,606.115508
2003/8/31 10:00,251.8668747,1133.400936
2003/8/31 10:30,269.1331253,1211.099064
2003/8/31 11:00,160.9152076,724.118434
2003/8/31 11:30,152.0847924,684.381566
2003/8/31 12:00,192.2312993,865.0408468
2003/8/31 12:30,219.7687007,988.9591532
2003/8/31 13:00,269.3006646,1211.852991
2003/8/31 13:30,266.6993354,1200.147009
2003/8/31 14:00,228.4014264,1027.806419
2003/8/31 14:30,167.5985736,754.1935813
2003/8/31 15:00,84.50423726,380.2690677
2003/8/31 15:30,60.49576274,272.2309323
2003/8/31 16:00,57.59795868,259.190814
2003/8/31 16:30,39.40204132,177.309186
2003/8/31 17:00,19.432,87.444
2003/8/31 17:30,8.568,38.556
2003/8/31 18:00,0,0
2003/8/31 18:30,0,0
2003/8/31 19:00,0,0
2003/8/31 19:30,0,0
2003/8/31 20:00,0,0
2003/8/31 20:30,0,0
2003/8/31 21:00,0,0
2003/8/31 21:30,0,0
2003/8/31 22:00,0,0
2003/8/31 22:30,0,0
2003/8/31 23:00,0,0
2003/8/31 23:30,0,0
2003/9/1 0:00,0,0
2003/9/1 0:30,0,0
2003/9/1 1:00,0,0
2003/9/1 1:30,0,0
2003/9/1 2:00,0,0
2003/9/1 2:30,0,0
2003/9/1 3:00,0,0
2003/9/1 3:30,0,0
2003/9/1 4:00,0,0
2003/9/1 4:30,0,0
2003/9/1 5:00,2.31372549,10.41176471
2003/9/1 5:30,5.68627451,25.58823529
2003/9/1 6:00,16.1049253,72.47216387
2003/9/1 6:30,26.8950747,121.0278361
2003/9/1 7:00,34.13995726,153.6298077
2003/9/1 7:30,48.86004274,219.8701923
2003/9/1 8:00,80.86172737,363.8777732
2003/9/1 8:30,109.1382726,491.1222268
2003/9/1 9:00,133.8129979,602.1584906
2003/9/1 9:30,153.1870021,689.3415094
2003/9/1 10:00,160.8337858,723.7520362
2003/9/1 10:30,167.1662142,752.2479638
2003/9/1 11:00,167.8864577,755.4890597
2003/9/1 11:30,167.1135423,752.0109403
2003/9/1 12:00,161.6097925,727.2440664
2003/9/1 12:30,160.3902075,721.7559336
2003/9/1 13:00,169.3513418,762.0810381
2003/9/1 13:30,155.6486582,700.4189619
2003/9/1 14:00,125.9834121,566.9253546
2003/9/1 14:30,103.0165879,463.5746454
2003/9/1 15:00,79.52336428,357.8551393
2003/9/1 15:30,64.47663572,290.1448607
2003/9/1 16:00,56.86369758,255.8866391
2003/9/1 16:30,41.13630242,185.1133609
2003/9/1 17:00,25.21481481,113.4666667
2003/9/1 17:30,11.78518519,53.03333333
2003/9/1 18:00,0,0
2003/9/1 18:30,0,0
2003/9/1 19:00,0,0
2003/9/1 19:30,0,0
2003/9/1 20:00,0,0
2003/9/1 20:30,0,0
2003/9/1 21:00,0,0
2003/9/1 21:30,0,0
2003/9/1 22:00,0,0
2003/9/1 22:30,0,0
2003/9/1 23:00,0,0
2003/9/1 23:30,0,0
2003/9/2 0:00,0,0
2003/9/2 0:30,0,0
2003/9/2 1:00,0,0
2003/9/2 1:30,0,0
2003/9/2 2:00,0,0
2003/9/2 2:30,0,0
2003/9/2 3:00,0,0
2003/9/2 3:30,0,0
2003/9/2 4:00,0,0
2003/9/2 4:30,0,0
2003/9/2 5:00,5.086956522,22.89130435
2003/9/2 5:30,12.91304348,58.10869565
2003/9/2 6:00,42.50492892,191.2721801
2003/9/2 6:30,77.49507108,348.7278199
2003/9/2 7:00,125.5276941,564.8746233
2003/9/2 7:30,173.4723059,780.6253767
2003/9/2 8:00,215.0540246,967.7431105
2003/9/2 8:30,246.9459754,1111.256889
2003/9/2 9:00,247.6717211,1114.522745
2003/9/2 9:30,275.3282789,1238.977255
2003/9/2 10:00,352.1954051,1584.879323
2003/9/2 10:30,354.8045949,1596.620677
2003/9/2 11:00,284.8707808,1281.918514
2003/9/2 11:30,254.1292192,1143.581486
2003/9/2 12:00,233.4601515,1050.570682
2003/9/2 12:30,213.5398485,960.9293184
2003/9/2 13:00,198.4908187,893.2086841
2003/9/2 13:30,178.5091813,803.2913159
2003/9/2 14:00,156.3474197,703.5633885
2003/9/2 14:30,135.6525803,610.4366115
2003/9/2 15:00,116.2624001,523.1808007
2003/9/2 15:30,96.73759985,435.3191993
2003/9/2 16:00,82.61242109,371.7558949
2003/9/2 16:30,56.38757891,253.7441051
2003/9/2 17:00,28.41527778,127.86875
2003/9/2 17:30,12.58472222,56.63125
2003/9/2 18:00,0,0
2003/9/2 18:30,0,0
2003/9/2 19:00,0,0
2003/9/2 19:30,0,0
2003/9/2 20:00,0,0
2003/9/2 20:30,0,0
2003/9/2 21:00,0,0
2003/9/2 21:30,0,0
2003/9/2 22:00,0,0
2003/9/2 22:30,0,0
2003/9/2 23:00,0,0
2003/9/2 23:30,0,0
2003/9/3 0:00,0,0
2003/9/3 0:30,0,0
2003/9/3 1:00,0,0
2003/9/3 1:30,0,0
2003/9/3 2:00,0,0
2003/9/3 2:30,0,0
2003/9/3 3:00,0,0
2003/9/3 3:30,0,0
2003/9/3 4:00,0,0
2003/9/3 4:30,0,0
2003/9/3 5:00,4.222689076,19.00210084
2003/9/3 5:30,10.77731092,48.49789916
2003/9/3 6:00,37.04742587,166.7134164
2003/9/3 6:30,66.95257413,301.2865836
2003/9/3 7:00,102.1283466,459.5775597
2003/9/3 7:30,141.8716534,638.4224403
2003/9/3 8:00,182.5723414,821.5755362
2003/9/3 8:30,223.4276586,1005.424464
2003/9/3 9:00,257.025257,1156.613656
2003/9/3 9:30,295.974743,1331.886344
2003/9/3 10:00,343.7184191,1546.732886
2003/9/3 10:30,372.2815809,1675.267114
2003/9/3 11:00,381.3333825,1716.000221
2003/9/3 11:30,380.6666175,1712.999779
2003/9/3 12:00,367.8996909,1655.548609
2003/9/3 12:30,343.1003091,1543.951391
2003/9/3 13:00,302.3216783,1360.447552
2003/9/3 13:30,273.6783217,1231.552448
2003/9/3 14:00,258.449885,1163.024482
2003/9/3 14:30,218.550115,983.4755177
2003/9/3 15:00,168.4361784,757.9628027
2003/9/3 15:30,123.5638216,556.0371973
2003/9/3 16:00,83.05964491,373.7684021
2003/9/3 16:30,49.94035509,224.7315979
2003/9/3 17:00,21.78506098,98.03277439
2003/9/3 17:30,9.214939024,41.46722561
2003/9/3 18:00,0,0
2003/9/3 18:30,0,0
2003/9/3 19:00,0,0
2003/9/3 19:30,0,0
2003/9/3 20:00,0,0
2003/9/3 20:30,0,0
2003/9/3 21:00,0,0
2003/9/3 21:30,0,0
2003/9/3 22:00,0,0
2003/9/3 22:30,0,0
2003/9/3 23:00,0,0
2003/9/3 23:30,0,0
2003/9/4 0:00,0,0
2003/9/4 0:30,0,0
2003/9/4 1:00,0,0
2003/9/4 1:30,0,0
2003/9/4 2:00,0,0
2003/9/4 2:30,0,0
2003/9/4 3:00,0,0
2003/9/4 3:30,0,0
2003/9/4 4:00,0,0
2003/9/4 4:30,0,0
2003/9/4 5:00,2.576612903,11.59475806
2003/9/4 5:30,6.423387097,28.90524194
2003/9/4 6:00,19.4294477,87.43251466
2003/9/4 6:30,33.5705523,151.0674853
2003/9/4 7:00,48.82790166,219.7255575
2003/9/4 7:30,63.17209834,284.2744425
2003/9/4 8:00,66.02764488,297.124402
2003/9/4 8:30,86.97235512,391.375598
2003/9/4 9:00,147.9398634,665.7293855
2003/9/4 9:30,203.0601366,913.7706145
2003/9/4 10:00,272.9334432,1228.200494
2003/9/4 10:30,294.0665568,1323.299506
2003/9/4 11:00,240.3899623,1081.75483
2003/9/4 11:30,236.6100377,1064.74517
2003/9/4 12:00,256.9770237,1156.396607
2003/9/4 12:30,275.0229763,1237.603393
2003/9/4 13:00,311.705073,1402.672828
2003/9/4 13:30,314.294927,1414.327172
2003/9/4 14:00,302.6942438,1362.124097
2003/9/4 14:30,247.3057562,1112.875903
2003/9/4 15:00,157.7475873,709.8641428
2003/9/4 15:30,114.2524127,514.1358572
2003/9/4 16:00,88.29856459,397.3435407
2003/9/4 16:30,57.70143541,259.6564593
2003/9/4 17:00,30.45263158,137.0368421
2003/9/4 17:30,13.54736842,60.96315789
2003/9/4 18:00,0,0
2003/9/4 18:30,0,0
2003/9/4 19:00,0,0
2003/9/4 19:30,0,0
2003/9/4 20:00,0,0
2003/9/4 20:30,0,0
2003/9/4 21:00,0,0
2003/9/4 21:30,0,0
2003/9/4 22:00,0,0
2003/9/4 22:30,0,0
2003/9/4 23:00,0,0
2003/9/4 23:30,0,0
2003/9/5 0:00,0,0
2003/9/5 0:30,0,0
2003/9/5 1:00,0,0
2003/9/5 1:30,0,0
2003/9/5 2:00,0,0
2003/9/5 2:30,0,0
2003/9/5 3:00,0,0
2003/9/5 3:30,0,0
2003/9/5 4:00,0,0
2003/9/5 4:30,0,0
2003/9/5 5:00,2.735849057,12.31132075
2003/9/5 5:30,7.264150943,32.68867925
2003/9/5 6:00,33.16235454,149.2305954
2003/9/5 6:30,62.83764546,282.7694046
2003/9/5 7:00,99.81655051,449.1744773
2003/9/5 7:30,138.1834495,621.8255227
2003/9/5 8:00,167.0126178,751.5567799
2003/9/5 8:30,204.9873822,922.4432201
2003/9/5 9:00,252.239104,1135.075968
2003/9/5 9:30,292.760896,1317.424032
2003/9/5 10:00,322.6828484,1452.072818
2003/9/5 10:30,355.3171516,1598.927182
2003/9/5 11:00,391.4270774,1761.421848
2003/9/5 11:30,410.5729226,1847.578152
2003/9/5 12:00,413.0563319,1858.753493
2003/9/5 12:30,407.9436681,1835.746507
2003/9/5 13:00,395.082665,1777.871992
2003/9/5 13:30,367.917335,1655.628008
2003/9/5 14:00,331.8452222,1493.3035
2003/9/5 14:30,285.1547778,1283.1965
2003/9/5 15:00,232.0785705,1044.353567
2003/9/5 15:30,181.9214295,818.6464326
2003/9/5 16:00,139.6325101,628.3462954
2003/9/5 16:30,89.3674899,402.1537046
2003/9/5 17:00,41.22829861,185.5273438
2003/9/5 17:30,17.77170139,79.97265625
2003/9/5 18:00,0,0
2003/9/5 18:30,0,0
2003/9/5 19:00,0,0
2003/9/5 19:30,0,0
2003/9/5 20:00,0,0
2003/9/5 20:30,0,0
2003/9/5 21:00,0,0
2003/9/5 21:30,0,0
2003/9/5 22:00,0,0
2003/9/5 22:30,0,0
2003/9/5 23:00,0,0
2003/9/5 23:30,0,0
2003/9/6 0:00,0,0
2003/9/6 0:30,0,0
2003/9/6 1:00,0,0
2003/9/6 1:30,0,0
2003/9/6 2:00,0,0
2003/9/6 2:30,0,0
2003/9/6 3:00,0,0
2003/9/6 3:30,0,0
2003/9/6 4:00,0,0
2003/9/6 4:30,0,0
2003/9/6 5:00,5.324840764,23.96178344
2003/9/6 5:30,13.67515924,61.53821656
2003/9/6 6:00,48.82654516,219.7194532
2003/9/6 6:30,89.17345484,401.2805468
2003/9/6 7:00,140.5421428,632.4396424
2003/9/6 7:30,190.4578572,857.0603576
2003/9/6 8:00,226.1783607,1017.802623
2003/9/6 8:30,261.8216393,1178.197377
2003/9/6 9:00,280.6190983,1262.785943
2003/9/6 9:30,316.3809017,1423.714057
2003/9/6 10:00,380.3916973,1711.762638
2003/9/6 10:30,409.6083027,1843.237362
2003/9/6 11:00,407.9240878,1835.658395
2003/9/6 11:30,396.0759122,1782.341605
2003/9/6 12:00,363.6725216,1636.526347
2003/9/6 12:30,338.3274784,1522.473653
2003/9/6 13:00,314.8702915,1416.916312
2003/9/6 13:30,287.1297085,1292.083688
2003/9/6 14:00,257.8292806,1160.231763
2003/9/6 14:30,227.1707194,1022.268237
2003/9/6 15:00,206.9384904,931.2232069
2003/9/6 15:30,155.0615096,697.7767931
2003/9/6 16:00,90.69921909,408.1464859
2003/9/6 16:30,54.30078091,244.3535141
2003/9/6 17:00,27.18342391,122.3254076
2003/9/6 17:30,11.81657609,53.17459239
2003/9/6 18:00,0,0
2003/9/6 18:30,0,0
2003/9/6 19:00,0,0
2003/9/6 19:30,0,0
2003/9/6 20:00,0,0
2003/9/6 20:30,0,0
2003/9/6 21:00,0,0
2003/9/6 21:30,0,0
2003/9/6 22:00,0,0
2003/9/6 22:30,0,0
2003/9/6 23:00,0,0
2003/9/6 23:30,0,0
2003/9/7 0:00,0,0
2003/9/7 0:30,0,0
2003/9/7 1:00,0,0
2003/9/7 1:30,0,0
2003/9/7 2:00,0,0
2003/9/7 2:30,0,0
2003/9/7 3:00,0,0
2003/9/7 3:30,0,0
2003/9/7 4:00,0,0
2003/9/7 4:30,0,0
2003/9/7 5:00,1.695652174,7.630434782
2003/9/7 5:30,4.304347826,19.36956522
2003/9/7 6:00,14.33465086,64.50592885
2003/9/7 6:30,25.66534914,115.4940711
2003/9/7 7:00,41.34604106,186.0571848
2003/9/7 7:30,50.65395894,227.9428152
2003/9/7 8:00,44.13998244,198.629921
2003/9/7 8:30,49.86001756,224.370079
2003/9/7 9:00,70.04695472,315.2112962
2003/9/7 9:30,80.95304528,364.2887038
2003/9/7 10:00,78.63890769,353.8750846
2003/9/7 10:30,90.36109231,406.6249154
2003/9/7 11:00,124.0264085,558.1188383
2003/9/7 11:30,140.9735915,634.3811617
2003/9/7 12:00,146.422423,658.9009033
2003/9/7 12:30,137.577577,619.0990967
2003/9/7 13:00,106.4293578,478.9321103
2003/9/7 13:30,99.57064216,448.0678897
2003/9/7 14:00,113.5530016,510.9885074
2003/9/7 14:30,103.4469984,465.5114926
2003/9/7 15:00,80.62748968,362.8237035
2003/9/7 15:30,60.37251032,271.6762965
2003/9/7 16:00,41.18357488,185.326087
2003/9/7 16:30,24.81642512,111.673913
2003/9/7 17:00,10.55555556,47.5
2003/9/7 17:30,4.444444444,20
2003/9/7 18:00,0,0
2003/9/7 18:30,0,0
2003/9/7 19:00,0,0
2003/9/7 19:30,0,0
2003/9/7 20:00,0,0
2003/9/7 20:30,0,0
2003/9/7 21:00,0,0
2003/9/7 21:30,0,0
2003/9/7 22:00,0,0
2003/9/7 22:30,0,0
2003/9/7 23:00,0,0
2003/9/7 23:30,0,0
2003/9/8 0:00,0,0
2003/9/8 0:30,0,0
2003/9/8 1:00,0,0
2003/9/8 1:30,0,0
2003/9/8 2:00,0,0
2003/9/8 2:30,0,0
2003/9/8 3:00,0,0
2003/9/8 3:30,0,0
2003/9/8 4:00,0,0
2003/9/8 4:30,0,0
2003/9/8 5:00,2.202531646,9.911392405
2003/9/8 5:30,5.797468354,26.08860759
2003/9/8 6:00,25.17358443,113.2811299
2003/9/8 6:30,45.82641557,206.2188701
2003/9/8 7:00,65.4182284,294.3820278
2003/9/8 7:30,87.5817716,394.1179722
2003/9/8 8:00,108.879985,489.9599326
2003/9/8 8:30,127.120015,572.0400674
2003/9/8 9:00,141.4849707,636.6823681
2003/9/8 9:30,144.5150293,650.3176319
2003/9/8 10:00,131.8580822,593.36137
2003/9/8 10:30,125.1419178,563.13863
2003/9/8 11:00,116.0563881,522.2537464
2003/9/8 11:30,115.9436119,521.7462536
2003/9/8 12:00,125.4565325,564.5543964
2003/9/8 12:30,130.5434675,587.4456036
2003/9/8 13:00,132.8044646,597.6200908
2003/9/8 13:30,139.1955354,626.3799092
2003/9/8 14:00,155.4403204,699.4814417
2003/9/8 14:30,153.5596796,691.0185583
2003/9/8 15:00,141.3829367,636.223215
2003/9/8 15:30,117.6170633,529.276785
2003/9/8 16:00,89.78017756,404.010799
2003/9/8 16:30,56.21982244,252.989201
2003/9/8 17:00,22.56179775,101.5280899
2003/9/8 17:30,9.438202247,42.47191011
2003/9/8 18:00,0,0
2003/9/8 18:30,0,0
2003/9/8 19:00,0,0
2003/9/8 19:30,0,0
2003/9/8 20:00,0,0
2003/9/8 20:30,0,0
2003/9/8 21:00,0,0
2003/9/8 21:30,0,0
2003/9/8 22:00,0,0
2003/9/8 22:30,0,0
2003/9/8 23:00,0,0
2003/9/8 23:30,0,0
2003/9/9 0:00,0,0
2003/9/9 0:30,0,0
2003/9/9 1:00,0,0
2003/9/9 1:30,0,0
2003/9/9 2:00,0,0
2003/9/9 2:30,0,0
2003/9/9 3:00,0,0
2003/9/9 3:30,0,0
2003/9/9 4:00,0,0
2003/9/9 4:30,0,0
2003/9/9 5:00,4.976470588,22.39411765
2003/9/9 5:30,13.02352941,58.60588235
2003/9/9 6:00,53.83539035,242.2592566
2003/9/9 6:30,98.16460965,441.7407434
2003/9/9 7:00,144.1581509,648.7116792
2003/9/9 7:30,192.8418491,867.7883208
2003/9/9 8:00,233.2014483,1049.406517
2003/9/9 8:30,271.7985517,1223.093483
2003/9/9 9:00,295.8330041,1331.248518
2003/9/9 9:30,329.1669959,1481.251482
2003/9/9 10:00,373.1065438,1678.979447
2003/9/9 10:30,401.8934562,1808.520553
2003/9/9 11:00,418.9381424,1885.221641
2003/9/9 11:30,423.0618576,1903.778359
2003/9/9 12:00,411.8642093,1853.388942
2003/9/9 12:30,394.1357907,1773.611058
2003/9/9 13:00,370.1941542,1665.873694
2003/9/9 13:30,335.8058458,1511.126306
2003/9/9 14:00,293.0738638,1318.832387
2003/9/9 14:30,251.9261362,1133.667613
2003/9/9 15:00,219.2224334,986.5009504
2003/9/9 15:30,164.7775666,741.4990496
2003/9/9 16:00,103.8900276,467.5051242
2003/9/9 16:30,63.10997239,283.9948758
2003/9/9 17:00,30.70616114,138.1777251
2003/9/9 17:30,13.29383886,59.82227488
2003/9/9 18:00,0,0
2003/9/9 18:30,0,0
2003/9/9 19:00,0,0
2003/9/9 19:30,0,0
2003/9/9 20:00,0,0
2003/9/9 20:30,0,0
2003/9/9 21:00,0,0
2003/9/9 21:30,0,0
2003/9/9 22:00,0,0
2003/9/9 22:30,0,0
2003/9/9 23:00,0,0
2003/9/9 23:30,0,0
2003/9/10 0:00,0,0
2003/9/10 0:30,0,0
2003/9/10 1:00,0,0
2003/9/10 1:30,0,0
2003/9/10 2:00,0,0
2003/9/10 2:30,0,0
2003/9/10 3:00,0,0
2003/9/10 3:30,0,0
2003/9/10 4:00,0,0
2003/9/10 4:30,0,0
2003/9/10 5:00,4.146126761,18.65757042
2003/9/10 5:30,10.85387324,48.84242958
2003/9/10 6:00,45.18449824,203.3302421
2003/9/10 6:30,81.81550176,368.1697579
2003/9/10 7:00,115.3732684,519.179708
2003/9/10 7:30,157.6267316,709.320292
2003/9/10 8:00,213.697759,961.6399155
2003/9/10 8:30,245.302241,1103.860084
2003/9/10 9:00,230.1175262,1035.528868
2003/9/10 9:30,248.8824738,1119.971132
2003/9/10 10:00,304.9971519,1372.487184
2003/9/10 10:30,324.0028481,1458.012816
2003/9/10 11:00,307.4938101,1383.722145
2003/9/10 11:30,303.5061899,1365.777855
2003/9/10 12:00,303.2440443,1364.598199
2003/9/10 12:30,293.7559557,1321.901801
2003/9/10 13:00,292.3228306,1315.452738
2003/9/10 13:30,245.6771694,1105.547262
2003/9/10 14:00,157.8692582,710.4116618
2003/9/10 14:30,135.1307418,608.0883382
2003/9/10 15:00,154.9492131,697.271459
2003/9/10 15:30,129.0507869,580.728541
2003/9/10 16:00,85.79239185,386.0657633
2003/9/10 16:30,51.20760815,230.4342367
2003/9/10 17:00,19.81212121,89.15454545
2003/9/10 17:30,8.187878788,36.84545455
2003/9/10 18:00,0,0
2003/9/10 18:30,0,0
2003/9/10 19:00,0,0
2003/9/10 19:30,0,0
2003/9/10 20:00,0,0
2003/9/10 20:30,0,0
2003/9/10 21:00,0,0
2003/9/10 21:30,0,0
2003/9/10 22:00,0,0
2003/9/10 22:30,0,0
2003/9/10 23:00,0,0
2003/9/10 23:30,0,0
2003/9/11 0:00,0,0
2003/9/11 0:30,0,0
2003/9/11 1:00,0,0
2003/9/11 1:30,0,0
2003/9/11 2:00,0,0
2003/9/11 2:30,0,0
2003/9/11 3:00,0,0
2003/9/11 3:30,0,0
2003/9/11 4:00,0,0
2003/9/11 4:30,0,0
2003/9/11 5:00,3.85,17.325
2003/9/11 5:30,10.15,45.675
2003/9/11 6:00,44.54775561,200.4649002
2003/9/11 6:30,81.45224439,366.5350998
2003/9/11 7:00,119.0851471,535.8831621
2003/9/11 7:30,155.9148529,701.6168379
2003/9/11 8:00,178.45889,803.0650052
2003/9/11 8:30,204.54111,920.4349948
2003/9/11 9:00,228.3084555,1027.38805
2003/9/11 9:30,247.6915445,1114.61195
2003/9/11 10:00,261.1942997,1175.374349
2003/9/11 10:30,269.8057003,1214.125651
2003/9/11 11:00,263.8073286,1187.132979
2003/9/11 11:30,278.1926714,1251.867021
2003/9/11 12:00,330.5734221,1487.580399
2003/9/11 12:30,326.4265779,1468.919601
2003/9/11 13:00,276.0167172,1242.075227
2003/9/11 13:30,238.9832828,1075.424773
2003/9/11 14:00,194.7958651,876.5813931
2003/9/11 14:30,173.2041349,779.4186069
2003/9/11 15:00,178.1553882,801.6992471
2003/9/11 15:30,142.8446118,642.8007529
2003/9/11 16:00,93.18360938,419.3262422
2003/9/11 16:30,53.81639062,242.1737578
2003/9/11 17:00,18.52312139,83.35404624
2003/9/11 17:30,7.476878613,33.64595376
2003/9/11 18:00,0,0
2003/9/11 18:30,0,0
2003/9/11 19:00,0,0
2003/9/11 19:30,0,0
2003/9/11 20:00,0,0
2003/9/11 20:30,0,0
2003/9/11 21:00,0,0
2003/9/11 21:30,0,0
2003/9/11 22:00,0,0
2003/9/11 22:30,0,0
2003/9/11 23:00,0,0
2003/9/11 23:30,0,0
2003/9/12 0:00,0,0
2003/9/12 0:30,0,0
2003/9/12 1:00,0,0
2003/9/12 1:30,0,0
2003/9/12 2:00,0,0
2003/9/12 2:30,0,0
2003/9/12 3:00,0,0
2003/9/12 3:30,0,0
2003/9/12 4:00,0,0
2003/9/12 4:30,0,0
2003/9/12 5:00,1.91118421,8.600328947
2003/9/12 5:30,5.08881579,22.89967105
2003/9/12 6:00,23.6576417,106.4593877
2003/9/12 6:30,45.3423583,204.0406123
2003/9/12 7:00,74.81153526,336.6519087
2003/9/12 7:30,103.1884647,464.3480913
2003/9/12 8:00,118.0218595,531.0983676
2003/9/12 8:30,146.9781405,661.4016324
2003/9/12 9:00,201.6022387,907.2100741
2003/9/12 9:30,231.3977613,1041.289926
2003/9/12 10:00,218.8805581,984.9625115
2003/9/12 10:30,245.1194419,1103.037488
2003/9/12 11:00,338.4867235,1523.190256
2003/9/12 11:30,345.5132765,1554.809744
2003/9/12 12:00,264.7421537,1191.339692
2003/9/12 12:30,240.2578463,1081.160308
2003/9/12 13:00,238.8904965,1075.007234
2003/9/12 13:30,224.1095035,1008.492766
2003/9/12 14:00,206.6231674,929.8042532
2003/9/12 14:30,184.3768326,829.6957468
2003/9/12 15:00,165.3853221,744.2339494
2003/9/12 15:30,127.6146779,574.2660506
2003/9/12 16:00,84.19699598,378.8864819
2003/9/12 16:30,49.80300402,224.1135181
2003/9/12 17:00,19.79012346,89.05555556
2003/9/12 17:30,8.209876543,36.94444444
2003/9/12 18:00,0,0
2003/9/12 18:30,0,0
2003/9/12 19:00,0,0
2003/9/12 19:30,0,0
2003/9/12 20:00,0,0
2003/9/12 20:30,0,0
2003/9/12 21:00,0,0
2003/9/12 21:30,0,0
2003/9/12 22:00,0,0
2003/9/12 22:30,0,0
2003/9/12 23:00,0,0
2003/9/12 23:30,0,0
2003/9/13 0:00,0,0
2003/9/13 0:30,0,0
2003/9/13 1:00,0,0
2003/9/13 1:30,0,0
2003/9/13 2:00,0,0
2003/9/13 2:30,0,0
2003/9/13 3:00,0,0
2003/9/13 3:30,0,0
2003/9/13 4:00,0,0
2003/9/13 4:30,0,0
2003/9/13 5:00,2.175824176,9.791208791
2003/9/13 5:30,5.824175824,26.20879121
2003/9/13 6:00,28.51296893,128.3083602
2003/9/13 6:30,54.48703107,245.1916398
2003/9/13 7:00,87.90035032,395.5515765
2003/9/13 7:30,119.0996497,535.9484235
2003/9/13 8:00,135.1085806,607.9886128
2003/9/13 8:30,159.8914194,719.5113872
2003/9/13 9:00,193.6473464,871.4130587
2003/9/13 9:30,214.3526536,964.5869413
2003/9/13 10:00,218.076155,981.3426973
2003/9/13 10:30,225.923845,1016.657303
2003/9/13 11:00,225.7130339,1015.708652
2003/9/13 11:30,244.2869661,1099.291348
2003/9/13 12:00,301.5546296,1356.995833
2003/9/13 12:30,308.4453704,1388.004167
2003/9/13 13:00,264.4064438,1189.828997
2003/9/13 13:30,250.5935562,1127.671003
2003/9/13 14:00,257.6060891,1159.227401
2003/9/13 14:30,234.3939109,1054.772599
2003/9/13 15:00,198.9825859,895.4216366
2003/9/13 15:30,153.0174141,688.5783634
2003/9/13 16:00,104.5820814,470.6193663
2003/9/13 16:30,62.4179186,280.8806337
2003/9/13 17:00,24.73391089,111.302599
2003/9/13 17:30,10.26608911,46.19740099
2003/9/13 18:00,0,0
2003/9/13 18:30,0,0
2003/9/13 19:00,0,0
2003/9/13 19:30,0,0
2003/9/13 20:00,0,0
2003/9/13 20:30,0,0
2003/9/13 21:00,0,0
2003/9/13 21:30,0,0
2003/9/13 22:00,0,0
2003/9/13 22:30,0,0
2003/9/13 23:00,0,0
2003/9/13 23:30,0,0
2003/9/14 0:00,0,0
2003/9/14 0:30,0,0
2003/9/14 1:00,0,0
2003/9/14 1:30,0,0
2003/9/14 2:00,0,0
2003/9/14 2:30,0,0
2003/9/14 3:00,0,0
2003/9/14 3:30,0,0
2003/9/14 4:00,0,0
2003/9/14 4:30,0,0
2003/9/14 5:00,4.082840237,18.37278106
2003/9/14 5:30,10.91715976,49.12721894
2003/9/14 6:00,53.77515976,241.9882189
2003/9/14 6:30,100.2248402,451.0117811
2003/9/14 7:00,147.1909192,662.3591365
2003/9/14 7:30,198.8090808,894.6408635
2003/9/14 8:00,244.6896605,1101.103472
2003/9/14 8:30,288.3103395,1297.396528
2003/9/14 9:00,322.0115979,1449.052191
2003/9/14 9:30,348.9884021,1570.447809
2003/9/14 10:00,361.8522841,1628.335278
2003/9/14 10:30,374.1477159,1683.664722
2003/9/14 11:00,383.630383,1726.336724
2003/9/14 11:30,383.369617,1725.163276
2003/9/14 12:00,379.4591127,1707.566007
2003/9/14 12:30,354.5408873,1595.433993
2003/9/14 13:00,310.1690726,1395.760827
2003/9/14 13:30,273.8309274,1232.239173
2003/9/14 14:00,238.5994109,1073.697349
2003/9/14 14:30,206.4005891,928.8026511
2003/9/14 15:00,184.7108064,831.1986287
2003/9/14 15:30,141.2891936,635.8013713
2003/9/14 16:00,92.59993908,416.6997259
2003/9/14 16:30,54.40006092,244.8002741
2003/9/14 17:00,21.22881356,95.52966102
2003/9/14 17:30,8.771186441,39.47033898
2003/9/14 18:00,0,0
2003/9/14 18:30,0,0
2003/9/14 19:00,0,0
2003/9/14 19:30,0,0
2003/9/14 20:00,0,0
2003/9/14 20:30,0,0
2003/9/14 21:00,0,0
2003/9/14 21:30,0,0
2003/9/14 22:00,0,0
2003/9/14 22:30,0,0
2003/9/14 23:00,0,0
2003/9/14 23:30,0,0
2003/9/15 0:00,0,0
2003/9/15 0:30,0,0
2003/9/15 1:00,0,0
2003/9/15 1:30,0,0
2003/9/15 2:00,0,0
2003/9/15 2:30,0,0
2003/9/15 3:00,0,0
2003/9/15 3:30,0,0
2003/9/15 4:00,0,0
2003/9/15 4:30,0,0
2003/9/15 5:00,3.804347826,17.11956522
2003/9/15 5:30,10.19565217,45.88043478
2003/9/15 6:00,50.99319819,229.4693918
2003/9/15 6:30,96.00680181,432.0306082
2003/9/15 7:00,145.4425008,654.4912537
2003/9/15 7:30,196.5574992,884.5087463
2003/9/15 8:00,234.1937335,1053.871801
2003/9/15 8:30,277.8062665,1250.128199
2003/9/15 9:00,324.964283,1462.339273
2003/9/15 9:30,356.035717,1602.160727
2003/9/15 10:00,363.4114683,1635.351607
2003/9/15 10:30,375.5885317,1690.148393
2003/9/15 11:00,386.6945163,1740.125323
2003/9/15 11:30,390.3054837,1756.374677
2003/9/15 12:00,393.9013041,1772.555868
2003/9/15 12:30,373.0986959,1678.944132
2003/9/15 13:00,327.0421762,1471.689793
2003/9/15 13:30,297.9578238,1340.810207
2003/9/15 14:00,284.2191385,1278.986123
2003/9/15 14:30,243.7808615,1097.013877
2003/9/15 15:00,191.2224422,860.5009901
2003/9/15 15:30,144.7775578,651.4990099
2003/9/15 16:00,107.1663035,482.2483656
2003/9/15 16:30,61.83369654,278.2516344
2003/9/15 17:00,17.94458763,80.75064433
2003/9/15 17:30,7.055412371,31.74935567
2003/9/15 18:00,0,0
2003/9/15 18:30,0,0
2003/9/15 19:00,0,0
2003/9/15 19:30,0,0
2003/9/15 20:00,0,0
2003/9/15 20:30,0,0
2003/9/15 21:00,0,0
2003/9/15 21:30,0,0
2003/9/15 22:00,0,0
2003/9/15 22:30,0,0
2003/9/15 23:00,0,0
2003/9/15 23:30,0,0
2003/9/16 0:00,0,0
2003/9/16 0:30,0,0
2003/9/16 1:00,0,0
2003/9/16 1:30,0,0
2003/9/16 2:00,0,0
2003/9/16 2:30,0,0
2003/9/16 3:00,0,0
2003/9/16 3:30,0,0
2003/9/16 4:00,0,0
2003/9/16 4:30,0,0
2003/9/16 5:00,2.713675214,12.21153846
2003/9/16 5:30,7.286324786,32.78846154
2003/9/16 6:00,37.55492598,168.9971669
2003/9/16 6:30,69.44507402,312.5028331
2003/9/16 7:00,96.45779881,434.0600946
2003/9/16 7:30,132.5422012,596.4399054
2003/9/16 8:00,185.4065923,834.3296655
2003/9/16 8:30,210.5934077,947.6703345
2003/9/16 9:00,193.994945,872.9772525
2003/9/16 9:30,192.005055,864.0227475
2003/9/16 10:00,187.4399639,843.4798375
2003/9/16 10:30,192.5600361,866.5201625
2003/9/16 11:00,209.5225006,942.8512525
2003/9/16 11:30,220.4774994,992.1487475
2003/9/16 12:00,238.4546104,1073.045747
2003/9/16 12:30,227.5453896,1023.954253
2003/9/16 13:00,188.73026,849.28617
2003/9/16 13:30,167.26974,752.71383
2003/9/16 14:00,154.6450633,695.9027847
2003/9/16 14:30,132.3549367,595.5972153
2003/9/16 15:00,107.3080383,482.8861722
2003/9/16 15:30,82.69196173,372.1138278
2003/9/16 16:00,61.78645681,278.0390556
2003/9/16 16:30,37.21354319,167.4609444
2003/9/16 17:00,13.48516949,60.68326271
2003/9/16 17:30,5.514830509,24.81673729
2003/9/16 18:00,0,0
2003/9/16 18:30,0,0
2003/9/16 19:00,0,0
2003/9/16 19:30,0,0
2003/9/16 20:00,0,0
2003/9/16 20:30,0,0
2003/9/16 21:00,0,0
2003/9/16 21:30,0,0
2003/9/16 22:00,0,0
2003/9/16 22:30,0,0
2003/9/16 23:00,0,0
2003/9/16 23:30,0,0
2003/9/17 0:00,0,0
2003/9/17 0:30,0,0
2003/9/17 1:00,0,0
2003/9/17 1:30,0,0
2003/9/17 2:00,0,0
2003/9/17 2:30,0,0
2003/9/17 3:00,0,0
2003/9/17 3:30,0,0
2003/9/17 4:00,0,0
2003/9/17 4:30,0,0
2003/9/17 5:00,2.427631579,10.9243421
2003/9/17 5:30,6.572368421,29.5756579
2003/9/17 6:00,35.89448381,161.5251771
2003/9/17 6:30,69.10551619,310.9748229
2003/9/17 7:00,107.3512084,483.080438
2003/9/17 7:30,151.6487916,682.419562
2003/9/17 8:00,201.7822547,908.0201461
2003/9/17 8:30,240.2177453,1080.979854
2003/9/17 9:00,253.7467596,1141.860418
2003/9/17 9:30,272.2532404,1225.139582
2003/9/17 10:00,288.0611299,1296.275084
2003/9/17 10:30,297.9388701,1340.724916
2003/9/17 11:00,306.3590545,1378.615745
2003/9/17 11:30,295.6409455,1330.384255
2003/9/17 12:00,261.5092171,1176.791477
2003/9/17 12:30,246.4907829,1109.208523
2003/9/17 13:00,250.1012009,1125.455404
2003/9/17 13:30,224.8987991,1012.044596
2003/9/17 14:00,179.0695769,805.8130961
2003/9/17 14:30,151.9304231,683.6869039
2003/9/17 15:00,138.4817964,623.1680836
2003/9/17 15:30,106.5182036,479.3319164
2003/9/17 16:00,71.3387632,321.0244344
2003/9/17 16:30,40.6612368,182.9755656
2003/9/17 17:00,12.87692308,57.94615385
2003/9/17 17:30,5.123076923,23.05384615
2003/9/17 18:00,0,0
2003/9/17 18:30,0,0
2003/9/17 19:00,0,0
2003/9/17 19:30,0,0
2003/9/17 20:00,0,0
2003/9/17 20:30,0,0
2003/9/17 21:00,0,0
2003/9/17 21:30,0,0
2003/9/17 22:00,0,0
2003/9/17 22:30,0,0
2003/9/17 23:00,0,0
2003/9/17 23:30,0,0
2003/9/18 0:00,0,0
2003/9/18 0:30,0,0
2003/9/18 1:00,0,0
2003/9/18 1:30,0,0
2003/9/18 2:00,0,0
2003/9/18 2:30,0,0
2003/9/18 3:00,0,0
2003/9/18 3:30,0,0
2003/9/18 4:00,0,0
2003/9/18 4:30,0,0
2003/9/18 5:00,2.408203125,10.83691406
2003/9/18 5:30,6.591796875,29.66308594
2003/9/18 6:00,41.013429,184.5604305
2003/9/18 6:30,77.986571,350.9395695
2003/9/18 7:00,113.8101658,512.1457461
2003/9/18 7:30,153.1898342,689.3542539
2003/9/18 8:00,185.2376114,833.5692511
2003/9/18 8:30,220.7623886,993.4307489
2003/9/18 9:00,258.0657401,1161.29583
2003/9/18 9:30,283.9342599,1277.70417
2003/9/18 10:00,291.2361187,1310.562534
2003/9/18 10:30,304.7638813,1371.437466
2003/9/18 11:00,324.1913711,1458.86117
2003/9/18 11:30,325.8086289,1466.13883
2003/9/18 12:00,319.4844254,1437.679914
2003/9/18 12:30,288.5155746,1298.320086
2003/9/18 13:00,224.6155079,1010.769786
2003/9/18 13:30,206.3844921,928.7302143
2003/9/18 14:00,223.165774,1004.245983
2003/9/18 14:30,208.834226,939.7540168
2003/9/18 15:00,187.1971855,842.3873346
2003/9/18 15:30,142.8028145,642.6126654
2003/9/18 16:00,90.19946809,405.8976064
2003/9/18 16:30,49.80053191,224.1023936
2003/9/18 17:00,14.375,64.6875
2003/9/18 17:30,5.625,25.3125
2003/9/18 18:00,0,0
2003/9/18 18:30,0,0
2003/9/18 19:00,0,0
2003/9/18 19:30,0,0
2003/9/18 20:00,0,0
2003/9/18 20:30,0,0
2003/9/18 21:00,0,0
2003/9/18 21:30,0,0
2003/9/18 22:00,0,0
2003/9/18 22:30,0,0
2003/9/18 23:00,0,0
2003/9/18 23:30,0,0
2003/9/19 0:00,0,0
2003/9/19 0:30,0,0
2003/9/19 1:00,0,0
2003/9/19 1:30,0,0
2003/9/19 2:00,0,0
2003/9/19 2:30,0,0
2003/9/19 3:00,0,0
2003/9/19 3:30,0,0
2003/9/19 4:00,0,0
2003/9/19 4:30,0,0
2003/9/19 5:00,2.683823529,12.07720588
2003/9/19 5:30,7.316176471,32.92279412
2003/9/19 6:00,42.91938748,193.1372437
2003/9/19 6:30,83.08061252,373.8627563
2003/9/19 7:00,131.1793411,590.3070348
2003/9/19 7:30,178.8206589,804.6929652
2003/9/19 8:00,210.1434611,945.645575
2003/9/19 8:30,247.8565389,1115.354425
2003/9/19 9:00,285.2150173,1283.467578
2003/9/19 9:30,317.7849827,1430.032422
2003/9/19 10:00,343.0018023,1543.508111
2003/9/19 10:30,363.9981977,1637.991889
2003/9/19 11:00,379.4246457,1707.410906
2003/9/19 11:30,385.5753543,1735.089094
2003/9/19 12:00,383.1721705,1724.274767
2003/9/19 12:30,370.8278295,1668.725233
2003/9/19 13:00,354.7304643,1596.287089
2003/9/19 13:30,316.2695357,1423.212911
2003/9/19 14:00,264.8148255,1191.666715
2003/9/19 14:30,210.1851745,945.8332852
2003/9/19 15:00,152.289087,685.3008916
2003/9/19 15:30,109.710913,493.6991084
2003/9/19 16:00,78.31153741,352.4019183
2003/9/19 16:30,44.68846259,201.0980817
2003/9/19 17:00,13.61443662,61.26496479
2003/9/19 17:30,5.38556338,24.23503521
2003/9/19 18:00,0,0
2003/9/19 18:30,0,0
2003/9/19 19:00,0,0
2003/9/19 19:30,0,0
2003/9/19 20:00,0,0
2003/9/19 20:30,0,0
2003/9/19 21:00,0,0
2003/9/19 21:30,0,0
2003/9/19 22:00,0,0
2003/9/19 22:30,0,0
2003/9/19 23:00,0,0
2003/9/19 23:30,0,0
2003/9/20 0:00,0,0
2003/9/20 0:30,0,0
2003/9/20 1:00,0,0
2003/9/20 1:30,0,0
2003/9/20 2:00,0,0
2003/9/20 2:30,0,0
2003/9/20 3:00,0,0
2003/9/20 3:30,0,0
2003/9/20 4:00,0,0
2003/9/20 4:30,0,0
2003/9/20 5:00,0.552631579,2.486842105
2003/9/20 5:30,1.447368421,6.513157895
2003/9/20 6:00,5.714974055,25.71738325
2003/9/20 6:30,11.28502595,50.78261675
2003/9/20 7:00,22.65922363,101.9665064
2003/9/20 7:30,31.34077637,141.0334936
2003/9/20 8:00,32.35639858,145.6037936
2003/9/20 8:30,36.64360142,164.8962064
2003/9/20 9:00,42.7878104,192.5451468
2003/9/20 9:30,46.2121896,207.9548532
2003/9/20 10:00,46.61679244,209.775566
2003/9/20 10:30,47.38320756,213.224434
2003/9/20 11:00,50.40591931,226.8266369
2003/9/20 11:30,44.59408069,200.6733631
2003/9/20 12:00,31.6171875,142.2773438
2003/9/20 12:30,25.3828125,114.2226563
2003/9/20 13:00,19.54169408,87.93762336
2003/9/20 13:30,19.45830592,87.56237664
2003/9/20 14:00,30.20070175,135.9031579
2003/9/20 14:30,25.79929825,116.0968421
2003/9/20 15:00,11.63925926,52.37666667
2003/9/20 15:30,7.360740741,33.12333333
2003/9/20 16:00,5.185185185,23.33333333
2003/9/20 16:30,2.814814815,12.66666667
2003/9/20 17:00,0.722222222,3.25
2003/9/20 17:30,0.277777778,1.25
2003/9/20 18:00,0,0
2003/9/20 18:30,0,0
2003/9/20 19:00,0,0
2003/9/20 19:30,0,0
2003/9/20 20:00,0,0
2003/9/20 20:30,0,0
2003/9/20 21:00,0,0
2003/9/20 21:30,0,0
2003/9/20 22:00,0,0
2003/9/20 22:30,0,0
2003/9/20 23:00,0,0
2003/9/20 23:30,0,0
2003/9/21 0:00,0,0
2003/9/21 0:30,0,0
2003/9/21 1:00,0,0
2003/9/21 1:30,0,0
2003/9/21 2:00,0,0
2003/9/21 2:30,0,0
2003/9/21 3:00,0,0
2003/9/21 3:30,0,0
2003/9/21 4:00,0,0
2003/9/21 4:30,0,0
2003/9/21 5:00,0.270833333,1.21875
2003/9/21 5:30,0.729166667,3.28125
2003/9/21 6:00,3.895833333,17.53125
2003/9/21 6:30,7.104166667,31.96875
2003/9/21 7:00,9.166666667,41.25
2003/9/21 7:30,12.83333333,57.75
2003/9/21 8:00,20.87179487,93.92307692
2003/9/21 8:30,23.12820513,104.0769231
2003/9/21 9:00,17,76.5
2003/9/21 9:30,17,76.5
2003/9/21 10:00,21.11355311,95.01098901
2003/9/21 10:30,22.88644689,102.989011
2003/9/21 11:00,23.06652276,103.7993524
2003/9/21 11:30,23.93347724,107.7006476
2003/9/21 12:00,26.60586735,119.7264031
2003/9/21 12:30,24.39413265,109.7735969
2003/9/21 13:00,17.58035714,79.11160714
2003/9/21 13:30,15.41964286,69.38839286
2003/9/21 14:00,15.75549451,70.89972527
2003/9/21 14:30,14.24450549,64.10027473
2003/9/21 15:00,12.45432692,56.04447115
2003/9/21 15:30,9.545673077,42.95552885
2003/9/21 16:00,6.491477273,29.21164773
2003/9/21 16:30,3.508522727,15.78835227
2003/9/21 17:00,0.727272727,3.272727273
2003/9/21 17:30,0.272727273,1.227272727
2003/9/21 18:00,0,0
2003/9/21 18:30,0,0
2003/9/21 19:00,0,0
2003/9/21 19:30,0,0
2003/9/21 20:00,0,0
2003/9/21 20:30,0,0
2003/9/21 21:00,0,0
2003/9/21 21:30,0,0
2003/9/21 22:00,0,0
2003/9/21 22:30,0,0
2003/9/21 23:00,0,0
2003/9/21 23:30,0,0
2003/9/22 0:00,0,0
2003/9/22 0:30,0,0
2003/9/22 1:00,0,0
2003/9/22 1:30,0,0
2003/9/22 2:00,0,0
2003/9/22 2:30,0,0
2003/9/22 3:00,0,0
2003/9/22 3:30,0,0
2003/9/22 4:00,0,0
2003/9/22 4:30,0,0
2003/9/22 5:00,0.576923077,2.596153846
2003/9/22 5:30,1.423076923,6.403846154
2003/9/22 6:00,3.929326923,17.68197115
2003/9/22 6:30,7.070673077,31.81802885
2003/9/22 7:00,10.95309959,49.28894817
2003/9/22 7:30,18.04690041,81.21105183
2003/9/22 8:00,40.6669662,183.0013479
2003/9/22 8:30,53.3330338,239.9986521
2003/9/22 9:00,45.5952032,205.1784144
2003/9/22 9:30,50.4047968,226.8215856
2003/9/22 10:00,62.88936811,283.0021565
2003/9/22 10:30,78.11063189,351.4978435
2003/9/22 11:00,105.0008049,472.5036221
2003/9/22 11:30,125.9991951,566.9963779
2003/9/22 12:00,132.541524,596.436858
2003/9/22 12:30,162.458476,731.063142
2003/9/22 13:00,246.8662551,1110.898148
2003/9/22 13:30,282.1337449,1269.601852
2003/9/22 14:00,268.199026,1206.895617
2003/9/22 14:30,242.800974,1092.604383
2003/9/22 15:00,201.4966192,906.7347863
2003/9/22 15:30,152.5033808,686.2652137
2003/9/22 16:00,105.1444343,473.1499543
2003/9/22 16:30,56.85556572,255.8500457
2003/9/22 17:00,11.64044944,52.38202247
2003/9/22 17:30,4.359550562,19.61797753
2003/9/22 18:00,0,0
2003/9/22 18:30,0,0
2003/9/22 19:00,0,0
2003/9/22 19:30,0,0
2003/9/22 20:00,0,0
2003/9/22 20:30,0,0
2003/9/22 21:00,0,0
2003/9/22 21:30,0,0
2003/9/22 22:00,0,0
2003/9/22 22:30,0,0
2003/9/22 23:00,0,0
2003/9/22 23:30,0,0
2003/9/23 0:00,0,0
2003/9/23 0:30,0,0
2003/9/23 1:00,0,0
2003/9/23 1:30,0,0
2003/9/23 2:00,0,0
2003/9/23 2:30,0,0
2003/9/23 3:00,0,0
2003/9/23 3:30,0,0
2003/9/23 4:00,0,0
2003/9/23 4:30,0,0
2003/9/23 5:00,2.964539007,13.34042553
2003/9/23 5:30,8.035460993,36.15957447
2003/9/23 6:00,44.42434988,199.9095745
2003/9/23 6:30,85.57565012,385.0904255
2003/9/23 7:00,134.0663711,603.2986699
2003/9/23 7:30,185.9336289,836.7013301
2003/9/23 8:00,229.7512891,1033.880801
2003/9/23 8:30,277.2487109,1247.619199
2003/9/23 9:00,328.9820889,1480.4194
2003/9/23 9:30,355.0179111,1597.5806
2003/9/23 10:00,346.6948571,1560.126857
2003/9/23 10:30,342.3051429,1540.373143
2003/9/23 11:00,340.1726046,1530.776721
2003/9/23 11:30,309.8273954,1394.223279
2003/9/23 12:00,250.2532753,1126.139739
2003/9/23 12:30,222.7467247,1002.360261
2003/9/23 13:00,209.3298332,941.9842493
2003/9/23 13:30,197.6701668,889.5157507
2003/9/23 14:00,199.9593379,899.8170204
2003/9/23 14:30,176.0406621,792.1829796
2003/9/23 15:00,139.7091463,628.6911582
2003/9/23 15:30,103.2908537,464.8088418
2003/9/23 16:00,69.79148125,314.0616656
2003/9/23 16:30,38.20851875,171.9383344
2003/9/23 17:00,9.400826446,42.30371901
2003/9/23 17:30,3.599173554,16.19628099
2003/9/23 18:00,0,0
2003/9/23 18:30,0,0
2003/9/23 19:00,0,0
2003/9/23 19:30,0,0
2003/9/23 20:00,0,0
2003/9/23 20:30,0,0
2003/9/23 21:00,0,0
2003/9/23 21:30,0,0
2003/9/23 22:00,0,0
2003/9/23 22:30,0,0
2003/9/23 23:00,0,0
2003/9/23 23:30,0,0
2003/9/24 0:00,0,0
2003/9/24 0:30,0,0
2003/9/24 1:00,0,0
2003/9/24 1:30,0,0
2003/9/24 2:00,0,0
2003/9/24 2:30,0,0
2003/9/24 3:00,0,0
2003/9/24 3:30,0,0
2003/9/24 4:00,0,0
2003/9/24 4:30,0,0
2003/9/24 5:00,1.34057971,6.032608695
2003/9/24 5:30,3.65942029,16.4673913
2003/9/24 6:00,22.08249721,99.37123746
2003/9/24 6:30,41.91750279,188.6287625
2003/9/24 7:00,59.87692308,269.4461538
2003/9/24 7:30,84.12307692,378.5538462
2003/9/24 8:00,114.8534884,516.8406977
2003/9/24 8:30,146.1465116,657.6593023
2003/9/24 9:00,184.1959092,828.8815915
2003/9/24 9:30,199.8040908,899.1184085
2003/9/24 10:00,187.5410134,843.9345602
2003/9/24 10:30,175.4589866,789.5654398
2003/9/24 11:00,146.9001808,661.0508138
2003/9/24 11:30,147.0998192,661.9491862
2003/9/24 12:00,188.6991867,849.1463403
2003/9/24 12:30,176.3008133,793.3536597
2003/9/24 13:00,119.0008097,535.5036437
2003/9/24 13:30,102.9991903,463.4963563
2003/9/24 14:00,119.1384768,536.1231456
2003/9/24 14:30,83.86152319,377.3768544
2003/9/24 15:00,26.95823655,121.3120645
2003/9/24 15:30,16.04176345,72.18793554
2003/9/24 16:00,12.95815296,58.31168831
2003/9/24 16:30,7.041847042,31.68831169
2003/9/24 17:00,1.454545455,6.545454546
2003/9/24 17:30,0.545454545,2.454545454
2003/9/24 18:00,0,0
2003/9/24 18:30,0,0
2003/9/24 19:00,0,0
2003/9/24 19:30,0,0
2003/9/24 20:00,0,0
2003/9/24 20:30,0,0
2003/9/24 21:00,0,0
2003/9/24 21:30,0,0
2003/9/24 22:00,0,0
2003/9/24 22:30,0,0
2003/9/24 23:00,0,0
2003/9/24 23:30,0,0
2003/9/25 0:00,0,0
2003/9/25 0:30,0,0
2003/9/25 1:00,0,0
2003/9/25 1:30,0,0
2003/9/25 2:00,0,0
2003/9/25 2:30,0,0
2003/9/25 3:00,0,0
2003/9/25 3:30,0,0
2003/9/25 4:00,0,0
2003/9/25 4:30,0,0
2003/9/25 5:00,0.522727273,2.352272727
2003/9/25 5:30,1.477272727,6.647727273
2003/9/25 6:00,14.01865204,63.08393417
2003/9/25 6:30,27.98134796,125.9160658
2003/9/25 7:00,41.79195402,188.0637931
2003/9/25 7:30,61.20804598,275.4362069
2003/9/25 8:00,87.11710145,392.0269565
2003/9/25 8:30,118.8828986,534.9730435
2003/9/25 9:00,166.0175676,747.0790542
2003/9/25 9:30,202.9824324,913.4209458
2003/9/25 10:00,229.5429527,1032.943287
2003/9/25 10:30,237.4570473,1068.556713
2003/9/25 11:00,219.560101,988.0204545
2003/9/25 11:30,203.439899,915.4795455
2003/9/25 12:00,185.6053108,835.2238985
2003/9/25 12:30,158.3946892,712.7761015
2003/9/25 13:00,126.0318443,567.1432994
2003/9/25 13:30,96.9681557,436.3567006
2003/9/25 14:00,68.13067775,306.5880499
2003/9/25 14:30,49.86932225,224.4119501
2003/9/25 15:00,35.67152778,160.521875
2003/9/25 15:30,26.32847222,118.478125
2003/9/25 16:00,21.80039414,98.10177365
2003/9/25 16:30,12.19960586,54.89822635
2003/9/25 17:00,2.189189189,9.851351352
2003/9/25 17:30,0.810810811,3.648648648
2003/9/25 18:00,0,0
2003/9/25 18:30,0,0
2003/9/25 19:00,0,0
2003/9/25 19:30,0,0
2003/9/25 20:00,0,0
2003/9/25 20:30,0,0
2003/9/25 21:00,0,0
2003/9/25 21:30,0,0
2003/9/25 22:00,0,0
2003/9/25 22:30,0,0
2003/9/25 23:00,0,0
2003/9/25 23:30,0,0
2003/9/26 0:00,0,0
2003/9/26 0:30,0,0
2003/9/26 1:00,0,0
2003/9/26 1:30,0,0
2003/9/26 2:00,0,0
2003/9/26 2:30,0,0
2003/9/26 3:00,0,0
2003/9/26 3:30,0,0
2003/9/26 4:00,0,0
2003/9/26 4:30,0,0
2003/9/26 5:00,0.264705882,1.19117647
2003/9/26 5:30,0.735294118,3.30882353
2003/9/26 6:00,5.055806938,22.75113122
2003/9/26 6:30,10.94419306,49.24886878
2003/9/26 7:00,22.13632171,99.6134477
2003/9/26 7:30,39.86367829,179.3865523
2003/9/26 8:00,89.27822523,401.7520135
2003/9/26 8:30,126.7217748,570.2479865
2003/9/26 9:00,134.4680898,605.1064043
2003/9/26 9:30,151.5319102,681.8935957
2003/9/26 10:00,161.2282285,725.5270284
2003/9/26 10:30,187.7717715,844.9729716
2003/9/26 11:00,255.1304309,1148.086939
2003/9/26 11:30,273.8695691,1232.413061
2003/9/26 12:00,245.2143287,1103.464479
2003/9/26 12:30,220.7856713,993.5355208
2003/9/26 13:00,184.6374622,830.8685801
2003/9/26 13:30,162.3625378,730.6314199
2003/9/26 14:00,151.2136321,680.4613446
2003/9/26 14:30,126.7863679,570.5386554
2003/9/26 15:00,97.31764975,437.9294239
2003/9/26 15:30,72.68235025,327.0705761
2003/9/26 16:00,54.43973349,244.9788007
2003/9/26 16:30,29.56026651,133.0211993
2003/9/26 17:00,5.115384615,23.01923077
2003/9/26 17:30,1.884615385,8.480769231
2003/9/26 18:00,0,0
2003/9/26 18:30,0,0
2003/9/26 19:00,0,0
2003/9/26 19:30,0,0
2003/9/26 20:00,0,0
2003/9/26 20:30,0,0
2003/9/26 21:00,0,0
2003/9/26 21:30,0,0
2003/9/26 22:00,0,0
2003/9/26 22:30,0,0
2003/9/26 23:00,0,0
2003/9/26 23:30,0,0
2003/9/27 0:00,0,0
2003/9/27 0:30,0,0
2003/9/27 1:00,0,0
2003/9/27 1:30,0,0
2003/9/27 2:00,0,0
2003/9/27 2:30,0,0
2003/9/27 3:00,0,0
2003/9/27 3:30,0,0
2003/9/27 4:00,0,0
2003/9/27 4:30,0,0
2003/9/27 5:00,1.585714286,7.135714286
2003/9/27 5:30,4.414285714,19.86428571
2003/9/27 6:00,33.12522321,149.0635045
2003/9/27 6:30,65.87477679,296.4364955
2003/9/27 7:00,105.0304418,472.6369881
2003/9/27 7:30,147.9695582,665.8630119
2003/9/27 8:00,188.3912085,847.7604385
2003/9/27 8:30,225.6087915,1015.239562
2003/9/27 9:00,250.1504059,1125.676827
2003/9/27 9:30,274.8495941,1236.823173
2003/9/27 10:00,293.0311794,1318.640307
2003/9/27 10:30,310.9688206,1399.359693
2003/9/27 11:00,335.693132,1510.619094
2003/9/27 11:30,330.306868,1486.380906
2003/9/27 12:00,292.9823952,1318.420778
2003/9/27 12:30,273.0176048,1228.579222
2003/9/27 13:00,267.3703475,1203.166564
2003/9/27 13:30,234.6296525,1055.833436
2003/9/27 14:00,180.4335763,811.9510934
2003/9/27 14:30,153.5664237,691.0489066
2003/9/27 15:00,150.683777,678.0769964
2003/9/27 15:30,111.316223,500.9230036
2003/9/27 16:00,61.18259887,275.3216949
2003/9/27 16:30,30.81740113,138.6783051
2003/9/27 17:00,5.84,26.28
2003/9/27 17:30,2.16,9.72
2003/9/27 18:00,0,0
2003/9/27 18:30,0,0
2003/9/27 19:00,0,0
2003/9/27 19:30,0,0
2003/9/27 20:00,0,0
2003/9/27 20:30,0,0
2003/9/27 21:00,0,0
2003/9/27 21:30,0,0
2003/9/27 22:00,0,0
2003/9/27 22:30,0,0
2003/9/27 23:00,0,0
2003/9/27 23:30,0,0
2003/9/28 0:00,0,0
2003/9/28 0:30,0,0
2003/9/28 1:00,0,0
2003/9/28 1:30,0,0
2003/9/28 2:00,0,0
2003/9/28 2:30,0,0
2003/9/28 3:00,0,0
2003/9/28 3:30,0,0
2003/9/28 4:00,0,0
2003/9/28 4:30,0,0
2003/9/28 5:00,1.048780488,4.719512195
2003/9/28 5:30,2.951219512,13.28048781
2003/9/28 6:00,25.6246889,115.3111001
2003/9/28 6:30,52.3753111,235.6888999
2003/9/28 7:00,90.54367347,407.4465306
2003/9/28 7:30,125.4563265,564.5534694
2003/9/28 8:00,146.623802,659.8071091
2003/9/28 8:30,162.376198,730.6928909
2003/9/28 9:00,158.0092632,711.0416842
2003/9/28 9:30,167.9907368,755.9583158
2003/9/28 10:00,191.9754458,863.8895059
2003/9/28 10:30,203.0245542,913.6104941
2003/9/28 11:00,200.0638744,900.2874348
2003/9/28 11:30,207.9361256,935.7125652
2003/9/28 12:00,228.7238796,1029.257458
2003/9/28 12:30,232.2761204,1045.242542
2003/9/28 13:00,226.5913478,1019.661065
2003/9/28 13:30,207.4086522,933.3389349
2003/9/28 14:00,168.5114606,758.3015727
2003/9/28 14:30,154.4885394,695.1984273
2003/9/28 15:00,170.477709,767.1496906
2003/9/28 15:30,135.522291,609.8503094
2003/9/28 16:00,80.92915169,364.1811826
2003/9/28 16:30,41.07084831,184.8188174
2003/9/28 17:00,5.876923077,26.44615385
2003/9/28 17:30,2.123076923,9.553846154
2003/9/28 18:00,0,0
2003/9/28 18:30,0,0
2003/9/28 19:00,0,0
2003/9/28 19:30,0,0
2003/9/28 20:00,0,0
2003/9/28 20:30,0,0
2003/9/28 21:00,0,0
2003/9/28 21:30,0,0
2003/9/28 22:00,0,0
2003/9/28 22:30,0,0
2003/9/28 23:00,0,0
2003/9/28 23:30,0,0
2003/9/29 0:00,0,0
2003/9/29 0:30,0,0
2003/9/29 1:00,0,0
2003/9/29 1:30,0,0
2003/9/29 2:00,0,0
2003/9/29 2:30,0,0
2003/9/29 3:00,0,0
2003/9/29 3:30,0,0
2003/9/29 4:00,0,0
2003/9/29 4:30,0,0
2003/9/29 5:00,0.783582089,3.526119403
2003/9/29 5:30,2.216417911,9.973880597
2003/9/29 6:00,22.07767445,99.34953505
2003/9/29 6:30,41.92232555,188.650465
2003/9/29 7:00,51.30965054,230.8934274
2003/9/29 7:30,75.69034946,340.6065726
2003/9/29 8:00,138.4622309,623.0800392
2003/9/29 8:30,186.5377691,839.4199608
2003/9/29 9:00,209.0987612,940.9444256
2003/9/29 9:30,233.9012388,1052.555574
2003/9/29 10:00,248.3448053,1117.551624
2003/9/29 10:30,261.6551947,1177.448376
2003/9/29 11:00,272.8665847,1227.899631
2003/9/29 11:30,273.1334153,1229.100369
2003/9/29 12:00,257.9319544,1160.693795
2003/9/29 12:30,254.0680456,1143.306205
2003/9/29 13:00,266.5050695,1199.272813
2003/9/29 13:30,247.4949305,1113.727187
2003/9/29 14:00,205.1581483,923.2116675
2003/9/29 14:30,174.8418517,786.7883325
2003/9/29 15:00,154.9220648,697.1492915
2003/9/29 15:30,115.0779352,517.8507085
2003/9/29 16:00,72.89417454,328.0237854
2003/9/29 16:30,37.10582546,166.9762146
2003/9/29 17:00,5.145299145,23.15384615
2003/9/29 17:30,1.854700855,8.346153846
2003/9/29 18:00,0,0
2003/9/29 18:30,0,0
2003/9/29 19:00,0,0
2003/9/29 19:30,0,0
2003/9/29 20:00,0,0
2003/9/29 20:30,0,0
2003/9/29 21:00,0,0
2003/9/29 21:30,0,0
2003/9/29 22:00,0,0
2003/9/29 22:30,0,0
2003/9/29 23:00,0,0
2003/9/29 23:30,0,0
2003/9/30 0:00,0,0
2003/9/30 0:30,0,0
2003/9/30 1:00,0,0
2003/9/30 1:30,0,0
2003/9/30 2:00,0,0
2003/9/30 2:30,0,0
2003/9/30 3:00,0,0
2003/9/30 3:30,0,0
2003/9/30 4:00,0,0
2003/9/30 4:30,0,0
2003/9/30 5:00,1.567164179,7.052238806
2003/9/30 5:30,4.432835821,19.94776119
2003/9/30 6:00,42.37606726,190.6923027
2003/9/30 6:30,85.62393274,385.3076973
2003/9/30 7:00,137.3616751,618.127538
2003/9/30 7:30,192.6383249,866.872462
2003/9/30 8:00,240.9124109,1084.105849
2003/9/30 8:30,285.0875891,1282.894151
2003/9/30 9:00,310.8363548,1398.763597
2003/9/30 9:30,341.1636452,1535.236403
2003/9/30 10:00,372.547354,1676.463093
2003/9/30 10:30,391.452646,1761.536907
2003/9/30 11:00,396.0896758,1782.403541
2003/9/30 11:30,398.9103242,1795.096459
2003/9/30 12:00,401.023877,1804.607446
2003/9/30 12:30,384.976123,1732.392554
2003/9/30 13:00,353.5950824,1591.177871
2003/9/30 13:30,321.4049176,1446.322129
2003/9/30 14:00,290.587716,1307.644722
2003/9/30 14:30,245.412284,1104.355278
2003/9/30 15:00,198.1690452,891.7607033
2003/9/30 15:30,142.8309548,642.7392967
2003/9/30 16:00,91.04392223,409.6976501
2003/9/30 16:30,45.95607777,206.8023499
2003/9/30 17:00,5.889655172,26.50344828
2003/9/30 17:30,2.110344828,9.496551724
2003/9/30 18:00,0,0
2003/9/30 18:30,0,0
2003/9/30 19:00,0,0
2003/9/30 19:30,0,0
2003/9/30 20:00,0,0
2003/9/30 20:30,0,0
2003/9/30 21:00,0,0
2003/9/30 21:30,0,0
2003/9/30 22:00,0,0
2003/9/30 22:30,0,0
2003/9/30 23:00,0,0
2003/9/30 23:30,0,0
2003/10/1 0:00,0,0
2003/10/1 0:30,0,0
2003/10/1 1:00,0,0
2003/10/1 1:30,0,0
2003/10/1 2:00,0,0
2003/10/1 2:30,0,0
2003/10/1 3:00,0,0
2003/10/1 3:30,0,0
2003/10/1 4:00,0,0
2003/10/1 4:30,0,0
2003/10/1 5:00,1.573770492,7.081967213
2003/10/1 5:30,4.426229508,19.91803279
2003/10/1 6:00,39.02981007,175.6341453
2003/10/1 6:30,76.97018993,346.3658547
2003/10/1 7:00,115.5149689,519.8173603
2003/10/1 7:30,159.4850311,717.6826397
2003/10/1 8:00,200.8588572,903.8648573
2003/10/1 8:30,241.1411428,1085.135143
2003/10/1 9:00,270.6710852,1218.019883
2003/10/1 9:30,305.3289148,1373.980117
2003/10/1 10:00,352.2335733,1585.05108
2003/10/1 10:30,364.7664267,1641.44892
2003/10/1 11:00,336.1411326,1512.635097
2003/10/1 11:30,326.8588674,1470.864903
2003/10/1 12:00,322.8644404,1452.889982
2003/10/1 12:30,318.1355596,1431.610018
2003/10/1 13:00,326.0366886,1467.165099
2003/10/1 13:30,298.9633114,1345.334901
2003/10/1 14:00,248.6387733,1118.87448
2003/10/1 14:30,203.3612267,915.1255201
2003/10/1 15:00,167.6269288,754.3211794
2003/10/1 15:30,109.3730712,492.1788206
2003/10/1 16:00,47.5912211,214.1604949
2003/10/1 16:30,21.4087789,96.33950506
2003/10/1 17:00,2.21875,9.984375
2003/10/1 17:30,0.78125,3.515625
2003/10/1 18:00,0,0
2003/10/1 18:30,0,0
2003/10/1 19:00,0,0
2003/10/1 19:30,0,0
2003/10/1 20:00,0,0
2003/10/1 20:30,0,0
2003/10/1 21:00,0,0
2003/10/1 21:30,0,0
2003/10/1 22:00,0,0
2003/10/1 22:30,0,0
2003/10/1 23:00,0,0
2003/10/1 23:30,0,0
2003/10/2 0:00,0,0
2003/10/2 0:30,0,0
2003/10/2 1:00,0,0
2003/10/2 1:30,0,0
2003/10/2 2:00,0,0
2003/10/2 2:30,0,0
2003/10/2 3:00,0,0
2003/10/2 3:30,0,0
2003/10/2 4:00,0,0
2003/10/2 4:30,0,0
2003/10/2 5:00,1.04494382,4.702247191
2003/10/2 5:30,2.95505618,13.29775281
2003/10/2 6:00,29.26072024,131.6732411
2003/10/2 6:30,55.73927976,250.8267589
2003/10/2 7:00,74.30835019,334.3875759
2003/10/2 7:30,96.69164981,435.1124241
2003/10/2 8:00,112.687573,507.0940787
2003/10/2 8:30,137.312427,617.9059213
2003/10/2 9:00,169.7620677,763.9293048
2003/10/2 9:30,210.2379323,946.0706952
2003/10/2 10:00,270.6817929,1218.068068
2003/10/2 10:30,323.3182071,1454.931932
2003/10/2 11:00,379.0772764,1705.847744
2003/10/2 11:30,399.9227236,1799.652256
2003/10/2 12:00,378.3359507,1702.511778
2003/10/2 12:30,358.6640493,1613.988222
2003/10/2 13:00,337.656784,1519.455528
2003/10/2 13:30,291.343216,1311.044472
2003/10/2 14:00,224.1446002,1008.650701
2003/10/2 14:30,181.8553998,818.3492989
2003/10/2 15:00,157.6993414,709.6470362
2003/10/2 15:30,112.3006586,505.3529638
2003/10/2 16:00,65.38020342,294.2109154
2003/10/2 16:30,31.61979658,142.2890846
2003/10/2 17:00,2.96039604,13.32178218
2003/10/2 17:30,1.03960396,4.678217822
2003/10/2 18:00,0,0
2003/10/2 18:30,0,0
2003/10/2 19:00,0,0
2003/10/2 19:30,0,0
2003/10/2 20:00,0,0
2003/10/2 20:30,0,0
2003/10/2 21:00,0,0
2003/10/2 21:30,0,0
2003/10/2 22:00,0,0
2003/10/2 22:30,0,0
2003/10/2 23:00,0,0
2003/10/2 23:30,0,0
2003/10/3 0:00,0,0
2003/10/3 0:30,0,0
2003/10/3 1:00,0,0
2003/10/3 1:30,0,0
2003/10/3 2:00,0,0
2003/10/3 2:30,0,0
2003/10/3 3:00,0,0
2003/10/3 3:30,0,0
2003/10/3 4:00,0,0
2003/10/3 4:30,0,0
2003/10/3 5:00,0.779220779,3.506493506
2003/10/3 5:30,2.220779221,9.993506494
2003/10/3 6:00,25.25161623,113.632273
2003/10/3 6:30,48.74838377,219.367727
2003/10/3 7:00,63.41384846,285.3623181
2003/10/3 7:30,89.58615154,403.1376819
2003/10/3 8:00,137.5863337,619.1385018
2003/10/3 8:30,170.4136663,766.8614982
2003/10/3 9:00,177.8044481,800.1200167
2003/10/3 9:30,191.1955519,860.3799833
2003/10/3 10:00,200.894231,904.0240396
2003/10/3 10:30,211.105769,949.9759604
2003/10/3 11:00,225.6196568,1015.288456
2003/10/3 11:30,224.3803432,1009.711544
2003/10/3 12:00,206.6308396,929.8387781
2003/10/3 12:30,196.3691604,883.6612219
2003/10/3 13:00,192.8806096,867.9627433
2003/10/3 13:30,174.1193904,783.5372567
2003/10/3 14:00,142.2882639,640.2971876
2003/10/3 14:30,124.7117361,561.2028124
2003/10/3 15:00,123.5244011,555.8598048
2003/10/3 15:30,92.47559894,416.1401952
2003/10/3 16:00,52.60430839,236.7193878
2003/10/3 16:30,25.39569161,114.2806122
2003/10/3 17:00,2.222222222,10
2003/10/3 17:30,0.777777778,3.5
2003/10/3 18:00,0,0
2003/10/3 18:30,0,0
2003/10/3 19:00,0,0
2003/10/3 19:30,0,0
2003/10/3 20:00,0,0
2003/10/3 20:30,0,0
2003/10/3 21:00,0,0
2003/10/3 21:30,0,0
2003/10/3 22:00,0,0
2003/10/3 22:30,0,0
2003/10/3 23:00,0,0
2003/10/3 23:30,0,0
2003/10/4 0:00,0,0
2003/10/4 0:30,0,0
2003/10/4 1:00,0,0
2003/10/4 1:30,0,0
2003/10/4 2:00,0,0
2003/10/4 2:30,0,0
2003/10/4 3:00,0,0
2003/10/4 3:30,0,0
2003/10/4 4:00,0,0
2003/10/4 4:30,0,0
2003/10/4 5:00,0.774456522,3.485054348
2003/10/4 5:30,2.225543478,10.01494565
2003/10/4 6:00,30.28273905,136.2723257
2003/10/4 6:30,58.71726095,264.2276743
2003/10/4 7:00,75.41748797,339.3786959
2003/10/4 7:30,106.582512,479.6213041
2003/10/4 8:00,164.63379,740.8520551
2003/10/4 8:30,206.36621,928.6479449
2003/10/4 9:00,215.1180319,968.0311436
2003/10/4 9:30,245.8819681,1106.468856
2003/10/4 10:00,307.9488829,1385.769973
2003/10/4 10:30,327.0511171,1471.730027
2003/10/4 11:00,303.3579449,1365.110752
2003/10/4 11:30,284.6420551,1280.889248
2003/10/4 12:00,250.181592,1125.817164
2003/10/4 12:30,241.818408,1088.182836
2003/10/4 13:00,263.6534521,1186.440534
2003/10/4 13:30,249.3465479,1122.059466
2003/10/4 14:00,215.5625331,970.0313988
2003/10/4 14:30,177.4374669,798.4686012
2003/10/4 15:00,136.5798587,614.6093641
2003/10/4 15:30,96.42014131,433.8906359
2003/10/4 16:00,61.76291498,277.9331174
2003/10/4 16:30,30.23708502,136.0668826
2003/10/4 17:00,2.22631579,10.01842105
2003/10/4 17:30,0.77368421,3.481578947
2003/10/4 18:00,0,0
2003/10/4 18:30,0,0
2003/10/4 19:00,0,0
2003/10/4 19:30,0,0
2003/10/4 20:00,0,0
2003/10/4 20:30,0,0
2003/10/4 21:00,0,0
2003/10/4 21:30,0,0
2003/10/4 22:00,0,0
2003/10/4 22:30,0,0
2003/10/4 23:00,0,0
2003/10/4 23:30,0,0
2003/10/5 0:00,0,0
2003/10/5 0:30,0,0
2003/10/5 1:00,0,0
2003/10/5 1:30,0,0
2003/10/5 2:00,0,0
2003/10/5 2:30,0,0
2003/10/5 3:00,0,0
2003/10/5 3:30,0,0
2003/10/5 4:00,0,0
2003/10/5 4:30,0,0
2003/10/5 5:00,1.035714286,4.660714286
2003/10/5 5:30,2.964285714,13.33928571
2003/10/5 6:00,35.61782902,160.2802306
2003/10/5 6:30,72.38217098,325.7197694
2003/10/5 7:00,112.9120138,508.1040619
2003/10/5 7:30,160.0879862,720.3959381
2003/10/5 8:00,209.1479552,941.1657983
2003/10/5 8:30,253.8520448,1142.334202
2003/10/5 9:00,286.1143404,1287.514532
2003/10/5 9:30,312.8856596,1407.985468
2003/10/5 10:00,325.2252724,1463.513726
2003/10/5 10:30,337.7747276,1519.986274
2003/10/5 11:00,358.3415689,1612.53706
2003/10/5 11:30,338.6584311,1523.96294
2003/10/5 12:00,272.8562495,1227.853123
2003/10/5 12:30,255.1437505,1148.146877
2003/10/5 13:00,278.8396078,1254.778235
2003/10/5 13:30,253.1603922,1139.221765
2003/10/5 14:00,202.1039451,909.4677529
2003/10/5 14:30,154.8960549,697.0322471
2003/10/5 15:00,103.4733738,465.630182
2003/10/5 15:30,75.52662623,339.869818
2003/10/5 16:00,64.34212996,289.5395848
2003/10/5 16:30,33.65787004,151.4604152
2003/10/5 17:00,1.49,6.705
2003/10/5 17:30,0.51,2.295
2003/10/5 18:00,0,0
2003/10/5 18:30,0,0
2003/10/5 19:00,0,0
2003/10/5 19:30,0,0
2003/10/5 20:00,0,0
2003/10/5 20:30,0,0
2003/10/5 21:00,0,0
2003/10/5 21:30,0,0
2003/10/5 22:00,0,0
2003/10/5 22:30,0,0
2003/10/5 23:00,0,0
2003/10/5 23:30,0,0
2003/10/6 0:00,0,0
2003/10/6 0:30,0,0
2003/10/6 1:00,0,0
2003/10/6 1:30,0,0
2003/10/6 2:00,0,0
2003/10/6 2:30,0,0
2003/10/6 3:00,0,0
2003/10/6 3:30,0,0
2003/10/6 4:00,0,0
2003/10/6 4:30,0,0
2003/10/6 5:00,0.267857143,1.205357143
2003/10/6 5:30,0.732142857,3.294642857
2003/10/6 6:00,3.997386759,17.98824042
2003/10/6 6:30,9.002613241,40.51175958
2003/10/6 7:00,24.7457561,111.3559024
2003/10/6 7:30,44.2542439,199.1440976
2003/10/6 8:00,75.39040086,339.2568039
2003/10/6 8:30,105.6095991,475.2431961
2003/10/6 9:00,137.4545562,618.5455028
2003/10/6 9:30,145.5454438,654.9544972
2003/10/6 10:00,119.8875418,539.493938
2003/10/6 10:30,109.1124582,491.006062
2003/10/6 11:00,99.78043735,449.0119681
2003/10/6 11:30,94.21956265,423.9880319
2003/10/6 12:00,91.66373506,412.4868078
2003/10/6 12:30,90.33626494,406.5131922
2003/10/6 13:00,94.80762657,426.6343196
2003/10/6 13:30,88.19237343,396.8656804
2003/10/6 14:00,75.62910411,340.3309685
2003/10/6 14:30,60.37089589,271.6690315
2003/10/6 15:00,42.93569424,193.2106241
2003/10/6 15:30,30.06430576,135.2893759
2003/10/6 16:00,20.69771635,93.13972356
2003/10/6 16:30,10.30228365,46.36027644
2003/10/6 17:00,0.7421875,3.33984375
2003/10/6 17:30,0.2578125,1.16015625
2003/10/6 18:00,0,0
2003/10/6 18:30,0,0
2003/10/6 19:00,0,0
2003/10/6 19:30,0,0
2003/10/6 20:00,0,0
2003/10/6 20:30,0,0
2003/10/6 21:00,0,0
2003/10/6 21:30,0,0
2003/10/6 22:00,0,0
2003/10/6 22:30,0,0
2003/10/6 23:00,0,0
2003/10/6 23:30,0,0
2003/10/7 0:00,0,0
2003/10/7 0:30,0,0
2003/10/7 1:00,0,0
2003/10/7 1:30,0,0
2003/10/7 2:00,0,0
2003/10/7 2:30,0,0
2003/10/7 3:00,0,0
2003/10/7 3:30,0,0
2003/10/7 4:00,0,0
2003/10/7 4:30,0,0
2003/10/7 5:00,0.516129032,2.322580645
2003/10/7 5:30,1.483870968,6.677419355
2003/10/7 6:00,19.05529954,85.74884793
2003/10/7 6:30,40.94470046,184.2511521
2003/10/7 7:00,76.81725067,345.677628
2003/10/7 7:30,115.1827493,518.322372
2003/10/7 8:00,151.5411677,681.9352546
2003/10/7 8:30,186.4588323,839.0647454
2003/10/7 9:00,207.1122181,932.0049813
2003/10/7 9:30,238.8877819,1074.995019
2003/10/7 10:00,295.258748,1328.664366
2003/10/7 10:30,304.741252,1371.335634
2003/10/7 11:00,258.949434,1165.272453
2003/10/7 11:30,248.050566,1116.227547
2003/10/7 12:00,267.3462121,1203.057954
2003/10/7 12:30,237.6537879,1069.442046
2003/10/7 13:00,165.7820898,746.0194041
2003/10/7 13:30,148.2179102,666.9805959
2003/10/7 14:00,176.6370413,794.8666859
2003/10/7 14:30,143.3629587,645.1333141
2003/10/7 15:00,79.99780266,359.990112
2003/10/7 15:30,49.00219734,220.509888
2003/10/7 16:00,26.74285714,120.3428571
2003/10/7 16:30,12.25714286,55.15714286
2003/10/7 17:00,0.74375,3.346875
2003/10/7 17:30,0.25625,1.153125
2003/10/7 18:00,0,0
2003/10/7 18:30,0,0
2003/10/7 19:00,0,0
2003/10/7 19:30,0,0
2003/10/7 20:00,0,0
2003/10/7 20:30,0,0
2003/10/7 21:00,0,0
2003/10/7 21:30,0,0
2003/10/7 22:00,0,0
2003/10/7 22:30,0,0
2003/10/7 23:00,0,0
2003/10/7 23:30,0,0
2003/10/8 0:00,0,0
2003/10/8 0:30,0,0
2003/10/8 1:00,0,0
2003/10/8 1:30,0,0
2003/10/8 2:00,0,0
2003/10/8 2:30,0,0
2003/10/8 3:00,0,0
2003/10/8 3:30,0,0
2003/10/8 4:00,0,0
2003/10/8 4:30,0,0
2003/10/8 5:00,0.516393443,2.323770492
2003/10/8 5:30,1.483606557,6.676229508
2003/10/8 6:00,19.18928838,86.35179769
2003/10/8 6:30,39.81071162,179.1482023
2003/10/8 7:00,65.70551728,295.6748277
2003/10/8 7:30,95.29448272,428.8251723
2003/10/8 8:00,125.5233874,564.8552432
2003/10/8 8:30,155.4766126,699.6447568
2003/10/8 9:00,186.1138006,837.5121028
2003/10/8 9:30,197.8861994,890.4878972
2003/10/8 10:00,179.0271714,805.6222712
2003/10/8 10:30,180.9728286,814.3777288
2003/10/8 11:00,195.531882,879.893469
2003/10/8 11:30,205.468118,924.606531
2003/10/8 12:00,222.0682436,999.3070962
2003/10/8 12:30,216.9317564,976.1929038
2003/10/8 13:00,193.8575964,872.3591839
2003/10/8 13:30,171.1424036,770.1408161
2003/10/8 14:00,149.1892195,671.3514877
2003/10/8 14:30,116.8107805,525.6485123
2003/10/8 15:00,79.78284759,359.0228142
2003/10/8 15:30,54.21715241,243.9771858
2003/10/8 16:00,35.74928204,160.8717692
2003/10/8 16:30,17.25071796,77.62823084
2003/10/8 17:00,0.74537037,3.354166667
2003/10/8 17:30,0.25462963,1.145833333
2003/10/8 18:00,0,0
2003/10/8 18:30,0,0
2003/10/8 19:00,0,0
2003/10/8 19:30,0,0
2003/10/8 20:00,0,0
2003/10/8 20:30,0,0
2003/10/8 21:00,0,0
2003/10/8 21:30,0,0
2003/10/8 22:00,0,0
2003/10/8 22:30,0,0
2003/10/8 23:00,0,0
2003/10/8 23:30,0,0
2003/10/9 0:00,0,0
2003/10/9 0:30,0,0
2003/10/9 1:00,0,0
2003/10/9 1:30,0,0
2003/10/9 2:00,0,0
2003/10/9 2:30,0,0
2003/10/9 3:00,0,0
2003/10/9 3:30,0,0
2003/10/9 4:00,0,0
2003/10/9 4:30,0,0
2003/10/9 5:00,0.51,2.295
2003/10/9 5:30,1.49,6.705
2003/10/9 6:00,31.55010929,141.9754918
2003/10/9 6:30,66.44989071,299.0245082
2003/10/9 7:00,112.6925955,507.1166798
2003/10/9 7:30,155.3074045,698.8833202
2003/10/9 8:00,176.145476,792.6546418
2003/10/9 8:30,202.854524,912.8453582
2003/10/9 9:00,228.4545484,1028.045468
2003/10/9 9:30,244.5454516,1100.454532
2003/10/9 10:00,242.5024975,1091.261239
2003/10/9 10:30,255.4975025,1149.738761
2003/10/9 11:00,288.8985748,1300.043587
2003/10/9 11:30,294.1014252,1323.456413
2003/10/9 12:00,273.7872104,1232.042447
2003/10/9 12:30,261.2127896,1175.457553
2003/10/9 13:00,252.4221461,1135.899657
2003/10/9 13:30,230.5778539,1037.600343
2003/10/9 14:00,198.4359247,892.961661
2003/10/9 14:30,173.5640753,781.038339
2003/10/9 15:00,163.4759174,735.6416284
2003/10/9 15:30,118.5240826,533.3583716
2003/10/9 16:00,64.37763158,289.6993421
2003/10/9 16:30,29.62236842,133.3006579
2003/10/9 17:00,0.747368421,3.363157895
2003/10/9 17:30,0.252631579,1.136842105
2003/10/9 18:00,0,0
2003/10/9 18:30,0,0
2003/10/9 19:00,0,0
2003/10/9 19:30,0,0
2003/10/9 20:00,0,0
2003/10/9 20:30,0,0
2003/10/9 21:00,0,0
2003/10/9 21:30,0,0
2003/10/9 22:00,0,0
2003/10/9 22:30,0,0
2003/10/9 23:00,0,0
2003/10/9 23:30,0,0
2003/10/10 0:00,0,0
2003/10/10 0:30,0,0
2003/10/10 1:00,0,0
2003/10/10 1:30,0,0
2003/10/10 2:00,0,0
2003/10/10 2:30,0,0
2003/10/10 3:00,0,0
2003/10/10 3:30,0,0
2003/10/10 4:00,0,0
2003/10/10 4:30,0,0
2003/10/10 5:00,0.515625,2.3203125
2003/10/10 5:30,1.484375,6.6796875
2003/10/10 6:00,20.45414244,92.04364099
2003/10/10 6:30,41.54585756,186.956359
2003/10/10 7:00,63.98437829,287.9297023
2003/10/10 7:30,89.01562171,400.5702977
2003/10/10 8:00,108.3535466,487.5909596
2003/10/10 8:30,136.6464534,614.9090404
2003/10/10 9:00,181.6994933,817.6477199
2003/10/10 9:30,210.3005067,946.3522801
2003/10/10 10:00,217.0753171,976.8389271
2003/10/10 10:30,225.9246829,1016.661073
2003/10/10 11:00,236.3254727,1063.464627
2003/10/10 11:30,223.6745273,1006.535373
2003/10/10 12:00,184.7026504,831.161927
2003/10/10 12:30,170.2973496,766.338073
2003/10/10 13:00,175.7193922,790.7372648
2003/10/10 13:30,156.2806078,703.2627352
2003/10/10 14:00,119.5685789,538.0586049
2003/10/10 14:30,101.4314211,456.4413951
2003/10/10 15:00,97.5667392,439.0503264
2003/10/10 15:30,73.4332608,330.4496736
2003/10/10 16:00,45.28834034,203.7975315
2003/10/10 16:30,21.71165966,97.70246849
2003/10/10 17:00,0.746323529,3.358455882
2003/10/10 17:30,0.253676471,1.141544118
2003/10/10 18:00,0,0
2003/10/10 18:30,0,0
2003/10/10 19:00,0,0
2003/10/10 19:30,0,0
2003/10/10 20:00,0,0
2003/10/10 20:30,0,0
2003/10/10 21:00,0,0
2003/10/10 21:30,0,0
2003/10/10 22:00,0,0
2003/10/10 22:30,0,0
2003/10/10 23:00,0,0
2003/10/10 23:30,0,0
2003/10/11 0:00,0,0
2003/10/11 0:30,0,0
2003/10/11 1:00,0,0
2003/10/11 1:30,0,0
2003/10/11 2:00,0,0
2003/10/11 2:30,0,0
2003/10/11 3:00,0,0
2003/10/11 3:30,0,0
2003/10/11 4:00,0,0
2003/10/11 4:30,0,0
2003/10/11 5:00,0.253968254,1.142857143
2003/10/11 5:30,0.746031746,3.357142857
2003/10/11 6:00,19.3588137,87.11466165
2003/10/11 6:30,42.6411863,191.8853383
2003/10/11 7:00,82.15388471,369.6924812
2003/10/11 7:30,121.8461153,548.3075188
2003/10/11 8:00,149.0163522,670.5735849
2003/10/11 8:30,186.9836478,841.4264151
2003/10/11 9:00,239.3984626,1077.293082
2003/10/11 9:30,272.6015374,1226.706918
2003/10/11 10:00,283.0442955,1273.69933
2003/10/11 10:30,284.9557045,1282.30067
2003/10/11 11:00,271.5262977,1221.86834
2003/10/11 11:30,254.4737023,1145.13166
2003/10/11 12:00,230.1894755,1035.85264
2003/10/11 12:30,207.8105245,935.1473602
2003/10/11 13:00,186.7286003,840.2787014
2003/10/11 13:30,162.2713997,730.2212986
2003/10/11 14:00,141.9979167,638.9906253
2003/10/11 14:30,107.0020833,481.5093747
2003/10/11 15:00,67.43193277,303.4436975
2003/10/11 15:30,40.56806723,182.5563025
2003/10/11 16:00,18.9,85.05
2003/10/11 16:30,8.1,36.45
2003/10/11 17:00,0,0
2003/10/11 17:30,0,0
2003/10/11 18:00,0,0
2003/10/11 18:30,0,0
2003/10/11 19:00,0,0
2003/10/11 19:30,0,0
2003/10/11 20:00,0,0
2003/10/11 20:30,0,0
2003/10/11 21:00,0,0
2003/10/11 21:30,0,0
2003/10/11 22:00,0,0
2003/10/11 22:30,0,0
2003/10/11 23:00,0,0
2003/10/11 23:30,0,0
2003/10/12 0:00,0,0
2003/10/12 0:30,0,0
2003/10/12 1:00,0,0
2003/10/12 1:30,0,0
2003/10/12 2:00,0,0
2003/10/12 2:30,0,0
2003/10/12 3:00,0,0
2003/10/12 3:30,0,0
2003/10/12 4:00,0,0
2003/10/12 4:30,0,0
2003/10/12 5:00,0,0
2003/10/12 5:30,0,0
2003/10/12 6:00,2.260416667,10.171875
2003/10/12 6:30,4.739583333,21.328125
2003/10/12 7:00,6.87900641,30.95552885
2003/10/12 7:30,10.12099359,45.54447115
2003/10/12 8:00,14.32075391,64.44339261
2003/10/12 8:30,20.67924609,93.05660739
2003/10/12 9:00,30.9526344,139.2868548
2003/10/12 9:30,47.0473656,211.7131452
2003/10/12 10:00,85.44168861,384.4875988
2003/10/12 10:30,117.5583114,529.0124012
2003/10/12 11:00,136.5885657,614.6485456
2003/10/12 11:30,160.4114343,721.8514544
2003/10/12 12:00,186.5172117,839.3274528
2003/10/12 12:30,201.4827883,906.6725472
2003/10/12 13:00,209.1200924,941.0404159
2003/10/12 13:30,195.8799076,881.4595841
2003/10/12 14:00,163.9626071,737.8317319
2003/10/12 14:30,134.0373929,603.1682681
2003/10/12 15:00,109.1172503,491.0276265
2003/10/12 15:30,69.88274967,314.4723735
2003/10/12 16:00,28.83977273,129.7789773
2003/10/12 16:30,12.16022727,54.72102273
2003/10/12 17:00,0,0
2003/10/12 17:30,0,0
2003/10/12 18:00,0,0
2003/10/12 18:30,0,0
2003/10/12 19:00,0,0
2003/10/12 19:30,0,0
2003/10/12 20:00,0,0
2003/10/12 20:30,0,0
2003/10/12 21:00,0,0
2003/10/12 21:30,0,0
2003/10/12 22:00,0,0
2003/10/12 22:30,0,0
2003/10/12 23:00,0,0
2003/10/12 23:30,0,0
2003/10/13 0:00,0,0
2003/10/13 0:30,0,0
2003/10/13 1:00,0,0
2003/10/13 1:30,0,0
2003/10/13 2:00,0,0
2003/10/13 2:30,0,0
2003/10/13 3:00,0,0
2003/10/13 3:30,0,0
2003/10/13 4:00,0,0
2003/10/13 4:30,0,0
2003/10/13 5:00,0.253521127,1.14084507
2003/10/13 5:30,0.746478873,3.35915493
2003/10/13 6:00,21.76287232,97.93292542
2003/10/13 6:30,48.23712768,217.0670746
2003/10/13 7:00,96.41267836,433.8570526
2003/10/13 7:30,138.5873216,623.6429474
2003/10/13 8:00,164.9919808,742.4639137
2003/10/13 8:30,171.0080192,769.5360863
2003/10/13 9:00,132.3847445,595.7313501
2003/10/13 9:30,139.6152555,628.2686499
2003/10/13 10:00,212.8957414,958.0308361
2003/10/13 10:30,205.1042586,922.9691639
2003/10/13 11:00,136.4483086,614.0173888
2003/10/13 11:30,95.55169137,429.9826112
2003/10/13 12:00,59.72091562,268.7441203
2003/10/13 12:30,35.27908438,158.7558797
2003/10/13 13:00,12.97237454,58.37568544
2003/10/13 13:30,10.02762546,45.12431456
2003/10/13 14:00,13.65686275,61.45588235
2003/10/13 14:30,14.34313725,64.54411765
2003/10/13 15:00,14.06363636,63.28636364
2003/10/13 15:30,13.93636364,62.71363636
2003/10/13 16:00,16.93636364,76.21363636
2003/10/13 16:30,10.06363636,45.28636364
2003/10/13 17:00,0,0
2003/10/13 17:30,0,0
2003/10/13 18:00,0,0
2003/10/13 18:30,0,0
2003/10/13 19:00,0,0
2003/10/13 19:30,0,0
2003/10/13 20:00,0,0
2003/10/13 20:30,0,0
2003/10/13 21:00,0,0
2003/10/13 21:30,0,0
2003/10/13 22:00,0,0
2003/10/13 22:30,0,0
2003/10/13 23:00,0,0
2003/10/13 23:30,0,0
2003/10/14 0:00,0,0
2003/10/14 0:30,0,0
2003/10/14 1:00,0,0
2003/10/14 1:30,0,0
2003/10/14 2:00,0,0
2003/10/14 2:30,0,0
2003/10/14 3:00,0,0
2003/10/14 3:30,0,0
2003/10/14 4:00,0,0
2003/10/14 4:30,0,0
2003/10/14 5:00,0,0
2003/10/14 5:30,0,0
2003/10/14 6:00,5.061797753,22.77808989
2003/10/14 6:30,11.93820225,53.72191011
2003/10/14 7:00,29.74589455,133.8565255
2003/10/14 7:30,42.25410545,190.1434745
2003/10/14 8:00,40.83023873,183.7360743
2003/10/14 8:30,43.16976127,194.2639257
2003/10/14 9:00,43.00492611,193.5221675
2003/10/14 9:30,46.99507389,211.4778325
2003/10/14 10:00,56.7032967,255.1648352
2003/10/14 10:30,63.2967033,284.8351648
2003/10/14 11:00,72.45819398,326.0618729
2003/10/14 11:30,67.54180602,303.9381271
2003/10/14 12:00,51.89332659,233.5199697
2003/10/14 12:30,38.10667341,171.4800303
2003/10/14 13:00,22.22769872,100.0246442
2003/10/14 13:30,16.77230128,75.47535578
2003/10/14 14:00,16.2325216,73.04634721
2003/10/14 14:30,11.7674784,52.95365279
2003/10/14 15:00,6.127819549,27.57518797
2003/10/14 15:30,3.872180451,17.42481203
2003/10/14 16:00,2.714285714,12.21428571
2003/10/14 16:30,1.285714286,5.785714286
2003/10/14 17:00,0,0
2003/10/14 17:30,0,0
2003/10/14 18:00,0,0
2003/10/14 18:30,0,0
2003/10/14 19:00,0,0
2003/10/14 19:30,0,0
2003/10/14 20:00,0,0
2003/10/14 20:30,0,0
2003/10/14 21:00,0,0
2003/10/14 21:30,0,0
2003/10/14 22:00,0,0
2003/10/14 22:30,0,0
2003/10/14 23:00,0,0
2003/10/14 23:30,0,0
2003/10/15 0:00,0,0
2003/10/15 0:30,0,0
2003/10/15 1:00,0,0
2003/10/15 1:30,0,0
2003/10/15 2:00,0,0
2003/10/15 2:30,0,0
2003/10/15 3:00,0,0
2003/10/15 3:30,0,0
2003/10/15 4:00,0,0
2003/10/15 4:30,0,0
2003/10/15 5:00,0,0
2003/10/15 5:30,0,0
2003/10/15 6:00,4.130208333,18.5859375
2003/10/15 6:30,8.869791667,39.9140625
2003/10/15 7:00,14.30989583,64.39453125
2003/10/15 7:30,20.69010417,93.10546875
2003/10/15 8:00,25.92115957,116.6452181
2003/10/15 8:30,35.07884043,157.8547819
2003/10/15 9:00,51.5141162,231.8135229
2003/10/15 9:30,69.4858838,312.6864771
2003/10/15 10:00,94.43496489,424.957342
2003/10/15 10:30,113.5650351,511.042658
2003/10/15 11:00,119.9963218,539.9834483
2003/10/15 11:30,136.0036782,612.0165517
2003/10/15 12:00,164.0117691,738.0529609
2003/10/15 12:30,179.9882309,809.9470391
2003/10/15 13:00,187.5317083,843.8926875
2003/10/15 13:30,184.4682917,830.1073125
2003/10/15 14:00,174.6754465,786.0395091
2003/10/15 14:30,147.3245535,662.9604909
2003/10/15 15:00,112.0119094,504.0535925
2003/10/15 15:30,73.98809055,332.9464075
2003/10/15 16:00,37.4625,168.58125
2003/10/15 16:30,16.5375,74.41875
2003/10/15 17:00,0,0
2003/10/15 17:30,0,0
2003/10/15 18:00,0,0
2003/10/15 18:30,0,0
2003/10/15 19:00,0,0
2003/10/15 19:30,0,0
2003/10/15 20:00,0,0
2003/10/15 20:30,0,0
2003/10/15 21:00,0,0
2003/10/15 21:30,0,0
2003/10/15 22:00,0,0
2003/10/15 22:30,0,0
2003/10/15 23:00,0,0
2003/10/15 23:30,0,0
2003/10/16 0:00,0,0
2003/10/16 0:30,0,0
2003/10/16 1:00,0,0
2003/10/16 1:30,0,0
2003/10/16 2:00,0,0
2003/10/16 2:30,0,0
2003/10/16 3:00,0,0
2003/10/16 3:30,0,0
2003/10/16 4:00,0,0
2003/10/16 4:30,0,0
2003/10/16 5:00,0,0
2003/10/16 5:30,0,0
2003/10/16 6:00,3.580645161,16.11290323
2003/10/16 6:30,8.419354839,37.88709677
2003/10/16 7:00,20.45032829,92.0264773
2003/10/16 7:30,29.54967171,132.9735227
2003/10/16 8:00,28.32495875,127.4623144
2003/10/16 8:30,34.67504125,156.0376856
2003/10/16 9:00,50.08420864,225.3789389
2003/10/16 9:30,63.91579136,287.6210611
2003/10/16 10:00,79.19301133,356.368551
2003/10/16 10:30,90.80698867,408.631449
2003/10/16 11:00,95.59196631,430.1638484
2003/10/16 11:30,102.4080337,460.8361516
2003/10/16 12:00,105.5045111,474.7703002
2003/10/16 12:30,118.4954889,533.2296998
2003/10/16 13:00,151.2079691,680.435861
2003/10/16 13:30,164.7920309,741.564139
2003/10/16 14:00,167.8792958,755.4568311
2003/10/16 14:30,149.1207042,671.0431689
2003/10/16 15:00,116.2125172,522.9563276
2003/10/16 15:30,78.78748277,354.5436724
2003/10/16 16:00,41.47058824,186.6176471
2003/10/16 16:30,18.52941176,83.38235294
2003/10/16 17:00,0,0
2003/10/16 17:30,0,0
2003/10/16 18:00,0,0
2003/10/16 18:30,0,0
2003/10/16 19:00,0,0
2003/10/16 19:30,0,0
2003/10/16 20:00,0,0
2003/10/16 20:30,0,0
2003/10/16 21:00,0,0
2003/10/16 21:30,0,0
2003/10/16 22:00,0,0
2003/10/16 22:30,0,0
2003/10/16 23:00,0,0
2003/10/16 23:30,0,0
2003/10/17 0:00,0,0
2003/10/17 0:30,0,0
2003/10/17 1:00,0,0
2003/10/17 1:30,0,0
2003/10/17 2:00,0,0
2003/10/17 2:30,0,0
2003/10/17 3:00,0,0
2003/10/17 3:30,0,0
2003/10/17 4:00,0,0
2003/10/17 4:30,0,0
2003/10/17 5:00,0.252941176,1.138235294
2003/10/17 5:30,0.747058824,3.361764706
2003/10/17 6:00,26.30150008,118.3567504
2003/10/17 6:30,57.69849992,259.6432496
2003/10/17 7:00,106.6131526,479.7591868
2003/10/17 7:30,158.3868474,712.7408132
2003/10/17 8:00,204.3609504,919.6242766
2003/10/17 8:30,249.6390496,1123.375723
2003/10/17 9:00,283.0078088,1273.53514
2003/10/17 9:30,313.9921912,1412.96486
2003/10/17 10:00,336.324384,1513.459728
2003/10/17 10:30,352.675616,1587.040272
2003/10/17 11:00,365.1018832,1642.958474
2003/10/17 11:30,356.8981168,1606.041526
2003/10/17 12:00,328.586806,1478.640627
2003/10/17 12:30,300.413194,1351.859373
2003/10/17 13:00,264.9017138,1192.057712
2003/10/17 13:30,239.0982862,1075.942288
2003/10/17 14:00,230.412135,1036.854607
2003/10/17 14:30,186.587865,839.6453926
2003/10/17 15:00,130.219122,585.9860488
2003/10/17 15:30,81.78087804,368.0139512
2003/10/17 16:00,38.417603,172.8792135
2003/10/17 16:30,16.582397,74.62078652
2003/10/17 17:00,0,0
2003/10/17 17:30,0,0
2003/10/17 18:00,0,0
2003/10/17 18:30,0,0
2003/10/17 19:00,0,0
2003/10/17 19:30,0,0
2003/10/17 20:00,0,0
2003/10/17 20:30,0,0
2003/10/17 21:00,0,0
2003/10/17 21:30,0,0
2003/10/17 22:00,0,0
2003/10/17 22:30,0,0
2003/10/17 23:00,0,0
2003/10/17 23:30,0,0
2003/10/18 0:00,0,0
2003/10/18 0:30,0,0
2003/10/18 1:00,0,0
2003/10/18 1:30,0,0
2003/10/18 2:00,0,0
2003/10/18 2:30,0,0
2003/10/18 3:00,0,0
2003/10/18 3:30,0,0
2003/10/18 4:00,0,0
2003/10/18 4:30,0,0
2003/10/18 5:00,0,0
2003/10/18 5:30,0,0
2003/10/18 6:00,16.1518595,72.68336777
2003/10/18 6:30,36.8481405,165.8166322
2003/10/18 7:00,76.43833037,343.9724867
2003/10/18 7:30,112.5616696,506.5275133
2003/10/18 8:00,133.9609081,602.8240864
2003/10/18 8:30,151.0390919,679.6759136
2003/10/18 9:00,145.5397804,654.9290118
2003/10/18 9:30,161.4602196,726.5709882
2003/10/18 10:00,204.9516631,922.2824838
2003/10/18 10:30,228.0483369,1026.217516
2003/10/18 11:00,236.6181728,1064.781778
2003/10/18 11:30,235.3818272,1059.218222
2003/10/18 12:00,217.1209585,977.0443134
2003/10/18 12:30,206.8790415,930.9556866
2003/10/18 13:00,209.6816225,943.567301
2003/10/18 13:30,179.3183775,806.932699
2003/10/18 14:00,126.1886384,567.8488729
2003/10/18 14:30,97.81136157,440.1511271
2003/10/18 15:00,84.18735201,378.8430841
2003/10/18 15:30,53.81264799,242.1569159
2003/10/18 16:00,21.16071429,95.22321429
2003/10/18 16:30,8.839285714,39.77678571
2003/10/18 17:00,0,0
2003/10/18 17:30,0,0
2003/10/18 18:00,0,0
2003/10/18 18:30,0,0
2003/10/18 19:00,0,0
2003/10/18 19:30,0,0
2003/10/18 20:00,0,0
2003/10/18 20:30,0,0
2003/10/18 21:00,0,0
2003/10/18 21:30,0,0
2003/10/18 22:00,0,0
2003/10/18 22:30,0,0
2003/10/18 23:00,0,0
2003/10/18 23:30,0,0
2003/10/19 0:00,0,0
2003/10/19 0:30,0,0
2003/10/19 1:00,0,0
2003/10/19 1:30,0,0
2003/10/19 2:00,0,0
2003/10/19 2:30,0,0
2003/10/19 3:00,0,0
2003/10/19 3:30,0,0
2003/10/19 4:00,0,0
2003/10/19 4:30,0,0
2003/10/19 5:00,0,0
2003/10/19 5:30,0,0
2003/10/19 6:00,18.42205323,82.89923954
2003/10/19 6:30,41.57794677,187.1007605
2003/10/19 7:00,80.05987448,360.2694352
2003/10/19 7:30,122.9401255,553.2305648
2003/10/19 8:00,166.0520529,747.2342379
2003/10/19 8:30,211.9479471,953.7657621
2003/10/19 9:00,254.7264276,1146.268924
2003/10/19 9:30,294.2735724,1324.231076
2003/10/19 10:00,327.5250991,1473.862946
2003/10/19 10:30,348.4749009,1568.137054
2003/10/19 11:00,355.5156976,1599.820639
2003/10/19 11:30,348.4843024,1568.179361
2003/10/19 12:00,330.2735835,1486.231126
2003/10/19 12:30,293.7264165,1321.768874
2003/10/19 13:00,237.9057011,1070.575655
2003/10/19 13:30,201.0942989,904.9243451
2003/10/19 14:00,171.8785087,773.4532893
2003/10/19 14:30,145.1214913,653.0467107
2003/10/19 15:00,133.1081551,598.9866981
2003/10/19 15:30,88.89184486,400.0133019
2003/10/19 16:00,36.53284672,164.3978102
2003/10/19 16:30,15.46715328,69.60218978
2003/10/19 17:00,0,0
2003/10/19 17:30,0,0
2003/10/19 18:00,0,0
2003/10/19 18:30,0,0
2003/10/19 19:00,0,0
2003/10/19 19:30,0,0
2003/10/19 20:00,0,0
2003/10/19 20:30,0,0
2003/10/19 21:00,0,0
2003/10/19 21:30,0,0
2003/10/19 22:00,0,0
2003/10/19 22:30,0,0
2003/10/19 23:00,0,0
2003/10/19 23:30,0,0
2003/10/20 0:00,0,0
2003/10/20 0:30,0,0
2003/10/20 1:00,0,0
2003/10/20 1:30,0,0
2003/10/20 2:00,0,0
2003/10/20 2:30,0,0
2003/10/20 3:00,0,0
2003/10/20 3:30,0,0
2003/10/20 4:00,0,0
2003/10/20 4:30,0,0
2003/10/20 5:00,0,0
2003/10/20 5:30,0,0
2003/10/20 6:00,7.309090909,32.89090909
2003/10/20 6:30,16.69090909,75.10909091
2003/10/20 7:00,32.724478,147.260151
2003/10/20 7:30,53.275522,239.739849
2003/10/20 8:00,78.93911698,355.2260264
2003/10/20 8:30,118.060883,531.2739736
2003/10/20 9:00,202.755575,912.4000874
2003/10/20 9:30,259.244425,1166.599913
2003/10/20 10:00,266.3197741,1198.438983
2003/10/20 10:30,283.6802259,1276.561017
2003/10/20 11:00,295.9130429,1331.608693
2003/10/20 11:30,299.0869571,1345.891307
2003/10/20 12:00,293.663454,1321.485543
2003/10/20 12:30,280.336546,1261.514457
2003/10/20 13:00,259.6000396,1168.200178
2003/10/20 13:30,234.3999604,1054.799822
2003/10/20 14:00,209.1086239,940.9888077
2003/10/20 14:30,171.8913761,773.5111923
2003/10/20 15:00,135.6371284,610.3670777
2003/10/20 15:30,87.36287162,393.1329223
2003/10/20 16:00,38.52967626,173.3835432
2003/10/20 16:30,16.47032374,74.11645683
2003/10/20 17:00,0,0
2003/10/20 17:30,0,0
2003/10/20 18:00,0,0
2003/10/20 18:30,0,0
2003/10/20 19:00,0,0
2003/10/20 19:30,0,0
2003/10/20 20:00,0,0
2003/10/20 20:30,0,0
2003/10/20 21:00,0,0
2003/10/20 21:30,0,0
2003/10/20 22:00,0,0
2003/10/20 22:30,0,0
2003/10/20 23:00,0,0
2003/10/20 23:30,0,0
2003/10/21 0:00,0,0
2003/10/21 0:30,0,0
2003/10/21 1:00,0,0
2003/10/21 1:30,0,0
2003/10/21 2:00,0,0
2003/10/21 2:30,0,0
2003/10/21 3:00,0,0
2003/10/21 3:30,0,0
2003/10/21 4:00,0,0
2003/10/21 4:30,0,0
2003/10/21 5:00,0,0
2003/10/21 5:30,0,0
2003/10/21 6:00,18.515625,83.3203125
2003/10/21 6:30,41.484375,186.6796875
2003/10/21 7:00,79.06077732,355.7734979
2003/10/21 7:30,116.9392227,526.2265021
2003/10/21 8:00,147.1095949,661.9931768
2003/10/21 8:30,173.8904051,782.5068232
2003/10/21 9:00,183.3764306,825.1939376
2003/10/21 9:30,202.6235694,911.8060624
2003/10/21 10:00,233.4399357,1050.479711
2003/10/21 10:30,245.5600643,1105.020289
2003/10/21 11:00,238.2803746,1072.261686
2003/10/21 11:30,234.7196254,1056.238314
2003/10/21 12:00,235.1622365,1058.230064
2003/10/21 12:30,215.8377635,971.2699359
2003/10/21 13:00,184.0513011,828.2308547
2003/10/21 13:30,150.9486989,679.2691453
2003/10/21 14:00,115.7818701,521.0184154
2003/10/21 14:30,86.21812991,387.9815846
2003/10/21 15:00,61.40689367,276.3310215
2003/10/21 15:30,38.59310633,173.6689785
2003/10/21 16:00,18.81496063,84.66732283
2003/10/21 16:30,8.18503937,36.83267717
2003/10/21 17:00,0,0
2003/10/21 17:30,0,0
2003/10/21 18:00,0,0
2003/10/21 18:30,0,0
2003/10/21 19:00,0,0
2003/10/21 19:30,0,0
2003/10/21 20:00,0,0
2003/10/21 20:30,0,0
2003/10/21 21:00,0,0
2003/10/21 21:30,0,0
2003/10/21 22:00,0,0
2003/10/21 22:30,0,0
2003/10/21 23:00,0,0
2003/10/21 23:30,0,0
2003/10/22 0:00,0,0
2003/10/22 0:30,0,0
2003/10/22 1:00,0,0
2003/10/22 1:30,0,0
2003/10/22 2:00,0,0
2003/10/22 2:30,0,0
2003/10/22 3:00,0,0
2003/10/22 3:30,0,0
2003/10/22 4:00,0,0
2003/10/22 4:30,0,0
2003/10/22 5:00,0,0
2003/10/22 5:30,0,0
2003/10/22 6:00,3.857142857,17.35714286
2003/10/22 6:30,8.142857143,36.64285714
2003/10/22 7:00,11.65178571,52.43303571
2003/10/22 7:30,18.34821429,82.56696429
2003/10/22 8:00,34.52406635,155.3582986
2003/10/22 8:30,47.47593365,213.6417014
2003/10/22 9:00,54.43588474,244.9614813
2003/10/22 9:30,60.56411526,272.5385187
2003/10/22 10:00,55.41031496,249.3464173
2003/10/22 10:30,70.58968504,317.6535827
2003/10/22 11:00,153.4803339,690.6615024
2003/10/22 11:30,167.5196661,753.8384976
2003/10/22 12:00,100.9820693,454.4193119
2003/10/22 12:30,87.01793069,391.5806881
2003/10/22 13:00,93.08523147,418.8835416
2003/10/22 13:30,81.91476853,368.6164584
2003/10/22 14:00,63.52022956,285.841033
2003/10/22 14:30,48.47977044,218.158967
2003/10/22 15:00,34.83499246,156.7574661
2003/10/22 15:30,23.16500754,104.2425339
2003/10/22 16:00,13.71794872,61.73076923
2003/10/22 16:30,6.282051282,28.26923077
2003/10/22 17:00,0,0
2003/10/22 17:30,0,0
2003/10/22 18:00,0,0
2003/10/22 18:30,0,0
2003/10/22 19:00,0,0
2003/10/22 19:30,0,0
2003/10/22 20:00,0,0
2003/10/22 20:30,0,0
2003/10/22 21:00,0,0
2003/10/22 21:30,0,0
2003/10/22 22:00,0,0
2003/10/22 22:30,0,0
2003/10/22 23:00,0,0
2003/10/22 23:30,0,0
2003/10/23 0:00,0,0
2003/10/23 0:30,0,0
2003/10/23 1:00,0,0
2003/10/23 1:30,0,0
2003/10/23 2:00,0,0
2003/10/23 2:30,0,0
2003/10/23 3:00,0,0
2003/10/23 3:30,0,0
2003/10/23 4:00,0,0
2003/10/23 4:30,0,0
2003/10/23 5:00,0,0
2003/10/23 5:30,0,0
2003/10/23 6:00,8.690068493,39.10530822
2003/10/23 6:30,20.30993151,91.39469178
2003/10/23 7:00,45.52552784,204.8648753
2003/10/23 7:30,71.47447216,321.6351247
2003/10/23 8:00,96.11548475,432.5196814
2003/10/23 8:30,113.8845152,512.4803186
2003/10/23 9:00,113.0628285,508.7827285
2003/10/23 9:30,120.9371715,544.2172715
2003/10/23 10:00,134.7310904,606.2899067
2003/10/23 10:30,140.2689096,631.2100933
2003/10/23 11:00,134.7408027,606.333612
2003/10/23 11:30,140.2591973,631.166388
2003/10/23 12:00,157.2239409,707.5077341
2003/10/23 12:30,165.7760591,745.9922659
2003/10/23 13:00,172.7986994,777.5941474
2003/10/23 13:30,167.2013006,752.4058526
2003/10/23 14:00,153.6585703,691.4635662
2003/10/23 14:30,129.3414297,582.0364338
2003/10/23 15:00,104.050759,468.2284155
2003/10/23 15:30,64.949241,292.2715845
2003/10/23 16:00,23.40222772,105.3100248
2003/10/23 16:30,9.597772277,43.18997525
2003/10/23 17:00,0,0
2003/10/23 17:30,0,0
2003/10/23 18:00,0,0
2003/10/23 18:30,0,0
2003/10/23 19:00,0,0
2003/10/23 19:30,0,0
2003/10/23 20:00,0,0
2003/10/23 20:30,0,0
2003/10/23 21:00,0,0
2003/10/23 21:30,0,0
2003/10/23 22:00,0,0
2003/10/23 22:30,0,0
2003/10/23 23:00,0,0
2003/10/23 23:30,0,0
2003/10/24 0:00,0,0
2003/10/24 0:30,0,0
2003/10/24 1:00,0,0
2003/10/24 1:30,0,0
2003/10/24 2:00,0,0
2003/10/24 2:30,0,0
2003/10/24 3:00,0,0
2003/10/24 3:30,0,0
2003/10/24 4:00,0,0
2003/10/24 4:30,0,0
2003/10/24 5:00,0,0
2003/10/24 5:30,0,0
2003/10/24 6:00,21.07042254,94.81690141
2003/10/24 6:30,46.92957746,211.1830986
2003/10/24 7:00,85.92632014,386.6684406
2003/10/24 7:30,130.0736799,585.3315594
2003/10/24 8:00,177.1308138,797.0886623
2003/10/24 8:30,220.8691862,993.9113377
2003/10/24 9:00,250.3899004,1126.754552
2003/10/24 9:30,280.6100996,1262.745448
2003/10/24 10:00,308.5511077,1388.479984
2003/10/24 10:30,320.4488923,1442.020016
2003/10/24 11:00,309.7439861,1393.847937
2003/10/24 11:30,308.2560139,1387.152063
2003/10/24 12:00,315.3635958,1419.136181
2003/10/24 12:30,301.6364042,1357.363819
2003/10/24 13:00,274.3190997,1234.435949
2003/10/24 13:30,242.6809003,1092.064051
2003/10/24 14:00,210.4426879,946.9920957
2003/10/24 14:30,166.5573121,749.5079043
2003/10/24 15:00,123.0538355,553.7422598
2003/10/24 15:30,75.94616448,341.7577402
2003/10/24 16:00,31.00823045,139.537037
2003/10/24 16:30,12.99176955,58.46296296
2003/10/24 17:00,0,0
2003/10/24 17:30,0,0
2003/10/24 18:00,0,0
2003/10/24 18:30,0,0
2003/10/24 19:00,0,0
2003/10/24 19:30,0,0
2003/10/24 20:00,0,0
2003/10/24 20:30,0,0
2003/10/24 21:00,0,0
2003/10/24 21:30,0,0
2003/10/24 22:00,0,0
2003/10/24 22:30,0,0
2003/10/24 23:00,0,0
2003/10/24 23:30,0,0
2003/10/25 0:00,0,0
2003/10/25 0:30,0,0
2003/10/25 1:00,0,0
2003/10/25 1:30,0,0
2003/10/25 2:00,0,0
2003/10/25 2:30,0,0
2003/10/25 3:00,0,0
2003/10/25 3:30,0,0
2003/10/25 4:00,0,0
2003/10/25 4:30,0,0
2003/10/25 5:00,0,0
2003/10/25 5:30,0,0
2003/10/25 6:00,5.08045977,22.86206897
2003/10/25 6:30,11.91954023,53.63793103
2003/10/25 7:00,25.59511275,115.1780074
2003/10/25 7:30,44.40488725,199.8219926
2003/10/25 8:00,81.12398695,365.0579413
2003/10/25 8:30,110.876013,498.9420587
2003/10/25 9:00,121.8021072,548.1094824
2003/10/25 9:30,140.1978928,630.8905176
2003/10/25 10:00,160.6844406,723.0799828
2003/10/25 10:30,177.3155594,797.9200172
2003/10/25 11:00,194.8603609,876.8716238
2003/10/25 11:30,194.1396391,873.6283762
2003/10/25 12:00,175.2502155,788.6259699
2003/10/25 12:30,157.7497845,709.8740301
2003/10/25 13:00,137.224006,617.5080269
2003/10/25 13:30,117.775994,529.9919731
2003/10/25 14:00,99.40699201,447.331464
2003/10/25 14:30,80.59300799,362.668536
2003/10/25 15:00,67.24751214,302.6138046
2003/10/25 15:30,41.75248786,187.8861954
2003/10/25 16:00,14.2248062,64.01162791
2003/10/25 16:30,5.775193798,25.98837209
2003/10/25 17:00,0,0
2003/10/25 17:30,0,0
2003/10/25 18:00,0,0
2003/10/25 18:30,0,0
2003/10/25 19:00,0,0
2003/10/25 19:30,0,0
2003/10/25 20:00,0,0
2003/10/25 20:30,0,0
2003/10/25 21:00,0,0
2003/10/25 21:30,0,0
2003/10/25 22:00,0,0
2003/10/25 22:30,0,0
2003/10/25 23:00,0,0
2003/10/25 23:30,0,0
2003/10/26 0:00,0,0
2003/10/26 0:30,0,0
2003/10/26 1:00,0,0
2003/10/26 1:30,0,0
2003/10/26 2:00,0,0
2003/10/26 2:30,0,0
2003/10/26 3:00,0,0
2003/10/26 3:30,0,0
2003/10/26 4:00,0,0
2003/10/26 4:30,0,0
2003/10/26 5:00,0,0
2003/10/26 5:30,0,0
2003/10/26 6:00,9.597772277,43.18997525
2003/10/26 6:30,23.40222772,105.3100248
2003/10/26 7:00,62.83086757,282.7389041
2003/10/26 7:30,106.1691324,477.7610959
2003/10/26 8:00,150.3184032,676.4328142
2003/10/26 8:30,202.6815968,912.0671858
2003/10/26 9:00,267.619816,1204.289172
2003/10/26 9:30,309.380184,1392.210828
2003/10/26 10:00,317.6577715,1429.459972
2003/10/26 10:30,318.3422285,1432.540028
2003/10/26 11:00,295.6268581,1330.320861
2003/10/26 11:30,286.3731419,1288.679139
2003/10/26 12:00,294.3993588,1324.797115
2003/10/26 12:30,265.6006412,1195.202885
2003/10/26 13:00,205.9908792,926.9589562
2003/10/26 13:30,178.0091208,801.0410438
2003/10/26 14:00,172.4861106,776.1874979
2003/10/26 14:30,138.5138894,623.3125021
2003/10/26 15:00,97.68184016,439.5682807
2003/10/26 15:30,58.31815984,262.4317193
2003/10/26 16:00,21.29032258,95.80645161
2003/10/26 16:30,8.709677419,39.19354839
2003/10/26 17:00,0,0
2003/10/26 17:30,0,0
2003/10/26 18:00,0,0
2003/10/26 18:30,0,0
2003/10/26 19:00,0,0
2003/10/26 19:30,0,0
2003/10/26 20:00,0,0
2003/10/26 20:30,0,0
2003/10/26 21:00,0,0
2003/10/26 21:30,0,0
2003/10/26 22:00,0,0
2003/10/26 22:30,0,0
2003/10/26 23:00,0,0
2003/10/26 23:30,0,0
2003/10/27 0:00,0,0
2003/10/27 0:30,0,0
2003/10/27 1:00,0,0
2003/10/27 1:30,0,0
2003/10/27 2:00,0,0
2003/10/27 2:30,0,0
2003/10/27 3:00,0,0
2003/10/27 3:30,0,0
2003/10/27 4:00,0,0
2003/10/27 4:30,0,0
2003/10/27 5:00,0,0
2003/10/27 5:30,0,0
2003/10/27 6:00,4.780487805,21.51219512
2003/10/27 6:30,11.2195122,50.48780488
2003/10/27 7:00,25.48141696,114.6663763
2003/10/27 7:30,40.51858304,182.3336237
2003/10/27 8:00,54.13776079,243.6199236
2003/10/27 8:30,68.86223921,309.8800764
2003/10/27 9:00,83.37505972,375.1877688
2003/10/27 9:30,92.62494028,416.8122312
2003/10/27 10:00,89.31729246,401.9278161
2003/10/27 10:30,98.68270754,444.0721839
2003/10/27 11:00,127.1978445,572.3903001
2003/10/27 11:30,135.8021555,611.1096999
2003/10/27 12:00,126.9879156,571.4456201
2003/10/27 12:30,118.0120844,531.0543799
2003/10/27 13:00,102.0394265,459.1774194
2003/10/27 13:30,93.96057348,422.8225806
2003/10/27 14:00,98.28319731,442.2743879
2003/10/27 14:30,77.71680269,349.7256121
2003/10/27 15:00,46.28880294,208.2996132
2003/10/27 15:30,26.71119706,120.2003868
2003/10/27 16:00,10.61079545,47.74857955
2003/10/27 16:30,4.389204545,19.75142045
2003/10/27 17:00,0,0
2003/10/27 17:30,0,0
2003/10/27 18:00,0,0
2003/10/27 18:30,0,0
2003/10/27 19:00,0,0
2003/10/27 19:30,0,0
2003/10/27 20:00,0,0
2003/10/27 20:30,0,0
2003/10/27 21:00,0,0
2003/10/27 21:30,0,0
2003/10/27 22:00,0,0
2003/10/27 22:30,0,0
2003/10/27 23:00,0,0
2003/10/27 23:30,0,0
2003/10/28 0:00,0,0
2003/10/28 0:30,0,0
2003/10/28 1:00,0,0
2003/10/28 1:30,0,0
2003/10/28 2:00,0,0
2003/10/28 2:30,0,0
2003/10/28 3:00,0,0
2003/10/28 3:30,0,0
2003/10/28 4:00,0,0
2003/10/28 4:30,0,0
2003/10/28 5:00,0,0
2003/10/28 5:30,0,0
2003/10/28 6:00,1.142857143,5.142857143
2003/10/28 6:30,2.857142857,12.85714286
2003/10/28 7:00,8.551260504,38.48067227
2003/10/28 7:30,15.4487395,69.51932773
2003/10/28 8:00,24.78200595,111.5190268
2003/10/28 8:30,36.21799405,162.9809732
2003/10/28 9:00,57.19141567,257.3613705
2003/10/28 9:30,59.80858433,269.1386295
2003/10/28 10:00,40.96254203,184.3314392
2003/10/28 10:30,33.03745797,148.6685608
2003/10/28 11:00,25.02757636,112.6240936
2003/10/28 11:30,23.97242364,107.8759064
2003/10/28 12:00,29.46086086,132.5738739
2003/10/28 12:30,32.53913914,146.4261261
2003/10/28 13:00,36.01352373,162.0608568
2003/10/28 13:30,36.98647627,166.4391432
2003/10/28 14:00,38.51639525,173.3237786
2003/10/28 14:30,30.48360475,137.1762214
2003/10/28 15:00,17.48059476,78.66267641
2003/10/28 15:30,9.519405242,42.83732359
2003/10/28 16:00,2.870967742,12.91935484
2003/10/28 16:30,1.129032258,5.080645161
2003/10/28 17:00,0,0
2003/10/28 17:30,0,0
2003/10/28 18:00,0,0
2003/10/28 18:30,0,0
2003/10/28 19:00,0,0
2003/10/28 19:30,0,0
2003/10/28 20:00,0,0
2003/10/28 20:30,0,0
2003/10/28 21:00,0,0
2003/10/28 21:30,0,0
2003/10/28 22:00,0,0
2003/10/28 22:30,0,0
2003/10/28 23:00,0,0
2003/10/28 23:30,0,0
2003/10/29 0:00,0,0
2003/10/29 0:30,0,0
2003/10/29 1:00,0,0
2003/10/29 1:30,0,0
2003/10/29 2:00,0,0
2003/10/29 2:30,0,0
2003/10/29 3:00,0,0
2003/10/29 3:30,0,0
2003/10/29 4:00,0,0
2003/10/29 4:30,0,0
2003/10/29 5:00,0,0
2003/10/29 5:30,0,0
2003/10/29 6:00,15.23187023,68.54341603
2003/10/29 6:30,35.76812977,160.956584
2003/10/29 7:00,84.34044778,379.532015
2003/10/29 7:30,126.6595522,569.967985
2003/10/29 8:00,142.7147832,642.2165246
2003/10/29 8:30,168.2852168,757.2834754
2003/10/29 9:00,191.6594228,862.4674027
2003/10/29 9:30,218.3405772,982.5325973
2003/10/29 10:00,249.1416984,1121.137643
2003/10/29 10:30,275.8583016,1241.362357
2003/10/29 11:00,306.2975406,1378.338933
2003/10/29 11:30,310.7024594,1398.161067
2003/10/29 12:00,288.7088852,1299.189983
2003/10/29 12:30,267.2911148,1202.810017
2003/10/29 13:00,239.7831643,1079.02424
2003/10/29 13:30,213.2168357,959.4757605
2003/10/29 14:00,194.0970424,873.4366909
2003/10/29 14:30,152.9029576,688.0633091
2003/10/29 15:00,106.9704187,481.3668841
2003/10/29 15:30,63.0295813,283.6331159
2003/10/29 16:00,22.05472637,99.24626866
2003/10/29 16:30,8.945273632,40.25373134
2003/10/29 17:00,0,0
2003/10/29 17:30,0,0
2003/10/29 18:00,0,0
2003/10/29 18:30,0,0
2003/10/29 19:00,0,0
2003/10/29 19:30,0,0
2003/10/29 20:00,0,0
2003/10/29 20:30,0,0
2003/10/29 21:00,0,0
2003/10/29 21:30,0,0
2003/10/29 22:00,0,0
2003/10/29 22:30,0,0
2003/10/29 23:00,0,0
2003/10/29 23:30,0,0
2003/10/30 0:00,0,0
2003/10/30 0:30,0,0
2003/10/30 1:00,0,0
2003/10/30 1:30,0,0
2003/10/30 2:00,0,0
2003/10/30 2:30,0,0
2003/10/30 3:00,0,0
2003/10/30 3:30,0,0
2003/10/30 4:00,0,0
2003/10/30 4:30,0,0
2003/10/30 5:00,0,0
2003/10/30 5:30,0,0
2003/10/30 6:00,15.78519856,71.0333935
2003/10/30 6:30,37.21480144,167.4666065
2003/10/30 7:00,86.8496329,390.8233481
2003/10/30 7:30,137.1503671,617.1766519
2003/10/30 8:00,177.7318352,799.7932584
2003/10/30 8:30,221.2681648,995.7067416
2003/10/30 9:00,257.4544888,1158.5452
2003/10/30 9:30,288.5455112,1298.4548
2003/10/30 10:00,308.2116473,1386.952413
2003/10/30 10:30,322.7883527,1452.547587
2003/10/30 11:00,330.0908127,1485.408657
2003/10/30 11:30,326.9091873,1471.091343
2003/10/30 12:00,314.3647936,1414.641571
2003/10/30 12:30,292.6352064,1316.858429
2003/10/30 13:00,262.9997845,1183.49903
2003/10/30 13:30,230.0002155,1035.00097
2003/10/30 14:00,197.9212334,890.6455501
2003/10/30 14:30,156.0787666,702.3544499
2003/10/30 15:00,117.4426372,528.4918675
2003/10/30 15:30,69.55736277,313.0081325
2003/10/30 16:00,22.14793578,99.66571101
2003/10/30 16:30,8.85206422,39.83428899
2003/10/30 17:00,0,0
2003/10/30 17:30,0,0
2003/10/30 18:00,0,0
2003/10/30 18:30,0,0
2003/10/30 19:00,0,0
2003/10/30 19:30,0,0
2003/10/30 20:00,0,0
2003/10/30 20:30,0,0
2003/10/30 21:00,0,0
2003/10/30 21:30,0,0
2003/10/30 22:00,0,0
2003/10/30 22:30,0,0
2003/10/30 23:00,0,0
2003/10/30 23:30,0,0
2003/10/31 0:00,0,0
2003/10/31 0:30,0,0
2003/10/31 1:00,0,0
2003/10/31 1:30,0,0
2003/10/31 2:00,0,0
2003/10/31 2:30,0,0
2003/10/31 3:00,0,0
2003/10/31 3:30,0,0
2003/10/31 4:00,0,0
2003/10/31 4:30,0,0
2003/10/31 5:00,0,0
2003/10/31 5:30,0,0
2003/10/31 6:00,10.17052023,45.76734104
2003/10/31 6:30,23.82947977,107.232659
2003/10/31 7:00,53.56521178,241.043453
2003/10/31 7:30,85.43478822,384.456547
2003/10/31 8:00,114.2007643,513.9034395
2003/10/31 8:30,149.7992357,674.0965605
2003/10/31 9:00,193.2041454,869.4186541
2003/10/31 9:30,227.7958546,1025.081346
2003/10/31 10:00,249.0244437,1120.609997
2003/10/31 10:30,264.9755563,1192.390003
2003/10/31 11:00,275.1468412,1238.160785
2003/10/31 11:30,264.8531588,1191.839215
2003/10/31 12:00,227.5390629,1023.925783
2003/10/31 12:30,213.4609371,960.5742169
2003/10/31 13:00,224.9395304,1012.227887
2003/10/31 13:30,193.0604696,868.7721134
2003/10/31 14:00,132.1395056,594.6277751
2003/10/31 14:30,103.8604944,467.3722249
2003/10/31 15:00,97.24595221,437.6067849
2003/10/31 15:30,59.75404779,268.8932151
2003/10/31 16:00,15.82402235,71.20810056
2003/10/31 16:30,6.175977654,27.79189944
2003/10/31 17:00,0,0
2003/10/31 17:30,0,0
2003/10/31 18:00,0,0
2003/10/31 18:30,0,0
2003/10/31 19:00,0,0
2003/10/31 19:30,0,0
2003/10/31 20:00,0,0
2003/10/31 20:30,0,0
2003/10/31 21:00,0,0
2003/10/31 21:30,0,0
2003/10/31 22:00,0,0
2003/10/31 22:30,0,0
2003/10/31 23:00,0,0
2003/10/31 23:30,0,0
2003/11/1 0:00,0,0
2003/11/1 0:30,0,0
2003/11/1 1:00,0,0
2003/11/1 1:30,0,0
2003/11/1 2:00,0,0
2003/11/1 2:30,0,0
2003/11/1 3:00,0,0
2003/11/1 3:30,0,0
2003/11/1 4:00,0,0
2003/11/1 4:30,0,0
2003/11/1 5:00,0,0
2003/11/1 5:30,0,0
2003/11/1 6:00,9.6,43.2
2003/11/1 6:30,22.4,100.8
2003/11/1 7:00,50.81212121,228.6545455
2003/11/1 7:30,77.18787879,347.3454545
2003/11/1 8:00,90.36819688,406.656886
2003/11/1 8:30,111.6318031,502.343114
2003/11/1 9:00,137.5068106,618.7806478
2003/11/1 9:30,163.4931894,735.7193522
2003/11/1 10:00,194.7237936,876.2570713
2003/11/1 10:30,211.2762064,950.7429287
2003/11/1 11:00,205.9102205,926.5959924
2003/11/1 11:30,212.0897795,954.4040076
2003/11/1 12:00,241.9552577,1088.79866
2003/11/1 12:30,215.0447423,967.7013403
2003/11/1 13:00,142.6473015,641.9128566
2003/11/1 13:30,114.3526985,514.5871434
2003/11/1 14:00,103.3004359,464.8519615
2003/11/1 14:30,82.6995641,372.1480385
2003/11/1 15:00,64.13617953,288.6128079
2003/11/1 15:30,39.86382047,179.3871921
2003/11/1 16:00,15.53968254,69.92857143
2003/11/1 16:30,6.46031746,29.07142857
2003/11/1 17:00,0,0
2003/11/1 17:30,0,0
2003/11/1 18:00,0,0
2003/11/1 18:30,0,0
2003/11/1 19:00,0,0
2003/11/1 19:30,0,0
2003/11/1 20:00,0,0
2003/11/1 20:30,0,0
2003/11/1 21:00,0,0
2003/11/1 21:30,0,0
2003/11/1 22:00,0,0
2003/11/1 22:30,0,0
2003/11/1 23:00,0,0
2003/11/1 23:30,0,0
2003/11/2 0:00,0,0
2003/11/2 0:30,0,0
2003/11/2 1:00,0,0
2003/11/2 1:30,0,0
2003/11/2 2:00,0,0
2003/11/2 2:30,0,0
2003/11/2 3:00,0,0
2003/11/2 3:30,0,0
2003/11/2 4:00,0,0
2003/11/2 4:30,0,0
2003/11/2 5:00,0,0
2003/11/2 5:30,0,0
2003/11/2 6:00,7.810077519,35.14534884
2003/11/2 6:30,18.18992248,81.85465116
2003/11/2 7:00,39.57917329,178.1062798
2003/11/2 7:30,63.42082671,285.3937202
2003/11/2 8:00,87.52119695,393.8453863
2003/11/2 8:30,116.4788031,524.1546137
2003/11/2 9:00,148.1534986,666.6907439
2003/11/2 9:30,183.8465014,827.3092561
2003/11/2 10:00,231.2281353,1040.526609
2003/11/2 10:30,257.7718647,1159.973391
2003/11/2 11:00,254.0109844,1143.04943
2003/11/2 11:30,260.9890156,1174.45057
2003/11/2 12:00,276.4810815,1244.164867
2003/11/2 12:30,268.5189185,1208.335133
2003/11/2 13:00,245.4458655,1104.506395
2003/11/2 13:30,212.5541345,956.493605
2003/11/2 14:00,170.9805132,769.4123094
2003/11/2 14:30,134.0194868,603.0876906
2003/11/2 15:00,107.0317417,481.6428378
2003/11/2 15:30,62.96825827,283.3571622
2003/11/2 16:00,17.25773196,77.65979381
2003/11/2 16:30,6.742268041,30.34020619
2003/11/2 17:00,0,0
2003/11/2 17:30,0,0
2003/11/2 18:00,0,0
2003/11/2 18:30,0,0
2003/11/2 19:00,0,0
2003/11/2 19:30,0,0
2003/11/2 20:00,0,0
2003/11/2 20:30,0,0
2003/11/2 21:00,0,0
2003/11/2 21:30,0,0
2003/11/2 22:00,0,0
2003/11/2 22:30,0,0
2003/11/2 23:00,0,0
2003/11/2 23:30,0,0
2003/11/3 0:00,0,0
2003/11/3 0:30,0,0
2003/11/3 1:00,0,0
2003/11/3 1:30,0,0
2003/11/3 2:00,0,0
2003/11/3 2:30,0,0
2003/11/3 3:00,0,0
2003/11/3 3:30,0,0
2003/11/3 4:00,0,0
2003/11/3 4:30,0,0
2003/11/3 5:00,0,0
2003/11/3 5:30,0,0
2003/11/3 6:00,4.359649123,19.61842105
2003/11/3 6:30,9.640350877,43.38157895
2003/11/3 7:00,17.63117657,79.34029454
2003/11/3 7:30,25.36882343,114.1597055
2003/11/3 8:00,29.16171668,131.2277251
2003/11/3 8:30,36.83828332,165.7722749
2003/11/3 9:00,50.32067191,226.4430236
2003/11/3 9:30,60.67932809,273.0569764
2003/11/3 10:00,70.0413206,315.1859427
2003/11/3 10:30,70.9586794,319.3140573
2003/11/3 11:00,54.41039809,244.8467914
2003/11/3 11:30,62.58960191,281.6532086
2003/11/3 12:00,117.2410589,527.5847652
2003/11/3 12:30,138.7589411,624.4152348
2003/11/3 13:00,130.2241489,586.0086702
2003/11/3 13:30,107.7758511,484.9913298
2003/11/3 14:00,69.7272372,313.7725674
2003/11/3 14:30,47.2727628,212.7274326
2003/11/3 15:00,30.75281426,138.3876642
2003/11/3 15:30,16.24718574,73.11233583
2003/11/3 16:00,3.629807692,16.33413462
2003/11/3 16:30,1.370192308,6.165865385
2003/11/3 17:00,0,0
2003/11/3 17:30,0,0
2003/11/3 18:00,0,0
2003/11/3 18:30,0,0
2003/11/3 19:00,0,0
2003/11/3 19:30,0,0
2003/11/3 20:00,0,0
2003/11/3 20:30,0,0
2003/11/3 21:00,0,0
2003/11/3 21:30,0,0
2003/11/3 22:00,0,0
2003/11/3 22:30,0,0
2003/11/3 23:00,0,0
2003/11/3 23:30,0,0
2003/11/4 0:00,0,0
2003/11/4 0:30,0,0
2003/11/4 1:00,0,0
2003/11/4 1:30,0,0
2003/11/4 2:00,0,0
2003/11/4 2:30,0,0
2003/11/4 3:00,0,0
2003/11/4 3:30,0,0
2003/11/4 4:00,0,0
2003/11/4 4:30,0,0
2003/11/4 5:00,0,0
2003/11/4 5:30,0,0
2003/11/4 6:00,8.516566265,38.32454819
2003/11/4 6:30,20.48343373,92.17545181
2003/11/4 7:00,52.7461004,237.3574518
2003/11/4 7:30,84.2538996,379.1425482
2003/11/4 8:00,106.4797576,479.1589091
2003/11/4 8:30,131.5202424,591.8410909
2003/11/4 9:00,151.232923,680.5481534
2003/11/4 9:30,171.767077,772.9518466
2003/11/4 10:00,189.9672085,854.8524381
2003/11/4 10:30,207.0327915,931.6475619
2003/11/4 11:00,223.8705591,1007.417516
2003/11/4 11:30,232.1294409,1044.582484
2003/11/4 12:00,232.3385481,1045.523466
2003/11/4 12:30,226.6614519,1019.976534
2003/11/4 13:00,219.7590514,988.9157315
2003/11/4 13:30,193.2409486,869.5842685
2003/11/4 14:00,156.2719054,703.2235741
2003/11/4 14:30,116.7280946,525.2764259
2003/11/4 15:00,79.5797917,358.1090627
2003/11/4 15:30,44.4202083,199.8909373
2003/11/4 16:00,12.23758865,55.06914894
2003/11/4 16:30,4.762411347,21.43085106
2003/11/4 17:00,0,0
2003/11/4 17:30,0,0
2003/11/4 18:00,0,0
2003/11/4 18:30,0,0
2003/11/4 19:00,0,0
2003/11/4 19:30,0,0
2003/11/4 20:00,0,0
2003/11/4 20:30,0,0
2003/11/4 21:00,0,0
2003/11/4 21:30,0,0
2003/11/4 22:00,0,0
2003/11/4 22:30,0,0
2003/11/4 23:00,0,0
2003/11/4 23:30,0,0
2003/11/5 0:00,0,0
2003/11/5 0:30,0,0
2003/11/5 1:00,0,0
2003/11/5 1:30,0,0
2003/11/5 2:00,0,0
2003/11/5 2:30,0,0
2003/11/5 3:00,0,0
2003/11/5 3:30,0,0
2003/11/5 4:00,0,0
2003/11/5 4:30,0,0
2003/11/5 5:00,0,0
2003/11/5 5:30,0,0
2003/11/5 6:00,8.636363636,38.86363636
2003/11/5 6:30,21.36363636,96.13636364
2003/11/5 7:00,63.03307503,283.6488376
2003/11/5 7:30,104.966925,472.3511624
2003/11/5 8:00,137.8496654,620.3234944
2003/11/5 8:30,175.1503346,788.1765056
2003/11/5 9:00,211.475467,951.6396017
2003/11/5 9:30,234.524533,1055.360398
2003/11/5 10:00,234.5263483,1055.368567
2003/11/5 10:30,240.4736517,1082.131433
2003/11/5 11:00,249.9910762,1124.959843
2003/11/5 11:30,243.0089238,1093.540157
2003/11/5 12:00,235.830792,1061.238564
2003/11/5 12:30,188.169208,846.7614358
2003/11/5 13:00,108.6360135,488.8620607
2003/11/5 13:30,84.36398651,379.6379393
2003/11/5 14:00,82.09201428,369.4140643
2003/11/5 14:30,66.90798572,301.0859357
2003/11/5 15:00,52.80418455,237.6188305
2003/11/5 15:30,31.19581545,140.3811695
2003/11/5 16:00,8.625,38.8125
2003/11/5 16:30,3.375,15.1875
2003/11/5 17:00,0,0
2003/11/5 17:30,0,0
2003/11/5 18:00,0,0
2003/11/5 18:30,0,0
2003/11/5 19:00,0,0
2003/11/5 19:30,0,0
2003/11/5 20:00,0,0
2003/11/5 20:30,0,0
2003/11/5 21:00,0,0
2003/11/5 21:30,0,0
2003/11/5 22:00,0,0
2003/11/5 22:30,0,0
2003/11/5 23:00,0,0
2003/11/5 23:30,0,0
2003/11/6 0:00,0,0
2003/11/6 0:30,0,0
2003/11/6 1:00,0,0
2003/11/6 1:30,0,0
2003/11/6 2:00,0,0
2003/11/6 2:30,0,0
2003/11/6 3:00,0,0
2003/11/6 3:30,0,0
2003/11/6 4:00,0,0
2003/11/6 4:30,0,0
2003/11/6 5:00,0,0
2003/11/6 5:30,0,0
2003/11/6 6:00,1.095238095,4.928571429
2003/11/6 6:30,2.904761905,13.07142857
2003/11/6 7:00,12.76423903,57.43907563
2003/11/6 7:30,25.23576097,113.5609244
2003/11/6 8:00,48.65596689,218.951851
2003/11/6 8:30,66.34403311,298.548149
2003/11/6 9:00,66.54635374,299.4585918
2003/11/6 9:30,77.45364626,348.5414082
2003/11/6 10:00,92.21668326,414.9750747
2003/11/6 10:30,119.7833167,539.0249253
2003/11/6 11:00,194.6659634,875.9968354
2003/11/6 11:30,225.3340366,1014.003165
2003/11/6 12:00,207.3769284,933.1961778
2003/11/6 12:30,182.6230716,821.8038222
2003/11/6 13:00,137.901045,620.5547024
2003/11/6 13:30,113.098955,508.9452976
2003/11/6 14:00,93.83313772,422.2491197
2003/11/6 14:30,81.16686228,365.2508803
2003/11/6 15:00,85.45710267,384.556962
2003/11/6 15:30,54.54289733,245.443038
2003/11/6 16:00,12.98734177,58.44303797
2003/11/6 16:30,5.012658228,22.55696203
2003/11/6 17:00,0,0
2003/11/6 17:30,0,0
2003/11/6 18:00,0,0
2003/11/6 18:30,0,0
2003/11/6 19:00,0,0
2003/11/6 19:30,0,0
2003/11/6 20:00,0,0
2003/11/6 20:30,0,0
2003/11/6 21:00,0,0
2003/11/6 21:30,0,0
2003/11/6 22:00,0,0
2003/11/6 22:30,0,0
2003/11/6 23:00,0,0
2003/11/6 23:30,0,0
2003/11/7 0:00,0,0
2003/11/7 0:30,0,0
2003/11/7 1:00,0,0
2003/11/7 1:30,0,0
2003/11/7 2:00,0,0
2003/11/7 2:30,0,0
2003/11/7 3:00,0,0
2003/11/7 3:30,0,0
2003/11/7 4:00,0,0
2003/11/7 4:30,0,0
2003/11/7 5:00,0,0
2003/11/7 5:30,0,0
2003/11/7 6:00,4.056818182,18.25568182
2003/11/7 6:30,9.943181818,44.74431818
2003/11/7 7:00,26.60921955,119.741488
2003/11/7 7:30,47.39078045,213.258512
2003/11/7 8:00,82.05005422,369.225244
2003/11/7 8:30,108.9499458,490.274756
2003/11/7 9:00,113.1832255,509.3245145
2003/11/7 9:30,130.8167745,588.6754855
2003/11/7 10:00,164.1021532,738.4596893
2003/11/7 10:30,177.8978468,800.5403107
2003/11/7 11:00,171.0062336,769.5280511
2003/11/7 11:30,166.9937664,751.4719489
2003/11/7 12:00,160.5154602,722.3195708
2003/11/7 12:30,150.4845398,677.1804292
2003/11/7 13:00,143.5164085,645.8238384
2003/11/7 13:30,117.4835915,528.6761616
2003/11/7 14:00,82.92411429,373.1585143
2003/11/7 14:30,54.07588571,243.3414857
2003/11/7 15:00,27.72381285,124.7571578
2003/11/7 15:30,14.27618715,64.24284218
2003/11/7 16:00,4.3125,19.40625
2003/11/7 16:30,1.6875,7.59375
2003/11/7 17:00,0,0
2003/11/7 17:30,0,0
2003/11/7 18:00,0,0
2003/11/7 18:30,0,0
2003/11/7 19:00,0,0
2003/11/7 19:30,0,0
2003/11/7 20:00,0,0
2003/11/7 20:30,0,0
2003/11/7 21:00,0,0
2003/11/7 21:30,0,0
2003/11/7 22:00,0,0
2003/11/7 22:30,0,0
2003/11/7 23:00,0,0
2003/11/7 23:30,0,0
2003/11/8 0:00,0,0
2003/11/8 0:30,0,0
2003/11/8 1:00,0,0
2003/11/8 1:30,0,0
2003/11/8 2:00,0,0
2003/11/8 2:30,0,0
2003/11/8 3:00,0,0
2003/11/8 3:30,0,0
2003/11/8 4:00,0,0
2003/11/8 4:30,0,0
2003/11/8 5:00,0,0
2003/11/8 5:30,0,0
2003/11/8 6:00,5.423507463,24.40578358
2003/11/8 6:30,13.57649254,61.09421642
2003/11/8 7:00,42.4376844,190.9695798
2003/11/8 7:30,72.5623156,326.5304202
2003/11/8 8:00,99.03172697,445.6427713
2003/11/8 8:30,129.968273,584.8572287
2003/11/8 9:00,165.8570812,746.3568653
2003/11/8 9:30,184.1429188,828.6431347
2003/11/8 10:00,171.3876147,771.2442661
2003/11/8 10:30,178.6123853,803.7557339
2003/11/8 11:00,200.8388282,903.7747269
2003/11/8 11:30,212.1611718,954.7252731
2003/11/8 12:00,224.885991,1011.986959
2003/11/8 12:30,211.114009,950.0130406
2003/11/8 13:00,176.6306628,794.8379825
2003/11/8 13:30,143.3693372,645.1620175
2003/11/8 14:00,105.1092136,472.9914611
2003/11/8 14:30,81.89078642,368.5085389
2003/11/8 15:00,72.57707908,326.5968559
2003/11/8 15:30,43.42292092,195.4031441
2003/11/8 16:00,10.82061069,48.69274809
2003/11/8 16:30,4.179389313,18.80725191
2003/11/8 17:00,0,0
2003/11/8 17:30,0,0
2003/11/8 18:00,0,0
2003/11/8 18:30,0,0
2003/11/8 19:00,0,0
2003/11/8 19:30,0,0
2003/11/8 20:00,0,0
2003/11/8 20:30,0,0
2003/11/8 21:00,0,0
2003/11/8 21:30,0,0
2003/11/8 22:00,0,0
2003/11/8 22:30,0,0
2003/11/8 23:00,0,0
2003/11/8 23:30,0,0
2003/11/9 0:00,0,0
2003/11/9 0:30,0,0
2003/11/9 1:00,0,0
2003/11/9 1:30,0,0
2003/11/9 2:00,0,0
2003/11/9 2:30,0,0
2003/11/9 3:00,0,0
2003/11/9 3:30,0,0
2003/11/9 4:00,0,0
2003/11/9 4:30,0,0
2003/11/9 5:00,0,0
2003/11/9 5:30,0,0
2003/11/9 6:00,1.439393939,6.477272727
2003/11/9 6:30,3.560606061,16.02272727
2003/11/9 7:00,9.72162301,43.74730354
2003/11/9 7:30,18.27837699,82.25269646
2003/11/9 8:00,37.62159175,169.2971629
2003/11/9 8:30,52.37840825,235.7028371
2003/11/9 9:00,56.91171445,256.102715
2003/11/9 9:30,60.08828555,270.397285
2003/11/9 10:00,58.22445858,262.0100636
2003/11/9 10:30,53.77554142,241.9899364
2003/11/9 11:00,42.88809658,192.9964346
2003/11/9 11:30,42.11190342,189.5035654
2003/11/9 12:00,53.78835979,242.047619
2003/11/9 12:30,50.21164021,225.952381
2003/11/9 13:00,36.3537415,163.5918367
2003/11/9 13:30,27.6462585,124.4081633
2003/11/9 14:00,19.60871272,88.23920722
2003/11/9 14:30,14.39128728,64.76079278
2003/11/9 15:00,11.70546559,52.67459514
2003/11/9 15:30,6.294534413,28.32540486
2003/11/9 16:00,0.736842105,3.315789474
2003/11/9 16:30,0.263157895,1.184210526
2003/11/9 17:00,0,0
2003/11/9 17:30,0,0
2003/11/9 18:00,0,0
2003/11/9 18:30,0,0
2003/11/9 19:00,0,0
2003/11/9 19:30,0,0
2003/11/9 20:00,0,0
2003/11/9 20:30,0,0
2003/11/9 21:00,0,0
2003/11/9 21:30,0,0
2003/11/9 22:00,0,0
2003/11/9 22:30,0,0
2003/11/9 23:00,0,0
2003/11/9 23:30,0,0
2003/11/10 0:00,0,0
2003/11/10 0:30,0,0
2003/11/10 1:00,0,0
2003/11/10 1:30,0,0
2003/11/10 2:00,0,0
2003/11/10 2:30,0,0
2003/11/10 3:00,0,0
2003/11/10 3:30,0,0
2003/11/10 4:00,0,0
2003/11/10 4:30,0,0
2003/11/10 5:00,0,0
2003/11/10 5:30,0,0
2003/11/10 6:00,1.173913043,5.282608696
2003/11/10 6:30,2.826086957,12.7173913
2003/11/10 7:00,7.31166388,32.90248746
2003/11/10 7:30,11.68833612,52.59751254
2003/11/10 8:00,14.39373342,64.7718004
2003/11/10 8:30,18.60626658,83.7281996
2003/11/10 9:00,25.12961823,113.083282
2003/11/10 9:30,28.87038177,129.916718
2003/11/10 10:00,27.33134921,122.9910714
2003/11/10 10:30,30.66865079,138.0089286
2003/11/10 11:00,41.93679229,188.7155653
2003/11/10 11:30,44.06320771,198.2844347
2003/11/10 12:00,37.16716071,167.2522232
2003/11/10 12:30,33.83283929,152.2477768
2003/11/10 13:00,31.09386447,139.9223901
2003/11/10 13:30,27.90613553,125.5776099
2003/11/10 14:00,26.63403591,119.8531616
2003/11/10 14:30,19.36596409,87.14683841
2003/11/10 15:00,9.886692382,44.49011572
2003/11/10 15:30,5.113307618,23.00988428
2003/11/10 16:00,1.441176471,6.485294118
2003/11/10 16:30,0.558823529,2.514705882
2003/11/10 17:00,0,0
2003/11/10 17:30,0,0
2003/11/10 18:00,0,0
2003/11/10 18:30,0,0
2003/11/10 19:00,0,0
2003/11/10 19:30,0,0
2003/11/10 20:00,0,0
2003/11/10 20:30,0,0
2003/11/10 21:00,0,0
2003/11/10 21:30,0,0
2003/11/10 22:00,0,0
2003/11/10 22:30,0,0
2003/11/10 23:00,0,0
2003/11/10 23:30,0,0
2003/11/11 0:00,0,0
2003/11/11 0:30,0,0
2003/11/11 1:00,0,0
2003/11/11 1:30,0,0
2003/11/11 2:00,0,0
2003/11/11 2:30,0,0
2003/11/11 3:00,0,0
2003/11/11 3:30,0,0
2003/11/11 4:00,0,0
2003/11/11 4:30,0,0
2003/11/11 5:00,0,0
2003/11/11 5:30,0,0
2003/11/11 6:00,0.882352941,3.970588235
2003/11/11 6:30,2.117647059,9.529411765
2003/11/11 7:00,4.871493213,21.92171946
2003/11/11 7:30,9.128506787,41.07828054
2003/11/11 8:00,19.32115385,86.94519231
2003/11/11 8:30,31.67884615,142.5548077
2003/11/11 9:00,51.18471731,230.3312279
2003/11/11 9:30,67.81528269,305.1687721
2003/11/11 10:00,84.30229819,379.3603419
2003/11/11 10:30,79.69770181,358.6396581
2003/11/11 11:00,50.06430029,225.2893513
2003/11/11 11:30,43.93569971,197.7106487
2003/11/11 12:00,49.34736842,222.0631579
2003/11/11 12:30,46.65263158,209.9368421
2003/11/11 13:00,38.52796053,173.3758224
2003/11/11 13:30,36.47203947,164.1241776
2003/11/11 14:00,44.35098684,199.5794408
2003/11/11 14:30,32.64901316,146.9205592
2003/11/11 15:00,12.00451128,54.02030075
2003/11/11 15:30,5.995488722,26.97969925
2003/11/11 16:00,2.142857143,9.642857143
2003/11/11 16:30,0.857142857,3.857142857
2003/11/11 17:00,0,0
2003/11/11 17:30,0,0
2003/11/11 18:00,0,0
2003/11/11 18:30,0,0
2003/11/11 19:00,0,0
2003/11/11 19:30,0,0
2003/11/11 20:00,0,0
2003/11/11 20:30,0,0
2003/11/11 21:00,0,0
2003/11/11 21:30,0,0
2003/11/11 22:00,0,0
2003/11/11 22:30,0,0
2003/11/11 23:00,0,0
2003/11/11 23:30,0,0
2003/11/12 0:00,0,0
2003/11/12 0:30,0,0
2003/11/12 1:00,0,0
2003/11/12 1:30,0,0
2003/11/12 2:00,0,0
2003/11/12 2:30,0,0
2003/11/12 3:00,0,0
2003/11/12 3:30,0,0
2003/11/12 4:00,0,0
2003/11/12 4:30,0,0
2003/11/12 5:00,0,0
2003/11/12 5:30,0,0
2003/11/12 6:00,5.243169399,23.5942623
2003/11/12 6:30,13.7568306,61.9057377
2003/11/12 7:00,59.09222155,265.914997
2003/11/12 7:30,104.9077785,472.085003
2003/11/12 8:00,140.3107048,631.3981715
2003/11/12 8:30,181.6892952,817.6018285
2003/11/12 9:00,221.2177214,995.4797462
2003/11/12 9:30,250.7822786,1128.520254
2003/11/12 10:00,264.2901026,1189.305462
2003/11/12 10:30,269.7098974,1213.694538
2003/11/12 11:00,266.4889374,1199.200219
2003/11/12 11:30,245.5110626,1104.799781
2003/11/12 12:00,198.9197243,895.1387595
2003/11/12 12:30,185.0802757,832.8612405
2003/11/12 13:00,202.2692875,910.2117939
2003/11/12 13:30,180.7307125,813.2882061
2003/11/12 14:00,142.3827394,640.7223274
2003/11/12 14:30,100.6172606,452.7776726
2003/11/12 15:00,58.74202422,264.339109
2003/11/12 15:30,30.25797578,136.160891
2003/11/12 16:00,6.543367347,29.44515306
2003/11/12 16:30,2.456632653,11.05484694
2003/11/12 17:00,0,0
2003/11/12 17:30,0,0
2003/11/12 18:00,0,0
2003/11/12 18:30,0,0
2003/11/12 19:00,0,0
2003/11/12 19:30,0,0
2003/11/12 20:00,0,0
2003/11/12 20:30,0,0
2003/11/12 21:00,0,0
2003/11/12 21:30,0,0
2003/11/12 22:00,0,0
2003/11/12 22:30,0,0
2003/11/12 23:00,0,0
2003/11/12 23:30,0,0
2003/11/13 0:00,0,0
2003/11/13 0:30,0,0
2003/11/13 1:00,0,0
2003/11/13 1:30,0,0
2003/11/13 2:00,0,0
2003/11/13 2:30,0,0
2003/11/13 3:00,0,0
2003/11/13 3:30,0,0
2003/11/13 4:00,0,0
2003/11/13 4:30,0,0
2003/11/13 5:00,0,0
2003/11/13 5:30,0,0
2003/11/13 6:00,3.885826772,17.48622047
2003/11/13 6:30,10.11417323,45.51377953
2003/11/13 7:00,40.20697101,180.9313696
2003/11/13 7:30,72.79302899,327.5686304
2003/11/13 8:00,111.0334065,499.650329
2003/11/13 8:30,136.9665935,616.349671
2003/11/13 9:00,133.5060685,600.7773082
2003/11/13 9:30,137.4939315,618.7226918
2003/11/13 10:00,137.0453922,616.7042651
2003/11/13 10:30,141.9546078,638.7957349
2003/11/13 11:00,157.072335,706.8255076
2003/11/13 11:30,154.927665,697.1744924
2003/11/13 12:00,130.1278502,585.5753257
2003/11/13 12:30,133.8721498,602.4246743
2003/11/13 13:00,184.129857,828.5843563
2003/11/13 13:30,165.870143,746.4156437
2003/11/13 14:00,100.4933345,452.2200054
2003/11/13 14:30,68.50666546,308.2799946
2003/11/13 15:00,46.40600962,208.8270433
2003/11/13 15:30,24.59399038,110.6729567
2003/11/13 16:00,5.092948718,22.91826923
2003/11/13 16:30,1.907051282,8.581730769
2003/11/13 17:00,0,0
2003/11/13 17:30,0,0
2003/11/13 18:00,0,0
2003/11/13 18:30,0,0
2003/11/13 19:00,0,0
2003/11/13 19:30,0,0
2003/11/13 20:00,0,0
2003/11/13 20:30,0,0
2003/11/13 21:00,0,0
2003/11/13 21:30,0,0
2003/11/13 22:00,0,0
2003/11/13 22:30,0,0
2003/11/13 23:00,0,0
2003/11/13 23:30,0,0
2003/11/14 0:00,0,0
2003/11/14 0:30,0,0
2003/11/14 1:00,0,0
2003/11/14 1:30,0,0
2003/11/14 2:00,0,0
2003/11/14 2:30,0,0
2003/11/14 3:00,0,0
2003/11/14 3:30,0,0
2003/11/14 4:00,0,0
2003/11/14 4:30,0,0
2003/11/14 5:00,0,0
2003/11/14 5:30,0,0
2003/11/14 6:00,5.88,26.46
2003/11/14 6:30,15.12,68.04
2003/11/14 7:00,56.56444444,254.54
2003/11/14 7:30,97.43555556,438.46
2003/11/14 8:00,126.9111842,571.1003289
2003/11/14 8:30,160.0888158,720.3996711
2003/11/14 9:00,184.1935472,828.8709623
2003/11/14 9:30,212.8064528,957.6290377
2003/11/14 10:00,252.097883,1134.440473
2003/11/14 10:30,260.902117,1174.059527
2003/11/14 11:00,228.3342496,1027.504123
2003/11/14 11:30,227.6657504,1024.495877
2003/11/14 12:00,262.6391166,1181.876025
2003/11/14 12:30,244.3608834,1099.623975
2003/11/14 13:00,181.6798919,817.5595137
2003/11/14 13:30,158.3201081,712.4404863
2003/11/14 14:00,162.9623336,733.3305014
2003/11/14 14:30,128.0376664,576.1694986
2003/11/14 15:00,81.00205528,364.5092488
2003/11/14 15:30,42.99794472,193.4907512
2003/11/14 16:00,8.735294118,39.30882353
2003/11/14 16:30,3.264705882,14.69117647
2003/11/14 17:00,0,0
2003/11/14 17:30,0,0
2003/11/14 18:00,0,0
2003/11/14 18:30,0,0
2003/11/14 19:00,0,0
2003/11/14 19:30,0,0
2003/11/14 20:00,0,0
2003/11/14 20:30,0,0
2003/11/14 21:00,0,0
2003/11/14 21:30,0,0
2003/11/14 22:00,0,0
2003/11/14 22:30,0,0
2003/11/14 23:00,0,0
2003/11/14 23:30,0,0
2003/11/15 0:00,0,0
2003/11/15 0:30,0,0
2003/11/15 1:00,0,0
2003/11/15 1:30,0,0
2003/11/15 2:00,0,0
2003/11/15 2:30,0,0
2003/11/15 3:00,0,0
2003/11/15 3:30,0,0
2003/11/15 4:00,0,0
2003/11/15 4:30,0,0
2003/11/15 5:00,0,0
2003/11/15 5:30,0,0
2003/11/15 6:00,2.77173913,12.47282609
2003/11/15 6:30,7.22826087,32.52717391
2003/11/15 7:00,29.67454186,133.5354384
2003/11/15 7:30,52.32545814,235.4645616
2003/11/15 8:00,70.52984633,317.3843085
2003/11/15 8:30,89.47015367,402.6156915
2003/11/15 9:00,97.78301902,440.0235856
2003/11/15 9:30,119.216981,536.4764144
2003/11/15 10:00,165.8164585,746.1740632
2003/11/15 10:30,191.1835415,860.3259368
2003/11/15 11:00,194.6060572,875.7272576
2003/11/15 11:30,192.3939428,865.7727424
2003/11/15 12:00,178.3027386,802.3623236
2003/11/15 12:30,162.6972614,732.1376764
2003/11/15 13:00,148.5254033,668.3643147
2003/11/15 13:30,119.4745967,537.6356853
2003/11/15 14:00,82.61331166,371.7599025
2003/11/15 14:30,57.38668834,258.2400975
2003/11/15 15:00,38.31249048,172.4062072
2003/11/15 15:30,20.68750952,93.09379283
2003/11/15 16:00,5.064393939,22.78977273
2003/11/15 16:30,1.935606061,8.710227272
2003/11/15 17:00,0,0
2003/11/15 17:30,0,0
2003/11/15 18:00,0,0
2003/11/15 18:30,0,0
2003/11/15 19:00,0,0
2003/11/15 19:30,0,0
2003/11/15 20:00,0,0
2003/11/15 20:30,0,0
2003/11/15 21:00,0,0
2003/11/15 21:30,0,0
2003/11/15 22:00,0,0
2003/11/15 22:30,0,0
2003/11/15 23:00,0,0
2003/11/15 23:30,0,0
2003/11/16 0:00,0,0
2003/11/16 0:30,0,0
2003/11/16 1:00,0,0
2003/11/16 1:30,0,0
2003/11/16 2:00,0,0
2003/11/16 2:30,0,0
2003/11/16 3:00,0,0
2003/11/16 3:30,0,0
2003/11/16 4:00,0,0
2003/11/16 4:30,0,0
2003/11/16 5:00,0,0
2003/11/16 5:30,0,0
2003/11/16 6:00,4.429530201,19.93288591
2003/11/16 6:30,11.5704698,52.06711409
2003/11/16 7:00,49.13871492,221.1242172
2003/11/16 7:30,83.86128508,377.3757828
2003/11/16 8:00,100.4389621,451.9753294
2003/11/16 8:30,125.5610379,565.0246706
2003/11/16 9:00,152.1630485,684.7337183
2003/11/16 9:30,176.8369515,795.7662817
2003/11/16 10:00,199.3285774,896.9785984
2003/11/16 10:30,214.6714226,966.0214016
2003/11/16 11:00,222.0394472,999.1775124
2003/11/16 11:30,220.9605528,994.3224876
2003/11/16 12:00,209.407053,942.3317385
2003/11/16 12:30,196.592947,884.6682615
2003/11/16 13:00,181.2125614,815.4565263
2003/11/16 13:30,162.7874386,732.5434737
2003/11/16 14:00,150.1808149,675.8136672
2003/11/16 14:30,113.8191851,512.1863328
2003/11/16 15:00,71.08436725,319.8796526
2003/11/16 15:30,36.91563275,166.1203474
2003/11/16 16:00,6.576923077,29.59615385
2003/11/16 16:30,2.423076923,10.90384615
2003/11/16 17:00,0,0
2003/11/16 17:30,0,0
2003/11/16 18:00,0,0
2003/11/16 18:30,0,0
2003/11/16 19:00,0,0
2003/11/16 19:30,0,0
2003/11/16 20:00,0,0
2003/11/16 20:30,0,0
2003/11/16 21:00,0,0
2003/11/16 21:30,0,0
2003/11/16 22:00,0,0
2003/11/16 22:30,0,0
2003/11/16 23:00,0,0
2003/11/16 23:30,0,0
2003/11/17 0:00,0,0
2003/11/17 0:30,0,0
2003/11/17 1:00,0,0
2003/11/17 1:30,0,0
2003/11/17 2:00,0,0
2003/11/17 2:30,0,0
2003/11/17 3:00,0,0
2003/11/17 3:30,0,0
2003/11/17 4:00,0,0
2003/11/17 4:30,0,0
2003/11/17 5:00,0,0
2003/11/17 5:30,0,0
2003/11/17 6:00,5.303680982,23.86656442
2003/11/17 6:30,13.69631902,61.63343558
2003/11/17 7:00,51.71631902,232.7234356
2003/11/17 7:30,92.28368098,415.2765644
2003/11/17 8:00,132.8723706,597.9256676
2003/11/17 8:30,173.1276294,779.0743324
2003/11/17 9:00,199.9156463,899.6204084
2003/11/17 9:30,228.0843537,1026.379592
2003/11/17 10:00,253.0729355,1138.82821
2003/11/17 10:30,266.9270645,1201.17179
2003/11/17 11:00,265.3843733,1194.22968
2003/11/17 11:30,264.6156267,1190.77032
2003/11/17 12:00,262.7513932,1182.38127
2003/11/17 12:30,251.2486068,1130.61873
2003/11/17 13:00,236.3549118,1063.597103
2003/11/17 13:30,206.6450882,929.9028968
2003/11/17 14:00,170.8766412,768.9448852
2003/11/17 14:30,128.1233588,576.5551148
2003/11/17 15:00,88.20891989,396.9401395
2003/11/17 15:30,46.79108011,210.5598605
2003/11/17 16:00,8.042808219,36.19263699
2003/11/17 16:30,2.957191781,13.30736301
2003/11/17 17:00,0,0
2003/11/17 17:30,0,0
2003/11/17 18:00,0,0
2003/11/17 18:30,0,0
2003/11/17 19:00,0,0
2003/11/17 19:30,0,0
2003/11/17 20:00,0,0
2003/11/17 20:30,0,0
2003/11/17 21:00,0,0
2003/11/17 21:30,0,0
2003/11/17 22:00,0,0
2003/11/17 22:30,0,0
2003/11/17 23:00,0,0
2003/11/17 23:30,0,0
2003/11/18 0:00,0,0
2003/11/18 0:30,0,0
2003/11/18 1:00,0,0
2003/11/18 1:30,0,0
2003/11/18 2:00,0,0
2003/11/18 2:30,0,0
2003/11/18 3:00,0,0
2003/11/18 3:30,0,0
2003/11/18 4:00,0,0
2003/11/18 4:30,0,0
2003/11/18 5:00,0,0
2003/11/18 5:30,0,0
2003/11/18 6:00,4.98502994,22.43263473
2003/11/18 6:30,13.01497006,58.56736527
2003/11/18 7:00,53.65392095,241.4426443
2003/11/18 7:30,95.34607905,429.0573557
2003/11/18 8:00,129.9782366,584.9020647
2003/11/18 8:30,169.0217634,760.5979353
2003/11/18 9:00,204.5850537,920.6327416
2003/11/18 9:30,232.4149463,1045.867258
2003/11/18 10:00,245.8603214,1106.371446
2003/11/18 10:30,254.1396786,1143.628554
2003/11/18 11:00,255.5943056,1150.174375
2003/11/18 11:30,243.4056944,1095.325625
2003/11/18 12:00,217.3417526,978.0378865
2003/11/18 12:30,193.6582474,871.4621135
2003/11/18 13:00,172.8981404,778.041632
2003/11/18 13:30,141.1018596,634.958368
2003/11/18 14:00,102.4288616,460.9298774
2003/11/18 14:30,77.57113836,349.0701226
2003/11/18 15:00,64.82116621,291.695248
2003/11/18 15:30,36.17883379,162.804752
2003/11/18 16:00,5.853211009,26.33944954
2003/11/18 16:30,2.146788991,9.660550459
2003/11/18 17:00,0,0
2003/11/18 17:30,0,0
2003/11/18 18:00,0,0
2003/11/18 18:30,0,0
2003/11/18 19:00,0,0
2003/11/18 19:30,0,0
2003/11/18 20:00,0,0
2003/11/18 20:30,0,0
2003/11/18 21:00,0,0
2003/11/18 21:30,0,0
2003/11/18 22:00,0,0
2003/11/18 22:30,0,0
2003/11/18 23:00,0,0
2003/11/18 23:30,0,0
2003/11/19 0:00,0,0
2003/11/19 0:30,0,0
2003/11/19 1:00,0,0
2003/11/19 1:30,0,0
2003/11/19 2:00,0,0
2003/11/19 2:30,0,0
2003/11/19 3:00,0,0
2003/11/19 3:30,0,0
2003/11/19 4:00,0,0
2003/11/19 4:30,0,0
2003/11/19 5:00,0,0
2003/11/19 5:30,0,0
2003/11/19 6:00,2.760416667,12.421875
2003/11/19 6:30,7.239583333,32.578125
2003/11/19 7:00,29.6094246,133.2424107
2003/11/19 7:30,56.3905754,253.7575893
2003/11/19 8:00,97.06881187,436.8096534
2003/11/19 8:30,131.9311881,593.6903466
2003/11/19 9:00,144.6795349,651.0579069
2003/11/19 9:30,168.3204651,757.4420931
2003/11/19 10:00,197.6749987,889.5374941
2003/11/19 10:30,223.3250013,1004.962506
2003/11/19 11:00,250.999233,1129.496548
2003/11/19 11:30,260.000767,1170.003452
2003/11/19 12:00,249.6808348,1123.563757
2003/11/19 12:30,235.3191652,1058.936243
2003/11/19 13:00,217.7649134,979.9421105
2003/11/19 13:30,185.2350866,833.5578895
2003/11/19 14:00,144.9031364,652.0641138
2003/11/19 14:30,107.0968636,481.9358862
2003/11/19 15:00,76.20828915,342.9373012
2003/11/19 15:30,39.79171085,179.0626988
2003/11/19 16:00,5.150406504,23.17682927
2003/11/19 16:30,1.849593496,8.323170732
2003/11/19 17:00,0,0
2003/11/19 17:30,0,0
2003/11/19 18:00,0,0
2003/11/19 18:30,0,0
2003/11/19 19:00,0,0
2003/11/19 19:30,0,0
2003/11/19 20:00,0,0
2003/11/19 20:30,0,0
2003/11/19 21:00,0,0
2003/11/19 21:30,0,0
2003/11/19 22:00,0,0
2003/11/19 22:30,0,0
2003/11/19 23:00,0,0
2003/11/19 23:30,0,0
2003/11/20 0:00,0,0
2003/11/20 0:30,0,0
2003/11/20 1:00,0,0
2003/11/20 1:30,0,0
2003/11/20 2:00,0,0
2003/11/20 2:30,0,0
2003/11/20 3:00,0,0
2003/11/20 3:30,0,0
2003/11/20 4:00,0,0
2003/11/20 4:30,0,0
2003/11/20 5:00,0,0
2003/11/20 5:30,0,0
2003/11/20 6:00,1.458333333,6.5625
2003/11/20 6:30,3.541666667,15.9375
2003/11/20 7:00,9.269514768,41.71281646
2003/11/20 7:30,15.73048523,70.78718354
2003/11/20 8:00,24.91921072,112.1364483
2003/11/20 8:30,29.08078928,130.8635517
2003/11/20 9:00,22.29814666,100.34166
2003/11/20 9:30,25.70185334,115.65834
2003/11/20 10:00,44.93108318,202.1898743
2003/11/20 10:30,53.06891682,238.8101257
2003/11/20 11:00,49.44163042,222.4873369
2003/11/20 11:30,46.55836958,209.5126631
2003/11/20 12:00,38.5,173.25
2003/11/20 12:30,38.5,173.25
2003/11/20 13:00,47.69903008,214.6456353
2003/11/20 13:30,48.30096992,217.3543647
2003/11/20 14:00,44.78883597,201.5497619
2003/11/20 14:30,36.21116403,162.9502381
2003/11/20 15:00,26.2180244,117.9811098
2003/11/20 15:30,13.7819756,62.0188902
2003/11/20 16:00,1.476190476,6.642857143
2003/11/20 16:30,0.523809524,2.357142857
2003/11/20 17:00,0,0
2003/11/20 17:30,0,0
2003/11/20 18:00,0,0
2003/11/20 18:30,0,0
2003/11/20 19:00,0,0
2003/11/20 19:30,0,0
2003/11/20 20:00,0,0
2003/11/20 20:30,0,0
2003/11/20 21:00,0,0
2003/11/20 21:30,0,0
2003/11/20 22:00,0,0
2003/11/20 22:30,0,0
2003/11/20 23:00,0,0
2003/11/20 23:30,0,0
2003/11/21 0:00,0,0
2003/11/21 0:30,0,0
2003/11/21 1:00,0,0
2003/11/21 1:30,0,0
2003/11/21 2:00,0,0
2003/11/21 2:30,0,0
2003/11/21 3:00,0,0
2003/11/21 3:30,0,0
2003/11/21 4:00,0,0
2003/11/21 4:30,0,0
2003/11/21 5:00,0,0
2003/11/21 5:30,0,0
2003/11/21 6:00,1.331168831,5.99025974
2003/11/21 6:30,3.668831169,16.50974026
2003/11/21 7:00,23.07244563,103.8260053
2003/11/21 7:30,48.92755437,220.1739947
2003/11/21 8:00,104.8193688,471.6871596
2003/11/21 8:30,155.1806312,698.3128404
2003/11/21 9:00,182.6999428,822.1497424
2003/11/21 9:30,214.3000572,964.3502576
2003/11/21 10:00,239.8392752,1079.276738
2003/11/21 10:30,255.1607248,1148.223262
2003/11/21 11:00,256.0798906,1152.359508
2003/11/21 11:30,252.9201094,1138.140492
2003/11/21 12:00,245.4868397,1104.690779
2003/11/21 12:30,225.5131603,1014.809221
2003/11/21 13:00,198.2531064,892.1389789
2003/11/21 13:30,163.7468936,736.8610211
2003/11/21 14:00,129.9135294,584.6108822
2003/11/21 14:30,87.08647062,391.8891178
2003/11/21 15:00,43.63119319,196.3403693
2003/11/21 15:30,21.36880681,96.15963066
2003/11/21 16:00,4.373239437,19.67957746
2003/11/21 16:30,1.626760563,7.320422535
2003/11/21 17:00,0,0
2003/11/21 17:30,0,0
2003/11/21 18:00,0,0
2003/11/21 18:30,0,0
2003/11/21 19:00,0,0
2003/11/21 19:30,0,0
2003/11/21 20:00,0,0
2003/11/21 20:30,0,0
2003/11/21 21:00,0,0
2003/11/21 21:30,0,0
2003/11/21 22:00,0,0
2003/11/21 22:30,0,0
2003/11/21 23:00,0,0
2003/11/21 23:30,0,0
2003/11/22 0:00,0,0
2003/11/22 0:30,0,0
2003/11/22 1:00,0,0
2003/11/22 1:30,0,0
2003/11/22 2:00,0,0
2003/11/22 2:30,0,0
2003/11/22 3:00,0,0
2003/11/22 3:30,0,0
2003/11/22 4:00,0,0
2003/11/22 4:30,0,0
2003/11/22 5:00,0,0
2003/11/22 5:30,0,0
2003/11/22 6:00,2.417355372,10.87809917
2003/11/22 6:30,6.582644628,29.62190083
2003/11/22 7:00,39.09413888,175.923625
2003/11/22 7:30,72.90586112,328.076375
2003/11/22 8:00,102.8527915,462.8375616
2003/11/22 8:30,133.1472085,599.1624384
2003/11/22 9:00,152.3612462,685.6256079
2003/11/22 9:30,171.6387538,772.3743921
2003/11/22 10:00,180.123279,810.5547553
2003/11/22 10:30,200.876721,903.9452447
2003/11/22 11:00,256.2016144,1152.907265
2003/11/22 11:30,245.7983856,1106.092735
2003/11/22 12:00,169.6395276,763.3778743
2003/11/22 12:30,151.3604724,681.1221257
2003/11/22 13:00,166.2701231,748.2155541
2003/11/22 13:30,149.7298769,673.7844459
2003/11/22 14:00,120.3063713,541.378671
2003/11/22 14:30,89.69362868,403.621329
2003/11/22 15:00,61.60483976,277.2217789
2003/11/22 15:30,32.39516024,145.7782211
2003/11/22 16:00,5.128712871,23.07920792
2003/11/22 16:30,1.871287129,8.420792079
2003/11/22 17:00,0,0
2003/11/22 17:30,0,0
2003/11/22 18:00,0,0
2003/11/22 18:30,0,0
2003/11/22 19:00,0,0
2003/11/22 19:30,0,0
2003/11/22 20:00,0,0
2003/11/22 20:30,0,0
2003/11/22 21:00,0,0
2003/11/22 21:30,0,0
2003/11/22 22:00,0,0
2003/11/22 22:30,0,0
2003/11/22 23:00,0,0
2003/11/22 23:30,0,0
2003/11/23 0:00,0,0
2003/11/23 0:30,0,0
2003/11/23 1:00,0,0
2003/11/23 1:30,0,0
2003/11/23 2:00,0,0
2003/11/23 2:30,0,0
2003/11/23 3:00,0,0
2003/11/23 3:30,0,0
2003/11/23 4:00,0,0
2003/11/23 4:30,0,0
2003/11/23 5:00,0,0
2003/11/23 5:30,0,0
2003/11/23 6:00,2.152380952,9.685714286
2003/11/23 6:30,5.847619048,26.31428571
2003/11/23 7:00,34.12577604,153.5659922
2003/11/23 7:30,62.87422396,282.9340078
2003/11/23 8:00,84.39150368,379.7617666
2003/11/23 8:30,111.6084963,502.2382334
2003/11/23 9:00,140.534043,632.4031936
2003/11/23 9:30,164.465957,740.0968064
2003/11/23 10:00,182.9805068,823.4122807
2003/11/23 10:30,187.0194932,841.5877193
2003/11/23 11:00,165.7300154,745.7850694
2003/11/23 11:30,167.2699846,752.7149306
2003/11/23 12:00,194.5594197,875.5173888
2003/11/23 12:30,189.4405803,852.4826112
2003/11/23 13:00,160.174898,720.787041
2003/11/23 13:30,138.825102,624.712959
2003/11/23 14:00,123.4691034,555.6109652
2003/11/23 14:30,92.53089663,416.3890348
2003/11/23 15:00,59.47610294,267.6424632
2003/11/23 15:30,30.52389706,137.3575368
2003/11/23 16:00,4.40625,19.828125
2003/11/23 16:30,1.59375,7.171875
2003/11/23 17:00,0,0
2003/11/23 17:30,0,0
2003/11/23 18:00,0,0
2003/11/23 18:30,0,0
2003/11/23 19:00,0,0
2003/11/23 19:30,0,0
2003/11/23 20:00,0,0
2003/11/23 20:30,0,0
2003/11/23 21:00,0,0
2003/11/23 21:30,0,0
2003/11/23 22:00,0,0
2003/11/23 22:30,0,0
2003/11/23 23:00,0,0
2003/11/23 23:30,0,0
2003/11/24 0:00,0,0
2003/11/24 0:30,0,0
2003/11/24 1:00,0,0
2003/11/24 1:30,0,0
2003/11/24 2:00,0,0
2003/11/24 2:30,0,0
2003/11/24 3:00,0,0
2003/11/24 3:30,0,0
2003/11/24 4:00,0,0
2003/11/24 4:30,0,0
2003/11/24 5:00,0,0
2003/11/24 5:30,0,0
2003/11/24 6:00,1.070175439,4.815789473
2003/11/24 6:30,2.929824561,13.18421053
2003/11/24 7:00,19.79782456,89.09021053
2003/11/24 7:30,33.20217544,149.4097895
2003/11/24 8:00,32.27815385,145.2516923
2003/11/24 8:30,39.72184615,178.7483077
2003/11/24 9:00,56.87826022,255.952171
2003/11/24 9:30,66.12173978,297.547829
2003/11/24 10:00,68.12409021,306.5584059
2003/11/24 10:30,64.87590979,291.9415941
2003/11/24 11:00,54.51523842,245.3185729
2003/11/24 11:30,46.48476158,209.1814271
2003/11/24 12:00,36.52420057,164.3589026
2003/11/24 12:30,33.47579943,150.6410974
2003/11/24 13:00,37.15239287,167.1857679
2003/11/24 13:30,33.84760713,152.3142321
2003/11/24 14:00,27.6302521,124.3361345
2003/11/24 14:30,20.3697479,91.66386555
2003/11/24 15:00,13.29131653,59.81092437
2003/11/24 15:30,6.708683473,30.18907563
2003/11/24 16:00,0.738095238,3.321428571
2003/11/24 16:30,0.261904762,1.178571429
2003/11/24 17:00,0,0
2003/11/24 17:30,0,0
2003/11/24 18:00,0,0
2003/11/24 18:30,0,0
2003/11/24 19:00,0,0
2003/11/24 19:30,0,0
2003/11/24 20:00,0,0
2003/11/24 20:30,0,0
2003/11/24 21:00,0,0
2003/11/24 21:30,0,0
2003/11/24 22:00,0,0
2003/11/24 22:30,0,0
2003/11/24 23:00,0,0
2003/11/24 23:30,0,0
2003/11/25 0:00,0,0
2003/11/25 0:30,0,0
2003/11/25 1:00,0,0
2003/11/25 1:30,0,0
2003/11/25 2:00,0,0
2003/11/25 2:30,0,0
2003/11/25 3:00,0,0
2003/11/25 3:30,0,0
2003/11/25 4:00,0,0
2003/11/25 4:30,0,0
2003/11/25 5:00,0,0
2003/11/25 5:30,0,0
2003/11/25 6:00,0.285714286,1.285714286
2003/11/25 6:30,0.714285714,3.214285714
2003/11/25 7:00,2.164285714,9.739285714
2003/11/25 7:30,3.835714286,17.26071429
2003/11/25 8:00,5.440909091,24.48409091
2003/11/25 8:30,8.559090909,38.51590909
2003/11/25 9:00,17.98409091,80.92840909
2003/11/25 9:30,23.01590909,103.5715909
2003/11/25 10:00,19.66326531,88.48469388
2003/11/25 10:30,21.33673469,96.01530612
2003/11/25 11:00,29.33813919,132.0216263
2003/11/25 11:30,27.66186081,124.4783737
2003/11/25 12:00,16.78073836,75.51332263
2003/11/25 12:30,15.21926164,68.48667737
2003/11/25 13:00,21.21020408,95.44591837
2003/11/25 13:30,16.78979592,75.55408163
2003/11/25 14:00,6.323129252,28.45408163
2003/11/25 14:30,4.676870748,21.04591837
2003/11/25 15:00,6.082251082,27.37012987
2003/11/25 15:30,3.917748918,17.62987013
2003/11/25 16:00,0.727272727,3.272727273
2003/11/25 16:30,0.272727273,1.227272727
2003/11/25 17:00,0,0
2003/11/25 17:30,0,0
2003/11/25 18:00,0,0
2003/11/25 18:30,0,0
2003/11/25 19:00,0,0
2003/11/25 19:30,0,0
2003/11/25 20:00,0,0
2003/11/25 20:30,0,0
2003/11/25 21:00,0,0
2003/11/25 21:30,0,0
2003/11/25 22:00,0,0
2003/11/25 22:30,0,0
2003/11/25 23:00,0,0
2003/11/25 23:30,0,0
2003/11/26 0:00,0,0
2003/11/26 0:30,0,0
2003/11/26 1:00,0,0
2003/11/26 1:30,0,0
2003/11/26 2:00,0,0
2003/11/26 2:30,0,0
2003/11/26 3:00,0,0
2003/11/26 3:30,0,0
2003/11/26 4:00,0,0
2003/11/26 4:30,0,0
2003/11/26 5:00,0,0
2003/11/26 5:30,0,0
2003/11/26 6:00,2.412,10.854
2003/11/26 6:30,6.588,29.646
2003/11/26 7:00,39.6044557,178.2200506
2003/11/26 7:30,76.3955443,343.7799494
2003/11/26 8:00,117.7586504,529.9139267
2003/11/26 8:30,161.2413496,725.5860733
2003/11/26 9:00,198.6272672,893.8227022
2003/11/26 9:30,229.3727328,1032.177298
2003/11/26 10:00,242.0314714,1089.141621
2003/11/26 10:30,256.9685286,1156.358379
2003/11/26 11:00,270.7309387,1218.289224
2003/11/26 11:30,273.2690613,1229.710776
2003/11/26 12:00,266.7453646,1200.354141
2003/11/26 12:30,251.2546354,1130.645859
2003/11/26 13:00,229.819866,1034.189397
2003/11/26 13:30,198.180134,891.8106028
2003/11/26 14:00,164.0353801,738.1592103
2003/11/26 14:30,120.9646199,544.3407897
2003/11/26 15:00,80.08030904,360.3613907
2003/11/26 15:30,40.91969096,184.1386093
2003/11/26 16:00,5.154296875,23.19433594
2003/11/26 16:30,1.845703125,8.305664063
2003/11/26 17:00,0,0
2003/11/26 17:30,0,0
2003/11/26 18:00,0,0
2003/11/26 18:30,0,0
2003/11/26 19:00,0,0
2003/11/26 19:30,0,0
2003/11/26 20:00,0,0
2003/11/26 20:30,0,0
2003/11/26 21:00,0,0
2003/11/26 21:30,0,0
2003/11/26 22:00,0,0
2003/11/26 22:30,0,0
2003/11/26 23:00,0,0
2003/11/26 23:30,0,0
2003/11/27 0:00,0,0
2003/11/27 0:30,0,0
2003/11/27 1:00,0,0
2003/11/27 1:30,0,0
2003/11/27 2:00,0,0
2003/11/27 2:30,0,0
2003/11/27 3:00,0,0
2003/11/27 3:30,0,0
2003/11/27 4:00,0,0
2003/11/27 4:30,0,0
2003/11/27 5:00,0,0
2003/11/27 5:30,0,0
2003/11/27 6:00,1.894117647,8.523529412
2003/11/27 6:30,5.105882353,22.97647059
2003/11/27 7:00,26.63679144,119.8655615
2003/11/27 7:30,51.36320856,231.1344385
2003/11/27 8:00,84.44939725,380.0222876
2003/11/27 8:30,112.5506027,506.4777124
2003/11/27 9:00,121.3279014,545.9755561
2003/11/27 9:30,138.6720986,624.0244439
2003/11/27 10:00,166.0088558,747.039851
2003/11/27 10:30,170.9911442,769.460149
2003/11/27 11:00,156.14424,702.6490799
2003/11/27 11:30,136.85576,615.8509201
2003/11/27 12:00,103.9143311,467.6144897
2003/11/27 12:30,94.08566894,423.3855103
2003/11/27 13:00,105.8525534,476.3364903
2003/11/27 13:30,90.1474466,405.6635097
2003/11/27 14:00,59.72818792,268.7768456
2003/11/27 14:30,42.27181208,190.2231544
2003/11/27 15:00,30.83862416,138.7738087
2003/11/27 15:30,16.16137584,72.72619128
2003/11/27 16:00,2.205,9.9225
2003/11/27 16:30,0.795,3.5775
2003/11/27 17:00,0,0
2003/11/27 17:30,0,0
2003/11/27 18:00,0,0
2003/11/27 18:30,0,0
2003/11/27 19:00,0,0
2003/11/27 19:30,0,0
2003/11/27 20:00,0,0
2003/11/27 20:30,0,0
2003/11/27 21:00,0,0
2003/11/27 21:30,0,0
2003/11/27 22:00,0,0
2003/11/27 22:30,0,0
2003/11/27 23:00,0,0
2003/11/27 23:30,0,0
2003/11/28 0:00,0,0
2003/11/28 0:30,0,0
2003/11/28 1:00,0,0
2003/11/28 1:30,0,0
2003/11/28 2:00,0,0
2003/11/28 2:30,0,0
2003/11/28 3:00,0,0
2003/11/28 3:30,0,0
2003/11/28 4:00,0,0
2003/11/28 4:30,0,0
2003/11/28 5:00,0,0
2003/11/28 5:30,0,0
2003/11/28 6:00,1.074074074,4.833333334
2003/11/28 6:30,2.925925926,13.16666667
2003/11/28 7:00,17.01787995,76.58045977
2003/11/28 7:30,32.98212005,148.4195402
2003/11/28 8:00,53.0274999,238.6237496
2003/11/28 8:30,70.9725001,319.3762504
2003/11/28 9:00,78.92067765,355.1430494
2003/11/28 9:30,90.07932235,405.3569506
2003/11/28 10:00,103.2250383,464.5126725
2003/11/28 10:30,107.7749617,484.9873275
2003/11/28 11:00,108.5662817,488.5482677
2003/11/28 11:30,92.43371829,415.9517323
2003/11/28 12:00,60.07288512,270.327983
2003/11/28 12:30,48.92711488,220.172017
2003/11/28 13:00,47.26587603,212.6964421
2003/11/28 13:30,39.73412397,178.8035579
2003/11/28 14:00,30.94228723,139.2402926
2003/11/28 14:30,23.05771277,103.7597074
2003/11/28 15:00,17.14675926,77.16041667
2003/11/28 15:30,8.853240741,39.83958333
2003/11/28 16:00,0.740740741,3.333333334
2003/11/28 16:30,0.259259259,1.166666666
2003/11/28 17:00,0,0
2003/11/28 17:30,0,0
2003/11/28 18:00,0,0
2003/11/28 18:30,0,0
2003/11/28 19:00,0,0
2003/11/28 19:30,0,0
2003/11/28 20:00,0,0
2003/11/28 20:30,0,0
2003/11/28 21:00,0,0
2003/11/28 21:30,0,0
2003/11/28 22:00,0,0
2003/11/28 22:30,0,0
2003/11/28 23:00,0,0
2003/11/28 23:30,0,0
2003/11/29 0:00,0,0
2003/11/29 0:30,0,0
2003/11/29 1:00,0,0
2003/11/29 1:30,0,0
2003/11/29 2:00,0,0
2003/11/29 2:30,0,0
2003/11/29 3:00,0,0
2003/11/29 3:30,0,0
2003/11/29 4:00,0,0
2003/11/29 4:30,0,0
2003/11/29 5:00,0,0
2003/11/29 5:30,0,0
2003/11/29 6:00,0.267857143,1.205357143
2003/11/29 6:30,0.732142857,3.294642857
2003/11/29 7:00,4.802455357,21.61104911
2003/11/29 7:30,8.197544643,36.88895089
2003/11/29 8:00,8.382517689,37.7213296
2003/11/29 8:30,10.61748231,47.7786704
2003/11/29 9:00,14.27358491,64.23113208
2003/11/29 9:30,19.72641509,88.76886792
2003/11/29 10:00,34.22519781,154.0133901
2003/11/29 10:30,37.77480219,169.9866099
2003/11/29 11:00,28.05949821,126.2677419
2003/11/29 11:30,23.94050179,107.7322581
2003/11/29 12:00,19.33828648,87.02228916
2003/11/29 12:30,18.66171352,83.97771084
2003/11/29 13:00,23.5308841,105.8889784
2003/11/29 13:30,21.4691159,96.61102155
2003/11/29 14:00,15.90096831,71.55435739
2003/11/29 14:30,10.09903169,45.44564261
2003/11/29 15:00,4.004464286,18.02008929
2003/11/29 15:30,1.995535714,8.979910714
2003/11/29 16:00,0.714285714,3.214285714
2003/11/29 16:30,0.285714286,1.285714286
2003/11/29 17:00,0,0
2003/11/29 17:30,0,0
2003/11/29 18:00,0,0
2003/11/29 18:30,0,0
2003/11/29 19:00,0,0
2003/11/29 19:30,0,0
2003/11/29 20:00,0,0
2003/11/29 20:30,0,0
2003/11/29 21:00,0,0
2003/11/29 21:30,0,0
2003/11/29 22:00,0,0
2003/11/29 22:30,0,0
2003/11/29 23:00,0,0
2003/11/29 23:30,0,0
2003/11/30 0:00,0,0
2003/11/30 0:30,0,0
2003/11/30 1:00,0,0
2003/11/30 1:30,0,0
2003/11/30 2:00,0,0
2003/11/30 2:30,0,0
2003/11/30 3:00,0,0
2003/11/30 3:30,0,0
2003/11/30 4:00,0,0
2003/11/30 4:30,0,0
2003/11/30 5:00,0,0
2003/11/30 5:30,0,0
2003/11/30 6:00,0,0
2003/11/30 6:30,0,0
2003/11/30 7:00,1.5625,7.03125
2003/11/30 7:30,3.4375,15.46875
2003/11/30 8:00,6.25,28.125
2003/11/30 8:30,8.75,39.375
2003/11/30 9:00,9.442045455,42.48920455
2003/11/30 9:30,11.55795455,52.01079545
2003/11/30 10:00,15.02954545,67.63295454
2003/11/30 10:30,18.97045455,85.36704546
2003/11/30 11:00,23.05519481,103.7483766
2003/11/30 11:30,30.94480519,139.2516234
2003/11/30 12:00,55.51236264,249.8056319
2003/11/30 12:30,58.48763736,263.1943681
2003/11/30 13:00,35.51229723,159.8053375
2003/11/30 13:30,32.48770277,146.1946625
2003/11/30 14:00,41.07550755,184.839784
2003/11/30 14:30,37.92449245,170.660216
2003/11/30 15:00,31.13601857,140.1120836
2003/11/30 15:30,17.86398143,80.38791642
2003/11/30 16:00,2.924528302,13.16037736
2003/11/30 16:30,1.075471698,4.839622641
2003/11/30 17:00,0,0
2003/11/30 17:30,0,0
2003/11/30 18:00,0,0
2003/11/30 18:30,0,0
2003/11/30 19:00,0,0
2003/11/30 19:30,0,0
2003/11/30 20:00,0,0
2003/11/30 20:30,0,0
2003/11/30 21:00,0,0
2003/11/30 21:30,0,0
2003/11/30 22:00,0,0
2003/11/30 22:30,0,0
2003/11/30 23:00,0,0
2003/11/30 23:30,0,0
2003/12/1 0:00,0,0
2003/12/1 0:30,0,0
2003/12/1 1:00,0,0
2003/12/1 1:30,0,0
2003/12/1 2:00,0,0
2003/12/1 2:30,0,0
2003/12/1 3:00,0,0
2003/12/1 3:30,0,0
2003/12/1 4:00,0,0
2003/12/1 4:30,0,0
2003/12/1 5:00,0,0
2003/12/1 5:30,0,0
2003/12/1 6:00,0.277777778,1.25
2003/12/1 6:30,0.722222222,3.25
2003/12/1 7:00,3.022222222,13.6
2003/12/1 7:30,4.977777778,22.4
2003/12/1 8:00,4.934693878,22.20612245
2003/12/1 8:30,7.065306122,31.79387755
2003/12/1 9:00,16.62351508,74.80581785
2003/12/1 9:30,20.37648492,91.69418215
2003/12/1 10:00,16.53309539,74.39892927
2003/12/1 10:30,13.46690461,60.60107073
2003/12/1 11:00,8.491048593,38.20971867
2003/12/1 11:30,7.508951407,33.79028133
2003/12/1 12:00,8.237647059,37.06941176
2003/12/1 12:30,9.762352941,43.93058824
2003/12/1 13:00,15.62074074,70.29333333
2003/12/1 13:30,16.37925926,73.70666667
2003/12/1 14:00,13.08068783,58.86309524
2003/12/1 14:30,8.919312169,40.13690476
2003/12/1 15:00,3.964285714,17.83928571
2003/12/1 15:30,2.035714286,9.160714286
2003/12/1 16:00,0.714285714,3.214285714
2003/12/1 16:30,0.285714286,1.285714286
2003/12/1 17:00,0,0
2003/12/1 17:30,0,0
2003/12/1 18:00,0,0
2003/12/1 18:30,0,0
2003/12/1 19:00,0,0
2003/12/1 19:30,0,0
2003/12/1 20:00,0,0
2003/12/1 20:30,0,0
2003/12/1 21:00,0,0
2003/12/1 21:30,0,0
2003/12/1 22:00,0,0
2003/12/1 22:30,0,0
2003/12/1 23:00,0,0
2003/12/1 23:30,0,0
2003/12/2 0:00,0,0
2003/12/2 0:30,0,0
2003/12/2 1:00,0,0
2003/12/2 1:30,0,0
2003/12/2 2:00,0,0
2003/12/2 2:30,0,0
2003/12/2 3:00,0,0
2003/12/2 3:30,0,0
2003/12/2 4:00,0,0
2003/12/2 4:30,0,0
2003/12/2 5:00,0,0
2003/12/2 5:30,0,0
2003/12/2 6:00,1.575630252,7.090336134
2003/12/2 6:30,4.424369748,19.90966387
2003/12/2 7:00,37.75601532,169.9020689
2003/12/2 7:30,75.24398468,338.5979311
2003/12/2 8:00,118.7488629,534.3698831
2003/12/2 8:30,163.2511371,734.6301169
2003/12/2 9:00,197.0819119,886.8686036
2003/12/2 9:30,228.9180881,1030.131396
2003/12/2 10:00,249.9565824,1124.804621
2003/12/2 10:30,266.0434176,1197.195379
2003/12/2 11:00,274.2357976,1234.061089
2003/12/2 11:30,272.7642024,1227.438911
2003/12/2 12:00,260.8954702,1174.029616
2003/12/2 12:30,244.1045298,1098.470384
2003/12/2 13:00,224.7897867,1011.55404
2003/12/2 13:30,194.2102133,873.94596
2003/12/2 14:00,161.5801959,727.1108817
2003/12/2 14:30,118.4198041,532.8891183
2003/12/2 15:00,76.454127,344.0435715
2003/12/2 15:30,38.545873,173.4564285
2003/12/2 16:00,4.425619835,19.91528926
2003/12/2 16:30,1.574380165,7.084710744
2003/12/2 17:00,0,0
2003/12/2 17:30,0,0
2003/12/2 18:00,0,0
2003/12/2 18:30,0,0
2003/12/2 19:00,0,0
2003/12/2 19:30,0,0
2003/12/2 20:00,0,0
2003/12/2 20:30,0,0
2003/12/2 21:00,0,0
2003/12/2 21:30,0,0
2003/12/2 22:00,0,0
2003/12/2 22:30,0,0
2003/12/2 23:00,0,0
2003/12/2 23:30,0,0
2003/12/3 0:00,0,0
2003/12/3 0:30,0,0
2003/12/3 1:00,0,0
2003/12/3 1:30,0,0
2003/12/3 2:00,0,0
2003/12/3 2:30,0,0
2003/12/3 3:00,0,0
2003/12/3 3:30,0,0
2003/12/3 4:00,0,0
2003/12/3 4:30,0,0
2003/12/3 5:00,0,0
2003/12/3 5:30,0,0
2003/12/3 6:00,1.321022727,5.944602273
2003/12/3 6:30,3.678977273,16.55539773
2003/12/3 7:00,28.40360133,127.816206
2003/12/3 7:30,54.59639867,245.683794
2003/12/3 8:00,79.7247877,358.7615447
2003/12/3 8:30,103.2752123,464.7384553
2003/12/3 9:00,112.5098081,506.2941364
2003/12/3 9:30,129.4901919,582.7058636
2003/12/3 10:00,156.6475217,704.9138477
2003/12/3 10:30,165.3524783,744.0861523
2003/12/3 11:00,153.9503762,692.7766928
2003/12/3 11:30,147.0496238,661.7233072
2003/12/3 12:00,139.5420558,627.9392511
2003/12/3 12:30,128.4579442,578.0607489
2003/12/3 13:00,113.3553719,510.0991736
2003/12/3 13:30,102.6446281,461.9008264
2003/12/3 14:00,99.8825332,449.4713994
2003/12/3 14:30,80.1174668,360.5286006
2003/12/3 15:00,56.98085613,256.4138526
2003/12/3 15:30,30.01914387,135.0861474
2003/12/3 16:00,3.682065217,16.56929348
2003/12/3 16:30,1.317934783,5.930706522
2003/12/3 17:00,0,0
2003/12/3 17:30,0,0
2003/12/3 18:00,0,0
2003/12/3 18:30,0,0
2003/12/3 19:00,0,0
2003/12/3 19:30,0,0
2003/12/3 20:00,0,0
2003/12/3 20:30,0,0
2003/12/3 21:00,0,0
2003/12/3 21:30,0,0
2003/12/3 22:00,0,0
2003/12/3 22:30,0,0
2003/12/3 23:00,0,0
2003/12/3 23:30,0,0
2003/12/4 0:00,0,0
2003/12/4 0:30,0,0
2003/12/4 1:00,0,0
2003/12/4 1:30,0,0
2003/12/4 2:00,0,0
2003/12/4 2:30,0,0
2003/12/4 3:00,0,0
2003/12/4 3:30,0,0
2003/12/4 4:00,0,0
2003/12/4 4:30,0,0
2003/12/4 5:00,0,0
2003/12/4 5:30,0,0
2003/12/4 6:00,1.30787037,5.885416667
2003/12/4 6:30,3.69212963,16.61458333
2003/12/4 7:00,34.74286492,156.3428922
2003/12/4 7:30,68.25713508,307.1571078
2003/12/4 8:00,99.31304423,446.9086991
2003/12/4 8:30,137.6869558,619.5913009
2003/12/4 9:00,181.0319604,814.6438217
2003/12/4 9:30,216.9680396,976.3561783
2003/12/4 10:00,240.2295126,1081.032807
2003/12/4 10:30,253.7704874,1141.967193
2003/12/4 11:00,249.280933,1121.764199
2003/12/4 11:30,246.719067,1110.235801
2003/12/4 12:00,246.041371,1107.18617
2003/12/4 12:30,227.958629,1025.81383
2003/12/4 13:00,197.0471502,886.712176
2003/12/4 13:30,167.9528498,755.787824
2003/12/4 14:00,142.9179692,643.1308615
2003/12/4 14:30,106.0820308,477.3691385
2003/12/4 15:00,70.39363025,316.7713361
2003/12/4 15:30,35.60636975,160.2286639
2003/12/4 16:00,3.693693694,16.62162162
2003/12/4 16:30,1.306306306,5.878378378
2003/12/4 17:00,0,0
2003/12/4 17:30,0,0
2003/12/4 18:00,0,0
2003/12/4 18:30,0,0
2003/12/4 19:00,0,0
2003/12/4 19:30,0,0
2003/12/4 20:00,0,0
2003/12/4 20:30,0,0
2003/12/4 21:00,0,0
2003/12/4 21:30,0,0
2003/12/4 22:00,0,0
2003/12/4 22:30,0,0
2003/12/4 23:00,0,0
2003/12/4 23:30,0,0
2003/12/5 0:00,0,0
2003/12/5 0:30,0,0
2003/12/5 1:00,0,0
2003/12/5 1:30,0,0
2003/12/5 2:00,0,0
2003/12/5 2:30,0,0
2003/12/5 3:00,0,0
2003/12/5 3:30,0,0
2003/12/5 4:00,0,0
2003/12/5 4:30,0,0
2003/12/5 5:00,0,0
2003/12/5 5:30,0,0
2003/12/5 6:00,1.063492063,4.785714285
2003/12/5 6:30,2.936507937,13.21428571
2003/12/5 7:00,19.53717165,87.91727244
2003/12/5 7:30,39.46282835,177.5827276
2003/12/5 8:00,71.4932552,321.7196484
2003/12/5 8:30,95.5067448,429.7803516
2003/12/5 9:00,97.72675865,439.7704139
2003/12/5 9:30,105.2732413,473.7295861
2003/12/5 10:00,109.8575139,494.3588126
2003/12/5 10:30,115.1424861,518.1411874
2003/12/5 11:00,127.5330154,573.8985693
2003/12/5 11:30,117.4669846,528.6014307
2003/12/5 12:00,83.48689252,375.6910163
2003/12/5 12:30,77.51310748,348.8089837
2003/12/5 13:00,94.89186598,427.0133969
2003/12/5 13:30,86.10813402,387.4866031
2003/12/5 14:00,62.72293783,282.2532202
2003/12/5 14:30,45.27706217,203.7467798
2003/12/5 15:00,30.98209677,139.4194355
2003/12/5 15:30,16.01790323,72.08056452
2003/12/5 16:00,2.205,9.9225
2003/12/5 16:30,0.795,3.5775
2003/12/5 17:00,0,0
2003/12/5 17:30,0,0
2003/12/5 18:00,0,0
2003/12/5 18:30,0,0
2003/12/5 19:00,0,0
2003/12/5 19:30,0,0
2003/12/5 20:00,0,0
2003/12/5 20:30,0,0
2003/12/5 21:00,0,0
2003/12/5 21:30,0,0
2003/12/5 22:00,0,0
2003/12/5 22:30,0,0
2003/12/5 23:00,0,0
2003/12/5 23:30,0,0
2003/12/6 0:00,0,0
2003/12/6 0:30,0,0
2003/12/6 1:00,0,0
2003/12/6 1:30,0,0
2003/12/6 2:00,0,0
2003/12/6 2:30,0,0
2003/12/6 3:00,0,0
2003/12/6 3:30,0,0
2003/12/6 4:00,0,0
2003/12/6 4:30,0,0
2003/12/6 5:00,0,0
2003/12/6 5:30,0,0
2003/12/6 6:00,0.267857143,1.205357143
2003/12/6 6:30,0.732142857,3.294642857
2003/12/6 7:00,3.852756892,17.33740601
2003/12/6 7:30,9.147243108,41.16259399
2003/12/6 8:00,37.82615403,170.2176931
2003/12/6 8:30,63.17384597,284.2823069
2003/12/6 9:00,73.59601269,331.1820571
2003/12/6 9:30,88.40398731,397.8179429
2003/12/6 10:00,99.22015921,446.4907164
2003/12/6 10:30,112.7798408,507.5092836
2003/12/6 11:00,129.3072507,581.8826281
2003/12/6 11:30,141.6927493,637.6173719
2003/12/6 12:00,152.5137135,686.3117106
2003/12/6 12:30,153.4862865,690.6882894
2003/12/6 13:00,147.7364422,664.8139899
2003/12/6 13:30,130.2635578,586.1860101
2003/12/6 14:00,108.0861577,486.3877099
2003/12/6 14:30,75.91384226,341.6122901
2003/12/6 15:00,41.43677952,186.4655078
2003/12/6 15:30,20.56322048,92.53449217
2003/12/6 16:00,3.656716418,16.45522388
2003/12/6 16:30,1.343283582,6.04477612
2003/12/6 17:00,0,0
2003/12/6 17:30,0,0
2003/12/6 18:00,0,0
2003/12/6 18:30,0,0
2003/12/6 19:00,0,0
2003/12/6 19:30,0,0
2003/12/6 20:00,0,0
2003/12/6 20:30,0,0
2003/12/6 21:00,0,0
2003/12/6 21:30,0,0
2003/12/6 22:00,0,0
2003/12/6 22:30,0,0
2003/12/6 23:00,0,0
2003/12/6 23:30,0,0
2003/12/7 0:00,0,0
2003/12/7 0:30,0,0
2003/12/7 1:00,0,0
2003/12/7 1:30,0,0
2003/12/7 2:00,0,0
2003/12/7 2:30,0,0
2003/12/7 3:00,0,0
2003/12/7 3:30,0,0
2003/12/7 4:00,0,0
2003/12/7 4:30,0,0
2003/12/7 5:00,0,0
2003/12/7 5:30,0,0
2003/12/7 6:00,0.780821918,3.51369863
2003/12/7 6:30,2.219178082,9.98630137
2003/12/7 7:00,22.7900736,102.5553312
2003/12/7 7:30,47.2099264,212.4446688
2003/12/7 8:00,80.78303706,363.5236668
2003/12/7 8:30,117.2169629,527.4763332
2003/12/7 9:00,151.8006129,683.1027579
2003/12/7 9:30,184.1993871,828.8972421
2003/12/7 10:00,206.1005239,927.4523576
2003/12/7 10:30,227.8994761,1025.547642
2003/12/7 11:00,248.8025638,1119.611537
2003/12/7 11:30,254.1974362,1143.888463
2003/12/7 12:00,246.0969721,1107.436374
2003/12/7 12:30,226.9030279,1021.063626
2003/12/7 13:00,196.0990833,882.4458747
2003/12/7 13:30,166.9009167,751.0541253
2003/12/7 14:00,143.6213115,646.2959016
2003/12/7 14:30,103.3786885,465.2040984
2003/12/7 15:00,61.16710526,275.2519737
2003/12/7 15:30,29.83289474,134.2480263
2003/12/7 16:00,2.957894737,13.31052632
2003/12/7 16:30,1.042105263,4.689473684
2003/12/7 17:00,0,0
2003/12/7 17:30,0,0
2003/12/7 18:00,0,0
2003/12/7 18:30,0,0
2003/12/7 19:00,0,0
2003/12/7 19:30,0,0
2003/12/7 20:00,0,0
2003/12/7 20:30,0,0
2003/12/7 21:00,0,0
2003/12/7 21:30,0,0
2003/12/7 22:00,0,0
2003/12/7 22:30,0,0
2003/12/7 23:00,0,0
2003/12/7 23:30,0,0
2003/12/8 0:00,0,0
2003/12/8 0:30,0,0
2003/12/8 1:00,0,0
2003/12/8 1:30,0,0
2003/12/8 2:00,0,0
2003/12/8 2:30,0,0
2003/12/8 3:00,0,0
2003/12/8 3:30,0,0
2003/12/8 4:00,0,0
2003/12/8 4:30,0,0
2003/12/8 5:00,0,0
2003/12/8 5:30,0,0
2003/12/8 6:00,0.519607843,2.338235294
2003/12/8 6:30,1.480392157,6.661764706
2003/12/8 7:00,16.62811943,74.82653743
2003/12/8 7:30,32.37188057,145.6734626
2003/12/8 8:00,45.45365068,204.5414281
2003/12/8 8:30,59.54634932,267.9585719
2003/12/8 9:00,71.02693331,319.6211999
2003/12/8 9:30,77.97306669,350.8788001
2003/12/8 10:00,74.53909946,335.4259476
2003/12/8 10:30,78.46090054,353.0740524
2003/12/8 11:00,91.27949194,410.7577137
2003/12/8 11:30,91.72050806,412.7422863
2003/12/8 12:00,80.53794583,362.4207562
2003/12/8 12:30,75.46205417,339.5792438
2003/12/8 13:00,71.14364802,320.1464161
2003/12/8 13:30,69.85635198,314.3535839
2003/12/8 14:00,74.65373006,335.9417853
2003/12/8 14:30,70.34626994,316.5582147
2003/12/8 15:00,69.79469651,314.0761343
2003/12/8 15:30,41.20530349,185.4238657
2003/12/8 16:00,4.423076923,19.90384615
2003/12/8 16:30,1.576923077,7.096153846
2003/12/8 17:00,0,0
2003/12/8 17:30,0,0
2003/12/8 18:00,0,0
2003/12/8 18:30,0,0
2003/12/8 19:00,0,0
2003/12/8 19:30,0,0
2003/12/8 20:00,0,0
2003/12/8 20:30,0,0
2003/12/8 21:00,0,0
2003/12/8 21:30,0,0
2003/12/8 22:00,0,0
2003/12/8 22:30,0,0
2003/12/8 23:00,0,0
2003/12/8 23:30,0,0
2003/12/9 0:00,0,0
2003/12/9 0:30,0,0
2003/12/9 1:00,0,0
2003/12/9 1:30,0,0
2003/12/9 2:00,0,0
2003/12/9 2:30,0,0
2003/12/9 3:00,0,0
2003/12/9 3:30,0,0
2003/12/9 4:00,0,0
2003/12/9 4:30,0,0
2003/12/9 5:00,0,0
2003/12/9 5:30,0,0
2003/12/9 6:00,0.772058824,3.474264706
2003/12/9 6:30,2.227941176,10.02573529
2003/12/9 7:00,32.51888945,146.3350025
2003/12/9 7:30,66.48111055,299.1649975
2003/12/9 8:00,104.330514,469.4873129
2003/12/9 8:30,144.669486,651.0126871
2003/12/9 9:00,178.7821344,804.519605
2003/12/9 9:30,208.2178656,936.980395
2003/12/9 10:00,225.0988279,1012.944725
2003/12/9 10:30,235.9011721,1061.555275
2003/12/9 11:00,233.8182688,1052.18221
2003/12/9 11:30,233.1817312,1049.31779
2003/12/9 12:00,236.0159403,1062.071731
2003/12/9 12:30,219.9840597,989.9282688
2003/12/9 13:00,188.7788779,849.5049505
2003/12/9 13:30,163.2211221,734.4950495
2003/12/9 14:00,144.4527945,650.0375751
2003/12/9 14:30,109.5472055,492.9624249
2003/12/9 15:00,74.00796518,333.0358433
2003/12/9 15:30,37.99203482,170.9641567
2003/12/9 16:00,4.423728814,19.90677966
2003/12/9 16:30,1.576271186,7.093220339
2003/12/9 17:00,0,0
2003/12/9 17:30,0,0
2003/12/9 18:00,0,0
2003/12/9 18:30,0,0
2003/12/9 19:00,0,0
2003/12/9 19:30,0,0
2003/12/9 20:00,0,0
2003/12/9 20:30,0,0
2003/12/9 21:00,0,0
2003/12/9 21:30,0,0
2003/12/9 22:00,0,0
2003/12/9 22:30,0,0
2003/12/9 23:00,0,0
2003/12/9 23:30,0,0
2003/12/10 0:00,0,0
2003/12/10 0:30,0,0
2003/12/10 1:00,0,0
2003/12/10 1:30,0,0
2003/12/10 2:00,0,0
2003/12/10 2:30,0,0
2003/12/10 3:00,0,0
2003/12/10 3:30,0,0
2003/12/10 4:00,0,0
2003/12/10 4:30,0,0
2003/12/10 5:00,0,0
2003/12/10 5:30,0,0
2003/12/10 6:00,0.512345679,2.305555555
2003/12/10 6:30,1.487654321,6.694444445
2003/12/10 7:00,25.59933817,115.1970218
2003/12/10 7:30,53.40066183,240.3029782
2003/12/10 8:00,87.13524058,392.1085826
2003/12/10 8:30,124.8647594,561.8914174
2003/12/10 9:00,161.6458888,727.4064998
2003/12/10 9:30,195.3541112,879.0935002
2003/12/10 10:00,217.9631929,980.834368
2003/12/10 10:30,239.0368071,1075.665632
2003/12/10 11:00,257.459464,1158.567588
2003/12/10 11:30,259.540536,1167.932412
2003/12/10 12:00,243.7765897,1096.994654
2003/12/10 12:30,228.2234103,1027.005346
2003/12/10 13:00,213.4060288,960.3271298
2003/12/10 13:30,183.5939712,826.1728702
2003/12/10 14:00,148.3673485,667.6530681
2003/12/10 14:30,108.6326515,488.8469319
2003/12/10 15:00,72.21282371,324.9577067
2003/12/10 15:30,36.78717629,165.5422933
2003/12/10 16:00,4.42173913,19.89782609
2003/12/10 16:30,1.57826087,7.102173913
2003/12/10 17:00,0,0
2003/12/10 17:30,0,0
2003/12/10 18:00,0,0
2003/12/10 18:30,0,0
2003/12/10 19:00,0,0
2003/12/10 19:30,0,0
2003/12/10 20:00,0,0
2003/12/10 20:30,0,0
2003/12/10 21:00,0,0
2003/12/10 21:30,0,0
2003/12/10 22:00,0,0
2003/12/10 22:30,0,0
2003/12/10 23:00,0,0
2003/12/10 23:30,0,0
2003/12/11 0:00,0,0
2003/12/11 0:30,0,0
2003/12/11 1:00,0,0
2003/12/11 1:30,0,0
2003/12/11 2:00,0,0
2003/12/11 2:30,0,0
2003/12/11 3:00,0,0
2003/12/11 3:30,0,0
2003/12/11 4:00,0,0
2003/12/11 4:30,0,0
2003/12/11 5:00,0,0
2003/12/11 5:30,0,0
2003/12/11 6:00,0.520833333,2.34375
2003/12/11 6:30,1.479166667,6.65625
2003/12/11 7:00,15.57780612,70.10012755
2003/12/11 7:30,30.42219388,136.8998724
2003/12/11 8:00,45.23785344,203.5703405
2003/12/11 8:30,55.76214656,250.9296595
2003/12/11 9:00,49.85803598,224.3611619
2003/12/11 9:30,60.14196402,270.6388381
2003/12/11 10:00,100.9397735,454.2289805
2003/12/11 10:30,118.0602265,531.2710195
2003/12/11 11:00,114.2893737,514.3021816
2003/12/11 11:30,96.71062631,435.1978184
2003/12/11 12:00,64.24916349,289.1212357
2003/12/11 12:30,45.75083651,205.8787643
2003/12/11 13:00,30.60638127,137.7287157
2003/12/11 13:30,21.39361873,96.27128427
2003/12/11 14:00,14.19101732,63.85957792
2003/12/11 14:30,10.80898268,48.64042208
2003/12/11 15:00,10.79365079,48.57142857
2003/12/11 15:30,6.206349206,27.92857143
2003/12/11 16:00,0.736111111,3.3125
2003/12/11 16:30,0.263888889,1.1875
2003/12/11 17:00,0,0
2003/12/11 17:30,0,0
2003/12/11 18:00,0,0
2003/12/11 18:30,0,0
2003/12/11 19:00,0,0
2003/12/11 19:30,0,0
2003/12/11 20:00,0,0
2003/12/11 20:30,0,0
2003/12/11 21:00,0,0
2003/12/11 21:30,0,0
2003/12/11 22:00,0,0
2003/12/11 22:30,0,0
2003/12/11 23:00,0,0
2003/12/11 23:30,0,0
2003/12/12 0:00,0,0
2003/12/12 0:30,0,0
2003/12/12 1:00,0,0
2003/12/12 1:30,0,0
2003/12/12 2:00,0,0
2003/12/12 2:30,0,0
2003/12/12 3:00,0,0
2003/12/12 3:30,0,0
2003/12/12 4:00,0,0
2003/12/12 4:30,0,0
2003/12/12 5:00,0,0
2003/12/12 5:30,0,0
2003/12/12 6:00,0,0
2003/12/12 6:30,0,0
2003/12/12 7:00,2.121212121,9.545454545
2003/12/12 7:30,4.878787879,21.95454545
2003/12/12 8:00,9.914932457,44.61719606
2003/12/12 8:30,16.08506754,72.38280394
2003/12/12 9:00,23.60692771,106.2311747
2003/12/12 9:30,33.39307229,150.2688253
2003/12/12 10:00,46.03629279,207.1633176
2003/12/12 10:30,62.96370721,283.3366824
2003/12/12 11:00,90.88364305,408.9763937
2003/12/12 11:30,115.1163569,518.0236063
2003/12/12 12:00,142.1720516,639.7742323
2003/12/12 12:30,143.8279484,647.2257677
2003/12/12 13:00,115.2989717,518.8453724
2003/12/12 13:30,100.7010283,453.1546276
2003/12/12 14:00,99.23960043,446.5782019
2003/12/12 14:30,66.76039957,300.4217981
2003/12/12 15:00,24.03557869,108.1601041
2003/12/12 15:30,10.96442131,49.33989592
2003/12/12 16:00,2.190789474,9.858552632
2003/12/12 16:30,0.809210526,3.641447368
2003/12/12 17:00,0,0
2003/12/12 17:30,0,0
2003/12/12 18:00,0,0
2003/12/12 18:30,0,0
2003/12/12 19:00,0,0
2003/12/12 19:30,0,0
2003/12/12 20:00,0,0
2003/12/12 20:30,0,0
2003/12/12 21:00,0,0
2003/12/12 21:30,0,0
2003/12/12 22:00,0,0
2003/12/12 22:30,0,0
2003/12/12 23:00,0,0
2003/12/12 23:30,0,0
2003/12/13 0:00,0,0
2003/12/13 0:30,0,0
2003/12/13 1:00,0,0
2003/12/13 1:30,0,0
2003/12/13 2:00,0,0
2003/12/13 2:30,0,0
2003/12/13 3:00,0,0
2003/12/13 3:30,0,0
2003/12/13 4:00,0,0
2003/12/13 4:30,0,0
2003/12/13 5:00,0,0
2003/12/13 5:30,0,0
2003/12/13 6:00,0.511627907,2.302325582
2003/12/13 6:30,1.488372093,6.697674418
2003/12/13 7:00,26.93281654,121.1976744
2003/12/13 7:30,57.06718346,256.8023256
2003/12/13 8:00,98.78136201,444.516129
2003/12/13 8:30,141.218638,635.483871
2003/12/13 9:00,173.8978808,782.5404637
2003/12/13 9:30,206.1021192,927.4595363
2003/12/13 10:00,229.2944032,1031.824814
2003/12/13 10:30,247.7055968,1114.675186
2003/12/13 11:00,257.7367419,1159.815339
2003/12/13 11:30,260.2632581,1171.184661
2003/12/13 12:00,255.1555315,1148.199892
2003/12/13 12:30,240.8444685,1083.800108
2003/12/13 13:00,220.4101602,991.8457208
2003/12/13 13:30,190.5898398,857.6542792
2003/12/13 14:00,158.7374912,714.3187106
2003/12/13 14:30,117.2625088,527.6812894
2003/12/13 15:00,77.39077506,348.2584877
2003/12/13 15:30,39.60922494,178.2415123
2003/12/13 16:00,5.151209677,23.18044355
2003/12/13 16:30,1.848790323,8.319556451
2003/12/13 17:00,0,0
2003/12/13 17:30,0,0
2003/12/13 18:00,0,0
2003/12/13 18:30,0,0
2003/12/13 19:00,0,0
2003/12/13 19:30,0,0
2003/12/13 20:00,0,0
2003/12/13 20:30,0,0
2003/12/13 21:00,0,0
2003/12/13 21:30,0,0
2003/12/13 22:00,0,0
2003/12/13 22:30,0,0
2003/12/13 23:00,0,0
2003/12/13 23:30,0,0
2003/12/14 0:00,0,0
2003/12/14 0:30,0,0
2003/12/14 1:00,0,0
2003/12/14 1:30,0,0
2003/12/14 2:00,0,0
2003/12/14 2:30,0,0
2003/12/14 3:00,0,0
2003/12/14 3:30,0,0
2003/12/14 4:00,0,0
2003/12/14 4:30,0,0
2003/12/14 5:00,0,0
2003/12/14 5:30,0,0
2003/12/14 6:00,0.510989011,2.299450549
2003/12/14 6:30,1.489010989,6.700549451
2003/12/14 7:00,28.5977388,128.6898246
2003/12/14 7:30,60.4022612,271.8101754
2003/12/14 8:00,102.9363349,463.213507
2003/12/14 8:30,146.0636651,657.286493
2003/12/14 9:00,178.5882515,803.6471319
2003/12/14 9:30,210.4117485,946.8528681
2003/12/14 10:00,232.8225241,1047.701358
2003/12/14 10:30,250.1774759,1125.798642
2003/12/14 11:00,258.7046646,1164.170991
2003/12/14 11:30,260.2953354,1171.329009
2003/12/14 12:00,254.701252,1146.155634
2003/12/14 12:30,240.298748,1081.344366
2003/12/14 13:00,220.3587691,991.6144607
2003/12/14 13:30,190.6412309,857.8855393
2003/12/14 14:00,158.7374912,714.3187106
2003/12/14 14:30,117.2625088,527.6812894
2003/12/14 15:00,77.39077506,348.2584877
2003/12/14 15:30,39.60922494,178.2415123
2003/12/14 16:00,5.151209677,23.18044355
2003/12/14 16:30,1.848790323,8.319556451
2003/12/14 17:00,0,0
2003/12/14 17:30,0,0
2003/12/14 18:00,0,0
2003/12/14 18:30,0,0
2003/12/14 19:00,0,0
2003/12/14 19:30,0,0
2003/12/14 20:00,0,0
2003/12/14 20:30,0,0
2003/12/14 21:00,0,0
2003/12/14 21:30,0,0
2003/12/14 22:00,0,0
2003/12/14 22:30,0,0
2003/12/14 23:00,0,0
2003/12/14 23:30,0,0
2003/12/15 0:00,0,0
2003/12/15 0:30,0,0
2003/12/15 1:00,0,0
2003/12/15 1:30,0,0
2003/12/15 2:00,0,0
2003/12/15 2:30,0,0
2003/12/15 3:00,0,0
2003/12/15 3:30,0,0
2003/12/15 4:00,0,0
2003/12/15 4:30,0,0
2003/12/15 5:00,0,0
2003/12/15 5:30,0,0
2003/12/15 6:00,0.253333333,1.14
2003/12/15 6:30,0.746666667,3.36
2003/12/15 7:00,23.55017544,105.9757895
2003/12/15 7:30,50.44982456,227.0242105
2003/12/15 8:00,87.5665102,394.0492959
2003/12/15 8:30,123.4334898,555.4507041
2003/12/15 9:00,143.5206266,645.8428197
2003/12/15 9:30,172.4793734,776.1571803
2003/12/15 10:00,210.2459159,946.1066215
2003/12/15 10:30,232.7540841,1047.393378
2003/12/15 11:00,236.3041793,1063.368807
2003/12/15 11:30,239.6958207,1078.631193
2003/12/15 12:00,239.3714726,1077.171627
2003/12/15 12:30,229.6285274,1033.328373
2003/12/15 13:00,215.3578016,969.1101071
2003/12/15 13:30,187.6421984,844.3898929
2003/12/15 14:00,154.8130138,696.6585623
2003/12/15 14:30,114.1869862,513.8414377
2003/12/15 15:00,75.36821095,339.1569493
2003/12/15 15:30,38.63178905,173.8430507
2003/12/15 16:00,5.148760331,23.16942149
2003/12/15 16:30,1.851239669,8.330578512
2003/12/15 17:00,0,0
2003/12/15 17:30,0,0
2003/12/15 18:00,0,0
2003/12/15 18:30,0,0
2003/12/15 19:00,0,0
2003/12/15 19:30,0,0
2003/12/15 20:00,0,0
2003/12/15 20:30,0,0
2003/12/15 21:00,0,0
2003/12/15 21:30,0,0
2003/12/15 22:00,0,0
2003/12/15 22:30,0,0
2003/12/15 23:00,0,0
2003/12/15 23:30,0,0
2003/12/16 0:00,0,0
2003/12/16 0:30,0,0
2003/12/16 1:00,0,0
2003/12/16 1:30,0,0
2003/12/16 2:00,0,0
2003/12/16 2:30,0,0
2003/12/16 3:00,0,0
2003/12/16 3:30,0,0
2003/12/16 4:00,0,0
2003/12/16 4:30,0,0
2003/12/16 5:00,0,0
2003/12/16 5:30,0,0
2003/12/16 6:00,0.254545455,1.145454545
2003/12/16 6:30,0.745454545,3.354545455
2003/12/16 7:00,17.56220847,79.02993812
2003/12/16 7:30,36.43779153,163.9700619
2003/12/16 8:00,55.40573996,249.3258298
2003/12/16 8:30,81.59426004,367.1741702
2003/12/16 9:00,117.9375648,530.7190418
2003/12/16 9:30,154.0624352,693.2809582
2003/12/16 10:00,190.7212055,858.2454247
2003/12/16 10:30,218.2787945,982.2545753
2003/12/16 11:00,229.2099766,1031.444895
2003/12/16 11:30,239.7900234,1079.055105
2003/12/16 12:00,248.5155873,1118.320143
2003/12/16 12:30,241.4844127,1086.679857
2003/12/16 13:00,223.3838728,1005.227428
2003/12/16 13:30,194.6161272,875.7725724
2003/12/16 14:00,161.4868551,726.690848
2003/12/16 14:30,119.5131449,537.809152
2003/12/16 15:00,79.36890058,357.1600526
2003/12/16 15:30,40.63109942,182.8399474
2003/12/16 16:00,5.153543307,23.19094488
2003/12/16 16:30,1.846456693,8.309055118
2003/12/16 17:00,0,0
2003/12/16 17:30,0,0
2003/12/16 18:00,0,0
2003/12/16 18:30,0,0
2003/12/16 19:00,0,0
2003/12/16 19:30,0,0
2003/12/16 20:00,0,0
2003/12/16 20:30,0,0
2003/12/16 21:00,0,0
2003/12/16 21:30,0,0
2003/12/16 22:00,0,0
2003/12/16 22:30,0,0
2003/12/16 23:00,0,0
2003/12/16 23:30,0,0
2003/12/17 0:00,0,0
2003/12/17 0:30,0,0
2003/12/17 1:00,0,0
2003/12/17 1:30,0,0
2003/12/17 2:00,0,0
2003/12/17 2:30,0,0
2003/12/17 3:00,0,0
2003/12/17 3:30,0,0
2003/12/17 4:00,0,0
2003/12/17 4:30,0,0
2003/12/17 5:00,0,0
2003/12/17 5:30,0,0
2003/12/17 6:00,0.25625,1.153125
2003/12/17 6:30,0.74375,3.346875
2003/12/17 7:00,13.24375,59.596875
2003/12/17 7:30,25.75625,115.903125
2003/12/17 8:00,34.17741935,153.7983871
2003/12/17 8:30,43.82258065,197.2016129
2003/12/17 9:00,52.40953717,235.8429173
2003/12/17 9:30,55.59046283,250.1570827
2003/12/17 10:00,47.23433254,212.5544964
2003/12/17 10:30,51.76566746,232.9455036
2003/12/17 11:00,72.71431925,327.2144366
2003/12/17 11:30,84.28568075,379.2855634
2003/12/17 12:00,86.06364727,387.2864127
2003/12/17 12:30,93.93635273,422.7135873
2003/12/17 13:00,110.0414064,495.1863286
2003/12/17 13:30,112.9585936,508.3136714
2003/12/17 14:00,110.4890309,497.200639
2003/12/17 14:30,89.51096911,402.799361
2003/12/17 15:00,60.96121626,274.3254732
2003/12/17 15:30,32.03878374,144.1745268
2003/12/17 16:00,4.409090909,19.84090909
2003/12/17 16:30,1.590909091,7.159090909
2003/12/17 17:00,0,0
2003/12/17 17:30,0,0
2003/12/17 18:00,0,0
2003/12/17 18:30,0,0
2003/12/17 19:00,0,0
2003/12/17 19:30,0,0
2003/12/17 20:00,0,0
2003/12/17 20:30,0,0
2003/12/17 21:00,0,0
2003/12/17 21:30,0,0
2003/12/17 22:00,0,0
2003/12/17 22:30,0,0
2003/12/17 23:00,0,0
2003/12/17 23:30,0,0
2003/12/18 0:00,0,0
2003/12/18 0:30,0,0
2003/12/18 1:00,0,0
2003/12/18 1:30,0,0
2003/12/18 2:00,0,0
2003/12/18 2:30,0,0
2003/12/18 3:00,0,0
2003/12/18 3:30,0,0
2003/12/18 4:00,0,0
2003/12/18 4:30,0,0
2003/12/18 5:00,0,0
2003/12/18 5:30,0,0
2003/12/18 6:00,0.253164557,1.139240507
2003/12/18 6:30,0.746835443,3.360759493
2003/12/18 7:00,24.4851532,110.1831894
2003/12/18 7:30,53.5148468,240.8168106
2003/12/18 8:00,98.98107811,445.4148515
2003/12/18 8:30,144.0189219,648.0851485
2003/12/18 9:00,176.3995973,793.7981877
2003/12/18 9:30,209.6004027,943.2018123
2003/12/18 10:00,234.8275415,1056.723937
2003/12/18 10:30,253.1724585,1139.276063
2003/12/18 11:00,262.711841,1182.203284
2003/12/18 11:30,259.288159,1166.796716
2003/12/18 12:00,243.0919322,1093.913695
2003/12/18 12:30,219.9080678,989.5863049
2003/12/18 13:00,188.7858316,849.5362421
2003/12/18 13:30,160.2141684,720.9637579
2003/12/18 14:00,137.8414725,620.2866262
2003/12/18 14:30,101.1585275,455.2133738
2003/12/18 15:00,63.71062335,286.6978051
2003/12/18 15:30,32.28937665,145.3021949
2003/12/18 16:00,4.411764706,19.85294118
2003/12/18 16:30,1.588235294,7.147058823
2003/12/18 17:00,0,0
2003/12/18 17:30,0,0
2003/12/18 18:00,0,0
2003/12/18 18:30,0,0
2003/12/18 19:00,0,0
2003/12/18 19:30,0,0
2003/12/18 20:00,0,0
2003/12/18 20:30,0,0
2003/12/18 21:00,0,0
2003/12/18 21:30,0,0
2003/12/18 22:00,0,0
2003/12/18 22:30,0,0
2003/12/18 23:00,0,0
2003/12/18 23:30,0,0
2003/12/19 0:00,0,0
2003/12/19 0:30,0,0
2003/12/19 1:00,0,0
2003/12/19 1:30,0,0
2003/12/19 2:00,0,0
2003/12/19 2:30,0,0
2003/12/19 3:00,0,0
2003/12/19 3:30,0,0
2003/12/19 4:00,0,0
2003/12/19 4:30,0,0
2003/12/19 5:00,0,0
2003/12/19 5:30,0,0
2003/12/19 6:00,0,0
2003/12/19 6:30,0,0
2003/12/19 7:00,11.4726776,51.62704918
2003/12/19 7:30,26.5273224,119.3729508
2003/12/19 8:00,55.45787796,249.5604508
2003/12/19 8:30,89.54212204,402.9395492
2003/12/19 9:00,134.0426587,603.1919643
2003/12/19 9:30,170.9573413,769.3080357
2003/12/19 10:00,188.7157147,849.2207162
2003/12/19 10:30,206.2842853,928.2792838
2003/12/19 11:00,215.0003526,967.5015869
2003/12/19 11:30,220.9996474,994.4984131
2003/12/19 12:00,225.5336661,1014.901498
2003/12/19 12:30,215.4663339,969.5985025
2003/12/19 13:00,195.5224613,879.8510756
2003/12/19 13:30,167.4775387,753.6489244
2003/12/19 14:00,135.3493432,609.0720443
2003/12/19 14:30,100.6506568,452.9279557
2003/12/19 15:00,70.26270395,316.1821678
2003/12/19 15:30,36.73729605,165.3178322
2003/12/19 16:00,5.14254386,23.14144737
2003/12/19 16:30,1.85745614,8.358552632
2003/12/19 17:00,0,0
2003/12/19 17:30,0,0
2003/12/19 18:00,0,0
2003/12/19 18:30,0,0
2003/12/19 19:00,0,0
2003/12/19 19:30,0,0
2003/12/19 20:00,0,0
2003/12/19 20:30,0,0
2003/12/19 21:00,0,0
2003/12/19 21:30,0,0
2003/12/19 22:00,0,0
2003/12/19 22:30,0,0
2003/12/19 23:00,0,0
2003/12/19 23:30,0,0
2003/12/20 0:00,0,0
2003/12/20 0:30,0,0
2003/12/20 1:00,0,0
2003/12/20 1:30,0,0
2003/12/20 2:00,0,0
2003/12/20 2:30,0,0
2003/12/20 3:00,0,0
2003/12/20 3:30,0,0
2003/12/20 4:00,0,0
2003/12/20 4:30,0,0
2003/12/20 5:00,0,0
2003/12/20 5:30,0,0
2003/12/20 6:00,0.253012048,1.138554217
2003/12/20 6:30,0.746987952,3.361445783
2003/12/20 7:00,25.85641044,116.353847
2003/12/20 7:30,56.14358956,252.646153
2003/12/20 8:00,100.8241955,453.7088798
2003/12/20 8:30,146.1758045,657.7911202
2003/12/20 9:00,181.638373,817.3726784
2003/12/20 9:30,215.361627,969.1273216
2003/12/20 10:00,237.9637233,1070.836755
2003/12/20 10:30,254.0362767,1143.163245
2003/12/20 11:00,257.0954012,1156.929305
2003/12/20 11:30,258.9045988,1165.070695
2003/12/20 12:00,259.3441001,1167.04845
2003/12/20 12:30,246.6558999,1109.95155
2003/12/20 13:00,226.8084521,1020.638034
2003/12/20 13:30,195.1915479,878.3619655
2003/12/20 14:00,158.2076042,711.9342189
2003/12/20 14:30,117.7923958,530.0657811
2003/12/20 15:00,82.12902893,369.5806302
2003/12/20 15:30,42.87097107,192.9193698
2003/12/20 16:00,5.879699248,26.45864662
2003/12/20 16:30,2.120300752,9.541353383
2003/12/20 17:00,0,0
2003/12/20 17:30,0,0
2003/12/20 18:00,0,0
2003/12/20 18:30,0,0
2003/12/20 19:00,0,0
2003/12/20 19:30,0,0
2003/12/20 20:00,0,0
2003/12/20 20:30,0,0
2003/12/20 21:00,0,0
2003/12/20 21:30,0,0
2003/12/20 22:00,0,0
2003/12/20 22:30,0,0
2003/12/20 23:00,0,0
2003/12/20 23:30,0,0
2003/12/21 0:00,0,0
2003/12/21 0:30,0,0
2003/12/21 1:00,0,0
2003/12/21 1:30,0,0
2003/12/21 2:00,0,0
2003/12/21 2:30,0,0
2003/12/21 3:00,0,0
2003/12/21 3:30,0,0
2003/12/21 4:00,0,0
2003/12/21 4:30,0,0
2003/12/21 5:00,0,0
2003/12/21 5:30,0,0
2003/12/21 6:00,0.253012048,1.138554217
2003/12/21 6:30,0.746987952,3.361445783
2003/12/21 7:00,25.85641044,116.353847
2003/12/21 7:30,56.14358956,252.646153
2003/12/21 8:00,100.9722181,454.3749816
2003/12/21 8:30,146.0277819,657.1250184
2003/12/21 9:00,179.8473752,809.3131885
2003/12/21 9:30,213.1526248,959.1868115
2003/12/21 10:00,236.2938315,1063.322242
2003/12/21 10:30,254.7061685,1146.177758
2003/12/21 11:00,264.5679345,1190.555705
2003/12/21 11:30,266.4320655,1198.944295
2003/12/21 12:00,259.81046,1169.14707
2003/12/21 12:30,245.18954,1103.35293
2003/12/21 13:00,225.233857,1013.552356
2003/12/21 13:30,195.766143,880.9476436
2003/12/21 14:00,164.1546354,738.6958594
2003/12/21 14:30,122.8453646,552.8041406
2003/12/21 15:00,83.40916276,375.3412324
2003/12/21 15:30,43.59083724,196.1587676
2003/12/21 16:00,6.601102941,29.70496324
2003/12/21 16:30,2.398897059,10.79503676
2003/12/21 17:00,0,0
2003/12/21 17:30,0,0
2003/12/21 18:00,0,0
2003/12/21 18:30,0,0
2003/12/21 19:00,0,0
2003/12/21 19:30,0,0
2003/12/21 20:00,0,0
2003/12/21 20:30,0,0
2003/12/21 21:00,0,0
2003/12/21 21:30,0,0
2003/12/21 22:00,0,0
2003/12/21 22:30,0,0
2003/12/21 23:00,0,0
2003/12/21 23:30,0,0
2003/12/22 0:00,0,0
2003/12/22 0:30,0,0
2003/12/22 1:00,0,0
2003/12/22 1:30,0,0
2003/12/22 2:00,0,0
2003/12/22 2:30,0,0
2003/12/22 3:00,0,0
2003/12/22 3:30,0,0
2003/12/22 4:00,0,0
2003/12/22 4:30,0,0
2003/12/22 5:00,0,0
2003/12/22 5:30,0,0
2003/12/22 6:00,0.25304878,1.138719512
2003/12/22 6:30,0.74695122,3.361280488
2003/12/22 7:00,25.77106698,115.9698014
2003/12/22 7:30,55.22893302,248.5301986
2003/12/22 8:00,94.77773922,426.4998265
2003/12/22 8:30,135.2222608,608.5001735
2003/12/22 9:00,164.3871765,739.7422944
2003/12/22 9:30,198.6128235,893.7577056
2003/12/22 10:00,234.529929,1055.384681
2003/12/22 10:30,259.470071,1167.615319
2003/12/22 11:00,270.8864016,1218.988807
2003/12/22 11:30,274.1135984,1233.511193
2003/12/22 12:00,266.3578731,1198.610429
2003/12/22 12:30,251.6421269,1132.389571
2003/12/22 13:00,232.130729,1044.588281
2003/12/22 13:30,201.869271,908.4117193
2003/12/22 14:00,169.2111305,761.450087
2003/12/22 14:30,125.7888695,566.049913
2003/12/22 15:00,83.59380227,376.1721102
2003/12/22 15:30,43.40619773,195.3278898
2003/12/22 16:00,6.601102941,29.70496324
2003/12/22 16:30,2.398897059,10.79503676
2003/12/22 17:00,0,0
2003/12/22 17:30,0,0
2003/12/22 18:00,0,0
2003/12/22 18:30,0,0
2003/12/22 19:00,0,0
2003/12/22 19:30,0,0
2003/12/22 20:00,0,0
2003/12/22 20:30,0,0
2003/12/22 21:00,0,0
2003/12/22 21:30,0,0
2003/12/22 22:00,0,0
2003/12/22 22:30,0,0
2003/12/22 23:00,0,0
2003/12/22 23:30,0,0
2003/12/23 0:00,0,0
2003/12/23 0:30,0,0
2003/12/23 1:00,0,0
2003/12/23 1:30,0,0
2003/12/23 2:00,0,0
2003/12/23 2:30,0,0
2003/12/23 3:00,0,0
2003/12/23 3:30,0,0
2003/12/23 4:00,0,0
2003/12/23 4:30,0,0
2003/12/23 5:00,0,0
2003/12/23 5:30,0,0
2003/12/23 6:00,0.253333333,1.14
2003/12/23 6:30,0.746666667,3.36
2003/12/23 7:00,23.26481848,104.6916832
2003/12/23 7:30,50.73518152,228.3083168
2003/12/23 8:00,93.60428846,421.2192981
2003/12/23 8:30,135.3957115,609.2807019
2003/12/23 9:00,163.4151676,735.3682543
2003/12/23 9:30,193.5848324,871.1317457
2003/12/23 10:00,216.5850725,974.6328263
2003/12/23 10:30,237.4149275,1068.367174
2003/12/23 11:00,255.0870925,1147.891916
2003/12/23 11:30,260.9129075,1174.108084
2003/12/23 12:00,255.1768645,1148.29589
2003/12/23 12:30,241.8231355,1088.20411
2003/12/23 13:00,222.2429922,1000.093465
2003/12/23 13:30,193.7570078,871.9065352
2003/12/23 14:00,163.3836876,735.226594
2003/12/23 14:30,122.6163124,551.773406
2003/12/23 15:00,83.16916456,374.2612405
2003/12/23 15:30,43.83083544,197.2387595
2003/12/23 16:00,7.317518248,32.92883212
2003/12/23 16:30,2.682481752,12.07116788
2003/12/23 17:00,0,0
2003/12/23 17:30,0,0
2003/12/23 18:00,0,0
2003/12/23 18:30,0,0
2003/12/23 19:00,0,0
2003/12/23 19:30,0,0
2003/12/23 20:00,0,0
2003/12/23 20:30,0,0
2003/12/23 21:00,0,0
2003/12/23 21:30,0,0
2003/12/23 22:00,0,0
2003/12/23 22:30,0,0
2003/12/23 23:00,0,0
2003/12/23 23:30,0,0
2003/12/24 0:00,0,0
2003/12/24 0:30,0,0
2003/12/24 1:00,0,0
2003/12/24 1:30,0,0
2003/12/24 2:00,0,0
2003/12/24 2:30,0,0
2003/12/24 3:00,0,0
2003/12/24 3:30,0,0
2003/12/24 4:00,0,0
2003/12/24 4:30,0,0
2003/12/24 5:00,0,0
2003/12/24 5:30,0,0
2003/12/24 6:00,0,0
2003/12/24 6:30,0,0
2003/12/24 7:00,19.344,87.048
2003/12/24 7:30,42.656,191.952
2003/12/24 8:00,75.84666148,341.3099767
2003/12/24 8:30,112.1533385,504.6900233
2003/12/24 9:00,145.7697795,655.9640078
2003/12/24 9:30,180.2302205,811.0359922
2003/12/24 10:00,210.2373554,946.0680995
2003/12/24 10:30,234.7626446,1056.4319
2003/12/24 11:00,250.8182036,1128.681916
2003/12/24 11:30,257.1817964,1157.318084
2003/12/24 12:00,252.1315771,1134.592097
2003/12/24 12:30,239.8684229,1079.407903
2003/12/24 13:00,222.4241589,1000.908715
2003/12/24 13:30,193.5758411,871.0912849
2003/12/24 14:00,160.6801067,723.0604803
2003/12/24 14:30,120.3198933,541.4395197
2003/12/24 15:00,82.43198078,370.9439135
2003/12/24 15:30,43.56801922,196.0560865
2003/12/24 16:00,7.316176471,32.92279412
2003/12/24 16:30,2.683823529,12.07720588
2003/12/24 17:00,0,0
2003/12/24 17:30,0,0
2003/12/24 18:00,0,0
2003/12/24 18:30,0,0
2003/12/24 19:00,0,0
2003/12/24 19:30,0,0
2003/12/24 20:00,0,0
2003/12/24 20:30,0,0
2003/12/24 21:00,0,0
2003/12/24 21:30,0,0
2003/12/24 22:00,0,0
2003/12/24 22:30,0,0
2003/12/24 23:00,0,0
2003/12/24 23:30,0,0
2003/12/25 0:00,0,0
2003/12/25 0:30,0,0
2003/12/25 1:00,0,0
2003/12/25 1:30,0,0
2003/12/25 2:00,0,0
2003/12/25 2:30,0,0
2003/12/25 3:00,0,0
2003/12/25 3:30,0,0
2003/12/25 4:00,0,0
2003/12/25 4:30,0,0
2003/12/25 5:00,0,0
2003/12/25 5:30,0,0
2003/12/25 6:00,0,0
2003/12/25 6:30,0,0
2003/12/25 7:00,18.20484581,81.92180617
2003/12/25 7:30,39.79515419,179.0781938
2003/12/25 8:00,67.85895087,305.3652789
2003/12/25 8:30,101.1410491,455.1347211
2003/12/25 9:00,139.8932564,629.5196538
2003/12/25 9:30,173.1067436,778.9803462
2003/12/25 10:00,192.059827,864.2692216
2003/12/25 10:30,210.940173,949.2307784
2003/12/25 11:00,223.6213488,1006.29607
2003/12/25 11:30,232.3786512,1045.70393
2003/12/25 12:00,240.0280474,1080.126213
2003/12/25 12:30,229.9719526,1034.873787
2003/12/25 13:00,205.8987391,926.5443261
2003/12/25 13:30,178.1012609,801.4556739
2003/12/25 14:00,148.5506658,668.4779959
2003/12/25 14:30,113.4493342,510.5220041
2003/12/25 15:00,82.56680052,371.5506023
2003/12/25 15:30,44.43319948,199.9493977
2003/12/25 16:00,7.317518248,32.92883212
2003/12/25 16:30,2.682481752,12.07116788
2003/12/25 17:00,0,0
2003/12/25 17:30,0,0
2003/12/25 18:00,0,0
2003/12/25 18:30,0,0
2003/12/25 19:00,0,0
2003/12/25 19:30,0,0
2003/12/25 20:00,0,0
2003/12/25 20:30,0,0
2003/12/25 21:00,0,0
2003/12/25 21:30,0,0
2003/12/25 22:00,0,0
2003/12/25 22:30,0,0
2003/12/25 23:00,0,0
2003/12/25 23:30,0,0
2003/12/26 0:00,0,0
2003/12/26 0:30,0,0
2003/12/26 1:00,0,0
2003/12/26 1:30,0,0
2003/12/26 2:00,0,0
2003/12/26 2:30,0,0
2003/12/26 3:00,0,0
2003/12/26 3:30,0,0
2003/12/26 4:00,0,0
2003/12/26 4:30,0,0
2003/12/26 5:00,0,0
2003/12/26 5:30,0,0
2003/12/26 6:00,0,0
2003/12/26 6:30,0,0
2003/12/26 7:00,22.78146258,102.5165816
2003/12/26 7:30,50.21853742,225.9834184
2003/12/26 8:00,90.88999163,409.0049624
2003/12/26 8:30,130.1100084,585.4950376
2003/12/26 9:00,154.8604607,696.872073
2003/12/26 9:30,181.1395393,815.127927
2003/12/26 10:00,207.3195963,932.9381832
2003/12/26 10:30,208.6804037,939.0618168
2003/12/26 11:00,182.2593263,820.1669682
2003/12/26 11:30,162.7406737,732.3330318
2003/12/26 12:00,143.0793676,643.8571541
2003/12/26 12:30,120.9206324,544.1428459
2003/12/26 13:00,97.50155126,438.7569807
2003/12/26 13:30,77.49844874,348.7430193
2003/12/26 14:00,62.04547,279.204615
2003/12/26 14:30,41.95453,188.795385
2003/12/26 15:00,21.87088183,98.41896824
2003/12/26 15:30,11.12911817,50.08103176
2003/12/26 16:00,2.891891892,13.01351351
2003/12/26 16:30,1.108108108,4.986486487
2003/12/26 17:00,0,0
2003/12/26 17:30,0,0
2003/12/26 18:00,0,0
2003/12/26 18:30,0,0
2003/12/26 19:00,0,0
2003/12/26 19:30,0,0
2003/12/26 20:00,0,0
2003/12/26 20:30,0,0
2003/12/26 21:00,0,0
2003/12/26 21:30,0,0
2003/12/26 22:00,0,0
2003/12/26 22:30,0,0
2003/12/26 23:00,0,0
2003/12/26 23:30,0,0
2003/12/27 0:00,0,0
2003/12/27 0:30,0,0
2003/12/27 1:00,0,0
2003/12/27 1:30,0,0
2003/12/27 2:00,0,0
2003/12/27 2:30,0,0
2003/12/27 3:00,0,0
2003/12/27 3:30,0,0
2003/12/27 4:00,0,0
2003/12/27 4:30,0,0
2003/12/27 5:00,0,0
2003/12/27 5:30,0,0
2003/12/27 6:00,0,0
2003/12/27 6:30,0,0
2003/12/27 7:00,11.07047872,49.81715426
2003/12/27 7:30,25.92952128,116.6828457
2003/12/27 8:00,57.18004759,257.3102142
2003/12/27 8:30,93.81995241,422.1897858
2003/12/27 9:00,141.8820038,638.4690171
2003/12/27 9:30,182.1179962,819.5309829
2003/12/27 10:00,198.2135636,891.9610363
2003/12/27 10:30,224.7864364,1011.538964
2003/12/27 11:00,263.2607376,1184.673319
2003/12/27 11:30,273.7392624,1231.826681
2003/12/27 12:00,254.9438774,1147.247448
2003/12/27 12:30,240.0561226,1080.252552
2003/12/27 13:00,224.8036329,1011.616348
2003/12/27 13:30,197.1963671,887.3836519
2003/12/27 14:00,166.3009524,748.3542857
2003/12/27 14:30,125.6990476,565.6457143
2003/12/27 15:00,86.59298174,389.6684178
2003/12/27 15:30,46.40701826,208.8315822
2003/12/27 16:00,8.751724138,39.38275862
2003/12/27 16:30,3.248275862,14.61724138
2003/12/27 17:00,0,0
2003/12/27 17:30,0,0
2003/12/27 18:00,0,0
2003/12/27 18:30,0,0
2003/12/27 19:00,0,0
2003/12/27 19:30,0,0
2003/12/27 20:00,0,0
2003/12/27 20:30,0,0
2003/12/27 21:00,0,0
2003/12/27 21:30,0,0
2003/12/27 22:00,0,0
2003/12/27 22:30,0,0
2003/12/27 23:00,0,0
2003/12/27 23:30,0,0
2003/12/28 0:00,0,0
2003/12/28 0:30,0,0
2003/12/28 1:00,0,0
2003/12/28 1:30,0,0
2003/12/28 2:00,0,0
2003/12/28 2:30,0,0
2003/12/28 3:00,0,0
2003/12/28 3:30,0,0
2003/12/28 4:00,0,0
2003/12/28 4:30,0,0
2003/12/28 5:00,0,0
2003/12/28 5:30,0,0
2003/12/28 6:00,0,0
2003/12/28 6:30,0,0
2003/12/28 7:00,22.90192926,103.0586817
2003/12/28 7:30,51.09807074,229.9413183
2003/12/28 8:00,95.96038958,431.8217531
2003/12/28 8:30,141.0396104,634.6782469
2003/12/28 9:00,175.2058105,788.4261472
2003/12/28 9:30,208.7941895,939.5738528
2003/12/28 10:00,230.9858982,1039.436542
2003/12/28 10:30,251.0141018,1129.563458
2003/12/28 11:00,265.9803236,1196.911456
2003/12/28 11:30,270.0196764,1215.088544
2003/12/28 12:00,262.8159134,1182.67161
2003/12/28 12:30,249.1840866,1121.32839
2003/12/28 13:00,230.7583867,1038.41274
2003/12/28 13:30,202.2416133,910.08726
2003/12/28 14:00,171.2364513,770.5640308
2003/12/28 14:30,129.7635487,583.9359692
2003/12/28 15:00,89.89489749,404.5270387
2003/12/28 15:30,48.10510251,216.4729613
2003/12/28 16:00,8.76,39.42
2003/12/28 16:30,3.24,14.58
2003/12/28 17:00,0,0
2003/12/28 17:30,0,0
2003/12/28 18:00,0,0
2003/12/28 18:30,0,0
2003/12/28 19:00,0,0
2003/12/28 19:30,0,0
2003/12/28 20:00,0,0
2003/12/28 20:30,0,0
2003/12/28 21:00,0,0
2003/12/28 21:30,0,0
2003/12/28 22:00,0,0
2003/12/28 22:30,0,0
2003/12/28 23:00,0,0
2003/12/28 23:30,0,0
2003/12/29 0:00,0,0
2003/12/29 0:30,0,0
2003/12/29 1:00,0,0
2003/12/29 1:30,0,0
2003/12/29 2:00,0,0
2003/12/29 2:30,0,0
2003/12/29 3:00,0,0
2003/12/29 3:30,0,0
2003/12/29 4:00,0,0
2003/12/29 4:30,0,0
2003/12/29 5:00,0,0
2003/12/29 5:30,0,0
2003/12/29 6:00,0,0
2003/12/29 6:30,0,0
2003/12/29 7:00,22.42320819,100.9044369
2003/12/29 7:30,49.57679181,223.0955631
2003/12/29 8:00,89.87894698,404.4552614
2003/12/29 8:30,131.121053,590.0447386
2003/12/29 9:00,164.4255458,739.9149562
2003/12/29 9:30,194.5744542,875.5850438
2003/12/29 10:00,209.692985,943.6184323
2003/12/29 10:30,227.307015,1022.881568
2003/12/29 11:00,248.0707303,1116.318287
2003/12/29 11:30,247.9292697,1115.681713
2003/12/29 12:00,227.6259306,1024.316688
2003/12/29 12:30,208.3740694,937.6833122
2003/12/29 13:00,182.1770889,819.7969001
2003/12/29 13:30,165.8229111,746.2030999
2003/12/29 14:00,166.3354492,748.5095214
2003/12/29 14:30,132.6645508,596.9904786
2003/12/29 15:00,88.40367199,397.816524
2003/12/29 15:30,47.59632801,214.183476
2003/12/29 16:00,9.466442953,42.59899329
2003/12/29 16:30,3.533557047,15.90100671
2003/12/29 17:00,0,0
2003/12/29 17:30,0,0
2003/12/29 18:00,0,0
2003/12/29 18:30,0,0
2003/12/29 19:00,0,0
2003/12/29 19:30,0,0
2003/12/29 20:00,0,0
2003/12/29 20:30,0,0
2003/12/29 21:00,0,0
2003/12/29 21:30,0,0
2003/12/29 22:00,0,0
2003/12/29 22:30,0,0
2003/12/29 23:00,0,0
2003/12/29 23:30,0,0
2003/12/30 0:00,0,0
2003/12/30 0:30,0,0
2003/12/30 1:00,0,0
2003/12/30 1:30,0,0
2003/12/30 2:00,0,0
2003/12/30 2:30,0,0
2003/12/30 3:00,0,0
2003/12/30 3:30,0,0
2003/12/30 4:00,0,0
2003/12/30 4:30,0,0
2003/12/30 5:00,0,0
2003/12/30 5:30,0,0
2003/12/30 6:00,0,0
2003/12/30 6:30,0,0
2003/12/30 7:00,20.97250859,94.37628866
2003/12/30 7:30,47.02749141,211.6237113
2003/12/30 8:00,89.46343151,402.5854418
2003/12/30 8:30,133.5365685,600.9145582
2003/12/30 9:00,171.2455068,770.6047806
2003/12/30 9:30,206.7544932,930.3952194
2003/12/30 10:00,230.1591655,1035.716245
2003/12/30 10:30,248.8408345,1119.783755
2003/12/30 11:00,256.5382862,1154.422288
2003/12/30 11:30,260.4617138,1172.077712
2003/12/30 12:00,261.54472,1176.95124
2003/12/30 12:30,247.45528,1113.54876
2003/12/30 13:00,221.2690159,995.7105717
2003/12/30 13:30,192.7309841,867.2894283
2003/12/30 14:00,165.7277401,745.7748307
2003/12/30 14:30,126.2722599,568.2251693
2003/12/30 15:00,87.61509827,394.2679422
2003/12/30 15:30,47.38490173,213.2320578
2003/12/30 16:00,9.464527027,42.59037162
2003/12/30 16:30,3.535472973,15.90962838
2003/12/30 17:00,0,0
2003/12/30 17:30,0,0
2003/12/30 18:00,0,0
2003/12/30 18:30,0,0
2003/12/30 19:00,0,0
2003/12/30 19:30,0,0
2003/12/30 20:00,0,0
2003/12/30 20:30,0,0
2003/12/30 21:00,0,0
2003/12/30 21:30,0,0
2003/12/30 22:00,0,0
2003/12/30 22:30,0,0
2003/12/30 23:00,0,0
2003/12/30 23:30,0,0
2003/12/31 0:00,0,0
2003/12/31 0:30,0,0
2003/12/31 1:00,0,0
2003/12/31 1:30,0,0
2003/12/31 2:00,0,0
2003/12/31 2:30,0,0
2003/12/31 3:00,0,0
2003/12/31 3:30,0,0
2003/12/31 4:00,0,0
2003/12/31 4:30,0,0
2003/12/31 5:00,0,0
2003/12/31 5:30,0,0
2003/12/31 6:00,0,0
2003/12/31 6:30,0,0
2003/12/31 7:00,8.4375,37.96875
2003/12/31 7:30,18.5625,83.53125
2003/12/31 8:00,32.1185166,144.5333247
2003/12/31 8:30,48.8814834,219.9666753
2003/12/31 9:00,67.57201872,304.0740843
2003/12/31 9:30,92.42798128,415.9259157
2003/12/31 10:00,130.9178906,589.1305077
2003/12/31 10:30,162.0821094,729.3694923
2003/12/31 11:00,189.2191171,851.4860267
2003/12/31 11:30,192.7808829,867.5139733
2003/12/31 12:00,163.3618104,735.1281468
2003/12/31 12:30,152.6381896,686.8718532
2003/12/31 13:00,156.150566,702.6775469
2003/12/31 13:30,134.849434,606.8224531
2003/12/31 14:00,104.3625806,469.6316129
2003/12/31 14:30,69.63741935,313.3683871
2003/12/31 15:00,33.63118644,151.340339
2003/12/31 15:30,17.36881356,78.15966102
2003/12/31 16:00,5.728813559,25.77966102
2003/12/31 16:30,2.271186441,10.22033898
2003/12/31 17:00,0,0
2003/12/31 17:30,0,0
2003/12/31 18:00,0,0
2003/12/31 18:30,0,0
2003/12/31 19:00,0,0
2003/12/31 19:30,0,0
2003/12/31 20:00,0,0
2003/12/31 20:30,0,0
2003/12/31 21:00,0,0
2003/12/31 21:30,0,0
2003/12/31 22:00,0,0
2003/12/31 22:30,0,0
2003/12/31 23:00,0,0
2003/12/31 23:30,0,0
2004/1/1 0:00,0,0
2004/1/1 0:30,0,0
2004/1/1 1:00,0,0
2004/1/1 1:30,0,0
2004/1/1 2:00,0,0
2004/1/1 2:30,0,0
2004/1/1 3:00,0,0
2004/1/1 3:30,0,0
2004/1/1 4:00,0,0
2004/1/1 4:30,0,0
2004/1/1 5:00,0,0
2004/1/1 5:30,0,0
2004/1/1 6:00,0,0
2004/1/1 6:30,0,0
2004/1/1 7:00,19.6967509,88.63537906
2004/1/1 7:30,44.3032491,199.3646209
2004/1/1 8:00,86.17552182,387.7898482
2004/1/1 8:30,126.8244782,570.7101518
2004/1/1 9:00,154.0403582,693.1816117
2004/1/1 9:30,182.9596418,823.3183883
2004/1/1 10:00,207.8447743,935.3014845
2004/1/1 10:30,219.1552257,986.1985155
2004/1/1 11:00,219.2737552,986.7318986
2004/1/1 11:30,197.7262448,889.7681014
2004/1/1 12:00,149.7478319,673.8652437
2004/1/1 12:30,131.2521681,590.6347563
2004/1/1 13:00,132.7468474,597.3608133
2004/1/1 13:30,112.2531526,505.1391867
2004/1/1 14:00,80.08380933,360.377142
2004/1/1 14:30,61.91619067,278.622858
2004/1/1 15:00,54.35350877,244.5907895
2004/1/1 15:30,31.64649123,142.4092105
2004/1/1 16:00,6.536842105,29.41578947
2004/1/1 16:30,2.463157895,11.08421053
2004/1/1 17:00,0,0
2004/1/1 17:30,0,0
2004/1/1 18:00,0,0
2004/1/1 18:30,0,0
2004/1/1 19:00,0,0
2004/1/1 19:30,0,0
2004/1/1 20:00,0,0
2004/1/1 20:30,0,0
2004/1/1 21:00,0,0
2004/1/1 21:30,0,0
2004/1/1 22:00,0,0
2004/1/1 22:30,0,0
2004/1/1 23:00,0,0
2004/1/1 23:30,0,0
2004/1/2 0:00,0,0
2004/1/2 0:30,0,0
2004/1/2 1:00,0,0
2004/1/2 1:30,0,0
2004/1/2 2:00,0,0
2004/1/2 2:30,0,0
2004/1/2 3:00,0,0
2004/1/2 3:30,0,0
2004/1/2 4:00,0,0
2004/1/2 4:30,0,0
2004/1/2 5:00,0,0
2004/1/2 5:30,0,0
2004/1/2 6:00,0,0
2004/1/2 6:30,0,0
2004/1/2 7:00,19.95366795,89.79150579
2004/1/2 7:30,44.04633205,198.2084942
2004/1/2 8:00,79.07758205,355.8491192
2004/1/2 8:30,115.922418,521.6508808
2004/1/2 9:00,145.6163752,655.2736882
2004/1/2 9:30,179.3836248,807.2263118
2004/1/2 10:00,213.5944424,961.1749908
2004/1/2 10:30,240.4055576,1081.825009
2004/1/2 11:00,257.8340721,1160.253325
2004/1/2 11:30,265.1659279,1193.246675
2004/1/2 12:00,260.0579029,1170.260563
2004/1/2 12:30,247.9420971,1115.739437
2004/1/2 13:00,230.8970778,1039.03685
2004/1/2 13:30,201.1029222,904.96315
2004/1/2 14:00,165.4520192,744.5340864
2004/1/2 14:30,125.5479808,564.9659136
2004/1/2 15:00,90.25527106,406.1487198
2004/1/2 15:30,48.74472894,219.3512802
2004/1/2 16:00,8.761589404,39.42715232
2004/1/2 16:30,3.238410596,14.57284768
2004/1/2 17:00,0,0
2004/1/2 17:30,0,0
2004/1/2 18:00,0,0
2004/1/2 18:30,0,0
2004/1/2 19:00,0,0
2004/1/2 19:30,0,0
2004/1/2 20:00,0,0
2004/1/2 20:30,0,0
2004/1/2 21:00,0,0
2004/1/2 21:30,0,0
2004/1/2 22:00,0,0
2004/1/2 22:30,0,0
2004/1/2 23:00,0,0
2004/1/2 23:30,0,0
2004/1/3 0:00,0,0
2004/1/3 0:30,0,0
2004/1/3 1:00,0,0
2004/1/3 1:30,0,0
2004/1/3 2:00,0,0
2004/1/3 2:30,0,0
2004/1/3 3:00,0,0
2004/1/3 3:30,0,0
2004/1/3 4:00,0,0
2004/1/3 4:30,0,0
2004/1/3 5:00,0,0
2004/1/3 5:30,0,0
2004/1/3 6:00,0,0
2004/1/3 6:30,0,0
2004/1/3 7:00,18.93214286,85.19464286
2004/1/3 7:30,43.06785714,193.8053571
2004/1/3 8:00,86.87725885,390.9476648
2004/1/3 8:30,131.1227411,590.0523352
2004/1/3 9:00,166.1222809,747.5502639
2004/1/3 9:30,200.8777191,903.9497361
2004/1/3 10:00,227.7590445,1024.9157
2004/1/3 10:30,243.2409555,1094.5843
2004/1/3 11:00,239.8359823,1079.26192
2004/1/3 11:30,238.1640177,1071.73808
2004/1/3 12:00,235.1071769,1057.982296
2004/1/3 12:30,222.8928231,1003.017704
2004/1/3 13:00,205.8217712,926.1979706
2004/1/3 13:30,180.1782288,810.8020294
2004/1/3 14:00,150.1268668,675.5709005
2004/1/3 14:30,117.8731332,530.4290995
2004/1/3 15:00,91.81747573,413.1786408
2004/1/3 15:30,52.18252427,234.8213592
2004/1/3 16:00,11.6,52.2
2004/1/3 16:30,4.4,19.8
2004/1/3 17:00,0,0
2004/1/3 17:30,0,0
2004/1/3 18:00,0,0
2004/1/3 18:30,0,0
2004/1/3 19:00,0,0
2004/1/3 19:30,0,0
2004/1/3 20:00,0,0
2004/1/3 20:30,0,0
2004/1/3 21:00,0,0
2004/1/3 21:30,0,0
2004/1/3 22:00,0,0
2004/1/3 22:30,0,0
2004/1/3 23:00,0,0
2004/1/3 23:30,0,0
2004/1/4 0:00,0,0
2004/1/4 0:30,0,0
2004/1/4 1:00,0,0
2004/1/4 1:30,0,0
2004/1/4 2:00,0,0
2004/1/4 2:30,0,0
2004/1/4 3:00,0,0
2004/1/4 3:30,0,0
2004/1/4 4:00,0,0
2004/1/4 4:30,0,0
2004/1/4 5:00,0,0
2004/1/4 5:30,0,0
2004/1/4 6:00,0,0
2004/1/4 6:30,0,0
2004/1/4 7:00,20.14760148,90.66420664
2004/1/4 7:30,44.85239852,201.8357934
2004/1/4 8:00,84.2543216,379.1444472
2004/1/4 8:30,121.7456784,547.8555528
2004/1/4 9:00,143.8804135,647.4618608
2004/1/4 9:30,170.1195865,765.5381392
2004/1/4 10:00,194.5182017,875.3319076
2004/1/4 10:30,210.4817983,947.1680924
2004/1/4 11:00,213.3290594,959.9807674
2004/1/4 11:30,217.6709406,979.5192326
2004/1/4 12:00,221.2737238,995.731757
2004/1/4 12:30,217.7262762,979.768243
2004/1/4 13:00,212.3074699,955.3836145
2004/1/4 13:30,191.6925301,862.6163855
2004/1/4 14:00,166.2988939,748.3450224
2004/1/4 14:30,124.7011061,561.1549776
2004/1/4 15:00,79.15089871,356.1790442
2004/1/4 15:30,42.84910129,192.8209558
2004/1/4 16:00,10.83941606,48.77737226
2004/1/4 16:30,4.160583942,18.72262774
2004/1/4 17:00,0,0
2004/1/4 17:30,0,0
2004/1/4 18:00,0,0
2004/1/4 18:30,0,0
2004/1/4 19:00,0,0
2004/1/4 19:30,0,0
2004/1/4 20:00,0,0
2004/1/4 20:30,0,0
2004/1/4 21:00,0,0
2004/1/4 21:30,0,0
2004/1/4 22:00,0,0
2004/1/4 22:30,0,0
2004/1/4 23:00,0,0
2004/1/4 23:30,0,0
2004/1/5 0:00,0,0
2004/1/5 0:30,0,0
2004/1/5 1:00,0,0
2004/1/5 1:30,0,0
2004/1/5 2:00,0,0
2004/1/5 2:30,0,0
2004/1/5 3:00,0,0
2004/1/5 3:30,0,0
2004/1/5 4:00,0,0
2004/1/5 4:30,0,0
2004/1/5 5:00,0,0
2004/1/5 5:30,0,0
2004/1/5 6:00,0,0
2004/1/5 6:30,0,0
2004/1/5 7:00,19.73722628,88.81751825
2004/1/5 7:30,44.26277372,199.1824818
2004/1/5 8:00,84.17298499,378.7784325
2004/1/5 8:30,125.827015,566.2215675
2004/1/5 9:00,163.0455968,733.7051857
2004/1/5 9:30,194.9544032,877.2948143
2004/1/5 10:00,208.7278876,939.2754941
2004/1/5 10:30,225.2721124,1013.724506
2004/1/5 11:00,243.3507306,1095.078288
2004/1/5 11:30,242.6492694,1091.921712
2004/1/5 12:00,223.0522106,1003.734948
2004/1/5 12:30,205.9477894,926.7650523
2004/1/5 13:00,186.828017,840.7260763
2004/1/5 13:30,166.171983,747.7739237
2004/1/5 14:00,150.6589503,677.9652762
2004/1/5 14:30,117.3410497,528.0347238
2004/1/5 15:00,81.48035277,366.6615875
2004/1/5 15:30,44.51964723,200.3384125
2004/1/5 16:00,9.446043166,42.50719424
2004/1/5 16:30,3.553956834,15.99280576
2004/1/5 17:00,0,0
2004/1/5 17:30,0,0
2004/1/5 18:00,0,0
2004/1/5 18:30,0,0
2004/1/5 19:00,0,0
2004/1/5 19:30,0,0
2004/1/5 20:00,0,0
2004/1/5 20:30,0,0
2004/1/5 21:00,0,0
2004/1/5 21:30,0,0
2004/1/5 22:00,0,0
2004/1/5 22:30,0,0
2004/1/5 23:00,0,0
2004/1/5 23:30,0,0
2004/1/6 0:00,0,0
2004/1/6 0:30,0,0
2004/1/6 1:00,0,0
2004/1/6 1:30,0,0
2004/1/6 2:00,0,0
2004/1/6 2:30,0,0
2004/1/6 3:00,0,0
2004/1/6 3:30,0,0
2004/1/6 4:00,0,0
2004/1/6 4:30,0,0
2004/1/6 5:00,0,0
2004/1/6 5:30,0,0
2004/1/6 6:00,0,0
2004/1/6 6:30,0,0
2004/1/6 7:00,21.50326797,96.76470588
2004/1/6 7:30,48.49673203,218.2352941
2004/1/6 8:00,94.81083459,426.6487557
2004/1/6 8:30,141.1891654,635.3512443
2004/1/6 9:00,176.6493678,794.9221549
2004/1/6 9:30,211.3506322,951.0778451
2004/1/6 10:00,235.1586747,1058.214036
2004/1/6 10:30,252.8413253,1137.785964
2004/1/6 11:00,258.647708,1163.914686
2004/1/6 11:30,260.352292,1171.585314
2004/1/6 12:00,261.2730618,1175.728778
2004/1/6 12:30,239.7269382,1078.771222
2004/1/6 13:00,197.0745036,886.8352662
2004/1/6 13:30,169.9254964,764.6647338
2004/1/6 14:00,155.2889856,698.8004352
2004/1/6 14:30,120.7110144,543.1995648
2004/1/6 15:00,82.94930076,373.2718534
2004/1/6 15:30,47.05069924,211.7281466
2004/1/6 16:00,13.6442953,61.39932886
2004/1/6 16:30,5.355704698,24.10067114
2004/1/6 17:00,0,0
2004/1/6 17:30,0,0
2004/1/6 18:00,0,0
2004/1/6 18:30,0,0
2004/1/6 19:00,0,0
2004/1/6 19:30,0,0
2004/1/6 20:00,0,0
2004/1/6 20:30,0,0
2004/1/6 21:00,0,0
2004/1/6 21:30,0,0
2004/1/6 22:00,0,0
2004/1/6 22:30,0,0
2004/1/6 23:00,0,0
2004/1/6 23:30,0,0
2004/1/7 0:00,0,0
2004/1/7 0:30,0,0
2004/1/7 1:00,0,0
2004/1/7 1:30,0,0
2004/1/7 2:00,0,0
2004/1/7 2:30,0,0
2004/1/7 3:00,0,0
2004/1/7 3:30,0,0
2004/1/7 4:00,0,0
2004/1/7 4:30,0,0
2004/1/7 5:00,0,0
2004/1/7 5:30,0,0
2004/1/7 6:00,0,0
2004/1/7 6:30,0,0
2004/1/7 7:00,16.23829787,73.07234043
2004/1/7 7:30,36.76170213,165.4276596
2004/1/7 8:00,71.96718158,323.8523171
2004/1/7 8:30,110.0328184,495.1476829
2004/1/7 9:00,146.2816836,658.2675761
2004/1/7 9:30,182.7183164,822.2324239
2004/1/7 10:00,211.7766407,952.9948829
2004/1/7 10:30,238.2233593,1072.005117
2004/1/7 11:00,259.8160808,1169.172364
2004/1/7 11:30,268.1839192,1206.827636
2004/1/7 12:00,263.1671457,1184.252156
2004/1/7 12:30,247.8328543,1115.247844
2004/1/7 13:00,221.6455754,997.4050893
2004/1/7 13:30,193.3544246,870.0949107
2004/1/7 14:00,164.8844363,741.9799634
2004/1/7 14:30,130.1155637,585.5200366
2004/1/7 15:00,100.0888798,450.3999593
2004/1/7 15:30,57.91112015,260.6000407
2004/1/7 16:00,15.13407821,68.10335196
2004/1/7 16:30,5.865921788,26.39664804
2004/1/7 17:00,0,0
2004/1/7 17:30,0,0
2004/1/7 18:00,0,0
2004/1/7 18:30,0,0
2004/1/7 19:00,0,0
2004/1/7 19:30,0,0
2004/1/7 20:00,0,0
2004/1/7 20:30,0,0
2004/1/7 21:00,0,0
2004/1/7 21:30,0,0
2004/1/7 22:00,0,0
2004/1/7 22:30,0,0
2004/1/7 23:00,0,0
2004/1/7 23:30,0,0
2004/1/8 0:00,0,0
2004/1/8 0:30,0,0
2004/1/8 1:00,0,0
2004/1/8 1:30,0,0
2004/1/8 2:00,0,0
2004/1/8 2:30,0,0
2004/1/8 3:00,0,0
2004/1/8 3:30,0,0
2004/1/8 4:00,0,0
2004/1/8 4:30,0,0
2004/1/8 5:00,0,0
2004/1/8 5:30,0,0
2004/1/8 6:00,0,0
2004/1/8 6:30,0,0
2004/1/8 7:00,22.47936508,101.1571429
2004/1/8 7:30,50.52063492,227.3428571
2004/1/8 8:00,97.39719742,438.2873884
2004/1/8 8:30,144.6028026,650.7126116
2004/1/8 9:00,180.8814485,813.9665185
2004/1/8 9:30,217.1185515,977.0334815
2004/1/8 10:00,242.8888405,1092.999782
2004/1/8 10:30,264.1111595,1188.500218
2004/1/8 11:00,277.687024,1249.591608
2004/1/8 11:30,279.312976,1256.908392
2004/1/8 12:00,265.2125241,1193.456359
2004/1/8 12:30,253.7874759,1142.043641
2004/1/8 13:00,246.1017947,1107.458076
2004/1/8 13:30,220.8982053,994.041924
2004/1/8 14:00,188.7409146,849.3341159
2004/1/8 14:30,147.2590854,662.6658841
2004/1/8 15:00,107.3570051,483.1065229
2004/1/8 15:30,61.64299492,277.3934771
2004/1/8 16:00,17.25388601,77.64248705
2004/1/8 16:30,6.74611399,30.35751295
2004/1/8 17:00,0,0
2004/1/8 17:30,0,0
2004/1/8 18:00,0,0
2004/1/8 18:30,0,0
2004/1/8 19:00,0,0
2004/1/8 19:30,0,0
2004/1/8 20:00,0,0
2004/1/8 20:30,0,0
2004/1/8 21:00,0,0
2004/1/8 21:30,0,0
2004/1/8 22:00,0,0
2004/1/8 22:30,0,0
2004/1/8 23:00,0,0
2004/1/8 23:30,0,0
2004/1/9 0:00,0,0
2004/1/9 0:30,0,0
2004/1/9 1:00,0,0
2004/1/9 1:30,0,0
2004/1/9 2:00,0,0
2004/1/9 2:30,0,0
2004/1/9 3:00,0,0
2004/1/9 3:30,0,0
2004/1/9 4:00,0,0
2004/1/9 4:30,0,0
2004/1/9 5:00,0,0
2004/1/9 5:30,0,0
2004/1/9 6:00,0,0
2004/1/9 6:30,0,0
2004/1/9 7:00,22.81861199,102.6837539
2004/1/9 7:30,51.18138801,230.3162461
2004/1/9 8:00,97.99740364,440.9883164
2004/1/9 8:30,145.0025964,652.5116836
2004/1/9 9:00,180.5205441,812.3424485
2004/1/9 9:30,216.4794559,974.1575515
2004/1/9 10:00,243.3833169,1095.224926
2004/1/9 10:30,263.6166831,1186.275074
2004/1/9 11:00,271.3454407,1221.054483
2004/1/9 11:30,275.6545593,1240.445517
2004/1/9 12:00,275.6166368,1240.274865
2004/1/9 12:30,264.3833632,1189.725135
2004/1/9 13:00,245.3105176,1103.897329
2004/1/9 13:30,217.6894824,979.6026707
2004/1/9 14:00,187.7855282,845.034877
2004/1/9 14:30,146.2144718,657.965123
2004/1/9 15:00,105.6717354,475.5228095
2004/1/9 15:30,60.32826455,271.4771905
2004/1/9 16:00,16.55026455,74.47619048
2004/1/9 16:30,6.44973545,29.02380952
2004/1/9 17:00,0,0
2004/1/9 17:30,0,0
2004/1/9 18:00,0,0
2004/1/9 18:30,0,0
2004/1/9 19:00,0,0
2004/1/9 19:30,0,0
2004/1/9 20:00,0,0
2004/1/9 20:30,0,0
2004/1/9 21:00,0,0
2004/1/9 21:30,0,0
2004/1/9 22:00,0,0
2004/1/9 22:30,0,0
2004/1/9 23:00,0,0
2004/1/9 23:30,0,0
2004/1/10 0:00,0,0
2004/1/10 0:30,0,0
2004/1/10 1:00,0,0
2004/1/10 1:30,0,0
2004/1/10 2:00,0,0
2004/1/10 2:30,0,0
2004/1/10 3:00,0,0
2004/1/10 3:30,0,0
2004/1/10 4:00,0,0
2004/1/10 4:30,0,0
2004/1/10 5:00,0,0
2004/1/10 5:30,0,0
2004/1/10 6:00,0,0
2004/1/10 6:30,0,0
2004/1/10 7:00,13.92857143,62.67857143
2004/1/10 7:30,31.07142857,139.8214286
2004/1/10 8:00,58.10667661,261.4800448
2004/1/10 8:30,85.89332339,386.5199552
2004/1/10 9:00,104.2862357,469.2880608
2004/1/10 9:30,134.7137643,606.2119392
2004/1/10 10:00,183.9038085,827.5671381
2004/1/10 10:30,224.0961915,1008.432862
2004/1/10 11:00,258.4722386,1163.125074
2004/1/10 11:30,274.5277614,1235.374926
2004/1/10 12:00,265.2069866,1193.43144
2004/1/10 12:30,254.7930134,1146.56856
2004/1/10 13:00,240.3281304,1081.476587
2004/1/10 13:30,213.6718696,961.5234134
2004/1/10 14:00,181.9360638,818.7122873
2004/1/10 14:30,142.0639362,639.2877127
2004/1/10 15:00,104.5931931,470.669369
2004/1/10 15:30,60.40680689,271.830631
2004/1/10 16:00,17.23809524,77.57142857
2004/1/10 16:30,6.761904762,30.42857143
2004/1/10 17:00,0,0
2004/1/10 17:30,0,0
2004/1/10 18:00,0,0
2004/1/10 18:30,0,0
2004/1/10 19:00,0,0
2004/1/10 19:30,0,0
2004/1/10 20:00,0,0
2004/1/10 20:30,0,0
2004/1/10 21:00,0,0
2004/1/10 21:30,0,0
2004/1/10 22:00,0,0
2004/1/10 22:30,0,0
2004/1/10 23:00,0,0
2004/1/10 23:30,0,0
2004/1/11 0:00,0,0
2004/1/11 0:30,0,0
2004/1/11 1:00,0,0
2004/1/11 1:30,0,0
2004/1/11 2:00,0,0
2004/1/11 2:30,0,0
2004/1/11 3:00,0,0
2004/1/11 3:30,0,0
2004/1/11 4:00,0,0
2004/1/11 4:30,0,0
2004/1/11 5:00,0,0
2004/1/11 5:30,0,0
2004/1/11 6:00,0,0
2004/1/11 6:30,0,0
2004/1/11 7:00,18.05893536,81.26520913
2004/1/11 7:30,40.94106464,184.2347909
2004/1/11 8:00,80.88787315,363.9954292
2004/1/11 8:30,123.1121269,554.0045708
2004/1/11 9:00,160.4923016,722.215357
2004/1/11 9:30,199.5076984,897.784643
2004/1/11 10:00,234.7354777,1056.30965
2004/1/11 10:30,259.2645223,1166.69035
2004/1/11 11:00,265.8256454,1196.215404
2004/1/11 11:30,271.1743546,1220.284596
2004/1/11 12:00,271.73811,1222.821495
2004/1/11 12:30,263.26189,1184.678505
2004/1/11 13:00,249.5560808,1123.002363
2004/1/11 13:30,223.4439192,1005.497637
2004/1/11 14:00,191.8008825,863.1039712
2004/1/11 14:30,151.1991175,680.3960288
2004/1/11 15:00,113.0394022,508.67731
2004/1/11 15:30,65.96059778,296.82269
2004/1/11 16:00,19.36529126,87.14381068
2004/1/11 16:30,7.634708738,34.35618932
2004/1/11 17:00,0,0
2004/1/11 17:30,0,0
2004/1/11 18:00,0,0
2004/1/11 18:30,0,0
2004/1/11 19:00,0,0
2004/1/11 19:30,0,0
2004/1/11 20:00,0,0
2004/1/11 20:30,0,0
2004/1/11 21:00,0,0
2004/1/11 21:30,0,0
2004/1/11 22:00,0,0
2004/1/11 22:30,0,0
2004/1/11 23:00,0,0
2004/1/11 23:30,0,0
2004/1/12 0:00,0,0
2004/1/12 0:30,0,0
2004/1/12 1:00,0,0
2004/1/12 1:30,0,0
2004/1/12 2:00,0,0
2004/1/12 2:30,0,0
2004/1/12 3:00,0,0
2004/1/12 3:30,0,0
2004/1/12 4:00,0,0
2004/1/12 4:30,0,0
2004/1/12 5:00,0,0
2004/1/12 5:30,0,0
2004/1/12 6:00,0,0
2004/1/12 6:30,0,0
2004/1/12 7:00,21.82862191,98.22879859
2004/1/12 7:30,48.17137809,216.7712014
2004/1/12 8:00,87.50362716,393.7663222
2004/1/12 8:30,125.4963728,564.7336778
2004/1/12 9:00,148.7202242,669.2410089
2004/1/12 9:30,176.2797758,793.2589911
2004/1/12 10:00,205.2050028,923.4225127
2004/1/12 10:30,217.7949972,980.0774873
2004/1/12 11:00,209.7447504,943.8513767
2004/1/12 11:30,203.2552496,914.6486233
2004/1/12 12:00,190.5564541,857.5040434
2004/1/12 12:30,182.4435459,820.9959566
2004/1/12 13:00,183.3246814,824.9610661
2004/1/12 13:30,163.6753186,736.5389339
2004/1/12 14:00,131.4463968,591.5087856
2004/1/12 14:30,104.5536032,470.4912144
2004/1/12 15:00,85.43124758,384.4406141
2004/1/12 15:30,51.56875242,232.0593859
2004/1/12 16:00,15.73899371,70.8254717
2004/1/12 16:30,6.261006289,28.1745283
2004/1/12 17:00,0,0
2004/1/12 17:30,0,0
2004/1/12 18:00,0,0
2004/1/12 18:30,0,0
2004/1/12 19:00,0,0
2004/1/12 19:30,0,0
2004/1/12 20:00,0,0
2004/1/12 20:30,0,0
2004/1/12 21:00,0,0
2004/1/12 21:30,0,0
2004/1/12 22:00,0,0
2004/1/12 22:30,0,0
2004/1/12 23:00,0,0
2004/1/12 23:30,0,0
2004/1/13 0:00,0,0
2004/1/13 0:30,0,0
2004/1/13 1:00,0,0
2004/1/13 1:30,0,0
2004/1/13 2:00,0,0
2004/1/13 2:30,0,0
2004/1/13 3:00,0,0
2004/1/13 3:30,0,0
2004/1/13 4:00,0,0
2004/1/13 4:30,0,0
2004/1/13 5:00,0,0
2004/1/13 5:30,0,0
2004/1/13 6:00,0,0
2004/1/13 6:30,0,0
2004/1/13 7:00,4.407407407,19.83333333
2004/1/13 7:30,9.592592593,43.16666667
2004/1/13 8:00,14.67592593,66.04166667
2004/1/13 8:30,25.32407407,113.9583333
2004/1/13 9:00,55.75653038,250.9043867
2004/1/13 9:30,96.24346962,433.0956133
2004/1/13 10:00,191.2851363,860.7831133
2004/1/13 10:30,243.7148637,1096.716887
2004/1/13 11:00,216.9432594,976.2446672
2004/1/13 11:30,218.0567406,981.2553328
2004/1/13 12:00,225.7424202,1015.840891
2004/1/13 12:30,218.2575798,982.159109
2004/1/13 13:00,199.7501512,898.8756806
2004/1/13 13:30,180.2498488,811.1243194
2004/1/13 14:00,160.9157649,724.120942
2004/1/13 14:30,133.0842351,598.879058
2004/1/13 15:00,109.1156373,491.0203677
2004/1/13 15:30,66.88436273,300.9796323
2004/1/13 16:00,21.40776699,96.33495146
2004/1/13 16:30,8.59223301,38.66504854
2004/1/13 17:00,0,0
2004/1/13 17:30,0,0
2004/1/13 18:00,0,0
2004/1/13 18:30,0,0
2004/1/13 19:00,0,0
2004/1/13 19:30,0,0
2004/1/13 20:00,0,0
2004/1/13 20:30,0,0
2004/1/13 21:00,0,0
2004/1/13 21:30,0,0
2004/1/13 22:00,0,0
2004/1/13 22:30,0,0
2004/1/13 23:00,0,0
2004/1/13 23:30,0,0
2004/1/14 0:00,0,0
2004/1/14 0:30,0,0
2004/1/14 1:00,0,0
2004/1/14 1:30,0,0
2004/1/14 2:00,0,0
2004/1/14 2:30,0,0
2004/1/14 3:00,0,0
2004/1/14 3:30,0,0
2004/1/14 4:00,0,0
2004/1/14 4:30,0,0
2004/1/14 5:00,0,0
2004/1/14 5:30,0,0
2004/1/14 6:00,0,0
2004/1/14 6:30,0,0
2004/1/14 7:00,23.75531915,106.8989362
2004/1/14 7:30,53.24468085,239.6010638
2004/1/14 8:00,102.0199102,459.0895959
2004/1/14 8:30,149.9800898,674.9104041
2004/1/14 9:00,182.9961683,823.4827572
2004/1/14 9:30,219.0038317,985.5172428
2004/1/14 10:00,249.580309,1123.111391
2004/1/14 10:30,271.419691,1221.388609
2004/1/14 11:00,278.9612942,1255.325824
2004/1/14 11:30,284.0387058,1278.174176
2004/1/14 12:00,285.7168642,1285.725889
2004/1/14 12:30,274.2831358,1234.274111
2004/1/14 13:00,251.8904678,1133.507105
2004/1/14 13:30,226.1095322,1017.492895
2004/1/14 14:00,201.7922122,908.0649549
2004/1/14 14:30,161.2077878,725.4350451
2004/1/14 15:00,119.7528567,538.887855
2004/1/14 15:30,71.24714334,320.612145
2004/1/14 16:00,23.53459821,105.905692
2004/1/14 16:30,9.465401786,42.59430804
2004/1/14 17:00,0,0
2004/1/14 17:30,0,0
2004/1/14 18:00,0,0
2004/1/14 18:30,0,0
2004/1/14 19:00,0,0
2004/1/14 19:30,0,0
2004/1/14 20:00,0,0
2004/1/14 20:30,0,0
2004/1/14 21:00,0,0
2004/1/14 21:30,0,0
2004/1/14 22:00,0,0
2004/1/14 22:30,0,0
2004/1/14 23:00,0,0
2004/1/14 23:30,0,0
2004/1/15 0:00,0,0
2004/1/15 0:30,0,0
2004/1/15 1:00,0,0
2004/1/15 1:30,0,0
2004/1/15 2:00,0,0
2004/1/15 2:30,0,0
2004/1/15 3:00,0,0
2004/1/15 3:30,0,0
2004/1/15 4:00,0,0
2004/1/15 4:30,0,0
2004/1/15 5:00,0,0
2004/1/15 5:30,0,0
2004/1/15 6:00,0,0
2004/1/15 6:30,0,0
2004/1/15 7:00,23.78287462,107.0229358
2004/1/15 7:30,53.21712538,239.4770642
2004/1/15 8:00,100.963326,454.334967
2004/1/15 8:30,149.036674,670.665033
2004/1/15 9:00,185.8415567,836.2870052
2004/1/15 9:30,222.1584433,999.7129948
2004/1/15 10:00,246.7739938,1110.482972
2004/1/15 10:30,268.2260062,1207.017028
2004/1/15 11:00,281.955225,1268.798512
2004/1/15 11:30,288.044775,1296.201488
2004/1/15 12:00,286.6599247,1289.969661
2004/1/15 12:30,274.3400753,1234.530339
2004/1/15 13:00,253.1768522,1139.295835
2004/1/15 13:30,224.8231478,1011.704165
2004/1/15 14:00,193.5169334,870.8262004
2004/1/15 14:30,154.4830666,695.1737996
2004/1/15 15:00,119.113758,536.0119109
2004/1/15 15:30,71.88624201,323.4880891
2004/1/15 16:00,24.21555556,108.97
2004/1/15 16:30,9.784444444,44.03
2004/1/15 17:00,0,0
2004/1/15 17:30,0,0
2004/1/15 18:00,0,0
2004/1/15 18:30,0,0
2004/1/15 19:00,0,0
2004/1/15 19:30,0,0
2004/1/15 20:00,0,0
2004/1/15 20:30,0,0
2004/1/15 21:00,0,0
2004/1/15 21:30,0,0
2004/1/15 22:00,0,0
2004/1/15 22:30,0,0
2004/1/15 23:00,0,0
2004/1/15 23:30,0,0
2004/1/16 0:00,0,0
2004/1/16 0:30,0,0
2004/1/16 1:00,0,0
2004/1/16 1:30,0,0
2004/1/16 2:00,0,0
2004/1/16 2:30,0,0
2004/1/16 3:00,0,0
2004/1/16 3:30,0,0
2004/1/16 4:00,0,0
2004/1/16 4:30,0,0
2004/1/16 5:00,0,0
2004/1/16 5:30,0,0
2004/1/16 6:00,0,0
2004/1/16 6:30,0,0
2004/1/16 7:00,23.5125,105.80625
2004/1/16 7:30,52.4875,236.19375
2004/1/16 8:00,98.74375,444.346875
2004/1/16 8:30,145.25625,653.653125
2004/1/16 9:00,184.5535061,830.4907774
2004/1/16 9:30,211.4464939,951.5092226
2004/1/16 10:00,203.2866542,914.7899437
2004/1/16 10:30,220.7133458,993.2100563
2004/1/16 11:00,265.9706464,1196.867909
2004/1/16 11:30,285.0293536,1282.632091
2004/1/16 12:00,284.6728665,1281.027899
2004/1/16 12:30,275.3271335,1238.972101
2004/1/16 13:00,255.9182276,1151.632024
2004/1/16 13:30,226.0817724,1017.367976
2004/1/16 14:00,189.6805588,853.5625147
2004/1/16 14:30,150.3194412,676.4374853
2004/1/16 15:00,116.8302401,525.7360804
2004/1/16 15:30,70.16975991,315.7639196
2004/1/16 16:00,22.83105023,102.739726
2004/1/16 16:30,9.168949772,41.26027397
2004/1/16 17:00,0,0
2004/1/16 17:30,0,0
2004/1/16 18:00,0,0
2004/1/16 18:30,0,0
2004/1/16 19:00,0,0
2004/1/16 19:30,0,0
2004/1/16 20:00,0,0
2004/1/16 20:30,0,0
2004/1/16 21:00,0,0
2004/1/16 21:30,0,0
2004/1/16 22:00,0,0
2004/1/16 22:30,0,0
2004/1/16 23:00,0,0
2004/1/16 23:30,0,0
2004/1/17 0:00,0,0
2004/1/17 0:30,0,0
2004/1/17 1:00,0,0
2004/1/17 1:30,0,0
2004/1/17 2:00,0,0
2004/1/17 2:30,0,0
2004/1/17 3:00,0,0
2004/1/17 3:30,0,0
2004/1/17 4:00,0,0
2004/1/17 4:30,0,0
2004/1/17 5:00,0,0
2004/1/17 5:30,0,0
2004/1/17 6:00,0,0
2004/1/17 6:30,0,0
2004/1/17 7:00,6.62037037,29.79166667
2004/1/17 7:30,15.37962963,69.20833333
2004/1/17 8:00,32.85698812,147.8564465
2004/1/17 8:30,53.14301188,239.1435535
2004/1/17 9:00,79.86454382,359.3904472
2004/1/17 9:30,99.13545618,446.1095528
2004/1/17 10:00,100.521734,452.3478032
2004/1/17 10:30,109.478266,492.6521968
2004/1/17 11:00,123.8392034,557.2764153
2004/1/17 11:30,128.1607966,576.7235847
2004/1/17 12:00,131.1583481,590.2125664
2004/1/17 12:30,109.8416519,494.2874336
2004/1/17 13:00,66.95102935,301.2796321
2004/1/17 13:30,54.04897065,243.2203679
2004/1/17 14:00,55.69458553,250.6256349
2004/1/17 14:30,44.30541447,199.3743651
2004/1/17 15:00,29.43179377,132.443072
2004/1/17 15:30,17.56820623,79.05692803
2004/1/17 16:00,7.061403509,31.77631579
2004/1/17 16:30,2.938596491,13.22368421
2004/1/17 17:00,0,0
2004/1/17 17:30,0,0
2004/1/17 18:00,0,0
2004/1/17 18:30,0,0
2004/1/17 19:00,0,0
2004/1/17 19:30,0,0
2004/1/17 20:00,0,0
2004/1/17 20:30,0,0
2004/1/17 21:00,0,0
2004/1/17 21:30,0,0
2004/1/17 22:00,0,0
2004/1/17 22:30,0,0
2004/1/17 23:00,0,0
2004/1/17 23:30,0,0
2004/1/18 0:00,0,0
2004/1/18 0:30,0,0
2004/1/18 1:00,0,0
2004/1/18 1:30,0,0
2004/1/18 2:00,0,0
2004/1/18 2:30,0,0
2004/1/18 3:00,0,0
2004/1/18 3:30,0,0
2004/1/18 4:00,0,0
2004/1/18 4:30,0,0
2004/1/18 5:00,0,0
2004/1/18 5:30,0,0
2004/1/18 6:00,0,0
2004/1/18 6:30,0,0
2004/1/18 7:00,21.55629139,97.00331126
2004/1/18 7:30,48.44370861,217.9966887
2004/1/18 8:00,92.93891628,418.2251232
2004/1/18 8:30,139.0610837,625.7748768
2004/1/18 9:00,177.3264935,797.9692209
2004/1/18 9:30,216.6735065,975.0307791
2004/1/18 10:00,248.9811572,1120.415208
2004/1/18 10:30,274.0188428,1233.084792
2004/1/18 11:00,288.6807592,1299.063416
2004/1/18 11:30,290.3192408,1306.436584
2004/1/18 12:00,274.8942603,1237.024171
2004/1/18 12:30,260.1057397,1170.475829
2004/1/18 13:00,243.7611465,1096.925159
2004/1/18 13:30,220.2388535,991.0748407
2004/1/18 14:00,197.0731796,886.8293083
2004/1/18 14:30,158.9268204,715.1706917
2004/1/18 15:00,120.2026432,540.9118942
2004/1/18 15:30,72.79735685,327.5881058
2004/1/18 16:00,25.58515284,115.1331878
2004/1/18 16:30,10.41484716,46.86681223
2004/1/18 17:00,0,0
2004/1/18 17:30,0,0
2004/1/18 18:00,0,0
2004/1/18 18:30,0,0
2004/1/18 19:00,0,0
2004/1/18 19:30,0,0
2004/1/18 20:00,0,0
2004/1/18 20:30,0,0
2004/1/18 21:00,0,0
2004/1/18 21:30,0,0
2004/1/18 22:00,0,0
2004/1/18 22:30,0,0
2004/1/18 23:00,0,0
2004/1/18 23:30,0,0
2004/1/19 0:00,0,0
2004/1/19 0:30,0,0
2004/1/19 1:00,0,0
2004/1/19 1:30,0,0
2004/1/19 2:00,0,0
2004/1/19 2:30,0,0
2004/1/19 3:00,0,0
2004/1/19 3:30,0,0
2004/1/19 4:00,0,0
2004/1/19 4:30,0,0
2004/1/19 5:00,0,0
2004/1/19 5:30,0,0
2004/1/19 6:00,0,0
2004/1/19 6:30,0,0
2004/1/19 7:00,4.70338983,21.16525424
2004/1/19 7:30,10.29661017,46.33474576
2004/1/19 8:00,17.69983598,79.64926189
2004/1/19 8:30,26.30016402,118.3507381
2004/1/19 9:00,36.67761252,165.0492563
2004/1/19 9:30,43.32238748,194.9507437
2004/1/19 10:00,38.69416168,174.1237275
2004/1/19 10:30,48.30583832,217.3762725
2004/1/19 11:00,89.23064334,401.537895
2004/1/19 11:30,113.7693567,511.962105
2004/1/19 12:00,111.2175857,500.4791354
2004/1/19 12:30,128.7824143,579.5208646
2004/1/19 13:00,179.3564204,807.1038918
2004/1/19 13:30,187.6435796,844.3961082
2004/1/19 14:00,163.3505691,735.0775608
2004/1/19 14:30,125.6494309,565.4224392
2004/1/19 15:00,76.72139446,345.2462751
2004/1/19 15:30,46.27860554,208.2537249
2004/1/19 16:00,22.3483871,100.5677419
2004/1/19 16:30,9.651612903,43.43225806
2004/1/19 17:00,0,0
2004/1/19 17:30,0,0
2004/1/19 18:00,0,0
2004/1/19 18:30,0,0
2004/1/19 19:00,0,0
2004/1/19 19:30,0,0
2004/1/19 20:00,0,0
2004/1/19 20:30,0,0
2004/1/19 21:00,0,0
2004/1/19 21:30,0,0
2004/1/19 22:00,0,0
2004/1/19 22:30,0,0
2004/1/19 23:00,0,0
2004/1/19 23:30,0,0
2004/1/20 0:00,0,0
2004/1/20 0:30,0,0
2004/1/20 1:00,0,0
2004/1/20 1:30,0,0
2004/1/20 2:00,0,0
2004/1/20 2:30,0,0
2004/1/20 3:00,0,0
2004/1/20 3:30,0,0
2004/1/20 4:00,0,0
2004/1/20 4:30,0,0
2004/1/20 5:00,0,0
2004/1/20 5:30,0,0
2004/1/20 6:00,0,0
2004/1/20 6:30,0,0
2004/1/20 7:00,25.44411765,114.4985294
2004/1/20 7:30,56.55588235,254.5014706
2004/1/20 8:00,104.5279412,470.3757353
2004/1/20 8:30,153.4720588,690.6242647
2004/1/20 9:00,192.1467893,864.660552
2004/1/20 9:30,229.8532107,1034.339448
2004/1/20 10:00,256.0000817,1152.000368
2004/1/20 10:30,276.9999183,1246.499632
2004/1/20 11:00,286.7569367,1290.406215
2004/1/20 11:30,292.2430633,1315.093785
2004/1/20 12:00,293.1229652,1319.053344
2004/1/20 12:30,281.8770348,1268.446656
2004/1/20 13:00,261.645399,1177.404295
2004/1/20 13:30,233.354601,1050.095705
2004/1/20 14:00,201.2049756,905.4223901
2004/1/20 14:30,161.7950244,728.0776099
2004/1/20 15:00,125.9434766,566.7456446
2004/1/20 15:30,78.05652342,351.2543554
2004/1/20 16:00,29.70731707,133.6829268
2004/1/20 16:30,12.29268293,55.31707317
2004/1/20 17:00,0,0
2004/1/20 17:30,0,0
2004/1/20 18:00,0,0
2004/1/20 18:30,0,0
2004/1/20 19:00,0,0
2004/1/20 19:30,0,0
2004/1/20 20:00,0,0
2004/1/20 20:30,0,0
2004/1/20 21:00,0,0
2004/1/20 21:30,0,0
2004/1/20 22:00,0,0
2004/1/20 22:30,0,0
2004/1/20 23:00,0,0
2004/1/20 23:30,0,0
2004/1/21 0:00,0,0
2004/1/21 0:30,0,0
2004/1/21 1:00,0,0
2004/1/21 1:30,0,0
2004/1/21 2:00,0,0
2004/1/21 2:30,0,0
2004/1/21 3:00,0,0
2004/1/21 3:30,0,0
2004/1/21 4:00,0,0
2004/1/21 4:30,0,0
2004/1/21 5:00,0,0
2004/1/21 5:30,0,0
2004/1/21 6:00,0,0
2004/1/21 6:30,0,0
2004/1/21 7:00,11.84331797,53.29493088
2004/1/21 7:30,28.15668203,126.7050691
2004/1/21 8:00,68.65616336,308.9527351
2004/1/21 8:30,108.3438366,487.5472649
2004/1/21 9:00,137.3790799,618.2058597
2004/1/21 9:30,167.6209201,754.2941403
2004/1/21 10:00,189.5033167,852.7649253
2004/1/21 10:30,207.4966833,933.7350747
2004/1/21 11:00,216.0641288,972.2885794
2004/1/21 11:30,222.9358712,1003.211421
2004/1/21 12:00,230.4000524,1036.800236
2004/1/21 12:30,219.5999476,988.1997644
2004/1/21 13:00,193.6652677,871.4937049
2004/1/21 13:30,168.3347323,757.5062951
2004/1/21 14:00,146.6236594,659.8064671
2004/1/21 14:30,109.3763406,492.1935329
2004/1/21 15:00,68.15241535,306.6858691
2004/1/21 15:30,38.84758465,174.8141309
2004/1/21 16:00,14.21259843,63.95669291
2004/1/21 16:30,5.787401575,26.04330709
2004/1/21 17:00,0,0
2004/1/21 17:30,0,0
2004/1/21 18:00,0,0
2004/1/21 18:30,0,0
2004/1/21 19:00,0,0
2004/1/21 19:30,0,0
2004/1/21 20:00,0,0
2004/1/21 20:30,0,0
2004/1/21 21:00,0,0
2004/1/21 21:30,0,0
2004/1/21 22:00,0,0
2004/1/21 22:30,0,0
2004/1/21 23:00,0,0
2004/1/21 23:30,0,0
2004/1/22 0:00,0,0
2004/1/22 0:30,0,0
2004/1/22 1:00,0,0
2004/1/22 1:30,0,0
2004/1/22 2:00,0,0
2004/1/22 2:30,0,0
2004/1/22 3:00,0,0
2004/1/22 3:30,0,0
2004/1/22 4:00,0,0
2004/1/22 4:30,0,0
2004/1/22 5:00,0,0
2004/1/22 5:30,0,0
2004/1/22 6:00,0,0
2004/1/22 6:30,0,0
2004/1/22 7:00,21.60989011,97.24450549
2004/1/22 7:30,47.39010989,213.2554945
2004/1/22 8:00,82.43556444,370.96004
2004/1/22 8:30,121.5644356,547.03996
2004/1/22 9:00,159.6810055,718.5645249
2004/1/22 9:30,197.3189945,887.9354751
2004/1/22 10:00,225.5024946,1014.761226
2004/1/22 10:30,256.4975054,1154.238774
2004/1/22 11:00,292.0899164,1314.404624
2004/1/22 11:30,306.9100836,1381.095376
2004/1/22 12:00,300.0460924,1350.207416
2004/1/22 12:30,287.9539076,1295.792584
2004/1/22 13:00,266.3447495,1198.551373
2004/1/22 13:30,241.6552505,1087.448627
2004/1/22 14:00,218.855295,984.8488275
2004/1/22 14:30,179.144705,806.1511725
2004/1/22 15:00,138.3756854,622.6905843
2004/1/22 15:30,86.6243146,389.8094157
2004/1/22 16:00,34.55930657,155.5168796
2004/1/22 16:30,14.44069343,64.98312044
2004/1/22 17:00,0,0
2004/1/22 17:30,0,0
2004/1/22 18:00,0,0
2004/1/22 18:30,0,0
2004/1/22 19:00,0,0
2004/1/22 19:30,0,0
2004/1/22 20:00,0,0
2004/1/22 20:30,0,0
2004/1/22 21:00,0,0
2004/1/22 21:30,0,0
2004/1/22 22:00,0,0
2004/1/22 22:30,0,0
2004/1/22 23:00,0,0
2004/1/22 23:30,0,0
2004/1/23 0:00,0,0
2004/1/23 0:30,0,0
2004/1/23 1:00,0,0
2004/1/23 1:30,0,0
2004/1/23 2:00,0,0
2004/1/23 2:30,0,0
2004/1/23 3:00,0,0
2004/1/23 3:30,0,0
2004/1/23 4:00,0,0
2004/1/23 4:30,0,0
2004/1/23 5:00,0,0
2004/1/23 5:30,0,0
2004/1/23 6:00,0.252808989,1.13764045
2004/1/23 6:30,0.747191011,3.36235955
2004/1/23 7:00,27.6701602,124.5157209
2004/1/23 7:30,60.3298398,271.4842791
2004/1/23 8:00,109.5234087,492.8553389
2004/1/23 8:30,159.4765913,717.6446611
2004/1/23 9:00,198.184442,891.829989
2004/1/23 9:30,236.815558,1065.670011
2004/1/23 10:00,264.9695247,1192.362861
2004/1/23 10:30,288.0304753,1296.137139
2004/1/23 11:00,301.4772201,1356.64749
2004/1/23 11:30,306.5227799,1379.35251
2004/1/23 12:00,309.1281284,1391.076578
2004/1/23 12:30,281.8718716,1268.423422
2004/1/23 13:00,220.2298008,991.0341034
2004/1/23 13:30,198.7701992,894.4658966
2004/1/23 14:00,210.8681068,948.9064807
2004/1/23 14:30,180.1318932,810.5935193
2004/1/23 15:00,134.8458458,606.8063063
2004/1/23 15:30,85.15415416,383.1936937
2004/1/23 16:00,35.85055351,161.3274908
2004/1/23 16:30,15.14944649,68.17250922
2004/1/23 17:00,0,0
2004/1/23 17:30,0,0
2004/1/23 18:00,0,0
2004/1/23 18:30,0,0
2004/1/23 19:00,0,0
2004/1/23 19:30,0,0
2004/1/23 20:00,0,0
2004/1/23 20:30,0,0
2004/1/23 21:00,0,0
2004/1/23 21:30,0,0
2004/1/23 22:00,0,0
2004/1/23 22:30,0,0
2004/1/23 23:00,0,0
2004/1/23 23:30,0,0
2004/1/24 0:00,0,0
2004/1/24 0:30,0,0
2004/1/24 1:00,0,0
2004/1/24 1:30,0,0
2004/1/24 2:00,0,0
2004/1/24 2:30,0,0
2004/1/24 3:00,0,0
2004/1/24 3:30,0,0
2004/1/24 4:00,0,0
2004/1/24 4:30,0,0
2004/1/24 5:00,0,0
2004/1/24 5:30,0,0
2004/1/24 6:00,0.253164557,1.139240507
2004/1/24 6:30,0.746835443,3.360759493
2004/1/24 7:00,24.71742368,111.2284066
2004/1/24 7:30,53.28257632,239.7715934
2004/1/24 8:00,92.15798319,414.7109244
2004/1/24 8:30,135.8420168,611.2890756
2004/1/24 9:00,180.9292257,814.1815158
2004/1/24 9:30,221.0707743,994.8184842
2004/1/24 10:00,247.6863122,1114.588405
2004/1/24 10:30,267.3136878,1202.911595
2004/1/24 11:00,272.1497454,1224.673854
2004/1/24 11:30,273.8502546,1232.326146
2004/1/24 12:00,273.9675846,1232.854131
2004/1/24 12:30,254.0324154,1143.145869
2004/1/24 13:00,216.5623324,974.5304956
2004/1/24 13:30,186.4376676,838.9695044
2004/1/24 14:00,165.2536673,743.6415031
2004/1/24 14:30,123.7463327,556.8584969
2004/1/24 15:00,74.88625524,336.9881486
2004/1/24 15:30,46.11374476,207.5118514
2004/1/24 16:00,24.93630573,112.2133758
2004/1/24 16:30,11.06369427,49.7866242
2004/1/24 17:00,0,0
2004/1/24 17:30,0,0
2004/1/24 18:00,0,0
2004/1/24 18:30,0,0
2004/1/24 19:00,0,0
2004/1/24 19:30,0,0
2004/1/24 20:00,0,0
2004/1/24 20:30,0,0
2004/1/24 21:00,0,0
2004/1/24 21:30,0,0
2004/1/24 22:00,0,0
2004/1/24 22:30,0,0
2004/1/24 23:00,0,0
2004/1/24 23:30,0,0
2004/1/25 0:00,0,0
2004/1/25 0:30,0,0
2004/1/25 1:00,0,0
2004/1/25 1:30,0,0
2004/1/25 2:00,0,0
2004/1/25 2:30,0,0
2004/1/25 3:00,0,0
2004/1/25 3:30,0,0
2004/1/25 4:00,0,0
2004/1/25 4:30,0,0
2004/1/25 5:00,0,0
2004/1/25 5:30,0,0
2004/1/25 6:00,0.252717391,1.137228261
2004/1/25 6:30,0.747282609,3.362771739
2004/1/25 7:00,28.71620526,129.2229237
2004/1/25 7:30,62.28379474,280.2770763
2004/1/25 8:00,110.7870972,498.5419373
2004/1/25 8:30,160.2129028,720.9580627
2004/1/25 9:00,198.3748,892.6866
2004/1/25 9:30,236.6252,1064.8134
2004/1/25 10:00,264.7434291,1191.345431
2004/1/25 10:30,288.2565709,1297.154569
2004/1/25 11:00,302.9469732,1363.261379
2004/1/25 11:30,309.0530268,1390.738621
2004/1/25 12:00,305.0915221,1372.911849
2004/1/25 12:30,293.9084779,1322.588151
2004/1/25 13:00,277.471515,1248.621818
2004/1/25 13:30,249.528485,1122.878182
2004/1/25 14:00,218.5362145,983.4129653
2004/1/25 14:30,172.4637855,776.0870347
2004/1/25 15:00,123.0795262,553.857868
2004/1/25 15:30,76.92047377,346.142132
2004/1/25 16:00,35,157.5
2004/1/25 16:30,15,67.5
2004/1/25 17:00,0,0
2004/1/25 17:30,0,0
2004/1/25 18:00,0,0
2004/1/25 18:30,0,0
2004/1/25 19:00,0,0
2004/1/25 19:30,0,0
2004/1/25 20:00,0,0
2004/1/25 20:30,0,0
2004/1/25 21:00,0,0
2004/1/25 21:30,0,0
2004/1/25 22:00,0,0
2004/1/25 22:30,0,0
2004/1/25 23:00,0,0
2004/1/25 23:30,0,0
2004/1/26 0:00,0,0
2004/1/26 0:30,0,0
2004/1/26 1:00,0,0
2004/1/26 1:30,0,0
2004/1/26 2:00,0,0
2004/1/26 2:30,0,0
2004/1/26 3:00,0,0
2004/1/26 3:30,0,0
2004/1/26 4:00,0,0
2004/1/26 4:30,0,0
2004/1/26 5:00,0,0
2004/1/26 5:30,0,0
2004/1/26 6:00,0.252688172,1.137096774
2004/1/26 6:30,0.747311828,3.362903226
2004/1/26 7:00,29.07651293,130.8443082
2004/1/26 7:30,62.92348707,283.1556918
2004/1/26 8:00,110.8900351,499.005158
2004/1/26 8:30,160.1099649,720.494842
2004/1/26 9:00,198.8333422,894.7500397
2004/1/26 9:30,237.1666578,1067.24996
2004/1/26 10:00,264.8780488,1191.95122
2004/1/26 10:30,288.1219512,1296.54878
2004/1/26 11:00,302.1343934,1359.60477
2004/1/26 11:30,308.8656066,1389.89523
2004/1/26 12:00,308.2944799,1387.325159
2004/1/26 12:30,295.7055201,1330.674841
2004/1/26 13:00,272.8907764,1228.008494
2004/1/26 13:30,244.1092236,1098.491506
2004/1/26 14:00,212.8136576,957.6614591
2004/1/26 14:30,173.1863424,779.3385409
2004/1/26 15:00,135.9183351,611.6325078
2004/1/26 15:30,88.08166492,396.3674922
2004/1/26 16:00,40.5177305,182.3297872
2004/1/26 16:30,17.4822695,78.67021277
2004/1/26 17:00,0,0
2004/1/26 17:30,0,0
2004/1/26 18:00,0,0
2004/1/26 18:30,0,0
2004/1/26 19:00,0,0
2004/1/26 19:30,0,0
2004/1/26 20:00,0,0
2004/1/26 20:30,0,0
2004/1/26 21:00,0,0
2004/1/26 21:30,0,0
2004/1/26 22:00,0,0
2004/1/26 22:30,0,0
2004/1/26 23:00,0,0
2004/1/26 23:30,0,0
2004/1/27 0:00,0,0
2004/1/27 0:30,0,0
2004/1/27 1:00,0,0
2004/1/27 1:30,0,0
2004/1/27 2:00,0,0
2004/1/27 2:30,0,0
2004/1/27 3:00,0,0
2004/1/27 3:30,0,0
2004/1/27 4:00,0,0
2004/1/27 4:30,0,0
2004/1/27 5:00,0,0
2004/1/27 5:30,0,0
2004/1/27 6:00,0.253571429,1.141071429
2004/1/27 6:30,0.746428571,3.358928571
2004/1/27 7:00,22.6268165,101.8206743
2004/1/27 7:30,46.3731835,208.6793257
2004/1/27 8:00,68.1391523,306.6261853
2004/1/27 8:30,94.8608477,426.8738147
2004/1/27 9:00,122.0677859,549.3050365
2004/1/27 9:30,149.9322141,674.6949635
2004/1/27 10:00,174.0420343,783.1891546
2004/1/27 10:30,200.9579657,904.3108454
2004/1/27 11:00,234.6208967,1055.794035
2004/1/27 11:30,250.3791033,1126.705965
2004/1/27 12:00,250.8875744,1128.994085
2004/1/27 12:30,236.1124256,1062.505915
2004/1/27 13:00,202.2427654,910.0924444
2004/1/27 13:30,177.7572346,799.9075556
2004/1/27 14:00,161.2951399,725.8281298
2004/1/27 14:30,128.7048601,579.1718702
2004/1/27 15:00,93.22076841,419.4934579
2004/1/27 15:30,57.77923159,260.0065421
2004/1/27 16:00,24.60349462,110.7157258
2004/1/27 16:30,10.39650538,46.78427419
2004/1/27 17:00,0,0
2004/1/27 17:30,0,0
2004/1/27 18:00,0,0
2004/1/27 18:30,0,0
2004/1/27 19:00,0,0
2004/1/27 19:30,0,0
2004/1/27 20:00,0,0
2004/1/27 20:30,0,0
2004/1/27 21:00,0,0
2004/1/27 21:30,0,0
2004/1/27 22:00,0,0
2004/1/27 22:30,0,0
2004/1/27 23:00,0,0
2004/1/27 23:30,0,0
2004/1/28 0:00,0,0
2004/1/28 0:30,0,0
2004/1/28 1:00,0,0
2004/1/28 1:30,0,0
2004/1/28 2:00,0,0
2004/1/28 2:30,0,0
2004/1/28 3:00,0,0
2004/1/28 3:30,0,0
2004/1/28 4:00,0,0
2004/1/28 4:30,0,0
2004/1/28 5:00,0,0
2004/1/28 5:30,0,0
2004/1/28 6:00,0.25257732,1.136597938
2004/1/28 6:30,0.74742268,3.363402062
2004/1/28 7:00,30.37508225,136.6878701
2004/1/28 7:30,65.62491775,295.3121299
2004/1/28 8:00,114.9816074,517.4172332
2004/1/28 8:30,165.0183926,742.5827668
2004/1/28 9:00,202.6539698,911.9428642
2004/1/28 9:30,240.3460302,1081.557136
2004/1/28 10:00,267.3718524,1203.173336
2004/1/28 10:30,290.6281476,1307.826664
2004/1/28 11:00,306.3110332,1378.39965
2004/1/28 11:30,312.6889668,1407.10035
2004/1/28 12:00,308.5880881,1388.646396
2004/1/28 12:30,297.4119119,1338.353604
2004/1/28 13:00,280.1441334,1260.6486
2004/1/28 13:30,253.8558666,1142.3514
2004/1/28 14:00,224.9484166,1012.267875
2004/1/28 14:30,183.0515834,823.7321252
2004/1/28 15:00,139.9982394,629.9920775
2004/1/28 15:30,91.00176056,409.5079225
2004/1/28 16:00,43.875,197.4375
2004/1/28 16:30,19.125,86.0625
2004/1/28 17:00,0,0
2004/1/28 17:30,0,0
2004/1/28 18:00,0,0
2004/1/28 18:30,0,0
2004/1/28 19:00,0,0
2004/1/28 19:30,0,0
2004/1/28 20:00,0,0
2004/1/28 20:30,0,0
2004/1/28 21:00,0,0
2004/1/28 21:30,0,0
2004/1/28 22:00,0,0
2004/1/28 22:30,0,0
2004/1/28 23:00,0,0
2004/1/28 23:30,0,0
2004/1/29 0:00,0,0
2004/1/29 0:30,0,0
2004/1/29 1:00,0,0
2004/1/29 1:30,0,0
2004/1/29 2:00,0,0
2004/1/29 2:30,0,0
2004/1/29 3:00,0,0
2004/1/29 3:30,0,0
2004/1/29 4:00,0,0
2004/1/29 4:30,0,0
2004/1/29 5:00,0,0
2004/1/29 5:30,0,0
2004/1/29 6:00,0.252777778,1.1375
2004/1/29 6:30,0.747222222,3.3625
2004/1/29 7:00,28.51621918,128.3229863
2004/1/29 7:30,60.48378082,272.1770137
2004/1/29 8:00,98.18222255,441.8200015
2004/1/29 8:30,141.8177774,638.1799985
2004/1/29 9:00,189.0748674,850.8369035
2004/1/29 9:30,226.9251326,1021.163097
2004/1/29 10:00,241.6652254,1087.493514
2004/1/29 10:30,262.3347746,1180.506486
2004/1/29 11:00,283.3163931,1274.923769
2004/1/29 11:30,294.6836069,1326.076231
2004/1/29 12:00,304.009569,1368.04306
2004/1/29 12:30,285.990431,1286.95694
2004/1/29 13:00,244.0996769,1098.448546
2004/1/29 13:30,207.9003231,935.5514539
2004/1/29 14:00,172.2487894,775.1195521
2004/1/29 14:30,136.7512106,615.3804479
2004/1/29 15:00,107.1942593,482.3741667
2004/1/29 15:30,69.80574074,314.1258333
2004/1/29 16:00,33.44,150.48
2004/1/29 16:30,14.56,65.52
2004/1/29 17:00,0,0
2004/1/29 17:30,0,0
2004/1/29 18:00,0,0
2004/1/29 18:30,0,0
2004/1/29 19:00,0,0
2004/1/29 19:30,0,0
2004/1/29 20:00,0,0
2004/1/29 20:30,0,0
2004/1/29 21:00,0,0
2004/1/29 21:30,0,0
2004/1/29 22:00,0,0
2004/1/29 22:30,0,0
2004/1/29 23:00,0,0
2004/1/29 23:30,0,0
2004/1/30 0:00,0,0
2004/1/30 0:30,0,0
2004/1/30 1:00,0,0
2004/1/30 1:30,0,0
2004/1/30 2:00,0,0
2004/1/30 2:30,0,0
2004/1/30 3:00,0,0
2004/1/30 3:30,0,0
2004/1/30 4:00,0,0
2004/1/30 4:30,0,0
2004/1/30 5:00,0,0
2004/1/30 5:30,0,0
2004/1/30 6:00,0.254385965,1.144736842
2004/1/30 6:30,0.745614035,3.355263158
2004/1/30 7:00,18.3077902,82.3850559
2004/1/30 7:30,37.6922098,169.6149441
2004/1/30 8:00,55.6044905,250.2202073
2004/1/30 8:30,81.3955095,366.2797927
2004/1/30 9:00,124.3773474,559.6980634
2004/1/30 9:30,149.6226526,673.3019366
2004/1/30 10:00,136.8745906,615.9356576
2004/1/30 10:30,157.1254094,707.0643424
2004/1/30 11:00,225.0241198,1012.608539
2004/1/30 11:30,254.9758802,1147.391461
2004/1/30 12:00,250.7393778,1128.3272
2004/1/30 12:30,238.2606222,1072.1728
2004/1/30 13:00,208.0272682,936.1227067
2004/1/30 13:30,182.9727318,823.3772933
2004/1/30 14:00,158.2926704,712.3170168
2004/1/30 14:30,133.7073296,601.6829832
2004/1/30 15:00,116.5496833,524.4735749
2004/1/30 15:30,81.45031668,366.5264251
2004/1/30 16:00,43.44827586,195.5172414
2004/1/30 16:30,19.55172414,87.98275862
2004/1/30 17:00,0,0
2004/1/30 17:30,0,0
2004/1/30 18:00,0,0
2004/1/30 18:30,0,0
2004/1/30 19:00,0,0
2004/1/30 19:30,0,0
2004/1/30 20:00,0,0
2004/1/30 20:30,0,0
2004/1/30 21:00,0,0
2004/1/30 21:30,0,0
2004/1/30 22:00,0,0
2004/1/30 22:30,0,0
2004/1/30 23:00,0,0
2004/1/30 23:30,0,0
2004/1/31 0:00,0,0
2004/1/31 0:30,0,0
2004/1/31 1:00,0,0
2004/1/31 1:30,0,0
2004/1/31 2:00,0,0
2004/1/31 2:30,0,0
2004/1/31 3:00,0,0
2004/1/31 3:30,0,0
2004/1/31 4:00,0,0
2004/1/31 4:30,0,0
2004/1/31 5:00,0,0
2004/1/31 5:30,0,0
2004/1/31 6:00,0.509708738,2.29368932
2004/1/31 6:30,1.490291262,6.70631068
2004/1/31 7:00,32.34715655,145.5622045
2004/1/31 7:30,68.65284345,308.9377955
2004/1/31 8:00,117.4457127,528.5057073
2004/1/31 8:30,167.5542873,753.9942927
2004/1/31 9:00,207.6714739,934.5216324
2004/1/31 9:30,244.3285261,1099.478368
2004/1/31 10:00,263.723741,1186.756834
2004/1/31 10:30,286.276259,1288.243166
2004/1/31 11:00,319.6911464,1438.610159
2004/1/31 11:30,308.3088536,1387.389841
2004/1/31 12:00,244.3921821,1099.76482
2004/1/31 12:30,230.6078179,1037.73518
2004/1/31 13:00,254.7454323,1146.354445
2004/1/31 13:30,242.2545677,1090.145555
2004/1/31 14:00,210.7427377,948.3423195
2004/1/31 14:30,177.2572623,797.6576805
2004/1/31 15:00,147.443759,663.4969154
2004/1/31 15:30,99.55624102,448.0030846
2004/1/31 16:00,49.28694969,221.7912736
2004/1/31 16:30,21.71305031,97.70872642
2004/1/31 17:00,0,0
2004/1/31 17:30,0,0
2004/1/31 18:00,0,0
2004/1/31 18:30,0,0
2004/1/31 19:00,0,0
2004/1/31 19:30,0,0
2004/1/31 20:00,0,0
2004/1/31 20:30,0,0
2004/1/31 21:00,0,0
2004/1/31 21:30,0,0
2004/1/31 22:00,0,0
2004/1/31 22:30,0,0
2004/1/31 23:00,0,0
2004/1/31 23:30,0,0
2004/2/1 0:00,0,0
2004/2/1 0:30,0,0
2004/2/1 1:00,0,0
2004/2/1 1:30,0,0
2004/2/1 2:00,0,0
2004/2/1 2:30,0,0
2004/2/1 3:00,0,0
2004/2/1 3:30,0,0
2004/2/1 4:00,0,0
2004/2/1 4:30,0,0
2004/2/1 5:00,0,0
2004/2/1 5:30,0,0
2004/2/1 6:00,0.510989011,2.299450549
2004/2/1 6:30,1.489010989,6.700549451
2004/2/1 7:00,28.56327569,128.5347406
2004/2/1 7:30,60.43672431,271.9652594
2004/2/1 8:00,102.8247593,462.7114169
2004/2/1 8:30,148.1752407,666.7885831
2004/2/1 9:00,189.4991342,852.7461037
2004/2/1 9:30,225.5008658,1014.753896
2004/2/1 10:00,242.6994803,1092.147661
2004/2/1 10:30,265.3005197,1193.852339
2004/2/1 11:00,294.866107,1326.897482
2004/2/1 11:30,298.133893,1341.602518
2004/2/1 12:00,271.8943427,1223.524542
2004/2/1 12:30,259.1056573,1165.975458
2004/2/1 13:00,256.0565244,1152.25436
2004/2/1 13:30,232.9434756,1048.24564
2004/2/1 14:00,204.294809,919.3266403
2004/2/1 14:30,158.705191,714.1733597
2004/2/1 15:00,107.1806247,482.3128109
2004/2/1 15:30,65.81937535,296.1871891
2004/2/1 16:00,30.1099537,135.4947917
2004/2/1 16:30,12.8900463,58.00520833
2004/2/1 17:00,0,0
2004/2/1 17:30,0,0
2004/2/1 18:00,0,0
2004/2/1 18:30,0,0
2004/2/1 19:00,0,0
2004/2/1 19:30,0,0
2004/2/1 20:00,0,0
2004/2/1 20:30,0,0
2004/2/1 21:00,0,0
2004/2/1 21:30,0,0
2004/2/1 22:00,0,0
2004/2/1 22:30,0,0
2004/2/1 23:00,0,0
2004/2/1 23:30,0,0
2004/2/2 0:00,0,0
2004/2/2 0:30,0,0
2004/2/2 1:00,0,0
2004/2/2 1:30,0,0
2004/2/2 2:00,0,0
2004/2/2 2:30,0,0
2004/2/2 3:00,0,0
2004/2/2 3:30,0,0
2004/2/2 4:00,0,0
2004/2/2 4:30,0,0
2004/2/2 5:00,0,0
2004/2/2 5:30,0,0
2004/2/2 6:00,0.517857143,2.330357143
2004/2/2 6:30,1.482142857,6.669642857
2004/2/2 7:00,17.37284053,78.17778239
2004/2/2 7:30,36.62715947,164.8222176
2004/2/2 8:00,67.19112051,302.3600423
2004/2/2 8:30,93.80887949,422.1399577
2004/2/2 9:00,110.8567783,498.8555024
2004/2/2 9:30,113.1432217,509.1444976
2004/2/2 10:00,92.92957071,418.1830682
2004/2/2 10:30,82.07042929,369.3169318
2004/2/2 11:00,74.63880954,335.8746429
2004/2/2 11:30,61.36119046,276.1253571
2004/2/2 12:00,41.47527178,186.638723
2004/2/2 12:30,37.52472822,168.861277
2004/2/2 13:00,46.60835551,209.7375998
2004/2/2 13:30,43.39164449,195.2624002
2004/2/2 14:00,33.22258279,149.5016225
2004/2/2 14:30,25.77741721,115.9983775
2004/2/2 15:00,19.58681319,88.14065934
2004/2/2 15:30,12.41318681,55.85934066
2004/2/2 16:00,5.6,25.2
2004/2/2 16:30,2.4,10.8
2004/2/2 17:00,0,0
2004/2/2 17:30,0,0
2004/2/2 18:00,0,0
2004/2/2 18:30,0,0
2004/2/2 19:00,0,0
2004/2/2 19:30,0,0
2004/2/2 20:00,0,0
2004/2/2 20:30,0,0
2004/2/2 21:00,0,0
2004/2/2 21:30,0,0
2004/2/2 22:00,0,0
2004/2/2 22:30,0,0
2004/2/2 23:00,0,0
2004/2/2 23:30,0,0
2004/2/3 0:00,0,0
2004/2/3 0:30,0,0
2004/2/3 1:00,0,0
2004/2/3 1:30,0,0
2004/2/3 2:00,0,0
2004/2/3 2:30,0,0
2004/2/3 3:00,0,0
2004/2/3 3:30,0,0
2004/2/3 4:00,0,0
2004/2/3 4:30,0,0
2004/2/3 5:00,0,0
2004/2/3 5:30,0,0
2004/2/3 6:00,0.255434783,1.149456522
2004/2/3 6:30,0.744565217,3.350543478
2004/2/3 7:00,15.11063665,67.99786491
2004/2/3 7:30,29.88936335,134.5021351
2004/2/3 8:00,38.78146955,174.516613
2004/2/3 8:30,56.21853045,252.983387
2004/2/3 9:00,93.0300906,418.6354077
2004/2/3 9:30,116.9699094,526.3645923
2004/2/3 10:00,119.4870743,537.6918344
2004/2/3 10:30,126.5129257,569.3081656
2004/2/3 11:00,136.5552941,614.4988235
2004/2/3 11:30,127.4447059,573.5011765
2004/2/3 12:00,103.81125,467.150625
2004/2/3 12:30,82.18875,369.849375
2004/2/3 13:00,58.43077532,262.9384889
2004/2/3 13:30,43.56922468,196.0615111
2004/2/3 14:00,29.46420419,132.5889189
2004/2/3 14:30,26.53579581,119.4110811
2004/2/3 15:00,37.51821494,168.8319672
2004/2/3 15:30,28.48178506,128.1680328
2004/2/3 16:00,10.55555556,47.5
2004/2/3 16:30,4.444444444,20
2004/2/3 17:00,0,0
2004/2/3 17:30,0,0
2004/2/3 18:00,0,0
2004/2/3 18:30,0,0
2004/2/3 19:00,0,0
2004/2/3 19:30,0,0
2004/2/3 20:00,0,0
2004/2/3 20:30,0,0
2004/2/3 21:00,0,0
2004/2/3 21:30,0,0
2004/2/3 22:00,0,0
2004/2/3 22:30,0,0
2004/2/3 23:00,0,0
2004/2/3 23:30,0,0
2004/2/4 0:00,0,0
2004/2/4 0:30,0,0
2004/2/4 1:00,0,0
2004/2/4 1:30,0,0
2004/2/4 2:00,0,0
2004/2/4 2:30,0,0
2004/2/4 3:00,0,0
2004/2/4 3:30,0,0
2004/2/4 4:00,0,0
2004/2/4 4:30,0,0
2004/2/4 5:00,0,0
2004/2/4 5:30,0,0
2004/2/4 6:00,0.772727273,3.477272727
2004/2/4 6:30,2.227272727,10.02272727
2004/2/4 7:00,30.71168831,138.2025974
2004/2/4 7:30,65.28831169,293.7974026
2004/2/4 8:00,118.2927656,532.3174453
2004/2/4 8:30,170.7072344,768.1825547
2004/2/4 9:00,209.9481919,944.7668637
2004/2/4 9:30,246.0518081,1107.233136
2004/2/4 10:00,267.2856431,1202.785394
2004/2/4 10:30,281.7143569,1267.714606
2004/2/4 11:00,280.1175111,1260.5288
2004/2/4 11:30,282.8824889,1272.9712
2004/2/4 12:00,290.3731205,1306.679042
2004/2/4 12:30,280.6268795,1262.820958
2004/2/4 13:00,259.2398726,1166.579427
2004/2/4 13:30,231.7601274,1042.920573
2004/2/4 14:00,198.0995391,891.4479261
2004/2/4 14:30,165.9004609,746.5520739
2004/2/4 15:00,142.6105533,641.7474899
2004/2/4 15:30,97.3894467,438.2525101
2004/2/4 16:00,48.5483871,218.4677419
2004/2/4 16:30,21.4516129,96.53225806
2004/2/4 17:00,0,0
2004/2/4 17:30,0,0
2004/2/4 18:00,0,0
2004/2/4 18:30,0,0
2004/2/4 19:00,0,0
2004/2/4 19:30,0,0
2004/2/4 20:00,0,0
2004/2/4 20:30,0,0
2004/2/4 21:00,0,0
2004/2/4 21:30,0,0
2004/2/4 22:00,0,0
2004/2/4 22:30,0,0
2004/2/4 23:00,0,0
2004/2/4 23:30,0,0
2004/2/5 0:00,0,0
2004/2/5 0:30,0,0
2004/2/5 1:00,0,0
2004/2/5 1:30,0,0
2004/2/5 2:00,0,0
2004/2/5 2:30,0,0
2004/2/5 3:00,0,0
2004/2/5 3:30,0,0
2004/2/5 4:00,0,0
2004/2/5 4:30,0,0
2004/2/5 5:00,0,0
2004/2/5 5:30,0,0
2004/2/5 6:00,1.034782609,4.656521739
2004/2/5 6:30,2.965217391,13.34347826
2004/2/5 7:00,36.32077295,163.4434783
2004/2/5 7:30,74.67922705,336.0565217
2004/2/5 8:00,122.8063878,552.6287449
2004/2/5 8:30,171.1936122,770.3712551
2004/2/5 9:00,205.3506306,924.0778379
2004/2/5 9:30,241.6493694,1087.422162
2004/2/5 10:00,270.6059231,1217.726654
2004/2/5 10:30,296.3940769,1333.773346
2004/2/5 11:00,318.0867826,1431.390522
2004/2/5 11:30,325.9132174,1466.609478
2004/2/5 12:00,321.13302,1445.09859
2004/2/5 12:30,303.86698,1367.40141
2004/2/5 13:00,273.9518788,1232.783455
2004/2/5 13:30,242.0481212,1089.216545
2004/2/5 14:00,208.6967495,939.1353729
2004/2/5 14:30,171.3032505,770.8646271
2004/2/5 15:00,137.141277,617.1357466
2004/2/5 15:30,94.85872298,426.8642534
2004/2/5 16:00,54.62488129,245.8119658
2004/2/5 16:30,25.37511871,114.1880342
2004/2/5 17:00,0.74691358,3.361111111
2004/2/5 17:30,0.25308642,1.138888889
2004/2/5 18:00,0,0
2004/2/5 18:30,0,0
2004/2/5 19:00,0,0
2004/2/5 19:30,0,0
2004/2/5 20:00,0,0
2004/2/5 20:30,0,0
2004/2/5 21:00,0,0
2004/2/5 21:30,0,0
2004/2/5 22:00,0,0
2004/2/5 22:30,0,0
2004/2/5 23:00,0,0
2004/2/5 23:30,0,0
2004/2/6 0:00,0,0
2004/2/6 0:30,0,0
2004/2/6 1:00,0,0
2004/2/6 1:30,0,0
2004/2/6 2:00,0,0
2004/2/6 2:30,0,0
2004/2/6 3:00,0,0
2004/2/6 3:30,0,0
2004/2/6 4:00,0,0
2004/2/6 4:30,0,0
2004/2/6 5:00,0,0
2004/2/6 5:30,0,0
2004/2/6 6:00,1.033333333,4.65
2004/2/6 6:30,2.966666667,13.35
2004/2/6 7:00,37.95716548,170.8072447
2004/2/6 7:30,78.04283452,351.1927553
2004/2/6 8:00,127.1134806,572.0106629
2004/2/6 8:30,177.8865194,800.4893371
2004/2/6 9:00,217.4395191,978.4778361
2004/2/6 9:30,256.5604809,1154.522164
2004/2/6 10:00,288.0339662,1296.152848
2004/2/6 10:30,306.9660338,1381.347152
2004/2/6 11:00,305.9357802,1376.711011
2004/2/6 11:30,306.0642198,1377.288989
2004/2/6 12:00,320.4910793,1442.209857
2004/2/6 12:30,275.5089207,1239.790143
2004/2/6 13:00,174.2373904,784.0682567
2004/2/6 13:30,154.7626096,696.4317433
2004/2/6 14:00,187.2915658,842.8120461
2004/2/6 14:30,177.7084342,799.6879539
2004/2/6 15:00,154.935646,697.2104072
2004/2/6 15:30,111.064354,499.7895928
2004/2/6 16:00,60.28388244,271.277471
2004/2/6 16:30,27.71611756,124.722529
2004/2/6 17:00,0.747191011,3.36235955
2004/2/6 17:30,0.252808989,1.13764045
2004/2/6 18:00,0,0
2004/2/6 18:30,0,0
2004/2/6 19:00,0,0
2004/2/6 19:30,0,0
2004/2/6 20:00,0,0
2004/2/6 20:30,0,0
2004/2/6 21:00,0,0
2004/2/6 21:30,0,0
2004/2/6 22:00,0,0
2004/2/6 22:30,0,0
2004/2/6 23:00,0,0
2004/2/6 23:30,0,0
2004/2/7 0:00,0,0
2004/2/7 0:30,0,0
2004/2/7 1:00,0,0
2004/2/7 1:30,0,0
2004/2/7 2:00,0,0
2004/2/7 2:30,0,0
2004/2/7 3:00,0,0
2004/2/7 3:30,0,0
2004/2/7 4:00,0,0
2004/2/7 4:30,0,0
2004/2/7 5:00,0,0
2004/2/7 5:30,0,0
2004/2/7 6:00,1.299212598,5.846456693
2004/2/7 6:30,3.700787402,16.65354331
2004/2/7 7:00,40.29432089,181.324444
2004/2/7 7:30,81.70567911,367.675556
2004/2/7 8:00,130.033665,585.1514925
2004/2/7 8:30,180.966335,814.3485075
2004/2/7 9:00,225.3855911,1014.23516
2004/2/7 9:30,259.6144089,1168.26484
2004/2/7 10:00,266.0725763,1197.326593
2004/2/7 10:30,284.9274237,1282.173407
2004/2/7 11:00,316.8937154,1426.021719
2004/2/7 11:30,321.1062846,1444.978281
2004/2/7 12:00,298.9068433,1345.080795
2004/2/7 12:30,282.0931567,1269.419205
2004/2/7 13:00,263.840655,1187.282947
2004/2/7 13:30,242.159345,1089.717053
2004/2/7 14:00,224.2658217,1009.196198
2004/2/7 14:30,187.7341783,844.8038024
2004/2/7 15:00,145.4400312,654.4801405
2004/2/7 15:30,100.5599688,452.5198595
2004/2/7 16:00,59.32040848,266.9418381
2004/2/7 16:30,27.67959152,124.5581619
2004/2/7 17:00,0.747159091,3.362215909
2004/2/7 17:30,0.252840909,1.137784091
2004/2/7 18:00,0,0
2004/2/7 18:30,0,0
2004/2/7 19:00,0,0
2004/2/7 19:30,0,0
2004/2/7 20:00,0,0
2004/2/7 20:30,0,0
2004/2/7 21:00,0,0
2004/2/7 21:30,0,0
2004/2/7 22:00,0,0
2004/2/7 22:30,0,0
2004/2/7 23:00,0,0
2004/2/7 23:30,0,0
2004/2/8 0:00,0,0
2004/2/8 0:30,0,0
2004/2/8 1:00,0,0
2004/2/8 1:30,0,0
2004/2/8 2:00,0,0
2004/2/8 2:30,0,0
2004/2/8 3:00,0,0
2004/2/8 3:30,0,0
2004/2/8 4:00,0,0
2004/2/8 4:30,0,0
2004/2/8 5:00,0,0
2004/2/8 5:30,0,0
2004/2/8 6:00,1.298076923,5.841346155
2004/2/8 6:30,3.701923077,16.65865385
2004/2/8 7:00,41.28959276,185.8031674
2004/2/8 7:30,83.71040724,376.6968326
2004/2/8 8:00,132.9868316,598.440742
2004/2/8 8:30,184.0131684,828.059258
2004/2/8 9:00,223.1757283,1004.290777
2004/2/8 9:30,261.8242717,1178.209223
2004/2/8 10:00,290.5191841,1307.336328
2004/2/8 10:30,313.4808159,1410.663672
2004/2/8 11:00,326.0469597,1467.211319
2004/2/8 11:30,331.9530403,1493.788681
2004/2/8 12:00,329.8229007,1484.203053
2004/2/8 12:30,319.1770993,1436.296947
2004/2/8 13:00,302.3712859,1360.670786
2004/2/8 13:30,274.6287141,1235.829214
2004/2/8 14:00,241.9005354,1088.552409
2004/2/8 14:30,199.0994646,895.9475908
2004/2/8 15:00,154.9297498,697.1838739
2004/2/8 15:30,107.0702502,481.8161261
2004/2/8 16:00,63.4118145,285.3531653
2004/2/8 16:30,29.5881855,133.1468347
2004/2/8 17:00,0.747340426,3.363031915
2004/2/8 17:30,0.252659574,1.136968085
2004/2/8 18:00,0,0
2004/2/8 18:30,0,0
2004/2/8 19:00,0,0
2004/2/8 19:30,0,0
2004/2/8 20:00,0,0
2004/2/8 20:30,0,0
2004/2/8 21:00,0,0
2004/2/8 21:30,0,0
2004/2/8 22:00,0,0
2004/2/8 22:30,0,0
2004/2/8 23:00,0,0
2004/2/8 23:30,0,0
2004/2/9 0:00,0,0
2004/2/9 0:30,0,0
2004/2/9 1:00,0,0
2004/2/9 1:30,0,0
2004/2/9 2:00,0,0
2004/2/9 2:30,0,0
2004/2/9 3:00,0,0
2004/2/9 3:30,0,0
2004/2/9 4:00,0,0
2004/2/9 4:30,0,0
2004/2/9 5:00,0,0
2004/2/9 5:30,0,0
2004/2/9 6:00,1.570866142,7.068897638
2004/2/9 6:30,4.429133858,19.93110236
2004/2/9 7:00,40.35271206,181.5872043
2004/2/9 7:30,80.64728794,362.9127957
2004/2/9 8:00,126.8665412,570.8994352
2004/2/9 8:30,174.1334588,783.6005648
2004/2/9 9:00,208.2678903,937.2055066
2004/2/9 9:30,244.7321097,1101.294493
2004/2/9 10:00,276.8792305,1245.956537
2004/2/9 10:30,300.1207695,1350.543463
2004/2/9 11:00,314.028248,1413.127116
2004/2/9 11:30,311.971752,1403.872884
2004/2/9 12:00,293.4166297,1320.374834
2004/2/9 12:30,268.5833703,1208.625166
2004/2/9 13:00,231.0707941,1039.818574
2004/2/9 13:30,207.9292059,935.6814264
2004/2/9 14:00,199.1398367,896.1292652
2004/2/9 14:30,168.8601633,759.8707348
2004/2/9 15:00,134.6495193,605.9228369
2004/2/9 15:30,90.35048069,406.5771631
2004/2/9 16:00,45.5114633,204.8015849
2004/2/9 16:30,20.4885367,92.19841514
2004/2/9 17:00,0.746268657,3.358208956
2004/2/9 17:30,0.253731343,1.141791044
2004/2/9 18:00,0,0
2004/2/9 18:30,0,0
2004/2/9 19:00,0,0
2004/2/9 19:30,0,0
2004/2/9 20:00,0,0
2004/2/9 20:30,0,0
2004/2/9 21:00,0,0
2004/2/9 21:30,0,0
2004/2/9 22:00,0,0
2004/2/9 22:30,0,0
2004/2/9 23:00,0,0
2004/2/9 23:30,0,0
2004/2/10 0:00,0,0
2004/2/10 0:30,0,0
2004/2/10 1:00,0,0
2004/2/10 1:30,0,0
2004/2/10 2:00,0,0
2004/2/10 2:30,0,0
2004/2/10 3:00,0,0
2004/2/10 3:30,0,0
2004/2/10 4:00,0,0
2004/2/10 4:30,0,0
2004/2/10 5:00,0,0
2004/2/10 5:30,0,0
2004/2/10 6:00,1.569230769,7.061538461
2004/2/10 6:30,4.430769231,19.93846154
2004/2/10 7:00,41.10797013,184.9858656
2004/2/10 7:30,82.89202987,373.0141344
2004/2/10 8:00,133.6363847,601.3637312
2004/2/10 8:30,185.3636153,834.1362688
2004/2/10 9:00,224.0845879,1008.380646
2004/2/10 9:30,262.9154121,1183.119354
2004/2/10 10:00,293.0644656,1318.790095
2004/2/10 10:30,314.9355344,1417.209905
2004/2/10 11:00,323.0443485,1453.699568
2004/2/10 11:30,326.9556515,1471.300432
2004/2/10 12:00,323.4036682,1455.316507
2004/2/10 12:30,314.5963318,1415.683493
2004/2/10 13:00,302.9351656,1363.208245
2004/2/10 13:30,279.0648344,1255.791755
2004/2/10 14:00,248.7586216,1119.413797
2004/2/10 14:30,210.2413784,946.0862026
2004/2/10 15:00,173.5855823,781.1351203
2004/2/10 15:30,121.4144177,546.3648797
2004/2/10 16:00,68.81968349,309.6885757
2004/2/10 16:30,32.18031651,144.8114243
2004/2/10 17:00,1.490291262,6.706310679
2004/2/10 17:30,0.509708738,2.293689321
2004/2/10 18:00,0,0
2004/2/10 18:30,0,0
2004/2/10 19:00,0,0
2004/2/10 19:30,0,0
2004/2/10 20:00,0,0
2004/2/10 20:30,0,0
2004/2/10 21:00,0,0
2004/2/10 21:30,0,0
2004/2/10 22:00,0,0
2004/2/10 22:30,0,0
2004/2/10 23:00,0,0
2004/2/10 23:30,0,0
2004/2/11 0:00,0,0
2004/2/11 0:30,0,0
2004/2/11 1:00,0,0
2004/2/11 1:30,0,0
2004/2/11 2:00,0,0
2004/2/11 2:30,0,0
2004/2/11 3:00,0,0
2004/2/11 3:30,0,0
2004/2/11 4:00,0,0
2004/2/11 4:30,0,0
2004/2/11 5:00,0,0
2004/2/11 5:30,0,0
2004/2/11 6:00,1.6125,7.25625
2004/2/11 6:30,4.3875,19.74375
2004/2/11 7:00,24.57585616,110.5913527
2004/2/11 7:30,49.42414384,222.4086473
2004/2/11 8:00,88.58638786,398.6387454
2004/2/11 8:30,129.4136121,582.3612546
2004/2/11 9:00,165.5926978,745.1671402
2004/2/11 9:30,202.4073022,910.8328598
2004/2/11 10:00,231.9789269,1043.905171
2004/2/11 10:30,260.0210731,1170.094829
2004/2/11 11:00,283.4339343,1275.452704
2004/2/11 11:30,298.5660657,1343.547296
2004/2/11 12:00,311.5225007,1401.851253
2004/2/11 12:30,294.4774993,1325.148747
2004/2/11 13:00,245.0195492,1102.587971
2004/2/11 13:30,218.9804508,985.4120286
2004/2/11 14:00,205.7870696,926.041813
2004/2/11 14:30,180.2129304,810.958187
2004/2/11 15:00,158.0152388,711.0685744
2004/2/11 15:30,113.9847612,512.9314256
2004/2/11 16:00,65.88543976,296.4844789
2004/2/11 16:30,31.11456024,140.0155211
2004/2/11 17:00,1.48989899,6.704545455
2004/2/11 17:30,0.51010101,2.295454545
2004/2/11 18:00,0,0
2004/2/11 18:30,0,0
2004/2/11 19:00,0,0
2004/2/11 19:30,0,0
2004/2/11 20:00,0,0
2004/2/11 20:30,0,0
2004/2/11 21:00,0,0
2004/2/11 21:30,0,0
2004/2/11 22:00,0,0
2004/2/11 22:30,0,0
2004/2/11 23:00,0,0
2004/2/11 23:30,0,0
2004/2/12 0:00,0,0
2004/2/12 0:30,0,0
2004/2/12 1:00,0,0
2004/2/12 1:30,0,0
2004/2/12 2:00,0,0
2004/2/12 2:30,0,0
2004/2/12 3:00,0,0
2004/2/12 3:30,0,0
2004/2/12 4:00,0,0
2004/2/12 4:30,0,0
2004/2/12 5:00,0,0
2004/2/12 5:30,0,0
2004/2/12 6:00,1.840740741,8.283333333
2004/2/12 6:30,5.159259259,23.21666667
2004/2/12 7:00,42.86375364,192.8868914
2004/2/12 7:30,85.13624636,383.1131086
2004/2/12 8:00,133.8056194,602.1252873
2004/2/12 8:30,183.1943806,824.3747127
2004/2/12 9:00,217.5683986,979.0577938
2004/2/12 9:30,256.4316014,1153.942206
2004/2/12 10:00,295.2426627,1328.591982
2004/2/12 10:30,319.7573373,1438.908018
2004/2/12 11:00,326.5,1469.25
2004/2/12 11:30,326.5,1469.25
2004/2/12 12:00,314.795708,1416.580686
2004/2/12 12:30,300.204292,1350.919314
2004/2/12 13:00,286.1222473,1287.550113
2004/2/12 13:30,253.8777527,1142.449887
2004/2/12 14:00,208.1535564,936.6910037
2004/2/12 14:30,171.8464436,773.3089963
2004/2/12 15:00,145.4462838,654.508277
2004/2/12 15:30,103.5537162,465.991723
2004/2/12 16:00,61.6717821,277.5230194
2004/2/12 16:30,29.3282179,131.9769806
2004/2/12 17:00,1.489247312,6.701612903
2004/2/12 17:30,0.510752688,2.298387097
2004/2/12 18:00,0,0
2004/2/12 18:30,0,0
2004/2/12 19:00,0,0
2004/2/12 19:30,0,0
2004/2/12 20:00,0,0
2004/2/12 20:30,0,0
2004/2/12 21:00,0,0
2004/2/12 21:30,0,0
2004/2/12 22:00,0,0
2004/2/12 22:30,0,0
2004/2/12 23:00,0,0
2004/2/12 23:30,0,0
2004/2/13 0:00,0,0
2004/2/13 0:30,0,0
2004/2/13 1:00,0,0
2004/2/13 1:30,0,0
2004/2/13 2:00,0,0
2004/2/13 2:30,0,0
2004/2/13 3:00,0,0
2004/2/13 3:30,0,0
2004/2/13 4:00,0,0
2004/2/13 4:30,0,0
2004/2/13 5:00,0,0
2004/2/13 5:30,0,0
2004/2/13 6:00,2.111888112,9.503496504
2004/2/13 6:30,5.888111888,26.4965035
2004/2/13 7:00,45.74066178,205.832978
2004/2/13 7:30,89.25933822,401.667022
2004/2/13 8:00,133.3534772,600.0906473
2004/2/13 8:30,182.6465228,821.9093527
2004/2/13 9:00,227.5816289,1024.11733
2004/2/13 9:30,269.4183711,1212.38267
2004/2/13 10:00,301.1062247,1354.978011
2004/2/13 10:30,323.8937753,1457.521989
2004/2/13 11:00,330.4813073,1487.165883
2004/2/13 11:30,335.5186927,1509.834117
2004/2/13 12:00,340.2943737,1531.324681
2004/2/13 12:30,323.7056263,1456.675319
2004/2/13 13:00,291.8815809,1313.467114
2004/2/13 13:30,253.1184191,1139.032886
2004/2/13 14:00,206.8445528,930.8004877
2004/2/13 14:30,167.1554472,752.1995123
2004/2/13 15:00,135.765595,610.9451773
2004/2/13 15:30,94.23440504,424.0548227
2004/2/13 16:00,54.3509048,244.5790716
2004/2/13 16:30,25.6490952,115.4209284
2004/2/13 17:00,1.487804878,6.695121951
2004/2/13 17:30,0.512195122,2.304878049
2004/2/13 18:00,0,0
2004/2/13 18:30,0,0
2004/2/13 19:00,0,0
2004/2/13 19:30,0,0
2004/2/13 20:00,0,0
2004/2/13 20:30,0,0
2004/2/13 21:00,0,0
2004/2/13 21:30,0,0
2004/2/13 22:00,0,0
2004/2/13 22:30,0,0
2004/2/13 23:00,0,0
2004/2/13 23:30,0,0
2004/2/14 0:00,0,0
2004/2/14 0:30,0,0
2004/2/14 1:00,0,0
2004/2/14 1:30,0,0
2004/2/14 2:00,0,0
2004/2/14 2:30,0,0
2004/2/14 3:00,0,0
2004/2/14 3:30,0,0
2004/2/14 4:00,0,0
2004/2/14 4:30,0,0
2004/2/14 5:00,0,0
2004/2/14 5:30,0,0
2004/2/14 6:00,2.115107914,9.517985611
2004/2/14 6:30,5.884892086,26.48201439
2004/2/14 7:00,44.47491502,200.1371176
2004/2/14 7:30,86.52508498,389.3628824
2004/2/14 8:00,129.4415526,582.4869866
2004/2/14 8:30,175.5584474,790.0130134
2004/2/14 9:00,212.372725,955.6772627
2004/2/14 9:30,250.627275,1127.822737
2004/2/14 10:00,283.4260847,1275.417381
2004/2/14 10:30,311.5739153,1402.082619
2004/2/14 11:00,333.2953555,1499.8291
2004/2/14 11:30,343.7046445,1546.6709
2004/2/14 12:00,341.2253938,1535.514272
2004/2/14 12:30,331.7746062,1492.985728
2004/2/14 13:00,315.5484954,1419.968229
2004/2/14 13:30,289.4515046,1302.531771
2004/2/14 14:00,258.2208828,1161.993973
2004/2/14 14:30,217.7791172,980.0060272
2004/2/14 15:00,177.784763,800.0314333
2004/2/14 15:30,126.215237,567.9685667
2004/2/14 16:00,76.36412077,343.6385435
2004/2/14 16:30,36.63587923,164.8614565
2004/2/14 17:00,2.230603448,10.03771552
2004/2/14 17:30,0.769396552,3.462284482
2004/2/14 18:00,0,0
2004/2/14 18:30,0,0
2004/2/14 19:00,0,0
2004/2/14 19:30,0,0
2004/2/14 20:00,0,0
2004/2/14 20:30,0,0
2004/2/14 21:00,0,0
2004/2/14 21:30,0,0
2004/2/14 22:00,0,0
2004/2/14 22:30,0,0
2004/2/14 23:00,0,0
2004/2/14 23:30,0,0
2004/2/15 0:00,0,0
2004/2/15 0:30,0,0
2004/2/15 1:00,0,0
2004/2/15 1:30,0,0
2004/2/15 2:00,0,0
2004/2/15 2:30,0,0
2004/2/15 3:00,0,0
2004/2/15 3:30,0,0
2004/2/15 4:00,0,0
2004/2/15 4:30,0,0
2004/2/15 5:00,0,0
2004/2/15 5:30,0,0
2004/2/15 6:00,2.658227848,11.96202532
2004/2/15 6:30,7.341772152,33.03797468
2004/2/15 7:00,50.44927722,227.0217475
2004/2/15 7:30,97.55072278,438.9782525
2004/2/15 8:00,146.6225065,659.8012793
2004/2/15 8:30,198.3774935,892.6987207
2004/2/15 9:00,239.1483318,1076.167493
2004/2/15 9:30,278.8516682,1254.832507
2004/2/15 10:00,309.1630411,1391.233685
2004/2/15 10:30,331.8369589,1493.266315
2004/2/15 11:00,342.6149118,1541.767103
2004/2/15 11:30,345.3850882,1554.232897
2004/2/15 12:00,336.384778,1513.731501
2004/2/15 12:30,325.615222,1465.268499
2004/2/15 13:00,313.4026586,1410.311964
2004/2/15 13:30,290.5973414,1307.688036
2004/2/15 14:00,265.0962546,1192.933146
2004/2/15 14:30,223.9037454,1007.566854
2004/2/15 15:00,178.3196098,802.4382439
2004/2/15 15:30,126.6803902,570.0617561
2004/2/15 16:00,78.67346069,354.0305731
2004/2/15 16:30,38.32653931,172.4694269
2004/2/15 17:00,2.966942149,13.35123967
2004/2/15 17:30,1.033057851,4.648760331
2004/2/15 18:00,0,0
2004/2/15 18:30,0,0
2004/2/15 19:00,0,0
2004/2/15 19:30,0,0
2004/2/15 20:00,0,0
2004/2/15 20:30,0,0
2004/2/15 21:00,0,0
2004/2/15 21:30,0,0
2004/2/15 22:00,0,0
2004/2/15 22:30,0,0
2004/2/15 23:00,0,0
2004/2/15 23:30,0,0
2004/2/16 0:00,0,0
2004/2/16 0:30,0,0
2004/2/16 1:00,0,0
2004/2/16 1:30,0,0
2004/2/16 2:00,0,0
2004/2/16 2:30,0,0
2004/2/16 3:00,0,0
2004/2/16 3:30,0,0
2004/2/16 4:00,0,0
2004/2/16 4:30,0,0
2004/2/16 5:00,0,0
2004/2/16 5:30,0,0
2004/2/16 6:00,3.214285714,14.46428571
2004/2/16 6:30,8.785714286,39.53571429
2004/2/16 7:00,53.69178082,241.6130137
2004/2/16 7:30,102.3082192,460.3869863
2004/2/16 8:00,151.5248508,681.8618286
2004/2/16 8:30,203.4751492,915.6381714
2004/2/16 9:00,244.1835865,1098.826139
2004/2/16 9:30,283.8164135,1277.173861
2004/2/16 10:00,313.3116325,1409.902346
2004/2/16 10:30,337.6883675,1519.597654
2004/2/16 11:00,352.9516845,1588.28258
2004/2/16 11:30,360.0483155,1620.21742
2004/2/16 12:00,358.1576521,1611.709434
2004/2/16 12:30,346.8423479,1560.790566
2004/2/16 13:00,327.1542512,1472.194131
2004/2/16 13:30,299.8457488,1349.305869
2004/2/16 14:00,269.2370528,1211.566737
2004/2/16 14:30,227.7629472,1024.933263
2004/2/16 15:00,185.7504239,835.8769077
2004/2/16 15:30,133.2495761,599.6230923
2004/2/16 16:00,83.3540491,375.0932209
2004/2/16 16:30,40.6459509,182.9067791
2004/2/16 17:00,2.96875,13.359375
2004/2/16 17:30,1.03125,4.640625
2004/2/16 18:00,0,0
2004/2/16 18:30,0,0
2004/2/16 19:00,0,0
2004/2/16 19:30,0,0
2004/2/16 20:00,0,0
2004/2/16 20:30,0,0
2004/2/16 21:00,0,0
2004/2/16 21:30,0,0
2004/2/16 22:00,0,0
2004/2/16 22:30,0,0
2004/2/16 23:00,0,0
2004/2/16 23:30,0,0
2004/2/17 0:00,0,0
2004/2/17 0:30,0,0
2004/2/17 1:00,0,0
2004/2/17 1:30,0,0
2004/2/17 2:00,0,0
2004/2/17 2:30,0,0
2004/2/17 3:00,0,0
2004/2/17 3:30,0,0
2004/2/17 4:00,0,0
2004/2/17 4:30,0,0
2004/2/17 5:00,0,0
2004/2/17 5:30,0,0
2004/2/17 6:00,2.942675159,13.24203822
2004/2/17 6:30,8.057324841,36.25796178
2004/2/17 7:00,50.39562271,226.7803022
2004/2/17 7:30,95.60437729,430.2196978
2004/2/17 8:00,138.0887094,621.3991924
2004/2/17 8:30,185.9112906,836.6008076
2004/2/17 9:00,228.6849927,1029.082467
2004/2/17 9:30,269.3150073,1211.917533
2004/2/17 10:00,300.7072337,1353.182552
2004/2/17 10:30,326.2927663,1468.317448
2004/2/17 11:00,341.9987824,1538.994521
2004/2/17 11:30,349.0012176,1570.505479
2004/2/17 12:00,344.7420764,1551.339344
2004/2/17 12:30,335.2579236,1508.660656
2004/2/17 13:00,323.1175935,1454.029171
2004/2/17 13:30,294.8824065,1326.970829
2004/2/17 14:00,255.3124288,1148.90593
2004/2/17 14:30,215.6875712,970.5940702
2004/2/17 15:00,181.693641,817.6213843
2004/2/17 15:30,131.306359,590.8786157
2004/2/17 16:00,81.11584741,365.0213134
2004/2/17 16:30,39.88415259,179.4786866
2004/2/17 17:00,3.700396825,16.65178571
2004/2/17 17:30,1.299603175,5.848214286
2004/2/17 18:00,0,0
2004/2/17 18:30,0,0
2004/2/17 19:00,0,0
2004/2/17 19:30,0,0
2004/2/17 20:00,0,0
2004/2/17 20:30,0,0
2004/2/17 21:00,0,0
2004/2/17 21:30,0,0
2004/2/17 22:00,0,0
2004/2/17 22:30,0,0
2004/2/17 23:00,0,0
2004/2/17 23:30,0,0
2004/2/18 0:00,0,0
2004/2/18 0:30,0,0
2004/2/18 1:00,0,0
2004/2/18 1:30,0,0
2004/2/18 2:00,0,0
2004/2/18 2:30,0,0
2004/2/18 3:00,0,0
2004/2/18 3:30,0,0
2004/2/18 4:00,0,0
2004/2/18 4:30,0,0
2004/2/18 5:00,0,0
2004/2/18 5:30,0,0
2004/2/18 6:00,3.778409091,17.00284091
2004/2/18 6:30,10.22159091,45.99715909
2004/2/18 7:00,56.31468112,253.416065
2004/2/18 7:30,105.6853189,475.583935
2004/2/18 8:00,153.6170102,691.2765461
2004/2/18 8:30,205.3829898,924.2234539
2004/2/18 9:00,248.6725741,1119.026583
2004/2/18 9:30,288.3274259,1297.473417
2004/2/18 10:00,313.9652149,1412.843467
2004/2/18 10:30,338.0347851,1521.156533
2004/2/18 11:00,357.0314691,1606.641611
2004/2/18 11:30,364.9685309,1642.358389
2004/2/18 12:00,361.7781453,1628.001654
2004/2/18 12:30,350.2218547,1575.998346
2004/2/18 13:00,331.2708149,1490.718667
2004/2/18 13:30,302.7291851,1362.281333
2004/2/18 14:00,268.8519752,1209.833888
2004/2/18 14:30,227.1480248,1022.166112
2004/2/18 15:00,186.2147062,837.9661781
2004/2/18 15:30,134.7852938,606.5338219
2004/2/18 16:00,86.07166667,387.3225
2004/2/18 16:30,42.92833333,193.1775
2004/2/18 17:00,4.433333333,19.95
2004/2/18 17:30,1.566666667,7.05
2004/2/18 18:00,0,0
2004/2/18 18:30,0,0
2004/2/18 19:00,0,0
2004/2/18 19:30,0,0
2004/2/18 20:00,0,0
2004/2/18 20:30,0,0
2004/2/18 21:00,0,0
2004/2/18 21:30,0,0
2004/2/18 22:00,0,0
2004/2/18 22:30,0,0
2004/2/18 23:00,0,0
2004/2/18 23:30,0,0
2004/2/19 0:00,0,0
2004/2/19 0:30,0,0
2004/2/19 1:00,0,0
2004/2/19 1:30,0,0
2004/2/19 2:00,0,0
2004/2/19 2:30,0,0
2004/2/19 3:00,0,0
2004/2/19 3:30,0,0
2004/2/19 4:00,0,0
2004/2/19 4:30,0,0
2004/2/19 5:00,0,0
2004/2/19 5:30,0,0
2004/2/19 6:00,3.786549708,17.03947368
2004/2/19 6:30,10.21345029,45.96052632
2004/2/19 7:00,54.88734142,246.9930364
2004/2/19 7:30,102.1126586,459.5069636
2004/2/19 8:00,145.4961207,654.732543
2004/2/19 8:30,193.5038793,870.767457
2004/2/19 9:00,234.1266723,1053.570025
2004/2/19 9:30,273.8733277,1232.429975
2004/2/19 10:00,307.4119654,1383.353844
2004/2/19 10:30,330.5880346,1487.646156
2004/2/19 11:00,337.7943091,1520.074391
2004/2/19 11:30,342.2056909,1539.925609
2004/2/19 12:00,339.742791,1528.84256
2004/2/19 12:30,332.257209,1495.15744
2004/2/19 13:00,324.3425928,1459.541668
2004/2/19 13:30,297.6574072,1339.458332
2004/2/19 14:00,258.7539309,1164.392689
2004/2/19 14:30,217.2460691,977.6073111
2004/2/19 15:00,177.9499721,800.7748743
2004/2/19 15:30,129.0500279,580.7251257
2004/2/19 16:00,83.27645692,374.7440561
2004/2/19 16:30,41.72354308,187.7559439
2004/2/19 17:00,4.43129771,19.94083969
2004/2/19 17:30,1.56870229,7.059160305
2004/2/19 18:00,0,0
2004/2/19 18:30,0,0
2004/2/19 19:00,0,0
2004/2/19 19:30,0,0
2004/2/19 20:00,0,0
2004/2/19 20:30,0,0
2004/2/19 21:00,0,0
2004/2/19 21:30,0,0
2004/2/19 22:00,0,0
2004/2/19 22:30,0,0
2004/2/19 23:00,0,0
2004/2/19 23:30,0,0
2004/2/20 0:00,0,0
2004/2/20 0:30,0,0
2004/2/20 1:00,0,0
2004/2/20 1:30,0,0
2004/2/20 2:00,0,0
2004/2/20 2:30,0,0
2004/2/20 3:00,0,0
2004/2/20 3:30,0,0
2004/2/20 4:00,0,0
2004/2/20 4:30,0,0
2004/2/20 5:00,0,0
2004/2/20 5:30,0,0
2004/2/20 6:00,3.816129032,17.17258065
2004/2/20 6:30,10.18387097,45.82741935
2004/2/20 7:00,49.47887097,222.6549194
2004/2/20 7:30,91.52112903,411.8450806
2004/2/20 8:00,131.6705063,592.5172785
2004/2/20 8:30,177.3294937,797.9827215
2004/2/20 9:00,220.6426579,992.8919604
2004/2/20 9:30,260.3573421,1171.60804
2004/2/20 10:00,293.0793877,1318.857244
2004/2/20 10:30,309.9206123,1394.642756
2004/2/20 11:00,300.9376554,1354.219449
2004/2/20 11:30,301.0623446,1354.780551
2004/2/20 12:00,304.1275634,1368.574035
2004/2/20 12:30,299.8724366,1349.425965
2004/2/20 13:00,297.0080551,1336.536248
2004/2/20 13:30,271.9919449,1223.963752
2004/2/20 14:00,226.9051715,1021.073272
2004/2/20 14:30,197.0948285,886.9267281
2004/2/20 15:00,184.1607135,828.7232107
2004/2/20 15:30,138.8392865,624.7767893
2004/2/20 16:00,86.51270524,389.3071736
2004/2/20 16:30,43.48729476,195.6928264
2004/2/20 17:00,5.160583941,23.22262774
2004/2/20 17:30,1.839416059,8.277372263
2004/2/20 18:00,0,0
2004/2/20 18:30,0,0
2004/2/20 19:00,0,0
2004/2/20 19:30,0,0
2004/2/20 20:00,0,0
2004/2/20 20:30,0,0
2004/2/20 21:00,0,0
2004/2/20 21:30,0,0
2004/2/20 22:00,0,0
2004/2/20 22:30,0,0
2004/2/20 23:00,0,0
2004/2/20 23:30,0,0
2004/2/21 0:00,0,0
2004/2/21 0:30,0,0
2004/2/21 1:00,0,0
2004/2/21 1:30,0,0
2004/2/21 2:00,0,0
2004/2/21 2:30,0,0
2004/2/21 3:00,0,0
2004/2/21 3:30,0,0
2004/2/21 4:00,0,0
2004/2/21 4:30,0,0
2004/2/21 5:00,0,0
2004/2/21 5:30,0,0
2004/2/21 6:00,3.225,14.5125
2004/2/21 6:30,8.775,39.4875
2004/2/21 7:00,50.9050813,229.0728659
2004/2/21 7:30,97.0949187,436.9271341
2004/2/21 8:00,146.3903388,658.7565245
2004/2/21 8:30,197.6096612,889.2434755
2004/2/21 9:00,238.1596421,1071.718389
2004/2/21 9:30,274.8403579,1236.781611
2004/2/21 10:00,294.8912299,1327.010534
2004/2/21 10:30,318.1087701,1431.489466
2004/2/21 11:00,344.3635307,1549.635888
2004/2/21 11:30,350.6364693,1577.864112
2004/2/21 12:00,340.7042766,1533.169245
2004/2/21 12:30,318.2957234,1432.330755
2004/2/21 13:00,280.3547575,1261.596409
2004/2/21 13:30,248.6452425,1118.903591
2004/2/21 14:00,225.5157432,1014.820844
2004/2/21 14:30,181.4842568,816.6791558
2004/2/21 15:00,128.6907257,579.1082658
2004/2/21 15:30,89.30927427,401.8917342
2004/2/21 16:00,58.89441111,265.02485
2004/2/21 16:30,30.10558889,135.47515
2004/2/21 17:00,4.405263158,19.82368421
2004/2/21 17:30,1.594736842,7.17631579
2004/2/21 18:00,0,0
2004/2/21 18:30,0,0
2004/2/21 19:00,0,0
2004/2/21 19:30,0,0
2004/2/21 20:00,0,0
2004/2/21 20:30,0,0
2004/2/21 21:00,0,0
2004/2/21 21:30,0,0
2004/2/21 22:00,0,0
2004/2/21 22:30,0,0
2004/2/21 23:00,0,0
2004/2/21 23:30,0,0
2004/2/22 0:00,0,0
2004/2/22 0:30,0,0
2004/2/22 1:00,0,0
2004/2/22 1:30,0,0
2004/2/22 2:00,0,0
2004/2/22 2:30,0,0
2004/2/22 3:00,0,0
2004/2/22 3:30,0,0
2004/2/22 4:00,0,0
2004/2/22 4:30,0,0
2004/2/22 5:00,0,0
2004/2/22 5:30,0,0
2004/2/22 6:00,3.002083333,13.509375
2004/2/22 6:30,7.997916667,35.990625
2004/2/22 7:00,38.43285819,172.9478618
2004/2/22 7:30,70.56714181,317.5521382
2004/2/22 8:00,98.12157339,441.5470803
2004/2/22 8:30,134.8784266,606.9529197
2004/2/22 9:00,178.3035247,802.3658609
2004/2/22 9:30,225.6964753,1015.634139
2004/2/22 10:00,282.4372988,1270.967845
2004/2/22 10:30,324.5627012,1460.532155
2004/2/22 11:00,348.0226901,1566.102105
2004/2/22 11:30,359.9773099,1619.897895
2004/2/22 12:00,353.7512635,1591.880686
2004/2/22 12:30,341.2487365,1535.619314
2004/2/22 13:00,321.3413002,1446.035851
2004/2/22 13:30,291.6586998,1312.464149
2004/2/22 14:00,256.8344666,1155.7551
2004/2/22 14:30,214.1655334,963.7449004
2004/2/22 15:00,172.2405649,775.0825422
2004/2/22 15:30,121.7594351,547.9174578
2004/2/22 16:00,73.58996244,331.154831
2004/2/22 16:30,36.41003756,163.845169
2004/2/22 17:00,4.422413793,19.90086207
2004/2/22 17:30,1.577586207,7.099137931
2004/2/22 18:00,0,0
2004/2/22 18:30,0,0
2004/2/22 19:00,0,0
2004/2/22 19:30,0,0
2004/2/22 20:00,0,0
2004/2/22 20:30,0,0
2004/2/22 21:00,0,0
2004/2/22 21:30,0,0
2004/2/22 22:00,0,0
2004/2/22 22:30,0,0
2004/2/22 23:00,0,0
2004/2/22 23:30,0,0
2004/2/23 0:00,0,0
2004/2/23 0:30,0,0
2004/2/23 1:00,0,0
2004/2/23 1:30,0,0
2004/2/23 2:00,0,0
2004/2/23 2:30,0,0
2004/2/23 3:00,0,0
2004/2/23 3:30,0,0
2004/2/23 4:00,0,0
2004/2/23 4:30,0,0
2004/2/23 5:00,0,0
2004/2/23 5:30,0,0
2004/2/23 6:00,5.795792079,26.08106436
2004/2/23 6:30,15.20420792,68.41893564
2004/2/23 7:00,64.5276065,290.3742292
2004/2/23 7:30,116.4723935,524.1257708
2004/2/23 8:00,164.6568576,740.955859
2004/2/23 8:30,216.3431424,973.544141
2004/2/23 9:00,259.7624704,1168.931117
2004/2/23 9:30,296.2375296,1333.068883
2004/2/23 10:00,312.8400598,1407.780269
2004/2/23 10:30,334.1599402,1503.719731
2004/2/23 11:00,357.8007563,1610.103403
2004/2/23 11:30,366.1992437,1647.896597
2004/2/23 12:00,360.5375101,1622.418795
2004/2/23 12:30,349.4624899,1572.581205
2004/2/23 13:00,331.1516591,1490.182466
2004/2/23 13:30,307.8483409,1385.317534
2004/2/23 14:00,285.2762585,1283.743163
2004/2/23 14:30,244.7237415,1101.256837
2004/2/23 15:00,198.4035756,892.8160901
2004/2/23 15:30,145.5964244,655.1839099
2004/2/23 16:00,96.90668984,436.0801043
2004/2/23 16:30,50.09331016,225.4198957
2004/2/23 17:00,7.340764331,33.03343949
2004/2/23 17:30,2.659235669,11.96656051
2004/2/23 18:00,0,0
2004/2/23 18:30,0,0
2004/2/23 19:00,0,0
2004/2/23 19:30,0,0
2004/2/23 20:00,0,0
2004/2/23 20:30,0,0
2004/2/23 21:00,0,0
2004/2/23 21:30,0,0
2004/2/23 22:00,0,0
2004/2/23 22:30,0,0
2004/2/23 23:00,0,0
2004/2/23 23:30,0,0
2004/2/24 0:00,0,0
2004/2/24 0:30,0,0
2004/2/24 1:00,0,0
2004/2/24 1:30,0,0
2004/2/24 2:00,0,0
2004/2/24 2:30,0,0
2004/2/24 3:00,0,0
2004/2/24 3:30,0,0
2004/2/24 4:00,0,0
2004/2/24 4:30,0,0
2004/2/24 5:00,0,0
2004/2/24 5:30,0,0
2004/2/24 6:00,6.682464455,30.07109005
2004/2/24 6:30,17.31753554,77.92890995
2004/2/24 7:00,67.51320692,303.8094312
2004/2/24 7:30,119.4867931,537.6905688
2004/2/24 8:00,165.6903661,745.6066477
2004/2/24 8:30,213.3096339,959.8933523
2004/2/24 9:00,251.0936109,1129.921249
2004/2/24 9:30,275.9063891,1241.578751
2004/2/24 10:00,273.5040806,1230.768363
2004/2/24 10:30,280.4959194,1262.231637
2004/2/24 11:00,291.4343289,1311.45448
2004/2/24 11:30,291.5656711,1312.04552
2004/2/24 12:00,278.8958433,1255.031295
2004/2/24 12:30,276.1041567,1242.468705
2004/2/24 13:00,286.3234398,1288.455479
2004/2/24 13:30,273.6765602,1231.544521
2004/2/24 14:00,247.296183,1112.832824
2004/2/24 14:30,215.703817,970.6671764
2004/2/24 15:00,185.6401022,835.3804599
2004/2/24 15:30,137.3598978,618.1195401
2004/2/24 16:00,87.31999065,392.9399579
2004/2/24 16:30,44.68000935,201.0600421
2004/2/24 17:00,6.606382979,29.7287234
2004/2/24 17:30,2.393617021,10.7712766
2004/2/24 18:00,0,0
2004/2/24 18:30,0,0
2004/2/24 19:00,0,0
2004/2/24 19:30,0,0
2004/2/24 20:00,0,0
2004/2/24 20:30,0,0
2004/2/24 21:00,0,0
2004/2/24 21:30,0,0
2004/2/24 22:00,0,0
2004/2/24 22:30,0,0
2004/2/24 23:00,0,0
2004/2/24 23:30,0,0
2004/2/25 0:00,0,0
2004/2/25 0:30,0,0
2004/2/25 1:00,0,0
2004/2/25 1:30,0,0
2004/2/25 2:00,0,0
2004/2/25 2:30,0,0
2004/2/25 3:00,0,0
2004/2/25 3:30,0,0
2004/2/25 4:00,0,0
2004/2/25 4:30,0,0
2004/2/25 5:00,0,0
2004/2/25 5:30,0,0
2004/2/25 6:00,4.755244755,21.3986014
2004/2/25 6:30,12.24475524,55.1013986
2004/2/25 7:00,45.21711705,203.4770267
2004/2/25 7:30,80.78288295,363.5229733
2004/2/25 8:00,116.3334353,523.5004588
2004/2/25 8:30,155.6665647,700.4995412
2004/2/25 9:00,189.8164251,854.173913
2004/2/25 9:30,228.1835749,1026.826087
2004/2/25 10:00,271.9410636,1223.734786
2004/2/25 10:30,300.0589364,1350.265214
2004/2/25 11:00,305.9606461,1376.822908
2004/2/25 11:30,315.0393539,1417.677092
2004/2/25 12:00,322.0864266,1449.38892
2004/2/25 12:30,320.9135734,1444.11108
2004/2/25 13:00,316.5907333,1424.6583
2004/2/25 13:30,295.4092667,1329.3417
2004/2/25 14:00,263.0213368,1183.596016
2004/2/25 14:30,223.9786632,1007.903984
2004/2/25 15:00,183.0955584,823.9300128
2004/2/25 15:30,136.9044416,616.0699872
2004/2/25 16:00,96.12346854,432.5556084
2004/2/25 16:30,50.87653146,228.9443916
2004/2/25 17:00,8.058544304,36.26344937
2004/2/25 17:30,2.941455696,13.23655063
2004/2/25 18:00,0,0
2004/2/25 18:30,0,0
2004/2/25 19:00,0,0
2004/2/25 19:30,0,0
2004/2/25 20:00,0,0
2004/2/25 20:30,0,0
2004/2/25 21:00,0,0
2004/2/25 21:30,0,0
2004/2/25 22:00,0,0
2004/2/25 22:30,0,0
2004/2/25 23:00,0,0
2004/2/25 23:30,0,0
2004/2/26 0:00,0,0
2004/2/26 0:30,0,0
2004/2/26 1:00,0,0
2004/2/26 1:30,0,0
2004/2/26 2:00,0,0
2004/2/26 2:30,0,0
2004/2/26 3:00,0,0
2004/2/26 3:30,0,0
2004/2/26 4:00,0,0
2004/2/26 4:30,0,0
2004/2/26 5:00,0,0
2004/2/26 5:30,0,0
2004/2/26 6:00,5.595238095,25.17857143
2004/2/26 6:30,14.4047619,64.82142857
2004/2/26 7:00,52.78937729,237.5521978
2004/2/26 7:30,95.21062271,428.4478022
2004/2/26 8:00,139.979021,629.9055944
2004/2/26 8:30,193.020979,868.5944056
2004/2/26 9:00,254.1090763,1143.490843
2004/2/26 9:30,303.8909237,1367.509157
2004/2/26 10:00,334.2223917,1504.000763
2004/2/26 10:30,353.7776083,1591.999237
2004/2/26 11:00,350.1195909,1575.538159
2004/2/26 11:30,350.8804091,1578.961841
2004/2/26 12:00,355.0497247,1597.723761
2004/2/26 12:30,338.9502753,1525.276239
2004/2/26 13:00,304.6743323,1371.034495
2004/2/26 13:30,277.3256677,1247.965505
2004/2/26 14:00,257.2684456,1157.708005
2004/2/26 14:30,218.7315544,984.2919949
2004/2/26 15:00,173.162328,779.2304761
2004/2/26 15:30,128.837672,579.7695239
2004/2/26 16:00,91.76576816,412.9459567
2004/2/26 16:30,49.23423184,221.5540433
2004/2/26 17:00,8.764705882,39.44117647
2004/2/26 17:30,3.235294118,14.55882353
2004/2/26 18:00,0,0
2004/2/26 18:30,0,0
2004/2/26 19:00,0,0
2004/2/26 19:30,0,0
2004/2/26 20:00,0,0
2004/2/26 20:30,0,0
2004/2/26 21:00,0,0
2004/2/26 21:30,0,0
2004/2/26 22:00,0,0
2004/2/26 22:30,0,0
2004/2/26 23:00,0,0
2004/2/26 23:30,0,0
2004/2/27 0:00,0,0
2004/2/27 0:30,0,0
2004/2/27 1:00,0,0
2004/2/27 1:30,0,0
2004/2/27 2:00,0,0
2004/2/27 2:30,0,0
2004/2/27 3:00,0,0
2004/2/27 3:30,0,0
2004/2/27 4:00,0,0
2004/2/27 4:30,0,0
2004/2/27 5:00,0,0
2004/2/27 5:30,0,0
2004/2/27 6:00,8.164130435,36.73858696
2004/2/27 6:30,20.83586957,93.76141304
2004/2/27 7:00,73.64710267,331.411962
2004/2/27 7:30,127.3528973,573.088038
2004/2/27 8:00,171.9476188,773.7642847
2004/2/27 8:30,219.0523812,985.7357153
2004/2/27 9:00,251.6732443,1132.529599
2004/2/27 9:30,289.3267557,1301.970401
2004/2/27 10:00,330.7279538,1488.275792
2004/2/27 10:30,354.2720462,1594.224208
2004/2/27 11:00,356.1114955,1602.50173
2004/2/27 11:30,356.8885045,1605.99827
2004/2/27 12:00,350.5012674,1577.255703
2004/2/27 12:30,340.4987326,1532.244297
2004/2/27 13:00,328.9826124,1480.421756
2004/2/27 13:30,306.0173876,1377.078244
2004/2/27 14:00,283.9181077,1277.631485
2004/2/27 14:30,233.0818923,1048.868515
2004/2/27 15:00,162.5498229,731.4742032
2004/2/27 15:30,121.4501771,546.5257968
2004/2/27 16:00,100.7751734,453.4882803
2004/2/27 16:30,56.2248266,253.0117197
2004/2/27 17:00,9.501470588,42.75661765
2004/2/27 17:30,3.498529412,15.74338235
2004/2/27 18:00,0,0
2004/2/27 18:30,0,0
2004/2/27 19:00,0,0
2004/2/27 19:30,0,0
2004/2/27 20:00,0,0
2004/2/27 20:30,0,0
2004/2/27 21:00,0,0
2004/2/27 21:30,0,0
2004/2/27 22:00,0,0
2004/2/27 22:30,0,0
2004/2/27 23:00,0,0
2004/2/27 23:30,0,0
2004/2/28 0:00,0,0
2004/2/28 0:30,0,0
2004/2/28 1:00,0,0
2004/2/28 1:30,0,0
2004/2/28 2:00,0,0
2004/2/28 2:30,0,0
2004/2/28 3:00,0,0
2004/2/28 3:30,0,0
2004/2/28 4:00,0,0
2004/2/28 4:30,0,0
2004/2/28 5:00,0,0
2004/2/28 5:30,0,0
2004/2/28 6:00,8.79004329,39.55519481
2004/2/28 6:30,22.20995671,99.94480519
2004/2/28 7:00,73.40444753,330.3200139
2004/2/28 7:30,126.5955525,569.6799861
2004/2/28 8:00,174.3420756,784.5393401
2004/2/28 8:30,224.6579244,1010.96066
2004/2/28 9:00,263.5073984,1185.783293
2004/2/28 9:30,301.4926016,1356.716707
2004/2/28 10:00,332.0414871,1494.186692
2004/2/28 10:30,353.9585129,1592.813308
2004/2/28 11:00,365,1642.5
2004/2/28 11:30,365,1642.5
2004/2/28 12:00,361.5112665,1626.800699
2004/2/28 12:30,324.4887335,1460.199301
2004/2/28 13:00,255.168982,1148.260419
2004/2/28 13:30,216.831018,975.739581
2004/2/28 14:00,191.6752831,862.5387741
2004/2/28 14:30,164.3247169,739.4612259
2004/2/28 15:00,147.4456443,663.5053994
2004/2/28 15:30,106.5543557,479.4946006
2004/2/28 16:00,59.16287704,266.2329467
2004/2/28 16:30,30.83712296,138.7670533
2004/2/28 17:00,7.95049505,35.77722772
2004/2/28 17:30,3.04950495,13.72277228
2004/2/28 18:00,0,0
2004/2/28 18:30,0,0
2004/2/28 19:00,0,0
2004/2/28 19:30,0,0
2004/2/28 20:00,0,0
2004/2/28 20:30,0,0
2004/2/28 21:00,0,0
2004/2/28 21:30,0,0
2004/2/28 22:00,0,0
2004/2/28 22:30,0,0
2004/2/28 23:00,0,0
2004/2/28 23:30,0,0
2004/2/29 0:00,0,0
2004/2/29 0:30,0,0
2004/2/29 1:00,0,0
2004/2/29 1:30,0,0
2004/2/29 2:00,0,0
2004/2/29 2:30,0,0
2004/2/29 3:00,0,0
2004/2/29 3:30,0,0
2004/2/29 4:00,0,0
2004/2/29 4:30,0,0
2004/2/29 5:00,0,0
2004/2/29 5:30,0,0
2004/2/29 6:00,1.695652174,7.630434783
2004/2/29 6:30,4.304347826,19.36956522
2004/2/29 7:00,14.40512302,64.82305359
2004/2/29 7:30,25.59487698,115.1769464
2004/2/29 8:00,35.26110752,158.6749839
2004/2/29 8:30,53.73889248,241.8250161
2004/2/29 9:00,98.52895633,443.3803035
2004/2/29 9:30,136.4710437,614.1196965
2004/2/29 10:00,160.757963,723.4108334
2004/2/29 10:30,188.242037,847.0891666
2004/2/29 11:00,221.5333006,996.8998527
2004/2/29 11:30,222.4666994,1001.100147
2004/2/29 12:00,181.3457133,816.0557099
2004/2/29 12:30,173.6542867,781.4442901
2004/2/29 13:00,191.2633472,860.6850624
2004/2/29 13:30,181.7366528,817.8149376
2004/2/29 14:00,151.6977051,682.6396731
2004/2/29 14:30,137.3022949,617.8603269
2004/2/29 15:00,136.9142731,616.1142289
2004/2/29 15:30,113.0857269,508.8857711
2004/2/29 16:00,84.43247508,379.9461378
2004/2/29 16:30,47.56752492,214.0538622
2004/2/29 17:00,10.16438356,45.73972603
2004/2/29 17:30,3.835616438,17.26027397
2004/2/29 18:00,0,0
2004/2/29 18:30,0,0
2004/2/29 19:00,0,0
2004/2/29 19:30,0,0
2004/2/29 20:00,0,0
2004/2/29 20:30,0,0
2004/2/29 21:00,0,0
2004/2/29 21:30,0,0
2004/2/29 22:00,0,0
2004/2/29 22:30,0,0
2004/2/29 23:00,0,0
2004/2/29 23:30,0,0
2004/3/1 0:00,0,0
2004/3/1 0:30,0,0
2004/3/1 1:00,0,0
2004/3/1 1:30,0,0
2004/3/1 2:00,0,0
2004/3/1 2:30,0,0
2004/3/1 3:00,0,0
2004/3/1 3:30,0,0
2004/3/1 4:00,0,0
2004/3/1 4:30,0,0
2004/3/1 5:00,0,0
2004/3/1 5:30,0,0
2004/3/1 6:00,2.863636364,12.88636364
2004/3/1 6:30,6.136363636,27.61363636
2004/3/1 7:00,9.330481283,41.98716578
2004/3/1 7:30,14.66951872,66.01283422
2004/3/1 8:00,23.61810943,106.2814924
2004/3/1 8:30,37.38189057,168.2185076
2004/3/1 9:00,79.03392677,355.6526705
2004/3/1 9:30,88.96607323,400.3473295
2004/3/1 10:00,57.71634615,259.7235577
2004/3/1 10:30,47.28365385,212.7764423
2004/3/1 11:00,35.69711538,160.6370192
2004/3/1 11:30,39.30288462,176.8629808
2004/3/1 12:00,76.25072296,343.1282533
2004/3/1 12:30,82.74927704,372.3717467
2004/3/1 13:00,54.37482426,244.6867092
2004/3/1 13:30,52.62517574,236.8132908
2004/3/1 14:00,66.40678945,298.8305525
2004/3/1 14:30,72.59321055,326.6694475
2004/3/1 15:00,79.05360779,355.7412351
2004/3/1 15:30,73.94639221,332.7587649
2004/3/1 16:00,65.9595249,296.8178621
2004/3/1 16:30,40.0404751,180.1821379
2004/3/1 17:00,8.694915254,39.12711864
2004/3/1 17:30,3.305084746,14.87288136
2004/3/1 18:00,0,0
2004/3/1 18:30,0,0
2004/3/1 19:00,0,0
2004/3/1 19:30,0,0
2004/3/1 20:00,0,0
2004/3/1 20:30,0,0
2004/3/1 21:00,0,0
2004/3/1 21:30,0,0
2004/3/1 22:00,0,0
2004/3/1 22:30,0,0
2004/3/1 23:00,0,0
2004/3/1 23:30,0,0
2004/3/2 0:00,0,0
2004/3/2 0:30,0,0
2004/3/2 1:00,0,0
2004/3/2 1:30,0,0
2004/3/2 2:00,0,0
2004/3/2 2:30,0,0
2004/3/2 3:00,0,0
2004/3/2 3:30,0,0
2004/3/2 4:00,0,0
2004/3/2 4:30,0,0
2004/3/2 5:00,0,0
2004/3/2 5:30,0,0
2004/3/2 6:00,4.516129032,20.32258065
2004/3/2 6:30,11.48387097,51.67741935
2004/3/2 7:00,39.86007676,179.3703454
2004/3/2 7:30,68.13992324,306.6296546
2004/3/2 8:00,89.0195858,400.5881361
2004/3/2 8:30,113.9804142,512.9118639
2004/3/2 9:00,141.7399472,637.8297626
2004/3/2 9:30,154.2600528,694.1702374
2004/3/2 10:00,145.5235614,654.8560261
2004/3/2 10:30,140.4764386,632.1439739
2004/3/2 11:00,131.4487806,591.5195128
2004/3/2 11:30,125.5512194,564.9804872
2004/3/2 12:00,121.7215652,547.7470434
2004/3/2 12:30,116.2784348,523.2529566
2004/3/2 13:00,102.5626897,461.5321039
2004/3/2 13:30,111.4373103,501.4678961
2004/3/2 14:00,171.5529923,771.9884652
2004/3/2 14:30,162.4470077,731.0115348
2004/3/2 15:00,98.86567197,444.8955239
2004/3/2 15:30,70.13432803,315.6044761
2004/3/2 16:00,51.38846809,231.2481064
2004/3/2 16:30,29.61153191,133.2518936
2004/3/2 17:00,9.300531915,41.85239362
2004/3/2 17:30,3.699468085,16.64760638
2004/3/2 18:00,0,0
2004/3/2 18:30,0,0
2004/3/2 19:00,0,0
2004/3/2 19:30,0,0
2004/3/2 20:00,0,0
2004/3/2 20:30,0,0
2004/3/2 21:00,0,0
2004/3/2 21:30,0,0
2004/3/2 22:00,0,0
2004/3/2 22:30,0,0
2004/3/2 23:00,0,0
2004/3/2 23:30,0,0
2004/3/3 0:00,0,0
2004/3/3 0:30,0,0
2004/3/3 1:00,0,0
2004/3/3 1:30,0,0
2004/3/3 2:00,0,0
2004/3/3 2:30,0,0
2004/3/3 3:00,0,0
2004/3/3 3:30,0,0
2004/3/3 4:00,0,0
2004/3/3 4:30,0,0
2004/3/3 5:00,0,0
2004/3/3 5:30,0,0
2004/3/3 6:00,10.04766949,45.21451271
2004/3/3 6:30,24.95233051,112.2854873
2004/3/3 7:00,75.57887918,340.1049563
2004/3/3 7:30,125.4211208,564.3950437
2004/3/3 8:00,160.9716352,724.3723584
2004/3/3 8:30,203.0283648,913.6276416
2004/3/3 9:00,245.2194659,1103.487597
2004/3/3 9:30,271.7805341,1223.012403
2004/3/3 10:00,273.2449069,1229.602081
2004/3/3 10:30,277.7550931,1249.897919
2004/3/3 11:00,276.2513651,1243.131143
2004/3/3 11:30,275.7486349,1240.868857
2004/3/3 12:00,277.989182,1250.951319
2004/3/3 12:30,269.010818,1210.548681
2004/3/3 13:00,255.9263648,1151.668642
2004/3/3 13:30,228.0736352,1026.331358
2004/3/3 14:00,186.1592329,837.7165481
2004/3/3 14:30,157.8407671,710.2834519
2004/3/3 15:00,143.2895594,644.8030171
2004/3/3 15:30,105.7104406,475.6969829
2004/3/3 16:00,63.69067117,286.6080203
2004/3/3 16:30,32.30932883,145.3919797
2004/3/3 17:00,5.131067961,23.08980583
2004/3/3 17:30,1.868932039,8.410194175
2004/3/3 18:00,0,0
2004/3/3 18:30,0,0
2004/3/3 19:00,0,0
2004/3/3 19:30,0,0
2004/3/3 20:00,0,0
2004/3/3 20:30,0,0
2004/3/3 21:00,0,0
2004/3/3 21:30,0,0
2004/3/3 22:00,0,0
2004/3/3 22:30,0,0
2004/3/3 23:00,0,0
2004/3/3 23:30,0,0
2004/3/4 0:00,0,0
2004/3/4 0:30,0,0
2004/3/4 1:00,0,0
2004/3/4 1:30,0,0
2004/3/4 2:00,0,0
2004/3/4 2:30,0,0
2004/3/4 3:00,0,0
2004/3/4 3:30,0,0
2004/3/4 4:00,0,0
2004/3/4 4:30,0,0
2004/3/4 5:00,0,0
2004/3/4 5:30,0,0
2004/3/4 6:00,8.026178011,36.11780105
2004/3/4 6:30,19.97382199,89.88219895
2004/3/4 7:00,61.19495489,275.377297
2004/3/4 7:30,101.8050451,458.122703
2004/3/4 8:00,129.6014909,583.2067092
2004/3/4 8:30,166.3985091,748.7932908
2004/3/4 9:00,207.7741583,934.9837126
2004/3/4 9:30,243.2258417,1094.516287
2004/3/4 10:00,267.4165846,1203.374631
2004/3/4 10:30,291.5834154,1312.125369
2004/3/4 11:00,320.297914,1441.340613
2004/3/4 11:30,317.702086,1429.659387
2004/3/4 12:00,277.2077512,1247.43488
2004/3/4 12:30,263.7922488,1187.06512
2004/3/4 13:00,265.6816687,1195.567509
2004/3/4 13:30,257.3183313,1157.932491
2004/3/4 14:00,273.2538448,1229.642301
2004/3/4 14:30,202.7461552,912.3576986
2004/3/4 15:00,83.72687047,376.7709171
2004/3/4 15:30,56.27312953,253.2290829
2004/3/4 16:00,54.07900074,243.3555033
2004/3/4 16:30,31.92099926,143.6444967
2004/3/4 17:00,7.239583333,32.578125
2004/3/4 17:30,2.760416667,12.421875
2004/3/4 18:00,0,0
2004/3/4 18:30,0,0
2004/3/4 19:00,0,0
2004/3/4 19:30,0,0
2004/3/4 20:00,0,0
2004/3/4 20:30,0,0
2004/3/4 21:00,0,0
2004/3/4 21:30,0,0
2004/3/4 22:00,0,0
2004/3/4 22:30,0,0
2004/3/4 23:00,0,0
2004/3/4 23:30,0,0
2004/3/5 0:00,0,0
2004/3/5 0:30,0,0
2004/3/5 1:00,0,0
2004/3/5 1:30,0,0
2004/3/5 2:00,0,0
2004/3/5 2:30,0,0
2004/3/5 3:00,0,0
2004/3/5 3:30,0,0
2004/3/5 4:00,0,0
2004/3/5 4:30,0,0
2004/3/5 5:00,0,0
2004/3/5 5:30,0,0
2004/3/5 6:00,14.02816901,63.12676056
2004/3/5 6:30,33.97183099,152.8732394
2004/3/5 7:00,89.50870414,402.7891686
2004/3/5 7:30,146.4912959,659.2108314
2004/3/5 8:00,196.0161134,882.0725101
2004/3/5 8:30,245.9838866,1106.92749
2004/3/5 9:00,280.1329891,1260.598451
2004/3/5 9:30,315.8670109,1421.401549
2004/3/5 10:00,345.9279188,1556.675635
2004/3/5 10:30,370.0720812,1665.324365
2004/3/5 11:00,391.2540396,1760.643178
2004/3/5 11:30,389.7459604,1753.856822
2004/3/5 12:00,362.8731779,1632.929301
2004/3/5 12:30,342.1268221,1539.570699
2004/3/5 13:00,323.8228789,1457.202955
2004/3/5 13:30,293.1771211,1319.297045
2004/3/5 14:00,254.2381697,1144.071764
2004/3/5 14:30,218.7618303,984.4282365
2004/3/5 15:00,189.0099726,850.5448766
2004/3/5 15:30,147.9900274,665.9551234
2004/3/5 16:00,111.0032515,499.5146319
2004/3/5 16:30,62.99674846,283.4853681
2004/3/5 17:00,15.18461538,68.33076923
2004/3/5 17:30,5.815384615,26.16923077
2004/3/5 18:00,0,0
2004/3/5 18:30,0,0
2004/3/5 19:00,0,0
2004/3/5 19:30,0,0
2004/3/5 20:00,0,0
2004/3/5 20:30,0,0
2004/3/5 21:00,0,0
2004/3/5 21:30,0,0
2004/3/5 22:00,0,0
2004/3/5 22:30,0,0
2004/3/5 23:00,0,0
2004/3/5 23:30,0,0
2004/3/6 0:00,0,0
2004/3/6 0:30,0,0
2004/3/6 1:00,0,0
2004/3/6 1:30,0,0
2004/3/6 2:00,0,0
2004/3/6 2:30,0,0
2004/3/6 3:00,0,0
2004/3/6 3:30,0,0
2004/3/6 4:00,0,0
2004/3/6 4:30,0,0
2004/3/6 5:00,0,0
2004/3/6 5:30,0,0
2004/3/6 6:00,3.6725,16.52625
2004/3/6 6:30,9.3275,41.97375
2004/3/6 7:00,31.88348456,143.4756805
2004/3/6 7:30,55.11651544,248.0243195
2004/3/6 8:00,72.94925653,328.2716544
2004/3/6 8:30,99.05074347,445.7283456
2004/3/6 9:00,131.2995575,590.8480087
2004/3/6 9:30,173.7004425,781.6519913
2004/3/6 10:00,241.4565832,1086.554624
2004/3/6 10:30,297.5434168,1338.945376
2004/3/6 11:00,340.1140368,1530.513166
2004/3/6 11:30,372.8859632,1677.986834
2004/3/6 12:00,392.8766475,1767.944914
2004/3/6 12:30,387.1233525,1742.055086
2004/3/6 13:00,350.2577138,1576.159712
2004/3/6 13:30,321.7422862,1447.840288
2004/3/6 14:00,297.99022,1340.95599
2004/3/6 14:30,257.00978,1156.54401
2004/3/6 15:00,210.5685558,947.5585009
2004/3/6 15:30,159.4314442,717.4414991
2004/3/6 16:00,113.7382624,511.8221809
2004/3/6 16:30,63.26173758,284.6778191
2004/3/6 17:00,15.19318182,68.36931818
2004/3/6 17:30,5.806818182,26.13068182
2004/3/6 18:00,0,0
2004/3/6 18:30,0,0
2004/3/6 19:00,0,0
2004/3/6 19:30,0,0
2004/3/6 20:00,0,0
2004/3/6 20:30,0,0
2004/3/6 21:00,0,0
2004/3/6 21:30,0,0
2004/3/6 22:00,0,0
2004/3/6 22:30,0,0
2004/3/6 23:00,0,0
2004/3/6 23:30,0,0
2004/3/7 0:00,0,0
2004/3/7 0:30,0,0
2004/3/7 1:00,0,0
2004/3/7 1:30,0,0
2004/3/7 2:00,0,0
2004/3/7 2:30,0,0
2004/3/7 3:00,0,0
2004/3/7 3:30,0,0
2004/3/7 4:00,0,0
2004/3/7 4:30,0,0
2004/3/7 5:00,0,0
2004/3/7 5:30,0,0
2004/3/7 6:00,13.58267717,61.12204724
2004/3/7 6:30,32.41732283,145.8779528
2004/3/7 7:00,78.66772156,354.004747
2004/3/7 7:30,129.3322784,581.995253
2004/3/7 8:00,183.041516,823.6868218
2004/3/7 8:30,235.958484,1061.813178
2004/3/7 9:00,274.7656159,1236.445272
2004/3/7 9:30,314.2343841,1414.054728
2004/3/7 10:00,347.5474761,1563.963643
2004/3/7 10:30,371.4525239,1671.536357
2004/3/7 11:00,382.0894195,1719.402388
2004/3/7 11:30,386.9105805,1741.097612
2004/3/7 12:00,386.9521255,1741.284565
2004/3/7 12:30,369.0478745,1660.715435
2004/3/7 13:00,337.8731189,1520.429035
2004/3/7 13:30,298.1268811,1341.570965
2004/3/7 14:00,242.5199743,1091.339885
2004/3/7 14:30,214.4800257,965.1601155
2004/3/7 15:00,214.4620821,965.0793697
2004/3/7 15:30,173.5379179,780.9206303
2004/3/7 16:00,121.9716525,548.8724363
2004/3/7 16:30,69.02834749,310.6275637
2004/3/7 17:00,18.02662037,81.11979167
2004/3/7 17:30,6.97337963,31.38020833
2004/3/7 18:00,0,0
2004/3/7 18:30,0,0
2004/3/7 19:00,0,0
2004/3/7 19:30,0,0
2004/3/7 20:00,0,0
2004/3/7 20:30,0,0
2004/3/7 21:00,0,0
2004/3/7 21:30,0,0
2004/3/7 22:00,0,0
2004/3/7 22:30,0,0
2004/3/7 23:00,0,0
2004/3/7 23:30,0,0
2004/3/8 0:00,0,0
2004/3/8 0:30,0,0
2004/3/8 1:00,0,0
2004/3/8 1:30,0,0
2004/3/8 2:00,0,0
2004/3/8 2:30,0,0
2004/3/8 3:00,0,0
2004/3/8 3:30,0,0
2004/3/8 4:00,0,0
2004/3/8 4:30,0,0
2004/3/8 5:00,0,0
2004/3/8 5:30,0,0
2004/3/8 6:00,17.49526814,78.72870662
2004/3/8 6:30,41.50473186,186.7712934
2004/3/8 7:00,99.33189236,446.9935156
2004/3/8 7:30,158.6681076,714.0064844
2004/3/8 8:00,208.9851719,940.4332738
2004/3/8 8:30,262.0148281,1179.066726
2004/3/8 9:00,304.5859666,1370.63685
2004/3/8 9:30,343.4140334,1545.36315
2004/3/8 10:00,374.2925381,1684.316421
2004/3/8 10:30,388.7074619,1749.183579
2004/3/8 11:00,379.86419,1709.388855
2004/3/8 11:30,374.13581,1683.611145
2004/3/8 12:00,372.1332541,1674.599643
2004/3/8 12:30,345.8667459,1556.400357
2004/3/8 13:00,291.6203268,1312.291471
2004/3/8 13:30,270.3796732,1216.708529
2004/3/8 14:00,276.6924742,1245.116134
2004/3/8 14:30,253.3075258,1139.883866
2004/3/8 15:00,220.554661,992.4959745
2004/3/8 15:30,173.445339,780.5040255
2004/3/8 16:00,126.198721,567.8942447
2004/3/8 16:30,71.80127896,323.1057553
2004/3/8 17:00,18.74553571,84.35491071
2004/3/8 17:30,7.254464286,32.64508929
2004/3/8 18:00,0,0
2004/3/8 18:30,0,0
2004/3/8 19:00,0,0
2004/3/8 19:30,0,0
2004/3/8 20:00,0,0
2004/3/8 20:30,0,0
2004/3/8 21:00,0,0
2004/3/8 21:30,0,0
2004/3/8 22:00,0,0
2004/3/8 22:30,0,0
2004/3/8 23:00,0,0
2004/3/8 23:30,0,0
2004/3/9 0:00,0,0
2004/3/9 0:30,0,0
2004/3/9 1:00,0,0
2004/3/9 1:30,0,0
2004/3/9 2:00,0,0
2004/3/9 2:30,0,0
2004/3/9 3:00,0,0
2004/3/9 3:30,0,0
2004/3/9 4:00,0,0
2004/3/9 4:30,0,0
2004/3/9 5:00,0,0
2004/3/9 5:30,0,0
2004/3/9 6:00,9.896135266,44.5326087
2004/3/9 6:30,24.10386473,108.4673913
2004/3/9 7:00,64.91077135,292.0984711
2004/3/9 7:30,108.0892287,486.4015289
2004/3/9 8:00,145.2014267,653.4064202
2004/3/9 8:30,195.7985733,881.0935798
2004/3/9 9:00,265.9174683,1196.628607
2004/3/9 9:30,323.0825317,1453.871393
2004/3/9 10:00,360.3937663,1621.771949
2004/3/9 10:30,391.6062337,1762.228051
2004/3/9 11:00,408.2107538,1836.948392
2004/3/9 11:30,413.7892462,1862.051608
2004/3/9 12:00,405.2475306,1823.613888
2004/3/9 12:30,388.7524694,1749.386112
2004/3/9 13:00,363.2193588,1634.487115
2004/3/9 13:30,332.7806412,1497.512885
2004/3/9 14:00,300.4479433,1352.015745
2004/3/9 14:30,258.5520567,1163.484255
2004/3/9 15:00,214.4468316,965.0107424
2004/3/9 15:30,165.5531684,744.9892576
2004/3/9 16:00,123.3761958,555.1928809
2004/3/9 16:30,70.62380424,317.8071191
2004/3/9 17:00,18.73181818,84.29318182
2004/3/9 17:30,7.268181818,32.70681818
2004/3/9 18:00,0,0
2004/3/9 18:30,0,0
2004/3/9 19:00,0,0
2004/3/9 19:30,0,0
2004/3/9 20:00,0,0
2004/3/9 20:30,0,0
2004/3/9 21:00,0,0
2004/3/9 21:30,0,0
2004/3/9 22:00,0,0
2004/3/9 22:30,0,0
2004/3/9 23:00,0,0
2004/3/9 23:30,0,0
2004/3/10 0:00,0,0
2004/3/10 0:30,0,0
2004/3/10 1:00,0,0
2004/3/10 1:30,0,0
2004/3/10 2:00,0,0
2004/3/10 2:30,0,0
2004/3/10 3:00,0,0
2004/3/10 3:30,0,0
2004/3/10 4:00,0,0
2004/3/10 4:30,0,0
2004/3/10 5:00,0,0
2004/3/10 5:30,0,0
2004/3/10 6:00,17.61266447,79.25699013
2004/3/10 6:30,41.38733553,186.2430099
2004/3/10 7:00,95.01233553,427.5555099
2004/3/10 7:30,149.9876645,674.9444901
2004/3/10 8:00,195.2349906,878.5574578
2004/3/10 8:30,245.7650094,1105.942542
2004/3/10 9:00,291.6554079,1312.449336
2004/3/10 9:30,333.3445921,1500.050664
2004/3/10 10:00,365.1186895,1643.034103
2004/3/10 10:30,389.8813105,1754.465897
2004/3/10 11:00,403.4964882,1815.734197
2004/3/10 11:30,409.5035118,1842.765803
2004/3/10 12:00,406.4380384,1828.971173
2004/3/10 12:30,394.5619616,1775.528827
2004/3/10 13:00,375.2942207,1688.823993
2004/3/10 13:30,346.7057793,1560.176007
2004/3/10 14:00,312.7410774,1407.334848
2004/3/10 14:30,270.2589226,1216.165152
2004/3/10 15:00,227.2095328,1022.442897
2004/3/10 15:30,173.7904672,782.0571025
2004/3/10 16:00,123.7612153,556.9254686
2004/3/10 16:30,70.23878474,316.0745314
2004/3/10 17:00,19.42533937,87.41402715
2004/3/10 17:30,7.574660633,34.08597285
2004/3/10 18:00,0,0
2004/3/10 18:30,0,0
2004/3/10 19:00,0,0
2004/3/10 19:30,0,0
2004/3/10 20:00,0,0
2004/3/10 20:30,0,0
2004/3/10 21:00,0,0
2004/3/10 21:30,0,0
2004/3/10 22:00,0,0
2004/3/10 22:30,0,0
2004/3/10 23:00,0,0
2004/3/10 23:30,0,0
2004/3/11 0:00,0,0
2004/3/11 0:30,0,0
2004/3/11 1:00,0,0
2004/3/11 1:30,0,0
2004/3/11 2:00,0,0
2004/3/11 2:30,0,0
2004/3/11 3:00,0,0
2004/3/11 3:30,0,0
2004/3/11 4:00,0,0
2004/3/11 4:30,0,0
2004/3/11 5:00,0,0
2004/3/11 5:30,0,0
2004/3/11 6:00,12.5,56.25
2004/3/11 6:30,27.5,123.75
2004/3/11 7:00,45.07894737,202.8552632
2004/3/11 7:30,74.92105263,337.1447368
2004/3/11 8:00,144.440588,649.982646
2004/3/11 8:30,210.559412,947.517354
2004/3/11 9:00,270.3629074,1216.633083
2004/3/11 9:30,321.6370926,1447.366917
2004/3/11 10:00,348.1131445,1566.50915
2004/3/11 10:30,369.8868555,1664.49085
2004/3/11 11:00,372.753283,1677.389774
2004/3/11 11:30,382.246717,1720.110226
2004/3/11 12:00,399.9051802,1799.573311
2004/3/11 12:30,394.0948198,1773.426689
2004/3/11 13:00,370.9358635,1669.211386
2004/3/11 13:30,341.0641365,1534.788614
2004/3/11 14:00,307.268114,1382.706513
2004/3/11 14:30,259.731886,1168.793487
2004/3/11 15:00,210.2928684,946.3179078
2004/3/11 15:30,150.7071316,678.1820922
2004/3/11 16:00,91.85853755,413.363419
2004/3/11 16:30,49.14146245,221.136581
2004/3/11 17:00,12.99056604,58.45754717
2004/3/11 17:30,5.009433962,22.54245283
2004/3/11 18:00,0,0
2004/3/11 18:30,0,0
2004/3/11 19:00,0,0
2004/3/11 19:30,0,0
2004/3/11 20:00,0,0
2004/3/11 20:30,0,0
2004/3/11 21:00,0,0
2004/3/11 21:30,0,0
2004/3/11 22:00,0,0
2004/3/11 22:30,0,0
2004/3/11 23:00,0,0
2004/3/11 23:30,0,0
2004/3/12 0:00,0,0
2004/3/12 0:30,0,0
2004/3/12 1:00,0,0
2004/3/12 1:30,0,0
2004/3/12 2:00,0,0
2004/3/12 2:30,0,0
2004/3/12 3:00,0,0
2004/3/12 3:30,0,0
2004/3/12 4:00,0,0
2004/3/12 4:30,0,0
2004/3/12 5:00,0,0
2004/3/12 5:30,0,0
2004/3/12 6:00,3.125,14.0625
2004/3/12 6:30,6.875,30.9375
2004/3/12 7:00,12.25961538,55.16826923
2004/3/12 7:30,17.74038462,79.83173077
2004/3/12 8:00,20.91389208,94.11251435
2004/3/12 8:30,27.08610792,121.8874856
2004/3/12 9:00,38.00625444,171.028145
2004/3/12 9:30,47.99374556,215.971855
2004/3/12 10:00,57.27827696,257.7522463
2004/3/12 10:30,66.72172304,300.2477537
2004/3/12 11:00,78.09494126,351.4272357
2004/3/12 11:30,80.90505874,364.0727643
2004/3/12 12:00,75.10314437,337.9641496
2004/3/12 12:30,67.89685563,305.5358504
2004/3/12 13:00,55.09506598,247.9277969
2004/3/12 13:30,50.90493402,229.0722031
2004/3/12 14:00,53.13417222,239.103775
2004/3/12 14:30,50.86582778,228.896225
2004/3/12 15:00,49.5904125,223.1568562
2004/3/12 15:30,39.4095875,177.3431438
2004/3/12 16:00,25.4098631,114.344384
2004/3/12 16:30,14.5901369,65.65561603
2004/3/12 17:00,4.989361702,22.45212766
2004/3/12 17:30,2.010638298,9.04787234
2004/3/12 18:00,0,0
2004/3/12 18:30,0,0
2004/3/12 19:00,0,0
2004/3/12 19:30,0,0
2004/3/12 20:00,0,0
2004/3/12 20:30,0,0
2004/3/12 21:00,0,0
2004/3/12 21:30,0,0
2004/3/12 22:00,0,0
2004/3/12 22:30,0,0
2004/3/12 23:00,0,0
2004/3/12 23:30,0,0
2004/3/13 0:00,0,0
2004/3/13 0:30,0,0
2004/3/13 1:00,0,0
2004/3/13 1:30,0,0
2004/3/13 2:00,0,0
2004/3/13 2:30,0,0
2004/3/13 3:00,0,0
2004/3/13 3:30,0,0
2004/3/13 4:00,0,0
2004/3/13 4:30,0,0
2004/3/13 5:00,0,0
2004/3/13 5:30,0,0
2004/3/13 6:00,13.49484536,60.72680412
2004/3/13 6:30,30.50515464,137.2731959
2004/3/13 7:00,58.4498449,263.0243021
2004/3/13 7:30,91.5501551,411.9756979
2004/3/13 8:00,127.9933362,575.9700129
2004/3/13 8:30,174.0066638,783.0299871
2004/3/13 9:00,245.0300586,1102.635264
2004/3/13 9:30,283.9699414,1277.864736
2004/3/13 10:00,265.4658252,1194.596213
2004/3/13 10:30,286.5341748,1289.403787
2004/3/13 11:00,345.974514,1556.885313
2004/3/13 11:30,373.025486,1678.614687
2004/3/13 12:00,375.8955967,1691.530185
2004/3/13 12:30,371.1044033,1669.969815
2004/3/13 13:00,356.8888302,1605.999736
2004/3/13 13:30,326.1111698,1467.500264
2004/3/13 14:00,278.6687213,1254.009246
2004/3/13 14:30,241.3312787,1085.990754
2004/3/13 15:00,216.3745882,973.6856468
2004/3/13 15:30,166.6254118,749.8143532
2004/3/13 16:00,112.1688874,504.7599931
2004/3/13 16:30,64.83111264,291.7400069
2004/3/13 17:00,22.09495192,99.42728365
2004/3/13 17:30,8.905048077,40.07271635
2004/3/13 18:00,0,0
2004/3/13 18:30,0,0
2004/3/13 19:00,0,0
2004/3/13 19:30,0,0
2004/3/13 20:00,0,0
2004/3/13 20:30,0,0
2004/3/13 21:00,0,0
2004/3/13 21:30,0,0
2004/3/13 22:00,0,0
2004/3/13 22:30,0,0
2004/3/13 23:00,0,0
2004/3/13 23:30,0,0
2004/3/14 0:00,0,0
2004/3/14 0:30,0,0
2004/3/14 1:00,0,0
2004/3/14 1:30,0,0
2004/3/14 2:00,0,0
2004/3/14 2:30,0,0
2004/3/14 3:00,0,0
2004/3/14 3:30,0,0
2004/3/14 4:00,0,0
2004/3/14 4:30,0,0
2004/3/14 5:00,0,0
2004/3/14 5:30,0,0
2004/3/14 6:00,23.52161383,105.8472622
2004/3/14 6:30,53.47838617,240.6527378
2004/3/14 7:00,107.2070157,482.4315709
2004/3/14 7:30,162.7929843,732.5684291
2004/3/14 8:00,208.8627731,939.8824791
2004/3/14 8:30,258.1372269,1161.617521
2004/3/14 9:00,303.3631427,1365.134142
2004/3/14 9:30,334.6368573,1505.865858
2004/3/14 10:00,340.3726604,1531.676972
2004/3/14 10:30,352.6273396,1586.823028
2004/3/14 11:00,371.2170081,1670.476536
2004/3/14 11:30,363.7829919,1637.023464
2004/3/14 12:00,323.7895043,1457.052769
2004/3/14 12:30,315.2104957,1418.447231
2004/3/14 13:00,338.2203815,1521.991717
2004/3/14 13:30,321.7796185,1448.008283
2004/3/14 14:00,279.4237519,1257.406883
2004/3/14 14:30,243.5762481,1096.093117
2004/3/14 15:00,212.9141345,958.1136051
2004/3/14 15:30,167.0858655,751.8863949
2004/3/14 16:00,122.2407573,550.0834079
2004/3/14 16:30,71.7592427,322.9165921
2004/3/14 17:00,22.86725664,102.9026549
2004/3/14 17:30,9.132743363,41.09734513
2004/3/14 18:00,0,0
2004/3/14 18:30,0,0
2004/3/14 19:00,0,0
2004/3/14 19:30,0,0
2004/3/14 20:00,0,0
2004/3/14 20:30,0,0
2004/3/14 21:00,0,0
2004/3/14 21:30,0,0
2004/3/14 22:00,0,0
2004/3/14 22:30,0,0
2004/3/14 23:00,0,0
2004/3/14 23:30,0,0
2004/3/15 0:00,0,0
2004/3/15 0:30,0,0
2004/3/15 1:00,0,0
2004/3/15 1:30,0,0
2004/3/15 2:00,0,0
2004/3/15 2:30,0,0
2004/3/15 3:00,0,0
2004/3/15 3:30,0,0
2004/3/15 4:00,0,0
2004/3/15 4:30,0,0
2004/3/15 5:00,0,0
2004/3/15 5:30,0,0
2004/3/15 6:00,19.64117647,88.38529412
2004/3/15 6:30,43.35882353,195.1147059
2004/3/15 7:00,77.34648956,348.059203
2004/3/15 7:30,114.6535104,515.940797
2004/3/15 8:00,150.0940709,675.4233189
2004/3/15 8:30,184.9059291,832.0766811
2004/3/15 9:00,206.4205801,928.8926102
2004/3/15 9:30,241.5794199,1087.10739
2004/3/15 10:00,300.8921838,1354.014827
2004/3/15 10:30,330.1078162,1485.485173
2004/3/15 11:00,321.511958,1446.803811
2004/3/15 11:30,329.488042,1482.696189
2004/3/15 12:00,349.4238579,1572.407361
2004/3/15 12:30,346.5761421,1559.592639
2004/3/15 13:00,322.3095839,1450.393128
2004/3/15 13:30,307.6904161,1384.606872
2004/3/15 14:00,304.4811733,1370.16528
2004/3/15 14:30,273.5188267,1230.83472
2004/3/15 15:00,231.1392396,1040.126578
2004/3/15 15:30,177.8607604,800.3734219
2004/3/15 16:00,124.6733821,561.0302195
2004/3/15 16:30,72.32661788,325.4697805
2004/3/15 17:00,23.56630435,106.0483696
2004/3/15 17:30,9.433695652,42.45163044
2004/3/15 18:00,0,0
2004/3/15 18:30,0,0
2004/3/15 19:00,0,0
2004/3/15 19:30,0,0
2004/3/15 20:00,0,0
2004/3/15 20:30,0,0
2004/3/15 21:00,0,0
2004/3/15 21:30,0,0
2004/3/15 22:00,0,0
2004/3/15 22:30,0,0
2004/3/15 23:00,0,0
2004/3/15 23:30,0,0
2004/3/16 0:00,0,0
2004/3/16 0:30,0,0
2004/3/16 1:00,0,0
2004/3/16 1:30,0,0
2004/3/16 2:00,0,0
2004/3/16 2:30,0,0
2004/3/16 3:00,0,0
2004/3/16 3:30,0,0
2004/3/16 4:00,0,0
2004/3/16 4:30,0,0
2004/3/16 5:00,0,0
2004/3/16 5:30,0,0
2004/3/16 6:00,17.22527473,77.51373626
2004/3/16 6:30,39.77472527,178.9862637
2004/3/16 7:00,84.81241372,381.6558617
2004/3/16 7:30,131.1875863,590.3441383
2004/3/16 8:00,168.9450143,760.2525642
2004/3/16 8:30,212.0549857,954.2474358
2004/3/16 9:00,250.9217559,1129.147902
2004/3/16 9:30,293.0782441,1318.852098
2004/3/16 10:00,340.6701532,1533.015689
2004/3/16 10:30,371.3298468,1670.984311
2004/3/16 11:00,379.3840686,1707.228309
2004/3/16 11:30,389.6159314,1753.271691
2004/3/16 12:00,398.8456675,1794.805504
2004/3/16 12:30,393.1543325,1769.194496
2004/3/16 13:00,376.3240716,1693.458322
2004/3/16 13:30,349.6759284,1573.541678
2004/3/16 14:00,317.1322296,1427.095033
2004/3/16 14:30,272.8677704,1227.904967
2004/3/16 15:00,224.2393509,1009.077079
2004/3/16 15:30,171.7606491,772.9229209
2004/3/16 16:00,124.7456897,561.3556034
2004/3/16 16:30,73.25431034,329.6443966
2004/3/16 17:00,24.25431034,109.1443966
2004/3/16 17:30,9.745689655,43.85560345
2004/3/16 18:00,0,0
2004/3/16 18:30,0,0
2004/3/16 19:00,0,0
2004/3/16 19:30,0,0
2004/3/16 20:00,0,0
2004/3/16 20:30,0,0
2004/3/16 21:00,0,0
2004/3/16 21:30,0,0
2004/3/16 22:00,0,0
2004/3/16 22:30,0,0
2004/3/16 23:00,0,0
2004/3/16 23:30,0,0
2004/3/17 0:00,0,0
2004/3/17 0:30,0,0
2004/3/17 1:00,0,0
2004/3/17 1:30,0,0
2004/3/17 2:00,0,0
2004/3/17 2:30,0,0
2004/3/17 3:00,0,0
2004/3/17 3:30,0,0
2004/3/17 4:00,0,0
2004/3/17 4:30,0,0
2004/3/17 5:00,0,0
2004/3/17 5:30,0,0
2004/3/17 6:00,25.7804878,116.0121951
2004/3/17 6:30,58.2195122,261.9878049
2004/3/17 7:00,113.8070608,512.1317737
2004/3/17 7:30,171.1929392,770.3682263
2004/3/17 8:00,218.5298388,983.3842747
2004/3/17 8:30,267.4701612,1203.615725
2004/3/17 9:00,304.4698585,1370.114363
2004/3/17 9:30,342.5301415,1541.385637
2004/3/17 10:00,377.8261619,1700.217728
2004/3/17 10:30,402.1738381,1809.782272
2004/3/17 11:00,413.1576304,1859.209337
2004/3/17 11:30,417.8423696,1880.290663
2004/3/17 12:00,414.7424333,1866.34095
2004/3/17 12:30,401.2575667,1805.65905
2004/3/17 13:00,378.4863014,1703.188356
2004/3/17 13:30,349.5136986,1572.811644
2004/3/17 14:00,317.6870035,1429.591516
2004/3/17 14:30,275.3129965,1238.908484
2004/3/17 15:00,231.5465295,1041.959383
2004/3/17 15:30,177.4534705,798.5406174
2004/3/17 16:00,125.5254548,564.8645464
2004/3/17 16:30,73.47454524,330.6354536
2004/3/17 17:00,24.94123932,112.2355769
2004/3/17 17:30,10.05876068,45.26442308
2004/3/17 18:00,0,0
2004/3/17 18:30,0,0
2004/3/17 19:00,0,0
2004/3/17 19:30,0,0
2004/3/17 20:00,0,0
2004/3/17 20:30,0,0
2004/3/17 21:00,0,0
2004/3/17 21:30,0,0
2004/3/17 22:00,0,0
2004/3/17 22:30,0,0
2004/3/17 23:00,0,0
2004/3/17 23:30,0,0
2004/3/18 0:00,0,0
2004/3/18 0:30,0,0
2004/3/18 1:00,0,0
2004/3/18 1:30,0,0
2004/3/18 2:00,0,0
2004/3/18 2:30,0,0
2004/3/18 3:00,0,0
2004/3/18 3:30,0,0
2004/3/18 4:00,0,0
2004/3/18 4:30,0,0
2004/3/18 5:00,0,0
2004/3/18 5:30,0,0
2004/3/18 6:00,7.161290322,32.22580645
2004/3/18 6:30,16.83870968,75.77419355
2004/3/18 7:00,36.57725415,164.5976437
2004/3/18 7:30,63.42274585,285.4023563
2004/3/18 8:00,121.5245116,546.8603023
2004/3/18 8:30,149.4754884,672.6396977
2004/3/18 9:00,126.4129698,568.8583642
2004/3/18 9:30,119.5870302,538.1416358
2004/3/18 10:00,116.4231242,523.904059
2004/3/18 10:30,100.5768758,452.595941
2004/3/18 11:00,73.54601115,330.9570502
2004/3/18 11:30,62.45398885,281.0429498
2004/3/18 12:00,58.95682876,265.3057294
2004/3/18 12:30,53.04317124,238.6942706
2004/3/18 13:00,51.42978961,231.4340533
2004/3/18 13:30,37.57021039,169.0659467
2004/3/18 14:00,15.19174975,68.36287388
2004/3/18 14:30,13.80825025,62.13712612
2004/3/18 15:00,28.3374462,127.5185079
2004/3/18 15:30,27.6625538,124.4814921
2004/3/18 16:00,16.57235772,74.57560976
2004/3/18 16:30,9.427642277,42.42439024
2004/3/18 17:00,2.866666667,12.9
2004/3/18 17:30,1.133333333,5.1
2004/3/18 18:00,0,0
2004/3/18 18:30,0,0
2004/3/18 19:00,0,0
2004/3/18 19:30,0,0
2004/3/18 20:00,0,0
2004/3/18 20:30,0,0
2004/3/18 21:00,0,0
2004/3/18 21:30,0,0
2004/3/18 22:00,0,0
2004/3/18 22:30,0,0
2004/3/18 23:00,0,0
2004/3/18 23:30,0,0
2004/3/19 0:00,0,0
2004/3/19 0:30,0,0
2004/3/19 1:00,0,0
2004/3/19 1:30,0,0
2004/3/19 2:00,0,0
2004/3/19 2:30,0,0
2004/3/19 3:00,0,0
2004/3/19 3:30,0,0
2004/3/19 4:00,0,0
2004/3/19 4:30,0,0
2004/3/19 5:00,0.253968254,1.142857143
2004/3/19 5:30,0.746031746,3.357142857
2004/3/19 6:00,19.29215721,86.81470743
2004/3/19 6:30,42.70784279,192.1852926
2004/3/19 7:00,84.46407862,380.0883538
2004/3/19 7:30,124.5359214,560.4116462
2004/3/19 8:00,148.018121,666.0815447
2004/3/19 8:30,181.981879,818.9184553
2004/3/19 9:00,218.7346096,984.3057431
2004/3/19 9:30,263.2653904,1184.694257
2004/3/19 10:00,329.5952717,1483.178723
2004/3/19 10:30,367.4047283,1653.321277
2004/3/19 11:00,369.5843185,1663.129433
2004/3/19 11:30,377.4156815,1698.370567
2004/3/19 12:00,379.4459931,1707.506969
2004/3/19 12:30,378.5540069,1703.493031
2004/3/19 13:00,382.4022325,1720.810046
2004/3/19 13:30,357.5977675,1609.189954
2004/3/19 14:00,309.1043387,1390.969524
2004/3/19 14:30,269.8956613,1214.530476
2004/3/19 15:00,239.9681256,1079.856565
2004/3/19 15:30,189.0318744,850.643435
2004/3/19 16:00,136.8663571,615.8986072
2004/3/19 16:30,81.13364285,365.1013928
2004/3/19 17:00,27.77042802,124.9669261
2004/3/19 17:30,11.22957198,50.53307393
2004/3/19 18:00,0,0
2004/3/19 18:30,0,0
2004/3/19 19:00,0,0
2004/3/19 19:30,0,0
2004/3/19 20:00,0,0
2004/3/19 20:30,0,0
2004/3/19 21:00,0,0
2004/3/19 21:30,0,0
2004/3/19 22:00,0,0
2004/3/19 22:30,0,0
2004/3/19 23:00,0,0
2004/3/19 23:30,0,0
2004/3/20 0:00,0,0
2004/3/20 0:30,0,0
2004/3/20 1:00,0,0
2004/3/20 1:30,0,0
2004/3/20 2:00,0,0
2004/3/20 2:30,0,0
2004/3/20 3:00,0,0
2004/3/20 3:30,0,0
2004/3/20 4:00,0,0
2004/3/20 4:30,0,0
2004/3/20 5:00,0,0
2004/3/20 5:30,0,0
2004/3/20 6:00,8.543307086,38.44488189
2004/3/20 6:30,19.45669291,87.55511811
2004/3/20 7:00,41.24385508,185.5973478
2004/3/20 7:30,57.75614492,259.9026522
2004/3/20 8:00,59.47176641,267.6229488
2004/3/20 8:30,63.52823359,285.8770512
2004/3/20 9:00,63.74959416,286.8731737
2004/3/20 9:30,65.25040584,293.6268263
2004/3/20 10:00,70.58187906,317.6184558
2004/3/20 10:30,64.41812094,289.8815442
2004/3/20 11:00,47.37705384,213.1967423
2004/3/20 11:30,41.62294616,187.3032577
2004/3/20 12:00,41.56702714,187.0516221
2004/3/20 12:30,38.43297286,172.9483779
2004/3/20 13:00,34.09156766,153.4120545
2004/3/20 13:30,30.90843234,139.0879455
2004/3/20 14:00,28.88493859,129.9822237
2004/3/20 14:30,25.11506141,113.0177763
2004/3/20 15:00,21.72370487,97.7566719
2004/3/20 15:30,15.27629513,68.7433281
2004/3/20 16:00,7.160042964,32.22019334
2004/3/20 16:30,4.839957036,21.77980666
2004/3/20 17:00,4.605263158,20.72368421
2004/3/20 17:30,2.394736842,10.77631579
2004/3/20 18:00,0,0
2004/3/20 18:30,0,0
2004/3/20 19:00,0,0
2004/3/20 19:30,0,0
2004/3/20 20:00,0,0
2004/3/20 20:30,0,0
2004/3/20 21:00,0,0
2004/3/20 21:30,0,0
2004/3/20 22:00,0,0
2004/3/20 22:30,0,0
2004/3/20 23:00,0,0
2004/3/20 23:30,0,0
2004/3/21 0:00,0,0
2004/3/21 0:30,0,0
2004/3/21 1:00,0,0
2004/3/21 1:30,0,0
2004/3/21 2:00,0,0
2004/3/21 2:30,0,0
2004/3/21 3:00,0,0
2004/3/21 3:30,0,0
2004/3/21 4:00,0,0
2004/3/21 4:30,0,0
2004/3/21 5:00,0.510416667,2.296874999
2004/3/21 5:30,1.489583333,6.703125001
2004/3/21 6:00,29.66824657,133.5071096
2004/3/21 6:30,64.33175343,289.4928904
2004/3/21 7:00,118.7666493,534.4499217
2004/3/21 7:30,176.2333507,793.0500783
2004/3/21 8:00,226.2914744,1018.311635
2004/3/21 8:30,278.7085256,1254.188365
2004/3/21 9:00,325.0539981,1462.742991
2004/3/21 9:30,361.9460019,1628.757009
2004/3/21 10:00,378.8871707,1704.992268
2004/3/21 10:30,399.1128293,1796.007732
2004/3/21 11:00,420.4161514,1891.872681
2004/3/21 11:30,425.5838486,1915.127319
2004/3/21 12:00,418.3753447,1882.689051
2004/3/21 12:30,398.6246553,1793.810949
2004/3/21 13:00,368.4060635,1657.827286
2004/3/21 13:30,328.5939365,1478.672714
2004/3/21 14:00,285.403842,1284.317289
2004/3/21 14:30,230.596158,1037.682711
2004/3/21 15:00,165.154327,743.1944714
2004/3/21 15:30,127.845673,575.3055286
2004/3/21 16:00,110.7008449,498.1538022
2004/3/21 16:30,71.29915506,320.8461978
2004/3/21 17:00,28.86547085,129.8946188
2004/3/21 17:30,12.13452915,54.60538117
2004/3/21 18:00,0,0
2004/3/21 18:30,0,0
2004/3/21 19:00,0,0
2004/3/21 19:30,0,0
2004/3/21 20:00,0,0
2004/3/21 20:30,0,0
2004/3/21 21:00,0,0
2004/3/21 21:30,0,0
2004/3/21 22:00,0,0
2004/3/21 22:30,0,0
2004/3/21 23:00,0,0
2004/3/21 23:30,0,0
2004/3/22 0:00,0,0
2004/3/22 0:30,0,0
2004/3/22 1:00,0,0
2004/3/22 1:30,0,0
2004/3/22 2:00,0,0
2004/3/22 2:30,0,0
2004/3/22 3:00,0,0
2004/3/22 3:30,0,0
2004/3/22 4:00,0,0
2004/3/22 4:30,0,0
2004/3/22 5:00,0.256944444,1.15625
2004/3/22 5:30,0.743055556,3.34375
2004/3/22 6:00,11.16504137,50.24268617
2004/3/22 6:30,23.83495863,107.2573138
2004/3/22 7:00,43.84046629,197.2820983
2004/3/22 7:30,62.15953371,279.7179017
2004/3/22 8:00,76.32845698,343.4780564
2004/3/22 8:30,78.67154302,354.0219436
2004/3/22 9:00,60.91687301,274.1259285
2004/3/22 9:30,59.08312699,265.8740715
2004/3/22 10:00,63.4971614,285.7372263
2004/3/22 10:30,73.5028386,330.7627737
2004/3/22 11:00,102.8147286,462.6662788
2004/3/22 11:30,114.1852714,513.8337212
2004/3/22 12:00,111.6067985,502.2305931
2004/3/22 12:30,98.39320154,442.7694069
2004/3/22 13:00,71.10423117,319.9690402
2004/3/22 13:30,58.89576883,265.0309598
2004/3/22 14:00,53.76229188,241.9303134
2004/3/22 14:30,44.23770812,199.0696866
2004/3/22 15:00,34.83513137,156.7580912
2004/3/22 15:30,24.16486863,108.7419088
2004/3/22 16:00,12.184375,54.8296875
2004/3/22 16:30,8.815625,39.6703125
2004/3/22 17:00,9.6875,43.59375
2004/3/22 17:30,5.3125,23.90625
2004/3/22 18:00,0,0
2004/3/22 18:30,0,0
2004/3/22 19:00,0,0
2004/3/22 19:30,0,0
2004/3/22 20:00,0,0
2004/3/22 20:30,0,0
2004/3/22 21:00,0,0
2004/3/22 21:30,0,0
2004/3/22 22:00,0,0
2004/3/22 22:30,0,0
2004/3/22 23:00,0,0
2004/3/22 23:30,0,0
2004/3/23 0:00,0,0
2004/3/23 0:30,0,0
2004/3/23 1:00,0,0
2004/3/23 1:30,0,0
2004/3/23 2:00,0,0
2004/3/23 2:30,0,0
2004/3/23 3:00,0,0
2004/3/23 3:30,0,0
2004/3/23 4:00,0,0
2004/3/23 4:30,0,0
2004/3/23 5:00,0.513157895,2.309210526
2004/3/23 5:30,1.486842105,6.690789474
2004/3/23 6:00,23.72386633,106.7573985
2004/3/23 6:30,50.27613367,226.2426015
2004/3/23 7:00,88.63957541,398.8780894
2004/3/23 7:30,126.3604246,568.6219106
2004/3/23 8:00,158.0172465,711.0776093
2004/3/23 8:30,173.9827535,782.9223907
2004/3/23 9:00,160.7508484,723.3788177
2004/3/23 9:30,157.2491516,707.6211823
2004/3/23 10:00,149.4421318,672.4895932
2004/3/23 10:30,154.5578682,695.5104068
2004/3/23 11:00,181.4857662,816.6859481
2004/3/23 11:30,182.5142338,821.3140519
2004/3/23 12:00,159.1876198,716.3442892
2004/3/23 12:30,151.8123802,683.1557108
2004/3/23 13:00,153.5078971,690.7855371
2004/3/23 13:30,147.4921029,663.7144629
2004/3/23 14:00,142.59723,641.6875352
2004/3/23 14:30,122.40277,550.8124648
2004/3/23 15:00,90.96670675,409.3501804
2004/3/23 15:30,71.03329325,319.6498196
2004/3/23 16:00,59.18476039,266.3314218
2004/3/23 16:30,37.81523961,170.1685782
2004/3/23 17:00,15.48319328,69.67436975
2004/3/23 17:30,6.516806723,29.32563025
2004/3/23 18:00,0,0
2004/3/23 18:30,0,0
2004/3/23 19:00,0,0
2004/3/23 19:30,0,0
2004/3/23 20:00,0,0
2004/3/23 20:30,0,0
2004/3/23 21:00,0,0
2004/3/23 21:30,0,0
2004/3/23 22:00,0,0
2004/3/23 22:30,0,0
2004/3/23 23:00,0,0
2004/3/23 23:30,0,0
2004/3/24 0:00,0,0
2004/3/24 0:30,0,0
2004/3/24 1:00,0,0
2004/3/24 1:30,0,0
2004/3/24 2:00,0,0
2004/3/24 2:30,0,0
2004/3/24 3:00,0,0
2004/3/24 3:30,0,0
2004/3/24 4:00,0,0
2004/3/24 4:30,0,0
2004/3/24 5:00,0.777439025,3.49847561
2004/3/24 5:30,2.222560975,10.00152439
2004/3/24 6:00,26.36029682,118.6213357
2004/3/24 6:30,52.63970318,236.8786643
2004/3/24 7:00,77.25484228,347.6467902
2004/3/24 7:30,108.7451577,489.3532098
2004/3/24 8:00,148.2149638,666.967337
2004/3/24 8:30,177.7850362,800.032663
2004/3/24 9:00,182.7356375,822.3103686
2004/3/24 9:30,207.2643625,932.6896314
2004/3/24 10:00,258.9125441,1165.106448
2004/3/24 10:30,282.0874559,1269.393552
2004/3/24 11:00,283.7609261,1276.924168
2004/3/24 11:30,267.2390739,1202.575832
2004/3/24 12:00,238.2528879,1072.137996
2004/3/24 12:30,186.7471121,840.3620045
2004/3/24 13:00,112.0058636,504.0263862
2004/3/24 13:30,89.99413641,404.9736138
2004/3/24 14:00,89.92972714,404.6837721
2004/3/24 14:30,82.07027286,369.3162279
2004/3/24 15:00,77.40807934,348.336357
2004/3/24 15:30,62.59192066,281.663643
2004/3/24 16:00,45.13385128,203.1023307
2004/3/24 16:30,26.86614872,120.8976693
2004/3/24 17:00,9.252941177,41.63823529
2004/3/24 17:30,3.747058823,16.86176471
2004/3/24 18:00,0,0
2004/3/24 18:30,0,0
2004/3/24 19:00,0,0
2004/3/24 19:30,0,0
2004/3/24 20:00,0,0
2004/3/24 20:30,0,0
2004/3/24 21:00,0,0
2004/3/24 21:30,0,0
2004/3/24 22:00,0,0
2004/3/24 22:30,0,0
2004/3/24 23:00,0,0
2004/3/24 23:30,0,0
2004/3/25 0:00,0,0
2004/3/25 0:30,0,0
2004/3/25 1:00,0,0
2004/3/25 1:30,0,0
2004/3/25 2:00,0,0
2004/3/25 2:30,0,0
2004/3/25 3:00,0,0
2004/3/25 3:30,0,0
2004/3/25 4:00,0,0
2004/3/25 4:30,0,0
2004/3/25 5:00,0.257575758,1.159090909
2004/3/25 5:30,0.742424242,3.340909091
2004/3/25 6:00,9.904761905,44.57142857
2004/3/25 6:30,22.0952381,99.42857143
2004/3/25 7:00,49.84815185,224.3166833
2004/3/25 7:30,72.15184815,324.6833167
2004/3/25 8:00,73.59962285,331.1983028
2004/3/25 8:30,90.40037715,406.8016972
2004/3/25 9:00,128.3425793,577.5416069
2004/3/25 9:30,152.6574207,686.9583931
2004/3/25 10:00,162.3606516,730.6229324
2004/3/25 10:30,169.6393484,763.3770676
2004/3/25 11:00,162.6465373,731.9094179
2004/3/25 11:30,172.3534627,775.5905821
2004/3/25 12:00,205.7445238,925.8503572
2004/3/25 12:30,213.2554762,959.6496428
2004/3/25 13:00,208.8314866,939.7416898
2004/3/25 13:30,178.1685134,801.7583102
2004/3/25 14:00,126.4940169,569.223076
2004/3/25 14:30,92.50598311,416.276924
2004/3/25 15:00,60.02624176,270.1180879
2004/3/25 15:30,46.97375824,211.3819121
2004/3/25 16:00,47.13012478,212.0855615
2004/3/25 16:30,32.86987522,147.9144385
2004/3/25 17:00,15.31372549,68.91176471
2004/3/25 17:30,6.68627451,30.08823529
2004/3/25 18:00,0,0
2004/3/25 18:30,0,0
2004/3/25 19:00,0,0
2004/3/25 19:30,0,0
2004/3/25 20:00,0,0
2004/3/25 20:30,0,0
2004/3/25 21:00,0,0
2004/3/25 21:30,0,0
2004/3/25 22:00,0,0
2004/3/25 22:30,0,0
2004/3/25 23:00,0,0
2004/3/25 23:30,0,0
2004/3/26 0:00,0,0
2004/3/26 0:30,0,0
2004/3/26 1:00,0,0
2004/3/26 1:30,0,0
2004/3/26 2:00,0,0
2004/3/26 2:30,0,0
2004/3/26 3:00,0,0
2004/3/26 3:30,0,0
2004/3/26 4:00,0,0
2004/3/26 4:30,0,0
2004/3/26 5:00,0.261363636,1.176136363
2004/3/26 5:30,0.738636364,3.323863637
2004/3/26 6:00,6.816949617,30.67627327
2004/3/26 6:30,14.18305038,63.82372673
2004/3/26 7:00,24.06419882,108.2888947
2004/3/26 7:30,37.93580118,170.7111053
2004/3/26 8:00,60.79563896,273.5803753
2004/3/26 8:30,84.20436104,378.9196247
2004/3/26 9:00,108.3706993,487.668147
2004/3/26 9:30,130.6293007,587.831853
2004/3/26 10:00,140.5568444,632.5057999
2004/3/26 10:30,168.4431556,757.9942001
2004/3/26 11:00,225.210946,1013.449257
2004/3/26 11:30,271.789054,1223.050743
2004/3/26 12:00,322.0461973,1449.207888
2004/3/26 12:30,338.9538027,1525.292112
2004/3/26 13:00,315.2351317,1418.558093
2004/3/26 13:30,295.7648683,1330.941907
2004/3/26 14:00,268.6452805,1208.903762
2004/3/26 14:30,243.3547195,1095.096238
2004/3/26 15:00,226.3559769,1018.601896
2004/3/26 15:30,184.6440231,830.8981041
2004/3/26 16:00,136.9351569,616.2082062
2004/3/26 16:30,86.06484307,387.2917938
2004/3/26 17:00,37.20561594,167.4252717
2004/3/26 17:30,15.79438406,71.07472826
2004/3/26 18:00,0,0
2004/3/26 18:30,0,0
2004/3/26 19:00,0,0
2004/3/26 19:30,0,0
2004/3/26 20:00,0,0
2004/3/26 20:30,0,0
2004/3/26 21:00,0,0
2004/3/26 21:30,0,0
2004/3/26 22:00,0,0
2004/3/26 22:30,0,0
2004/3/26 23:00,0,0
2004/3/26 23:30,0,0
2004/3/27 0:00,0,0
2004/3/27 0:30,0,0
2004/3/27 1:00,0,0
2004/3/27 1:30,0,0
2004/3/27 2:00,0,0
2004/3/27 2:30,0,0
2004/3/27 3:00,0,0
2004/3/27 3:30,0,0
2004/3/27 4:00,0,0
2004/3/27 4:30,0,0
2004/3/27 5:00,1.848,8.316
2004/3/27 5:30,5.152,23.184
2004/3/27 6:00,38.93947204,175.2276242
2004/3/27 6:30,79.06052796,355.7723758
2004/3/27 7:00,136.5260057,614.3670257
2004/3/27 7:30,192.4739943,866.1329743
2004/3/27 8:00,226.9539832,1021.292925
2004/3/27 8:30,275.0460168,1237.707075
2004/3/27 9:00,335.3659696,1509.146863
2004/3/27 9:30,379.6340304,1708.353137
2004/3/27 10:00,402.4310761,1810.939842
2004/3/27 10:30,424.5689239,1910.560158
2004/3/27 11:00,439.7508648,1978.878892
2004/3/27 11:30,446.2491352,2008.121108
2004/3/27 12:00,445.2673092,2003.702891
2004/3/27 12:30,431.7326908,1942.797109
2004/3/27 13:00,405.9772496,1826.897623
2004/3/27 13:30,377.0227504,1696.602377
2004/3/27 14:00,347.3404288,1563.031929
2004/3/27 14:30,304.6595712,1370.968071
2004/3/27 15:00,258.5748885,1163.586998
2004/3/27 15:30,203.4251115,915.4130019
2004/3/27 16:00,151.4628796,681.582958
2004/3/27 16:30,93.53712043,420.917042
2004/3/27 17:00,38.06187291,171.2784281
2004/3/27 17:30,15.93812709,71.72157191
2004/3/27 18:00,0,0
2004/3/27 18:30,0,0
2004/3/27 19:00,0,0
2004/3/27 19:30,0,0
2004/3/27 20:00,0,0
2004/3/27 20:30,0,0
2004/3/27 21:00,0,0
2004/3/27 21:30,0,0
2004/3/27 22:00,0,0
2004/3/27 22:30,0,0
2004/3/27 23:00,0,0
2004/3/27 23:30,0,0
2004/3/28 0:00,0,0
2004/3/28 0:30,0,0
2004/3/28 1:00,0,0
2004/3/28 1:30,0,0
2004/3/28 2:00,0,0
2004/3/28 2:30,0,0
2004/3/28 3:00,0,0
2004/3/28 3:30,0,0
2004/3/28 4:00,0,0
2004/3/28 4:30,0,0
2004/3/28 5:00,1.835069444,8.2578125
2004/3/28 5:30,5.164930556,23.2421875
2004/3/28 6:00,45.56976595,205.0639468
2004/3/28 6:30,91.43023405,411.4360532
2004/3/28 7:00,145.4547121,654.5462043
2004/3/28 7:30,203.5452879,915.9537957
2004/3/28 8:00,253.2032441,1139.414599
2004/3/28 8:30,303.7967559,1367.085401
2004/3/28 9:00,345.4893975,1554.702289
2004/3/28 9:30,383.5106025,1725.797711
2004/3/28 10:00,412.5964053,1856.683824
2004/3/28 10:30,434.4035947,1954.816176
2004/3/28 11:00,445.9240817,2006.658368
2004/3/28 11:30,450.0759183,2025.341632
2004/3/28 12:00,446.0657648,2007.295942
2004/3/28 12:30,432.9342352,1948.204058
2004/3/28 13:00,412.6099999,1856.744999
2004/3/28 13:30,382.3900001,1720.755001
2004/3/28 14:00,345.9952416,1556.978587
2004/3/28 14:30,302.0047584,1359.021413
2004/3/28 15:00,257.1854962,1157.334733
2004/3/28 15:30,202.8145038,912.6652673
2004/3/28 16:00,151.666848,682.5008161
2004/3/28 16:30,94.33315198,424.4991839
2004/3/28 17:00,39.40397351,177.3178808
2004/3/28 17:30,16.59602649,74.6821192
2004/3/28 18:00,0,0
2004/3/28 18:30,0,0
2004/3/28 19:00,0,0
2004/3/28 19:30,0,0
2004/3/28 20:00,0,0
2004/3/28 20:30,0,0
2004/3/28 21:00,0,0
2004/3/28 21:30,0,0
2004/3/28 22:00,0,0
2004/3/28 22:30,0,0
2004/3/28 23:00,0,0
2004/3/28 23:30,0,0
2004/3/29 0:00,0,0
2004/3/29 0:30,0,0
2004/3/29 1:00,0,0
2004/3/29 1:30,0,0
2004/3/29 2:00,0,0
2004/3/29 2:30,0,0
2004/3/29 3:00,0,0
2004/3/29 3:30,0,0
2004/3/29 4:00,0,0
2004/3/29 4:30,0,0
2004/3/29 5:00,2.112676056,9.507042254
2004/3/29 5:30,5.887323944,26.49295775
2004/3/29 6:00,44.83785026,201.7703262
2004/3/29 6:30,89.16214974,401.2296738
2004/3/29 7:00,142.1843719,639.8296734
2004/3/29 7:30,198.8156281,894.6703266
2004/3/29 8:00,246.8968004,1111.035602
2004/3/29 8:30,296.1031996,1332.464398
2004/3/29 9:00,336.99711,1516.486995
2004/3/29 9:30,374.00289,1683.013005
2004/3/29 10:00,403.2464002,1814.608801
2004/3/29 10:30,421.7535998,1897.891199
2004/3/29 11:00,423.29025,1904.806125
2004/3/29 11:30,427.70975,1924.693875
2004/3/29 12:00,439.8554596,1979.349568
2004/3/29 12:30,420.1445404,1890.650432
2004/3/29 13:00,370.4019102,1666.808596
2004/3/29 13:30,337.5980898,1519.191404
2004/3/29 14:00,315.3698951,1419.164528
2004/3/29 14:30,277.6301049,1249.335472
2004/3/29 15:00,237.8135068,1070.160781
2004/3/29 15:30,186.1864932,837.8392193
2004/3/29 16:00,134.825859,606.7163656
2004/3/29 16:30,83.17414098,374.2836344
2004/3/29 17:00,35.16791045,158.255597
2004/3/29 17:30,14.83208955,66.74440298
2004/3/29 18:00,0,0
2004/3/29 18:30,0,0
2004/3/29 19:00,0,0
2004/3/29 19:30,0,0
2004/3/29 20:00,0,0
2004/3/29 20:30,0,0
2004/3/29 21:00,0,0
2004/3/29 21:30,0,0
2004/3/29 22:00,0,0
2004/3/29 22:30,0,0
2004/3/29 23:00,0,0
2004/3/29 23:30,0,0
2004/3/30 0:00,0,0
2004/3/30 0:30,0,0
2004/3/30 1:00,0,0
2004/3/30 1:30,0,0
2004/3/30 2:00,0,0
2004/3/30 2:30,0,0
2004/3/30 3:00,0,0
2004/3/30 3:30,0,0
2004/3/30 4:00,0,0
2004/3/30 4:30,0,0
2004/3/30 5:00,1.848,8.316
2004/3/30 5:30,5.152,23.184
2004/3/30 6:00,40.43466667,181.956
2004/3/30 6:30,77.56533333,349.044
2004/3/30 7:00,111.5365956,501.9146803
2004/3/30 7:30,145.4634044,654.5853197
2004/3/30 8:00,159.2184275,716.4829238
2004/3/30 8:30,193.7815725,872.0170762
2004/3/30 9:00,273.4329263,1230.448168
2004/3/30 9:30,295.5670737,1330.051832
2004/3/30 10:00,253.0059202,1138.526641
2004/3/30 10:30,232.9940798,1048.473359
2004/3/30 11:00,205.4590395,924.5656778
2004/3/30 11:30,203.5409605,915.9343222
2004/3/30 12:00,238.1775629,1071.799033
2004/3/30 12:30,229.8224371,1034.200967
2004/3/30 13:00,191.8074694,863.1336124
2004/3/30 13:30,162.1925306,729.8663876
2004/3/30 14:00,140.6131539,632.7591928
2004/3/30 14:30,97.38684605,438.2408072
2004/3/30 15:00,42.54375732,191.4469079
2004/3/30 15:30,30.45624268,137.0530921
2004/3/30 16:00,34.98914729,157.4511628
2004/3/30 16:30,21.01085271,94.54883721
2004/3/30 17:00,2.933333333,13.2
2004/3/30 17:30,1.066666667,4.8
2004/3/30 18:00,0,0
2004/3/30 18:30,0,0
2004/3/30 19:00,0,0
2004/3/30 19:30,0,0
2004/3/30 20:00,0,0
2004/3/30 20:30,0,0
2004/3/30 21:00,0,0
2004/3/30 21:30,0,0
2004/3/30 22:00,0,0
2004/3/30 22:30,0,0
2004/3/30 23:00,0,0
2004/3/30 23:30,0,0
2004/3/31 0:00,0,0
2004/3/31 0:30,0,0
2004/3/31 1:00,0,0
2004/3/31 1:30,0,0
2004/3/31 2:00,0,0
2004/3/31 2:30,0,0
2004/3/31 3:00,0,0
2004/3/31 3:30,0,0
2004/3/31 4:00,0,0
2004/3/31 4:30,0,0
2004/3/31 5:00,2.661290322,11.97580645
2004/3/31 5:30,7.338709678,33.02419355
2004/3/31 6:00,49.16466541,221.2409944
2004/3/31 6:30,95.83533459,431.2590056
2004/3/31 7:00,148.091822,666.4131992
2004/3/31 7:30,203.908178,917.5868008
2004/3/31 8:00,250.3085548,1126.388496
2004/3/31 8:30,297.6914452,1339.611504
2004/3/31 9:00,336.7148055,1515.216625
2004/3/31 9:30,372.2851945,1675.283375
2004/3/31 10:00,401.5685238,1807.058357
2004/3/31 10:30,418.4314762,1882.941643
2004/3/31 11:00,422.2415944,1900.087175
2004/3/31 11:30,413.7584056,1861.912825
2004/3/31 12:00,392.0134496,1764.060523
2004/3/31 12:30,363.9865504,1637.939477
2004/3/31 13:00,333.3660745,1500.147335
2004/3/31 13:30,287.6339255,1294.352665
2004/3/31 14:00,223.6694165,1006.512374
2004/3/31 14:30,193.3305835,869.9876257
2004/3/31 15:00,188.758818,849.4146811
2004/3/31 15:30,156.241182,703.0853189
2004/3/31 16:00,118.9869253,535.4411639
2004/3/31 16:30,74.0130747,333.0588361
2004/3/31 17:00,28.95405983,130.2932692
2004/3/31 17:30,12.04594017,54.20673077
2004/3/31 18:00,0,0
2004/3/31 18:30,0,0
2004/3/31 19:00,0,0
2004/3/31 19:30,0,0
2004/3/31 20:00,0,0
2004/3/31 20:30,0,0
2004/3/31 21:00,0,0
2004/3/31 21:30,0,0
2004/3/31 22:00,0,0
2004/3/31 22:30,0,0
