,time,ãCâ∑[Åé]
1,2003/4/1 0:00,12.7
2,30,12.45
3,2003/4/1 1:00,12.2
4,30,12.1
5,2003/4/1 2:00,12
6,30,12.25
7,2003/4/1 3:00,12.5
8,30,12.25
9,2003/4/1 4:00,12
10,30,11.8
11,2003/4/1 5:00,11.6
12,30,11.05
13,2003/4/1 6:00,10.5
14,30,10.35
15,2003/4/1 7:00,10.2
16,30,11.25
17,2003/4/1 8:00,12.3
18,30,13.5
19,2003/4/1 9:00,14.7
20,30,15.05
21,2003/4/1 10:00,15.4
22,30,15.75
23,2003/4/1 11:00,16.1
24,30,16.45
25,2003/4/1 12:00,16.8
26,30,16.25
27,2003/4/1 13:00,15.7
28,30,15.8
29,2003/4/1 14:00,15.9
30,30,15.6
31,2003/4/1 15:00,15.3
32,30,14.75
33,2003/4/1 16:00,14.2
34,30,13.45
35,2003/4/1 17:00,12.7
36,30,11.95
37,2003/4/1 18:00,11.2
38,30,10.75
39,2003/4/1 19:00,10.3
40,30,10.15
41,2003/4/1 20:00,10
42,30,9.9
43,2003/4/1 21:00,9.8
44,30,9.8
45,2003/4/1 22:00,9.8
46,30,9.65
47,2003/4/1 23:00,9.5
48,30,9.4
49,2003/4/2 0:00,9.3
50,30,9.1
51,2003/4/2 1:00,8.9
52,30,8.9
53,2003/4/2 2:00,8.9
54,30,8.9
55,2003/4/2 3:00,8.9
56,30,8.95
57,2003/4/2 4:00,9
58,30,8.95
59,2003/4/2 5:00,8.9
60,30,8.55
61,2003/4/2 6:00,8.2
62,30,8.2
63,2003/4/2 7:00,8.2
64,30,8.25
65,2003/4/2 8:00,8.3
66,30,8.25
67,2003/4/2 9:00,8.2
68,30,8.35
69,2003/4/2 10:00,8.5
70,30,8.6
71,2003/4/2 11:00,8.7
72,30,8.7
73,2003/4/2 12:00,8.7
74,30,8.7
75,2003/4/2 13:00,8.7
76,30,8.85
77,2003/4/2 14:00,9
78,30,9.15
79,2003/4/2 15:00,9.3
80,30,9.35
81,2003/4/2 16:00,9.4
82,30,9.4
83,2003/4/2 17:00,9.4
84,30,9.45
85,2003/4/2 18:00,9.5
86,30,9.6
87,2003/4/2 19:00,9.7
88,30,9.7
89,2003/4/2 20:00,9.7
90,30,9.65
91,2003/4/2 21:00,9.6
92,30,9.45
93,2003/4/2 22:00,9.3
94,30,9.25
95,2003/4/2 23:00,9.2
96,30,9.25
97,2003/4/3 0:00,9.3
98,30,9.3
99,2003/4/3 1:00,9.3
100,30,9.05
101,2003/4/3 2:00,8.8
102,30,8.75
103,2003/4/3 3:00,8.7
104,30,8.2
105,2003/4/3 4:00,7.7
106,30,7.65
107,2003/4/3 5:00,7.6
108,30,7.6
109,2003/4/3 6:00,7.6
110,30,7.95
111,2003/4/3 7:00,8.3
112,30,8.8
113,2003/4/3 8:00,9.3
114,30,10.25
115,2003/4/3 9:00,11.2
116,30,11.7
117,2003/4/3 10:00,12.2
118,30,12.45
119,2003/4/3 11:00,12.7
120,30,13
121,2003/4/3 12:00,13.3
122,30,13.3
123,2003/4/3 13:00,13.3
124,30,13.05
125,2003/4/3 14:00,12.8
126,30,12.9
127,2003/4/3 15:00,13
128,30,12.4
129,2003/4/3 16:00,11.8
130,30,11.35
131,2003/4/3 17:00,10.9
132,30,10.2
133,2003/4/3 18:00,9.5
134,30,8.95
135,2003/4/3 19:00,8.4
136,30,8.05
137,2003/4/3 20:00,7.7
138,30,7.4
139,2003/4/3 21:00,7.1
140,30,6.75
141,2003/4/3 22:00,6.4
142,30,6.2
143,2003/4/3 23:00,6
144,30,6
145,2003/4/4 0:00,6
146,30,5.7
147,2003/4/4 1:00,5.4
148,30,4.95
149,2003/4/4 2:00,4.5
150,30,4.3
151,2003/4/4 3:00,4.1
152,30,3.8
153,2003/4/4 4:00,3.5
154,30,3.6
155,2003/4/4 5:00,3.7
156,30,3.75
157,2003/4/4 6:00,3.8
158,30,4.7
159,2003/4/4 7:00,5.6
160,30,6.7
161,2003/4/4 8:00,7.8
162,30,8.35
163,2003/4/4 9:00,8.9
164,30,9.35
165,2003/4/4 10:00,9.8
166,30,10.7
167,2003/4/4 11:00,11.6
168,30,11.95
169,2003/4/4 12:00,12.3
170,30,12.7
171,2003/4/4 13:00,13.1
172,30,13.25
173,2003/4/4 14:00,13.4
174,30,13.6
175,2003/4/4 15:00,13.8
176,30,13.2
177,2003/4/4 16:00,12.6
178,30,12.15
179,2003/4/4 17:00,11.7
180,30,11.15
181,2003/4/4 18:00,10.6
182,30,10.2
183,2003/4/4 19:00,9.8
184,30,9.75
185,2003/4/4 20:00,9.7
186,30,9.6
187,2003/4/4 21:00,9.5
188,30,9.15
189,2003/4/4 22:00,8.8
190,30,8.55
191,2003/4/4 23:00,8.3
192,30,8.1
193,2003/4/5 0:00,7.9
194,30,7.65
195,2003/4/5 1:00,7.4
196,30,7.4
197,2003/4/5 2:00,7.4
198,30,7.2
199,2003/4/5 3:00,7
200,30,6.75
201,2003/4/5 4:00,6.5
202,30,6.45
203,2003/4/5 5:00,6.4
204,30,6.3
205,2003/4/5 6:00,6.2
206,30,6.15
207,2003/4/5 7:00,6.1
208,30,6
209,2003/4/5 8:00,5.9
210,30,5.85
211,2003/4/5 9:00,5.8
212,30,5.7
213,2003/4/5 10:00,5.6
214,30,5.65
215,2003/4/5 11:00,5.7
216,30,5.6
217,2003/4/5 12:00,5.5
218,30,5.45
219,2003/4/5 13:00,5.4
220,30,5.45
221,2003/4/5 14:00,5.5
222,30,5.2
223,2003/4/5 15:00,4.9
224,30,5
225,2003/4/5 16:00,5.1
226,30,5.35
227,2003/4/5 17:00,5.6
228,30,5.65
229,2003/4/5 18:00,5.7
230,30,5.8
231,2003/4/5 19:00,5.9
232,30,6.05
233,2003/4/5 20:00,6.2
234,30,6.25
235,2003/4/5 21:00,6.3
236,30,6.3
237,2003/4/5 22:00,6.3
238,30,6.25
239,2003/4/5 23:00,6.2
240,30,6.15
241,2003/4/6 0:00,6.1
242,30,6.15
243,2003/4/6 1:00,6.2
244,30,6.1
245,2003/4/6 2:00,6
246,30,5.75
247,2003/4/6 3:00,5.5
248,30,5.45
249,2003/4/6 4:00,5.4
250,30,5.1
251,2003/4/6 5:00,4.8
252,30,4.95
253,2003/4/6 6:00,5.1
254,30,6.7
255,2003/4/6 7:00,8.3
256,30,9.25
257,2003/4/6 8:00,10.2
258,30,10.95
259,2003/4/6 9:00,11.7
260,30,12.15
261,2003/4/6 10:00,12.6
262,30,13.1
263,2003/4/6 11:00,13.6
264,30,13.65
265,2003/4/6 12:00,13.7
266,30,14.25
267,2003/4/6 13:00,14.8
268,30,14.6
269,2003/4/6 14:00,14.4
270,30,14.4
271,2003/4/6 15:00,14.4
272,30,14.3
273,2003/4/6 16:00,14.2
274,30,13.7
275,2003/4/6 17:00,13.2
276,30,12.65
277,2003/4/6 18:00,12.1
278,30,11.3
279,2003/4/6 19:00,10.5
280,30,10.05
281,2003/4/6 20:00,9.6
282,30,8.85
283,2003/4/6 21:00,8.1
284,30,7.8
285,2003/4/6 22:00,7.5
286,30,7.3
287,2003/4/6 23:00,7.1
288,30,6.6
289,2003/4/7 0:00,6.1
290,30,5.9
291,2003/4/7 1:00,5.7
292,30,5.6
293,2003/4/7 2:00,5.5
294,30,5.35
295,2003/4/7 3:00,5.2
296,30,4.9
297,2003/4/7 4:00,4.6
298,30,4.2
299,2003/4/7 5:00,3.8
300,30,4.1
301,2003/4/7 6:00,4.4
302,30,5.25
303,2003/4/7 7:00,6.1
304,30,7.45
305,2003/4/7 8:00,8.8
306,30,10.2
307,2003/4/7 9:00,11.6
308,30,13.1
309,2003/4/7 10:00,14.6
310,30,15.15
311,2003/4/7 11:00,15.7
312,30,16.7
313,2003/4/7 12:00,17.7
314,30,18.5
315,2003/4/7 13:00,19.3
316,30,19.85
317,2003/4/7 14:00,20.4
318,30,21
319,2003/4/7 15:00,21.6
320,30,21
321,2003/4/7 16:00,20.4
322,30,19.6
323,2003/4/7 17:00,18.8
324,30,17.95
325,2003/4/7 18:00,17.1
326,30,16.55
327,2003/4/7 19:00,16
328,30,15.8
329,2003/4/7 20:00,15.6
330,30,15.1
331,2003/4/7 21:00,14.6
332,30,14
333,2003/4/7 22:00,13.4
334,30,14.2
335,2003/4/7 23:00,15
336,30,15.45
337,2003/4/8 0:00,15.9
338,30,15.3
339,2003/4/8 1:00,14.7
340,30,15.1
341,2003/4/8 2:00,15.5
342,30,14.3
343,2003/4/8 3:00,13.1
344,30,12.8
345,2003/4/8 4:00,12.5
346,30,12.45
347,2003/4/8 5:00,12.4
348,30,12.35
349,2003/4/8 6:00,12.3
350,30,12.8
351,2003/4/8 7:00,13.3
352,30,14.3
353,2003/4/8 8:00,15.3
354,30,15.5
355,2003/4/8 9:00,15.7
356,30,16.1
357,2003/4/8 10:00,16.5
358,30,17.8
359,2003/4/8 11:00,19.1
360,30,19
361,2003/4/8 12:00,18.9
362,30,19.05
363,2003/4/8 13:00,19.2
364,30,19.4
365,2003/4/8 14:00,19.6
366,30,19
367,2003/4/8 15:00,18.4
368,30,17.55
369,2003/4/8 16:00,16.7
370,30,16.05
371,2003/4/8 17:00,15.4
372,30,15.3
373,2003/4/8 18:00,15.2
374,30,15.75
375,2003/4/8 19:00,16.3
376,30,16.95
377,2003/4/8 20:00,17.6
378,30,17.55
379,2003/4/8 21:00,17.5
380,30,16.2
381,2003/4/8 22:00,14.9
382,30,14.4
383,2003/4/8 23:00,13.9
384,30,13.65
385,2003/4/9 0:00,13.4
386,30,13
387,2003/4/9 1:00,12.6
388,30,12.05
389,2003/4/9 2:00,11.5
390,30,11.25
391,2003/4/9 3:00,11
392,30,11
393,2003/4/9 4:00,11
394,30,11.65
395,2003/4/9 5:00,12.3
396,30,11.85
397,2003/4/9 6:00,11.4
398,30,12.85
399,2003/4/9 7:00,14.3
400,30,15.2
401,2003/4/9 8:00,16.1
402,30,16.65
403,2003/4/9 9:00,17.2
404,30,17.5
405,2003/4/9 10:00,17.8
406,30,18.1
407,2003/4/9 11:00,18.4
408,30,18.8
409,2003/4/9 12:00,19.2
410,30,19.6
411,2003/4/9 13:00,20
412,30,19.8
413,2003/4/9 14:00,19.6
414,30,18.65
415,2003/4/9 15:00,17.7
416,30,17.05
417,2003/4/9 16:00,16.4
418,30,16.1
419,2003/4/9 17:00,15.8
420,30,15.35
421,2003/4/9 18:00,14.9
422,30,13.4
423,2003/4/9 19:00,11.9
424,30,11.2
425,2003/4/9 20:00,10.5
426,30,10.25
427,2003/4/9 21:00,10
428,30,9.75
429,2003/4/9 22:00,9.5
430,30,9.1
431,2003/4/9 23:00,8.7
432,30,8.3
433,2003/4/10 0:00,7.9
434,30,7.5
435,2003/4/10 1:00,7.1
436,30,6.85
437,2003/4/10 2:00,6.6
438,30,6.2
439,2003/4/10 3:00,5.8
440,30,5.7
441,2003/4/10 4:00,5.6
442,30,6.15
443,2003/4/10 5:00,6.7
444,30,6.45
445,2003/4/10 6:00,6.2
446,30,6.95
447,2003/4/10 7:00,7.7
448,30,8.25
449,2003/4/10 8:00,8.8
450,30,9.3
451,2003/4/10 9:00,9.8
452,30,10.3
453,2003/4/10 10:00,10.8
454,30,11.35
455,2003/4/10 11:00,11.9
456,30,11.9
457,2003/4/10 12:00,11.9
458,30,12.35
459,2003/4/10 13:00,12.8
460,30,13.25
461,2003/4/10 14:00,13.7
462,30,14.05
463,2003/4/10 15:00,14.4
464,30,14.55
465,2003/4/10 16:00,14.7
466,30,14.4
467,2003/4/10 17:00,14.1
468,30,13.7
469,2003/4/10 18:00,13.3
470,30,13
471,2003/4/10 19:00,12.7
472,30,11.7
473,2003/4/10 20:00,10.7
474,30,9.95
475,2003/4/10 21:00,9.2
476,30,9.05
477,2003/4/10 22:00,8.9
478,30,8.55
479,2003/4/10 23:00,8.2
480,30,7.9
481,2003/4/11 0:00,7.6
482,30,7.35
483,2003/4/11 1:00,7.1
484,30,6.7
485,2003/4/11 2:00,6.3
486,30,6.15
487,2003/4/11 3:00,6
488,30,5.75
489,2003/4/11 4:00,5.5
490,30,5.2
491,2003/4/11 5:00,4.9
492,30,5
493,2003/4/11 6:00,5.1
494,30,5.65
495,2003/4/11 7:00,6.2
496,30,6.75
497,2003/4/11 8:00,7.3
498,30,8.4
499,2003/4/11 9:00,9.5
500,30,10.55
501,2003/4/11 10:00,11.6
502,30,13.1
503,2003/4/11 11:00,14.6
504,30,15.05
505,2003/4/11 12:00,15.5
506,30,16.3
507,2003/4/11 13:00,17.1
508,30,16.75
509,2003/4/11 14:00,16.4
510,30,15.8
511,2003/4/11 15:00,15.2
512,30,15.15
513,2003/4/11 16:00,15.1
514,30,14.7
515,2003/4/11 17:00,14.3
516,30,14.2
517,2003/4/11 18:00,14.1
518,30,14.15
519,2003/4/11 19:00,14.2
520,30,14.2
521,2003/4/11 20:00,14.2
522,30,14.35
523,2003/4/11 21:00,14.5
524,30,14.5
525,2003/4/11 22:00,14.5
526,30,14.45
527,2003/4/11 23:00,14.4
528,30,14.2
529,2003/4/12 0:00,14
530,30,14
531,2003/4/12 1:00,14
532,30,14.15
533,2003/4/12 2:00,14.3
534,30,14.1
535,2003/4/12 3:00,13.9
536,30,13.9
537,2003/4/12 4:00,13.9
538,30,12.6
539,2003/4/12 5:00,11.3
540,30,11.15
541,2003/4/12 6:00,11
542,30,11.65
543,2003/4/12 7:00,12.3
544,30,13.25
545,2003/4/12 8:00,14.2
546,30,15.9
547,2003/4/12 9:00,17.6
548,30,18.75
549,2003/4/12 10:00,19.9
550,30,19.5
551,2003/4/12 11:00,19.1
552,30,19.55
553,2003/4/12 12:00,20
554,30,19.65
555,2003/4/12 13:00,19.3
556,30,18.95
557,2003/4/12 14:00,18.6
558,30,17.85
559,2003/4/12 15:00,17.1
560,30,17
561,2003/4/12 16:00,16.9
562,30,16.8
563,2003/4/12 17:00,16.7
564,30,16.1
565,2003/4/12 18:00,15.5
566,30,15.45
567,2003/4/12 19:00,15.4
568,30,15.1
569,2003/4/12 20:00,14.8
570,30,14.5
571,2003/4/12 21:00,14.2
572,30,14.05
573,2003/4/12 22:00,13.9
574,30,13.85
575,2003/4/12 23:00,13.8
576,30,13.6
577,2003/4/13 0:00,13.4
578,30,13.4
579,2003/4/13 1:00,13.4
580,30,13.4
581,2003/4/13 2:00,13.4
582,30,13.45
583,2003/4/13 3:00,13.5
584,30,13.35
585,2003/4/13 4:00,13.2
586,30,12.6
587,2003/4/13 5:00,12
588,30,11.95
589,2003/4/13 6:00,11.9
590,30,12.9
591,2003/4/13 7:00,13.9
592,30,14.8
593,2003/4/13 8:00,15.7
594,30,16.75
595,2003/4/13 9:00,17.8
596,30,18.25
597,2003/4/13 10:00,18.7
598,30,19.9
599,2003/4/13 11:00,21.1
600,30,21.55
601,2003/4/13 12:00,22
602,30,22.25
603,2003/4/13 13:00,22.5
604,30,22.8
605,2003/4/13 14:00,23.1
606,30,23.45
607,2003/4/13 15:00,23.8
608,30,23.65
609,2003/4/13 16:00,23.5
610,30,22.2
611,2003/4/13 17:00,20.9
612,30,20.2
613,2003/4/13 18:00,19.5
614,30,18.9
615,2003/4/13 19:00,18.3
616,30,17.95
617,2003/4/13 20:00,17.6
618,30,17.45
619,2003/4/13 21:00,17.3
620,30,17.2
621,2003/4/13 22:00,17.1
622,30,16.75
623,2003/4/13 23:00,16.4
624,30,15.95
625,2003/4/14 0:00,15.5
626,30,15.15
627,2003/4/14 1:00,14.8
628,30,14.5
629,2003/4/14 2:00,14.2
630,30,14.05
631,2003/4/14 3:00,13.9
632,30,13.7
633,2003/4/14 4:00,13.5
634,30,13.25
635,2003/4/14 5:00,13
636,30,12.75
637,2003/4/14 6:00,12.5
638,30,12.5
639,2003/4/14 7:00,12.5
640,30,12.75
641,2003/4/14 8:00,13
642,30,14
643,2003/4/14 9:00,15
644,30,15.6
645,2003/4/14 10:00,16.2
646,30,16.65
647,2003/4/14 11:00,17.1
648,30,17.4
649,2003/4/14 12:00,17.7
650,30,17.45
651,2003/4/14 13:00,17.2
652,30,17.05
653,2003/4/14 14:00,16.9
654,30,16.35
655,2003/4/14 15:00,15.8
656,30,15.4
657,2003/4/14 16:00,15
658,30,14.6
659,2003/4/14 17:00,14.2
660,30,13.75
661,2003/4/14 18:00,13.3
662,30,13.2
663,2003/4/14 19:00,13.1
664,30,12.75
665,2003/4/14 20:00,12.4
666,30,12.2
667,2003/4/14 21:00,12
668,30,11.85
669,2003/4/14 22:00,11.7
670,30,11.6
671,2003/4/14 23:00,11.5
672,30,11.55
673,2003/4/15 0:00,11.6
674,30,11.45
675,2003/4/15 1:00,11.3
676,30,11.1
677,2003/4/15 2:00,10.9
678,30,10.8
679,2003/4/15 3:00,10.7
680,30,10.6
681,2003/4/15 4:00,10.5
682,30,10.6
683,2003/4/15 5:00,10.7
684,30,10.7
685,2003/4/15 6:00,10.7
686,30,10.8
687,2003/4/15 7:00,10.9
688,30,10.85
689,2003/4/15 8:00,10.8
690,30,10.7
691,2003/4/15 9:00,10.6
692,30,10.65
693,2003/4/15 10:00,10.7
694,30,10.9
695,2003/4/15 11:00,11.1
696,30,11.15
697,2003/4/15 12:00,11.2
698,30,11.3
699,2003/4/15 13:00,11.4
700,30,11.45
701,2003/4/15 14:00,11.5
702,30,11.6
703,2003/4/15 15:00,11.7
704,30,11.2
705,2003/4/15 16:00,10.7
706,30,10.75
707,2003/4/15 17:00,10.8
708,30,10.75
709,2003/4/15 18:00,10.7
710,30,10.65
711,2003/4/15 19:00,10.6
712,30,10.55
713,2003/4/15 20:00,10.5
714,30,10.55
715,2003/4/15 21:00,10.6
716,30,10.6
717,2003/4/15 22:00,10.6
718,30,10.55
719,2003/4/15 23:00,10.5
720,30,10.5
721,2003/4/16 0:00,10.5
722,30,10.55
723,2003/4/16 1:00,10.6
724,30,10.65
725,2003/4/16 2:00,10.7
726,30,10.6
727,2003/4/16 3:00,10.5
728,30,10.5
729,2003/4/16 4:00,10.5
730,30,10.5
731,2003/4/16 5:00,10.5
732,30,10.55
733,2003/4/16 6:00,10.6
734,30,11.05
735,2003/4/16 7:00,11.5
736,30,12.35
737,2003/4/16 8:00,13.2
738,30,14
739,2003/4/16 9:00,14.8
740,30,15.75
741,2003/4/16 10:00,16.7
742,30,17.35
743,2003/4/16 11:00,18
744,30,18.35
745,2003/4/16 12:00,18.7
746,30,19.35
747,2003/4/16 13:00,20
748,30,20.15
749,2003/4/16 14:00,20.3
750,30,20.2
751,2003/4/16 15:00,20.1
752,30,19.8
753,2003/4/16 16:00,19.5
754,30,18.95
755,2003/4/16 17:00,18.4
756,30,17.55
757,2003/4/16 18:00,16.7
758,30,15.95
759,2003/4/16 19:00,15.2
760,30,14.75
761,2003/4/16 20:00,14.3
762,30,13.9
763,2003/4/16 21:00,13.5
764,30,13.15
765,2003/4/16 22:00,12.8
766,30,12.45
767,2003/4/16 23:00,12.1
768,30,11.8
769,2003/4/17 0:00,11.5
770,30,11.1
771,2003/4/17 1:00,10.7
772,30,11.1
773,2003/4/17 2:00,11.5
774,30,11.55
775,2003/4/17 3:00,11.6
776,30,11.15
777,2003/4/17 4:00,10.7
778,30,10.9
779,2003/4/17 5:00,11.1
780,30,11.5
781,2003/4/17 6:00,11.9
782,30,12.5
783,2003/4/17 7:00,13.1
784,30,13.85
785,2003/4/17 8:00,14.6
786,30,15.1
787,2003/4/17 9:00,15.6
788,30,16.85
789,2003/4/17 10:00,18.1
790,30,19.5
791,2003/4/17 11:00,20.9
792,30,22.4
793,2003/4/17 12:00,23.9
794,30,23.6
795,2003/4/17 13:00,23.3
796,30,23.2
797,2003/4/17 14:00,23.1
798,30,23
799,2003/4/17 15:00,22.9
800,30,22.55
801,2003/4/17 16:00,22.2
802,30,21.8
803,2003/4/17 17:00,21.4
804,30,20.5
805,2003/4/17 18:00,19.6
806,30,19.1
807,2003/4/17 19:00,18.6
808,30,18.05
809,2003/4/17 20:00,17.5
810,30,17.05
811,2003/4/17 21:00,16.6
812,30,16.1
813,2003/4/17 22:00,15.6
814,30,15.2
815,2003/4/17 23:00,14.8
816,30,14.5
817,2003/4/18 0:00,14.2
818,30,13.95
819,2003/4/18 1:00,13.7
820,30,13.35
821,2003/4/18 2:00,13
822,30,13
823,2003/4/18 3:00,13
824,30,12.85
825,2003/4/18 4:00,12.7
826,30,12.35
827,2003/4/18 5:00,12
828,30,12.35
829,2003/4/18 6:00,12.7
830,30,13.65
831,2003/4/18 7:00,14.6
832,30,15.75
833,2003/4/18 8:00,16.9
834,30,17.6
835,2003/4/18 9:00,18.3
836,30,19.25
837,2003/4/18 10:00,20.2
838,30,21.45
839,2003/4/18 11:00,22.7
840,30,23.9
841,2003/4/18 12:00,25.1
842,30,25.65
843,2003/4/18 13:00,26.2
844,30,26.45
845,2003/4/18 14:00,26.7
846,30,26.95
847,2003/4/18 15:00,27.2
848,30,26.3
849,2003/4/18 16:00,25.4
850,30,24.9
851,2003/4/18 17:00,24.4
852,30,23.35
853,2003/4/18 18:00,22.3
854,30,21.5
855,2003/4/18 19:00,20.7
856,30,19.8
857,2003/4/18 20:00,18.9
858,30,18.5
859,2003/4/18 21:00,18.1
860,30,17.75
861,2003/4/18 22:00,17.4
862,30,17.2
863,2003/4/18 23:00,17
864,30,16.5
865,2003/4/19 0:00,16
866,30,15.95
867,2003/4/19 1:00,15.9
868,30,15.8
869,2003/4/19 2:00,15.7
870,30,15.65
871,2003/4/19 3:00,15.6
872,30,15.4
873,2003/4/19 4:00,15.2
874,30,14.95
875,2003/4/19 5:00,14.7
876,30,14.8
877,2003/4/19 6:00,14.9
878,30,15.35
879,2003/4/19 7:00,15.8
880,30,16.15
881,2003/4/19 8:00,16.5
882,30,18.5
883,2003/4/19 9:00,20.5
884,30,21.05
885,2003/4/19 10:00,21.6
886,30,23.3
887,2003/4/19 11:00,25
888,30,25.2
889,2003/4/19 12:00,25.4
890,30,25.9
891,2003/4/19 13:00,26.4
892,30,26.55
893,2003/4/19 14:00,26.7
894,30,25.85
895,2003/4/19 15:00,25
896,30,24.3
897,2003/4/19 16:00,23.6
898,30,23.45
899,2003/4/19 17:00,23.3
900,30,23.05
901,2003/4/19 18:00,22.8
902,30,22.35
903,2003/4/19 19:00,21.9
904,30,21.85
905,2003/4/19 20:00,21.8
906,30,21.4
907,2003/4/19 21:00,21
908,30,20.9
909,2003/4/19 22:00,20.8
910,30,20.5
911,2003/4/19 23:00,20.2
912,30,19.25
913,2003/4/20 0:00,18.3
914,30,18.15
915,2003/4/20 1:00,18
916,30,17.6
917,2003/4/20 2:00,17.2
918,30,17.05
919,2003/4/20 3:00,16.9
920,30,16.65
921,2003/4/20 4:00,16.4
922,30,16.5
923,2003/4/20 5:00,16.6
924,30,14.85
925,2003/4/20 6:00,13.1
926,30,12.8
927,2003/4/20 7:00,12.5
928,30,12.45
929,2003/4/20 8:00,12.4
930,30,12.55
931,2003/4/20 9:00,12.7
932,30,12.4
933,2003/4/20 10:00,12.1
934,30,11.55
935,2003/4/20 11:00,11
936,30,10.8
937,2003/4/20 12:00,10.6
938,30,10.85
939,2003/4/20 13:00,11.1
940,30,10.95
941,2003/4/20 14:00,10.8
942,30,10.85
943,2003/4/20 15:00,10.9
944,30,10.9
945,2003/4/20 16:00,10.9
946,30,10.9
947,2003/4/20 17:00,10.9
948,30,10.65
949,2003/4/20 18:00,10.4
950,30,10.25
951,2003/4/20 19:00,10.1
952,30,9.9
953,2003/4/20 20:00,9.7
954,30,9.7
955,2003/4/20 21:00,9.7
956,30,9.7
957,2003/4/20 22:00,9.7
958,30,9.5
959,2003/4/20 23:00,9.3
960,30,9.3
961,2003/4/21 0:00,9.3
962,30,9.1
963,2003/4/21 1:00,8.9
964,30,8.95
965,2003/4/21 2:00,9
966,30,8.95
967,2003/4/21 3:00,8.9
968,30,8.95
969,2003/4/21 4:00,9
970,30,8.85
971,2003/4/21 5:00,8.7
972,30,8.75
973,2003/4/21 6:00,8.8
974,30,8.9
975,2003/4/21 7:00,9
976,30,9.4
977,2003/4/21 8:00,9.8
978,30,9.95
979,2003/4/21 9:00,10.1
980,30,10.35
981,2003/4/21 10:00,10.6
982,30,10.9
983,2003/4/21 11:00,11.2
984,30,11.85
985,2003/4/21 12:00,12.5
986,30,13.3
987,2003/4/21 13:00,14.1
988,30,15.05
989,2003/4/21 14:00,16
990,30,18.1
991,2003/4/21 15:00,20.2
992,30,19.15
993,2003/4/21 16:00,18.1
994,30,17.05
995,2003/4/21 17:00,16
996,30,14.85
997,2003/4/21 18:00,13.7
998,30,12.7
999,2003/4/21 19:00,11.7
1000,30,11.25
1001,2003/4/21 20:00,10.8
1002,30,10.7
1003,2003/4/21 21:00,10.6
1004,30,10.55
1005,2003/4/21 22:00,10.5
1006,30,10.45
1007,2003/4/21 23:00,10.4
1008,30,10.3
1009,2003/4/22 0:00,10.2
1010,30,9.9
1011,2003/4/22 1:00,9.6
1012,30,9.4
1013,2003/4/22 2:00,9.2
1014,30,9.3
1015,2003/4/22 3:00,9.4
1016,30,9.3
1017,2003/4/22 4:00,9.2
1018,30,9.05
1019,2003/4/22 5:00,8.9
1020,30,9.05
1021,2003/4/22 6:00,9.2
1022,30,9.85
1023,2003/4/22 7:00,10.5
1024,30,11.25
1025,2003/4/22 8:00,12
1026,30,12.7
1027,2003/4/22 9:00,13.4
1028,30,14.15
1029,2003/4/22 10:00,14.9
1030,30,15.55
1031,2003/4/22 11:00,16.2
1032,30,16.35
1033,2003/4/22 12:00,16.5
1034,30,17.3
1035,2003/4/22 13:00,18.1
1036,30,17.85
1037,2003/4/22 14:00,17.6
1038,30,17.7
1039,2003/4/22 15:00,17.8
1040,30,17.1
1041,2003/4/22 16:00,16.4
1042,30,15.95
1043,2003/4/22 17:00,15.5
1044,30,14.65
1045,2003/4/22 18:00,13.8
1046,30,13.35
1047,2003/4/22 19:00,12.9
1048,30,12.85
1049,2003/4/22 20:00,12.8
1050,30,12.65
1051,2003/4/22 21:00,12.5
1052,30,12.3
1053,2003/4/22 22:00,12.1
1054,30,12.1
1055,2003/4/22 23:00,12.1
1056,30,12.15
1057,2003/4/23 0:00,12.2
1058,30,12.35
1059,2003/4/23 1:00,12.5
1060,30,12.5
1061,2003/4/23 2:00,12.5
1062,30,12.7
1063,2003/4/23 3:00,12.9
1064,30,12.95
1065,2003/4/23 4:00,13
1066,30,12.4
1067,2003/4/23 5:00,11.8
1068,30,11.55
1069,2003/4/23 6:00,11.3
1070,30,11.4
1071,2003/4/23 7:00,11.5
1072,30,12.1
1073,2003/4/23 8:00,12.7
1074,30,13.35
1075,2003/4/23 9:00,14
1076,30,14.45
1077,2003/4/23 10:00,14.9
1078,30,15.2
1079,2003/4/23 11:00,15.5
1080,30,15.5
1081,2003/4/23 12:00,15.5
1082,30,15.7
1083,2003/4/23 13:00,15.9
1084,30,15.9
1085,2003/4/23 14:00,15.9
1086,30,16.2
1087,2003/4/23 15:00,16.5
1088,30,16.45
1089,2003/4/23 16:00,16.4
1090,30,16.45
1091,2003/4/23 17:00,16.5
1092,30,16.45
1093,2003/4/23 18:00,16.4
1094,30,16.45
1095,2003/4/23 19:00,16.5
1096,30,16.85
1097,2003/4/23 20:00,17.2
1098,30,17.2
1099,2003/4/23 21:00,17.2
1100,30,17.25
1101,2003/4/23 22:00,17.3
1102,30,17.3
1103,2003/4/23 23:00,17.3
1104,30,17.05
1105,2003/4/24 0:00,16.8
1106,30,16.65
1107,2003/4/24 1:00,16.5
1108,30,16.7
1109,2003/4/24 2:00,16.9
1110,30,15.6
1111,2003/4/24 3:00,14.3
1112,30,14.05
1113,2003/4/24 4:00,13.8
1114,30,13.95
1115,2003/4/24 5:00,14.1
1116,30,14
1117,2003/4/24 6:00,13.9
1118,30,14.25
1119,2003/4/24 7:00,14.6
1120,30,14.95
1121,2003/4/24 8:00,15.3
1122,30,15.75
1123,2003/4/24 9:00,16.2
1124,30,17.1
1125,2003/4/24 10:00,18
1126,30,18.5
1127,2003/4/24 11:00,19
1128,30,19.05
1129,2003/4/24 12:00,19.1
1130,30,19.3
1131,2003/4/24 13:00,19.5
1132,30,20
1133,2003/4/24 14:00,20.5
1134,30,20.5
1135,2003/4/24 15:00,20.5
1136,30,19.8
1137,2003/4/24 16:00,19.1
1138,30,18.5
1139,2003/4/24 17:00,17.9
1140,30,17.35
1141,2003/4/24 18:00,16.8
1142,30,16.5
1143,2003/4/24 19:00,16.2
1144,30,16.05
1145,2003/4/24 20:00,15.9
1146,30,15.9
1147,2003/4/24 21:00,15.9
1148,30,15.85
1149,2003/4/24 22:00,15.8
1150,30,15.5
1151,2003/4/24 23:00,15.2
1152,30,15.05
1153,2003/4/25 0:00,14.9
1154,30,14.85
1155,2003/4/25 1:00,14.8
1156,30,14.7
1157,2003/4/25 2:00,14.6
1158,30,14.6
1159,2003/4/25 3:00,14.6
1160,30,14.65
1161,2003/4/25 4:00,14.7
1162,30,14.6
1163,2003/4/25 5:00,14.5
1164,30,14.6
1165,2003/4/25 6:00,14.7
1166,30,14.7
1167,2003/4/25 7:00,14.7
1168,30,14.85
1169,2003/4/25 8:00,15
1170,30,15.1
1171,2003/4/25 9:00,15.2
1172,30,15.45
1173,2003/4/25 10:00,15.7
1174,30,15.9
1175,2003/4/25 11:00,16.1
1176,30,16.2
1177,2003/4/25 12:00,16.3
1178,30,16.45
1179,2003/4/25 13:00,16.6
1180,30,16.75
1181,2003/4/25 14:00,16.9
1182,30,17
1183,2003/4/25 15:00,17.1
1184,30,16.75
1185,2003/4/25 16:00,16.4
1186,30,16.4
1187,2003/4/25 17:00,16.4
1188,30,16.15
1189,2003/4/25 18:00,15.9
1190,30,15.35
1191,2003/4/25 19:00,14.8
1192,30,14.4
1193,2003/4/25 20:00,14
1194,30,13.9
1195,2003/4/25 21:00,13.8
1196,30,13.65
1197,2003/4/25 22:00,13.5
1198,30,13.45
1199,2003/4/25 23:00,13.4
1200,30,13.4
1201,2003/4/26 0:00,13.4
1202,30,13.2
1203,2003/4/26 1:00,13
1204,30,13
1205,2003/4/26 2:00,13
1206,30,13.4
1207,2003/4/26 3:00,13.8
1208,30,14.05
1209,2003/4/26 4:00,14.3
1210,30,13.7
1211,2003/4/26 5:00,13.1
1212,30,13.15
1213,2003/4/26 6:00,13.2
1214,30,13.5
1215,2003/4/26 7:00,13.8
1216,30,13.95
1217,2003/4/26 8:00,14.1
1218,30,14.4
1219,2003/4/26 9:00,14.7
1220,30,15.85
1221,2003/4/26 10:00,17
1222,30,17.55
1223,2003/4/26 11:00,18.1
1224,30,19.6
1225,2003/4/26 12:00,21.1
1226,30,22.9
1227,2003/4/26 13:00,24.7
1228,30,24.15
1229,2003/4/26 14:00,23.6
1230,30,24.45
1231,2003/4/26 15:00,25.3
1232,30,26.05
1233,2003/4/26 16:00,26.8
1234,30,26.5
1235,2003/4/26 17:00,26.2
1236,30,25.1
1237,2003/4/26 18:00,24
1238,30,23
1239,2003/4/26 19:00,22
1240,30,21.2
1241,2003/4/26 20:00,20.4
1242,30,19.9
1243,2003/4/26 21:00,19.4
1244,30,19.15
1245,2003/4/26 22:00,18.9
1246,30,18.15
1247,2003/4/26 23:00,17.4
1248,30,16.6
1249,2003/4/27 0:00,15.8
1250,30,15.3
1251,2003/4/27 1:00,14.8
1252,30,14.25
1253,2003/4/27 2:00,13.7
1254,30,13
1255,2003/4/27 3:00,12.3
1256,30,12.15
1257,2003/4/27 4:00,12
1258,30,12.15
1259,2003/4/27 5:00,12.3
1260,30,12.35
1261,2003/4/27 6:00,12.4
1262,30,12.4
1263,2003/4/27 7:00,12.4
1264,30,12.6
1265,2003/4/27 8:00,12.8
1266,30,13.15
1267,2003/4/27 9:00,13.5
1268,30,14.6
1269,2003/4/27 10:00,15.7
1270,30,16.35
1271,2003/4/27 11:00,17
1272,30,18.1
1273,2003/4/27 12:00,19.2
1274,30,19.7
1275,2003/4/27 13:00,20.2
1276,30,20.05
1277,2003/4/27 14:00,19.9
1278,30,20.3
1279,2003/4/27 15:00,20.7
1280,30,20.85
1281,2003/4/27 16:00,21
1282,30,20.75
1283,2003/4/27 17:00,20.5
1284,30,19.5
1285,2003/4/27 18:00,18.5
1286,30,17.65
1287,2003/4/27 19:00,16.8
1288,30,16.35
1289,2003/4/27 20:00,15.9
1290,30,15.2
1291,2003/4/27 21:00,14.5
1292,30,14.25
1293,2003/4/27 22:00,14
1294,30,13.95
1295,2003/4/27 23:00,13.9
1296,30,13.8
1297,2003/4/28 0:00,13.7
1298,30,13
1299,2003/4/28 1:00,12.3
1300,30,11.85
1301,2003/4/28 2:00,11.4
1302,30,11.35
1303,2003/4/28 3:00,11.3
1304,30,10.95
1305,2003/4/28 4:00,10.6
1306,30,10.35
1307,2003/4/28 5:00,10.1
1308,30,10.8
1309,2003/4/28 6:00,11.5
1310,30,12.7
1311,2003/4/28 7:00,13.9
1312,30,15.05
1313,2003/4/28 8:00,16.2
1314,30,17.35
1315,2003/4/28 9:00,18.5
1316,30,19.35
1317,2003/4/28 10:00,20.2
1318,30,21.25
1319,2003/4/28 11:00,22.3
1320,30,22.5
1321,2003/4/28 12:00,22.7
1322,30,23.2
1323,2003/4/28 13:00,23.7
1324,30,23.85
1325,2003/4/28 14:00,24
1326,30,23.95
1327,2003/4/28 15:00,23.9
1328,30,23.65
1329,2003/4/28 16:00,23.4
1330,30,22.55
1331,2003/4/28 17:00,21.7
1332,30,20.95
1333,2003/4/28 18:00,20.2
1334,30,19.65
1335,2003/4/28 19:00,19.1
1336,30,18.7
1337,2003/4/28 20:00,18.3
1338,30,18.05
1339,2003/4/28 21:00,17.8
1340,30,17.6
1341,2003/4/28 22:00,17.4
1342,30,16.95
1343,2003/4/28 23:00,16.5
1344,30,15.75
1345,2003/4/29 0:00,15
1346,30,14.6
1347,2003/4/29 1:00,14.2
1348,30,14
1349,2003/4/29 2:00,13.8
1350,30,13.5
1351,2003/4/29 3:00,13.2
1352,30,13
1353,2003/4/29 4:00,12.8
1354,30,12.5
1355,2003/4/29 5:00,12.2
1356,30,12.85
1357,2003/4/29 6:00,13.5
1358,30,14.6
1359,2003/4/29 7:00,15.7
1360,30,16.7
1361,2003/4/29 8:00,17.7
1362,30,19.2
1363,2003/4/29 9:00,20.7
1364,30,21.8
1365,2003/4/29 10:00,22.9
1366,30,23.2
1367,2003/4/29 11:00,23.5
1368,30,24.15
1369,2003/4/29 12:00,24.8
1370,30,24.75
1371,2003/4/29 13:00,24.7
1372,30,24.2
1373,2003/4/29 14:00,23.7
1374,30,23.6
1375,2003/4/29 15:00,23.5
1376,30,22.95
1377,2003/4/29 16:00,22.4
1378,30,21.9
1379,2003/4/29 17:00,21.4
1380,30,20.75
1381,2003/4/29 18:00,20.1
1382,30,19.7
1383,2003/4/29 19:00,19.3
1384,30,19.2
1385,2003/4/29 20:00,19.1
1386,30,19.05
1387,2003/4/29 21:00,19
1388,30,19.1
1389,2003/4/29 22:00,19.2
1390,30,19.25
1391,2003/4/29 23:00,19.3
1392,30,19.25
1393,2003/4/30 0:00,19.2
1394,30,19.2
1395,2003/4/30 1:00,19.2
1396,30,19.2
1397,2003/4/30 2:00,19.2
1398,30,19.3
1399,2003/4/30 3:00,19.4
1400,30,19.5
1401,2003/4/30 4:00,19.6
1402,30,19.65
1403,2003/4/30 5:00,19.7
1404,30,19.95
1405,2003/4/30 6:00,20.2
1406,30,20.7
1407,2003/4/30 7:00,21.2
1408,30,21.7
1409,2003/4/30 8:00,22.2
1410,30,22.7
1411,2003/4/30 9:00,23.2
1412,30,23
1413,2003/4/30 10:00,22.8
1414,30,20.25
1415,2003/4/30 11:00,17.7
1416,30,18.1
1417,2003/4/30 12:00,18.5
1418,30,18.2
1419,2003/4/30 13:00,17.9
1420,30,18.05
1421,2003/4/30 14:00,18.2
1422,30,18.35
1423,2003/4/30 15:00,18.5
1424,30,18.55
1425,2003/4/30 16:00,18.6
1426,30,17.8
1427,2003/4/30 17:00,17
1428,30,15.8
1429,2003/4/30 18:00,14.6
1430,30,14.7
1431,2003/4/30 19:00,14.8
1432,30,15.15
1433,2003/4/30 20:00,15.5
1434,30,15.05
1435,2003/4/30 21:00,14.6
1436,30,14.55
1437,2003/4/30 22:00,14.5
1438,30,14.3
1439,2003/4/30 23:00,14.1
1440,30,13.85
1441,2003/5/1 0:00,13.6
1442,30,13.4
1443,2003/5/1 1:00,13.2
1444,30,13
1445,2003/5/1 2:00,12.8
1446,30,12.3
1447,2003/5/1 3:00,11.8
1448,30,11.45
1449,2003/5/1 4:00,11.1
1450,30,10.65
1451,2003/5/1 5:00,10.2
1452,30,10.7
1453,2003/5/1 6:00,11.2
1454,30,11.9
1455,2003/5/1 7:00,12.6
1456,30,13.25
1457,2003/5/1 8:00,13.9
1458,30,14.6
1459,2003/5/1 9:00,15.3
1460,30,15.65
1461,2003/5/1 10:00,16
1462,30,16.15
1463,2003/5/1 11:00,16.3
1464,30,16.95
1465,2003/5/1 12:00,17.6
1466,30,17.8
1467,2003/5/1 13:00,18
1468,30,18.4
1469,2003/5/1 14:00,18.8
1470,30,19
1471,2003/5/1 15:00,19.2
1472,30,19.1
1473,2003/5/1 16:00,19
1474,30,18.45
1475,2003/5/1 17:00,17.9
1476,30,17.1
1477,2003/5/1 18:00,16.3
1478,30,15.55
1479,2003/5/1 19:00,14.8
1480,30,14.3
1481,2003/5/1 20:00,13.8
1482,30,13.65
1483,2003/5/1 21:00,13.5
1484,30,13.1
1485,2003/5/1 22:00,12.7
1486,30,12.25
1487,2003/5/1 23:00,11.8
1488,30,11.5
1489,2003/5/2 0:00,11.2
1490,30,10.95
1491,2003/5/2 1:00,10.7
1492,30,10.45
1493,2003/5/2 2:00,10.2
1494,30,10
1495,2003/5/2 3:00,9.8
1496,30,9.45
1497,2003/5/2 4:00,9.1
1498,30,8.9
1499,2003/5/2 5:00,8.7
1500,30,9.45
1501,2003/5/2 6:00,10.2
1502,30,11.25
1503,2003/5/2 7:00,12.3
1504,30,13.2
1505,2003/5/2 8:00,14.1
1506,30,15
1507,2003/5/2 9:00,15.9
1508,30,17.4
1509,2003/5/2 10:00,18.9
1510,30,19.05
1511,2003/5/2 11:00,19.2
1512,30,20.7
1513,2003/5/2 12:00,22.2
1514,30,22.25
1515,2003/5/2 13:00,22.3
1516,30,22
1517,2003/5/2 14:00,21.7
1518,30,21.9
1519,2003/5/2 15:00,22.1
1520,30,21.4
1521,2003/5/2 16:00,20.7
1522,30,20.2
1523,2003/5/2 17:00,19.7
1524,30,19.2
1525,2003/5/2 18:00,18.7
1526,30,18.25
1527,2003/5/2 19:00,17.8
1528,30,17.7
1529,2003/5/2 20:00,17.6
1530,30,17.5
1531,2003/5/2 21:00,17.4
1532,30,17.4
1533,2003/5/2 22:00,17.4
1534,30,17.3
1535,2003/5/2 23:00,17.2
1536,30,17.05
1537,2003/5/3 0:00,16.9
1538,30,16.55
1539,2003/5/3 1:00,16.2
1540,30,16.25
1541,2003/5/3 2:00,16.3
1542,30,16.15
1543,2003/5/3 3:00,16
1544,30,15.9
1545,2003/5/3 4:00,15.8
1546,30,15.6
1547,2003/5/3 5:00,15.4
1548,30,15.25
1549,2003/5/3 6:00,15.1
1550,30,15.25
1551,2003/5/3 7:00,15.4
1552,30,15.85
1553,2003/5/3 8:00,16.3
1554,30,16.9
1555,2003/5/3 9:00,17.5
1556,30,18.5
1557,2003/5/3 10:00,19.5
1558,30,20.95
1559,2003/5/3 11:00,22.4
1560,30,22.7
1561,2003/5/3 12:00,23
1562,30,24
1563,2003/5/3 13:00,25
1564,30,25.6
1565,2003/5/3 14:00,26.2
1566,30,26.1
1567,2003/5/3 15:00,26
1568,30,25.95
1569,2003/5/3 16:00,25.9
1570,30,25.2
1571,2003/5/3 17:00,24.5
1572,30,23.65
1573,2003/5/3 18:00,22.8
1574,30,21.95
1575,2003/5/3 19:00,21.1
1576,30,20.8
1577,2003/5/3 20:00,20.5
1578,30,20.2
1579,2003/5/3 21:00,19.9
1580,30,19.5
1581,2003/5/3 22:00,19.1
1582,30,18.6
1583,2003/5/3 23:00,18.1
1584,30,18
1585,2003/5/4 0:00,17.9
1586,30,17.65
1587,2003/5/4 1:00,17.4
1588,30,17.05
1589,2003/5/4 2:00,16.7
1590,30,16.5
1591,2003/5/4 3:00,16.3
1592,30,16.1
1593,2003/5/4 4:00,15.9
1594,30,16.35
1595,2003/5/4 5:00,16.8
1596,30,17.2
1597,2003/5/4 6:00,17.6
1598,30,18.05
1599,2003/5/4 7:00,18.5
1600,30,18.85
1601,2003/5/4 8:00,19.2
1602,30,20.1
1603,2003/5/4 9:00,21
1604,30,22.5
1605,2003/5/4 10:00,24
1606,30,24.15
1607,2003/5/4 11:00,24.3
1608,30,25.55
1609,2003/5/4 12:00,26.8
1610,30,26.45
1611,2003/5/4 13:00,26.1
1612,30,26.05
1613,2003/5/4 14:00,26
1614,30,26.1
1615,2003/5/4 15:00,26.2
1616,30,26.1
1617,2003/5/4 16:00,26
1618,30,25.5
1619,2003/5/4 17:00,25
1620,30,24.15
1621,2003/5/4 18:00,23.3
1622,30,22.65
1623,2003/5/4 19:00,22
1624,30,21.6
1625,2003/5/4 20:00,21.2
1626,30,20.9
1627,2003/5/4 21:00,20.6
1628,30,19.9
1629,2003/5/4 22:00,19.2
1630,30,19
1631,2003/5/4 23:00,18.8
1632,30,18.5
1633,2003/5/5 0:00,18.2
1634,30,18.3
1635,2003/5/5 1:00,18.4
1636,30,18.25
1637,2003/5/5 2:00,18.1
1638,30,17.25
1639,2003/5/5 3:00,16.4
1640,30,16.25
1641,2003/5/5 4:00,16.1
1642,30,15.85
1643,2003/5/5 5:00,15.6
1644,30,15.65
1645,2003/5/5 6:00,15.7
1646,30,16.05
1647,2003/5/5 7:00,16.4
1648,30,17.3
1649,2003/5/5 8:00,18.2
1650,30,18.7
1651,2003/5/5 9:00,19.2
1652,30,20
1653,2003/5/5 10:00,20.8
1654,30,21.6
1655,2003/5/5 11:00,22.4
1656,30,22.9
1657,2003/5/5 12:00,23.4
1658,30,23.2
1659,2003/5/5 13:00,23
1660,30,22.7
1661,2003/5/5 14:00,22.4
1662,30,22.4
1663,2003/5/5 15:00,22.4
1664,30,22.05
1665,2003/5/5 16:00,21.7
1666,30,20.95
1667,2003/5/5 17:00,20.2
1668,30,19.5
1669,2003/5/5 18:00,18.8
1670,30,17.95
1671,2003/5/5 19:00,17.1
1672,30,16.7
1673,2003/5/5 20:00,16.3
1674,30,16.15
1675,2003/5/5 21:00,16
1676,30,15.65
1677,2003/5/5 22:00,15.3
1678,30,15.3
1679,2003/5/5 23:00,15.3
1680,30,15.1
1681,2003/5/6 0:00,14.9
1682,30,14.85
1683,2003/5/6 1:00,14.8
1684,30,14.9
1685,2003/5/6 2:00,15
1686,30,14.95
1687,2003/5/6 3:00,14.9
1688,30,14.9
1689,2003/5/6 4:00,14.9
1690,30,14.7
1691,2003/5/6 5:00,14.5
1692,30,14.65
1693,2003/5/6 6:00,14.8
1694,30,15.15
1695,2003/5/6 7:00,15.5
1696,30,15.85
1697,2003/5/6 8:00,16.2
1698,30,16.9
1699,2003/5/6 9:00,17.6
1700,30,18.7
1701,2003/5/6 10:00,19.8
1702,30,20.9
1703,2003/5/6 11:00,22
1704,30,22.95
1705,2003/5/6 12:00,23.9
1706,30,24.3
1707,2003/5/6 13:00,24.7
1708,30,24.5
1709,2003/5/6 14:00,24.3
1710,30,24.25
1711,2003/5/6 15:00,24.2
1712,30,24.25
1713,2003/5/6 16:00,24.3
1714,30,23.5
1715,2003/5/6 17:00,22.7
1716,30,22.4
1717,2003/5/6 18:00,22.1
1718,30,22
1719,2003/5/6 19:00,21.9
1720,30,21.5
1721,2003/5/6 20:00,21.1
1722,30,20.55
1723,2003/5/6 21:00,20
1724,30,19.85
1725,2003/5/6 22:00,19.7
1726,30,19.5
1727,2003/5/6 23:00,19.3
1728,30,19.2
1729,2003/5/7 0:00,19.1
1730,30,19.1
1731,2003/5/7 1:00,19.1
1732,30,19.05
1733,2003/5/7 2:00,19
1734,30,18.95
1735,2003/5/7 3:00,18.9
1736,30,18.95
1737,2003/5/7 4:00,19
1738,30,19.05
1739,2003/5/7 5:00,19.1
1740,30,19.2
1741,2003/5/7 6:00,19.3
1742,30,19.45
1743,2003/5/7 7:00,19.6
1744,30,20.55
1745,2003/5/7 8:00,21.5
1746,30,22.15
1747,2003/5/7 9:00,22.8
1748,30,22.9
1749,2003/5/7 10:00,23
1750,30,23.4
1751,2003/5/7 11:00,23.8
1752,30,23.85
1753,2003/5/7 12:00,23.9
1754,30,24.6
1755,2003/5/7 13:00,25.3
1756,30,25.45
1757,2003/5/7 14:00,25.6
1758,30,26
1759,2003/5/7 15:00,26.4
1760,30,25.75
1761,2003/5/7 16:00,25.1
1762,30,25.1
1763,2003/5/7 17:00,25.1
1764,30,25
1765,2003/5/7 18:00,24.9
1766,30,24.35
1767,2003/5/7 19:00,23.8
1768,30,23.75
1769,2003/5/7 20:00,23.7
1770,30,23.55
1771,2003/5/7 21:00,23.4
1772,30,23.4
1773,2003/5/7 22:00,23.4
1774,30,23.3
1775,2003/5/7 23:00,23.2
1776,30,23.15
1777,2003/5/8 0:00,23.1
1778,30,23.15
1779,2003/5/8 1:00,23.2
1780,30,23.35
1781,2003/5/8 2:00,23.5
1782,30,23.7
1783,2003/5/8 3:00,23.9
1784,30,23.9
1785,2003/5/8 4:00,23.9
1786,30,24.1
1787,2003/5/8 5:00,24.3
1788,30,24.65
1789,2003/5/8 6:00,25
1790,30,24.8
1791,2003/5/8 7:00,24.6
1792,30,24.15
1793,2003/5/8 8:00,23.7
1794,30,24.35
1795,2003/5/8 9:00,25
1796,30,25
1797,2003/5/8 10:00,25
1798,30,24.15
1799,2003/5/8 11:00,23.3
1800,30,22.9
1801,2003/5/8 12:00,22.5
1802,30,22.1
1803,2003/5/8 13:00,21.7
1804,30,21.85
1805,2003/5/8 14:00,22
1806,30,20.7
1807,2003/5/8 15:00,19.4
1808,30,19.2
1809,2003/5/8 16:00,19
1810,30,18.55
1811,2003/5/8 17:00,18.1
1812,30,17.05
1813,2003/5/8 18:00,16
1814,30,15.2
1815,2003/5/8 19:00,14.4
1816,30,13.95
1817,2003/5/8 20:00,13.5
1818,30,13
1819,2003/5/8 21:00,12.5
1820,30,12.2
1821,2003/5/8 22:00,11.9
1822,30,11.55
1823,2003/5/8 23:00,11.2
1824,30,10.8
1825,2003/5/9 0:00,10.4
1826,30,10.6
1827,2003/5/9 1:00,10.8
1828,30,10.85
1829,2003/5/9 2:00,10.9
1830,30,10.9
1831,2003/5/9 3:00,10.9
1832,30,10.7
1833,2003/5/9 4:00,10.5
1834,30,10.35
1835,2003/5/9 5:00,10.2
1836,30,10.2
1837,2003/5/9 6:00,10.2
1838,30,10.3
1839,2003/5/9 7:00,10.4
1840,30,10.85
1841,2003/5/9 8:00,11.3
1842,30,12.2
1843,2003/5/9 9:00,13.1
1844,30,13.8
1845,2003/5/9 10:00,14.5
1846,30,14.6
1847,2003/5/9 11:00,14.7
1848,30,15.55
1849,2003/5/9 12:00,16.4
1850,30,16.9
1851,2003/5/9 13:00,17.4
1852,30,17.8
1853,2003/5/9 14:00,18.2
1854,30,18
1855,2003/5/9 15:00,17.8
1856,30,17.8
1857,2003/5/9 16:00,17.8
1858,30,17.4
1859,2003/5/9 17:00,17
1860,30,16.3
1861,2003/5/9 18:00,15.6
1862,30,14.85
1863,2003/5/9 19:00,14.1
1864,30,13.55
1865,2003/5/9 20:00,13
1866,30,12.7
1867,2003/5/9 21:00,12.4
1868,30,12.05
1869,2003/5/9 22:00,11.7
1870,30,11.5
1871,2003/5/9 23:00,11.3
1872,30,11.05
1873,2003/5/10 0:00,10.8
1874,30,10.35
1875,2003/5/10 1:00,9.9
1876,30,9.65
1877,2003/5/10 2:00,9.4
1878,30,9.25
1879,2003/5/10 3:00,9.1
1880,30,9.2
1881,2003/5/10 4:00,9.3
1882,30,9.1
1883,2003/5/10 5:00,8.9
1884,30,9.5
1885,2003/5/10 6:00,10.1
1886,30,10.85
1887,2003/5/10 7:00,11.6
1888,30,12.45
1889,2003/5/10 8:00,13.3
1890,30,13.85
1891,2003/5/10 9:00,14.4
1892,30,15.15
1893,2003/5/10 10:00,15.9
1894,30,17.2
1895,2003/5/10 11:00,18.5
1896,30,19.2
1897,2003/5/10 12:00,19.9
1898,30,20.35
1899,2003/5/10 13:00,20.8
1900,30,20.85
1901,2003/5/10 14:00,20.9
1902,30,20.75
1903,2003/5/10 15:00,20.6
1904,30,20.4
1905,2003/5/10 16:00,20.2
1906,30,19.75
1907,2003/5/10 17:00,19.3
1908,30,18.7
1909,2003/5/10 18:00,18.1
1910,30,17.55
1911,2003/5/10 19:00,17
1912,30,16.4
1913,2003/5/10 20:00,15.8
1914,30,15.35
1915,2003/5/10 21:00,14.9
1916,30,14.7
1917,2003/5/10 22:00,14.5
1918,30,14.1
1919,2003/5/10 23:00,13.7
1920,30,13.5
1921,2003/5/11 0:00,13.3
1922,30,13.15
1923,2003/5/11 1:00,13
1924,30,12.95
1925,2003/5/11 2:00,12.9
1926,30,12.65
1927,2003/5/11 3:00,12.4
1928,30,12.25
1929,2003/5/11 4:00,12.1
1930,30,11.95
1931,2003/5/11 5:00,11.8
1932,30,12.2
1933,2003/5/11 6:00,12.6
1934,30,13.3
1935,2003/5/11 7:00,14
1936,30,14.7
1937,2003/5/11 8:00,15.4
1938,30,16.7
1939,2003/5/11 9:00,18
1940,30,18.6
1941,2003/5/11 10:00,19.2
1942,30,20.45
1943,2003/5/11 11:00,21.7
1944,30,21.55
1945,2003/5/11 12:00,21.4
1946,30,21.7
1947,2003/5/11 13:00,22
1948,30,21.8
1949,2003/5/11 14:00,21.6
1950,30,21.2
1951,2003/5/11 15:00,20.8
1952,30,20.55
1953,2003/5/11 16:00,20.3
1954,30,19.8
1955,2003/5/11 17:00,19.3
1956,30,18.95
1957,2003/5/11 18:00,18.6
1958,30,18.25
1959,2003/5/11 19:00,17.9
1960,30,17.8
1961,2003/5/11 20:00,17.7
1962,30,17.5
1963,2003/5/11 21:00,17.3
1964,30,17.2
1965,2003/5/11 22:00,17.1
1966,30,16.95
1967,2003/5/11 23:00,16.8
1968,30,16.75
1969,2003/5/12 0:00,16.7
1970,30,16.7
1971,2003/5/12 1:00,16.7
1972,30,16.3
1973,2003/5/12 2:00,15.9
1974,30,15.55
1975,2003/5/12 3:00,15.2
1976,30,15.1
1977,2003/5/12 4:00,15
1978,30,14.9
1979,2003/5/12 5:00,14.8
1980,30,14.9
1981,2003/5/12 6:00,15
1982,30,15.2
1983,2003/5/12 7:00,15.4
1984,30,15.5
1985,2003/5/12 8:00,15.6
1986,30,15.75
1987,2003/5/12 9:00,15.9
1988,30,16.2
1989,2003/5/12 10:00,16.5
1990,30,16.95
1991,2003/5/12 11:00,17.4
1992,30,17.35
1993,2003/5/12 12:00,17.3
1994,30,17.95
1995,2003/5/12 13:00,18.6
1996,30,18.8
1997,2003/5/12 14:00,19
1998,30,19.1
1999,2003/5/12 15:00,19.2
2000,30,19
2001,2003/5/12 16:00,18.8
2002,30,18.8
2003,2003/5/12 17:00,18.8
2004,30,18.45
2005,2003/5/12 18:00,18.1
2006,30,17.9
2007,2003/5/12 19:00,17.7
2008,30,17.5
2009,2003/5/12 20:00,17.3
2010,30,16.8
2011,2003/5/12 21:00,16.3
2012,30,16.4
2013,2003/5/12 22:00,16.5
2014,30,15.95
2015,2003/5/12 23:00,15.4
2016,30,15.2
2017,2003/5/13 0:00,15
2018,30,15.05
2019,2003/5/13 1:00,15.1
2020,30,15
2021,2003/5/13 2:00,14.9
2022,30,14.6
2023,2003/5/13 3:00,14.3
2024,30,14.05
2025,2003/5/13 4:00,13.8
2026,30,13.65
2027,2003/5/13 5:00,13.5
2028,30,14.2
2029,2003/5/13 6:00,14.9
2030,30,15.55
2031,2003/5/13 7:00,16.2
2032,30,17.35
2033,2003/5/13 8:00,18.5
2034,30,19.8
2035,2003/5/13 9:00,21.1
2036,30,21.6
2037,2003/5/13 10:00,22.1
2038,30,22.45
2039,2003/5/13 11:00,22.8
2040,30,23.8
2041,2003/5/13 12:00,24.8
2042,30,24.3
2043,2003/5/13 13:00,23.8
2044,30,23.85
2045,2003/5/13 14:00,23.9
2046,30,24.05
2047,2003/5/13 15:00,24.2
2048,30,23.75
2049,2003/5/13 16:00,23.3
2050,30,22.9
2051,2003/5/13 17:00,22.5
2052,30,22
2053,2003/5/13 18:00,21.5
2054,30,21.1
2055,2003/5/13 19:00,20.7
2056,30,20.5
2057,2003/5/13 20:00,20.3
2058,30,19.95
2059,2003/5/13 21:00,19.6
2060,30,19.5
2061,2003/5/13 22:00,19.4
2062,30,19.3
2063,2003/5/13 23:00,19.2
2064,30,19.25
2065,2003/5/14 0:00,19.3
2066,30,18.6
2067,2003/5/14 1:00,17.9
2068,30,17.7
2069,2003/5/14 2:00,17.5
2070,30,17.05
2071,2003/5/14 3:00,16.6
2072,30,16.5
2073,2003/5/14 4:00,16.4
2074,30,16.4
2075,2003/5/14 5:00,16.4
2076,30,17.4
2077,2003/5/14 6:00,18.4
2078,30,19.1
2079,2003/5/14 7:00,19.8
2080,30,20.45
2081,2003/5/14 8:00,21.1
2082,30,21.1
2083,2003/5/14 9:00,21.1
2084,30,22.4
2085,2003/5/14 10:00,23.7
2086,30,23.4
2087,2003/5/14 11:00,23.1
2088,30,23.6
2089,2003/5/14 12:00,24.1
2090,30,23.95
2091,2003/5/14 13:00,23.8
2092,30,23.7
2093,2003/5/14 14:00,23.6
2094,30,23.15
2095,2003/5/14 15:00,22.7
2096,30,22.25
2097,2003/5/14 16:00,21.8
2098,30,21.6
2099,2003/5/14 17:00,21.4
2100,30,21
2101,2003/5/14 18:00,20.6
2102,30,20.35
2103,2003/5/14 19:00,20.1
2104,30,19.95
2105,2003/5/14 20:00,19.8
2106,30,19.6
2107,2003/5/14 21:00,19.4
2108,30,19.2
2109,2003/5/14 22:00,19
2110,30,18.3
2111,2003/5/14 23:00,17.6
2112,30,17
2113,2003/5/15 0:00,16.4
2114,30,16.6
2115,2003/5/15 1:00,16.8
2116,30,16.2
2117,2003/5/15 2:00,15.6
2118,30,15.55
2119,2003/5/15 3:00,15.5
2120,30,15.65
2121,2003/5/15 4:00,15.8
2122,30,15.55
2123,2003/5/15 5:00,15.3
2124,30,15.15
2125,2003/5/15 6:00,15
2126,30,15.05
2127,2003/5/15 7:00,15.1
2128,30,15.35
2129,2003/5/15 8:00,15.6
2130,30,15.75
2131,2003/5/15 9:00,15.9
2132,30,15.9
2133,2003/5/15 10:00,15.9
2134,30,16
2135,2003/5/15 11:00,16.1
2136,30,16.05
2137,2003/5/15 12:00,16
2138,30,16.2
2139,2003/5/15 13:00,16.4
2140,30,16.55
2141,2003/5/15 14:00,16.7
2142,30,16.7
2143,2003/5/15 15:00,16.7
2144,30,16.65
2145,2003/5/15 16:00,16.6
2146,30,16.55
2147,2003/5/15 17:00,16.5
2148,30,16.5
2149,2003/5/15 18:00,16.5
2150,30,16.5
2151,2003/5/15 19:00,16.5
2152,30,16.3
2153,2003/5/15 20:00,16.1
2154,30,16.2
2155,2003/5/15 21:00,16.3
2156,30,16.3
2157,2003/5/15 22:00,16.3
2158,30,16.3
2159,2003/5/15 23:00,16.3
2160,30,16.25
2161,2003/5/16 0:00,16.2
2162,30,16.05
2163,2003/5/16 1:00,15.9
2164,30,15.75
2165,2003/5/16 2:00,15.6
2166,30,15.45
2167,2003/5/16 3:00,15.3
2168,30,15.15
2169,2003/5/16 4:00,15
2170,30,14.95
2171,2003/5/16 5:00,14.9
2172,30,15
2173,2003/5/16 6:00,15.1
2174,30,15.3
2175,2003/5/16 7:00,15.5
2176,30,15.9
2177,2003/5/16 8:00,16.3
2178,30,16.6
2179,2003/5/16 9:00,16.9
2180,30,17.25
2181,2003/5/16 10:00,17.6
2182,30,18
2183,2003/5/16 11:00,18.4
2184,30,18.05
2185,2003/5/16 12:00,17.7
2186,30,18.05
2187,2003/5/16 13:00,18.4
2188,30,18.65
2189,2003/5/16 14:00,18.9
2190,30,18.45
2191,2003/5/16 15:00,18
2192,30,17.95
2193,2003/5/16 16:00,17.9
2194,30,17.4
2195,2003/5/16 17:00,16.9
2196,30,16.5
2197,2003/5/16 18:00,16.1
2198,30,15.85
2199,2003/5/16 19:00,15.6
2200,30,15.4
2201,2003/5/16 20:00,15.2
2202,30,15.1
2203,2003/5/16 21:00,15
2204,30,14.95
2205,2003/5/16 22:00,14.9
2206,30,14.75
2207,2003/5/16 23:00,14.6
2208,30,14.6
2209,2003/5/17 0:00,14.6
2210,30,14.5
2211,2003/5/17 1:00,14.4
2212,30,14.05
2213,2003/5/17 2:00,13.7
2214,30,13.55
2215,2003/5/17 3:00,13.4
2216,30,13.3
2217,2003/5/17 4:00,13.2
2218,30,13.2
2219,2003/5/17 5:00,13.2
2220,30,13.25
2221,2003/5/17 6:00,13.3
2222,30,13.25
2223,2003/5/17 7:00,13.2
2224,30,13.05
2225,2003/5/17 8:00,12.9
2226,30,13.35
2227,2003/5/17 9:00,13.8
2228,30,14.15
2229,2003/5/17 10:00,14.5
2230,30,14.65
2231,2003/5/17 11:00,14.8
2232,30,15.05
2233,2003/5/17 12:00,15.3
2234,30,15.3
2235,2003/5/17 13:00,15.3
2236,30,15.35
2237,2003/5/17 14:00,15.4
2238,30,15.4
2239,2003/5/17 15:00,15.4
2240,30,15.55
2241,2003/5/17 16:00,15.7
2242,30,15.7
2243,2003/5/17 17:00,15.7
2244,30,15.65
2245,2003/5/17 18:00,15.6
2246,30,15.45
2247,2003/5/17 19:00,15.3
2248,30,15.2
2249,2003/5/17 20:00,15.1
2250,30,15.1
2251,2003/5/17 21:00,15.1
2252,30,14.95
2253,2003/5/17 22:00,14.8
2254,30,14.75
2255,2003/5/17 23:00,14.7
2256,30,14.75
2257,2003/5/18 0:00,14.8
2258,30,14.8
2259,2003/5/18 1:00,14.8
2260,30,14.75
2261,2003/5/18 2:00,14.7
2262,30,14.55
2263,2003/5/18 3:00,14.4
2264,30,14.45
2265,2003/5/18 4:00,14.5
2266,30,14.45
2267,2003/5/18 5:00,14.4
2268,30,14.5
2269,2003/5/18 6:00,14.6
2270,30,15.1
2271,2003/5/18 7:00,15.6
2272,30,16.1
2273,2003/5/18 8:00,16.6
2274,30,16.75
2275,2003/5/18 9:00,16.9
2276,30,17.35
2277,2003/5/18 10:00,17.8
2278,30,17.85
2279,2003/5/18 11:00,17.9
2280,30,18.25
2281,2003/5/18 12:00,18.6
2282,30,18.85
2283,2003/5/18 13:00,19.1
2284,30,19.05
2285,2003/5/18 14:00,19
2286,30,18.85
2287,2003/5/18 15:00,18.7
2288,30,18.8
2289,2003/5/18 16:00,18.9
2290,30,18.7
2291,2003/5/18 17:00,18.5
2292,30,18.2
2293,2003/5/18 18:00,17.9
2294,30,17.55
2295,2003/5/18 19:00,17.2
2296,30,16.65
2297,2003/5/18 20:00,16.1
2298,30,16.2
2299,2003/5/18 21:00,16.3
2300,30,16.25
2301,2003/5/18 22:00,16.2
2302,30,16.1
2303,2003/5/18 23:00,16
2304,30,16.05
2305,2003/5/19 0:00,16.1
2306,30,16.2
2307,2003/5/19 1:00,16.3
2308,30,16.05
2309,2003/5/19 2:00,15.8
2310,30,15.85
2311,2003/5/19 3:00,15.9
2312,30,15.9
2313,2003/5/19 4:00,15.9
2314,30,16
2315,2003/5/19 5:00,16.1
2316,30,16.2
2317,2003/5/19 6:00,16.3
2318,30,16.3
2319,2003/5/19 7:00,16.3
2320,30,16.3
2321,2003/5/19 8:00,16.3
2322,30,16.25
2323,2003/5/19 9:00,16.2
2324,30,16.1
2325,2003/5/19 10:00,16
2326,30,16
2327,2003/5/19 11:00,16
2328,30,15.9
2329,2003/5/19 12:00,15.8
2330,30,15.85
2331,2003/5/19 13:00,15.9
2332,30,16.2
2333,2003/5/19 14:00,16.5
2334,30,16.75
2335,2003/5/19 15:00,17
2336,30,17.05
2337,2003/5/19 16:00,17.1
2338,30,17.05
2339,2003/5/19 17:00,17
2340,30,17.15
2341,2003/5/19 18:00,17.3
2342,30,16.95
2343,2003/5/19 19:00,16.6
2344,30,16.35
2345,2003/5/19 20:00,16.1
2346,30,15.65
2347,2003/5/19 21:00,15.2
2348,30,15.05
2349,2003/5/19 22:00,14.9
2350,30,14.9
2351,2003/5/19 23:00,14.9
2352,30,15
2353,2003/5/20 0:00,15.1
2354,30,15.15
2355,2003/5/20 1:00,15.2
2356,30,15.15
2357,2003/5/20 2:00,15.1
2358,30,15.15
2359,2003/5/20 3:00,15.2
2360,30,15.15
2361,2003/5/20 4:00,15.1
2362,30,15.15
2363,2003/5/20 5:00,15.2
2364,30,15.4
2365,2003/5/20 6:00,15.6
2366,30,16.1
2367,2003/5/20 7:00,16.6
2368,30,17.45
2369,2003/5/20 8:00,18.3
2370,30,18.55
2371,2003/5/20 9:00,18.8
2372,30,19.55
2373,2003/5/20 10:00,20.3
2374,30,20.35
2375,2003/5/20 11:00,20.4
2376,30,20.7
2377,2003/5/20 12:00,21
2378,30,21.6
2379,2003/5/20 13:00,22.2
2380,30,22.7
2381,2003/5/20 14:00,23.2
2382,30,22.5
2383,2003/5/20 15:00,21.8
2384,30,21.55
2385,2003/5/20 16:00,21.3
2386,30,21.15
2387,2003/5/20 17:00,21
2388,30,19.3
2389,2003/5/20 18:00,17.6
2390,30,17
2391,2003/5/20 19:00,16.4
2392,30,16.35
2393,2003/5/20 20:00,16.3
2394,30,16.2
2395,2003/5/20 21:00,16.1
2396,30,15.9
2397,2003/5/20 22:00,15.7
2398,30,15.7
2399,2003/5/20 23:00,15.7
2400,30,15.7
2401,2003/5/21 0:00,15.7
2402,30,15.6
2403,2003/5/21 1:00,15.5
2404,30,15.4
2405,2003/5/21 2:00,15.3
2406,30,15.25
2407,2003/5/21 3:00,15.2
2408,30,15.1
2409,2003/5/21 4:00,15
2410,30,15
2411,2003/5/21 5:00,15
2412,30,15
2413,2003/5/21 6:00,15
2414,30,15.2
2415,2003/5/21 7:00,15.4
2416,30,15.65
2417,2003/5/21 8:00,15.9
2418,30,16.95
2419,2003/5/21 9:00,18
2420,30,19.35
2421,2003/5/21 10:00,20.7
2422,30,21.3
2423,2003/5/21 11:00,21.9
2424,30,22.2
2425,2003/5/21 12:00,22.5
2426,30,23.25
2427,2003/5/21 13:00,24
2428,30,23.9
2429,2003/5/21 14:00,23.8
2430,30,23.65
2431,2003/5/21 15:00,23.5
2432,30,23.65
2433,2003/5/21 16:00,23.8
2434,30,23.5
2435,2003/5/21 17:00,23.2
2436,30,22.35
2437,2003/5/21 18:00,21.5
2438,30,20.85
2439,2003/5/21 19:00,20.2
2440,30,19.85
2441,2003/5/21 20:00,19.5
2442,30,19.1
2443,2003/5/21 21:00,18.7
2444,30,18.15
2445,2003/5/21 22:00,17.6
2446,30,17.25
2447,2003/5/21 23:00,16.9
2448,30,16.45
2449,2003/5/22 0:00,16
2450,30,15.75
2451,2003/5/22 1:00,15.5
2452,30,15.1
2453,2003/5/22 2:00,14.7
2454,30,14.6
2455,2003/5/22 3:00,14.5
2456,30,14.3
2457,2003/5/22 4:00,14.1
2458,30,13.95
2459,2003/5/22 5:00,13.8
2460,30,14.15
2461,2003/5/22 6:00,14.5
2462,30,15.3
2463,2003/5/22 7:00,16.1
2464,30,17.05
2465,2003/5/22 8:00,18
2466,30,18.4
2467,2003/5/22 9:00,18.8
2468,30,19.9
2469,2003/5/22 10:00,21
2470,30,21.75
2471,2003/5/22 11:00,22.5
2472,30,22.5
2473,2003/5/22 12:00,22.5
2474,30,23
2475,2003/5/22 13:00,23.5
2476,30,22.65
2477,2003/5/22 14:00,21.8
2478,30,20.9
2479,2003/5/22 15:00,20
2480,30,19.4
2481,2003/5/22 16:00,18.8
2482,30,18.25
2483,2003/5/22 17:00,17.7
2484,30,17.1
2485,2003/5/22 18:00,16.5
2486,30,16.2
2487,2003/5/22 19:00,15.9
2488,30,15.7
2489,2003/5/22 20:00,15.5
2490,30,15.35
2491,2003/5/22 21:00,15.2
2492,30,15.1
2493,2003/5/22 22:00,15
2494,30,14.65
2495,2003/5/22 23:00,14.3
2496,30,14.25
2497,2003/5/23 0:00,14.2
2498,30,14.4
2499,2003/5/23 1:00,14.6
2500,30,14.65
2501,2003/5/23 2:00,14.7
2502,30,14.65
2503,2003/5/23 3:00,14.6
2504,30,14.75
2505,2003/5/23 4:00,14.9
2506,30,14.8
2507,2003/5/23 5:00,14.7
2508,30,14.8
2509,2003/5/23 6:00,14.9
2510,30,14.95
2511,2003/5/23 7:00,15
2512,30,15.25
2513,2003/5/23 8:00,15.5
2514,30,15.8
2515,2003/5/23 9:00,16.1
2516,30,16.3
2517,2003/5/23 10:00,16.5
2518,30,16.7
2519,2003/5/23 11:00,16.9
2520,30,17.65
2521,2003/5/23 12:00,18.4
2522,30,19.2
2523,2003/5/23 13:00,20
2524,30,20.1
2525,2003/5/23 14:00,20.2
2526,30,20.1
2527,2003/5/23 15:00,20
2528,30,19.85
2529,2003/5/23 16:00,19.7
2530,30,19.35
2531,2003/5/23 17:00,19
2532,30,18.55
2533,2003/5/23 18:00,18.1
2534,30,17.65
2535,2003/5/23 19:00,17.2
2536,30,16.75
2537,2003/5/23 20:00,16.3
2538,30,15.9
2539,2003/5/23 21:00,15.5
2540,30,15.25
2541,2003/5/23 22:00,15
2542,30,14.8
2543,2003/5/23 23:00,14.6
2544,30,14.45
2545,2003/5/24 0:00,14.3
2546,30,14.3
2547,2003/5/24 1:00,14.3
2548,30,14.4
2549,2003/5/24 2:00,14.5
2550,30,14.4
2551,2003/5/24 3:00,14.3
2552,30,14.15
2553,2003/5/24 4:00,14
2554,30,13.85
2555,2003/5/24 5:00,13.7
2556,30,14.4
2557,2003/5/24 6:00,15.1
2558,30,15.25
2559,2003/5/24 7:00,15.4
2560,30,15.85
2561,2003/5/24 8:00,16.3
2562,30,17.05
2563,2003/5/24 9:00,17.8
2564,30,18.55
2565,2003/5/24 10:00,19.3
2566,30,20.15
2567,2003/5/24 11:00,21
2568,30,21.3
2569,2003/5/24 12:00,21.6
2570,30,21.85
2571,2003/5/24 13:00,22.1
2572,30,22.3
2573,2003/5/24 14:00,22.5
2574,30,22.25
2575,2003/5/24 15:00,22
2576,30,21.95
2577,2003/5/24 16:00,21.9
2578,30,21.25
2579,2003/5/24 17:00,20.6
2580,30,19.9
2581,2003/5/24 18:00,19.2
2582,30,18.55
2583,2003/5/24 19:00,17.9
2584,30,17.55
2585,2003/5/24 20:00,17.2
2586,30,16.85
2587,2003/5/24 21:00,16.5
2588,30,16.2
2589,2003/5/24 22:00,15.9
2590,30,15.5
2591,2003/5/24 23:00,15.1
2592,30,14.7
2593,2003/5/25 0:00,14.3
2594,30,14.05
2595,2003/5/25 1:00,13.8
2596,30,13.5
2597,2003/5/25 2:00,13.2
2598,30,13.1
2599,2003/5/25 3:00,13
2600,30,12.85
2601,2003/5/25 4:00,12.7
2602,30,12.55
2603,2003/5/25 5:00,12.4
2604,30,13.05
2605,2003/5/25 6:00,13.7
2606,30,13.95
2607,2003/5/25 7:00,14.2
2608,30,15.2
2609,2003/5/25 8:00,16.2
2610,30,16.9
2611,2003/5/25 9:00,17.6
2612,30,18.15
2613,2003/5/25 10:00,18.7
2614,30,19.35
2615,2003/5/25 11:00,20
2616,30,19.9
2617,2003/5/25 12:00,19.8
2618,30,20.2
2619,2003/5/25 13:00,20.6
2620,30,20.4
2621,2003/5/25 14:00,20.2
2622,30,20.2
2623,2003/5/25 15:00,20.2
2624,30,20.05
2625,2003/5/25 16:00,19.9
2626,30,19.45
2627,2003/5/25 17:00,19
2628,30,18.45
2629,2003/5/25 18:00,17.9
2630,30,17.35
2631,2003/5/25 19:00,16.8
2632,30,16.4
2633,2003/5/25 20:00,16
2634,30,15.65
2635,2003/5/25 21:00,15.3
2636,30,15.2
2637,2003/5/25 22:00,15.1
2638,30,15.05
2639,2003/5/25 23:00,15
2640,30,14.8
2641,2003/5/26 0:00,14.6
2642,30,14.6
2643,2003/5/26 1:00,14.6
2644,30,14.75
2645,2003/5/26 2:00,14.9
2646,30,14.85
2647,2003/5/26 3:00,14.8
2648,30,13.95
2649,2003/5/26 4:00,13.1
2650,30,13.05
2651,2003/5/26 5:00,13
2652,30,13.2
2653,2003/5/26 6:00,13.4
2654,30,13.65
2655,2003/5/26 7:00,13.9
2656,30,14.15
2657,2003/5/26 8:00,14.4
2658,30,14.7
2659,2003/5/26 9:00,15
2660,30,15.05
2661,2003/5/26 10:00,15.1
2662,30,15.45
2663,2003/5/26 11:00,15.8
2664,30,16.15
2665,2003/5/26 12:00,16.5
2666,30,17.15
2667,2003/5/26 13:00,17.8
2668,30,17.9
2669,2003/5/26 14:00,18
2670,30,18.45
2671,2003/5/26 15:00,18.9
2672,30,19
2673,2003/5/26 16:00,19.1
2674,30,19.1
2675,2003/5/26 17:00,19.1
2676,30,18.9
2677,2003/5/26 18:00,18.7
2678,30,18.55
2679,2003/5/26 19:00,18.4
2680,30,18
2681,2003/5/26 20:00,17.6
2682,30,17.35
2683,2003/5/26 21:00,17.1
2684,30,17.05
2685,2003/5/26 22:00,17
2686,30,16.85
2687,2003/5/26 23:00,16.7
2688,30,16.5
2689,2003/5/27 0:00,16.3
2690,30,16.2
2691,2003/5/27 1:00,16.1
2692,30,16.05
2693,2003/5/27 2:00,16
2694,30,16
2695,2003/5/27 3:00,16
2696,30,16.05
2697,2003/5/27 4:00,16.1
2698,30,16.05
2699,2003/5/27 5:00,16
2700,30,15.95
2701,2003/5/27 6:00,15.9
2702,30,16.15
2703,2003/5/27 7:00,16.4
2704,30,16.9
2705,2003/5/27 8:00,17.4
2706,30,18.05
2707,2003/5/27 9:00,18.7
2708,30,19.75
2709,2003/5/27 10:00,20.8
2710,30,20.45
2711,2003/5/27 11:00,20.1
2712,30,21.1
2713,2003/5/27 12:00,22.1
2714,30,22.55
2715,2003/5/27 13:00,23
2716,30,22.85
2717,2003/5/27 14:00,22.7
2718,30,22.3
2719,2003/5/27 15:00,21.9
2720,30,20.45
2721,2003/5/27 16:00,19
2722,30,18.7
2723,2003/5/27 17:00,18.4
2724,30,18.3
2725,2003/5/27 18:00,18.2
2726,30,17.95
2727,2003/5/27 19:00,17.7
2728,30,17.55
2729,2003/5/27 20:00,17.4
2730,30,17.35
2731,2003/5/27 21:00,17.3
2732,30,17.35
2733,2003/5/27 22:00,17.4
2734,30,17.45
2735,2003/5/27 23:00,17.5
2736,30,17.5
2737,2003/5/28 0:00,17.5
2738,30,17.4
2739,2003/5/28 1:00,17.3
2740,30,17.3
2741,2003/5/28 2:00,17.3
2742,30,17.05
2743,2003/5/28 3:00,16.8
2744,30,16.85
2745,2003/5/28 4:00,16.9
2746,30,16.55
2747,2003/5/28 5:00,16.2
2748,30,17.15
2749,2003/5/28 6:00,18.1
2750,30,18.7
2751,2003/5/28 7:00,19.3
2752,30,20.3
2753,2003/5/28 8:00,21.3
2754,30,22
2755,2003/5/28 9:00,22.7
2756,30,22.6
2757,2003/5/28 10:00,22.5
2758,30,23.45
2759,2003/5/28 11:00,24.4
2760,30,25.2
2761,2003/5/28 12:00,26
2762,30,26.55
2763,2003/5/28 13:00,27.1
2764,30,27.3
2765,2003/5/28 14:00,27.5
2766,30,27.25
2767,2003/5/28 15:00,27
2768,30,26.55
2769,2003/5/28 16:00,26.1
2770,30,25.7
2771,2003/5/28 17:00,25.3
2772,30,24.75
2773,2003/5/28 18:00,24.2
2774,30,23.65
2775,2003/5/28 19:00,23.1
2776,30,22.7
2777,2003/5/28 20:00,22.3
2778,30,22.05
2779,2003/5/28 21:00,21.8
2780,30,21.4
2781,2003/5/28 22:00,21
2782,30,20.7
2783,2003/5/28 23:00,20.4
2784,30,20.05
2785,2003/5/29 0:00,19.7
2786,30,18.95
2787,2003/5/29 1:00,18.2
2788,30,17.7
2789,2003/5/29 2:00,17.2
2790,30,16.9
2791,2003/5/29 3:00,16.6
2792,30,16.35
2793,2003/5/29 4:00,16.1
2794,30,16.2
2795,2003/5/29 5:00,16.3
2796,30,17.5
2797,2003/5/29 6:00,18.7
2798,30,20.1
2799,2003/5/29 7:00,21.5
2800,30,22.65
2801,2003/5/29 8:00,23.8
2802,30,24.5
2803,2003/5/29 9:00,25.2
2804,30,25.4
2805,2003/5/29 10:00,25.6
2806,30,25.95
2807,2003/5/29 11:00,26.3
2808,30,26.85
2809,2003/5/29 12:00,27.4
2810,30,27.2
2811,2003/5/29 13:00,27
2812,30,27.55
2813,2003/5/29 14:00,28.1
2814,30,27.8
2815,2003/5/29 15:00,27.5
2816,30,27.3
2817,2003/5/29 16:00,27.1
2818,30,26.15
2819,2003/5/29 17:00,25.2
2820,30,24.5
2821,2003/5/29 18:00,23.8
2822,30,23.3
2823,2003/5/29 19:00,22.8
2824,30,22.3
2825,2003/5/29 20:00,21.8
2826,30,21.25
2827,2003/5/29 21:00,20.7
2828,30,20.4
2829,2003/5/29 22:00,20.1
2830,30,19.9
2831,2003/5/29 23:00,19.7
2832,30,19.45
2833,2003/5/30 0:00,19.2
2834,30,18.6
2835,2003/5/30 1:00,18
2836,30,17.35
2837,2003/5/30 2:00,16.7
2838,30,16.8
2839,2003/5/30 3:00,16.9
2840,30,16.6
2841,2003/5/30 4:00,16.3
2842,30,16.6
2843,2003/5/30 5:00,16.9
2844,30,17.45
2845,2003/5/30 6:00,18
2846,30,19.5
2847,2003/5/30 7:00,21
2848,30,22.05
2849,2003/5/30 8:00,23.1
2850,30,23.85
2851,2003/5/30 9:00,24.6
2852,30,24.9
2853,2003/5/30 10:00,25.2
2854,30,25.4
2855,2003/5/30 11:00,25.6
2856,30,25.4
2857,2003/5/30 12:00,25.2
2858,30,25.7
2859,2003/5/30 13:00,26.2
2860,30,26.65
2861,2003/5/30 14:00,27.1
2862,30,26.45
2863,2003/5/30 15:00,25.8
2864,30,25.6
2865,2003/5/30 16:00,25.4
2866,30,24.85
2867,2003/5/30 17:00,24.3
2868,30,23.6
2869,2003/5/30 18:00,22.9
2870,30,22.4
2871,2003/5/30 19:00,21.9
2872,30,21.65
2873,2003/5/30 20:00,21.4
2874,30,21.2
2875,2003/5/30 21:00,21
2876,30,21.1
2877,2003/5/30 22:00,21.2
2878,30,21.1
2879,2003/5/30 23:00,21
2880,30,20.9
2881,2003/5/31 0:00,20.8
2882,30,20.9
2883,2003/5/31 1:00,21
2884,30,20.8
2885,2003/5/31 2:00,20.6
2886,30,20.5
2887,2003/5/31 3:00,20.4
2888,30,20.25
2889,2003/5/31 4:00,20.1
2890,30,20.15
2891,2003/5/31 5:00,20.2
2892,30,20.1
2893,2003/5/31 6:00,20
2894,30,20
2895,2003/5/31 7:00,20
2896,30,20.3
2897,2003/5/31 8:00,20.6
2898,30,20.05
2899,2003/5/31 9:00,19.5
2900,30,19.3
2901,2003/5/31 10:00,19.1
2902,30,18.75
2903,2003/5/31 11:00,18.4
2904,30,18.45
2905,2003/5/31 12:00,18.5
2906,30,18.7
2907,2003/5/31 13:00,18.9
2908,30,19.1
2909,2003/5/31 14:00,19.3
2910,30,19.55
2911,2003/5/31 15:00,19.8
2912,30,20.1
2913,2003/5/31 16:00,20.4
2914,30,20.75
2915,2003/5/31 17:00,21.1
2916,30,21.4
2917,2003/5/31 18:00,21.7
2918,30,22
2919,2003/5/31 19:00,22.3
2920,30,22.3
2921,2003/5/31 20:00,22.3
2922,30,22.2
2923,2003/5/31 21:00,22.1
2924,30,22.5
2925,2003/5/31 22:00,22.9
2926,30,23
2927,2003/5/31 23:00,23.1
2928,30,23
2929,2003/6/1 0:00,22.9
2930,30,22.75
2931,2003/6/1 1:00,22.6
2932,30,22.55
2933,2003/6/1 2:00,22.5
2934,30,22.45
2935,2003/6/1 3:00,22.4
2936,30,22.15
2937,2003/6/1 4:00,21.9
2938,30,21.85
2939,2003/6/1 5:00,21.8
2940,30,21.85
2941,2003/6/1 6:00,21.9
2942,30,22.05
2943,2003/6/1 7:00,22.2
2944,30,23.1
2945,2003/6/1 8:00,24
2946,30,23.3
2947,2003/6/1 9:00,22.6
2948,30,22.45
2949,2003/6/1 10:00,22.3
2950,30,22.65
2951,2003/6/1 11:00,23
2952,30,23.1
2953,2003/6/1 12:00,23.2
2954,30,24
2955,2003/6/1 13:00,24.8
2956,30,24.75
2957,2003/6/1 14:00,24.7
2958,30,24.75
2959,2003/6/1 15:00,24.8
2960,30,24.65
2961,2003/6/1 16:00,24.5
2962,30,23.9
2963,2003/6/1 17:00,23.3
2964,30,22.95
2965,2003/6/1 18:00,22.6
2966,30,22.1
2967,2003/6/1 19:00,21.6
2968,30,21.9
2969,2003/6/1 20:00,22.2
2970,30,21.9
2971,2003/6/1 21:00,21.6
2972,30,21.1
2973,2003/6/1 22:00,20.6
2974,30,20.3
2975,2003/6/1 23:00,20
2976,30,19.5
2977,2003/6/2 0:00,19
2978,30,18.9
2979,2003/6/2 1:00,18.8
2980,30,18.25
2981,2003/6/2 2:00,17.7
2982,30,17.3
2983,2003/6/2 3:00,16.9
2984,30,16.7
2985,2003/6/2 4:00,16.5
2986,30,16.45
2987,2003/6/2 5:00,16.4
2988,30,17
2989,2003/6/2 6:00,17.6
2990,30,18.4
2991,2003/6/2 7:00,19.2
2992,30,20
2993,2003/6/2 8:00,20.8
2994,30,21.15
2995,2003/6/2 9:00,21.5
2996,30,22.4
2997,2003/6/2 10:00,23.3
2998,30,23.75
2999,2003/6/2 11:00,24.2
3000,30,24.6
3001,2003/6/2 12:00,25
3002,30,24.85
3003,2003/6/2 13:00,24.7
3004,30,24.7
3005,2003/6/2 14:00,24.7
3006,30,24.55
3007,2003/6/2 15:00,24.4
3008,30,24.55
3009,2003/6/2 16:00,24.7
3010,30,24.55
3011,2003/6/2 17:00,24.4
3012,30,24.05
3013,2003/6/2 18:00,23.7
3014,30,23.1
3015,2003/6/2 19:00,22.5
3016,30,22.3
3017,2003/6/2 20:00,22.1
3018,30,21.95
3019,2003/6/2 21:00,21.8
3020,30,21.55
3021,2003/6/2 22:00,21.3
3022,30,21.1
3023,2003/6/2 23:00,20.9
3024,30,20.45
3025,2003/6/3 0:00,20
3026,30,19.35
3027,2003/6/3 1:00,18.7
3028,30,18.25
3029,2003/6/3 2:00,17.8
3030,30,17.7
3031,2003/6/3 3:00,17.6
3032,30,17.1
3033,2003/6/3 4:00,16.6
3034,30,16.5
3035,2003/6/3 5:00,16.4
3036,30,16.5
3037,2003/6/3 6:00,16.6
3038,30,16.8
3039,2003/6/3 7:00,17
3040,30,17.4
3041,2003/6/3 8:00,17.8
3042,30,18.35
3043,2003/6/3 9:00,18.9
3044,30,19.9
3045,2003/6/3 10:00,20.9
3046,30,21.6
3047,2003/6/3 11:00,22.3
3048,30,23.5
3049,2003/6/3 12:00,24.7
3050,30,24.85
3051,2003/6/3 13:00,25
3052,30,25.6
3053,2003/6/3 14:00,26.2
3054,30,26.25
3055,2003/6/3 15:00,26.3
3056,30,26.6
3057,2003/6/3 16:00,26.9
3058,30,26.2
3059,2003/6/3 17:00,25.5
3060,30,24.9
3061,2003/6/3 18:00,24.3
3062,30,23.85
3063,2003/6/3 19:00,23.4
3064,30,22.75
3065,2003/6/3 20:00,22.1
3066,30,21.75
3067,2003/6/3 21:00,21.4
3068,30,21.1
3069,2003/6/3 22:00,20.8
3070,30,20.25
3071,2003/6/3 23:00,19.7
3072,30,19.6
3073,2003/6/4 0:00,19.5
3074,30,19.2
3075,2003/6/4 1:00,18.9
3076,30,18.75
3077,2003/6/4 2:00,18.6
3078,30,18.5
3079,2003/6/4 3:00,18.4
3080,30,18.25
3081,2003/6/4 4:00,18.1
3082,30,18.05
3083,2003/6/4 5:00,18
3084,30,18.3
3085,2003/6/4 6:00,18.6
3086,30,18.9
3087,2003/6/4 7:00,19.2
3088,30,19.85
3089,2003/6/4 8:00,20.5
3090,30,20.95
3091,2003/6/4 9:00,21.4
3092,30,21.8
3093,2003/6/4 10:00,22.2
3094,30,22.5
3095,2003/6/4 11:00,22.8
3096,30,22.95
3097,2003/6/4 12:00,23.1
3098,30,23.05
3099,2003/6/4 13:00,23
3100,30,22.75
3101,2003/6/4 14:00,22.5
3102,30,21.9
3103,2003/6/4 15:00,21.3
3104,30,20.75
3105,2003/6/4 16:00,20.2
3106,30,19.9
3107,2003/6/4 17:00,19.6
3108,30,19.25
3109,2003/6/4 18:00,18.9
3110,30,18.6
3111,2003/6/4 19:00,18.3
3112,30,18.15
3113,2003/6/4 20:00,18
3114,30,17.75
3115,2003/6/4 21:00,17.5
3116,30,17.45
3117,2003/6/4 22:00,17.4
3118,30,17.35
3119,2003/6/4 23:00,17.3
3120,30,17.15
3121,2003/6/5 0:00,17
3122,30,16.85
3123,2003/6/5 1:00,16.7
3124,30,16.7
3125,2003/6/5 2:00,16.7
3126,30,16.75
3127,2003/6/5 3:00,16.8
3128,30,16.8
3129,2003/6/5 4:00,16.8
3130,30,16.85
3131,2003/6/5 5:00,16.9
3132,30,17.25
3133,2003/6/5 6:00,17.6
3134,30,18.65
3135,2003/6/5 7:00,19.7
3136,30,20.85
3137,2003/6/5 8:00,22
3138,30,23.1
3139,2003/6/5 9:00,24.2
3140,30,24.9
3141,2003/6/5 10:00,25.6
3142,30,26.2
3143,2003/6/5 11:00,26.8
3144,30,27.05
3145,2003/6/5 12:00,27.3
3146,30,27.95
3147,2003/6/5 13:00,28.6
3148,30,28.95
3149,2003/6/5 14:00,29.3
3150,30,29.05
3151,2003/6/5 15:00,28.8
3152,30,28.4
3153,2003/6/5 16:00,28
3154,30,27.55
3155,2003/6/5 17:00,27.1
3156,30,25.85
3157,2003/6/5 18:00,24.6
3158,30,23.8
3159,2003/6/5 19:00,23
3160,30,22.65
3161,2003/6/5 20:00,22.3
3162,30,21.95
3163,2003/6/5 21:00,21.6
3164,30,21
3165,2003/6/5 22:00,20.4
3166,30,19.2
3167,2003/6/5 23:00,18
3168,30,17.45
3169,2003/6/6 0:00,16.9
3170,30,16.6
3171,2003/6/6 1:00,16.3
3172,30,16.05
3173,2003/6/6 2:00,15.8
3174,30,15.55
3175,2003/6/6 3:00,15.3
3176,30,15.35
3177,2003/6/6 4:00,15.4
3178,30,15.25
3179,2003/6/6 5:00,15.1
3180,30,15.2
3181,2003/6/6 6:00,15.3
3182,30,15.35
3183,2003/6/6 7:00,15.4
3184,30,15.85
3185,2003/6/6 8:00,16.3
3186,30,16.7
3187,2003/6/6 9:00,17.1
3188,30,17.95
3189,2003/6/6 10:00,18.8
3190,30,19.85
3191,2003/6/6 11:00,20.9
3192,30,21.95
3193,2003/6/6 12:00,23
3194,30,23.95
3195,2003/6/6 13:00,24.9
3196,30,25.7
3197,2003/6/6 14:00,26.5
3198,30,26.7
3199,2003/6/6 15:00,26.9
3200,30,26.45
3201,2003/6/6 16:00,26
3202,30,25.65
3203,2003/6/6 17:00,25.3
3204,30,24.65
3205,2003/6/6 18:00,24
3206,30,23.55
3207,2003/6/6 19:00,23.1
3208,30,22.7
3209,2003/6/6 20:00,22.3
3210,30,20.2
3211,2003/6/6 21:00,18.1
3212,30,17.85
3213,2003/6/6 22:00,17.6
3214,30,17.4
3215,2003/6/6 23:00,17.2
3216,30,17.25
3217,2003/6/7 0:00,17.3
3218,30,17.35
3219,2003/6/7 1:00,17.4
3220,30,17.3
3221,2003/6/7 2:00,17.2
3222,30,17.1
3223,2003/6/7 3:00,17
3224,30,16.75
3225,2003/6/7 4:00,16.5
3226,30,16.45
3227,2003/6/7 5:00,16.4
3228,30,16.55
3229,2003/6/7 6:00,16.7
3230,30,17.1
3231,2003/6/7 7:00,17.5
3232,30,18.25
3233,2003/6/7 8:00,19
3234,30,20.1
3235,2003/6/7 9:00,21.2
3236,30,22
3237,2003/6/7 10:00,22.8
3238,30,23.65
3239,2003/6/7 11:00,24.5
3240,30,24.8
3241,2003/6/7 12:00,25.1
3242,30,25.3
3243,2003/6/7 13:00,25.5
3244,30,25.25
3245,2003/6/7 14:00,25
3246,30,24.6
3247,2003/6/7 15:00,24.2
3248,30,23.95
3249,2003/6/7 16:00,23.7
3250,30,23.85
3251,2003/6/7 17:00,24
3252,30,23.4
3253,2003/6/7 18:00,22.8
3254,30,21.95
3255,2003/6/7 19:00,21.1
3256,30,20.4
3257,2003/6/7 20:00,19.7
3258,30,19.35
3259,2003/6/7 21:00,19
3260,30,18.8
3261,2003/6/7 22:00,18.6
3262,30,18.65
3263,2003/6/7 23:00,18.7
3264,30,18.5
3265,2003/6/8 0:00,18.3
3266,30,17.95
3267,2003/6/8 1:00,17.6
3268,30,17.35
3269,2003/6/8 2:00,17.1
3270,30,17
3271,2003/6/8 3:00,16.9
3272,30,16.95
3273,2003/6/8 4:00,17
3274,30,16.85
3275,2003/6/8 5:00,16.7
3276,30,17.2
3277,2003/6/8 6:00,17.7
3278,30,18.45
3279,2003/6/8 7:00,19.2
3280,30,20.5
3281,2003/6/8 8:00,21.8
3282,30,22
3283,2003/6/8 9:00,22.2
3284,30,22.65
3285,2003/6/8 10:00,23.1
3286,30,23.35
3287,2003/6/8 11:00,23.6
3288,30,23.45
3289,2003/6/8 12:00,23.3
3290,30,24.15
3291,2003/6/8 13:00,25
3292,30,24.9
3293,2003/6/8 14:00,24.8
3294,30,24.55
3295,2003/6/8 15:00,24.3
3296,30,24.45
3297,2003/6/8 16:00,24.6
3298,30,24.15
3299,2003/6/8 17:00,23.7
3300,30,23
3301,2003/6/8 18:00,22.3
3302,30,21.35
3303,2003/6/8 19:00,20.4
3304,30,19.8
3305,2003/6/8 20:00,19.2
3306,30,18.8
3307,2003/6/8 21:00,18.4
3308,30,17.85
3309,2003/6/8 22:00,17.3
3310,30,16.9
3311,2003/6/8 23:00,16.5
3312,30,16.55
3313,2003/6/9 0:00,16.6
3314,30,16.75
3315,2003/6/9 1:00,16.9
3316,30,16.9
3317,2003/6/9 2:00,16.9
3318,30,17.05
3319,2003/6/9 3:00,17.2
3320,30,17.3
3321,2003/6/9 4:00,17.4
3322,30,17.4
3323,2003/6/9 5:00,17.4
3324,30,17.35
3325,2003/6/9 6:00,17.3
3326,30,17.55
3327,2003/6/9 7:00,17.8
3328,30,17.95
3329,2003/6/9 8:00,18.1
3330,30,19.15
3331,2003/6/9 9:00,20.2
3332,30,20.65
3333,2003/6/9 10:00,21.1
3334,30,21.6
3335,2003/6/9 11:00,22.1
3336,30,22.4
3337,2003/6/9 12:00,22.7
3338,30,22.85
3339,2003/6/9 13:00,23
3340,30,22.95
3341,2003/6/9 14:00,22.9
3342,30,22.6
3343,2003/6/9 15:00,22.3
3344,30,21.95
3345,2003/6/9 16:00,21.6
3346,30,21.2
3347,2003/6/9 17:00,20.8
3348,30,20.5
3349,2003/6/9 18:00,20.2
3350,30,19.4
3351,2003/6/9 19:00,18.6
3352,30,18
3353,2003/6/9 20:00,17.4
3354,30,17.05
3355,2003/6/9 21:00,16.7
3356,30,16.45
3357,2003/6/9 22:00,16.2
3358,30,15.95
3359,2003/6/9 23:00,15.7
3360,30,15.75
3361,2003/6/10 0:00,15.8
3362,30,15.85
3363,2003/6/10 1:00,15.9
3364,30,15.85
3365,2003/6/10 2:00,15.8
3366,30,15.7
3367,2003/6/10 3:00,15.6
3368,30,15.7
3369,2003/6/10 4:00,15.8
3370,30,15.9
3371,2003/6/10 5:00,16
3372,30,16.15
3373,2003/6/10 6:00,16.3
3374,30,16.45
3375,2003/6/10 7:00,16.6
3376,30,17.05
3377,2003/6/10 8:00,17.5
3378,30,17.7
3379,2003/6/10 9:00,17.9
3380,30,18.5
3381,2003/6/10 10:00,19.1
3382,30,20.05
3383,2003/6/10 11:00,21
3384,30,21.75
3385,2003/6/10 12:00,22.5
3386,30,22.7
3387,2003/6/10 13:00,22.9
3388,30,23.45
3389,2003/6/10 14:00,24
3390,30,23.95
3391,2003/6/10 15:00,23.9
3392,30,23.75
3393,2003/6/10 16:00,23.6
3394,30,23.35
3395,2003/6/10 17:00,23.1
3396,30,22.65
3397,2003/6/10 18:00,22.2
3398,30,21.75
3399,2003/6/10 19:00,21.3
3400,30,20.95
3401,2003/6/10 20:00,20.6
3402,30,20.45
3403,2003/6/10 21:00,20.3
3404,30,20.2
3405,2003/6/10 22:00,20.1
3406,30,19.9
3407,2003/6/10 23:00,19.7
3408,30,19.5
3409,2003/6/11 0:00,19.3
3410,30,19.3
3411,2003/6/11 1:00,19.3
3412,30,19.15
3413,2003/6/11 2:00,19
3414,30,18.85
3415,2003/6/11 3:00,18.7
3416,30,18.75
3417,2003/6/11 4:00,18.8
3418,30,18.85
3419,2003/6/11 5:00,18.9
3420,30,19.1
3421,2003/6/11 6:00,19.3
3422,30,19.45
3423,2003/6/11 7:00,19.6
3424,30,20.4
3425,2003/6/11 8:00,21.2
3426,30,20.85
3427,2003/6/11 9:00,20.5
3428,30,21.35
3429,2003/6/11 10:00,22.2
3430,30,22.15
3431,2003/6/11 11:00,22.1
3432,30,24
3433,2003/6/11 12:00,25.9
3434,30,25
3435,2003/6/11 13:00,24.1
3436,30,24.5
3437,2003/6/11 14:00,24.9
3438,30,24.55
3439,2003/6/11 15:00,24.2
3440,30,24.1
3441,2003/6/11 16:00,24
3442,30,23.4
3443,2003/6/11 17:00,22.8
3444,30,22.55
3445,2003/6/11 18:00,22.3
3446,30,21.95
3447,2003/6/11 19:00,21.6
3448,30,21.15
3449,2003/6/11 20:00,20.7
3450,30,20.2
3451,2003/6/11 21:00,19.7
3452,30,19.65
3453,2003/6/11 22:00,19.6
3454,30,19.2
3455,2003/6/11 23:00,18.8
3456,30,18.65
3457,2003/6/12 0:00,18.5
3458,30,18.5
3459,2003/6/12 1:00,18.5
3460,30,18.5
3461,2003/6/12 2:00,18.5
3462,30,18.5
3463,2003/6/12 3:00,18.5
3464,30,18.5
3465,2003/6/12 4:00,18.5
3466,30,18.5
3467,2003/6/12 5:00,18.5
3468,30,18.6
3469,2003/6/12 6:00,18.7
3470,30,18.75
3471,2003/6/12 7:00,18.8
3472,30,19
3473,2003/6/12 8:00,19.2
3474,30,19.4
3475,2003/6/12 9:00,19.6
3476,30,19.95
3477,2003/6/12 10:00,20.3
3478,30,20.75
3479,2003/6/12 11:00,21.2
3480,30,21.45
3481,2003/6/12 12:00,21.7
3482,30,21.95
3483,2003/6/12 13:00,22.2
3484,30,22.45
3485,2003/6/12 14:00,22.7
3486,30,22.85
3487,2003/6/12 15:00,23
3488,30,23.05
3489,2003/6/12 16:00,23.1
3490,30,23.1
3491,2003/6/12 17:00,23.1
3492,30,22.85
3493,2003/6/12 18:00,22.6
3494,30,22.35
3495,2003/6/12 19:00,22.1
3496,30,22
3497,2003/6/12 20:00,21.9
3498,30,21.75
3499,2003/6/12 21:00,21.6
3500,30,21.6
3501,2003/6/12 22:00,21.6
3502,30,21.5
3503,2003/6/12 23:00,21.4
3504,30,21.6
3505,2003/6/13 0:00,21.8
3506,30,21.9
3507,2003/6/13 1:00,22
3508,30,22
3509,2003/6/13 2:00,22
3510,30,21.95
3511,2003/6/13 3:00,21.9
3512,30,21.95
3513,2003/6/13 4:00,22
3514,30,22.05
3515,2003/6/13 5:00,22.1
3516,30,22.25
3517,2003/6/13 6:00,22.4
3518,30,22.85
3519,2003/6/13 7:00,23.3
3520,30,23.25
3521,2003/6/13 8:00,23.2
3522,30,24
3523,2003/6/13 9:00,24.8
3524,30,24.65
3525,2003/6/13 10:00,24.5
3526,30,25.05
3527,2003/6/13 11:00,25.6
3528,30,27.55
3529,2003/6/13 12:00,29.5
3530,30,29.75
3531,2003/6/13 13:00,30
3532,30,29.3
3533,2003/6/13 14:00,28.6
3534,30,27.65
3535,2003/6/13 15:00,26.7
3536,30,27.1
3537,2003/6/13 16:00,27.5
3538,30,27.95
3539,2003/6/13 17:00,28.4
3540,30,27.9
3541,2003/6/13 18:00,27.4
3542,30,26.95
3543,2003/6/13 19:00,26.5
3544,30,26.1
3545,2003/6/13 20:00,25.7
3546,30,25.5
3547,2003/6/13 21:00,25.3
3548,30,25.05
3549,2003/6/13 22:00,24.8
3550,30,24.6
3551,2003/6/13 23:00,24.4
3552,30,24.15
3553,2003/6/14 0:00,23.9
3554,30,23.75
3555,2003/6/14 1:00,23.6
3556,30,23.55
3557,2003/6/14 2:00,23.5
3558,30,23.6
3559,2003/6/14 3:00,23.7
3560,30,23.65
3561,2003/6/14 4:00,23.6
3562,30,23.5
3563,2003/6/14 5:00,23.4
3564,30,23.6
3565,2003/6/14 6:00,23.8
3566,30,24.15
3567,2003/6/14 7:00,24.5
3568,30,24.85
3569,2003/6/14 8:00,25.2
3570,30,26.15
3571,2003/6/14 9:00,27.1
3572,30,27.8
3573,2003/6/14 10:00,28.5
3574,30,28.55
3575,2003/6/14 11:00,28.6
3576,30,28.85
3577,2003/6/14 12:00,29.1
3578,30,28.45
3579,2003/6/14 13:00,27.8
3580,30,27.55
3581,2003/6/14 14:00,27.3
3582,30,27.45
3583,2003/6/14 15:00,27.6
3584,30,27.35
3585,2003/6/14 16:00,27.1
3586,30,26.55
3587,2003/6/14 17:00,26
3588,30,25.35
3589,2003/6/14 18:00,24.7
3590,30,24.15
3591,2003/6/14 19:00,23.6
3592,30,22.85
3593,2003/6/14 20:00,22.1
3594,30,21.8
3595,2003/6/14 21:00,21.5
3596,30,21.1
3597,2003/6/14 22:00,20.7
3598,30,20.7
3599,2003/6/14 23:00,20.7
3600,30,20.65
3601,2003/6/15 0:00,20.6
3602,30,20.55
3603,2003/6/15 1:00,20.5
3604,30,20.4
3605,2003/6/15 2:00,20.3
3606,30,20.15
3607,2003/6/15 3:00,20
3608,30,19.95
3609,2003/6/15 4:00,19.9
3610,30,19.85
3611,2003/6/15 5:00,19.8
3612,30,19.9
3613,2003/6/15 6:00,20
3614,30,20.3
3615,2003/6/15 7:00,20.6
3616,30,20.85
3617,2003/6/15 8:00,21.1
3618,30,21.35
3619,2003/6/15 9:00,21.6
3620,30,22.05
3621,2003/6/15 10:00,22.5
3622,30,22.95
3623,2003/6/15 11:00,23.4
3624,30,23.65
3625,2003/6/15 12:00,23.9
3626,30,23.95
3627,2003/6/15 13:00,24
3628,30,23.5
3629,2003/6/15 14:00,23
3630,30,23.4
3631,2003/6/15 15:00,23.8
3632,30,23.65
3633,2003/6/15 16:00,23.5
3634,30,23.25
3635,2003/6/15 17:00,23
3636,30,23.05
3637,2003/6/15 18:00,23.1
3638,30,22.15
3639,2003/6/15 19:00,21.2
3640,30,21.6
3641,2003/6/15 20:00,22
3642,30,22
3643,2003/6/15 21:00,22
3644,30,21.9
3645,2003/6/15 22:00,21.8
3646,30,21.75
3647,2003/6/15 23:00,21.7
3648,30,21.5
3649,2003/6/16 0:00,21.3
3650,30,21.15
3651,2003/6/16 1:00,21
3652,30,20.85
3653,2003/6/16 2:00,20.7
3654,30,20.75
3655,2003/6/16 3:00,20.8
3656,30,20.55
3657,2003/6/16 4:00,20.3
3658,30,20.35
3659,2003/6/16 5:00,20.4
3660,30,20.45
3661,2003/6/16 6:00,20.5
3662,30,21.1
3663,2003/6/16 7:00,21.7
3664,30,22.15
3665,2003/6/16 8:00,22.6
3666,30,22.8
3667,2003/6/16 9:00,23
3668,30,23.85
3669,2003/6/16 10:00,24.7
3670,30,24.45
3671,2003/6/16 11:00,24.2
3672,30,24.7
3673,2003/6/16 12:00,25.2
3674,30,25.4
3675,2003/6/16 13:00,25.6
3676,30,25.65
3677,2003/6/16 14:00,25.7
3678,30,25.85
3679,2003/6/16 15:00,26
3680,30,26
3681,2003/6/16 16:00,26
3682,30,25.8
3683,2003/6/16 17:00,25.6
3684,30,25.15
3685,2003/6/16 18:00,24.7
3686,30,24.2
3687,2003/6/16 19:00,23.7
3688,30,23.6
3689,2003/6/16 20:00,23.5
3690,30,23.55
3691,2003/6/16 21:00,23.6
3692,30,23.15
3693,2003/6/16 22:00,22.7
3694,30,22.8
3695,2003/6/16 23:00,22.9
3696,30,22.85
3697,2003/6/17 0:00,22.8
3698,30,22.8
3699,2003/6/17 1:00,22.8
3700,30,22.6
3701,2003/6/17 2:00,22.4
3702,30,22.4
3703,2003/6/17 3:00,22.4
3704,30,22.2
3705,2003/6/17 4:00,22
3706,30,21.75
3707,2003/6/17 5:00,21.5
3708,30,21.75
3709,2003/6/17 6:00,22
3710,30,22.1
3711,2003/6/17 7:00,22.2
3712,30,22.2
3713,2003/6/17 8:00,22.2
3714,30,22.25
3715,2003/6/17 9:00,22.3
3716,30,22.45
3717,2003/6/17 10:00,22.6
3718,30,22.55
3719,2003/6/17 11:00,22.5
3720,30,22.7
3721,2003/6/17 12:00,22.9
3722,30,23.4
3723,2003/6/17 13:00,23.9
3724,30,24.3
3725,2003/6/17 14:00,24.7
3726,30,24.75
3727,2003/6/17 15:00,24.8
3728,30,24.8
3729,2003/6/17 16:00,24.8
3730,30,24.9
3731,2003/6/17 17:00,25
3732,30,24.85
3733,2003/6/17 18:00,24.7
3734,30,24.3
3735,2003/6/17 19:00,23.9
3736,30,23.85
3737,2003/6/17 20:00,23.8
3738,30,23.45
3739,2003/6/17 21:00,23.1
3740,30,22.95
3741,2003/6/17 22:00,22.8
3742,30,22.45
3743,2003/6/17 23:00,22.1
3744,30,21.9
3745,2003/6/18 0:00,21.7
3746,30,21.55
3747,2003/6/18 1:00,21.4
3748,30,21.35
3749,2003/6/18 2:00,21.3
3750,30,21.3
3751,2003/6/18 3:00,21.3
3752,30,21.25
3753,2003/6/18 4:00,21.2
3754,30,21.3
3755,2003/6/18 5:00,21.4
3756,30,21.6
3757,2003/6/18 6:00,21.8
3758,30,22.05
3759,2003/6/18 7:00,22.3
3760,30,22.85
3761,2003/6/18 8:00,23.4
3762,30,24.25
3763,2003/6/18 9:00,25.1
3764,30,25.2
3765,2003/6/18 10:00,25.3
3766,30,25.7
3767,2003/6/18 11:00,26.1
3768,30,26.15
3769,2003/6/18 12:00,26.2
3770,30,26.25
3771,2003/6/18 13:00,26.3
3772,30,26.15
3773,2003/6/18 14:00,26
3774,30,25.55
3775,2003/6/18 15:00,25.1
3776,30,24.55
3777,2003/6/18 16:00,24
3778,30,23.9
3779,2003/6/18 17:00,23.8
3780,30,23.65
3781,2003/6/18 18:00,23.5
3782,30,23.35
3783,2003/6/18 19:00,23.2
3784,30,23.15
3785,2003/6/18 20:00,23.1
3786,30,23
3787,2003/6/18 21:00,22.9
3788,30,22.85
3789,2003/6/18 22:00,22.8
3790,30,22.7
3791,2003/6/18 23:00,22.6
3792,30,22.45
3793,2003/6/19 0:00,22.3
3794,30,22.25
3795,2003/6/19 1:00,22.2
3796,30,22.25
3797,2003/6/19 2:00,22.3
3798,30,22.2
3799,2003/6/19 3:00,22.1
3800,30,22.05
3801,2003/6/19 4:00,22
3802,30,22.05
3803,2003/6/19 5:00,22.1
3804,30,22.45
3805,2003/6/19 6:00,22.8
3806,30,23.5
3807,2003/6/19 7:00,24.2
3808,30,25
3809,2003/6/19 8:00,25.8
3810,30,26.2
3811,2003/6/19 9:00,26.6
3812,30,27.1
3813,2003/6/19 10:00,27.6
3814,30,27.95
3815,2003/6/19 11:00,28.3
3816,30,28.75
3817,2003/6/19 12:00,29.2
3818,30,29.9
3819,2003/6/19 13:00,30.6
3820,30,31.2
3821,2003/6/19 14:00,31.8
3822,30,31.6
3823,2003/6/19 15:00,31.4
3824,30,30.5
3825,2003/6/19 16:00,29.6
3826,30,29.3
3827,2003/6/19 17:00,29
3828,30,28.25
3829,2003/6/19 18:00,27.5
3830,30,27.25
3831,2003/6/19 19:00,27
3832,30,26.7
3833,2003/6/19 20:00,26.4
3834,30,26.3
3835,2003/6/19 21:00,26.2
3836,30,25.95
3837,2003/6/19 22:00,25.7
3838,30,25.5
3839,2003/6/19 23:00,25.3
3840,30,25.35
3841,2003/6/20 0:00,25.4
3842,30,25.45
3843,2003/6/20 1:00,25.5
3844,30,25.35
3845,2003/6/20 2:00,25.2
3846,30,25.25
3847,2003/6/20 3:00,25.3
3848,30,25.35
3849,2003/6/20 4:00,25.4
3850,30,25.6
3851,2003/6/20 5:00,25.8
3852,30,26.1
3853,2003/6/20 6:00,26.4
3854,30,27.2
3855,2003/6/20 7:00,28
3856,30,28.6
3857,2003/6/20 8:00,29.2
3858,30,29.45
3859,2003/6/20 9:00,29.7
3860,30,30.55
3861,2003/6/20 10:00,31.4
3862,30,31.65
3863,2003/6/20 11:00,31.9
3864,30,31.05
3865,2003/6/20 12:00,30.2
3866,30,30.75
3867,2003/6/20 13:00,31.3
3868,30,31.15
3869,2003/6/20 14:00,31
3870,30,31.85
3871,2003/6/20 15:00,32.7
3872,30,31.9
3873,2003/6/20 16:00,31.1
3874,30,30.6
3875,2003/6/20 17:00,30.1
3876,30,29.75
3877,2003/6/20 18:00,29.4
3878,30,29.1
3879,2003/6/20 19:00,28.8
3880,30,28.45
3881,2003/6/20 20:00,28.1
3882,30,26.65
3883,2003/6/20 21:00,25.2
3884,30,25.05
3885,2003/6/20 22:00,24.9
3886,30,24.7
3887,2003/6/20 23:00,24.5
3888,30,24.15
3889,2003/6/21 0:00,23.8
3890,30,23.7
3891,2003/6/21 1:00,23.6
3892,30,23.7
3893,2003/6/21 2:00,23.8
3894,30,23.4
3895,2003/6/21 3:00,23
3896,30,22.5
3897,2003/6/21 4:00,22
3898,30,22.15
3899,2003/6/21 5:00,22.3
3900,30,23.2
3901,2003/6/21 6:00,24.1
3902,30,25.05
3903,2003/6/21 7:00,26
3904,30,26.75
3905,2003/6/21 8:00,27.5
3906,30,28.4
3907,2003/6/21 9:00,29.3
3908,30,30
3909,2003/6/21 10:00,30.7
3910,30,31.35
3911,2003/6/21 11:00,32
3912,30,32.7
3913,2003/6/21 12:00,33.4
3914,30,33.45
3915,2003/6/21 13:00,33.5
3916,30,33.75
3917,2003/6/21 14:00,34
3918,30,34.15
3919,2003/6/21 15:00,34.3
3920,30,34.15
3921,2003/6/21 16:00,34
3922,30,33.55
3923,2003/6/21 17:00,33.1
3924,30,32.65
3925,2003/6/21 18:00,32.2
3926,30,31.25
3927,2003/6/21 19:00,30.3
3928,30,29.4
3929,2003/6/21 20:00,28.5
3930,30,28.3
3931,2003/6/21 21:00,28.1
3932,30,27.45
3933,2003/6/21 22:00,26.8
3934,30,26.3
3935,2003/6/21 23:00,25.8
3936,30,25.6
3937,2003/6/22 0:00,25.4
3938,30,25.05
3939,2003/6/22 1:00,24.7
3940,30,24.5
3941,2003/6/22 2:00,24.3
3942,30,24.15
3943,2003/6/22 3:00,24
3944,30,23.65
3945,2003/6/22 4:00,23.3
3946,30,22.9
3947,2003/6/22 5:00,22.5
3948,30,22.75
3949,2003/6/22 6:00,23
3950,30,23.8
3951,2003/6/22 7:00,24.6
3952,30,25.35
3953,2003/6/22 8:00,26.1
3954,30,26.4
3955,2003/6/22 9:00,26.7
3956,30,28.15
3957,2003/6/22 10:00,29.6
3958,30,29.85
3959,2003/6/22 11:00,30.1
3960,30,30.5
3961,2003/6/22 12:00,30.9
3962,30,30.9
3963,2003/6/22 13:00,30.9
3964,30,30.8
3965,2003/6/22 14:00,30.7
3966,30,30.35
3967,2003/6/22 15:00,30
3968,30,29.3
3969,2003/6/22 16:00,28.6
3970,30,28.05
3971,2003/6/22 17:00,27.5
3972,30,26.85
3973,2003/6/22 18:00,26.2
3974,30,25.65
3975,2003/6/22 19:00,25.1
3976,30,24.25
3977,2003/6/22 20:00,23.4
3978,30,22.85
3979,2003/6/22 21:00,22.3
3980,30,21.8
3981,2003/6/22 22:00,21.3
3982,30,21.05
3983,2003/6/22 23:00,20.8
3984,30,20.75
3985,2003/6/23 0:00,20.7
3986,30,20.6
3987,2003/6/23 1:00,20.5
3988,30,20.3
3989,2003/6/23 2:00,20.1
3990,30,20
3991,2003/6/23 3:00,19.9
3992,30,19.85
3993,2003/6/23 4:00,19.8
3994,30,19.7
3995,2003/6/23 5:00,19.6
3996,30,19.65
3997,2003/6/23 6:00,19.7
3998,30,19.8
3999,2003/6/23 7:00,19.9
4000,30,20
4001,2003/6/23 8:00,20.1
4002,30,20.5
4003,2003/6/23 9:00,20.9
4004,30,21
4005,2003/6/23 10:00,21.1
4006,30,21.15
4007,2003/6/23 11:00,21.2
4008,30,21.45
4009,2003/6/23 12:00,21.7
4010,30,22
4011,2003/6/23 13:00,22.3
4012,30,22.4
4013,2003/6/23 14:00,22.5
4014,30,22.5
4015,2003/6/23 15:00,22.5
4016,30,22.2
4017,2003/6/23 16:00,21.9
4018,30,21.8
4019,2003/6/23 17:00,21.7
4020,30,21.25
4021,2003/6/23 18:00,20.8
4022,30,20.9
4023,2003/6/23 19:00,21
4024,30,21.1
4025,2003/6/23 20:00,21.2
4026,30,21.1
4027,2003/6/23 21:00,21
4028,30,20.8
4029,2003/6/23 22:00,20.6
4030,30,20.4
4031,2003/6/23 23:00,20.2
4032,30,20
4033,2003/6/24 0:00,19.8
4034,30,19.7
4035,2003/6/24 1:00,19.6
4036,30,19.65
4037,2003/6/24 2:00,19.7
4038,30,19.65
4039,2003/6/24 3:00,19.6
4040,30,19.6
4041,2003/6/24 4:00,19.6
4042,30,19.65
4043,2003/6/24 5:00,19.7
4044,30,19.9
4045,2003/6/24 6:00,20.1
4046,30,20.55
4047,2003/6/24 7:00,21
4048,30,21.7
4049,2003/6/24 8:00,22.4
4050,30,22.95
4051,2003/6/24 9:00,23.5
4052,30,23.7
4053,2003/6/24 10:00,23.9
4054,30,23.75
4055,2003/6/24 11:00,23.6
4056,30,23.75
4057,2003/6/24 12:00,23.9
4058,30,23.5
4059,2003/6/24 13:00,23.1
4060,30,22.65
4061,2003/6/24 14:00,22.2
4062,30,22.05
4063,2003/6/24 15:00,21.9
4064,30,21.9
4065,2003/6/24 16:00,21.9
4066,30,21.8
4067,2003/6/24 17:00,21.7
4068,30,21.65
4069,2003/6/24 18:00,21.6
4070,30,21.6
4071,2003/6/24 19:00,21.6
4072,30,21.6
4073,2003/6/24 20:00,21.6
4074,30,21.6
4075,2003/6/24 21:00,21.6
4076,30,21.55
4077,2003/6/24 22:00,21.5
4078,30,21.5
4079,2003/6/24 23:00,21.5
4080,30,21.3
4081,2003/6/25 0:00,21.1
4082,30,21.05
4083,2003/6/25 1:00,21
4084,30,20.95
4085,2003/6/25 2:00,20.9
4086,30,20.95
4087,2003/6/25 3:00,21
4088,30,20.95
4089,2003/6/25 4:00,20.9
4090,30,20.9
4091,2003/6/25 5:00,20.9
4092,30,20.9
4093,2003/6/25 6:00,20.9
4094,30,21.05
4095,2003/6/25 7:00,21.2
4096,30,21.45
4097,2003/6/25 8:00,21.7
4098,30,21.75
4099,2003/6/25 9:00,21.8
4100,30,22
4101,2003/6/25 10:00,22.2
4102,30,22.2
4103,2003/6/25 11:00,22.2
4104,30,22.4
4105,2003/6/25 12:00,22.6
4106,30,22.4
4107,2003/6/25 13:00,22.2
4108,30,21.55
4109,2003/6/25 14:00,20.9
4110,30,22.05
4111,2003/6/25 15:00,23.2
4112,30,23.8
4113,2003/6/25 16:00,24.4
4114,30,24.1
4115,2003/6/25 17:00,23.8
4116,30,23.55
4117,2003/6/25 18:00,23.3
4118,30,23.05
4119,2003/6/25 19:00,22.8
4120,30,22.3
4121,2003/6/25 20:00,21.8
4122,30,21.9
4123,2003/6/25 21:00,22
4124,30,21.8
4125,2003/6/25 22:00,21.6
4126,30,21.3
4127,2003/6/25 23:00,21
4128,30,20.6
4129,2003/6/26 0:00,20.2
4130,30,19.25
4131,2003/6/26 1:00,18.3
4132,30,18.15
4133,2003/6/26 2:00,18
4134,30,17.95
4135,2003/6/26 3:00,17.9
4136,30,17.8
4137,2003/6/26 4:00,17.7
4138,30,17.6
4139,2003/6/26 5:00,17.5
4140,30,17.6
4141,2003/6/26 6:00,17.7
4142,30,17.8
4143,2003/6/26 7:00,17.9
4144,30,18.35
4145,2003/6/26 8:00,18.8
4146,30,19.2
4147,2003/6/26 9:00,19.6
4148,30,19.9
4149,2003/6/26 10:00,20.2
4150,30,20.3
4151,2003/6/26 11:00,20.4
4152,30,21.05
4153,2003/6/26 12:00,21.7
4154,30,22.15
4155,2003/6/26 13:00,22.6
4156,30,22.55
4157,2003/6/26 14:00,22.5
4158,30,22.3
4159,2003/6/26 15:00,22.1
4160,30,21.85
4161,2003/6/26 16:00,21.6
4162,30,21.5
4163,2003/6/26 17:00,21.4
4164,30,20.85
4165,2003/6/26 18:00,20.3
4166,30,19.55
4167,2003/6/26 19:00,18.8
4168,30,18.55
4169,2003/6/26 20:00,18.3
4170,30,18.15
4171,2003/6/26 21:00,18
4172,30,17.9
4173,2003/6/26 22:00,17.8
4174,30,17.75
4175,2003/6/26 23:00,17.7
4176,30,17.65
4177,2003/6/27 0:00,17.6
4178,30,17.55
4179,2003/6/27 1:00,17.5
4180,30,17.5
4181,2003/6/27 2:00,17.5
4182,30,17.45
4183,2003/6/27 3:00,17.4
4184,30,17.45
4185,2003/6/27 4:00,17.5
4186,30,17.4
4187,2003/6/27 5:00,17.3
4188,30,17.85
4189,2003/6/27 6:00,18.4
4190,30,19.45
4191,2003/6/27 7:00,20.5
4192,30,21.2
4193,2003/6/27 8:00,21.9
4194,30,23.1
4195,2003/6/27 9:00,24.3
4196,30,24.45
4197,2003/6/27 10:00,24.6
4198,30,25.4
4199,2003/6/27 11:00,26.2
4200,30,27
4201,2003/6/27 12:00,27.8
4202,30,28.2
4203,2003/6/27 13:00,28.6
4204,30,28.8
4205,2003/6/27 14:00,29
4206,30,28.55
4207,2003/6/27 15:00,28.1
4208,30,27.85
4209,2003/6/27 16:00,27.6
4210,30,27
4211,2003/6/27 17:00,26.4
4212,30,26.15
4213,2003/6/27 18:00,25.9
4214,30,25.5
4215,2003/6/27 19:00,25.1
4216,30,24.75
4217,2003/6/27 20:00,24.4
4218,30,24.1
4219,2003/6/27 21:00,23.8
4220,30,23.65
4221,2003/6/27 22:00,23.5
4222,30,23.15
4223,2003/6/27 23:00,22.8
4224,30,22.4
4225,2003/6/28 0:00,22
4226,30,21.8
4227,2003/6/28 1:00,21.6
4228,30,21.4
4229,2003/6/28 2:00,21.2
4230,30,20.85
4231,2003/6/28 3:00,20.5
4232,30,20.25
4233,2003/6/28 4:00,20
4234,30,20.15
4235,2003/6/28 5:00,20.3
4236,30,20.25
4237,2003/6/28 6:00,20.2
4238,30,20.45
4239,2003/6/28 7:00,20.7
4240,30,20.85
4241,2003/6/28 8:00,21
4242,30,21.15
4243,2003/6/28 9:00,21.3
4244,30,21.25
4245,2003/6/28 10:00,21.2
4246,30,21.1
4247,2003/6/28 11:00,21
4248,30,21
4249,2003/6/28 12:00,21
4250,30,21.15
4251,2003/6/28 13:00,21.3
4252,30,21.55
4253,2003/6/28 14:00,21.8
4254,30,22.2
4255,2003/6/28 15:00,22.6
4256,30,22.85
4257,2003/6/28 16:00,23.1
4258,30,23.25
4259,2003/6/28 17:00,23.4
4260,30,23.2
4261,2003/6/28 18:00,23
4262,30,22.2
4263,2003/6/28 19:00,21.4
4264,30,20.7
4265,2003/6/28 20:00,20
4266,30,20.05
4267,2003/6/28 21:00,20.1
4268,30,19.95
4269,2003/6/28 22:00,19.8
4270,30,19.55
4271,2003/6/28 23:00,19.3
4272,30,19.25
4273,2003/6/29 0:00,19.2
4274,30,19.2
4275,2003/6/29 1:00,19.2
4276,30,19.2
4277,2003/6/29 2:00,19.2
4278,30,19.15
4279,2003/6/29 3:00,19.1
4280,30,19.05
4281,2003/6/29 4:00,19
4282,30,19.25
4283,2003/6/29 5:00,19.5
4284,30,19.65
4285,2003/6/29 6:00,19.8
4286,30,20.05
4287,2003/6/29 7:00,20.3
4288,30,20.9
4289,2003/6/29 8:00,21.5
4290,30,23.4
4291,2003/6/29 9:00,25.3
4292,30,25.05
4293,2003/6/29 10:00,24.8
4294,30,25.55
4295,2003/6/29 11:00,26.3
4296,30,26.9
4297,2003/6/29 12:00,27.5
4298,30,28.3
4299,2003/6/29 13:00,29.1
4300,30,29.15
4301,2003/6/29 14:00,29.2
4302,30,29.75
4303,2003/6/29 15:00,30.3
4304,30,29.65
4305,2003/6/29 16:00,29
4306,30,28.9
4307,2003/6/29 17:00,28.8
4308,30,28.4
4309,2003/6/29 18:00,28
4310,30,27.25
4311,2003/6/29 19:00,26.5
4312,30,26.1
4313,2003/6/29 20:00,25.7
4314,30,25.35
4315,2003/6/29 21:00,25
4316,30,24.65
4317,2003/6/29 22:00,24.3
4318,30,23.95
4319,2003/6/29 23:00,23.6
4320,30,23.7
4321,2003/6/30 0:00,23.8
4322,30,23.8
4323,2003/6/30 1:00,23.8
4324,30,23.45
4325,2003/6/30 2:00,23.1
4326,30,22.5
4327,2003/6/30 3:00,21.9
4328,30,21.75
4329,2003/6/30 4:00,21.6
4330,30,21.25
4331,2003/6/30 5:00,20.9
4332,30,21.6
4333,2003/6/30 6:00,22.3
4334,30,22.55
4335,2003/6/30 7:00,22.8
4336,30,23.7
4337,2003/6/30 8:00,24.6
4338,30,25.3
4339,2003/6/30 9:00,26
4340,30,26.85
4341,2003/6/30 10:00,27.7
4342,30,28.8
4343,2003/6/30 11:00,29.9
4344,30,29.35
4345,2003/6/30 12:00,28.8
4346,30,28.7
4347,2003/6/30 13:00,28.6
4348,30,28.85
4349,2003/6/30 14:00,29.1
4350,30,29.15
4351,2003/6/30 15:00,29.2
4352,30,28.85
4353,2003/6/30 16:00,28.5
4354,30,28.25
4355,2003/6/30 17:00,28
4356,30,27.5
4357,2003/6/30 18:00,27
4358,30,26.75
4359,2003/6/30 19:00,26.5
4360,30,26.1
4361,2003/6/30 20:00,25.7
4362,30,25
4363,2003/6/30 21:00,24.3
4364,30,23.45
4365,2003/6/30 22:00,22.6
4366,30,22.25
4367,2003/6/30 23:00,21.9
4368,30,21.8
4369,2003/7/1 0:00,21.7
4370,30,21.65
4371,2003/7/1 1:00,21.6
4372,30,21.6
4373,2003/7/1 2:00,21.6
4374,30,21.7
4375,2003/7/1 3:00,21.8
4376,30,21.8
4377,2003/7/1 4:00,21.8
4378,30,21.7
4379,2003/7/1 5:00,21.6
4380,30,21.75
4381,2003/7/1 6:00,21.9
4382,30,21.7
4383,2003/7/1 7:00,21.5
4384,30,21.6
4385,2003/7/1 8:00,21.7
4386,30,21.85
4387,2003/7/1 9:00,22
4388,30,21.95
4389,2003/7/1 10:00,21.9
4390,30,21.85
4391,2003/7/1 11:00,21.8
4392,30,21.95
4393,2003/7/1 12:00,22.1
4394,30,21.95
4395,2003/7/1 13:00,21.8
4396,30,21.65
4397,2003/7/1 14:00,21.5
4398,30,21.4
4399,2003/7/1 15:00,21.3
4400,30,21.15
4401,2003/7/1 16:00,21
4402,30,20.8
4403,2003/7/1 17:00,20.6
4404,30,20.35
4405,2003/7/1 18:00,20.1
4406,30,20
4407,2003/7/1 19:00,19.9
4408,30,19.6
4409,2003/7/1 20:00,19.3
4410,30,19.2
4411,2003/7/1 21:00,19.1
4412,30,18.9
4413,2003/7/1 22:00,18.7
4414,30,18.5
4415,2003/7/1 23:00,18.3
4416,30,18.25
4417,2003/7/2 0:00,18.2
4418,30,18.35
4419,2003/7/2 1:00,18.5
4420,30,18.6
4421,2003/7/2 2:00,18.7
4422,30,18.7
4423,2003/7/2 3:00,18.7
4424,30,18.7
4425,2003/7/2 4:00,18.7
4426,30,18.85
4427,2003/7/2 5:00,19
4428,30,19.05
4429,2003/7/2 6:00,19.1
4430,30,19.3
4431,2003/7/2 7:00,19.5
4432,30,19.85
4433,2003/7/2 8:00,20.2
4434,30,21.45
4435,2003/7/2 9:00,22.7
4436,30,23.55
4437,2003/7/2 10:00,24.4
4438,30,24.35
4439,2003/7/2 11:00,24.3
4440,30,24.8
4441,2003/7/2 12:00,25.3
4442,30,25.95
4443,2003/7/2 13:00,26.6
4444,30,26.65
4445,2003/7/2 14:00,26.7
4446,30,26.55
4447,2003/7/2 15:00,26.4
4448,30,26.15
4449,2003/7/2 16:00,25.9
4450,30,25.15
4451,2003/7/2 17:00,24.4
4452,30,23.65
4453,2003/7/2 18:00,22.9
4454,30,22
4455,2003/7/2 19:00,21.1
4456,30,20.6
4457,2003/7/2 20:00,20.1
4458,30,19.75
4459,2003/7/2 21:00,19.4
4460,30,19.4
4461,2003/7/2 22:00,19.4
4462,30,19.4
4463,2003/7/2 23:00,19.4
4464,30,19.25
4465,2003/7/3 0:00,19.1
4466,30,18.85
4467,2003/7/3 1:00,18.6
4468,30,18.55
4469,2003/7/3 2:00,18.5
4470,30,18.55
4471,2003/7/3 3:00,18.6
4472,30,18.6
4473,2003/7/3 4:00,18.6
4474,30,18.6
4475,2003/7/3 5:00,18.6
4476,30,18.6
4477,2003/7/3 6:00,18.6
4478,30,18.8
4479,2003/7/3 7:00,19
4480,30,19.7
4481,2003/7/3 8:00,20.4
4482,30,20.6
4483,2003/7/3 9:00,20.8
4484,30,21.35
4485,2003/7/3 10:00,21.9
4486,30,22.7
4487,2003/7/3 11:00,23.5
4488,30,24.25
4489,2003/7/3 12:00,25
4490,30,25.1
4491,2003/7/3 13:00,25.2
4492,30,25.3
4493,2003/7/3 14:00,25.4
4494,30,25.9
4495,2003/7/3 15:00,26.4
4496,30,26.15
4497,2003/7/3 16:00,25.9
4498,30,25.3
4499,2003/7/3 17:00,24.7
4500,30,24.4
4501,2003/7/3 18:00,24.1
4502,30,23.95
4503,2003/7/3 19:00,23.8
4504,30,23.4
4505,2003/7/3 20:00,23
4506,30,22.35
4507,2003/7/3 21:00,21.7
4508,30,21.3
4509,2003/7/3 22:00,20.9
4510,30,21.15
4511,2003/7/3 23:00,21.4
4512,30,21.5
4513,2003/7/4 0:00,21.6
4514,30,21.45
4515,2003/7/4 1:00,21.3
4516,30,21.3
4517,2003/7/4 2:00,21.3
4518,30,21.4
4519,2003/7/4 3:00,21.5
4520,30,21.6
4521,2003/7/4 4:00,21.7
4522,30,21.8
4523,2003/7/4 5:00,21.9
4524,30,21.95
4525,2003/7/4 6:00,22
4526,30,21.85
4527,2003/7/4 7:00,21.7
4528,30,21.65
4529,2003/7/4 8:00,21.6
4530,30,21.65
4531,2003/7/4 9:00,21.7
4532,30,22.65
4533,2003/7/4 10:00,23.6
4534,30,24.25
4535,2003/7/4 11:00,24.9
4536,30,25.9
4537,2003/7/4 12:00,26.9
4538,30,27.25
4539,2003/7/4 13:00,27.6
4540,30,28.55
4541,2003/7/4 14:00,29.5
4542,30,29.95
4543,2003/7/4 15:00,30.4
4544,30,30.1
4545,2003/7/4 16:00,29.8
4546,30,29.5
4547,2003/7/4 17:00,29.2
4548,30,27.35
4549,2003/7/4 18:00,25.5
4550,30,24.5
4551,2003/7/4 19:00,23.5
4552,30,22.95
4553,2003/7/4 20:00,22.4
4554,30,22.25
4555,2003/7/4 21:00,22.1
4556,30,21.9
4557,2003/7/4 22:00,21.7
4558,30,21.75
4559,2003/7/4 23:00,21.8
4560,30,21.75
4561,2003/7/5 0:00,21.7
4562,30,21.6
4563,2003/7/5 1:00,21.5
4564,30,21.3
4565,2003/7/5 2:00,21.1
4566,30,21
4567,2003/7/5 3:00,20.9
4568,30,20.85
4569,2003/7/5 4:00,20.8
4570,30,20.6
4571,2003/7/5 5:00,20.4
4572,30,20.45
4573,2003/7/5 6:00,20.5
4574,30,21.5
4575,2003/7/5 7:00,22.5
4576,30,23.2
4577,2003/7/5 8:00,23.9
4578,30,24.95
4579,2003/7/5 9:00,26
4580,30,26.95
4581,2003/7/5 10:00,27.9
4582,30,28.2
4583,2003/7/5 11:00,28.5
4584,30,29
4585,2003/7/5 12:00,29.5
4586,30,29.7
4587,2003/7/5 13:00,29.9
4588,30,30.2
4589,2003/7/5 14:00,30.5
4590,30,29.15
4591,2003/7/5 15:00,27.8
4592,30,27.2
4593,2003/7/5 16:00,26.6
4594,30,25.8
4595,2003/7/5 17:00,25
4596,30,23.8
4597,2003/7/5 18:00,22.6
4598,30,22
4599,2003/7/5 19:00,21.4
4600,30,20.9
4601,2003/7/5 20:00,20.4
4602,30,20
4603,2003/7/5 21:00,19.6
4604,30,19.55
4605,2003/7/5 22:00,19.5
4606,30,19.3
4607,2003/7/5 23:00,19.1
4608,30,18.95
4609,2003/7/6 0:00,18.8
4610,30,18.7
4611,2003/7/6 1:00,18.6
4612,30,18.4
4613,2003/7/6 2:00,18.2
4614,30,18.15
4615,2003/7/6 3:00,18.1
4616,30,18.15
4617,2003/7/6 4:00,18.2
4618,30,18
4619,2003/7/6 5:00,17.8
4620,30,17.7
4621,2003/7/6 6:00,17.6
4622,30,17.75
4623,2003/7/6 7:00,17.9
4624,30,18.15
4625,2003/7/6 8:00,18.4
4626,30,18.55
4627,2003/7/6 9:00,18.7
4628,30,19.05
4629,2003/7/6 10:00,19.4
4630,30,19.7
4631,2003/7/6 11:00,20
4632,30,20.5
4633,2003/7/6 12:00,21
4634,30,21.55
4635,2003/7/6 13:00,22.1
4636,30,22.3
4637,2003/7/6 14:00,22.5
4638,30,22.95
4639,2003/7/6 15:00,23.4
4640,30,23.5
4641,2003/7/6 16:00,23.6
4642,30,23.5
4643,2003/7/6 17:00,23.4
4644,30,23.3
4645,2003/7/6 18:00,23.2
4646,30,22.85
4647,2003/7/6 19:00,22.5
4648,30,22.3
4649,2003/7/6 20:00,22.1
4650,30,21.75
4651,2003/7/6 21:00,21.4
4652,30,21.1
4653,2003/7/6 22:00,20.8
4654,30,20.6
4655,2003/7/6 23:00,20.4
4656,30,20.25
4657,2003/7/7 0:00,20.1
4658,30,20.15
4659,2003/7/7 1:00,20.2
4660,30,20.25
4661,2003/7/7 2:00,20.3
4662,30,20.25
4663,2003/7/7 3:00,20.2
4664,30,20.2
4665,2003/7/7 4:00,20.2
4666,30,20.15
4667,2003/7/7 5:00,20.1
4668,30,20.2
4669,2003/7/7 6:00,20.3
4670,30,20.2
4671,2003/7/7 7:00,20.1
4672,30,20.4
4673,2003/7/7 8:00,20.7
4674,30,20.85
4675,2003/7/7 9:00,21
4676,30,21.2
4677,2003/7/7 10:00,21.4
4678,30,21.5
4679,2003/7/7 11:00,21.6
4680,30,21.75
4681,2003/7/7 12:00,21.9
4682,30,21.85
4683,2003/7/7 13:00,21.8
4684,30,21.9
4685,2003/7/7 14:00,22
4686,30,22.1
4687,2003/7/7 15:00,22.2
4688,30,22.3
4689,2003/7/7 16:00,22.4
4690,30,22.35
4691,2003/7/7 17:00,22.3
4692,30,22.3
4693,2003/7/7 18:00,22.3
4694,30,22.25
4695,2003/7/7 19:00,22.2
4696,30,21.35
4697,2003/7/7 20:00,20.5
4698,30,20.3
4699,2003/7/7 21:00,20.1
4700,30,20
4701,2003/7/7 22:00,19.9
4702,30,19.8
4703,2003/7/7 23:00,19.7
4704,30,19.6
4705,2003/7/8 0:00,19.5
4706,30,19.55
4707,2003/7/8 1:00,19.6
4708,30,19.55
4709,2003/7/8 2:00,19.5
4710,30,19.45
4711,2003/7/8 3:00,19.4
4712,30,19.45
4713,2003/7/8 4:00,19.5
4714,30,19.5
4715,2003/7/8 5:00,19.5
4716,30,19.55
4717,2003/7/8 6:00,19.6
4718,30,19.5
4719,2003/7/8 7:00,19.4
4720,30,19.65
4721,2003/7/8 8:00,19.9
4722,30,20.05
4723,2003/7/8 9:00,20.2
4724,30,20.2
4725,2003/7/8 10:00,20.2
4726,30,19.95
4727,2003/7/8 11:00,19.7
4728,30,19.45
4729,2003/7/8 12:00,19.2
4730,30,19.35
4731,2003/7/8 13:00,19.5
4732,30,19.85
4733,2003/7/8 14:00,20.2
4734,30,19.9
4735,2003/7/8 15:00,19.6
4736,30,19.25
4737,2003/7/8 16:00,18.9
4738,30,18.8
4739,2003/7/8 17:00,18.7
4740,30,18.65
4741,2003/7/8 18:00,18.6
4742,30,18.6
4743,2003/7/8 19:00,18.6
4744,30,18.45
4745,2003/7/8 20:00,18.3
4746,30,18.25
4747,2003/7/8 21:00,18.2
4748,30,18
4749,2003/7/8 22:00,17.8
4750,30,17.9
4751,2003/7/8 23:00,18
4752,30,17.95
4753,2003/7/9 0:00,17.9
4754,30,18
4755,2003/7/9 1:00,18.1
4756,30,18.15
4757,2003/7/9 2:00,18.2
4758,30,18.3
4759,2003/7/9 3:00,18.4
4760,30,18.35
4761,2003/7/9 4:00,18.3
4762,30,18.15
4763,2003/7/9 5:00,18
4764,30,18.05
4765,2003/7/9 6:00,18.1
4766,30,18.3
4767,2003/7/9 7:00,18.5
4768,30,18.9
4769,2003/7/9 8:00,19.3
4770,30,19.75
4771,2003/7/9 9:00,20.2
4772,30,20.75
4773,2003/7/9 10:00,21.3
4774,30,21.2
4775,2003/7/9 11:00,21.1
4776,30,21.75
4777,2003/7/9 12:00,22.4
4778,30,22.6
4779,2003/7/9 13:00,22.8
4780,30,22.85
4781,2003/7/9 14:00,22.9
4782,30,22.85
4783,2003/7/9 15:00,22.8
4784,30,22.6
4785,2003/7/9 16:00,22.4
4786,30,22.2
4787,2003/7/9 17:00,22
4788,30,21.7
4789,2003/7/9 18:00,21.4
4790,30,21
4791,2003/7/9 19:00,20.6
4792,30,20.55
4793,2003/7/9 20:00,20.5
4794,30,20.25
4795,2003/7/9 21:00,20
4796,30,19.85
4797,2003/7/9 22:00,19.7
4798,30,19.55
4799,2003/7/9 23:00,19.4
4800,30,19.35
4801,2003/7/10 0:00,19.3
4802,30,19.2
4803,2003/7/10 1:00,19.1
4804,30,19.1
4805,2003/7/10 2:00,19.1
4806,30,19.05
4807,2003/7/10 3:00,19
4808,30,19.1
4809,2003/7/10 4:00,19.2
4810,30,19.1
4811,2003/7/10 5:00,19
4812,30,19.1
4813,2003/7/10 6:00,19.2
4814,30,19.4
4815,2003/7/10 7:00,19.6
4816,30,19.85
4817,2003/7/10 8:00,20.1
4818,30,20.2
4819,2003/7/10 9:00,20.3
4820,30,20.7
4821,2003/7/10 10:00,21.1
4822,30,21.25
4823,2003/7/10 11:00,21.4
4824,30,21.25
4825,2003/7/10 12:00,21.1
4826,30,21.05
4827,2003/7/10 13:00,21
4828,30,21.05
4829,2003/7/10 14:00,21.1
4830,30,21.2
4831,2003/7/10 15:00,21.3
4832,30,21.3
4833,2003/7/10 16:00,21.3
4834,30,21.2
4835,2003/7/10 17:00,21.1
4836,30,21.05
4837,2003/7/10 18:00,21
4838,30,21
4839,2003/7/10 19:00,21
4840,30,21
4841,2003/7/10 20:00,21
4842,30,20.95
4843,2003/7/10 21:00,20.9
4844,30,20.85
4845,2003/7/10 22:00,20.8
4846,30,20.85
4847,2003/7/10 23:00,20.9
4848,30,20.95
4849,2003/7/11 0:00,21
4850,30,20.95
4851,2003/7/11 1:00,20.9
4852,30,20.9
4853,2003/7/11 2:00,20.9
4854,30,20.85
4855,2003/7/11 3:00,20.8
4856,30,20.75
4857,2003/7/11 4:00,20.7
4858,30,20.7
4859,2003/7/11 5:00,20.7
4860,30,20.85
4861,2003/7/11 6:00,21
4862,30,21.35
4863,2003/7/11 7:00,21.7
4864,30,22.15
4865,2003/7/11 8:00,22.6
4866,30,23.45
4867,2003/7/11 9:00,24.3
4868,30,25.55
4869,2003/7/11 10:00,26.8
4870,30,28.1
4871,2003/7/11 11:00,29.4
4872,30,29.85
4873,2003/7/11 12:00,30.3
4874,30,31
4875,2003/7/11 13:00,31.7
4876,30,31.75
4877,2003/7/11 14:00,31.8
4878,30,31.65
4879,2003/7/11 15:00,31.5
4880,30,30.3
4881,2003/7/11 16:00,29.1
4882,30,27.15
4883,2003/7/11 17:00,25.2
4884,30,24.45
4885,2003/7/11 18:00,23.7
4886,30,23.9
4887,2003/7/11 19:00,24.1
4888,30,24.2
4889,2003/7/11 20:00,24.3
4890,30,24.05
4891,2003/7/11 21:00,23.8
4892,30,23.95
4893,2003/7/11 22:00,24.1
4894,30,24.15
4895,2003/7/11 23:00,24.2
4896,30,23.9
4897,2003/7/12 0:00,23.6
4898,30,23.4
4899,2003/7/12 1:00,23.2
4900,30,22.75
4901,2003/7/12 2:00,22.3
4902,30,22.1
4903,2003/7/12 3:00,21.9
4904,30,21.85
4905,2003/7/12 4:00,21.8
4906,30,21.8
4907,2003/7/12 5:00,21.8
4908,30,21.85
4909,2003/7/12 6:00,21.9
4910,30,22.05
4911,2003/7/12 7:00,22.2
4912,30,22.85
4913,2003/7/12 8:00,23.5
4914,30,23.5
4915,2003/7/12 9:00,23.5
4916,30,23.9
4917,2003/7/12 10:00,24.3
4918,30,24.75
4919,2003/7/12 11:00,25.2
4920,30,25.85
4921,2003/7/12 12:00,26.5
4922,30,27.65
4923,2003/7/12 13:00,28.8
4924,30,28.85
4925,2003/7/12 14:00,28.9
4926,30,29.3
4927,2003/7/12 15:00,29.7
4928,30,29.85
4929,2003/7/12 16:00,30
4930,30,28.15
4931,2003/7/12 17:00,26.3
4932,30,25.35
4933,2003/7/12 18:00,24.4
4934,30,23.75
4935,2003/7/12 19:00,23.1
4936,30,22.6
4937,2003/7/12 20:00,22.1
4938,30,21.95
4939,2003/7/12 21:00,21.8
4940,30,21.65
4941,2003/7/12 22:00,21.5
4942,30,21.45
4943,2003/7/12 23:00,21.4
4944,30,21.25
4945,2003/7/13 0:00,21.1
4946,30,21.05
4947,2003/7/13 1:00,21
4948,30,20.85
4949,2003/7/13 2:00,20.7
4950,30,20.5
4951,2003/7/13 3:00,20.3
4952,30,20.1
4953,2003/7/13 4:00,19.9
4954,30,19.8
4955,2003/7/13 5:00,19.7
4956,30,19.6
4957,2003/7/13 6:00,19.5
4958,30,19.3
4959,2003/7/13 7:00,19.1
4960,30,19.05
4961,2003/7/13 8:00,19
4962,30,19.05
4963,2003/7/13 9:00,19.1
4964,30,19.2
4965,2003/7/13 10:00,19.3
4966,30,19.5
4967,2003/7/13 11:00,19.7
4968,30,19.95
4969,2003/7/13 12:00,20.2
4970,30,20.45
4971,2003/7/13 13:00,20.7
4972,30,20.65
4973,2003/7/13 14:00,20.6
4974,30,20.65
4975,2003/7/13 15:00,20.7
4976,30,20.55
4977,2003/7/13 16:00,20.4
4978,30,20.3
4979,2003/7/13 17:00,20.2
4980,30,20.05
4981,2003/7/13 18:00,19.9
4982,30,19.6
4983,2003/7/13 19:00,19.3
4984,30,19.35
4985,2003/7/13 20:00,19.4
4986,30,19.2
4987,2003/7/13 21:00,19
4988,30,18.8
4989,2003/7/13 22:00,18.6
4990,30,18.4
4991,2003/7/13 23:00,18.2
4992,30,18.05
4993,2003/7/14 0:00,17.9
4994,30,17.85
4995,2003/7/14 1:00,17.8
4996,30,17.75
4997,2003/7/14 2:00,17.7
4998,30,17.7
4999,2003/7/14 3:00,17.7
5000,30,17.6
5001,2003/7/14 4:00,17.5
5002,30,17.5
5003,2003/7/14 5:00,17.5
5004,30,17.55
5005,2003/7/14 6:00,17.6
5006,30,17.7
5007,2003/7/14 7:00,17.8
5008,30,17.85
5009,2003/7/14 8:00,17.9
5010,30,18.05
5011,2003/7/14 9:00,18.2
5012,30,18.35
5013,2003/7/14 10:00,18.5
5014,30,18.65
5015,2003/7/14 11:00,18.8
5016,30,18.75
5017,2003/7/14 12:00,18.7
5018,30,18.85
5019,2003/7/14 13:00,19
5020,30,19.45
5021,2003/7/14 14:00,19.9
5022,30,20.1
5023,2003/7/14 15:00,20.3
5024,30,20.55
5025,2003/7/14 16:00,20.8
5026,30,20.75
5027,2003/7/14 17:00,20.7
5028,30,20.65
5029,2003/7/14 18:00,20.6
5030,30,20.2
5031,2003/7/14 19:00,19.8
5032,30,19.35
5033,2003/7/14 20:00,18.9
5034,30,18.65
5035,2003/7/14 21:00,18.4
5036,30,18.25
5037,2003/7/14 22:00,18.1
5038,30,17.95
5039,2003/7/14 23:00,17.8
5040,30,17.75
5041,2003/7/15 0:00,17.7
5042,30,17.6
5043,2003/7/15 1:00,17.5
5044,30,17.4
5045,2003/7/15 2:00,17.3
5046,30,17.3
5047,2003/7/15 3:00,17.3
5048,30,17.25
5049,2003/7/15 4:00,17.2
5050,30,17.15
5051,2003/7/15 5:00,17.1
5052,30,17.4
5053,2003/7/15 6:00,17.7
5054,30,17.9
5055,2003/7/15 7:00,18.1
5056,30,18.9
5057,2003/7/15 8:00,19.7
5058,30,21.15
5059,2003/7/15 9:00,22.6
5060,30,23.55
5061,2003/7/15 10:00,24.5
5062,30,25
5063,2003/7/15 11:00,25.5
5064,30,24.95
5065,2003/7/15 12:00,24.4
5066,30,24.9
5067,2003/7/15 13:00,25.4
5068,30,26.05
5069,2003/7/15 14:00,26.7
5070,30,26.35
5071,2003/7/15 15:00,26
5072,30,26
5073,2003/7/15 16:00,26
5074,30,25.7
5075,2003/7/15 17:00,25.4
5076,30,24.95
5077,2003/7/15 18:00,24.5
5078,30,23.9
5079,2003/7/15 19:00,23.3
5080,30,23.05
5081,2003/7/15 20:00,22.8
5082,30,22.8
5083,2003/7/15 21:00,22.8
5084,30,22.5
5085,2003/7/15 22:00,22.2
5086,30,21.75
5087,2003/7/15 23:00,21.3
5088,30,21.05
5089,2003/7/16 0:00,20.8
5090,30,20.8
5091,2003/7/16 1:00,20.8
5092,30,20.85
5093,2003/7/16 2:00,20.9
5094,30,20.55
5095,2003/7/16 3:00,20.2
5096,30,20.2
5097,2003/7/16 4:00,20.2
5098,30,20.15
5099,2003/7/16 5:00,20.1
5100,30,20.25
5101,2003/7/16 6:00,20.4
5102,30,20.5
5103,2003/7/16 7:00,20.6
5104,30,21
5105,2003/7/16 8:00,21.4
5106,30,22.2
5107,2003/7/16 9:00,23
5108,30,23.15
5109,2003/7/16 10:00,23.3
5110,30,23.55
5111,2003/7/16 11:00,23.8
5112,30,23.9
5113,2003/7/16 12:00,24
5114,30,23.75
5115,2003/7/16 13:00,23.5
5116,30,23.15
5117,2003/7/16 14:00,22.8
5118,30,22.9
5119,2003/7/16 15:00,23
5120,30,23.2
5121,2003/7/16 16:00,23.4
5122,30,23.35
5123,2003/7/16 17:00,23.3
5124,30,22.85
5125,2003/7/16 18:00,22.4
5126,30,22
5127,2003/7/16 19:00,21.6
5128,30,21.35
5129,2003/7/16 20:00,21.1
5130,30,20.75
5131,2003/7/16 21:00,20.4
5132,30,20.25
5133,2003/7/16 22:00,20.1
5134,30,19.75
5135,2003/7/16 23:00,19.4
5136,30,19.3
5137,2003/7/17 0:00,19.2
5138,30,19.25
5139,2003/7/17 1:00,19.3
5140,30,19.25
5141,2003/7/17 2:00,19.2
5142,30,19.1
5143,2003/7/17 3:00,19
5144,30,18.95
5145,2003/7/17 4:00,18.9
5146,30,19.15
5147,2003/7/17 5:00,19.4
5148,30,19.45
5149,2003/7/17 6:00,19.5
5150,30,19.6
5151,2003/7/17 7:00,19.7
5152,30,19.9
5153,2003/7/17 8:00,20.1
5154,30,20.9
5155,2003/7/17 9:00,21.7
5156,30,22.45
5157,2003/7/17 10:00,23.2
5158,30,23.35
5159,2003/7/17 11:00,23.5
5160,30,24.9
5161,2003/7/17 12:00,26.3
5162,30,26.1
5163,2003/7/17 13:00,25.9
5164,30,26.15
5165,2003/7/17 14:00,26.4
5166,30,25.95
5167,2003/7/17 15:00,25.5
5168,30,25.1
5169,2003/7/17 16:00,24.7
5170,30,24.25
5171,2003/7/17 17:00,23.8
5172,30,23.3
5173,2003/7/17 18:00,22.8
5174,30,22.1
5175,2003/7/17 19:00,21.4
5176,30,21
5177,2003/7/17 20:00,20.6
5178,30,20.25
5179,2003/7/17 21:00,19.9
5180,30,19.5
5181,2003/7/17 22:00,19.1
5182,30,19
5183,2003/7/17 23:00,18.9
5184,30,18.9
5185,2003/7/18 0:00,18.9
5186,30,18.9
5187,2003/7/18 1:00,18.9
5188,30,18.9
5189,2003/7/18 2:00,18.9
5190,30,18.8
5191,2003/7/18 3:00,18.7
5192,30,18.75
5193,2003/7/18 4:00,18.8
5194,30,18.8
5195,2003/7/18 5:00,18.8
5196,30,18.85
5197,2003/7/18 6:00,18.9
5198,30,19
5199,2003/7/18 7:00,19.1
5200,30,19.35
5201,2003/7/18 8:00,19.6
5202,30,19.75
5203,2003/7/18 9:00,19.9
5204,30,19.95
5205,2003/7/18 10:00,20
5206,30,20.5
5207,2003/7/18 11:00,21
5208,30,21.45
5209,2003/7/18 12:00,21.9
5210,30,22.9
5211,2003/7/18 13:00,23.9
5212,30,23.9
5213,2003/7/18 14:00,23.9
5214,30,23.95
5215,2003/7/18 15:00,24
5216,30,23.55
5217,2003/7/18 16:00,23.1
5218,30,22.65
5219,2003/7/18 17:00,22.2
5220,30,22.2
5221,2003/7/18 18:00,22.2
5222,30,22
5223,2003/7/18 19:00,21.8
5224,30,21.65
5225,2003/7/18 20:00,21.5
5226,30,21.35
5227,2003/7/18 21:00,21.2
5228,30,20.9
5229,2003/7/18 22:00,20.6
5230,30,20.5
5231,2003/7/18 23:00,20.4
5232,30,20.4
5233,2003/7/19 0:00,20.4
5234,30,20.35
5235,2003/7/19 1:00,20.3
5236,30,20.15
5237,2003/7/19 2:00,20
5238,30,19.9
5239,2003/7/19 3:00,19.8
5240,30,19.65
5241,2003/7/19 4:00,19.5
5242,30,19.55
5243,2003/7/19 5:00,19.6
5244,30,19.7
5245,2003/7/19 6:00,19.8
5246,30,19.95
5247,2003/7/19 7:00,20.1
5248,30,20.55
5249,2003/7/19 8:00,21
5250,30,21.9
5251,2003/7/19 9:00,22.8
5252,30,22.7
5253,2003/7/19 10:00,22.6
5254,30,22.85
5255,2003/7/19 11:00,23.1
5256,30,23.4
5257,2003/7/19 12:00,23.7
5258,30,23.4
5259,2003/7/19 13:00,23.1
5260,30,23.45
5261,2003/7/19 14:00,23.8
5262,30,23.9
5263,2003/7/19 15:00,24
5264,30,24.15
5265,2003/7/19 16:00,24.3
5266,30,23.8
5267,2003/7/19 17:00,23.3
5268,30,23.2
5269,2003/7/19 18:00,23.1
5270,30,23
5271,2003/7/19 19:00,22.9
5272,30,22.65
5273,2003/7/19 20:00,22.4
5274,30,22.3
5275,2003/7/19 21:00,22.2
5276,30,21.65
5277,2003/7/19 22:00,21.1
5278,30,20.9
5279,2003/7/19 23:00,20.7
5280,30,20.55
5281,2003/7/20 0:00,20.4
5282,30,20.35
5283,2003/7/20 1:00,20.3
5284,30,20.3
5285,2003/7/20 2:00,20.3
5286,30,20.2
5287,2003/7/20 3:00,20.1
5288,30,20.05
5289,2003/7/20 4:00,20
5290,30,20
5291,2003/7/20 5:00,20
5292,30,20.15
5293,2003/7/20 6:00,20.3
5294,30,20.65
5295,2003/7/20 7:00,21
5296,30,21.9
5297,2003/7/20 8:00,22.8
5298,30,23.5
5299,2003/7/20 9:00,24.2
5300,30,24.4
5301,2003/7/20 10:00,24.6
5302,30,24.7
5303,2003/7/20 11:00,24.8
5304,30,25.15
5305,2003/7/20 12:00,25.5
5306,30,25.7
5307,2003/7/20 13:00,25.9
5308,30,26.25
5309,2003/7/20 14:00,26.6
5310,30,27.05
5311,2003/7/20 15:00,27.5
5312,30,27.65
5313,2003/7/20 16:00,27.8
5314,30,27.15
5315,2003/7/20 17:00,26.5
5316,30,26
5317,2003/7/20 18:00,25.5
5318,30,25.3
5319,2003/7/20 19:00,25.1
5320,30,24.9
5321,2003/7/20 20:00,24.7
5322,30,24.5
5323,2003/7/20 21:00,24.3
5324,30,24.2
5325,2003/7/20 22:00,24.1
5326,30,24.2
5327,2003/7/20 23:00,24.3
5328,30,24.25
5329,2003/7/21 0:00,24.2
5330,30,23.8
5331,2003/7/21 1:00,23.4
5332,30,23.05
5333,2003/7/21 2:00,22.7
5334,30,22.4
5335,2003/7/21 3:00,22.1
5336,30,21.85
5337,2003/7/21 4:00,21.6
5338,30,21.35
5339,2003/7/21 5:00,21.1
5340,30,20.95
5341,2003/7/21 6:00,20.8
5342,30,20.7
5343,2003/7/21 7:00,20.6
5344,30,20.65
5345,2003/7/21 8:00,20.7
5346,30,21.2
5347,2003/7/21 9:00,21.7
5348,30,22.25
5349,2003/7/21 10:00,22.8
5350,30,22.8
5351,2003/7/21 11:00,22.8
5352,30,23.4
5353,2003/7/21 12:00,24
5354,30,23.7
5355,2003/7/21 13:00,23.4
5356,30,23.65
5357,2003/7/21 14:00,23.9
5358,30,24.1
5359,2003/7/21 15:00,24.3
5360,30,24.35
5361,2003/7/21 16:00,24.4
5362,30,24.95
5363,2003/7/21 17:00,25.5
5364,30,25.25
5365,2003/7/21 18:00,25
5366,30,24.8
5367,2003/7/21 19:00,24.6
5368,30,24.1
5369,2003/7/21 20:00,23.6
5370,30,23.2
5371,2003/7/21 21:00,22.8
5372,30,22.65
5373,2003/7/21 22:00,22.5
5374,30,22
5375,2003/7/21 23:00,21.5
5376,30,21.2
5377,2003/7/22 0:00,20.9
5378,30,20.85
5379,2003/7/22 1:00,20.8
5380,30,20.85
5381,2003/7/22 2:00,20.9
5382,30,20.75
5383,2003/7/22 3:00,20.6
5384,30,20.65
5385,2003/7/22 4:00,20.7
5386,30,20.75
5387,2003/7/22 5:00,20.8
5388,30,20.95
5389,2003/7/22 6:00,21.1
5390,30,21.3
5391,2003/7/22 7:00,21.5
5392,30,21.65
5393,2003/7/22 8:00,21.8
5394,30,22
5395,2003/7/22 9:00,22.2
5396,30,22.1
5397,2003/7/22 10:00,22
5398,30,22
5399,2003/7/22 11:00,22
5400,30,21.5
5401,2003/7/22 12:00,21
5402,30,21.55
5403,2003/7/22 13:00,22.1
5404,30,22.35
5405,2003/7/22 14:00,22.6
5406,30,22.75
5407,2003/7/22 15:00,22.9
5408,30,22.3
5409,2003/7/22 16:00,21.7
5410,30,21.5
5411,2003/7/22 17:00,21.3
5412,30,20.8
5413,2003/7/22 18:00,20.3
5414,30,19.8
5415,2003/7/22 19:00,19.3
5416,30,19.2
5417,2003/7/22 20:00,19.1
5418,30,18.75
5419,2003/7/22 21:00,18.4
5420,30,18.25
5421,2003/7/22 22:00,18.1
5422,30,18.05
5423,2003/7/22 23:00,18
5424,30,17.85
5425,2003/7/23 0:00,17.7
5426,30,17.75
5427,2003/7/23 1:00,17.8
5428,30,17.8
5429,2003/7/23 2:00,17.8
5430,30,17.75
5431,2003/7/23 3:00,17.7
5432,30,17.7
5433,2003/7/23 4:00,17.7
5434,30,17.7
5435,2003/7/23 5:00,17.7
5436,30,17.8
5437,2003/7/23 6:00,17.9
5438,30,18
5439,2003/7/23 7:00,18.1
5440,30,18.5
5441,2003/7/23 8:00,18.9
5442,30,18.7
5443,2003/7/23 9:00,18.5
5444,30,18.55
5445,2003/7/23 10:00,18.6
5446,30,18.8
5447,2003/7/23 11:00,19
5448,30,19.35
5449,2003/7/23 12:00,19.7
5450,30,20.1
5451,2003/7/23 13:00,20.5
5452,30,20.65
5453,2003/7/23 14:00,20.8
5454,30,20.7
5455,2003/7/23 15:00,20.6
5456,30,20.45
5457,2003/7/23 16:00,20.3
5458,30,19.95
5459,2003/7/23 17:00,19.6
5460,30,19.25
5461,2003/7/23 18:00,18.9
5462,30,18.6
5463,2003/7/23 19:00,18.3
5464,30,18
5465,2003/7/23 20:00,17.7
5466,30,17.55
5467,2003/7/23 21:00,17.4
5468,30,17.4
5469,2003/7/23 22:00,17.4
5470,30,17.35
5471,2003/7/23 23:00,17.3
5472,30,17.3
5473,2003/7/24 0:00,17.3
5474,30,17.25
5475,2003/7/24 1:00,17.2
5476,30,17.2
5477,2003/7/24 2:00,17.2
5478,30,17.2
5479,2003/7/24 3:00,17.2
5480,30,17.2
5481,2003/7/24 4:00,17.2
5482,30,17.2
5483,2003/7/24 5:00,17.2
5484,30,17.25
5485,2003/7/24 6:00,17.3
5486,30,17.4
5487,2003/7/24 7:00,17.5
5488,30,17.65
5489,2003/7/24 8:00,17.8
5490,30,18.2
5491,2003/7/24 9:00,18.6
5492,30,18.85
5493,2003/7/24 10:00,19.1
5494,30,19.8
5495,2003/7/24 11:00,20.5
5496,30,21.3
5497,2003/7/24 12:00,22.1
5498,30,22.55
5499,2003/7/24 13:00,23
5500,30,24.4
5501,2003/7/24 14:00,25.8
5502,30,25.95
5503,2003/7/24 15:00,26.1
5504,30,26.25
5505,2003/7/24 16:00,26.4
5506,30,25.95
5507,2003/7/24 17:00,25.5
5508,30,25.25
5509,2003/7/24 18:00,25
5510,30,24.55
5511,2003/7/24 19:00,24.1
5512,30,23.65
5513,2003/7/24 20:00,23.2
5514,30,23.15
5515,2003/7/24 21:00,23.1
5516,30,22.9
5517,2003/7/24 22:00,22.7
5518,30,22.65
5519,2003/7/24 23:00,22.6
5520,30,22.3
5521,2003/7/25 0:00,22
5522,30,21.8
5523,2003/7/25 1:00,21.6
5524,30,21.6
5525,2003/7/25 2:00,21.6
5526,30,21.45
5527,2003/7/25 3:00,21.3
5528,30,21.05
5529,2003/7/25 4:00,20.8
5530,30,20.45
5531,2003/7/25 5:00,20.1
5532,30,20.05
5533,2003/7/25 6:00,20
5534,30,20.35
5535,2003/7/25 7:00,20.7
5536,30,21.55
5537,2003/7/25 8:00,22.4
5538,30,22.8
5539,2003/7/25 9:00,23.2
5540,30,23.7
5541,2003/7/25 10:00,24.2
5542,30,24.55
5543,2003/7/25 11:00,24.9
5544,30,25.05
5545,2003/7/25 12:00,25.2
5546,30,25.5
5547,2003/7/25 13:00,25.8
5548,30,25.85
5549,2003/7/25 14:00,25.9
5550,30,26.15
5551,2003/7/25 15:00,26.4
5552,30,26.4
5553,2003/7/25 16:00,26.4
5554,30,25.35
5555,2003/7/25 17:00,24.3
5556,30,23.7
5557,2003/7/25 18:00,23.1
5558,30,22.15
5559,2003/7/25 19:00,21.2
5560,30,20.55
5561,2003/7/25 20:00,19.9
5562,30,19.45
5563,2003/7/25 21:00,19
5564,30,18.8
5565,2003/7/25 22:00,18.6
5566,30,18.45
5567,2003/7/25 23:00,18.3
5568,30,18.25
5569,2003/7/26 0:00,18.2
5570,30,18.4
5571,2003/7/26 1:00,18.6
5572,30,18.65
5573,2003/7/26 2:00,18.7
5574,30,18.75
5575,2003/7/26 3:00,18.8
5576,30,18.85
5577,2003/7/26 4:00,18.9
5578,30,19.05
5579,2003/7/26 5:00,19.2
5580,30,19.35
5581,2003/7/26 6:00,19.5
5582,30,19.5
5583,2003/7/26 7:00,19.5
5584,30,19.95
5585,2003/7/26 8:00,20.4
5586,30,21.35
5587,2003/7/26 9:00,22.3
5588,30,23.2
5589,2003/7/26 10:00,24.1
5590,30,24.4
5591,2003/7/26 11:00,24.7
5592,30,25.55
5593,2003/7/26 12:00,26.4
5594,30,26.3
5595,2003/7/26 13:00,26.2
5596,30,25.5
5597,2003/7/26 14:00,24.8
5598,30,24.75
5599,2003/7/26 15:00,24.7
5600,30,24.55
5601,2003/7/26 16:00,24.4
5602,30,23.9
5603,2003/7/26 17:00,23.4
5604,30,23.15
5605,2003/7/26 18:00,22.9
5606,30,22.5
5607,2003/7/26 19:00,22.1
5608,30,21.85
5609,2003/7/26 20:00,21.6
5610,30,21.4
5611,2003/7/26 21:00,21.2
5612,30,20.95
5613,2003/7/26 22:00,20.7
5614,30,20.55
5615,2003/7/26 23:00,20.4
5616,30,20.4
5617,2003/7/27 0:00,20.4
5618,30,20.35
5619,2003/7/27 1:00,20.3
5620,30,20
5621,2003/7/27 2:00,19.7
5622,30,19.4
5623,2003/7/27 3:00,19.1
5624,30,19.25
5625,2003/7/27 4:00,19.4
5626,30,19.45
5627,2003/7/27 5:00,19.5
5628,30,19.65
5629,2003/7/27 6:00,19.8
5630,30,20.3
5631,2003/7/27 7:00,20.8
5632,30,21.4
5633,2003/7/27 8:00,22
5634,30,22.65
5635,2003/7/27 9:00,23.3
5636,30,24.05
5637,2003/7/27 10:00,24.8
5638,30,24.9
5639,2003/7/27 11:00,25
5640,30,25.5
5641,2003/7/27 12:00,26
5642,30,26.5
5643,2003/7/27 13:00,27
5644,30,27
5645,2003/7/27 14:00,27
5646,30,26.65
5647,2003/7/27 15:00,26.3
5648,30,25.8
5649,2003/7/27 16:00,25.3
5650,30,24.1
5651,2003/7/27 17:00,22.9
5652,30,21.95
5653,2003/7/27 18:00,21
5654,30,20.45
5655,2003/7/27 19:00,19.9
5656,30,19.5
5657,2003/7/27 20:00,19.1
5658,30,19.05
5659,2003/7/27 21:00,19
5660,30,18.65
5661,2003/7/27 22:00,18.3
5662,30,18
5663,2003/7/27 23:00,17.7
5664,30,17.5
5665,2003/7/28 0:00,17.3
5666,30,17.25
5667,2003/7/28 1:00,17.2
5668,30,17.15
5669,2003/7/28 2:00,17.1
5670,30,17.05
5671,2003/7/28 3:00,17
5672,30,16.95
5673,2003/7/28 4:00,16.9
5674,30,16.95
5675,2003/7/28 5:00,17
5676,30,17.3
5677,2003/7/28 6:00,17.6
5678,30,18.1
5679,2003/7/28 7:00,18.6
5680,30,19.1
5681,2003/7/28 8:00,19.6
5682,30,20.15
5683,2003/7/28 9:00,20.7
5684,30,21.3
5685,2003/7/28 10:00,21.9
5686,30,22.55
5687,2003/7/28 11:00,23.2
5688,30,24
5689,2003/7/28 12:00,24.8
5690,30,25.2
5691,2003/7/28 13:00,25.6
5692,30,26.55
5693,2003/7/28 14:00,27.5
5694,30,27.3
5695,2003/7/28 15:00,27.1
5696,30,27
5697,2003/7/28 16:00,26.9
5698,30,26.35
5699,2003/7/28 17:00,25.8
5700,30,25.65
5701,2003/7/28 18:00,25.5
5702,30,25.15
5703,2003/7/28 19:00,24.8
5704,30,24.35
5705,2003/7/28 20:00,23.9
5706,30,23.95
5707,2003/7/28 21:00,24
5708,30,23.85
5709,2003/7/28 22:00,23.7
5710,30,23.45
5711,2003/7/28 23:00,23.2
5712,30,23.2
5713,2003/7/29 0:00,23.2
5714,30,23.15
5715,2003/7/29 1:00,23.1
5716,30,22.95
5717,2003/7/29 2:00,22.8
5718,30,22.65
5719,2003/7/29 3:00,22.5
5720,30,22.3
5721,2003/7/29 4:00,22.1
5722,30,21.7
5723,2003/7/29 5:00,21.3
5724,30,21.65
5725,2003/7/29 6:00,22
5726,30,22.4
5727,2003/7/29 7:00,22.8
5728,30,23.65
5729,2003/7/29 8:00,24.5
5730,30,25
5731,2003/7/29 9:00,25.5
5732,30,25.3
5733,2003/7/29 10:00,25.1
5734,30,24.9
5735,2003/7/29 11:00,24.7
5736,30,24
5737,2003/7/29 12:00,23.3
5738,30,22.85
5739,2003/7/29 13:00,22.4
5740,30,22.7
5741,2003/7/29 14:00,23
5742,30,23.6
5743,2003/7/29 15:00,24.2
5744,30,24.5
5745,2003/7/29 16:00,24.8
5746,30,24.5
5747,2003/7/29 17:00,24.2
5748,30,24.15
5749,2003/7/29 18:00,24.1
5750,30,23.85
5751,2003/7/29 19:00,23.6
5752,30,23.55
5753,2003/7/29 20:00,23.5
5754,30,23.5
5755,2003/7/29 21:00,23.5
5756,30,23.9
5757,2003/7/29 22:00,24.3
5758,30,24.4
5759,2003/7/29 23:00,24.5
5760,30,24.5
5761,2003/7/30 0:00,24.5
5762,30,23.95
5763,2003/7/30 1:00,23.4
5764,30,23.5
5765,2003/7/30 2:00,23.6
5766,30,23.3
5767,2003/7/30 3:00,23
5768,30,22.95
5769,2003/7/30 4:00,22.9
5770,30,22.55
5771,2003/7/30 5:00,22.2
5772,30,22.2
5773,2003/7/30 6:00,22.2
5774,30,22.35
5775,2003/7/30 7:00,22.5
5776,30,22.7
5777,2003/7/30 8:00,22.9
5778,30,23.3
5779,2003/7/30 9:00,23.7
5780,30,23.85
5781,2003/7/30 10:00,24
5782,30,23.9
5783,2003/7/30 11:00,23.8
5784,30,24.45
5785,2003/7/30 12:00,25.1
5786,30,25.6
5787,2003/7/30 13:00,26.1
5788,30,26.2
5789,2003/7/30 14:00,26.3
5790,30,26.9
5791,2003/7/30 15:00,27.5
5792,30,27.2
5793,2003/7/30 16:00,26.9
5794,30,26.85
5795,2003/7/30 17:00,26.8
5796,30,26.7
5797,2003/7/30 18:00,26.6
5798,30,26.2
5799,2003/7/30 19:00,25.8
5800,30,25.5
5801,2003/7/30 20:00,25.2
5802,30,25
5803,2003/7/30 21:00,24.8
5804,30,24.65
5805,2003/7/30 22:00,24.5
5806,30,24.35
5807,2003/7/30 23:00,24.2
5808,30,24.2
5809,2003/7/31 0:00,24.2
5810,30,24.15
5811,2003/7/31 1:00,24.1
5812,30,24.15
5813,2003/7/31 2:00,24.2
5814,30,24.1
5815,2003/7/31 3:00,24
5816,30,23.95
5817,2003/7/31 4:00,23.9
5818,30,23.8
5819,2003/7/31 5:00,23.7
5820,30,23.7
5821,2003/7/31 6:00,23.7
5822,30,23.8
5823,2003/7/31 7:00,23.9
5824,30,24.9
5825,2003/7/31 8:00,25.9
5826,30,26.45
5827,2003/7/31 9:00,27
5828,30,27.3
5829,2003/7/31 10:00,27.6
5830,30,28.45
5831,2003/7/31 11:00,29.3
5832,30,29.75
5833,2003/7/31 12:00,30.2
5834,30,30.2
5835,2003/7/31 13:00,30.2
5836,30,30.35
5837,2003/7/31 14:00,30.5
5838,30,30.05
5839,2003/7/31 15:00,29.6
5840,30,29
5841,2003/7/31 16:00,28.4
5842,30,27.8
5843,2003/7/31 17:00,27.2
5844,30,26.6
5845,2003/7/31 18:00,26
5846,30,25.45
5847,2003/7/31 19:00,24.9
5848,30,24.2
5849,2003/7/31 20:00,23.5
5850,30,22.95
5851,2003/7/31 21:00,22.4
5852,30,22.25
5853,2003/7/31 22:00,22.1
5854,30,22
5855,2003/7/31 23:00,21.9
5856,30,21.75
5857,2003/8/1 0:00,21.6
5858,30,21.5
5859,2003/8/1 1:00,21.4
5860,30,21.4
5861,2003/8/1 2:00,21.4
5862,30,21.4
5863,2003/8/1 3:00,21.4
5864,30,21.45
5865,2003/8/1 4:00,21.5
5866,30,21.45
5867,2003/8/1 5:00,21.4
5868,30,21.55
5869,2003/8/1 6:00,21.7
5870,30,21.6
5871,2003/8/1 7:00,21.5
5872,30,21.6
5873,2003/8/1 8:00,21.7
5874,30,22.15
5875,2003/8/1 9:00,22.6
5876,30,23.1
5877,2003/8/1 10:00,23.6
5878,30,24.55
5879,2003/8/1 11:00,25.5
5880,30,25.45
5881,2003/8/1 12:00,25.4
5882,30,26.3
5883,2003/8/1 13:00,27.2
5884,30,27.35
5885,2003/8/1 14:00,27.5
5886,30,27.5
5887,2003/8/1 15:00,27.5
5888,30,27.3
5889,2003/8/1 16:00,27.1
5890,30,26.7
5891,2003/8/1 17:00,26.3
5892,30,25.6
5893,2003/8/1 18:00,24.9
5894,30,24.1
5895,2003/8/1 19:00,23.3
5896,30,23.1
5897,2003/8/1 20:00,22.9
5898,30,22.8
5899,2003/8/1 21:00,22.7
5900,30,22.65
5901,2003/8/1 22:00,22.6
5902,30,22.55
5903,2003/8/1 23:00,22.5
5904,30,22.3
5905,2003/8/2 0:00,22.1
5906,30,22.1
5907,2003/8/2 1:00,22.1
5908,30,22.05
5909,2003/8/2 2:00,22
5910,30,22
5911,2003/8/2 3:00,22
5912,30,22.1
5913,2003/8/2 4:00,22.2
5914,30,22.1
5915,2003/8/2 5:00,22
5916,30,22.1
5917,2003/8/2 6:00,22.2
5918,30,22.25
5919,2003/8/2 7:00,22.3
5920,30,22.9
5921,2003/8/2 8:00,23.5
5922,30,24.7
5923,2003/8/2 9:00,25.9
5924,30,26.65
5925,2003/8/2 10:00,27.4
5926,30,28.5
5927,2003/8/2 11:00,29.6
5928,30,30.3
5929,2003/8/2 12:00,31
5930,30,31.1
5931,2003/8/2 13:00,31.2
5932,30,31.85
5933,2003/8/2 14:00,32.5
5934,30,32.35
5935,2003/8/2 15:00,32.2
5936,30,32
5937,2003/8/2 16:00,31.8
5938,30,31.45
5939,2003/8/2 17:00,31.1
5940,30,30.35
5941,2003/8/2 18:00,29.6
5942,30,29.1
5943,2003/8/2 19:00,28.6
5944,30,28.35
5945,2003/8/2 20:00,28.1
5946,30,27.95
5947,2003/8/2 21:00,27.8
5948,30,27.8
5949,2003/8/2 22:00,27.8
5950,30,27.6
5951,2003/8/2 23:00,27.4
5952,30,27.2
5953,2003/8/3 0:00,27
5954,30,26.7
5955,2003/8/3 1:00,26.4
5956,30,26.15
5957,2003/8/3 2:00,25.9
5958,30,25.5
5959,2003/8/3 3:00,25.1
5960,30,24.9
5961,2003/8/3 4:00,24.7
5962,30,24.6
5963,2003/8/3 5:00,24.5
5964,30,25.05
5965,2003/8/3 6:00,25.6
5966,30,26.15
5967,2003/8/3 7:00,26.7
5968,30,27.85
5969,2003/8/3 8:00,29
5970,30,29.45
5971,2003/8/3 9:00,29.9
5972,30,30.75
5973,2003/8/3 10:00,31.6
5974,30,31.75
5975,2003/8/3 11:00,31.9
5976,30,32.5
5977,2003/8/3 12:00,33.1
5978,30,32.95
5979,2003/8/3 13:00,32.8
5980,30,32.3
5981,2003/8/3 14:00,31.8
5982,30,32.25
5983,2003/8/3 15:00,32.7
5984,30,32.3
5985,2003/8/3 16:00,31.9
5986,30,31.7
5987,2003/8/3 17:00,31.5
5988,30,30.9
5989,2003/8/3 18:00,30.3
5990,30,29.5
5991,2003/8/3 19:00,28.7
5992,30,28.05
5993,2003/8/3 20:00,27.4
5994,30,27.1
5995,2003/8/3 21:00,26.8
5996,30,27.05
5997,2003/8/3 22:00,27.3
5998,30,26.85
5999,2003/8/3 23:00,26.4
6000,30,26.1
6001,2003/8/4 0:00,25.8
6002,30,25.7
6003,2003/8/4 1:00,25.6
6004,30,25.45
6005,2003/8/4 2:00,25.3
6006,30,25.2
6007,2003/8/4 3:00,25.1
6008,30,24.9
6009,2003/8/4 4:00,24.7
6010,30,24.6
6011,2003/8/4 5:00,24.5
6012,30,24.85
6013,2003/8/4 6:00,25.2
6014,30,25.95
6015,2003/8/4 7:00,26.7
6016,30,27.75
6017,2003/8/4 8:00,28.8
6018,30,29.55
6019,2003/8/4 9:00,30.3
6020,30,31.15
6021,2003/8/4 10:00,32
6022,30,32.55
6023,2003/8/4 11:00,33.1
6024,30,33.6
6025,2003/8/4 12:00,34.1
6026,30,34.35
6027,2003/8/4 13:00,34.6
6028,30,34.5
6029,2003/8/4 14:00,34.4
6030,30,34.45
6031,2003/8/4 15:00,34.5
6032,30,34.15
6033,2003/8/4 16:00,33.8
6034,30,33.45
6035,2003/8/4 17:00,33.1
6036,30,32.15
6037,2003/8/4 18:00,31.2
6038,30,30.4
6039,2003/8/4 19:00,29.6
6040,30,29.05
6041,2003/8/4 20:00,28.5
6042,30,28.3
6043,2003/8/4 21:00,28.1
6044,30,27.8
6045,2003/8/4 22:00,27.5
6046,30,27.4
6047,2003/8/4 23:00,27.3
6048,30,27
6049,2003/8/5 0:00,26.7
6050,30,26.5
6051,2003/8/5 1:00,26.3
6052,30,26.25
6053,2003/8/5 2:00,26.2
6054,30,26
6055,2003/8/5 3:00,25.8
6056,30,25.7
6057,2003/8/5 4:00,25.6
6058,30,25.55
6059,2003/8/5 5:00,25.5
6060,30,25.75
6061,2003/8/5 6:00,26
6062,30,26.6
6063,2003/8/5 7:00,27.2
6064,30,28.25
6065,2003/8/5 8:00,29.3
6066,30,29.7
6067,2003/8/5 9:00,30.1
6068,30,31.05
6069,2003/8/5 10:00,32
6070,30,32.25
6071,2003/8/5 11:00,32.5
6072,30,32.95
6073,2003/8/5 12:00,33.4
6074,30,34.3
6075,2003/8/5 13:00,35.2
6076,30,34.35
6077,2003/8/5 14:00,33.5
6078,30,31.55
6079,2003/8/5 15:00,29.6
6080,30,27.6
6081,2003/8/5 16:00,25.6
6082,30,25.15
6083,2003/8/5 17:00,24.7
6084,30,24.4
6085,2003/8/5 18:00,24.1
6086,30,24.2
6087,2003/8/5 19:00,24.3
6088,30,24.4
6089,2003/8/5 20:00,24.5
6090,30,24.25
6091,2003/8/5 21:00,24
6092,30,23.9
6093,2003/8/5 22:00,23.8
6094,30,23.8
6095,2003/8/5 23:00,23.8
6096,30,23.75
6097,2003/8/6 0:00,23.7
6098,30,23.7
6099,2003/8/6 1:00,23.7
6100,30,23.55
6101,2003/8/6 2:00,23.4
6102,30,23.55
6103,2003/8/6 3:00,23.7
6104,30,23.6
6105,2003/8/6 4:00,23.5
6106,30,23.6
6107,2003/8/6 5:00,23.7
6108,30,23.8
6109,2003/8/6 6:00,23.9
6110,30,24.15
6111,2003/8/6 7:00,24.4
6112,30,25.25
6113,2003/8/6 8:00,26.1
6114,30,26.45
6115,2003/8/6 9:00,26.8
6116,30,27.6
6117,2003/8/6 10:00,28.4
6118,30,28.9
6119,2003/8/6 11:00,29.4
6120,30,29.35
6121,2003/8/6 12:00,29.3
6122,30,29.8
6123,2003/8/6 13:00,30.3
6124,30,30.2
6125,2003/8/6 14:00,30.1
6126,30,30.25
6127,2003/8/6 15:00,30.4
6128,30,30.6
6129,2003/8/6 16:00,30.8
6130,30,29.85
6131,2003/8/6 17:00,28.9
6132,30,28.4
6133,2003/8/6 18:00,27.9
6134,30,27.45
6135,2003/8/6 19:00,27
6136,30,26.05
6137,2003/8/6 20:00,25.1
6138,30,24.4
6139,2003/8/6 21:00,23.7
6140,30,23.55
6141,2003/8/6 22:00,23.4
6142,30,23.3
6143,2003/8/6 23:00,23.2
6144,30,23.1
6145,2003/8/7 0:00,23
6146,30,23.05
6147,2003/8/7 1:00,23.1
6148,30,23.1
6149,2003/8/7 2:00,23.1
6150,30,23.1
6151,2003/8/7 3:00,23.1
6152,30,23.05
6153,2003/8/7 4:00,23
6154,30,22.95
6155,2003/8/7 5:00,22.9
6156,30,23
6157,2003/8/7 6:00,23.1
6158,30,23.3
6159,2003/8/7 7:00,23.5
6160,30,23.8
6161,2003/8/7 8:00,24.1
6162,30,24.55
6163,2003/8/7 9:00,25
6164,30,26.15
6165,2003/8/7 10:00,27.3
6166,30,28.35
6167,2003/8/7 11:00,29.4
6168,30,29.85
6169,2003/8/7 12:00,30.3
6170,30,30.75
6171,2003/8/7 13:00,31.2
6172,30,31.15
6173,2003/8/7 14:00,31.1
6174,30,31.4
6175,2003/8/7 15:00,31.7
6176,30,31.75
6177,2003/8/7 16:00,31.8
6178,30,31.3
6179,2003/8/7 17:00,30.8
6180,30,30.4
6181,2003/8/7 18:00,30
6182,30,29.45
6183,2003/8/7 19:00,28.9
6184,30,28.5
6185,2003/8/7 20:00,28.1
6186,30,28.05
6187,2003/8/7 21:00,28
6188,30,27.8
6189,2003/8/7 22:00,27.6
6190,30,27.2
6191,2003/8/7 23:00,26.8
6192,30,26.45
6193,2003/8/8 0:00,26.1
6194,30,25.85
6195,2003/8/8 1:00,25.6
6196,30,25.4
6197,2003/8/8 2:00,25.2
6198,30,25.3
6199,2003/8/8 3:00,25.4
6200,30,25.3
6201,2003/8/8 4:00,25.2
6202,30,25.2
6203,2003/8/8 5:00,25.2
6204,30,25.35
6205,2003/8/8 6:00,25.5
6206,30,26.55
6207,2003/8/8 7:00,27.6
6208,30,27.85
6209,2003/8/8 8:00,28.1
6210,30,28.65
6211,2003/8/8 9:00,29.2
6212,30,29.55
6213,2003/8/8 10:00,29.9
6214,30,30.25
6215,2003/8/8 11:00,30.6
6216,30,30.85
6217,2003/8/8 12:00,31.1
6218,30,30.5
6219,2003/8/8 13:00,29.9
6220,30,29
6221,2003/8/8 14:00,28.1
6222,30,28.9
6223,2003/8/8 15:00,29.7
6224,30,30.05
6225,2003/8/8 16:00,30.4
6226,30,30.15
6227,2003/8/8 17:00,29.9
6228,30,29.5
6229,2003/8/8 18:00,29.1
6230,30,28.95
6231,2003/8/8 19:00,28.8
6232,30,28.6
6233,2003/8/8 20:00,28.4
6234,30,28.25
6235,2003/8/8 21:00,28.1
6236,30,28.05
6237,2003/8/8 22:00,28
6238,30,27.95
6239,2003/8/8 23:00,27.9
6240,30,28.05
6241,2003/8/9 0:00,28.2
6242,30,28.15
6243,2003/8/9 1:00,28.1
6244,30,28.1
6245,2003/8/9 2:00,28.1
6246,30,28
6247,2003/8/9 3:00,27.9
6248,30,27.85
6249,2003/8/9 4:00,27.8
6250,30,28
6251,2003/8/9 5:00,28.2
6252,30,28.5
6253,2003/8/9 6:00,28.8
6254,30,28.7
6255,2003/8/9 7:00,28.6
6256,30,28
6257,2003/8/9 8:00,27.4
6258,30,28
6259,2003/8/9 9:00,28.6
6260,30,28.85
6261,2003/8/9 10:00,29.1
6262,30,29.2
6263,2003/8/9 11:00,29.3
6264,30,28.35
6265,2003/8/9 12:00,27.4
6266,30,26.6
6267,2003/8/9 13:00,25.8
6268,30,25.65
6269,2003/8/9 14:00,25.5
6270,30,25.4
6271,2003/8/9 15:00,25.3
6272,30,25.3
6273,2003/8/9 16:00,25.3
6274,30,25.5
6275,2003/8/9 17:00,25.7
6276,30,25.5
6277,2003/8/9 18:00,25.3
6278,30,25.3
6279,2003/8/9 19:00,25.3
6280,30,25.7
6281,2003/8/9 20:00,26.1
6282,30,26.25
6283,2003/8/9 21:00,26.4
6284,30,26.4
6285,2003/8/9 22:00,26.4
6286,30,26.15
6287,2003/8/9 23:00,25.9
6288,30,25.9
6289,2003/8/10 0:00,25.9
6290,30,25.85
6291,2003/8/10 1:00,25.8
6292,30,25.8
6293,2003/8/10 2:00,25.8
6294,30,25.8
6295,2003/8/10 3:00,25.8
6296,30,25.45
6297,2003/8/10 4:00,25.1
6298,30,24.85
6299,2003/8/10 5:00,24.6
6300,30,24.75
6301,2003/8/10 6:00,24.9
6302,30,25.95
6303,2003/8/10 7:00,27
6304,30,27.5
6305,2003/8/10 8:00,28
6306,30,28.55
6307,2003/8/10 9:00,29.1
6308,30,29.55
6309,2003/8/10 10:00,30
6310,30,30.95
6311,2003/8/10 11:00,31.9
6312,30,32.3
6313,2003/8/10 12:00,32.7
6314,30,33.6
6315,2003/8/10 13:00,34.5
6316,30,34.15
6317,2003/8/10 14:00,33.8
6318,30,33.45
6319,2003/8/10 15:00,33.1
6320,30,32.9
6321,2003/8/10 16:00,32.7
6322,30,31.65
6323,2003/8/10 17:00,30.6
6324,30,29.95
6325,2003/8/10 18:00,29.3
6326,30,28.8
6327,2003/8/10 19:00,28.3
6328,30,27.95
6329,2003/8/10 20:00,27.6
6330,30,27.4
6331,2003/8/10 21:00,27.2
6332,30,26.95
6333,2003/8/10 22:00,26.7
6334,30,26.75
6335,2003/8/10 23:00,26.8
6336,30,26.85
6337,2003/8/11 0:00,26.9
6338,30,26.85
6339,2003/8/11 1:00,26.8
6340,30,26.65
6341,2003/8/11 2:00,26.5
6342,30,26.4
6343,2003/8/11 3:00,26.3
6344,30,26
6345,2003/8/11 4:00,25.7
6346,30,25.6
6347,2003/8/11 5:00,25.5
6348,30,26
6349,2003/8/11 6:00,26.5
6350,30,27.3
6351,2003/8/11 7:00,28.1
6352,30,28.85
6353,2003/8/11 8:00,29.6
6354,30,30.1
6355,2003/8/11 9:00,30.6
6356,30,31.2
6357,2003/8/11 10:00,31.8
6358,30,32.45
6359,2003/8/11 11:00,33.1
6360,30,33
6361,2003/8/11 12:00,32.9
6362,30,32.2
6363,2003/8/11 13:00,31.5
6364,30,31.9
6365,2003/8/11 14:00,32.3
6366,30,32.25
6367,2003/8/11 15:00,32.2
6368,30,32.1
6369,2003/8/11 16:00,32
6370,30,31.45
6371,2003/8/11 17:00,30.9
6372,30,30.05
6373,2003/8/11 18:00,29.2
6374,30,28.65
6375,2003/8/11 19:00,28.1
6376,30,27.9
6377,2003/8/11 20:00,27.7
6378,30,27.4
6379,2003/8/11 21:00,27.1
6380,30,26.9
6381,2003/8/11 22:00,26.7
6382,30,26.75
6383,2003/8/11 23:00,26.8
6384,30,26.6
6385,2003/8/12 0:00,26.4
6386,30,26.35
6387,2003/8/12 1:00,26.3
6388,30,26.25
6389,2003/8/12 2:00,26.2
6390,30,26.1
6391,2003/8/12 3:00,26
6392,30,25.95
6393,2003/8/12 4:00,25.9
6394,30,25.75
6395,2003/8/12 5:00,25.6
6396,30,25.4
6397,2003/8/12 6:00,25.2
6398,30,25.6
6399,2003/8/12 7:00,26
6400,30,25.6
6401,2003/8/12 8:00,25.2
6402,30,25.55
6403,2003/8/12 9:00,25.9
6404,30,26.45
6405,2003/8/12 10:00,27
6406,30,27.8
6407,2003/8/12 11:00,28.6
6408,30,29.1
6409,2003/8/12 12:00,29.6
6410,30,29.3
6411,2003/8/12 13:00,29
6412,30,28.95
6413,2003/8/12 14:00,28.9
6414,30,28.7
6415,2003/8/12 15:00,28.5
6416,30,27.8
6417,2003/8/12 16:00,27.1
6418,30,26.55
6419,2003/8/12 17:00,26
6420,30,25.5
6421,2003/8/12 18:00,25
6422,30,24.65
6423,2003/8/12 19:00,24.3
6424,30,23.65
6425,2003/8/12 20:00,23
6426,30,22.45
6427,2003/8/12 21:00,21.9
6428,30,21.7
6429,2003/8/12 22:00,21.5
6430,30,21.3
6431,2003/8/12 23:00,21.1
6432,30,20.95
6433,2003/8/13 0:00,20.8
6434,30,20.8
6435,2003/8/13 1:00,20.8
6436,30,20.65
6437,2003/8/13 2:00,20.5
6438,30,20.45
6439,2003/8/13 3:00,20.4
6440,30,20.5
6441,2003/8/13 4:00,20.6
6442,30,20.65
6443,2003/8/13 5:00,20.7
6444,30,20.7
6445,2003/8/13 6:00,20.7
6446,30,20.65
6447,2003/8/13 7:00,20.6
6448,30,20.8
6449,2003/8/13 8:00,21
6450,30,21.15
6451,2003/8/13 9:00,21.3
6452,30,21.8
6453,2003/8/13 10:00,22.3
6454,30,22.85
6455,2003/8/13 11:00,23.4
6456,30,23.7
6457,2003/8/13 12:00,24
6458,30,24.35
6459,2003/8/13 13:00,24.7
6460,30,25.25
6461,2003/8/13 14:00,25.8
6462,30,26.1
6463,2003/8/13 15:00,26.4
6464,30,26.3
6465,2003/8/13 16:00,26.2
6466,30,25.85
6467,2003/8/13 17:00,25.5
6468,30,25.3
6469,2003/8/13 18:00,25.1
6470,30,24.65
6471,2003/8/13 19:00,24.2
6472,30,23.75
6473,2003/8/13 20:00,23.3
6474,30,23.05
6475,2003/8/13 21:00,22.8
6476,30,22.5
6477,2003/8/13 22:00,22.2
6478,30,22
6479,2003/8/13 23:00,21.8
6480,30,21.55
6481,2003/8/14 0:00,21.3
6482,30,21.05
6483,2003/8/14 1:00,20.8
6484,30,20.6
6485,2003/8/14 2:00,20.4
6486,30,20.25
6487,2003/8/14 3:00,20.1
6488,30,20.05
6489,2003/8/14 4:00,20
6490,30,20
6491,2003/8/14 5:00,20
6492,30,19.95
6493,2003/8/14 6:00,19.9
6494,30,19.8
6495,2003/8/14 7:00,19.7
6496,30,19.65
6497,2003/8/14 8:00,19.6
6498,30,19.8
6499,2003/8/14 9:00,20
6500,30,20
6501,2003/8/14 10:00,20
6502,30,19.75
6503,2003/8/14 11:00,19.5
6504,30,19.55
6505,2003/8/14 12:00,19.6
6506,30,19.5
6507,2003/8/14 13:00,19.4
6508,30,19.25
6509,2003/8/14 14:00,19.1
6510,30,19.15
6511,2003/8/14 15:00,19.2
6512,30,19.2
6513,2003/8/14 16:00,19.2
6514,30,19.2
6515,2003/8/14 17:00,19.2
6516,30,19.05
6517,2003/8/14 18:00,18.9
6518,30,18.9
6519,2003/8/14 19:00,18.9
6520,30,18.7
6521,2003/8/14 20:00,18.5
6522,30,18.5
6523,2003/8/14 21:00,18.5
6524,30,18.45
6525,2003/8/14 22:00,18.4
6526,30,18.3
6527,2003/8/14 23:00,18.2
6528,30,18.15
6529,2003/8/15 0:00,18.1
6530,30,18.05
6531,2003/8/15 1:00,18
6532,30,17.95
6533,2003/8/15 2:00,17.9
6534,30,17.9
6535,2003/8/15 3:00,17.9
6536,30,18
6537,2003/8/15 4:00,18.1
6538,30,18.2
6539,2003/8/15 5:00,18.3
6540,30,18.25
6541,2003/8/15 6:00,18.2
6542,30,18.2
6543,2003/8/15 7:00,18.2
6544,30,18.3
6545,2003/8/15 8:00,18.4
6546,30,18.5
6547,2003/8/15 9:00,18.6
6548,30,18.85
6549,2003/8/15 10:00,19.1
6550,30,19.25
6551,2003/8/15 11:00,19.4
6552,30,19.55
6553,2003/8/15 12:00,19.7
6554,30,19.7
6555,2003/8/15 13:00,19.7
6556,30,19.65
6557,2003/8/15 14:00,19.6
6558,30,19.85
6559,2003/8/15 15:00,20.1
6560,30,20
6561,2003/8/15 16:00,19.9
6562,30,19.7
6563,2003/8/15 17:00,19.5
6564,30,19.55
6565,2003/8/15 18:00,19.6
6566,30,19.6
6567,2003/8/15 19:00,19.6
6568,30,19.55
6569,2003/8/15 20:00,19.5
6570,30,19.4
6571,2003/8/15 21:00,19.3
6572,30,19.15
6573,2003/8/15 22:00,19
6574,30,18.95
6575,2003/8/15 23:00,18.9
6576,30,18.9
6577,2003/8/16 0:00,18.9
6578,30,19
6579,2003/8/16 1:00,19.1
6580,30,19
6581,2003/8/16 2:00,18.9
6582,30,18.85
6583,2003/8/16 3:00,18.8
6584,30,18.8
6585,2003/8/16 4:00,18.8
6586,30,18.75
6587,2003/8/16 5:00,18.7
6588,30,18.75
6589,2003/8/16 6:00,18.8
6590,30,18.9
6591,2003/8/16 7:00,19
6592,30,19.2
6593,2003/8/16 8:00,19.4
6594,30,19.55
6595,2003/8/16 9:00,19.7
6596,30,19.7
6597,2003/8/16 10:00,19.7
6598,30,19.85
6599,2003/8/16 11:00,20
6600,30,19.85
6601,2003/8/16 12:00,19.7
6602,30,19.75
6603,2003/8/16 13:00,19.8
6604,30,19.55
6605,2003/8/16 14:00,19.3
6606,30,19.25
6607,2003/8/16 15:00,19.2
6608,30,19.15
6609,2003/8/16 16:00,19.1
6610,30,18.95
6611,2003/8/16 17:00,18.8
6612,30,18.75
6613,2003/8/16 18:00,18.7
6614,30,18.5
6615,2003/8/16 19:00,18.3
6616,30,18.25
6617,2003/8/16 20:00,18.2
6618,30,18.15
6619,2003/8/16 21:00,18.1
6620,30,18.05
6621,2003/8/16 22:00,18
6622,30,18.05
6623,2003/8/16 23:00,18.1
6624,30,18.1
6625,2003/8/17 0:00,18.1
6626,30,18.05
6627,2003/8/17 1:00,18
6628,30,18.1
6629,2003/8/17 2:00,18.2
6630,30,18.15
6631,2003/8/17 3:00,18.1
6632,30,18.1
6633,2003/8/17 4:00,18.1
6634,30,18.1
6635,2003/8/17 5:00,18.1
6636,30,18.3
6637,2003/8/17 6:00,18.5
6638,30,18.65
6639,2003/8/17 7:00,18.8
6640,30,19.15
6641,2003/8/17 8:00,19.5
6642,30,20
6643,2003/8/17 9:00,20.5
6644,30,20.45
6645,2003/8/17 10:00,20.4
6646,30,20.45
6647,2003/8/17 11:00,20.5
6648,30,20.65
6649,2003/8/17 12:00,20.8
6650,30,20.65
6651,2003/8/17 13:00,20.5
6652,30,20.55
6653,2003/8/17 14:00,20.6
6654,30,20.85
6655,2003/8/17 15:00,21.1
6656,30,20.95
6657,2003/8/17 16:00,20.8
6658,30,20.6
6659,2003/8/17 17:00,20.4
6660,30,20.2
6661,2003/8/17 18:00,20
6662,30,19.95
6663,2003/8/17 19:00,19.9
6664,30,19.95
6665,2003/8/17 20:00,20
6666,30,19.95
6667,2003/8/17 21:00,19.9
6668,30,19.8
6669,2003/8/17 22:00,19.7
6670,30,19.55
6671,2003/8/17 23:00,19.4
6672,30,19.25
6673,2003/8/18 0:00,19.1
6674,30,19.1
6675,2003/8/18 1:00,19.1
6676,30,19.1
6677,2003/8/18 2:00,19.1
6678,30,19.05
6679,2003/8/18 3:00,19
6680,30,19.05
6681,2003/8/18 4:00,19.1
6682,30,19.1
6683,2003/8/18 5:00,19.1
6684,30,19.05
6685,2003/8/18 6:00,19
6686,30,19.15
6687,2003/8/18 7:00,19.3
6688,30,19.65
6689,2003/8/18 8:00,20
6690,30,20.1
6691,2003/8/18 9:00,20.2
6692,30,20.65
6693,2003/8/18 10:00,21.1
6694,30,21.65
6695,2003/8/18 11:00,22.2
6696,30,22.5
6697,2003/8/18 12:00,22.8
6698,30,23.3
6699,2003/8/18 13:00,23.8
6700,30,23.85
6701,2003/8/18 14:00,23.9
6702,30,24.05
6703,2003/8/18 15:00,24.2
6704,30,24.4
6705,2003/8/18 16:00,24.6
6706,30,24.45
6707,2003/8/18 17:00,24.3
6708,30,24.05
6709,2003/8/18 18:00,23.8
6710,30,22.45
6711,2003/8/18 19:00,21.1
6712,30,20.9
6713,2003/8/18 20:00,20.7
6714,30,20.6
6715,2003/8/18 21:00,20.5
6716,30,20.45
6717,2003/8/18 22:00,20.4
6718,30,20.35
6719,2003/8/18 23:00,20.3
6720,30,20.35
6721,2003/8/19 0:00,20.4
6722,30,20.35
6723,2003/8/19 1:00,20.3
6724,30,20.25
6725,2003/8/19 2:00,20.2
6726,30,20.2
6727,2003/8/19 3:00,20.2
6728,30,20.15
6729,2003/8/19 4:00,20.1
6730,30,20.1
6731,2003/8/19 5:00,20.1
6732,30,20
6733,2003/8/19 6:00,19.9
6734,30,20
6735,2003/8/19 7:00,20.1
6736,30,20.2
6737,2003/8/19 8:00,20.3
6738,30,20.5
6739,2003/8/19 9:00,20.7
6740,30,20.9
6741,2003/8/19 10:00,21.1
6742,30,21.25
6743,2003/8/19 11:00,21.4
6744,30,21.8
6745,2003/8/19 12:00,22.2
6746,30,22.7
6747,2003/8/19 13:00,23.2
6748,30,23.2
6749,2003/8/19 14:00,23.2
6750,30,23.25
6751,2003/8/19 15:00,23.3
6752,30,23.55
6753,2003/8/19 16:00,23.8
6754,30,23.5
6755,2003/8/19 17:00,23.2
6756,30,23
6757,2003/8/19 18:00,22.8
6758,30,22.25
6759,2003/8/19 19:00,21.7
6760,30,21.55
6761,2003/8/19 20:00,21.4
6762,30,21.2
6763,2003/8/19 21:00,21
6764,30,20.95
6765,2003/8/19 22:00,20.9
6766,30,20.8
6767,2003/8/19 23:00,20.7
6768,30,20.6
6769,2003/8/20 0:00,20.5
6770,30,20.45
6771,2003/8/20 1:00,20.4
6772,30,20.4
6773,2003/8/20 2:00,20.4
6774,30,20.3
6775,2003/8/20 3:00,20.2
6776,30,20.25
6777,2003/8/20 4:00,20.3
6778,30,20.3
6779,2003/8/20 5:00,20.3
6780,30,20.35
6781,2003/8/20 6:00,20.4
6782,30,20.65
6783,2003/8/20 7:00,20.9
6784,30,21.25
6785,2003/8/20 8:00,21.6
6786,30,21.95
6787,2003/8/20 9:00,22.3
6788,30,22.7
6789,2003/8/20 10:00,23.1
6790,30,23.5
6791,2003/8/20 11:00,23.9
6792,30,24.6
6793,2003/8/20 12:00,25.3
6794,30,25.6
6795,2003/8/20 13:00,25.9
6796,30,26.25
6797,2003/8/20 14:00,26.6
6798,30,26.6
6799,2003/8/20 15:00,26.6
6800,30,26.45
6801,2003/8/20 16:00,26.3
6802,30,26.15
6803,2003/8/20 17:00,26
6804,30,25.7
6805,2003/8/20 18:00,25.4
6806,30,25.1
6807,2003/8/20 19:00,24.8
6808,30,24.45
6809,2003/8/20 20:00,24.1
6810,30,23.85
6811,2003/8/20 21:00,23.6
6812,30,23.45
6813,2003/8/20 22:00,23.3
6814,30,23.15
6815,2003/8/20 23:00,23
6816,30,22.95
6817,2003/8/21 0:00,22.9
6818,30,22.85
6819,2003/8/21 1:00,22.8
6820,30,22.65
6821,2003/8/21 2:00,22.5
6822,30,22.35
6823,2003/8/21 3:00,22.2
6824,30,22.2
6825,2003/8/21 4:00,22.2
6826,30,22.2
6827,2003/8/21 5:00,22.2
6828,30,22.2
6829,2003/8/21 6:00,22.2
6830,30,22.6
6831,2003/8/21 7:00,23
6832,30,23.6
6833,2003/8/21 8:00,24.2
6834,30,25.15
6835,2003/8/21 9:00,26.1
6836,30,27.3
6837,2003/8/21 10:00,28.5
6838,30,28.75
6839,2003/8/21 11:00,29
6840,30,29.95
6841,2003/8/21 12:00,30.9
6842,30,31.15
6843,2003/8/21 13:00,31.4
6844,30,31.6
6845,2003/8/21 14:00,31.8
6846,30,31.55
6847,2003/8/21 15:00,31.3
6848,30,31
6849,2003/8/21 16:00,30.7
6850,30,30.55
6851,2003/8/21 17:00,30.4
6852,30,29.75
6853,2003/8/21 18:00,29.1
6854,30,28.5
6855,2003/8/21 19:00,27.9
6856,30,27.55
6857,2003/8/21 20:00,27.2
6858,30,26.95
6859,2003/8/21 21:00,26.7
6860,30,26.7
6861,2003/8/21 22:00,26.7
6862,30,26.55
6863,2003/8/21 23:00,26.4
6864,30,26.15
6865,2003/8/22 0:00,25.9
6866,30,25.65
6867,2003/8/22 1:00,25.4
6868,30,25
6869,2003/8/22 2:00,24.6
6870,30,24.6
6871,2003/8/22 3:00,24.6
6872,30,24.6
6873,2003/8/22 4:00,24.6
6874,30,24.3
6875,2003/8/22 5:00,24
6876,30,23.95
6877,2003/8/22 6:00,23.9
6878,30,24.35
6879,2003/8/22 7:00,24.8
6880,30,25.8
6881,2003/8/22 8:00,26.8
6882,30,27.85
6883,2003/8/22 9:00,28.9
6884,30,29.7
6885,2003/8/22 10:00,30.5
6886,30,30.65
6887,2003/8/22 11:00,30.8
6888,30,31.55
6889,2003/8/22 12:00,32.3
6890,30,32.45
6891,2003/8/22 13:00,32.6
6892,30,32.45
6893,2003/8/22 14:00,32.3
6894,30,32.55
6895,2003/8/22 15:00,32.8
6896,30,32.9
6897,2003/8/22 16:00,33
6898,30,32.45
6899,2003/8/22 17:00,31.9
6900,30,31.35
6901,2003/8/22 18:00,30.8
6902,30,30.25
6903,2003/8/22 19:00,29.7
6904,30,29.2
6905,2003/8/22 20:00,28.7
6906,30,28.4
6907,2003/8/22 21:00,28.1
6908,30,27.65
6909,2003/8/22 22:00,27.2
6910,30,26.95
6911,2003/8/22 23:00,26.7
6912,30,26.35
6913,2003/8/23 0:00,26
6914,30,25.7
6915,2003/8/23 1:00,25.4
6916,30,25.35
6917,2003/8/23 2:00,25.3
6918,30,25.25
6919,2003/8/23 3:00,25.2
6920,30,24.9
6921,2003/8/23 4:00,24.6
6922,30,24.55
6923,2003/8/23 5:00,24.5
6924,30,24.75
6925,2003/8/23 6:00,25
6926,30,25.65
6927,2003/8/23 7:00,26.3
6928,30,27.3
6929,2003/8/23 8:00,28.3
6930,30,29.1
6931,2003/8/23 9:00,29.9
6932,30,30.55
6933,2003/8/23 10:00,31.2
6934,30,32
6935,2003/8/23 11:00,32.8
6936,30,34.05
6937,2003/8/23 12:00,35.3
6938,30,34.75
6939,2003/8/23 13:00,34.2
6940,30,34.65
6941,2003/8/23 14:00,35.1
6942,30,34.85
6943,2003/8/23 15:00,34.6
6944,30,34.15
6945,2003/8/23 16:00,33.7
6946,30,32.95
6947,2003/8/23 17:00,32.2
6948,30,31.45
6949,2003/8/23 18:00,30.7
6950,30,29.75
6951,2003/8/23 19:00,28.8
6952,30,28.45
6953,2003/8/23 20:00,28.1
6954,30,27.75
6955,2003/8/23 21:00,27.4
6956,30,27.05
6957,2003/8/23 22:00,26.7
6958,30,26.6
6959,2003/8/23 23:00,26.5
6960,30,26.4
6961,2003/8/24 0:00,26.3
6962,30,26.2
6963,2003/8/24 1:00,26.1
6964,30,25.7
6965,2003/8/24 2:00,25.3
6966,30,25.05
6967,2003/8/24 3:00,24.8
6968,30,24.7
6969,2003/8/24 4:00,24.6
6970,30,24.55
6971,2003/8/24 5:00,24.5
6972,30,24.6
6973,2003/8/24 6:00,24.7
6974,30,25.35
6975,2003/8/24 7:00,26
6976,30,27.3
6977,2003/8/24 8:00,28.6
6978,30,29.6
6979,2003/8/24 9:00,30.6
6980,30,31.35
6981,2003/8/24 10:00,32.1
6982,30,32.5
6983,2003/8/24 11:00,32.9
6984,30,33.8
6985,2003/8/24 12:00,34.7
6986,30,34.9
6987,2003/8/24 13:00,35.1
6988,30,35.15
6989,2003/8/24 14:00,35.2
6990,30,35.4
6991,2003/8/24 15:00,35.6
6992,30,34.55
6993,2003/8/24 16:00,33.5
6994,30,32.65
6995,2003/8/24 17:00,31.8
6996,30,31.15
6997,2003/8/24 18:00,30.5
6998,30,30
6999,2003/8/24 19:00,29.5
7000,30,29.05
7001,2003/8/24 20:00,28.6
7002,30,28.15
7003,2003/8/24 21:00,27.7
7004,30,27.2
7005,2003/8/24 22:00,26.7
7006,30,26.45
7007,2003/8/24 23:00,26.2
7008,30,26
7009,2003/8/25 0:00,25.8
7010,30,25.9
7011,2003/8/25 1:00,26
7012,30,25.75
7013,2003/8/25 2:00,25.5
7014,30,25.45
7015,2003/8/25 3:00,25.4
7016,30,25.35
7017,2003/8/25 4:00,25.3
7018,30,25.2
7019,2003/8/25 5:00,25.1
7020,30,25.3
7021,2003/8/25 6:00,25.5
7022,30,26
7023,2003/8/25 7:00,26.5
7024,30,27.2
7025,2003/8/25 8:00,27.9
7026,30,28.05
7027,2003/8/25 9:00,28.2
7028,30,29.4
7029,2003/8/25 10:00,30.6
7030,30,30.8
7031,2003/8/25 11:00,31
7032,30,32.1
7033,2003/8/25 12:00,33.2
7034,30,33.2
7035,2003/8/25 13:00,33.2
7036,30,33.85
7037,2003/8/25 14:00,34.5
7038,30,34.15
7039,2003/8/25 15:00,33.8
7040,30,33.75
7041,2003/8/25 16:00,33.7
7042,30,33.1
7043,2003/8/25 17:00,32.5
7044,30,31.8
7045,2003/8/25 18:00,31.1
7046,30,30.75
7047,2003/8/25 19:00,30.4
7048,30,30.1
7049,2003/8/25 20:00,29.8
7050,30,29.35
7051,2003/8/25 21:00,28.9
7052,30,28.8
7053,2003/8/25 22:00,28.7
7054,30,28
7055,2003/8/25 23:00,27.3
7056,30,27
7057,2003/8/26 0:00,26.7
7058,30,26.55
7059,2003/8/26 1:00,26.4
7060,30,25.85
7061,2003/8/26 2:00,25.3
7062,30,25.25
7063,2003/8/26 3:00,25.2
7064,30,25.15
7065,2003/8/26 4:00,25.1
7066,30,25.2
7067,2003/8/26 5:00,25.3
7068,30,25.2
7069,2003/8/26 6:00,25.1
7070,30,25.1
7071,2003/8/26 7:00,25.1
7072,30,26.05
7073,2003/8/26 8:00,27
7074,30,27.45
7075,2003/8/26 9:00,27.9
7076,30,28.55
7077,2003/8/26 10:00,29.2
7078,30,29.75
7079,2003/8/26 11:00,30.3
7080,30,30.55
7081,2003/8/26 12:00,30.8
7082,30,31
7083,2003/8/26 13:00,31.2
7084,30,31.3
7085,2003/8/26 14:00,31.4
7086,30,31.05
7087,2003/8/26 15:00,30.7
7088,30,30.6
7089,2003/8/26 16:00,30.5
7090,30,28.85
7091,2003/8/26 17:00,27.2
7092,30,26.1
7093,2003/8/26 18:00,25
7094,30,25.1
7095,2003/8/26 19:00,25.2
7096,30,25.4
7097,2003/8/26 20:00,25.6
7098,30,25.5
7099,2003/8/26 21:00,25.4
7100,30,25.55
7101,2003/8/26 22:00,25.7
7102,30,25.7
7103,2003/8/26 23:00,25.7
7104,30,25.7
7105,2003/8/27 0:00,25.7
7106,30,25.55
7107,2003/8/27 1:00,25.4
7108,30,25.25
7109,2003/8/27 2:00,25.1
7110,30,24.75
7111,2003/8/27 3:00,24.4
7112,30,24.1
7113,2003/8/27 4:00,23.8
7114,30,23.65
7115,2003/8/27 5:00,23.5
7116,30,23.3
7117,2003/8/27 6:00,23.1
7118,30,23
7119,2003/8/27 7:00,22.9
7120,30,22.6
7121,2003/8/27 8:00,22.3
7122,30,22.4
7123,2003/8/27 9:00,22.5
7124,30,22.95
7125,2003/8/27 10:00,23.4
7126,30,23.8
7127,2003/8/27 11:00,24.2
7128,30,25.55
7129,2003/8/27 12:00,26.9
7130,30,27.25
7131,2003/8/27 13:00,27.6
7132,30,27.7
7133,2003/8/27 14:00,27.8
7134,30,28.25
7135,2003/8/27 15:00,28.7
7136,30,28
7137,2003/8/27 16:00,27.3
7138,30,26.55
7139,2003/8/27 17:00,25.8
7140,30,24.9
7141,2003/8/27 18:00,24
7142,30,23.65
7143,2003/8/27 19:00,23.3
7144,30,22.95
7145,2003/8/27 20:00,22.6
7146,30,22.2
7147,2003/8/27 21:00,21.8
7148,30,21.75
7149,2003/8/27 22:00,21.7
7150,30,21.65
7151,2003/8/27 23:00,21.6
7152,30,21.45
7153,2003/8/28 0:00,21.3
7154,30,21.2
7155,2003/8/28 1:00,21.1
7156,30,21.1
7157,2003/8/28 2:00,21.1
7158,30,21.2
7159,2003/8/28 3:00,21.3
7160,30,21.3
7161,2003/8/28 4:00,21.3
7162,30,21.3
7163,2003/8/28 5:00,21.3
7164,30,21.4
7165,2003/8/28 6:00,21.5
7166,30,21.65
7167,2003/8/28 7:00,21.8
7168,30,22.4
7169,2003/8/28 8:00,23
7170,30,23.6
7171,2003/8/28 9:00,24.2
7172,30,24.4
7173,2003/8/28 10:00,24.6
7174,30,24.8
7175,2003/8/28 11:00,25
7176,30,25.4
7177,2003/8/28 12:00,25.8
7178,30,25.75
7179,2003/8/28 13:00,25.7
7180,30,25.85
7181,2003/8/28 14:00,26
7182,30,26.55
7183,2003/8/28 15:00,27.1
7184,30,26.9
7185,2003/8/28 16:00,26.7
7186,30,26.7
7187,2003/8/28 17:00,26.7
7188,30,25.6
7189,2003/8/28 18:00,24.5
7190,30,24.15
7191,2003/8/28 19:00,23.8
7192,30,23.7
7193,2003/8/28 20:00,23.6
7194,30,23.7
7195,2003/8/28 21:00,23.8
7196,30,23.75
7197,2003/8/28 22:00,23.7
7198,30,23.65
7199,2003/8/28 23:00,23.6
7200,30,23.55
7201,2003/8/29 0:00,23.5
7202,30,23.5
7203,2003/8/29 1:00,23.5
7204,30,23.4
7205,2003/8/29 2:00,23.3
7206,30,23.25
7207,2003/8/29 3:00,23.2
7208,30,22.95
7209,2003/8/29 4:00,22.7
7210,30,22.55
7211,2003/8/29 5:00,22.4
7212,30,22.25
7213,2003/8/29 6:00,22.1
7214,30,23.1
7215,2003/8/29 7:00,24.1
7216,30,25.1
7217,2003/8/29 8:00,26.1
7218,30,26.8
7219,2003/8/29 9:00,27.5
7220,30,28.8
7221,2003/8/29 10:00,30.1
7222,30,30.35
7223,2003/8/29 11:00,30.6
7224,30,31.1
7225,2003/8/29 12:00,31.6
7226,30,31.75
7227,2003/8/29 13:00,31.9
7228,30,32.7
7229,2003/8/29 14:00,33.5
7230,30,33.3
7231,2003/8/29 15:00,33.1
7232,30,33.1
7233,2003/8/29 16:00,33.1
7234,30,32.45
7235,2003/8/29 17:00,31.8
7236,30,31.4
7237,2003/8/29 18:00,31
7238,30,30.2
7239,2003/8/29 19:00,29.4
7240,30,28.7
7241,2003/8/29 20:00,28
7242,30,27.6
7243,2003/8/29 21:00,27.2
7244,30,26.9
7245,2003/8/29 22:00,26.6
7246,30,26.4
7247,2003/8/29 23:00,26.2
7248,30,26.05
7249,2003/8/30 0:00,25.9
7250,30,25.5
7251,2003/8/30 1:00,25.1
7252,30,24.9
7253,2003/8/30 2:00,24.7
7254,30,24.6
7255,2003/8/30 3:00,24.5
7256,30,24.45
7257,2003/8/30 4:00,24.4
7258,30,24.45
7259,2003/8/30 5:00,24.5
7260,30,24.6
7261,2003/8/30 6:00,24.7
7262,30,24.95
7263,2003/8/30 7:00,25.2
7264,30,25.45
7265,2003/8/30 8:00,25.7
7266,30,25.95
7267,2003/8/30 9:00,26.2
7268,30,26.15
7269,2003/8/30 10:00,26.1
7270,30,25.8
7271,2003/8/30 11:00,25.5
7272,30,25.8
7273,2003/8/30 12:00,26.1
7274,30,25.7
7275,2003/8/30 13:00,25.3
7276,30,25.5
7277,2003/8/30 14:00,25.7
7278,30,25.7
7279,2003/8/30 15:00,25.7
7280,30,25.15
7281,2003/8/30 16:00,24.6
7282,30,24.1
7283,2003/8/30 17:00,23.6
7284,30,23.35
7285,2003/8/30 18:00,23.1
7286,30,22.95
7287,2003/8/30 19:00,22.8
7288,30,22.5
7289,2003/8/30 20:00,22.2
7290,30,22
7291,2003/8/30 21:00,21.8
7292,30,21.9
7293,2003/8/30 22:00,22
7294,30,21.95
7295,2003/8/30 23:00,21.9
7296,30,21.8
7297,2003/8/31 0:00,21.7
7298,30,21.45
7299,2003/8/31 1:00,21.2
7300,30,21.15
7301,2003/8/31 2:00,21.1
7302,30,21.35
7303,2003/8/31 3:00,21.6
7304,30,21.6
7305,2003/8/31 4:00,21.6
7306,30,21.6
7307,2003/8/31 5:00,21.6
7308,30,21.65
7309,2003/8/31 6:00,21.7
7310,30,21.65
7311,2003/8/31 7:00,21.6
7312,30,21.8
7313,2003/8/31 8:00,22
7314,30,22.25
7315,2003/8/31 9:00,22.5
7316,30,22.85
7317,2003/8/31 10:00,23.2
7318,30,24.5
7319,2003/8/31 11:00,25.8
7320,30,25.85
7321,2003/8/31 12:00,25.9
7322,30,25.35
7323,2003/8/31 13:00,24.8
7324,30,25.35
7325,2003/8/31 14:00,25.9
7326,30,26.25
7327,2003/8/31 15:00,26.6
7328,30,25.75
7329,2003/8/31 16:00,24.9
7330,30,23.7
7331,2003/8/31 17:00,22.5
7332,30,21.9
7333,2003/8/31 18:00,21.3
7334,30,20.9
7335,2003/8/31 19:00,20.5
7336,30,20.35
7337,2003/8/31 20:00,20.2
7338,30,20.15
7339,2003/8/31 21:00,20.1
7340,30,20
7341,2003/8/31 22:00,19.9
7342,30,19.8
7343,2003/8/31 23:00,19.7
7344,30,19.5
7345,2003/9/1 0:00,19.3
7346,30,19.3
7347,2003/9/1 1:00,19.3
7348,30,19.1
7349,2003/9/1 2:00,18.9
7350,30,18.85
7351,2003/9/1 3:00,18.8
7352,30,18.95
7353,2003/9/1 4:00,19.1
7354,30,19.1
7355,2003/9/1 5:00,19.1
7356,30,19.2
7357,2003/9/1 6:00,19.3
7358,30,19.4
7359,2003/9/1 7:00,19.5
7360,30,19.6
7361,2003/9/1 8:00,19.7
7362,30,20.15
7363,2003/9/1 9:00,20.6
7364,30,20.75
7365,2003/9/1 10:00,20.9
7366,30,21.2
7367,2003/9/1 11:00,21.5
7368,30,21.95
7369,2003/9/1 12:00,22.4
7370,30,22.2
7371,2003/9/1 13:00,22
7372,30,22.35
7373,2003/9/1 14:00,22.7
7374,30,22.9
7375,2003/9/1 15:00,23.1
7376,30,22.95
7377,2003/9/1 16:00,22.8
7378,30,22.55
7379,2003/9/1 17:00,22.3
7380,30,22.15
7381,2003/9/1 18:00,22
7382,30,21.7
7383,2003/9/1 19:00,21.4
7384,30,21.35
7385,2003/9/1 20:00,21.3
7386,30,21.15
7387,2003/9/1 21:00,21
7388,30,21
7389,2003/9/1 22:00,21
7390,30,20.9
7391,2003/9/1 23:00,20.8
7392,30,20.8
7393,2003/9/2 0:00,20.8
7394,30,20.75
7395,2003/9/2 1:00,20.7
7396,30,20.75
7397,2003/9/2 2:00,20.8
7398,30,20.75
7399,2003/9/2 3:00,20.7
7400,30,20.75
7401,2003/9/2 4:00,20.8
7402,30,20.8
7403,2003/9/2 5:00,20.8
7404,30,20.95
7405,2003/9/2 6:00,21.1
7406,30,21.45
7407,2003/9/2 7:00,21.8
7408,30,22.55
7409,2003/9/2 8:00,23.3
7410,30,24.55
7411,2003/9/2 9:00,25.8
7412,30,25.95
7413,2003/9/2 10:00,26.1
7414,30,26.9
7415,2003/9/2 11:00,27.7
7416,30,28.2
7417,2003/9/2 12:00,28.7
7418,30,29
7419,2003/9/2 13:00,29.3
7420,30,30.15
7421,2003/9/2 14:00,31
7422,30,31.05
7423,2003/9/2 15:00,31.1
7424,30,30.65
7425,2003/9/2 16:00,30.2
7426,30,29.9
7427,2003/9/2 17:00,29.6
7428,30,29.25
7429,2003/9/2 18:00,28.9
7430,30,28.9
7431,2003/9/2 19:00,28.9
7432,30,27.75
7433,2003/9/2 20:00,26.6
7434,30,26.2
7435,2003/9/2 21:00,25.8
7436,30,25.7
7437,2003/9/2 22:00,25.6
7438,30,25.6
7439,2003/9/2 23:00,25.6
7440,30,25.45
7441,2003/9/3 0:00,25.3
7442,30,25.25
7443,2003/9/3 1:00,25.2
7444,30,24.9
7445,2003/9/3 2:00,24.6
7446,30,24.5
7447,2003/9/3 3:00,24.4
7448,30,24.3
7449,2003/9/3 4:00,24.2
7450,30,23.95
7451,2003/9/3 5:00,23.7
7452,30,23.75
7453,2003/9/3 6:00,23.8
7454,30,24.5
7455,2003/9/3 7:00,25.2
7456,30,26.15
7457,2003/9/3 8:00,27.1
7458,30,27.95
7459,2003/9/3 9:00,28.8
7460,30,29.7
7461,2003/9/3 10:00,30.6
7462,30,31.65
7463,2003/9/3 11:00,32.7
7464,30,33.05
7465,2003/9/3 12:00,33.4
7466,30,33.45
7467,2003/9/3 13:00,33.5
7468,30,33.75
7469,2003/9/3 14:00,34
7470,30,34
7471,2003/9/3 15:00,34
7472,30,33.55
7473,2003/9/3 16:00,33.1
7474,30,31.6
7475,2003/9/3 17:00,30.1
7476,30,27.65
7477,2003/9/3 18:00,25.2
7478,30,25.05
7479,2003/9/3 19:00,24.9
7480,30,24.95
7481,2003/9/3 20:00,25
7482,30,25.2
7483,2003/9/3 21:00,25.4
7484,30,25.1
7485,2003/9/3 22:00,24.8
7486,30,24.8
7487,2003/9/3 23:00,24.8
7488,30,24.8
7489,2003/9/4 0:00,24.8
7490,30,24.8
7491,2003/9/4 1:00,24.8
7492,30,24.65
7493,2003/9/4 2:00,24.5
7494,30,24.5
7495,2003/9/4 3:00,24.5
7496,30,24.4
7497,2003/9/4 4:00,24.3
7498,30,24.1
7499,2003/9/4 5:00,23.9
7500,30,23.55
7501,2003/9/4 6:00,23.2
7502,30,22.65
7503,2003/9/4 7:00,22.1
7504,30,21.9
7505,2003/9/4 8:00,21.7
7506,30,21.75
7507,2003/9/4 9:00,21.8
7508,30,22.5
7509,2003/9/4 10:00,23.2
7510,30,23.5
7511,2003/9/4 11:00,23.8
7512,30,24.4
7513,2003/9/4 12:00,25
7514,30,26.15
7515,2003/9/4 13:00,27.3
7516,30,27.35
7517,2003/9/4 14:00,27.4
7518,30,27.75
7519,2003/9/4 15:00,28.1
7520,30,28.15
7521,2003/9/4 16:00,28.2
7522,30,27.8
7523,2003/9/4 17:00,27.4
7524,30,26.85
7525,2003/9/4 18:00,26.3
7526,30,25.7
7527,2003/9/4 19:00,25.1
7528,30,24.45
7529,2003/9/4 20:00,23.8
7530,30,23.6
7531,2003/9/4 21:00,23.4
7532,30,23.15
7533,2003/9/4 22:00,22.9
7534,30,22.4
7535,2003/9/4 23:00,21.9
7536,30,21.5
7537,2003/9/5 0:00,21.1
7538,30,20.95
7539,2003/9/5 1:00,20.8
7540,30,20.85
7541,2003/9/5 2:00,20.9
7542,30,21.05
7543,2003/9/5 3:00,21.2
7544,30,21.35
7545,2003/9/5 4:00,21.5
7546,30,21.45
7547,2003/9/5 5:00,21.4
7548,30,21.5
7549,2003/9/5 6:00,21.6
7550,30,21.95
7551,2003/9/5 7:00,22.3
7552,30,22.65
7553,2003/9/5 8:00,23
7554,30,24.4
7555,2003/9/5 9:00,25.8
7556,30,25.95
7557,2003/9/5 10:00,26.1
7558,30,26.8
7559,2003/9/5 11:00,27.5
7560,30,28.35
7561,2003/9/5 12:00,29.2
7562,30,29.55
7563,2003/9/5 13:00,29.9
7564,30,30
7565,2003/9/5 14:00,30.1
7566,30,29.9
7567,2003/9/5 15:00,29.7
7568,30,29.05
7569,2003/9/5 16:00,28.4
7570,30,27.85
7571,2003/9/5 17:00,27.3
7572,30,27
7573,2003/9/5 18:00,26.7
7574,30,26.25
7575,2003/9/5 19:00,25.8
7576,30,25.45
7577,2003/9/5 20:00,25.1
7578,30,24.85
7579,2003/9/5 21:00,24.6
7580,30,24.05
7581,2003/9/5 22:00,23.5
7582,30,23.15
7583,2003/9/5 23:00,22.8
7584,30,22.6
7585,2003/9/6 0:00,22.4
7586,30,21.9
7587,2003/9/6 1:00,21.4
7588,30,21.4
7589,2003/9/6 2:00,21.4
7590,30,21.3
7591,2003/9/6 3:00,21.2
7592,30,21
7593,2003/9/6 4:00,20.8
7594,30,20.85
7595,2003/9/6 5:00,20.9
7596,30,21.05
7597,2003/9/6 6:00,21.2
7598,30,21.8
7599,2003/9/6 7:00,22.4
7600,30,23
7601,2003/9/6 8:00,23.6
7602,30,25
7603,2003/9/6 9:00,26.4
7604,30,27.65
7605,2003/9/6 10:00,28.9
7606,30,29.55
7607,2003/9/6 11:00,30.2
7608,30,30.4
7609,2003/9/6 12:00,30.6
7610,30,31.2
7611,2003/9/6 13:00,31.8
7612,30,31.75
7613,2003/9/6 14:00,31.7
7614,30,31.45
7615,2003/9/6 15:00,31.2
7616,30,31.15
7617,2003/9/6 16:00,31.1
7618,30,30.85
7619,2003/9/6 17:00,30.6
7620,30,30.15
7621,2003/9/6 18:00,29.7
7622,30,29.3
7623,2003/9/6 19:00,28.9
7624,30,28.6
7625,2003/9/6 20:00,28.3
7626,30,27.85
7627,2003/9/6 21:00,27.4
7628,30,26.85
7629,2003/9/6 22:00,26.3
7630,30,26.3
7631,2003/9/6 23:00,26.3
7632,30,26.15
7633,2003/9/7 0:00,26
7634,30,25.6
7635,2003/9/7 1:00,25.2
7636,30,23.9
7637,2003/9/7 2:00,22.6
7638,30,22.1
7639,2003/9/7 3:00,21.6
7640,30,21.25
7641,2003/9/7 4:00,20.9
7642,30,20.85
7643,2003/9/7 5:00,20.8
7644,30,20.8
7645,2003/9/7 6:00,20.8
7646,30,20.75
7647,2003/9/7 7:00,20.7
7648,30,20.85
7649,2003/9/7 8:00,21
7650,30,21.3
7651,2003/9/7 9:00,21.6
7652,30,21.85
7653,2003/9/7 10:00,22.1
7654,30,22.45
7655,2003/9/7 11:00,22.8
7656,30,22.75
7657,2003/9/7 12:00,22.7
7658,30,22.75
7659,2003/9/7 13:00,22.8
7660,30,22.8
7661,2003/9/7 14:00,22.8
7662,30,22.75
7663,2003/9/7 15:00,22.7
7664,30,22.6
7665,2003/9/7 16:00,22.5
7666,30,22.25
7667,2003/9/7 17:00,22
7668,30,21.85
7669,2003/9/7 18:00,21.7
7670,30,21.55
7671,2003/9/7 19:00,21.4
7672,30,21.2
7673,2003/9/7 20:00,21
7674,30,20.75
7675,2003/9/7 21:00,20.5
7676,30,20.35
7677,2003/9/7 22:00,20.2
7678,30,20.2
7679,2003/9/7 23:00,20.2
7680,30,20.1
7681,2003/9/8 0:00,20
7682,30,19.95
7683,2003/9/8 1:00,19.9
7684,30,19.85
7685,2003/9/8 2:00,19.8
7686,30,19.8
7687,2003/9/8 3:00,19.8
7688,30,19.8
7689,2003/9/8 4:00,19.8
7690,30,19.9
7691,2003/9/8 5:00,20
7692,30,20
7693,2003/9/8 6:00,20
7694,30,20.25
7695,2003/9/8 7:00,20.5
7696,30,20.75
7697,2003/9/8 8:00,21
7698,30,21.35
7699,2003/9/8 9:00,21.7
7700,30,21.85
7701,2003/9/8 10:00,22
7702,30,22.3
7703,2003/9/8 11:00,22.6
7704,30,22.75
7705,2003/9/8 12:00,22.9
7706,30,23.8
7707,2003/9/8 13:00,24.7
7708,30,25.15
7709,2003/9/8 14:00,25.6
7710,30,25.95
7711,2003/9/8 15:00,26.3
7712,30,26.25
7713,2003/9/8 16:00,26.2
7714,30,25.75
7715,2003/9/8 17:00,25.3
7716,30,25
7717,2003/9/8 18:00,24.7
7718,30,24.4
7719,2003/9/8 19:00,24.1
7720,30,23.95
7721,2003/9/8 20:00,23.8
7722,30,23.8
7723,2003/9/8 21:00,23.8
7724,30,23.75
7725,2003/9/8 22:00,23.7
7726,30,23.75
7727,2003/9/8 23:00,23.8
7728,30,23.75
7729,2003/9/9 0:00,23.7
7730,30,23.65
7731,2003/9/9 1:00,23.6
7732,30,23.55
7733,2003/9/9 2:00,23.5
7734,30,23.35
7735,2003/9/9 3:00,23.2
7736,30,22.75
7737,2003/9/9 4:00,22.3
7738,30,21.95
7739,2003/9/9 5:00,21.6
7740,30,21.7
7741,2003/9/9 6:00,21.8
7742,30,22.8
7743,2003/9/9 7:00,23.8
7744,30,24.75
7745,2003/9/9 8:00,25.7
7746,30,26.65
7747,2003/9/9 9:00,27.6
7748,30,28.6
7749,2003/9/9 10:00,29.6
7750,30,30.5
7751,2003/9/9 11:00,31.4
7752,30,31.9
7753,2003/9/9 12:00,32.4
7754,30,32.95
7755,2003/9/9 13:00,33.5
7756,30,33.45
7757,2003/9/9 14:00,33.4
7758,30,33.35
7759,2003/9/9 15:00,33.3
7760,30,32.7
7761,2003/9/9 16:00,32.1
7762,30,31.3
7763,2003/9/9 17:00,30.5
7764,30,29.5
7765,2003/9/9 18:00,28.5
7766,30,28
7767,2003/9/9 19:00,27.5
7768,30,27.3
7769,2003/9/9 20:00,27.1
7770,30,26.8
7771,2003/9/9 21:00,26.5
7772,30,26.25
7773,2003/9/9 22:00,26
7774,30,26.15
7775,2003/9/9 23:00,26.3
7776,30,26.3
7777,2003/9/10 0:00,26.3
7778,30,26.5
7779,2003/9/10 1:00,26.7
7780,30,26.45
7781,2003/9/10 2:00,26.2
7782,30,26.25
7783,2003/9/10 3:00,26.3
7784,30,26
7785,2003/9/10 4:00,25.7
7786,30,25.5
7787,2003/9/10 5:00,25.3
7788,30,25.6
7789,2003/9/10 6:00,25.9
7790,30,26.8
7791,2003/9/10 7:00,27.7
7792,30,28.6
7793,2003/9/10 8:00,29.5
7794,30,30.45
7795,2003/9/10 9:00,31.4
7796,30,31.7
7797,2003/9/10 10:00,32
7798,30,32.75
7799,2003/9/10 11:00,33.5
7800,30,33.7
7801,2003/9/10 12:00,33.9
7802,30,33.9
7803,2003/9/10 13:00,33.9
7804,30,33.2
7805,2003/9/10 14:00,32.5
7806,30,32.15
7807,2003/9/10 15:00,31.8
7808,30,31.8
7809,2003/9/10 16:00,31.8
7810,30,31.45
7811,2003/9/10 17:00,31.1
7812,30,30.6
7813,2003/9/10 18:00,30.1
7814,30,29.85
7815,2003/9/10 19:00,29.6
7816,30,29.35
7817,2003/9/10 20:00,29.1
7818,30,29.1
7819,2003/9/10 21:00,29.1
7820,30,29
7821,2003/9/10 22:00,28.9
7822,30,28.7
7823,2003/9/10 23:00,28.5
7824,30,28.2
7825,2003/9/11 0:00,27.9
7826,30,27.45
7827,2003/9/11 1:00,27
7828,30,26.8
7829,2003/9/11 2:00,26.6
7830,30,26.5
7831,2003/9/11 3:00,26.4
7832,30,25.95
7833,2003/9/11 4:00,25.5
7834,30,25.55
7835,2003/9/11 5:00,25.6
7836,30,25.5
7837,2003/9/11 6:00,25.4
7838,30,26
7839,2003/9/11 7:00,26.6
7840,30,27.5
7841,2003/9/11 8:00,28.4
7842,30,28.75
7843,2003/9/11 9:00,29.1
7844,30,29.3
7845,2003/9/11 10:00,29.5
7846,30,30.7
7847,2003/9/11 11:00,31.9
7848,30,32.35
7849,2003/9/11 12:00,32.8
7850,30,32.55
7851,2003/9/11 13:00,32.3
7852,30,32.4
7853,2003/9/11 14:00,32.5
7854,30,33.15
7855,2003/9/11 15:00,33.8
7856,30,33.35
7857,2003/9/11 16:00,32.9
7858,30,32.4
7859,2003/9/11 17:00,31.9
7860,30,31.3
7861,2003/9/11 18:00,30.7
7862,30,30.3
7863,2003/9/11 19:00,29.9
7864,30,29.65
7865,2003/9/11 20:00,29.4
7866,30,29
7867,2003/9/11 21:00,28.6
7868,30,28.25
7869,2003/9/11 22:00,27.9
7870,30,26.75
7871,2003/9/11 23:00,25.6
7872,30,25.35
7873,2003/9/12 0:00,25.1
7874,30,25.05
7875,2003/9/12 1:00,25
7876,30,24.9
7877,2003/9/12 2:00,24.8
7878,30,24.7
7879,2003/9/12 3:00,24.6
7880,30,24.3
7881,2003/9/12 4:00,24
7882,30,23.8
7883,2003/9/12 5:00,23.6
7884,30,23.65
7885,2003/9/12 6:00,23.7
7886,30,24.25
7887,2003/9/12 7:00,24.8
7888,30,25.4
7889,2003/9/12 8:00,26
7890,30,28
7891,2003/9/12 9:00,30
7892,30,30.3
7893,2003/9/12 10:00,30.6
7894,30,30.85
7895,2003/9/12 11:00,31.1
7896,30,31.25
7897,2003/9/12 12:00,31.4
7898,30,32.15
7899,2003/9/12 13:00,32.9
7900,30,33
7901,2003/9/12 14:00,33.1
7902,30,32.9
7903,2003/9/12 15:00,32.7
7904,30,32.25
7905,2003/9/12 16:00,31.8
7906,30,31.25
7907,2003/9/12 17:00,30.7
7908,30,29.85
7909,2003/9/12 18:00,29
7910,30,28.25
7911,2003/9/12 19:00,27.5
7912,30,26.9
7913,2003/9/12 20:00,26.3
7914,30,25.75
7915,2003/9/12 21:00,25.2
7916,30,24.95
7917,2003/9/12 22:00,24.7
7918,30,24.75
7919,2003/9/12 23:00,24.8
7920,30,24.6
7921,2003/9/13 0:00,24.4
7922,30,24.25
7923,2003/9/13 1:00,24.1
7924,30,24.05
7925,2003/9/13 2:00,24
7926,30,24.05
7927,2003/9/13 3:00,24.1
7928,30,24.2
7929,2003/9/13 4:00,24.3
7930,30,24.3
7931,2003/9/13 5:00,24.3
7932,30,24.25
7933,2003/9/13 6:00,24.2
7934,30,24.65
7935,2003/9/13 7:00,25.1
7936,30,25.6
7937,2003/9/13 8:00,26.1
7938,30,26.75
7939,2003/9/13 9:00,27.4
7940,30,29.45
7941,2003/9/13 10:00,31.5
7942,30,32.15
7943,2003/9/13 11:00,32.8
7944,30,33.35
7945,2003/9/13 12:00,33.9
7946,30,34.1
7947,2003/9/13 13:00,34.3
7948,30,34.7
7949,2003/9/13 14:00,35.1
7950,30,34.75
7951,2003/9/13 15:00,34.4
7952,30,33.8
7953,2003/9/13 16:00,33.2
7954,30,32.6
7955,2003/9/13 17:00,32
7956,30,31.4
7957,2003/9/13 18:00,30.8
7958,30,30.65
7959,2003/9/13 19:00,30.5
7960,30,30.3
7961,2003/9/13 20:00,30.1
7962,30,29.8
7963,2003/9/13 21:00,29.5
7964,30,29.45
7965,2003/9/13 22:00,29.4
7966,30,29.15
7967,2003/9/13 23:00,28.9
7968,30,28.45
7969,2003/9/14 0:00,28
7970,30,27.55
7971,2003/9/14 1:00,27.1
7972,30,27.1
7973,2003/9/14 2:00,27.1
7974,30,26.8
7975,2003/9/14 3:00,26.5
7976,30,26.05
7977,2003/9/14 4:00,25.6
7978,30,26
7979,2003/9/14 5:00,26.4
7980,30,26.2
7981,2003/9/14 6:00,26
7982,30,26.8
7983,2003/9/14 7:00,27.6
7984,30,28
7985,2003/9/14 8:00,28.4
7986,30,29.55
7987,2003/9/14 9:00,30.7
7988,30,31
7989,2003/9/14 10:00,31.3
7990,30,31.8
7991,2003/9/14 11:00,32.3
7992,30,32.65
7993,2003/9/14 12:00,33
7994,30,32.1
7995,2003/9/14 13:00,31.2
7996,30,31.15
7997,2003/9/14 14:00,31.1
7998,30,30.95
7999,2003/9/14 15:00,30.8
8000,30,30.9
8001,2003/9/14 16:00,31
8002,30,30.55
8003,2003/9/14 17:00,30.1
8004,30,29.05
8005,2003/9/14 18:00,28
8006,30,27
8007,2003/9/14 19:00,26
8008,30,25.6
8009,2003/9/14 20:00,25.2
8010,30,25.2
8011,2003/9/14 21:00,25.2
8012,30,24.95
8013,2003/9/14 22:00,24.7
8014,30,24.25
8015,2003/9/14 23:00,23.8
8016,30,23.8
8017,2003/9/15 0:00,23.8
8018,30,23.45
8019,2003/9/15 1:00,23.1
8020,30,23.25
8021,2003/9/15 2:00,23.4
8022,30,23.1
8023,2003/9/15 3:00,22.8
8024,30,22.8
8025,2003/9/15 4:00,22.8
8026,30,22.55
8027,2003/9/15 5:00,22.3
8028,30,22.25
8029,2003/9/15 6:00,22.2
8030,30,23.2
8031,2003/9/15 7:00,24.2
8032,30,25
8033,2003/9/15 8:00,25.8
8034,30,26.75
8035,2003/9/15 9:00,27.7
8036,30,28.65
8037,2003/9/15 10:00,29.6
8038,30,30.3
8039,2003/9/15 11:00,31
8040,30,31
8041,2003/9/15 12:00,31
8042,30,31.2
8043,2003/9/15 13:00,31.4
8044,30,31.8
8045,2003/9/15 14:00,32.2
8046,30,32.25
8047,2003/9/15 15:00,32.3
8048,30,32
8049,2003/9/15 16:00,31.7
8050,30,29.7
8051,2003/9/15 17:00,27.7
8052,30,27.05
8053,2003/9/15 18:00,26.4
8054,30,26.05
8055,2003/9/15 19:00,25.7
8056,30,25.5
8057,2003/9/15 20:00,25.3
8058,30,24.85
8059,2003/9/15 21:00,24.4
8060,30,24.05
8061,2003/9/15 22:00,23.7
8062,30,23.2
8063,2003/9/15 23:00,22.7
8064,30,22.55
8065,2003/9/16 0:00,22.4
8066,30,22.45
8067,2003/9/16 1:00,22.5
8068,30,22.4
8069,2003/9/16 2:00,22.3
8070,30,22.1
8071,2003/9/16 3:00,21.9
8072,30,22
8073,2003/9/16 4:00,22.1
8074,30,21.9
8075,2003/9/16 5:00,21.7
8076,30,21.75
8077,2003/9/16 6:00,21.8
8078,30,22.25
8079,2003/9/16 7:00,22.7
8080,30,22.9
8081,2003/9/16 8:00,23.1
8082,30,23.7
8083,2003/9/16 9:00,24.3
8084,30,24.7
8085,2003/9/16 10:00,25.1
8086,30,25.3
8087,2003/9/16 11:00,25.5
8088,30,26
8089,2003/9/16 12:00,26.5
8090,30,26.7
8091,2003/9/16 13:00,26.9
8092,30,27.15
8093,2003/9/16 14:00,27.4
8094,30,27.45
8095,2003/9/16 15:00,27.5
8096,30,27.15
8097,2003/9/16 16:00,26.8
8098,30,26.1
8099,2003/9/16 17:00,25.4
8100,30,24.75
8101,2003/9/16 18:00,24.1
8102,30,23.55
8103,2003/9/16 19:00,23
8104,30,22.65
8105,2003/9/16 20:00,22.3
8106,30,22.35
8107,2003/9/16 21:00,22.4
8108,30,22.35
8109,2003/9/16 22:00,22.3
8110,30,22.35
8111,2003/9/16 23:00,22.4
8112,30,22.05
8113,2003/9/17 0:00,21.7
8114,30,21.35
8115,2003/9/17 1:00,21
8116,30,21.45
8117,2003/9/17 2:00,21.9
8118,30,21.85
8119,2003/9/17 3:00,21.8
8120,30,21.8
8121,2003/9/17 4:00,21.8
8122,30,21.8
8123,2003/9/17 5:00,21.8
8124,30,21.55
8125,2003/9/17 6:00,21.3
8126,30,22.2
8127,2003/9/17 7:00,23.1
8128,30,23.8
8129,2003/9/17 8:00,24.5
8130,30,25.5
8131,2003/9/17 9:00,26.5
8132,30,26.9
8133,2003/9/17 10:00,27.3
8134,30,28.7
8135,2003/9/17 11:00,30.1
8136,30,29.9
8137,2003/9/17 12:00,29.7
8138,30,30.25
8139,2003/9/17 13:00,30.8
8140,30,31.35
8141,2003/9/17 14:00,31.9
8142,30,30.45
8143,2003/9/17 15:00,29
8144,30,29.1
8145,2003/9/17 16:00,29.2
8146,30,28.8
8147,2003/9/17 17:00,28.4
8148,30,27.85
8149,2003/9/17 18:00,27.3
8150,30,26.85
8151,2003/9/17 19:00,26.4
8152,30,26.05
8153,2003/9/17 20:00,25.7
8154,30,25.25
8155,2003/9/17 21:00,24.8
8156,30,24.6
8157,2003/9/17 22:00,24.4
8158,30,24.2
8159,2003/9/17 23:00,24
8160,30,23.85
8161,2003/9/18 0:00,23.7
8162,30,23.55
8163,2003/9/18 1:00,23.4
8164,30,23.15
8165,2003/9/18 2:00,22.9
8166,30,22.65
8167,2003/9/18 3:00,22.4
8168,30,22.3
8169,2003/9/18 4:00,22.2
8170,30,22
8171,2003/9/18 5:00,21.8
8172,30,21.85
8173,2003/9/18 6:00,21.9
8174,30,22.55
8175,2003/9/18 7:00,23.2
8176,30,24.15
8177,2003/9/18 8:00,25.1
8178,30,25.65
8179,2003/9/18 9:00,26.2
8180,30,27.1
8181,2003/9/18 10:00,28
8182,30,28
8183,2003/9/18 11:00,28
8184,30,28.8
8185,2003/9/18 12:00,29.6
8186,30,29.85
8187,2003/9/18 13:00,30.1
8188,30,30.25
8189,2003/9/18 14:00,30.4
8190,30,30.5
8191,2003/9/18 15:00,30.6
8192,30,30.3
8193,2003/9/18 16:00,30
8194,30,29.6
8195,2003/9/18 17:00,29.2
8196,30,28.7
8197,2003/9/18 18:00,28.2
8198,30,28.05
8199,2003/9/18 19:00,27.9
8200,30,27.55
8201,2003/9/18 20:00,27.2
8202,30,26.9
8203,2003/9/18 21:00,26.6
8204,30,26.45
8205,2003/9/18 22:00,26.3
8206,30,25.85
8207,2003/9/18 23:00,25.4
8208,30,25.6
8209,2003/9/19 0:00,25.8
8210,30,25.5
8211,2003/9/19 1:00,25.2
8212,30,25.1
8213,2003/9/19 2:00,25
8214,30,24.65
8215,2003/9/19 3:00,24.3
8216,30,23.65
8217,2003/9/19 4:00,23
8218,30,22.8
8219,2003/9/19 5:00,22.6
8220,30,22.7
8221,2003/9/19 6:00,22.8
8222,30,23.35
8223,2003/9/19 7:00,23.9
8224,30,25
8225,2003/9/19 8:00,26.1
8226,30,26.95
8227,2003/9/19 9:00,27.8
8228,30,28.5
8229,2003/9/19 10:00,29.2
8230,30,29.5
8231,2003/9/19 11:00,29.8
8232,30,30.65
8233,2003/9/19 12:00,31.5
8234,30,32.2
8235,2003/9/19 13:00,32.9
8236,30,32.75
8237,2003/9/19 14:00,32.6
8238,30,32.05
8239,2003/9/19 15:00,31.5
8240,30,31.3
8241,2003/9/19 16:00,31.1
8242,30,30.8
8243,2003/9/19 17:00,30.5
8244,30,30.05
8245,2003/9/19 18:00,29.6
8246,30,29.2
8247,2003/9/19 19:00,28.8
8248,30,28.6
8249,2003/9/19 20:00,28.4
8250,30,28.15
8251,2003/9/19 21:00,27.9
8252,30,27.6
8253,2003/9/19 22:00,27.3
8254,30,27.4
8255,2003/9/19 23:00,27.5
8256,30,27.05
8257,2003/9/20 0:00,26.6
8258,30,26
8259,2003/9/20 1:00,25.4
8260,30,25.2
8261,2003/9/20 2:00,25
8262,30,24.85
8263,2003/9/20 3:00,24.7
8264,30,24.7
8265,2003/9/20 4:00,24.7
8266,30,24.5
8267,2003/9/20 5:00,24.3
8268,30,23.9
8269,2003/9/20 6:00,23.5
8270,30,22.8
8271,2003/9/20 7:00,22.1
8272,30,21.75
8273,2003/9/20 8:00,21.4
8274,30,20.9
8275,2003/9/20 9:00,20.4
8276,30,20.25
8277,2003/9/20 10:00,20.1
8278,30,19.65
8279,2003/9/20 11:00,19.2
8280,30,19.1
8281,2003/9/20 12:00,19
8282,30,18.75
8283,2003/9/20 13:00,18.5
8284,30,18.4
8285,2003/9/20 14:00,18.3
8286,30,18.1
8287,2003/9/20 15:00,17.9
8288,30,17.9
8289,2003/9/20 16:00,17.9
8290,30,17.8
8291,2003/9/20 17:00,17.7
8292,30,17.65
8293,2003/9/20 18:00,17.6
8294,30,17.45
8295,2003/9/20 19:00,17.3
8296,30,17.1
8297,2003/9/20 20:00,16.9
8298,30,16.9
8299,2003/9/20 21:00,16.9
8300,30,16.75
8301,2003/9/20 22:00,16.6
8302,30,16.6
8303,2003/9/20 23:00,16.6
8304,30,16.5
8305,2003/9/21 0:00,16.4
8306,30,16.3
8307,2003/9/21 1:00,16.2
8308,30,16.1
8309,2003/9/21 2:00,16
8310,30,16.05
8311,2003/9/21 3:00,16.1
8312,30,16
8313,2003/9/21 4:00,15.9
8314,30,15.85
8315,2003/9/21 5:00,15.8
8316,30,15.8
8317,2003/9/21 6:00,15.8
8318,30,15.85
8319,2003/9/21 7:00,15.9
8320,30,16
8321,2003/9/21 8:00,16.1
8322,30,16.15
8323,2003/9/21 9:00,16.2
8324,30,16.25
8325,2003/9/21 10:00,16.3
8326,30,16.25
8327,2003/9/21 11:00,16.2
8328,30,16.1
8329,2003/9/21 12:00,16
8330,30,15.85
8331,2003/9/21 13:00,15.7
8332,30,15.7
8333,2003/9/21 14:00,15.7
8334,30,15.65
8335,2003/9/21 15:00,15.6
8336,30,15.55
8337,2003/9/21 16:00,15.5
8338,30,15.45
8339,2003/9/21 17:00,15.4
8340,30,15.4
8341,2003/9/21 18:00,15.4
8342,30,15.25
8343,2003/9/21 19:00,15.1
8344,30,14.95
8345,2003/9/21 20:00,14.8
8346,30,14.65
8347,2003/9/21 21:00,14.5
8348,30,14.3
8349,2003/9/21 22:00,14.1
8350,30,13.8
8351,2003/9/21 23:00,13.5
8352,30,13.45
8353,2003/9/22 0:00,13.4
8354,30,13.4
8355,2003/9/22 1:00,13.4
8356,30,13.25
8357,2003/9/22 2:00,13.1
8358,30,13.15
8359,2003/9/22 3:00,13.2
8360,30,13.3
8361,2003/9/22 4:00,13.4
8362,30,13.65
8363,2003/9/22 5:00,13.9
8364,30,14.05
8365,2003/9/22 6:00,14.2
8366,30,14.3
8367,2003/9/22 7:00,14.4
8368,30,14.4
8369,2003/9/22 8:00,14.4
8370,30,15.05
8371,2003/9/22 9:00,15.7
8372,30,15.75
8373,2003/9/22 10:00,15.8
8374,30,16.2
8375,2003/9/22 11:00,16.6
8376,30,16.7
8377,2003/9/22 12:00,16.8
8378,30,17.05
8379,2003/9/22 13:00,17.3
8380,30,17.6
8381,2003/9/22 14:00,17.9
8382,30,17.9
8383,2003/9/22 15:00,17.9
8384,30,18.15
8385,2003/9/22 16:00,18.4
8386,30,18.15
8387,2003/9/22 17:00,17.9
8388,30,17.25
8389,2003/9/22 18:00,16.6
8390,30,16.3
8391,2003/9/22 19:00,16
8392,30,15.55
8393,2003/9/22 20:00,15.1
8394,30,14.9
8395,2003/9/22 21:00,14.7
8396,30,14.5
8397,2003/9/22 22:00,14.3
8398,30,14
8399,2003/9/22 23:00,13.7
8400,30,13.15
8401,2003/9/23 0:00,12.6
8402,30,12.15
8403,2003/9/23 1:00,11.7
8404,30,11.35
8405,2003/9/23 2:00,11
8406,30,11.05
8407,2003/9/23 3:00,11.1
8408,30,11
8409,2003/9/23 4:00,10.9
8410,30,11.05
8411,2003/9/23 5:00,11.2
8412,30,11.15
8413,2003/9/23 6:00,11.1
8414,30,12
8415,2003/9/23 7:00,12.9
8416,30,14.35
8417,2003/9/23 8:00,15.8
8418,30,17.1
8419,2003/9/23 9:00,18.4
8420,30,19.15
8421,2003/9/23 10:00,19.9
8422,30,19.75
8423,2003/9/23 11:00,19.6
8424,30,20
8425,2003/9/23 12:00,20.4
8426,30,20.4
8427,2003/9/23 13:00,20.4
8428,30,20.4
8429,2003/9/23 14:00,20.4
8430,30,20.3
8431,2003/9/23 15:00,20.2
8432,30,19.75
8433,2003/9/23 16:00,19.3
8434,30,19.05
8435,2003/9/23 17:00,18.8
8436,30,18.45
8437,2003/9/23 18:00,18.1
8438,30,18
8439,2003/9/23 19:00,17.9
8440,30,17.8
8441,2003/9/23 20:00,17.7
8442,30,17.6
8443,2003/9/23 21:00,17.5
8444,30,17.4
8445,2003/9/23 22:00,17.3
8446,30,17.25
8447,2003/9/23 23:00,17.2
8448,30,17
8449,2003/9/24 0:00,16.8
8450,30,16.65
8451,2003/9/24 1:00,16.5
8452,30,16.4
8453,2003/9/24 2:00,16.3
8454,30,16.25
8455,2003/9/24 3:00,16.2
8456,30,16.2
8457,2003/9/24 4:00,16.2
8458,30,16.2
8459,2003/9/24 5:00,16.2
8460,30,16.15
8461,2003/9/24 6:00,16.1
8462,30,16.2
8463,2003/9/24 7:00,16.3
8464,30,16.65
8465,2003/9/24 8:00,17
8466,30,17.3
8467,2003/9/24 9:00,17.6
8468,30,17.85
8469,2003/9/24 10:00,18.1
8470,30,18.9
8471,2003/9/24 11:00,19.7
8472,30,19.95
8473,2003/9/24 12:00,20.2
8474,30,20.05
8475,2003/9/24 13:00,19.9
8476,30,19.75
8477,2003/9/24 14:00,19.6
8478,30,18.65
8479,2003/9/24 15:00,17.7
8480,30,17.45
8481,2003/9/24 16:00,17.2
8482,30,16.7
8483,2003/9/24 17:00,16.2
8484,30,16.25
8485,2003/9/24 18:00,16.3
8486,30,16.2
8487,2003/9/24 19:00,16.1
8488,30,16
8489,2003/9/24 20:00,15.9
8490,30,15.7
8491,2003/9/24 21:00,15.5
8492,30,15.35
8493,2003/9/24 22:00,15.2
8494,30,15.05
8495,2003/9/24 23:00,14.9
8496,30,14.95
8497,2003/9/25 0:00,15
8498,30,15.05
8499,2003/9/25 1:00,15.1
8500,30,15.2
8501,2003/9/25 2:00,15.3
8502,30,15.3
8503,2003/9/25 3:00,15.3
8504,30,15.35
8505,2003/9/25 4:00,15.4
8506,30,15.5
8507,2003/9/25 5:00,15.6
8508,30,15.65
8509,2003/9/25 6:00,15.7
8510,30,15.9
8511,2003/9/25 7:00,16.1
8512,30,16.25
8513,2003/9/25 8:00,16.4
8514,30,16.5
8515,2003/9/25 9:00,16.6
8516,30,16.7
8517,2003/9/25 10:00,16.8
8518,30,17.05
8519,2003/9/25 11:00,17.3
8520,30,17.3
8521,2003/9/25 12:00,17.3
8522,30,17.35
8523,2003/9/25 13:00,17.4
8524,30,17.35
8525,2003/9/25 14:00,17.3
8526,30,17.35
8527,2003/9/25 15:00,17.4
8528,30,17.6
8529,2003/9/25 16:00,17.8
8530,30,17.85
8531,2003/9/25 17:00,17.9
8532,30,17.75
8533,2003/9/25 18:00,17.6
8534,30,17.7
8535,2003/9/25 19:00,17.8
8536,30,17.8
8537,2003/9/25 20:00,17.8
8538,30,17.8
8539,2003/9/25 21:00,17.8
8540,30,17.8
8541,2003/9/25 22:00,17.8
8542,30,17.8
8543,2003/9/25 23:00,17.8
8544,30,17.9
8545,2003/9/26 0:00,18
8546,30,18
8547,2003/9/26 1:00,18
8548,30,18
8549,2003/9/26 2:00,18
8550,30,18
8551,2003/9/26 3:00,18
8552,30,17.95
8553,2003/9/26 4:00,17.9
8554,30,17.9
8555,2003/9/26 5:00,17.9
8556,30,17.85
8557,2003/9/26 6:00,17.8
8558,30,17.9
8559,2003/9/26 7:00,18
8560,30,18.25
8561,2003/9/26 8:00,18.5
8562,30,18.8
8563,2003/9/26 9:00,19.1
8564,30,20.2
8565,2003/9/26 10:00,21.3
8566,30,22.1
8567,2003/9/26 11:00,22.9
8568,30,22.9
8569,2003/9/26 12:00,22.9
8570,30,22.9
8571,2003/9/26 13:00,22.9
8572,30,23.45
8573,2003/9/26 14:00,24
8574,30,24.2
8575,2003/9/26 15:00,24.4
8576,30,24.15
8577,2003/9/26 16:00,23.9
8578,30,23.5
8579,2003/9/26 17:00,23.1
8580,30,22.75
8581,2003/9/26 18:00,22.4
8582,30,22.05
8583,2003/9/26 19:00,21.7
8584,30,21.3
8585,2003/9/26 20:00,20.9
8586,30,20.75
8587,2003/9/26 21:00,20.6
8588,30,20.5
8589,2003/9/26 22:00,20.4
8590,30,20.2
8591,2003/9/26 23:00,20
8592,30,19.75
8593,2003/9/27 0:00,19.5
8594,30,19.35
8595,2003/9/27 1:00,19.2
8596,30,18.9
8597,2003/9/27 2:00,18.6
8598,30,18.6
8599,2003/9/27 3:00,18.6
8600,30,18.55
8601,2003/9/27 4:00,18.5
8602,30,18.55
8603,2003/9/27 5:00,18.6
8604,30,18.7
8605,2003/9/27 6:00,18.8
8606,30,19.6
8607,2003/9/27 7:00,20.4
8608,30,21.35
8609,2003/9/27 8:00,22.3
8610,30,22.65
8611,2003/9/27 9:00,23
8612,30,23.35
8613,2003/9/27 10:00,23.7
8614,30,24.45
8615,2003/9/27 11:00,25.2
8616,30,25
8617,2003/9/27 12:00,24.8
8618,30,25.3
8619,2003/9/27 13:00,25.8
8620,30,25.9
8621,2003/9/27 14:00,26
8622,30,25.5
8623,2003/9/27 15:00,25
8624,30,24.35
8625,2003/9/27 16:00,23.7
8626,30,23.1
8627,2003/9/27 17:00,22.5
8628,30,22.1
8629,2003/9/27 18:00,21.7
8630,30,21.2
8631,2003/9/27 19:00,20.7
8632,30,20.15
8633,2003/9/27 20:00,19.6
8634,30,19.5
8635,2003/9/27 21:00,19.4
8636,30,19.45
8637,2003/9/27 22:00,19.5
8638,30,19.4
8639,2003/9/27 23:00,19.3
8640,30,19.25
8641,2003/9/28 0:00,19.2
8642,30,19.2
8643,2003/9/28 1:00,19.2
8644,30,19.05
8645,2003/9/28 2:00,18.9
8646,30,18.7
8647,2003/9/28 3:00,18.5
8648,30,18.35
8649,2003/9/28 4:00,18.2
8650,30,17.95
8651,2003/9/28 5:00,17.7
8652,30,17.85
8653,2003/9/28 6:00,18
8654,30,18.25
8655,2003/9/28 7:00,18.5
8656,30,19
8657,2003/9/28 8:00,19.5
8658,30,20.6
8659,2003/9/28 9:00,21.7
8660,30,22.1
8661,2003/9/28 10:00,22.5
8662,30,23.1
8663,2003/9/28 11:00,23.7
8664,30,23.6
8665,2003/9/28 12:00,23.5
8666,30,23.7
8667,2003/9/28 13:00,23.9
8668,30,24.25
8669,2003/9/28 14:00,24.6
8670,30,24.3
8671,2003/9/28 15:00,24
8672,30,23.5
8673,2003/9/28 16:00,23
8674,30,22.25
8675,2003/9/28 17:00,21.5
8676,30,20.7
8677,2003/9/28 18:00,19.9
8678,30,19.4
8679,2003/9/28 19:00,18.9
8680,30,18.9
8681,2003/9/28 20:00,18.9
8682,30,18.7
8683,2003/9/28 21:00,18.5
8684,30,18.4
8685,2003/9/28 22:00,18.3
8686,30,18.25
8687,2003/9/28 23:00,18.2
8688,30,18.2
8689,2003/9/29 0:00,18.2
8690,30,17.85
8691,2003/9/29 1:00,17.5
8692,30,17.7
8693,2003/9/29 2:00,17.9
8694,30,17.95
8695,2003/9/29 3:00,18
8696,30,17.9
8697,2003/9/29 4:00,17.8
8698,30,17.65
8699,2003/9/29 5:00,17.5
8700,30,17.25
8701,2003/9/29 6:00,17
8702,30,17.35
8703,2003/9/29 7:00,17.7
8704,30,18.45
8705,2003/9/29 8:00,19.2
8706,30,20.45
8707,2003/9/29 9:00,21.7
8708,30,22.35
8709,2003/9/29 10:00,23
8710,30,23.5
8711,2003/9/29 11:00,24
8712,30,24.15
8713,2003/9/29 12:00,24.3
8714,30,24.6
8715,2003/9/29 13:00,24.9
8716,30,24.85
8717,2003/9/29 14:00,24.8
8718,30,25
8719,2003/9/29 15:00,25.2
8720,30,24.45
8721,2003/9/29 16:00,23.7
8722,30,22.75
8723,2003/9/29 17:00,21.8
8724,30,21.05
8725,2003/9/29 18:00,20.3
8726,30,19.9
8727,2003/9/29 19:00,19.5
8728,30,19.3
8729,2003/9/29 20:00,19.1
8730,30,18.75
8731,2003/9/29 21:00,18.4
8732,30,18.2
8733,2003/9/29 22:00,18
8734,30,18
8735,2003/9/29 23:00,18
8736,30,17.6
8737,2003/9/30 0:00,17.2
8738,30,17.2
8739,2003/9/30 1:00,17.2
8740,30,16.65
8741,2003/9/30 2:00,16.1
8742,30,15.95
8743,2003/9/30 3:00,15.8
8744,30,15.6
8745,2003/9/30 4:00,15.4
8746,30,15.55
8747,2003/9/30 5:00,15.7
8748,30,15.35
8749,2003/9/30 6:00,15
8750,30,16.1
8751,2003/9/30 7:00,17.2
8752,30,18.2
8753,2003/9/30 8:00,19.2
8754,30,20
8755,2003/9/30 9:00,20.8
8756,30,21.35
8757,2003/9/30 10:00,21.9
8758,30,22.1
8759,2003/9/30 11:00,22.3
8760,30,22.8
8761,2003/9/30 12:00,23.3
8762,30,23.25
8763,2003/9/30 13:00,23.2
8764,30,23.5
8765,2003/9/30 14:00,23.8
8766,30,23.55
8767,2003/9/30 15:00,23.3
8768,30,23.05
8769,2003/9/30 16:00,22.8
8770,30,22.05
8771,2003/9/30 17:00,21.3
8772,30,20.6
8773,2003/9/30 18:00,19.9
8774,30,19.3
8775,2003/9/30 19:00,18.7
8776,30,18.45
8777,2003/9/30 20:00,18.2
8778,30,17.5
8779,2003/9/30 21:00,16.8
8780,30,16.95
8781,2003/9/30 22:00,17.1
8782,30,16.8
8783,2003/9/30 23:00,16.5
8784,30,16.7
8785,2003/10/1 0:00,16.9
8786,30,16.65
8787,2003/10/1 1:00,16.4
8788,30,16.35
8789,2003/10/1 2:00,16.3
8790,30,15.95
8791,2003/10/1 3:00,15.6
8792,30,15
8793,2003/10/1 4:00,14.4
8794,30,13.6
8795,2003/10/1 5:00,12.8
8796,30,12.65
8797,2003/10/1 6:00,12.5
8798,30,13.6
8799,2003/10/1 7:00,14.7
8800,30,15.4
8801,2003/10/1 8:00,16.1
8802,30,16.8
8803,2003/10/1 9:00,17.5
8804,30,18.85
8805,2003/10/1 10:00,20.2
8806,30,21.65
8807,2003/10/1 11:00,23.1
8808,30,23.2
8809,2003/10/1 12:00,23.3
8810,30,23.95
8811,2003/10/1 13:00,24.6
8812,30,24.5
8813,2003/10/1 14:00,24.4
8814,30,24.3
8815,2003/10/1 15:00,24.2
8816,30,23.9
8817,2003/10/1 16:00,23.6
8818,30,23.4
8819,2003/10/1 17:00,23.2
8820,30,23
8821,2003/10/1 18:00,22.8
8822,30,22.4
8823,2003/10/1 19:00,22
8824,30,21.9
8825,2003/10/1 20:00,21.8
8826,30,21.25
8827,2003/10/1 21:00,20.7
8828,30,20.15
8829,2003/10/1 22:00,19.6
8830,30,19.15
8831,2003/10/1 23:00,18.7
8832,30,18.55
8833,2003/10/2 0:00,18.4
8834,30,18.15
8835,2003/10/2 1:00,17.9
8836,30,17.85
8837,2003/10/2 2:00,17.8
8838,30,17.7
8839,2003/10/2 3:00,17.6
8840,30,17.65
8841,2003/10/2 4:00,17.7
8842,30,17.4
8843,2003/10/2 5:00,17.1
8844,30,17.1
8845,2003/10/2 6:00,17.1
8846,30,17.35
8847,2003/10/2 7:00,17.6
8848,30,18.15
8849,2003/10/2 8:00,18.7
8850,30,19.25
8851,2003/10/2 9:00,19.8
8852,30,21.15
8853,2003/10/2 10:00,22.5
8854,30,23.3
8855,2003/10/2 11:00,24.1
8856,30,24.35
8857,2003/10/2 12:00,24.6
8858,30,25.15
8859,2003/10/2 13:00,25.7
8860,30,26.45
8861,2003/10/2 14:00,27.2
8862,30,27.6
8863,2003/10/2 15:00,28
8864,30,27.05
8865,2003/10/2 16:00,26.1
8866,30,25.4
8867,2003/10/2 17:00,24.7
8868,30,24.1
8869,2003/10/2 18:00,23.5
8870,30,23
8871,2003/10/2 19:00,22.5
8872,30,21.75
8873,2003/10/2 20:00,21
8874,30,20.2
8875,2003/10/2 21:00,19.4
8876,30,19.15
8877,2003/10/2 22:00,18.9
8878,30,18.65
8879,2003/10/2 23:00,18.4
8880,30,18.4
8881,2003/10/3 0:00,18.4
8882,30,18.2
8883,2003/10/3 1:00,18
8884,30,18.05
8885,2003/10/3 2:00,18.1
8886,30,17.85
8887,2003/10/3 3:00,17.6
8888,30,17.15
8889,2003/10/3 4:00,16.7
8890,30,16.65
8891,2003/10/3 5:00,16.6
8892,30,16.6
8893,2003/10/3 6:00,16.6
8894,30,16.8
8895,2003/10/3 7:00,17
8896,30,17.55
8897,2003/10/3 8:00,18.1
8898,30,18.8
8899,2003/10/3 9:00,19.5
8900,30,20.2
8901,2003/10/3 10:00,20.9
8902,30,20.85
8903,2003/10/3 11:00,20.8
8904,30,21.65
8905,2003/10/3 12:00,22.5
8906,30,22.85
8907,2003/10/3 13:00,23.2
8908,30,23.95
8909,2003/10/3 14:00,24.7
8910,30,24.2
8911,2003/10/3 15:00,23.7
8912,30,23.35
8913,2003/10/3 16:00,23
8914,30,22.5
8915,2003/10/3 17:00,22
8916,30,21.7
8917,2003/10/3 18:00,21.4
8918,30,21.05
8919,2003/10/3 19:00,20.7
8920,30,20.2
8921,2003/10/3 20:00,19.7
8922,30,19.15
8923,2003/10/3 21:00,18.6
8924,30,18.5
8925,2003/10/3 22:00,18.4
8926,30,17.85
8927,2003/10/3 23:00,17.3
8928,30,16.85
8929,2003/10/4 0:00,16.4
8930,30,16.05
8931,2003/10/4 1:00,15.7
8932,30,15.75
8933,2003/10/4 2:00,15.8
8934,30,15.8
8935,2003/10/4 3:00,15.8
8936,30,15.55
8937,2003/10/4 4:00,15.3
8938,30,15.45
8939,2003/10/4 5:00,15.6
8940,30,15.35
8941,2003/10/4 6:00,15.1
8942,30,15.1
8943,2003/10/4 7:00,15.1
8944,30,15.15
8945,2003/10/4 8:00,15.2
8946,30,15.45
8947,2003/10/4 9:00,15.7
8948,30,16.4
8949,2003/10/4 10:00,17.1
8950,30,18.05
8951,2003/10/4 11:00,19
8952,30,20
8953,2003/10/4 12:00,21
8954,30,21.05
8955,2003/10/4 13:00,21.1
8956,30,21.6
8957,2003/10/4 14:00,22.1
8958,30,21.7
8959,2003/10/4 15:00,21.3
8960,30,21.1
8961,2003/10/4 16:00,20.9
8962,30,20.5
8963,2003/10/4 17:00,20.1
8964,30,19.45
8965,2003/10/4 18:00,18.8
8966,30,18.5
8967,2003/10/4 19:00,18.2
8968,30,18.1
8969,2003/10/4 20:00,18
8970,30,17.85
8971,2003/10/4 21:00,17.7
8972,30,17.35
8973,2003/10/4 22:00,17
8974,30,16.75
8975,2003/10/4 23:00,16.5
8976,30,16.2
8977,2003/10/5 0:00,15.9
8978,30,15.5
8979,2003/10/5 1:00,15.1
8980,30,14.85
8981,2003/10/5 2:00,14.6
8982,30,14.3
8983,2003/10/5 3:00,14
8984,30,13.95
8985,2003/10/5 4:00,13.9
8986,30,13.55
8987,2003/10/5 5:00,13.2
8988,30,13.25
8989,2003/10/5 6:00,13.3
8990,30,13.4
8991,2003/10/5 7:00,13.5
8992,30,14.05
8993,2003/10/5 8:00,14.6
8994,30,15.4
8995,2003/10/5 9:00,16.2
8996,30,17.25
8997,2003/10/5 10:00,18.3
8998,30,19.15
8999,2003/10/5 11:00,20
9000,30,20.4
9001,2003/10/5 12:00,20.8
9002,30,21.25
9003,2003/10/5 13:00,21.7
9004,30,21.3
9005,2003/10/5 14:00,20.9
9006,30,21.05
9007,2003/10/5 15:00,21.2
9008,30,20.6
9009,2003/10/5 16:00,20
9010,30,19.55
9011,2003/10/5 17:00,19.1
9012,30,18.6
9013,2003/10/5 18:00,18.1
9014,30,17.9
9015,2003/10/5 19:00,17.7
9016,30,17.4
9017,2003/10/5 20:00,17.1
9018,30,17
9019,2003/10/5 21:00,16.9
9020,30,16.8
9021,2003/10/5 22:00,16.7
9022,30,16.6
9023,2003/10/5 23:00,16.5
9024,30,16.35
9025,2003/10/6 0:00,16.2
9026,30,16.1
9027,2003/10/6 1:00,16
9028,30,15.95
9029,2003/10/6 2:00,15.9
9030,30,15.8
9031,2003/10/6 3:00,15.7
9032,30,15.75
9033,2003/10/6 4:00,15.8
9034,30,15.85
9035,2003/10/6 5:00,15.9
9036,30,15.85
9037,2003/10/6 6:00,15.8
9038,30,16
9039,2003/10/6 7:00,16.2
9040,30,16.45
9041,2003/10/6 8:00,16.7
9042,30,16.95
9043,2003/10/6 9:00,17.2
9044,30,17.15
9045,2003/10/6 10:00,17.1
9046,30,17.2
9047,2003/10/6 11:00,17.3
9048,30,17.25
9049,2003/10/6 12:00,17.2
9050,30,16.9
9051,2003/10/6 13:00,16.6
9052,30,16.35
9053,2003/10/6 14:00,16.1
9054,30,16.25
9055,2003/10/6 15:00,16.4
9056,30,16.4
9057,2003/10/6 16:00,16.4
9058,30,16.05
9059,2003/10/6 17:00,15.7
9060,30,15.55
9061,2003/10/6 18:00,15.4
9062,30,15.25
9063,2003/10/6 19:00,15.1
9064,30,14.75
9065,2003/10/6 20:00,14.4
9066,30,14.15
9067,2003/10/6 21:00,13.9
9068,30,13.8
9069,2003/10/6 22:00,13.7
9070,30,13.4
9071,2003/10/6 23:00,13.1
9072,30,13.15
9073,2003/10/7 0:00,13.2
9074,30,13.15
9075,2003/10/7 1:00,13.1
9076,30,13.1
9077,2003/10/7 2:00,13.1
9078,30,13.05
9079,2003/10/7 3:00,13
9080,30,13.1
9081,2003/10/7 4:00,13.2
9082,30,13.1
9083,2003/10/7 5:00,13
9084,30,12.9
9085,2003/10/7 6:00,12.8
9086,30,13.1
9087,2003/10/7 7:00,13.4
9088,30,14.05
9089,2003/10/7 8:00,14.7
9090,30,15.9
9091,2003/10/7 9:00,17.1
9092,30,17.9
9093,2003/10/7 10:00,18.7
9094,30,18.7
9095,2003/10/7 11:00,18.7
9096,30,19.1
9097,2003/10/7 12:00,19.5
9098,30,19.4
9099,2003/10/7 13:00,19.3
9100,30,19.15
9101,2003/10/7 14:00,19
9102,30,18.6
9103,2003/10/7 15:00,18.2
9104,30,17.9
9105,2003/10/7 16:00,17.6
9106,30,17.3
9107,2003/10/7 17:00,17
9108,30,16.75
9109,2003/10/7 18:00,16.5
9110,30,16.4
9111,2003/10/7 19:00,16.3
9112,30,16.1
9113,2003/10/7 20:00,15.9
9114,30,15.65
9115,2003/10/7 21:00,15.4
9116,30,15.25
9117,2003/10/7 22:00,15.1
9118,30,14.8
9119,2003/10/7 23:00,14.5
9120,30,14.3
9121,2003/10/8 0:00,14.1
9122,30,14
9123,2003/10/8 1:00,13.9
9124,30,13.75
9125,2003/10/8 2:00,13.6
9126,30,13.5
9127,2003/10/8 3:00,13.4
9128,30,13.25
9129,2003/10/8 4:00,13.1
9130,30,13.1
9131,2003/10/8 5:00,13.1
9132,30,13.05
9133,2003/10/8 6:00,13
9134,30,13.25
9135,2003/10/8 7:00,13.5
9136,30,14.05
9137,2003/10/8 8:00,14.6
9138,30,15.5
9139,2003/10/8 9:00,16.4
9140,30,16.75
9141,2003/10/8 10:00,17.1
9142,30,17.7
9143,2003/10/8 11:00,18.3
9144,30,18.1
9145,2003/10/8 12:00,17.9
9146,30,17.95
9147,2003/10/8 13:00,18
9148,30,18.05
9149,2003/10/8 14:00,18.1
9150,30,17.95
9151,2003/10/8 15:00,17.8
9152,30,17.55
9153,2003/10/8 16:00,17.3
9154,30,16.9
9155,2003/10/8 17:00,16.5
9156,30,16.25
9157,2003/10/8 18:00,16
9158,30,15.7
9159,2003/10/8 19:00,15.4
9160,30,15.15
9161,2003/10/8 20:00,14.9
9162,30,14.95
9163,2003/10/8 21:00,15
9164,30,14.85
9165,2003/10/8 22:00,14.7
9166,30,14.45
9167,2003/10/8 23:00,14.2
9168,30,13.7
9169,2003/10/9 0:00,13.2
9170,30,12.85
9171,2003/10/9 1:00,12.5
9172,30,12.2
9173,2003/10/9 2:00,11.9
9174,30,11.8
9175,2003/10/9 3:00,11.7
9176,30,11.55
9177,2003/10/9 4:00,11.4
9178,30,11.2
9179,2003/10/9 5:00,11
9180,30,10.85
9181,2003/10/9 6:00,10.7
9182,30,11.45
9183,2003/10/9 7:00,12.2
9184,30,13.55
9185,2003/10/9 8:00,14.9
9186,30,16.1
9187,2003/10/9 9:00,17.3
9188,30,17.85
9189,2003/10/9 10:00,18.4
9190,30,18.35
9191,2003/10/9 11:00,18.3
9192,30,18.85
9193,2003/10/9 12:00,19.4
9194,30,19.2
9195,2003/10/9 13:00,19
9196,30,19.7
9197,2003/10/9 14:00,20.4
9198,30,20
9199,2003/10/9 15:00,19.6
9200,30,19.2
9201,2003/10/9 16:00,18.8
9202,30,18.15
9203,2003/10/9 17:00,17.5
9204,30,16.9
9205,2003/10/9 18:00,16.3
9206,30,16
9207,2003/10/9 19:00,15.7
9208,30,15.25
9209,2003/10/9 20:00,14.8
9210,30,14.55
9211,2003/10/9 21:00,14.3
9212,30,13.9
9213,2003/10/9 22:00,13.5
9214,30,13.45
9215,2003/10/9 23:00,13.4
9216,30,13.15
9217,2003/10/10 0:00,12.9
9218,30,12.75
9219,2003/10/10 1:00,12.6
9220,30,12.55
9221,2003/10/10 2:00,12.5
9222,30,12.1
9223,2003/10/10 3:00,11.7
9224,30,11.5
9225,2003/10/10 4:00,11.3
9226,30,11.1
9227,2003/10/10 5:00,10.9
9228,30,11
9229,2003/10/10 6:00,11.1
9230,30,11.7
9231,2003/10/10 7:00,12.3
9232,30,13
9233,2003/10/10 8:00,13.7
9234,30,14.1
9235,2003/10/10 9:00,14.5
9236,30,15.9
9237,2003/10/10 10:00,17.3
9238,30,18.5
9239,2003/10/10 11:00,19.7
9240,30,20.25
9241,2003/10/10 12:00,20.8
9242,30,21.1
9243,2003/10/10 13:00,21.4
9244,30,21.1
9245,2003/10/10 14:00,20.8
9246,30,20.8
9247,2003/10/10 15:00,20.8
9248,30,20.4
9249,2003/10/10 16:00,20
9250,30,19.4
9251,2003/10/10 17:00,18.8
9252,30,18.3
9253,2003/10/10 18:00,17.8
9254,30,17.55
9255,2003/10/10 19:00,17.3
9256,30,16.85
9257,2003/10/10 20:00,16.4
9258,30,16.35
9259,2003/10/10 21:00,16.3
9260,30,16
9261,2003/10/10 22:00,15.7
9262,30,15.45
9263,2003/10/10 23:00,15.2
9264,30,15.15
9265,2003/10/11 0:00,15.1
9266,30,15.1
9267,2003/10/11 1:00,15.1
9268,30,14.85
9269,2003/10/11 2:00,14.6
9270,30,14.4
9271,2003/10/11 3:00,14.2
9272,30,14
9273,2003/10/11 4:00,13.8
9274,30,13.5
9275,2003/10/11 5:00,13.2
9276,30,13.15
9277,2003/10/11 6:00,13.1
9278,30,13.7
9279,2003/10/11 7:00,14.3
9280,30,15
9281,2003/10/11 8:00,15.7
9282,30,16.55
9283,2003/10/11 9:00,17.4
9284,30,18.05
9285,2003/10/11 10:00,18.7
9286,30,19.55
9287,2003/10/11 11:00,20.4
9288,30,20.5
9289,2003/10/11 12:00,20.6
9290,30,21
9291,2003/10/11 13:00,21.4
9292,30,21.55
9293,2003/10/11 14:00,21.7
9294,30,21.75
9295,2003/10/11 15:00,21.8
9296,30,21.65
9297,2003/10/11 16:00,21.5
9298,30,21.25
9299,2003/10/11 17:00,21
9300,30,20.7
9301,2003/10/11 18:00,20.4
9302,30,20.2
9303,2003/10/11 19:00,20
9304,30,19.75
9305,2003/10/11 20:00,19.5
9306,30,19.35
9307,2003/10/11 21:00,19.2
9308,30,18.95
9309,2003/10/11 22:00,18.7
9310,30,18.2
9311,2003/10/11 23:00,17.7
9312,30,17.55
9313,2003/10/12 0:00,17.4
9314,30,17.15
9315,2003/10/12 1:00,16.9
9316,30,16.8
9317,2003/10/12 2:00,16.7
9318,30,16.6
9319,2003/10/12 3:00,16.5
9320,30,16.45
9321,2003/10/12 4:00,16.4
9322,30,16.45
9323,2003/10/12 5:00,16.5
9324,30,16.45
9325,2003/10/12 6:00,16.4
9326,30,16.55
9327,2003/10/12 7:00,16.7
9328,30,16.85
9329,2003/10/12 8:00,17
9330,30,17.65
9331,2003/10/12 9:00,18.3
9332,30,19
9333,2003/10/12 10:00,19.7
9334,30,20.25
9335,2003/10/12 11:00,20.8
9336,30,21.8
9337,2003/10/12 12:00,22.8
9338,30,22.75
9339,2003/10/12 13:00,22.7
9340,30,22.9
9341,2003/10/12 14:00,23.1
9342,30,23.15
9343,2003/10/12 15:00,23.2
9344,30,23.1
9345,2003/10/12 16:00,23
9346,30,22.85
9347,2003/10/12 17:00,22.7
9348,30,22.45
9349,2003/10/12 18:00,22.2
9350,30,22.15
9351,2003/10/12 19:00,22.1
9352,30,22
9353,2003/10/12 20:00,21.9
9354,30,21.8
9355,2003/10/12 21:00,21.7
9356,30,21.4
9357,2003/10/12 22:00,21.1
9358,30,20.8
9359,2003/10/12 23:00,20.5
9360,30,20.25
9361,2003/10/13 0:00,20
9362,30,19.85
9363,2003/10/13 1:00,19.7
9364,30,19.45
9365,2003/10/13 2:00,19.2
9366,30,19.2
9367,2003/10/13 3:00,19.2
9368,30,19.1
9369,2003/10/13 4:00,19
9370,30,19
9371,2003/10/13 5:00,19
9372,30,19.2
9373,2003/10/13 6:00,19.4
9374,30,19.8
9375,2003/10/13 7:00,20.2
9376,30,22.1
9377,2003/10/13 8:00,24
9378,30,25.8
9379,2003/10/13 9:00,27.6
9380,30,28.05
9381,2003/10/13 10:00,28.5
9382,30,28.15
9383,2003/10/13 11:00,27.8
9384,30,27.3
9385,2003/10/13 12:00,26.8
9386,30,25.3
9387,2003/10/13 13:00,23.8
9388,30,22.65
9389,2003/10/13 14:00,21.5
9390,30,21.05
9391,2003/10/13 15:00,20.6
9392,30,20.5
9393,2003/10/13 16:00,20.4
9394,30,20.35
9395,2003/10/13 17:00,20.3
9396,30,20.2
9397,2003/10/13 18:00,20.1
9398,30,20.1
9399,2003/10/13 19:00,20.1
9400,30,20.05
9401,2003/10/13 20:00,20
9402,30,19.45
9403,2003/10/13 21:00,18.9
9404,30,18.85
9405,2003/10/13 22:00,18.8
9406,30,18.7
9407,2003/10/13 23:00,18.6
9408,30,18.4
9409,2003/10/14 0:00,18.2
9410,30,18.05
9411,2003/10/14 1:00,17.9
9412,30,17.85
9413,2003/10/14 2:00,17.8
9414,30,17.65
9415,2003/10/14 3:00,17.5
9416,30,17.3
9417,2003/10/14 4:00,17.1
9418,30,16.85
9419,2003/10/14 5:00,16.6
9420,30,16.5
9421,2003/10/14 6:00,16.4
9422,30,16.55
9423,2003/10/14 7:00,16.7
9424,30,16.7
9425,2003/10/14 8:00,16.7
9426,30,16.8
9427,2003/10/14 9:00,16.9
9428,30,16.75
9429,2003/10/14 10:00,16.6
9430,30,16.75
9431,2003/10/14 11:00,16.9
9432,30,16.7
9433,2003/10/14 12:00,16.5
9434,30,16.4
9435,2003/10/14 13:00,16.3
9436,30,15.8
9437,2003/10/14 14:00,15.3
9438,30,15
9439,2003/10/14 15:00,14.7
9440,30,14.15
9441,2003/10/14 16:00,13.6
9442,30,13.25
9443,2003/10/14 17:00,12.9
9444,30,12.7
9445,2003/10/14 18:00,12.5
9446,30,12.4
9447,2003/10/14 19:00,12.3
9448,30,12.2
9449,2003/10/14 20:00,12.1
9450,30,12.1
9451,2003/10/14 21:00,12.1
9452,30,12.05
9453,2003/10/14 22:00,12
9454,30,12
9455,2003/10/14 23:00,12
9456,30,11.75
9457,2003/10/15 0:00,11.5
9458,30,11.55
9459,2003/10/15 1:00,11.6
9460,30,11.7
9461,2003/10/15 2:00,11.8
9462,30,11.85
9463,2003/10/15 3:00,11.9
9464,30,12
9465,2003/10/15 4:00,12.1
9466,30,12.1
9467,2003/10/15 5:00,12.1
9468,30,12.1
9469,2003/10/15 6:00,12.1
9470,30,12.2
9471,2003/10/15 7:00,12.3
9472,30,12.4
9473,2003/10/15 8:00,12.5
9474,30,12.85
9475,2003/10/15 9:00,13.2
9476,30,13.9
9477,2003/10/15 10:00,14.6
9478,30,15.15
9479,2003/10/15 11:00,15.7
9480,30,16.1
9481,2003/10/15 12:00,16.5
9482,30,17
9483,2003/10/15 13:00,17.5
9484,30,17.9
9485,2003/10/15 14:00,18.3
9486,30,18.55
9487,2003/10/15 15:00,18.8
9488,30,18.7
9489,2003/10/15 16:00,18.6
9490,30,18.25
9491,2003/10/15 17:00,17.9
9492,30,17.3
9493,2003/10/15 18:00,16.7
9494,30,16.65
9495,2003/10/15 19:00,16.6
9496,30,16.05
9497,2003/10/15 20:00,15.5
9498,30,15
9499,2003/10/15 21:00,14.5
9500,30,14.45
9501,2003/10/15 22:00,14.4
9502,30,13.95
9503,2003/10/15 23:00,13.5
9504,30,13.9
9505,2003/10/16 0:00,14.3
9506,30,14.2
9507,2003/10/16 1:00,14.1
9508,30,14.05
9509,2003/10/16 2:00,14
9510,30,13.65
9511,2003/10/16 3:00,13.3
9512,30,13.5
9513,2003/10/16 4:00,13.7
9514,30,13.55
9515,2003/10/16 5:00,13.4
9516,30,13.35
9517,2003/10/16 6:00,13.3
9518,30,13.6
9519,2003/10/16 7:00,13.9
9520,30,14.6
9521,2003/10/16 8:00,15.3
9522,30,15.85
9523,2003/10/16 9:00,16.4
9524,30,16.9
9525,2003/10/16 10:00,17.4
9526,30,18.15
9527,2003/10/16 11:00,18.9
9528,30,19.1
9529,2003/10/16 12:00,19.3
9530,30,19.5
9531,2003/10/16 13:00,19.7
9532,30,20.15
9533,2003/10/16 14:00,20.6
9534,30,20.15
9535,2003/10/16 15:00,19.7
9536,30,19.55
9537,2003/10/16 16:00,19.4
9538,30,18.7
9539,2003/10/16 17:00,18
9540,30,17.55
9541,2003/10/16 18:00,17.1
9542,30,16.5
9543,2003/10/16 19:00,15.9
9544,30,16
9545,2003/10/16 20:00,16.1
9546,30,15.35
9547,2003/10/16 21:00,14.6
9548,30,14.2
9549,2003/10/16 22:00,13.8
9550,30,13.95
9551,2003/10/16 23:00,14.1
9552,30,14.1
9553,2003/10/17 0:00,14.1
9554,30,13.8
9555,2003/10/17 1:00,13.5
9556,30,13.4
9557,2003/10/17 2:00,13.3
9558,30,12.95
9559,2003/10/17 3:00,12.6
9560,30,12.35
9561,2003/10/17 4:00,12.1
9562,30,11.75
9563,2003/10/17 5:00,11.4
9564,30,11.55
9565,2003/10/17 6:00,11.7
9566,30,12.25
9567,2003/10/17 7:00,12.8
9568,30,13.9
9569,2003/10/17 8:00,15
9570,30,15.75
9571,2003/10/17 9:00,16.5
9572,30,16.85
9573,2003/10/17 10:00,17.2
9574,30,17.6
9575,2003/10/17 11:00,18
9576,30,18.7
9577,2003/10/17 12:00,19.4
9578,30,19.45
9579,2003/10/17 13:00,19.5
9580,30,19.2
9581,2003/10/17 14:00,18.9
9582,30,18.45
9583,2003/10/17 15:00,18
9584,30,17.3
9585,2003/10/17 16:00,16.6
9586,30,16.05
9587,2003/10/17 17:00,15.5
9588,30,15.1
9589,2003/10/17 18:00,14.7
9590,30,14.55
9591,2003/10/17 19:00,14.4
9592,30,14.3
9593,2003/10/17 20:00,14.2
9594,30,14.1
9595,2003/10/17 21:00,14
9596,30,13.65
9597,2003/10/17 22:00,13.3
9598,30,13.5
9599,2003/10/17 23:00,13.7
9600,30,13.7
9601,2003/10/18 0:00,13.7
9602,30,13.35
9603,2003/10/18 1:00,13
9604,30,12.9
9605,2003/10/18 2:00,12.8
9606,30,12.75
9607,2003/10/18 3:00,12.7
9608,30,12.6
9609,2003/10/18 4:00,12.5
9610,30,12.35
9611,2003/10/18 5:00,12.2
9612,30,12.05
9613,2003/10/18 6:00,11.9
9614,30,12.1
9615,2003/10/18 7:00,12.3
9616,30,12.85
9617,2003/10/18 8:00,13.4
9618,30,13.9
9619,2003/10/18 9:00,14.4
9620,30,15.3
9621,2003/10/18 10:00,16.2
9622,30,16.8
9623,2003/10/18 11:00,17.4
9624,30,17.25
9625,2003/10/18 12:00,17.1
9626,30,17.25
9627,2003/10/18 13:00,17.4
9628,30,17
9629,2003/10/18 14:00,16.6
9630,30,16.1
9631,2003/10/18 15:00,15.6
9632,30,15.45
9633,2003/10/18 16:00,15.3
9634,30,15.15
9635,2003/10/18 17:00,15
9636,30,14.95
9637,2003/10/18 18:00,14.9
9638,30,14.85
9639,2003/10/18 19:00,14.8
9640,30,14.7
9641,2003/10/18 20:00,14.6
9642,30,14.4
9643,2003/10/18 21:00,14.2
9644,30,13.8
9645,2003/10/18 22:00,13.4
9646,30,12.9
9647,2003/10/18 23:00,12.4
9648,30,12.05
9649,2003/10/19 0:00,11.7
9650,30,11.9
9651,2003/10/19 1:00,12.1
9652,30,11.95
9653,2003/10/19 2:00,11.8
9654,30,11.5
9655,2003/10/19 3:00,11.2
9656,30,10.9
9657,2003/10/19 4:00,10.6
9658,30,10.65
9659,2003/10/19 5:00,10.7
9660,30,10.25
9661,2003/10/19 6:00,9.8
9662,30,10.45
9663,2003/10/19 7:00,11.1
9664,30,12.4
9665,2003/10/19 8:00,13.7
9666,30,15.2
9667,2003/10/19 9:00,16.7
9668,30,17.3
9669,2003/10/19 10:00,17.9
9670,30,18.65
9671,2003/10/19 11:00,19.4
9672,30,19.6
9673,2003/10/19 12:00,19.8
9674,30,20.2
9675,2003/10/19 13:00,20.6
9676,30,20.55
9677,2003/10/19 14:00,20.5
9678,30,20.55
9679,2003/10/19 15:00,20.6
9680,30,20.45
9681,2003/10/19 16:00,20.3
9682,30,19.35
9683,2003/10/19 17:00,18.4
9684,30,17.65
9685,2003/10/19 18:00,16.9
9686,30,16.35
9687,2003/10/19 19:00,15.8
9688,30,15.25
9689,2003/10/19 20:00,14.7
9690,30,14.55
9691,2003/10/19 21:00,14.4
9692,30,14.2
9693,2003/10/19 22:00,14
9694,30,14.15
9695,2003/10/19 23:00,14.3
9696,30,14.4
9697,2003/10/20 0:00,14.5
9698,30,14.45
9699,2003/10/20 1:00,14.4
9700,30,14.35
9701,2003/10/20 2:00,14.3
9702,30,14.15
9703,2003/10/20 3:00,14
9704,30,13.45
9705,2003/10/20 4:00,12.9
9706,30,13.15
9707,2003/10/20 5:00,13.4
9708,30,13.3
9709,2003/10/20 6:00,13.2
9710,30,13.1
9711,2003/10/20 7:00,13
9712,30,13.2
9713,2003/10/20 8:00,13.4
9714,30,13.7
9715,2003/10/20 9:00,14
9716,30,14.5
9717,2003/10/20 10:00,15
9718,30,16.6
9719,2003/10/20 11:00,18.2
9720,30,18.4
9721,2003/10/20 12:00,18.6
9722,30,18.6
9723,2003/10/20 13:00,18.6
9724,30,18.45
9725,2003/10/20 14:00,18.3
9726,30,18.4
9727,2003/10/20 15:00,18.5
9728,30,18.1
9729,2003/10/20 16:00,17.7
9730,30,16.95
9731,2003/10/20 17:00,16.2
9732,30,15.4
9733,2003/10/20 18:00,14.6
9734,30,14.05
9735,2003/10/20 19:00,13.5
9736,30,13.05
9737,2003/10/20 20:00,12.6
9738,30,12.35
9739,2003/10/20 21:00,12.1
9740,30,11.65
9741,2003/10/20 22:00,11.2
9742,30,11.5
9743,2003/10/20 23:00,11.8
9744,30,11.45
9745,2003/10/21 0:00,11.1
9746,30,11.05
9747,2003/10/21 1:00,11
9748,30,10.65
9749,2003/10/21 2:00,10.3
9750,30,10.15
9751,2003/10/21 3:00,10
9752,30,10.05
9753,2003/10/21 4:00,10.1
9754,30,10.35
9755,2003/10/21 5:00,10.6
9756,30,10.75
9757,2003/10/21 6:00,10.9
9758,30,11.1
9759,2003/10/21 7:00,11.3
9760,30,12.15
9761,2003/10/21 8:00,13
9762,30,13.8
9763,2003/10/21 9:00,14.6
9764,30,15.15
9765,2003/10/21 10:00,15.7
9766,30,17.15
9767,2003/10/21 11:00,18.6
9768,30,19.1
9769,2003/10/21 12:00,19.6
9770,30,20.6
9771,2003/10/21 13:00,21.6
9772,30,21.3
9773,2003/10/21 14:00,21
9774,30,20.95
9775,2003/10/21 15:00,20.9
9776,30,20.75
9777,2003/10/21 16:00,20.6
9778,30,20.1
9779,2003/10/21 17:00,19.6
9780,30,19.1
9781,2003/10/21 18:00,18.6
9782,30,18.35
9783,2003/10/21 19:00,18.1
9784,30,17.9
9785,2003/10/21 20:00,17.7
9786,30,17.3
9787,2003/10/21 21:00,16.9
9788,30,16.95
9789,2003/10/21 22:00,17
9790,30,16.95
9791,2003/10/21 23:00,16.9
9792,30,16.7
9793,2003/10/22 0:00,16.5
9794,30,16.35
9795,2003/10/22 1:00,16.2
9796,30,15.75
9797,2003/10/22 2:00,15.3
9798,30,14.65
9799,2003/10/22 3:00,14
9800,30,13.95
9801,2003/10/22 4:00,13.9
9802,30,13.85
9803,2003/10/22 5:00,13.8
9804,30,13.65
9805,2003/10/22 6:00,13.5
9806,30,13.5
9807,2003/10/22 7:00,13.5
9808,30,13.6
9809,2003/10/22 8:00,13.7
9810,30,13.9
9811,2003/10/22 9:00,14.1
9812,30,14.3
9813,2003/10/22 10:00,14.5
9814,30,14.75
9815,2003/10/22 11:00,15
9816,30,15.2
9817,2003/10/22 12:00,15.4
9818,30,15.4
9819,2003/10/22 13:00,15.4
9820,30,15.55
9821,2003/10/22 14:00,15.7
9822,30,15.85
9823,2003/10/22 15:00,16
9824,30,16.15
9825,2003/10/22 16:00,16.3
9826,30,16.35
9827,2003/10/22 17:00,16.4
9828,30,16.25
9829,2003/10/22 18:00,16.1
9830,30,15.85
9831,2003/10/22 19:00,15.6
9832,30,15.55
9833,2003/10/22 20:00,15.5
9834,30,15.55
9835,2003/10/22 21:00,15.6
9836,30,15.7
9837,2003/10/22 22:00,15.8
9838,30,15.65
9839,2003/10/22 23:00,15.5
9840,30,15.55
9841,2003/10/23 0:00,15.6
9842,30,15.6
9843,2003/10/23 1:00,15.6
9844,30,15.55
9845,2003/10/23 2:00,15.5
9846,30,15.6
9847,2003/10/23 3:00,15.7
9848,30,15.6
9849,2003/10/23 4:00,15.5
9850,30,15.45
9851,2003/10/23 5:00,15.4
9852,30,15.4
9853,2003/10/23 6:00,15.4
9854,30,15.55
9855,2003/10/23 7:00,15.7
9856,30,16.2
9857,2003/10/23 8:00,16.7
9858,30,17.6
9859,2003/10/23 9:00,18.5
9860,30,18.85
9861,2003/10/23 10:00,19.2
9862,30,20.05
9863,2003/10/23 11:00,20.9
9864,30,21.25
9865,2003/10/23 12:00,21.6
9866,30,22.2
9867,2003/10/23 13:00,22.8
9868,30,22.5
9869,2003/10/23 14:00,22.2
9870,30,21.8
9871,2003/10/23 15:00,21.4
9872,30,19.5
9873,2003/10/23 16:00,17.6
9874,30,17.55
9875,2003/10/23 17:00,17.5
9876,30,17.3
9877,2003/10/23 18:00,17.1
9878,30,16.6
9879,2003/10/23 19:00,16.1
9880,30,15.6
9881,2003/10/23 20:00,15.1
9882,30,14.8
9883,2003/10/23 21:00,14.5
9884,30,14.7
9885,2003/10/23 22:00,14.9
9886,30,14.25
9887,2003/10/23 23:00,13.6
9888,30,13.45
9889,2003/10/24 0:00,13.3
9890,30,13
9891,2003/10/24 1:00,12.7
9892,30,12.55
9893,2003/10/24 2:00,12.4
9894,30,12.2
9895,2003/10/24 3:00,12
9896,30,11.8
9897,2003/10/24 4:00,11.6
9898,30,11.3
9899,2003/10/24 5:00,11
9900,30,11.15
9901,2003/10/24 6:00,11.3
9902,30,11.4
9903,2003/10/24 7:00,11.5
9904,30,12.45
9905,2003/10/24 8:00,13.4
9906,30,14.25
9907,2003/10/24 9:00,15.1
9908,30,15.85
9909,2003/10/24 10:00,16.6
9910,30,17.3
9911,2003/10/24 11:00,18
9912,30,18.6
9913,2003/10/24 12:00,19.2
9914,30,19.1
9915,2003/10/24 13:00,19
9916,30,19
9917,2003/10/24 14:00,19
9918,30,19.1
9919,2003/10/24 15:00,19.2
9920,30,18.85
9921,2003/10/24 16:00,18.5
9922,30,17.4
9923,2003/10/24 17:00,16.3
9924,30,15.95
9925,2003/10/24 18:00,15.6
9926,30,15.75
9927,2003/10/24 19:00,15.9
9928,30,15.9
9929,2003/10/24 20:00,15.9
9930,30,15.85
9931,2003/10/24 21:00,15.8
9932,30,15
9933,2003/10/24 22:00,14.2
9934,30,13.6
9935,2003/10/24 23:00,13
9936,30,12.8
9937,2003/10/25 0:00,12.6
9938,30,12.45
9939,2003/10/25 1:00,12.3
9940,30,12.2
9941,2003/10/25 2:00,12.1
9942,30,12
9943,2003/10/25 3:00,11.9
9944,30,11.7
9945,2003/10/25 4:00,11.5
9946,30,11.4
9947,2003/10/25 5:00,11.3
9948,30,11.25
9949,2003/10/25 6:00,11.2
9950,30,11.2
9951,2003/10/25 7:00,11.2
9952,30,11.6
9953,2003/10/25 8:00,12
9954,30,12.65
9955,2003/10/25 9:00,13.3
9956,30,13.75
9957,2003/10/25 10:00,14.2
9958,30,14.45
9959,2003/10/25 11:00,14.7
9960,30,15.15
9961,2003/10/25 12:00,15.6
9962,30,15.85
9963,2003/10/25 13:00,16.1
9964,30,15.95
9965,2003/10/25 14:00,15.8
9966,30,15.9
9967,2003/10/25 15:00,16
9968,30,15.9
9969,2003/10/25 16:00,15.8
9970,30,15.6
9971,2003/10/25 17:00,15.4
9972,30,15.15
9973,2003/10/25 18:00,14.9
9974,30,14.6
9975,2003/10/25 19:00,14.3
9976,30,14.55
9977,2003/10/25 20:00,14.8
9978,30,14.8
9979,2003/10/25 21:00,14.8
9980,30,14.75
9981,2003/10/25 22:00,14.7
9982,30,14.35
9983,2003/10/25 23:00,14
9984,30,13.55
9985,2003/10/26 0:00,13.1
9986,30,12.8
9987,2003/10/26 1:00,12.5
9988,30,12.6
9989,2003/10/26 2:00,12.7
9990,30,12.65
9991,2003/10/26 3:00,12.6
9992,30,12.35
9993,2003/10/26 4:00,12.1
9994,30,12.2
9995,2003/10/26 5:00,12.3
9996,30,12.3
9997,2003/10/26 6:00,12.3
9998,30,12.6
9999,2003/10/26 7:00,12.9
10000,30,13.8
10001,2003/10/26 8:00,14.7
10002,30,15.75
10003,2003/10/26 9:00,16.8
10004,30,17.6
10005,2003/10/26 10:00,18.4
10006,30,18.95
10007,2003/10/26 11:00,19.5
10008,30,19.55
10009,2003/10/26 12:00,19.6
10010,30,19.75
10011,2003/10/26 13:00,19.9
10012,30,19.85
10013,2003/10/26 14:00,19.8
10014,30,19.7
10015,2003/10/26 15:00,19.6
10016,30,18.5
10017,2003/10/26 16:00,17.4
10018,30,16.6
10019,2003/10/26 17:00,15.8
10020,30,15.5
10021,2003/10/26 18:00,15.2
10022,30,15
10023,2003/10/26 19:00,14.8
10024,30,14.8
10025,2003/10/26 20:00,14.8
10026,30,14.8
10027,2003/10/26 21:00,14.8
10028,30,14.75
10029,2003/10/26 22:00,14.7
10030,30,14.75
10031,2003/10/26 23:00,14.8
10032,30,14.75
10033,2003/10/27 0:00,14.7
10034,30,14.5
10035,2003/10/27 1:00,14.3
10036,30,14.2
10037,2003/10/27 2:00,14.1
10038,30,13.9
10039,2003/10/27 3:00,13.7
10040,30,13.4
10041,2003/10/27 4:00,13.1
10042,30,13.2
10043,2003/10/27 5:00,13.3
10044,30,13.25
10045,2003/10/27 6:00,13.2
10046,30,13.3
10047,2003/10/27 7:00,13.4
10048,30,13.95
10049,2003/10/27 8:00,14.5
10050,30,15.1
10051,2003/10/27 9:00,15.7
10052,30,16.1
10053,2003/10/27 10:00,16.5
10054,30,17
10055,2003/10/27 11:00,17.5
10056,30,17.5
10057,2003/10/27 12:00,17.5
10058,30,17.65
10059,2003/10/27 13:00,17.8
10060,30,17.85
10061,2003/10/27 14:00,17.9
10062,30,17.55
10063,2003/10/27 15:00,17.2
10064,30,16.65
10065,2003/10/27 16:00,16.1
10066,30,15.7
10067,2003/10/27 17:00,15.3
10068,30,15.1
10069,2003/10/27 18:00,14.9
10070,30,14.55
10071,2003/10/27 19:00,14.2
10072,30,14.1
10073,2003/10/27 20:00,14
10074,30,13.75
10075,2003/10/27 21:00,13.5
10076,30,13.6
10077,2003/10/27 22:00,13.7
10078,30,13.5
10079,2003/10/27 23:00,13.3
10080,30,13.25
10081,2003/10/28 0:00,13.2
10082,30,13.3
10083,2003/10/28 1:00,13.4
10084,30,13.4
10085,2003/10/28 2:00,13.4
10086,30,13.6
10087,2003/10/28 3:00,13.8
10088,30,13.85
10089,2003/10/28 4:00,13.9
10090,30,13.75
10091,2003/10/28 5:00,13.6
10092,30,13.75
10093,2003/10/28 6:00,13.9
10094,30,13.75
10095,2003/10/28 7:00,13.6
10096,30,13.4
10097,2003/10/28 8:00,13.2
10098,30,13.1
10099,2003/10/28 9:00,13
10100,30,13.05
10101,2003/10/28 10:00,13.1
10102,30,13.15
10103,2003/10/28 11:00,13.2
10104,30,13.35
10105,2003/10/28 12:00,13.5
10106,30,13.45
10107,2003/10/28 13:00,13.4
10108,30,13.55
10109,2003/10/28 14:00,13.7
10110,30,13.75
10111,2003/10/28 15:00,13.8
10112,30,13.8
10113,2003/10/28 16:00,13.8
10114,30,13.85
10115,2003/10/28 17:00,13.9
10116,30,13.9
10117,2003/10/28 18:00,13.9
10118,30,14.05
10119,2003/10/28 19:00,14.2
10120,30,14.1
10121,2003/10/28 20:00,14
10122,30,14
10123,2003/10/28 21:00,14
10124,30,14.05
10125,2003/10/28 22:00,14.1
10126,30,14.2
10127,2003/10/28 23:00,14.3
10128,30,14.55
10129,2003/10/29 0:00,14.8
10130,30,14.35
10131,2003/10/29 1:00,13.9
10132,30,14.15
10133,2003/10/29 2:00,14.4
10134,30,14.3
10135,2003/10/29 3:00,14.2
10136,30,13.95
10137,2003/10/29 4:00,13.7
10138,30,13.5
10139,2003/10/29 5:00,13.3
10140,30,13.25
10141,2003/10/29 6:00,13.2
10142,30,13.5
10143,2003/10/29 7:00,13.8
10144,30,13.9
10145,2003/10/29 8:00,14
10146,30,15.05
10147,2003/10/29 9:00,16.1
10148,30,16.25
10149,2003/10/29 10:00,16.4
10150,30,17.8
10151,2003/10/29 11:00,19.2
10152,30,20.55
10153,2003/10/29 12:00,21.9
10154,30,22.4
10155,2003/10/29 13:00,22.9
10156,30,23.2
10157,2003/10/29 14:00,23.5
10158,30,22.6
10159,2003/10/29 15:00,21.7
10160,30,21
10161,2003/10/29 16:00,20.3
10162,30,19.4
10163,2003/10/29 17:00,18.5
10164,30,17.55
10165,2003/10/29 18:00,16.6
10166,30,16.1
10167,2003/10/29 19:00,15.6
10168,30,15
10169,2003/10/29 20:00,14.4
10170,30,14
10171,2003/10/29 21:00,13.6
10172,30,13.1
10173,2003/10/29 22:00,12.6
10174,30,12.7
10175,2003/10/29 23:00,12.8
10176,30,13.3
10177,2003/10/30 0:00,13.8
10178,30,14.15
10179,2003/10/30 1:00,14.5
10180,30,14.2
10181,2003/10/30 2:00,13.9
10182,30,12.85
10183,2003/10/30 3:00,11.8
10184,30,11.8
10185,2003/10/30 4:00,11.8
10186,30,11.45
10187,2003/10/30 5:00,11.1
10188,30,10.95
10189,2003/10/30 6:00,10.8
10190,30,11.85
10191,2003/10/30 7:00,12.9
10192,30,13.95
10193,2003/10/30 8:00,15
10194,30,16.8
10195,2003/10/30 9:00,18.6
10196,30,19.25
10197,2003/10/30 10:00,19.9
10198,30,20.25
10199,2003/10/30 11:00,20.6
10200,30,20.85
10201,2003/10/30 12:00,21.1
10202,30,21.55
10203,2003/10/30 13:00,22
10204,30,22.35
10205,2003/10/30 14:00,22.7
10206,30,22.85
10207,2003/10/30 15:00,23
10208,30,22.5
10209,2003/10/30 16:00,22
10210,30,21.15
10211,2003/10/30 17:00,20.3
10212,30,19.45
10213,2003/10/30 18:00,18.6
10214,30,17.85
10215,2003/10/30 19:00,17.1
10216,30,16.5
10217,2003/10/30 20:00,15.9
10218,30,15.35
10219,2003/10/30 21:00,14.8
10220,30,14.4
10221,2003/10/30 22:00,14
10222,30,13.25
10223,2003/10/30 23:00,12.5
10224,30,12
10225,2003/10/31 0:00,11.5
10226,30,11.05
10227,2003/10/31 1:00,10.6
10228,30,10.85
10229,2003/10/31 2:00,11.1
10230,30,11.5
10231,2003/10/31 3:00,11.9
10232,30,11.45
10233,2003/10/31 4:00,11
10234,30,10.55
10235,2003/10/31 5:00,10.1
10236,30,9.8
10237,2003/10/31 6:00,9.5
10238,30,9.4
10239,2003/10/31 7:00,9.3
10240,30,10.2
10241,2003/10/31 8:00,11.1
10242,30,12.3
10243,2003/10/31 9:00,13.5
10244,30,14.7
10245,2003/10/31 10:00,15.9
10246,30,16.55
10247,2003/10/31 11:00,17.2
10248,30,18.15
10249,2003/10/31 12:00,19.1
10250,30,19.15
10251,2003/10/31 13:00,19.2
10252,30,19.5
10253,2003/10/31 14:00,19.8
10254,30,20
10255,2003/10/31 15:00,20.2
10256,30,20.1
10257,2003/10/31 16:00,20
10258,30,18.95
10259,2003/10/31 17:00,17.9
10260,30,17.3
10261,2003/10/31 18:00,16.7
10262,30,16.4
10263,2003/10/31 19:00,16.1
10264,30,15.95
10265,2003/10/31 20:00,15.8
10266,30,15.75
10267,2003/10/31 21:00,15.7
10268,30,15.55
10269,2003/10/31 22:00,15.4
10270,30,15.15
10271,2003/10/31 23:00,14.9
10272,30,14.8
10273,2003/11/1 0:00,14.7
10274,30,14.5
10275,2003/11/1 1:00,14.3
10276,30,14
10277,2003/11/1 2:00,13.7
10278,30,13.45
10279,2003/11/1 3:00,13.2
10280,30,13.1
10281,2003/11/1 4:00,13
10282,30,13.05
10283,2003/11/1 5:00,13.1
10284,30,13.1
10285,2003/11/1 6:00,13.1
10286,30,13.2
10287,2003/11/1 7:00,13.3
10288,30,12.65
10289,2003/11/1 8:00,12
10290,30,12.4
10291,2003/11/1 9:00,12.8
10292,30,13.35
10293,2003/11/1 10:00,13.9
10294,30,14.65
10295,2003/11/1 11:00,15.4
10296,30,16.05
10297,2003/11/1 12:00,16.7
10298,30,16.85
10299,2003/11/1 13:00,17
10300,30,17.2
10301,2003/11/1 14:00,17.4
10302,30,17.6
10303,2003/11/1 15:00,17.8
10304,30,17.75
10305,2003/11/1 16:00,17.7
10306,30,17.6
10307,2003/11/1 17:00,17.5
10308,30,17.45
10309,2003/11/1 18:00,17.4
10310,30,17.35
10311,2003/11/1 19:00,17.3
10312,30,17.35
10313,2003/11/1 20:00,17.4
10314,30,17.4
10315,2003/11/1 21:00,17.4
10316,30,17.45
10317,2003/11/1 22:00,17.5
10318,30,17.3
10319,2003/11/1 23:00,17.1
10320,30,16.8
10321,2003/11/2 0:00,16.5
10322,30,15.95
10323,2003/11/2 1:00,15.4
10324,30,15.15
10325,2003/11/2 2:00,14.9
10326,30,14.55
10327,2003/11/2 3:00,14.2
10328,30,13.85
10329,2003/11/2 4:00,13.5
10330,30,13.55
10331,2003/11/2 5:00,13.6
10332,30,13.35
10333,2003/11/2 6:00,13.1
10334,30,13.15
10335,2003/11/2 7:00,13.2
10336,30,14.25
10337,2003/11/2 8:00,15.3
10338,30,16.2
10339,2003/11/2 9:00,17.1
10340,30,18.25
10341,2003/11/2 10:00,19.4
10342,30,20.35
10343,2003/11/2 11:00,21.3
10344,30,21.55
10345,2003/11/2 12:00,21.8
10346,30,22.25
10347,2003/11/2 13:00,22.7
10348,30,22.55
10349,2003/11/2 14:00,22.4
10350,30,22.45
10351,2003/11/2 15:00,22.5
10352,30,22.2
10353,2003/11/2 16:00,21.9
10354,30,21.2
10355,2003/11/2 17:00,20.5
10356,30,19.85
10357,2003/11/2 18:00,19.2
10358,30,18.7
10359,2003/11/2 19:00,18.2
10360,30,17.7
10361,2003/11/2 20:00,17.2
10362,30,16.9
10363,2003/11/2 21:00,16.6
10364,30,16.4
10365,2003/11/2 22:00,16.2
10366,30,15.9
10367,2003/11/2 23:00,15.6
10368,30,15.45
10369,2003/11/3 0:00,15.3
10370,30,15.1
10371,2003/11/3 1:00,14.9
10372,30,14.6
10373,2003/11/3 2:00,14.3
10374,30,13.85
10375,2003/11/3 3:00,13.4
10376,30,13.4
10377,2003/11/3 4:00,13.4
10378,30,13.25
10379,2003/11/3 5:00,13.1
10380,30,12.95
10381,2003/11/3 6:00,12.8
10382,30,12.85
10383,2003/11/3 7:00,12.9
10384,30,13.15
10385,2003/11/3 8:00,13.4
10386,30,13.85
10387,2003/11/3 9:00,14.3
10388,30,14.8
10389,2003/11/3 10:00,15.3
10390,30,15.65
10391,2003/11/3 11:00,16
10392,30,16.35
10393,2003/11/3 12:00,16.7
10394,30,16.9
10395,2003/11/3 13:00,17.1
10396,30,17.05
10397,2003/11/3 14:00,17
10398,30,16.95
10399,2003/11/3 15:00,16.9
10400,30,16.7
10401,2003/11/3 16:00,16.5
10402,30,16.45
10403,2003/11/3 17:00,16.4
10404,30,16.5
10405,2003/11/3 18:00,16.6
10406,30,16.6
10407,2003/11/3 19:00,16.6
10408,30,16.55
10409,2003/11/3 20:00,16.5
10410,30,16.45
10411,2003/11/3 21:00,16.4
10412,30,16.5
10413,2003/11/3 22:00,16.6
10414,30,16.55
10415,2003/11/3 23:00,16.5
10416,30,16.4
10417,2003/11/4 0:00,16.3
10418,30,16.25
10419,2003/11/4 1:00,16.2
10420,30,16.15
10421,2003/11/4 2:00,16.1
10422,30,16.2
10423,2003/11/4 3:00,16.3
10424,30,16.3
10425,2003/11/4 4:00,16.3
10426,30,16.05
10427,2003/11/4 5:00,15.8
10428,30,15.55
10429,2003/11/4 6:00,15.3
10430,30,15.65
10431,2003/11/4 7:00,16
10432,30,16.25
10433,2003/11/4 8:00,16.5
10434,30,17.6
10435,2003/11/4 9:00,18.7
10436,30,19.45
10437,2003/11/4 10:00,20.2
10438,30,20.6
10439,2003/11/4 11:00,21
10440,30,21
10441,2003/11/4 12:00,21
10442,30,21.4
10443,2003/11/4 13:00,21.8
10444,30,21.9
10445,2003/11/4 14:00,22
10446,30,20.85
10447,2003/11/4 15:00,19.7
10448,30,19.35
10449,2003/11/4 16:00,19
10450,30,18.4
10451,2003/11/4 17:00,17.8
10452,30,16.95
10453,2003/11/4 18:00,16.1
10454,30,15.55
10455,2003/11/4 19:00,15
10456,30,14.85
10457,2003/11/4 20:00,14.7
10458,30,14.55
10459,2003/11/4 21:00,14.4
10460,30,14.55
10461,2003/11/4 22:00,14.7
10462,30,14.7
10463,2003/11/4 23:00,14.7
10464,30,14.35
10465,2003/11/5 0:00,14
10466,30,13.7
10467,2003/11/5 1:00,13.4
10468,30,13.6
10469,2003/11/5 2:00,13.8
10470,30,13.75
10471,2003/11/5 3:00,13.7
10472,30,13.5
10473,2003/11/5 4:00,13.3
10474,30,13.25
10475,2003/11/5 5:00,13.2
10476,30,13.05
10477,2003/11/5 6:00,12.9
10478,30,13
10479,2003/11/5 7:00,13.1
10480,30,13.65
10481,2003/11/5 8:00,14.2
10482,30,14.8
10483,2003/11/5 9:00,15.4
10484,30,16.2
10485,2003/11/5 10:00,17
10486,30,17.8
10487,2003/11/5 11:00,18.6
10488,30,18.8
10489,2003/11/5 12:00,19
10490,30,19.3
10491,2003/11/5 13:00,19.6
10492,30,19.45
10493,2003/11/5 14:00,19.3
10494,30,19.45
10495,2003/11/5 15:00,19.6
10496,30,19.35
10497,2003/11/5 16:00,19.1
10498,30,19
10499,2003/11/5 17:00,18.9
10500,30,18.7
10501,2003/11/5 18:00,18.5
10502,30,17.8
10503,2003/11/5 19:00,17.1
10504,30,17.05
10505,2003/11/5 20:00,17
10506,30,16.3
10507,2003/11/5 21:00,15.6
10508,30,15.3
10509,2003/11/5 22:00,15
10510,30,14.95
10511,2003/11/5 23:00,14.9
10512,30,14.75
10513,2003/11/6 0:00,14.6
10514,30,14.25
10515,2003/11/6 1:00,13.9
10516,30,13.9
10517,2003/11/6 2:00,13.9
10518,30,13.85
10519,2003/11/6 3:00,13.8
10520,30,13.8
10521,2003/11/6 4:00,13.8
10522,30,13.8
10523,2003/11/6 5:00,13.8
10524,30,13.85
10525,2003/11/6 6:00,13.9
10526,30,14
10527,2003/11/6 7:00,14.1
10528,30,14.25
10529,2003/11/6 8:00,14.4
10530,30,14.85
10531,2003/11/6 9:00,15.3
10532,30,15.5
10533,2003/11/6 10:00,15.7
10534,30,16.3
10535,2003/11/6 11:00,16.9
10536,30,17
10537,2003/11/6 12:00,17.1
10538,30,17.6
10539,2003/11/6 13:00,18.1
10540,30,19.05
10541,2003/11/6 14:00,20
10542,30,20.3
10543,2003/11/6 15:00,20.6
10544,30,20.25
10545,2003/11/6 16:00,19.9
10546,30,19.05
10547,2003/11/6 17:00,18.2
10548,30,18.05
10549,2003/11/6 18:00,17.9
10550,30,17.9
10551,2003/11/6 19:00,17.9
10552,30,17.25
10553,2003/11/6 20:00,16.6
10554,30,16.15
10555,2003/11/6 21:00,15.7
10556,30,15.55
10557,2003/11/6 22:00,15.4
10558,30,15.1
10559,2003/11/6 23:00,14.8
10560,30,14.65
10561,2003/11/7 0:00,14.5
10562,30,14.75
10563,2003/11/7 1:00,15
10564,30,15.05
10565,2003/11/7 2:00,15.1
10566,30,15.4
10567,2003/11/7 3:00,15.7
10568,30,15.7
10569,2003/11/7 4:00,15.7
10570,30,15.55
10571,2003/11/7 5:00,15.4
10572,30,15.2
10573,2003/11/7 6:00,15
10574,30,14.95
10575,2003/11/7 7:00,14.9
10576,30,15.15
10577,2003/11/7 8:00,15.4
10578,30,15.95
10579,2003/11/7 9:00,16.5
10580,30,17.05
10581,2003/11/7 10:00,17.6
10582,30,18.15
10583,2003/11/7 11:00,18.7
10584,30,18.85
10585,2003/11/7 12:00,19
10586,30,19.55
10587,2003/11/7 13:00,20.1
10588,30,20.3
10589,2003/11/7 14:00,20.5
10590,30,20.5
10591,2003/11/7 15:00,20.5
10592,30,20.3
10593,2003/11/7 16:00,20.1
10594,30,19.95
10595,2003/11/7 17:00,19.8
10596,30,19.45
10597,2003/11/7 18:00,19.1
10598,30,18.75
10599,2003/11/7 19:00,18.4
10600,30,17.95
10601,2003/11/7 20:00,17.5
10602,30,17.25
10603,2003/11/7 21:00,17
10604,30,16.35
10605,2003/11/7 22:00,15.7
10606,30,15.85
10607,2003/11/7 23:00,16
10608,30,15.8
10609,2003/11/8 0:00,15.6
10610,30,15.45
10611,2003/11/8 1:00,15.3
10612,30,15.55
10613,2003/11/8 2:00,15.8
10614,30,15.6
10615,2003/11/8 3:00,15.4
10616,30,14.95
10617,2003/11/8 4:00,14.5
10618,30,14.2
10619,2003/11/8 5:00,13.9
10620,30,13.6
10621,2003/11/8 6:00,13.3
10622,30,13.7
10623,2003/11/8 7:00,14.1
10624,30,14.95
10625,2003/11/8 8:00,15.8
10626,30,16.7
10627,2003/11/8 9:00,17.6
10628,30,18.45
10629,2003/11/8 10:00,19.3
10630,30,19.75
10631,2003/11/8 11:00,20.2
10632,30,20.45
10633,2003/11/8 12:00,20.7
10634,30,21.05
10635,2003/11/8 13:00,21.4
10636,30,21.55
10637,2003/11/8 14:00,21.7
10638,30,21.25
10639,2003/11/8 15:00,20.8
10640,30,19.95
10641,2003/11/8 16:00,19.1
10642,30,18.2
10643,2003/11/8 17:00,17.3
10644,30,16.7
10645,2003/11/8 18:00,16.1
10646,30,16.05
10647,2003/11/8 19:00,16
10648,30,16.05
10649,2003/11/8 20:00,16.1
10650,30,16.1
10651,2003/11/8 21:00,16.1
10652,30,16.05
10653,2003/11/8 22:00,16
10654,30,15.95
10655,2003/11/8 23:00,15.9
10656,30,15.85
10657,2003/11/9 0:00,15.8
10658,30,15.8
10659,2003/11/9 1:00,15.8
10660,30,15.8
10661,2003/11/9 2:00,15.8
10662,30,15.85
10663,2003/11/9 3:00,15.9
10664,30,15.75
10665,2003/11/9 4:00,15.6
10666,30,15.5
10667,2003/11/9 5:00,15.4
10668,30,15.25
10669,2003/11/9 6:00,15.1
10670,30,15
10671,2003/11/9 7:00,14.9
10672,30,14.95
10673,2003/11/9 8:00,15
10674,30,15.15
10675,2003/11/9 9:00,15.3
10676,30,15.4
10677,2003/11/9 10:00,15.5
10678,30,15.5
10679,2003/11/9 11:00,15.5
10680,30,15.4
10681,2003/11/9 12:00,15.3
10682,30,15.05
10683,2003/11/9 13:00,14.8
10684,30,14.65
10685,2003/11/9 14:00,14.5
10686,30,14.1
10687,2003/11/9 15:00,13.7
10688,30,13.9
10689,2003/11/9 16:00,14.1
10690,30,13.95
10691,2003/11/9 17:00,13.8
10692,30,13.4
10693,2003/11/9 18:00,13
10694,30,13.1
10695,2003/11/9 19:00,13.2
10696,30,13.2
10697,2003/11/9 20:00,13.2
10698,30,13.05
10699,2003/11/9 21:00,12.9
10700,30,12.9
10701,2003/11/9 22:00,12.9
10702,30,12.8
10703,2003/11/9 23:00,12.7
10704,30,12.4
10705,2003/11/10 0:00,12.1
10706,30,11.9
10707,2003/11/10 1:00,11.7
10708,30,11.65
10709,2003/11/10 2:00,11.6
10710,30,11.5
10711,2003/11/10 3:00,11.4
10712,30,11.35
10713,2003/11/10 4:00,11.3
10714,30,11.25
10715,2003/11/10 5:00,11.2
10716,30,11.1
10717,2003/11/10 6:00,11
10718,30,10.9
10719,2003/11/10 7:00,10.8
10720,30,10.95
10721,2003/11/10 8:00,11.1
10722,30,11.15
10723,2003/11/10 9:00,11.2
10724,30,11.25
10725,2003/11/10 10:00,11.3
10726,30,11.35
10727,2003/11/10 11:00,11.4
10728,30,11.25
10729,2003/11/10 12:00,11.1
10730,30,10.95
10731,2003/11/10 13:00,10.8
10732,30,10.8
10733,2003/11/10 14:00,10.8
10734,30,10.75
10735,2003/11/10 15:00,10.7
10736,30,10.65
10737,2003/11/10 16:00,10.6
10738,30,10.5
10739,2003/11/10 17:00,10.4
10740,30,10.15
10741,2003/11/10 18:00,9.9
10742,30,9.9
10743,2003/11/10 19:00,9.9
10744,30,9.75
10745,2003/11/10 20:00,9.6
10746,30,9.6
10747,2003/11/10 21:00,9.6
10748,30,9.4
10749,2003/11/10 22:00,9.2
10750,30,9.15
10751,2003/11/10 23:00,9.1
10752,30,9.05
10753,2003/11/11 0:00,9
10754,30,9.05
10755,2003/11/11 1:00,9.1
10756,30,9.1
10757,2003/11/11 2:00,9.1
10758,30,9.1
10759,2003/11/11 3:00,9.1
10760,30,9.1
10761,2003/11/11 4:00,9.1
10762,30,9.2
10763,2003/11/11 5:00,9.3
10764,30,9.3
10765,2003/11/11 6:00,9.3
10766,30,9.4
10767,2003/11/11 7:00,9.5
10768,30,9.55
10769,2003/11/11 8:00,9.6
10770,30,9.8
10771,2003/11/11 9:00,10
10772,30,10.1
10773,2003/11/11 10:00,10.2
10774,30,10.4
10775,2003/11/11 11:00,10.6
10776,30,10.7
10777,2003/11/11 12:00,10.8
10778,30,10.85
10779,2003/11/11 13:00,10.9
10780,30,10.95
10781,2003/11/11 14:00,11
10782,30,11.1
10783,2003/11/11 15:00,11.2
10784,30,11.35
10785,2003/11/11 16:00,11.5
10786,30,11.6
10787,2003/11/11 17:00,11.7
10788,30,11.7
10789,2003/11/11 18:00,11.7
10790,30,11.65
10791,2003/11/11 19:00,11.6
10792,30,11.6
10793,2003/11/11 20:00,11.6
10794,30,11.5
10795,2003/11/11 21:00,11.4
10796,30,11.4
10797,2003/11/11 22:00,11.4
10798,30,11.35
10799,2003/11/11 23:00,11.3
10800,30,11.3
10801,2003/11/12 0:00,11.3
10802,30,11.25
10803,2003/11/12 1:00,11.2
10804,30,11.1
10805,2003/11/12 2:00,11
10806,30,10.8
10807,2003/11/12 3:00,10.6
10808,30,10.55
10809,2003/11/12 4:00,10.5
10810,30,10.45
10811,2003/11/12 5:00,10.4
10812,30,10.35
10813,2003/11/12 6:00,10.3
10814,30,10.4
10815,2003/11/12 7:00,10.5
10816,30,10.75
10817,2003/11/12 8:00,11
10818,30,12.15
10819,2003/11/12 9:00,13.3
10820,30,13.95
10821,2003/11/12 10:00,14.6
10822,30,15.15
10823,2003/11/12 11:00,15.7
10824,30,16.2
10825,2003/11/12 12:00,16.7
10826,30,16.5
10827,2003/11/12 13:00,16.3
10828,30,16.45
10829,2003/11/12 14:00,16.6
10830,30,16.5
10831,2003/11/12 15:00,16.4
10832,30,15.95
10833,2003/11/12 16:00,15.5
10834,30,14.9
10835,2003/11/12 17:00,14.3
10836,30,13.95
10837,2003/11/12 18:00,13.6
10838,30,13.45
10839,2003/11/12 19:00,13.3
10840,30,13.1
10841,2003/11/12 20:00,12.9
10842,30,12.75
10843,2003/11/12 21:00,12.6
10844,30,12.45
10845,2003/11/12 22:00,12.3
10846,30,12.05
10847,2003/11/12 23:00,11.8
10848,30,11.85
10849,2003/11/13 0:00,11.9
10850,30,11.9
10851,2003/11/13 1:00,11.9
10852,30,11.65
10853,2003/11/13 2:00,11.4
10854,30,11.3
10855,2003/11/13 3:00,11.2
10856,30,11.05
10857,2003/11/13 4:00,10.9
10858,30,10.8
10859,2003/11/13 5:00,10.7
10860,30,10.55
10861,2003/11/13 6:00,10.4
10862,30,10.3
10863,2003/11/13 7:00,10.2
10864,30,10.6
10865,2003/11/13 8:00,11
10866,30,11.65
10867,2003/11/13 9:00,12.3
10868,30,12.85
10869,2003/11/13 10:00,13.4
10870,30,13.6
10871,2003/11/13 11:00,13.8
10872,30,13.7
10873,2003/11/13 12:00,13.6
10874,30,13.65
10875,2003/11/13 13:00,13.7
10876,30,13.7
10877,2003/11/13 14:00,13.7
10878,30,14
10879,2003/11/13 15:00,14.3
10880,30,14.1
10881,2003/11/13 16:00,13.9
10882,30,13.4
10883,2003/11/13 17:00,12.9
10884,30,12.5
10885,2003/11/13 18:00,12.1
10886,30,11.65
10887,2003/11/13 19:00,11.2
10888,30,10.85
10889,2003/11/13 20:00,10.5
10890,30,10.1
10891,2003/11/13 21:00,9.7
10892,30,9.65
10893,2003/11/13 22:00,9.6
10894,30,9.55
10895,2003/11/13 23:00,9.5
10896,30,9.25
10897,2003/11/14 0:00,9
10898,30,8.55
10899,2003/11/14 1:00,8.1
10900,30,7.9
10901,2003/11/14 2:00,7.7
10902,30,7.7
10903,2003/11/14 3:00,7.7
10904,30,7
10905,2003/11/14 4:00,6.3
10906,30,6.5
10907,2003/11/14 5:00,6.7
10908,30,7
10909,2003/11/14 6:00,7.3
10910,30,7.05
10911,2003/11/14 7:00,6.8
10912,30,7.4
10913,2003/11/14 8:00,8
10914,30,9.1
10915,2003/11/14 9:00,10.2
10916,30,11.3
10917,2003/11/14 10:00,12.4
10918,30,13
10919,2003/11/14 11:00,13.6
10920,30,14.3
10921,2003/11/14 12:00,15
10922,30,14.85
10923,2003/11/14 13:00,14.7
10924,30,14.95
10925,2003/11/14 14:00,15.2
10926,30,15.05
10927,2003/11/14 15:00,14.9
10928,30,14.7
10929,2003/11/14 16:00,14.5
10930,30,13.75
10931,2003/11/14 17:00,13
10932,30,12.3
10933,2003/11/14 18:00,11.6
10934,30,11.45
10935,2003/11/14 19:00,11.3
10936,30,10.6
10937,2003/11/14 20:00,9.9
10938,30,9.65
10939,2003/11/14 21:00,9.4
10940,30,8.75
10941,2003/11/14 22:00,8.1
10942,30,7.9
10943,2003/11/14 23:00,7.7
10944,30,7.45
10945,2003/11/15 0:00,7.2
10946,30,7.25
10947,2003/11/15 1:00,7.3
10948,30,7.3
10949,2003/11/15 2:00,7.3
10950,30,7.5
10951,2003/11/15 3:00,7.7
10952,30,7.85
10953,2003/11/15 4:00,8
10954,30,8.1
10955,2003/11/15 5:00,8.2
10956,30,8.15
10957,2003/11/15 6:00,8.1
10958,30,8.25
10959,2003/11/15 7:00,8.4
10960,30,8.55
10961,2003/11/15 8:00,8.7
10962,30,8.95
10963,2003/11/15 9:00,9.2
10964,30,10
10965,2003/11/15 10:00,10.8
10966,30,11.1
10967,2003/11/15 11:00,11.4
10968,30,11.9
10969,2003/11/15 12:00,12.4
10970,30,12.65
10971,2003/11/15 13:00,12.9
10972,30,13.25
10973,2003/11/15 14:00,13.6
10974,30,13.9
10975,2003/11/15 15:00,14.2
10976,30,14.45
10977,2003/11/15 16:00,14.7
10978,30,14.75
10979,2003/11/15 17:00,14.8
10980,30,14.65
10981,2003/11/15 18:00,14.5
10982,30,14.8
10983,2003/11/15 19:00,15.1
10984,30,14.95
10985,2003/11/15 20:00,14.8
10986,30,14.4
10987,2003/11/15 21:00,14
10988,30,13.4
10989,2003/11/15 22:00,12.8
10990,30,12.5
10991,2003/11/15 23:00,12.2
10992,30,12.4
10993,2003/11/16 0:00,12.6
10994,30,12.3
10995,2003/11/16 1:00,12
10996,30,11.95
10997,2003/11/16 2:00,11.9
10998,30,11.85
10999,2003/11/16 3:00,11.8
11000,30,11.4
11001,2003/11/16 4:00,11
11002,30,10.75
11003,2003/11/16 5:00,10.5
11004,30,10.45
11005,2003/11/16 6:00,10.4
11006,30,10.4
11007,2003/11/16 7:00,10.4
11008,30,11.2
11009,2003/11/16 8:00,12
11010,30,13.35
11011,2003/11/16 9:00,14.7
11012,30,15.8
11013,2003/11/16 10:00,16.9
11014,30,19.15
11015,2003/11/16 11:00,21.4
11016,30,22.75
11017,2003/11/16 12:00,24.1
11018,30,24.2
11019,2003/11/16 13:00,24.3
11020,30,24.5
11021,2003/11/16 14:00,24.7
11022,30,24.5
11023,2003/11/16 15:00,24.3
11024,30,23.85
11025,2003/11/16 16:00,23.4
11026,30,22.75
11027,2003/11/16 17:00,22.1
11028,30,21.55
11029,2003/11/16 18:00,21
11030,30,19.5
11031,2003/11/16 19:00,18
11032,30,17.25
11033,2003/11/16 20:00,16.5
11034,30,15.5
11035,2003/11/16 21:00,14.5
11036,30,15.05
11037,2003/11/16 22:00,15.6
11038,30,15.2
11039,2003/11/16 23:00,14.8
11040,30,14.35
11041,2003/11/17 0:00,13.9
11042,30,14.05
11043,2003/11/17 1:00,14.2
11044,30,13.5
11045,2003/11/17 2:00,12.8
11046,30,12.65
11047,2003/11/17 3:00,12.5
11048,30,12.25
11049,2003/11/17 4:00,12
11050,30,11.8
11051,2003/11/17 5:00,11.6
11052,30,11.3
11053,2003/11/17 6:00,11
11054,30,11.2
11055,2003/11/17 7:00,11.4
11056,30,12
11057,2003/11/17 8:00,12.6
11058,30,13.2
11059,2003/11/17 9:00,13.8
11060,30,14.2
11061,2003/11/17 10:00,14.6
11062,30,14.95
11063,2003/11/17 11:00,15.3
11064,30,15.85
11065,2003/11/17 12:00,16.4
11066,30,16.35
11067,2003/11/17 13:00,16.3
11068,30,16.05
11069,2003/11/17 14:00,15.8
11070,30,15.15
11071,2003/11/17 15:00,14.5
11072,30,14
11073,2003/11/17 16:00,13.5
11074,30,12.9
11075,2003/11/17 17:00,12.3
11076,30,12
11077,2003/11/17 18:00,11.7
11078,30,11.4
11079,2003/11/17 19:00,11.1
11080,30,11
11081,2003/11/17 20:00,10.9
11082,30,10.55
11083,2003/11/17 21:00,10.2
11084,30,10
11085,2003/11/17 22:00,9.8
11086,30,9.45
11087,2003/11/17 23:00,9.1
11088,30,8.75
11089,2003/11/18 0:00,8.4
11090,30,8.2
11091,2003/11/18 1:00,8
11092,30,7.55
11093,2003/11/18 2:00,7.1
11094,30,6.3
11095,2003/11/18 3:00,5.5
11096,30,5.05
11097,2003/11/18 4:00,4.6
11098,30,4.3
11099,2003/11/18 5:00,4
11100,30,3.7
11101,2003/11/18 6:00,3.4
11102,30,3.9
11103,2003/11/18 7:00,4.4
11104,30,5.25
11105,2003/11/18 8:00,6.1
11106,30,7.55
11107,2003/11/18 9:00,9
11108,30,9.9
11109,2003/11/18 10:00,10.8
11110,30,11.8
11111,2003/11/18 11:00,12.8
11112,30,13.15
11113,2003/11/18 12:00,13.5
11114,30,13.85
11115,2003/11/18 13:00,14.2
11116,30,14.4
11117,2003/11/18 14:00,14.6
11118,30,14.7
11119,2003/11/18 15:00,14.8
11120,30,14.6
11121,2003/11/18 16:00,14.4
11122,30,14.2
11123,2003/11/18 17:00,14
11124,30,13.7
11125,2003/11/18 18:00,13.4
11126,30,12.85
11127,2003/11/18 19:00,12.3
11128,30,11.8
11129,2003/11/18 20:00,11.3
11130,30,11.1
11131,2003/11/18 21:00,10.9
11132,30,10.9
11133,2003/11/18 22:00,10.9
11134,30,10.3
11135,2003/11/18 23:00,9.7
11136,30,9.5
11137,2003/11/19 0:00,9.3
11138,30,9
11139,2003/11/19 1:00,8.7
11140,30,8.55
11141,2003/11/19 2:00,8.4
11142,30,8.25
11143,2003/11/19 3:00,8.1
11144,30,7.95
11145,2003/11/19 4:00,7.8
11146,30,7.7
11147,2003/11/19 5:00,7.6
11148,30,7.55
11149,2003/11/19 6:00,7.5
11150,30,7.65
11151,2003/11/19 7:00,7.8
11152,30,8.25
11153,2003/11/19 8:00,8.7
11154,30,9.15
11155,2003/11/19 9:00,9.6
11156,30,10.25
11157,2003/11/19 10:00,10.9
11158,30,11.75
11159,2003/11/19 11:00,12.6
11160,30,13.15
11161,2003/11/19 12:00,13.7
11162,30,14.15
11163,2003/11/19 13:00,14.6
11164,30,15.25
11165,2003/11/19 14:00,15.9
11166,30,15.75
11167,2003/11/19 15:00,15.6
11168,30,15.2
11169,2003/11/19 16:00,14.8
11170,30,14.05
11171,2003/11/19 17:00,13.3
11172,30,13.15
11173,2003/11/19 18:00,13
11174,30,12.65
11175,2003/11/19 19:00,12.3
11176,30,12.1
11177,2003/11/19 20:00,11.9
11178,30,11.7
11179,2003/11/19 21:00,11.5
11180,30,11.75
11181,2003/11/19 22:00,12
11182,30,11.8
11183,2003/11/19 23:00,11.6
11184,30,11.5
11185,2003/11/20 0:00,11.4
11186,30,11.25
11187,2003/11/20 1:00,11.1
11188,30,11
11189,2003/11/20 2:00,10.9
11190,30,10.75
11191,2003/11/20 3:00,10.6
11192,30,10.45
11193,2003/11/20 4:00,10.3
11194,30,10.35
11195,2003/11/20 5:00,10.4
11196,30,9.95
11197,2003/11/20 6:00,9.5
11198,30,9.55
11199,2003/11/20 7:00,9.6
11200,30,9.6
11201,2003/11/20 8:00,9.6
11202,30,9.45
11203,2003/11/20 9:00,9.3
11204,30,9.35
11205,2003/11/20 10:00,9.4
11206,30,9.65
11207,2003/11/20 11:00,9.9
11208,30,9.95
11209,2003/11/20 12:00,10
11210,30,9.9
11211,2003/11/20 13:00,9.8
11212,30,9.9
11213,2003/11/20 14:00,10
11214,30,10.15
11215,2003/11/20 15:00,10.3
11216,30,10.4
11217,2003/11/20 16:00,10.5
11218,30,10.55
11219,2003/11/20 17:00,10.6
11220,30,10.65
11221,2003/11/20 18:00,10.7
11222,30,10.7
11223,2003/11/20 19:00,10.7
11224,30,10.75
11225,2003/11/20 20:00,10.8
11226,30,10.75
11227,2003/11/20 21:00,10.7
11228,30,10.65
11229,2003/11/20 22:00,10.6
11230,30,10.6
11231,2003/11/20 23:00,10.6
11232,30,10.55
11233,2003/11/21 0:00,10.5
11234,30,10.5
11235,2003/11/21 1:00,10.5
11236,30,10.55
11237,2003/11/21 2:00,10.6
11238,30,10.7
11239,2003/11/21 3:00,10.8
11240,30,10.8
11241,2003/11/21 4:00,10.8
11242,30,10.9
11243,2003/11/21 5:00,11
11244,30,11.15
11245,2003/11/21 6:00,11.3
11246,30,11.5
11247,2003/11/21 7:00,11.7
11248,30,12.15
11249,2003/11/21 8:00,12.6
11250,30,13.35
11251,2003/11/21 9:00,14.1
11252,30,15.65
11253,2003/11/21 10:00,17.2
11254,30,18.4
11255,2003/11/21 11:00,19.6
11256,30,20.25
11257,2003/11/21 12:00,20.9
11258,30,21.25
11259,2003/11/21 13:00,21.6
11260,30,21.8
11261,2003/11/21 14:00,22
11262,30,22.05
11263,2003/11/21 15:00,22.1
11264,30,21.9
11265,2003/11/21 16:00,21.7
11266,30,20.95
11267,2003/11/21 17:00,20.2
11268,30,19.55
11269,2003/11/21 18:00,18.9
11270,30,18.5
11271,2003/11/21 19:00,18.1
11272,30,17.95
11273,2003/11/21 20:00,17.8
11274,30,17.1
11275,2003/11/21 21:00,16.4
11276,30,15.95
11277,2003/11/21 22:00,15.5
11278,30,15.1
11279,2003/11/21 23:00,14.7
11280,30,14.6
11281,2003/11/22 0:00,14.5
11282,30,14.4
11283,2003/11/22 1:00,14.3
11284,30,13.4
11285,2003/11/22 2:00,12.5
11286,30,12
11287,2003/11/22 3:00,11.5
11288,30,11.2
11289,2003/11/22 4:00,10.9
11290,30,10.85
11291,2003/11/22 5:00,10.8
11292,30,10.85
11293,2003/11/22 6:00,10.9
11294,30,11.5
11295,2003/11/22 7:00,12.1
11296,30,12.75
11297,2003/11/22 8:00,13.4
11298,30,14.55
11299,2003/11/22 9:00,15.7
11300,30,16.05
11301,2003/11/22 10:00,16.4
11302,30,16.7
11303,2003/11/22 11:00,17
11304,30,17.25
11305,2003/11/22 12:00,17.5
11306,30,17.5
11307,2003/11/22 13:00,17.5
11308,30,17.2
11309,2003/11/22 14:00,16.9
11310,30,16.25
11311,2003/11/22 15:00,15.6
11312,30,15.3
11313,2003/11/22 16:00,15
11314,30,14.55
11315,2003/11/22 17:00,14.1
11316,30,13.85
11317,2003/11/22 18:00,13.6
11318,30,13.15
11319,2003/11/22 19:00,12.7
11320,30,12.2
11321,2003/11/22 20:00,11.7
11322,30,11
11323,2003/11/22 21:00,10.3
11324,30,9.85
11325,2003/11/22 22:00,9.4
11326,30,9.15
11327,2003/11/22 23:00,8.9
11328,30,8.45
11329,2003/11/23 0:00,8
11330,30,8.55
11331,2003/11/23 1:00,9.1
11332,30,8.15
11333,2003/11/23 2:00,7.2
11334,30,7.4
11335,2003/11/23 3:00,7.6
11336,30,7.65
11337,2003/11/23 4:00,7.7
11338,30,7.4
11339,2003/11/23 5:00,7.1
11340,30,7.05
11341,2003/11/23 6:00,7
11342,30,7.2
11343,2003/11/23 7:00,7.4
11344,30,7.8
11345,2003/11/23 8:00,8.2
11346,30,8.9
11347,2003/11/23 9:00,9.6
11348,30,10.05
11349,2003/11/23 10:00,10.5
11350,30,10.7
11351,2003/11/23 11:00,10.9
11352,30,11.3
11353,2003/11/23 12:00,11.7
11354,30,11.65
11355,2003/11/23 13:00,11.6
11356,30,11.65
11357,2003/11/23 14:00,11.7
11358,30,11.4
11359,2003/11/23 15:00,11.1
11360,30,10.8
11361,2003/11/23 16:00,10.5
11362,30,10.2
11363,2003/11/23 17:00,9.9
11364,30,9.9
11365,2003/11/23 18:00,9.9
11366,30,9.85
11367,2003/11/23 19:00,9.8
11368,30,9.75
11369,2003/11/23 20:00,9.7
11370,30,9.55
11371,2003/11/23 21:00,9.4
11372,30,9.1
11373,2003/11/23 22:00,8.8
11374,30,8.3
11375,2003/11/23 23:00,7.8
11376,30,7.75
11377,2003/11/24 0:00,7.7
11378,30,7.75
11379,2003/11/24 1:00,7.8
11380,30,7.7
11381,2003/11/24 2:00,7.6
11382,30,7.45
11383,2003/11/24 3:00,7.3
11384,30,7.3
11385,2003/11/24 4:00,7.3
11386,30,7.35
11387,2003/11/24 5:00,7.4
11388,30,7.5
11389,2003/11/24 6:00,7.6
11390,30,7.75
11391,2003/11/24 7:00,7.9
11392,30,8.1
11393,2003/11/24 8:00,8.3
11394,30,8.6
11395,2003/11/24 9:00,8.9
11396,30,9.25
11397,2003/11/24 10:00,9.6
11398,30,10.05
11399,2003/11/24 11:00,10.5
11400,30,10.45
11401,2003/11/24 12:00,10.4
11402,30,10.7
11403,2003/11/24 13:00,11
11404,30,11
11405,2003/11/24 14:00,11
11406,30,10.95
11407,2003/11/24 15:00,10.9
11408,30,10.9
11409,2003/11/24 16:00,10.9
11410,30,10.85
11411,2003/11/24 17:00,10.8
11412,30,10.75
11413,2003/11/24 18:00,10.7
11414,30,10.65
11415,2003/11/24 19:00,10.6
11416,30,10.55
11417,2003/11/24 20:00,10.5
11418,30,10.4
11419,2003/11/24 21:00,10.3
11420,30,9.75
11421,2003/11/24 22:00,9.2
11422,30,9.05
11423,2003/11/24 23:00,8.9
11424,30,8.9
11425,2003/11/25 0:00,8.9
11426,30,8.8
11427,2003/11/25 1:00,8.7
11428,30,8.65
11429,2003/11/25 2:00,8.6
11430,30,8.5
11431,2003/11/25 3:00,8.4
11432,30,8.4
11433,2003/11/25 4:00,8.4
11434,30,8.45
11435,2003/11/25 5:00,8.5
11436,30,8.5
11437,2003/11/25 6:00,8.5
11438,30,8.45
11439,2003/11/25 7:00,8.4
11440,30,8.6
11441,2003/11/25 8:00,8.8
11442,30,9.1
11443,2003/11/25 9:00,9.4
11444,30,9.35
11445,2003/11/25 10:00,9.3
11446,30,9.55
11447,2003/11/25 11:00,9.8
11448,30,9.95
11449,2003/11/25 12:00,10.1
11450,30,10.4
11451,2003/11/25 13:00,10.7
11452,30,10.8
11453,2003/11/25 14:00,10.9
11454,30,11.05
11455,2003/11/25 15:00,11.2
11456,30,11.4
11457,2003/11/25 16:00,11.6
11458,30,11.65
11459,2003/11/25 17:00,11.7
11460,30,11.8
11461,2003/11/25 18:00,11.9
11462,30,11.8
11463,2003/11/25 19:00,11.7
11464,30,11.85
11465,2003/11/25 20:00,12
11466,30,12.3
11467,2003/11/25 21:00,12.6
11468,30,12.5
11469,2003/11/25 22:00,12.4
11470,30,12.45
11471,2003/11/25 23:00,12.5
11472,30,12.35
11473,2003/11/26 0:00,12.2
11474,30,12.7
11475,2003/11/26 1:00,13.2
11476,30,12.55
11477,2003/11/26 2:00,11.9
11478,30,11.4
11479,2003/11/26 3:00,10.9
11480,30,10.9
11481,2003/11/26 4:00,10.9
11482,30,10.45
11483,2003/11/26 5:00,10
11484,30,9.95
11485,2003/11/26 6:00,9.9
11486,30,10
11487,2003/11/26 7:00,10.1
11488,30,10.65
11489,2003/11/26 8:00,11.2
11490,30,11.7
11491,2003/11/26 9:00,12.2
11492,30,12.75
11493,2003/11/26 10:00,13.3
11494,30,13.25
11495,2003/11/26 11:00,13.2
11496,30,13.7
11497,2003/11/26 12:00,14.2
11498,30,14.25
11499,2003/11/26 13:00,14.3
11500,30,14.4
11501,2003/11/26 14:00,14.5
11502,30,14.45
11503,2003/11/26 15:00,14.4
11504,30,13.55
11505,2003/11/26 16:00,12.7
11506,30,11.85
11507,2003/11/26 17:00,11
11508,30,10.55
11509,2003/11/26 18:00,10.1
11510,30,9.75
11511,2003/11/26 19:00,9.4
11512,30,9.1
11513,2003/11/26 20:00,8.8
11514,30,8.65
11515,2003/11/26 21:00,8.5
11516,30,8.15
11517,2003/11/26 22:00,7.8
11518,30,7.5
11519,2003/11/26 23:00,7.2
11520,30,7.15
11521,2003/11/27 0:00,7.1
11522,30,6.75
11523,2003/11/27 1:00,6.4
11524,30,6.25
11525,2003/11/27 2:00,6.1
11526,30,5.95
11527,2003/11/27 3:00,5.8
11528,30,5.65
11529,2003/11/27 4:00,5.5
11530,30,5.65
11531,2003/11/27 5:00,5.8
11532,30,6
11533,2003/11/27 6:00,6.2
11534,30,6.25
11535,2003/11/27 7:00,6.3
11536,30,6.45
11537,2003/11/27 8:00,6.6
11538,30,6.8
11539,2003/11/27 9:00,7
11540,30,7.4
11541,2003/11/27 10:00,7.8
11542,30,8.45
11543,2003/11/27 11:00,9.1
11544,30,9.9
11545,2003/11/27 12:00,10.7
11546,30,10.7
11547,2003/11/27 13:00,10.7
11548,30,10.7
11549,2003/11/27 14:00,10.7
11550,30,10.6
11551,2003/11/27 15:00,10.5
11552,30,10.4
11553,2003/11/27 16:00,10.3
11554,30,10.15
11555,2003/11/27 17:00,10
11556,30,9.9
11557,2003/11/27 18:00,9.8
11558,30,9.65
11559,2003/11/27 19:00,9.5
11560,30,9.4
11561,2003/11/27 20:00,9.3
11562,30,9.05
11563,2003/11/27 21:00,8.8
11564,30,8.55
11565,2003/11/27 22:00,8.3
11566,30,8.3
11567,2003/11/27 23:00,8.3
11568,30,8.25
11569,2003/11/28 0:00,8.2
11570,30,8.25
11571,2003/11/28 1:00,8.3
11572,30,8.3
11573,2003/11/28 2:00,8.3
11574,30,8.15
11575,2003/11/28 3:00,8
11576,30,8
11577,2003/11/28 4:00,8
11578,30,8.15
11579,2003/11/28 5:00,8.3
11580,30,8.4
11581,2003/11/28 6:00,8.5
11582,30,8.6
11583,2003/11/28 7:00,8.7
11584,30,8.95
11585,2003/11/28 8:00,9.2
11586,30,9.4
11587,2003/11/28 9:00,9.6
11588,30,10.15
11589,2003/11/28 10:00,10.7
11590,30,10.65
11591,2003/11/28 11:00,10.6
11592,30,11.3
11593,2003/11/28 12:00,12
11594,30,11.9
11595,2003/11/28 13:00,11.8
11596,30,12
11597,2003/11/28 14:00,12.2
11598,30,12.2
11599,2003/11/28 15:00,12.2
11600,30,12.05
11601,2003/11/28 16:00,11.9
11602,30,11.8
11603,2003/11/28 17:00,11.7
11604,30,11.55
11605,2003/11/28 18:00,11.4
11606,30,11.35
11607,2003/11/28 19:00,11.3
11608,30,11.25
11609,2003/11/28 20:00,11.2
11610,30,11.1
11611,2003/11/28 21:00,11
11612,30,10.85
11613,2003/11/28 22:00,10.7
11614,30,10.65
11615,2003/11/28 23:00,10.6
11616,30,10.4
11617,2003/11/29 0:00,10.2
11618,30,9.85
11619,2003/11/29 1:00,9.5
11620,30,9.25
11621,2003/11/29 2:00,9
11622,30,9
11623,2003/11/29 3:00,9
11624,30,9.1
11625,2003/11/29 4:00,9.2
11626,30,9.1
11627,2003/11/29 5:00,9
11628,30,8.95
11629,2003/11/29 6:00,8.9
11630,30,8.8
11631,2003/11/29 7:00,8.7
11632,30,8.8
11633,2003/11/29 8:00,8.9
11634,30,9
11635,2003/11/29 9:00,9.1
11636,30,9.2
11637,2003/11/29 10:00,9.3
11638,30,9.45
11639,2003/11/29 11:00,9.6
11640,30,9.9
11641,2003/11/29 12:00,10.2
11642,30,10.4
11643,2003/11/29 13:00,10.6
11644,30,10.75
11645,2003/11/29 14:00,10.9
11646,30,11.15
11647,2003/11/29 15:00,11.4
11648,30,11.35
11649,2003/11/29 16:00,11.3
11650,30,11.45
11651,2003/11/29 17:00,11.6
11652,30,11.7
11653,2003/11/29 18:00,11.8
11654,30,11.95
11655,2003/11/29 19:00,12.1
11656,30,12.15
11657,2003/11/29 20:00,12.2
11658,30,12.25
11659,2003/11/29 21:00,12.3
11660,30,12.3
11661,2003/11/29 22:00,12.3
11662,30,12.35
11663,2003/11/29 23:00,12.4
11664,30,12.4
11665,2003/11/30 0:00,12.4
11666,30,12.45
11667,2003/11/30 1:00,12.5
11668,30,12.55
11669,2003/11/30 2:00,12.6
11670,30,12.6
11671,2003/11/30 3:00,12.6
11672,30,12.65
11673,2003/11/30 4:00,12.7
11674,30,12.8
11675,2003/11/30 5:00,12.9
11676,30,13.05
11677,2003/11/30 6:00,13.2
11678,30,13.1
11679,2003/11/30 7:00,13
11680,30,13.1
11681,2003/11/30 8:00,13.2
11682,30,13.4
11683,2003/11/30 9:00,13.6
11684,30,13.8
11685,2003/11/30 10:00,14
11686,30,14.3
11687,2003/11/30 11:00,14.6
11688,30,14.85
11689,2003/11/30 12:00,15.1
11690,30,15.6
11691,2003/11/30 13:00,16.1
11692,30,16.75
11693,2003/11/30 14:00,17.4
11694,30,17.45
11695,2003/11/30 15:00,17.5
11696,30,17.3
11697,2003/11/30 16:00,17.1
11698,30,16.95
11699,2003/11/30 17:00,16.8
11700,30,16.35
11701,2003/11/30 18:00,15.9
11702,30,15.9
11703,2003/11/30 19:00,15.9
11704,30,15.75
11705,2003/11/30 20:00,15.6
11706,30,15.6
11707,2003/11/30 21:00,15.6
11708,30,15.55
11709,2003/11/30 22:00,15.5
11710,30,15.65
11711,2003/11/30 23:00,15.8
11712,30,15.35
11713,2003/12/1 0:00,14.9
11714,30,14.85
11715,2003/12/1 1:00,14.8
11716,30,14.75
11717,2003/12/1 2:00,14.7
11718,30,14.15
11719,2003/12/1 3:00,13.6
11720,30,13.35
11721,2003/12/1 4:00,13.1
11722,30,12.95
11723,2003/12/1 5:00,12.8
11724,30,12.7
11725,2003/12/1 6:00,12.6
11726,30,12.65
11727,2003/12/1 7:00,12.7
11728,30,12.7
11729,2003/12/1 8:00,12.7
11730,30,12.75
11731,2003/12/1 9:00,12.8
11732,30,12.7
11733,2003/12/1 10:00,12.6
11734,30,12.45
11735,2003/12/1 11:00,12.3
11736,30,12.2
11737,2003/12/1 12:00,12.1
11738,30,11.85
11739,2003/12/1 13:00,11.6
11740,30,11.5
11741,2003/12/1 14:00,11.4
11742,30,11.35
11743,2003/12/1 15:00,11.3
11744,30,11.3
11745,2003/12/1 16:00,11.3
11746,30,11.25
11747,2003/12/1 17:00,11.2
11748,30,11.2
11749,2003/12/1 18:00,11.2
11750,30,11.2
11751,2003/12/1 19:00,11.2
11752,30,11.15
11753,2003/12/1 20:00,11.1
11754,30,11.1
11755,2003/12/1 21:00,11.1
11756,30,11.05
11757,2003/12/1 22:00,11
11758,30,10.95
11759,2003/12/1 23:00,10.9
11760,30,10.9
11761,2003/12/2 0:00,10.9
11762,30,10.7
11763,2003/12/2 1:00,10.5
11764,30,10.45
11765,2003/12/2 2:00,10.4
11766,30,10.55
11767,2003/12/2 3:00,10.7
11768,30,10.8
11769,2003/12/2 4:00,10.9
11770,30,10.9
11771,2003/12/2 5:00,10.9
11772,30,10.7
11773,2003/12/2 6:00,10.5
11774,30,10.5
11775,2003/12/2 7:00,10.5
11776,30,10.9
11777,2003/12/2 8:00,11.3
11778,30,11.9
11779,2003/12/2 9:00,12.5
11780,30,12.95
11781,2003/12/2 10:00,13.4
11782,30,14.2
11783,2003/12/2 11:00,15
11784,30,15.8
11785,2003/12/2 12:00,16.6
11786,30,17.3
11787,2003/12/2 13:00,18
11788,30,17.9
11789,2003/12/2 14:00,17.8
11790,30,17.55
11791,2003/12/2 15:00,17.3
11792,30,16.75
11793,2003/12/2 16:00,16.2
11794,30,15.35
11795,2003/12/2 17:00,14.5
11796,30,14.25
11797,2003/12/2 18:00,14
11798,30,13.95
11799,2003/12/2 19:00,13.9
11800,30,13.65
11801,2003/12/2 20:00,13.4
11802,30,13.15
11803,2003/12/2 21:00,12.9
11804,30,12.75
11805,2003/12/2 22:00,12.6
11806,30,12.15
11807,2003/12/2 23:00,11.7
11808,30,11.7
11809,2003/12/3 0:00,11.7
11810,30,11.45
11811,2003/12/3 1:00,11.2
11812,30,11
11813,2003/12/3 2:00,10.8
11814,30,10.45
11815,2003/12/3 3:00,10.1
11816,30,9.55
11817,2003/12/3 4:00,9
11818,30,8.8
11819,2003/12/3 5:00,8.6
11820,30,8.45
11821,2003/12/3 6:00,8.3
11822,30,8.55
11823,2003/12/3 7:00,8.8
11824,30,8.7
11825,2003/12/3 8:00,8.6
11826,30,9.05
11827,2003/12/3 9:00,9.5
11828,30,9.85
11829,2003/12/3 10:00,10.2
11830,30,10.85
11831,2003/12/3 11:00,11.5
11832,30,11.8
11833,2003/12/3 12:00,12.1
11834,30,12.2
11835,2003/12/3 13:00,12.3
11836,30,12.3
11837,2003/12/3 14:00,12.3
11838,30,12.35
11839,2003/12/3 15:00,12.4
11840,30,12.1
11841,2003/12/3 16:00,11.8
11842,30,11.35
11843,2003/12/3 17:00,10.9
11844,30,10.2
11845,2003/12/3 18:00,9.5
11846,30,9.15
11847,2003/12/3 19:00,8.8
11848,30,8.2
11849,2003/12/3 20:00,7.6
11850,30,7.35
11851,2003/12/3 21:00,7.1
11852,30,7.05
11853,2003/12/3 22:00,7
11854,30,6.85
11855,2003/12/3 23:00,6.7
11856,30,6.6
11857,2003/12/4 0:00,6.5
11858,30,5.85
11859,2003/12/4 1:00,5.2
11860,30,5
11861,2003/12/4 2:00,4.8
11862,30,4.6
11863,2003/12/4 3:00,4.4
11864,30,4.85
11865,2003/12/4 4:00,5.3
11866,30,5.3
11867,2003/12/4 5:00,5.3
11868,30,5.1
11869,2003/12/4 6:00,4.9
11870,30,4.4
11871,2003/12/4 7:00,3.9
11872,30,4.95
11873,2003/12/4 8:00,6
11874,30,7.7
11875,2003/12/4 9:00,9.4
11876,30,10.45
11877,2003/12/4 10:00,11.5
11878,30,11.95
11879,2003/12/4 11:00,12.4
11880,30,12.95
11881,2003/12/4 12:00,13.5
11882,30,13.8
11883,2003/12/4 13:00,14.1
11884,30,14.15
11885,2003/12/4 14:00,14.2
11886,30,14.1
11887,2003/12/4 15:00,14
11888,30,13.35
11889,2003/12/4 16:00,12.7
11890,30,12
11891,2003/12/4 17:00,11.3
11892,30,10.9
11893,2003/12/4 18:00,10.5
11894,30,10.15
11895,2003/12/4 19:00,9.8
11896,30,9.35
11897,2003/12/4 20:00,8.9
11898,30,8.4
11899,2003/12/4 21:00,7.9
11900,30,7.2
11901,2003/12/4 22:00,6.5
11902,30,6.5
11903,2003/12/4 23:00,6.5
11904,30,6.5
11905,2003/12/5 0:00,6.5
11906,30,6.3
11907,2003/12/5 1:00,6.1
11908,30,5.1
11909,2003/12/5 2:00,4.1
11910,30,4.7
11911,2003/12/5 3:00,5.3
11912,30,5.1
11913,2003/12/5 4:00,4.9
11914,30,4.8
11915,2003/12/5 5:00,4.7
11916,30,4.95
11917,2003/12/5 6:00,5.2
11918,30,5.45
11919,2003/12/5 7:00,5.7
11920,30,6.1
11921,2003/12/5 8:00,6.5
11922,30,6.55
11923,2003/12/5 9:00,6.6
11924,30,6.3
11925,2003/12/5 10:00,6
11926,30,6.3
11927,2003/12/5 11:00,6.6
11928,30,6.95
11929,2003/12/5 12:00,7.3
11930,30,7.45
11931,2003/12/5 13:00,7.6
11932,30,7.75
11933,2003/12/5 14:00,7.9
11934,30,7.9
11935,2003/12/5 15:00,7.9
11936,30,7.8
11937,2003/12/5 16:00,7.7
11938,30,7.15
11939,2003/12/5 17:00,6.6
11940,30,6.75
11941,2003/12/5 18:00,6.9
11942,30,7.1
11943,2003/12/5 19:00,7.3
11944,30,7.25
11945,2003/12/5 20:00,7.2
11946,30,7.3
11947,2003/12/5 21:00,7.4
11948,30,7.4
11949,2003/12/5 22:00,7.4
11950,30,7.35
11951,2003/12/5 23:00,7.3
11952,30,7.3
11953,2003/12/6 0:00,7.3
11954,30,7.3
11955,2003/12/6 1:00,7.3
11956,30,7.2
11957,2003/12/6 2:00,7.1
11958,30,7
11959,2003/12/6 3:00,6.9
11960,30,6.85
11961,2003/12/6 4:00,6.8
11962,30,6.7
11963,2003/12/6 5:00,6.6
11964,30,6.6
11965,2003/12/6 6:00,6.6
11966,30,6.55
11967,2003/12/6 7:00,6.5
11968,30,6.7
11969,2003/12/6 8:00,6.9
11970,30,7.2
11971,2003/12/6 9:00,7.5
11972,30,7.7
11973,2003/12/6 10:00,7.9
11974,30,8.6
11975,2003/12/6 11:00,9.3
11976,30,10.35
11977,2003/12/6 12:00,11.4
11978,30,11.25
11979,2003/12/6 13:00,11.1
11980,30,11.6
11981,2003/12/6 14:00,12.1
11982,30,13
11983,2003/12/6 15:00,13.9
11984,30,12.55
11985,2003/12/6 16:00,11.2
11986,30,10.65
11987,2003/12/6 17:00,10.1
11988,30,9.7
11989,2003/12/6 18:00,9.3
11990,30,8.75
11991,2003/12/6 19:00,8.2
11992,30,8.35
11993,2003/12/6 20:00,8.5
11994,30,8.25
11995,2003/12/6 21:00,8
11996,30,7.85
11997,2003/12/6 22:00,7.7
11998,30,7.55
11999,2003/12/6 23:00,7.4
12000,30,7.05
12001,2003/12/7 0:00,6.7
12002,30,6.7
12003,2003/12/7 1:00,6.7
12004,30,6.3
12005,2003/12/7 2:00,5.9
12006,30,5.75
12007,2003/12/7 3:00,5.6
12008,30,5.4
12009,2003/12/7 4:00,5.2
12010,30,5.05
12011,2003/12/7 5:00,4.9
12012,30,4.75
12013,2003/12/7 6:00,4.6
12014,30,4.35
12015,2003/12/7 7:00,4.1
12016,30,5.25
12017,2003/12/7 8:00,6.4
12018,30,8.2
12019,2003/12/7 9:00,10
12020,30,12.45
12021,2003/12/7 10:00,14.9
12022,30,15.3
12023,2003/12/7 11:00,15.7
12024,30,15.9
12025,2003/12/7 12:00,16.1
12026,30,15.75
12027,2003/12/7 13:00,15.4
12028,30,15.1
12029,2003/12/7 14:00,14.8
12030,30,14.5
12031,2003/12/7 15:00,14.2
12032,30,13.5
12033,2003/12/7 16:00,12.8
12034,30,12.35
12035,2003/12/7 17:00,11.9
12036,30,11.55
12037,2003/12/7 18:00,11.2
12038,30,10.9
12039,2003/12/7 19:00,10.6
12040,30,9.65
12041,2003/12/7 20:00,8.7
12042,30,7.95
12043,2003/12/7 21:00,7.2
12044,30,7.1
12045,2003/12/7 22:00,7
12046,30,6.5
12047,2003/12/7 23:00,6
12048,30,6
12049,2003/12/8 0:00,6
12050,30,5.95
12051,2003/12/8 1:00,5.9
12052,30,5.95
12053,2003/12/8 2:00,6
12054,30,5.95
12055,2003/12/8 3:00,5.9
12056,30,5.85
12057,2003/12/8 4:00,5.8
12058,30,5.85
12059,2003/12/8 5:00,5.9
12060,30,5.9
12061,2003/12/8 6:00,5.9
12062,30,5.95
12063,2003/12/8 7:00,6
12064,30,6.35
12065,2003/12/8 8:00,6.7
12066,30,6.95
12067,2003/12/8 9:00,7.2
12068,30,7.5
12069,2003/12/8 10:00,7.8
12070,30,8.25
12071,2003/12/8 11:00,8.7
12072,30,9.1
12073,2003/12/8 12:00,9.5
12074,30,10.25
12075,2003/12/8 13:00,11
12076,30,11.3
12077,2003/12/8 14:00,11.6
12078,30,11.9
12079,2003/12/8 15:00,12.2
12080,30,11.85
12081,2003/12/8 16:00,11.5
12082,30,10.85
12083,2003/12/8 17:00,10.2
12084,30,9.6
12085,2003/12/8 18:00,9
12086,30,8.4
12087,2003/12/8 19:00,7.8
12088,30,7.45
12089,2003/12/8 20:00,7.1
12090,30,6.65
12091,2003/12/8 21:00,6.2
12092,30,6.5
12093,2003/12/8 22:00,6.8
12094,30,6.05
12095,2003/12/8 23:00,5.3
12096,30,5.25
12097,2003/12/9 0:00,5.2
12098,30,4.85
12099,2003/12/9 1:00,4.5
12100,30,4.15
12101,2003/12/9 2:00,3.8
12102,30,3.8
12103,2003/12/9 3:00,3.8
12104,30,3.75
12105,2003/12/9 4:00,3.7
12106,30,3.45
12107,2003/12/9 5:00,3.2
12108,30,3
12109,2003/12/9 6:00,2.8
12110,30,2.85
12111,2003/12/9 7:00,2.9
12112,30,4.55
12113,2003/12/9 8:00,6.2
12114,30,7.25
12115,2003/12/9 9:00,8.3
12116,30,9.6
12117,2003/12/9 10:00,10.9
12118,30,11.55
12119,2003/12/9 11:00,12.2
12120,30,12.5
12121,2003/12/9 12:00,12.8
12122,30,12.65
12123,2003/12/9 13:00,12.5
12124,30,12.6
12125,2003/12/9 14:00,12.7
12126,30,12.05
12127,2003/12/9 15:00,11.4
12128,30,10.8
12129,2003/12/9 16:00,10.2
12130,30,9.65
12131,2003/12/9 17:00,9.1
12132,30,8.5
12133,2003/12/9 18:00,7.9
12134,30,7.55
12135,2003/12/9 19:00,7.2
12136,30,6.95
12137,2003/12/9 20:00,6.7
12138,30,6.45
12139,2003/12/9 21:00,6.2
12140,30,6
12141,2003/12/9 22:00,5.8
12142,30,6.05
12143,2003/12/9 23:00,6.3
12144,30,6.3
12145,2003/12/10 0:00,6.3
12146,30,6.15
12147,2003/12/10 1:00,6
12148,30,5.6
12149,2003/12/10 2:00,5.2
12150,30,5.2
12151,2003/12/10 3:00,5.2
12152,30,5.1
12153,2003/12/10 4:00,5
12154,30,4.65
12155,2003/12/10 5:00,4.3
12156,30,3.85
12157,2003/12/10 6:00,3.4
12158,30,3.85
12159,2003/12/10 7:00,4.3
12160,30,4.6
12161,2003/12/10 8:00,4.9
12162,30,5.7
12163,2003/12/10 9:00,6.5
12164,30,6.9
12165,2003/12/10 10:00,7.3
12166,30,7.9
12167,2003/12/10 11:00,8.5
12168,30,9.1
12169,2003/12/10 12:00,9.7
12170,30,10.1
12171,2003/12/10 13:00,10.5
12172,30,10.6
12173,2003/12/10 14:00,10.7
12174,30,10.6
12175,2003/12/10 15:00,10.5
12176,30,10.1
12177,2003/12/10 16:00,9.7
12178,30,8.75
12179,2003/12/10 17:00,7.8
12180,30,7.5
12181,2003/12/10 18:00,7.2
12182,30,6.6
12183,2003/12/10 19:00,6
12184,30,5.8
12185,2003/12/10 20:00,5.6
12186,30,4.9
12187,2003/12/10 21:00,4.2
12188,30,3.9
12189,2003/12/10 22:00,3.6
12190,30,3.65
12191,2003/12/10 23:00,3.7
12192,30,3.6
12193,2003/12/11 0:00,3.5
12194,30,3.25
12195,2003/12/11 1:00,3
12196,30,3.15
12197,2003/12/11 2:00,3.3
12198,30,2.95
12199,2003/12/11 3:00,2.6
12200,30,2.6
12201,2003/12/11 4:00,2.6
12202,30,2.5
12203,2003/12/11 5:00,2.4
12204,30,2.6
12205,2003/12/11 6:00,2.8
12206,30,2.85
12207,2003/12/11 7:00,2.9
12208,30,3.25
12209,2003/12/11 8:00,3.6
12210,30,3.85
12211,2003/12/11 9:00,4.1
12212,30,4.25
12213,2003/12/11 10:00,4.4
12214,30,4.5
12215,2003/12/11 11:00,4.6
12216,30,4.75
12217,2003/12/11 12:00,4.9
12218,30,4.9
12219,2003/12/11 13:00,4.9
12220,30,4.65
12221,2003/12/11 14:00,4.4
12222,30,4.45
12223,2003/12/11 15:00,4.5
12224,30,4.45
12225,2003/12/11 16:00,4.4
12226,30,4.5
12227,2003/12/11 17:00,4.6
12228,30,4.65
12229,2003/12/11 18:00,4.7
12230,30,4.8
12231,2003/12/11 19:00,4.9
12232,30,4.85
12233,2003/12/11 20:00,4.8
12234,30,4.8
12235,2003/12/11 21:00,4.8
12236,30,4.9
12237,2003/12/11 22:00,5
12238,30,4.9
12239,2003/12/11 23:00,4.8
12240,30,4.75
12241,2003/12/12 0:00,4.7
12242,30,4.75
12243,2003/12/12 1:00,4.8
12244,30,4.85
12245,2003/12/12 2:00,4.9
12246,30,4.75
12247,2003/12/12 3:00,4.6
12248,30,4.65
12249,2003/12/12 4:00,4.7
12250,30,4.75
12251,2003/12/12 5:00,4.8
12252,30,4.9
12253,2003/12/12 6:00,5
12254,30,5.15
12255,2003/12/12 7:00,5.3
12256,30,5.45
12257,2003/12/12 8:00,5.6
12258,30,5.9
12259,2003/12/12 9:00,6.2
12260,30,6.7
12261,2003/12/12 10:00,7.2
12262,30,7.4
12263,2003/12/12 11:00,7.6
12264,30,7.95
12265,2003/12/12 12:00,8.3
12266,30,8.7
12267,2003/12/12 13:00,9.1
12268,30,9.3
12269,2003/12/12 14:00,9.5
12270,30,9.4
12271,2003/12/12 15:00,9.3
12272,30,9.1
12273,2003/12/12 16:00,8.9
12274,30,8.85
12275,2003/12/12 17:00,8.8
12276,30,8.7
12277,2003/12/12 18:00,8.6
12278,30,8.55
12279,2003/12/12 19:00,8.5
12280,30,8.1
12281,2003/12/12 20:00,7.7
12282,30,6.95
12283,2003/12/12 21:00,6.2
12284,30,6.5
12285,2003/12/12 22:00,6.8
12286,30,5.9
12287,2003/12/12 23:00,5
12288,30,5.85
12289,2003/12/13 0:00,6.7
12290,30,6.3
12291,2003/12/13 1:00,5.9
12292,30,5.95
12293,2003/12/13 2:00,6
12294,30,5.6
12295,2003/12/13 3:00,5.2
12296,30,4.95
12297,2003/12/13 4:00,4.7
12298,30,3.85
12299,2003/12/13 5:00,3
12300,30,2.75
12301,2003/12/13 6:00,2.5
12302,30,3.05
12303,2003/12/13 7:00,3.6
12304,30,4.4
12305,2003/12/13 8:00,5.2
12306,30,6.6
12307,2003/12/13 9:00,8
12308,30,9.3
12309,2003/12/13 10:00,10.6
12310,30,11.3
12311,2003/12/13 11:00,12
12312,30,12.35
12313,2003/12/13 12:00,12.7
12314,30,13.05
12315,2003/12/13 13:00,13.4
12316,30,13.8
12317,2003/12/13 14:00,14.2
12318,30,14.2
12319,2003/12/13 15:00,14.2
12320,30,13.5
12321,2003/12/13 16:00,12.8
12322,30,11.95
12323,2003/12/13 17:00,11.1
12324,30,10.9
12325,2003/12/13 18:00,10.7
12326,30,10.1
12327,2003/12/13 19:00,9.5
12328,30,8.65
12329,2003/12/13 20:00,7.8
12330,30,7.45
12331,2003/12/13 21:00,7.1
12332,30,6.7
12333,2003/12/13 22:00,6.3
12334,30,5.9
12335,2003/12/13 23:00,5.5
12336,30,5.4
12337,2003/12/14 0:00,5.3
12338,30,4.9
12339,2003/12/14 1:00,4.5
12340,30,5.05
12341,2003/12/14 2:00,5.6
12342,30,5.25
12343,2003/12/14 3:00,4.9
12344,30,3.75
12345,2003/12/14 4:00,2.6
12346,30,2.15
12347,2003/12/14 5:00,1.7
12348,30,1.4
12349,2003/12/14 6:00,1.1
12350,30,1
12351,2003/12/14 7:00,0.9
12352,30,2.3
12353,2003/12/14 8:00,3.7
12354,30,5.05
12355,2003/12/14 9:00,6.4
12356,30,7.5
12357,2003/12/14 10:00,8.6
12358,30,9.75
12359,2003/12/14 11:00,10.9
12360,30,11.4
12361,2003/12/14 12:00,11.9
12362,30,12.55
12363,2003/12/14 13:00,13.2
12364,30,13.45
12365,2003/12/14 14:00,13.7
12366,30,13.75
12367,2003/12/14 15:00,13.8
12368,30,13.2
12369,2003/12/14 16:00,12.6
12370,30,11.75
12371,2003/12/14 17:00,10.9
12372,30,10.4
12373,2003/12/14 18:00,9.9
12374,30,9.55
12375,2003/12/14 19:00,9.2
12376,30,8.35
12377,2003/12/14 20:00,7.5
12378,30,6.3
12379,2003/12/14 21:00,5.1
12380,30,4.85
12381,2003/12/14 22:00,4.6
12382,30,4.9
12383,2003/12/14 23:00,5.2
12384,30,4.75
12385,2003/12/15 0:00,4.3
12386,30,3.95
12387,2003/12/15 1:00,3.6
12388,30,3.9
12389,2003/12/15 2:00,4.2
12390,30,3.95
12391,2003/12/15 3:00,3.7
12392,30,3.55
12393,2003/12/15 4:00,3.4
12394,30,3.15
12395,2003/12/15 5:00,2.9
12396,30,2.65
12397,2003/12/15 6:00,2.4
12398,30,2.3
12399,2003/12/15 7:00,2.2
12400,30,2.8
12401,2003/12/15 8:00,3.4
12402,30,4.4
12403,2003/12/15 9:00,5.4
12404,30,6.6
12405,2003/12/15 10:00,7.8
12406,30,8.8
12407,2003/12/15 11:00,9.8
12408,30,10.35
12409,2003/12/15 12:00,10.9
12410,30,10.9
12411,2003/12/15 13:00,10.9
12412,30,11.4
12413,2003/12/15 14:00,11.9
12414,30,12
12415,2003/12/15 15:00,12.1
12416,30,11.7
12417,2003/12/15 16:00,11.3
12418,30,10.3
12419,2003/12/15 17:00,9.3
12420,30,8.65
12421,2003/12/15 18:00,8
12422,30,8.1
12423,2003/12/15 19:00,8.2
12424,30,7.1
12425,2003/12/15 20:00,6
12426,30,6.1
12427,2003/12/15 21:00,6.2
12428,30,6.15
12429,2003/12/15 22:00,6.1
12430,30,5.95
12431,2003/12/15 23:00,5.8
12432,30,5.4
12433,2003/12/16 0:00,5
12434,30,4.65
12435,2003/12/16 1:00,4.3
12436,30,4.35
12437,2003/12/16 2:00,4.4
12438,30,4.95
12439,2003/12/16 3:00,5.5
12440,30,5.45
12441,2003/12/16 4:00,5.4
12442,30,5.3
12443,2003/12/16 5:00,5.2
12444,30,5.85
12445,2003/12/16 6:00,6.5
12446,30,6.7
12447,2003/12/16 7:00,6.9
12448,30,7.25
12449,2003/12/16 8:00,7.6
12450,30,7.85
12451,2003/12/16 9:00,8.1
12452,30,8.85
12453,2003/12/16 10:00,9.6
12454,30,10.1
12455,2003/12/16 11:00,10.6
12456,30,11.05
12457,2003/12/16 12:00,11.5
12458,30,11.5
12459,2003/12/16 13:00,11.5
12460,30,11.45
12461,2003/12/16 14:00,11.4
12462,30,11.05
12463,2003/12/16 15:00,10.7
12464,30,10.2
12465,2003/12/16 16:00,9.7
12466,30,9
12467,2003/12/16 17:00,8.3
12468,30,8.1
12469,2003/12/16 18:00,7.9
12470,30,7.6
12471,2003/12/16 19:00,7.3
12472,30,7.05
12473,2003/12/16 20:00,6.8
12474,30,6.65
12475,2003/12/16 21:00,6.5
12476,30,6.5
12477,2003/12/16 22:00,6.5
12478,30,6.2
12479,2003/12/16 23:00,5.9
12480,30,5
12481,2003/12/17 0:00,4.1
12482,30,3.85
12483,2003/12/17 1:00,3.6
12484,30,3
12485,2003/12/17 2:00,2.4
12486,30,1.95
12487,2003/12/17 3:00,1.5
12488,30,1.1
12489,2003/12/17 4:00,0.7
12490,30,0.55
12491,2003/12/17 5:00,0.4
12492,30,0.65
12493,2003/12/17 6:00,0.9
12494,30,1.25
12495,2003/12/17 7:00,1.6
12496,30,2
12497,2003/12/17 8:00,2.4
12498,30,2.85
12499,2003/12/17 9:00,3.3
12500,30,4.1
12501,2003/12/17 10:00,4.9
12502,30,4.65
12503,2003/12/17 11:00,4.4
12504,30,5.2
12505,2003/12/17 12:00,6
12506,30,6.25
12507,2003/12/17 13:00,6.5
12508,30,6.95
12509,2003/12/17 14:00,7.4
12510,30,7.5
12511,2003/12/17 15:00,7.6
12512,30,7.3
12513,2003/12/17 16:00,7
12514,30,6.8
12515,2003/12/17 17:00,6.6
12516,30,6
12517,2003/12/17 18:00,5.4
12518,30,5.2
12519,2003/12/17 19:00,5
12520,30,4.35
12521,2003/12/17 20:00,3.7
12522,30,3.7
12523,2003/12/17 21:00,3.7
12524,30,3.35
12525,2003/12/17 22:00,3
12526,30,2.9
12527,2003/12/17 23:00,2.8
12528,30,2.55
12529,2003/12/18 0:00,2.3
12530,30,2.05
12531,2003/12/18 1:00,1.8
12532,30,1.25
12533,2003/12/18 2:00,0.7
12534,30,0.7
12535,2003/12/18 3:00,0.7
12536,30,0.7
12537,2003/12/18 4:00,0.7
12538,30,0.15
12539,2003/12/18 5:00,-0.4
12540,30,-0.2
12541,2003/12/18 6:00,0
12542,30,0.95
12543,2003/12/18 7:00,1.9
12544,30,4.3
12545,2003/12/18 8:00,6.7
12546,30,7.8
12547,2003/12/18 9:00,8.9
12548,30,9.8
12549,2003/12/18 10:00,10.7
12550,30,11
12551,2003/12/18 11:00,11.3
12552,30,11.8
12553,2003/12/18 12:00,12.3
12554,30,12.55
12555,2003/12/18 13:00,12.8
12556,30,12.75
12557,2003/12/18 14:00,12.7
12558,30,12.1
12559,2003/12/18 15:00,11.5
12560,30,10.8
12561,2003/12/18 16:00,10.1
12562,30,9.65
12563,2003/12/18 17:00,9.2
12564,30,8.85
12565,2003/12/18 18:00,8.5
12566,30,8.45
12567,2003/12/18 19:00,8.4
12568,30,8.15
12569,2003/12/18 20:00,7.9
12570,30,7.8
12571,2003/12/18 21:00,7.7
12572,30,7.45
12573,2003/12/18 22:00,7.2
12574,30,7.05
12575,2003/12/18 23:00,6.9
12576,30,6.45
12577,2003/12/19 0:00,6
12578,30,6
12579,2003/12/19 1:00,6
12580,30,5.6
12581,2003/12/19 2:00,5.2
12582,30,5.3
12583,2003/12/19 3:00,5.4
12584,30,5.15
12585,2003/12/19 4:00,4.9
12586,30,4.9
12587,2003/12/19 5:00,4.9
12588,30,5
12589,2003/12/19 6:00,5.1
12590,30,5
12591,2003/12/19 7:00,4.9
12592,30,5.35
12593,2003/12/19 8:00,5.8
12594,30,5.75
12595,2003/12/19 9:00,5.7
12596,30,6.85
12597,2003/12/19 10:00,8
12598,30,8.9
12599,2003/12/19 11:00,9.8
12600,30,10.1
12601,2003/12/19 12:00,10.4
12602,30,10.65
12603,2003/12/19 13:00,10.9
12604,30,10.9
12605,2003/12/19 14:00,10.9
12606,30,10.8
12607,2003/12/19 15:00,10.7
12608,30,10.45
12609,2003/12/19 16:00,10.2
12610,30,9.65
12611,2003/12/19 17:00,9.1
12612,30,8.7
12613,2003/12/19 18:00,8.3
12614,30,7.95
12615,2003/12/19 19:00,7.6
12616,30,6.8
12617,2003/12/19 20:00,6
12618,30,5.8
12619,2003/12/19 21:00,5.6
12620,30,5.35
12621,2003/12/19 22:00,5.1
12622,30,4.8
12623,2003/12/19 23:00,4.5
12624,30,4.35
12625,2003/12/20 0:00,4.2
12626,30,3.9
12627,2003/12/20 1:00,3.6
12628,30,3.9
12629,2003/12/20 2:00,4.2
12630,30,4.1
12631,2003/12/20 3:00,4
12632,30,3.75
12633,2003/12/20 4:00,3.5
12634,30,3.2
12635,2003/12/20 5:00,2.9
12636,30,2.75
12637,2003/12/20 6:00,2.6
12638,30,2.1
12639,2003/12/20 7:00,1.6
12640,30,1.9
12641,2003/12/20 8:00,2.2
12642,30,3.2
12643,2003/12/20 9:00,4.2
12644,30,4.6
12645,2003/12/20 10:00,5
12646,30,5.55
12647,2003/12/20 11:00,6.1
12648,30,6.25
12649,2003/12/20 12:00,6.4
12650,30,6.45
12651,2003/12/20 13:00,6.5
12652,30,6.8
12653,2003/12/20 14:00,7.1
12654,30,7.35
12655,2003/12/20 15:00,7.6
12656,30,7.1
12657,2003/12/20 16:00,6.6
12658,30,6.2
12659,2003/12/20 17:00,5.8
12660,30,5.75
12661,2003/12/20 18:00,5.7
12662,30,5.7
12663,2003/12/20 19:00,5.7
12664,30,4.55
12665,2003/12/20 20:00,3.4
12666,30,3.4
12667,2003/12/20 21:00,3.4
12668,30,2.95
12669,2003/12/20 22:00,2.5
12670,30,2.45
12671,2003/12/20 23:00,2.4
12672,30,2.75
12673,2003/12/21 0:00,3.1
12674,30,3.35
12675,2003/12/21 1:00,3.6
12676,30,3.85
12677,2003/12/21 2:00,4.1
12678,30,4
12679,2003/12/21 3:00,3.9
12680,30,3.8
12681,2003/12/21 4:00,3.7
12682,30,3.8
12683,2003/12/21 5:00,3.9
12684,30,3.75
12685,2003/12/21 6:00,3.6
12686,30,3.55
12687,2003/12/21 7:00,3.5
12688,30,3.85
12689,2003/12/21 8:00,4.2
12690,30,5.1
12691,2003/12/21 9:00,6
12692,30,6.8
12693,2003/12/21 10:00,7.6
12694,30,8.25
12695,2003/12/21 11:00,8.9
12696,30,9.2
12697,2003/12/21 12:00,9.5
12698,30,9.7
12699,2003/12/21 13:00,9.9
12700,30,10.05
12701,2003/12/21 14:00,10.2
12702,30,9.85
12703,2003/12/21 15:00,9.5
12704,30,9.05
12705,2003/12/21 16:00,8.6
12706,30,7.8
12707,2003/12/21 17:00,7
12708,30,6.7
12709,2003/12/21 18:00,6.4
12710,30,5.95
12711,2003/12/21 19:00,5.5
12712,30,5.15
12713,2003/12/21 20:00,4.8
12714,30,4.85
12715,2003/12/21 21:00,4.9
12716,30,4.8
12717,2003/12/21 22:00,4.7
12718,30,3.75
12719,2003/12/21 23:00,2.8
12720,30,2.95
12721,2003/12/22 0:00,3.1
12722,30,2.3
12723,2003/12/22 1:00,1.5
12724,30,0.95
12725,2003/12/22 2:00,0.4
12726,30,-0.1
12727,2003/12/22 3:00,-0.6
12728,30,-0.65
12729,2003/12/22 4:00,-0.7
12730,30,-0.8
12731,2003/12/22 5:00,-0.9
12732,30,-0.7
12733,2003/12/22 6:00,-0.5
12734,30,-0.6
12735,2003/12/22 7:00,-0.7
12736,30,-0.05
12737,2003/12/22 8:00,0.6
12738,30,1.05
12739,2003/12/22 9:00,1.5
12740,30,2.75
12741,2003/12/22 10:00,4
12742,30,5.35
12743,2003/12/22 11:00,6.7
12744,30,8.1
12745,2003/12/22 12:00,9.5
12746,30,10.4
12747,2003/12/22 13:00,11.3
12748,30,11.95
12749,2003/12/22 14:00,12.6
12750,30,12.85
12751,2003/12/22 15:00,13.1
12752,30,12.65
12753,2003/12/22 16:00,12.2
12754,30,11.45
12755,2003/12/22 17:00,10.7
12756,30,10.45
12757,2003/12/22 18:00,10.2
12758,30,9.7
12759,2003/12/22 19:00,9.2
12760,30,8.45
12761,2003/12/22 20:00,7.7
12762,30,8
12763,2003/12/22 21:00,8.3
12764,30,8.05
12765,2003/12/22 22:00,7.8
12766,30,7.2
12767,2003/12/22 23:00,6.6
12768,30,6.35
12769,2003/12/23 0:00,6.1
12770,30,6
12771,2003/12/23 1:00,5.9
12772,30,5.5
12773,2003/12/23 2:00,5.1
12774,30,4.95
12775,2003/12/23 3:00,4.8
12776,30,3.55
12777,2003/12/23 4:00,2.3
12778,30,2
12779,2003/12/23 5:00,1.7
12780,30,2.15
12781,2003/12/23 6:00,2.6
12782,30,2.55
12783,2003/12/23 7:00,2.5
12784,30,3.3
12785,2003/12/23 8:00,4.1
12786,30,5.95
12787,2003/12/23 9:00,7.8
12788,30,8.7
12789,2003/12/23 10:00,9.6
12790,30,11.75
12791,2003/12/23 11:00,13.9
12792,30,14.7
12793,2003/12/23 12:00,15.5
12794,30,15.55
12795,2003/12/23 13:00,15.6
12796,30,15.85
12797,2003/12/23 14:00,16.1
12798,30,15.95
12799,2003/12/23 15:00,15.8
12800,30,15.2
12801,2003/12/23 16:00,14.6
12802,30,13.6
12803,2003/12/23 17:00,12.6
12804,30,11.85
12805,2003/12/23 18:00,11.1
12806,30,10.5
12807,2003/12/23 19:00,9.9
12808,30,9.05
12809,2003/12/23 20:00,8.2
12810,30,7.95
12811,2003/12/23 21:00,7.7
12812,30,7.2
12813,2003/12/23 22:00,6.7
12814,30,6.1
12815,2003/12/23 23:00,5.5
12816,30,5.8
12817,2003/12/24 0:00,6.1
12818,30,5.6
12819,2003/12/24 1:00,5.1
12820,30,5.05
12821,2003/12/24 2:00,5
12822,30,4.6
12823,2003/12/24 3:00,4.2
12824,30,4.1
12825,2003/12/24 4:00,4
12826,30,3.55
12827,2003/12/24 5:00,3.1
12828,30,2.8
12829,2003/12/24 6:00,2.5
12830,30,2.15
12831,2003/12/24 7:00,1.8
12832,30,2.7
12833,2003/12/24 8:00,3.6
12834,30,4.85
12835,2003/12/24 9:00,6.1
12836,30,7.45
12837,2003/12/24 10:00,8.8
12838,30,9.95
12839,2003/12/24 11:00,11.1
12840,30,11.95
12841,2003/12/24 12:00,12.8
12842,30,13.85
12843,2003/12/24 13:00,14.9
12844,30,15
12845,2003/12/24 14:00,15.1
12846,30,14.8
12847,2003/12/24 15:00,14.5
12848,30,14.2
12849,2003/12/24 16:00,13.9
12850,30,13.2
12851,2003/12/24 17:00,12.5
12852,30,11.95
12853,2003/12/24 18:00,11.4
12854,30,11.2
12855,2003/12/24 19:00,11
12856,30,9.7
12857,2003/12/24 20:00,8.4
12858,30,8.15
12859,2003/12/24 21:00,7.9
12860,30,7.95
12861,2003/12/24 22:00,8
12862,30,7.6
12863,2003/12/24 23:00,7.2
12864,30,7.3
12865,2003/12/25 0:00,7.4
12866,30,6.45
12867,2003/12/25 1:00,5.5
12868,30,4.95
12869,2003/12/25 2:00,4.4
12870,30,3.95
12871,2003/12/25 3:00,3.5
12872,30,2.9
12873,2003/12/25 4:00,2.3
12874,30,2.25
12875,2003/12/25 5:00,2.2
12876,30,2.45
12877,2003/12/25 6:00,2.7
12878,30,3.2
12879,2003/12/25 7:00,3.7
12880,30,4.05
12881,2003/12/25 8:00,4.4
12882,30,5.85
12883,2003/12/25 9:00,7.3
12884,30,8.05
12885,2003/12/25 10:00,8.8
12886,30,9.55
12887,2003/12/25 11:00,10.3
12888,30,10.6
12889,2003/12/25 12:00,10.9
12890,30,11.65
12891,2003/12/25 13:00,12.4
12892,30,12.6
12893,2003/12/25 14:00,12.8
12894,30,12.65
12895,2003/12/25 15:00,12.5
12896,30,12.15
12897,2003/12/25 16:00,11.8
12898,30,10.75
12899,2003/12/25 17:00,9.7
12900,30,9
12901,2003/12/25 18:00,8.3
12902,30,8.2
12903,2003/12/25 19:00,8.1
12904,30,7.4
12905,2003/12/25 20:00,6.7
12906,30,6.15
12907,2003/12/25 21:00,5.6
12908,30,6.05
12909,2003/12/25 22:00,6.5
12910,30,6.15
12911,2003/12/25 23:00,5.8
12912,30,5.7
12913,2003/12/26 0:00,5.6
12914,30,5.15
12915,2003/12/26 1:00,4.7
12916,30,4.5
12917,2003/12/26 2:00,4.3
12918,30,4.45
12919,2003/12/26 3:00,4.6
12920,30,4.5
12921,2003/12/26 4:00,4.4
12922,30,3.75
12923,2003/12/26 5:00,3.1
12924,30,3.75
12925,2003/12/26 6:00,4.4
12926,30,4.4
12927,2003/12/26 7:00,4.4
12928,30,4.95
12929,2003/12/26 8:00,5.5
12930,30,7.25
12931,2003/12/26 9:00,9
12932,30,9.5
12933,2003/12/26 10:00,10
12934,30,10.4
12935,2003/12/26 11:00,10.8
12936,30,11.15
12937,2003/12/26 12:00,11.5
12938,30,11.6
12939,2003/12/26 13:00,11.7
12940,30,11.95
12941,2003/12/26 14:00,12.2
12942,30,11.95
12943,2003/12/26 15:00,11.7
12944,30,11.45
12945,2003/12/26 16:00,11.2
12946,30,10.85
12947,2003/12/26 17:00,10.5
12948,30,9.95
12949,2003/12/26 18:00,9.4
12950,30,9.15
12951,2003/12/26 19:00,8.9
12952,30,8.6
12953,2003/12/26 20:00,8.3
12954,30,7.85
12955,2003/12/26 21:00,7.4
12956,30,6.7
12957,2003/12/26 22:00,6
12958,30,5.1
12959,2003/12/26 23:00,4.2
12960,30,3.55
12961,2003/12/27 0:00,2.9
12962,30,2.65
12963,2003/12/27 1:00,2.4
12964,30,1.55
12965,2003/12/27 2:00,0.7
12966,30,0.5
12967,2003/12/27 3:00,0.3
12968,30,0.25
12969,2003/12/27 4:00,0.2
12970,30,0.25
12971,2003/12/27 5:00,0.3
12972,30,0.35
12973,2003/12/27 6:00,0.4
12974,30,0.45
12975,2003/12/27 7:00,0.5
12976,30,0.65
12977,2003/12/27 8:00,0.8
12978,30,1.3
12979,2003/12/27 9:00,1.8
12980,30,2.9
12981,2003/12/27 10:00,4
12982,30,4.35
12983,2003/12/27 11:00,4.7
12984,30,5.35
12985,2003/12/27 12:00,6
12986,30,6.3
12987,2003/12/27 13:00,6.6
12988,30,6.4
12989,2003/12/27 14:00,6.2
12990,30,5.85
12991,2003/12/27 15:00,5.5
12992,30,4.85
12993,2003/12/27 16:00,4.2
12994,30,3.5
12995,2003/12/27 17:00,2.8
12996,30,2.5
12997,2003/12/27 18:00,2.2
12998,30,1.85
12999,2003/12/27 19:00,1.5
13000,30,1.2
13001,2003/12/27 20:00,0.9
13002,30,0.2
13003,2003/12/27 21:00,-0.5
13004,30,0.05
13005,2003/12/27 22:00,0.6
13006,30,1
13007,2003/12/27 23:00,1.4
13008,30,1.2
13009,2003/12/28 0:00,1
13010,30,0.1
13011,2003/12/28 1:00,-0.8
13012,30,-0.2
13013,2003/12/28 2:00,0.4
13014,30,0.35
13015,2003/12/28 3:00,0.3
13016,30,-0.35
13017,2003/12/28 4:00,-1
13018,30,-1.1
13019,2003/12/28 5:00,-1.2
13020,30,-1.75
13021,2003/12/28 6:00,-2.3
13022,30,-2.2
13023,2003/12/28 7:00,-2.1
13024,30,-1.35
13025,2003/12/28 8:00,-0.6
13026,30,0.9
13027,2003/12/28 9:00,2.4
13028,30,3.4
13029,2003/12/28 10:00,4.4
13030,30,5.9
13031,2003/12/28 11:00,7.4
13032,30,8.8
13033,2003/12/28 12:00,10.2
13034,30,10.2
13035,2003/12/28 13:00,10.2
13036,30,10.4
13037,2003/12/28 14:00,10.6
13038,30,10.75
13039,2003/12/28 15:00,10.9
13040,30,10.15
13041,2003/12/28 16:00,9.4
13042,30,8.35
13043,2003/12/28 17:00,7.3
13044,30,6.35
13045,2003/12/28 18:00,5.4
13046,30,4.75
13047,2003/12/28 19:00,4.1
13048,30,3.65
13049,2003/12/28 20:00,3.2
13050,30,3.2
13051,2003/12/28 21:00,3.2
13052,30,2.95
13053,2003/12/28 22:00,2.7
13054,30,2.5
13055,2003/12/28 23:00,2.3
13056,30,1.8
13057,2003/12/29 0:00,1.3
13058,30,1.4
13059,2003/12/29 1:00,1.5
13060,30,1.3
13061,2003/12/29 2:00,1.1
13062,30,0.85
13063,2003/12/29 3:00,0.6
13064,30,0.15
13065,2003/12/29 4:00,-0.3
13066,30,-0.5
13067,2003/12/29 5:00,-0.7
13068,30,-0.6
13069,2003/12/29 6:00,-0.5
13070,30,-0.75
13071,2003/12/29 7:00,-1
13072,30,-0.35
13073,2003/12/29 8:00,0.3
13074,30,0.85
13075,2003/12/29 9:00,1.4
13076,30,2.55
13077,2003/12/29 10:00,3.7
13078,30,4.7
13079,2003/12/29 11:00,5.7
13080,30,6.7
13081,2003/12/29 12:00,7.7
13082,30,8.7
13083,2003/12/29 13:00,9.7
13084,30,10.5
13085,2003/12/29 14:00,11.3
13086,30,11.9
13087,2003/12/29 15:00,12.5
13088,30,11.9
13089,2003/12/29 16:00,11.3
13090,30,10.5
13091,2003/12/29 17:00,9.7
13092,30,8.75
13093,2003/12/29 18:00,7.8
13094,30,7.3
13095,2003/12/29 19:00,6.8
13096,30,6.45
13097,2003/12/29 20:00,6.1
13098,30,5.15
13099,2003/12/29 21:00,4.2
13100,30,3.75
13101,2003/12/29 22:00,3.3
13102,30,3.7
13103,2003/12/29 23:00,4.1
13104,30,4.45
13105,2003/12/30 0:00,4.8
13106,30,4.65
13107,2003/12/30 1:00,4.5
13108,30,4.6
13109,2003/12/30 2:00,4.7
13110,30,3.55
13111,2003/12/30 3:00,2.4
13112,30,2.45
13113,2003/12/30 4:00,2.5
13114,30,4.3
13115,2003/12/30 5:00,6.1
13116,30,4.7
13117,2003/12/30 6:00,3.3
13118,30,2.95
13119,2003/12/30 7:00,2.6
13120,30,4.9
13121,2003/12/30 8:00,7.2
13122,30,8.1
13123,2003/12/30 9:00,9
13124,30,9.6
13125,2003/12/30 10:00,10.2
13126,30,10.65
13127,2003/12/30 11:00,11.1
13128,30,11.35
13129,2003/12/30 12:00,11.6
13130,30,11.7
13131,2003/12/30 13:00,11.8
13132,30,11.45
13133,2003/12/30 14:00,11.1
13134,30,11
13135,2003/12/30 15:00,10.9
13136,30,10.35
13137,2003/12/30 16:00,9.8
13138,30,9.05
13139,2003/12/30 17:00,8.3
13140,30,7.8
13141,2003/12/30 18:00,7.3
13142,30,7
13143,2003/12/30 19:00,6.7
13144,30,6.75
13145,2003/12/30 20:00,6.8
13146,30,6.65
13147,2003/12/30 21:00,6.5
13148,30,6.4
13149,2003/12/30 22:00,6.3
13150,30,6.05
13151,2003/12/30 23:00,5.8
13152,30,5.6
13153,2003/12/31 0:00,5.4
13154,30,5.45
13155,2003/12/31 1:00,5.5
13156,30,5.25
13157,2003/12/31 2:00,5
13158,30,4.65
13159,2003/12/31 3:00,4.3
13160,30,4.2
13161,2003/12/31 4:00,4.1
13162,30,4
13163,2003/12/31 5:00,3.9
13164,30,3.85
13165,2003/12/31 6:00,3.8
13166,30,3.6
13167,2003/12/31 7:00,3.4
13168,30,3.35
13169,2003/12/31 8:00,3.3
13170,30,3.75
13171,2003/12/31 9:00,4.2
13172,30,4.9
13173,2003/12/31 10:00,5.6
13174,30,6.15
13175,2003/12/31 11:00,6.7
13176,30,7.75
13177,2003/12/31 12:00,8.8
13178,30,9
13179,2003/12/31 13:00,9.2
13180,30,9.45
13181,2003/12/31 14:00,9.7
13182,30,9.8
13183,2003/12/31 15:00,9.9
13184,30,9.75
13185,2003/12/31 16:00,9.6
13186,30,9.3
13187,2003/12/31 17:00,9
13188,30,8.8
13189,2003/12/31 18:00,8.6
13190,30,8.2
13191,2003/12/31 19:00,7.8
13192,30,7.15
13193,2003/12/31 20:00,6.5
13194,30,6.15
13195,2003/12/31 21:00,5.8
13196,30,5.6
13197,2003/12/31 22:00,5.4
13198,30,5.45
13199,2003/12/31 23:00,5.5
13200,30,6.35
13201,2004/1/1 0:00,7.2
13202,30,7.9
13203,2004/1/1 1:00,8.6
13204,30,8.35
13205,2004/1/1 2:00,8.1
13206,30,8.05
13207,2004/1/1 3:00,8
13208,30,8.2
13209,2004/1/1 4:00,8.4
13210,30,8.55
13211,2004/1/1 5:00,8.7
13212,30,8.45
13213,2004/1/1 6:00,8.2
13214,30,7.8
13215,2004/1/1 7:00,7.4
13216,30,7.75
13217,2004/1/1 8:00,8.1
13218,30,9.25
13219,2004/1/1 9:00,10.4
13220,30,10.7
13221,2004/1/1 10:00,11
13222,30,11.3
13223,2004/1/1 11:00,11.6
13224,30,11.7
13225,2004/1/1 12:00,11.8
13226,30,11.75
13227,2004/1/1 13:00,11.7
13228,30,11.75
13229,2004/1/1 14:00,11.8
13230,30,11.75
13231,2004/1/1 15:00,11.7
13232,30,11.45
13233,2004/1/1 16:00,11.2
13234,30,10.7
13235,2004/1/1 17:00,10.2
13236,30,10.1
13237,2004/1/1 18:00,10
13238,30,9.4
13239,2004/1/1 19:00,8.8
13240,30,7.95
13241,2004/1/1 20:00,7.1
13242,30,6.25
13243,2004/1/1 21:00,5.4
13244,30,5.35
13245,2004/1/1 22:00,5.3
13246,30,5.55
13247,2004/1/1 23:00,5.8
13248,30,6.05
13249,2004/1/2 0:00,6.3
13250,30,6.2
13251,2004/1/2 1:00,6.1
13252,30,5.4
13253,2004/1/2 2:00,4.7
13254,30,4.55
13255,2004/1/2 3:00,4.4
13256,30,3.8
13257,2004/1/2 4:00,3.2
13258,30,3.3
13259,2004/1/2 5:00,3.4
13260,30,2.7
13261,2004/1/2 6:00,2
13262,30,1.8
13263,2004/1/2 7:00,1.6
13264,30,2.35
13265,2004/1/2 8:00,3.1
13266,30,4
13267,2004/1/2 9:00,4.9
13268,30,6.3
13269,2004/1/2 10:00,7.7
13270,30,8.35
13271,2004/1/2 11:00,9
13272,30,10.6
13273,2004/1/2 12:00,12.2
13274,30,12.95
13275,2004/1/2 13:00,13.7
13276,30,13.95
13277,2004/1/2 14:00,14.2
13278,30,13.7
13279,2004/1/2 15:00,13.2
13280,30,13.1
13281,2004/1/2 16:00,13
13282,30,12.25
13283,2004/1/2 17:00,11.5
13284,30,10.95
13285,2004/1/2 18:00,10.4
13286,30,10
13287,2004/1/2 19:00,9.6
13288,30,8.95
13289,2004/1/2 20:00,8.3
13290,30,8.05
13291,2004/1/2 21:00,7.8
13292,30,7.45
13293,2004/1/2 22:00,7.1
13294,30,6.65
13295,2004/1/2 23:00,6.2
13296,30,5.6
13297,2004/1/3 0:00,5
13298,30,4.8
13299,2004/1/3 1:00,4.6
13300,30,4.15
13301,2004/1/3 2:00,3.7
13302,30,3.6
13303,2004/1/3 3:00,3.5
13304,30,3.7
13305,2004/1/3 4:00,3.9
13306,30,3.7
13307,2004/1/3 5:00,3.5
13308,30,3.15
13309,2004/1/3 6:00,2.8
13310,30,2.45
13311,2004/1/3 7:00,2.1
13312,30,2.6
13313,2004/1/3 8:00,3.1
13314,30,4.3
13315,2004/1/3 9:00,5.5
13316,30,6.8
13317,2004/1/3 10:00,8.1
13318,30,9.5
13319,2004/1/3 11:00,10.9
13320,30,11.75
13321,2004/1/3 12:00,12.6
13322,30,12.85
13323,2004/1/3 13:00,13.1
13324,30,13.45
13325,2004/1/3 14:00,13.8
13326,30,13.85
13327,2004/1/3 15:00,13.9
13328,30,13.5
13329,2004/1/3 16:00,13.1
13330,30,11.8
13331,2004/1/3 17:00,10.5
13332,30,9.55
13333,2004/1/3 18:00,8.6
13334,30,9.1
13335,2004/1/3 19:00,9.6
13336,30,9
13337,2004/1/3 20:00,8.4
13338,30,7.7
13339,2004/1/3 21:00,7
13340,30,6.9
13341,2004/1/3 22:00,6.8
13342,30,6.4
13343,2004/1/3 23:00,6
13344,30,5.75
13345,2004/1/4 0:00,5.5
13346,30,4.95
13347,2004/1/4 1:00,4.4
13348,30,3.6
13349,2004/1/4 2:00,2.8
13350,30,2.9
13351,2004/1/4 3:00,3
13352,30,3.15
13353,2004/1/4 4:00,3.3
13354,30,2.7
13355,2004/1/4 5:00,2.1
13356,30,1.8
13357,2004/1/4 6:00,1.5
13358,30,1.95
13359,2004/1/4 7:00,2.4
13360,30,3.25
13361,2004/1/4 8:00,4.1
13362,30,5.25
13363,2004/1/4 9:00,6.4
13364,30,7.3
13365,2004/1/4 10:00,8.2
13366,30,8.8
13367,2004/1/4 11:00,9.4
13368,30,9.9
13369,2004/1/4 12:00,10.4
13370,30,10.5
13371,2004/1/4 13:00,10.6
13372,30,10.35
13373,2004/1/4 14:00,10.1
13374,30,10.2
13375,2004/1/4 15:00,10.3
13376,30,10.05
13377,2004/1/4 16:00,9.8
13378,30,9.35
13379,2004/1/4 17:00,8.9
13380,30,8.15
13381,2004/1/4 18:00,7.4
13382,30,6.95
13383,2004/1/4 19:00,6.5
13384,30,6.4
13385,2004/1/4 20:00,6.3
13386,30,6.1
13387,2004/1/4 21:00,5.9
13388,30,5.55
13389,2004/1/4 22:00,5.2
13390,30,4.7
13391,2004/1/4 23:00,4.2
13392,30,3.65
13393,2004/1/5 0:00,3.1
13394,30,2.7
13395,2004/1/5 1:00,2.3
13396,30,2.7
13397,2004/1/5 2:00,3.1
13398,30,2.8
13399,2004/1/5 3:00,2.5
13400,30,2.1
13401,2004/1/5 4:00,1.7
13402,30,1.85
13403,2004/1/5 5:00,2
13404,30,1.35
13405,2004/1/5 6:00,0.7
13406,30,0.8
13407,2004/1/5 7:00,0.9
13408,30,0.85
13409,2004/1/5 8:00,0.8
13410,30,1.7
13411,2004/1/5 9:00,2.6
13412,30,3.9
13413,2004/1/5 10:00,5.2
13414,30,6.05
13415,2004/1/5 11:00,6.9
13416,30,7.35
13417,2004/1/5 12:00,7.8
13418,30,8.2
13419,2004/1/5 13:00,8.6
13420,30,8.75
13421,2004/1/5 14:00,8.9
13422,30,8.8
13423,2004/1/5 15:00,8.7
13424,30,8.35
13425,2004/1/5 16:00,8
13426,30,7.5
13427,2004/1/5 17:00,7
13428,30,6.55
13429,2004/1/5 18:00,6.1
13430,30,5.65
13431,2004/1/5 19:00,5.2
13432,30,4.8
13433,2004/1/5 20:00,4.4
13434,30,4.3
13435,2004/1/5 21:00,4.2
13436,30,3.8
13437,2004/1/5 22:00,3.4
13438,30,3.85
13439,2004/1/5 23:00,4.3
13440,30,4.05
13441,2004/1/6 0:00,3.8
13442,30,3.65
13443,2004/1/6 1:00,3.5
13444,30,3.45
13445,2004/1/6 2:00,3.4
13446,30,2.75
13447,2004/1/6 3:00,2.1
13448,30,1.95
13449,2004/1/6 4:00,1.8
13450,30,1.5
13451,2004/1/6 5:00,1.2
13452,30,1.1
13453,2004/1/6 6:00,1
13454,30,0.55
13455,2004/1/6 7:00,0.1
13456,30,0.75
13457,2004/1/6 8:00,1.4
13458,30,2.4
13459,2004/1/6 9:00,3.4
13460,30,4.1
13461,2004/1/6 10:00,4.8
13462,30,5.85
13463,2004/1/6 11:00,6.9
13464,30,7.55
13465,2004/1/6 12:00,8.2
13466,30,8.35
13467,2004/1/6 13:00,8.5
13468,30,8.8
13469,2004/1/6 14:00,9.1
13470,30,9.1
13471,2004/1/6 15:00,9.1
13472,30,8.9
13473,2004/1/6 16:00,8.7
13474,30,7.95
13475,2004/1/6 17:00,7.2
13476,30,6.7
13477,2004/1/6 18:00,6.2
13478,30,5.8
13479,2004/1/6 19:00,5.4
13480,30,5.15
13481,2004/1/6 20:00,4.9
13482,30,4.95
13483,2004/1/6 21:00,5
13484,30,4.45
13485,2004/1/6 22:00,3.9
13486,30,3.75
13487,2004/1/6 23:00,3.6
13488,30,3.1
13489,2004/1/7 0:00,2.6
13490,30,1.9
13491,2004/1/7 1:00,1.2
13492,30,1.2
13493,2004/1/7 2:00,1.2
13494,30,0.8
13495,2004/1/7 3:00,0.4
13496,30,0.55
13497,2004/1/7 4:00,0.7
13498,30,0.7
13499,2004/1/7 5:00,0.7
13500,30,0.45
13501,2004/1/7 6:00,0.2
13502,30,0.1
13503,2004/1/7 7:00,0
13504,30,0.3
13505,2004/1/7 8:00,0.6
13506,30,1.15
13507,2004/1/7 9:00,1.7
13508,30,2.3
13509,2004/1/7 10:00,2.9
13510,30,3.65
13511,2004/1/7 11:00,4.4
13512,30,4.85
13513,2004/1/7 12:00,5.3
13514,30,6.15
13515,2004/1/7 13:00,7
13516,30,7.3
13517,2004/1/7 14:00,7.6
13518,30,7.75
13519,2004/1/7 15:00,7.9
13520,30,7.6
13521,2004/1/7 16:00,7.3
13522,30,6.65
13523,2004/1/7 17:00,6
13524,30,5.4
13525,2004/1/7 18:00,4.8
13526,30,4.4
13527,2004/1/7 19:00,4
13528,30,3.55
13529,2004/1/7 20:00,3.1
13530,30,2.95
13531,2004/1/7 21:00,2.8
13532,30,2.7
13533,2004/1/7 22:00,2.6
13534,30,2.6
13535,2004/1/7 23:00,2.6
13536,30,2.05
13537,2004/1/8 0:00,1.5
13538,30,1.4
13539,2004/1/8 1:00,1.3
13540,30,1.2
13541,2004/1/8 2:00,1.1
13542,30,1.1
13543,2004/1/8 3:00,1.1
13544,30,1.45
13545,2004/1/8 4:00,1.8
13546,30,2.05
13547,2004/1/8 5:00,2.3
13548,30,3.2
13549,2004/1/8 6:00,4.1
13550,30,3.95
13551,2004/1/8 7:00,3.8
13552,30,4.05
13553,2004/1/8 8:00,4.3
13554,30,4.75
13555,2004/1/8 9:00,5.2
13556,30,5.65
13557,2004/1/8 10:00,6.1
13558,30,6.2
13559,2004/1/8 11:00,6.3
13560,30,6.9
13561,2004/1/8 12:00,7.5
13562,30,7.3
13563,2004/1/8 13:00,7.1
13564,30,6.95
13565,2004/1/8 14:00,6.8
13566,30,6.45
13567,2004/1/8 15:00,6.1
13568,30,5.65
13569,2004/1/8 16:00,5.2
13570,30,4.65
13571,2004/1/8 17:00,4.1
13572,30,3.85
13573,2004/1/8 18:00,3.6
13574,30,3.5
13575,2004/1/8 19:00,3.4
13576,30,3.4
13577,2004/1/8 20:00,3.4
13578,30,3.35
13579,2004/1/8 21:00,3.3
13580,30,3.1
13581,2004/1/8 22:00,2.9
13582,30,2.95
13583,2004/1/8 23:00,3
13584,30,2.95
13585,2004/1/9 0:00,2.9
13586,30,2.8
13587,2004/1/9 1:00,2.7
13588,30,2.7
13589,2004/1/9 2:00,2.7
13590,30,2.75
13591,2004/1/9 3:00,2.8
13592,30,2.8
13593,2004/1/9 4:00,2.8
13594,30,2.9
13595,2004/1/9 5:00,3
13596,30,3.05
13597,2004/1/9 6:00,3.1
13598,30,3.2
13599,2004/1/9 7:00,3.3
13600,30,3.65
13601,2004/1/9 8:00,4
13602,30,3.8
13603,2004/1/9 9:00,3.6
13604,30,4.4
13605,2004/1/9 10:00,5.2
13606,30,6.3
13607,2004/1/9 11:00,7.4
13608,30,7.7
13609,2004/1/9 12:00,8
13610,30,8.25
13611,2004/1/9 13:00,8.5
13612,30,8.65
13613,2004/1/9 14:00,8.8
13614,30,8.9
13615,2004/1/9 15:00,9
13616,30,8.5
13617,2004/1/9 16:00,8
13618,30,7.45
13619,2004/1/9 17:00,6.9
13620,30,5.8
13621,2004/1/9 18:00,4.7
13622,30,4.3
13623,2004/1/9 19:00,3.9
13624,30,3.75
13625,2004/1/9 20:00,3.6
13626,30,2.8
13627,2004/1/9 21:00,2
13628,30,1.5
13629,2004/1/9 22:00,1
13630,30,0.8
13631,2004/1/9 23:00,0.6
13632,30,0.6
13633,2004/1/10 0:00,0.6
13634,30,0.5
13635,2004/1/10 1:00,0.4
13636,30,0.1
13637,2004/1/10 2:00,-0.2
13638,30,-0.4
13639,2004/1/10 3:00,-0.6
13640,30,-1.2
13641,2004/1/10 4:00,-1.8
13642,30,-1.7
13643,2004/1/10 5:00,-1.6
13644,30,-1.8
13645,2004/1/10 6:00,-2
13646,30,-2.1
13647,2004/1/10 7:00,-2.2
13648,30,-1.85
13649,2004/1/10 8:00,-1.5
13650,30,-0.6
13651,2004/1/10 9:00,0.3
13652,30,1.45
13653,2004/1/10 10:00,2.6
13654,30,3.5
13655,2004/1/10 11:00,4.4
13656,30,5.25
13657,2004/1/10 12:00,6.1
13658,30,7.1
13659,2004/1/10 13:00,8.1
13660,30,7.9
13661,2004/1/10 14:00,7.7
13662,30,8.35
13663,2004/1/10 15:00,9
13664,30,8.55
13665,2004/1/10 16:00,8.1
13666,30,7.35
13667,2004/1/10 17:00,6.6
13668,30,6.15
13669,2004/1/10 18:00,5.7
13670,30,5.15
13671,2004/1/10 19:00,4.6
13672,30,4
13673,2004/1/10 20:00,3.4
13674,30,2.9
13675,2004/1/10 21:00,2.4
13676,30,2.55
13677,2004/1/10 22:00,2.7
13678,30,3.5
13679,2004/1/10 23:00,4.3
13680,30,4.75
13681,2004/1/11 0:00,5.2
13682,30,5.45
13683,2004/1/11 1:00,5.7
13684,30,5.2
13685,2004/1/11 2:00,4.7
13686,30,4.35
13687,2004/1/11 3:00,4
13688,30,3.8
13689,2004/1/11 4:00,3.6
13690,30,3.3
13691,2004/1/11 5:00,3
13692,30,2.9
13693,2004/1/11 6:00,2.8
13694,30,2.65
13695,2004/1/11 7:00,2.5
13696,30,2.7
13697,2004/1/11 8:00,2.9
13698,30,3.25
13699,2004/1/11 9:00,3.6
13700,30,4.45
13701,2004/1/11 10:00,5.3
13702,30,6.15
13703,2004/1/11 11:00,7
13704,30,7.2
13705,2004/1/11 12:00,7.4
13706,30,8
13707,2004/1/11 13:00,8.6
13708,30,8.4
13709,2004/1/11 14:00,8.2
13710,30,7.7
13711,2004/1/11 15:00,7.2
13712,30,6.75
13713,2004/1/11 16:00,6.3
13714,30,5.65
13715,2004/1/11 17:00,5
13716,30,4.65
13717,2004/1/11 18:00,4.3
13718,30,4.1
13719,2004/1/11 19:00,3.9
13720,30,3.9
13721,2004/1/11 20:00,3.9
13722,30,3.85
13723,2004/1/11 21:00,3.8
13724,30,3.45
13725,2004/1/11 22:00,3.1
13726,30,2.95
13727,2004/1/11 23:00,2.8
13728,30,2.75
13729,2004/1/12 0:00,2.7
13730,30,2.4
13731,2004/1/12 1:00,2.1
13732,30,2
13733,2004/1/12 2:00,1.9
13734,30,1.6
13735,2004/1/12 3:00,1.3
13736,30,1
13737,2004/1/12 4:00,0.7
13738,30,0.65
13739,2004/1/12 5:00,0.6
13740,30,-0.3
13741,2004/1/12 6:00,-1.2
13742,30,-1.5
13743,2004/1/12 7:00,-1.8
13744,30,-1.7
13745,2004/1/12 8:00,-1.6
13746,30,-0.35
13747,2004/1/12 9:00,0.9
13748,30,2.65
13749,2004/1/12 10:00,4.4
13750,30,4.5
13751,2004/1/12 11:00,4.6
13752,30,4.65
13753,2004/1/12 12:00,4.7
13754,30,5.2
13755,2004/1/12 13:00,5.7
13756,30,6.15
13757,2004/1/12 14:00,6.6
13758,30,6.75
13759,2004/1/12 15:00,6.9
13760,30,6.9
13761,2004/1/12 16:00,6.9
13762,30,6.65
13763,2004/1/12 17:00,6.4
13764,30,5.9
13765,2004/1/12 18:00,5.4
13766,30,5.25
13767,2004/1/12 19:00,5.1
13768,30,4.95
13769,2004/1/12 20:00,4.8
13770,30,4.75
13771,2004/1/12 21:00,4.7
13772,30,4.35
13773,2004/1/12 22:00,4
13774,30,4.05
13775,2004/1/12 23:00,4.1
13776,30,4
13777,2004/1/13 0:00,3.9
13778,30,4.1
13779,2004/1/13 1:00,4.3
13780,30,4
13781,2004/1/13 2:00,3.7
13782,30,3.6
13783,2004/1/13 3:00,3.5
13784,30,3.5
13785,2004/1/13 4:00,3.5
13786,30,3.3
13787,2004/1/13 5:00,3.1
13788,30,2.65
13789,2004/1/13 6:00,2.2
13790,30,2.2
13791,2004/1/13 7:00,2.2
13792,30,1.85
13793,2004/1/13 8:00,1.5
13794,30,1.7
13795,2004/1/13 9:00,1.9
13796,30,2.95
13797,2004/1/13 10:00,4
13798,30,4.45
13799,2004/1/13 11:00,4.9
13800,30,5.4
13801,2004/1/13 12:00,5.9
13802,30,6.7
13803,2004/1/13 13:00,7.5
13804,30,8.35
13805,2004/1/13 14:00,9.2
13806,30,10.5
13807,2004/1/13 15:00,11.8
13808,30,10.8
13809,2004/1/13 16:00,9.8
13810,30,9.05
13811,2004/1/13 17:00,8.3
13812,30,7.75
13813,2004/1/13 18:00,7.2
13814,30,6.8
13815,2004/1/13 19:00,6.4
13816,30,6.2
13817,2004/1/13 20:00,6
13818,30,5.95
13819,2004/1/13 21:00,5.9
13820,30,5.55
13821,2004/1/13 22:00,5.2
13822,30,5
13823,2004/1/13 23:00,4.8
13824,30,4.5
13825,2004/1/14 0:00,4.2
13826,30,4.05
13827,2004/1/14 1:00,3.9
13828,30,3.8
13829,2004/1/14 2:00,3.7
13830,30,3.45
13831,2004/1/14 3:00,3.2
13832,30,3
13833,2004/1/14 4:00,2.8
13834,30,2.75
13835,2004/1/14 5:00,2.7
13836,30,2.6
13837,2004/1/14 6:00,2.5
13838,30,2.3
13839,2004/1/14 7:00,2.1
13840,30,2.4
13841,2004/1/14 8:00,2.7
13842,30,3.25
13843,2004/1/14 9:00,3.8
13844,30,4.25
13845,2004/1/14 10:00,4.7
13846,30,5
13847,2004/1/14 11:00,5.3
13848,30,5.55
13849,2004/1/14 12:00,5.8
13850,30,5.95
13851,2004/1/14 13:00,6.1
13852,30,6.1
13853,2004/1/14 14:00,6.1
13854,30,6
13855,2004/1/14 15:00,5.9
13856,30,5.4
13857,2004/1/14 16:00,4.9
13858,30,4.4
13859,2004/1/14 17:00,3.9
13860,30,3.6
13861,2004/1/14 18:00,3.3
13862,30,3
13863,2004/1/14 19:00,2.7
13864,30,2.4
13865,2004/1/14 20:00,2.1
13866,30,1.95
13867,2004/1/14 21:00,1.8
13868,30,1.9
13869,2004/1/14 22:00,2
13870,30,1.9
13871,2004/1/14 23:00,1.8
13872,30,1.75
13873,2004/1/15 0:00,1.7
13874,30,1.55
13875,2004/1/15 1:00,1.4
13876,30,1.5
13877,2004/1/15 2:00,1.6
13878,30,1.25
13879,2004/1/15 3:00,0.9
13880,30,0.15
13881,2004/1/15 4:00,-0.6
13882,30,-1.35
13883,2004/1/15 5:00,-2.1
13884,30,-2.4
13885,2004/1/15 6:00,-2.7
13886,30,-2.45
13887,2004/1/15 7:00,-2.2
13888,30,-0.45
13889,2004/1/15 8:00,1.3
13890,30,2.5
13891,2004/1/15 9:00,3.7
13892,30,4.15
13893,2004/1/15 10:00,4.6
13894,30,5.45
13895,2004/1/15 11:00,6.3
13896,30,6.5
13897,2004/1/15 12:00,6.7
13898,30,7
13899,2004/1/15 13:00,7.3
13900,30,7.4
13901,2004/1/15 14:00,7.5
13902,30,7.45
13903,2004/1/15 15:00,7.4
13904,30,6.85
13905,2004/1/15 16:00,6.3
13906,30,5.7
13907,2004/1/15 17:00,5.1
13908,30,4.6
13909,2004/1/15 18:00,4.1
13910,30,3.6
13911,2004/1/15 19:00,3.1
13912,30,2.75
13913,2004/1/15 20:00,2.4
13914,30,2.15
13915,2004/1/15 21:00,1.9
13916,30,1.65
13917,2004/1/15 22:00,1.4
13918,30,1.3
13919,2004/1/15 23:00,1.2
13920,30,1.2
13921,2004/1/16 0:00,1.2
13922,30,0.95
13923,2004/1/16 1:00,0.7
13924,30,0.7
13925,2004/1/16 2:00,0.7
13926,30,0.65
13927,2004/1/16 3:00,0.6
13928,30,-0.25
13929,2004/1/16 4:00,-1.1
13930,30,-1.25
13931,2004/1/16 5:00,-1.4
13932,30,-0.65
13933,2004/1/16 6:00,0.1
13934,30,-0.4
13935,2004/1/16 7:00,-0.9
13936,30,0.05
13937,2004/1/16 8:00,1
13938,30,2.25
13939,2004/1/16 9:00,3.5
13940,30,4.25
13941,2004/1/16 10:00,5
13942,30,5.4
13943,2004/1/16 11:00,5.8
13944,30,6.25
13945,2004/1/16 12:00,6.7
13946,30,6.95
13947,2004/1/16 13:00,7.2
13948,30,7.5
13949,2004/1/16 14:00,7.8
13950,30,7.7
13951,2004/1/16 15:00,7.6
13952,30,6.9
13953,2004/1/16 16:00,6.2
13954,30,5.5
13955,2004/1/16 17:00,4.8
13956,30,4.3
13957,2004/1/16 18:00,3.8
13958,30,3.35
13959,2004/1/16 19:00,2.9
13960,30,2.55
13961,2004/1/16 20:00,2.2
13962,30,1.75
13963,2004/1/16 21:00,1.3
13964,30,1.1
13965,2004/1/16 22:00,0.9
13966,30,0.8
13967,2004/1/16 23:00,0.7
13968,30,0.65
13969,2004/1/17 0:00,0.6
13970,30,0.65
13971,2004/1/17 1:00,0.7
13972,30,0.75
13973,2004/1/17 2:00,0.8
13974,30,0.65
13975,2004/1/17 3:00,0.5
13976,30,0.4
13977,2004/1/17 4:00,0.3
13978,30,0.3
13979,2004/1/17 5:00,0.3
13980,30,0.25
13981,2004/1/17 6:00,0.2
13982,30,0.2
13983,2004/1/17 7:00,0.2
13984,30,0.45
13985,2004/1/17 8:00,0.7
13986,30,0.95
13987,2004/1/17 9:00,1.2
13988,30,1.9
13989,2004/1/17 10:00,2.6
13990,30,2.95
13991,2004/1/17 11:00,3.3
13992,30,3.8
13993,2004/1/17 12:00,4.3
13994,30,4
13995,2004/1/17 13:00,3.7
13996,30,4
13997,2004/1/17 14:00,4.3
13998,30,4.25
13999,2004/1/17 15:00,4.2
14000,30,4.1
14001,2004/1/17 16:00,4
14002,30,3.9
14003,2004/1/17 17:00,3.8
14004,30,3.45
14005,2004/1/17 18:00,3.1
14006,30,3.1
14007,2004/1/17 19:00,3.1
14008,30,3.2
14009,2004/1/17 20:00,3.3
14010,30,2.95
14011,2004/1/17 21:00,2.6
14012,30,2.15
14013,2004/1/17 22:00,1.7
14014,30,1.75
14015,2004/1/17 23:00,1.8
14016,30,1.4
14017,2004/1/18 0:00,1
14018,30,0.95
14019,2004/1/18 1:00,0.9
14020,30,1
14021,2004/1/18 2:00,1.1
14022,30,1.2
14023,2004/1/18 3:00,1.3
14024,30,1.25
14025,2004/1/18 4:00,1.2
14026,30,1.35
14027,2004/1/18 5:00,1.5
14028,30,1.6
14029,2004/1/18 6:00,1.7
14030,30,1.6
14031,2004/1/18 7:00,1.5
14032,30,1.55
14033,2004/1/18 8:00,1.6
14034,30,2.3
14035,2004/1/18 9:00,3
14036,30,3.75
14037,2004/1/18 10:00,4.5
14038,30,5.2
14039,2004/1/18 11:00,5.9
14040,30,6.55
14041,2004/1/18 12:00,7.2
14042,30,7.6
14043,2004/1/18 13:00,8
14044,30,8.2
14045,2004/1/18 14:00,8.4
14046,30,8.25
14047,2004/1/18 15:00,8.1
14048,30,8.1
14049,2004/1/18 16:00,8.1
14050,30,7.35
14051,2004/1/18 17:00,6.6
14052,30,6.3
14053,2004/1/18 18:00,6
14054,30,5.45
14055,2004/1/18 19:00,4.9
14056,30,4.55
14057,2004/1/18 20:00,4.2
14058,30,3.9
14059,2004/1/18 21:00,3.6
14060,30,3.25
14061,2004/1/18 22:00,2.9
14062,30,3
14063,2004/1/18 23:00,3.1
14064,30,2.95
14065,2004/1/19 0:00,2.8
14066,30,2.8
14067,2004/1/19 1:00,2.8
14068,30,3
14069,2004/1/19 2:00,3.2
14070,30,3.3
14071,2004/1/19 3:00,3.4
14072,30,3.25
14073,2004/1/19 4:00,3.1
14074,30,2.85
14075,2004/1/19 5:00,2.6
14076,30,2.3
14077,2004/1/19 6:00,2
14078,30,2
14079,2004/1/19 7:00,2
14080,30,1.9
14081,2004/1/19 8:00,1.8
14082,30,1.55
14083,2004/1/19 9:00,1.3
14084,30,1.6
14085,2004/1/19 10:00,1.9
14086,30,1.9
14087,2004/1/19 11:00,1.9
14088,30,2.2
14089,2004/1/19 12:00,2.5
14090,30,3.05
14091,2004/1/19 13:00,3.6
14092,30,4.6
14093,2004/1/19 14:00,5.6
14094,30,6.45
14095,2004/1/19 15:00,7.3
14096,30,7.3
14097,2004/1/19 16:00,7.3
14098,30,6.55
14099,2004/1/19 17:00,5.8
14100,30,5.2
14101,2004/1/19 18:00,4.6
14102,30,4
14103,2004/1/19 19:00,3.4
14104,30,2.95
14105,2004/1/19 20:00,2.5
14106,30,2.6
14107,2004/1/19 21:00,2.7
14108,30,3.3
14109,2004/1/19 22:00,3.9
14110,30,2.9
14111,2004/1/19 23:00,1.9
14112,30,1.95
14113,2004/1/20 0:00,2
14114,30,2.45
14115,2004/1/20 1:00,2.9
14116,30,2.4
14117,2004/1/20 2:00,1.9
14118,30,2.55
14119,2004/1/20 3:00,3.2
14120,30,3.35
14121,2004/1/20 4:00,3.5
14122,30,3.3
14123,2004/1/20 5:00,3.1
14124,30,3.25
14125,2004/1/20 6:00,3.4
14126,30,3.4
14127,2004/1/20 7:00,3.4
14128,30,4.3
14129,2004/1/20 8:00,5.2
14130,30,5.85
14131,2004/1/20 9:00,6.5
14132,30,7.4
14133,2004/1/20 10:00,8.3
14134,30,8.95
14135,2004/1/20 11:00,9.6
14136,30,10.15
14137,2004/1/20 12:00,10.7
14138,30,11.1
14139,2004/1/20 13:00,11.5
14140,30,11.55
14141,2004/1/20 14:00,11.6
14142,30,11.45
14143,2004/1/20 15:00,11.3
14144,30,10.95
14145,2004/1/20 16:00,10.6
14146,30,9.8
14147,2004/1/20 17:00,9
14148,30,8.15
14149,2004/1/20 18:00,7.3
14150,30,7.1
14151,2004/1/20 19:00,6.9
14152,30,6.15
14153,2004/1/20 20:00,5.4
14154,30,5.3
14155,2004/1/20 21:00,5.2
14156,30,4.95
14157,2004/1/20 22:00,4.7
14158,30,4.75
14159,2004/1/20 23:00,4.8
14160,30,4.5
14161,2004/1/21 0:00,4.2
14162,30,3.75
14163,2004/1/21 1:00,3.3
14164,30,3.3
14165,2004/1/21 2:00,3.3
14166,30,3.45
14167,2004/1/21 3:00,3.6
14168,30,3.65
14169,2004/1/21 4:00,3.7
14170,30,3.45
14171,2004/1/21 5:00,3.2
14172,30,3.5
14173,2004/1/21 6:00,3.8
14174,30,3.5
14175,2004/1/21 7:00,3.2
14176,30,3.35
14177,2004/1/21 8:00,3.5
14178,30,4.1
14179,2004/1/21 9:00,4.7
14180,30,5.85
14181,2004/1/21 10:00,7
14182,30,7.55
14183,2004/1/21 11:00,8.1
14184,30,8.65
14185,2004/1/21 12:00,9.2
14186,30,9.4
14187,2004/1/21 13:00,9.6
14188,30,9.65
14189,2004/1/21 14:00,9.7
14190,30,9.85
14191,2004/1/21 15:00,10
14192,30,10.1
14193,2004/1/21 16:00,10.2
14194,30,9.9
14195,2004/1/21 17:00,9.6
14196,30,9.45
14197,2004/1/21 18:00,9.3
14198,30,9.3
14199,2004/1/21 19:00,9.3
14200,30,8.85
14201,2004/1/21 20:00,8.4
14202,30,8
14203,2004/1/21 21:00,7.6
14204,30,6.9
14205,2004/1/21 22:00,6.2
14206,30,5.4
14207,2004/1/21 23:00,4.6
14208,30,4.1
14209,2004/1/22 0:00,3.6
14210,30,2.95
14211,2004/1/22 1:00,2.3
14212,30,1.85
14213,2004/1/22 2:00,1.4
14214,30,1.25
14215,2004/1/22 3:00,1.1
14216,30,0.65
14217,2004/1/22 4:00,0.2
14218,30,0.2
14219,2004/1/22 5:00,0.2
14220,30,-0.05
14221,2004/1/22 6:00,-0.3
14222,30,0.65
14223,2004/1/22 7:00,1.6
14224,30,2.2
14225,2004/1/22 8:00,2.8
14226,30,3.7
14227,2004/1/22 9:00,4.6
14228,30,5.45
14229,2004/1/22 10:00,6.3
14230,30,6.55
14231,2004/1/22 11:00,6.8
14232,30,7.05
14233,2004/1/22 12:00,7.3
14234,30,7.65
14235,2004/1/22 13:00,8
14236,30,7.45
14237,2004/1/22 14:00,6.9
14238,30,6.8
14239,2004/1/22 15:00,6.7
14240,30,5.8
14241,2004/1/22 16:00,4.9
14242,30,4.55
14243,2004/1/22 17:00,4.2
14244,30,3.75
14245,2004/1/22 18:00,3.3
14246,30,2.9
14247,2004/1/22 19:00,2.5
14248,30,2.1
14249,2004/1/22 20:00,1.7
14250,30,1.1
14251,2004/1/22 21:00,0.5
14252,30,0.2
14253,2004/1/22 22:00,-0.1
14254,30,-0.1
14255,2004/1/22 23:00,-0.1
14256,30,-0.05
14257,2004/1/23 0:00,0
14258,30,0.05
14259,2004/1/23 1:00,0.1
14260,30,0
14261,2004/1/23 2:00,-0.1
14262,30,-0.05
14263,2004/1/23 3:00,0
14264,30,-0.1
14265,2004/1/23 4:00,-0.2
14266,30,-0.35
14267,2004/1/23 5:00,-0.5
14268,30,-0.55
14269,2004/1/23 6:00,-0.6
14270,30,-0.6
14271,2004/1/23 7:00,-0.6
14272,30,0.35
14273,2004/1/23 8:00,1.3
14274,30,2.35
14275,2004/1/23 9:00,3.4
14276,30,4.2
14277,2004/1/23 10:00,5
14278,30,5.9
14279,2004/1/23 11:00,6.8
14280,30,7.35
14281,2004/1/23 12:00,7.9
14282,30,8.15
14283,2004/1/23 13:00,8.4
14284,30,8.35
14285,2004/1/23 14:00,8.3
14286,30,8.7
14287,2004/1/23 15:00,9.1
14288,30,8.55
14289,2004/1/23 16:00,8
14290,30,7.3
14291,2004/1/23 17:00,6.6
14292,30,6.15
14293,2004/1/23 18:00,5.7
14294,30,5.25
14295,2004/1/23 19:00,4.8
14296,30,3.9
14297,2004/1/23 20:00,3
14298,30,2.7
14299,2004/1/23 21:00,2.4
14300,30,2.15
14301,2004/1/23 22:00,1.9
14302,30,1.5
14303,2004/1/23 23:00,1.1
14304,30,0.7
14305,2004/1/24 0:00,0.3
14306,30,0.65
14307,2004/1/24 1:00,1
14308,30,0.35
14309,2004/1/24 2:00,-0.3
14310,30,-0.85
14311,2004/1/24 3:00,-1.4
14312,30,-1.5
14313,2004/1/24 4:00,-1.6
14314,30,-1.75
14315,2004/1/24 5:00,-1.9
14316,30,-2.05
14317,2004/1/24 6:00,-2.2
14318,30,-1.65
14319,2004/1/24 7:00,-1.1
14320,30,-0.75
14321,2004/1/24 8:00,-0.4
14322,30,0
14323,2004/1/24 9:00,0.4
14324,30,1.65
14325,2004/1/24 10:00,2.9
14326,30,3.5
14327,2004/1/24 11:00,4.1
14328,30,4.7
14329,2004/1/24 12:00,5.3
14330,30,5.35
14331,2004/1/24 13:00,5.4
14332,30,6.05
14333,2004/1/24 14:00,6.7
14334,30,6.75
14335,2004/1/24 15:00,6.8
14336,30,6.7
14337,2004/1/24 16:00,6.6
14338,30,6.25
14339,2004/1/24 17:00,5.9
14340,30,5.55
14341,2004/1/24 18:00,5.2
14342,30,4.8
14343,2004/1/24 19:00,4.4
14344,30,3.85
14345,2004/1/24 20:00,3.3
14346,30,2.95
14347,2004/1/24 21:00,2.6
14348,30,2.35
14349,2004/1/24 22:00,2.1
14350,30,1.9
14351,2004/1/24 23:00,1.7
14352,30,1.35
14353,2004/1/25 0:00,1
14354,30,0.6
14355,2004/1/25 1:00,0.2
14356,30,0.05
14357,2004/1/25 2:00,-0.1
14358,30,-0.15
14359,2004/1/25 3:00,-0.2
14360,30,-0.9
14361,2004/1/25 4:00,-1.6
14362,30,-1.7
14363,2004/1/25 5:00,-1.8
14364,30,-2.05
14365,2004/1/25 6:00,-2.3
14366,30,-2.55
14367,2004/1/25 7:00,-2.8
14368,30,-1.9
14369,2004/1/25 8:00,-1
14370,30,0.75
14371,2004/1/25 9:00,2.5
14372,30,3.9
14373,2004/1/25 10:00,5.3
14374,30,6.15
14375,2004/1/25 11:00,7
14376,30,6.85
14377,2004/1/25 12:00,6.7
14378,30,7.3
14379,2004/1/25 13:00,7.9
14380,30,8.05
14381,2004/1/25 14:00,8.2
14382,30,8.15
14383,2004/1/25 15:00,8.1
14384,30,7.75
14385,2004/1/25 16:00,7.4
14386,30,6.35
14387,2004/1/25 17:00,5.3
14388,30,5.35
14389,2004/1/25 18:00,5.4
14390,30,5.4
14391,2004/1/25 19:00,5.4
14392,30,4.9
14393,2004/1/25 20:00,4.4
14394,30,4.1
14395,2004/1/25 21:00,3.8
14396,30,3.85
14397,2004/1/25 22:00,3.9
14398,30,3.75
14399,2004/1/25 23:00,3.6
14400,30,3.5
14401,2004/1/26 0:00,3.4
14402,30,2.8
14403,2004/1/26 1:00,2.2
14404,30,1.8
14405,2004/1/26 2:00,1.4
14406,30,1
14407,2004/1/26 3:00,0.6
14408,30,0.3
14409,2004/1/26 4:00,0
14410,30,-0.45
14411,2004/1/26 5:00,-0.9
14412,30,-1.05
14413,2004/1/26 6:00,-1.2
14414,30,-1.65
14415,2004/1/26 7:00,-2.1
14416,30,-1.1
14417,2004/1/26 8:00,-0.1
14418,30,1
14419,2004/1/26 9:00,2.1
14420,30,3.65
14421,2004/1/26 10:00,5.2
14422,30,6.05
14423,2004/1/26 11:00,6.9
14424,30,7.45
14425,2004/1/26 12:00,8
14426,30,8.2
14427,2004/1/26 13:00,8.4
14428,30,8.95
14429,2004/1/26 14:00,9.5
14430,30,9.6
14431,2004/1/26 15:00,9.7
14432,30,9.25
14433,2004/1/26 16:00,8.8
14434,30,8.25
14435,2004/1/26 17:00,7.7
14436,30,7.15
14437,2004/1/26 18:00,6.6
14438,30,5.75
14439,2004/1/26 19:00,4.9
14440,30,4.45
14441,2004/1/26 20:00,4
14442,30,3.95
14443,2004/1/26 21:00,3.9
14444,30,3.05
14445,2004/1/26 22:00,2.2
14446,30,2
14447,2004/1/26 23:00,1.8
14448,30,1.65
14449,2004/1/27 0:00,1.5
14450,30,1.3
14451,2004/1/27 1:00,1.1
14452,30,0.9
14453,2004/1/27 2:00,0.7
14454,30,0.55
14455,2004/1/27 3:00,0.4
14456,30,0.3
14457,2004/1/27 4:00,0.2
14458,30,-0.1
14459,2004/1/27 5:00,-0.4
14460,30,-0.65
14461,2004/1/27 6:00,-0.9
14462,30,-1.15
14463,2004/1/27 7:00,-1.4
14464,30,-0.75
14465,2004/1/27 8:00,-0.1
14466,30,0.65
14467,2004/1/27 9:00,1.4
14468,30,1.95
14469,2004/1/27 10:00,2.5
14470,30,3.55
14471,2004/1/27 11:00,4.6
14472,30,5.4
14473,2004/1/27 12:00,6.2
14474,30,6.75
14475,2004/1/27 13:00,7.3
14476,30,7.75
14477,2004/1/27 14:00,8.2
14478,30,8.3
14479,2004/1/27 15:00,8.4
14480,30,8.2
14481,2004/1/27 16:00,8
14482,30,7.75
14483,2004/1/27 17:00,7.5
14484,30,6.8
14485,2004/1/27 18:00,6.1
14486,30,5.7
14487,2004/1/27 19:00,5.3
14488,30,4.85
14489,2004/1/27 20:00,4.4
14490,30,3.9
14491,2004/1/27 21:00,3.4
14492,30,2.95
14493,2004/1/27 22:00,2.5
14494,30,2.3
14495,2004/1/27 23:00,2.1
14496,30,1.6
14497,2004/1/28 0:00,1.1
14498,30,1.15
14499,2004/1/28 1:00,1.2
14500,30,1.05
14501,2004/1/28 2:00,0.9
14502,30,0.85
14503,2004/1/28 3:00,0.8
14504,30,0.25
14505,2004/1/28 4:00,-0.3
14506,30,-0.1
14507,2004/1/28 5:00,0.1
14508,30,0.3
14509,2004/1/28 6:00,0.5
14510,30,0.55
14511,2004/1/28 7:00,0.6
14512,30,1.5
14513,2004/1/28 8:00,2.4
14514,30,3.65
14515,2004/1/28 9:00,4.9
14516,30,5.95
14517,2004/1/28 10:00,7
14518,30,7.5
14519,2004/1/28 11:00,8
14520,30,8.65
14521,2004/1/28 12:00,9.3
14522,30,9.6
14523,2004/1/28 13:00,9.9
14524,30,10.35
14525,2004/1/28 14:00,10.8
14526,30,10.85
14527,2004/1/28 15:00,10.9
14528,30,10.4
14529,2004/1/28 16:00,9.9
14530,30,9.4
14531,2004/1/28 17:00,8.9
14532,30,8.4
14533,2004/1/28 18:00,7.9
14534,30,7.75
14535,2004/1/28 19:00,7.6
14536,30,7.2
14537,2004/1/28 20:00,6.8
14538,30,5.95
14539,2004/1/28 21:00,5.1
14540,30,4.95
14541,2004/1/28 22:00,4.8
14542,30,4.4
14543,2004/1/28 23:00,4
14544,30,3.15
14545,2004/1/29 0:00,2.3
14546,30,2
14547,2004/1/29 1:00,1.7
14548,30,1.75
14549,2004/1/29 2:00,1.8
14550,30,2.35
14551,2004/1/29 3:00,2.9
14552,30,2.75
14553,2004/1/29 4:00,2.6
14554,30,2.95
14555,2004/1/29 5:00,3.3
14556,30,2.5
14557,2004/1/29 6:00,1.7
14558,30,2.25
14559,2004/1/29 7:00,2.8
14560,30,3.3
14561,2004/1/29 8:00,3.8
14562,30,5.25
14563,2004/1/29 9:00,6.7
14564,30,7.9
14565,2004/1/29 10:00,9.1
14566,30,9.95
14567,2004/1/29 11:00,10.8
14568,30,11.25
14569,2004/1/29 12:00,11.7
14570,30,11.7
14571,2004/1/29 13:00,11.7
14572,30,12
14573,2004/1/29 14:00,12.3
14574,30,11.95
14575,2004/1/29 15:00,11.6
14576,30,11.35
14577,2004/1/29 16:00,11.1
14578,30,10.9
14579,2004/1/29 17:00,10.7
14580,30,9.2
14581,2004/1/29 18:00,7.7
14582,30,7.15
14583,2004/1/29 19:00,6.6
14584,30,6.05
14585,2004/1/29 20:00,5.5
14586,30,5.1
14587,2004/1/29 21:00,4.7
14588,30,4.35
14589,2004/1/29 22:00,4
14590,30,3.6
14591,2004/1/29 23:00,3.2
14592,30,2.95
14593,2004/1/30 0:00,2.7
14594,30,2.9
14595,2004/1/30 1:00,3.1
14596,30,2.9
14597,2004/1/30 2:00,2.7
14598,30,2.85
14599,2004/1/30 3:00,3
14600,30,3.2
14601,2004/1/30 4:00,3.4
14602,30,3.45
14603,2004/1/30 5:00,3.5
14604,30,3.4
14605,2004/1/30 6:00,3.3
14606,30,3.1
14607,2004/1/30 7:00,2.9
14608,30,3.4
14609,2004/1/30 8:00,3.9
14610,30,4.5
14611,2004/1/30 9:00,5.1
14612,30,5.5
14613,2004/1/30 10:00,5.9
14614,30,6.7
14615,2004/1/30 11:00,7.5
14616,30,8.05
14617,2004/1/30 12:00,8.6
14618,30,8.9
14619,2004/1/30 13:00,9.2
14620,30,9.15
14621,2004/1/30 14:00,9.1
14622,30,9.6
14623,2004/1/30 15:00,10.1
14624,30,9.9
14625,2004/1/30 16:00,9.7
14626,30,9.5
14627,2004/1/30 17:00,9.3
14628,30,8.75
14629,2004/1/30 18:00,8.2
14630,30,7.25
14631,2004/1/30 19:00,6.3
14632,30,6.1
14633,2004/1/30 20:00,5.9
14634,30,5.8
14635,2004/1/30 21:00,5.7
14636,30,5.4
14637,2004/1/30 22:00,5.1
14638,30,5.05
14639,2004/1/30 23:00,5
14640,30,4.35
14641,2004/1/31 0:00,3.7
14642,30,3.7
14643,2004/1/31 1:00,3.7
14644,30,3.65
14645,2004/1/31 2:00,3.6
14646,30,3.35
14647,2004/1/31 3:00,3.1
14648,30,3.25
14649,2004/1/31 4:00,3.4
14650,30,3.2
14651,2004/1/31 5:00,3
14652,30,3
14653,2004/1/31 6:00,3
14654,30,3.1
14655,2004/1/31 7:00,3.2
14656,30,3.85
14657,2004/1/31 8:00,4.5
14658,30,5.45
14659,2004/1/31 9:00,6.4
14660,30,7.4
14661,2004/1/31 10:00,8.4
14662,30,8.75
14663,2004/1/31 11:00,9.1
14664,30,9.6
14665,2004/1/31 12:00,10.1
14666,30,10.15
14667,2004/1/31 13:00,10.2
14668,30,10.25
14669,2004/1/31 14:00,10.3
14670,30,10.2
14671,2004/1/31 15:00,10.1
14672,30,9.55
14673,2004/1/31 16:00,9
14674,30,8.35
14675,2004/1/31 17:00,7.7
14676,30,7.15
14677,2004/1/31 18:00,6.6
14678,30,6.15
14679,2004/1/31 19:00,5.7
14680,30,5.35
14681,2004/1/31 20:00,5
14682,30,4.75
14683,2004/1/31 21:00,4.5
14684,30,3.9
14685,2004/1/31 22:00,3.3
14686,30,2.95
14687,2004/1/31 23:00,2.6
14688,30,2.35
14689,2004/2/1 0:00,2.1
14690,30,1.65
14691,2004/2/1 1:00,1.2
14692,30,0.65
14693,2004/2/1 2:00,0.1
14694,30,-0.25
14695,2004/2/1 3:00,-0.6
14696,30,-0.5
14697,2004/2/1 4:00,-0.4
14698,30,-0.55
14699,2004/2/1 5:00,-0.7
14700,30,-0.8
14701,2004/2/1 6:00,-0.9
14702,30,-0.9
14703,2004/2/1 7:00,-0.9
14704,30,-0.15
14705,2004/2/1 8:00,0.6
14706,30,1.75
14707,2004/2/1 9:00,2.9
14708,30,4.05
14709,2004/2/1 10:00,5.2
14710,30,5.95
14711,2004/2/1 11:00,6.7
14712,30,7.45
14713,2004/2/1 12:00,8.2
14714,30,8.55
14715,2004/2/1 13:00,8.9
14716,30,9.2
14717,2004/2/1 14:00,9.5
14718,30,9.55
14719,2004/2/1 15:00,9.6
14720,30,9.55
14721,2004/2/1 16:00,9.5
14722,30,9.2
14723,2004/2/1 17:00,8.9
14724,30,8.8
14725,2004/2/1 18:00,8.7
14726,30,8.15
14727,2004/2/1 19:00,7.6
14728,30,7
14729,2004/2/1 20:00,6.4
14730,30,6.2
14731,2004/2/1 21:00,6
14732,30,5.6
14733,2004/2/1 22:00,5.2
14734,30,5.2
14735,2004/2/1 23:00,5.2
14736,30,5.25
14737,2004/2/2 0:00,5.3
14738,30,5.4
14739,2004/2/2 1:00,5.5
14740,30,5.3
14741,2004/2/2 2:00,5.1
14742,30,4.65
14743,2004/2/2 3:00,4.2
14744,30,4.1
14745,2004/2/2 4:00,4
14746,30,4
14747,2004/2/2 5:00,4
14748,30,3.9
14749,2004/2/2 6:00,3.8
14750,30,3.8
14751,2004/2/2 7:00,3.8
14752,30,3.85
14753,2004/2/2 8:00,3.9
14754,30,4.1
14755,2004/2/2 9:00,4.3
14756,30,4.45
14757,2004/2/2 10:00,4.6
14758,30,4.8
14759,2004/2/2 11:00,5
14760,30,4.5
14761,2004/2/2 12:00,4
14762,30,3.8
14763,2004/2/2 13:00,3.6
14764,30,3.35
14765,2004/2/2 14:00,3.1
14766,30,3.3
14767,2004/2/2 15:00,3.5
14768,30,3.65
14769,2004/2/2 16:00,3.8
14770,30,3.9
14771,2004/2/2 17:00,4
14772,30,4.05
14773,2004/2/2 18:00,4.1
14774,30,4
14775,2004/2/2 19:00,3.9
14776,30,3.95
14777,2004/2/2 20:00,4
14778,30,4.25
14779,2004/2/2 21:00,4.5
14780,30,4.7
14781,2004/2/2 22:00,4.9
14782,30,4.45
14783,2004/2/2 23:00,4
14784,30,3.8
14785,2004/2/3 0:00,3.6
14786,30,3.6
14787,2004/2/3 1:00,3.6
14788,30,3.4
14789,2004/2/3 2:00,3.2
14790,30,3.25
14791,2004/2/3 3:00,3.3
14792,30,3.3
14793,2004/2/3 4:00,3.3
14794,30,3.4
14795,2004/2/3 5:00,3.5
14796,30,3.5
14797,2004/2/3 6:00,3.5
14798,30,3.65
14799,2004/2/3 7:00,3.8
14800,30,4.45
14801,2004/2/3 8:00,5.1
14802,30,6.55
14803,2004/2/3 9:00,8
14804,30,8.5
14805,2004/2/3 10:00,9
14806,30,9.45
14807,2004/2/3 11:00,9.9
14808,30,10.1
14809,2004/2/3 12:00,10.3
14810,30,10.55
14811,2004/2/3 13:00,10.8
14812,30,10.35
14813,2004/2/3 14:00,9.9
14814,30,9.55
14815,2004/2/3 15:00,9.2
14816,30,8.2
14817,2004/2/3 16:00,7.2
14818,30,7.15
14819,2004/2/3 17:00,7.1
14820,30,6.9
14821,2004/2/3 18:00,6.7
14822,30,6.55
14823,2004/2/3 19:00,6.4
14824,30,6.4
14825,2004/2/3 20:00,6.4
14826,30,6.3
14827,2004/2/3 21:00,6.2
14828,30,5.55
14829,2004/2/3 22:00,4.9
14830,30,4.25
14831,2004/2/3 23:00,3.6
14832,30,3.2
14833,2004/2/4 0:00,2.8
14834,30,2.7
14835,2004/2/4 1:00,2.6
14836,30,2.75
14837,2004/2/4 2:00,2.9
14838,30,2.75
14839,2004/2/4 3:00,2.6
14840,30,1.85
14841,2004/2/4 4:00,1.1
14842,30,1.45
14843,2004/2/4 5:00,1.8
14844,30,2.4
14845,2004/2/4 6:00,3
14846,30,2.8
14847,2004/2/4 7:00,2.6
14848,30,3.25
14849,2004/2/4 8:00,3.9
14850,30,5.1
14851,2004/2/4 9:00,6.3
14852,30,7
14853,2004/2/4 10:00,7.7
14854,30,8.15
14855,2004/2/4 11:00,8.6
14856,30,8.8
14857,2004/2/4 12:00,9
14858,30,8.95
14859,2004/2/4 13:00,8.9
14860,30,9.2
14861,2004/2/4 14:00,9.5
14862,30,9.3
14863,2004/2/4 15:00,9.1
14864,30,8.65
14865,2004/2/4 16:00,8.2
14866,30,7.9
14867,2004/2/4 17:00,7.6
14868,30,7.5
14869,2004/2/4 18:00,7.4
14870,30,6.6
14871,2004/2/4 19:00,5.8
14872,30,5.6
14873,2004/2/4 20:00,5.4
14874,30,5.35
14875,2004/2/4 21:00,5.3
14876,30,4.8
14877,2004/2/4 22:00,4.3
14878,30,3.85
14879,2004/2/4 23:00,3.4
14880,30,3.1
14881,2004/2/5 0:00,2.8
14882,30,2.9
14883,2004/2/5 1:00,3
14884,30,2.65
14885,2004/2/5 2:00,2.3
14886,30,2.15
14887,2004/2/5 3:00,2
14888,30,2.4
14889,2004/2/5 4:00,2.8
14890,30,2.25
14891,2004/2/5 5:00,1.7
14892,30,1.75
14893,2004/2/5 6:00,1.8
14894,30,1.8
14895,2004/2/5 7:00,1.8
14896,30,2.4
14897,2004/2/5 8:00,3
14898,30,4.1
14899,2004/2/5 9:00,5.2
14900,30,5.8
14901,2004/2/5 10:00,6.4
14902,30,6.8
14903,2004/2/5 11:00,7.2
14904,30,8.05
14905,2004/2/5 12:00,8.9
14906,30,9.15
14907,2004/2/5 13:00,9.4
14908,30,10.15
14909,2004/2/5 14:00,10.9
14910,30,10.75
14911,2004/2/5 15:00,10.6
14912,30,10.4
14913,2004/2/5 16:00,10.2
14914,30,9.45
14915,2004/2/5 17:00,8.7
14916,30,8
14917,2004/2/5 18:00,7.3
14918,30,6.6
14919,2004/2/5 19:00,5.9
14920,30,5.1
14921,2004/2/5 20:00,4.3
14922,30,3.65
14923,2004/2/5 21:00,3
14924,30,2.9
14925,2004/2/5 22:00,2.8
14926,30,2.5
14927,2004/2/5 23:00,2.2
14928,30,1.8
14929,2004/2/6 0:00,1.4
14930,30,0.8
14931,2004/2/6 1:00,0.2
14932,30,0.15
14933,2004/2/6 2:00,0.1
14934,30,0.1
14935,2004/2/6 3:00,0.1
14936,30,0.1
14937,2004/2/6 4:00,0.1
14938,30,0.05
14939,2004/2/6 5:00,0
14940,30,-0.4
14941,2004/2/6 6:00,-0.8
14942,30,-0.7
14943,2004/2/6 7:00,-0.6
14944,30,0.45
14945,2004/2/6 8:00,1.5
14946,30,2.95
14947,2004/2/6 9:00,4.4
14948,30,5.1
14949,2004/2/6 10:00,5.8
14950,30,6.7
14951,2004/2/6 11:00,7.6
14952,30,7.95
14953,2004/2/6 12:00,8.3
14954,30,8.45
14955,2004/2/6 13:00,8.6
14956,30,9.05
14957,2004/2/6 14:00,9.5
14958,30,9.45
14959,2004/2/6 15:00,9.4
14960,30,8.6
14961,2004/2/6 16:00,7.8
14962,30,7.45
14963,2004/2/6 17:00,7.1
14964,30,6.6
14965,2004/2/6 18:00,6.1
14966,30,5.85
14967,2004/2/6 19:00,5.6
14968,30,5
14969,2004/2/6 20:00,4.4
14970,30,4.25
14971,2004/2/6 21:00,4.1
14972,30,3.35
14973,2004/2/6 22:00,2.6
14974,30,2.5
14975,2004/2/6 23:00,2.4
14976,30,2.15
14977,2004/2/7 0:00,1.9
14978,30,1.4
14979,2004/2/7 1:00,0.9
14980,30,0.9
14981,2004/2/7 2:00,0.9
14982,30,0.9
14983,2004/2/7 3:00,0.9
14984,30,0.7
14985,2004/2/7 4:00,0.5
14986,30,1
14987,2004/2/7 5:00,1.5
14988,30,1.1
14989,2004/2/7 6:00,0.7
14990,30,0.7
14991,2004/2/7 7:00,0.7
14992,30,1.3
14993,2004/2/7 8:00,1.9
14994,30,3.1
14995,2004/2/7 9:00,4.3
14996,30,5.15
14997,2004/2/7 10:00,6
14998,30,6.7
14999,2004/2/7 11:00,7.4
15000,30,7.75
15001,2004/2/7 12:00,8.1
15002,30,8.1
15003,2004/2/7 13:00,8.1
15004,30,8.25
15005,2004/2/7 14:00,8.4
15006,30,8.1
15007,2004/2/7 15:00,7.8
15008,30,7.6
15009,2004/2/7 16:00,7.4
15010,30,6.95
15011,2004/2/7 17:00,6.5
15012,30,6.15
15013,2004/2/7 18:00,5.8
15014,30,5.5
15015,2004/2/7 19:00,5.2
15016,30,4.7
15017,2004/2/7 20:00,4.2
15018,30,3.15
15019,2004/2/7 21:00,2.1
15020,30,1.5
15021,2004/2/7 22:00,0.9
15022,30,0.8
15023,2004/2/7 23:00,0.7
15024,30,0.3
15025,2004/2/8 0:00,-0.1
15026,30,-0.65
15027,2004/2/8 1:00,-1.2
15028,30,-1.3
15029,2004/2/8 2:00,-1.4
15030,30,-1.75
15031,2004/2/8 3:00,-2.1
15032,30,-2.1
15033,2004/2/8 4:00,-2.1
15034,30,-2
15035,2004/2/8 5:00,-1.9
15036,30,-2.1
15037,2004/2/8 6:00,-2.3
15038,30,-2.65
15039,2004/2/8 7:00,-3
15040,30,-1.8
15041,2004/2/8 8:00,-0.6
15042,30,0.95
15043,2004/2/8 9:00,2.5
15044,30,3.7
15045,2004/2/8 10:00,4.9
15046,30,5.75
15047,2004/2/8 11:00,6.6
15048,30,7.5
15049,2004/2/8 12:00,8.4
15050,30,9.1
15051,2004/2/8 13:00,9.8
15052,30,9.9
15053,2004/2/8 14:00,10
15054,30,10.05
15055,2004/2/8 15:00,10.1
15056,30,9.65
15057,2004/2/8 16:00,9.2
15058,30,8.7
15059,2004/2/8 17:00,8.2
15060,30,7.75
15061,2004/2/8 18:00,7.3
15062,30,6.95
15063,2004/2/8 19:00,6.6
15064,30,5.45
15065,2004/2/8 20:00,4.3
15066,30,4.05
15067,2004/2/8 21:00,3.8
15068,30,3.6
15069,2004/2/8 22:00,3.4
15070,30,3.55
15071,2004/2/8 23:00,3.7
15072,30,3.6
15073,2004/2/9 0:00,3.5
15074,30,2.7
15075,2004/2/9 1:00,1.9
15076,30,1.75
15077,2004/2/9 2:00,1.6
15078,30,1.2
15079,2004/2/9 3:00,0.8
15080,30,0.65
15081,2004/2/9 4:00,0.5
15082,30,0.4
15083,2004/2/9 5:00,0.3
15084,30,0.4
15085,2004/2/9 6:00,0.5
15086,30,0.6
15087,2004/2/9 7:00,0.7
15088,30,1.8
15089,2004/2/9 8:00,2.9
15090,30,4.3
15091,2004/2/9 9:00,5.7
15092,30,6.8
15093,2004/2/9 10:00,7.9
15094,30,8.9
15095,2004/2/9 11:00,9.9
15096,30,10.35
15097,2004/2/9 12:00,10.8
15098,30,11
15099,2004/2/9 13:00,11.2
15100,30,10.85
15101,2004/2/9 14:00,10.5
15102,30,10.3
15103,2004/2/9 15:00,10.1
15104,30,9.7
15105,2004/2/9 16:00,9.3
15106,30,8.55
15107,2004/2/9 17:00,7.8
15108,30,7.5
15109,2004/2/9 18:00,7.2
15110,30,6.9
15111,2004/2/9 19:00,6.6
15112,30,6.2
15113,2004/2/9 20:00,5.8
15114,30,5.35
15115,2004/2/9 21:00,4.9
15116,30,4.7
15117,2004/2/9 22:00,4.5
15118,30,4.15
15119,2004/2/9 23:00,3.8
15120,30,3.3
15121,2004/2/10 0:00,2.8
15122,30,2.4
15123,2004/2/10 1:00,2
15124,30,1.4
15125,2004/2/10 2:00,0.8
15126,30,0.4
15127,2004/2/10 3:00,0
15128,30,-0.5
15129,2004/2/10 4:00,-1
15130,30,-1.3
15131,2004/2/10 5:00,-1.6
15132,30,-1.8
15133,2004/2/10 6:00,-2
15134,30,-2
15135,2004/2/10 7:00,-2
15136,30,-0.85
15137,2004/2/10 8:00,0.3
15138,30,1.1
15139,2004/2/10 9:00,1.9
15140,30,2.8
15141,2004/2/10 10:00,3.7
15142,30,4.25
15143,2004/2/10 11:00,4.8
15144,30,5.05
15145,2004/2/10 12:00,5.3
15146,30,6.25
15147,2004/2/10 13:00,7.2
15148,30,7.5
15149,2004/2/10 14:00,7.8
15150,30,7.45
15151,2004/2/10 15:00,7.1
15152,30,6.75
15153,2004/2/10 16:00,6.4
15154,30,5.8
15155,2004/2/10 17:00,5.2
15156,30,4.65
15157,2004/2/10 18:00,4.1
15158,30,3.7
15159,2004/2/10 19:00,3.3
15160,30,2.85
15161,2004/2/10 20:00,2.4
15162,30,2.15
15163,2004/2/10 21:00,1.9
15164,30,1.7
15165,2004/2/10 22:00,1.5
15166,30,0.95
15167,2004/2/10 23:00,0.4
15168,30,0.15
15169,2004/2/11 0:00,-0.1
15170,30,-0.25
15171,2004/2/11 1:00,-0.4
15172,30,-0.5
15173,2004/2/11 2:00,-0.6
15174,30,-1.05
15175,2004/2/11 3:00,-1.5
15176,30,-1.55
15177,2004/2/11 4:00,-1.6
15178,30,-1.2
15179,2004/2/11 5:00,-0.8
15180,30,-0.5
15181,2004/2/11 6:00,-0.2
15182,30,-0.1
15183,2004/2/11 7:00,0
15184,30,0.6
15185,2004/2/11 8:00,1.2
15186,30,1.75
15187,2004/2/11 9:00,2.3
15188,30,2.45
15189,2004/2/11 10:00,2.6
15190,30,3.6
15191,2004/2/11 11:00,4.6
15192,30,5.7
15193,2004/2/11 12:00,6.8
15194,30,7.75
15195,2004/2/11 13:00,8.7
15196,30,9
15197,2004/2/11 14:00,9.3
15198,30,9.05
15199,2004/2/11 15:00,8.8
15200,30,8.85
15201,2004/2/11 16:00,8.9
15202,30,8.65
15203,2004/2/11 17:00,8.4
15204,30,7.85
15205,2004/2/11 18:00,7.3
15206,30,6.85
15207,2004/2/11 19:00,6.4
15208,30,5.85
15209,2004/2/11 20:00,5.3
15210,30,4.65
15211,2004/2/11 21:00,4
15212,30,3.7
15213,2004/2/11 22:00,3.4
15214,30,3.25
15215,2004/2/11 23:00,3.1
15216,30,2.6
15217,2004/2/12 0:00,2.1
15218,30,1.95
15219,2004/2/12 1:00,1.8
15220,30,1.6
15221,2004/2/12 2:00,1.4
15222,30,1.15
15223,2004/2/12 3:00,0.9
15224,30,1
15225,2004/2/12 4:00,1.1
15226,30,0.6
15227,2004/2/12 5:00,0.1
15228,30,0
15229,2004/2/12 6:00,-0.1
15230,30,-0.15
15231,2004/2/12 7:00,-0.2
15232,30,1
15233,2004/2/12 8:00,2.2
15234,30,3.15
15235,2004/2/12 9:00,4.1
15236,30,5.65
15237,2004/2/12 10:00,7.2
15238,30,8.55
15239,2004/2/12 11:00,9.9
15240,30,10.9
15241,2004/2/12 12:00,11.9
15242,30,12.55
15243,2004/2/12 13:00,13.2
15244,30,13.3
15245,2004/2/12 14:00,13.4
15246,30,13.65
15247,2004/2/12 15:00,13.9
15248,30,13.2
15249,2004/2/12 16:00,12.5
15250,30,11.9
15251,2004/2/12 17:00,11.3
15252,30,10.5
15253,2004/2/12 18:00,9.7
15254,30,9
15255,2004/2/12 19:00,8.3
15256,30,7.95
15257,2004/2/12 20:00,7.6
15258,30,7.2
15259,2004/2/12 21:00,6.8
15260,30,6.5
15261,2004/2/12 22:00,6.2
15262,30,5.55
15263,2004/2/12 23:00,4.9
15264,30,4.55
15265,2004/2/13 0:00,4.2
15266,30,3.85
15267,2004/2/13 1:00,3.5
15268,30,3.3
15269,2004/2/13 2:00,3.1
15270,30,3.4
15271,2004/2/13 3:00,3.7
15272,30,3.25
15273,2004/2/13 4:00,2.8
15274,30,2.6
15275,2004/2/13 5:00,2.4
15276,30,1.9
15277,2004/2/13 6:00,1.4
15278,30,1.15
15279,2004/2/13 7:00,0.9
15280,30,1.7
15281,2004/2/13 8:00,2.5
15282,30,3.95
15283,2004/2/13 9:00,5.4
15284,30,6.15
15285,2004/2/13 10:00,6.9
15286,30,8.2
15287,2004/2/13 11:00,9.5
15288,30,9.5
15289,2004/2/13 12:00,9.5
15290,30,10.05
15291,2004/2/13 13:00,10.6
15292,30,11.25
15293,2004/2/13 14:00,11.9
15294,30,11.75
15295,2004/2/13 15:00,11.6
15296,30,11.4
15297,2004/2/13 16:00,11.2
15298,30,10.05
15299,2004/2/13 17:00,8.9
15300,30,8.15
15301,2004/2/13 18:00,7.4
15302,30,7
15303,2004/2/13 19:00,6.6
15304,30,6.35
15305,2004/2/13 20:00,6.1
15306,30,6.2
15307,2004/2/13 21:00,6.3
15308,30,6.2
15309,2004/2/13 22:00,6.1
15310,30,5.85
15311,2004/2/13 23:00,5.6
15312,30,5.6
15313,2004/2/14 0:00,5.6
15314,30,5.4
15315,2004/2/14 1:00,5.2
15316,30,5.15
15317,2004/2/14 2:00,5.1
15318,30,5.05
15319,2004/2/14 3:00,5
15320,30,4.85
15321,2004/2/14 4:00,4.7
15322,30,4.8
15323,2004/2/14 5:00,4.9
15324,30,4.75
15325,2004/2/14 6:00,4.6
15326,30,4.6
15327,2004/2/14 7:00,4.6
15328,30,4.75
15329,2004/2/14 8:00,4.9
15330,30,6.1
15331,2004/2/14 9:00,7.3
15332,30,7.9
15333,2004/2/14 10:00,8.5
15334,30,9.3
15335,2004/2/14 11:00,10.1
15336,30,11.05
15337,2004/2/14 12:00,12
15338,30,12.55
15339,2004/2/14 13:00,13.1
15340,30,13.8
15341,2004/2/14 14:00,14.5
15342,30,15.1
15343,2004/2/14 15:00,15.7
15344,30,15.5
15345,2004/2/14 16:00,15.3
15346,30,14.75
15347,2004/2/14 17:00,14.2
15348,30,13.75
15349,2004/2/14 18:00,13.3
15350,30,13.15
15351,2004/2/14 19:00,13
15352,30,12.8
15353,2004/2/14 20:00,12.6
15354,30,12
15355,2004/2/14 21:00,11.4
15356,30,10.45
15357,2004/2/14 22:00,9.5
15358,30,9.75
15359,2004/2/14 23:00,10
15360,30,9.45
15361,2004/2/15 0:00,8.9
15362,30,8.45
15363,2004/2/15 1:00,8
15364,30,7.85
15365,2004/2/15 2:00,7.7
15366,30,7.4
15367,2004/2/15 3:00,7.1
15368,30,6.9
15369,2004/2/15 4:00,6.7
15370,30,6.5
15371,2004/2/15 5:00,6.3
15372,30,5.85
15373,2004/2/15 6:00,5.4
15374,30,5.3
15375,2004/2/15 7:00,5.2
15376,30,5.9
15377,2004/2/15 8:00,6.6
15378,30,7.8
15379,2004/2/15 9:00,9
15380,30,10.05
15381,2004/2/15 10:00,11.1
15382,30,11.5
15383,2004/2/15 11:00,11.9
15384,30,12.15
15385,2004/2/15 12:00,12.4
15386,30,12.55
15387,2004/2/15 13:00,12.7
15388,30,12.65
15389,2004/2/15 14:00,12.6
15390,30,12.25
15391,2004/2/15 15:00,11.9
15392,30,11.2
15393,2004/2/15 16:00,10.5
15394,30,9.65
15395,2004/2/15 17:00,8.8
15396,30,8.1
15397,2004/2/15 18:00,7.4
15398,30,7.1
15399,2004/2/15 19:00,6.8
15400,30,6.45
15401,2004/2/15 20:00,6.1
15402,30,5.8
15403,2004/2/15 21:00,5.5
15404,30,5.15
15405,2004/2/15 22:00,4.8
15406,30,4.75
15407,2004/2/15 23:00,4.7
15408,30,4.2
15409,2004/2/16 0:00,3.7
15410,30,3.35
15411,2004/2/16 1:00,3
15412,30,2.95
15413,2004/2/16 2:00,2.9
15414,30,2.75
15415,2004/2/16 3:00,2.6
15416,30,2.55
15417,2004/2/16 4:00,2.5
15418,30,2.55
15419,2004/2/16 5:00,2.6
15420,30,2.8
15421,2004/2/16 6:00,3
15422,30,3.05
15423,2004/2/16 7:00,3.1
15424,30,3.85
15425,2004/2/16 8:00,4.6
15426,30,5.55
15427,2004/2/16 9:00,6.5
15428,30,7.25
15429,2004/2/16 10:00,8
15430,30,8.75
15431,2004/2/16 11:00,9.5
15432,30,10
15433,2004/2/16 12:00,10.5
15434,30,10.55
15435,2004/2/16 13:00,10.6
15436,30,10.95
15437,2004/2/16 14:00,11.3
15438,30,11.55
15439,2004/2/16 15:00,11.8
15440,30,11.4
15441,2004/2/16 16:00,11
15442,30,10.3
15443,2004/2/16 17:00,9.6
15444,30,8.95
15445,2004/2/16 18:00,8.3
15446,30,7.65
15447,2004/2/16 19:00,7
15448,30,6.45
15449,2004/2/16 20:00,5.9
15450,30,5.6
15451,2004/2/16 21:00,5.3
15452,30,4.85
15453,2004/2/16 22:00,4.4
15454,30,3.85
15455,2004/2/16 23:00,3.3
15456,30,2.75
15457,2004/2/17 0:00,2.2
15458,30,2.25
15459,2004/2/17 1:00,2.3
15460,30,2.15
15461,2004/2/17 2:00,2
15462,30,1.65
15463,2004/2/17 3:00,1.3
15464,30,1.2
15465,2004/2/17 4:00,1.1
15466,30,1.15
15467,2004/2/17 5:00,1.2
15468,30,0.8
15469,2004/2/17 6:00,0.4
15470,30,0.2
15471,2004/2/17 7:00,0
15472,30,0.5
15473,2004/2/17 8:00,1
15474,30,2.15
15475,2004/2/17 9:00,3.3
15476,30,4.1
15477,2004/2/17 10:00,4.9
15478,30,5.75
15479,2004/2/17 11:00,6.6
15480,30,7.65
15481,2004/2/17 12:00,8.7
15482,30,10.05
15483,2004/2/17 13:00,11.4
15484,30,11.7
15485,2004/2/17 14:00,12
15486,30,12.25
15487,2004/2/17 15:00,12.5
15488,30,12.45
15489,2004/2/17 16:00,12.4
15490,30,12.35
15491,2004/2/17 17:00,12.3
15492,30,12.1
15493,2004/2/17 18:00,11.9
15494,30,11.45
15495,2004/2/17 19:00,11
15496,30,10.4
15497,2004/2/17 20:00,9.8
15498,30,9.35
15499,2004/2/17 21:00,8.9
15500,30,8.6
15501,2004/2/17 22:00,8.3
15502,30,8.25
15503,2004/2/17 23:00,8.2
15504,30,7.6
15505,2004/2/18 0:00,7
15506,30,6.45
15507,2004/2/18 1:00,5.9
15508,30,5.7
15509,2004/2/18 2:00,5.5
15510,30,5.45
15511,2004/2/18 3:00,5.4
15512,30,5
15513,2004/2/18 4:00,4.6
15514,30,4.35
15515,2004/2/18 5:00,4.1
15516,30,4.25
15517,2004/2/18 6:00,4.4
15518,30,4.3
15519,2004/2/18 7:00,4.2
15520,30,5.25
15521,2004/2/18 8:00,6.3
15522,30,7.2
15523,2004/2/18 9:00,8.1
15524,30,8.7
15525,2004/2/18 10:00,9.3
15526,30,9.9
15527,2004/2/18 11:00,10.5
15528,30,10.95
15529,2004/2/18 12:00,11.4
15530,30,11.5
15531,2004/2/18 13:00,11.6
15532,30,11.8
15533,2004/2/18 14:00,12
15534,30,12.05
15535,2004/2/18 15:00,12.1
15536,30,11.5
15537,2004/2/18 16:00,10.9
15538,30,10.45
15539,2004/2/18 17:00,10
15540,30,9.2
15541,2004/2/18 18:00,8.4
15542,30,7.8
15543,2004/2/18 19:00,7.2
15544,30,6.8
15545,2004/2/18 20:00,6.4
15546,30,5.95
15547,2004/2/18 21:00,5.5
15548,30,4.8
15549,2004/2/18 22:00,4.1
15550,30,3.85
15551,2004/2/18 23:00,3.6
15552,30,3.25
15553,2004/2/19 0:00,2.9
15554,30,2.55
15555,2004/2/19 1:00,2.2
15556,30,2.05
15557,2004/2/19 2:00,1.9
15558,30,1.7
15559,2004/2/19 3:00,1.5
15560,30,1.25
15561,2004/2/19 4:00,1
15562,30,0.8
15563,2004/2/19 5:00,0.6
15564,30,0.5
15565,2004/2/19 6:00,0.4
15566,30,0.7
15567,2004/2/19 7:00,1
15568,30,1.65
15569,2004/2/19 8:00,2.3
15570,30,3.55
15571,2004/2/19 9:00,4.8
15572,30,6.05
15573,2004/2/19 10:00,7.3
15574,30,8.95
15575,2004/2/19 11:00,10.6
15576,30,11.6
15577,2004/2/19 12:00,12.6
15578,30,13.2
15579,2004/2/19 13:00,13.8
15580,30,13.95
15581,2004/2/19 14:00,14.1
15582,30,14.3
15583,2004/2/19 15:00,14.5
15584,30,14.15
15585,2004/2/19 16:00,13.8
15586,30,13.35
15587,2004/2/19 17:00,12.9
15588,30,12.4
15589,2004/2/19 18:00,11.9
15590,30,11.5
15591,2004/2/19 19:00,11.1
15592,30,10.55
15593,2004/2/19 20:00,10
15594,30,9.2
15595,2004/2/19 21:00,8.4
15596,30,8.05
15597,2004/2/19 22:00,7.7
15598,30,7
15599,2004/2/19 23:00,6.3
15600,30,6.15
15601,2004/2/20 0:00,6
15602,30,5.85
15603,2004/2/20 1:00,5.7
15604,30,5.5
15605,2004/2/20 2:00,5.3
15606,30,5.05
15607,2004/2/20 3:00,4.8
15608,30,4.6
15609,2004/2/20 4:00,4.4
15610,30,4.25
15611,2004/2/20 5:00,4.1
15612,30,4.05
15613,2004/2/20 6:00,4
15614,30,3.85
15615,2004/2/20 7:00,3.7
15616,30,4.4
15617,2004/2/20 8:00,5.1
15618,30,5.8
15619,2004/2/20 9:00,6.5
15620,30,7.2
15621,2004/2/20 10:00,7.9
15622,30,9
15623,2004/2/20 11:00,10.1
15624,30,10.75
15625,2004/2/20 12:00,11.4
15626,30,11.75
15627,2004/2/20 13:00,12.1
15628,30,12.2
15629,2004/2/20 14:00,12.3
15630,30,12.1
15631,2004/2/20 15:00,11.9
15632,30,11.6
15633,2004/2/20 16:00,11.3
15634,30,10.55
15635,2004/2/20 17:00,9.8
15636,30,9.1
15637,2004/2/20 18:00,8.4
15638,30,7.65
15639,2004/2/20 19:00,6.9
15640,30,6.8
15641,2004/2/20 20:00,6.7
15642,30,6.55
15643,2004/2/20 21:00,6.4
15644,30,6.5
15645,2004/2/20 22:00,6.6
15646,30,6.45
15647,2004/2/20 23:00,6.3
15648,30,6.25
15649,2004/2/21 0:00,6.2
15650,30,6
15651,2004/2/21 1:00,5.8
15652,30,5.85
15653,2004/2/21 2:00,5.9
15654,30,5.95
15655,2004/2/21 3:00,6
15656,30,5.75
15657,2004/2/21 4:00,5.5
15658,30,5.05
15659,2004/2/21 5:00,4.6
15660,30,4.35
15661,2004/2/21 6:00,4.1
15662,30,4
15663,2004/2/21 7:00,3.9
15664,30,4.4
15665,2004/2/21 8:00,4.9
15666,30,6.1
15667,2004/2/21 9:00,7.3
15668,30,8.4
15669,2004/2/21 10:00,9.5
15670,30,10.95
15671,2004/2/21 11:00,12.4
15672,30,13.4
15673,2004/2/21 12:00,14.4
15674,30,15.85
15675,2004/2/21 13:00,17.3
15676,30,17.45
15677,2004/2/21 14:00,17.6
15678,30,17.25
15679,2004/2/21 15:00,16.9
15680,30,16.7
15681,2004/2/21 16:00,16.5
15682,30,16.2
15683,2004/2/21 17:00,15.9
15684,30,15.1
15685,2004/2/21 18:00,14.3
15686,30,13.6
15687,2004/2/21 19:00,12.9
15688,30,12.25
15689,2004/2/21 20:00,11.6
15690,30,11.35
15691,2004/2/21 21:00,11.1
15692,30,10.7
15693,2004/2/21 22:00,10.3
15694,30,10
15695,2004/2/21 23:00,9.7
15696,30,9.25
15697,2004/2/22 0:00,8.8
15698,30,8.5
15699,2004/2/22 1:00,8.2
15700,30,8.1
15701,2004/2/22 2:00,8
15702,30,7.6
15703,2004/2/22 3:00,7.2
15704,30,6.75
15705,2004/2/22 4:00,6.3
15706,30,6.05
15707,2004/2/22 5:00,5.8
15708,30,5.6
15709,2004/2/22 6:00,5.4
15710,30,5.35
15711,2004/2/22 7:00,5.3
15712,30,6.45
15713,2004/2/22 8:00,7.6
15714,30,8.95
15715,2004/2/22 9:00,10.3
15716,30,11.15
15717,2004/2/22 10:00,12
15718,30,14.05
15719,2004/2/22 11:00,16.1
15720,30,18.8
15721,2004/2/22 12:00,21.5
15722,30,21.85
15723,2004/2/22 13:00,22.2
15724,30,21.95
15725,2004/2/22 14:00,21.7
15726,30,21.4
15727,2004/2/22 15:00,21.1
15728,30,20.6
15729,2004/2/22 16:00,20.1
15730,30,19.4
15731,2004/2/22 17:00,18.7
15732,30,18.4
15733,2004/2/22 18:00,18.1
15734,30,18.2
15735,2004/2/22 19:00,18.3
15736,30,18.15
15737,2004/2/22 20:00,18
15738,30,18.1
15739,2004/2/22 21:00,18.2
15740,30,18.15
15741,2004/2/22 22:00,18.1
15742,30,17.4
15743,2004/2/22 23:00,16.7
15744,30,16.8
15745,2004/2/23 0:00,16.9
15746,30,16.7
15747,2004/2/23 1:00,16.5
15748,30,14.9
15749,2004/2/23 2:00,13.3
15750,30,12.7
15751,2004/2/23 3:00,12.1
15752,30,12.15
15753,2004/2/23 4:00,12.2
15754,30,12.55
15755,2004/2/23 5:00,12.9
15756,30,12.95
15757,2004/2/23 6:00,13
15758,30,12.95
15759,2004/2/23 7:00,12.9
15760,30,12.75
15761,2004/2/23 8:00,12.6
15762,30,13
15763,2004/2/23 9:00,13.4
15764,30,13.7
15765,2004/2/23 10:00,14
15766,30,14.05
15767,2004/2/23 11:00,14.1
15768,30,13.85
15769,2004/2/23 12:00,13.6
15770,30,12.95
15771,2004/2/23 13:00,12.3
15772,30,11.95
15773,2004/2/23 14:00,11.6
15774,30,11.35
15775,2004/2/23 15:00,11.1
15776,30,10.6
15777,2004/2/23 16:00,10.1
15778,30,9.25
15779,2004/2/23 17:00,8.4
15780,30,7.65
15781,2004/2/23 18:00,6.9
15782,30,6.5
15783,2004/2/23 19:00,6.1
15784,30,5.85
15785,2004/2/23 20:00,5.6
15786,30,5.55
15787,2004/2/23 21:00,5.5
15788,30,5.25
15789,2004/2/23 22:00,5
15790,30,4.95
15791,2004/2/23 23:00,4.9
15792,30,4.95
15793,2004/2/24 0:00,5
15794,30,4.65
15795,2004/2/24 1:00,4.3
15796,30,4.35
15797,2004/2/24 2:00,4.4
15798,30,4.5
15799,2004/2/24 3:00,4.6
15800,30,4.7
15801,2004/2/24 4:00,4.8
15802,30,4.6
15803,2004/2/24 5:00,4.4
15804,30,3.95
15805,2004/2/24 6:00,3.5
15806,30,3.25
15807,2004/2/24 7:00,3
15808,30,4
15809,2004/2/24 8:00,5
15810,30,5.85
15811,2004/2/24 9:00,6.7
15812,30,7.15
15813,2004/2/24 10:00,7.6
15814,30,8.3
15815,2004/2/24 11:00,9
15816,30,9.55
15817,2004/2/24 12:00,10.1
15818,30,10.95
15819,2004/2/24 13:00,11.8
15820,30,12.15
15821,2004/2/24 14:00,12.5
15822,30,12.4
15823,2004/2/24 15:00,12.3
15824,30,12.05
15825,2004/2/24 16:00,11.8
15826,30,11.55
15827,2004/2/24 17:00,11.3
15828,30,11.05
15829,2004/2/24 18:00,10.8
15830,30,10.5
15831,2004/2/24 19:00,10.2
15832,30,10
15833,2004/2/24 20:00,9.8
15834,30,9.05
15835,2004/2/24 21:00,8.3
15836,30,7.8
15837,2004/2/24 22:00,7.3
15838,30,8.35
15839,2004/2/24 23:00,9.4
15840,30,8.25
15841,2004/2/25 0:00,7.1
15842,30,6.75
15843,2004/2/25 1:00,6.4
15844,30,6.35
15845,2004/2/25 2:00,6.3
15846,30,6
15847,2004/2/25 3:00,5.7
15848,30,5.25
15849,2004/2/25 4:00,4.8
15850,30,4.65
15851,2004/2/25 5:00,4.5
15852,30,4.5
15853,2004/2/25 6:00,4.5
15854,30,4.4
15855,2004/2/25 7:00,4.3
15856,30,5
15857,2004/2/25 8:00,5.7
15858,30,6.3
15859,2004/2/25 9:00,6.9
15860,30,8.25
15861,2004/2/25 10:00,9.6
15862,30,10.9
15863,2004/2/25 11:00,12.2
15864,30,13.4
15865,2004/2/25 12:00,14.6
15866,30,15.1
15867,2004/2/25 13:00,15.6
15868,30,16.15
15869,2004/2/25 14:00,16.7
15870,30,16.7
15871,2004/2/25 15:00,16.7
15872,30,16.35
15873,2004/2/25 16:00,16
15874,30,15.4
15875,2004/2/25 17:00,14.8
15876,30,14.05
15877,2004/2/25 18:00,13.3
15878,30,12.85
15879,2004/2/25 19:00,12.4
15880,30,11.8
15881,2004/2/25 20:00,11.2
15882,30,11.5
15883,2004/2/25 21:00,11.8
15884,30,11.2
15885,2004/2/25 22:00,10.6
15886,30,9.05
15887,2004/2/25 23:00,7.5
15888,30,7
15889,2004/2/26 0:00,6.5
15890,30,6.2
15891,2004/2/26 1:00,5.9
15892,30,5.8
15893,2004/2/26 2:00,5.7
15894,30,5.35
15895,2004/2/26 3:00,5
15896,30,4.9
15897,2004/2/26 4:00,4.8
15898,30,4.15
15899,2004/2/26 5:00,3.5
15900,30,3.45
15901,2004/2/26 6:00,3.4
15902,30,3.95
15903,2004/2/26 7:00,4.5
15904,30,5.65
15905,2004/2/26 8:00,6.8
15906,30,8.05
15907,2004/2/26 9:00,9.3
15908,30,11.05
15909,2004/2/26 10:00,12.8
15910,30,13.6
15911,2004/2/26 11:00,14.4
15912,30,15.9
15913,2004/2/26 12:00,17.4
15914,30,17.5
15915,2004/2/26 13:00,17.6
15916,30,17.75
15917,2004/2/26 14:00,17.9
15918,30,17.4
15919,2004/2/26 15:00,16.9
15920,30,16
15921,2004/2/26 16:00,15.1
15922,30,14.4
15923,2004/2/26 17:00,13.7
15924,30,12.2
15925,2004/2/26 18:00,10.7
15926,30,9.8
15927,2004/2/26 19:00,8.9
15928,30,7.95
15929,2004/2/26 20:00,7
15930,30,6.55
15931,2004/2/26 21:00,6.1
15932,30,6.1
15933,2004/2/26 22:00,6.1
15934,30,5.5
15935,2004/2/26 23:00,4.9
15936,30,4.75
15937,2004/2/27 0:00,4.6
15938,30,4.35
15939,2004/2/27 1:00,4.1
15940,30,3.7
15941,2004/2/27 2:00,3.3
15942,30,2.95
15943,2004/2/27 3:00,2.6
15944,30,2.2
15945,2004/2/27 4:00,1.8
15946,30,1.65
15947,2004/2/27 5:00,1.5
15948,30,1.4
15949,2004/2/27 6:00,1.3
15950,30,1.25
15951,2004/2/27 7:00,1.2
15952,30,2.45
15953,2004/2/27 8:00,3.7
15954,30,4.75
15955,2004/2/27 9:00,5.8
15956,30,6.3
15957,2004/2/27 10:00,6.8
15958,30,7.55
15959,2004/2/27 11:00,8.3
15960,30,8.8
15961,2004/2/27 12:00,9.3
15962,30,10
15963,2004/2/27 13:00,10.7
15964,30,11.05
15965,2004/2/27 14:00,11.4
15966,30,10.75
15967,2004/2/27 15:00,10.1
15968,30,10.25
15969,2004/2/27 16:00,10.4
15970,30,10.1
15971,2004/2/27 17:00,9.8
15972,30,9.05
15973,2004/2/27 18:00,8.3
15974,30,7.9
15975,2004/2/27 19:00,7.5
15976,30,6.9
15977,2004/2/27 20:00,6.3
15978,30,5.6
15979,2004/2/27 21:00,4.9
15980,30,4.55
15981,2004/2/27 22:00,4.2
15982,30,4
15983,2004/2/27 23:00,3.8
15984,30,3.3
15985,2004/2/28 0:00,2.8
15986,30,2.5
15987,2004/2/28 1:00,2.2
15988,30,2.15
15989,2004/2/28 2:00,2.1
15990,30,2.05
15991,2004/2/28 3:00,2
15992,30,1.55
15993,2004/2/28 4:00,1.1
15994,30,0.85
15995,2004/2/28 5:00,0.6
15996,30,0.85
15997,2004/2/28 6:00,1.1
15998,30,0.95
15999,2004/2/28 7:00,0.8
16000,30,1.85
16001,2004/2/28 8:00,2.9
16002,30,4.35
16003,2004/2/28 9:00,5.8
16004,30,6.85
16005,2004/2/28 10:00,7.9
16006,30,8.7
16007,2004/2/28 11:00,9.5
16008,30,10.2
16009,2004/2/28 12:00,10.9
16010,30,11.75
16011,2004/2/28 13:00,12.6
16012,30,13.15
16013,2004/2/28 14:00,13.7
16014,30,13.15
16015,2004/2/28 15:00,12.6
16016,30,12.2
16017,2004/2/28 16:00,11.8
16018,30,11.5
16019,2004/2/28 17:00,11.2
16020,30,10.75
16021,2004/2/28 18:00,10.3
16022,30,9.85
16023,2004/2/28 19:00,9.4
16024,30,9.1
16025,2004/2/28 20:00,8.8
16026,30,8.1
16027,2004/2/28 21:00,7.4
16028,30,6.95
16029,2004/2/28 22:00,6.5
16030,30,6
16031,2004/2/28 23:00,5.5
16032,30,5.35
16033,2004/2/29 0:00,5.2
16034,30,4.85
16035,2004/2/29 1:00,4.5
16036,30,4.35
16037,2004/2/29 2:00,4.2
16038,30,4.1
16039,2004/2/29 3:00,4
16040,30,4.25
16041,2004/2/29 4:00,4.5
16042,30,4.55
16043,2004/2/29 5:00,4.6
16044,30,4.75
16045,2004/2/29 6:00,4.9
16046,30,4.95
16047,2004/2/29 7:00,5
16048,30,5.3
16049,2004/2/29 8:00,5.6
16050,30,6.05
16051,2004/2/29 9:00,6.5
16052,30,7.85
16053,2004/2/29 10:00,9.2
16054,30,10.65
16055,2004/2/29 11:00,12.1
16056,30,13.4
16057,2004/2/29 12:00,14.7
16058,30,14.1
16059,2004/2/29 13:00,13.5
16060,30,13.65
16061,2004/2/29 14:00,13.8
16062,30,13.8
16063,2004/2/29 15:00,13.8
16064,30,14.45
16065,2004/2/29 16:00,15.1
16066,30,15.05
16067,2004/2/29 17:00,15
16068,30,14.35
16069,2004/2/29 18:00,13.7
16070,30,13.1
16071,2004/2/29 19:00,12.5
16072,30,11.35
16073,2004/2/29 20:00,10.2
16074,30,10.65
16075,2004/2/29 21:00,11.1
16076,30,11.15
16077,2004/2/29 22:00,11.2
16078,30,10.55
16079,2004/2/29 23:00,9.9
16080,30,9.45
16081,2004/3/1 0:00,9
16082,30,8.05
16083,2004/3/1 1:00,7.1
16084,30,7.3
16085,2004/3/1 2:00,7.5
16086,30,7.65
16087,2004/3/1 3:00,7.8
16088,30,7.6
16089,2004/3/1 4:00,7.4
16090,30,7.75
16091,2004/3/1 5:00,8.1
16092,30,7.7
16093,2004/3/1 6:00,7.3
16094,30,6.75
16095,2004/3/1 7:00,6.2
16096,30,5.95
16097,2004/3/1 8:00,5.7
16098,30,4.9
16099,2004/3/1 9:00,4.1
16100,30,3.65
16101,2004/3/1 10:00,3.2
16102,30,3.1
16103,2004/3/1 11:00,3
16104,30,2.9
16105,2004/3/1 12:00,2.8
16106,30,2.5
16107,2004/3/1 13:00,2.2
16108,30,2.3
16109,2004/3/1 14:00,2.4
16110,30,2.75
16111,2004/3/1 15:00,3.1
16112,30,3.2
16113,2004/3/1 16:00,3.3
16114,30,3.1
16115,2004/3/1 17:00,2.9
16116,30,2.8
16117,2004/3/1 18:00,2.7
16118,30,2.4
16119,2004/3/1 19:00,2.1
16120,30,1.9
16121,2004/3/1 20:00,1.7
16122,30,1.65
16123,2004/3/1 21:00,1.6
16124,30,1.55
16125,2004/3/1 22:00,1.5
16126,30,1.75
16127,2004/3/1 23:00,2
16128,30,1.85
16129,2004/3/2 0:00,1.7
16130,30,1.45
16131,2004/3/2 1:00,1.2
16132,30,1.4
16133,2004/3/2 2:00,1.6
16134,30,1.4
16135,2004/3/2 3:00,1.2
16136,30,0.95
16137,2004/3/2 4:00,0.7
16138,30,0.45
16139,2004/3/2 5:00,0.2
16140,30,0.2
16141,2004/3/2 6:00,0.2
16142,30,0.6
16143,2004/3/2 7:00,1
16144,30,1.5
16145,2004/3/2 8:00,2
16146,30,2.7
16147,2004/3/2 9:00,3.4
16148,30,4.1
16149,2004/3/2 10:00,4.8
16150,30,5.35
16151,2004/3/2 11:00,5.9
16152,30,6.35
16153,2004/3/2 12:00,6.8
16154,30,7.5
16155,2004/3/2 13:00,8.2
16156,30,8.45
16157,2004/3/2 14:00,8.7
16158,30,8.9
16159,2004/3/2 15:00,9.1
16160,30,8.95
16161,2004/3/2 16:00,8.8
16162,30,8.25
16163,2004/3/2 17:00,7.7
16164,30,7.1
16165,2004/3/2 18:00,6.5
16166,30,5.85
16167,2004/3/2 19:00,5.2
16168,30,4.9
16169,2004/3/2 20:00,4.6
16170,30,4.8
16171,2004/3/2 21:00,5
16172,30,4.7
16173,2004/3/2 22:00,4.4
16174,30,4.2
16175,2004/3/2 23:00,4
16176,30,3.9
16177,2004/3/3 0:00,3.8
16178,30,3.6
16179,2004/3/3 1:00,3.4
16180,30,3.1
16181,2004/3/3 2:00,2.8
16182,30,2.6
16183,2004/3/3 3:00,2.4
16184,30,2.3
16185,2004/3/3 4:00,2.2
16186,30,1.95
16187,2004/3/3 5:00,1.7
16188,30,1.6
16189,2004/3/3 6:00,1.5
16190,30,1.7
16191,2004/3/3 7:00,1.9
16192,30,2.5
16193,2004/3/3 8:00,3.1
16194,30,4
16195,2004/3/3 9:00,4.9
16196,30,5.45
16197,2004/3/3 10:00,6
16198,30,6.05
16199,2004/3/3 11:00,6.1
16200,30,6.55
16201,2004/3/3 12:00,7
16202,30,7.4
16203,2004/3/3 13:00,7.8
16204,30,7.95
16205,2004/3/3 14:00,8.1
16206,30,8.45
16207,2004/3/3 15:00,8.8
16208,30,8.15
16209,2004/3/3 16:00,7.5
16210,30,6.8
16211,2004/3/3 17:00,6.1
16212,30,5.35
16213,2004/3/3 18:00,4.6
16214,30,4.2
16215,2004/3/3 19:00,3.8
16216,30,3.7
16217,2004/3/3 20:00,3.6
16218,30,3.25
16219,2004/3/3 21:00,2.9
16220,30,2.9
16221,2004/3/3 22:00,2.9
16222,30,2.6
16223,2004/3/3 23:00,2.3
16224,30,2.45
16225,2004/3/4 0:00,2.6
16226,30,2.3
16227,2004/3/4 1:00,2
16228,30,2
16229,2004/3/4 2:00,2
16230,30,1.9
16231,2004/3/4 3:00,1.8
16232,30,1.85
16233,2004/3/4 4:00,1.9
16234,30,1.95
16235,2004/3/4 5:00,2
16236,30,2.1
16237,2004/3/4 6:00,2.2
16238,30,2.25
16239,2004/3/4 7:00,2.3
16240,30,2.55
16241,2004/3/4 8:00,2.8
16242,30,3.6
16243,2004/3/4 9:00,4.4
16244,30,5.2
16245,2004/3/4 10:00,6
16246,30,6.5
16247,2004/3/4 11:00,7
16248,30,7.75
16249,2004/3/4 12:00,8.5
16250,30,9.6
16251,2004/3/4 13:00,10.7
16252,30,10.55
16253,2004/3/4 14:00,10.4
16254,30,10
16255,2004/3/4 15:00,9.6
16256,30,9.05
16257,2004/3/4 16:00,8.5
16258,30,8.2
16259,2004/3/4 17:00,7.9
16260,30,7.45
16261,2004/3/4 18:00,7
16262,30,6.2
16263,2004/3/4 19:00,5.4
16264,30,4.95
16265,2004/3/4 20:00,4.5
16266,30,3.95
16267,2004/3/4 21:00,3.4
16268,30,3.2
16269,2004/3/4 22:00,3
16270,30,3.1
16271,2004/3/4 23:00,3.2
16272,30,2.95
16273,2004/3/5 0:00,2.7
16274,30,2.2
16275,2004/3/5 1:00,1.7
16276,30,1.65
16277,2004/3/5 2:00,1.6
16278,30,1.35
16279,2004/3/5 3:00,1.1
16280,30,0.45
16281,2004/3/5 4:00,-0.2
16282,30,-0.45
16283,2004/3/5 5:00,-0.7
16284,30,-0.8
16285,2004/3/5 6:00,-0.9
16286,30,-0.5
16287,2004/3/5 7:00,-0.1
16288,30,0.9
16289,2004/3/5 8:00,1.9
16290,30,3.15
16291,2004/3/5 9:00,4.4
16292,30,5.15
16293,2004/3/5 10:00,5.9
16294,30,7.55
16295,2004/3/5 11:00,9.2
16296,30,9.8
16297,2004/3/5 12:00,10.4
16298,30,10.7
16299,2004/3/5 13:00,11
16300,30,11.55
16301,2004/3/5 14:00,12.1
16302,30,12.2
16303,2004/3/5 15:00,12.3
16304,30,12
16305,2004/3/5 16:00,11.7
16306,30,11.2
16307,2004/3/5 17:00,10.7
16308,30,10.2
16309,2004/3/5 18:00,9.7
16310,30,9.25
16311,2004/3/5 19:00,8.8
16312,30,8.55
16313,2004/3/5 20:00,8.3
16314,30,8.15
16315,2004/3/5 21:00,8
16316,30,7.9
16317,2004/3/5 22:00,7.8
16318,30,7.75
16319,2004/3/5 23:00,7.7
16320,30,7.55
16321,2004/3/6 0:00,7.4
16322,30,7.35
16323,2004/3/6 1:00,7.3
16324,30,7.35
16325,2004/3/6 2:00,7.4
16326,30,5.6
16327,2004/3/6 3:00,3.8
16328,30,3.9
16329,2004/3/6 4:00,4
16330,30,3.8
16331,2004/3/6 5:00,3.6
16332,30,3.7
16333,2004/3/6 6:00,3.8
16334,30,4.35
16335,2004/3/6 7:00,4.9
16336,30,4
16337,2004/3/6 8:00,3.1
16338,30,2.85
16339,2004/3/6 9:00,2.6
16340,30,3.7
16341,2004/3/6 10:00,4.8
16342,30,6.15
16343,2004/3/6 11:00,7.5
16344,30,9.05
16345,2004/3/6 12:00,10.6
16346,30,11.8
16347,2004/3/6 13:00,13
16348,30,12.6
16349,2004/3/6 14:00,12.2
16350,30,11.75
16351,2004/3/6 15:00,11.3
16352,30,11.1
16353,2004/3/6 16:00,10.9
16354,30,10.05
16355,2004/3/6 17:00,9.2
16356,30,8.6
16357,2004/3/6 18:00,8
16358,30,7.1
16359,2004/3/6 19:00,6.2
16360,30,5.65
16361,2004/3/6 20:00,5.1
16362,30,4.8
16363,2004/3/6 21:00,4.5
16364,30,4.3
16365,2004/3/6 22:00,4.1
16366,30,3.75
16367,2004/3/6 23:00,3.4
16368,30,3.1
16369,2004/3/7 0:00,2.8
16370,30,2.45
16371,2004/3/7 1:00,2.1
16372,30,1.75
16373,2004/3/7 2:00,1.4
16374,30,1.1
16375,2004/3/7 3:00,0.8
16376,30,0.75
16377,2004/3/7 4:00,0.7
16378,30,0.65
16379,2004/3/7 5:00,0.6
16380,30,0.2
16381,2004/3/7 6:00,-0.2
16382,30,0.25
16383,2004/3/7 7:00,0.7
16384,30,1.9
16385,2004/3/7 8:00,3.1
16386,30,4.05
16387,2004/3/7 9:00,5
16388,30,6.05
16389,2004/3/7 10:00,7.1
16390,30,7.65
16391,2004/3/7 11:00,8.2
16392,30,8.3
16393,2004/3/7 12:00,8.4
16394,30,8
16395,2004/3/7 13:00,7.6
16396,30,7.6
16397,2004/3/7 14:00,7.6
16398,30,7.9
16399,2004/3/7 15:00,8.2
16400,30,8.05
16401,2004/3/7 16:00,7.9
16402,30,7.25
16403,2004/3/7 17:00,6.6
16404,30,6
16405,2004/3/7 18:00,5.4
16406,30,5.1
16407,2004/3/7 19:00,4.8
16408,30,4.3
16409,2004/3/7 20:00,3.8
16410,30,3.25
16411,2004/3/7 21:00,2.7
16412,30,2.35
16413,2004/3/7 22:00,2
16414,30,1.7
16415,2004/3/7 23:00,1.4
16416,30,1.1
16417,2004/3/8 0:00,0.8
16418,30,0.6
16419,2004/3/8 1:00,0.4
16420,30,0.3
16421,2004/3/8 2:00,0.2
16422,30,-0.25
16423,2004/3/8 3:00,-0.7
16424,30,-0.25
16425,2004/3/8 4:00,0.2
16426,30,-0.15
16427,2004/3/8 5:00,-0.5
16428,30,-0.7
16429,2004/3/8 6:00,-0.9
16430,30,-0.35
16431,2004/3/8 7:00,0.2
16432,30,1.6
16433,2004/3/8 8:00,3
16434,30,4.3
16435,2004/3/8 9:00,5.6
16436,30,6.1
16437,2004/3/8 10:00,6.6
16438,30,7.45
16439,2004/3/8 11:00,8.3
16440,30,8.75
16441,2004/3/8 12:00,9.2
16442,30,9.6
16443,2004/3/8 13:00,10
16444,30,10.45
16445,2004/3/8 14:00,10.9
16446,30,10.8
16447,2004/3/8 15:00,10.7
16448,30,10.6
16449,2004/3/8 16:00,10.5
16450,30,9.95
16451,2004/3/8 17:00,9.4
16452,30,8.8
16453,2004/3/8 18:00,8.2
16454,30,7.75
16455,2004/3/8 19:00,7.3
16456,30,6.85
16457,2004/3/8 20:00,6.4
16458,30,5.65
16459,2004/3/8 21:00,4.9
16460,30,4.8
16461,2004/3/8 22:00,4.7
16462,30,4.5
16463,2004/3/8 23:00,4.3
16464,30,3.95
16465,2004/3/9 0:00,3.6
16466,30,3.2
16467,2004/3/9 1:00,2.8
16468,30,2.4
16469,2004/3/9 2:00,2
16470,30,1.75
16471,2004/3/9 3:00,1.5
16472,30,1.4
16473,2004/3/9 4:00,1.3
16474,30,1.2
16475,2004/3/9 5:00,1.1
16476,30,1
16477,2004/3/9 6:00,0.9
16478,30,1.3
16479,2004/3/9 7:00,1.7
16480,30,2.45
16481,2004/3/9 8:00,3.2
16482,30,4
16483,2004/3/9 9:00,4.8
16484,30,5.85
16485,2004/3/9 10:00,6.9
16486,30,8.4
16487,2004/3/9 11:00,9.9
16488,30,11.05
16489,2004/3/9 12:00,12.2
16490,30,12.7
16491,2004/3/9 13:00,13.2
16492,30,13.55
16493,2004/3/9 14:00,13.9
16494,30,14.2
16495,2004/3/9 15:00,14.5
16496,30,13.95
16497,2004/3/9 16:00,13.4
16498,30,13
16499,2004/3/9 17:00,12.6
16500,30,12.1
16501,2004/3/9 18:00,11.6
16502,30,11.2
16503,2004/3/9 19:00,10.8
16504,30,10.4
16505,2004/3/9 20:00,10
16506,30,8.85
16507,2004/3/9 21:00,7.7
16508,30,7.2
16509,2004/3/9 22:00,6.7
16510,30,6.1
16511,2004/3/9 23:00,5.5
16512,30,5.3
16513,2004/3/10 0:00,5.1
16514,30,4.75
16515,2004/3/10 1:00,4.4
16516,30,3.95
16517,2004/3/10 2:00,3.5
16518,30,3.45
16519,2004/3/10 3:00,3.4
16520,30,3.2
16521,2004/3/10 4:00,3
16522,30,2.85
16523,2004/3/10 5:00,2.7
16524,30,2.45
16525,2004/3/10 6:00,2.2
16526,30,2.7
16527,2004/3/10 7:00,3.2
16528,30,4.65
16529,2004/3/10 8:00,6.1
16530,30,7.55
16531,2004/3/10 9:00,9
16532,30,9.9
16533,2004/3/10 10:00,10.8
16534,30,12.15
16535,2004/3/10 11:00,13.5
16536,30,14.65
16537,2004/3/10 12:00,15.8
16538,30,16.4
16539,2004/3/10 13:00,17
16540,30,17.7
16541,2004/3/10 14:00,18.4
16542,30,18.6
16543,2004/3/10 15:00,18.8
16544,30,18.4
16545,2004/3/10 16:00,18
16546,30,17.55
16547,2004/3/10 17:00,17.1
16548,30,16.65
16549,2004/3/10 18:00,16.2
16550,30,15.75
16551,2004/3/10 19:00,15.3
16552,30,14.9
16553,2004/3/10 20:00,14.5
16554,30,14.4
16555,2004/3/10 21:00,14.3
16556,30,14.35
16557,2004/3/10 22:00,14.4
16558,30,14.35
16559,2004/3/10 23:00,14.3
16560,30,14.45
16561,2004/3/11 0:00,14.6
16562,30,14.05
16563,2004/3/11 1:00,13.5
16564,30,14.15
16565,2004/3/11 2:00,14.8
16566,30,12.85
16567,2004/3/11 3:00,10.9
16568,30,10.55
16569,2004/3/11 4:00,10.2
16570,30,11.7
16571,2004/3/11 5:00,13.2
16572,30,14.2
16573,2004/3/11 6:00,15.2
16574,30,15.6
16575,2004/3/11 7:00,16
16576,30,16.65
16577,2004/3/11 8:00,17.3
16578,30,18.15
16579,2004/3/11 9:00,19
16580,30,19.25
16581,2004/3/11 10:00,19.5
16582,30,20.3
16583,2004/3/11 11:00,21.1
16584,30,21.35
16585,2004/3/11 12:00,21.6
16586,30,21.7
16587,2004/3/11 13:00,21.8
16588,30,22.15
16589,2004/3/11 14:00,22.5
16590,30,22.25
16591,2004/3/11 15:00,22
16592,30,21.55
16593,2004/3/11 16:00,21.1
16594,30,20.75
16595,2004/3/11 17:00,20.4
16596,30,19.9
16597,2004/3/11 18:00,19.4
16598,30,19.1
16599,2004/3/11 19:00,18.8
16600,30,15.65
16601,2004/3/11 20:00,12.5
16602,30,12
16603,2004/3/11 21:00,11.5
16604,30,11.1
16605,2004/3/11 22:00,10.7
16606,30,10.4
16607,2004/3/11 23:00,10.1
16608,30,9.85
16609,2004/3/12 0:00,9.6
16610,30,9.6
16611,2004/3/12 1:00,9.6
16612,30,9.6
16613,2004/3/12 2:00,9.6
16614,30,9.55
16615,2004/3/12 3:00,9.5
16616,30,9.5
16617,2004/3/12 4:00,9.5
16618,30,9.4
16619,2004/3/12 5:00,9.3
16620,30,9.2
16621,2004/3/12 6:00,9.1
16622,30,9.1
16623,2004/3/12 7:00,9.1
16624,30,9.15
16625,2004/3/12 8:00,9.2
16626,30,9.3
16627,2004/3/12 9:00,9.4
16628,30,9.15
16629,2004/3/12 10:00,8.9
16630,30,8.95
16631,2004/3/12 11:00,9
16632,30,9
16633,2004/3/12 12:00,9
16634,30,8.95
16635,2004/3/12 13:00,8.9
16636,30,9.05
16637,2004/3/12 14:00,9.2
16638,30,9.3
16639,2004/3/12 15:00,9.4
16640,30,9.45
16641,2004/3/12 16:00,9.5
16642,30,9.4
16643,2004/3/12 17:00,9.3
16644,30,9.1
16645,2004/3/12 18:00,8.9
16646,30,8.7
16647,2004/3/12 19:00,8.5
16648,30,8.35
16649,2004/3/12 20:00,8.2
16650,30,8.05
16651,2004/3/12 21:00,7.9
16652,30,7.45
16653,2004/3/12 22:00,7
16654,30,6.55
16655,2004/3/12 23:00,6.1
16656,30,5.7
16657,2004/3/13 0:00,5.3
16658,30,4.9
16659,2004/3/13 1:00,4.5
16660,30,4.4
16661,2004/3/13 2:00,4.3
16662,30,4.1
16663,2004/3/13 3:00,3.9
16664,30,3.15
16665,2004/3/13 4:00,2.4
16666,30,2.4
16667,2004/3/13 5:00,2.4
16668,30,1.45
16669,2004/3/13 6:00,0.5
16670,30,0.75
16671,2004/3/13 7:00,1
16672,30,1.65
16673,2004/3/13 8:00,2.3
16674,30,4.05
16675,2004/3/13 9:00,5.8
16676,30,7.35
16677,2004/3/13 10:00,8.9
16678,30,10.55
16679,2004/3/13 11:00,12.2
16680,30,13.25
16681,2004/3/13 12:00,14.3
16682,30,14.7
16683,2004/3/13 13:00,15.1
16684,30,15.4
16685,2004/3/13 14:00,15.7
16686,30,16.05
16687,2004/3/13 15:00,16.4
16688,30,16.25
16689,2004/3/13 16:00,16.1
16690,30,15.7
16691,2004/3/13 17:00,15.3
16692,30,14.1
16693,2004/3/13 18:00,12.9
16694,30,12.25
16695,2004/3/13 19:00,11.6
16696,30,11.05
16697,2004/3/13 20:00,10.5
16698,30,9.75
16699,2004/3/13 21:00,9
16700,30,8.05
16701,2004/3/13 22:00,7.1
16702,30,6.5
16703,2004/3/13 23:00,5.9
16704,30,5.4
16705,2004/3/14 0:00,4.9
16706,30,4.5
16707,2004/3/14 1:00,4.1
16708,30,4.1
16709,2004/3/14 2:00,4.1
16710,30,3.95
16711,2004/3/14 3:00,3.8
16712,30,3.8
16713,2004/3/14 4:00,3.8
16714,30,4.05
16715,2004/3/14 5:00,4.3
16716,30,4.15
16717,2004/3/14 6:00,4
16718,30,3.85
16719,2004/3/14 7:00,3.7
16720,30,5.45
16721,2004/3/14 8:00,7.2
16722,30,8.65
16723,2004/3/14 9:00,10.1
16724,30,11.15
16725,2004/3/14 10:00,12.2
16726,30,12.95
16727,2004/3/14 11:00,13.7
16728,30,14.25
16729,2004/3/14 12:00,14.8
16730,30,14.6
16731,2004/3/14 13:00,14.4
16732,30,15.15
16733,2004/3/14 14:00,15.9
16734,30,15.85
16735,2004/3/14 15:00,15.8
16736,30,15.4
16737,2004/3/14 16:00,15
16738,30,14.6
16739,2004/3/14 17:00,14.2
16740,30,13.6
16741,2004/3/14 18:00,13
16742,30,12.55
16743,2004/3/14 19:00,12.1
16744,30,11.35
16745,2004/3/14 20:00,10.6
16746,30,10.2
16747,2004/3/14 21:00,9.8
16748,30,9.25
16749,2004/3/14 22:00,8.7
16750,30,8.2
16751,2004/3/14 23:00,7.7
16752,30,7.45
16753,2004/3/15 0:00,7.2
16754,30,6.9
16755,2004/3/15 1:00,6.6
16756,30,6.5
16757,2004/3/15 2:00,6.4
16758,30,5.95
16759,2004/3/15 3:00,5.5
16760,30,5.25
16761,2004/3/15 4:00,5
16762,30,5
16763,2004/3/15 5:00,5
16764,30,4.8
16765,2004/3/15 6:00,4.6
16766,30,5.5
16767,2004/3/15 7:00,6.4
16768,30,7.05
16769,2004/3/15 8:00,7.7
16770,30,8.9
16771,2004/3/15 9:00,10.1
16772,30,10.95
16773,2004/3/15 10:00,11.8
16774,30,12.05
16775,2004/3/15 11:00,12.3
16776,30,13.05
16777,2004/3/15 12:00,13.8
16778,30,14.3
16779,2004/3/15 13:00,14.8
16780,30,15.2
16781,2004/3/15 14:00,15.6
16782,30,15.55
16783,2004/3/15 15:00,15.5
16784,30,15.6
16785,2004/3/15 16:00,15.7
16786,30,15.5
16787,2004/3/15 17:00,15.3
16788,30,14.7
16789,2004/3/15 18:00,14.1
16790,30,12.25
16791,2004/3/15 19:00,10.4
16792,30,9.2
16793,2004/3/15 20:00,8
16794,30,7.7
16795,2004/3/15 21:00,7.4
16796,30,7.3
16797,2004/3/15 22:00,7.2
16798,30,7.1
16799,2004/3/15 23:00,7
16800,30,6.85
16801,2004/3/16 0:00,6.7
16802,30,6.65
16803,2004/3/16 1:00,6.6
16804,30,6.55
16805,2004/3/16 2:00,6.5
16806,30,6.65
16807,2004/3/16 3:00,6.8
16808,30,6.75
16809,2004/3/16 4:00,6.7
16810,30,6.5
16811,2004/3/16 5:00,6.3
16812,30,6.25
16813,2004/3/16 6:00,6.2
16814,30,6.55
16815,2004/3/16 7:00,6.9
16816,30,7.75
16817,2004/3/16 8:00,8.6
16818,30,9.5
16819,2004/3/16 9:00,10.4
16820,30,11.1
16821,2004/3/16 10:00,11.8
16822,30,12.2
16823,2004/3/16 11:00,12.6
16824,30,13.95
16825,2004/3/16 12:00,15.3
16826,30,16.2
16827,2004/3/16 13:00,17.1
16828,30,17.15
16829,2004/3/16 14:00,17.2
16830,30,17.45
16831,2004/3/16 15:00,17.7
16832,30,17.2
16833,2004/3/16 16:00,16.7
16834,30,16.5
16835,2004/3/16 17:00,16.3
16836,30,15.95
16837,2004/3/16 18:00,15.6
16838,30,15.1
16839,2004/3/16 19:00,14.6
16840,30,13.75
16841,2004/3/16 20:00,12.9
16842,30,12.75
16843,2004/3/16 21:00,12.6
16844,30,12.25
16845,2004/3/16 22:00,11.9
16846,30,11.55
16847,2004/3/16 23:00,11.2
16848,30,10.5
16849,2004/3/17 0:00,9.8
16850,30,10.25
16851,2004/3/17 1:00,10.7
16852,30,10.4
16853,2004/3/17 2:00,10.1
16854,30,9.45
16855,2004/3/17 3:00,8.8
16856,30,8.5
16857,2004/3/17 4:00,8.2
16858,30,7.95
16859,2004/3/17 5:00,7.7
16860,30,7.4
16861,2004/3/17 6:00,7.1
16862,30,7.75
16863,2004/3/17 7:00,8.4
16864,30,9.45
16865,2004/3/17 8:00,10.5
16866,30,11.8
16867,2004/3/17 9:00,13.1
16868,30,14.65
16869,2004/3/17 10:00,16.2
16870,30,19
16871,2004/3/17 11:00,21.8
16872,30,21.95
16873,2004/3/17 12:00,22.1
16874,30,22.3
16875,2004/3/17 13:00,22.5
16876,30,21.95
16877,2004/3/17 14:00,21.4
16878,30,21.5
16879,2004/3/17 15:00,21.6
16880,30,21.25
16881,2004/3/17 16:00,20.9
16882,30,20.2
16883,2004/3/17 17:00,19.5
16884,30,19.05
16885,2004/3/17 18:00,18.6
16886,30,18.35
16887,2004/3/17 19:00,18.1
16888,30,18.05
16889,2004/3/17 20:00,18
16890,30,18
16891,2004/3/17 21:00,18
16892,30,18.05
16893,2004/3/17 22:00,18.1
16894,30,18.05
16895,2004/3/17 23:00,18
16896,30,18
16897,2004/3/18 0:00,18
16898,30,17.9
16899,2004/3/18 1:00,17.8
16900,30,17.8
16901,2004/3/18 2:00,17.8
16902,30,17.8
16903,2004/3/18 3:00,17.8
16904,30,17.65
16905,2004/3/18 4:00,17.5
16906,30,17.65
16907,2004/3/18 5:00,17.8
16908,30,17.9
16909,2004/3/18 6:00,18
16910,30,18.2
16911,2004/3/18 7:00,18.4
16912,30,18.7
16913,2004/3/18 8:00,19
16914,30,19.3
16915,2004/3/18 9:00,19.6
16916,30,19.55
16917,2004/3/18 10:00,19.5
16918,30,18.5
16919,2004/3/18 11:00,17.5
16920,30,14.75
16921,2004/3/18 12:00,12
16922,30,10.35
16923,2004/3/18 13:00,8.7
16924,30,8.25
16925,2004/3/18 14:00,7.8
16926,30,7.4
16927,2004/3/18 15:00,7
16928,30,6.7
16929,2004/3/18 16:00,6.4
16930,30,6.2
16931,2004/3/18 17:00,6
16932,30,5.7
16933,2004/3/18 18:00,5.4
16934,30,5.35
16935,2004/3/18 19:00,5.3
16936,30,5.05
16937,2004/3/18 20:00,4.8
16938,30,4.65
16939,2004/3/18 21:00,4.5
16940,30,4.6
16941,2004/3/18 22:00,4.7
16942,30,4.8
16943,2004/3/18 23:00,4.9
16944,30,4.9
16945,2004/3/19 0:00,4.9
16946,30,4.75
16947,2004/3/19 1:00,4.6
16948,30,4.35
16949,2004/3/19 2:00,4.1
16950,30,3.9
16951,2004/3/19 3:00,3.7
16952,30,3.55
16953,2004/3/19 4:00,3.4
16954,30,3.35
16955,2004/3/19 5:00,3.3
16956,30,3.35
16957,2004/3/19 6:00,3.4
16958,30,3.45
16959,2004/3/19 7:00,3.5
16960,30,3.95
16961,2004/3/19 8:00,4.4
16962,30,5.05
16963,2004/3/19 9:00,5.7
16964,30,5.8
16965,2004/3/19 10:00,5.9
16966,30,6.75
16967,2004/3/19 11:00,7.6
16968,30,8.25
16969,2004/3/19 12:00,8.9
16970,30,9.35
16971,2004/3/19 13:00,9.8
16972,30,10.4
16973,2004/3/19 14:00,11
16974,30,10.9
16975,2004/3/19 15:00,10.8
16976,30,11.1
16977,2004/3/19 16:00,11.4
16978,30,10.65
16979,2004/3/19 17:00,9.9
16980,30,8.9
16981,2004/3/19 18:00,7.9
16982,30,7.5
16983,2004/3/19 19:00,7.1
16984,30,6.85
16985,2004/3/19 20:00,6.6
16986,30,6.45
16987,2004/3/19 21:00,6.3
16988,30,6.1
16989,2004/3/19 22:00,5.9
16990,30,5.75
16991,2004/3/19 23:00,5.6
16992,30,5.6
16993,2004/3/20 0:00,5.6
16994,30,5.5
16995,2004/3/20 1:00,5.4
16996,30,5.3
16997,2004/3/20 2:00,5.2
16998,30,5.05
16999,2004/3/20 3:00,4.9
17000,30,4.65
17001,2004/3/20 4:00,4.4
17002,30,4.5
17003,2004/3/20 5:00,4.6
17004,30,4.7
17005,2004/3/20 6:00,4.8
17006,30,4.9
17007,2004/3/20 7:00,5
17008,30,5.15
17009,2004/3/20 8:00,5.3
17010,30,5.2
17011,2004/3/20 9:00,5.1
17012,30,4.5
17013,2004/3/20 10:00,3.9
17014,30,3.3
17015,2004/3/20 11:00,2.7
17016,30,2.35
17017,2004/3/20 12:00,2
17018,30,1.65
17019,2004/3/20 13:00,1.3
17020,30,1.4
17021,2004/3/20 14:00,1.5
17022,30,1.65
17023,2004/3/20 15:00,1.8
17024,30,2.15
17025,2004/3/20 16:00,2.5
17026,30,2.45
17027,2004/3/20 17:00,2.4
17028,30,2.4
17029,2004/3/20 18:00,2.4
17030,30,2.55
17031,2004/3/20 19:00,2.7
17032,30,2.65
17033,2004/3/20 20:00,2.6
17034,30,2.55
17035,2004/3/20 21:00,2.5
17036,30,2.45
17037,2004/3/20 22:00,2.4
17038,30,2.4
17039,2004/3/20 23:00,2.4
17040,30,2.45
17041,2004/3/21 0:00,2.5
17042,30,2.45
17043,2004/3/21 1:00,2.4
17044,30,2.4
17045,2004/3/21 2:00,2.4
17046,30,2.5
17047,2004/3/21 3:00,2.6
17048,30,2.65
17049,2004/3/21 4:00,2.7
17050,30,2.3
17051,2004/3/21 5:00,1.9
17052,30,1.25
17053,2004/3/21 6:00,0.6
17054,30,0.5
17055,2004/3/21 7:00,0.4
17056,30,1.05
17057,2004/3/21 8:00,1.7
17058,30,2.9
17059,2004/3/21 9:00,4.1
17060,30,5.75
17061,2004/3/21 10:00,7.4
17062,30,7.9
17063,2004/3/21 11:00,8.4
17064,30,8.9
17065,2004/3/21 12:00,9.4
17066,30,10.7
17067,2004/3/21 13:00,12
17068,30,11.65
17069,2004/3/21 14:00,11.3
17070,30,11.85
17071,2004/3/21 15:00,12.4
17072,30,12.15
17073,2004/3/21 16:00,11.9
17074,30,11.45
17075,2004/3/21 17:00,11
17076,30,10.4
17077,2004/3/21 18:00,9.8
17078,30,9.25
17079,2004/3/21 19:00,8.7
17080,30,8.05
17081,2004/3/21 20:00,7.4
17082,30,6.95
17083,2004/3/21 21:00,6.5
17084,30,6.1
17085,2004/3/21 22:00,5.7
17086,30,5.4
17087,2004/3/21 23:00,5.1
17088,30,4.8
17089,2004/3/22 0:00,4.5
17090,30,4.5
17091,2004/3/22 1:00,4.5
17092,30,4.3
17093,2004/3/22 2:00,4.1
17094,30,4.2
17095,2004/3/22 3:00,4.3
17096,30,4.25
17097,2004/3/22 4:00,4.2
17098,30,4.05
17099,2004/3/22 5:00,3.9
17100,30,3.85
17101,2004/3/22 6:00,3.8
17102,30,4.2
17103,2004/3/22 7:00,4.6
17104,30,5.05
17105,2004/3/22 8:00,5.5
17106,30,5.7
17107,2004/3/22 9:00,5.9
17108,30,5.85
17109,2004/3/22 10:00,5.8
17110,30,5.95
17111,2004/3/22 11:00,6.1
17112,30,6.15
17113,2004/3/22 12:00,6.2
17114,30,6.15
17115,2004/3/22 13:00,6.1
17116,30,6.15
17117,2004/3/22 14:00,6.2
17118,30,6.1
17119,2004/3/22 15:00,6
17120,30,5.85
17121,2004/3/22 16:00,5.7
17122,30,5.55
17123,2004/3/22 17:00,5.4
17124,30,5.3
17125,2004/3/22 18:00,5.2
17126,30,5.15
17127,2004/3/22 19:00,5.1
17128,30,4.8
17129,2004/3/22 20:00,4.5
17130,30,4
17131,2004/3/22 21:00,3.5
17132,30,3.4
17133,2004/3/22 22:00,3.3
17134,30,2.9
17135,2004/3/22 23:00,2.5
17136,30,2.3
17137,2004/3/23 0:00,2.1
17138,30,2.3
17139,2004/3/23 1:00,2.5
17140,30,2.55
17141,2004/3/23 2:00,2.6
17142,30,2.65
17143,2004/3/23 3:00,2.7
17144,30,2.85
17145,2004/3/23 4:00,3
17146,30,3.15
17147,2004/3/23 5:00,3.3
17148,30,3.35
17149,2004/3/23 6:00,3.4
17150,30,3.65
17151,2004/3/23 7:00,3.9
17152,30,4.25
17153,2004/3/23 8:00,4.6
17154,30,5.05
17155,2004/3/23 9:00,5.5
17156,30,5.9
17157,2004/3/23 10:00,6.3
17158,30,6.3
17159,2004/3/23 11:00,6.3
17160,30,6.7
17161,2004/3/23 12:00,7.1
17162,30,7.35
17163,2004/3/23 13:00,7.6
17164,30,7.55
17165,2004/3/23 14:00,7.5
17166,30,7.6
17167,2004/3/23 15:00,7.7
17168,30,7.9
17169,2004/3/23 16:00,8.1
17170,30,8.05
17171,2004/3/23 17:00,8
17172,30,7.75
17173,2004/3/23 18:00,7.5
17174,30,7.1
17175,2004/3/23 19:00,6.7
17176,30,6.4
17177,2004/3/23 20:00,6.1
17178,30,5.9
17179,2004/3/23 21:00,5.7
17180,30,5.5
17181,2004/3/23 22:00,5.3
17182,30,5.15
17183,2004/3/23 23:00,5
17184,30,4.85
17185,2004/3/24 0:00,4.7
17186,30,4.5
17187,2004/3/24 1:00,4.3
17188,30,4.2
17189,2004/3/24 2:00,4.1
17190,30,3.95
17191,2004/3/24 3:00,3.8
17192,30,3.55
17193,2004/3/24 4:00,3.3
17194,30,3.15
17195,2004/3/24 5:00,3
17196,30,3
17197,2004/3/24 6:00,3
17198,30,3.5
17199,2004/3/24 7:00,4
17200,30,4.85
17201,2004/3/24 8:00,5.7
17202,30,6.3
17203,2004/3/24 9:00,6.9
17204,30,7.9
17205,2004/3/24 10:00,8.9
17206,30,9.35
17207,2004/3/24 11:00,9.8
17208,30,9.95
17209,2004/3/24 12:00,10.1
17210,30,10.5
17211,2004/3/24 13:00,10.9
17212,30,10.7
17213,2004/3/24 14:00,10.5
17214,30,10
17215,2004/3/24 15:00,9.5
17216,30,8.65
17217,2004/3/24 16:00,7.8
17218,30,7.4
17219,2004/3/24 17:00,7
17220,30,6.75
17221,2004/3/24 18:00,6.5
17222,30,6.4
17223,2004/3/24 19:00,6.3
17224,30,6.15
17225,2004/3/24 20:00,6
17226,30,6.15
17227,2004/3/24 21:00,6.3
17228,30,6.45
17229,2004/3/24 22:00,6.6
17230,30,6.6
17231,2004/3/24 23:00,6.6
17232,30,6.55
17233,2004/3/25 0:00,6.5
17234,30,6.4
17235,2004/3/25 1:00,6.3
17236,30,6.3
17237,2004/3/25 2:00,6.3
17238,30,6.2
17239,2004/3/25 3:00,6.1
17240,30,6.15
17241,2004/3/25 4:00,6.2
17242,30,6.25
17243,2004/3/25 5:00,6.3
17244,30,6.35
17245,2004/3/25 6:00,6.4
17246,30,6.8
17247,2004/3/25 7:00,7.2
17248,30,7.65
17249,2004/3/25 8:00,8.1
17250,30,9.05
17251,2004/3/25 9:00,10
17252,30,10.2
17253,2004/3/25 10:00,10.4
17254,30,10.7
17255,2004/3/25 11:00,11
17256,30,11.05
17257,2004/3/25 12:00,11.1
17258,30,11.35
17259,2004/3/25 13:00,11.6
17260,30,11.55
17261,2004/3/25 14:00,11.5
17262,30,11.55
17263,2004/3/25 15:00,11.6
17264,30,11.7
17265,2004/3/25 16:00,11.8
17266,30,11.75
17267,2004/3/25 17:00,11.7
17268,30,11.65
17269,2004/3/25 18:00,11.6
17270,30,11.35
17271,2004/3/25 19:00,11.1
17272,30,11
17273,2004/3/25 20:00,10.9
17274,30,10.75
17275,2004/3/25 21:00,10.6
17276,30,10.4
17277,2004/3/25 22:00,10.2
17278,30,10.05
17279,2004/3/25 23:00,9.9
17280,30,9.75
17281,2004/3/26 0:00,9.6
17282,30,9.45
17283,2004/3/26 1:00,9.3
17284,30,9.25
17285,2004/3/26 2:00,9.2
17286,30,9.1
17287,2004/3/26 3:00,9
17288,30,8.95
17289,2004/3/26 4:00,8.9
17290,30,8.7
17291,2004/3/26 5:00,8.5
17292,30,7.95
17293,2004/3/26 6:00,7.4
17294,30,7.2
17295,2004/3/26 7:00,7
17296,30,7.15
17297,2004/3/26 8:00,7.3
17298,30,7.5
17299,2004/3/26 9:00,7.7
17300,30,8.3
17301,2004/3/26 10:00,8.9
17302,30,8.9
17303,2004/3/26 11:00,8.9
17304,30,9.6
17305,2004/3/26 12:00,10.3
17306,30,11.5
17307,2004/3/26 13:00,12.7
17308,30,13.8
17309,2004/3/26 14:00,14.9
17310,30,14.75
17311,2004/3/26 15:00,14.6
17312,30,13.8
17313,2004/3/26 16:00,13
17314,30,12.1
17315,2004/3/26 17:00,11.2
17316,30,10.4
17317,2004/3/26 18:00,9.6
17318,30,9
17319,2004/3/26 19:00,8.4
17320,30,7.85
17321,2004/3/26 20:00,7.3
17322,30,7.25
17323,2004/3/26 21:00,7.2
17324,30,6.95
17325,2004/3/26 22:00,6.7
17326,30,6.7
17327,2004/3/26 23:00,6.7
17328,30,6.55
17329,2004/3/27 0:00,6.4
17330,30,6.15
17331,2004/3/27 1:00,5.9
17332,30,5.55
17333,2004/3/27 2:00,5.2
17334,30,5.2
17335,2004/3/27 3:00,5.2
17336,30,5.5
17337,2004/3/27 4:00,5.8
17338,30,5.4
17339,2004/3/27 5:00,5
17340,30,4.8
17341,2004/3/27 6:00,4.6
17342,30,5.6
17343,2004/3/27 7:00,6.6
17344,30,7.95
17345,2004/3/27 8:00,9.3
17346,30,10
17347,2004/3/27 9:00,10.7
17348,30,11.55
17349,2004/3/27 10:00,12.4
17350,30,13.15
17351,2004/3/27 11:00,13.9
17352,30,14.45
17353,2004/3/27 12:00,15
17354,30,15.4
17355,2004/3/27 13:00,15.8
17356,30,16.1
17357,2004/3/27 14:00,16.4
17358,30,16.75
17359,2004/3/27 15:00,17.1
17360,30,16.55
17361,2004/3/27 16:00,16
17362,30,15.8
17363,2004/3/27 17:00,15.6
17364,30,14.8
17365,2004/3/27 18:00,14
17366,30,13.5
17367,2004/3/27 19:00,13
17368,30,12.9
17369,2004/3/27 20:00,12.8
17370,30,12.3
17371,2004/3/27 21:00,11.8
17372,30,11.4
17373,2004/3/27 22:00,11
17374,30,9.8
17375,2004/3/27 23:00,8.6
17376,30,8
17377,2004/3/28 0:00,7.4
17378,30,6.75
17379,2004/3/28 1:00,6.1
17380,30,5.75
17381,2004/3/28 2:00,5.4
17382,30,5.2
17383,2004/3/28 3:00,5
17384,30,4.75
17385,2004/3/28 4:00,4.5
17386,30,4.2
17387,2004/3/28 5:00,3.9
17388,30,3.75
17389,2004/3/28 6:00,3.6
17390,30,4.65
17391,2004/3/28 7:00,5.7
17392,30,6.9
17393,2004/3/28 8:00,8.1
17394,30,9.1
17395,2004/3/28 9:00,10.1
17396,30,10.85
17397,2004/3/28 10:00,11.6
17398,30,13.15
17399,2004/3/28 11:00,14.7
17400,30,15.3
17401,2004/3/28 12:00,15.9
17402,30,16.7
17403,2004/3/28 13:00,17.5
17404,30,17.75
17405,2004/3/28 14:00,18
17406,30,18.3
17407,2004/3/28 15:00,18.6
17408,30,18.4
17409,2004/3/28 16:00,18.2
17410,30,17.4
17411,2004/3/28 17:00,16.6
17412,30,16
17413,2004/3/28 18:00,15.4
17414,30,14.55
17415,2004/3/28 19:00,13.7
17416,30,13.4
17417,2004/3/28 20:00,13.1
17418,30,13.2
17419,2004/3/28 21:00,13.3
17420,30,12.45
17421,2004/3/28 22:00,11.6
17422,30,11.25
17423,2004/3/28 23:00,10.9
17424,30,10.65
17425,2004/3/29 0:00,10.4
17426,30,9.75
17427,2004/3/29 1:00,9.1
17428,30,9.1
17429,2004/3/29 2:00,9.1
17430,30,8.45
17431,2004/3/29 3:00,7.8
17432,30,7.25
17433,2004/3/29 4:00,6.7
17434,30,6.55
17435,2004/3/29 5:00,6.4
17436,30,6.25
17437,2004/3/29 6:00,6.1
17438,30,7
17439,2004/3/29 7:00,7.9
17440,30,8.9
17441,2004/3/29 8:00,9.9
17442,30,11.3
17443,2004/3/29 9:00,12.7
17444,30,14
17445,2004/3/29 10:00,15.3
17446,30,16.95
17447,2004/3/29 11:00,18.6
17448,30,19.8
17449,2004/3/29 12:00,21
17450,30,21.15
17451,2004/3/29 13:00,21.3
17452,30,21
17453,2004/3/29 14:00,20.7
17454,30,20.9
17455,2004/3/29 15:00,21.1
17456,30,20.6
17457,2004/3/29 16:00,20.1
17458,30,19.7
17459,2004/3/29 17:00,19.3
17460,30,18.8
17461,2004/3/29 18:00,18.3
17462,30,17.95
17463,2004/3/29 19:00,17.6
17464,30,17.4
17465,2004/3/29 20:00,17.2
17466,30,16.9
17467,2004/3/29 21:00,16.6
17468,30,16.4
17469,2004/3/29 22:00,16.2
17470,30,16.05
17471,2004/3/29 23:00,15.9
17472,30,15.8
17473,2004/3/30 0:00,15.7
17474,30,15.45
17475,2004/3/30 1:00,15.2
17476,30,15.15
17477,2004/3/30 2:00,15.1
17478,30,14.95
17479,2004/3/30 3:00,14.8
17480,30,15.05
17481,2004/3/30 4:00,15.3
17482,30,15.35
17483,2004/3/30 5:00,15.4
17484,30,15.35
17485,2004/3/30 6:00,15.3
17486,30,15.65
17487,2004/3/30 7:00,16
17488,30,16.6
17489,2004/3/30 8:00,17.2
17490,30,17.4
17491,2004/3/30 9:00,17.6
17492,30,17.7
17493,2004/3/30 10:00,17.8
17494,30,18.2
17495,2004/3/30 11:00,18.6
17496,30,18.55
17497,2004/3/30 12:00,18.5
17498,30,18.7
17499,2004/3/30 13:00,18.9
17500,30,18.4
17501,2004/3/30 14:00,17.9
17502,30,17.6
17503,2004/3/30 15:00,17.3
17504,30,16.85
17505,2004/3/30 16:00,16.4
17506,30,15.85
17507,2004/3/30 17:00,15.3
17508,30,15.15
17509,2004/3/30 18:00,15
17510,30,14.8
17511,2004/3/30 19:00,14.6
17512,30,14.4
17513,2004/3/30 20:00,14.2
17514,30,14.25
17515,2004/3/30 21:00,14.3
17516,30,14.5
17517,2004/3/30 22:00,14.7
17518,30,14.75
17519,2004/3/30 23:00,14.8
17520,30,14.55
17521,2004/3/31 0:00,14.3
17522,30,13.8
17523,2004/3/31 1:00,13.3
17524,30,13.3
17525,2004/3/31 2:00,13.3
17526,30,13.35
17527,2004/3/31 3:00,13.4
17528,30,13.2
17529,2004/3/31 4:00,13
17530,30,12.35
17531,2004/3/31 5:00,11.7
17532,30,11.9
17533,2004/3/31 6:00,12.1
17534,30,13.25
17535,2004/3/31 7:00,14.4
17536,30,16
17537,2004/3/31 8:00,17.6
17538,30,18.35
17539,2004/3/31 9:00,19.1
17540,30,19.4
17541,2004/3/31 10:00,19.7
17542,30,19.2
17543,2004/3/31 11:00,18.7
17544,30,18.8
17545,2004/3/31 12:00,18.9
17546,30,19.2
17547,2004/3/31 13:00,19.5
17548,30,19.3
17549,2004/3/31 14:00,19.1
17550,30,18.85
17551,2004/3/31 15:00,18.6
17552,30,18.55
17553,2004/3/31 16:00,18.5
17554,30,17.9
17555,2004/3/31 17:00,17.3
17556,30,16.7
17557,2004/3/31 18:00,16.1
17558,30,15.3
17559,2004/3/31 19:00,14.5
17560,30,14.35
17561,2004/3/31 20:00,14.2
17562,30,13.55
17563,2004/3/31 21:00,12.9
17564,30,12.5
17565,2004/3/31 22:00,12.1
17566,30,11.5
17567,2004/3/31 23:00,10.9
17568,30,10.35
17569,2004/4/1 0:00,9.8
17570,30,9.55
17571,2004/4/1 1:00,9.3
17572,30,9.25
17573,2004/4/1 2:00,9.2
17574,30,9.15
17575,2004/4/1 3:00,9.1
17576,30,8.9
17577,2004/4/1 4:00,8.7
17578,30,8.25
17579,2004/4/1 5:00,7.8
17580,30,7.7
17581,2004/4/1 6:00,7.6
17582,30,8.2
17583,2004/4/1 7:00,8.8
17584,30,9.7
17585,2004/4/1 8:00,10.6
17586,30,11.15
17587,2004/4/1 9:00,11.7
17588,30,12.75
17589,2004/4/1 10:00,13.8
17590,30,14.75
17591,2004/4/1 11:00,15.7
17592,30,15.95
17593,2004/4/1 12:00,16.2
17594,30,16.9
17595,2004/4/1 13:00,17.6
17596,30,17.85
17597,2004/4/1 14:00,18.1
17598,30,18.6
17599,2004/4/1 15:00,19.1
17600,30,18.8
17601,2004/4/1 16:00,18.5
17602,30,17.9
17603,2004/4/1 17:00,17.3
17604,30,16.6
17605,2004/4/1 18:00,15.9
17606,30,15.4
17607,2004/4/1 19:00,14.9
17608,30,14.6
17609,2004/4/1 20:00,14.3
17610,30,14.1
17611,2004/4/1 21:00,13.9
17612,30,14
17613,2004/4/1 22:00,14.1
17614,30,14.05
17615,2004/4/1 23:00,14
17616,30,13.55
17617,2004/4/2 0:00,
17618,30,
