,time,êÖâ∑[Åé]
1,4/1/2003 0:00,13.35
2,4/1/2003 0:30,13.55
3,4/1/2003 1:00,13.85
4,4/1/2003 1:30,14.05
5,4/1/2003 2:00,14.3
6,4/1/2003 2:30,14.55
7,4/1/2003 3:00,14.75
8,4/1/2003 3:30,14.95
9,4/1/2003 4:00,15.15
10,4/1/2003 4:30,15.45
11,4/1/2003 5:00,14.7
12,4/1/2003 5:30,13.95
13,4/1/2003 6:00,14.15
14,4/1/2003 6:30,13.55
15,4/1/2003 7:00,13.35
16,4/1/2003 7:30,13.3
17,4/1/2003 8:00,13.25
18,4/1/2003 8:30,13.45
19,4/1/2003 9:00,13.65
20,4/1/2003 9:30,13.85
21,4/1/2003 10:00,13.6
22,4/1/2003 10:30,13.35
23,4/1/2003 11:00,13.6
24,4/1/2003 11:30,13.85
25,4/1/2003 12:00,14.05
26,4/1/2003 12:30,14.25
27,4/1/2003 13:00,14.45
28,4/1/2003 13:30,14.65
29,4/1/2003 14:00,14.85
30,4/1/2003 14:30,15
31,4/1/2003 15:00,15.25
32,4/1/2003 15:30,15.45
33,4/1/2003 16:00,15.65
34,4/1/2003 16:30,15.8
35,4/1/2003 17:00,15.95
36,4/1/2003 17:30,16.15
37,4/1/2003 18:00,16.3
38,4/1/2003 18:30,12.95
39,4/1/2003 19:00,13.15
40,4/1/2003 19:30,13.25
41,4/1/2003 20:00,12.95
42,4/1/2003 20:30,13.2
43,4/1/2003 21:00,13.45
44,4/1/2003 21:30,13.65
45,4/1/2003 22:00,13.85
46,4/1/2003 22:30,14.05
47,4/1/2003 23:00,14.25
48,4/1/2003 23:30,14.35
49,4/2/2003 0:00,14.55
50,4/2/2003 0:30,14.75
51,4/2/2003 1:00,14.85
52,4/2/2003 1:30,14.95
53,4/2/2003 2:00,15.05
54,4/2/2003 2:30,15.25
55,4/2/2003 3:00,15.35
56,4/2/2003 3:30,15.55
57,4/2/2003 4:00,15.65
58,4/2/2003 4:30,15.8
59,4/2/2003 5:00,15.9
60,4/2/2003 5:30,16
61,4/2/2003 6:00,16.1
62,4/2/2003 6:30,14.45
63,4/2/2003 7:00,14.6
64,4/2/2003 7:30,14.75
65,4/2/2003 8:00,14.85
66,4/2/2003 8:30,13.75
67,4/2/2003 9:00,13.95
68,4/2/2003 9:30,14.15
69,4/2/2003 10:00,14.35
70,4/2/2003 10:30,14.45
71,4/2/2003 11:00,14.05
72,4/2/2003 11:30,13.6
73,4/2/2003 12:00,13.75
74,4/2/2003 12:30,13.95
75,4/2/2003 13:00,14.15
76,4/2/2003 13:30,14.35
77,4/2/2003 14:00,13.75
78,4/2/2003 14:30,13.85
79,4/2/2003 15:00,14
80,4/2/2003 15:30,14.15
81,4/2/2003 16:00,14.35
82,4/2/2003 16:30,14.5
83,4/2/2003 17:00,14.65
84,4/2/2003 17:30,14.8
85,4/2/2003 18:00,14.95
86,4/2/2003 18:30,15.05
87,4/2/2003 19:00,13.35
88,4/2/2003 19:30,13.55
89,4/2/2003 20:00,13.75
90,4/2/2003 20:30,13.95
91,4/2/2003 21:00,14.05
92,4/2/2003 21:30,14.25
93,4/2/2003 22:00,14.45
94,4/2/2003 22:30,14.65
95,4/2/2003 23:00,14.75
96,4/2/2003 23:30,14.95
97,4/3/2003 0:00,15.1
98,4/3/2003 0:30,15.25
99,4/3/2003 1:00,15.45
100,4/3/2003 1:30,15.6
101,4/3/2003 2:00,15.75
102,4/3/2003 2:30,15.9
103,4/3/2003 3:00,16.05
104,4/3/2003 3:30,16.2
105,4/3/2003 4:00,16.3
106,4/3/2003 4:30,16.45
107,4/3/2003 5:00,16.55
108,4/3/2003 5:30,16.6
109,4/3/2003 6:00,16.7
110,4/3/2003 6:30,15
111,4/3/2003 7:00,13.35
112,4/3/2003 7:30,13.55
113,4/3/2003 8:00,13.75
114,4/3/2003 8:30,13.95
115,4/3/2003 9:00,14.15
116,4/3/2003 9:30,14.3
117,4/3/2003 10:00,14.45
118,4/3/2003 10:30,14.65
119,4/3/2003 11:00,14.75
120,4/3/2003 11:30,14.9
121,4/3/2003 12:00,15.05
122,4/3/2003 12:30,15.25
123,4/3/2003 13:00,15.35
124,4/3/2003 13:30,15.5
125,4/3/2003 14:00,15.65
126,4/3/2003 14:30,15.8
127,4/3/2003 15:00,15.9
128,4/3/2003 15:30,16.05
129,4/3/2003 16:00,16.15
130,4/3/2003 16:30,16.25
131,4/3/2003 17:00,16.35
132,4/3/2003 17:30,16.45
133,4/3/2003 18:00,14.9
134,4/3/2003 18:30,13.1
135,4/3/2003 19:00,12.95
136,4/3/2003 19:30,13.15
137,4/3/2003 20:00,13.35
138,4/3/2003 20:30,13.55
139,4/3/2003 21:00,13.75
140,4/3/2003 21:30,13.85
141,4/3/2003 22:00,14.05
142,4/3/2003 22:30,14.25
143,4/3/2003 23:00,14.35
144,4/3/2003 23:30,14.5
145,4/4/2003 0:00,14.65
146,4/4/2003 0:30,14.8
147,4/4/2003 1:00,14.45
148,4/4/2003 1:30,14.15
149,4/4/2003 2:00,14.3
150,4/4/2003 2:30,14.45
151,4/4/2003 3:00,14.55
152,4/4/2003 3:30,14.65
153,4/4/2003 4:00,14.75
154,4/4/2003 4:30,14.85
155,4/4/2003 5:00,14.95
156,4/4/2003 5:30,13.65
157,4/4/2003 6:00,13.8
158,4/4/2003 6:30,13.95
159,4/4/2003 7:00,13.7
160,4/4/2003 7:30,13.45
161,4/4/2003 8:00,13.65
162,4/4/2003 8:30,13.75
163,4/4/2003 9:00,13.9
164,4/4/2003 9:30,14.05
165,4/4/2003 10:00,14.15
166,4/4/2003 10:30,14.3
167,4/4/2003 11:00,14.4
168,4/4/2003 11:30,14.55
169,4/4/2003 12:00,14.65
170,4/4/2003 12:30,14.75
171,4/4/2003 13:00,14.85
172,4/4/2003 13:30,14.95
173,4/4/2003 14:00,15.05
174,4/4/2003 14:30,15.2
175,4/4/2003 15:00,15.3
176,4/4/2003 15:30,15.4
177,4/4/2003 16:00,15.5
178,4/4/2003 16:30,15.6
179,4/4/2003 17:00,15.7
180,4/4/2003 17:30,15.8
181,4/4/2003 18:00,15.9
182,4/4/2003 18:30,15.95
183,4/4/2003 19:00,16.05
184,4/4/2003 19:30,14.7
185,4/4/2003 20:00,13.4
186,4/4/2003 20:30,13.55
187,4/4/2003 21:00,13.75
188,4/4/2003 21:30,13.95
189,4/4/2003 22:00,14.05
190,4/4/2003 22:30,14.25
191,4/4/2003 23:00,14.4
192,4/4/2003 23:30,14.55
193,4/5/2003 0:00,14.7
194,4/5/2003 0:30,14.85
195,4/5/2003 1:00,14.95
196,4/5/2003 1:30,13.3
197,4/5/2003 2:00,13.45
198,4/5/2003 2:30,13.65
199,4/5/2003 3:00,13.85
200,4/5/2003 3:30,13.95
201,4/5/2003 4:00,14.15
202,4/5/2003 4:30,14.25
203,4/5/2003 5:00,14.4
204,4/5/2003 5:30,14.55
205,4/5/2003 6:00,12.8
206,4/5/2003 6:30,12.8
207,4/5/2003 7:00,12.85
208,4/5/2003 7:30,12.55
209,4/5/2003 8:00,12.75
210,4/5/2003 8:30,12.95
211,4/5/2003 9:00,13.15
212,4/5/2003 9:30,13.25
213,4/5/2003 10:00,13.45
214,4/5/2003 10:30,13.6
215,4/5/2003 11:00,13.75
216,4/5/2003 11:30,13.85
217,4/5/2003 12:00,14
218,4/5/2003 12:30,14.1
219,4/5/2003 13:00,14.2
220,4/5/2003 13:30,14.3
221,4/5/2003 14:00,14.35
222,4/5/2003 14:30,14.4
223,4/5/2003 15:00,14.5
224,4/5/2003 15:30,14.55
225,4/5/2003 16:00,14.6
226,4/5/2003 16:30,14.65
227,4/5/2003 17:00,14.7
228,4/5/2003 17:30,14.7
229,4/5/2003 18:00,14.75
230,4/5/2003 18:30,11.75
231,4/5/2003 19:00,11.95
232,4/5/2003 19:30,12.05
233,4/5/2003 20:00,12.25
234,4/5/2003 20:30,12.35
235,4/5/2003 21:00,12.55
236,4/5/2003 21:30,12.65
237,4/5/2003 22:00,12.85
238,4/5/2003 22:30,12.95
239,4/5/2003 23:00,13.15
240,4/5/2003 23:30,13.25
241,4/6/2003 0:00,12.6
242,4/6/2003 0:30,12.15
243,4/6/2003 1:00,12.35
244,4/6/2003 1:30,12.55
245,4/6/2003 2:00,12.75
246,4/6/2003 2:30,12.95
247,4/6/2003 3:00,13.1
248,4/6/2003 3:30,13.25
249,4/6/2003 4:00,13.4
250,4/6/2003 4:30,13.55
251,4/6/2003 5:00,13.7
252,4/6/2003 5:30,13.8
253,4/6/2003 6:00,13.9
254,4/6/2003 6:30,14.05
255,4/6/2003 7:00,13.1
256,4/6/2003 7:30,12.25
257,4/6/2003 8:00,12.45
258,4/6/2003 8:30,12.1
259,4/6/2003 9:00,11.75
260,4/6/2003 9:30,11.95
261,4/6/2003 10:00,12.15
262,4/6/2003 10:30,12.35
263,4/6/2003 11:00,12.55
264,4/6/2003 11:30,12.75
265,4/6/2003 12:00,11.6
266,4/6/2003 12:30,11.75
267,4/6/2003 13:00,12
268,4/6/2003 13:30,12
269,4/6/2003 14:00,11.95
270,4/6/2003 14:30,12.15
271,4/6/2003 15:00,12.35
272,4/6/2003 15:30,12.55
273,4/6/2003 16:00,12.75
274,4/6/2003 16:30,12.95
275,4/6/2003 17:00,13.15
276,4/6/2003 17:30,11.85
277,4/6/2003 18:00,11.85
278,4/6/2003 18:30,12.05
279,4/6/2003 19:00,12.25
280,4/6/2003 19:30,12.5
281,4/6/2003 20:00,12.65
282,4/6/2003 20:30,12.85
283,4/6/2003 21:00,12.25
284,4/6/2003 21:30,11.65
285,4/6/2003 22:00,11.85
286,4/6/2003 22:30,12.15
287,4/6/2003 23:00,12.35
288,4/6/2003 23:30,12.55
289,4/7/2003 0:00,12.75
290,4/7/2003 0:30,12.95
291,4/7/2003 1:00,13.15
292,4/7/2003 1:30,13.35
293,4/7/2003 2:00,15.8
294,4/7/2003 2:30,16.1
295,4/7/2003 3:00,16.1
296,4/7/2003 3:30,16.1
297,4/7/2003 4:00,16.1
298,4/7/2003 4:30,16.15
299,4/7/2003 5:00,16.2
300,4/7/2003 5:30,16.2
301,4/7/2003 6:00,16.2
302,4/7/2003 6:30,15
303,4/7/2003 7:00,13.9
304,4/7/2003 7:30,14
305,4/7/2003 8:00,14.1
306,4/7/2003 8:30,14.2
307,4/7/2003 9:00,14.3
308,4/7/2003 9:30,14.35
309,4/7/2003 10:00,14.45
310,4/7/2003 10:30,14.55
311,4/7/2003 11:00,14.6
312,4/7/2003 11:30,14.7
313,4/7/2003 12:00,14.8
314,4/7/2003 12:30,14.85
315,4/7/2003 13:00,14.95
316,4/7/2003 13:30,15.05
317,4/7/2003 14:00,15.15
318,4/7/2003 14:30,15.25
319,4/7/2003 15:00,15.35
320,4/7/2003 15:30,15.45
321,4/7/2003 16:00,15.55
322,4/7/2003 16:30,15.6
323,4/7/2003 17:00,15.7
324,4/7/2003 17:30,15.8
325,4/7/2003 18:00,15.9
326,4/7/2003 18:30,12.65
327,4/7/2003 19:00,12.85
328,4/7/2003 19:30,13.05
329,4/7/2003 20:00,13.25
330,4/7/2003 20:30,13.45
331,4/7/2003 21:00,13.65
332,4/7/2003 21:30,13.85
333,4/7/2003 22:00,14.05
334,4/7/2003 22:30,14.15
335,4/7/2003 23:00,14.35
336,4/7/2003 23:30,14.55
337,4/8/2003 0:00,14.7
338,4/8/2003 0:30,13.9
339,4/8/2003 1:00,13.05
340,4/8/2003 1:30,13.35
341,4/8/2003 2:00,14.75
342,4/8/2003 2:30,14.85
343,4/8/2003 3:00,15
344,4/8/2003 3:30,15.15
345,4/8/2003 4:00,15.35
346,4/8/2003 4:30,15.5
347,4/8/2003 5:00,15.65
348,4/8/2003 5:30,15.8
349,4/8/2003 6:00,15.95
350,4/8/2003 6:30,16.05
351,4/8/2003 7:00,13.85
352,4/8/2003 7:30,14.05
353,4/8/2003 8:00,13.35
354,4/8/2003 8:30,13.55
355,4/8/2003 9:00,13.75
356,4/8/2003 9:30,13.95
357,4/8/2003 10:00,14.15
358,4/8/2003 10:30,14.35
359,4/8/2003 11:00,14.45
360,4/8/2003 11:30,14.65
361,4/8/2003 12:00,14.85
362,4/8/2003 12:30,15.05
363,4/8/2003 13:00,15.2
364,4/8/2003 13:30,15.4
365,4/8/2003 14:00,15.55
366,4/8/2003 14:30,15.75
367,4/8/2003 15:00,15.95
368,4/8/2003 15:30,16.1
369,4/8/2003 16:00,16.25
370,4/8/2003 16:30,16.4
371,4/8/2003 17:00,16.55
372,4/8/2003 17:30,16.7
373,4/8/2003 18:00,16.85
374,4/8/2003 18:30,16.95
375,4/8/2003 19:00,17.1
376,4/8/2003 19:30,17.2
377,4/8/2003 20:00,17.3
378,4/8/2003 20:30,15.4
379,4/8/2003 21:00,13.55
380,4/8/2003 21:30,13.8
381,4/8/2003 22:00,13.5
382,4/8/2003 22:30,13.15
383,4/8/2003 23:00,13.4
384,4/8/2003 23:30,13.65
385,4/9/2003 0:00,13.9
386,4/9/2003 0:30,14.15
387,4/9/2003 1:00,14.35
388,4/9/2003 1:30,14.55
389,4/9/2003 2:00,14.8
390,4/9/2003 2:30,15
391,4/9/2003 3:00,15.25
392,4/9/2003 3:30,15.45
393,4/9/2003 4:00,15.65
394,4/9/2003 4:30,15.85
395,4/9/2003 5:00,16
396,4/9/2003 5:30,16.15
397,4/9/2003 6:00,16.3
398,4/9/2003 6:30,16.45
399,4/9/2003 7:00,16.55
400,4/9/2003 7:30,16.7
401,4/9/2003 8:00,15.2
402,4/9/2003 8:30,12.85
403,4/9/2003 9:00,13.15
404,4/9/2003 9:30,12.85
405,4/9/2003 10:00,13.1
406,4/9/2003 10:30,13.25
407,4/9/2003 11:00,13.35
408,4/9/2003 11:30,13.25
409,4/9/2003 12:00,13.15
410,4/9/2003 12:30,13.4
411,4/9/2003 13:00,13.65
412,4/9/2003 13:30,13.85
413,4/9/2003 14:00,14.05
414,4/9/2003 14:30,14.35
415,4/9/2003 15:00,14.05
416,4/9/2003 15:30,13.75
417,4/9/2003 16:00,13.95
418,4/9/2003 16:30,14.2
419,4/9/2003 17:00,14.45
420,4/9/2003 17:30,14.65
421,4/9/2003 18:00,14.85
422,4/9/2003 18:30,15.05
423,4/9/2003 19:00,15.25
424,4/9/2003 19:30,15.45
425,4/9/2003 20:00,15.7
426,4/9/2003 20:30,13.6
427,4/9/2003 21:00,13.5
428,4/9/2003 21:30,13.45
429,4/9/2003 22:00,13.65
430,4/9/2003 22:30,13.95
431,4/9/2003 23:00,14.15
432,4/9/2003 23:30,14.35
433,4/10/2003 0:00,14.55
434,4/10/2003 0:30,14.75
435,4/10/2003 1:00,14.95
436,4/10/2003 1:30,15.15
437,4/10/2003 2:00,15.35
438,4/10/2003 2:30,15.45
439,4/10/2003 3:00,15.6
440,4/10/2003 3:30,15.75
441,4/10/2003 4:00,15.9
442,4/10/2003 4:30,16
443,4/10/2003 5:00,16.1
444,4/10/2003 5:30,16.2
445,4/10/2003 6:00,14.05
446,4/10/2003 6:30,14.25
447,4/10/2003 7:00,14.4
448,4/10/2003 7:30,14.5
449,4/10/2003 8:00,13.45
450,4/10/2003 8:30,13.55
451,4/10/2003 9:00,13.75
452,4/10/2003 9:30,13.9
453,4/10/2003 10:00,14.05
454,4/10/2003 10:30,14.15
455,4/10/2003 11:00,14.3
456,4/10/2003 11:30,14.4
457,4/10/2003 12:00,14.55
458,4/10/2003 12:30,14.65
459,4/10/2003 13:00,14.75
460,4/10/2003 13:30,14.85
461,4/10/2003 14:00,14.95
462,4/10/2003 14:30,15.1
463,4/10/2003 15:00,15.2
464,4/10/2003 15:30,15.3
465,4/10/2003 16:00,15.45
466,4/10/2003 16:30,15.55
467,4/10/2003 17:00,15.65
468,4/10/2003 17:30,15.75
469,4/10/2003 18:00,15.85
470,4/10/2003 18:30,15.95
471,4/10/2003 19:00,16
472,4/10/2003 19:30,16.1
473,4/10/2003 20:00,16.2
474,4/10/2003 20:30,16.25
475,4/10/2003 21:00,16.35
476,4/10/2003 21:30,16.4
477,4/10/2003 22:00,16.5
478,4/10/2003 22:30,16.6
479,4/10/2003 23:00,16.7
480,4/10/2003 23:30,16.75
481,4/11/2003 0:00,16.85
482,4/11/2003 0:30,16.9
483,4/11/2003 1:00,17
484,4/11/2003 1:30,17.05
485,4/11/2003 2:00,17.1
486,4/11/2003 2:30,17.15
487,4/11/2003 3:00,17.2
488,4/11/2003 3:30,17.2
489,4/11/2003 4:00,17.25
490,4/11/2003 4:30,17.3
491,4/11/2003 5:00,17.3
492,4/11/2003 5:30,15.75
493,4/11/2003 6:00,14.25
494,4/11/2003 6:30,14.1
495,4/11/2003 7:00,13.95
496,4/11/2003 7:30,14.1
497,4/11/2003 8:00,14.25
498,4/11/2003 8:30,14.35
499,4/11/2003 9:00,14.5
500,4/11/2003 9:30,14.65
501,4/11/2003 10:00,14.75
502,4/11/2003 10:30,14.85
503,4/11/2003 11:00,14.95
504,4/11/2003 11:30,15.1
505,4/11/2003 12:00,15.2
506,4/11/2003 12:30,15.35
507,4/11/2003 13:00,15.45
508,4/11/2003 13:30,15.55
509,4/11/2003 14:00,15.65
510,4/11/2003 14:30,15.8
511,4/11/2003 15:00,15.9
512,4/11/2003 15:30,16.05
513,4/11/2003 16:00,16.15
514,4/11/2003 16:30,16.2
515,4/11/2003 17:00,16.3
516,4/11/2003 17:30,16.4
517,4/11/2003 18:00,16.5
518,4/11/2003 18:30,16.6
519,4/11/2003 19:00,13.8
520,4/11/2003 19:30,13.9
521,4/11/2003 20:00,14.05
522,4/11/2003 20:30,14.25
523,4/11/2003 21:00,14.4
524,4/11/2003 21:30,14.55
525,4/11/2003 22:00,14.75
526,4/11/2003 22:30,14.85
527,4/11/2003 23:00,15.05
528,4/11/2003 23:30,15.25
529,4/12/2003 0:00,15.4
530,4/12/2003 0:30,15.55
531,4/12/2003 1:00,15.75
532,4/12/2003 1:30,15.85
533,4/12/2003 2:00,16
534,4/12/2003 2:30,16.15
535,4/12/2003 3:00,15.5
536,4/12/2003 3:30,14.85
537,4/12/2003 4:00,15.05
538,4/12/2003 4:30,15.15
539,4/12/2003 5:00,15.35
540,4/12/2003 5:30,15.45
541,4/12/2003 6:00,15.65
542,4/12/2003 6:30,14.95
543,4/12/2003 7:00,14.35
544,4/12/2003 7:30,14.3
545,4/12/2003 8:00,14.45
546,4/12/2003 8:30,14.6
547,4/12/2003 9:00,14.75
548,4/12/2003 9:30,14.9
549,4/12/2003 10:00,15.05
550,4/12/2003 10:30,15.25
551,4/12/2003 11:00,15.45
552,4/12/2003 11:30,15.55
553,4/12/2003 12:00,15.75
554,4/12/2003 12:30,15.95
555,4/12/2003 13:00,16.05
556,4/12/2003 13:30,16.25
557,4/12/2003 14:00,16.4
558,4/12/2003 14:30,16.55
559,4/12/2003 15:00,16.65
560,4/12/2003 15:30,16.8
561,4/12/2003 16:00,16.95
562,4/12/2003 16:30,17.1
563,4/12/2003 17:00,17.2
564,4/12/2003 17:30,17.3
565,4/12/2003 18:00,17.45
566,4/12/2003 18:30,17.55
567,4/12/2003 19:00,13.95
568,4/12/2003 19:30,14.15
569,4/12/2003 20:00,13.85
570,4/12/2003 20:30,13.55
571,4/12/2003 21:00,13.75
572,4/12/2003 21:30,14.05
573,4/12/2003 22:00,14.25
574,4/12/2003 22:30,14.45
575,4/12/2003 23:00,14.65
576,4/12/2003 23:30,14.85
577,4/13/2003 0:00,15.1
578,4/13/2003 0:30,14.05
579,4/13/2003 1:00,14.25
580,4/13/2003 1:30,14.45
581,4/13/2003 2:00,14.65
582,4/13/2003 2:30,14.85
583,4/13/2003 3:00,15.05
584,4/13/2003 3:30,15.25
585,4/13/2003 4:00,15.45
586,4/13/2003 4:30,15.65
587,4/13/2003 5:00,15.85
588,4/13/2003 5:30,16.05
589,4/13/2003 6:00,16.2
590,4/13/2003 6:30,16.35
591,4/13/2003 7:00,14.5
592,4/13/2003 7:30,14.3
593,4/13/2003 8:00,14.15
594,4/13/2003 8:30,14.35
595,4/13/2003 9:00,14.55
596,4/13/2003 9:30,14.75
597,4/13/2003 10:00,14.95
598,4/13/2003 10:30,14.4
599,4/13/2003 11:00,13.95
600,4/13/2003 11:30,14.15
601,4/13/2003 12:00,14.35
602,4/13/2003 12:30,14.6
603,4/13/2003 13:00,14.85
604,4/13/2003 13:30,14.65
605,4/13/2003 14:00,14.45
606,4/13/2003 14:30,14.05
607,4/13/2003 15:00,14.25
608,4/13/2003 15:30,13.95
609,4/13/2003 16:00,14.25
610,4/13/2003 16:30,14.15
611,4/13/2003 17:00,14.4
612,4/13/2003 17:30,14.65
613,4/13/2003 18:00,14.9
614,4/13/2003 18:30,14.35
615,4/13/2003 19:00,14.6
616,4/13/2003 19:30,14.85
617,4/13/2003 20:00,15.1
618,4/13/2003 20:30,15.4
619,4/13/2003 21:00,15.7
620,4/13/2003 21:30,16
621,4/13/2003 22:00,16.3
622,4/13/2003 22:30,16.55
623,4/13/2003 23:00,16.85
624,4/13/2003 23:30,17.05
625,4/14/2003 0:00,17.25
626,4/14/2003 0:30,17.45
627,4/14/2003 1:00,17.65
628,4/14/2003 1:30,17.85
629,4/14/2003 2:00,18.05
630,4/14/2003 2:30,18.2
631,4/14/2003 3:00,18.35
632,4/14/2003 3:30,18.5
633,4/14/2003 4:00,18.65
634,4/14/2003 4:30,18.75
635,4/14/2003 5:00,18.85
636,4/14/2003 5:30,18.95
637,4/14/2003 6:00,19.05
638,4/14/2003 6:30,16.25
639,4/14/2003 7:00,15.45
640,4/14/2003 7:30,14.75
641,4/14/2003 8:00,14.55
642,4/14/2003 8:30,14.75
643,4/14/2003 9:00,14.95
644,4/14/2003 9:30,15.2
645,4/14/2003 10:00,15.45
646,4/14/2003 10:30,15.65
647,4/14/2003 11:00,15.9
648,4/14/2003 11:30,16.15
649,4/14/2003 12:00,16.35
650,4/14/2003 12:30,16.55
651,4/14/2003 13:00,16.75
652,4/14/2003 13:30,16.9
653,4/14/2003 14:00,17.05
654,4/14/2003 14:30,17.25
655,4/14/2003 15:00,17.45
656,4/14/2003 15:30,17.55
657,4/14/2003 16:00,17.7
658,4/14/2003 16:30,17.85
659,4/14/2003 17:00,17.95
660,4/14/2003 17:30,18.05
661,4/14/2003 18:00,18.2
662,4/14/2003 18:30,16.6
663,4/14/2003 19:00,15.25
664,4/14/2003 19:30,15.45
665,4/14/2003 20:00,15.65
666,4/14/2003 20:30,15.85
667,4/14/2003 21:00,16.05
668,4/14/2003 21:30,16.25
669,4/14/2003 22:00,16.45
670,4/14/2003 22:30,16.65
671,4/14/2003 23:00,16.85
672,4/14/2003 23:30,17
673,4/15/2003 0:00,17.15
674,4/15/2003 0:30,17.25
675,4/15/2003 1:00,17.4
676,4/15/2003 1:30,17.55
677,4/15/2003 2:00,17.65
678,4/15/2003 2:30,17.75
679,4/15/2003 3:00,17.85
680,4/15/2003 3:30,17.9
681,4/15/2003 4:00,18
682,4/15/2003 4:30,18.1
683,4/15/2003 5:00,17.4
684,4/15/2003 5:30,16.75
685,4/15/2003 6:00,16.4
686,4/15/2003 6:30,16.2
687,4/15/2003 7:00,15.7
688,4/15/2003 7:30,15.45
689,4/15/2003 8:00,15.65
690,4/15/2003 8:30,15.75
691,4/15/2003 9:00,15.95
692,4/15/2003 9:30,16.1
693,4/15/2003 10:00,16.25
694,4/15/2003 10:30,16.4
695,4/15/2003 11:00,16.5
696,4/15/2003 11:30,16.65
697,4/15/2003 12:00,15.05
698,4/15/2003 12:30,15.15
699,4/15/2003 13:00,15.35
700,4/15/2003 13:30,15.55
701,4/15/2003 14:00,15.65
702,4/15/2003 14:30,15.85
703,4/15/2003 15:00,15.95
704,4/15/2003 15:30,16.1
705,4/15/2003 16:00,16.25
706,4/15/2003 16:30,16.35
707,4/15/2003 17:00,16.45
708,4/15/2003 17:30,16.55
709,4/15/2003 18:00,16.65
710,4/15/2003 18:30,14.65
711,4/15/2003 19:00,14.75
712,4/15/2003 19:30,14.95
713,4/15/2003 20:00,15.05
714,4/15/2003 20:30,15.25
715,4/15/2003 21:00,15.45
716,4/15/2003 21:30,14.55
717,4/15/2003 22:00,14.6
718,4/15/2003 22:30,14.55
719,4/15/2003 23:00,14.75
720,4/15/2003 23:30,14.85
721,4/16/2003 0:00,15.05
722,4/16/2003 0:30,15.15
723,4/16/2003 1:00,15.35
724,4/16/2003 1:30,15.45
725,4/16/2003 2:00,15.6
726,4/16/2003 2:30,15.75
727,4/16/2003 3:00,15.85
728,4/16/2003 3:30,15.95
729,4/16/2003 4:00,16.05
730,4/16/2003 4:30,16.15
731,4/16/2003 5:00,16.2
732,4/16/2003 5:30,16.3
733,4/16/2003 6:00,15.65
734,4/16/2003 6:30,14.95
735,4/16/2003 7:00,15.05
736,4/16/2003 7:30,15.2
737,4/16/2003 8:00,14.55
738,4/16/2003 8:30,14.35
739,4/16/2003 9:00,14.45
740,4/16/2003 9:30,14.6
741,4/16/2003 10:00,14.75
742,4/16/2003 10:30,14.85
743,4/16/2003 11:00,15
744,4/16/2003 11:30,15.1
745,4/16/2003 12:00,15.25
746,4/16/2003 12:30,15.45
747,4/16/2003 13:00,15.55
748,4/16/2003 13:30,15.75
749,4/16/2003 14:00,15.35
750,4/16/2003 14:30,14.7
751,4/16/2003 15:00,14.35
752,4/16/2003 15:30,14.55
753,4/16/2003 16:00,14.75
754,4/16/2003 16:30,14.85
755,4/16/2003 17:00,15.05
756,4/16/2003 17:30,15.3
757,4/16/2003 18:00,14.95
758,4/16/2003 18:30,14.5
759,4/16/2003 19:00,14.7
760,4/16/2003 19:30,14.85
761,4/16/2003 20:00,15.05
762,4/16/2003 20:30,15.25
763,4/16/2003 21:00,15.45
764,4/16/2003 21:30,15.65
765,4/16/2003 22:00,15.85
766,4/16/2003 22:30,16.05
767,4/16/2003 23:00,16.25
768,4/16/2003 23:30,16.45
769,4/17/2003 0:00,16.65
770,4/17/2003 0:30,16.75
771,4/17/2003 1:00,16.95
772,4/17/2003 1:30,17.1
773,4/17/2003 2:00,17.25
774,4/17/2003 2:30,17.35
775,4/17/2003 3:00,17.5
776,4/17/2003 3:30,17.6
777,4/17/2003 4:00,17.7
778,4/17/2003 4:30,17.8
779,4/17/2003 5:00,17.9
780,4/17/2003 5:30,18
781,4/17/2003 6:00,18.1
782,4/17/2003 6:30,15.65
783,4/17/2003 7:00,15.55
784,4/17/2003 7:30,15.75
785,4/17/2003 8:00,15.9
786,4/17/2003 8:30,16.05
787,4/17/2003 9:00,16.25
788,4/17/2003 9:30,16.45
789,4/17/2003 10:00,16.55
790,4/17/2003 10:30,16.75
791,4/17/2003 11:00,16.85
792,4/17/2003 11:30,17.05
793,4/17/2003 12:00,17.15
794,4/17/2003 12:30,17.35
795,4/17/2003 13:00,17.45
796,4/17/2003 13:30,17.6
797,4/17/2003 14:00,17.75
798,4/17/2003 14:30,17.85
799,4/17/2003 15:00,18
800,4/17/2003 15:30,18.15
801,4/17/2003 16:00,18.25
802,4/17/2003 16:30,18.35
803,4/17/2003 17:00,18.5
804,4/17/2003 17:30,18.6
805,4/17/2003 18:00,18.75
806,4/17/2003 18:30,18.85
807,4/17/2003 19:00,18.95
808,4/17/2003 19:30,19.05
809,4/17/2003 20:00,19.15
810,4/17/2003 20:30,19.25
811,4/17/2003 21:00,19.35
812,4/17/2003 21:30,15.35
813,4/17/2003 22:00,15.6
814,4/17/2003 22:30,15.85
815,4/17/2003 23:00,16.15
816,4/17/2003 23:30,15.65
817,4/18/2003 0:00,14.8
818,4/18/2003 0:30,14.65
819,4/18/2003 1:00,15.85
820,4/18/2003 1:30,17.05
821,4/18/2003 2:00,17.25
822,4/18/2003 2:30,17.45
823,4/18/2003 3:00,17.55
824,4/18/2003 3:30,17.75
825,4/18/2003 4:00,17.9
826,4/18/2003 4:30,18.05
827,4/18/2003 5:00,18.2
828,4/18/2003 5:30,18.35
829,4/18/2003 6:00,18.45
830,4/18/2003 6:30,17.4
831,4/18/2003 7:00,16
832,4/18/2003 7:30,15.65
833,4/18/2003 8:00,15.85
834,4/18/2003 8:30,16.15
835,4/18/2003 9:00,16.35
836,4/18/2003 9:30,16.55
837,4/18/2003 10:00,16.75
838,4/18/2003 10:30,16.95
839,4/18/2003 11:00,17.15
840,4/18/2003 11:30,17.3
841,4/18/2003 12:00,17.5
842,4/18/2003 12:30,17.65
843,4/18/2003 13:00,17.85
844,4/18/2003 13:30,18
845,4/18/2003 14:00,18.15
846,4/18/2003 14:30,18.35
847,4/18/2003 15:00,18.45
848,4/18/2003 15:30,18.65
849,4/18/2003 16:00,18.75
850,4/18/2003 16:30,18.95
851,4/18/2003 17:00,19.05
852,4/18/2003 17:30,19.2
853,4/18/2003 18:00,19.35
854,4/18/2003 18:30,15.75
855,4/18/2003 19:00,15.55
856,4/18/2003 19:30,15.75
857,4/18/2003 20:00,16.05
858,4/18/2003 20:30,16.35
859,4/18/2003 21:00,16.65
860,4/18/2003 21:30,15.85
861,4/18/2003 22:00,16.15
862,4/18/2003 22:30,16.4
863,4/18/2003 23:00,16.7
864,4/18/2003 23:30,16.95
865,4/19/2003 0:00,17.25
866,4/19/2003 0:30,17.55
867,4/19/2003 1:00,17.85
868,4/19/2003 1:30,18.05
869,4/19/2003 2:00,18.25
870,4/19/2003 2:30,17.7
871,4/19/2003 3:00,17.85
872,4/19/2003 3:30,18.05
873,4/19/2003 4:00,18.25
874,4/19/2003 4:30,18.45
875,4/19/2003 5:00,18.65
876,4/19/2003 5:30,18.75
877,4/19/2003 6:00,18.95
878,4/19/2003 6:30,17.95
879,4/19/2003 7:00,16.7
880,4/19/2003 7:30,16.95
881,4/19/2003 8:00,16.5
882,4/19/2003 8:30,16.05
883,4/19/2003 9:00,16.3
884,4/19/2003 9:30,16.55
885,4/19/2003 10:00,16.8
886,4/19/2003 10:30,17.05
887,4/19/2003 11:00,17.25
888,4/19/2003 11:30,17.45
889,4/19/2003 12:00,17.75
890,4/19/2003 12:30,17.95
891,4/19/2003 13:00,18.15
892,4/19/2003 13:30,18.35
893,4/19/2003 14:00,18.45
894,4/19/2003 14:30,18.65
895,4/19/2003 15:00,18.85
896,4/19/2003 15:30,19.05
897,4/19/2003 16:00,19.15
898,4/19/2003 16:30,19.35
899,4/19/2003 17:00,19.45
900,4/19/2003 17:30,19.65
901,4/19/2003 18:00,19.75
902,4/19/2003 18:30,17.35
903,4/19/2003 19:00,17.55
904,4/19/2003 19:30,17.85
905,4/19/2003 20:00,18.05
906,4/19/2003 20:30,18.25
907,4/19/2003 21:00,18.45
908,4/19/2003 21:30,18.65
909,4/19/2003 22:00,18.85
910,4/19/2003 22:30,19.05
911,4/19/2003 23:00,19.25
912,4/19/2003 23:30,19.35
913,4/20/2003 0:00,19.55
914,4/20/2003 0:30,19.7
915,4/20/2003 1:00,17.8
916,4/20/2003 1:30,17.75
917,4/20/2003 2:00,18
918,4/20/2003 2:30,18.25
919,4/20/2003 3:00,18.45
920,4/20/2003 3:30,18.6
921,4/20/2003 4:00,18.75
922,4/20/2003 4:30,18.95
923,4/20/2003 5:00,19.1
924,4/20/2003 5:30,19.25
925,4/20/2003 6:00,19.4
926,4/20/2003 6:30,19.55
927,4/20/2003 7:00,18.5
928,4/20/2003 7:30,17.45
929,4/20/2003 8:00,17.65
930,4/20/2003 8:30,17.85
931,4/20/2003 9:00,18.05
932,4/20/2003 9:30,16.75
933,4/20/2003 10:00,16.95
934,4/20/2003 10:30,17.15
935,4/20/2003 11:00,17.35
936,4/20/2003 11:30,17.05
937,4/20/2003 12:00,16.75
938,4/20/2003 12:30,16.95
939,4/20/2003 13:00,17.1
940,4/20/2003 13:30,17.25
941,4/20/2003 14:00,16.75
942,4/20/2003 14:30,16.25
943,4/20/2003 15:00,16.45
944,4/20/2003 15:30,16.65
945,4/20/2003 16:00,16.85
946,4/20/2003 16:30,17.05
947,4/20/2003 17:00,17.2
948,4/20/2003 17:30,17.35
949,4/20/2003 18:00,17.5
950,4/20/2003 18:30,16.3
951,4/20/2003 19:00,16.4
952,4/20/2003 19:30,16.55
953,4/20/2003 20:00,16.05
954,4/20/2003 20:30,16.15
955,4/20/2003 21:00,16.35
956,4/20/2003 21:30,16.15
957,4/20/2003 22:00,15.95
958,4/20/2003 22:30,16.15
959,4/20/2003 23:00,16.35
960,4/20/2003 23:30,16.55
961,4/21/2003 0:00,16.75
962,4/21/2003 0:30,16.9
963,4/21/2003 1:00,17.05
964,4/21/2003 1:30,17.25
965,4/21/2003 2:00,17.4
966,4/21/2003 2:30,17.55
967,4/21/2003 3:00,17.65
968,4/21/2003 3:30,17.8
969,4/21/2003 4:00,17.95
970,4/21/2003 4:30,18.05
971,4/21/2003 5:00,18.15
972,4/21/2003 5:30,18.25
973,4/21/2003 6:00,18.35
974,4/21/2003 6:30,16.05
975,4/21/2003 7:00,15.85
976,4/21/2003 7:30,15.75
977,4/21/2003 8:00,15.95
978,4/21/2003 8:30,15.75
979,4/21/2003 9:00,15.5
980,4/21/2003 9:30,15.65
981,4/21/2003 10:00,15.85
982,4/21/2003 10:30,16.05
983,4/21/2003 11:00,16.25
984,4/21/2003 11:30,15.2
985,4/21/2003 12:00,15.35
986,4/21/2003 12:30,15.55
987,4/21/2003 13:00,15.75
988,4/21/2003 13:30,15.95
989,4/21/2003 14:00,16.1
990,4/21/2003 14:30,15.8
991,4/21/2003 15:00,15.55
992,4/21/2003 15:30,15.65
993,4/21/2003 16:00,15.85
994,4/21/2003 16:30,16.05
995,4/21/2003 17:00,16.25
996,4/21/2003 17:30,16.4
997,4/21/2003 18:00,16.55
998,4/21/2003 18:30,16.7
999,4/21/2003 19:00,15.1
1000,4/21/2003 19:30,15.25
1001,4/21/2003 20:00,15.45
1002,4/21/2003 20:30,15.65
1003,4/21/2003 21:00,15.8
1004,4/21/2003 21:30,15.95
1005,4/21/2003 22:00,16.15
1006,4/21/2003 22:30,16.25
1007,4/21/2003 23:00,16.4
1008,4/21/2003 23:30,16.5
1009,4/22/2003 0:00,16.6
1010,4/22/2003 0:30,16.7
1011,4/22/2003 1:00,16.8
1012,4/22/2003 1:30,16.9
1013,4/22/2003 2:00,17
1014,4/22/2003 2:30,17.05
1015,4/22/2003 3:00,17.1
1016,4/22/2003 3:30,15.55
1017,4/22/2003 4:00,15.7
1018,4/22/2003 4:30,15.85
1019,4/22/2003 5:00,15.95
1020,4/22/2003 5:30,16.05
1021,4/22/2003 6:00,16.05
1022,4/22/2003 6:30,16.05
1023,4/22/2003 7:00,15.55
1024,4/22/2003 7:30,15.05
1025,4/22/2003 8:00,15.15
1026,4/22/2003 8:30,14.8
1027,4/22/2003 9:00,14.4
1028,4/22/2003 9:30,14.55
1029,4/22/2003 10:00,14.65
1030,4/22/2003 10:30,14.85
1031,4/22/2003 11:00,14.95
1032,4/22/2003 11:30,15.15
1033,4/22/2003 12:00,15.3
1034,4/22/2003 12:30,15.45
1035,4/22/2003 13:00,15.6
1036,4/22/2003 13:30,15.75
1037,4/22/2003 14:00,15.9
1038,4/22/2003 14:30,16.05
1039,4/22/2003 15:00,16.15
1040,4/22/2003 15:30,16.3
1041,4/22/2003 16:00,16.45
1042,4/22/2003 16:30,16.55
1043,4/22/2003 17:00,16.65
1044,4/22/2003 17:30,16.75
1045,4/22/2003 18:00,16.9
1046,4/22/2003 18:30,17
1047,4/22/2003 19:00,17.1
1048,4/22/2003 19:30,17.2
1049,4/22/2003 20:00,17.25
1050,4/22/2003 20:30,17.35
1051,4/22/2003 21:00,17.45
1052,4/22/2003 21:30,17.55
1053,4/22/2003 22:00,16.8
1054,4/22/2003 22:30,14.65
1055,4/22/2003 23:00,14.8
1056,4/22/2003 23:30,14.95
1057,4/23/2003 0:00,14.4
1058,4/23/2003 0:30,14.55
1059,4/23/2003 1:00,14.75
1060,4/23/2003 1:30,14.95
1061,4/23/2003 2:00,15.15
1062,4/23/2003 2:30,15.35
1063,4/23/2003 3:00,15.55
1064,4/23/2003 3:30,15.75
1065,4/23/2003 4:00,15.85
1066,4/23/2003 4:30,16.05
1067,4/23/2003 5:00,16.2
1068,4/23/2003 5:30,16.35
1069,4/23/2003 6:00,16.5
1070,4/23/2003 6:30,16.6
1071,4/23/2003 7:00,16.75
1072,4/23/2003 7:30,16.85
1073,4/23/2003 8:00,14.85
1074,4/23/2003 8:30,15.05
1075,4/23/2003 9:00,14.55
1076,4/23/2003 9:30,14.25
1077,4/23/2003 10:00,14.35
1078,4/23/2003 10:30,14.55
1079,4/23/2003 11:00,14.5
1080,4/23/2003 11:30,14.45
1081,4/23/2003 12:00,14.65
1082,4/23/2003 12:30,14.8
1083,4/23/2003 13:00,14.75
1084,4/23/2003 13:30,14.75
1085,4/23/2003 14:00,14.95
1086,4/23/2003 14:30,14.8
1087,4/23/2003 15:00,14.65
1088,4/23/2003 15:30,14.85
1089,4/23/2003 16:00,15.05
1090,4/23/2003 16:30,14.9
1091,4/23/2003 17:00,14.5
1092,4/23/2003 17:30,14.55
1093,4/23/2003 18:00,14.75
1094,4/23/2003 18:30,14.95
1095,4/23/2003 19:00,15.15
1096,4/23/2003 19:30,15.4
1097,4/23/2003 20:00,15.65
1098,4/23/2003 20:30,15.85
1099,4/23/2003 21:00,15.2
1100,4/23/2003 21:30,14.55
1101,4/23/2003 22:00,14.75
1102,4/23/2003 22:30,14.7
1103,4/23/2003 23:00,14.65
1104,4/23/2003 23:30,14.85
1105,4/24/2003 0:00,15.05
1106,4/24/2003 0:30,15.3
1107,4/24/2003 1:00,15.55
1108,4/24/2003 1:30,15.75
1109,4/24/2003 2:00,16.05
1110,4/24/2003 2:30,16.25
1111,4/24/2003 3:00,16.45
1112,4/24/2003 3:30,16.65
1113,4/24/2003 4:00,16.85
1114,4/24/2003 4:30,17.05
1115,4/24/2003 5:00,17.15
1116,4/24/2003 5:30,17.35
1117,4/24/2003 6:00,17.45
1118,4/24/2003 6:30,17.6
1119,4/24/2003 7:00,14.45
1120,4/24/2003 7:30,14.65
1121,4/24/2003 8:00,14.85
1122,4/24/2003 8:30,15.15
1123,4/24/2003 9:00,15.35
1124,4/24/2003 9:30,15.55
1125,4/24/2003 10:00,15.85
1126,4/24/2003 10:30,16.05
1127,4/24/2003 11:00,16.25
1128,4/24/2003 11:30,16.45
1129,4/24/2003 12:00,16.65
1130,4/24/2003 12:30,16.85
1131,4/24/2003 13:00,16.1
1132,4/24/2003 13:30,15.25
1133,4/24/2003 14:00,15.45
1134,4/24/2003 14:30,15.7
1135,4/24/2003 15:00,15.95
1136,4/24/2003 15:30,16.15
1137,4/24/2003 16:00,16.35
1138,4/24/2003 16:30,15.75
1139,4/24/2003 17:00,14.75
1140,4/24/2003 17:30,14.55
1141,4/24/2003 18:00,14.75
1142,4/24/2003 18:30,15.05
1143,4/24/2003 19:00,15.3
1144,4/24/2003 19:30,15.55
1145,4/24/2003 20:00,15.85
1146,4/24/2003 20:30,14.45
1147,4/24/2003 21:00,14.75
1148,4/24/2003 21:30,14.95
1149,4/24/2003 22:00,15.25
1150,4/24/2003 22:30,15.55
1151,4/24/2003 23:00,15.8
1152,4/24/2003 23:30,15.05
1153,4/25/2003 0:00,15.3
1154,4/25/2003 0:30,15.55
1155,4/25/2003 1:00,15.85
1156,4/25/2003 1:30,16.05
1157,4/25/2003 2:00,16.35
1158,4/25/2003 2:30,16.55
1159,4/25/2003 3:00,16.75
1160,4/25/2003 3:30,17
1161,4/25/2003 4:00,17.15
1162,4/25/2003 4:30,17.35
1163,4/25/2003 5:00,17.55
1164,4/25/2003 5:30,17.75
1165,4/25/2003 6:00,17.9
1166,4/25/2003 6:30,16.8
1167,4/25/2003 7:00,15.65
1168,4/25/2003 7:30,15.4
1169,4/25/2003 8:00,14.65
1170,4/25/2003 8:30,14.45
1171,4/25/2003 9:00,14.65
1172,4/25/2003 9:30,14.85
1173,4/25/2003 10:00,15.1
1174,4/25/2003 10:30,15.35
1175,4/25/2003 11:00,15.35
1176,4/25/2003 11:30,15.25
1177,4/25/2003 12:00,15.45
1178,4/25/2003 12:30,15.7
1179,4/25/2003 13:00,15.95
1180,4/25/2003 13:30,16.15
1181,4/25/2003 14:00,16.35
1182,4/25/2003 14:30,16.55
1183,4/25/2003 15:00,16.75
1184,4/25/2003 15:30,15.75
1185,4/25/2003 16:00,14.75
1186,4/25/2003 16:30,14.95
1187,4/25/2003 17:00,15.25
1188,4/25/2003 17:30,15.45
1189,4/25/2003 18:00,15.75
1190,4/25/2003 18:30,15.95
1191,4/25/2003 19:00,16.15
1192,4/25/2003 19:30,16.45
1193,4/25/2003 20:00,16.65
1194,4/25/2003 20:30,16.85
1195,4/25/2003 21:00,16.1
1196,4/25/2003 21:30,15.45
1197,4/25/2003 22:00,15.65
1198,4/25/2003 22:30,15.85
1199,4/25/2003 23:00,16.05
1200,4/25/2003 23:30,16.25
1201,4/26/2003 0:00,15.55
1202,4/26/2003 0:30,14.75
1203,4/26/2003 1:00,14.95
1204,4/26/2003 1:30,15.2
1205,4/26/2003 2:00,15.45
1206,4/26/2003 2:30,15.65
1207,4/26/2003 3:00,15.85
1208,4/26/2003 3:30,16.05
1209,4/26/2003 4:00,16.25
1210,4/26/2003 4:30,16.45
1211,4/26/2003 5:00,15.9
1212,4/26/2003 5:30,16.1
1213,4/26/2003 6:00,16.25
1214,4/26/2003 6:30,16
1215,4/26/2003 7:00,15.75
1216,4/26/2003 7:30,15.95
1217,4/26/2003 8:00,16.1
1218,4/26/2003 8:30,15.7
1219,4/26/2003 9:00,14.75
1220,4/26/2003 9:30,14.9
1221,4/26/2003 10:00,15.15
1222,4/26/2003 10:30,15.35
1223,4/26/2003 11:00,15.55
1224,4/26/2003 11:30,15.75
1225,4/26/2003 12:00,15.95
1226,4/26/2003 12:30,16.15
1227,4/26/2003 13:00,16.35
1228,4/26/2003 13:30,16
1229,4/26/2003 14:00,15.65
1230,4/26/2003 14:30,15.85
1231,4/26/2003 15:00,16.05
1232,4/26/2003 15:30,16.3
1233,4/26/2003 16:00,16.55
1234,4/26/2003 16:30,15.75
1235,4/26/2003 17:00,16
1236,4/26/2003 17:30,16.25
1237,4/26/2003 18:00,16.45
1238,4/26/2003 18:30,16.7
1239,4/26/2003 19:00,16.95
1240,4/26/2003 19:30,15.95
1241,4/26/2003 20:00,16.15
1242,4/26/2003 20:30,16.35
1243,4/26/2003 21:00,16.55
1244,4/26/2003 21:30,16.85
1245,4/26/2003 22:00,14.45
1246,4/26/2003 22:30,14.7
1247,4/26/2003 23:00,14.95
1248,4/26/2003 23:30,15.3
1249,4/27/2003 0:00,15.55
1250,4/27/2003 0:30,15.85
1251,4/27/2003 1:00,16.15
1252,4/27/2003 1:30,16.4
1253,4/27/2003 2:00,16.65
1254,4/27/2003 2:30,16.85
1255,4/27/2003 3:00,17.05
1256,4/27/2003 3:30,17.25
1257,4/27/2003 4:00,17.45
1258,4/27/2003 4:30,17.65
1259,4/27/2003 5:00,17.85
1260,4/27/2003 5:30,17.95
1261,4/27/2003 6:00,18.1
1262,4/27/2003 6:30,18.25
1263,4/27/2003 7:00,17.4
1264,4/27/2003 7:30,16.55
1265,4/27/2003 8:00,16.75
1266,4/27/2003 8:30,15.15
1267,4/27/2003 9:00,15.35
1268,4/27/2003 9:30,15.55
1269,4/27/2003 10:00,15.85
1270,4/27/2003 10:30,15.45
1271,4/27/2003 11:00,14.85
1272,4/27/2003 11:30,15.05
1273,4/27/2003 12:00,15.35
1274,4/27/2003 12:30,15.55
1275,4/27/2003 13:00,15.75
1276,4/27/2003 13:30,15.65
1277,4/27/2003 14:00,15.55
1278,4/27/2003 14:30,15.75
1279,4/27/2003 15:00,15.95
1280,4/27/2003 15:30,16.15
1281,4/27/2003 16:00,15.95
1282,4/27/2003 16:30,15.7
1283,4/27/2003 17:00,15.95
1284,4/27/2003 17:30,16.15
1285,4/27/2003 18:00,16.05
1286,4/27/2003 18:30,15.9
1287,4/27/2003 19:00,16.15
1288,4/27/2003 19:30,16.35
1289,4/27/2003 20:00,16.55
1290,4/27/2003 20:30,15.8
1291,4/27/2003 21:00,15.15
1292,4/27/2003 21:30,15.45
1293,4/27/2003 22:00,15.7
1294,4/27/2003 22:30,16
1295,4/27/2003 23:00,16.25
1296,4/27/2003 23:30,16.55
1297,4/28/2003 0:00,15.35
1298,4/28/2003 0:30,15.55
1299,4/28/2003 1:00,15.85
1300,4/28/2003 1:30,16.05
1301,4/28/2003 2:00,16.3
1302,4/28/2003 2:30,16.55
1303,4/28/2003 3:00,16.75
1304,4/28/2003 3:30,16.95
1305,4/28/2003 4:00,17.15
1306,4/28/2003 4:30,17.25
1307,4/28/2003 5:00,17.45
1308,4/28/2003 5:30,17.55
1309,4/28/2003 6:00,17.75
1310,4/28/2003 6:30,16.65
1311,4/28/2003 7:00,16.05
1312,4/28/2003 7:30,16
1313,4/28/2003 8:00,16.15
1314,4/28/2003 8:30,16.35
1315,4/28/2003 9:00,16.55
1316,4/28/2003 9:30,16.75
1317,4/28/2003 10:00,16.95
1318,4/28/2003 10:30,17.1
1319,4/28/2003 11:00,17.25
1320,4/28/2003 11:30,17.45
1321,4/28/2003 12:00,17.55
1322,4/28/2003 12:30,17.75
1323,4/28/2003 13:00,17.85
1324,4/28/2003 13:30,18.05
1325,4/28/2003 14:00,18.15
1326,4/28/2003 14:30,18.3
1327,4/28/2003 15:00,18.45
1328,4/28/2003 15:30,18.55
1329,4/28/2003 16:00,18.7
1330,4/28/2003 16:30,18.8
1331,4/28/2003 17:00,18.95
1332,4/28/2003 17:30,19.05
1333,4/28/2003 18:00,19.15
1334,4/28/2003 18:30,19.3
1335,4/28/2003 19:00,15.5
1336,4/28/2003 19:30,15.8
1337,4/28/2003 20:00,16.05
1338,4/28/2003 20:30,16.3
1339,4/28/2003 21:00,16.55
1340,4/28/2003 21:30,16.85
1341,4/28/2003 22:00,17.05
1342,4/28/2003 22:30,17.25
1343,4/28/2003 23:00,17.5
1344,4/28/2003 23:30,17.75
1345,4/29/2003 0:00,17.95
1346,4/29/2003 0:30,18.05
1347,4/29/2003 1:00,18.25
1348,4/29/2003 1:30,18.45
1349,4/29/2003 2:00,18.55
1350,4/29/2003 2:30,18.75
1351,4/29/2003 3:00,18.85
1352,4/29/2003 3:30,19
1353,4/29/2003 4:00,19.1
1354,4/29/2003 4:30,19.2
1355,4/29/2003 5:00,19.3
1356,4/29/2003 5:30,19.4
1357,4/29/2003 6:00,19.5
1358,4/29/2003 6:30,19.6
1359,4/29/2003 7:00,19.7
1360,4/29/2003 7:30,18.35
1361,4/29/2003 8:00,16.05
1362,4/29/2003 8:30,16.3
1363,4/29/2003 9:00,16.55
1364,4/29/2003 9:30,15.85
1365,4/29/2003 10:00,16.05
1366,4/29/2003 10:30,16.35
1367,4/29/2003 11:00,16.55
1368,4/29/2003 11:30,16.55
1369,4/29/2003 12:00,16.75
1370,4/29/2003 12:30,16.95
1371,4/29/2003 13:00,17.15
1372,4/29/2003 13:30,17.4
1373,4/29/2003 14:00,17.65
1374,4/29/2003 14:30,17.85
1375,4/29/2003 15:00,18.05
1376,4/29/2003 15:30,18.25
1377,4/29/2003 16:00,18.45
1378,4/29/2003 16:30,18.65
1379,4/29/2003 17:00,18.85
1380,4/29/2003 17:30,17.8
1381,4/29/2003 18:00,16.7
1382,4/29/2003 18:30,16.95
1383,4/29/2003 19:00,17.25
1384,4/29/2003 19:30,17.45
1385,4/29/2003 20:00,17.75
1386,4/29/2003 20:30,17.25
1387,4/29/2003 21:00,16.95
1388,4/29/2003 21:30,17.2
1389,4/29/2003 22:00,17.45
1390,4/29/2003 22:30,17.75
1391,4/29/2003 23:00,17.95
1392,4/29/2003 23:30,18.2
1393,4/30/2003 0:00,18.45
1394,4/30/2003 0:30,18.65
1395,4/30/2003 1:00,18.9
1396,4/30/2003 1:30,19.05
1397,4/30/2003 2:00,19.25
1398,4/30/2003 2:30,19.4
1399,4/30/2003 3:00,19.55
1400,4/30/2003 3:30,19.7
1401,4/30/2003 4:00,19.85
1402,4/30/2003 4:30,20
1403,4/30/2003 5:00,20.15
1404,4/30/2003 5:30,20.35
1405,4/30/2003 6:00,20.45
1406,4/30/2003 6:30,20.6
1407,4/30/2003 7:00,19.4
1408,4/30/2003 7:30,17.3
1409,4/30/2003 8:00,17.25
1410,4/30/2003 8:30,17.45
1411,4/30/2003 9:00,17.7
1412,4/30/2003 9:30,17.95
1413,4/30/2003 10:00,18.15
1414,4/30/2003 10:30,18.45
1415,4/30/2003 11:00,18.65
1416,4/30/2003 11:30,18.85
1417,4/30/2003 12:00,19.05
1418,4/30/2003 12:30,19.25
1419,4/30/2003 13:00,19.4
1420,4/30/2003 13:30,19.55
1421,4/30/2003 14:00,19.75
1422,4/30/2003 14:30,19.85
1423,4/30/2003 15:00,20.05
1424,4/30/2003 15:30,20.15
1425,4/30/2003 16:00,20.35
1426,4/30/2003 16:30,20.5
1427,4/30/2003 17:00,20.65
1428,4/30/2003 17:30,20.75
1429,4/30/2003 18:00,20.85
1430,4/30/2003 18:30,20.95
1431,4/30/2003 19:00,21.1
1432,4/30/2003 19:30,17.1
1433,4/30/2003 20:00,17.15
1434,4/30/2003 20:30,17.35
1435,4/30/2003 21:00,17.65
1436,4/30/2003 21:30,17.25
1437,4/30/2003 22:00,17.45
1438,4/30/2003 22:30,17.75
1439,4/30/2003 23:00,17.95
1440,4/30/2003 23:30,18.15
,5/1/2003 0:00,18.35
,5/1/2003 0:30,18.55
,5/1/2003 1:00,18.65
,5/1/2003 1:30,18.85
,5/1/2003 2:00,19
,5/1/2003 2:30,19.1
,5/1/2003 3:00,19.25
,5/1/2003 3:30,19.35
,5/1/2003 4:00,19.45
,5/1/2003 4:30,19.55
,5/1/2003 5:00,19.6
,5/1/2003 5:30,19.7
,5/1/2003 6:00,19.75
,5/1/2003 6:30,19.8
,5/1/2003 7:00,19.85
,5/1/2003 7:30,19.9
,5/1/2003 8:00,18.3
,5/1/2003 8:30,16.75
,5/1/2003 9:00,16.95
,5/1/2003 9:30,17.05
,5/1/2003 10:00,17.25
,5/1/2003 10:30,17.35
,5/1/2003 11:00,17.5
,5/1/2003 11:30,17.65
,5/1/2003 12:00,17.8
,5/1/2003 12:30,17.9
,5/1/2003 13:00,18
,5/1/2003 13:30,18.15
,5/1/2003 14:00,18.25
,5/1/2003 14:30,18.35
,5/1/2003 15:00,18.45
,5/1/2003 15:30,18.6
,5/1/2003 16:00,18.7
,5/1/2003 16:30,17.95
,5/1/2003 17:00,17.25
,5/1/2003 17:30,17.1
,5/1/2003 18:00,16.9
,5/1/2003 18:30,17.05
,5/1/2003 19:00,16.85
,5/1/2003 19:30,16.55
,5/1/2003 20:00,16.75
,5/1/2003 20:30,16.95
,5/1/2003 21:00,16.65
,5/1/2003 21:30,16.25
,5/1/2003 22:00,16.45
,5/1/2003 22:30,16.65
,5/1/2003 23:00,16.85
,5/1/2003 23:30,16.35
,5/2/2003 0:00,16.55
,5/2/2003 0:30,16.65
,5/2/2003 1:00,16.85
,5/2/2003 1:30,17.05
,5/2/2003 2:00,17.2
,5/2/2003 2:30,17.35
,5/2/2003 3:00,17.45
,5/2/2003 3:30,17.6
,5/2/2003 4:00,17.75
,5/2/2003 4:30,17.85
,5/2/2003 5:00,17.9
,5/2/2003 5:30,18
,5/2/2003 6:00,18.1
,5/2/2003 6:30,18.2
,5/2/2003 7:00,18.25
,5/2/2003 7:30,17.4
,5/2/2003 8:00,16.25
,5/2/2003 8:30,16.15
,5/2/2003 9:00,16.25
,5/2/2003 9:30,16.45
,5/2/2003 10:00,16.55
,5/2/2003 10:30,16.75
,5/2/2003 11:00,16.9
,5/2/2003 11:30,17.05
,5/2/2003 12:00,17.2
,5/2/2003 12:30,16.35
,5/2/2003 13:00,16.5
,5/2/2003 13:30,16.65
,5/2/2003 14:00,16.7
,5/2/2003 14:30,16.65
,5/2/2003 15:00,16.85
,5/2/2003 15:30,17.05
,5/2/2003 16:00,17.15
,5/2/2003 16:30,17.35
,5/2/2003 17:00,17.55
,5/2/2003 17:30,17.2
,5/2/2003 18:00,16.85
,5/2/2003 18:30,16.95
,5/2/2003 19:00,17.15
,5/2/2003 19:30,17.35
,5/2/2003 20:00,16.2
,5/2/2003 20:30,16.35
,5/2/2003 21:00,16.55
,5/2/2003 21:30,16.85
,5/2/2003 22:00,16.05
,5/2/2003 22:30,15.35
,5/2/2003 23:00,15.65
,5/2/2003 23:30,15.9
,5/3/2003 0:00,16.15
,5/3/2003 0:30,16.45
,5/3/2003 1:00,16.65
,5/3/2003 1:30,18.2
,5/3/2003 2:00,18.3
,5/3/2003 2:30,18.45
,5/3/2003 3:00,18.55
,5/3/2003 3:30,18.7
,5/3/2003 4:00,18.85
,5/3/2003 4:30,18.95
,5/3/2003 5:00,19.1
,5/3/2003 5:30,19.2
,5/3/2003 6:00,19.3
,5/3/2003 6:30,19.4
,5/3/2003 7:00,19.5
,5/3/2003 7:30,19.6
,5/3/2003 8:00,17.45
,5/3/2003 8:30,17.65
,5/3/2003 9:00,17.85
,5/3/2003 9:30,15.9
,5/3/2003 10:00,16.15
,5/3/2003 10:30,16.4
,5/3/2003 11:00,15.45
,5/3/2003 11:30,15.75
,5/3/2003 12:00,15.95
,5/3/2003 12:30,16.15
,5/3/2003 13:00,16.45
,5/3/2003 13:30,16.7
,5/3/2003 14:00,16.2
,5/3/2003 14:30,15.95
,5/3/2003 15:00,16.2
,5/3/2003 15:30,16.45
,5/3/2003 16:00,16.7
,5/3/2003 16:30,16.8
,5/3/2003 17:00,16.9
,5/3/2003 17:30,16.85
,5/3/2003 18:00,16.75
,5/3/2003 18:30,17.05
,5/3/2003 19:00,17.3
,5/3/2003 19:30,17.55
,5/3/2003 20:00,17.85
,5/3/2003 20:30,17.15
,5/3/2003 21:00,17.4
,5/3/2003 21:30,17.65
,5/3/2003 22:00,17.95
,5/3/2003 22:30,18.15
,5/3/2003 23:00,18.45
,5/3/2003 23:30,18.65
,5/4/2003 0:00,17.25
,5/4/2003 0:30,17.2
,5/4/2003 1:00,17.45
,5/4/2003 1:30,17.75
,5/4/2003 2:00,18
,5/4/2003 2:30,18.25
,5/4/2003 3:00,18.5
,5/4/2003 3:30,18.75
,5/4/2003 4:00,18.95
,5/4/2003 4:30,19.15
,5/4/2003 5:00,19.35
,5/4/2003 5:30,19.55
,5/4/2003 6:00,19.65
,5/4/2003 6:30,19.85
,5/4/2003 7:00,17.95
,5/4/2003 7:30,18.15
,5/4/2003 8:00,17.85
,5/4/2003 8:30,17.55
,5/4/2003 9:00,17.85
,5/4/2003 9:30,18.05
,5/4/2003 10:00,18.25
,5/4/2003 10:30,18.55
,5/4/2003 11:00,18.75
,5/4/2003 11:30,18.95
,5/4/2003 12:00,19.15
,5/4/2003 12:30,19.35
,5/4/2003 13:00,19.55
,5/4/2003 13:30,18.85
,5/4/2003 14:00,18.25
,5/4/2003 14:30,17.9
,5/4/2003 15:00,17.65
,5/4/2003 15:30,17.95
,5/4/2003 16:00,18.2
,5/4/2003 16:30,18.5
,5/4/2003 17:00,18.75
,5/4/2003 17:30,18.1
,5/4/2003 18:00,18.35
,5/4/2003 18:30,18.3
,5/4/2003 19:00,18.25
,5/4/2003 19:30,18.5
,5/4/2003 20:00,17.75
,5/4/2003 20:30,18.05
,5/4/2003 21:00,18.35
,5/4/2003 21:30,18.25
,5/4/2003 22:00,18.45
,5/4/2003 22:30,18.7
,5/4/2003 23:00,18.95
,5/4/2003 23:30,19.2
,5/5/2003 0:00,19.45
,5/5/2003 0:30,19.65
,5/5/2003 1:00,19.85
,5/5/2003 1:30,20.05
,5/5/2003 2:00,20.25
,5/5/2003 2:30,20.5
,5/5/2003 3:00,20.65
,5/5/2003 3:30,20.85
,5/5/2003 4:00,21.05
,5/5/2003 4:30,21.25
,5/5/2003 5:00,21.35
,5/5/2003 5:30,21.5
,5/5/2003 6:00,21.65
,5/5/2003 6:30,21.75
,5/5/2003 7:00,20.3
,5/5/2003 7:30,17.9
,5/5/2003 8:00,17.85
,5/5/2003 8:30,17.95
,5/5/2003 9:00,18.05
,5/5/2003 9:30,18.25
,5/5/2003 10:00,18.45
,5/5/2003 10:30,18.65
,5/5/2003 11:00,18.95
,5/5/2003 11:30,17.85
,5/5/2003 12:00,18.05
,5/5/2003 12:30,18.35
,5/5/2003 13:00,18.55
,5/5/2003 13:30,18.75
,5/5/2003 14:00,18.95
,5/5/2003 14:30,19.15
,5/5/2003 15:00,19.35
,5/5/2003 15:30,17.75
,5/5/2003 16:00,18.1
,5/5/2003 16:30,18.35
,5/5/2003 17:00,18.55
,5/5/2003 17:30,18.3
,5/5/2003 18:00,18
,5/5/2003 18:30,18.25
,5/5/2003 19:00,18.45
,5/5/2003 19:30,18.65
,5/5/2003 20:00,18.85
,5/5/2003 20:30,19.05
,5/5/2003 21:00,19.25
,5/5/2003 21:30,19.45
,5/5/2003 22:00,18.9
,5/5/2003 22:30,18.35
,5/5/2003 23:00,18.55
,5/5/2003 23:30,18.75
,5/6/2003 0:00,18.95
,5/6/2003 0:30,19.15
,5/6/2003 1:00,19.35
,5/6/2003 1:30,19.55
,5/6/2003 2:00,19.7
,5/6/2003 2:30,19.85
,5/6/2003 3:00,20
,5/6/2003 3:30,20.15
,5/6/2003 4:00,20.3
,5/6/2003 4:30,20.45
,5/6/2003 5:00,20.6
,5/6/2003 5:30,20.7
,5/6/2003 6:00,20.85
,5/6/2003 6:30,20.95
,5/6/2003 7:00,21
,5/6/2003 7:30,18.55
,5/6/2003 8:00,18.15
,5/6/2003 8:30,18.35
,5/6/2003 9:00,18.45
,5/6/2003 9:30,18.65
,5/6/2003 10:00,18.85
,5/6/2003 10:30,18.95
,5/6/2003 11:00,19.15
,5/6/2003 11:30,18.45
,5/6/2003 12:00,18.55
,5/6/2003 12:30,18.75
,5/6/2003 13:00,18.95
,5/6/2003 13:30,19.15
,5/6/2003 14:00,18.9
,5/6/2003 14:30,18.65
,5/6/2003 15:00,18.85
,5/6/2003 15:30,19.05
,5/6/2003 16:00,19.25
,5/6/2003 16:30,19.45
,5/6/2003 17:00,19.55
,5/6/2003 17:30,19.75
,5/6/2003 18:00,18.75
,5/6/2003 18:30,18.95
,5/6/2003 19:00,19.15
,5/6/2003 19:30,19.35
,5/6/2003 20:00,19.55
,5/6/2003 20:30,19.75
,5/6/2003 21:00,17.85
,5/6/2003 21:30,17.95
,5/6/2003 22:00,17.85
,5/6/2003 22:30,17.8
,5/6/2003 23:00,18.05
,5/6/2003 23:30,18.35
,5/7/2003 0:00,18.55
,5/7/2003 0:30,18.8
,5/7/2003 1:00,19.05
,5/7/2003 1:30,19.25
,5/7/2003 2:00,19.45
,5/7/2003 2:30,19.65
,5/7/2003 3:00,19.85
,5/7/2003 3:30,20.05
,5/7/2003 4:00,20.25
,5/7/2003 4:30,20.45
,5/7/2003 5:00,20.65
,5/7/2003 5:30,20.85
,5/7/2003 6:00,21.05
,5/7/2003 6:30,21.2
,5/7/2003 7:00,21.35
,5/7/2003 7:30,20.15
,5/7/2003 8:00,17.9
,5/7/2003 8:30,17.75
,5/7/2003 9:00,17.7
,5/7/2003 9:30,17.95
,5/7/2003 10:00,18.2
,5/7/2003 10:30,18.45
,5/7/2003 11:00,18.7
,5/7/2003 11:30,18.95
,5/7/2003 12:00,19.15
,5/7/2003 12:30,19.45
,5/7/2003 13:00,19.65
,5/7/2003 13:30,19.85
,5/7/2003 14:00,20.05
,5/7/2003 14:30,20.3
,5/7/2003 15:00,20.55
,5/7/2003 15:30,20.75
,5/7/2003 16:00,20.95
,5/7/2003 16:30,21.15
,5/7/2003 17:00,21.35
,5/7/2003 17:30,21.55
,5/7/2003 18:00,21.75
,5/7/2003 18:30,21.95
,5/7/2003 19:00,22.15
,5/7/2003 19:30,22.25
,5/7/2003 20:00,22.45
,5/7/2003 20:30,22.55
,5/7/2003 21:00,22.7
,5/7/2003 21:30,20.1
,5/7/2003 22:00,17.7
,5/7/2003 22:30,18.05
,5/7/2003 23:00,18.35
,5/7/2003 23:30,18.6
,5/8/2003 0:00,18.8
,5/8/2003 0:30,19.05
,5/8/2003 1:00,19.35
,5/8/2003 1:30,19.55
,5/8/2003 2:00,19.8
,5/8/2003 2:30,20.1
,5/8/2003 3:00,20.35
,5/8/2003 3:30,20.65
,5/8/2003 4:00,20.9
,5/8/2003 4:30,21.15
,5/8/2003 5:00,21.35
,5/8/2003 5:30,21.55
,5/8/2003 6:00,20.65
,5/8/2003 6:30,19.3
,5/8/2003 7:00,19.1
,5/8/2003 7:30,19.35
,5/8/2003 8:00,19.65
,5/8/2003 8:30,19.85
,5/8/2003 9:00,20.15
,5/8/2003 9:30,20.4
,5/8/2003 10:00,20.65
,5/8/2003 10:30,20.95
,5/8/2003 11:00,21.2
,5/8/2003 11:30,21.45
,5/8/2003 12:00,21.65
,5/8/2003 12:30,21.85
,5/8/2003 13:00,22.05
,5/8/2003 13:30,22.25
,5/8/2003 14:00,22.45
,5/8/2003 14:30,22.65
,5/8/2003 15:00,22.75
,5/8/2003 15:30,22.95
,5/8/2003 16:00,23.05
,5/8/2003 16:30,23.2
,5/8/2003 17:00,23.3
,5/8/2003 17:30,23.4
,5/8/2003 18:00,23.55
,5/8/2003 18:30,23.65
,5/8/2003 19:00,23.7
,5/8/2003 19:30,23.8
,5/8/2003 20:00,18.55
,5/8/2003 20:30,18.8
,5/8/2003 21:00,19.05
,5/8/2003 21:30,19.25
,5/8/2003 22:00,19.45
,5/8/2003 22:30,19.65
,5/8/2003 23:00,19.85
,5/8/2003 23:30,20.05
,5/9/2003 0:00,20.25
,5/9/2003 0:30,20.45
,5/9/2003 1:00,20.6
,5/9/2003 1:30,20.75
,5/9/2003 2:00,20.85
,5/9/2003 2:30,21
,5/9/2003 3:00,21.1
,5/9/2003 3:30,21.2
,5/9/2003 4:00,21.25
,5/9/2003 4:30,21.3
,5/9/2003 5:00,20.45
,5/9/2003 5:30,19.2
,5/9/2003 6:00,19.3
,5/9/2003 6:30,18.7
,5/9/2003 7:00,18.65
,5/9/2003 7:30,18.3
,5/9/2003 8:00,18.15
,5/9/2003 8:30,18.25
,5/9/2003 9:00,18.4
,5/9/2003 9:30,18.55
,5/9/2003 10:00,18.65
,5/9/2003 10:30,18.75
,5/9/2003 11:00,18.85
,5/9/2003 11:30,19
,5/9/2003 12:00,19.1
,5/9/2003 12:30,19.2
,5/9/2003 13:00,19.3
,5/9/2003 13:30,19.35
,5/9/2003 14:00,19.45
,5/9/2003 14:30,19.55
,5/9/2003 15:00,19.65
,5/9/2003 15:30,19.7
,5/9/2003 16:00,19.8
,5/9/2003 16:30,19.85
,5/9/2003 17:00,19.95
,5/9/2003 17:30,20.05
,5/9/2003 18:00,20.1
,5/9/2003 18:30,20.2
,5/9/2003 19:00,20.25
,5/9/2003 19:30,20.3
,5/9/2003 20:00,20.4
,5/9/2003 20:30,17.6
,5/9/2003 21:00,17.75
,5/9/2003 21:30,17.85
,5/9/2003 22:00,18.05
,5/9/2003 22:30,18.2
,5/9/2003 23:00,18.3
,5/9/2003 23:30,18.45
,5/10/2003 0:00,18.55
,5/10/2003 0:30,18.7
,5/10/2003 1:00,18.8
,5/10/2003 1:30,18.9
,5/10/2003 2:00,18.95
,5/10/2003 2:30,19.05
,5/10/2003 3:00,19.1
,5/10/2003 3:30,18.9
,5/10/2003 4:00,19
,5/10/2003 4:30,19
,5/10/2003 5:00,19.1
,5/10/2003 5:30,19.1
,5/10/2003 6:00,19.2
,5/10/2003 6:30,19.2
,5/10/2003 7:00,19.25
,5/10/2003 7:30,18.65
,5/10/2003 8:00,17.4
,5/10/2003 8:30,17.5
,5/10/2003 9:00,17.6
,5/10/2003 9:30,17.75
,5/10/2003 10:00,17.85
,5/10/2003 10:30,17.95
,5/10/2003 11:00,18.05
,5/10/2003 11:30,18.15
,5/10/2003 12:00,18.25
,5/10/2003 12:30,18.35
,5/10/2003 13:00,18.45
,5/10/2003 13:30,18.55
,5/10/2003 14:00,18.65
,5/10/2003 14:30,18.75
,5/10/2003 15:00,18.85
,5/10/2003 15:30,18.9
,5/10/2003 16:00,19
,5/10/2003 16:30,19.1
,5/10/2003 17:00,19.2
,5/10/2003 17:30,19.25
,5/10/2003 18:00,19.35
,5/10/2003 18:30,18
,5/10/2003 19:00,16.75
,5/10/2003 19:30,16.95
,5/10/2003 20:00,17.15
,5/10/2003 20:30,17.35
,5/10/2003 21:00,17.5
,5/10/2003 21:30,17.65
,5/10/2003 22:00,17.85
,5/10/2003 22:30,18
,5/10/2003 23:00,18.15
,5/10/2003 23:30,18.25
,5/11/2003 0:00,18.4
,5/11/2003 0:30,18.5
,5/11/2003 1:00,18.6
,5/11/2003 1:30,18.7
,5/11/2003 2:00,18.8
,5/11/2003 2:30,18.9
,5/11/2003 3:00,18.95
,5/11/2003 3:30,19
,5/11/2003 4:00,19.1
,5/11/2003 4:30,19.15
,5/11/2003 5:00,19.2
,5/11/2003 5:30,19.25
,5/11/2003 6:00,19.3
,5/11/2003 6:30,19.3
,5/11/2003 7:00,19.35
,5/11/2003 7:30,19.4
,5/11/2003 8:00,19.4
,5/11/2003 8:30,17.35
,5/11/2003 9:00,17.2
,5/11/2003 9:30,17.35
,5/11/2003 10:00,17.45
,5/11/2003 10:30,17.6
,5/11/2003 11:00,17.75
,5/11/2003 11:30,17.85
,5/11/2003 12:00,18
,5/11/2003 12:30,18.1
,5/11/2003 13:00,17.6
,5/11/2003 13:30,17.15
,5/11/2003 14:00,17.3
,5/11/2003 14:30,17.45
,5/11/2003 15:00,17.6
,5/11/2003 15:30,17.75
,5/11/2003 16:00,17.9
,5/11/2003 16:30,18.05
,5/11/2003 17:00,18.2
,5/11/2003 17:30,18.35
,5/11/2003 18:00,18.45
,5/11/2003 18:30,17.65
,5/11/2003 19:00,17.05
,5/11/2003 19:30,16.55
,5/11/2003 20:00,16.75
,5/11/2003 20:30,16.9
,5/11/2003 21:00,17.1
,5/11/2003 21:30,17.25
,5/11/2003 22:00,17.45
,5/11/2003 22:30,17.65
,5/11/2003 23:00,17.85
,5/11/2003 23:30,18.05
,5/12/2003 0:00,18.15
,5/12/2003 0:30,18.2
,5/12/2003 1:00,18.15
,5/12/2003 1:30,18.3
,5/12/2003 2:00,18.3
,5/12/2003 2:30,18.45
,5/12/2003 3:00,18.55
,5/12/2003 3:30,18.7
,5/12/2003 4:00,18.8
,5/12/2003 4:30,18.95
,5/12/2003 5:00,19.05
,5/12/2003 5:30,19.15
,5/12/2003 6:00,18.7
,5/12/2003 6:30,18.05
,5/12/2003 7:00,18.05
,5/12/2003 7:30,17.85
,5/12/2003 8:00,17.7
,5/12/2003 8:30,17.85
,5/12/2003 9:00,18
,5/12/2003 9:30,18.15
,5/12/2003 10:00,18.3
,5/12/2003 10:30,18.45
,5/12/2003 11:00,18.55
,5/12/2003 11:30,18.7
,5/12/2003 12:00,18.85
,5/12/2003 12:30,18.95
,5/12/2003 13:00,19.05
,5/12/2003 13:30,19.15
,5/12/2003 14:00,19.25
,5/12/2003 14:30,19.35
,5/12/2003 15:00,19.45
,5/12/2003 15:30,19.55
,5/12/2003 16:00,19.65
,5/12/2003 16:30,19.75
,5/12/2003 17:00,19.8
,5/12/2003 17:30,19.9
,5/12/2003 18:00,20
,5/12/2003 18:30,20.1
,5/12/2003 19:00,20.15
,5/12/2003 19:30,20.25
,5/12/2003 20:00,20.3
,5/12/2003 20:30,20.4
,5/12/2003 21:00,20.5
,5/12/2003 21:30,20.55
,5/12/2003 22:00,20.65
,5/12/2003 22:30,20.7
,5/12/2003 23:00,20.8
,5/12/2003 23:30,17.45
,5/13/2003 0:00,17.65
,5/13/2003 0:30,17.85
,5/13/2003 1:00,17.95
,5/13/2003 1:30,18.15
,5/13/2003 2:00,18.3
,5/13/2003 2:30,18.45
,5/13/2003 3:00,18.6
,5/13/2003 3:30,18.75
,5/13/2003 4:00,18.85
,5/13/2003 4:30,18.95
,5/13/2003 5:00,19.05
,5/13/2003 5:30,19.15
,5/13/2003 6:00,19.25
,5/13/2003 6:30,18.7
,5/13/2003 7:00,18
,5/13/2003 7:30,17.65
,5/13/2003 8:00,17.8
,5/13/2003 8:30,17.95
,5/13/2003 9:00,17.8
,5/13/2003 9:30,17.55
,5/13/2003 10:00,17.75
,5/13/2003 10:30,17.9
,5/13/2003 11:00,18.05
,5/13/2003 11:30,18.25
,5/13/2003 12:00,18.4
,5/13/2003 12:30,18.55
,5/13/2003 13:00,18.2
,5/13/2003 13:30,17.75
,5/13/2003 14:00,17.95
,5/13/2003 14:30,18.15
,5/13/2003 15:00,18.35
,5/13/2003 15:30,18.55
,5/13/2003 16:00,18.7
,5/13/2003 16:30,18.85
,5/13/2003 17:00,19.05
,5/13/2003 17:30,19.25
,5/13/2003 18:00,19.35
,5/13/2003 18:30,18.45
,5/13/2003 19:00,17.6
,5/13/2003 19:30,17.85
,5/13/2003 20:00,18.05
,5/13/2003 20:30,18.25
,5/13/2003 21:00,18.45
,5/13/2003 21:30,17.6
,5/13/2003 22:00,16.85
,5/13/2003 22:30,17.15
,5/13/2003 23:00,17.35
,5/13/2003 23:30,17.65
,5/14/2003 0:00,17.85
,5/14/2003 0:30,18.15
,5/14/2003 1:00,18.35
,5/14/2003 1:30,18.55
,5/14/2003 2:00,18.75
,5/14/2003 2:30,18.95
,5/14/2003 3:00,19.15
,5/14/2003 3:30,19.3
,5/14/2003 4:00,19.45
,5/14/2003 4:30,19.6
,5/14/2003 5:00,19.75
,5/14/2003 5:30,19.85
,5/14/2003 6:00,20
,5/14/2003 6:30,20.15
,5/14/2003 7:00,20.3
,5/14/2003 7:30,20.4
,5/14/2003 8:00,18.25
,5/14/2003 8:30,18.45
,5/14/2003 9:00,18.6
,5/14/2003 9:30,17.35
,5/14/2003 10:00,17.35
,5/14/2003 10:30,17.55
,5/14/2003 11:00,17.85
,5/14/2003 11:30,18.05
,5/14/2003 12:00,18.25
,5/14/2003 12:30,18.5
,5/14/2003 13:00,18.75
,5/14/2003 13:30,18.95
,5/14/2003 14:00,19.15
,5/14/2003 14:30,19.35
,5/14/2003 15:00,19.45
,5/14/2003 15:30,19.65
,5/14/2003 16:00,19.85
,5/14/2003 16:30,20.05
,5/14/2003 17:00,20.2
,5/14/2003 17:30,20.35
,5/14/2003 18:00,20.55
,5/14/2003 18:30,18.65
,5/14/2003 19:00,18.85
,5/14/2003 19:30,19.05
,5/14/2003 20:00,19.15
,5/14/2003 20:30,19.35
,5/14/2003 21:00,19.55
,5/14/2003 21:30,18.95
,5/14/2003 22:00,18.25
,5/14/2003 22:30,18.45
,5/14/2003 23:00,18.65
,5/14/2003 23:30,18.95
,5/15/2003 0:00,18.35
,5/15/2003 0:30,18.55
,5/15/2003 1:00,18.75
,5/15/2003 1:30,18.95
,5/15/2003 2:00,19.15
,5/15/2003 2:30,19.35
,5/15/2003 3:00,19.45
,5/15/2003 3:30,19.65
,5/15/2003 4:00,19.8
,5/15/2003 4:30,19.95
,5/15/2003 5:00,20.15
,5/15/2003 5:30,20.25
,5/15/2003 6:00,19.65
,5/15/2003 6:30,18.8
,5/15/2003 7:00,18.75
,5/15/2003 7:30,18.95
,5/15/2003 8:00,19.1
,5/15/2003 8:30,19.25
,5/15/2003 9:00,19.4
,5/15/2003 9:30,19.55
,5/15/2003 10:00,19.65
,5/15/2003 10:30,19.8
,5/15/2003 11:00,19.9
,5/15/2003 11:30,20.05
,5/15/2003 12:00,20.15
,5/15/2003 12:30,20.3
,5/15/2003 13:00,20.4
,5/15/2003 13:30,20.5
,5/15/2003 14:00,20.6
,5/15/2003 14:30,20.7
,5/15/2003 15:00,20.8
,5/15/2003 15:30,20.9
,5/15/2003 16:00,20.95
,5/15/2003 16:30,21.05
,5/15/2003 17:00,21.1
,5/15/2003 17:30,21.2
,5/15/2003 18:00,21.2
,5/15/2003 18:30,17.85
,5/15/2003 19:00,18.05
,5/15/2003 19:30,18.2
,5/15/2003 20:00,18.35
,5/15/2003 20:30,18.5
,5/15/2003 21:00,18.65
,5/15/2003 21:30,18.8
,5/15/2003 22:00,18.95
,5/15/2003 22:30,19.1
,5/15/2003 23:00,19.2
,5/15/2003 23:30,19.35
,5/16/2003 0:00,19.3
,5/16/2003 0:30,18.25
,5/16/2003 1:00,18.4
,5/16/2003 1:30,18.55
,5/16/2003 2:00,18.7
,5/16/2003 2:30,18.85
,5/16/2003 3:00,18.95
,5/16/2003 3:30,18.6
,5/16/2003 4:00,18.25
,5/16/2003 4:30,18.4
,5/16/2003 5:00,18.55
,5/16/2003 5:30,18.65
,5/16/2003 6:00,18.8
,5/16/2003 6:30,18.95
,5/16/2003 7:00,18.55
,5/16/2003 7:30,17.95
,5/16/2003 8:00,17.8
,5/16/2003 8:30,17.85
,5/16/2003 9:00,18.05
,5/16/2003 9:30,18.15
,5/16/2003 10:00,18.35
,5/16/2003 10:30,18.45
,5/16/2003 11:00,18.6
,5/16/2003 11:30,18.75
,5/16/2003 12:00,18.85
,5/16/2003 12:30,19
,5/16/2003 13:00,19.1
,5/16/2003 13:30,19.25
,5/16/2003 14:00,19.35
,5/16/2003 14:30,19.45
,5/16/2003 15:00,19.6
,5/16/2003 15:30,19.7
,5/16/2003 16:00,19.75
,5/16/2003 16:30,19.85
,5/16/2003 17:00,19.95
,5/16/2003 17:30,20.05
,5/16/2003 18:00,20.15
,5/16/2003 18:30,20.25
,5/16/2003 19:00,20.35
,5/16/2003 19:30,20.4
,5/16/2003 20:00,18
,5/16/2003 20:30,18.15
,5/16/2003 21:00,18
,5/16/2003 21:30,17.8
,5/16/2003 22:00,17.95
,5/16/2003 22:30,18.15
,5/16/2003 23:00,18.3
,5/16/2003 23:30,18.45
,5/17/2003 0:00,18.6
,5/17/2003 0:30,18.75
,5/17/2003 1:00,18.85
,5/17/2003 1:30,19
,5/17/2003 2:00,19.1
,5/17/2003 2:30,19.25
,5/17/2003 3:00,19.35
,5/17/2003 3:30,19.4
,5/17/2003 4:00,19.5
,5/17/2003 4:30,19.6
,5/17/2003 5:00,18.95
,5/17/2003 5:30,18.25
,5/17/2003 6:00,18.4
,5/17/2003 6:30,18.25
,5/17/2003 7:00,18.05
,5/17/2003 7:30,18.05
,5/17/2003 8:00,17.95
,5/17/2003 8:30,18.15
,5/17/2003 9:00,18.25
,5/17/2003 9:30,17.9
,5/17/2003 10:00,17.5
,5/17/2003 10:30,17.25
,5/17/2003 11:00,17.35
,5/17/2003 11:30,17.55
,5/17/2003 12:00,17.65
,5/17/2003 12:30,17.85
,5/17/2003 13:00,17.95
,5/17/2003 13:30,18.05
,5/17/2003 14:00,18.2
,5/17/2003 14:30,18.35
,5/17/2003 15:00,18.45
,5/17/2003 15:30,18.55
,5/17/2003 16:00,18.65
,5/17/2003 16:30,17.6
,5/17/2003 17:00,17.75
,5/17/2003 17:30,17.85
,5/17/2003 18:00,17.2
,5/17/2003 18:30,17.2
,5/17/2003 19:00,17.1
,5/17/2003 19:30,17.2
,5/17/2003 20:00,17.35
,5/17/2003 20:30,17.45
,5/17/2003 21:00,17.05
,5/17/2003 21:30,16.65
,5/17/2003 22:00,16.85
,5/17/2003 22:30,16.95
,5/17/2003 23:00,16.85
,5/17/2003 23:30,16.95
,5/18/2003 0:00,17.15
,5/18/2003 0:30,17.25
,5/18/2003 1:00,17.45
,5/18/2003 1:30,17.55
,5/18/2003 2:00,17.7
,5/18/2003 2:30,17.85
,5/18/2003 3:00,17.95
,5/18/2003 3:30,18.05
,5/18/2003 4:00,18.2
,5/18/2003 4:30,18.3
,5/18/2003 5:00,18.35
,5/18/2003 5:30,18.45
,5/18/2003 6:00,18.55
,5/18/2003 6:30,18.65
,5/18/2003 7:00,18.05
,5/18/2003 7:30,17.45
,5/18/2003 8:00,17.6
,5/18/2003 8:30,17.75
,5/18/2003 9:00,17.85
,5/18/2003 9:30,18
,5/18/2003 10:00,17.15
,5/18/2003 10:30,17.25
,5/18/2003 11:00,17.15
,5/18/2003 11:30,16.95
,5/18/2003 12:00,17
,5/18/2003 12:30,16.95
,5/18/2003 13:00,16.95
,5/18/2003 13:30,16.95
,5/18/2003 14:00,17.1
,5/18/2003 14:30,17.25
,5/18/2003 15:00,17.45
,5/18/2003 15:30,17.4
,5/18/2003 16:00,16.9
,5/18/2003 16:30,17.05
,5/18/2003 17:00,17.25
,5/18/2003 17:30,17.45
,5/18/2003 18:00,17.6
,5/18/2003 18:30,17.4
,5/18/2003 19:00,17.55
,5/18/2003 19:30,17.7
,5/18/2003 20:00,17.85
,5/18/2003 20:30,18
,5/18/2003 21:00,17.7
,5/18/2003 21:30,17.25
,5/18/2003 22:00,17.45
,5/18/2003 22:30,17.65
,5/18/2003 23:00,17.85
,5/18/2003 23:30,18
,5/19/2003 0:00,18.15
,5/19/2003 0:30,18.35
,5/19/2003 1:00,18.45
,5/19/2003 1:30,18.65
,5/19/2003 2:00,18.75
,5/19/2003 2:30,18.85
,5/19/2003 3:00,19
,5/19/2003 3:30,19.1
,5/19/2003 4:00,19.2
,5/19/2003 4:30,19.3
,5/19/2003 5:00,19.4
,5/19/2003 5:30,19.45
,5/19/2003 6:00,19.55
,5/19/2003 6:30,18.1
,5/19/2003 7:00,18.15
,5/19/2003 7:30,18.25
,5/19/2003 8:00,18.35
,5/19/2003 8:30,18.5
,5/19/2003 9:00,18.6
,5/19/2003 9:30,18.75
,5/19/2003 10:00,18.85
,5/19/2003 10:30,18.95
,5/19/2003 11:00,19.05
,5/19/2003 11:30,19.1
,5/19/2003 12:00,19.2
,5/19/2003 12:30,19.3
,5/19/2003 13:00,19.35
,5/19/2003 13:30,19.45
,5/19/2003 14:00,19.5
,5/19/2003 14:30,19.6
,5/19/2003 15:00,19.65
,5/19/2003 15:30,19.7
,5/19/2003 16:00,19.75
,5/19/2003 16:30,19.8
,5/19/2003 17:00,19.9
,5/19/2003 17:30,19.9
,5/19/2003 18:00,20
,5/19/2003 18:30,20
,5/19/2003 19:00,16.95
,5/19/2003 19:30,17.15
,5/19/2003 20:00,17.25
,5/19/2003 20:30,17.45
,5/19/2003 21:00,17.4
,5/19/2003 21:30,17.3
,5/19/2003 22:00,17.45
,5/19/2003 22:30,17.65
,5/19/2003 23:00,17.75
,5/19/2003 23:30,17.95
,5/20/2003 0:00,18.05
,5/20/2003 0:30,17.4
,5/20/2003 1:00,17.55
,5/20/2003 1:30,17.65
,5/20/2003 2:00,17.85
,5/20/2003 2:30,17.95
,5/20/2003 3:00,17.75
,5/20/2003 3:30,17.5
,5/20/2003 4:00,17.65
,5/20/2003 4:30,17.8
,5/20/2003 5:00,17.95
,5/20/2003 5:30,18.05
,5/20/2003 6:00,18.2
,5/20/2003 6:30,17.45
,5/20/2003 7:00,17.6
,5/20/2003 7:30,17.75
,5/20/2003 8:00,17.9
,5/20/2003 8:30,17.5
,5/20/2003 9:00,17.35
,5/20/2003 9:30,17.5
,5/20/2003 10:00,17.65
,5/20/2003 10:30,17.85
,5/20/2003 11:00,17.95
,5/20/2003 11:30,17.45
,5/20/2003 12:00,17.65
,5/20/2003 12:30,17.8
,5/20/2003 13:00,17.95
,5/20/2003 13:30,18.15
,5/20/2003 14:00,18.25
,5/20/2003 14:30,18.45
,5/20/2003 15:00,18.6
,5/20/2003 15:30,18.75
,5/20/2003 16:00,18.9
,5/20/2003 16:30,19
,5/20/2003 17:00,19.15
,5/20/2003 17:30,19.25
,5/20/2003 18:00,19.4
,5/20/2003 18:30,19.5
,5/20/2003 19:00,19.6
,5/20/2003 19:30,19.7
,5/20/2003 20:00,19.8
,5/20/2003 20:30,19.9
,5/20/2003 21:00,17.6
,5/20/2003 21:30,17.5
,5/20/2003 22:00,17.45
,5/20/2003 22:30,17.4
,5/20/2003 23:00,17.35
,5/20/2003 23:30,17.55
,5/21/2003 0:00,17.5
,5/21/2003 0:30,17.45
,5/21/2003 1:00,17.65
,5/21/2003 1:30,17.85
,5/21/2003 2:00,18.05
,5/21/2003 2:30,18.2
,5/21/2003 3:00,18.35
,5/21/2003 3:30,18.55
,5/21/2003 4:00,18.7
,5/21/2003 4:30,18.85
,5/21/2003 5:00,18.95
,5/21/2003 5:30,19.1
,5/21/2003 6:00,19.25
,5/21/2003 6:30,19.35
,5/21/2003 7:00,18.7
,5/21/2003 7:30,18.15
,5/21/2003 8:00,17.3
,5/21/2003 8:30,17.45
,5/21/2003 9:00,17.55
,5/21/2003 9:30,17.65
,5/21/2003 10:00,17.8
,5/21/2003 10:30,17.9
,5/21/2003 11:00,18
,5/21/2003 11:30,18.15
,5/21/2003 12:00,18.25
,5/21/2003 12:30,18.25
,5/21/2003 13:00,18.35
,5/21/2003 13:30,18.45
,5/21/2003 14:00,18.6
,5/21/2003 14:30,18.1
,5/21/2003 15:00,17.65
,5/21/2003 15:30,17.75
,5/21/2003 16:00,17.95
,5/21/2003 16:30,17.55
,5/21/2003 17:00,17.65
,5/21/2003 17:30,17.75
,5/21/2003 18:00,16.65
,5/21/2003 18:30,16.95
,5/21/2003 19:00,17.15
,5/21/2003 19:30,17.3
,5/21/2003 20:00,16.85
,5/21/2003 20:30,17
,5/21/2003 21:00,17.25
,5/21/2003 21:30,17.85
,5/21/2003 22:00,17.55
,5/21/2003 22:30,17.45
,5/21/2003 23:00,17.35
,5/21/2003 23:30,17.3
,5/22/2003 0:00,17.05
,5/22/2003 0:30,17.35
,5/22/2003 1:00,17.55
,5/22/2003 1:30,17.85
,5/22/2003 2:00,18.05
,5/22/2003 2:30,18.25
,5/22/2003 3:00,18.5
,5/22/2003 3:30,18.75
,5/22/2003 4:00,18.85
,5/22/2003 4:30,19.05
,5/22/2003 5:00,19.25
,5/22/2003 5:30,19.35
,5/22/2003 6:00,18.85
,5/22/2003 6:30,18.2
,5/22/2003 7:00,18.1
,5/22/2003 7:30,18.25
,5/22/2003 8:00,18.45
,5/22/2003 8:30,18.55
,5/22/2003 9:00,18.75
,5/22/2003 9:30,18.9
,5/22/2003 10:00,19.05
,5/22/2003 10:30,19.2
,5/22/2003 11:00,19.35
,5/22/2003 11:30,19.45
,5/22/2003 12:00,19.6
,5/22/2003 12:30,19.7
,5/22/2003 13:00,19.8
,5/22/2003 13:30,19.95
,5/22/2003 14:00,20.1
,5/22/2003 14:30,20.25
,5/22/2003 15:00,20.4
,5/22/2003 15:30,20.55
,5/22/2003 16:00,20.65
,5/22/2003 16:30,20.75
,5/22/2003 17:00,20.85
,5/22/2003 17:30,20.95
,5/22/2003 18:00,21.05
,5/22/2003 18:30,19.8
,5/22/2003 19:00,18.85
,5/22/2003 19:30,18.95
,5/22/2003 20:00,19.1
,5/22/2003 20:30,18.75
,5/22/2003 21:00,17.95
,5/22/2003 21:30,18.15
,5/22/2003 22:00,18.3
,5/22/2003 22:30,18.25
,5/22/2003 23:00,18.2
,5/22/2003 23:30,18.3
,5/23/2003 0:00,18.45
,5/23/2003 0:30,18.5
,5/23/2003 1:00,18.6
,5/23/2003 1:30,18.7
,5/23/2003 2:00,18.85
,5/23/2003 2:30,18.95
,5/23/2003 3:00,19.05
,5/23/2003 3:30,19.15
,5/23/2003 4:00,19.25
,5/23/2003 4:30,19.35
,5/23/2003 5:00,19.4
,5/23/2003 5:30,18.95
,5/23/2003 6:00,18.45
,5/23/2003 6:30,18.35
,5/23/2003 7:00,17.85
,5/23/2003 7:30,17.8
,5/23/2003 8:00,17.55
,5/23/2003 8:30,18.1
,5/23/2003 9:00,18.35
,5/23/2003 9:30,18.55
,5/23/2003 10:00,18.65
,5/23/2003 10:30,18.85
,5/23/2003 11:00,18.95
,5/23/2003 11:30,19.1
,5/23/2003 12:00,19.25
,5/23/2003 12:30,19.35
,5/23/2003 13:00,19.45
,5/23/2003 13:30,19.55
,5/23/2003 14:00,19.65
,5/23/2003 14:30,19.75
,5/23/2003 15:00,19.85
,5/23/2003 15:30,19.95
,5/23/2003 16:00,20.05
,5/23/2003 16:30,20.2
,5/23/2003 17:00,20.3
,5/23/2003 17:30,20.4
,5/23/2003 18:00,20.45
,5/23/2003 18:30,18.85
,5/23/2003 19:00,18.55
,5/23/2003 19:30,18.65
,5/23/2003 20:00,18.8
,5/23/2003 20:30,18.95
,5/23/2003 21:00,19.05
,5/23/2003 21:30,19.2
,5/23/2003 22:00,18.6
,5/23/2003 22:30,18.75
,5/23/2003 23:00,18.85
,5/23/2003 23:30,19
,5/24/2003 0:00,18.55
,5/24/2003 0:30,18.7
,5/24/2003 1:00,18.85
,5/24/2003 1:30,18.95
,5/24/2003 2:00,19.1
,5/24/2003 2:30,19.2
,5/24/2003 3:00,19.3
,5/24/2003 3:30,19.4
,5/24/2003 4:00,19.5
,5/24/2003 4:30,19.6
,5/24/2003 5:00,19.7
,5/24/2003 5:30,19.75
,5/24/2003 6:00,19.25
,5/24/2003 6:30,18.65
,5/24/2003 7:00,18.7
,5/24/2003 7:30,18.75
,5/24/2003 8:00,18.75
,5/24/2003 8:30,18.85
,5/24/2003 9:00,18.95
,5/24/2003 9:30,19.05
,5/24/2003 10:00,19.15
,5/24/2003 10:30,19.25
,5/24/2003 11:00,19.35
,5/24/2003 11:30,19.45
,5/24/2003 12:00,19.55
,5/24/2003 12:30,19.65
,5/24/2003 13:00,19.7
,5/24/2003 13:30,19.8
,5/24/2003 14:00,19.9
,5/24/2003 14:30,20
,5/24/2003 15:00,20.1
,5/24/2003 15:30,20.2
,5/24/2003 16:00,20.3
,5/24/2003 16:30,20.4
,5/24/2003 17:00,20.5
,5/24/2003 17:30,20.6
,5/24/2003 18:00,19.85
,5/24/2003 18:30,19.05
,5/24/2003 19:00,19.15
,5/24/2003 19:30,19.3
,5/24/2003 20:00,19.4
,5/24/2003 20:30,19.55
,5/24/2003 21:00,19.65
,5/24/2003 21:30,19.8
,5/24/2003 22:00,19.9
,5/24/2003 22:30,20.05
,5/24/2003 23:00,20.15
,5/24/2003 23:30,20.3
,5/25/2003 0:00,20.4
,5/25/2003 0:30,20.5
,5/25/2003 1:00,20.6
,5/25/2003 1:30,19.4
,5/25/2003 2:00,19.55
,5/25/2003 2:30,19.5
,5/25/2003 3:00,19.6
,5/25/2003 3:30,19.7
,5/25/2003 4:00,19.8
,5/25/2003 4:30,19.85
,5/25/2003 5:00,19.95
,5/25/2003 5:30,20
,5/25/2003 6:00,20.1
,5/25/2003 6:30,20.2
,5/25/2003 7:00,20.25
,5/25/2003 7:30,18.8
,5/25/2003 8:00,18.95
,5/25/2003 8:30,19.05
,5/25/2003 9:00,18.5
,5/25/2003 9:30,18.65
,5/25/2003 10:00,18.75
,5/25/2003 10:30,18.85
,5/25/2003 11:00,18.65
,5/25/2003 11:30,18.75
,5/25/2003 12:00,18.85
,5/25/2003 12:30,19
,5/25/2003 13:00,19.15
,5/25/2003 13:30,19.25
,5/25/2003 14:00,19.35
,5/25/2003 14:30,18.85
,5/25/2003 15:00,18.95
,5/25/2003 15:30,19.1
,5/25/2003 16:00,19.25
,5/25/2003 16:30,19.35
,5/25/2003 17:00,19.5
,5/25/2003 17:30,19.25
,5/25/2003 18:00,18.9
,5/25/2003 18:30,18.85
,5/25/2003 19:00,18.95
,5/25/2003 19:30,19.1
,5/25/2003 20:00,19.25
,5/25/2003 20:30,19.35
,5/25/2003 21:00,18.85
,5/25/2003 21:30,18.75
,5/25/2003 22:00,18.9
,5/25/2003 22:30,19.05
,5/25/2003 23:00,19.15
,5/25/2003 23:30,19.3
,5/26/2003 0:00,19.45
,5/26/2003 0:30,19.55
,5/26/2003 1:00,19.65
,5/26/2003 1:30,19.75
,5/26/2003 2:00,19.85
,5/26/2003 2:30,19.75
,5/26/2003 3:00,19.65
,5/26/2003 3:30,19.7
,5/26/2003 4:00,19.8
,5/26/2003 4:30,19.85
,5/26/2003 5:00,19.95
,5/26/2003 5:30,19.5
,5/26/2003 6:00,19.05
,5/26/2003 6:30,19
,5/26/2003 7:00,19.05
,5/26/2003 7:30,19
,5/26/2003 8:00,18.95
,5/26/2003 8:30,19.05
,5/26/2003 9:00,19.1
,5/26/2003 9:30,19.2
,5/26/2003 10:00,19.3
,5/26/2003 10:30,19.35
,5/26/2003 11:00,19.4
,5/26/2003 11:30,19.5
,5/26/2003 12:00,19.6
,5/26/2003 12:30,19.6
,5/26/2003 13:00,19.7
,5/26/2003 13:30,19.75
,5/26/2003 14:00,19.8
,5/26/2003 14:30,19.85
,5/26/2003 15:00,19.9
,5/26/2003 15:30,20
,5/26/2003 16:00,20.05
,5/26/2003 16:30,20.1
,5/26/2003 17:00,20.2
,5/26/2003 17:30,20.2
,5/26/2003 18:00,20.3
,5/26/2003 18:30,20.35
,5/26/2003 19:00,19.6
,5/26/2003 19:30,18.65
,5/26/2003 20:00,18.75
,5/26/2003 20:30,18.85
,5/26/2003 21:00,18.95
,5/26/2003 21:30,19.05
,5/26/2003 22:00,19.15
,5/26/2003 22:30,19.25
,5/26/2003 23:00,19.35
,5/26/2003 23:30,19.45
,5/27/2003 0:00,19.55
,5/27/2003 0:30,19.65
,5/27/2003 1:00,19.7
,5/27/2003 1:30,19.8
,5/27/2003 2:00,19.9
,5/27/2003 2:30,19.95
,5/27/2003 3:00,20
,5/27/2003 3:30,20.1
,5/27/2003 4:00,20.2
,5/27/2003 4:30,20.25
,5/27/2003 5:00,18.95
,5/27/2003 5:30,19.1
,5/27/2003 6:00,19.15
,5/27/2003 6:30,19.3
,5/27/2003 7:00,18.8
,5/27/2003 7:30,18.9
,5/27/2003 8:00,19
,5/27/2003 8:30,19.1
,5/27/2003 9:00,19.25
,5/27/2003 9:30,19.35
,5/27/2003 10:00,19.45
,5/27/2003 10:30,19.55
,5/27/2003 11:00,19.65
,5/27/2003 11:30,19.75
,5/27/2003 12:00,19.8
,5/27/2003 12:30,19.95
,5/27/2003 13:00,20.05
,5/27/2003 13:30,20.15
,5/27/2003 14:00,20.25
,5/27/2003 14:30,20.4
,5/27/2003 15:00,20.5
,5/27/2003 15:30,20.6
,5/27/2003 16:00,20.7
,5/27/2003 16:30,20.8
,5/27/2003 17:00,20.9
,5/27/2003 17:30,21
,5/27/2003 18:00,21.05
,5/27/2003 18:30,21.15
,5/27/2003 19:00,21.2
,5/27/2003 19:30,21.3
,5/27/2003 20:00,21.4
,5/27/2003 20:30,21.45
,5/27/2003 21:00,21.5
,5/27/2003 21:30,21.55
,5/27/2003 22:00,21.6
,5/27/2003 22:30,21.65
,5/27/2003 23:00,21.7
,5/27/2003 23:30,21.75
,5/28/2003 0:00,21.8
,5/28/2003 0:30,19.35
,5/28/2003 1:00,19.4
,5/28/2003 1:30,19.55
,5/28/2003 2:00,19.65
,5/28/2003 2:30,19.75
,5/28/2003 3:00,19.9
,5/28/2003 3:30,20
,5/28/2003 4:00,20.15
,5/28/2003 4:30,20.25
,5/28/2003 5:00,20.35
,5/28/2003 5:30,20.45
,5/28/2003 6:00,20.55
,5/28/2003 6:30,20.65
,5/28/2003 7:00,20.75
,5/28/2003 7:30,19.85
,5/28/2003 8:00,19
,5/28/2003 8:30,19.15
,5/28/2003 9:00,18.95
,5/28/2003 9:30,18.65
,5/28/2003 10:00,18.85
,5/28/2003 10:30,19
,5/28/2003 11:00,19.15
,5/28/2003 11:30,19.3
,5/28/2003 12:00,19.45
,5/28/2003 12:30,19.6
,5/28/2003 13:00,19.2
,5/28/2003 13:30,18.85
,5/28/2003 14:00,18.95
,5/28/2003 14:30,19.15
,5/28/2003 15:00,19.35
,5/28/2003 15:30,19.45
,5/28/2003 16:00,19.65
,5/28/2003 16:30,19.8
,5/28/2003 17:00,19.95
,5/28/2003 17:30,20.15
,5/28/2003 18:00,20.35
,5/28/2003 18:30,20.55
,5/28/2003 19:00,20.75
,5/28/2003 19:30,20.95
,5/28/2003 20:00,21.1
,5/28/2003 20:30,21.25
,5/28/2003 21:00,21.35
,5/28/2003 21:30,21.5
,5/28/2003 22:00,21.65
,5/28/2003 22:30,21.75
,5/28/2003 23:00,21.85
,5/28/2003 23:30,20.65
,5/29/2003 0:00,18.75
,5/29/2003 0:30,18.95
,5/29/2003 1:00,19.15
,5/29/2003 1:30,19.3
,5/29/2003 2:00,19.45
,5/29/2003 2:30,19.65
,5/29/2003 3:00,19.75
,5/29/2003 3:30,19.95
,5/29/2003 4:00,20.05
,5/29/2003 4:30,20.25
,5/29/2003 5:00,20.35
,5/29/2003 5:30,20.55
,5/29/2003 6:00,20.65
,5/29/2003 6:30,20.2
,5/29/2003 7:00,19.75
,5/29/2003 7:30,19.25
,5/29/2003 8:00,18.75
,5/29/2003 8:30,18.95
,5/29/2003 9:00,19.15
,5/29/2003 9:30,19.3
,5/29/2003 10:00,19.45
,5/29/2003 10:30,19.65
,5/29/2003 11:00,19.75
,5/29/2003 11:30,19.95
,5/29/2003 12:00,20.15
,5/29/2003 12:30,20.35
,5/29/2003 13:00,20.55
,5/29/2003 13:30,20.7
,5/29/2003 14:00,20.85
,5/29/2003 14:30,21.05
,5/29/2003 15:00,21.25
,5/29/2003 15:30,21.4
,5/29/2003 16:00,21.55
,5/29/2003 16:30,21.65
,5/29/2003 17:00,21.85
,5/29/2003 17:30,22
,5/29/2003 18:00,22.15
,5/29/2003 18:30,21.15
,5/29/2003 19:00,20.15
,5/29/2003 19:30,20.35
,5/29/2003 20:00,20.55
,5/29/2003 20:30,20.05
,5/29/2003 21:00,19.85
,5/29/2003 21:30,20.1
,5/29/2003 22:00,20.35
,5/29/2003 22:30,20.55
,5/29/2003 23:00,20.75
,5/29/2003 23:30,20.95
,5/30/2003 0:00,21.15
,5/30/2003 0:30,21.35
,5/30/2003 1:00,21.45
,5/30/2003 1:30,21.65
,5/30/2003 2:00,21.85
,5/30/2003 2:30,21.95
,5/30/2003 3:00,22.1
,5/30/2003 3:30,22.2
,5/30/2003 4:00,22.35
,5/30/2003 4:30,22.45
,5/30/2003 5:00,22.55
,5/30/2003 5:30,22.65
,5/30/2003 6:00,21.65
,5/30/2003 6:30,20.3
,5/30/2003 7:00,20.15
,5/30/2003 7:30,20.35
,5/30/2003 8:00,19.85
,5/30/2003 8:30,20.05
,5/30/2003 9:00,20.25
,5/30/2003 9:30,20.45
,5/30/2003 10:00,20.65
,5/30/2003 10:30,20.75
,5/30/2003 11:00,20.95
,5/30/2003 11:30,21.15
,5/30/2003 12:00,21.35
,5/30/2003 12:30,21.45
,5/30/2003 13:00,21.65
,5/30/2003 13:30,21.8
,5/30/2003 14:00,21.95
,5/30/2003 14:30,22.05
,5/30/2003 15:00,22.25
,5/30/2003 15:30,22.35
,5/30/2003 16:00,22.5
,5/30/2003 16:30,22.65
,5/30/2003 17:00,22.75
,5/30/2003 17:30,22.9
,5/30/2003 18:00,23
,5/30/2003 18:30,23.15
,5/30/2003 19:00,23.25
,5/30/2003 19:30,23.35
,5/30/2003 20:00,23.45
,5/30/2003 20:30,23.55
,5/30/2003 21:00,20.3
,5/30/2003 21:30,20.55
,5/30/2003 22:00,20.75
,5/30/2003 22:30,20.95
,5/30/2003 23:00,21.15
,5/30/2003 23:30,21.35
,5/31/2003 0:00,21.55
,5/31/2003 0:30,21.75
,5/31/2003 1:00,21.85
,5/31/2003 1:30,22.05
,5/31/2003 2:00,22.15
,5/31/2003 2:30,22.3
,5/31/2003 3:00,22.45
,5/31/2003 3:30,22.55
,5/31/2003 4:00,22.65
,5/31/2003 4:30,22.75
,5/31/2003 5:00,22.85
,5/31/2003 5:30,22.95
,5/31/2003 6:00,23
,5/31/2003 6:30,20.85
,5/31/2003 7:00,20.75
,5/31/2003 7:30,20.95
,5/31/2003 8:00,20.15
,5/31/2003 8:30,20.35
,5/31/2003 9:00,20.55
,5/31/2003 9:30,20.75
,5/31/2003 10:00,20.85
,5/31/2003 10:30,21.05
,5/31/2003 11:00,21.2
,5/31/2003 11:30,21.35
,5/31/2003 12:00,21.45
,5/31/2003 12:30,21.6
,5/31/2003 13:00,21.7
,5/31/2003 13:30,21.85
,5/31/2003 14:00,21.95
,5/31/2003 14:30,22.05
,5/31/2003 15:00,22.15
,5/31/2003 15:30,22.2
,5/31/2003 16:00,22.3
,5/31/2003 16:30,22.4
,5/31/2003 17:00,22.5
,5/31/2003 17:30,22.55
,5/31/2003 18:00,22.6
,5/31/2003 18:30,22.7
,5/31/2003 19:00,22.75
,5/31/2003 19:30,21.85
,5/31/2003 20:00,20.95
,5/31/2003 20:30,21.1
,5/31/2003 21:00,21.25
,5/31/2003 21:30,21.35
,5/31/2003 22:00,21.5
,5/31/2003 22:30,21.65
,5/31/2003 23:00,21.75
,5/31/2003 23:30,21.9
,6/1/2003 0:00,22
,6/1/2003 0:30,22.1
,6/1/2003 1:00,22.25
,6/1/2003 1:30,22.35
,6/1/2003 2:00,22.45
,6/1/2003 2:30,22.55
,6/1/2003 3:00,22.6
,6/1/2003 3:30,22.7
,6/1/2003 4:00,22.8
,6/1/2003 4:30,22.9
,6/1/2003 5:00,22.95
,6/1/2003 5:30,23
,6/1/2003 6:00,22.05
,6/1/2003 6:30,21.05
,6/1/2003 7:00,20.75
,6/1/2003 7:30,20.95
,6/1/2003 8:00,21.05
,6/1/2003 8:30,21.25
,6/1/2003 9:00,21.4
,6/1/2003 9:30,21.55
,6/1/2003 10:00,21.7
,6/1/2003 10:30,21.85
,6/1/2003 11:00,21.95
,6/1/2003 11:30,22.15
,6/1/2003 12:00,22.25
,6/1/2003 12:30,22.4
,6/1/2003 13:00,22.55
,6/1/2003 13:30,21.6
,6/1/2003 14:00,20.25
,6/1/2003 14:30,20.25
,6/1/2003 15:00,20.55
,6/1/2003 15:30,20.75
,6/1/2003 16:00,20.95
,6/1/2003 16:30,20.55
,6/1/2003 17:00,20.75
,6/1/2003 17:30,20.95
,6/1/2003 18:00,21.15
,6/1/2003 18:30,20.95
,6/1/2003 19:00,20.65
,6/1/2003 19:30,20.35
,6/1/2003 20:00,20.55
,6/1/2003 20:30,20.75
,6/1/2003 21:00,20.95
,6/1/2003 21:30,21.15
,6/1/2003 22:00,21.35
,6/1/2003 22:30,21.5
,6/1/2003 23:00,21.65
,6/1/2003 23:30,21.85
,6/2/2003 0:00,21.95
,6/2/2003 0:30,22.1
,6/2/2003 1:00,22.25
,6/2/2003 1:30,22.35
,6/2/2003 2:00,22.45
,6/2/2003 2:30,22.55
,6/2/2003 3:00,22.65
,6/2/2003 3:30,22.7
,6/2/2003 4:00,22.8
,6/2/2003 4:30,22.85
,6/2/2003 5:00,22.9
,6/2/2003 5:30,22.95
,6/2/2003 6:00,20.85
,6/2/2003 6:30,20.95
,6/2/2003 7:00,20.15
,6/2/2003 7:30,20.05
,6/2/2003 8:00,19.6
,6/2/2003 8:30,19.75
,6/2/2003 9:00,19.9
,6/2/2003 9:30,20.05
,6/2/2003 10:00,20.25
,6/2/2003 10:30,20.35
,6/2/2003 11:00,20.55
,6/2/2003 11:30,20.75
,6/2/2003 12:00,20.85
,6/2/2003 12:30,21.05
,6/2/2003 13:00,21.15
,6/2/2003 13:30,21.35
,6/2/2003 14:00,21.45
,6/2/2003 14:30,21.6
,6/2/2003 15:00,21.75
,6/2/2003 15:30,21.85
,6/2/2003 16:00,21.95
,6/2/2003 16:30,22.1
,6/2/2003 17:00,22.2
,6/2/2003 17:30,22.3
,6/2/2003 18:00,22.45
,6/2/2003 18:30,20.65
,6/2/2003 19:00,20.35
,6/2/2003 19:30,20.05
,6/2/2003 20:00,20.25
,6/2/2003 20:30,20.45
,6/2/2003 21:00,20.65
,6/2/2003 21:30,20.85
,6/2/2003 22:00,21
,6/2/2003 22:30,21.15
,6/2/2003 23:00,21.35
,6/2/2003 23:30,21.55
,6/3/2003 0:00,21.65
,6/3/2003 0:30,21.85
,6/3/2003 1:00,21.95
,6/3/2003 1:30,22.1
,6/3/2003 2:00,22.25
,6/3/2003 2:30,20.35
,6/3/2003 3:00,20.55
,6/3/2003 3:30,20.75
,6/3/2003 4:00,20.95
,6/3/2003 4:30,21.05
,6/3/2003 5:00,21.25
,6/3/2003 5:30,20.05
,6/3/2003 6:00,20.25
,6/3/2003 6:30,20.35
,6/3/2003 7:00,20.55
,6/3/2003 7:30,20.75
,6/3/2003 8:00,20.85
,6/3/2003 8:30,21.05
,6/3/2003 9:00,21.15
,6/3/2003 9:30,20.6
,6/3/2003 10:00,20.05
,6/3/2003 10:30,20.25
,6/3/2003 11:00,20.45
,6/3/2003 11:30,20.65
,6/3/2003 12:00,20.8
,6/3/2003 12:30,20.95
,6/3/2003 13:00,21.15
,6/3/2003 13:30,21.3
,6/3/2003 14:00,21.45
,6/3/2003 14:30,21.6
,6/3/2003 15:00,21.75
,6/3/2003 15:30,21.9
,6/3/2003 16:00,22.05
,6/3/2003 16:30,22.15
,6/3/2003 17:00,22.3
,6/3/2003 17:30,22.45
,6/3/2003 18:00,22.55
,6/3/2003 18:30,22.65
,6/3/2003 19:00,22.8
,6/3/2003 19:30,22.9
,6/3/2003 20:00,23
,6/3/2003 20:30,23.1
,6/3/2003 21:00,21.9
,6/3/2003 21:30,19.8
,6/3/2003 22:00,19.95
,6/3/2003 22:30,20.25
,6/3/2003 23:00,20.45
,6/3/2003 23:30,20.65
,6/4/2003 0:00,20.85
,6/4/2003 0:30,21.05
,6/4/2003 1:00,21.25
,6/4/2003 1:30,21.45
,6/4/2003 2:00,21.65
,6/4/2003 2:30,21.8
,6/4/2003 3:00,21.95
,6/4/2003 3:30,22.1
,6/4/2003 4:00,22.25
,6/4/2003 4:30,22.35
,6/4/2003 5:00,22.45
,6/4/2003 5:30,22.55
,6/4/2003 6:00,22.7
,6/4/2003 6:30,22.8
,6/4/2003 7:00,22.85
,6/4/2003 7:30,22.95
,6/4/2003 8:00,23
,6/4/2003 8:30,19.95
,6/4/2003 9:00,20.15
,6/4/2003 9:30,20.3
,6/4/2003 10:00,20.35
,6/4/2003 10:30,20.55
,6/4/2003 11:00,20.75
,6/4/2003 11:30,20.9
,6/4/2003 12:00,21.05
,6/4/2003 12:30,20.9
,6/4/2003 13:00,20.35
,6/4/2003 13:30,20.55
,6/4/2003 14:00,20.55
,6/4/2003 14:30,20.55
,6/4/2003 15:00,20.75
,6/4/2003 15:30,20.95
,6/4/2003 16:00,21.1
,6/4/2003 16:30,21.25
,6/4/2003 17:00,21.45
,6/4/2003 17:30,21.55
,6/4/2003 18:00,21.7
,6/4/2003 18:30,21.85
,6/4/2003 19:00,21.95
,6/4/2003 19:30,21.45
,6/4/2003 20:00,20.9
,6/4/2003 20:30,21.05
,6/4/2003 21:00,21.15
,6/4/2003 21:30,21.05
,6/4/2003 22:00,20.95
,6/4/2003 22:30,21.1
,6/4/2003 23:00,21.25
,6/4/2003 23:30,21.4
,6/5/2003 0:00,21.55
,6/5/2003 0:30,21.65
,6/5/2003 1:00,21.8
,6/5/2003 1:30,21.9
,6/5/2003 2:00,22
,6/5/2003 2:30,22.1
,6/5/2003 3:00,22.2
,6/5/2003 3:30,22.3
,6/5/2003 4:00,22.4
,6/5/2003 4:30,21.55
,6/5/2003 5:00,20.8
,6/5/2003 5:30,20.95
,6/5/2003 6:00,21.05
,6/5/2003 6:30,20.9
,6/5/2003 7:00,20.5
,6/5/2003 7:30,20.45
,6/5/2003 8:00,20.5
,6/5/2003 8:30,20.65
,6/5/2003 9:00,20.8
,6/5/2003 9:30,20.95
,6/5/2003 10:00,21.05
,6/5/2003 10:30,21.25
,6/5/2003 11:00,21.35
,6/5/2003 11:30,21.5
,6/5/2003 12:00,21.65
,6/5/2003 12:30,21.75
,6/5/2003 13:00,21.9
,6/5/2003 13:30,22.05
,6/5/2003 14:00,22.15
,6/5/2003 14:30,22.3
,6/5/2003 15:00,22.4
,6/5/2003 15:30,22.55
,6/5/2003 16:00,22.65
,6/5/2003 16:30,22.8
,6/5/2003 17:00,22.9
,6/5/2003 17:30,23
,6/5/2003 18:00,23.1
,6/5/2003 18:30,20.45
,6/5/2003 19:00,20.75
,6/5/2003 19:30,20.95
,6/5/2003 20:00,20.9
,6/5/2003 20:30,20.85
,6/5/2003 21:00,20.65
,6/5/2003 21:30,20.85
,6/5/2003 22:00,21.05
,6/5/2003 22:30,21.25
,6/5/2003 23:00,21.45
,6/5/2003 23:30,21.65
,6/6/2003 0:00,21.75
,6/6/2003 0:30,21.95
,6/6/2003 1:00,22.1
,6/6/2003 1:30,22.25
,6/6/2003 2:00,21.4
,6/6/2003 2:30,21.35
,6/6/2003 3:00,21.25
,6/6/2003 3:30,21.4
,6/6/2003 4:00,21.55
,6/6/2003 4:30,21.65
,6/6/2003 5:00,21.8
,6/6/2003 5:30,21.9
,6/6/2003 6:00,22
,6/6/2003 6:30,20.9
,6/6/2003 7:00,21
,6/6/2003 7:30,20.55
,6/6/2003 8:00,20.6
,6/6/2003 8:30,20.7
,6/6/2003 9:00,20.85
,6/6/2003 9:30,20.95
,6/6/2003 10:00,21.05
,6/6/2003 10:30,21.2
,6/6/2003 11:00,21.3
,6/6/2003 11:30,21.45
,6/6/2003 12:00,21.55
,6/6/2003 12:30,21.65
,6/6/2003 13:00,21.75
,6/6/2003 13:30,21.9
,6/6/2003 14:00,22
,6/6/2003 14:30,22.1
,6/6/2003 15:00,22.2
,6/6/2003 15:30,22.3
,6/6/2003 16:00,22.4
,6/6/2003 16:30,22.5
,6/6/2003 17:00,22.6
,6/6/2003 17:30,22.7
,6/6/2003 18:00,22.8
,6/6/2003 18:30,22.15
,6/6/2003 19:00,21.5
,6/6/2003 19:30,21.65
,6/6/2003 20:00,21.75
,6/6/2003 20:30,21.3
,6/6/2003 21:00,21.45
,6/6/2003 21:30,21.6
,6/6/2003 22:00,21.75
,6/6/2003 22:30,21.85
,6/6/2003 23:00,22
,6/6/2003 23:30,22.1
,6/7/2003 0:00,22.25
,6/7/2003 0:30,22.35
,6/7/2003 1:00,22.45
,6/7/2003 1:30,22.55
,6/7/2003 2:00,22.65
,6/7/2003 2:30,22.7
,6/7/2003 3:00,22.8
,6/7/2003 3:30,22.9
,6/7/2003 4:00,22.95
,6/7/2003 4:30,23
,6/7/2003 5:00,23.1
,6/7/2003 5:30,21.5
,6/7/2003 6:00,21.6
,6/7/2003 6:30,21.45
,6/7/2003 7:00,21.3
,6/7/2003 7:30,21.45
,6/7/2003 8:00,21.05
,6/7/2003 8:30,21.15
,6/7/2003 9:00,21.3
,6/7/2003 9:30,21.45
,6/7/2003 10:00,21.55
,6/7/2003 10:30,21.7
,6/7/2003 11:00,21.85
,6/7/2003 11:30,21.95
,6/7/2003 12:00,22.1
,6/7/2003 12:30,22.2
,6/7/2003 13:00,22.35
,6/7/2003 13:30,22.45
,6/7/2003 14:00,22.55
,6/7/2003 14:30,22.65
,6/7/2003 15:00,22.75
,6/7/2003 15:30,22.9
,6/7/2003 16:00,23
,6/7/2003 16:30,23.1
,6/7/2003 17:00,23.2
,6/7/2003 17:30,23.3
,6/7/2003 18:00,23.35
,6/7/2003 18:30,22.55
,6/7/2003 19:00,21.65
,6/7/2003 19:30,21.55
,6/7/2003 20:00,21.75
,6/7/2003 20:30,21.9
,6/7/2003 21:00,22.05
,6/7/2003 21:30,21.55
,6/7/2003 22:00,21.75
,6/7/2003 22:30,21.9
,6/7/2003 23:00,22.05
,6/7/2003 23:30,22.2
,6/8/2003 0:00,22.35
,6/8/2003 0:30,22.45
,6/8/2003 1:00,22.55
,6/8/2003 1:30,22.65
,6/8/2003 2:00,22.75
,6/8/2003 2:30,22.85
,6/8/2003 3:00,22.95
,6/8/2003 3:30,23.05
,6/8/2003 4:00,23.1
,6/8/2003 4:30,23.2
,6/8/2003 5:00,23.25
,6/8/2003 5:30,23.3
,6/8/2003 6:00,23.35
,6/8/2003 6:30,23.4
,6/8/2003 7:00,21.7
,6/8/2003 7:30,21.85
,6/8/2003 8:00,21.35
,6/8/2003 8:30,21.45
,6/8/2003 9:00,21.6
,6/8/2003 9:30,21.6
,6/8/2003 10:00,21.75
,6/8/2003 10:30,21.75
,6/8/2003 11:00,21.75
,6/8/2003 11:30,21.8
,6/8/2003 12:00,21.75
,6/8/2003 12:30,21.9
,6/8/2003 13:00,21.75
,6/8/2003 13:30,21.9
,6/8/2003 14:00,22.05
,6/8/2003 14:30,22.15
,6/8/2003 15:00,22.35
,6/8/2003 15:30,22.45
,6/8/2003 16:00,22.6
,6/8/2003 16:30,21.75
,6/8/2003 17:00,21.9
,6/8/2003 17:30,22.05
,6/8/2003 18:00,22.25
,6/8/2003 18:30,22.35
,6/8/2003 19:00,22.5
,6/8/2003 19:30,22.65
,6/8/2003 20:00,22.75
,6/8/2003 20:30,22.9
,6/8/2003 21:00,23
,6/8/2003 21:30,23.1
,6/8/2003 22:00,21.75
,6/8/2003 22:30,21.95
,6/8/2003 23:00,22.05
,6/8/2003 23:30,22.2
,6/9/2003 0:00,22.3
,6/9/2003 0:30,22.45
,6/9/2003 1:00,21.85
,6/9/2003 1:30,21.9
,6/9/2003 2:00,22
,6/9/2003 2:30,22.1
,6/9/2003 3:00,22.25
,6/9/2003 3:30,22.35
,6/9/2003 4:00,22.1
,6/9/2003 4:30,21.85
,6/9/2003 5:00,22
,6/9/2003 5:30,22.1
,6/9/2003 6:00,22.2
,6/9/2003 6:30,21.9
,6/9/2003 7:00,21.7
,6/9/2003 7:30,21.6
,6/9/2003 8:00,21.65
,6/9/2003 8:30,21.8
,6/9/2003 9:00,21.9
,6/9/2003 9:30,22
,6/9/2003 10:00,22.1
,6/9/2003 10:30,22.2
,6/9/2003 11:00,22.3
,6/9/2003 11:30,22.45
,6/9/2003 12:00,22.5
,6/9/2003 12:30,22.65
,6/9/2003 13:00,22.75
,6/9/2003 13:30,22.85
,6/9/2003 14:00,22.95
,6/9/2003 14:30,23.05
,6/9/2003 15:00,23.1
,6/9/2003 15:30,23.2
,6/9/2003 16:00,23.3
,6/9/2003 16:30,23.4
,6/9/2003 17:00,23.45
,6/9/2003 17:30,23.55
,6/9/2003 18:00,23.6
,6/9/2003 18:30,22.25
,6/9/2003 19:00,22.2
,6/9/2003 19:30,22.15
,6/9/2003 20:00,22.3
,6/9/2003 20:30,22.4
,6/9/2003 21:00,22.5
,6/9/2003 21:30,22.4
,6/9/2003 22:00,22.3
,6/9/2003 22:30,22.4
,6/9/2003 23:00,22.5
,6/9/2003 23:30,22.6
,6/10/2003 0:00,22.7
,6/10/2003 0:30,22.8
,6/10/2003 1:00,22.85
,6/10/2003 1:30,22.95
,6/10/2003 2:00,23
,6/10/2003 2:30,23.1
,6/10/2003 3:00,23.1
,6/10/2003 3:30,23.2
,6/10/2003 4:00,23.2
,6/10/2003 4:30,23.2
,6/10/2003 5:00,23.3
,6/10/2003 5:30,23.3
,6/10/2003 6:00,23.3
,6/10/2003 6:30,21.8
,6/10/2003 7:00,21.9
,6/10/2003 7:30,21.8
,6/10/2003 8:00,21.85
,6/10/2003 8:30,22
,6/10/2003 9:00,22.05
,6/10/2003 9:30,22.1
,6/10/2003 10:00,22.2
,6/10/2003 10:30,22.25
,6/10/2003 11:00,22.3
,6/10/2003 11:30,22.4
,6/10/2003 12:00,22.45
,6/10/2003 12:30,22.5
,6/10/2003 13:00,22.6
,6/10/2003 13:30,22.65
,6/10/2003 14:00,22.7
,6/10/2003 14:30,22.8
,6/10/2003 15:00,22.85
,6/10/2003 15:30,22.9
,6/10/2003 16:00,23
,6/10/2003 16:30,23
,6/10/2003 17:00,23.1
,6/10/2003 17:30,23.15
,6/10/2003 18:00,23.2
,6/10/2003 18:30,22.1
,6/10/2003 19:00,21.8
,6/10/2003 19:30,21.9
,6/10/2003 20:00,22
,6/10/2003 20:30,22.1
,6/10/2003 21:00,22.2
,6/10/2003 21:30,22.3
,6/10/2003 22:00,21.7
,6/10/2003 22:30,21.8
,6/10/2003 23:00,21.95
,6/10/2003 23:30,22.05
,6/11/2003 0:00,22.15
,6/11/2003 0:30,21.9
,6/11/2003 1:00,22
,6/11/2003 1:30,22.1
,6/11/2003 2:00,22.2
,6/11/2003 2:30,22.35
,6/11/2003 3:00,22.45
,6/11/2003 3:30,22.55
,6/11/2003 4:00,22.6
,6/11/2003 4:30,22.7
,6/11/2003 5:00,22.8
,6/11/2003 5:30,22.9
,6/11/2003 6:00,22.95
,6/11/2003 6:30,23
,6/11/2003 7:00,23.1
,6/11/2003 7:30,23.15
,6/11/2003 8:00,23.2
,6/11/2003 8:30,22.5
,6/11/2003 9:00,21.75
,6/11/2003 9:30,21.6
,6/11/2003 10:00,21.6
,6/11/2003 10:30,21.6
,6/11/2003 11:00,21.65
,6/11/2003 11:30,21.8
,6/11/2003 12:00,21.9
,6/11/2003 12:30,22.05
,6/11/2003 13:00,22.15
,6/11/2003 13:30,22.3
,6/11/2003 14:00,22.45
,6/11/2003 14:30,22.55
,6/11/2003 15:00,22.65
,6/11/2003 15:30,22.8
,6/11/2003 16:00,22.9
,6/11/2003 16:30,23
,6/11/2003 17:00,23.1
,6/11/2003 17:30,23.2
,6/11/2003 18:00,23.3
,6/11/2003 18:30,21.95
,6/11/2003 19:00,22.05
,6/11/2003 19:30,22.2
,6/11/2003 20:00,22.35
,6/11/2003 20:30,22.45
,6/11/2003 21:00,21.6
,6/11/2003 21:30,21.65
,6/11/2003 22:00,21.85
,6/11/2003 22:30,22
,6/11/2003 23:00,22.15
,6/11/2003 23:30,22.3
,6/12/2003 0:00,22.45
,6/12/2003 0:30,22.55
,6/12/2003 1:00,22.7
,6/12/2003 1:30,22.8
,6/12/2003 2:00,22.9
,6/12/2003 2:30,23
,6/12/2003 3:00,23.1
,6/12/2003 3:30,23.2
,6/12/2003 4:00,23.25
,6/12/2003 4:30,23.3
,6/12/2003 5:00,23.4
,6/12/2003 5:30,23.45
,6/12/2003 6:00,21.75
,6/12/2003 6:30,21.75
,6/12/2003 7:00,21.7
,6/12/2003 7:30,21.6
,6/12/2003 8:00,21.7
,6/12/2003 8:30,21.85
,6/12/2003 9:00,21.95
,6/12/2003 9:30,22.05
,6/12/2003 10:00,22.15
,6/12/2003 10:30,22.25
,6/12/2003 11:00,22.35
,6/12/2003 11:30,22.45
,6/12/2003 12:00,22.55
,6/12/2003 12:30,22.65
,6/12/2003 13:00,22.75
,6/12/2003 13:30,22.85
,6/12/2003 14:00,22.9
,6/12/2003 14:30,23
,6/12/2003 15:00,23.1
,6/12/2003 15:30,23.2
,6/12/2003 16:00,23.25
,6/12/2003 16:30,23.3
,6/12/2003 17:00,23.4
,6/12/2003 17:30,23.5
,6/12/2003 18:00,23.55
,6/12/2003 18:30,21.95
,6/12/2003 19:00,22.1
,6/12/2003 19:30,22.25
,6/12/2003 20:00,22.35
,6/12/2003 20:30,22.45
,6/12/2003 21:00,22.6
,6/12/2003 21:30,21.75
,6/12/2003 22:00,21.95
,6/12/2003 22:30,22.05
,6/12/2003 23:00,22.25
,6/12/2003 23:30,22.35
,6/13/2003 0:00,22.5
,6/13/2003 0:30,22.65
,6/13/2003 1:00,22.75
,6/13/2003 1:30,22.9
,6/13/2003 2:00,23
,6/13/2003 2:30,23.1
,6/13/2003 3:00,23.2
,6/13/2003 3:30,23.3
,6/13/2003 4:00,23.4
,6/13/2003 4:30,23.5
,6/13/2003 5:00,23.6
,6/13/2003 5:30,21.9
,6/13/2003 6:00,21.85
,6/13/2003 6:30,21.75
,6/13/2003 7:00,21.65
,6/13/2003 7:30,21.85
,6/13/2003 8:00,21.95
,6/13/2003 8:30,22.15
,6/13/2003 9:00,22.25
,6/13/2003 9:30,22.45
,6/13/2003 10:00,22.55
,6/13/2003 10:30,22.7
,6/13/2003 11:00,22.85
,6/13/2003 11:30,22.95
,6/13/2003 12:00,23.1
,6/13/2003 12:30,23.2
,6/13/2003 13:00,23.35
,6/13/2003 13:30,23.45
,6/13/2003 14:00,23.55
,6/13/2003 14:30,23.65
,6/13/2003 15:00,23.8
,6/13/2003 15:30,23.9
,6/13/2003 16:00,24
,6/13/2003 16:30,24.1
,6/13/2003 17:00,24.2
,6/13/2003 17:30,24.35
,6/13/2003 18:00,24.4
,6/13/2003 18:30,24.5
,6/13/2003 19:00,22.45
,6/13/2003 19:30,22.55
,6/13/2003 20:00,22.75
,6/13/2003 20:30,22.95
,6/13/2003 21:00,23.15
,6/13/2003 21:30,22
,6/13/2003 22:00,22.25
,6/13/2003 22:30,22.45
,6/13/2003 23:00,22.6
,6/13/2003 23:30,22.75
,6/14/2003 0:00,22.95
,6/14/2003 0:30,23.15
,6/14/2003 1:00,23.25
,6/14/2003 1:30,23.4
,6/14/2003 2:00,23.55
,6/14/2003 2:30,23.65
,6/14/2003 3:00,23.75
,6/14/2003 3:30,23.85
,6/14/2003 4:00,23
,6/14/2003 4:30,22.2
,6/14/2003 5:00,22.25
,6/14/2003 5:30,22.35
,6/14/2003 6:00,22.45
,6/14/2003 6:30,22.4
,6/14/2003 7:00,21.1
,6/14/2003 7:30,20.65
,6/14/2003 8:00,13.6
,6/14/2003 8:30,6.75
,6/14/2003 9:00,7.05
,6/14/2003 9:30,7.15
,6/14/2003 10:00,7.55
,6/14/2003 10:30,7.55
,6/14/2003 11:00,7.65
,6/14/2003 11:30,8.05
,6/14/2003 12:00,8.15
,6/14/2003 12:30,8.3
,6/14/2003 13:00,8.35
,6/14/2003 13:30,8.25
,6/14/2003 14:00,7.85
,6/14/2003 14:30,7.45
,6/14/2003 15:00,7.6
,6/14/2003 15:30,7.9
,6/14/2003 16:00,7.6
,6/14/2003 16:30,8.35
,6/14/2003 17:00,24.6
,6/14/2003 17:30,24.95
,6/14/2003 18:00,25.15
,6/14/2003 18:30,25.3
,6/14/2003 19:00,22.25
,6/14/2003 19:30,22.55
,6/14/2003 20:00,22.75
,6/14/2003 20:30,22.85
,6/14/2003 21:00,23.05
,6/14/2003 21:30,22.9
,6/14/2003 22:00,23.05
,6/14/2003 22:30,23.15
,6/14/2003 23:00,22.95
,6/14/2003 23:30,22.45
,6/15/2003 0:00,22.45
,6/15/2003 0:30,22.55
,6/15/2003 1:00,22.75
,6/15/2003 1:30,22.9
,6/15/2003 2:00,23.05
,6/15/2003 2:30,23.15
,6/15/2003 3:00,23.35
,6/15/2003 3:30,23.45
,6/15/2003 4:00,23.55
,6/15/2003 4:30,23.65
,6/15/2003 5:00,23.8
,6/15/2003 5:30,23.9
,6/15/2003 6:00,24
,6/15/2003 6:30,23.3
,6/15/2003 7:00,22.7
,6/15/2003 7:30,22.05
,6/15/2003 8:00,22.15
,6/15/2003 8:30,22.25
,6/15/2003 9:00,22.45
,6/15/2003 9:30,22.25
,6/15/2003 10:00,22.35
,6/15/2003 10:30,22.5
,6/15/2003 11:00,22.6
,6/15/2003 11:30,22.75
,6/15/2003 12:00,22.85
,6/15/2003 12:30,22.95
,6/15/2003 13:00,23.1
,6/15/2003 13:30,23.2
,6/15/2003 14:00,23.3
,6/15/2003 14:30,22.9
,6/15/2003 15:00,22.45
,6/15/2003 15:30,22.6
,6/15/2003 16:00,22.75
,6/15/2003 16:30,22.3
,6/15/2003 17:00,22.45
,6/15/2003 17:30,22.4
,6/15/2003 18:00,22.4
,6/15/2003 18:30,22.5
,6/15/2003 19:00,22.65
,6/15/2003 19:30,22.75
,6/15/2003 20:00,22.65
,6/15/2003 20:30,22.35
,6/15/2003 21:00,22.45
,6/15/2003 21:30,22.55
,6/15/2003 22:00,22.7
,6/15/2003 22:30,22.85
,6/15/2003 23:00,22.95
,6/15/2003 23:30,23.05
,6/16/2003 0:00,23.2
,6/16/2003 0:30,23.3
,6/16/2003 1:00,23.45
,6/16/2003 1:30,23.55
,6/16/2003 2:00,23.65
,6/16/2003 2:30,23.75
,6/16/2003 3:00,23.85
,6/16/2003 3:30,23.9
,6/16/2003 4:00,24
,6/16/2003 4:30,24.1
,6/16/2003 5:00,24.15
,6/16/2003 5:30,24.2
,6/16/2003 6:00,22.45
,6/16/2003 6:30,22.6
,6/16/2003 7:00,22.15
,6/16/2003 7:30,22.1
,6/16/2003 8:00,22.25
,6/16/2003 8:30,22.4
,6/16/2003 9:00,22.55
,6/16/2003 9:30,22.65
,6/16/2003 10:00,22.8
,6/16/2003 10:30,22.95
,6/16/2003 11:00,23.05
,6/16/2003 11:30,23.15
,6/16/2003 12:00,23.3
,6/16/2003 12:30,23.4
,6/16/2003 13:00,23.55
,6/16/2003 13:30,23.65
,6/16/2003 14:00,23.75
,6/16/2003 14:30,23.85
,6/16/2003 15:00,23.95
,6/16/2003 15:30,24.05
,6/16/2003 16:00,24.15
,6/16/2003 16:30,24.25
,6/16/2003 17:00,24.35
,6/16/2003 17:30,24.45
,6/16/2003 18:00,24.5
,6/16/2003 18:30,22.75
,6/16/2003 19:00,22.9
,6/16/2003 19:30,23.05
,6/16/2003 20:00,23.2
,6/16/2003 20:30,23.35
,6/16/2003 21:00,23.45
,6/16/2003 21:30,22.6
,6/16/2003 22:00,22.75
,6/16/2003 22:30,22.95
,6/16/2003 23:00,23.1
,6/16/2003 23:30,23.25
,6/17/2003 0:00,23.4
,6/17/2003 0:30,23.55
,6/17/2003 1:00,23.65
,6/17/2003 1:30,23.8
,6/17/2003 2:00,23.9
,6/17/2003 2:30,24
,6/17/2003 3:00,24.1
,6/17/2003 3:30,24.2
,6/17/2003 4:00,24.3
,6/17/2003 4:30,24.4
,6/17/2003 5:00,22.65
,6/17/2003 5:30,22.75
,6/17/2003 6:00,22.9
,6/17/2003 6:30,23.05
,6/17/2003 7:00,22.7
,6/17/2003 7:30,22.45
,6/17/2003 8:00,22.55
,6/17/2003 8:30,22.55
,6/17/2003 9:00,22.5
,6/17/2003 9:30,22.65
,6/17/2003 10:00,22.75
,6/17/2003 10:30,22.9
,6/17/2003 11:00,23.05
,6/17/2003 11:30,23.15
,6/17/2003 12:00,23.3
,6/17/2003 12:30,23.4
,6/17/2003 13:00,23.55
,6/17/2003 13:30,23.65
,6/17/2003 14:00,23.75
,6/17/2003 14:30,23.85
,6/17/2003 15:00,24
,6/17/2003 15:30,24.1
,6/17/2003 16:00,24.2
,6/17/2003 16:30,24.25
,6/17/2003 17:00,23.5
,6/17/2003 17:30,22.85
,6/17/2003 18:00,22.95
,6/17/2003 18:30,23.15
,6/17/2003 19:00,22.9
,6/17/2003 19:30,22.65
,6/17/2003 20:00,22.65
,6/17/2003 20:30,22.65
,6/17/2003 21:00,22.8
,6/17/2003 21:30,22.75
,6/17/2003 22:00,22.75
,6/17/2003 22:30,22.85
,6/17/2003 23:00,23.05
,6/17/2003 23:30,23.2
,6/18/2003 0:00,23.35
,6/18/2003 0:30,23.5
,6/18/2003 1:00,23.65
,6/18/2003 1:30,23.75
,6/18/2003 2:00,23.9
,6/18/2003 2:30,24
,6/18/2003 3:00,24.1
,6/18/2003 3:30,24.2
,6/18/2003 4:00,24.3
,6/18/2003 4:30,24.4
,6/18/2003 5:00,24.5
,6/18/2003 5:30,24.6
,6/18/2003 6:00,24.65
,6/18/2003 6:30,24.7
,6/18/2003 7:00,24.8
,6/18/2003 7:30,24.85
,6/18/2003 8:00,23.8
,6/18/2003 8:30,22.75
,6/18/2003 9:00,22.8
,6/18/2003 9:30,22.5
,6/18/2003 10:00,22.55
,6/18/2003 10:30,22.75
,6/18/2003 11:00,22.85
,6/18/2003 11:30,22.35
,6/18/2003 12:00,22.5
,6/18/2003 12:30,22.35
,6/18/2003 13:00,22.55
,6/18/2003 13:30,22.75
,6/18/2003 14:00,22.85
,6/18/2003 14:30,23.05
,6/18/2003 15:00,23.25
,6/18/2003 15:30,23.35
,6/18/2003 16:00,23.55
,6/18/2003 16:30,23.65
,6/18/2003 17:00,23.8
,6/18/2003 17:30,23.95
,6/18/2003 18:00,24.05
,6/18/2003 18:30,24.2
,6/18/2003 19:00,24.3
,6/18/2003 19:30,24.4
,6/18/2003 20:00,24.5
,6/18/2003 20:30,24.6
,6/18/2003 21:00,24.7
,6/18/2003 21:30,22.95
,6/18/2003 22:00,22.8
,6/18/2003 22:30,22.55
,6/18/2003 23:00,22.65
,6/18/2003 23:30,22.85
,6/19/2003 0:00,22.95
,6/19/2003 0:30,23.15
,6/19/2003 1:00,23.25
,6/19/2003 1:30,23.45
,6/19/2003 2:00,23.55
,6/19/2003 2:30,23.65
,6/19/2003 3:00,23.8
,6/19/2003 3:30,23.9
,6/19/2003 4:00,24
,6/19/2003 4:30,24.1
,6/19/2003 5:00,24.2
,6/19/2003 5:30,24.25
,6/19/2003 6:00,22.55
,6/19/2003 6:30,22.7
,6/19/2003 7:00,22.85
,6/19/2003 7:30,22.25
,6/19/2003 8:00,22.45
,6/19/2003 8:30,22.55
,6/19/2003 9:00,22.75
,6/19/2003 9:30,22.9
,6/19/2003 10:00,23.05
,6/19/2003 10:30,23.2
,6/19/2003 11:00,23.35
,6/19/2003 11:30,23.45
,6/19/2003 12:00,23.6
,6/19/2003 12:30,23.75
,6/19/2003 13:00,23.85
,6/19/2003 13:30,23.95
,6/19/2003 14:00,24.05
,6/19/2003 14:30,24.15
,6/19/2003 15:00,24.35
,6/19/2003 15:30,24.5
,6/19/2003 16:00,24.3
,6/19/2003 16:30,5.85
,6/19/2003 17:00,5.65
,6/19/2003 17:30,5.75
,6/19/2003 18:00,5.8
,6/19/2003 18:30,4.65
,6/19/2003 19:00,4.6
,6/19/2003 19:30,5.65
,6/19/2003 20:00,5.75
,6/19/2003 20:30,5.7
,6/19/2003 21:00,5.35
,6/19/2003 21:30,5.75
,6/19/2003 22:00,5.5
,6/19/2003 22:30,5.65
,6/19/2003 23:00,5.65
,6/19/2003 23:30,5.4
,6/20/2003 0:00,5.95
,6/20/2003 0:30,5.5
,6/20/2003 1:00,5.65
,6/20/2003 1:30,5.65
,6/20/2003 2:00,5.75
,6/20/2003 2:30,6.15
,6/20/2003 3:00,6.3
,6/20/2003 3:30,5.75
,6/20/2003 4:00,6.1
,6/20/2003 4:30,6.05
,6/20/2003 5:00,5.85
,6/20/2003 5:30,5.75
,6/20/2003 6:00,5
,6/20/2003 6:30,5.45
,6/20/2003 7:00,5.05
,6/20/2003 7:30,5.95
,6/20/2003 8:00,5.8
,6/20/2003 8:30,5.9
,6/20/2003 9:00,6
,6/20/2003 9:30,6.15
,6/20/2003 10:00,6.35
,6/20/2003 10:30,6.7
,6/20/2003 11:00,7.2
,6/20/2003 11:30,8.3
,6/20/2003 12:00,8.2
,6/20/2003 12:30,16.75
,6/20/2003 13:00,24.85
,6/20/2003 13:30,25.05
,6/20/2003 14:00,25.25
,6/20/2003 14:30,25.45
,6/20/2003 15:00,25.6
,6/20/2003 15:30,25.75
,6/20/2003 16:00,25.9
,6/20/2003 16:30,26.05
,6/20/2003 17:00,26.15
,6/20/2003 17:30,26.35
,6/20/2003 18:00,26.45
,6/20/2003 18:30,25.2
,6/20/2003 19:00,23.8
,6/20/2003 19:30,23.9
,6/20/2003 20:00,24.05
,6/20/2003 20:30,24.25
,6/20/2003 21:00,24.35
,6/20/2003 21:30,24.25
,6/20/2003 22:00,24.15
,6/20/2003 22:30,24.25
,6/20/2003 23:00,24.4
,6/20/2003 23:30,24.55
,6/21/2003 0:00,24.7
,6/21/2003 0:30,24.85
,6/21/2003 1:00,24.95
,6/21/2003 1:30,25.1
,6/21/2003 2:00,25.25
,6/21/2003 2:30,25.35
,6/21/2003 3:00,25.5
,6/21/2003 3:30,25.6
,6/21/2003 4:00,25.75
,6/21/2003 4:30,25.85
,6/21/2003 5:00,25.9
,6/21/2003 5:30,26
,6/21/2003 6:00,23.85
,6/21/2003 6:30,23.65
,6/21/2003 7:00,23.45
,6/21/2003 7:30,23.6
,6/21/2003 8:00,23.75
,6/21/2003 8:30,23.9
,6/21/2003 9:00,24.05
,6/21/2003 9:30,24.15
,6/21/2003 10:00,24.3
,6/21/2003 10:30,24.45
,6/21/2003 11:00,24.55
,6/21/2003 11:30,24.7
,6/21/2003 12:00,24.8
,6/21/2003 12:30,24.95
,6/21/2003 13:00,25.05
,6/21/2003 13:30,25.15
,6/21/2003 14:00,25.3
,6/21/2003 14:30,25.45
,6/21/2003 15:00,25.55
,6/21/2003 15:30,25.7
,6/21/2003 16:00,25.85
,6/21/2003 16:30,26.05
,6/21/2003 17:00,26.15
,6/21/2003 17:30,26.3
,6/21/2003 18:00,26.4
,6/21/2003 18:30,24.65
,6/21/2003 19:00,24.65
,6/21/2003 19:30,24.75
,6/21/2003 20:00,24.85
,6/21/2003 20:30,24.55
,6/21/2003 21:00,24.5
,6/21/2003 21:30,24.45
,6/21/2003 22:00,24.2
,6/21/2003 22:30,13.55
,6/21/2003 23:00,4.65
,6/21/2003 23:30,10.4
,6/22/2003 0:00,7.2
,6/22/2003 0:30,12.1
,6/22/2003 1:00,13
,6/22/2003 1:30,15.8
,6/22/2003 2:00,17.75
,6/22/2003 2:30,19.85
,6/22/2003 3:00,21.45
,6/22/2003 3:30,22.05
,6/22/2003 4:00,21.65
,6/22/2003 4:30,21.95
,6/22/2003 5:00,21.85
,6/22/2003 5:30,22.35
,6/22/2003 6:00,22.45
,6/22/2003 6:30,22.5
,6/22/2003 7:00,22
,6/22/2003 7:30,22.2
,6/22/2003 8:00,22.65
,6/22/2003 8:30,23.05
,6/22/2003 9:00,23.15
,6/22/2003 9:30,24.1
,6/22/2003 10:00,24.25
,6/22/2003 10:30,24.5
,6/22/2003 11:00,24.55
,6/22/2003 11:30,24.65
,6/22/2003 12:00,24.7
,6/22/2003 12:30,24.8
,6/22/2003 13:00,24.25
,6/22/2003 13:30,24.4
,6/22/2003 14:00,24.5
,6/22/2003 14:30,24.65
,6/22/2003 15:00,24.9
,6/22/2003 15:30,24.9
,6/22/2003 16:00,24.8
,6/22/2003 16:30,24.55
,6/22/2003 17:00,24.65
,6/22/2003 17:30,24.8
,6/22/2003 18:00,24.9
,6/22/2003 18:30,24.8
,6/22/2003 19:00,24.65
,6/22/2003 19:30,24.7
,6/22/2003 20:00,24.7
,6/22/2003 20:30,24.8
,6/22/2003 21:00,24.9
,6/22/2003 21:30,24.95
,6/22/2003 22:00,24.55
,6/22/2003 22:30,24.7
,6/22/2003 23:00,24.75
,6/22/2003 23:30,24.85
,6/23/2003 0:00,24.9
,6/23/2003 0:30,25
,6/23/2003 1:00,24.5
,6/23/2003 1:30,24
,6/23/2003 2:00,24.05
,6/23/2003 2:30,24.15
,6/23/2003 3:00,24.2
,6/23/2003 3:30,24.3
,6/23/2003 4:00,24.4
,6/23/2003 4:30,24.5
,6/23/2003 5:00,24.6
,6/23/2003 5:30,24.6
,6/23/2003 6:00,24.15
,6/23/2003 6:30,23.8
,6/23/2003 7:00,23.85
,6/23/2003 7:30,23.95
,6/23/2003 8:00,24.05
,6/23/2003 8:30,24.1
,6/23/2003 9:00,24.2
,6/23/2003 9:30,24.3
,6/23/2003 10:00,24.4
,6/23/2003 10:30,24.45
,6/23/2003 11:00,24.55
,6/23/2003 11:30,24.6
,6/23/2003 12:00,24.7
,6/23/2003 12:30,24.75
,6/23/2003 13:00,24.85
,6/23/2003 13:30,24.95
,6/23/2003 14:00,25
,6/23/2003 14:30,25.1
,6/23/2003 15:00,25.2
,6/23/2003 15:30,25.3
,6/23/2003 16:00,25.4
,6/23/2003 16:30,25.45
,6/23/2003 17:00,25.55
,6/23/2003 17:30,25.6
,6/23/2003 18:00,25.7
,6/23/2003 18:30,24.7
,6/23/2003 19:00,16.8
,6/23/2003 19:30,12.75
,6/23/2003 20:00,22.95
,6/23/2003 20:30,19.6
,6/23/2003 21:00,15.2
,6/23/2003 21:30,16.6
,6/23/2003 22:00,15.75
,6/23/2003 22:30,16.3
,6/23/2003 23:00,15.3
,6/23/2003 23:30,15.75
,6/24/2003 0:00,14.55
,6/24/2003 0:30,14.9
,6/24/2003 1:00,14.5
,6/24/2003 1:30,14.3
,6/24/2003 2:00,14.3
,6/24/2003 2:30,13.75
,6/24/2003 3:00,12.7
,6/24/2003 3:30,11.95
,6/24/2003 4:00,2.2
,6/24/2003 4:30,-4.7
,6/24/2003 5:00,-8.45
,6/24/2003 5:30,-6.95
,6/24/2003 6:00,-10.5
,6/24/2003 6:30,-10
,6/24/2003 7:00,-9.3
,6/24/2003 7:30,-10.95
,6/24/2003 8:00,-9.15
,6/24/2003 8:30,-4.6
,6/24/2003 9:00,-4.15
,6/24/2003 9:30,-3.95
,6/24/2003 10:00,-6.3
,6/24/2003 10:30,-6.05
,6/24/2003 11:00,-5.75
,6/24/2003 11:30,-4.95
,6/24/2003 12:00,0.15
,6/24/2003 12:30,-5.55
,6/24/2003 13:00,-6.35
,6/24/2003 13:30,-6.75
,6/24/2003 14:00,-6.45
,6/24/2003 14:30,-7.1
,6/24/2003 15:00,-6.65
,6/24/2003 15:30,-6.8
,6/24/2003 16:00,-9.4
,6/24/2003 16:30,-7.95
,6/24/2003 17:00,-6.5
,6/24/2003 17:30,-6.55
,6/24/2003 18:00,-7.95
,6/24/2003 18:30,-6.1
,6/24/2003 19:00,-5.6
,6/24/2003 19:30,-6.55
,6/24/2003 20:00,-6.7
,6/24/2003 20:30,-5.05
,6/24/2003 21:00,-5.05
,6/24/2003 21:30,-9
,6/24/2003 22:00,-8.45
,6/24/2003 22:30,-13.75
,6/24/2003 23:00,-11.55
,6/24/2003 23:30,-12.6
,6/25/2003 0:00,-12.5
,6/25/2003 0:30,-12.45
,6/25/2003 1:00,-7.15
,6/25/2003 1:30,-0.25
,6/25/2003 2:00,-0.45
,6/25/2003 2:30,-1.5
,6/25/2003 3:00,1.75
,6/25/2003 3:30,-0.55
,6/25/2003 4:00,-0.2
,6/25/2003 4:30,-0.6
,6/25/2003 5:00,-0.25
,6/25/2003 5:30,-1.95
,6/25/2003 6:00,-1.25
,6/25/2003 6:30,-1.2
,6/25/2003 7:00,-2.8
,6/25/2003 7:30,-3.1
,6/25/2003 8:00,-1.4
,6/25/2003 8:30,-3.15
,6/25/2003 9:00,-3.55
,6/25/2003 9:30,-1.4
,6/25/2003 10:00,-1.6
,6/25/2003 10:30,-0.3
,6/25/2003 11:00,-0.6
,6/25/2003 11:30,-4.6
,6/25/2003 12:00,-5.1
,6/25/2003 12:30,-3.85
,6/25/2003 13:00,-3.2
,6/25/2003 13:30,-4.75
,6/25/2003 14:00,-2.25
,6/25/2003 14:30,-2.8
,6/25/2003 15:00,-3.4
,6/25/2003 15:30,-4.35
,6/25/2003 16:00,-2.1
,6/25/2003 16:30,-3
,6/25/2003 17:00,-0.45
,6/25/2003 17:30,-8.2
,6/25/2003 18:00,-6.3
,6/25/2003 18:30,-12
,6/25/2003 19:00,-12.6
,6/25/2003 19:30,-11.55
,6/25/2003 20:00,-11.35
,6/25/2003 20:30,-10.65
,6/25/2003 21:00,-10.45
,6/25/2003 21:30,-10.55
,6/25/2003 22:00,-10.9
,6/25/2003 22:30,-11.75
,6/25/2003 23:00,-11.55
,6/25/2003 23:30,-12.65
,6/26/2003 0:00,-12.7
,6/26/2003 0:30,-12.6
,6/26/2003 1:00,-12.9
,6/26/2003 1:30,-11.8
,6/26/2003 2:00,-11.7
,6/26/2003 2:30,-12.2
,6/26/2003 3:00,-11.9
,6/26/2003 3:30,-11.3
,6/26/2003 4:00,-12.35
,6/26/2003 4:30,-12.15
,6/26/2003 5:00,-11.95
,6/26/2003 5:30,-12.55
,6/26/2003 6:00,-11.8
,6/26/2003 6:30,-12.65
,6/26/2003 7:00,-12.2
,6/26/2003 7:30,-12.45
,6/26/2003 8:00,-12.2
,6/26/2003 8:30,-13.1
,6/26/2003 9:00,-13.15
,6/26/2003 9:30,-12.65
,6/26/2003 10:00,-13.55
,6/26/2003 10:30,-13.15
,6/26/2003 11:00,-13.45
,6/26/2003 11:30,-13.9
,6/26/2003 12:00,-14.1
,6/26/2003 12:30,-12.55
,6/26/2003 13:00,-11.6
,6/26/2003 13:30,-11.25
,6/26/2003 14:00,-8
,6/26/2003 14:30,-3.4
,6/26/2003 15:00,-3.5
,6/26/2003 15:30,-2.75
,6/26/2003 16:00,-2.05
,6/26/2003 16:30,-2
,6/26/2003 17:00,-2
,6/26/2003 17:30,-6.3
,6/26/2003 18:00,-5.3
,6/26/2003 18:30,-4.45
,6/26/2003 19:00,-7.8
,6/26/2003 19:30,-8.55
,6/26/2003 20:00,-6.15
,6/26/2003 20:30,-4.55
,6/26/2003 21:00,-5.45
,6/26/2003 21:30,-6.05
,6/26/2003 22:00,-8.1
,6/26/2003 22:30,-6.1
,6/26/2003 23:00,-4.95
,6/26/2003 23:30,-7.8
,6/27/2003 0:00,-6
,6/27/2003 0:30,-6.35
,6/27/2003 1:00,-6.8
,6/27/2003 1:30,-5.6
,6/27/2003 2:00,-5.5
,6/27/2003 2:30,-6.15
,6/27/2003 3:00,-5.6
,6/27/2003 3:30,-6.15
,6/27/2003 4:00,-5.8
,6/27/2003 4:30,-7.05
,6/27/2003 5:00,-9.05
,6/27/2003 5:30,-6.4
,6/27/2003 6:00,-6.75
,6/27/2003 6:30,-6.6
,6/27/2003 7:00,-6
,6/27/2003 7:30,-9.15
,6/27/2003 8:00,-12
,6/27/2003 8:30,-8.3
,6/27/2003 9:00,-7.35
,6/27/2003 9:30,-7.35
,6/27/2003 10:00,-7.35
,6/27/2003 10:30,-8
,6/27/2003 11:00,-8.25
,6/27/2003 11:30,-8.95
,6/27/2003 12:00,-8.25
,6/27/2003 12:30,-7.05
,6/27/2003 13:00,-6.6
,6/27/2003 13:30,-6
,6/27/2003 14:00,-8.15
,6/27/2003 14:30,-9.85
,6/27/2003 15:00,-9.8
,6/27/2003 15:30,-9.65
,6/27/2003 16:00,-10.05
,6/27/2003 16:30,-9.85
,6/27/2003 17:00,-8.7
,6/27/2003 17:30,-9.7
,6/27/2003 18:00,-9.3
,6/27/2003 18:30,-9
,6/27/2003 19:00,-8.75
,6/27/2003 19:30,-8.95
,6/27/2003 20:00,-8.8
,6/27/2003 20:30,-3.6
,6/27/2003 21:00,-1.6
,6/27/2003 21:30,8.05
,6/27/2003 22:00,3.1
,6/27/2003 22:30,18.8
,6/27/2003 23:00,20.75
,6/27/2003 23:30,21.2
,6/28/2003 0:00,21.7
,6/28/2003 0:30,21.95
,6/28/2003 1:00,22.15
,6/28/2003 1:30,22.35
,6/28/2003 2:00,22.7
,6/28/2003 2:30,22.85
,6/28/2003 3:00,22.95
,6/28/2003 3:30,23.05
,6/28/2003 4:00,23.2
,6/28/2003 4:30,23.35
,6/28/2003 5:00,23.5
,6/28/2003 5:30,23.65
,6/28/2003 6:00,23.7
,6/28/2003 6:30,23
,6/28/2003 7:00,22.15
,6/28/2003 7:30,22.15
,6/28/2003 8:00,22.25
,6/28/2003 8:30,22.45
,6/28/2003 9:00,22.55
,6/28/2003 9:30,22.7
,6/28/2003 10:00,22.85
,6/28/2003 10:30,22.95
,6/28/2003 11:00,23.05
,6/28/2003 11:30,23.15
,6/28/2003 12:00,23.25
,6/28/2003 12:30,23.3
,6/28/2003 13:00,23.45
,6/28/2003 13:30,23.55
,6/28/2003 14:00,23.6
,6/28/2003 14:30,23.7
,6/28/2003 15:00,23.8
,6/28/2003 15:30,23.9
,6/28/2003 16:00,23.95
,6/28/2003 16:30,24.25
,6/28/2003 17:00,24.4
,6/28/2003 17:30,24.5
,6/28/2003 18:00,24.5
,6/28/2003 18:30,22.85
,6/28/2003 19:00,22.7
,6/28/2003 19:30,22.85
,6/28/2003 20:00,22.6
,6/28/2003 20:30,22.7
,6/28/2003 21:00,22.85
,6/28/2003 21:30,22.95
,6/28/2003 22:00,23.1
,6/28/2003 22:30,23.25
,6/28/2003 23:00,23.35
,6/28/2003 23:30,23.45
,6/29/2003 0:00,23.55
,6/29/2003 0:30,23.65
,6/29/2003 1:00,23.75
,6/29/2003 1:30,23.85
,6/29/2003 2:00,23.9
,6/29/2003 2:30,24
,6/29/2003 3:00,24.1
,6/29/2003 3:30,24.15
,6/29/2003 4:00,24.2
,6/29/2003 4:30,24.3
,6/29/2003 5:00,24.3
,6/29/2003 5:30,24.4
,6/29/2003 6:00,24.4
,6/29/2003 6:30,23.65
,6/29/2003 7:00,22.85
,6/29/2003 7:30,22.95
,6/29/2003 8:00,22.55
,6/29/2003 8:30,22.7
,6/29/2003 9:00,22.65
,6/29/2003 9:30,22.6
,6/29/2003 10:00,22.75
,6/29/2003 10:30,22.55
,6/29/2003 11:00,22.65
,6/29/2003 11:30,22.55
,6/29/2003 12:00,22.7
,6/29/2003 12:30,22.85
,6/29/2003 13:00,22.75
,6/29/2003 13:30,22.65
,6/29/2003 14:00,22.8
,6/29/2003 14:30,22.95
,6/29/2003 15:00,23.15
,6/29/2003 15:30,23.25
,6/29/2003 16:00,22.75
,6/29/2003 16:30,22.65
,6/29/2003 17:00,22.85
,6/29/2003 17:30,23.05
,6/29/2003 18:00,23.25
,6/29/2003 18:30,23.45
,6/29/2003 19:00,23.1
,6/29/2003 19:30,22.85
,6/29/2003 20:00,22.95
,6/29/2003 20:30,23.05
,6/29/2003 21:00,23.2
,6/29/2003 21:30,23.35
,6/29/2003 22:00,23.55
,6/29/2003 22:30,23.7
,6/29/2003 23:00,23.85
,6/29/2003 23:30,24
,6/30/2003 0:00,24.15
,6/30/2003 0:30,24.25
,6/30/2003 1:00,24.4
,6/30/2003 1:30,24.5
,6/30/2003 2:00,24.65
,6/30/2003 2:30,24.7
,6/30/2003 3:00,24.8
,6/30/2003 3:30,24.9
,6/30/2003 4:00,25
,6/30/2003 4:30,25.1
,6/30/2003 5:00,24.2
,6/30/2003 5:30,23.35
,6/30/2003 6:00,23.15
,6/30/2003 6:30,22.85
,6/30/2003 7:00,22.65
,6/30/2003 7:30,22.85
,6/30/2003 8:00,22.95
,6/30/2003 8:30,23.15
,6/30/2003 9:00,23.3
,6/30/2003 9:30,23.45
,6/30/2003 10:00,23.6
,6/30/2003 10:30,23.75
,6/30/2003 11:00,23.9
,6/30/2003 11:30,24.05
,6/30/2003 12:00,24.15
,6/30/2003 12:30,24.3
,6/30/2003 13:00,24.45
,6/30/2003 13:30,24.55
,6/30/2003 14:00,24.7
,6/30/2003 14:30,24.8
,6/30/2003 15:00,24.95
,6/30/2003 15:30,25.05
,6/30/2003 16:00,25.15
,6/30/2003 16:30,25.3
,6/30/2003 17:00,25.45
,6/30/2003 17:30,25.55
,6/30/2003 18:00,24.9
,6/30/2003 18:30,23.8
,6/30/2003 19:00,23.95
,6/30/2003 19:30,24.1
,6/30/2003 20:00,24.25
,6/30/2003 20:30,24.2
,6/30/2003 21:00,24.15
,6/30/2003 21:30,24.05
,6/30/2003 22:00,24
,6/30/2003 22:30,24.15
,6/30/2003 23:00,24.25
,6/30/2003 23:30,24.4
,7/1/2003 0:00,24.25
,7/1/2003 0:30,24.1
,7/1/2003 1:00,24.2
,7/1/2003 1:30,24.35
,7/1/2003 2:00,24.45
,7/1/2003 2:30,24.55
,7/1/2003 3:00,24.7
,7/1/2003 3:30,24.8
,7/1/2003 4:00,24.9
,7/1/2003 4:30,25
,7/1/2003 5:00,25.1
,7/1/2003 5:30,25.25
,7/1/2003 6:00,24.85
,7/1/2003 6:30,23.85
,7/1/2003 7:00,23.6
,7/1/2003 7:30,23.65
,7/1/2003 8:00,23.7
,7/1/2003 8:30,23.85
,7/1/2003 9:00,23.95
,7/1/2003 9:30,24.1
,7/1/2003 10:00,24.25
,7/1/2003 10:30,24.35
,7/1/2003 11:00,24.5
,7/1/2003 11:30,24.6
,7/1/2003 12:00,24.7
,7/1/2003 12:30,24.8
,7/1/2003 13:00,24.9
,7/1/2003 13:30,25
,7/1/2003 14:00,25.1
,7/1/2003 14:30,25.2
,7/1/2003 15:00,25.3
,7/1/2003 15:30,25.4
,7/1/2003 16:00,25.5
,7/1/2003 16:30,25.55
,7/1/2003 17:00,25.6
,7/1/2003 17:30,25.7
,7/1/2003 18:00,25.8
,7/1/2003 18:30,24
,7/1/2003 19:00,24.1
,7/1/2003 19:30,24.2
,7/1/2003 20:00,24.3
,7/1/2003 20:30,24.4
,7/1/2003 21:00,24.45
,7/1/2003 21:30,24.4
,7/1/2003 22:00,24.35
,7/1/2003 22:30,24.4
,7/1/2003 23:00,24.5
,7/1/2003 23:30,24.6
,7/2/2003 0:00,24.65
,7/2/2003 0:30,24.7
,7/2/2003 1:00,24.75
,7/2/2003 1:30,24.8
,7/2/2003 2:00,24.85
,7/2/2003 2:30,24.9
,7/2/2003 3:00,24.95
,7/2/2003 3:30,25
,7/2/2003 4:00,25
,7/2/2003 4:30,25.1
,7/2/2003 5:00,25.1
,7/2/2003 5:30,25.1
,7/2/2003 6:00,25.1
,7/2/2003 6:30,25.15
,7/2/2003 7:00,25.2
,7/2/2003 7:30,25.2
,7/2/2003 8:00,24.7
,7/2/2003 8:30,24.2
,7/2/2003 9:00,23.8
,7/2/2003 9:30,23.85
,7/2/2003 10:00,23.9
,7/2/2003 10:30,23.95
,7/2/2003 11:00,24.05
,7/2/2003 11:30,24.1
,7/2/2003 12:00,23.75
,7/2/2003 12:30,23.85
,7/2/2003 13:00,23.95
,7/2/2003 13:30,24.05
,7/2/2003 14:00,24.1
,7/2/2003 14:30,24.2
,7/2/2003 15:00,24
,7/2/2003 15:30,23.8
,7/2/2003 16:00,23.9
,7/2/2003 16:30,24
,7/2/2003 17:00,24.1
,7/2/2003 17:30,24.2
,7/2/2003 18:00,24.3
,7/2/2003 18:30,24.4
,7/2/2003 19:00,24.15
,7/2/2003 19:30,23.8
,7/2/2003 20:00,23.85
,7/2/2003 20:30,23.8
,7/2/2003 21:00,23.65
,7/2/2003 21:30,23.6
,7/2/2003 22:00,23.7
,7/2/2003 22:30,23.8
,7/2/2003 23:00,23.65
,7/2/2003 23:30,23.75
,7/3/2003 0:00,23.85
,7/3/2003 0:30,23.95
,7/3/2003 1:00,24
,7/3/2003 1:30,24.1
,7/3/2003 2:00,24.2
,7/3/2003 2:30,24.25
,7/3/2003 3:00,24.3
,7/3/2003 3:30,24.4
,7/3/2003 4:00,24.45
,7/3/2003 4:30,24.5
,7/3/2003 5:00,24.55
,7/3/2003 5:30,24.6
,7/3/2003 6:00,24.65
,7/3/2003 6:30,23.95
,7/3/2003 7:00,23.45
,7/3/2003 7:30,23.55
,7/3/2003 8:00,23.6
,7/3/2003 8:30,23.65
,7/3/2003 9:00,23.7
,7/3/2003 9:30,23.8
,7/3/2003 10:00,23.9
,7/3/2003 10:30,23.95
,7/3/2003 11:00,24
,7/3/2003 11:30,24.1
,7/3/2003 12:00,24.15
,7/3/2003 12:30,24.2
,7/3/2003 13:00,24.3
,7/3/2003 13:30,24.35
,7/3/2003 14:00,24.4
,7/3/2003 14:30,24.45
,7/3/2003 15:00,24.5
,7/3/2003 15:30,24.6
,7/3/2003 16:00,24.65
,7/3/2003 16:30,24.7
,7/3/2003 17:00,24.8
,7/3/2003 17:30,24.8
,7/3/2003 18:00,24.9
,7/3/2003 18:30,24.95
,7/3/2003 19:00,25
,7/3/2003 19:30,25.05
,7/3/2003 20:00,24.5
,7/3/2003 20:30,23.65
,7/3/2003 21:00,23.75
,7/3/2003 21:30,23.85
,7/3/2003 22:00,23.7
,7/3/2003 22:30,23.5
,7/3/2003 23:00,23.4
,7/3/2003 23:30,23.55
,7/4/2003 0:00,23.65
,7/4/2003 0:30,23.75
,7/4/2003 1:00,23.85
,7/4/2003 1:30,23.95
,7/4/2003 2:00,24.05
,7/4/2003 2:30,24.1
,7/4/2003 3:00,24.2
,7/4/2003 3:30,24.3
,7/4/2003 4:00,24.35
,7/4/2003 4:30,24.4
,7/4/2003 5:00,24.45
,7/4/2003 5:30,24.5
,7/4/2003 6:00,24.1
,7/4/2003 6:30,23.5
,7/4/2003 7:00,23.45
,7/4/2003 7:30,23.45
,7/4/2003 8:00,23.25
,7/4/2003 8:30,23.3
,7/4/2003 9:00,23.4
,7/4/2003 9:30,23.5
,7/4/2003 10:00,23.6
,7/4/2003 10:30,23.7
,7/4/2003 11:00,23.8
,7/4/2003 11:30,23.85
,7/4/2003 12:00,23.95
,7/4/2003 12:30,24.05
,7/4/2003 13:00,24.15
,7/4/2003 13:30,24.25
,7/4/2003 14:00,24.3
,7/4/2003 14:30,24.4
,7/4/2003 15:00,24.5
,7/4/2003 15:30,24.6
,7/4/2003 16:00,24.7
,7/4/2003 16:30,24.8
,7/4/2003 17:00,24.9
,7/4/2003 17:30,25
,7/4/2003 18:00,25.1
,7/4/2003 18:30,23.35
,7/4/2003 19:00,23.35
,7/4/2003 19:30,23.25
,7/4/2003 20:00,23.45
,7/4/2003 20:30,23.4
,7/4/2003 21:00,23.45
,7/4/2003 21:30,23.55
,7/4/2003 22:00,23.75
,7/4/2003 22:30,23.85
,7/4/2003 23:00,24
,7/4/2003 23:30,24.15
,7/5/2003 0:00,24.25
,7/5/2003 0:30,24
,7/5/2003 1:00,23.65
,7/5/2003 1:30,23.8
,7/5/2003 2:00,23.95
,7/5/2003 2:30,24.05
,7/5/2003 3:00,24.2
,7/5/2003 3:30,24.35
,7/5/2003 4:00,24.45
,7/5/2003 4:30,24.55
,7/5/2003 5:00,24.7
,7/5/2003 5:30,24.75
,7/5/2003 6:00,24.85
,7/5/2003 6:30,24.2
,7/5/2003 7:00,23.5
,7/5/2003 7:30,23.35
,7/5/2003 8:00,23.4
,7/5/2003 8:30,23.45
,7/5/2003 9:00,23.6
,7/5/2003 9:30,23.75
,7/5/2003 10:00,23.9
,7/5/2003 10:30,24.05
,7/5/2003 11:00,24.2
,7/5/2003 11:30,24.35
,7/5/2003 12:00,24.5
,7/5/2003 12:30,24.65
,7/5/2003 13:00,24.8
,7/5/2003 13:30,24.95
,7/5/2003 14:00,25.1
,7/5/2003 14:30,25.25
,7/5/2003 15:00,25.45
,7/5/2003 15:30,25.6
,7/5/2003 16:00,25.75
,7/5/2003 16:30,25.95
,7/5/2003 17:00,26.05
,7/5/2003 17:30,26.25
,7/5/2003 18:00,26.35
,7/5/2003 18:30,26.45
,7/5/2003 19:00,24.45
,7/5/2003 19:30,24.55
,7/5/2003 20:00,24.7
,7/5/2003 20:30,24.8
,7/5/2003 21:00,24.9
,7/5/2003 21:30,25.05
,7/5/2003 22:00,24.55
,7/5/2003 22:30,24.1
,7/5/2003 23:00,24.2
,7/5/2003 23:30,24.3
,7/6/2003 0:00,24.4
,7/6/2003 0:30,24.5
,7/6/2003 1:00,24.6
,7/6/2003 1:30,24.7
,7/6/2003 2:00,24.75
,7/6/2003 2:30,23.6
,7/6/2003 3:00,23.75
,7/6/2003 3:30,23.85
,7/6/2003 4:00,23.95
,7/6/2003 4:30,24
,7/6/2003 5:00,24.1
,7/6/2003 5:30,24.2
,7/6/2003 6:00,24.25
,7/6/2003 6:30,23.55
,7/6/2003 7:00,23.6
,7/6/2003 7:30,23.7
,7/6/2003 8:00,23.8
,7/6/2003 8:30,23.6
,7/6/2003 9:00,23.45
,7/6/2003 9:30,23.5
,7/6/2003 10:00,23.65
,7/6/2003 10:30,23.8
,7/6/2003 11:00,23.85
,7/6/2003 11:30,23.55
,7/6/2003 12:00,23.65
,7/6/2003 12:30,23.7
,7/6/2003 13:00,23.7
,7/6/2003 13:30,23.8
,7/6/2003 14:00,23.85
,7/6/2003 14:30,23.9
,7/6/2003 15:00,24
,7/6/2003 15:30,24.1
,7/6/2003 16:00,24.15
,7/6/2003 16:30,24.2
,7/6/2003 17:00,23.8
,7/6/2003 17:30,23.9
,7/6/2003 18:00,23.9
,7/6/2003 18:30,23.95
,7/6/2003 19:00,23.9
,7/6/2003 19:30,23.9
,7/6/2003 20:00,24
,7/6/2003 20:30,23.9
,7/6/2003 21:00,23.9
,7/6/2003 21:30,24
,7/6/2003 22:00,24.1
,7/6/2003 22:30,24.2
,7/6/2003 23:00,24.25
,7/6/2003 23:30,24.35
,7/7/2003 0:00,24.45
,7/7/2003 0:30,24.5
,7/7/2003 1:00,24.55
,7/7/2003 1:30,24.65
,7/7/2003 2:00,24.7
,7/7/2003 2:30,24.75
,7/7/2003 3:00,24.8
,7/7/2003 3:30,24.9
,7/7/2003 4:00,24.9
,7/7/2003 4:30,25
,7/7/2003 5:00,25
,7/7/2003 5:30,25.05
,7/7/2003 6:00,25.1
,7/7/2003 6:30,24.4
,7/7/2003 7:00,23.7
,7/7/2003 7:30,23.7
,7/7/2003 8:00,23.65
,7/7/2003 8:30,23.7
,7/7/2003 9:00,23.8
,7/7/2003 9:30,23.9
,7/7/2003 10:00,23.95
,7/7/2003 10:30,24.05
,7/7/2003 11:00,24.1
,7/7/2003 11:30,24.2
,7/7/2003 12:00,24.25
,7/7/2003 12:30,24.3
,7/7/2003 13:00,24.35
,7/7/2003 13:30,24.4
,7/7/2003 14:00,24.45
,7/7/2003 14:30,24.5
,7/7/2003 15:00,24.55
,7/7/2003 15:30,24.6
,7/7/2003 16:00,24.65
,7/7/2003 16:30,24.7
,7/7/2003 17:00,24.7
,7/7/2003 17:30,24.7
,7/7/2003 18:00,24.8
,7/7/2003 18:30,23.4
,7/7/2003 19:00,23.35
,7/7/2003 19:30,23.5
,7/7/2003 20:00,23.55
,7/7/2003 20:30,23.45
,7/7/2003 21:00,23.35
,7/7/2003 21:30,23.3
,7/7/2003 22:00,23.4
,7/7/2003 22:30,23.55
,7/7/2003 23:00,23.6
,7/7/2003 23:30,23.7
,7/8/2003 0:00,23.8
,7/8/2003 0:30,23.9
,7/8/2003 1:00,23.9
,7/8/2003 1:30,24
,7/8/2003 2:00,24
,7/8/2003 2:30,24.1
,7/8/2003 3:00,24.2
,7/8/2003 3:30,24.25
,7/8/2003 4:00,24.3
,7/8/2003 4:30,24.35
,7/8/2003 5:00,24.4
,7/8/2003 5:30,23.7
,7/8/2003 6:00,23.05
,7/8/2003 6:30,23.1
,7/8/2003 7:00,23.2
,7/8/2003 7:30,22.95
,7/8/2003 8:00,22.9
,7/8/2003 8:30,23
,7/8/2003 9:00,23.1
,7/8/2003 9:30,23.2
,7/8/2003 10:00,23.3
,7/8/2003 10:30,22.95
,7/8/2003 11:00,22.7
,7/8/2003 11:30,22.7
,7/8/2003 12:00,19.3
,7/8/2003 12:30,22.95
,7/8/2003 13:00,23.05
,7/8/2003 13:30,23.1
,7/8/2003 14:00,23.25
,7/8/2003 14:30,23.35
,7/8/2003 15:00,23.4
,7/8/2003 15:30,23.5
,7/8/2003 16:00,23.55
,7/8/2003 16:30,23.65
,7/8/2003 17:00,23.7
,7/8/2003 17:30,23.75
,7/8/2003 18:00,23.8
,7/8/2003 18:30,23.9
,7/8/2003 19:00,23.25
,7/8/2003 19:30,22.7
,7/8/2003 20:00,22.8
,7/8/2003 20:30,22.9
,7/8/2003 21:00,22.45
,7/8/2003 21:30,22.45
,7/8/2003 22:00,22.55
,7/8/2003 22:30,22.65
,7/8/2003 23:00,22.7
,7/8/2003 23:30,22.75
,7/9/2003 0:00,22.9
,7/9/2003 0:30,23
,7/9/2003 1:00,23.1
,7/9/2003 1:30,23.15
,7/9/2003 2:00,23.25
,7/9/2003 2:30,23.3
,7/9/2003 3:00,23.4
,7/9/2003 3:30,23.45
,7/9/2003 4:00,23.5
,7/9/2003 4:30,23.55
,7/9/2003 5:00,23.6
,7/9/2003 5:30,23.65
,7/9/2003 6:00,23.7
,7/9/2003 6:30,23.7
,7/9/2003 7:00,23.8
,7/9/2003 7:30,23.8
,7/9/2003 8:00,23.1
,7/9/2003 8:30,22.5
,7/9/2003 9:00,22.4
,7/9/2003 9:30,22.25
,7/9/2003 10:00,22.35
,7/9/2003 10:30,22.15
,7/9/2003 11:00,22.1
,7/9/2003 11:30,22.2
,7/9/2003 12:00,22.3
,7/9/2003 12:30,22.4
,7/9/2003 13:00,22.5
,7/9/2003 13:30,22.6
,7/9/2003 14:00,22.7
,7/9/2003 14:30,22.8
,7/9/2003 15:00,22.9
,7/9/2003 15:30,23
,7/9/2003 16:00,23.1
,7/9/2003 16:30,23.15
,7/9/2003 17:00,23.25
,7/9/2003 17:30,22.4
,7/9/2003 18:00,22.5
,7/9/2003 18:30,22.6
,7/9/2003 19:00,22.7
,7/9/2003 19:30,22.8
,7/9/2003 20:00,22.9
,7/9/2003 20:30,23
,7/9/2003 21:00,23.05
,7/9/2003 21:30,23.1
,7/9/2003 22:00,23.2
,7/9/2003 22:30,22.8
,7/9/2003 23:00,22.4
,7/9/2003 23:30,22.5
,7/10/2003 0:00,22.6
,7/10/2003 0:30,22.7
,7/10/2003 1:00,22.75
,7/10/2003 1:30,22.85
,7/10/2003 2:00,22.9
,7/10/2003 2:30,23
,7/10/2003 3:00,23
,7/10/2003 3:30,23.1
,7/10/2003 4:00,23.2
,7/10/2003 4:30,23.2
,7/10/2003 5:00,23.3
,7/10/2003 5:30,23.3
,7/10/2003 6:00,22.15
,7/10/2003 6:30,22.2
,7/10/2003 7:00,22.25
,7/10/2003 7:30,22.15
,7/10/2003 8:00,21.9
,7/10/2003 8:30,22
,7/10/2003 9:00,22.1
,7/10/2003 9:30,22.2
,7/10/2003 10:00,22.3
,7/10/2003 10:30,22.4
,7/10/2003 11:00,22.45
,7/10/2003 11:30,22.5
,7/10/2003 12:00,22.6
,7/10/2003 12:30,22.65
,7/10/2003 13:00,22.75
,7/10/2003 13:30,22.8
,7/10/2003 14:00,22.9
,7/10/2003 14:30,22.9
,7/10/2003 15:00,23
,7/10/2003 15:30,23.05
,7/10/2003 16:00,23.1
,7/10/2003 16:30,23.1
,7/10/2003 17:00,23.2
,7/10/2003 17:30,23.2
,7/10/2003 18:00,23.25
,7/10/2003 18:30,22.6
,7/10/2003 19:00,21.8
,7/10/2003 19:30,21.3
,7/10/2003 20:00,20.7
,7/10/2003 20:30,21.7
,7/10/2003 21:00,21.55
,7/10/2003 21:30,21.45
,7/10/2003 22:00,21.5
,7/10/2003 22:30,21.3
,7/10/2003 23:00,21.45
,7/10/2003 23:30,21.6
,7/11/2003 0:00,21.95
,7/11/2003 0:30,22.05
,7/11/2003 1:00,22.2
,7/11/2003 1:30,22.3
,7/11/2003 2:00,22.4
,7/11/2003 2:30,22.55
,7/11/2003 3:00,21.95
,7/11/2003 3:30,22.05
,7/11/2003 4:00,22.2
,7/11/2003 4:30,22.3
,7/11/2003 5:00,22.4
,7/11/2003 5:30,22.5
,7/11/2003 6:00,22.6
,7/11/2003 6:30,22.7
,7/11/2003 7:00,21.95
,7/11/2003 7:30,22.05
,7/11/2003 8:00,22.15
,7/11/2003 8:30,22.3
,7/11/2003 9:00,22.4
,7/11/2003 9:30,22.5
,7/11/2003 10:00,22.6
,7/11/2003 10:30,22.7
,7/11/2003 11:00,22.85
,7/11/2003 11:30,22.95
,7/11/2003 12:00,23.05
,7/11/2003 12:30,23.2
,7/11/2003 13:00,23.3
,7/11/2003 13:30,23.4
,7/11/2003 14:00,22.85
,7/11/2003 14:30,22.35
,7/11/2003 15:00,22.55
,7/11/2003 15:30,22.7
,7/11/2003 16:00,22.85
,7/11/2003 16:30,23.05
,7/11/2003 17:00,23.25
,7/11/2003 17:30,23.35
,7/11/2003 18:00,23.55
,7/11/2003 18:30,23.65
,7/11/2003 19:00,23.8
,7/11/2003 19:30,23.95
,7/11/2003 20:00,24.1
,7/11/2003 20:30,24.25
,7/11/2003 21:00,23
,7/11/2003 21:30,21.85
,7/11/2003 22:00,22.05
,7/11/2003 22:30,22.25
,7/11/2003 23:00,22.45
,7/11/2003 23:30,22.65
,7/12/2003 0:00,22.85
,7/12/2003 0:30,22.4
,7/12/2003 1:00,22.5
,7/12/2003 1:30,22.45
,7/12/2003 2:00,22.7
,7/12/2003 2:30,23.1
,7/12/2003 3:00,23.35
,7/12/2003 3:30,23.45
,7/12/2003 4:00,23.65
,7/12/2003 4:30,23.8
,7/12/2003 5:00,23.95
,7/12/2003 5:30,24.05
,7/12/2003 6:00,24.15
,7/12/2003 6:30,23.45
,7/12/2003 7:00,22.75
,7/12/2003 7:30,22.9
,7/12/2003 8:00,23.05
,7/12/2003 8:30,22.55
,7/12/2003 9:00,22.75
,7/12/2003 9:30,22.1
,7/12/2003 10:00,22.25
,7/12/2003 10:30,22.45
,7/12/2003 11:00,22.65
,7/12/2003 11:30,22.85
,7/12/2003 12:00,22.35
,7/12/2003 12:30,22.5
,7/12/2003 13:00,22.65
,7/12/2003 13:30,22.85
,7/12/2003 14:00,23.05
,7/12/2003 14:30,22.8
,7/12/2003 15:00,22.55
,7/12/2003 15:30,22.85
,7/12/2003 16:00,23.05
,7/12/2003 16:30,23.25
,7/12/2003 17:00,23
,7/12/2003 17:30,22.75
,7/12/2003 18:00,22.85
,7/12/2003 18:30,23.1
,7/12/2003 19:00,23
,7/12/2003 19:30,22.75
,7/12/2003 20:00,22.95
,7/12/2003 20:30,23.1
,7/12/2003 21:00,23.25
,7/12/2003 21:30,23.45
,7/12/2003 22:00,23.55
,7/12/2003 22:30,23.7
,7/12/2003 23:00,23.25
,7/12/2003 23:30,23.4
,7/13/2003 0:00,23.35
,7/13/2003 0:30,23.35
,7/13/2003 1:00,23.45
,7/13/2003 1:30,23.6
,7/13/2003 2:00,23.7
,7/13/2003 2:30,23.8
,7/13/2003 3:00,23.95
,7/13/2003 3:30,24.05
,7/13/2003 4:00,24.1
,7/13/2003 4:30,24.2
,7/13/2003 5:00,24.3
,7/13/2003 5:30,23.75
,7/13/2003 6:00,23.15
,7/13/2003 6:30,23.25
,7/13/2003 7:00,23.35
,7/13/2003 7:30,23.55
,7/13/2003 8:00,23.65
,7/13/2003 8:30,23.75
,7/13/2003 9:00,22.95
,7/13/2003 9:30,23.1
,7/13/2003 10:00,23.25
,7/13/2003 10:30,23.4
,7/13/2003 11:00,23.5
,7/13/2003 11:30,23.15
,7/13/2003 12:00,23.25
,7/13/2003 12:30,23.4
,7/13/2003 13:00,23.5
,7/13/2003 13:30,23.1
,7/13/2003 14:00,23.2
,7/13/2003 14:30,23.25
,7/13/2003 15:00,23.35
,7/13/2003 15:30,23.45
,7/13/2003 16:00,23.25
,7/13/2003 16:30,23.35
,7/13/2003 17:00,23.4
,7/13/2003 17:30,23.35
,7/13/2003 18:00,23.25
,7/13/2003 18:30,23.35
,7/13/2003 19:00,23.4
,7/13/2003 19:30,23.5
,7/13/2003 20:00,23.6
,7/13/2003 20:30,23.7
,7/13/2003 21:00,23.75
,7/13/2003 21:30,23.8
,7/13/2003 22:00,23.8
,7/13/2003 22:30,23.65
,7/13/2003 23:00,23.65
,7/13/2003 23:30,23.7
,7/14/2003 0:00,23.8
,7/14/2003 0:30,23.85
,7/14/2003 1:00,23.95
,7/14/2003 1:30,24
,7/14/2003 2:00,24.05
,7/14/2003 2:30,24.1
,7/14/2003 3:00,24.15
,7/14/2003 3:30,23.6
,7/14/2003 4:00,23.05
,7/14/2003 4:30,23.15
,7/14/2003 5:00,23.2
,7/14/2003 5:30,23.3
,7/14/2003 6:00,23.4
,7/14/2003 6:30,23.4
,7/14/2003 7:00,23.5
,7/14/2003 7:30,23.55
,7/14/2003 8:00,23.6
,7/14/2003 8:30,23
,7/14/2003 9:00,22.9
,7/14/2003 9:30,22.95
,7/14/2003 10:00,23
,7/14/2003 10:30,23.1
,7/14/2003 11:00,23.15
,7/14/2003 11:30,23.2
,7/14/2003 12:00,23.3
,7/14/2003 12:30,23.35
,7/14/2003 13:00,23.4
,7/14/2003 13:30,23.45
,7/14/2003 14:00,22.95
,7/14/2003 14:30,22.45
,7/14/2003 15:00,22.55
,7/14/2003 15:30,22.6
,7/14/2003 16:00,22.7
,7/14/2003 16:30,22.8
,7/14/2003 17:00,22.85
,7/14/2003 17:30,22.95
,7/14/2003 18:00,23
,7/14/2003 18:30,22.95
,7/14/2003 19:00,22.9
,7/14/2003 19:30,23
,7/14/2003 20:00,22.8
,7/14/2003 20:30,22.85
,7/14/2003 21:00,22.75
,7/14/2003 21:30,22.7
,7/14/2003 22:00,22.75
,7/14/2003 22:30,22.8
,7/14/2003 23:00,22.9
,7/14/2003 23:30,22.55
,7/15/2003 0:00,22.3
,7/15/2003 0:30,22.35
,7/15/2003 1:00,22.45
,7/15/2003 1:30,22.5
,7/15/2003 2:00,22.55
,7/15/2003 2:30,22.65
,7/15/2003 3:00,22.7
,7/15/2003 3:30,22.8
,7/15/2003 4:00,22.8
,7/15/2003 4:30,22.9
,7/15/2003 5:00,22.95
,7/15/2003 5:30,23
,7/15/2003 6:00,23
,7/15/2003 6:30,22.6
,7/15/2003 7:00,22.15
,7/15/2003 7:30,22.3
,7/15/2003 8:00,22.4
,7/15/2003 8:30,22.5
,7/15/2003 9:00,22.5
,7/15/2003 9:30,22.6
,7/15/2003 10:00,22.65
,7/15/2003 10:30,22.7
,7/15/2003 11:00,22.8
,7/15/2003 11:30,22.8
,7/15/2003 12:00,22.9
,7/15/2003 12:30,22.95
,7/15/2003 13:00,23
,7/15/2003 13:30,23.1
,7/15/2003 14:00,23.15
,7/15/2003 14:30,23.25
,7/15/2003 15:00,23.3
,7/15/2003 15:30,23.4
,7/15/2003 16:00,23.45
,7/15/2003 16:30,23.5
,7/15/2003 17:00,23.6
,7/15/2003 17:30,23.65
,7/15/2003 18:00,23.7
,7/15/2003 18:30,23.8
,7/15/2003 19:00,23.85
,7/15/2003 19:30,23.9
,7/15/2003 20:00,24
,7/15/2003 20:30,24
,7/15/2003 21:00,24.1
,7/15/2003 21:30,24.15
,7/15/2003 22:00,24.2
,7/15/2003 22:30,22.2
,7/15/2003 23:00,22.35
,7/15/2003 23:30,22.5
,7/16/2003 0:00,22.65
,7/16/2003 0:30,22.75
,7/16/2003 1:00,22.85
,7/16/2003 1:30,22.95
,7/16/2003 2:00,23.1
,7/16/2003 2:30,23.2
,7/16/2003 3:00,23.3
,7/16/2003 3:30,23.35
,7/16/2003 4:00,23.45
,7/16/2003 4:30,23.5
,7/16/2003 5:00,23.6
,7/16/2003 5:30,23.65
,7/16/2003 6:00,23.7
,7/16/2003 6:30,23.8
,7/16/2003 7:00,23.85
,7/16/2003 7:30,22.95
,7/16/2003 8:00,22.1
,7/16/2003 8:30,21.85
,7/16/2003 9:00,21.8
,7/16/2003 9:30,21.85
,7/16/2003 10:00,22
,7/16/2003 10:30,22
,7/16/2003 11:00,22.15
,7/16/2003 11:30,22.35
,7/16/2003 12:00,22.5
,7/16/2003 12:30,22.35
,7/16/2003 13:00,22.15
,7/16/2003 13:30,22.3
,7/16/2003 14:00,22.45
,7/16/2003 14:30,22.55
,7/16/2003 15:00,22.7
,7/16/2003 15:30,22.8
,7/16/2003 16:00,22.95
,7/16/2003 16:30,23.05
,7/16/2003 17:00,23.15
,7/16/2003 17:30,23.25
,7/16/2003 18:00,23.35
,7/16/2003 18:30,22.2
,7/16/2003 19:00,22.1
,7/16/2003 19:30,22.1
,7/16/2003 20:00,22.2
,7/16/2003 20:30,22.2
,7/16/2003 21:00,22.2
,7/16/2003 21:30,22.05
,7/16/2003 22:00,22.15
,7/16/2003 22:30,22.15
,7/16/2003 23:00,22.35
,7/16/2003 23:30,22.45
,7/17/2003 0:00,22.55
,7/17/2003 0:30,22.7
,7/17/2003 1:00,22.8
,7/17/2003 1:30,22.9
,7/17/2003 2:00,23
,7/17/2003 2:30,23.1
,7/17/2003 3:00,23.15
,7/17/2003 3:30,23.25
,7/17/2003 4:00,23.3
,7/17/2003 4:30,23.4
,7/17/2003 5:00,23.45
,7/17/2003 5:30,23.5
,7/17/2003 6:00,23.55
,7/17/2003 6:30,22.95
,7/17/2003 7:00,22.15
,7/17/2003 7:30,22.15
,7/17/2003 8:00,22.2
,7/17/2003 8:30,22.3
,7/17/2003 9:00,22.45
,7/17/2003 9:30,22.55
,7/17/2003 10:00,22.65
,7/17/2003 10:30,22.75
,7/17/2003 11:00,22.9
,7/17/2003 11:30,23.05
,7/17/2003 12:00,23.15
,7/17/2003 12:30,23.25
,7/17/2003 13:00,23.4
,7/17/2003 13:30,23.5
,7/17/2003 14:00,23.65
,7/17/2003 14:30,23.75
,7/17/2003 15:00,23.85
,7/17/2003 15:30,23.95
,7/17/2003 16:00,24.05
,7/17/2003 16:30,24.2
,7/17/2003 17:00,24.3
,7/17/2003 17:30,24.4
,7/17/2003 18:00,24.5
,7/17/2003 18:30,22.65
,7/17/2003 19:00,22.45
,7/17/2003 19:30,22.55
,7/17/2003 20:00,22.65
,7/17/2003 20:30,22.7
,7/17/2003 21:00,22.85
,7/17/2003 21:30,22.55
,7/17/2003 22:00,22.65
,7/17/2003 22:30,22.8
,7/17/2003 23:00,22.9
,7/17/2003 23:30,23.05
,7/18/2003 0:00,23.15
,7/18/2003 0:30,23.25
,7/18/2003 1:00,23.35
,7/18/2003 1:30,23.45
,7/18/2003 2:00,23.55
,7/18/2003 2:30,23.65
,7/18/2003 3:00,23.7
,7/18/2003 3:30,23.8
,7/18/2003 4:00,23.85
,7/18/2003 4:30,23.9
,7/18/2003 5:00,24
,7/18/2003 5:30,22.6
,7/18/2003 6:00,22.55
,7/18/2003 6:30,22.5
,7/18/2003 7:00,22.4
,7/18/2003 7:30,22.45
,7/18/2003 8:00,22.45
,7/18/2003 8:30,22.55
,7/18/2003 9:00,22.65
,7/18/2003 9:30,22.75
,7/18/2003 10:00,22.85
,7/18/2003 10:30,22.95
,7/18/2003 11:00,23.05
,7/18/2003 11:30,23.1
,7/18/2003 12:00,23.2
,7/18/2003 12:30,23.3
,7/18/2003 13:00,23.35
,7/18/2003 13:30,23.4
,7/18/2003 14:00,23.5
,7/18/2003 14:30,23.55
,7/18/2003 15:00,23.6
,7/18/2003 15:30,23.7
,7/18/2003 16:00,23.75
,7/18/2003 16:30,23.8
,7/18/2003 17:00,23.9
,7/18/2003 17:30,23.9
,7/18/2003 18:00,24
,7/18/2003 18:30,24
,7/18/2003 19:00,22.8
,7/18/2003 19:30,22.9
,7/18/2003 20:00,22.95
,7/18/2003 20:30,23.05
,7/18/2003 21:00,23.15
,7/18/2003 21:30,22.9
,7/18/2003 22:00,22.65
,7/18/2003 22:30,22.75
,7/18/2003 23:00,22.85
,7/18/2003 23:30,22.95
,7/19/2003 0:00,23.05
,7/19/2003 0:30,23.1
,7/19/2003 1:00,23.2
,7/19/2003 1:30,23.3
,7/19/2003 2:00,23.35
,7/19/2003 2:30,23.4
,7/19/2003 3:00,23.5
,7/19/2003 3:30,23.55
,7/19/2003 4:00,23.6
,7/19/2003 4:30,23.65
,7/19/2003 5:00,23.7
,7/19/2003 5:30,23.8
,7/19/2003 6:00,23.8
,7/19/2003 6:30,23.85
,7/19/2003 7:00,23.2
,7/19/2003 7:30,22.45
,7/19/2003 8:00,22.55
,7/19/2003 8:30,22.65
,7/19/2003 9:00,22.45
,7/19/2003 9:30,22.25
,7/19/2003 10:00,22.25
,7/19/2003 10:30,22.35
,7/19/2003 11:00,22.45
,7/19/2003 11:30,22.55
,7/19/2003 12:00,22.65
,7/19/2003 12:30,22.75
,7/19/2003 13:00,22.85
,7/19/2003 13:30,22.95
,7/19/2003 14:00,22.55
,7/19/2003 14:30,22.15
,7/19/2003 15:00,22.3
,7/19/2003 15:30,22.4
,7/19/2003 16:00,22.55
,7/19/2003 16:30,22.65
,7/19/2003 17:00,22.75
,7/19/2003 17:30,22.85
,7/19/2003 18:00,22.95
,7/19/2003 18:30,23.05
,7/19/2003 19:00,23.15
,7/19/2003 19:30,23.25
,7/19/2003 20:00,23.3
,7/19/2003 20:30,23.4
,7/19/2003 21:00,22.9
,7/19/2003 21:30,22.35
,7/19/2003 22:00,22.5
,7/19/2003 22:30,22.6
,7/19/2003 23:00,22.7
,7/19/2003 23:30,22.45
,7/20/2003 0:00,22.2
,7/20/2003 0:30,22.35
,7/20/2003 1:00,22.45
,7/20/2003 1:30,22.15
,7/20/2003 2:00,22.25
,7/20/2003 2:30,22.4
,7/20/2003 3:00,22.55
,7/20/2003 3:30,22.65
,7/20/2003 4:00,22.75
,7/20/2003 4:30,22.9
,7/20/2003 5:00,23
,7/20/2003 5:30,23.1
,7/20/2003 6:00,23.2
,7/20/2003 6:30,22.75
,7/20/2003 7:00,22.05
,7/20/2003 7:30,22.25
,7/20/2003 8:00,22.35
,7/20/2003 8:30,22.5
,7/20/2003 9:00,22.65
,7/20/2003 9:30,22.35
,7/20/2003 10:00,22.15
,7/20/2003 10:30,22.25
,7/20/2003 11:00,22.4
,7/20/2003 11:30,22.55
,7/20/2003 12:00,22.05
,7/20/2003 12:30,22.2
,7/20/2003 13:00,22.35
,7/20/2003 13:30,22.35
,7/20/2003 14:00,22
,7/20/2003 14:30,22.05
,7/20/2003 15:00,22.1
,7/20/2003 15:30,22.1
,7/20/2003 16:00,22.15
,7/20/2003 16:30,22.35
,7/20/2003 17:00,22.55
,7/20/2003 17:30,22.75
,7/20/2003 18:00,22.95
,7/20/2003 18:30,23.1
,7/20/2003 19:00,22.25
,7/20/2003 19:30,22.45
,7/20/2003 20:00,22.35
,7/20/2003 20:30,22
,7/20/2003 21:00,22.15
,7/20/2003 21:30,21.85
,7/20/2003 22:00,22.15
,7/20/2003 22:30,22.35
,7/20/2003 23:00,22.55
,7/20/2003 23:30,22.75
,7/21/2003 0:00,22.95
,7/21/2003 0:30,23.05
,7/21/2003 1:00,23.25
,7/21/2003 1:30,23.4
,7/21/2003 2:00,23.55
,7/21/2003 2:30,23.7
,7/21/2003 3:00,23.8
,7/21/2003 3:30,23.95
,7/21/2003 4:00,24.05
,7/21/2003 4:30,24.15
,7/21/2003 5:00,24.25
,7/21/2003 5:30,24.35
,7/21/2003 6:00,24.4
,7/21/2003 6:30,24.5
,7/21/2003 7:00,24.6
,7/21/2003 7:30,24.65
,7/21/2003 8:00,22.55
,7/21/2003 8:30,22.75
,7/21/2003 9:00,22.85
,7/21/2003 9:30,22.05
,7/21/2003 10:00,22.05
,7/21/2003 10:30,22.25
,7/21/2003 11:00,22.4
,7/21/2003 11:30,22.35
,7/21/2003 12:00,22.45
,7/21/2003 12:30,22.65
,7/21/2003 13:00,22.8
,7/21/2003 13:30,22.95
,7/21/2003 14:00,23.05
,7/21/2003 14:30,23.25
,7/21/2003 15:00,23.35
,7/21/2003 15:30,23.5
,7/21/2003 16:00,23.65
,7/21/2003 16:30,23.75
,7/21/2003 17:00,23.85
,7/21/2003 17:30,24
,7/21/2003 18:00,24.1
,7/21/2003 18:30,23.55
,7/21/2003 19:00,23
,7/21/2003 19:30,23.15
,7/21/2003 20:00,23.3
,7/21/2003 20:30,23.45
,7/21/2003 21:00,23.6
,7/21/2003 21:30,23.75
,7/21/2003 22:00,23.85
,7/21/2003 22:30,23.4
,7/21/2003 23:00,22.85
,7/21/2003 23:30,23
,7/22/2003 0:00,23.15
,7/22/2003 0:30,23.3
,7/22/2003 1:00,23.45
,7/22/2003 1:30,23.55
,7/22/2003 2:00,23.7
,7/22/2003 2:30,23.8
,7/22/2003 3:00,23.9
,7/22/2003 3:30,24
,7/22/2003 4:00,24.1
,7/22/2003 4:30,24.2
,7/22/2003 5:00,24.3
,7/22/2003 5:30,24.4
,7/22/2003 6:00,24.45
,7/22/2003 6:30,24.5
,7/22/2003 7:00,24.6
,7/22/2003 7:30,22.7
,7/22/2003 8:00,22.5
,7/22/2003 8:30,22.65
,7/22/2003 9:00,22.75
,7/22/2003 9:30,22.9
,7/22/2003 10:00,23
,7/22/2003 10:30,23.15
,7/22/2003 11:00,23.25
,7/22/2003 11:30,23.4
,7/22/2003 12:00,23.5
,7/22/2003 12:30,23.55
,7/22/2003 13:00,23.65
,7/22/2003 13:30,23.75
,7/22/2003 14:00,23.8
,7/22/2003 14:30,23.9
,7/22/2003 15:00,24
,7/22/2003 15:30,24.05
,7/22/2003 16:00,24.15
,7/22/2003 16:30,24.2
,7/22/2003 17:00,24.3
,7/22/2003 17:30,24.35
,7/22/2003 18:00,24.4
,7/22/2003 18:30,24.45
,7/22/2003 19:00,24.5
,7/22/2003 19:30,23.75
,7/22/2003 20:00,23.1
,7/22/2003 20:30,22.9
,7/22/2003 21:00,22.7
,7/22/2003 21:30,22.7
,7/22/2003 22:00,22.8
,7/22/2003 22:30,22.75
,7/22/2003 23:00,22.85
,7/22/2003 23:30,22.95
,7/23/2003 0:00,23.05
,7/23/2003 0:30,23.15
,7/23/2003 1:00,23.2
,7/23/2003 1:30,22.65
,7/23/2003 2:00,22.75
,7/23/2003 2:30,22.8
,7/23/2003 3:00,22.9
,7/23/2003 3:30,23
,7/23/2003 4:00,23.1
,7/23/2003 4:30,23.2
,7/23/2003 5:00,23.25
,7/23/2003 5:30,23.3
,7/23/2003 6:00,23.4
,7/23/2003 6:30,23.45
,7/23/2003 7:00,23.5
,7/23/2003 7:30,22.5
,7/23/2003 8:00,22.55
,7/23/2003 8:30,22.5
,7/23/2003 9:00,22.6
,7/23/2003 9:30,22.65
,7/23/2003 10:00,22.75
,7/23/2003 10:30,22.4
,7/23/2003 11:00,22.55
,7/23/2003 11:30,22.6
,7/23/2003 12:00,22.7
,7/23/2003 12:30,22.5
,7/23/2003 13:00,22.6
,7/23/2003 13:30,22.7
,7/23/2003 14:00,22.8
,7/23/2003 14:30,22.85
,7/23/2003 15:00,22.95
,7/23/2003 15:30,23.05
,7/23/2003 16:00,23.1
,7/23/2003 16:30,23.2
,7/23/2003 17:00,23.25
,7/23/2003 17:30,23.3
,7/23/2003 18:00,23.4
,7/23/2003 18:30,23.4
,7/23/2003 19:00,23.5
,7/23/2003 19:30,23.55
,7/23/2003 20:00,23.6
,7/23/2003 20:30,23.6
,7/23/2003 21:00,23.65
,7/23/2003 21:30,23.7
,7/23/2003 22:00,22.2
,7/23/2003 22:30,22.2
,7/23/2003 23:00,22.3
,7/23/2003 23:30,22.4
,7/24/2003 0:00,22.5
,7/24/2003 0:30,22.6
,7/24/2003 1:00,22.65
,7/24/2003 1:30,22.75
,7/24/2003 2:00,22.8
,7/24/2003 2:30,22.9
,7/24/2003 3:00,22.9
,7/24/2003 3:30,23
,7/24/2003 4:00,23
,7/24/2003 4:30,23.1
,7/24/2003 5:00,23.1
,7/24/2003 5:30,23.1
,7/24/2003 6:00,23.15
,7/24/2003 6:30,23.2
,7/24/2003 7:00,21.7
,7/24/2003 7:30,21.95
,7/24/2003 8:00,22.05
,7/24/2003 8:30,22.1
,7/24/2003 9:00,22.2
,7/24/2003 9:30,22.2
,7/24/2003 10:00,22.3
,7/24/2003 10:30,22.35
,7/24/2003 11:00,22.4
,7/24/2003 11:30,22.45
,7/24/2003 12:00,22.5
,7/24/2003 12:30,22.6
,7/24/2003 13:00,22.6
,7/24/2003 13:30,22.7
,7/24/2003 14:00,22.7
,7/24/2003 14:30,22.8
,7/24/2003 15:00,22.85
,7/24/2003 15:30,22.9
,7/24/2003 16:00,22.95
,7/24/2003 16:30,23
,7/24/2003 17:00,23.1
,7/24/2003 17:30,23.15
,7/24/2003 18:00,23.2
,7/24/2003 18:30,22.45
,7/24/2003 19:00,21.75
,7/24/2003 19:30,21.9
,7/24/2003 20:00,22
,7/24/2003 20:30,22.15
,7/24/2003 21:00,21.9
,7/24/2003 21:30,21.75
,7/24/2003 22:00,21.9
,7/24/2003 22:30,22.05
,7/24/2003 23:00,22.15
,7/24/2003 23:30,22.3
,7/25/2003 0:00,22.45
,7/25/2003 0:30,22.6
,7/25/2003 1:00,22.7
,7/25/2003 1:30,22.85
,7/25/2003 2:00,22.95
,7/25/2003 2:30,23.05
,7/25/2003 3:00,23.15
,7/25/2003 3:30,23.25
,7/25/2003 4:00,23.35
,7/25/2003 4:30,23.45
,7/25/2003 5:00,23.55
,7/25/2003 5:30,23.65
,7/25/2003 6:00,22.05
,7/25/2003 6:30,21.7
,7/25/2003 7:00,21.85
,7/25/2003 7:30,21.8
,7/25/2003 8:00,21.65
,7/25/2003 8:30,21.85
,7/25/2003 9:00,21.95
,7/25/2003 9:30,22.15
,7/25/2003 10:00,22.25
,7/25/2003 10:30,22.4
,7/25/2003 11:00,22.55
,7/25/2003 11:30,22.7
,7/25/2003 12:00,22.85
,7/25/2003 12:30,22.95
,7/25/2003 13:00,23.05
,7/25/2003 13:30,23.2
,7/25/2003 14:00,23.35
,7/25/2003 14:30,23.45
,7/25/2003 15:00,23.55
,7/25/2003 15:30,23.65
,7/25/2003 16:00,23.8
,7/25/2003 16:30,23.9
,7/25/2003 17:00,24
,7/25/2003 17:30,24.1
,7/25/2003 18:00,24.2
,7/25/2003 18:30,23.25
,7/25/2003 19:00,22.5
,7/25/2003 19:30,22.65
,7/25/2003 20:00,22.8
,7/25/2003 20:30,22.1
,7/25/2003 21:00,21.45
,7/25/2003 21:30,21.65
,7/25/2003 22:00,21.85
,7/25/2003 22:30,22.05
,7/25/2003 23:00,22.2
,7/25/2003 23:30,22.35
,7/26/2003 0:00,22.55
,7/26/2003 0:30,22.65
,7/26/2003 1:00,22.85
,7/26/2003 1:30,22.95
,7/26/2003 2:00,23.05
,7/26/2003 2:30,23.2
,7/26/2003 3:00,23.3
,7/26/2003 3:30,23.4
,7/26/2003 4:00,23.5
,7/26/2003 4:30,23.55
,7/26/2003 5:00,23.65
,7/26/2003 5:30,23.7
,7/26/2003 6:00,22.85
,7/26/2003 6:30,22
,7/26/2003 7:00,21.8
,7/26/2003 7:30,21.65
,7/26/2003 8:00,21.8
,7/26/2003 8:30,21.95
,7/26/2003 9:00,22.05
,7/26/2003 9:30,22.2
,7/26/2003 10:00,22.35
,7/26/2003 10:30,22.45
,7/26/2003 11:00,22.6
,7/26/2003 11:30,22.75
,7/26/2003 12:00,22.85
,7/26/2003 12:30,22.95
,7/26/2003 13:00,23.1
,7/26/2003 13:30,23.2
,7/26/2003 14:00,23.3
,7/26/2003 14:30,23.4
,7/26/2003 15:00,23.5
,7/26/2003 15:30,23.65
,7/26/2003 16:00,23.7
,7/26/2003 16:30,23.8
,7/26/2003 17:00,23.9
,7/26/2003 17:30,24
,7/26/2003 18:00,24.05
,7/26/2003 18:30,22.55
,7/26/2003 19:00,22.4
,7/26/2003 19:30,22.25
,7/26/2003 20:00,22.4
,7/26/2003 20:30,22.55
,7/26/2003 21:00,22.65
,7/26/2003 21:30,22.8
,7/26/2003 22:00,22.95
,7/26/2003 22:30,22
,7/26/2003 23:00,22.15
,7/26/2003 23:30,22.3
,7/27/2003 0:00,22.45
,7/27/2003 0:30,22.55
,7/27/2003 1:00,22.7
,7/27/2003 1:30,22.85
,7/27/2003 2:00,22.95
,7/27/2003 2:30,23.1
,7/27/2003 3:00,23.2
,7/27/2003 3:30,23.3
,7/27/2003 4:00,23.4
,7/27/2003 4:30,23.45
,7/27/2003 5:00,23.55
,7/27/2003 5:30,23.6
,7/27/2003 6:00,23.7
,7/27/2003 6:30,23.75
,7/27/2003 7:00,22.3
,7/27/2003 7:30,22.25
,7/27/2003 8:00,22
,7/27/2003 8:30,22.1
,7/27/2003 9:00,22.25
,7/27/2003 9:30,22.35
,7/27/2003 10:00,22.5
,7/27/2003 10:30,22.65
,7/27/2003 11:00,21.85
,7/27/2003 11:30,22
,7/27/2003 12:00,22.15
,7/27/2003 12:30,22.35
,7/27/2003 13:00,22.45
,7/27/2003 13:30,22.2
,7/27/2003 14:00,22.15
,7/27/2003 14:30,22.3
,7/27/2003 15:00,22.45
,7/27/2003 15:30,22.5
,7/27/2003 16:00,22.45
,7/27/2003 16:30,22.5
,7/27/2003 17:00,22.5
,7/27/2003 17:30,22.65
,7/27/2003 18:00,22.8
,7/27/2003 18:30,22.95
,7/27/2003 19:00,23.1
,7/27/2003 19:30,23.2
,7/27/2003 20:00,22.6
,7/27/2003 20:30,21.45
,7/27/2003 21:00,21.65
,7/27/2003 21:30,21.85
,7/27/2003 22:00,22.05
,7/27/2003 22:30,22.2
,7/27/2003 23:00,22.35
,7/27/2003 23:30,22.55
,7/28/2003 0:00,22.65
,7/28/2003 0:30,22.8
,7/28/2003 1:00,22.95
,7/28/2003 1:30,23.05
,7/28/2003 2:00,22.25
,7/28/2003 2:30,22.4
,7/28/2003 3:00,22.55
,7/28/2003 3:30,22.65
,7/28/2003 4:00,22.75
,7/28/2003 4:30,22.85
,7/28/2003 5:00,22.95
,7/28/2003 5:30,23.05
,7/28/2003 6:00,23.1
,7/28/2003 6:30,23.2
,7/28/2003 7:00,22.3
,7/28/2003 7:30,21.75
,7/28/2003 8:00,21.9
,7/28/2003 8:30,22.05
,7/28/2003 9:00,22.15
,7/28/2003 9:30,22.25
,7/28/2003 10:00,22.4
,7/28/2003 10:30,22.5
,7/28/2003 11:00,22.6
,7/28/2003 11:30,22.7
,7/28/2003 12:00,22.85
,7/28/2003 12:30,22.95
,7/28/2003 13:00,23.05
,7/28/2003 13:30,23.15
,7/28/2003 14:00,23.25
,7/28/2003 14:30,23.35
,7/28/2003 15:00,23.45
,7/28/2003 15:30,23.5
,7/28/2003 16:00,23.6
,7/28/2003 16:30,23.7
,7/28/2003 17:00,23.8
,7/28/2003 17:30,23.9
,7/28/2003 18:00,24
,7/28/2003 18:30,22.15
,7/28/2003 19:00,22.05
,7/28/2003 19:30,22.25
,7/28/2003 20:00,22.45
,7/28/2003 20:30,22.4
,7/28/2003 21:00,21.8
,7/28/2003 21:30,21.95
,7/28/2003 22:00,22.15
,7/28/2003 22:30,22.35
,7/28/2003 23:00,22.5
,7/28/2003 23:30,22.65
,7/29/2003 0:00,22.85
,7/29/2003 0:30,22.95
,7/29/2003 1:00,23.15
,7/29/2003 1:30,23.25
,7/29/2003 2:00,23.4
,7/29/2003 2:30,23.5
,7/29/2003 3:00,23.65
,7/29/2003 3:30,23.75
,7/29/2003 4:00,23.85
,7/29/2003 4:30,23.95
,7/29/2003 5:00,24.05
,7/29/2003 5:30,24.15
,7/29/2003 6:00,24.2
,7/29/2003 6:30,24.3
,7/29/2003 7:00,22.85
,7/29/2003 7:30,22.95
,7/29/2003 8:00,22.45
,7/29/2003 8:30,22.05
,7/29/2003 9:00,22.25
,7/29/2003 9:30,22.45
,7/29/2003 10:00,22.6
,7/29/2003 10:30,22.75
,7/29/2003 11:00,22.95
,7/29/2003 11:30,23.05
,7/29/2003 12:00,23.25
,7/29/2003 12:30,23.35
,7/29/2003 13:00,23.55
,7/29/2003 13:30,23.65
,7/29/2003 14:00,23.25
,7/29/2003 14:30,22.85
,7/29/2003 15:00,22.95
,7/29/2003 15:30,23.15
,7/29/2003 16:00,23.25
,7/29/2003 16:30,23.4
,7/29/2003 17:00,23.6
,7/29/2003 17:30,23.75
,7/29/2003 18:00,23.8
,7/29/2003 18:30,22.9
,7/29/2003 19:00,23.05
,7/29/2003 19:30,22.9
,7/29/2003 20:00,22.75
,7/29/2003 20:30,22.95
,7/29/2003 21:00,22.15
,7/29/2003 21:30,22.3
,7/29/2003 22:00,22.45
,7/29/2003 22:30,22.65
,7/29/2003 23:00,22.85
,7/29/2003 23:30,23.05
,7/30/2003 0:00,23.15
,7/30/2003 0:30,23.35
,7/30/2003 1:00,23.5
,7/30/2003 1:30,23.65
,7/30/2003 2:00,23.8
,7/30/2003 2:30,23.95
,7/30/2003 3:00,24.05
,7/30/2003 3:30,24.2
,7/30/2003 4:00,24.3
,7/30/2003 4:30,24.45
,7/30/2003 5:00,24.55
,7/30/2003 5:30,24.65
,7/30/2003 6:00,24.7
,7/30/2003 6:30,24.8
,7/30/2003 7:00,24.9
,7/30/2003 7:30,24.05
,7/30/2003 8:00,23.15
,7/30/2003 8:30,22.35
,7/30/2003 9:00,22.35
,7/30/2003 9:30,22.5
,7/30/2003 10:00,22.65
,7/30/2003 10:30,22.7
,7/30/2003 11:00,22.65
,7/30/2003 11:30,22.85
,7/30/2003 12:00,22.95
,7/30/2003 12:30,23.15
,7/30/2003 13:00,23.35
,7/30/2003 13:30,23.5
,7/30/2003 14:00,23.65
,7/30/2003 14:30,23.8
,7/30/2003 15:00,23.95
,7/30/2003 15:30,24.05
,7/30/2003 16:00,24.2
,7/30/2003 16:30,24.35
,7/30/2003 17:00,24.45
,7/30/2003 17:30,24.6
,7/30/2003 18:00,23.8
,7/30/2003 18:30,22.95
,7/30/2003 19:00,23.15
,7/30/2003 19:30,22.75
,7/30/2003 20:00,22.35
,7/30/2003 20:30,22.55
,7/30/2003 21:00,22.75
,7/30/2003 21:30,22.95
,7/30/2003 22:00,22.95
,7/30/2003 22:30,22.45
,7/30/2003 23:00,22.65
,7/30/2003 23:30,22.85
,7/31/2003 0:00,22.9
,7/31/2003 0:30,22.85
,7/31/2003 1:00,23.05
,7/31/2003 1:30,23.15
,7/31/2003 2:00,23.35
,7/31/2003 2:30,23.55
,7/31/2003 3:00,23.75
,7/31/2003 3:30,23.85
,7/31/2003 4:00,24.05
,7/31/2003 4:30,24.15
,7/31/2003 5:00,24.3
,7/31/2003 5:30,24.45
,7/31/2003 6:00,24.55
,7/31/2003 6:30,23.95
,7/31/2003 7:00,22.85
,7/31/2003 7:30,22.5
,7/31/2003 8:00,22.65
,7/31/2003 8:30,22.85
,7/31/2003 9:00,23.05
,7/31/2003 9:30,23.25
,7/31/2003 10:00,23.35
,7/31/2003 10:30,23.55
,7/31/2003 11:00,23.75
,7/31/2003 11:30,23.95
,7/31/2003 12:00,24.1
,7/31/2003 12:30,24.25
,7/31/2003 13:00,24.45
,7/31/2003 13:30,24.55
,7/31/2003 14:00,24.75
,7/31/2003 14:30,24.85
,7/31/2003 15:00,25.05
,7/31/2003 15:30,25.25
,7/31/2003 16:00,25.45
,7/31/2003 16:30,25.55
,7/31/2003 17:00,25.75
,7/31/2003 17:30,25.85
,7/31/2003 18:00,24.95
,7/31/2003 18:30,22.95
,7/31/2003 19:00,22.95
,7/31/2003 19:30,23.05
,7/31/2003 20:00,23.25
,7/31/2003 20:30,23.45
,7/31/2003 21:00,23.1
,7/31/2003 21:30,22.75
,7/31/2003 22:00,22.95
,7/31/2003 22:30,23.15
,7/31/2003 23:00,23.35
,7/31/2003 23:30,23.55
,8/1/2003 0:00,23.75
,8/1/2003 0:30,23.95
,8/1/2003 1:00,24.05
,8/1/2003 1:30,24.25
,8/1/2003 2:00,24.35
,8/1/2003 2:30,24.55
,8/1/2003 3:00,24.65
,8/1/2003 3:30,24.75
,8/1/2003 4:00,24.9
,8/1/2003 4:30,25
,8/1/2003 5:00,25.15
,8/1/2003 5:30,25.25
,8/1/2003 6:00,24.4
,8/1/2003 6:30,23.6
,8/1/2003 7:00,23.75
,8/1/2003 7:30,23.15
,8/1/2003 8:00,23.35
,8/1/2003 8:30,23.45
,8/1/2003 9:00,23.65
,8/1/2003 9:30,23.75
,8/1/2003 10:00,23.9
,8/1/2003 10:30,24.05
,8/1/2003 11:00,24.15
,8/1/2003 11:30,24.3
,8/1/2003 12:00,24.4
,8/1/2003 12:30,24.5
,8/1/2003 13:00,24.65
,8/1/2003 13:30,24.75
,8/1/2003 14:00,24.85
,8/1/2003 14:30,24.95
,8/1/2003 15:00,25.1
,8/1/2003 15:30,25.25
,8/1/2003 16:00,25.35
,8/1/2003 16:30,25.45
,8/1/2003 17:00,25.6
,8/1/2003 17:30,25.7
,8/1/2003 18:00,25.8
,8/1/2003 18:30,24.9
,8/1/2003 19:00,23.3
,8/1/2003 19:30,23.35
,8/1/2003 20:00,23.55
,8/1/2003 20:30,23.65
,8/1/2003 21:00,23.7
,8/1/2003 21:30,23.7
,8/1/2003 22:00,23.85
,8/1/2003 22:30,24
,8/1/2003 23:00,24.15
,8/1/2003 23:30,24.25
,8/2/2003 0:00,24.4
,8/2/2003 0:30,24.55
,8/2/2003 1:00,24.7
,8/2/2003 1:30,24.8
,8/2/2003 2:00,24.35
,8/2/2003 2:30,23.85
,8/2/2003 3:00,24
,8/2/2003 3:30,24.15
,8/2/2003 4:00,24.25
,8/2/2003 4:30,24.4
,8/2/2003 5:00,24.5
,8/2/2003 5:30,24.6
,8/2/2003 6:00,24.25
,8/2/2003 6:30,23.85
,8/2/2003 7:00,23.6
,8/2/2003 7:30,23.25
,8/2/2003 8:00,23.4
,8/2/2003 8:30,23.55
,8/2/2003 9:00,23.7
,8/2/2003 9:30,23.85
,8/2/2003 10:00,23.95
,8/2/2003 10:30,24.15
,8/2/2003 11:00,24.3
,8/2/2003 11:30,24.45
,8/2/2003 12:00,24.55
,8/2/2003 12:30,24.7
,8/2/2003 13:00,24.8
,8/2/2003 13:30,24.95
,8/2/2003 14:00,25.1
,8/2/2003 14:30,25.25
,8/2/2003 15:00,25.4
,8/2/2003 15:30,25.55
,8/2/2003 16:00,25.65
,8/2/2003 16:30,25.85
,8/2/2003 17:00,25.95
,8/2/2003 17:30,26.1
,8/2/2003 18:00,26.25
,8/2/2003 18:30,26.35
,8/2/2003 19:00,26.5
,8/2/2003 19:30,26.6
,8/2/2003 20:00,26.75
,8/2/2003 20:30,26.85
,8/2/2003 21:00,26.95
,8/2/2003 21:30,27.05
,8/2/2003 22:00,26
,8/2/2003 22:30,25.05
,8/2/2003 23:00,25.15
,8/2/2003 23:30,25.35
,8/3/2003 0:00,25.55
,8/3/2003 0:30,25.65
,8/3/2003 1:00,25.85
,8/3/2003 1:30,25.95
,8/3/2003 2:00,26.1
,8/3/2003 2:30,26.25
,8/3/2003 3:00,26.35
,8/3/2003 3:30,26.45
,8/3/2003 4:00,26.55
,8/3/2003 4:30,26.65
,8/3/2003 5:00,26.7
,8/3/2003 5:30,26.8
,8/3/2003 6:00,26.85
,8/3/2003 6:30,26.9
,8/3/2003 7:00,27
,8/3/2003 7:30,24.35
,8/3/2003 8:00,24.05
,8/3/2003 8:30,24.15
,8/3/2003 9:00,24.35
,8/3/2003 9:30,24.45
,8/3/2003 10:00,24.65
,8/3/2003 10:30,24.75
,8/3/2003 11:00,24.9
,8/3/2003 11:30,25.05
,8/3/2003 12:00,25.25
,8/3/2003 12:30,25.35
,8/3/2003 13:00,24.7
,8/3/2003 13:30,24.8
,8/3/2003 14:00,24.95
,8/3/2003 14:30,25.05
,8/3/2003 15:00,25.25
,8/3/2003 15:30,25.35
,8/3/2003 16:00,25.5
,8/3/2003 16:30,25.65
,8/3/2003 17:00,24.7
,8/3/2003 17:30,24.75
,8/3/2003 18:00,24.85
,8/3/2003 18:30,25.05
,8/3/2003 19:00,25.15
,8/3/2003 19:30,25.05
,8/3/2003 20:00,25.15
,8/3/2003 20:30,25.3
,8/3/2003 21:00,25.45
,8/3/2003 21:30,25.55
,8/3/2003 22:00,25.7
,8/3/2003 22:30,25.85
,8/3/2003 23:00,25.95
,8/3/2003 23:30,26.1
,8/4/2003 0:00,26.2
,8/4/2003 0:30,25.35
,8/4/2003 1:00,25.5
,8/4/2003 1:30,25.6
,8/4/2003 2:00,25.75
,8/4/2003 2:30,25.85
,8/4/2003 3:00,25.95
,8/4/2003 3:30,26.1
,8/4/2003 4:00,26.2
,8/4/2003 4:30,26.3
,8/4/2003 5:00,26.4
,8/4/2003 5:30,26.45
,8/4/2003 6:00,26.6
,8/4/2003 6:30,25.1
,8/4/2003 7:00,24.95
,8/4/2003 7:30,24.9
,8/4/2003 8:00,25.05
,8/4/2003 8:30,25.15
,8/4/2003 9:00,25.35
,8/4/2003 9:30,25.5
,8/4/2003 10:00,25.65
,8/4/2003 10:30,25.8
,8/4/2003 11:00,25.95
,8/4/2003 11:30,26.1
,8/4/2003 12:00,26.25
,8/4/2003 12:30,26.4
,8/4/2003 13:00,26.55
,8/4/2003 13:30,26.65
,8/4/2003 14:00,26.85
,8/4/2003 14:30,26.95
,8/4/2003 15:00,27.1
,8/4/2003 15:30,27.25
,8/4/2003 16:00,27.35
,8/4/2003 16:30,27.5
,8/4/2003 17:00,27.6
,8/4/2003 17:30,27.75
,8/4/2003 18:00,27.85
,8/4/2003 18:30,27.15
,8/4/2003 19:00,26.45
,8/4/2003 19:30,26.55
,8/4/2003 20:00,26.75
,8/4/2003 20:30,26.3
,8/4/2003 21:00,26.45
,8/4/2003 21:30,26.6
,8/4/2003 22:00,26.75
,8/4/2003 22:30,26.4
,8/4/2003 23:00,26.55
,8/4/2003 23:30,26.05
,8/5/2003 0:00,25.3
,8/5/2003 0:30,25.45
,8/5/2003 1:00,25.55
,8/5/2003 1:30,25.75
,8/5/2003 2:00,25.85
,8/5/2003 2:30,26.05
,8/5/2003 3:00,26.15
,8/5/2003 3:30,26.3
,8/5/2003 4:00,26.4
,8/5/2003 4:30,26.5
,8/5/2003 5:00,26.6
,8/5/2003 5:30,26.7
,8/5/2003 6:00,26.8
,8/5/2003 6:30,26.15
,8/5/2003 7:00,25.5
,8/5/2003 7:30,25.6
,8/5/2003 8:00,25.85
,8/5/2003 8:30,25.95
,8/5/2003 9:00,26.15
,8/5/2003 9:30,26.25
,8/5/2003 10:00,26.4
,8/5/2003 10:30,26.5
,8/5/2003 11:00,26.65
,8/5/2003 11:30,26.8
,8/5/2003 12:00,26.9
,8/5/2003 12:30,27
,8/5/2003 13:00,27.1
,8/5/2003 13:30,27.25
,8/5/2003 14:00,27.35
,8/5/2003 14:30,27.45
,8/5/2003 15:00,27.55
,8/5/2003 15:30,27.6
,8/5/2003 16:00,27.7
,8/5/2003 16:30,27.8
,8/5/2003 17:00,27.85
,8/5/2003 17:30,27.9
,8/5/2003 18:00,28
,8/5/2003 18:30,28.05
,8/5/2003 19:00,28.1
,8/5/2003 19:30,28.15
,8/5/2003 20:00,28.2
,8/5/2003 20:30,27.7
,8/5/2003 21:00,27.3
,8/5/2003 21:30,27.35
,8/5/2003 22:00,27
,8/5/2003 22:30,27.1
,8/5/2003 23:00,27.15
,8/5/2003 23:30,27.2
,8/6/2003 0:00,27.3
,8/6/2003 0:30,27.35
,8/6/2003 1:00,27.4
,8/6/2003 1:30,26.1
,8/6/2003 2:00,26.2
,8/6/2003 2:30,26.3
,8/6/2003 3:00,26.4
,8/6/2003 3:30,26.5
,8/6/2003 4:00,26.6
,8/6/2003 4:30,26.65
,8/6/2003 5:00,26.75
,8/6/2003 5:30,26.8
,8/6/2003 6:00,26.9
,8/6/2003 6:30,26.95
,8/6/2003 7:00,27.05
,8/6/2003 7:30,27.1
,8/6/2003 8:00,27.15
,8/6/2003 8:30,27.15
,8/6/2003 9:00,27.05
,8/6/2003 9:30,27.05
,8/6/2003 10:00,27.25
,8/6/2003 10:30,27.15
,8/6/2003 11:00,27.25
,8/6/2003 11:30,27.35
,8/6/2003 12:00,27.4
,8/6/2003 12:30,26.85
,8/6/2003 13:00,26.95
,8/6/2003 13:30,27.05
,8/6/2003 14:00,27.15
,8/6/2003 14:30,27.25
,8/6/2003 15:00,26.75
,8/6/2003 15:30,26.85
,8/6/2003 16:00,26.55
,8/6/2003 16:30,26.6
,8/6/2003 17:00,26.8
,8/6/2003 17:30,26.95
,8/6/2003 18:00,27.05
,8/6/2003 18:30,27.1
,8/6/2003 19:00,27.15
,8/6/2003 19:30,27.25
,8/6/2003 20:00,27.3
,8/6/2003 20:30,27.4
,8/6/2003 21:00,27.45
,8/6/2003 21:30,27.5
,8/6/2003 22:00,27
,8/6/2003 22:30,26.8
,8/6/2003 23:00,26.9
,8/6/2003 23:30,26.95
,8/7/2003 0:00,27
,8/7/2003 0:30,27.1
,8/7/2003 1:00,27.15
,8/7/2003 1:30,27.2
,8/7/2003 2:00,27.3
,8/7/2003 2:30,27.35
,8/7/2003 3:00,27.4
,8/7/2003 3:30,27.5
,8/7/2003 4:00,27.5
,8/7/2003 4:30,27.6
,8/7/2003 5:00,27.6
,8/7/2003 5:30,27.65
,8/7/2003 6:00,27.7
,8/7/2003 6:30,27.75
,8/7/2003 7:00,26.85
,8/7/2003 7:30,26
,8/7/2003 8:00,26.1
,8/7/2003 8:30,26.25
,8/7/2003 9:00,26.3
,8/7/2003 9:30,26.4
,8/7/2003 10:00,26.5
,8/7/2003 10:30,26.6
,8/7/2003 11:00,26.65
,8/7/2003 11:30,26.75
,8/7/2003 12:00,26.8
,8/7/2003 12:30,26.9
,8/7/2003 13:00,27
,8/7/2003 13:30,27.1
,8/7/2003 14:00,27.15
,8/7/2003 14:30,27.25
,8/7/2003 15:00,27.3
,8/7/2003 15:30,27.4
,8/7/2003 16:00,27.5
,8/7/2003 16:30,27.55
,8/7/2003 17:00,27.65
,8/7/2003 17:30,27.7
,8/7/2003 18:00,27.8
,8/7/2003 18:30,25.85
,8/7/2003 19:00,25.9
,8/7/2003 19:30,25.95
,8/7/2003 20:00,26.05
,8/7/2003 20:30,26.2
,8/7/2003 21:00,26.35
,8/7/2003 21:30,26
,8/7/2003 22:00,25.65
,8/7/2003 22:30,25.8
,8/7/2003 23:00,25.9
,8/7/2003 23:30,26.05
,8/8/2003 0:00,26.15
,8/8/2003 0:30,26.25
,8/8/2003 1:00,26.35
,8/8/2003 1:30,26.45
,8/8/2003 2:00,26.6
,8/8/2003 2:30,26.65
,8/8/2003 3:00,26.75
,8/8/2003 3:30,26.8
,8/8/2003 4:00,26.9
,8/8/2003 4:30,26.95
,8/8/2003 5:00,27
,8/8/2003 5:30,27.1
,8/8/2003 6:00,25.55
,8/8/2003 6:30,25.65
,8/8/2003 7:00,25.75
,8/8/2003 7:30,25.35
,8/8/2003 8:00,25.5
,8/8/2003 8:30,25.65
,8/8/2003 9:00,25.75
,8/8/2003 9:30,25.9
,8/8/2003 10:00,26
,8/8/2003 10:30,26.15
,8/8/2003 11:00,26.25
,8/8/2003 11:30,26.35
,8/8/2003 12:00,26.45
,8/8/2003 12:30,26.6
,8/8/2003 13:00,26.7
,8/8/2003 13:30,26.8
,8/8/2003 14:00,26.9
,8/8/2003 14:30,27.05
,8/8/2003 15:00,27.15
,8/8/2003 15:30,27.25
,8/8/2003 16:00,27.3
,8/8/2003 16:30,27.45
,8/8/2003 17:00,27.5
,8/8/2003 17:30,27.6
,8/8/2003 18:00,27.7
,8/8/2003 18:30,26.9
,8/8/2003 19:00,25.6
,8/8/2003 19:30,25.75
,8/8/2003 20:00,25.85
,8/8/2003 20:30,26
,8/8/2003 21:00,26.15
,8/8/2003 21:30,26.25
,8/8/2003 22:00,26
,8/8/2003 22:30,25.75
,8/8/2003 23:00,25.85
,8/8/2003 23:30,26
,8/9/2003 0:00,26.1
,8/9/2003 0:30,26.25
,8/9/2003 1:00,26.35
,8/9/2003 1:30,26.45
,8/9/2003 2:00,26.6
,8/9/2003 2:30,26.65
,8/9/2003 3:00,26.75
,8/9/2003 3:30,26.85
,8/9/2003 4:00,26.95
,8/9/2003 4:30,27.05
,8/9/2003 5:00,27.1
,8/9/2003 5:30,27.2
,8/9/2003 6:00,26.6
,8/9/2003 6:30,25.95
,8/9/2003 7:00,26.1
,8/9/2003 7:30,25.3
,8/9/2003 8:00,25.35
,8/9/2003 8:30,25.55
,8/9/2003 9:00,25.65
,8/9/2003 9:30,25.8
,8/9/2003 10:00,25.9
,8/9/2003 10:30,26.05
,8/9/2003 11:00,26.15
,8/9/2003 11:30,26.3
,8/9/2003 12:00,26.4
,8/9/2003 12:30,26.55
,8/9/2003 13:00,26.65
,8/9/2003 13:30,26.75
,8/9/2003 14:00,26.85
,8/9/2003 14:30,26.95
,8/9/2003 15:00,27.05
,8/9/2003 15:30,27.1
,8/9/2003 16:00,27.2
,8/9/2003 16:30,27.3
,8/9/2003 17:00,27.35
,8/9/2003 17:30,27.4
,8/9/2003 18:00,26.6
,8/9/2003 18:30,25.8
,8/9/2003 19:00,25.9
,8/9/2003 19:30,26.05
,8/9/2003 20:00,25.65
,8/9/2003 20:30,25.25
,8/9/2003 21:00,25.4
,8/9/2003 21:30,25.55
,8/9/2003 22:00,25.65
,8/9/2003 22:30,24.9
,8/9/2003 23:00,25.05
,8/9/2003 23:30,25.15
,8/10/2003 0:00,25.35
,8/10/2003 0:30,25.45
,8/10/2003 1:00,25.6
,8/10/2003 1:30,25.7
,8/10/2003 2:00,25.8
,8/10/2003 2:30,25.9
,8/10/2003 3:00,26.05
,8/10/2003 3:30,26.15
,8/10/2003 4:00,26.25
,8/10/2003 4:30,26.3
,8/10/2003 5:00,26.4
,8/10/2003 5:30,26.5
,8/10/2003 6:00,26.6
,8/10/2003 6:30,26.65
,8/10/2003 7:00,26.7
,8/10/2003 7:30,25
,8/10/2003 8:00,25.1
,8/10/2003 8:30,25.25
,8/10/2003 9:00,25.35
,8/10/2003 9:30,25.5
,8/10/2003 10:00,25.65
,8/10/2003 10:30,24.65
,8/10/2003 11:00,24.75
,8/10/2003 11:30,24.95
,8/10/2003 12:00,25.05
,8/10/2003 12:30,24.65
,8/10/2003 13:00,24.8
,8/10/2003 13:30,24.75
,8/10/2003 14:00,24.7
,8/10/2003 14:30,24.85
,8/10/2003 15:00,25
,8/10/2003 15:30,25.15
,8/10/2003 16:00,25.35
,8/10/2003 16:30,25.4
,8/10/2003 17:00,25.4
,8/10/2003 17:30,25.55
,8/10/2003 18:00,25.65
,8/10/2003 18:30,25.55
,8/10/2003 19:00,25.45
,8/10/2003 19:30,25.55
,8/10/2003 20:00,25.7
,8/10/2003 20:30,25.85
,8/10/2003 21:00,25.95
,8/10/2003 21:30,26.05
,8/10/2003 22:00,26.2
,8/10/2003 22:30,26.3
,8/10/2003 23:00,25.3
,8/10/2003 23:30,24.35
,8/11/2003 0:00,24.45
,8/11/2003 0:30,24.65
,8/11/2003 1:00,24.75
,8/11/2003 1:30,24.9
,8/11/2003 2:00,25.05
,8/11/2003 2:30,25.2
,8/11/2003 3:00,25.35
,8/11/2003 3:30,25.5
,8/11/2003 4:00,25.65
,8/11/2003 4:30,25.8
,8/11/2003 5:00,25.9
,8/11/2003 5:30,26.05
,8/11/2003 6:00,26.15
,8/11/2003 6:30,25.65
,8/11/2003 7:00,24.55
,8/11/2003 7:30,24.45
,8/11/2003 8:00,24.55
,8/11/2003 8:30,24.75
,8/11/2003 9:00,24.85
,8/11/2003 9:30,25.05
,8/11/2003 10:00,25.25
,8/11/2003 10:30,25.35
,8/11/2003 11:00,25.55
,8/11/2003 11:30,25.75
,8/11/2003 12:00,25.85
,8/11/2003 12:30,26.05
,8/11/2003 13:00,26.2
,8/11/2003 13:30,26.35
,8/11/2003 14:00,26.5
,8/11/2003 14:30,26.65
,8/11/2003 15:00,26.8
,8/11/2003 15:30,26.95
,8/11/2003 16:00,27.05
,8/11/2003 16:30,27.2
,8/11/2003 17:00,27.35
,8/11/2003 17:30,27.45
,8/11/2003 18:00,27.55
,8/11/2003 18:30,25.85
,8/11/2003 19:00,25
,8/11/2003 19:30,24.8
,8/11/2003 20:00,24.95
,8/11/2003 20:30,25.1
,8/11/2003 21:00,25.3
,8/11/2003 21:30,25.45
,8/11/2003 22:00,25.35
,8/11/2003 22:30,25.15
,8/11/2003 23:00,25.35
,8/11/2003 23:30,25.5
,8/12/2003 0:00,25.4
,8/12/2003 0:30,25.25
,8/12/2003 1:00,25.35
,8/12/2003 1:30,25.55
,8/12/2003 2:00,25.65
,8/12/2003 2:30,25.85
,8/12/2003 3:00,25.95
,8/12/2003 3:30,26.1
,8/12/2003 4:00,26.25
,8/12/2003 4:30,26.35
,8/12/2003 5:00,26.45
,8/12/2003 5:30,26.6
,8/12/2003 6:00,26.7
,8/12/2003 6:30,26.8
,8/12/2003 7:00,26.85
,8/12/2003 7:30,26.95
,8/12/2003 8:00,25.4
,8/12/2003 8:30,24.9
,8/12/2003 9:00,24.45
,8/12/2003 9:30,24.55
,8/12/2003 10:00,24.55
,8/12/2003 10:30,24.75
,8/12/2003 11:00,24.85
,8/12/2003 11:30,25.05
,8/12/2003 12:00,25.25
,8/12/2003 12:30,25.4
,8/12/2003 13:00,25.55
,8/12/2003 13:30,25.75
,8/12/2003 14:00,25.9
,8/12/2003 14:30,26.05
,8/12/2003 15:00,26.15
,8/12/2003 15:30,26.35
,8/12/2003 16:00,26.45
,8/12/2003 16:30,26.6
,8/12/2003 17:00,26.75
,8/12/2003 17:30,26.85
,8/12/2003 18:00,26.95
,8/12/2003 18:30,25
,8/12/2003 19:00,25.15
,8/12/2003 19:30,25.3
,8/12/2003 20:00,25.45
,8/12/2003 20:30,24.35
,8/12/2003 21:00,24.4
,8/12/2003 21:30,24.45
,8/12/2003 22:00,24.6
,8/12/2003 22:30,24.75
,8/12/2003 23:00,24.9
,8/12/2003 23:30,25.05
,8/13/2003 0:00,25.2
,8/13/2003 0:30,25.35
,8/13/2003 1:00,25.5
,8/13/2003 1:30,25.65
,8/13/2003 2:00,25.75
,8/13/2003 2:30,25.9
,8/13/2003 3:00,26
,8/13/2003 3:30,26.1
,8/13/2003 4:00,26.2
,8/13/2003 4:30,26.3
,8/13/2003 5:00,26.35
,8/13/2003 5:30,26.4
,8/13/2003 6:00,24.7
,8/13/2003 6:30,24.55
,8/13/2003 7:00,24.7
,8/13/2003 7:30,24.8
,8/13/2003 8:00,24.9
,8/13/2003 8:30,25
,8/13/2003 9:00,25.1
,8/13/2003 9:30,24.65
,8/13/2003 10:00,24.2
,8/13/2003 10:30,24.25
,8/13/2003 11:00,24.35
,8/13/2003 11:30,24.45
,8/13/2003 12:00,24.55
,8/13/2003 12:30,24.7
,8/13/2003 13:00,24.8
,8/13/2003 13:30,24.9
,8/13/2003 14:00,25
,8/13/2003 14:30,25.1
,8/13/2003 15:00,25.2
,8/13/2003 15:30,25.3
,8/13/2003 16:00,25.4
,8/13/2003 16:30,25.5
,8/13/2003 17:00,25.6
,8/13/2003 17:30,25.7
,8/13/2003 18:00,25.45
,8/13/2003 18:30,24.7
,8/13/2003 19:00,24.45
,8/13/2003 19:30,24.55
,8/13/2003 20:00,24.65
,8/13/2003 20:30,24.7
,8/13/2003 21:00,24.65
,8/13/2003 21:30,24.7
,8/13/2003 22:00,24.8
,8/13/2003 22:30,24.1
,8/13/2003 23:00,24.1
,8/13/2003 23:30,24
,8/14/2003 0:00,24.05
,8/14/2003 0:30,24.15
,8/14/2003 1:00,24.2
,8/14/2003 1:30,24.1
,8/14/2003 2:00,24.2
,8/14/2003 2:30,24.3
,8/14/2003 3:00,24.4
,8/14/2003 3:30,24.5
,8/14/2003 4:00,24.55
,8/14/2003 4:30,24.65
,8/14/2003 5:00,24.7
,8/14/2003 5:30,24.8
,8/14/2003 6:00,24.85
,8/14/2003 6:30,24.9
,8/14/2003 7:00,25
,8/14/2003 7:30,24.2
,8/14/2003 8:00,24.1
,8/14/2003 8:30,24.2
,8/14/2003 9:00,23.95
,8/14/2003 9:30,23.75
,8/14/2003 10:00,23.85
,8/14/2003 10:30,23.9
,8/14/2003 11:00,24
,8/14/2003 11:30,24.1
,8/14/2003 12:00,24.15
,8/14/2003 12:30,24.2
,8/14/2003 13:00,24.3
,8/14/2003 13:30,24.35
,8/14/2003 14:00,24.4
,8/14/2003 14:30,24.45
,8/14/2003 15:00,24.5
,8/14/2003 15:30,24.55
,8/14/2003 16:00,24.6
,8/14/2003 16:30,24.65
,8/14/2003 17:00,24.7
,8/14/2003 17:30,24.7
,8/14/2003 18:00,24.7
,8/14/2003 18:30,24.7
,8/14/2003 19:00,24.75
,8/14/2003 19:30,24.8
,8/14/2003 20:00,24.8
,8/14/2003 20:30,24.8
,8/14/2003 21:00,24.8
,8/14/2003 21:30,24.8
,8/14/2003 22:00,24.8
,8/14/2003 22:30,24.8
,8/14/2003 23:00,24.8
,8/14/2003 23:30,24.8
,8/15/2003 0:00,24.7
,8/15/2003 0:30,24.7
,8/15/2003 1:00,24.7
,8/15/2003 1:30,24.7
,8/15/2003 2:00,24.7
,8/15/2003 2:30,24.7
,8/15/2003 3:00,24.6
,8/15/2003 3:30,24.6
,8/15/2003 4:00,24.6
,8/15/2003 4:30,24.6
,8/15/2003 5:00,24.5
,8/15/2003 5:30,24.5
,8/15/2003 6:00,24.5
,8/15/2003 6:30,24.45
,8/15/2003 7:00,24.4
,8/15/2003 7:30,24.4
,8/15/2003 8:00,24.4
,8/15/2003 8:30,24.3
,8/15/2003 9:00,24.3
,8/15/2003 9:30,24.3
,8/15/2003 10:00,24.3
,8/15/2003 10:30,24.2
,8/15/2003 11:00,24.2
,8/15/2003 11:30,24.2
,8/15/2003 12:00,24.2
,8/15/2003 12:30,24.1
,8/15/2003 13:00,24.1
,8/15/2003 13:30,24.1
,8/15/2003 14:00,24.1
,8/15/2003 14:30,24.1
,8/15/2003 15:00,24.1
,8/15/2003 15:30,24
,8/15/2003 16:00,24
,8/15/2003 16:30,24
,8/15/2003 17:00,24
,8/15/2003 17:30,24
,8/15/2003 18:00,24
,8/15/2003 18:30,24
,8/15/2003 19:00,24
,8/15/2003 19:30,24
,8/15/2003 20:00,22.75
,8/15/2003 20:30,22.8
,8/15/2003 21:00,22.85
,8/15/2003 21:30,22.9
,8/15/2003 22:00,22.5
,8/15/2003 22:30,22.6
,8/15/2003 23:00,22.7
,8/15/2003 23:30,22.75
,8/16/2003 0:00,22.85
,8/16/2003 0:30,22.9
,8/16/2003 1:00,22.95
,8/16/2003 1:30,23
,8/16/2003 2:00,23.1
,8/16/2003 2:30,23.15
,8/16/2003 3:00,23.2
,8/16/2003 3:30,23.25
,8/16/2003 4:00,23.3
,8/16/2003 4:30,23.3
,8/16/2003 5:00,23.4
,8/16/2003 5:30,23.4
,8/16/2003 6:00,22.8
,8/16/2003 6:30,22.25
,8/16/2003 7:00,22.3
,8/16/2003 7:30,22.4
,8/16/2003 8:00,22.5
,8/16/2003 8:30,22.55
,8/16/2003 9:00,22.3
,8/16/2003 9:30,22.1
,8/16/2003 10:00,22.1
,8/16/2003 10:30,22.2
,8/16/2003 11:00,22.25
,8/16/2003 11:30,22.35
,8/16/2003 12:00,22.4
,8/16/2003 12:30,22.5
,8/16/2003 13:00,22.55
,8/16/2003 13:30,22.65
,8/16/2003 14:00,22.7
,8/16/2003 14:30,22.8
,8/16/2003 15:00,22.85
,8/16/2003 15:30,22.9
,8/16/2003 16:00,23
,8/16/2003 16:30,23.05
,8/16/2003 17:00,23.1
,8/16/2003 17:30,23.2
,8/16/2003 18:00,23.2
,8/16/2003 18:30,23.3
,8/16/2003 19:00,23.3
,8/16/2003 19:30,23.35
,8/16/2003 20:00,23.4
,8/16/2003 20:30,23.4
,8/16/2003 21:00,22.6
,8/16/2003 21:30,21.8
,8/16/2003 22:00,21.9
,8/16/2003 22:30,21.6
,8/16/2003 23:00,21.65
,8/16/2003 23:30,21.45
,8/17/2003 0:00,21.55
,8/17/2003 0:30,21.7
,8/17/2003 1:00,21.8
,8/17/2003 1:30,21.9
,8/17/2003 2:00,22
,8/17/2003 2:30,22.1
,8/17/2003 3:00,22.15
,8/17/2003 3:30,22.25
,8/17/2003 4:00,22.3
,8/17/2003 4:30,22.4
,8/17/2003 5:00,22.45
,8/17/2003 5:30,22.5
,8/17/2003 6:00,22.55
,8/17/2003 6:30,22.6
,8/17/2003 7:00,22.65
,8/17/2003 7:30,21.75
,8/17/2003 8:00,21.8
,8/17/2003 8:30,21.75
,8/17/2003 9:00,21.7
,8/17/2003 9:30,21.8
,8/17/2003 10:00,21.85
,8/17/2003 10:30,21.35
,8/17/2003 11:00,21.35
,8/17/2003 11:30,21.35
,8/17/2003 12:00,21.45
,8/17/2003 12:30,21.55
,8/17/2003 13:00,21.65
,8/17/2003 13:30,21.75
,8/17/2003 14:00,21.85
,8/17/2003 14:30,21.4
,8/17/2003 15:00,21.55
,8/17/2003 15:30,21.65
,8/17/2003 16:00,21.75
,8/17/2003 16:30,21.85
,8/17/2003 17:00,21.95
,8/17/2003 17:30,21.75
,8/17/2003 18:00,21.55
,8/17/2003 18:30,21.45
,8/17/2003 19:00,21.35
,8/17/2003 19:30,21.45
,8/17/2003 20:00,21.6
,8/17/2003 20:30,21.7
,8/17/2003 21:00,21.35
,8/17/2003 21:30,20.95
,8/17/2003 22:00,21.15
,8/17/2003 22:30,21.2
,8/17/2003 23:00,21.15
,8/17/2003 23:30,21.1
,8/18/2003 0:00,21.25
,8/18/2003 0:30,21.4
,8/18/2003 1:00,21.55
,8/18/2003 1:30,21.65
,8/18/2003 2:00,21.8
,8/18/2003 2:30,21.95
,8/18/2003 3:00,22.05
,8/18/2003 3:30,22.15
,8/18/2003 4:00,22.3
,8/18/2003 4:30,22.4
,8/18/2003 5:00,22.5
,8/18/2003 5:30,22.6
,8/18/2003 6:00,22.65
,8/18/2003 6:30,22.2
,8/18/2003 7:00,21.8
,8/18/2003 7:30,21.6
,8/18/2003 8:00,21.55
,8/18/2003 8:30,21.65
,8/18/2003 9:00,21.8
,8/18/2003 9:30,21.9
,8/18/2003 10:00,22
,8/18/2003 10:30,22.1
,8/18/2003 11:00,22.2
,8/18/2003 11:30,22.3
,8/18/2003 12:00,22.4
,8/18/2003 12:30,22.5
,8/18/2003 13:00,22.6
,8/18/2003 13:30,22.7
,8/18/2003 14:00,22.8
,8/18/2003 14:30,22.9
,8/18/2003 15:00,23
,8/18/2003 15:30,23.1
,8/18/2003 16:00,23.2
,8/18/2003 16:30,23.25
,8/18/2003 17:00,23.35
,8/18/2003 17:30,23.4
,8/18/2003 18:00,23.5
,8/18/2003 18:30,22.1
,8/18/2003 19:00,22.2
,8/18/2003 19:30,22.35
,8/18/2003 20:00,22.45
,8/18/2003 20:30,21.35
,8/18/2003 21:00,21.45
,8/18/2003 21:30,21.65
,8/18/2003 22:00,21.75
,8/18/2003 22:30,21.95
,8/18/2003 23:00,21.55
,8/18/2003 23:30,21.25
,8/19/2003 0:00,21.35
,8/19/2003 0:30,21.55
,8/19/2003 1:00,21.75
,8/19/2003 1:30,21.85
,8/19/2003 2:00,22.05
,8/19/2003 2:30,22.15
,8/19/2003 3:00,21.4
,8/19/2003 3:30,21.55
,8/19/2003 4:00,21.7
,8/19/2003 4:30,21.85
,8/19/2003 5:00,21.95
,8/19/2003 5:30,22.1
,8/19/2003 6:00,22.25
,8/19/2003 6:30,22.35
,8/19/2003 7:00,22.5
,8/19/2003 7:30,22.6
,8/19/2003 8:00,22.7
,8/19/2003 8:30,22.8
,8/19/2003 9:00,22.3
,8/19/2003 9:30,21.95
,8/19/2003 10:00,22.1
,8/19/2003 10:30,21.7
,8/19/2003 11:00,21.35
,8/19/2003 11:30,21.45
,8/19/2003 12:00,21.15
,8/19/2003 12:30,21.35
,8/19/2003 13:00,21.45
,8/19/2003 13:30,21.65
,8/19/2003 14:00,21.65
,8/19/2003 14:30,21.45
,8/19/2003 15:00,21.4
,8/19/2003 15:30,21.45
,8/19/2003 16:00,21.65
,8/19/2003 16:30,21.85
,8/19/2003 17:00,21.95
,8/19/2003 17:30,22.15
,8/19/2003 18:00,22.25
,8/19/2003 18:30,22.45
,8/19/2003 19:00,22.55
,8/19/2003 19:30,22.7
,8/19/2003 20:00,21.7
,8/19/2003 20:30,21.85
,8/19/2003 21:00,21.95
,8/19/2003 21:30,21.75
,8/19/2003 22:00,21.45
,8/19/2003 22:30,21.65
,8/19/2003 23:00,21.85
,8/19/2003 23:30,22.05
,8/20/2003 0:00,22.15
,8/20/2003 0:30,22.35
,8/20/2003 1:00,22.5
,8/20/2003 1:30,22.65
,8/20/2003 2:00,22.75
,8/20/2003 2:30,22.9
,8/20/2003 3:00,23
,8/20/2003 3:30,23.1
,8/20/2003 4:00,23.25
,8/20/2003 4:30,23.35
,8/20/2003 5:00,23.4
,8/20/2003 5:30,23.5
,8/20/2003 6:00,23.6
,8/20/2003 6:30,23.7
,8/20/2003 7:00,22.1
,8/20/2003 7:30,22.2
,8/20/2003 8:00,21.95
,8/20/2003 8:30,21.65
,8/20/2003 9:00,21.8
,8/20/2003 9:30,21.95
,8/20/2003 10:00,22.15
,8/20/2003 10:30,22.25
,8/20/2003 11:00,22.4
,8/20/2003 11:30,22.55
,8/20/2003 12:00,22.7
,8/20/2003 12:30,22.85
,8/20/2003 13:00,22.95
,8/20/2003 13:30,23.15
,8/20/2003 14:00,23.35
,8/20/2003 14:30,23.45
,8/20/2003 15:00,23.55
,8/20/2003 15:30,23.1
,8/20/2003 16:00,22.55
,8/20/2003 16:30,22.65
,8/20/2003 17:00,22.85
,8/20/2003 17:30,22.95
,8/20/2003 18:00,23.15
,8/20/2003 18:30,23.25
,8/20/2003 19:00,23.4
,8/20/2003 19:30,21.75
,8/20/2003 20:00,21.95
,8/20/2003 20:30,22.15
,8/20/2003 21:00,21.9
,8/20/2003 21:30,21.65
,8/20/2003 22:00,21.85
,8/20/2003 22:30,22.05
,8/20/2003 23:00,22.1
,8/20/2003 23:30,22.15
,8/21/2003 0:00,22.35
,8/21/2003 0:30,22.2
,8/21/2003 1:00,21.95
,8/21/2003 1:30,22.15
,8/21/2003 2:00,22.35
,8/21/2003 2:30,22.55
,8/21/2003 3:00,22.75
,8/21/2003 3:30,22.85
,8/21/2003 4:00,23.05
,8/21/2003 4:30,23.2
,8/21/2003 5:00,23.35
,8/21/2003 5:30,23.45
,8/21/2003 6:00,23.6
,8/21/2003 6:30,23.75
,8/21/2003 7:00,23.85
,8/21/2003 7:30,22.15
,8/21/2003 8:00,21.85
,8/21/2003 8:30,21.95
,8/21/2003 9:00,22.15
,8/21/2003 9:30,22.35
,8/21/2003 10:00,22.55
,8/21/2003 10:30,22.7
,8/21/2003 11:00,22.85
,8/21/2003 11:30,23.05
,8/21/2003 12:00,23.25
,8/21/2003 12:30,23.35
,8/21/2003 13:00,23.55
,8/21/2003 13:30,23.7
,8/21/2003 14:00,23.85
,8/21/2003 14:30,24
,8/21/2003 15:00,24.15
,8/21/2003 15:30,24.3
,8/21/2003 16:00,24.45
,8/21/2003 16:30,24.6
,8/21/2003 17:00,24.75
,8/21/2003 17:30,24.85
,8/21/2003 18:00,25.05
,8/21/2003 18:30,21.65
,8/21/2003 19:00,21.9
,8/21/2003 19:30,22.05
,8/21/2003 20:00,22.3
,8/21/2003 20:30,21.45
,8/21/2003 21:00,21.7
,8/21/2003 21:30,22
,8/21/2003 22:00,21.95
,8/21/2003 22:30,22.2
,8/21/2003 23:00,22.45
,8/21/2003 23:30,22.65
,8/22/2003 0:00,22.95
,8/22/2003 0:30,23.15
,8/22/2003 1:00,23.35
,8/22/2003 1:30,23.55
,8/22/2003 2:00,23.75
,8/22/2003 2:30,23.95
,8/22/2003 3:00,24.15
,8/22/2003 3:30,24.35
,8/22/2003 4:00,24.5
,8/22/2003 4:30,24.65
,8/22/2003 5:00,24.85
,8/22/2003 5:30,24.95
,8/22/2003 6:00,23.25
,8/22/2003 6:30,23.45
,8/22/2003 7:00,22.65
,8/22/2003 7:30,22.25
,8/22/2003 8:00,21.95
,8/22/2003 8:30,22.15
,8/22/2003 9:00,22.4
,8/22/2003 9:30,22.65
,8/22/2003 10:00,22.85
,8/22/2003 10:30,23.1
,8/22/2003 11:00,23.35
,8/22/2003 11:30,23.55
,8/22/2003 12:00,23.75
,8/22/2003 12:30,23.95
,8/22/2003 13:00,24.15
,8/22/2003 13:30,24.35
,8/22/2003 14:00,24.55
,8/22/2003 14:30,24.75
,8/22/2003 15:00,24.95
,8/22/2003 15:30,25.1
,8/22/2003 16:00,25.35
,8/22/2003 16:30,25.5
,8/22/2003 17:00,25.65
,8/22/2003 17:30,25.85
,8/22/2003 18:00,26.05
,8/22/2003 18:30,26.25
,8/22/2003 19:00,22.55
,8/22/2003 19:30,22.3
,8/22/2003 20:00,22.55
,8/22/2003 20:30,22.75
,8/22/2003 21:00,22.95
,8/22/2003 21:30,23.15
,8/22/2003 22:00,23.4
,8/22/2003 22:30,23.65
,8/22/2003 23:00,23.85
,8/22/2003 23:30,24.05
,8/23/2003 0:00,24.25
,8/23/2003 0:30,24.45
,8/23/2003 1:00,24.65
,8/23/2003 1:30,24.85
,8/23/2003 2:00,25.05
,8/23/2003 2:30,25.25
,8/23/2003 3:00,25.45
,8/23/2003 3:30,25.6
,8/23/2003 4:00,25.75
,8/23/2003 4:30,25.95
,8/23/2003 5:00,26.05
,8/23/2003 5:30,26.25
,8/23/2003 6:00,26.35
,8/23/2003 6:30,26.45
,8/23/2003 7:00,26.6
,8/23/2003 7:30,23
,8/23/2003 8:00,23.2
,8/23/2003 8:30,23.35
,8/23/2003 9:00,23.55
,8/23/2003 9:30,23.85
,8/23/2003 10:00,24.05
,8/23/2003 10:30,24.25
,8/23/2003 11:00,24.45
,8/23/2003 11:30,23.85
,8/23/2003 12:00,24.05
,8/23/2003 12:30,24.3
,8/23/2003 13:00,24.55
,8/23/2003 13:30,24.75
,8/23/2003 14:00,24.6
,8/23/2003 14:30,24.45
,8/23/2003 15:00,24.65
,8/23/2003 15:30,24.85
,8/23/2003 16:00,24.95
,8/23/2003 16:30,25.2
,8/23/2003 17:00,25.45
,8/23/2003 17:30,25.6
,8/23/2003 18:00,25.8
,8/23/2003 18:30,25.95
,8/23/2003 19:00,24.25
,8/23/2003 19:30,24.55
,8/23/2003 20:00,24.25
,8/23/2003 20:30,24.45
,8/23/2003 21:00,24.2
,8/23/2003 21:30,24.35
,8/23/2003 22:00,24.55
,8/23/2003 22:30,24.7
,8/23/2003 23:00,24.85
,8/23/2003 23:30,24.8
,8/24/2003 0:00,24.65
,8/24/2003 0:30,24.8
,8/24/2003 1:00,24.95
,8/24/2003 1:30,25.15
,8/24/2003 2:00,25.3
,8/24/2003 2:30,25.45
,8/24/2003 3:00,25.6
,8/24/2003 3:30,25.75
,8/24/2003 4:00,25.9
,8/24/2003 4:30,26.05
,8/24/2003 5:00,26.15
,8/24/2003 5:30,26.25
,8/24/2003 6:00,26.4
,8/24/2003 6:30,26.5
,8/24/2003 7:00,26.6
,8/24/2003 7:30,24.65
,8/24/2003 8:00,24.4
,8/24/2003 8:30,24.25
,8/24/2003 9:00,24.35
,8/24/2003 9:30,24.55
,8/24/2003 10:00,24.55
,8/24/2003 10:30,24.7
,8/24/2003 11:00,24.85
,8/24/2003 11:30,25.05
,8/24/2003 12:00,24.65
,8/24/2003 12:30,24.75
,8/24/2003 13:00,24.95
,8/24/2003 13:30,25.15
,8/24/2003 14:00,24.95
,8/24/2003 14:30,25.1
,8/24/2003 15:00,25.25
,8/24/2003 15:30,25.45
,8/24/2003 16:00,25.6
,8/24/2003 16:30,25.8
,8/24/2003 17:00,25
,8/24/2003 17:30,25.15
,8/24/2003 18:00,25.35
,8/24/2003 18:30,25.5
,8/24/2003 19:00,25.65
,8/24/2003 19:30,25.85
,8/24/2003 20:00,25.95
,8/24/2003 20:30,26.15
,8/24/2003 21:00,26.3
,8/24/2003 21:30,25.8
,8/24/2003 22:00,25.3
,8/24/2003 22:30,25.45
,8/24/2003 23:00,25.6
,8/24/2003 23:30,25.75
,8/25/2003 0:00,25.9
,8/25/2003 0:30,26.05
,8/25/2003 1:00,26.15
,8/25/2003 1:30,26.3
,8/25/2003 2:00,26.4
,8/25/2003 2:30,26.55
,8/25/2003 3:00,26.65
,8/25/2003 3:30,26.75
,8/25/2003 4:00,26.85
,8/25/2003 4:30,26.9
,8/25/2003 5:00,27
,8/25/2003 5:30,27.05
,8/25/2003 6:00,27.1
,8/25/2003 6:30,26.15
,8/25/2003 7:00,25.2
,8/25/2003 7:30,24.75
,8/25/2003 8:00,24.75
,8/25/2003 8:30,24.8
,8/25/2003 9:00,24.95
,8/25/2003 9:30,25.05
,8/25/2003 10:00,25.25
,8/25/2003 10:30,25.35
,8/25/2003 11:00,25.55
,8/25/2003 11:30,25.65
,8/25/2003 12:00,25.85
,8/25/2003 12:30,25.95
,8/25/2003 13:00,26.1
,8/25/2003 13:30,26.25
,8/25/2003 14:00,26.4
,8/25/2003 14:30,26.55
,8/25/2003 15:00,26.65
,8/25/2003 15:30,26.8
,8/25/2003 16:00,26.9
,8/25/2003 16:30,27.05
,8/25/2003 17:00,27.15
,8/25/2003 17:30,27.25
,8/25/2003 18:00,27.4
,8/25/2003 18:30,26.55
,8/25/2003 19:00,25.05
,8/25/2003 19:30,25.25
,8/25/2003 20:00,25.4
,8/25/2003 20:30,25.55
,8/25/2003 21:00,25.5
,8/25/2003 21:30,25.55
,8/25/2003 22:00,25.65
,8/25/2003 22:30,25.8
,8/25/2003 23:00,25.9
,8/25/2003 23:30,26.05
,8/26/2003 0:00,26.15
,8/26/2003 0:30,26.3
,8/26/2003 1:00,26.35
,8/26/2003 1:30,26.45
,8/26/2003 2:00,26.55
,8/26/2003 2:30,26.65
,8/26/2003 3:00,26.7
,8/26/2003 3:30,26.8
,8/26/2003 4:00,26.9
,8/26/2003 4:30,26.9
,8/26/2003 5:00,27
,8/26/2003 5:30,27
,8/26/2003 6:00,27.1
,8/26/2003 6:30,27.1
,8/26/2003 7:00,25.05
,8/26/2003 7:30,24.9
,8/26/2003 8:00,24.95
,8/26/2003 8:30,25.05
,8/26/2003 9:00,25.2
,8/26/2003 9:30,25.35
,8/26/2003 10:00,25.45
,8/26/2003 10:30,25.55
,8/26/2003 11:00,25.7
,8/26/2003 11:30,25.85
,8/26/2003 12:00,25.95
,8/26/2003 12:30,25.65
,8/26/2003 13:00,25.35
,8/26/2003 13:30,25.5
,8/26/2003 14:00,25.65
,8/26/2003 14:30,25.75
,8/26/2003 15:00,25.9
,8/26/2003 15:30,26
,8/26/2003 16:00,26.1
,8/26/2003 16:30,26.25
,8/26/2003 17:00,25.9
,8/26/2003 17:30,25.55
,8/26/2003 18:00,25.7
,8/26/2003 18:30,25.8
,8/26/2003 19:00,25.6
,8/26/2003 19:30,25.45
,8/26/2003 20:00,25.55
,8/26/2003 20:30,25.65
,8/26/2003 21:00,25.8
,8/26/2003 21:30,25.5
,8/26/2003 22:00,25.45
,8/26/2003 22:30,25.6
,8/26/2003 23:00,25.75
,8/26/2003 23:30,25.15
,8/27/2003 0:00,25.15
,8/27/2003 0:30,25.3
,8/27/2003 1:00,25.45
,8/27/2003 1:30,25.55
,8/27/2003 2:00,25.7
,8/27/2003 2:30,25.8
,8/27/2003 3:00,25.9
,8/27/2003 3:30,26.05
,8/27/2003 4:00,26.15
,8/27/2003 4:30,26.25
,8/27/2003 5:00,26.35
,8/27/2003 5:30,26.45
,8/27/2003 6:00,26.55
,8/27/2003 6:30,26.6
,8/27/2003 7:00,26.7
,8/27/2003 7:30,26.8
,8/27/2003 8:00,26.85
,8/27/2003 8:30,24.8
,8/27/2003 9:00,24.9
,8/27/2003 9:30,24.8
,8/27/2003 10:00,12.4
,8/27/2003 10:30,12.05
,8/27/2003 11:00,25.75
,8/27/2003 11:30,25.6
,8/27/2003 12:00,25.75
,8/27/2003 12:30,25.85
,8/27/2003 13:00,25.95
,8/27/2003 13:30,26.1
,8/27/2003 14:00,26.2
,8/27/2003 14:30,26.2
,8/27/2003 15:00,25.95
,8/27/2003 15:30,24.9
,8/27/2003 16:00,24.8
,8/27/2003 16:30,24.85
,8/27/2003 17:00,24.75
,8/27/2003 17:30,24.75
,8/27/2003 18:00,24.85
,8/27/2003 18:30,24.95
,8/27/2003 19:00,24.7
,8/27/2003 19:30,25
,8/27/2003 20:00,25.1
,8/27/2003 20:30,24.95
,8/27/2003 21:00,24.8
,8/27/2003 21:30,23.3
,8/27/2003 22:00,23.3
,8/27/2003 22:30,23.1
,8/27/2003 23:00,23.15
,8/27/2003 23:30,23.25
,8/28/2003 0:00,23.35
,8/28/2003 0:30,23.25
,8/28/2003 1:00,23.3
,8/28/2003 1:30,23.45
,8/28/2003 2:00,23.45
,8/28/2003 2:30,23.5
,8/28/2003 3:00,23.45
,8/28/2003 3:30,23.6
,8/28/2003 4:00,23.6
,8/28/2003 4:30,23.6
,8/28/2003 5:00,23.45
,8/28/2003 5:30,23.6
,8/28/2003 6:00,23.35
,8/28/2003 6:30,22.85
,8/28/2003 7:00,22.25
,8/28/2003 7:30,22.3
,8/28/2003 8:00,22.5
,8/28/2003 8:30,22.6
,8/28/2003 9:00,22.7
,8/28/2003 9:30,22.65
,8/28/2003 10:00,22.6
,8/28/2003 10:30,22.6
,8/28/2003 11:00,22.75
,8/28/2003 11:30,22.7
,8/28/2003 12:00,22.65
,8/28/2003 12:30,25.3
,8/28/2003 13:00,25.45
,8/28/2003 13:30,25.55
,8/28/2003 14:00,25.6
,8/28/2003 14:30,25.7
,8/28/2003 15:00,25.8
,8/28/2003 15:30,25.8
,8/28/2003 16:00,25.9
,8/28/2003 16:30,25.9
,8/28/2003 17:00,26
,8/28/2003 17:30,26
,8/28/2003 18:00,26.1
,8/28/2003 18:30,24.65
,8/28/2003 19:00,24.6
,8/28/2003 19:30,24.65
,8/28/2003 20:00,24.7
,8/28/2003 20:30,24.05
,8/28/2003 21:00,20.95
,8/28/2003 21:30,21.05
,8/28/2003 22:00,21.15
,8/28/2003 22:30,21.15
,8/28/2003 23:00,21.1
,8/28/2003 23:30,20.7
,8/29/2003 0:00,20.5
,8/29/2003 0:30,20.6
,8/29/2003 1:00,20.65
,8/29/2003 1:30,20.45
,8/29/2003 2:00,20.65
,8/29/2003 2:30,21.3
,8/29/2003 3:00,21.1
,8/29/2003 3:30,21.05
,8/29/2003 4:00,21.3
,8/29/2003 4:30,21.5
,8/29/2003 5:00,21.6
,8/29/2003 5:30,21.5
,8/29/2003 6:00,21.6
,8/29/2003 6:30,21.35
,8/29/2003 7:00,20.95
,8/29/2003 7:30,20.95
,8/29/2003 8:00,21.25
,8/29/2003 8:30,21.3
,8/29/2003 9:00,21.5
,8/29/2003 9:30,21.6
,8/29/2003 10:00,21.7
,8/29/2003 10:30,21.75
,8/29/2003 11:00,21.75
,8/29/2003 11:30,21.95
,8/29/2003 12:00,22
,8/29/2003 12:30,22.3
,8/29/2003 13:00,22.35
,8/29/2003 13:30,22.15
,8/29/2003 14:00,22.25
,8/29/2003 14:30,22.2
,8/29/2003 15:00,22.45
,8/29/2003 15:30,22.35
,8/29/2003 16:00,22.45
,8/29/2003 16:30,22.6
,8/29/2003 17:00,22.25
,8/29/2003 17:30,21.95
,8/29/2003 18:00,20.95
,8/29/2003 18:30,17.05
,8/29/2003 19:00,16
,8/29/2003 19:30,14.35
,8/29/2003 20:00,9.1
,8/29/2003 20:30,-1.7
,8/29/2003 21:00,-4.25
,8/29/2003 21:30,2.25
,8/29/2003 22:00,0.4
,8/29/2003 22:30,2.35
,8/29/2003 23:00,2.1
,8/29/2003 23:30,1.1
,8/30/2003 0:00,-5.35
,8/30/2003 0:30,-3.35
,8/30/2003 1:00,-3.15
,8/30/2003 1:30,-13.35
,8/30/2003 2:00,-16.75
,8/30/2003 2:30,-17.4
,8/30/2003 3:00,-16.6
,8/30/2003 3:30,-22.25
,8/30/2003 4:00,-25.25
,8/30/2003 4:30,-27.6
,8/30/2003 5:00,-28.5
,8/30/2003 5:30,-26.45
,8/30/2003 6:00,-25.4
,8/30/2003 6:30,-12.7
,8/30/2003 7:00,-4.05
,8/30/2003 7:30,5.05
,8/30/2003 8:00,1.9
,8/30/2003 8:30,3.45
,8/30/2003 9:00,7.3
,8/30/2003 9:30,8.65
,8/30/2003 10:00,3.45
,8/30/2003 10:30,9.4
,8/30/2003 11:00,10.75
,8/30/2003 11:30,21.65
,8/30/2003 12:00,21.5
,8/30/2003 12:30,23.3
,8/30/2003 13:00,23.9
,8/30/2003 13:30,23.9
,8/30/2003 14:00,24.15
,8/30/2003 14:30,24.3
,8/30/2003 15:00,24.6
,8/30/2003 15:30,24.55
,8/30/2003 16:00,24.65
,8/30/2003 16:30,24.8
,8/30/2003 17:00,24.9
,8/30/2003 17:30,25.1
,8/30/2003 18:00,25.45
,8/30/2003 18:30,25.65
,8/30/2003 19:00,25.8
,8/30/2003 19:30,26.05
,8/30/2003 20:00,26.2
,8/30/2003 20:30,26.25
,8/30/2003 21:00,26.35
,8/30/2003 21:30,26.45
,8/30/2003 22:00,26.5
,8/30/2003 22:30,26.5
,8/30/2003 23:00,26.7
,8/30/2003 23:30,26.7
,8/31/2003 0:00,26.7
,8/31/2003 0:30,26.7
,8/31/2003 1:00,26.75
,8/31/2003 1:30,26.8
,8/31/2003 2:00,26.8
,8/31/2003 2:30,26.7
,8/31/2003 3:00,26.75
,8/31/2003 3:30,26.8
,8/31/2003 4:00,26.7
,8/31/2003 4:30,26.7
,8/31/2003 5:00,26.7
,8/31/2003 5:30,26.7
,8/31/2003 6:00,24.65
,8/31/2003 6:30,24.75
,8/31/2003 7:00,24.8
,8/31/2003 7:30,24.9
,8/31/2003 8:00,24.95
,8/31/2003 8:30,25.05
,8/31/2003 9:00,25.1
,8/31/2003 9:30,25.2
,8/31/2003 10:00,25.2
,8/31/2003 10:30,25.3
,8/31/2003 11:00,25.35
,8/31/2003 11:30,25.4
,8/31/2003 12:00,25.4
,8/31/2003 12:30,25.5
,8/31/2003 13:00,25.5
,8/31/2003 13:30,25.6
,8/31/2003 14:00,25.6
,8/31/2003 14:30,25.7
,8/31/2003 15:00,25.7
,8/31/2003 15:30,25.7
,8/31/2003 16:00,25.8
,8/31/2003 16:30,25.9
,8/31/2003 17:00,25.9
,8/31/2003 17:30,26
,8/31/2003 18:00,26.05
,8/31/2003 18:30,26.1
,8/31/2003 19:00,26.1
,8/31/2003 19:30,26.1
,8/31/2003 20:00,26.15
,8/31/2003 20:30,26.2
,8/31/2003 21:00,26.2
,8/31/2003 21:30,26.2
,8/31/2003 22:00,26.2
,8/31/2003 22:30,26.2
,8/31/2003 23:00,26.2
,8/31/2003 23:30,26.2
,9/1/2003 0:00,24.4
,9/1/2003 0:30,24.5
,9/1/2003 1:00,24.6
,9/1/2003 1:30,24.65
,9/1/2003 2:00,24.7
,9/1/2003 2:30,24.8
,9/1/2003 3:00,24.8
,9/1/2003 3:30,24.9
,9/1/2003 4:00,24.9
,9/1/2003 4:30,25
,9/1/2003 5:00,25
,9/1/2003 5:30,25.05
,9/1/2003 6:00,25.1
,9/1/2003 6:30,24.6
,9/1/2003 7:00,24.1
,9/1/2003 7:30,24.2
,9/1/2003 8:00,24.05
,9/1/2003 8:30,24.15
,9/1/2003 9:00,24.2
,9/1/2003 9:30,24.3
,9/1/2003 10:00,24.3
,9/1/2003 10:30,24.4
,9/1/2003 11:00,24.45
,9/1/2003 11:30,24.5
,9/1/2003 12:00,24.55
,9/1/2003 12:30,23.9
,9/1/2003 13:00,23.95
,9/1/2003 13:30,24
,9/1/2003 14:00,24.1
,9/1/2003 14:30,24.2
,9/1/2003 15:00,24.25
,9/1/2003 15:30,24.3
,9/1/2003 16:00,24.4
,9/1/2003 16:30,24.45
,9/1/2003 17:00,24.55
,9/1/2003 17:30,24.6
,9/1/2003 18:00,24.3
,9/1/2003 18:30,24
,9/1/2003 19:00,24.1
,9/1/2003 19:30,24.15
,9/1/2003 20:00,23.75
,9/1/2003 20:30,23.85
,9/1/2003 21:00,23.65
,9/1/2003 21:30,23.7
,9/1/2003 22:00,23.8
,9/1/2003 22:30,23.9
,9/1/2003 23:00,23.75
,9/1/2003 23:30,23.7
,9/2/2003 0:00,23.8
,9/2/2003 0:30,23.9
,9/2/2003 1:00,24
,9/2/2003 1:30,24.05
,9/2/2003 2:00,24.15
,9/2/2003 2:30,24.2
,9/2/2003 3:00,24.3
,9/2/2003 3:30,24.4
,9/2/2003 4:00,24.4
,9/2/2003 4:30,24.5
,9/2/2003 5:00,24.55
,9/2/2003 5:30,24.6
,9/2/2003 6:00,24.65
,9/2/2003 6:30,24.7
,9/2/2003 7:00,24.7
,9/2/2003 7:30,24.8
,9/2/2003 8:00,23.75
,9/2/2003 8:30,23.4
,9/2/2003 9:00,23.4
,9/2/2003 9:30,23.5
,9/2/2003 10:00,23.65
,9/2/2003 10:30,23.7
,9/2/2003 11:00,23.85
,9/2/2003 11:30,23.95
,9/2/2003 12:00,24.05
,9/2/2003 12:30,24.15
,9/2/2003 13:00,24.25
,9/2/2003 13:30,24.35
,9/2/2003 14:00,24.45
,9/2/2003 14:30,24.55
,9/2/2003 15:00,24.65
,9/2/2003 15:30,24.75
,9/2/2003 16:00,24.85
,9/2/2003 16:30,24.95
,9/2/2003 17:00,25.05
,9/2/2003 17:30,25.15
,9/2/2003 18:00,24.6
,9/2/2003 18:30,24.1
,9/2/2003 19:00,24.15
,9/2/2003 19:30,24.25
,9/2/2003 20:00,24.3
,9/2/2003 20:30,24.45
,9/2/2003 21:00,23.5
,9/2/2003 21:30,23.5
,9/2/2003 22:00,23.65
,9/2/2003 22:30,23.7
,9/2/2003 23:00,23.6
,9/2/2003 23:30,23.65
,9/3/2003 0:00,23.35
,9/3/2003 0:30,23
,9/3/2003 1:00,22.45
,9/3/2003 1:30,14.9
,9/3/2003 2:00,3.1
,9/3/2003 2:30,1.95
,9/3/2003 3:00,5.6
,9/3/2003 3:30,19.65
,9/3/2003 4:00,20.25
,9/3/2003 4:30,23.25
,9/3/2003 5:00,23.25
,9/3/2003 5:30,22.65
,9/3/2003 6:00,23.15
,9/3/2003 6:30,23.1
,9/3/2003 7:00,23.25
,9/3/2003 7:30,23.4
,9/3/2003 8:00,23.7
,9/3/2003 8:30,24.1
,9/3/2003 9:00,24.3
,9/3/2003 9:30,24.5
,9/3/2003 10:00,23.8
,9/3/2003 10:30,23.05
,9/3/2003 11:00,23.5
,9/3/2003 11:30,23.8
,9/3/2003 12:00,23.85
,9/3/2003 12:30,23.95
,9/3/2003 13:00,24.25
,9/3/2003 13:30,24.45
,9/3/2003 14:00,24.7
,9/3/2003 14:30,24.9
,9/3/2003 15:00,25.15
,9/3/2003 15:30,25.4
,9/3/2003 16:00,25.65
,9/3/2003 16:30,25.85
,9/3/2003 17:00,26.05
,9/3/2003 17:30,26.25
,9/3/2003 18:00,26.45
,9/3/2003 18:30,26.65
,9/3/2003 19:00,26.85
,9/3/2003 19:30,27.05
,9/3/2003 20:00,27.25
,9/3/2003 20:30,27.35
,9/3/2003 21:00,27.5
,9/3/2003 21:30,27.65
,9/3/2003 22:00,24.85
,9/3/2003 22:30,24.65
,9/3/2003 23:00,24.75
,9/3/2003 23:30,24.95
,9/4/2003 0:00,25.15
,9/4/2003 0:30,25.35
,9/4/2003 1:00,25.55
,9/4/2003 1:30,25.65
,9/4/2003 2:00,25.9
,9/4/2003 2:30,26.05
,9/4/2003 3:00,26.25
,9/4/2003 3:30,26.35
,9/4/2003 4:00,26.5
,9/4/2003 4:30,26.65
,9/4/2003 5:00,26.75
,9/4/2003 5:30,26.85
,9/4/2003 6:00,27.05
,9/4/2003 6:30,26.05
,9/4/2003 7:00,24.8
,9/4/2003 7:30,24.65
,9/4/2003 8:00,24.75
,9/4/2003 8:30,24.9
,9/4/2003 9:00,25.1
,9/4/2003 9:30,25.25
,9/4/2003 10:00,25.35
,9/4/2003 10:30,25.5
,9/4/2003 11:00,25.65
,9/4/2003 11:30,25.75
,9/4/2003 12:00,25.9
,9/4/2003 12:30,26.05
,9/4/2003 13:00,26.15
,9/4/2003 13:30,26.25
,9/4/2003 14:00,26.35
,9/4/2003 14:30,26.45
,9/4/2003 15:00,26.55
,9/4/2003 15:30,26.65
,9/4/2003 16:00,26.75
,9/4/2003 16:30,26.85
,9/4/2003 17:00,26.9
,9/4/2003 17:30,27
,9/4/2003 18:00,27.1
,9/4/2003 18:30,24.95
,9/4/2003 19:00,25.05
,9/4/2003 19:30,25.05
,9/4/2003 20:00,25.1
,9/4/2003 20:30,25.25
,9/4/2003 21:00,25.35
,9/4/2003 21:30,25.5
,9/4/2003 22:00,25.6
,9/4/2003 22:30,25.75
,9/4/2003 23:00,25.85
,9/4/2003 23:30,25.5
,9/5/2003 0:00,25.3
,9/5/2003 0:30,25.4
,9/5/2003 1:00,25.5
,9/5/2003 1:30,25.6
,9/5/2003 2:00,25.7
,9/5/2003 2:30,25.8
,9/5/2003 3:00,25.85
,9/5/2003 3:30,25.95
,9/5/2003 4:00,26
,9/5/2003 4:30,26.1
,9/5/2003 5:00,26.15
,9/5/2003 5:30,26.2
,9/5/2003 6:00,26.3
,9/5/2003 6:30,24.9
,9/5/2003 7:00,24.9
,9/5/2003 7:30,24.9
,9/5/2003 8:00,25
,9/5/2003 8:30,25.05
,9/5/2003 9:00,25.15
,9/5/2003 9:30,25.25
,9/5/2003 10:00,25.35
,9/5/2003 10:30,25.45
,9/5/2003 11:00,25.55
,9/5/2003 11:30,25.65
,9/5/2003 12:00,25.75
,9/5/2003 12:30,25.85
,9/5/2003 13:00,25.9
,9/5/2003 13:30,26
,9/5/2003 14:00,26.1
,9/5/2003 14:30,26.15
,9/5/2003 15:00,26.25
,9/5/2003 15:30,26.35
,9/5/2003 16:00,26.4
,9/5/2003 16:30,26.5
,9/5/2003 17:00,26.6
,9/5/2003 17:30,26.65
,9/5/2003 18:00,26.75
,9/5/2003 18:30,26.15
,9/5/2003 19:00,25.55
,9/5/2003 19:30,25.65
,9/5/2003 20:00,25.75
,9/5/2003 20:30,25.85
,9/5/2003 21:00,25.95
,9/5/2003 21:30,26.05
,9/5/2003 22:00,26.15
,9/5/2003 22:30,26.3
,9/5/2003 23:00,26.35
,9/5/2003 23:30,26.45
,9/6/2003 0:00,26.5
,9/6/2003 0:30,26.6
,9/6/2003 1:00,26.65
,9/6/2003 1:30,26.7
,9/6/2003 2:00,26.8
,9/6/2003 2:30,26.9
,9/6/2003 3:00,26.9
,9/6/2003 3:30,26.9
,9/6/2003 4:00,27
,9/6/2003 4:30,27
,9/6/2003 5:00,27
,9/6/2003 5:30,27.1
,9/6/2003 6:00,26.1
,9/6/2003 6:30,25.2
,9/6/2003 7:00,25.15
,9/6/2003 7:30,25
,9/6/2003 8:00,25.05
,9/6/2003 8:30,25.15
,9/6/2003 9:00,25.3
,9/6/2003 9:30,25.35
,9/6/2003 10:00,25.5
,9/6/2003 10:30,25.6
,9/6/2003 11:00,25.65
,9/6/2003 11:30,25.8
,9/6/2003 12:00,25.9
,9/6/2003 12:30,25.95
,9/6/2003 13:00,26.1
,9/6/2003 13:30,26.15
,9/6/2003 14:00,26.3
,9/6/2003 14:30,26.35
,9/6/2003 15:00,26.45
,9/6/2003 15:30,26.55
,9/6/2003 16:00,26.65
,9/6/2003 16:30,26.75
,9/6/2003 17:00,26.85
,9/6/2003 17:30,26.95
,9/6/2003 18:00,27.05
,9/6/2003 18:30,25.5
,9/6/2003 19:00,25.65
,9/6/2003 19:30,25.8
,9/6/2003 20:00,25.45
,9/6/2003 20:30,25.45
,9/6/2003 21:00,25.55
,9/6/2003 21:30,25.65
,9/6/2003 22:00,25.85
,9/6/2003 22:30,25.65
,9/6/2003 23:00,25.8
,9/6/2003 23:30,25.95
,9/7/2003 0:00,26.05
,9/7/2003 0:30,26.2
,9/7/2003 1:00,26.3
,9/7/2003 1:30,26.4
,9/7/2003 2:00,26.55
,9/7/2003 2:30,26.65
,9/7/2003 3:00,26.75
,9/7/2003 3:30,26.8
,9/7/2003 4:00,26.9
,9/7/2003 4:30,27
,9/7/2003 5:00,27.05
,9/7/2003 5:30,27.1
,9/7/2003 6:00,27.15
,9/7/2003 6:30,27.2
,9/7/2003 7:00,27.3
,9/7/2003 7:30,26.3
,9/7/2003 8:00,25.4
,9/7/2003 8:30,25.5
,9/7/2003 9:00,25.6
,9/7/2003 9:30,25.75
,9/7/2003 10:00,25.25
,9/7/2003 10:30,25.35
,9/7/2003 11:00,25.45
,9/7/2003 11:30,25.5
,9/7/2003 12:00,25.6
,9/7/2003 12:30,25.45
,9/7/2003 13:00,25.3
,9/7/2003 13:30,25.35
,9/7/2003 14:00,25.45
,9/7/2003 14:30,25.5
,9/7/2003 15:00,25.25
,9/7/2003 15:30,25.1
,9/7/2003 16:00,25.15
,9/7/2003 16:30,25.2
,9/7/2003 17:00,25.3
,9/7/2003 17:30,25.35
,9/7/2003 18:00,25.4
,9/7/2003 18:30,25.5
,9/7/2003 19:00,25.5
,9/7/2003 19:30,25.25
,9/7/2003 20:00,25.3
,9/7/2003 20:30,25.35
,9/7/2003 21:00,25.1
,9/7/2003 21:30,25.2
,9/7/2003 22:00,25.25
,9/7/2003 22:30,25.3
,9/7/2003 23:00,25.4
,9/7/2003 23:30,25.45
,9/8/2003 0:00,25.5
,9/8/2003 0:30,25.55
,9/8/2003 1:00,25.6
,9/8/2003 1:30,25.1
,9/8/2003 2:00,24.6
,9/8/2003 2:30,24.7
,9/8/2003 3:00,24.75
,9/8/2003 3:30,24.8
,9/8/2003 4:00,24.85
,9/8/2003 4:30,24.9
,9/8/2003 5:00,25
,9/8/2003 5:30,25.05
,9/8/2003 6:00,25.1
,9/8/2003 6:30,24.75
,9/8/2003 7:00,24.5
,9/8/2003 7:30,24.7
,9/8/2003 8:00,24.8
,9/8/2003 8:30,24.85
,9/8/2003 9:00,24.9
,9/8/2003 9:30,24.95
,9/8/2003 10:00,25
,9/8/2003 10:30,25.05
,9/8/2003 11:00,25.1
,9/8/2003 11:30,25.15
,9/8/2003 12:00,25.2
,9/8/2003 12:30,25.3
,9/8/2003 13:00,25.3
,9/8/2003 13:30,25.35
,9/8/2003 14:00,25.4
,9/8/2003 14:30,25.5
,9/8/2003 15:00,25.5
,9/8/2003 15:30,25.55
,9/8/2003 16:00,25.6
,9/8/2003 16:30,25.65
,9/8/2003 17:00,25.7
,9/8/2003 17:30,25.8
,9/8/2003 18:00,25.8
,9/8/2003 18:30,24.45
,9/8/2003 19:00,24.4
,9/8/2003 19:30,24.5
,9/8/2003 20:00,24.6
,9/8/2003 20:30,24.7
,9/8/2003 21:00,24.75
,9/8/2003 21:30,24.85
,9/8/2003 22:00,24.95
,9/8/2003 22:30,25
,9/8/2003 23:00,25.1
,9/8/2003 23:30,25.2
,9/9/2003 0:00,25.3
,9/9/2003 0:30,25.35
,9/9/2003 1:00,25.45
,9/9/2003 1:30,25.5
,9/9/2003 2:00,25.6
,9/9/2003 2:30,24.55
,9/9/2003 3:00,24.6
,9/9/2003 3:30,24.7
,9/9/2003 4:00,24.8
,9/9/2003 4:30,24.85
,9/9/2003 5:00,24.95
,9/9/2003 5:30,25
,9/9/2003 6:00,25.1
,9/9/2003 6:30,24.75
,9/9/2003 7:00,24.4
,9/9/2003 7:30,24.45
,9/9/2003 8:00,24.55
,9/9/2003 8:30,24.65
,9/9/2003 9:00,24.45
,9/9/2003 9:30,24.3
,9/9/2003 10:00,24.4
,9/9/2003 10:30,24.5
,9/9/2003 11:00,24.6
,9/9/2003 11:30,24.7
,9/9/2003 12:00,24.8
,9/9/2003 12:30,24.95
,9/9/2003 13:00,25.05
,9/9/2003 13:30,25.15
,9/9/2003 14:00,25.3
,9/9/2003 14:30,25.45
,9/9/2003 15:00,25.55
,9/9/2003 15:30,25.7
,9/9/2003 16:00,25.85
,9/9/2003 16:30,25.95
,9/9/2003 17:00,26.1
,9/9/2003 17:30,26.2
,9/9/2003 18:00,26.35
,9/9/2003 18:30,26.45
,9/9/2003 19:00,25.7
,9/9/2003 19:30,24.95
,9/9/2003 20:00,25.05
,9/9/2003 20:30,25.25
,9/9/2003 21:00,24.3
,9/9/2003 21:30,24.15
,9/9/2003 22:00,24.35
,9/9/2003 22:30,24.5
,9/9/2003 23:00,24.65
,9/9/2003 23:30,24.8
,9/10/2003 0:00,24.95
,9/10/2003 0:30,25.1
,9/10/2003 1:00,25.25
,9/10/2003 1:30,25.45
,9/10/2003 2:00,25.55
,9/10/2003 2:30,25.7
,9/10/2003 3:00,25.85
,9/10/2003 3:30,25.95
,9/10/2003 4:00,26.05
,9/10/2003 4:30,26.15
,9/10/2003 5:00,26.25
,9/10/2003 5:30,26.35
,9/10/2003 6:00,26.4
,9/10/2003 6:30,26.5
,9/10/2003 7:00,24.9
,9/10/2003 7:30,25
,9/10/2003 8:00,25.15
,9/10/2003 8:30,24.7
,9/10/2003 9:00,24.85
,9/10/2003 9:30,24.95
,9/10/2003 10:00,24.7
,9/10/2003 10:30,24.8
,9/10/2003 11:00,24.85
,9/10/2003 11:30,24.85
,9/10/2003 12:00,25
,9/10/2003 12:30,25.15
,9/10/2003 13:00,25.35
,9/10/2003 13:30,25.5
,9/10/2003 14:00,25.65
,9/10/2003 14:30,25.8
,9/10/2003 15:00,25.95
,9/10/2003 15:30,26.05
,9/10/2003 16:00,26.25
,9/10/2003 16:30,26.35
,9/10/2003 17:00,26.45
,9/10/2003 17:30,26.55
,9/10/2003 18:00,26.65
,9/10/2003 18:30,26.7
,9/10/2003 19:00,25.35
,9/10/2003 19:30,25.4
,9/10/2003 20:00,25.5
,9/10/2003 20:30,25.6
,9/10/2003 21:00,25.15
,9/10/2003 21:30,24.55
,9/10/2003 22:00,24.45
,9/10/2003 22:30,24.6
,9/10/2003 23:00,24.65
,9/10/2003 23:30,24.7
,9/11/2003 0:00,24.75
,9/11/2003 0:30,24.85
,9/11/2003 1:00,24.85
,9/11/2003 1:30,24.9
,9/11/2003 2:00,24.9
,9/11/2003 2:30,24.75
,9/11/2003 3:00,24.4
,9/11/2003 3:30,24.15
,9/11/2003 4:00,23.3
,9/11/2003 4:30,13.6
,9/11/2003 5:00,5.1
,9/11/2003 5:30,4.2
,9/11/2003 6:00,4.05
,9/11/2003 6:30,3.8
,9/11/2003 7:00,3.9
,9/11/2003 7:30,3.95
,9/11/2003 8:00,3.3
,9/11/2003 8:30,2.1
,9/11/2003 9:00,1.45
,9/11/2003 9:30,2.7
,9/11/2003 10:00,2.95
,9/11/2003 10:30,2.55
,9/11/2003 11:00,1.5
,9/11/2003 11:30,2.5
,9/11/2003 12:00,3.45
,9/11/2003 12:30,4
,9/11/2003 13:00,2.5
,9/11/2003 13:30,4
,9/11/2003 14:00,6.55
,9/11/2003 14:30,6.5
,9/11/2003 15:00,6.4
,9/11/2003 15:30,8.15
,9/11/2003 16:00,9.85
,9/11/2003 16:30,9.4
,9/11/2003 17:00,10.7
,9/11/2003 17:30,11.95
,9/11/2003 18:00,11.55
,9/11/2003 18:30,11.55
,9/11/2003 19:00,11.05
,9/11/2003 19:30,10.25
,9/11/2003 20:00,10.75
,9/11/2003 20:30,9.75
,9/11/2003 21:00,10.8
,9/11/2003 21:30,10.35
,9/11/2003 22:00,9.6
,9/11/2003 22:30,9.85
,9/11/2003 23:00,9.3
,9/11/2003 23:30,9.4
,9/12/2003 0:00,8.85
,9/12/2003 0:30,7.7
,9/12/2003 1:00,7.2
,9/12/2003 1:30,6.35
,9/12/2003 2:00,8.45
,9/12/2003 2:30,8.65
,9/12/2003 3:00,8.25
,9/12/2003 3:30,8.4
,9/12/2003 4:00,9.15
,9/12/2003 4:30,7.65
,9/12/2003 5:00,7.6
,9/12/2003 5:30,6.8
,9/12/2003 6:00,5.95
,9/12/2003 6:30,6.3
,9/12/2003 7:00,3.2
,9/12/2003 7:30,2.85
,9/12/2003 8:00,1.7
,9/12/2003 8:30,1.45
,9/12/2003 9:00,3.1
,9/12/2003 9:30,2.65
,9/12/2003 10:00,2
,9/12/2003 10:30,3.4
,9/12/2003 11:00,2.65
,9/12/2003 11:30,3.5
,9/12/2003 12:00,0.95
,9/12/2003 12:30,1.4
,9/12/2003 13:00,1.35
,9/12/2003 13:30,1.2
,9/12/2003 14:00,1.55
,9/12/2003 14:30,0.6
,9/12/2003 15:00,0.55
,9/12/2003 15:30,0.9
,9/12/2003 16:00,0.3
,9/12/2003 16:30,-0.55
,9/12/2003 17:00,-1.05
,9/12/2003 17:30,-0.85
,9/12/2003 18:00,-2.15
,9/12/2003 18:30,-2.15
,9/12/2003 19:00,-1.7
,9/12/2003 19:30,-2.95
,9/12/2003 20:00,-3.3
,9/12/2003 20:30,-2.2
,9/12/2003 21:00,-3.8
,9/12/2003 21:30,-4.3
,9/12/2003 22:00,-4.35
,9/12/2003 22:30,-3.8
,9/12/2003 23:00,-2.55
,9/12/2003 23:30,-2.35
,9/13/2003 0:00,-3.3
,9/13/2003 0:30,-3.9
,9/13/2003 1:00,-4.3
,9/13/2003 1:30,-5.1
,9/13/2003 2:00,-6.2
,9/13/2003 2:30,-5.85
,9/13/2003 3:00,-4
,9/13/2003 3:30,-6.6
,9/13/2003 4:00,-5.85
,9/13/2003 4:30,-6.7
,9/13/2003 5:00,-7.25
,9/13/2003 5:30,-10.45
,9/13/2003 6:00,-8.4
,9/13/2003 6:30,-6.05
,9/13/2003 7:00,-6.3
,9/13/2003 7:30,-6.35
,9/13/2003 8:00,-6.1
,9/13/2003 8:30,-5.85
,9/13/2003 9:00,-6.25
,9/13/2003 9:30,-8.3
,9/13/2003 10:00,-4.95
,9/13/2003 10:30,-4.75
,9/13/2003 11:00,-5.65
,9/13/2003 11:30,-5.8
,9/13/2003 12:00,-4.8
,9/13/2003 12:30,-5.45
,9/13/2003 13:00,-5.15
,9/13/2003 13:30,-5.6
,9/13/2003 14:00,-5.7
,9/13/2003 14:30,-5.9
,9/13/2003 15:00,-6.05
,9/13/2003 15:30,-8.25
,9/13/2003 16:00,-8.6
,9/13/2003 16:30,-14
,9/13/2003 17:00,-15.55
,9/13/2003 17:30,-15.3
,9/13/2003 18:00,-18.1
,9/13/2003 18:30,-17.95
,9/13/2003 19:00,-16.75
,9/13/2003 19:30,-17.75
,9/13/2003 20:00,-13.4
,9/13/2003 20:30,-14.55
,9/13/2003 21:00,-18.7
,9/13/2003 21:30,-13.8
,9/13/2003 22:00,-17.7
,9/13/2003 22:30,-19.85
,9/13/2003 23:00,-19.7
,9/13/2003 23:30,-17.5
,9/14/2003 0:00,-16.1
,9/14/2003 0:30,-16.95
,9/14/2003 1:00,-15.6
,9/14/2003 1:30,-15.4
,9/14/2003 2:00,-14.1
,9/14/2003 2:30,-15.8
,9/14/2003 3:00,-16.65
,9/14/2003 3:30,-14.6
,9/14/2003 4:00,-16.5
,9/14/2003 4:30,-17.7
,9/14/2003 5:00,-16.7
,9/14/2003 5:30,-15.9
,9/14/2003 6:00,-14.7
,9/14/2003 6:30,-15.15
,9/14/2003 7:00,-15.8
,9/14/2003 7:30,-16.8
,9/14/2003 8:00,-17.6
,9/14/2003 8:30,-16.7
,9/14/2003 9:00,-9.75
,9/14/2003 9:30,-9.55
,9/14/2003 10:00,-10.95
,9/14/2003 10:30,-9.6
,9/14/2003 11:00,-11.45
,9/14/2003 11:30,-13.4
,9/14/2003 12:00,-12.2
,9/14/2003 12:30,-9.25
,9/14/2003 13:00,-9.75
,9/14/2003 13:30,-6.55
,9/14/2003 14:00,-12.95
,9/14/2003 14:30,-6.65
,9/14/2003 15:00,-6.5
,9/14/2003 15:30,-9
,9/14/2003 16:00,-12
,9/14/2003 16:30,-14
,9/14/2003 17:00,-11.95
,9/14/2003 17:30,-13.45
,9/14/2003 18:00,-12.65
,9/14/2003 18:30,-13.65
,9/14/2003 19:00,-12.65
,9/14/2003 19:30,-8.95
,9/14/2003 20:00,-11.8
,9/14/2003 20:30,-12
,9/14/2003 21:00,-12.2
,9/14/2003 21:30,-13.65
,9/14/2003 22:00,-12.05
,9/14/2003 22:30,-13.45
,9/14/2003 23:00,-14
,9/14/2003 23:30,-12.9
,9/15/2003 0:00,-12.25
,9/15/2003 0:30,-13.35
,9/15/2003 1:00,-12.6
,9/15/2003 1:30,-13.3
,9/15/2003 2:00,-13.35
,9/15/2003 2:30,-9.45
,9/15/2003 3:00,-4.6
,9/15/2003 3:30,-3.05
,9/15/2003 4:00,-3.8
,9/15/2003 4:30,-4.45
,9/15/2003 5:00,-3.6
,9/15/2003 5:30,-5.8
,9/15/2003 6:00,-14.95
,9/15/2003 6:30,-15.4
,9/15/2003 7:00,-17.1
,9/15/2003 7:30,-23.7
,9/15/2003 8:00,-24.9
,9/15/2003 8:30,-25.55
,9/15/2003 9:00,-26
,9/15/2003 9:30,-25.3
,9/15/2003 10:00,-23.85
,9/15/2003 10:30,-22.6
,9/15/2003 11:00,-22.4
,9/15/2003 11:30,-22
,9/15/2003 12:00,-21.75
,9/15/2003 12:30,-21.1
,9/15/2003 13:00,-23.4
,9/15/2003 13:30,-13.2
,9/15/2003 14:00,-17.15
,9/15/2003 14:30,-23.45
,9/15/2003 15:00,-23.45
,9/15/2003 15:30,-23.65
,9/15/2003 16:00,-20.75
,9/15/2003 16:30,-21.15
,9/15/2003 17:00,-22.9
,9/15/2003 17:30,-22.45
,9/15/2003 18:00,-24.2
,9/15/2003 18:30,-23
,9/15/2003 19:00,-24.4
,9/15/2003 19:30,-22
,9/15/2003 20:00,-22.2
,9/15/2003 20:30,-23.75
,9/15/2003 21:00,-22.95
,9/15/2003 21:30,-23.1
,9/15/2003 22:00,-23.85
,9/15/2003 22:30,-23.65
,9/15/2003 23:00,-21.4
,9/15/2003 23:30,-27.15
,9/16/2003 0:00,-29.4
,9/16/2003 0:30,-28.75
,9/16/2003 1:00,-22.4
,9/16/2003 1:30,-27
,9/16/2003 2:00,-29.1
,9/16/2003 2:30,-29
,9/16/2003 3:00,-28.9
,9/16/2003 3:30,-28.3
,9/16/2003 4:00,-28.3
,9/16/2003 4:30,-28
,9/16/2003 5:00,-28.35
,9/16/2003 5:30,-27.9
,9/16/2003 6:00,-27.85
,9/16/2003 6:30,-8.55
,9/16/2003 7:00,20.95
,9/16/2003 7:30,24.7
,9/16/2003 8:00,25.05
,9/16/2003 8:30,25.15
,9/16/2003 9:00,25.25
,9/16/2003 9:30,25.35
,9/16/2003 10:00,25.35
,9/16/2003 10:30,25.4
,9/16/2003 11:00,25.25
,9/16/2003 11:30,25.05
,9/16/2003 12:00,24.5
,9/16/2003 12:30,18.4
,9/16/2003 13:00,6.2
,9/16/2003 13:30,4.3
,9/16/2003 14:00,26.05
,9/16/2003 14:30,26.25
,9/16/2003 15:00,26.35
,9/16/2003 15:30,26.5
,9/16/2003 16:00,26.6
,9/16/2003 16:30,26.65
,9/16/2003 17:00,26.75
,9/16/2003 17:30,26.8
,9/16/2003 18:00,26.5
,9/16/2003 18:30,26.25
,9/16/2003 19:00,26.3
,9/16/2003 19:30,26.4
,9/16/2003 20:00,26.4
,9/16/2003 20:30,26.5
,9/16/2003 21:00,26.25
,9/16/2003 21:30,26.2
,9/16/2003 22:00,26.35
,9/16/2003 22:30,26.45
,9/16/2003 23:00,26.35
,9/16/2003 23:30,26.4
,9/17/2003 0:00,26.45
,9/17/2003 0:30,26.5
,9/17/2003 1:00,26.6
,9/17/2003 1:30,26.6
,9/17/2003 2:00,26.7
,9/17/2003 2:30,26.7
,9/17/2003 3:00,26.7
,9/17/2003 3:30,26.7
,9/17/2003 4:00,26.65
,9/17/2003 4:30,26.65
,9/17/2003 5:00,26.7
,9/17/2003 5:30,26.7
,9/17/2003 6:00,26.8
,9/17/2003 6:30,26.2
,9/17/2003 7:00,25.7
,9/17/2003 7:30,25.8
,9/17/2003 8:00,25.9
,9/17/2003 8:30,25.95
,9/17/2003 9:00,25.95
,9/17/2003 9:30,26
,9/17/2003 10:00,26.1
,9/17/2003 10:30,26.15
,9/17/2003 11:00,26.25
,9/17/2003 11:30,26.3
,9/17/2003 12:00,26.4
,9/17/2003 12:30,26.45
,9/17/2003 13:00,26.55
,9/17/2003 13:30,26.6
,9/17/2003 14:00,26.7
,9/17/2003 14:30,26.8
,9/17/2003 15:00,26.85
,9/17/2003 15:30,26.95
,9/17/2003 16:00,27
,9/17/2003 16:30,27.1
,9/17/2003 17:00,27.2
,9/17/2003 17:30,27.3
,9/17/2003 18:00,27.35
,9/17/2003 18:30,26.85
,9/17/2003 19:00,26.15
,9/17/2003 19:30,26.05
,9/17/2003 20:00,26.25
,9/17/2003 20:30,26.4
,9/17/2003 21:00,26.3
,9/17/2003 21:30,26.15
,9/17/2003 22:00,26.3
,9/17/2003 22:30,26.25
,9/17/2003 23:00,26.15
,9/17/2003 23:30,26.3
,9/18/2003 0:00,26.4
,9/18/2003 0:30,26.5
,9/18/2003 1:00,26.6
,9/18/2003 1:30,26.7
,9/18/2003 2:00,26.8
,9/18/2003 2:30,26.9
,9/18/2003 3:00,26.95
,9/18/2003 3:30,27
,9/18/2003 4:00,27.1
,9/18/2003 4:30,27.15
,9/18/2003 5:00,27.2
,9/18/2003 5:30,27.2
,9/18/2003 6:00,27.25
,9/18/2003 6:30,27.3
,9/18/2003 7:00,25.75
,9/18/2003 7:30,25.85
,9/18/2003 8:00,26.05
,9/18/2003 8:30,26.15
,9/18/2003 9:00,26.25
,9/18/2003 9:30,26.35
,9/18/2003 10:00,26.45
,9/18/2003 10:30,26.55
,9/18/2003 11:00,26.65
,9/18/2003 11:30,26.75
,9/18/2003 12:00,26.85
,9/18/2003 12:30,26.95
,9/18/2003 13:00,27.05
,9/18/2003 13:30,27.1
,9/18/2003 14:00,27.2
,9/18/2003 14:30,27.3
,9/18/2003 15:00,27.4
,9/18/2003 15:30,27.5
,9/18/2003 16:00,27.55
,9/18/2003 16:30,27.6
,9/18/2003 17:00,27.75
,9/18/2003 17:30,27.8
,9/18/2003 18:00,27.35
,9/18/2003 18:30,26.6
,9/18/2003 19:00,26.5
,9/18/2003 19:30,26.6
,9/18/2003 20:00,26.7
,9/18/2003 20:30,26.8
,9/18/2003 21:00,26.9
,9/18/2003 21:30,27
,9/18/2003 22:00,26.45
,9/18/2003 22:30,26.45
,9/18/2003 23:00,26.55
,9/18/2003 23:30,26.65
,9/19/2003 0:00,26.8
,9/19/2003 0:30,26.85
,9/19/2003 1:00,25.9
,9/19/2003 1:30,26
,9/19/2003 2:00,26.1
,9/19/2003 2:30,26.25
,9/19/2003 3:00,26.35
,9/19/2003 3:30,26.45
,9/19/2003 4:00,26.55
,9/19/2003 4:30,26.65
,9/19/2003 5:00,26.75
,9/19/2003 5:30,26.8
,9/19/2003 6:00,26.9
,9/19/2003 6:30,25.9
,9/19/2003 7:00,25.9
,9/19/2003 7:30,26.1
,9/19/2003 8:00,26.25
,9/19/2003 8:30,26.35
,9/19/2003 9:00,26.45
,9/19/2003 9:30,26.55
,9/19/2003 10:00,26.6
,9/19/2003 10:30,26.7
,9/19/2003 11:00,26.8
,9/19/2003 11:30,26.9
,9/19/2003 12:00,27
,9/19/2003 12:30,27.1
,9/19/2003 13:00,27.15
,9/19/2003 13:30,27.25
,9/19/2003 14:00,27.35
,9/19/2003 14:30,27.4
,9/19/2003 15:00,27.5
,9/19/2003 15:30,27.6
,9/19/2003 16:00,27.65
,9/19/2003 16:30,27.75
,9/19/2003 17:00,27.8
,9/19/2003 17:30,27.85
,9/19/2003 18:00,27.9
,9/19/2003 18:30,26.8
,9/19/2003 19:00,26.9
,9/19/2003 19:30,27
,9/19/2003 20:00,27.1
,9/19/2003 20:30,26.6
,9/19/2003 21:00,26.65
,9/19/2003 21:30,26.55
,9/19/2003 22:00,25.95
,9/19/2003 22:30,25.7
,9/19/2003 23:00,25.8
,9/19/2003 23:30,25.45
,9/20/2003 0:00,25.1
,9/20/2003 0:30,25.2
,9/20/2003 1:00,25.3
,9/20/2003 1:30,25.4
,9/20/2003 2:00,25.5
,9/20/2003 2:30,25.6
,9/20/2003 3:00,25.7
,9/20/2003 3:30,25.75
,9/20/2003 4:00,25.85
,9/20/2003 4:30,25.9
,9/20/2003 5:00,25.45
,9/20/2003 5:30,24.95
,9/20/2003 6:00,24.95
,9/20/2003 6:30,25.05
,9/20/2003 7:00,25.15
,9/20/2003 7:30,25.65
,9/20/2003 8:00,26.15
,9/20/2003 8:30,26.35
,9/20/2003 9:00,26.55
,9/20/2003 9:30,26.65
,9/20/2003 10:00,26.8
,9/20/2003 10:30,26.85
,9/20/2003 11:00,26.9
,9/20/2003 11:30,26.95
,9/20/2003 12:00,27
,9/20/2003 12:30,27
,9/20/2003 13:00,27.1
,9/20/2003 13:30,27.15
,9/20/2003 14:00,27.2
,9/20/2003 14:30,27.2
,9/20/2003 15:00,27.2
,9/20/2003 15:30,27.2
,9/20/2003 16:00,27.2
,9/20/2003 16:30,27.2
,9/20/2003 17:00,27.3
,9/20/2003 17:30,27.2
,9/20/2003 18:00,27.2
,9/20/2003 18:30,27.2
,9/20/2003 19:00,27.15
,9/20/2003 19:30,27.1
,9/20/2003 20:00,27.05
,9/20/2003 20:30,27
,9/20/2003 21:00,26.9
,9/20/2003 21:30,26.9
,9/20/2003 22:00,26.8
,9/20/2003 22:30,26.75
,9/20/2003 23:00,26.65
,9/20/2003 23:30,26.6
,9/21/2003 0:00,26.5
,9/21/2003 0:30,26.4
,9/21/2003 1:00,26.35
,9/21/2003 1:30,26.3
,9/21/2003 2:00,26.2
,9/21/2003 2:30,26.15
,9/21/2003 3:00,26.05
,9/21/2003 3:30,26
,9/21/2003 4:00,25.9
,9/21/2003 4:30,25.8
,9/21/2003 5:00,25.75
,9/21/2003 5:30,25.65
,9/21/2003 6:00,25.6
,9/21/2003 6:30,25.5
,9/21/2003 7:00,25.4
,9/21/2003 7:30,23.9
,9/21/2003 8:00,23.9
,9/21/2003 8:30,24
,9/21/2003 9:00,24
,9/21/2003 9:30,24
,9/21/2003 10:00,24
,9/21/2003 10:30,23.9
,9/21/2003 11:00,23.9
,9/21/2003 11:30,23.9
,9/21/2003 12:00,23.85
,9/21/2003 12:30,23.8
,9/21/2003 13:00,23.8
,9/21/2003 13:30,23.8
,9/21/2003 14:00,23.8
,9/21/2003 14:30,23.7
,9/21/2003 15:00,23.7
,9/21/2003 15:30,23.7
,9/21/2003 16:00,23.65
,9/21/2003 16:30,23.6
,9/21/2003 17:00,23.6
,9/21/2003 17:30,23.5
,9/21/2003 18:00,23.5
,9/21/2003 18:30,23.45
,9/21/2003 19:00,23.4
,9/21/2003 19:30,23.3
,9/21/2003 20:00,23.25
,9/21/2003 20:30,23.1
,9/21/2003 21:00,22.8
,9/21/2003 21:30,21.95
,9/21/2003 22:00,19.75
,9/21/2003 22:30,19.85
,9/21/2003 23:00,19.9
,9/21/2003 23:30,21.95
,9/22/2003 0:00,22.1
,9/22/2003 0:30,22.1
,9/22/2003 1:00,22.4
,9/22/2003 1:30,22.75
,9/22/2003 2:00,22.8
,9/22/2003 2:30,22.7
,9/22/2003 3:00,22.7
,9/22/2003 3:30,22.6
,9/22/2003 4:00,22.5
,9/22/2003 4:30,22.45
,9/22/2003 5:00,22.3
,9/22/2003 5:30,22.25
,9/22/2003 6:00,22.3
,9/22/2003 6:30,21.85
,9/22/2003 7:00,23.1
,9/22/2003 7:30,23.8
,9/22/2003 8:00,23.75
,9/22/2003 8:30,23.65
,9/22/2003 9:00,23.55
,9/22/2003 9:30,23.5
,9/22/2003 10:00,23.4
,9/22/2003 10:30,23.35
,9/22/2003 11:00,23.25
,9/22/2003 11:30,23.2
,9/22/2003 12:00,23.1
,9/22/2003 12:30,23.05
,9/22/2003 13:00,23
,9/22/2003 13:30,22.95
,9/22/2003 14:00,22.9
,9/22/2003 14:30,22.85
,9/22/2003 15:00,22.8
,9/22/2003 15:30,22.75
,9/22/2003 16:00,22.7
,9/22/2003 16:30,22.7
,9/22/2003 17:00,22.6
,9/22/2003 17:30,22.6
,9/22/2003 18:00,22.55
,9/22/2003 18:30,22.1
,9/22/2003 19:00,22.1
,9/22/2003 19:30,22.1
,9/22/2003 20:00,22.1
,9/22/2003 20:30,22.1
,9/22/2003 21:00,21.7
,9/22/2003 21:30,21.7
,9/22/2003 22:00,21.7
,9/22/2003 22:30,21.7
,9/22/2003 23:00,21.7
,9/22/2003 23:30,21.7
,9/23/2003 0:00,21.7
,9/23/2003 0:30,21.7
,9/23/2003 1:00,21.7
,9/23/2003 1:30,21.9
,9/23/2003 2:00,21.9
,9/23/2003 2:30,21.9
,9/23/2003 3:00,21.85
,9/23/2003 3:30,21.8
,9/23/2003 4:00,21.8
,9/23/2003 4:30,21.75
,9/23/2003 5:00,21.7
,9/23/2003 5:30,21.7
,9/23/2003 6:00,21.65
,9/23/2003 6:30,21.6
,9/23/2003 7:00,21.55
,9/23/2003 7:30,21.5
,9/23/2003 8:00,21.5
,9/23/2003 8:30,21.4
,9/23/2003 9:00,21.4
,9/23/2003 9:30,21.4
,9/23/2003 10:00,21.15
,9/23/2003 10:30,20.9
,9/23/2003 11:00,20.8
,9/23/2003 11:30,20.8
,9/23/2003 12:00,20.8
,9/23/2003 12:30,20.75
,9/23/2003 13:00,20.6
,9/23/2003 13:30,19.95
,9/23/2003 14:00,19.5
,9/23/2003 14:30,19.6
,9/23/2003 15:00,19.6
,9/23/2003 15:30,19.6
,9/23/2003 16:00,19.6
,9/23/2003 16:30,19.7
,9/23/2003 17:00,19.7
,9/23/2003 17:30,19.75
,9/23/2003 18:00,19.8
,9/23/2003 18:30,19.8
,9/23/2003 19:00,19.9
,9/23/2003 19:30,19.9
,9/23/2003 20:00,19.4
,9/23/2003 20:30,19.4
,9/23/2003 21:00,19.35
,9/23/2003 21:30,19.1
,9/23/2003 22:00,19.05
,9/23/2003 22:30,19.3
,9/23/2003 23:00,19.4
,9/23/2003 23:30,19.45
,9/24/2003 0:00,19.5
,9/24/2003 0:30,19.6
,9/24/2003 1:00,19.6
,9/24/2003 1:30,19.7
,9/24/2003 2:00,19.7
,9/24/2003 2:30,19.7
,9/24/2003 3:00,19.8
,9/24/2003 3:30,19.8
,9/24/2003 4:00,20.05
,9/24/2003 4:30,20.35
,9/24/2003 5:00,20.4
,9/24/2003 5:30,20.45
,9/24/2003 6:00,20.5
,9/24/2003 6:30,20.05
,9/24/2003 7:00,20.1
,9/24/2003 7:30,20.15
,9/24/2003 8:00,20.2
,9/24/2003 8:30,20.25
,9/24/2003 9:00,20.3
,9/24/2003 9:30,20.1
,9/24/2003 10:00,20.85
,9/24/2003 10:30,21
,9/24/2003 11:00,21.1
,9/24/2003 11:30,21.15
,9/24/2003 12:00,21.2
,9/24/2003 12:30,21.3
,9/24/2003 13:00,21.35
,9/24/2003 13:30,21.4
,9/24/2003 14:00,21.5
,9/24/2003 14:30,21.5
,9/24/2003 15:00,21.55
,9/24/2003 15:30,21.6
,9/24/2003 16:00,21.6
,9/24/2003 16:30,21.7
,9/24/2003 17:00,21.7
,9/24/2003 17:30,21.75
,9/24/2003 18:00,21.8
,9/24/2003 18:30,21.8
,9/24/2003 19:00,20.9
,9/24/2003 19:30,20.7
,9/24/2003 20:00,20.8
,9/24/2003 20:30,20.9
,9/24/2003 21:00,20.8
,9/24/2003 21:30,20.8
,9/24/2003 22:00,20.9
,9/24/2003 22:30,21
,9/24/2003 23:00,21.05
,9/24/2003 23:30,21.1
,9/25/2003 0:00,21.1
,9/25/2003 0:30,21.2
,9/25/2003 1:00,21.2
,9/25/2003 1:30,21.3
,9/25/2003 2:00,21.3
,9/25/2003 2:30,21.3
,9/25/2003 3:00,21.4
,9/25/2003 3:30,21.4
,9/25/2003 4:00,21.4
,9/25/2003 4:30,21.4
,9/25/2003 5:00,21.4
,9/25/2003 5:30,21.3
,9/25/2003 6:00,20.8
,9/25/2003 6:30,20.2
,9/25/2003 7:00,20.05
,9/25/2003 7:30,20.15
,9/25/2003 8:00,20.1
,9/25/2003 8:30,19.75
,9/25/2003 9:00,19.1
,9/25/2003 9:30,19.1
,9/25/2003 10:00,19.2
,9/25/2003 10:30,19.25
,9/25/2003 11:00,19.3
,9/25/2003 11:30,19.4
,9/25/2003 12:00,19.25
,9/25/2003 12:30,19.15
,9/25/2003 13:00,19.25
,9/25/2003 13:30,19.3
,9/25/2003 14:00,19.4
,9/25/2003 14:30,19.4
,9/25/2003 15:00,19.5
,9/25/2003 15:30,19.15
,9/25/2003 16:00,19.2
,9/25/2003 16:30,19.2
,9/25/2003 17:00,19.25
,9/25/2003 17:30,19.3
,9/25/2003 18:00,19.1
,9/25/2003 18:30,19.2
,9/25/2003 19:00,19.25
,9/25/2003 19:30,19.3
,9/25/2003 20:00,19.4
,9/25/2003 20:30,19.45
,9/25/2003 21:00,18.8
,9/25/2003 21:30,18.9
,9/25/2003 22:00,19
,9/25/2003 22:30,19.05
,9/25/2003 23:00,19.15
,9/25/2003 23:30,19.25
,9/26/2003 0:00,18.9
,9/26/2003 0:30,19
,9/26/2003 1:00,19.15
,9/26/2003 1:30,19.2
,9/26/2003 2:00,19.3
,9/26/2003 2:30,19.4
,9/26/2003 3:00,19.5
,9/26/2003 3:30,19.55
,9/26/2003 4:00,19.65
,9/26/2003 4:30,19.7
,9/26/2003 5:00,19.8
,9/26/2003 5:30,19.85
,9/26/2003 6:00,19.6
,9/26/2003 6:30,19.4
,9/26/2003 7:00,19.4
,9/26/2003 7:30,19.35
,9/26/2003 8:00,19.35
,9/26/2003 8:30,19.4
,9/26/2003 9:00,19.5
,9/26/2003 9:30,19.55
,9/26/2003 10:00,19.6
,9/26/2003 10:30,19.7
,9/26/2003 11:00,19.7
,9/26/2003 11:30,19.8
,9/26/2003 12:00,19.85
,9/26/2003 12:30,19.95
,9/26/2003 13:00,20
,9/26/2003 13:30,20.1
,9/26/2003 14:00,20.2
,9/26/2003 14:30,20.3
,9/26/2003 15:00,20.4
,9/26/2003 15:30,20.45
,9/26/2003 16:00,20.55
,9/26/2003 16:30,20.65
,9/26/2003 17:00,20.7
,9/26/2003 17:30,20.8
,9/26/2003 18:00,20.05
,9/26/2003 18:30,19.45
,9/26/2003 19:00,19.6
,9/26/2003 19:30,19.65
,9/26/2003 20:00,19.2
,9/26/2003 20:30,18.85
,9/26/2003 21:00,18.95
,9/26/2003 21:30,19.1
,9/26/2003 22:00,19.2
,9/26/2003 22:30,19.35
,9/26/2003 23:00,19.45
,9/26/2003 23:30,19.6
,9/27/2003 0:00,19.7
,9/27/2003 0:30,19.75
,9/27/2003 1:00,19.85
,9/27/2003 1:30,19.95
,9/27/2003 2:00,20.05
,9/27/2003 2:30,19.8
,9/27/2003 3:00,19.2
,9/27/2003 3:30,19.3
,9/27/2003 4:00,19.4
,9/27/2003 4:30,19.5
,9/27/2003 5:00,19.6
,9/27/2003 5:30,19.7
,9/27/2003 6:00,19.8
,9/27/2003 6:30,19.3
,9/27/2003 7:00,19.2
,9/27/2003 7:30,19.15
,9/27/2003 8:00,19.1
,9/27/2003 8:30,19.25
,9/27/2003 9:00,19.35
,9/27/2003 9:30,19.45
,9/27/2003 10:00,19.55
,9/27/2003 10:30,19.7
,9/27/2003 11:00,19.8
,9/27/2003 11:30,19.95
,9/27/2003 12:00,20.05
,9/27/2003 12:30,20.1
,9/27/2003 13:00,20.2
,9/27/2003 13:30,20.25
,9/27/2003 14:00,20.3
,9/27/2003 14:30,20.35
,9/27/2003 15:00,20.55
,9/27/2003 15:30,20.65
,9/27/2003 16:00,20.75
,9/27/2003 16:30,20.85
,9/27/2003 17:00,21
,9/27/2003 17:30,21.1
,9/27/2003 18:00,20.2
,9/27/2003 18:30,19.4
,9/27/2003 19:00,19.55
,9/27/2003 19:30,19.65
,9/27/2003 20:00,18.9
,9/27/2003 20:30,19.05
,9/27/2003 21:00,19.25
,9/27/2003 21:30,18.85
,9/27/2003 22:00,18.55
,9/27/2003 22:30,18.75
,9/27/2003 23:00,18.95
,9/27/2003 23:30,19.05
,9/28/2003 0:00,19.25
,9/28/2003 0:30,19.25
,9/28/2003 1:00,19.25
,9/28/2003 1:30,19.45
,9/28/2003 2:00,19.55
,9/28/2003 2:30,19.6
,9/28/2003 3:00,19.75
,9/28/2003 3:30,19.9
,9/28/2003 4:00,20
,9/28/2003 4:30,20.15
,9/28/2003 5:00,20.25
,9/28/2003 5:30,20.4
,9/28/2003 6:00,20.5
,9/28/2003 6:30,20.6
,9/28/2003 7:00,20.05
,9/28/2003 7:30,19.25
,9/28/2003 8:00,18.95
,9/28/2003 8:30,19
,9/28/2003 9:00,19.1
,9/28/2003 9:30,19.25
,9/28/2003 10:00,19.35
,9/28/2003 10:30,19.5
,9/28/2003 11:00,19.3
,9/28/2003 11:30,19.15
,9/28/2003 12:00,19.25
,9/28/2003 12:30,19.35
,9/28/2003 13:00,19.5
,9/28/2003 13:30,19.6
,9/28/2003 14:00,19.7
,9/28/2003 14:30,19.8
,9/28/2003 15:00,19.9
,9/28/2003 15:30,20.05
,9/28/2003 16:00,20.15
,9/28/2003 16:30,20.3
,9/28/2003 17:00,20.4
,9/28/2003 17:30,19.95
,9/28/2003 18:00,19.5
,9/28/2003 18:30,19.6
,9/28/2003 19:00,19.7
,9/28/2003 19:30,19.8
,9/28/2003 20:00,19.9
,9/28/2003 20:30,19.7
,9/28/2003 21:00,19.35
,9/28/2003 21:30,19.45
,9/28/2003 22:00,19.55
,9/28/2003 22:30,19.7
,9/28/2003 23:00,19.8
,9/28/2003 23:30,19.9
,9/29/2003 0:00,20
,9/29/2003 0:30,20.15
,9/29/2003 1:00,20.25
,9/29/2003 1:30,20.35
,9/29/2003 2:00,20.45
,9/29/2003 2:30,20.5
,9/29/2003 3:00,20.6
,9/29/2003 3:30,20.7
,9/29/2003 4:00,20.75
,9/29/2003 4:30,20.8
,9/29/2003 5:00,20.85
,9/29/2003 5:30,20.9
,9/29/2003 6:00,20.95
,9/29/2003 6:30,19.5
,9/29/2003 7:00,19.35
,9/29/2003 7:30,19.3
,9/29/2003 8:00,19.25
,9/29/2003 8:30,19.4
,9/29/2003 9:00,19.45
,9/29/2003 9:30,19.55
,9/29/2003 10:00,19.6
,9/29/2003 10:30,19.7
,9/29/2003 11:00,19.8
,9/29/2003 11:30,19.9
,9/29/2003 12:00,19.95
,9/29/2003 12:30,20.15
,9/29/2003 13:00,20.2
,9/29/2003 13:30,20.3
,9/29/2003 14:00,20.3
,9/29/2003 14:30,20.45
,9/29/2003 15:00,20.5
,9/29/2003 15:30,20.6
,9/29/2003 16:00,20.7
,9/29/2003 16:30,20.75
,9/29/2003 17:00,20.85
,9/29/2003 17:30,20.95
,9/29/2003 18:00,20.25
,9/29/2003 18:30,19.55
,9/29/2003 19:00,19.65
,9/29/2003 19:30,19.7
,9/29/2003 20:00,19.8
,9/29/2003 20:30,19.95
,9/29/2003 21:00,20.05
,9/29/2003 21:30,19.55
,9/29/2003 22:00,19.65
,9/29/2003 22:30,19.75
,9/29/2003 23:00,19.85
,9/29/2003 23:30,19.9
,9/30/2003 0:00,20.05
,9/30/2003 0:30,20.15
,9/30/2003 1:00,20.2
,9/30/2003 1:30,20.3
,9/30/2003 2:00,20.4
,9/30/2003 2:30,20.5
,9/30/2003 3:00,20.55
,9/30/2003 3:30,20.6
,9/30/2003 4:00,20.7
,9/30/2003 4:30,20.7
,9/30/2003 5:00,20.8
,9/30/2003 5:30,20.8
,9/30/2003 6:00,19.5
,9/30/2003 6:30,19.6
,9/30/2003 7:00,19.65
,9/30/2003 7:30,19.5
,9/30/2003 8:00,19.35
,9/30/2003 8:30,19.4
,9/30/2003 9:00,19.4
,9/30/2003 9:30,19.35
,9/30/2003 10:00,19.4
,9/30/2003 10:30,19.5
,9/30/2003 11:00,19.6
,9/30/2003 11:30,19.65
,9/30/2003 12:00,19.7
,9/30/2003 12:30,19.8
,9/30/2003 13:00,19.5
,9/30/2003 13:30,19.55
,9/30/2003 14:00,19.6
,9/30/2003 14:30,19.7
,9/30/2003 15:00,19.75
,9/30/2003 15:30,19.8
,9/30/2003 16:00,19.9
,9/30/2003 16:30,20
,9/30/2003 17:00,19.75
,9/30/2003 17:30,19.55
,9/30/2003 18:00,14.75
,9/30/2003 18:30,12.45
,9/30/2003 19:00,16.05
,9/30/2003 19:30,17.55
,9/30/2003 20:00,19.1
,9/30/2003 20:30,19.4
,9/30/2003 21:00,19.7
,9/30/2003 21:30,19.8
,9/30/2003 22:00,19.75
,9/30/2003 22:30,19.75
,9/30/2003 23:00,19.9
,9/30/2003 23:30,20.05
,10/1/2003 0:00,20.2
,10/1/2003 0:30,20.25
,10/1/2003 1:00,20.4
,10/1/2003 1:30,20.45
,10/1/2003 2:00,20.55
,10/1/2003 2:30,20.7
,10/1/2003 3:00,20.8
,10/1/2003 3:30,20.95
,10/1/2003 4:00,20.95
,10/1/2003 4:30,21.05
,10/1/2003 5:00,21.1
,10/1/2003 5:30,21.15
,10/1/2003 6:00,21.2
,10/1/2003 6:30,21.2
,10/1/2003 7:00,20.6
,10/1/2003 7:30,20.45
,10/1/2003 8:00,20.3
,10/1/2003 8:30,20.3
,10/1/2003 9:00,20.25
,10/1/2003 9:30,20.15
,10/1/2003 10:00,20.25
,10/1/2003 10:30,20.3
,10/1/2003 11:00,20.4
,10/1/2003 11:30,20.4
,10/1/2003 12:00,20.5
,10/1/2003 12:30,20.55
,10/1/2003 13:00,20.75
,10/1/2003 13:30,20.85
,10/1/2003 14:00,21.05
,10/1/2003 14:30,21.25
,10/1/2003 15:00,21.45
,10/1/2003 15:30,21.6
,10/1/2003 16:00,21.7
,10/1/2003 16:30,21.8
,10/1/2003 17:00,21.9
,10/1/2003 17:30,22
,10/1/2003 18:00,20.95
,10/1/2003 18:30,20.85
,10/1/2003 19:00,20.95
,10/1/2003 19:30,21.1
,10/1/2003 20:00,21.2
,10/1/2003 20:30,21.3
,10/1/2003 21:00,21.45
,10/1/2003 21:30,21.55
,10/1/2003 22:00,21.65
,10/1/2003 22:30,21.75
,10/1/2003 23:00,21.85
,10/1/2003 23:30,21.95
,10/2/2003 0:00,22.05
,10/2/2003 0:30,22.15
,10/2/2003 1:00,21.75
,10/2/2003 1:30,21.35
,10/2/2003 2:00,21.45
,10/2/2003 2:30,21.55
,10/2/2003 3:00,21.7
,10/2/2003 3:30,21.8
,10/2/2003 4:00,21.9
,10/2/2003 4:30,21.95
,10/2/2003 5:00,22.05
,10/2/2003 5:30,22.1
,10/2/2003 6:00,21.7
,10/2/2003 6:30,21.25
,10/2/2003 7:00,21.15
,10/2/2003 7:30,20.75
,10/2/2003 8:00,20.3
,10/2/2003 8:30,20.45
,10/2/2003 9:00,20.55
,10/2/2003 9:30,20.7
,10/2/2003 10:00,20.85
,10/2/2003 10:30,20.95
,10/2/2003 11:00,21.1
,10/2/2003 11:30,21.2
,10/2/2003 12:00,21.35
,10/2/2003 12:30,21.45
,10/2/2003 13:00,21.55
,10/2/2003 13:30,21.65
,10/2/2003 14:00,21.75
,10/2/2003 14:30,21.85
,10/2/2003 15:00,21.95
,10/2/2003 15:30,22.05
,10/2/2003 16:00,22.1
,10/2/2003 16:30,22.2
,10/2/2003 17:00,22.3
,10/2/2003 17:30,22.4
,10/2/2003 18:00,21.65
,10/2/2003 18:30,21
,10/2/2003 19:00,19.85
,10/2/2003 19:30,19.95
,10/2/2003 20:00,20.05
,10/2/2003 20:30,20.25
,10/2/2003 21:00,20.4
,10/2/2003 21:30,20.55
,10/2/2003 22:00,20.75
,10/2/2003 22:30,20.85
,10/2/2003 23:00,21
,10/2/2003 23:30,21.1
,10/3/2003 0:00,21.2
,10/3/2003 0:30,21.3
,10/3/2003 1:00,21.4
,10/3/2003 1:30,21.4
,10/3/2003 2:00,21.45
,10/3/2003 2:30,21.45
,10/3/2003 3:00,21.25
,10/3/2003 3:30,20.3
,10/3/2003 4:00,0
,10/3/2003 4:30,0
,10/3/2003 5:00,0
,10/3/2003 5:30,0
,10/3/2003 6:00,0
,10/3/2003 6:30,0
,10/3/2003 7:00,0
,10/3/2003 7:30,0
,10/3/2003 8:00,0
,10/3/2003 8:30,0
,10/3/2003 9:00,0
,10/3/2003 9:30,0
,10/3/2003 10:00,0
,10/3/2003 10:30,0
,10/3/2003 11:00,0
,10/3/2003 11:30,0
,10/3/2003 12:00,0
,10/3/2003 12:30,0
,10/3/2003 13:00,0
,10/3/2003 13:30,0
,10/3/2003 14:00,0
,10/3/2003 14:30,0
,10/3/2003 15:00,0
,10/3/2003 15:30,0
,10/3/2003 16:00,0
,10/3/2003 16:30,0
,10/3/2003 17:00,0
,10/3/2003 17:30,0
,10/3/2003 18:00,0
,10/3/2003 18:30,0
,10/3/2003 19:00,0
,10/3/2003 19:30,0
,10/3/2003 20:00,0
,10/3/2003 20:30,0
,10/3/2003 21:00,0
,10/3/2003 21:30,0
,10/3/2003 22:00,0
,10/3/2003 22:30,0
,10/3/2003 23:00,0
,10/3/2003 23:30,0
,10/4/2003 0:00,0
,10/4/2003 0:30,0
,10/4/2003 1:00,0
,10/4/2003 1:30,0
,10/4/2003 2:00,0
,10/4/2003 2:30,0
,10/4/2003 3:00,0
,10/4/2003 3:30,0
,10/4/2003 4:00,0
,10/4/2003 4:30,0
,10/4/2003 5:00,0
,10/4/2003 5:30,0
,10/4/2003 6:00,0
,10/4/2003 6:30,0
,10/4/2003 7:00,0
,10/4/2003 7:30,0
,10/4/2003 8:00,0
,10/4/2003 8:30,0
,10/4/2003 9:00,0
,10/4/2003 9:30,0
,10/4/2003 10:00,0
,10/4/2003 10:30,0
,10/4/2003 11:00,0
,10/4/2003 11:30,0
,10/4/2003 12:00,0
,10/4/2003 12:30,0
,10/4/2003 13:00,0
,10/4/2003 13:30,0
,10/4/2003 14:00,0
,10/4/2003 14:30,0
,10/4/2003 15:00,0
,10/4/2003 15:30,0
,10/4/2003 16:00,0
,10/4/2003 16:30,0
,10/4/2003 17:00,0
,10/4/2003 17:30,0
,10/4/2003 18:00,0
,10/4/2003 18:30,0
,10/4/2003 19:00,0
,10/4/2003 19:30,0
,10/4/2003 20:00,0
,10/4/2003 20:30,0
,10/4/2003 21:00,0
,10/4/2003 21:30,0
,10/4/2003 22:00,0
,10/4/2003 22:30,0
,10/4/2003 23:00,0
,10/4/2003 23:30,0
,10/5/2003 0:00,0
,10/5/2003 0:30,0
,10/5/2003 1:00,0
,10/5/2003 1:30,0
,10/5/2003 2:00,0
,10/5/2003 2:30,0
,10/5/2003 3:00,0
,10/5/2003 3:30,0
,10/5/2003 4:00,0
,10/5/2003 4:30,0
,10/5/2003 5:00,0
,10/5/2003 5:30,0
,10/5/2003 6:00,0
,10/5/2003 6:30,0
,10/5/2003 7:00,0
,10/5/2003 7:30,0
,10/5/2003 8:00,0
,10/5/2003 8:30,1.45
,10/5/2003 9:00,15.85
,10/5/2003 9:30,19.7
,10/5/2003 10:00,19.3
,10/5/2003 10:30,10.5
,10/5/2003 11:00,3.1
,10/5/2003 11:30,12.95
,10/5/2003 12:00,1.45
,10/5/2003 12:30,9.2
,10/5/2003 13:00,7.45
,10/5/2003 13:30,6.9
,10/5/2003 14:00,15.3
,10/5/2003 14:30,5.05
,10/5/2003 15:00,9.55
,10/5/2003 15:30,12.65
,10/5/2003 16:00,19.75
,10/5/2003 16:30,19.8
,10/5/2003 17:00,20.05
,10/5/2003 17:30,19.95
,10/5/2003 18:00,19.5
,10/5/2003 18:30,19.5
,10/5/2003 19:00,19.4
,10/5/2003 19:30,20.15
,10/5/2003 20:00,20.3
,10/5/2003 20:30,20.4
,10/5/2003 21:00,20.2
,10/5/2003 21:30,19.9
,10/5/2003 22:00,20
,10/5/2003 22:30,20
,10/5/2003 23:00,20.05
,10/5/2003 23:30,20.1
,10/6/2003 0:00,20.35
,10/6/2003 0:30,20.45
,10/6/2003 1:00,20.55
,10/6/2003 1:30,20.6
,10/6/2003 2:00,20.5
,10/6/2003 2:30,20.55
,10/6/2003 3:00,20.6
,10/6/2003 3:30,20.7
,10/6/2003 4:00,20.75
,10/6/2003 4:30,20.7
,10/6/2003 5:00,21
,10/6/2003 5:30,20.75
,10/6/2003 6:00,20.35
,10/6/2003 6:30,20.4
,10/6/2003 7:00,20.35
,10/6/2003 7:30,20.15
,10/6/2003 8:00,19.85
,10/6/2003 8:30,19.8
,10/6/2003 9:00,19.75
,10/6/2003 9:30,19.5
,10/6/2003 10:00,19.35
,10/6/2003 10:30,20.15
,10/6/2003 11:00,20.05
,10/6/2003 11:30,19.4
,10/6/2003 12:00,18.85
,10/6/2003 12:30,18.3
,10/6/2003 13:00,16.45
,10/6/2003 13:30,-18.5
,10/6/2003 14:00,-33
,10/6/2003 14:30,-39.45
,10/6/2003 15:00,-37.95
,10/6/2003 15:30,-5.6
,10/6/2003 16:00,20.45
,10/6/2003 16:30,20.6
,10/6/2003 17:00,21.3
,10/6/2003 17:30,21.5
,10/6/2003 18:00,21.55
,10/6/2003 18:30,20.25
,10/6/2003 19:00,20.3
,10/6/2003 19:30,20.35
,10/6/2003 20:00,20
,10/6/2003 20:30,20
,10/6/2003 21:00,20.05
,10/6/2003 21:30,19.45
,10/6/2003 22:00,19.3
,10/6/2003 22:30,19.35
,10/6/2003 23:00,19.4
,10/6/2003 23:30,19.5
,10/7/2003 0:00,19.45
,10/7/2003 0:30,19.35
,10/7/2003 1:00,19.15
,10/7/2003 1:30,18.75
,10/7/2003 2:00,17.25
,10/7/2003 2:30,16.65
,10/7/2003 3:00,14.6
,10/7/2003 3:30,12.2
,10/7/2003 4:00,12.4
,10/7/2003 4:30,10.4
,10/7/2003 5:00,7.9
,10/7/2003 5:30,6.45
,10/7/2003 6:00,6.8
,10/7/2003 6:30,6.85
,10/7/2003 7:00,11.05
,10/7/2003 7:30,19.7
,10/7/2003 8:00,19.75
,10/7/2003 8:30,19.55
,10/7/2003 9:00,19.6
,10/7/2003 9:30,19.65
,10/7/2003 10:00,19.7
,10/7/2003 10:30,19.75
,10/7/2003 11:00,19.8
,10/7/2003 11:30,19.85
,10/7/2003 12:00,19.5
,10/7/2003 12:30,19.3
,10/7/2003 13:00,19.15
,10/7/2003 13:30,19.2
,10/7/2003 14:00,19.3
,10/7/2003 14:30,19.35
,10/7/2003 15:00,19.4
,10/7/2003 15:30,19.45
,10/7/2003 16:00,19.5
,10/7/2003 16:30,19.6
,10/7/2003 17:00,19.6
,10/7/2003 17:30,19.65
,10/7/2003 18:00,19.45
,10/7/2003 18:30,19.2
,10/7/2003 19:00,19.05
,10/7/2003 19:30,18.8
,10/7/2003 20:00,18.6
,10/7/2003 20:30,18.5
,10/7/2003 21:00,18.25
,10/7/2003 21:30,18.25
,10/7/2003 22:00,17.2
,10/7/2003 22:30,-37.75
,10/7/2003 23:00,-38.6
,10/7/2003 23:30,-38.65
,10/8/2003 0:00,-37.55
,10/8/2003 0:30,-40.15
,10/8/2003 1:00,-41.05
,10/8/2003 1:30,-40.9
,10/8/2003 2:00,-19.2
,10/8/2003 2:30,4.7
,10/8/2003 3:00,-0.85
,10/8/2003 3:30,4.6
,10/8/2003 4:00,1.1
,10/8/2003 4:30,-38.8
,10/8/2003 5:00,-38.25
,10/8/2003 5:30,-37.15
,10/8/2003 6:00,-37.45
,10/8/2003 6:30,-38.7
,10/8/2003 7:00,-39.35
,10/8/2003 7:30,-40.15
,10/8/2003 8:00,-40.85
,10/8/2003 8:30,-42.25
,10/8/2003 9:00,-46
,10/8/2003 9:30,-44.6
,10/8/2003 10:00,-43.85
,10/8/2003 10:30,-43.6
,10/8/2003 11:00,-35.1
,10/8/2003 11:30,-43.65
,10/8/2003 12:00,-42.75
,10/8/2003 12:30,-39.55
,10/8/2003 13:00,-33.1
,10/8/2003 13:30,-30.6
,10/8/2003 14:00,-29.9
,10/8/2003 14:30,-32.4
,10/8/2003 15:00,-4.7
,10/8/2003 15:30,3.95
,10/8/2003 16:00,-4.15
,10/8/2003 16:30,0.7
,10/8/2003 17:00,-0.45
,10/8/2003 17:30,15.5
,10/8/2003 18:00,17.55
,10/8/2003 18:30,17.75
,10/8/2003 19:00,17.9
,10/8/2003 19:30,18.15
,10/8/2003 20:00,18.35
,10/8/2003 20:30,18.45
,10/8/2003 21:00,18.55
,10/8/2003 21:30,18.65
,10/8/2003 22:00,18.45
,10/8/2003 22:30,18.15
,10/8/2003 23:00,18.45
,10/8/2003 23:30,18.6
,10/9/2003 0:00,18.65
,10/9/2003 0:30,18.75
,10/9/2003 1:00,18.8
,10/9/2003 1:30,18.9
,10/9/2003 2:00,18.95
,10/9/2003 2:30,19
,10/9/2003 3:00,19.05
,10/9/2003 3:30,19.1
,10/9/2003 4:00,19.2
,10/9/2003 4:30,19.25
,10/9/2003 5:00,19.3
,10/9/2003 5:30,19.4
,10/9/2003 6:00,19.4
,10/9/2003 6:30,19.3
,10/9/2003 7:00,19.1
,10/9/2003 7:30,19.1
,10/9/2003 8:00,18.9
,10/9/2003 8:30,18.9
,10/9/2003 9:00,19
,10/9/2003 9:30,19
,10/9/2003 10:00,19.1
,10/9/2003 10:30,19.1
,10/9/2003 11:00,19.2
,10/9/2003 11:30,19.2
,10/9/2003 12:00,19.3
,10/9/2003 12:30,19.3
,10/9/2003 13:00,19.4
,10/9/2003 13:30,19.45
,10/9/2003 14:00,19.5
,10/9/2003 14:30,19.6
,10/9/2003 15:00,19.65
,10/9/2003 15:30,19.7
,10/9/2003 16:00,19.75
,10/9/2003 16:30,19.8
,10/9/2003 17:00,19.9
,10/9/2003 17:30,19.95
,10/9/2003 18:00,20
,10/9/2003 18:30,18.85
,10/9/2003 19:00,18.55
,10/9/2003 19:30,18.65
,10/9/2003 20:00,18.75
,10/9/2003 20:30,18.85
,10/9/2003 21:00,18.9
,10/9/2003 21:30,18.9
,10/9/2003 22:00,19
,10/9/2003 22:30,19.1
,10/9/2003 23:00,19.2
,10/9/2003 23:30,19.3
,10/10/2003 0:00,19.4
,10/10/2003 0:30,19.45
,10/10/2003 1:00,19.55
,10/10/2003 1:30,19.6
,10/10/2003 2:00,19.7
,10/10/2003 2:30,19.75
,10/10/2003 3:00,19.8
,10/10/2003 3:30,19.85
,10/10/2003 4:00,19.9
,10/10/2003 4:30,19.95
,10/10/2003 5:00,20
,10/10/2003 5:30,20
,10/10/2003 6:00,20.1
,10/10/2003 6:30,19.75
,10/10/2003 7:00,19.4
,10/10/2003 7:30,19.3
,10/10/2003 8:00,19.2
,10/10/2003 8:30,19.3
,10/10/2003 9:00,19.3
,10/10/2003 9:30,19.4
,10/10/2003 10:00,19.45
,10/10/2003 10:30,19.5
,10/10/2003 11:00,19.6
,10/10/2003 11:30,19.6
,10/10/2003 12:00,19.7
,10/10/2003 12:30,19.7
,10/10/2003 13:00,19.8
,10/10/2003 13:30,19.85
,10/10/2003 14:00,19.9
,10/10/2003 14:30,20
,10/10/2003 15:00,20.05
,10/10/2003 15:30,20.1
,10/10/2003 16:00,20.2
,10/10/2003 16:30,20.25
,10/10/2003 17:00,20.35
,10/10/2003 17:30,20.4
,10/10/2003 18:00,20.05
,10/10/2003 18:30,18.95
,10/10/2003 19:00,19
,10/10/2003 19:30,19
,10/10/2003 20:00,19.1
,10/10/2003 20:30,19.2
,10/10/2003 21:00,19.3
,10/10/2003 21:30,19.4
,10/10/2003 22:00,19.5
,10/10/2003 22:30,19.6
,10/10/2003 23:00,19.7
,10/10/2003 23:30,19.8
,10/11/2003 0:00,19.9
,10/11/2003 0:30,20
,10/11/2003 1:00,20.1
,10/11/2003 1:30,20.2
,10/11/2003 2:00,19.7
,10/11/2003 2:30,19.75
,10/11/2003 3:00,19.85
,10/11/2003 3:30,19.9
,10/11/2003 4:00,19.8
,10/11/2003 4:30,19.65
,10/11/2003 5:00,19.7
,10/11/2003 5:30,19.8
,10/11/2003 6:00,19.85
,10/11/2003 6:30,19.9
,10/11/2003 7:00,19.75
,10/11/2003 7:30,19.55
,10/11/2003 8:00,19.25
,10/11/2003 8:30,18.95
,10/11/2003 9:00,19.05
,10/11/2003 9:30,19.15
,10/11/2003 10:00,19.25
,10/11/2003 10:30,19.3
,10/11/2003 11:00,19.4
,10/11/2003 11:30,19.1
,10/11/2003 12:00,19.15
,10/11/2003 12:30,19.25
,10/11/2003 13:00,19.3
,10/11/2003 13:30,19.4
,10/11/2003 14:00,19.45
,10/11/2003 14:30,19.5
,10/11/2003 15:00,19.5
,10/11/2003 15:30,19.5
,10/11/2003 16:00,19.5
,10/11/2003 16:30,19.5
,10/11/2003 17:00,19.3
,10/11/2003 17:30,19.3
,10/11/2003 18:00,18.45
,10/11/2003 18:30,18.5
,10/11/2003 19:00,18.5
,10/11/2003 19:30,18.55
,10/11/2003 20:00,17.95
,10/11/2003 20:30,17.65
,10/11/2003 21:00,17.55
,10/11/2003 21:30,17.15
,10/11/2003 22:00,17.25
,10/11/2003 22:30,17.35
,10/11/2003 23:00,17.55
,10/11/2003 23:30,17.6
,10/12/2003 0:00,17.75
,10/12/2003 0:30,17.85
,10/12/2003 1:00,17.95
,10/12/2003 1:30,18.05
,10/12/2003 2:00,18.1
,10/12/2003 2:30,18.2
,10/12/2003 3:00,18.25
,10/12/2003 3:30,18.4
,10/12/2003 4:00,18.5
,10/12/2003 4:30,18.55
,10/12/2003 5:00,18.7
,10/12/2003 5:30,18.75
,10/12/2003 6:00,18.85
,10/12/2003 6:30,18.9
,10/12/2003 7:00,18.95
,10/12/2003 7:30,17.35
,10/12/2003 8:00,17.45
,10/12/2003 8:30,17.6
,10/12/2003 9:00,17.55
,10/12/2003 9:30,17.55
,10/12/2003 10:00,17.1
,10/12/2003 10:30,17.2
,10/12/2003 11:00,17.35
,10/12/2003 11:30,17.4
,10/12/2003 12:00,17.5
,10/12/2003 12:30,17.65
,10/12/2003 13:00,17.8
,10/12/2003 13:30,17.9
,10/12/2003 14:00,18.1
,10/12/2003 14:30,18.2
,10/12/2003 15:00,18.3
,10/12/2003 15:30,18.4
,10/12/2003 16:00,18.5
,10/12/2003 16:30,18.6
,10/12/2003 17:00,18.7
,10/12/2003 17:30,18.75
,10/12/2003 18:00,18.8
,10/12/2003 18:30,19
,10/12/2003 19:00,19.1
,10/12/2003 19:30,19.2
,10/12/2003 20:00,19.2
,10/12/2003 20:30,18.6
,10/12/2003 21:00,18
,10/12/2003 21:30,18.1
,10/12/2003 22:00,18.35
,10/12/2003 22:30,18.45
,10/12/2003 23:00,18.6
,10/12/2003 23:30,18.7
,10/13/2003 0:00,18.85
,10/13/2003 0:30,19.05
,10/13/2003 1:00,19.25
,10/13/2003 1:30,19.25
,10/13/2003 2:00,19.4
,10/13/2003 2:30,19.55
,10/13/2003 3:00,19.65
,10/13/2003 3:30,19.8
,10/13/2003 4:00,19.9
,10/13/2003 4:30,20.05
,10/13/2003 5:00,20.2
,10/13/2003 5:30,20.35
,10/13/2003 6:00,20.45
,10/13/2003 6:30,20.55
,10/13/2003 7:00,20.7
,10/13/2003 7:30,20.8
,10/13/2003 8:00,20.05
,10/13/2003 8:30,18.95
,10/13/2003 9:00,19.05
,10/13/2003 9:30,19.25
,10/13/2003 10:00,19.4
,10/13/2003 10:30,19.55
,10/13/2003 11:00,19.75
,10/13/2003 11:30,20.1
,10/13/2003 12:00,20.35
,10/13/2003 12:30,19.35
,10/13/2003 13:00,19.55
,10/13/2003 13:30,19.75
,10/13/2003 14:00,19.95
,10/13/2003 14:30,19.85
,10/13/2003 15:00,19.95
,10/13/2003 15:30,20.15
,10/13/2003 16:00,20.35
,10/13/2003 16:30,20.55
,10/13/2003 17:00,20.75
,10/13/2003 17:30,19.9
,10/13/2003 18:00,20.05
,10/13/2003 18:30,20.25
,10/13/2003 19:00,20.45
,10/13/2003 19:30,20.75
,10/13/2003 20:00,20.9
,10/13/2003 20:30,21.05
,10/13/2003 21:00,21.15
,10/13/2003 21:30,21.3
,10/13/2003 22:00,21.45
,10/13/2003 22:30,21.55
,10/13/2003 23:00,21.65
,10/13/2003 23:30,21.7
,10/14/2003 0:00,21.8
,10/14/2003 0:30,21.9
,10/14/2003 1:00,22
,10/14/2003 1:30,22.1
,10/14/2003 2:00,22.2
,10/14/2003 2:30,22.25
,10/14/2003 3:00,21.4
,10/14/2003 3:30,20.55
,10/14/2003 4:00,20.7
,10/14/2003 4:30,20.85
,10/14/2003 5:00,20.95
,10/14/2003 5:30,21.05
,10/14/2003 6:00,21.2
,10/14/2003 6:30,21.3
,10/14/2003 7:00,20.05
,10/14/2003 7:30,19.95
,10/14/2003 8:00,19.75
,10/14/2003 8:30,19.85
,10/14/2003 9:00,20
,10/14/2003 9:30,20.1
,10/14/2003 10:00,20.25
,10/14/2003 10:30,20.35
,10/14/2003 11:00,20.45
,10/14/2003 11:30,20.05
,10/14/2003 12:00,19.65
,10/14/2003 12:30,19.6
,10/14/2003 13:00,19.55
,10/14/2003 13:30,19.65
,10/14/2003 14:00,19.8
,10/14/2003 14:30,19.9
,10/14/2003 15:00,20
,10/14/2003 15:30,20.1
,10/14/2003 16:00,20.2
,10/14/2003 16:30,20.3
,10/14/2003 17:00,20.4
,10/14/2003 17:30,20.5
,10/14/2003 18:00,20.35
,10/14/2003 18:30,19.35
,10/14/2003 19:00,19.5
,10/14/2003 19:30,19.7
,10/14/2003 20:00,19.75
,10/14/2003 20:30,19.85
,10/14/2003 21:00,19.9
,10/14/2003 21:30,20
,10/14/2003 22:00,19.65
,10/14/2003 22:30,19.3
,10/14/2003 23:00,19.4
,10/14/2003 23:30,19.45
,10/15/2003 0:00,19.55
,10/15/2003 0:30,19.6
,10/15/2003 1:00,19.7
,10/15/2003 1:30,19.75
,10/15/2003 2:00,19.8
,10/15/2003 2:30,19.85
,10/15/2003 3:00,19.9
,10/15/2003 3:30,19.9
,10/15/2003 4:00,20
,10/15/2003 4:30,20
,10/15/2003 5:00,20
,10/15/2003 5:30,20
,10/15/2003 6:00,20
,10/15/2003 6:30,20.05
,10/15/2003 7:00,19.45
,10/15/2003 7:30,18.8
,10/15/2003 8:00,18.9
,10/15/2003 8:30,18.9
,10/15/2003 9:00,19
,10/15/2003 9:30,19
,10/15/2003 10:00,19.1
,10/15/2003 10:30,19.1
,10/15/2003 11:00,19.2
,10/15/2003 11:30,19.2
,10/15/2003 12:00,19.05
,10/15/2003 12:30,18.9
,10/15/2003 13:00,18.95
,10/15/2003 13:30,19
,10/15/2003 14:00,19
,10/15/2003 14:30,19.1
,10/15/2003 15:00,19.2
,10/15/2003 15:30,19.4
,10/15/2003 16:00,19.55
,10/15/2003 16:30,19.6
,10/15/2003 17:00,19.7
,10/15/2003 17:30,19.7
,10/15/2003 18:00,19.7
,10/15/2003 18:30,19.5
,10/15/2003 19:00,19.5
,10/15/2003 19:30,18.85
,10/15/2003 20:00,18.25
,10/15/2003 20:30,18.35
,10/15/2003 21:00,18.4
,10/15/2003 21:30,17.75
,10/15/2003 22:00,17.8
,10/15/2003 22:30,17.75
,10/15/2003 23:00,17.8
,10/15/2003 23:30,17.9
,10/16/2003 0:00,18
,10/16/2003 0:30,18.05
,10/16/2003 1:00,18.05
,10/16/2003 1:30,18.1
,10/16/2003 2:00,18.25
,10/16/2003 2:30,18.1
,10/16/2003 3:00,18
,10/16/2003 3:30,18.05
,10/16/2003 4:00,18.05
,10/16/2003 4:30,17.85
,10/16/2003 5:00,17.2
,10/16/2003 5:30,17.05
,10/16/2003 6:00,12.45
,10/16/2003 6:30,9.75
,10/16/2003 7:00,9.7
,10/16/2003 7:30,9.5
,10/16/2003 8:00,9.45
,10/16/2003 8:30,9.45
,10/16/2003 9:00,9.65
,10/16/2003 9:30,9.7
,10/16/2003 10:00,9.7
,10/16/2003 10:30,0
,10/16/2003 11:00,9.75
,10/16/2003 11:30,9.85
,10/16/2003 12:00,9.8
,10/16/2003 12:30,9.95
,10/16/2003 13:00,10
,10/16/2003 13:30,9.95
,10/16/2003 14:00,10.1
,10/16/2003 14:30,10.05
,10/16/2003 15:00,10.1
,10/16/2003 15:30,10.2
,10/16/2003 16:00,10.25
,10/16/2003 16:30,10.3
,10/16/2003 17:00,10.25
,10/16/2003 17:30,10.35
,10/16/2003 18:00,10.4
,10/16/2003 18:30,10.55
,10/16/2003 19:00,10.4
,10/16/2003 19:30,10.5
,10/16/2003 20:00,10.65
,10/16/2003 20:30,9.45
,10/16/2003 21:00,9.55
,10/16/2003 21:30,9.6
,10/16/2003 22:00,9.65
,10/16/2003 22:30,9.6
,10/16/2003 23:00,9.7
,10/16/2003 23:30,9.75
,10/17/2003 0:00,9.95
,10/17/2003 0:30,10.4
,10/17/2003 1:00,10.45
,10/17/2003 1:30,10.5
,10/17/2003 2:00,10.5
,10/17/2003 2:30,10.5
,10/17/2003 3:00,10.55
,10/17/2003 3:30,10.55
,10/17/2003 4:00,10.55
,10/17/2003 4:30,10.6
,10/17/2003 5:00,10.6
,10/17/2003 5:30,10.7
,10/17/2003 6:00,10.7
,10/17/2003 6:30,10.75
,10/17/2003 7:00,10.2
,10/17/2003 7:30,9.65
,10/17/2003 8:00,9.55
,10/17/2003 8:30,9.5
,10/17/2003 9:00,9.45
,10/17/2003 9:30,9.6
,10/17/2003 10:00,9.65
,10/17/2003 10:30,9.65
,10/17/2003 11:00,9.75
,10/17/2003 11:30,9.9
,10/17/2003 12:00,9.9
,10/17/2003 12:30,10
,10/17/2003 13:00,10
,10/17/2003 13:30,10.2
,10/17/2003 14:00,10.1
,10/17/2003 14:30,10.05
,10/17/2003 15:00,10.25
,10/17/2003 15:30,10.25
,10/17/2003 16:00,10.35
,10/17/2003 16:30,10.3
,10/17/2003 17:00,10.45
,10/17/2003 17:30,10.4
,10/17/2003 18:00,10.55
,10/17/2003 18:30,10.4
,10/17/2003 19:00,10.55
,10/17/2003 19:30,10.65
,10/17/2003 20:00,10.3
,10/17/2003 20:30,9.7
,10/17/2003 21:00,9.55
,10/17/2003 21:30,9.7
,10/17/2003 22:00,9.8
,10/17/2003 22:30,9.9
,10/17/2003 23:00,9.9
,10/17/2003 23:30,10.1
,10/18/2003 0:00,10.05
,10/18/2003 0:30,10.15
,10/18/2003 1:00,10.3
,10/18/2003 1:30,10.3
,10/18/2003 2:00,10.25
,10/18/2003 2:30,10.35
,10/18/2003 3:00,10.45
,10/18/2003 3:30,10.45
,10/18/2003 4:00,10.6
,10/18/2003 4:30,10.55
,10/18/2003 5:00,10.4
,10/18/2003 5:30,10.45
,10/18/2003 6:00,10.55
,10/18/2003 6:30,10.4
,10/18/2003 7:00,9.7
,10/18/2003 7:30,9.65
,10/18/2003 8:00,9.65
,10/18/2003 8:30,9.8
,10/18/2003 9:00,9.9
,10/18/2003 9:30,9.85
,10/18/2003 10:00,9.9
,10/18/2003 10:30,10
,10/18/2003 11:00,10.25
,10/18/2003 11:30,10.3
,10/18/2003 12:00,10.2
,10/18/2003 12:30,10.25
,10/18/2003 13:00,10.3
,10/18/2003 13:30,10.35
,10/18/2003 14:00,10.35
,10/18/2003 14:30,10.35
,10/18/2003 15:00,10.45
,10/18/2003 15:30,10.45
,10/18/2003 16:00,10.6
,10/18/2003 16:30,10.6
,10/18/2003 17:00,10.8
,10/18/2003 17:30,10.9
,10/18/2003 18:00,10.5
,10/18/2003 18:30,9.9
,10/18/2003 19:00,10.2
,10/18/2003 19:30,10
,10/18/2003 20:00,10
,10/18/2003 20:30,10.15
,10/18/2003 21:00,10.35
,10/18/2003 21:30,10.4
,10/18/2003 22:00,10.4
,10/18/2003 22:30,10.45
,10/18/2003 23:00,10.6
,10/18/2003 23:30,10.6
,10/19/2003 0:00,10.45
,10/19/2003 0:30,10.35
,10/19/2003 1:00,10.5
,10/19/2003 1:30,10.55
,10/19/2003 2:00,10.65
,10/19/2003 2:30,10.6
,10/19/2003 3:00,10.6
,10/19/2003 3:30,10.65
,10/19/2003 4:00,10.8
,10/19/2003 4:30,11.05
,10/19/2003 5:00,11.2
,10/19/2003 5:30,11.05
,10/19/2003 6:00,11
,10/19/2003 6:30,10.8
,10/19/2003 7:00,11.15
,10/19/2003 7:30,10.6
,10/19/2003 8:00,10.7
,10/19/2003 8:30,10.5
,10/19/2003 9:00,10.35
,10/19/2003 9:30,10.15
,10/19/2003 10:00,10
,10/19/2003 10:30,10.2
,10/19/2003 11:00,10.35
,10/19/2003 11:30,10.35
,10/19/2003 12:00,10.35
,10/19/2003 12:30,10.3
,10/19/2003 13:00,10.4
,10/19/2003 13:30,10.45
,10/19/2003 14:00,10.55
,10/19/2003 14:30,10.6
,10/19/2003 15:00,10.65
,10/19/2003 15:30,10.7
,10/19/2003 16:00,10.7
,10/19/2003 16:30,10.8
,10/19/2003 17:00,10.8
,10/19/2003 17:30,10.9
,10/19/2003 18:00,10.95
,10/19/2003 18:30,10.9
,10/19/2003 19:00,10.95
,10/19/2003 19:30,11.1
,10/19/2003 20:00,11
,10/19/2003 20:30,11.2
,10/19/2003 21:00,11.1
,10/19/2003 21:30,11.25
,10/19/2003 22:00,11.3
,10/19/2003 22:30,11.4
,10/19/2003 23:00,11.45
,10/19/2003 23:30,11.55
,10/20/2003 0:00,11.5
,10/20/2003 0:30,11.4
,10/20/2003 1:00,11.45
,10/20/2003 1:30,11.5
,10/20/2003 2:00,11.45
,10/20/2003 2:30,11.5
,10/20/2003 3:00,11.5
,10/20/2003 3:30,11.55
,10/20/2003 4:00,11.45
,10/20/2003 4:30,11.45
,10/20/2003 5:00,11.55
,10/20/2003 5:30,11.55
,10/20/2003 6:00,11.55
,10/20/2003 6:30,11.55
,10/20/2003 7:00,11.5
,10/20/2003 7:30,10.4
,10/20/2003 8:00,10.5
,10/20/2003 8:30,10.5
,10/20/2003 9:00,10.55
,10/20/2003 9:30,10.6
,10/20/2003 10:00,10.75
,10/20/2003 10:30,10.85
,10/20/2003 11:00,10.8
,10/20/2003 11:30,10.75
,10/20/2003 12:00,10.85
,10/20/2003 12:30,10.85
,10/20/2003 13:00,10.9
,10/20/2003 13:30,10.95
,10/20/2003 14:00,11
,10/20/2003 14:30,11
,10/20/2003 15:00,11.2
,10/20/2003 15:30,11.45
,10/20/2003 16:00,11.65
,10/20/2003 16:30,11.65
,10/20/2003 17:00,11.75
,10/20/2003 17:30,11.75
,10/20/2003 18:00,11.85
,10/20/2003 18:30,11.8
,10/20/2003 19:00,11.85
,10/20/2003 19:30,11.6
,10/20/2003 20:00,11.3
,10/20/2003 20:30,11.45
,10/20/2003 21:00,11.3
,10/20/2003 21:30,11.25
,10/20/2003 22:00,11.2
,10/20/2003 22:30,11.2
,10/20/2003 23:00,11.5
,10/20/2003 23:30,11.55
,10/21/2003 0:00,11.55
,10/21/2003 0:30,11.55
,10/21/2003 1:00,11.4
,10/21/2003 1:30,11.45
,10/21/2003 2:00,11.45
,10/21/2003 2:30,11.5
,10/21/2003 3:00,11.5
,10/21/2003 3:30,11.4
,10/21/2003 4:00,11.35
,10/21/2003 4:30,11.35
,10/21/2003 5:00,11.35
,10/21/2003 5:30,11.2
,10/21/2003 6:00,11
,10/21/2003 6:30,11.15
,10/21/2003 7:00,11
,10/21/2003 7:30,11
,10/21/2003 8:00,10.8
,10/21/2003 8:30,11
,10/21/2003 9:00,10.9
,10/21/2003 9:30,10.9
,10/21/2003 10:00,11
,10/21/2003 10:30,11.05
,10/21/2003 11:00,11.05
,10/21/2003 11:30,11.15
,10/21/2003 12:00,11.15
,10/21/2003 12:30,10.85
,10/21/2003 13:00,10.75
,10/21/2003 13:30,10.55
,10/21/2003 14:00,10.1
,10/21/2003 14:30,9.7
,10/21/2003 15:00,18.45
,10/21/2003 15:30,18.55
,10/21/2003 16:00,18.6
,10/21/2003 16:30,18.6
,10/21/2003 17:00,18.5
,10/21/2003 17:30,18.4
,10/21/2003 18:00,18.3
,10/21/2003 18:30,18.3
,10/21/2003 19:00,17.4
,10/21/2003 19:30,12.45
,10/21/2003 20:00,8.65
,10/21/2003 20:30,8.85
,10/21/2003 21:00,9
,10/21/2003 21:30,8.95
,10/21/2003 22:00,9.4
,10/21/2003 22:30,9.65
,10/21/2003 23:00,11.6
,10/21/2003 23:30,11.85
,10/22/2003 0:00,12.1
,10/22/2003 0:30,12.5
,10/22/2003 1:00,11.05
,10/22/2003 1:30,11.7
,10/22/2003 2:00,10.65
,10/22/2003 2:30,10
,10/22/2003 3:00,9.5
,10/22/2003 3:30,8.75
,10/22/2003 4:00,8.75
,10/22/2003 4:30,10.15
,10/22/2003 5:00,8.7
,10/22/2003 5:30,7.75
,10/22/2003 6:00,7.65
,10/22/2003 6:30,6.65
,10/22/2003 7:00,5.4
,10/22/2003 7:30,8.2
,10/22/2003 8:00,8.5
,10/22/2003 8:30,8.5
,10/22/2003 9:00,8
,10/22/2003 9:30,6.45
,10/22/2003 10:00,4.5
,10/22/2003 10:30,-0.25
,10/22/2003 11:00,-0.9
,10/22/2003 11:30,-0.95
,10/22/2003 12:00,-5.55
,10/22/2003 12:30,-6.55
,10/22/2003 13:00,-9.9
,10/22/2003 13:30,-9.85
,10/22/2003 14:00,-10.4
,10/22/2003 14:30,-2.05
,10/22/2003 15:00,-10.85
,10/22/2003 15:30,-10.6
,10/22/2003 16:00,-8.65
,10/22/2003 16:30,-5.75
,10/22/2003 17:00,-9.5
,10/22/2003 17:30,-10.1
,10/22/2003 18:00,-12.2
,10/22/2003 18:30,-8.55
,10/22/2003 19:00,-5.4
,10/22/2003 19:30,-3.1
,10/22/2003 20:00,0.35
,10/22/2003 20:30,-0.15
,10/22/2003 21:00,4.75
,10/22/2003 21:30,2.75
,10/22/2003 22:00,3.65
,10/22/2003 22:30,1.95
,10/22/2003 23:00,2.9
,10/22/2003 23:30,4.2
,10/23/2003 0:00,5.6
,10/23/2003 0:30,4.65
,10/23/2003 1:00,3.85
,10/23/2003 1:30,4.35
,10/23/2003 2:00,5.25
,10/23/2003 2:30,4.6
,10/23/2003 3:00,4.55
,10/23/2003 3:30,3.95
,10/23/2003 4:00,3.45
,10/23/2003 4:30,3.15
,10/23/2003 5:00,3.55
,10/23/2003 5:30,2.4
,10/23/2003 6:00,2.4
,10/23/2003 6:30,1.45
,10/23/2003 7:00,1.4
,10/23/2003 7:30,0.75
,10/23/2003 8:00,-0.1
,10/23/2003 8:30,-0.85
,10/23/2003 9:00,-0.6
,10/23/2003 9:30,-0.35
,10/23/2003 10:00,0.8
,10/23/2003 10:30,1.1
,10/23/2003 11:00,1.85
,10/23/2003 11:30,2.05
,10/23/2003 12:00,1.4
,10/23/2003 12:30,0.3
,10/23/2003 13:00,-0.1
,10/23/2003 13:30,0.35
,10/23/2003 14:00,1.1
,10/23/2003 14:30,0.6
,10/23/2003 15:00,1.7
,10/23/2003 15:30,1.55
,10/23/2003 16:00,1.7
,10/23/2003 16:30,1.5
,10/23/2003 17:00,1.45
,10/23/2003 17:30,1.15
,10/23/2003 18:00,1.95
,10/23/2003 18:30,1.75
,10/23/2003 19:00,1.35
,10/23/2003 19:30,0.8
,10/23/2003 20:00,0.45
,10/23/2003 20:30,0.95
,10/23/2003 21:00,0.95
,10/23/2003 21:30,0.3
,10/23/2003 22:00,0.65
,10/23/2003 22:30,0.5
,10/23/2003 23:00,0.4
,10/23/2003 23:30,0.5
,10/24/2003 0:00,0.55
,10/24/2003 0:30,1
,10/24/2003 1:00,0.7
,10/24/2003 1:30,1.05
,10/24/2003 2:00,1.1
,10/24/2003 2:30,1.35
,10/24/2003 3:00,0.9
,10/24/2003 3:30,1.8
,10/24/2003 4:00,1.75
,10/24/2003 4:30,2.3
,10/24/2003 5:00,2.05
,10/24/2003 5:30,2.3
,10/24/2003 6:00,2.2
,10/24/2003 6:30,2.35
,10/24/2003 7:00,2.25
,10/24/2003 7:30,2.45
,10/24/2003 8:00,2
,10/24/2003 8:30,1.1
,10/24/2003 9:00,1.5
,10/24/2003 9:30,0.1
,10/24/2003 10:00,-1.2
,10/24/2003 10:30,-1.55
,10/24/2003 11:00,-1.9
,10/24/2003 11:30,-5.6
,10/24/2003 12:00,-3
,10/24/2003 12:30,-4.3
,10/24/2003 13:00,-4.05
,10/24/2003 13:30,-4.15
,10/24/2003 14:00,-2.8
,10/24/2003 14:30,-2.8
,10/24/2003 15:00,-3.15
,10/24/2003 15:30,-3.75
,10/24/2003 16:00,-3.45
,10/24/2003 16:30,-3.45
,10/24/2003 17:00,-3.85
,10/24/2003 17:30,-3.55
,10/24/2003 18:00,-3.95
,10/24/2003 18:30,-4.35
,10/24/2003 19:00,-4.25
,10/24/2003 19:30,-4.6
,10/24/2003 20:00,-3.85
,10/24/2003 20:30,-4.2
,10/24/2003 21:00,-4.65
,10/24/2003 21:30,-4.9
,10/24/2003 22:00,-4.8
,10/24/2003 22:30,-5.55
,10/24/2003 23:00,-9.95
,10/24/2003 23:30,-9.05
,10/25/2003 0:00,-9.6
,10/25/2003 0:30,-10.65
,10/25/2003 1:00,-12.75
,10/25/2003 1:30,-12.65
,10/25/2003 2:00,-14.35
,10/25/2003 2:30,-11.95
,10/25/2003 3:00,-12
,10/25/2003 3:30,-11.6
,10/25/2003 4:00,-11.4
,10/25/2003 4:30,-11.15
,10/25/2003 5:00,-11.2
,10/25/2003 5:30,-8.55
,10/25/2003 6:00,-9.15
,10/25/2003 6:30,-11.6
,10/25/2003 7:00,-11.25
,10/25/2003 7:30,-8.6
,10/25/2003 8:00,-8.7
,10/25/2003 8:30,-10.4
,10/25/2003 9:00,-3.1
,10/25/2003 9:30,-2.6
,10/25/2003 10:00,-2.85
,10/25/2003 10:30,-4.6
,10/25/2003 11:00,-1.85
,10/25/2003 11:30,-2.75
,10/25/2003 12:00,-2.5
,10/25/2003 12:30,-2.4
,10/25/2003 13:00,-1.6
,10/25/2003 13:30,-2.45
,10/25/2003 14:00,-1.75
,10/25/2003 14:30,-1.45
,10/25/2003 15:00,-1.4
,10/25/2003 15:30,-1.25
,10/25/2003 16:00,-0.65
,10/25/2003 16:30,-0.85
,10/25/2003 17:00,-1.15
,10/25/2003 17:30,-1.2
,10/25/2003 18:00,-0.55
,10/25/2003 18:30,-0.5
,10/25/2003 19:00,-0.95
,10/25/2003 19:30,-0.5
,10/25/2003 20:00,-0.35
,10/25/2003 20:30,0.05
,10/25/2003 21:00,-0.2
,10/25/2003 21:30,-0.8
,10/25/2003 22:00,-0.6
,10/25/2003 22:30,0.3
,10/25/2003 23:00,0.7
,10/25/2003 23:30,0.85
,10/26/2003 0:00,1.25
,10/26/2003 0:30,-0.15
,10/26/2003 1:00,-0.8
,10/26/2003 1:30,-0.65
,10/26/2003 2:00,-0.1
,10/26/2003 2:30,-0.45
,10/26/2003 3:00,-0.35
,10/26/2003 3:30,-0.25
,10/26/2003 4:00,0.05
,10/26/2003 4:30,-0.35
,10/26/2003 5:00,-0.2
,10/26/2003 5:30,-0.35
,10/26/2003 6:00,-0.15
,10/26/2003 6:30,-0.75
,10/26/2003 7:00,-0.5
,10/26/2003 7:30,-0.2
,10/26/2003 8:00,0.05
,10/26/2003 8:30,0.3
,10/26/2003 9:00,-0.95
,10/26/2003 9:30,-1.55
,10/26/2003 10:00,-1.7
,10/26/2003 10:30,-1.45
,10/26/2003 11:00,-1.9
,10/26/2003 11:30,-2.1
,10/26/2003 12:00,-1.9
,10/26/2003 12:30,-3.1
,10/26/2003 13:00,-4.25
,10/26/2003 13:30,-4.35
,10/26/2003 14:00,-3.95
,10/26/2003 14:30,-3.65
,10/26/2003 15:00,-3.15
,10/26/2003 15:30,-3.1
,10/26/2003 16:00,-3.3
,10/26/2003 16:30,-3.85
,10/26/2003 17:00,-4.7
,10/26/2003 17:30,-5.05
,10/26/2003 18:00,-4.4
,10/26/2003 18:30,-4.75
,10/26/2003 19:00,-4.9
,10/26/2003 19:30,-5.05
,10/26/2003 20:00,-5.05
,10/26/2003 20:30,-5.25
,10/26/2003 21:00,-5.2
,10/26/2003 21:30,-5.8
,10/26/2003 22:00,-6.25
,10/26/2003 22:30,-7.5
,10/26/2003 23:00,-5.45
,10/26/2003 23:30,-3.55
,10/27/2003 0:00,-2.95
,10/27/2003 0:30,-1.75
,10/27/2003 1:00,-1.8
,10/27/2003 1:30,-2.75
,10/27/2003 2:00,-2.7
,10/27/2003 2:30,-2.85
,10/27/2003 3:00,-1.65
,10/27/2003 3:30,-1.3
,10/27/2003 4:00,-2
,10/27/2003 4:30,-2.15
,10/27/2003 5:00,-2.95
,10/27/2003 5:30,-2.05
,10/27/2003 6:00,-1.7
,10/27/2003 6:30,-1.7
,10/27/2003 7:00,-1.7
,10/27/2003 7:30,-1.6
,10/27/2003 8:00,-2.3
,10/27/2003 8:30,-3.15
,10/27/2003 9:00,-2.65
,10/27/2003 9:30,-2.45
,10/27/2003 10:00,-1.7
,10/27/2003 10:30,-1.05
,10/27/2003 11:00,-1.3
,10/27/2003 11:30,-1.15
,10/27/2003 12:00,-1.15
,10/27/2003 12:30,-1.2
,10/27/2003 13:00,-1.15
,10/27/2003 13:30,-1.5
,10/27/2003 14:00,-1.55
,10/27/2003 14:30,-1.5
,10/27/2003 15:00,-1.35
,10/27/2003 15:30,-1.5
,10/27/2003 16:00,-1.6
,10/27/2003 16:30,-1.4
,10/27/2003 17:00,-1.3
,10/27/2003 17:30,-1.4
,10/27/2003 18:00,-1.4
,10/27/2003 18:30,-1.6
,10/27/2003 19:00,-1.6
,10/27/2003 19:30,-1.8
,10/27/2003 20:00,-1.8
,10/27/2003 20:30,-1.8
,10/27/2003 21:00,-1.55
,10/27/2003 21:30,-1.5
,10/27/2003 22:00,-1.65
,10/27/2003 22:30,-1.5
,10/27/2003 23:00,-1.7
,10/27/2003 23:30,-1.9
,10/28/2003 0:00,-1.75
,10/28/2003 0:30,-1.75
,10/28/2003 1:00,-2.1
,10/28/2003 1:30,-2.05
,10/28/2003 2:00,-1.85
,10/28/2003 2:30,-1.75
,10/28/2003 3:00,-1.9
,10/28/2003 3:30,-1.8
,10/28/2003 4:00,-1.6
,10/28/2003 4:30,-2
,10/28/2003 5:00,-2.75
,10/28/2003 5:30,-2.9
,10/28/2003 6:00,-3.55
,10/28/2003 6:30,-4.65
,10/28/2003 7:00,-4.9
,10/28/2003 7:30,-4.65
,10/28/2003 8:00,-4.6
,10/28/2003 8:30,-5.3
,10/28/2003 9:00,-5.05
,10/28/2003 9:30,-5.7
,10/28/2003 10:00,-4.6
,10/28/2003 10:30,-5.5
,10/28/2003 11:00,-5.75
,10/28/2003 11:30,-5.3
,10/28/2003 12:00,-5.4
,10/28/2003 12:30,-4.75
,10/28/2003 13:00,-4.7
,10/28/2003 13:30,-4
,10/28/2003 14:00,-3.95
,10/28/2003 14:30,-3.4
,10/28/2003 15:00,-3.45
,10/28/2003 15:30,-5
,10/28/2003 16:00,-3.85
,10/28/2003 16:30,-3.95
,10/28/2003 17:00,-3.9
,10/28/2003 17:30,-4.4
,10/28/2003 18:00,-3.95
,10/28/2003 18:30,-4.4
,10/28/2003 19:00,-3.2
,10/28/2003 19:30,-0.5
,10/28/2003 20:00,2.65
,10/28/2003 20:30,0.05
,10/28/2003 21:00,-0.5
,10/28/2003 21:30,1.55
,10/28/2003 22:00,4.95
,10/28/2003 22:30,7.05
,10/28/2003 23:00,7.35
,10/28/2003 23:30,6.45
,10/29/2003 0:00,6.8
,10/29/2003 0:30,6.15
,10/29/2003 1:00,6.7
,10/29/2003 1:30,7
,10/29/2003 2:00,8.35
,10/29/2003 2:30,8.5
,10/29/2003 3:00,8.75
,10/29/2003 3:30,8.4
,10/29/2003 4:00,8.75
,10/29/2003 4:30,8.6
,10/29/2003 5:00,9.45
,10/29/2003 5:30,9.8
,10/29/2003 6:00,9.95
,10/29/2003 6:30,9.8
,10/29/2003 7:00,9.6
,10/29/2003 7:30,9.75
,10/29/2003 8:00,9.65
,10/29/2003 8:30,9.9
,10/29/2003 9:00,10
,10/29/2003 9:30,10.2
,10/29/2003 10:00,10.45
,10/29/2003 10:30,10.75
,10/29/2003 11:00,10.95
,10/29/2003 11:30,10.95
,10/29/2003 12:00,10.8
,10/29/2003 12:30,11.05
,10/29/2003 13:00,11.2
,10/29/2003 13:30,10.35
,10/29/2003 14:00,10.55
,10/29/2003 14:30,10.85
,10/29/2003 15:00,10.7
,10/29/2003 15:30,11.15
,10/29/2003 16:00,11.3
,10/29/2003 16:30,11.65
,10/29/2003 17:00,11.75
,10/29/2003 17:30,11.25
,10/29/2003 18:00,11.4
,10/29/2003 18:30,11.55
,10/29/2003 19:00,11.45
,10/29/2003 19:30,11.25
,10/29/2003 20:00,11.1
,10/29/2003 20:30,11.15
,10/29/2003 21:00,11.5
,10/29/2003 21:30,10.55
,10/29/2003 22:00,10.55
,10/29/2003 22:30,10.7
,10/29/2003 23:00,10.9
,10/29/2003 23:30,11.05
,10/30/2003 0:00,11.05
,10/30/2003 0:30,11.25
,10/30/2003 1:00,11.4
,10/30/2003 1:30,11.5
,10/30/2003 2:00,11.65
,10/30/2003 2:30,11.9
,10/30/2003 3:00,12.05
,10/30/2003 3:30,12
,10/30/2003 4:00,12.35
,10/30/2003 4:30,12.4
,10/30/2003 5:00,12.45
,10/30/2003 5:30,12.55
,10/30/2003 6:00,12.65
,10/30/2003 6:30,11.7
,10/30/2003 7:00,11.65
,10/30/2003 7:30,11.7
,10/30/2003 8:00,11.75
,10/30/2003 8:30,11.9
,10/30/2003 9:00,12
,10/30/2003 9:30,12.3
,10/30/2003 10:00,12.4
,10/30/2003 10:30,12.65
,10/30/2003 11:00,12.75
,10/30/2003 11:30,12.85
,10/30/2003 12:00,12.95
,10/30/2003 12:30,13.05
,10/30/2003 13:00,13.1
,10/30/2003 13:30,13
,10/30/2003 14:00,13.15
,10/30/2003 14:30,13.35
,10/30/2003 15:00,13.4
,10/30/2003 15:30,13.4
,10/30/2003 16:00,13.45
,10/30/2003 16:30,13.6
,10/30/2003 17:00,13.7
,10/30/2003 17:30,13.85
,10/30/2003 18:00,13.85
,10/30/2003 18:30,12.55
,10/30/2003 19:00,12.4
,10/30/2003 19:30,12.35
,10/30/2003 20:00,12.45
,10/30/2003 20:30,12.1
,10/30/2003 21:00,12.2
,10/30/2003 21:30,12.35
,10/30/2003 22:00,12.6
,10/30/2003 22:30,12.7
,10/30/2003 23:00,12.75
,10/30/2003 23:30,12.85
,10/31/2003 0:00,12.95
,10/31/2003 0:30,13.1
,10/31/2003 1:00,13.2
,10/31/2003 1:30,13.3
,10/31/2003 2:00,13.4
,10/31/2003 2:30,13.5
,10/31/2003 3:00,13.5
,10/31/2003 3:30,13.5
,10/31/2003 4:00,13.55
,10/31/2003 4:30,13.65
,10/31/2003 5:00,13.7
,10/31/2003 5:30,13.7
,10/31/2003 6:00,13.8
,10/31/2003 6:30,13.4
,10/31/2003 7:00,12.9
,10/31/2003 7:30,12.8
,10/31/2003 8:00,12.75
,10/31/2003 8:30,12.9
,10/31/2003 9:00,13
,10/31/2003 9:30,13.15
,10/31/2003 10:00,13.3
,10/31/2003 10:30,13.35
,10/31/2003 11:00,13.4
,10/31/2003 11:30,13.5
,10/31/2003 12:00,13.6
,10/31/2003 12:30,13.6
,10/31/2003 13:00,13.65
,10/31/2003 13:30,13.75
,10/31/2003 14:00,13.9
,10/31/2003 14:30,13.95
,10/31/2003 15:00,14.05
,10/31/2003 15:30,14.1
,10/31/2003 16:00,14.1
,10/31/2003 16:30,14.1
,10/31/2003 17:00,14.2
,10/31/2003 17:30,14.25
,10/31/2003 18:00,14.3
,10/31/2003 18:30,13
,10/31/2003 19:00,12.95
,10/31/2003 19:30,12.9
,10/31/2003 20:00,13
,10/31/2003 20:30,13.15
,10/31/2003 21:00,13.05
,10/31/2003 21:30,12.9
,10/31/2003 22:00,13.05
,10/31/2003 22:30,13.2
,10/31/2003 23:00,13.3
,10/31/2003 23:30,13.4
,11/1/2003 0:00,13.5
,11/1/2003 0:30,13.6
,11/1/2003 1:00,13.65
,11/1/2003 1:30,13.75
,11/1/2003 2:00,13.8
,11/1/2003 2:30,13.45
,11/1/2003 3:00,13.55
,11/1/2003 3:30,13.75
,11/1/2003 4:00,13.9
,11/1/2003 4:30,13.9
,11/1/2003 5:00,13.95
,11/1/2003 5:30,14
,11/1/2003 6:00,14.05
,11/1/2003 6:30,14.1
,11/1/2003 7:00,14.2
,11/1/2003 7:30,14.25
,11/1/2003 8:00,13.8
,11/1/2003 8:30,13.45
,11/1/2003 9:00,13.55
,11/1/2003 9:30,13.35
,11/1/2003 10:00,13.1
,11/1/2003 10:30,13.25
,11/1/2003 11:00,13.35
,11/1/2003 11:30,13.2
,11/1/2003 12:00,13
,11/1/2003 12:30,13.15
,11/1/2003 13:00,13.2
,11/1/2003 13:30,13.35
,11/1/2003 14:00,13.2
,11/1/2003 14:30,12.9
,11/1/2003 15:00,13
,11/1/2003 15:30,13.15
,11/1/2003 16:00,13.25
,11/1/2003 16:30,13.45
,11/1/2003 17:00,13.55
,11/1/2003 17:30,13.6
,11/1/2003 18:00,13.4
,11/1/2003 18:30,13.2
,11/1/2003 19:00,13.35
,11/1/2003 19:30,13.45
,11/1/2003 20:00,13.55
,11/1/2003 20:30,13.65
,11/1/2003 21:00,13.1
,11/1/2003 21:30,13.15
,11/1/2003 22:00,13.35
,11/1/2003 22:30,13.45
,11/1/2003 23:00,13.55
,11/1/2003 23:30,13.1
,11/2/2003 0:00,13.2
,11/2/2003 0:30,13.3
,11/2/2003 1:00,12.85
,11/2/2003 1:30,12.95
,11/2/2003 2:00,13.05
,11/2/2003 2:30,13.25
,11/2/2003 3:00,13.35
,11/2/2003 3:30,13.5
,11/2/2003 4:00,13.65
,11/2/2003 4:30,13.75
,11/2/2003 5:00,13.75
,11/2/2003 5:30,13.9
,11/2/2003 6:00,13.95
,11/2/2003 6:30,14.15
,11/2/2003 7:00,13.35
,11/2/2003 7:30,13.45
,11/2/2003 8:00,13.5
,11/2/2003 8:30,13.6
,11/2/2003 9:00,12.85
,11/2/2003 9:30,13.05
,11/2/2003 10:00,13
,11/2/2003 10:30,12.95
,11/2/2003 11:00,12.85
,11/2/2003 11:30,12.7
,11/2/2003 12:00,12.9
,11/2/2003 12:30,13
,11/2/2003 13:00,13.05
,11/2/2003 13:30,13.3
,11/2/2003 14:00,13.4
,11/2/2003 14:30,13.1
,11/2/2003 15:00,13.1
,11/2/2003 15:30,13.25
,11/2/2003 16:00,13.45
,11/2/2003 16:30,12.9
,11/2/2003 17:00,13.15
,11/2/2003 17:30,13.25
,11/2/2003 18:00,13.35
,11/2/2003 18:30,13.55
,11/2/2003 19:00,13.65
,11/2/2003 19:30,13.6
,11/2/2003 20:00,13.3
,11/2/2003 20:30,13.4
,11/2/2003 21:00,13.3
,11/2/2003 21:30,13.1
,11/2/2003 22:00,12.95
,11/2/2003 22:30,12.95
,11/2/2003 23:00,13.2
,11/2/2003 23:30,13.3
,11/3/2003 0:00,13.45
,11/3/2003 0:30,13.6
,11/3/2003 1:00,13.75
,11/3/2003 1:30,13.85
,11/3/2003 2:00,14
,11/3/2003 2:30,14.2
,11/3/2003 3:00,14.35
,11/3/2003 3:30,14.4
,11/3/2003 4:00,14.5
,11/3/2003 4:30,14.55
,11/3/2003 5:00,14.7
,11/3/2003 5:30,14.7
,11/3/2003 6:00,14.8
,11/3/2003 6:30,14.85
,11/3/2003 7:00,14.9
,11/3/2003 7:30,14.35
,11/3/2003 8:00,13.75
,11/3/2003 8:30,13.85
,11/3/2003 9:00,13.45
,11/3/2003 9:30,13.55
,11/3/2003 10:00,13.6
,11/3/2003 10:30,13.3
,11/3/2003 11:00,13.4
,11/3/2003 11:30,13.3
,11/3/2003 12:00,13.1
,11/3/2003 12:30,13.25
,11/3/2003 13:00,13.3
,11/3/2003 13:30,13.5
,11/3/2003 14:00,13.65
,11/3/2003 14:30,13.75
,11/3/2003 15:00,13.8
,11/3/2003 15:30,13.95
,11/3/2003 16:00,14.1
,11/3/2003 16:30,14.1
,11/3/2003 17:00,14.25
,11/3/2003 17:30,13.5
,11/3/2003 18:00,13.65
,11/3/2003 18:30,13.3
,11/3/2003 19:00,13.1
,11/3/2003 19:30,13.1
,11/3/2003 20:00,13.2
,11/3/2003 20:30,13.35
,11/3/2003 21:00,13.15
,11/3/2003 21:30,13.25
,11/3/2003 22:00,13.4
,11/3/2003 22:30,13.45
,11/3/2003 23:00,13.6
,11/3/2003 23:30,13.65
,11/4/2003 0:00,13.7
,11/4/2003 0:30,13.95
,11/4/2003 1:00,14.05
,11/4/2003 1:30,13.6
,11/4/2003 2:00,13.7
,11/4/2003 2:30,13.85
,11/4/2003 3:00,14
,11/4/2003 3:30,13.95
,11/4/2003 4:00,14.05
,11/4/2003 4:30,14.2
,11/4/2003 5:00,14.25
,11/4/2003 5:30,14.35
,11/4/2003 6:00,14.4
,11/4/2003 6:30,14.5
,11/4/2003 7:00,14
,11/4/2003 7:30,13.35
,11/4/2003 8:00,13.35
,11/4/2003 8:30,13.5
,11/4/2003 9:00,13.55
,11/4/2003 9:30,13.6
,11/4/2003 10:00,13.7
,11/4/2003 10:30,13.75
,11/4/2003 11:00,13.55
,11/4/2003 11:30,13.3
,11/4/2003 12:00,13.45
,11/4/2003 12:30,13.5
,11/4/2003 13:00,13.6
,11/4/2003 13:30,13.75
,11/4/2003 14:00,13.85
,11/4/2003 14:30,13.9
,11/4/2003 15:00,14
,11/4/2003 15:30,13.95
,11/4/2003 16:00,14
,11/4/2003 16:30,14.1
,11/4/2003 17:00,14.2
,11/4/2003 17:30,14.35
,11/4/2003 18:00,13.75
,11/4/2003 18:30,13.05
,11/4/2003 19:00,12.9
,11/4/2003 19:30,12.9
,11/4/2003 20:00,12.9
,11/4/2003 20:30,13.1
,11/4/2003 21:00,13.15
,11/4/2003 21:30,12.6
,11/4/2003 22:00,12.7
,11/4/2003 22:30,12.85
,11/4/2003 23:00,13
,11/4/2003 23:30,13.1
,11/5/2003 0:00,13.25
,11/5/2003 0:30,13.3
,11/5/2003 1:00,13.4
,11/5/2003 1:30,13.5
,11/5/2003 2:00,13.65
,11/5/2003 2:30,13.65
,11/5/2003 3:00,13.9
,11/5/2003 3:30,14
,11/5/2003 4:00,14
,11/5/2003 4:30,14.1
,11/5/2003 5:00,14.2
,11/5/2003 5:30,14.2
,11/5/2003 6:00,14.25
,11/5/2003 6:30,14.35
,11/5/2003 7:00,13.3
,11/5/2003 7:30,13.4
,11/5/2003 8:00,13.3
,11/5/2003 8:30,13.05
,11/5/2003 9:00,13
,11/5/2003 9:30,13.1
,11/5/2003 10:00,13.1
,11/5/2003 10:30,13.2
,11/5/2003 11:00,13.2
,11/5/2003 11:30,13.3
,11/5/2003 12:00,13.35
,11/5/2003 12:30,13.45
,11/5/2003 13:00,13.45
,11/5/2003 13:30,13.6
,11/5/2003 14:00,13.6
,11/5/2003 14:30,13.05
,11/5/2003 15:00,13.25
,11/5/2003 15:30,13.4
,11/5/2003 16:00,13.5
,11/5/2003 16:30,13.55
,11/5/2003 17:00,13.7
,11/5/2003 17:30,13.8
,11/5/2003 18:00,13.85
,11/5/2003 18:30,13.1
,11/5/2003 19:00,13
,11/5/2003 19:30,12.95
,11/5/2003 20:00,13
,11/5/2003 20:30,12.75
,11/5/2003 21:00,12.8
,11/5/2003 21:30,12.8
,11/5/2003 22:00,12.8
,11/5/2003 22:30,12.85
,11/5/2003 23:00,12.95
,11/5/2003 23:30,12.95
,11/6/2003 0:00,12.9
,11/6/2003 0:30,13.05
,11/6/2003 1:00,13.15
,11/6/2003 1:30,13.3
,11/6/2003 2:00,13.4
,11/6/2003 2:30,13.5
,11/6/2003 3:00,13.65
,11/6/2003 3:30,13.6
,11/6/2003 4:00,13.7
,11/6/2003 4:30,13.7
,11/6/2003 5:00,13.7
,11/6/2003 5:30,13.75
,11/6/2003 6:00,13.8
,11/6/2003 6:30,13.8
,11/6/2003 7:00,13.4
,11/6/2003 7:30,12.9
,11/6/2003 8:00,13
,11/6/2003 8:30,13
,11/6/2003 9:00,13
,11/6/2003 9:30,13.1
,11/6/2003 10:00,13.25
,11/6/2003 10:30,13.25
,11/6/2003 11:00,13.35
,11/6/2003 11:30,13.45
,11/6/2003 12:00,13.4
,11/6/2003 12:30,13.35
,11/6/2003 13:00,13.4
,11/6/2003 13:30,13.45
,11/6/2003 14:00,13.5
,11/6/2003 14:30,13.65
,11/6/2003 15:00,13.6
,11/6/2003 15:30,13.65
,11/6/2003 16:00,13.6
,11/6/2003 16:30,13.7
,11/6/2003 17:00,13.7
,11/6/2003 17:30,13.65
,11/6/2003 18:00,13.65
,11/6/2003 18:30,13
,11/6/2003 19:00,12.05
,11/6/2003 19:30,12.2
,11/6/2003 20:00,12.2
,11/6/2003 20:30,12.35
,11/6/2003 21:00,12.45
,11/6/2003 21:30,12.55
,11/6/2003 22:00,12.75
,11/6/2003 22:30,12.7
,11/6/2003 23:00,12.7
,11/6/2003 23:30,12.6
,11/7/2003 0:00,12.7
,11/7/2003 0:30,12.6
,11/7/2003 1:00,12.75
,11/7/2003 1:30,12.85
,11/7/2003 2:00,12.25
,11/7/2003 2:30,12
,11/7/2003 3:00,12
,11/7/2003 3:30,12
,11/7/2003 4:00,12.1
,11/7/2003 4:30,12.2
,11/7/2003 5:00,12.35
,11/7/2003 5:30,12.3
,11/7/2003 6:00,12.1
,11/7/2003 6:30,11.85
,11/7/2003 7:00,11.45
,11/7/2003 7:30,11.4
,11/7/2003 8:00,11.2
,11/7/2003 8:30,11.2
,11/7/2003 9:00,11.35
,11/7/2003 9:30,11.45
,11/7/2003 10:00,11.55
,11/7/2003 10:30,11.55
,11/7/2003 11:00,11.7
,11/7/2003 11:30,12
,11/7/2003 12:00,12.2
,11/7/2003 12:30,12.2
,11/7/2003 13:00,12.35
,11/7/2003 13:30,12.55
,11/7/2003 14:00,12.5
,11/7/2003 14:30,12.6
,11/7/2003 15:00,12.6
,11/7/2003 15:30,12.7
,11/7/2003 16:00,12.65
,11/7/2003 16:30,12.6
,11/7/2003 17:00,12.65
,11/7/2003 17:30,12.75
,11/7/2003 18:00,12.75
,11/7/2003 18:30,11.75
,11/7/2003 19:00,10.95
,11/7/2003 19:30,11
,11/7/2003 20:00,11
,11/7/2003 20:30,11.35
,11/7/2003 21:00,11.5
,11/7/2003 21:30,11.2
,11/7/2003 22:00,10.85
,11/7/2003 22:30,10.8
,11/7/2003 23:00,11
,11/7/2003 23:30,11.4
,11/8/2003 0:00,11.55
,11/8/2003 0:30,11.45
,11/8/2003 1:00,11.7
,11/8/2003 1:30,11.9
,11/8/2003 2:00,12
,11/8/2003 2:30,12.05
,11/8/2003 3:00,12.15
,11/8/2003 3:30,12.45
,11/8/2003 4:00,12.55
,11/8/2003 4:30,12.75
,11/8/2003 5:00,13.05
,11/8/2003 5:30,13.15
,11/8/2003 6:00,13.05
,11/8/2003 6:30,12.95
,11/8/2003 7:00,11.5
,11/8/2003 7:30,11.2
,11/8/2003 8:00,11.1
,11/8/2003 8:30,11.15
,11/8/2003 9:00,11.15
,11/8/2003 9:30,11.75
,11/8/2003 10:00,11.8
,11/8/2003 10:30,11.9
,11/8/2003 11:00,11.9
,11/8/2003 11:30,11.95
,11/8/2003 12:00,11.9
,11/8/2003 12:30,12.05
,11/8/2003 13:00,12
,11/8/2003 13:30,12
,11/8/2003 14:00,12.05
,11/8/2003 14:30,12.25
,11/8/2003 15:00,11.5
,11/8/2003 15:30,11.6
,11/8/2003 16:00,11.7
,11/8/2003 16:30,11.8
,11/8/2003 17:00,11.55
,11/8/2003 17:30,11.85
,11/8/2003 18:00,12.15
,11/8/2003 18:30,11.8
,11/8/2003 19:00,11.95
,11/8/2003 19:30,11.95
,11/8/2003 20:00,11.9
,11/8/2003 20:30,12
,11/8/2003 21:00,12.2
,11/8/2003 21:30,12.05
,11/8/2003 22:00,12.1
,11/8/2003 22:30,12
,11/8/2003 23:00,12
,11/8/2003 23:30,12.15
,11/9/2003 0:00,12.35
,11/9/2003 0:30,12.5
,11/9/2003 1:00,12.6
,11/9/2003 1:30,12.75
,11/9/2003 2:00,12.9
,11/9/2003 2:30,11.85
,11/9/2003 3:00,11.95
,11/9/2003 3:30,12.1
,11/9/2003 4:00,11.95
,11/9/2003 4:30,12.1
,11/9/2003 5:00,12.05
,11/9/2003 5:30,12
,11/9/2003 6:00,12
,11/9/2003 6:30,11.9
,11/9/2003 7:00,11.7
,11/9/2003 7:30,11.8
,11/9/2003 8:00,10.85
,11/9/2003 8:30,11.2
,11/9/2003 9:00,11.25
,11/9/2003 9:30,11.35
,11/9/2003 10:00,11.2
,11/9/2003 10:30,11.35
,11/9/2003 11:00,11.2
,11/9/2003 11:30,11.25
,11/9/2003 12:00,10.9
,11/9/2003 12:30,10.35
,11/9/2003 13:00,10.4
,11/9/2003 13:30,10.35
,11/9/2003 14:00,10.5
,11/9/2003 14:30,11.7
,11/9/2003 15:00,11.55
,11/9/2003 15:30,10.9
,11/9/2003 16:00,10.35
,11/9/2003 16:30,10.5
,11/9/2003 17:00,10.3
,11/9/2003 17:30,9.9
,11/9/2003 18:00,10.25
,11/9/2003 18:30,10.15
,11/9/2003 19:00,9.75
,11/9/2003 19:30,10.35
,11/9/2003 20:00,9.85
,11/9/2003 20:30,10.05
,11/9/2003 21:00,9.55
,11/9/2003 21:30,9.3
,11/9/2003 22:00,9.25
,11/9/2003 22:30,8.9
,11/9/2003 23:00,8.65
,11/9/2003 23:30,6.85
,11/10/2003 0:00,6.1
,11/10/2003 0:30,7
,11/10/2003 1:00,7.15
,11/10/2003 1:30,7.35
,11/10/2003 2:00,6.9
,11/10/2003 2:30,5.95
,11/10/2003 3:00,5.25
,11/10/2003 3:30,6.1
,11/10/2003 4:00,4.7
,11/10/2003 4:30,4.05
,11/10/2003 5:00,4.65
,11/10/2003 5:30,4.6
,11/10/2003 6:00,3.6
,11/10/2003 6:30,3.45
,11/10/2003 7:00,2.85
,11/10/2003 7:30,2.45
,11/10/2003 8:00,1.95
,11/10/2003 8:30,2.65
,11/10/2003 9:00,2.2
,11/10/2003 9:30,2.5
,11/10/2003 10:00,2.8
,11/10/2003 10:30,2.45
,11/10/2003 11:00,2.1
,11/10/2003 11:30,2.35
,11/10/2003 12:00,1.95
,11/10/2003 12:30,1.95
,11/10/2003 13:00,2
,11/10/2003 13:30,2.1
,11/10/2003 14:00,2.2
,11/10/2003 14:30,2.45
,11/10/2003 15:00,2.35
,11/10/2003 15:30,2.25
,11/10/2003 16:00,2.2
,11/10/2003 16:30,2.2
,11/10/2003 17:00,1.95
,11/10/2003 17:30,1.8
,11/10/2003 18:00,2.3
,11/10/2003 18:30,1.35
,11/10/2003 19:00,1.25
,11/10/2003 19:30,1.35
,11/10/2003 20:00,1.05
,11/10/2003 20:30,0.85
,11/10/2003 21:00,1.25
,11/10/2003 21:30,1.25
,11/10/2003 22:00,1
,11/10/2003 22:30,1.2
,11/10/2003 23:00,1.1
,11/10/2003 23:30,1.45
,11/11/2003 0:00,1.3
,11/11/2003 0:30,1.7
,11/11/2003 1:00,1.75
,11/11/2003 1:30,1.8
,11/11/2003 2:00,2.05
,11/11/2003 2:30,1.95
,11/11/2003 3:00,2.2
,11/11/2003 3:30,2.6
,11/11/2003 4:00,2.25
,11/11/2003 4:30,2.25
,11/11/2003 5:00,2.55
,11/11/2003 5:30,1.65
,11/11/2003 6:00,1.7
,11/11/2003 6:30,1.5
,11/11/2003 7:00,0.95
,11/11/2003 7:30,0.95
,11/11/2003 8:00,1.2
,11/11/2003 8:30,1.5
,11/11/2003 9:00,1.4
,11/11/2003 9:30,1.55
,11/11/2003 10:00,1.6
,11/11/2003 10:30,1.3
,11/11/2003 11:00,1.35
,11/11/2003 11:30,1.35
,11/11/2003 12:00,1.55
,11/11/2003 12:30,1.65
,11/11/2003 13:00,1.75
,11/11/2003 13:30,1.5
,11/11/2003 14:00,1.3
,11/11/2003 14:30,1.15
,11/11/2003 15:00,1.2
,11/11/2003 15:30,0.9
,11/11/2003 16:00,1.1
,11/11/2003 16:30,0.9
,11/11/2003 17:00,1.3
,11/11/2003 17:30,1.4
,11/11/2003 18:00,1.35
,11/11/2003 18:30,0.9
,11/11/2003 19:00,0.65
,11/11/2003 19:30,0.65
,11/11/2003 20:00,0.65
,11/11/2003 20:30,0.55
,11/11/2003 21:00,0.4
,11/11/2003 21:30,0.4
,11/11/2003 22:00,0.3
,11/11/2003 22:30,-0.25
,11/11/2003 23:00,0.35
,11/11/2003 23:30,0.55
,11/12/2003 0:00,0.65
,11/12/2003 0:30,0.4
,11/12/2003 1:00,0.6
,11/12/2003 1:30,0.5
,11/12/2003 2:00,0.3
,11/12/2003 2:30,0.5
,11/12/2003 3:00,0.45
,11/12/2003 3:30,0.4
,11/12/2003 4:00,0.45
,11/12/2003 4:30,0.4
,11/12/2003 5:00,0.4
,11/12/2003 5:30,0.5
,11/12/2003 6:00,0.8
,11/12/2003 6:30,0.8
,11/12/2003 7:00,0.2
,11/12/2003 7:30,0.3
,11/12/2003 8:00,0.15
,11/12/2003 8:30,-0.05
,11/12/2003 9:00,-0.05
,11/12/2003 9:30,-0.1
,11/12/2003 10:00,0
,11/12/2003 10:30,0.1
,11/12/2003 11:00,0.15
,11/12/2003 11:30,-0.05
,11/12/2003 12:00,0.3
,11/12/2003 12:30,0.25
,11/12/2003 13:00,0.3
,11/12/2003 13:30,0.4
,11/12/2003 14:00,0.35
,11/12/2003 14:30,0.25
,11/12/2003 15:00,0
,11/12/2003 15:30,0.1
,11/12/2003 16:00,0
,11/12/2003 16:30,0.05
,11/12/2003 17:00,0.55
,11/12/2003 17:30,0.65
,11/12/2003 18:00,0.45
,11/12/2003 18:30,0.6
,11/12/2003 19:00,0.85
,11/12/2003 19:30,0.95
,11/12/2003 20:00,1.1
,11/12/2003 20:30,1
,11/12/2003 21:00,1.1
,11/12/2003 21:30,0.55
,11/12/2003 22:00,0.25
,11/12/2003 22:30,0.1
,11/12/2003 23:00,0.15
,11/12/2003 23:30,0.35
,11/13/2003 0:00,0.35
,11/13/2003 0:30,0.6
,11/13/2003 1:00,0.4
,11/13/2003 1:30,0.75
,11/13/2003 2:00,1.15
,11/13/2003 2:30,1.3
,11/13/2003 3:00,1.15
,11/13/2003 3:30,1.1
,11/13/2003 4:00,1.25
,11/13/2003 4:30,1.2
,11/13/2003 5:00,1.35
,11/13/2003 5:30,1.45
,11/13/2003 6:00,1.65
,11/13/2003 6:30,1.4
,11/13/2003 7:00,1.6
,11/13/2003 7:30,0.85
,11/13/2003 8:00,0.7
,11/13/2003 8:30,0.7
,11/13/2003 9:00,0.7
,11/13/2003 9:30,0.8
,11/13/2003 10:00,0.65
,11/13/2003 10:30,0.45
,11/13/2003 11:00,0.5
,11/13/2003 11:30,0.5
,11/13/2003 12:00,0.65
,11/13/2003 12:30,0.5
,11/13/2003 13:00,0.35
,11/13/2003 13:30,0.35
,11/13/2003 14:00,0.5
,11/13/2003 14:30,0.65
,11/13/2003 15:00,0.6
,11/13/2003 15:30,0.45
,11/13/2003 16:00,0.8
,11/13/2003 16:30,0.85
,11/13/2003 17:00,0.85
,11/13/2003 17:30,0.7
,11/13/2003 18:00,0.95
,11/13/2003 18:30,-0.2
,11/13/2003 19:00,-0.5
,11/13/2003 19:30,-0.6
,11/13/2003 20:00,-0.6
,11/13/2003 20:30,-0.55
,11/13/2003 21:00,-0.4
,11/13/2003 21:30,-0.3
,11/13/2003 22:00,-0.15
,11/13/2003 22:30,-0.15
,11/13/2003 23:00,-0.15
,11/13/2003 23:30,-0.15
,11/14/2003 0:00,0
,11/14/2003 0:30,0
,11/14/2003 1:00,-0.25
,11/14/2003 1:30,-0.45
,11/14/2003 2:00,-0.35
,11/14/2003 2:30,-0.4
,11/14/2003 3:00,-0.4
,11/14/2003 3:30,-0.3
,11/14/2003 4:00,-0.3
,11/14/2003 4:30,0
,11/14/2003 5:00,-0.25
,11/14/2003 5:30,-0.25
,11/14/2003 6:00,0
,11/14/2003 6:30,-0.15
,11/14/2003 7:00,-0.5
,11/14/2003 7:30,-0.45
,11/14/2003 8:00,-0.35
,11/14/2003 8:30,-0.65
,11/14/2003 9:00,-0.65
,11/14/2003 9:30,-0.55
,11/14/2003 10:00,-0.65
,11/14/2003 10:30,-0.6
,11/14/2003 11:00,-0.6
,11/14/2003 11:30,-0.6
,11/14/2003 12:00,-0.75
,11/14/2003 12:30,-0.6
,11/14/2003 13:00,-0.6
,11/14/2003 13:30,-0.5
,11/14/2003 14:00,-0.4
,11/14/2003 14:30,-0.45
,11/14/2003 15:00,-0.65
,11/14/2003 15:30,-0.6
,11/14/2003 16:00,-0.5
,11/14/2003 16:30,-0.45
,11/14/2003 17:00,-0.55
,11/14/2003 17:30,-0.5
,11/14/2003 18:00,-0.25
,11/14/2003 18:30,-1.15
,11/14/2003 19:00,-1.4
,11/14/2003 19:30,-1.2
,11/14/2003 20:00,-0.8
,11/14/2003 20:30,-0.75
,11/14/2003 21:00,-0.65
,11/14/2003 21:30,-0.6
,11/14/2003 22:00,-0.6
,11/14/2003 22:30,-0.35
,11/14/2003 23:00,-0.35
,11/14/2003 23:30,-0.4
,11/15/2003 0:00,-0.4
,11/15/2003 0:30,-0.3
,11/15/2003 1:00,-0.15
,11/15/2003 1:30,-0.1
,11/15/2003 2:00,0.15
,11/15/2003 2:30,0.6
,11/15/2003 3:00,0.2
,11/15/2003 3:30,0.5
,11/15/2003 4:00,0.4
,11/15/2003 4:30,0.25
,11/15/2003 5:00,0.2
,11/15/2003 5:30,0.25
,11/15/2003 6:00,0.45
,11/15/2003 6:30,0.55
,11/15/2003 7:00,-0.95
,11/15/2003 7:30,-0.9
,11/15/2003 8:00,-0.7
,11/15/2003 8:30,-0.6
,11/15/2003 9:00,-0.4
,11/15/2003 9:30,-0.4
,11/15/2003 10:00,-0.25
,11/15/2003 10:30,-0.2
,11/15/2003 11:00,-0.2
,11/15/2003 11:30,-0.1
,11/15/2003 12:00,-0.15
,11/15/2003 12:30,0
,11/15/2003 13:00,0
,11/15/2003 13:30,-0.1
,11/15/2003 14:00,-0.35
,11/15/2003 14:30,-0.25
,11/15/2003 15:00,0
,11/15/2003 15:30,0.05
,11/15/2003 16:00,0
,11/15/2003 16:30,0.1
,11/15/2003 17:00,-0.15
,11/15/2003 17:30,-0.2
,11/15/2003 18:00,0
,11/15/2003 18:30,-0.55
,11/15/2003 19:00,-0.95
,11/15/2003 19:30,-0.9
,11/15/2003 20:00,-0.85
,11/15/2003 20:30,-0.75
,11/15/2003 21:00,-1.05
,11/15/2003 21:30,-1.3
,11/15/2003 22:00,-1.5
,11/15/2003 22:30,-1.25
,11/15/2003 23:00,-1
,11/15/2003 23:30,-1.05
,11/16/2003 0:00,-0.85
,11/16/2003 0:30,-1.15
,11/16/2003 1:00,-1.1
,11/16/2003 1:30,-0.7
,11/16/2003 2:00,-0.9
,11/16/2003 2:30,-0.45
,11/16/2003 3:00,-0.3
,11/16/2003 3:30,-0.55
,11/16/2003 4:00,-0.4
,11/16/2003 4:30,-0.6
,11/16/2003 5:00,-0.6
,11/16/2003 5:30,-0.3
,11/16/2003 6:00,-0.1
,11/16/2003 6:30,-0.2
,11/16/2003 7:00,-0.65
,11/16/2003 7:30,-0.8
,11/16/2003 8:00,-1.2
,11/16/2003 8:30,-1.2
,11/16/2003 9:00,-1.05
,11/16/2003 9:30,-1.4
,11/16/2003 10:00,-1.4
,11/16/2003 10:30,-1.05
,11/16/2003 11:00,-1.2
,11/16/2003 11:30,-1.35
,11/16/2003 12:00,-1.05
,11/16/2003 12:30,-0.95
,11/16/2003 13:00,-1
,11/16/2003 13:30,-0.8
,11/16/2003 14:00,-0.95
,11/16/2003 14:30,-1.35
,11/16/2003 15:00,-1.3
,11/16/2003 15:30,-1.2
,11/16/2003 16:00,-1.05
,11/16/2003 16:30,-1.2
,11/16/2003 17:00,-1.1
,11/16/2003 17:30,-0.9
,11/16/2003 18:00,-0.9
,11/16/2003 18:30,-0.7
,11/16/2003 19:00,-0.65
,11/16/2003 19:30,-0.7
,11/16/2003 20:00,-0.65
,11/16/2003 20:30,-0.6
,11/16/2003 21:00,-0.45
,11/16/2003 21:30,-0.6
,11/16/2003 22:00,-0.4
,11/16/2003 22:30,-0.8
,11/16/2003 23:00,-1.2
,11/16/2003 23:30,-1.25
,11/17/2003 0:00,-1.05
,11/17/2003 0:30,-1
,11/17/2003 1:00,-0.95
,11/17/2003 1:30,-0.9
,11/17/2003 2:00,-0.95
,11/17/2003 2:30,-0.85
,11/17/2003 3:00,-1.1
,11/17/2003 3:30,-1.2
,11/17/2003 4:00,-0.95
,11/17/2003 4:30,-0.75
,11/17/2003 5:00,-0.65
,11/17/2003 5:30,-0.85
,11/17/2003 6:00,-0.55
,11/17/2003 6:30,-0.7
,11/17/2003 7:00,-0.7
,11/17/2003 7:30,-1
,11/17/2003 8:00,-0.75
,11/17/2003 8:30,-1
,11/17/2003 9:00,-0.95
,11/17/2003 9:30,-1
,11/17/2003 10:00,-0.8
,11/17/2003 10:30,-0.75
,11/17/2003 11:00,-0.75
,11/17/2003 11:30,-0.7
,11/17/2003 12:00,-0.75
,11/17/2003 12:30,-0.6
,11/17/2003 13:00,-0.6
,11/17/2003 13:30,-0.45
,11/17/2003 14:00,-0.5
,11/17/2003 14:30,-0.5
,11/17/2003 15:00,-0.25
,11/17/2003 15:30,-0.25
,11/17/2003 16:00,-0.4
,11/17/2003 16:30,-0.55
,11/17/2003 17:00,-0.4
,11/17/2003 17:30,-0.45
,11/17/2003 18:00,-0.3
,11/17/2003 18:30,-0.35
,11/17/2003 19:00,-0.3
,11/17/2003 19:30,0
,11/17/2003 20:00,-0.85
,11/17/2003 20:30,-1.15
,11/17/2003 21:00,-1.05
,11/17/2003 21:30,-1.15
,11/17/2003 22:00,-1.05
,11/17/2003 22:30,-1.1
,11/17/2003 23:00,-0.9
,11/17/2003 23:30,-0.75
,11/18/2003 0:00,-1
,11/18/2003 0:30,-1.25
,11/18/2003 1:00,-1.1
,11/18/2003 1:30,-1.2
,11/18/2003 2:00,-1.1
,11/18/2003 2:30,-1.15
,11/18/2003 3:00,-1.1
,11/18/2003 3:30,-0.9
,11/18/2003 4:00,-0.85
,11/18/2003 4:30,-0.7
,11/18/2003 5:00,-0.65
,11/18/2003 5:30,-0.55
,11/18/2003 6:00,-0.25
,11/18/2003 6:30,-0.25
,11/18/2003 7:00,-0.8
,11/18/2003 7:30,-0.95
,11/18/2003 8:00,-0.9
,11/18/2003 8:30,-1.05
,11/18/2003 9:00,-0.95
,11/18/2003 9:30,-1.05
,11/18/2003 10:00,-1.2
,11/18/2003 10:30,-1
,11/18/2003 11:00,-1
,11/18/2003 11:30,-1.25
,11/18/2003 12:00,-1.45
,11/18/2003 12:30,-1.45
,11/18/2003 13:00,-1.25
,11/18/2003 13:30,-1.4
,11/18/2003 14:00,-1.05
,11/18/2003 14:30,-0.95
,11/18/2003 15:00,-1
,11/18/2003 15:30,-1.1
,11/18/2003 16:00,-1.45
,11/18/2003 16:30,-1.9
,11/18/2003 17:00,-1.75
,11/18/2003 17:30,-1.75
,11/18/2003 18:00,-1.7
,11/18/2003 18:30,-1.85
,11/18/2003 19:00,-1.5
,11/18/2003 19:30,-1.2
,11/18/2003 20:00,-1.15
,11/18/2003 20:30,-1.2
,11/18/2003 21:00,-1.8
,11/18/2003 21:30,-2.55
,11/18/2003 22:00,-2.35
,11/18/2003 22:30,-3.6
,11/18/2003 23:00,-3.6
,11/18/2003 23:30,-3.4
,11/19/2003 0:00,-3.2
,11/19/2003 0:30,-3.3
,11/19/2003 1:00,-3.15
,11/19/2003 1:30,-3.05
,11/19/2003 2:00,-3.05
,11/19/2003 2:30,-2.95
,11/19/2003 3:00,-3.05
,11/19/2003 3:30,-2.65
,11/19/2003 4:00,-2.3
,11/19/2003 4:30,-2.85
,11/19/2003 5:00,-2.8
,11/19/2003 5:30,-2.6
,11/19/2003 6:00,-2.7
,11/19/2003 6:30,-2.45
,11/19/2003 7:00,-3
,11/19/2003 7:30,-3.05
,11/19/2003 8:00,-3.2
,11/19/2003 8:30,-3.1
,11/19/2003 9:00,-3.75
,11/19/2003 9:30,-3.75
,11/19/2003 10:00,-3.35
,11/19/2003 10:30,-3.8
,11/19/2003 11:00,-3.8
,11/19/2003 11:30,-3.6
,11/19/2003 12:00,-3.55
,11/19/2003 12:30,-3.7
,11/19/2003 13:00,-3.5
,11/19/2003 13:30,-3.35
,11/19/2003 14:00,-3.3
,11/19/2003 14:30,-3.5
,11/19/2003 15:00,-3.9
,11/19/2003 15:30,-3.7
,11/19/2003 16:00,-3.5
,11/19/2003 16:30,-3.7
,11/19/2003 17:00,-3.45
,11/19/2003 17:30,-3.3
,11/19/2003 18:00,-3.1
,11/19/2003 18:30,-2.85
,11/19/2003 19:00,-2.7
,11/19/2003 19:30,-2.7
,11/19/2003 20:00,-2.65
,11/19/2003 20:30,-2.75
,11/19/2003 21:00,-2.8
,11/19/2003 21:30,-2.55
,11/19/2003 22:00,-2.4
,11/19/2003 22:30,-2.15
,11/19/2003 23:00,-2.2
,11/19/2003 23:30,-2.2
,11/20/2003 0:00,-2.15
,11/20/2003 0:30,-2.4
,11/20/2003 1:00,-2.2
,11/20/2003 1:30,-2.4
,11/20/2003 2:00,-3.25
,11/20/2003 2:30,-3.25
,11/20/2003 3:00,-3.1
,11/20/2003 3:30,-2.9
,11/20/2003 4:00,-2.5
,11/20/2003 4:30,-2.65
,11/20/2003 5:00,-2.4
,11/20/2003 5:30,-2.35
,11/20/2003 6:00,-2.3
,11/20/2003 6:30,-2.35
,11/20/2003 7:00,-2.05
,11/20/2003 7:30,-2.45
,11/20/2003 8:00,-2.55
,11/20/2003 8:30,-2.5
,11/20/2003 9:00,-2.45
,11/20/2003 9:30,-2.55
,11/20/2003 10:00,-2.5
,11/20/2003 10:30,-2.65
,11/20/2003 11:00,-2.4
,11/20/2003 11:30,-2.4
,11/20/2003 12:00,-2.55
,11/20/2003 12:30,-2.35
,11/20/2003 13:00,-2.1
,11/20/2003 13:30,-2
,11/20/2003 14:00,-1.95
,11/20/2003 14:30,-2.3
,11/20/2003 15:00,-2
,11/20/2003 15:30,-2.25
,11/20/2003 16:00,-2.25
,11/20/2003 16:30,-2.4
,11/20/2003 17:00,-1.95
,11/20/2003 17:30,-1.65
,11/20/2003 18:00,-2.4
,11/20/2003 18:30,-2.4
,11/20/2003 19:00,-2.35
,11/20/2003 19:30,-2.1
,11/20/2003 20:00,-2.1
,11/20/2003 20:30,-1.8
,11/20/2003 21:00,-1.85
,11/20/2003 21:30,-1.65
,11/20/2003 22:00,-1.45
,11/20/2003 22:30,-1.55
,11/20/2003 23:00,-1.95
,11/20/2003 23:30,-1.5
,11/21/2003 0:00,-1.4
,11/21/2003 0:30,-1.4
,11/21/2003 1:00,-1.7
,11/21/2003 1:30,-1.85
,11/21/2003 2:00,-1.7
,11/21/2003 2:30,-1.8
,11/21/2003 3:00,-1.9
,11/21/2003 3:30,-1.7
,11/21/2003 4:00,-1.7
,11/21/2003 4:30,-1.5
,11/21/2003 5:00,-1.6
,11/21/2003 5:30,-1.65
,11/21/2003 6:00,-1.65
,11/21/2003 6:30,-2.1
,11/21/2003 7:00,-2.05
,11/21/2003 7:30,-3.2
,11/21/2003 8:00,-3
,11/21/2003 8:30,-2.85
,11/21/2003 9:00,-2.65
,11/21/2003 9:30,-2.8
,11/21/2003 10:00,-2.7
,11/21/2003 10:30,-2.5
,11/21/2003 11:00,-2.4
,11/21/2003 11:30,-2.4
,11/21/2003 12:00,-2.3
,11/21/2003 12:30,-2.2
,11/21/2003 13:00,-2.3
,11/21/2003 13:30,-2.15
,11/21/2003 14:00,-2.2
,11/21/2003 14:30,-2.05
,11/21/2003 15:00,-2
,11/21/2003 15:30,-1.85
,11/21/2003 16:00,-1.85
,11/21/2003 16:30,-1.9
,11/21/2003 17:00,-1.75
,11/21/2003 17:30,-1.75
,11/21/2003 18:00,-1.65
,11/21/2003 18:30,-1.7
,11/21/2003 19:00,-1.85
,11/21/2003 19:30,-1.5
,11/21/2003 20:00,-1.6
,11/21/2003 20:30,-1.25
,11/21/2003 21:00,-1.35
,11/21/2003 21:30,-1.2
,11/21/2003 22:00,-1.15
,11/21/2003 22:30,-1.6
,11/21/2003 23:00,-2.8
,11/21/2003 23:30,-3.65
,11/22/2003 0:00,-3.6
,11/22/2003 0:30,-3.5
,11/22/2003 1:00,-3.75
,11/22/2003 1:30,-3.6
,11/22/2003 2:00,-3.35
,11/22/2003 2:30,-3.1
,11/22/2003 3:00,-2.9
,11/22/2003 3:30,-2.75
,11/22/2003 4:00,-2.85
,11/22/2003 4:30,-3.25
,11/22/2003 5:00,-3.1
,11/22/2003 5:30,-3.1
,11/22/2003 6:00,-2.9
,11/22/2003 6:30,-2.8
,11/22/2003 7:00,-3.6
,11/22/2003 7:30,-3.8
,11/22/2003 8:00,-4.05
,11/22/2003 8:30,-4
,11/22/2003 9:00,-3.75
,11/22/2003 9:30,-3.5
,11/22/2003 10:00,-3.35
,11/22/2003 10:30,-2.9
,11/22/2003 11:00,-2.75
,11/22/2003 11:30,-2.6
,11/22/2003 12:00,-2.7
,11/22/2003 12:30,-2.65
,11/22/2003 13:00,-2.7
,11/22/2003 13:30,-2.5
,11/22/2003 14:00,-2.35
,11/22/2003 14:30,-1.95
,11/22/2003 15:00,-1.95
,11/22/2003 15:30,-1.85
,11/22/2003 16:00,-1.75
,11/22/2003 16:30,-1.8
,11/22/2003 17:00,-1.95
,11/22/2003 17:30,-1.75
,11/22/2003 18:00,-1.9
,11/22/2003 18:30,-2.85
,11/22/2003 19:00,-2.65
,11/22/2003 19:30,-2.6
,11/22/2003 20:00,-3.2
,11/22/2003 20:30,-3.05
,11/22/2003 21:00,-2.85
,11/22/2003 21:30,-2.8
,11/22/2003 22:00,-2.65
,11/22/2003 22:30,-2.8
,11/22/2003 23:00,-2.5
,11/22/2003 23:30,-2.55
,11/23/2003 0:00,-2.65
,11/23/2003 0:30,-2.6
,11/23/2003 1:00,-2.65
,11/23/2003 1:30,-2.45
,11/23/2003 2:00,-2.65
,11/23/2003 2:30,-2.5
,11/23/2003 3:00,-2.7
,11/23/2003 3:30,-2.3
,11/23/2003 4:00,-2.55
,11/23/2003 4:30,-2.3
,11/23/2003 5:00,-2.05
,11/23/2003 5:30,-2
,11/23/2003 6:00,-2.2
,11/23/2003 6:30,-2.25
,11/23/2003 7:00,-2.2
,11/23/2003 7:30,-2.1
,11/23/2003 8:00,-2.95
,11/23/2003 8:30,-3.2
,11/23/2003 9:00,-2.6
,11/23/2003 9:30,-2.55
,11/23/2003 10:00,-2.8
,11/23/2003 10:30,-2.65
,11/23/2003 11:00,-3.3
,11/23/2003 11:30,-3.85
,11/23/2003 12:00,-3.85
,11/23/2003 12:30,-3.25
,11/23/2003 13:00,-3.35
,11/23/2003 13:30,-3.35
,11/23/2003 14:00,-3.1
,11/23/2003 14:30,-3.25
,11/23/2003 15:00,-2.9
,11/23/2003 15:30,-3.3
,11/23/2003 16:00,-3.55
,11/23/2003 16:30,-2.4
,11/23/2003 17:00,-3.35
,11/23/2003 17:30,-3.5
,11/23/2003 18:00,-3.7
,11/23/2003 18:30,-3.25
,11/23/2003 19:00,-3.5
,11/23/2003 19:30,-3.6
,11/23/2003 20:00,-3.05
,11/23/2003 20:30,-3.2
,11/23/2003 21:00,-3.2
,11/23/2003 21:30,-3.5
,11/23/2003 22:00,-3.75
,11/23/2003 22:30,-3.7
,11/23/2003 23:00,-3.4
,11/23/2003 23:30,-3.5
,11/24/2003 0:00,-3.65
,11/24/2003 0:30,-3.4
,11/24/2003 1:00,-3.25
,11/24/2003 1:30,-3.15
,11/24/2003 2:00,-3.15
,11/24/2003 2:30,-2.95
,11/24/2003 3:00,-3
,11/24/2003 3:30,-2.55
,11/24/2003 4:00,-2.4
,11/24/2003 4:30,-2.6
,11/24/2003 5:00,-2.75
,11/24/2003 5:30,-2.35
,11/24/2003 6:00,-2.15
,11/24/2003 6:30,-2.15
,11/24/2003 7:00,-2.85
,11/24/2003 7:30,-2.8
,11/24/2003 8:00,-2.75
,11/24/2003 8:30,-2.95
,11/24/2003 9:00,-3.4
,11/24/2003 9:30,-3.7
,11/24/2003 10:00,-3.4
,11/24/2003 10:30,-3.7
,11/24/2003 11:00,-3.55
,11/24/2003 11:30,-3.3
,11/24/2003 12:00,-3.45
,11/24/2003 12:30,-2.8
,11/24/2003 13:00,-2.45
,11/24/2003 13:30,-2.75
,11/24/2003 14:00,-3
,11/24/2003 14:30,-2.75
,11/24/2003 15:00,-2.65
,11/24/2003 15:30,-2.85
,11/24/2003 16:00,-2.4
,11/24/2003 16:30,-2.85
,11/24/2003 17:00,-2.9
,11/24/2003 17:30,-3.7
,11/24/2003 18:00,-3.75
,11/24/2003 18:30,-3.55
,11/24/2003 19:00,-2.95
,11/24/2003 19:30,-3.15
,11/24/2003 20:00,-3.45
,11/24/2003 20:30,-3.75
,11/24/2003 21:00,-4
,11/24/2003 21:30,-4.3
,11/24/2003 22:00,-4.55
,11/24/2003 22:30,-3.95
,11/24/2003 23:00,-3.85
,11/24/2003 23:30,-3.55
,11/25/2003 0:00,-3.7
,11/25/2003 0:30,-3.5
,11/25/2003 1:00,-3.4
,11/25/2003 1:30,-3.4
,11/25/2003 2:00,-3.25
,11/25/2003 2:30,-3.2
,11/25/2003 3:00,-3.15
,11/25/2003 3:30,-3.05
,11/25/2003 4:00,-2.8
,11/25/2003 4:30,-2.4
,11/25/2003 5:00,-2.45
,11/25/2003 5:30,-2.3
,11/25/2003 6:00,-2.2
,11/25/2003 6:30,-3.05
,11/25/2003 7:00,-3.2
,11/25/2003 7:30,-3
,11/25/2003 8:00,-2.85
,11/25/2003 8:30,-3.2
,11/25/2003 9:00,-3.4
,11/25/2003 9:30,-3.45
,11/25/2003 10:00,-3.4
,11/25/2003 10:30,-3.2
,11/25/2003 11:00,-3.35
,11/25/2003 11:30,-3.7
,11/25/2003 12:00,-3.45
,11/25/2003 12:30,-3.6
,11/25/2003 13:00,-2.95
,11/25/2003 13:30,-3
,11/25/2003 14:00,-3.15
,11/25/2003 14:30,-3.3
,11/25/2003 15:00,-3.65
,11/25/2003 15:30,-3.4
,11/25/2003 16:00,-3.8
,11/25/2003 16:30,-3.8
,11/25/2003 17:00,-4.05
,11/25/2003 17:30,-3.95
,11/25/2003 18:00,-4.1
,11/25/2003 18:30,-4.5
,11/25/2003 19:00,-4.95
,11/25/2003 19:30,-5.15
,11/25/2003 20:00,-5.3
,11/25/2003 20:30,-5
,11/25/2003 21:00,-5.15
,11/25/2003 21:30,-5.2
,11/25/2003 22:00,-5.2
,11/25/2003 22:30,-5.05
,11/25/2003 23:00,-5.6
,11/25/2003 23:30,-5.5
,11/26/2003 0:00,-5.1
,11/26/2003 0:30,-4.85
,11/26/2003 1:00,-5.15
,11/26/2003 1:30,-5
,11/26/2003 2:00,-5.1
,11/26/2003 2:30,-5.1
,11/26/2003 3:00,-5.2
,11/26/2003 3:30,-5.15
,11/26/2003 4:00,-5.1
,11/26/2003 4:30,-5.1
,11/26/2003 5:00,-5.1
,11/26/2003 5:30,-5.05
,11/26/2003 6:00,-5.45
,11/26/2003 6:30,-5.45
,11/26/2003 7:00,-5.45
,11/26/2003 7:30,-5.65
,11/26/2003 8:00,-5.95
,11/26/2003 8:30,-5.85
,11/26/2003 9:00,-5.9
,11/26/2003 9:30,-5.85
,11/26/2003 10:00,-5.8
,11/26/2003 10:30,-5.75
,11/26/2003 11:00,-5.5
,11/26/2003 11:30,-5.5
,11/26/2003 12:00,-5.4
,11/26/2003 12:30,-5.55
,11/26/2003 13:00,-5.6
,11/26/2003 13:30,-5.65
,11/26/2003 14:00,-5.85
,11/26/2003 14:30,-5.7
,11/26/2003 15:00,-5.5
,11/26/2003 15:30,-5.55
,11/26/2003 16:00,-5.45
,11/26/2003 16:30,-5.4
,11/26/2003 17:00,-5.3
,11/26/2003 17:30,-5.75
,11/26/2003 18:00,-5.8
,11/26/2003 18:30,-5.6
,11/26/2003 19:00,-5.55
,11/26/2003 19:30,-5.65
,11/26/2003 20:00,-5.4
,11/26/2003 20:30,-5.55
,11/26/2003 21:00,-5.45
,11/26/2003 21:30,-4.75
,11/26/2003 22:00,-5.1
,11/26/2003 22:30,-5.35
,11/26/2003 23:00,-5.8
,11/26/2003 23:30,-5.7
,11/27/2003 0:00,-5.7
,11/27/2003 0:30,-5.6
,11/27/2003 1:00,-5.55
,11/27/2003 1:30,-5.3
,11/27/2003 2:00,-5.35
,11/27/2003 2:30,-5.2
,11/27/2003 3:00,-5.1
,11/27/2003 3:30,-5.05
,11/27/2003 4:00,-5.15
,11/27/2003 4:30,-4.8
,11/27/2003 5:00,-4.7
,11/27/2003 5:30,-5
,11/27/2003 6:00,-4.65
,11/27/2003 6:30,-4.2
,11/27/2003 7:00,-4.65
,11/27/2003 7:30,-3.7
,11/27/2003 8:00,-4
,11/27/2003 8:30,-4.4
,11/27/2003 9:00,-4.15
,11/27/2003 9:30,-3.1
,11/27/2003 10:00,-3.6
,11/27/2003 10:30,-3.6
,11/27/2003 11:00,-3.65
,11/27/2003 11:30,-3.45
,11/27/2003 12:00,-3.2
,11/27/2003 12:30,-3.25
,11/27/2003 13:00,-2.9
,11/27/2003 13:30,-2.6
,11/27/2003 14:00,-2.45
,11/27/2003 14:30,-2.5
,11/27/2003 15:00,-1.95
,11/27/2003 15:30,-1.95
,11/27/2003 16:00,-2
,11/27/2003 16:30,-2.1
,11/27/2003 17:00,-2.4
,11/27/2003 17:30,-2.3
,11/27/2003 18:00,-2.1
,11/27/2003 18:30,-1.95
,11/27/2003 19:00,-2.45
,11/27/2003 19:30,-1.9
,11/27/2003 20:00,-0.2
,11/27/2003 20:30,-1.65
,11/27/2003 21:00,-3.05
,11/27/2003 21:30,-2.8
,11/27/2003 22:00,-3
,11/27/2003 22:30,-2.8
,11/27/2003 23:00,-3
,11/27/2003 23:30,-2.95
,11/28/2003 0:00,-4.2
,11/28/2003 0:30,-4.95
,11/28/2003 1:00,-4.65
,11/28/2003 1:30,-4.4
,11/28/2003 2:00,-4.05
,11/28/2003 2:30,-4.75
,11/28/2003 3:00,-4.85
,11/28/2003 3:30,-4.9
,11/28/2003 4:00,-4.4
,11/28/2003 4:30,-4.45
,11/28/2003 5:00,-4.95
,11/28/2003 5:30,-4.7
,11/28/2003 6:00,-4.85
,11/28/2003 6:30,-4.95
,11/28/2003 7:00,-5.25
,11/28/2003 7:30,-5.35
,11/28/2003 8:00,-5.25
,11/28/2003 8:30,-5.3
,11/28/2003 9:00,-5.35
,11/28/2003 9:30,-5.2
,11/28/2003 10:00,-5.4
,11/28/2003 10:30,-5.3
,11/28/2003 11:00,-5.2
,11/28/2003 11:30,-5.2
,11/28/2003 12:00,-5.2
,11/28/2003 12:30,-5.05
,11/28/2003 13:00,-5.1
,11/28/2003 13:30,-5
,11/28/2003 14:00,-4.75
,11/28/2003 14:30,-4.65
,11/28/2003 15:00,-4.65
,11/28/2003 15:30,-4.6
,11/28/2003 16:00,-4.7
,11/28/2003 16:30,-4.15
,11/28/2003 17:00,-4.25
,11/28/2003 17:30,-4.25
,11/28/2003 18:00,-3.75
,11/28/2003 18:30,-4.1
,11/28/2003 19:00,-4.7
,11/28/2003 19:30,-4.9
,11/28/2003 20:00,-4.6
,11/28/2003 20:30,-4.8
,11/28/2003 21:00,-4.75
,11/28/2003 21:30,-4.9
,11/28/2003 22:00,-4.9
,11/28/2003 22:30,-4.85
,11/28/2003 23:00,-2.25
,11/28/2003 23:30,6.85
,11/29/2003 0:00,11.35
,11/29/2003 0:30,11.55
,11/29/2003 1:00,11.45
,11/29/2003 1:30,10.95
,11/29/2003 2:00,6.55
,11/29/2003 2:30,-4.3
,11/29/2003 3:00,-4.1
,11/29/2003 3:30,-4.15
,11/29/2003 4:00,-4.1
,11/29/2003 4:30,-3.8
,11/29/2003 5:00,-3.6
,11/29/2003 5:30,-4.35
,11/29/2003 6:00,-4.15
,11/29/2003 6:30,-4.05
,11/29/2003 7:00,-3.8
,11/29/2003 7:30,-4.5
,11/29/2003 8:00,-4.35
,11/29/2003 8:30,-4.7
,11/29/2003 9:00,-5.05
,11/29/2003 9:30,-5.1
,11/29/2003 10:00,-5.05
,11/29/2003 10:30,-5.05
,11/29/2003 11:00,-5.05
,11/29/2003 11:30,-6.15
,11/29/2003 12:00,-5.95
,11/29/2003 12:30,-6.15
,11/29/2003 13:00,-6.25
,11/29/2003 13:30,-6.15
,11/29/2003 14:00,-6.2
,11/29/2003 14:30,-6.05
,11/29/2003 15:00,-5.85
,11/29/2003 15:30,-5.65
,11/29/2003 16:00,-5.65
,11/29/2003 16:30,-6.15
,11/29/2003 17:00,-5.85
,11/29/2003 17:30,-5.8
,11/29/2003 18:00,-5.3
,11/29/2003 18:30,-5.85
,11/29/2003 19:00,-6.5
,11/29/2003 19:30,-6.35
,11/29/2003 20:00,-6.8
,11/29/2003 20:30,-7.55
,11/29/2003 21:00,-7.65
,11/29/2003 21:30,-7
,11/29/2003 22:00,-6.85
,11/29/2003 22:30,-6.85
,11/29/2003 23:00,-6.8
,11/29/2003 23:30,-7
,11/30/2003 0:00,-7
,11/30/2003 0:30,-7.1
,11/30/2003 1:00,-7.15
,11/30/2003 1:30,-6.9
,11/30/2003 2:00,-6.4
,11/30/2003 2:30,-6.7
,11/30/2003 3:00,-6.6
,11/30/2003 3:30,-6.25
,11/30/2003 4:00,-6.3
,11/30/2003 4:30,-6.05
,11/30/2003 5:00,-6.15
,11/30/2003 5:30,-6
,11/30/2003 6:00,-5.75
,11/30/2003 6:30,-6.2
,11/30/2003 7:00,-6.4
,11/30/2003 7:30,-6.75
,11/30/2003 8:00,-6.55
,11/30/2003 8:30,-6.6
,11/30/2003 9:00,-6.65
,11/30/2003 9:30,-6.75
,11/30/2003 10:00,-6.5
,11/30/2003 10:30,-6.65
,11/30/2003 11:00,-6.6
,11/30/2003 11:30,-6.6
,11/30/2003 12:00,-6.6
,11/30/2003 12:30,-6.6
,11/30/2003 13:00,-6.45
,11/30/2003 13:30,-6.35
,11/30/2003 14:00,-6.35
,11/30/2003 14:30,-6.9
,11/30/2003 15:00,-6.15
,11/30/2003 15:30,-6.25
,11/30/2003 16:00,-6.3
,11/30/2003 16:30,-6.3
,11/30/2003 17:00,-6.15
,11/30/2003 17:30,-6.25
,11/30/2003 18:00,-6.85
,11/30/2003 18:30,-7.1
,11/30/2003 19:00,-6.75
,11/30/2003 19:30,-6.65
,11/30/2003 20:00,-6.7
,11/30/2003 20:30,-6.8
,11/30/2003 21:00,-6.8
,11/30/2003 21:30,-7.2
,11/30/2003 22:00,-6.75
,11/30/2003 22:30,-7.05
,11/30/2003 23:00,-7.55
,11/30/2003 23:30,-6.95
,12/1/2003 0:00,-6.8
,12/1/2003 0:30,-6.55
,12/1/2003 1:00,-6.4
,12/1/2003 1:30,-5.8
,12/1/2003 2:00,-6.7
,12/1/2003 2:30,-6.9
,12/1/2003 3:00,-6.8
,12/1/2003 3:30,-6.7
,12/1/2003 4:00,-6.5
,12/1/2003 4:30,-6.15
,12/1/2003 5:00,-6
,12/1/2003 5:30,-6.1
,12/1/2003 6:00,-5.6
,12/1/2003 6:30,-5.7
,12/1/2003 7:00,-6.15
,12/1/2003 7:30,-6.75
,12/1/2003 8:00,-6.5
,12/1/2003 8:30,-6.5
,12/1/2003 9:00,-6.7
,12/1/2003 9:30,-6.3
,12/1/2003 10:00,-6.3
,12/1/2003 10:30,-6.3
,12/1/2003 11:00,-6.15
,12/1/2003 11:30,-6.05
,12/1/2003 12:00,-6.1
,12/1/2003 12:30,-5.6
,12/1/2003 13:00,-5.9
,12/1/2003 13:30,-5.65
,12/1/2003 14:00,-5.7
,12/1/2003 14:30,-5.85
,12/1/2003 15:00,-5.5
,12/1/2003 15:30,-5.7
,12/1/2003 16:00,-5.05
,12/1/2003 16:30,-5.8
,12/1/2003 17:00,-5.5
,12/1/2003 17:30,-5.5
,12/1/2003 18:00,-5.05
,12/1/2003 18:30,-5.5
,12/1/2003 19:00,-5.95
,12/1/2003 19:30,-6.25
,12/1/2003 20:00,-5.95
,12/1/2003 20:30,-6
,12/1/2003 21:00,-5.9
,12/1/2003 21:30,-5.95
,12/1/2003 22:00,-5.65
,12/1/2003 22:30,-5.1
,12/1/2003 23:00,-5.6
,12/1/2003 23:30,-5.05
,12/2/2003 0:00,-5.15
,12/2/2003 0:30,-5.2
,12/2/2003 1:00,-4.9
,12/2/2003 1:30,-5.65
,12/2/2003 2:00,-6.25
,12/2/2003 2:30,-5.5
,12/2/2003 3:00,-4.8
,12/2/2003 3:30,-4.9
,12/2/2003 4:00,-5.6
,12/2/2003 4:30,-5.75
,12/2/2003 5:00,-5
,12/2/2003 5:30,-4.95
,12/2/2003 6:00,-4.95
,12/2/2003 6:30,-5.05
,12/2/2003 7:00,-5.2
,12/2/2003 7:30,-5.1
,12/2/2003 8:00,-5.2
,12/2/2003 8:30,-5.15
,12/2/2003 9:00,-4.15
,12/2/2003 9:30,-4.9
,12/2/2003 10:00,-3.9
,12/2/2003 10:30,-3.1
,12/2/2003 11:00,-3.05
,12/2/2003 11:30,-3.3
,12/2/2003 12:00,-3.85
,12/2/2003 12:30,-3.8
,12/2/2003 13:00,-3.65
,12/2/2003 13:30,-5.45
,12/2/2003 14:00,-5.1
,12/2/2003 14:30,-4.55
,12/2/2003 15:00,-4.75
,12/2/2003 15:30,-4.7
,12/2/2003 16:00,-4.35
,12/2/2003 16:30,-4.4
,12/2/2003 17:00,-4.05
,12/2/2003 17:30,-4.15
,12/2/2003 18:00,-3.95
,12/2/2003 18:30,-4.05
,12/2/2003 19:00,-3.95
,12/2/2003 19:30,-5.05
,12/2/2003 20:00,-4.8
,12/2/2003 20:30,-4.7
,12/2/2003 21:00,-4.75
,12/2/2003 21:30,-4.45
,12/2/2003 22:00,-4.6
,12/2/2003 22:30,-4.15
,12/2/2003 23:00,-4.65
,12/2/2003 23:30,-4.7
,12/3/2003 0:00,-4.55
,12/3/2003 0:30,-4.5
,12/3/2003 1:00,-4.6
,12/3/2003 1:30,-4.5
,12/3/2003 2:00,-4.5
,12/3/2003 2:30,-4.2
,12/3/2003 3:00,-4.45
,12/3/2003 3:30,-4.35
,12/3/2003 4:00,-4.95
,12/3/2003 4:30,-4.6
,12/3/2003 5:00,-4.75
,12/3/2003 5:30,-4.45
,12/3/2003 6:00,-4.35
,12/3/2003 6:30,-4.25
,12/3/2003 7:00,-4.15
,12/3/2003 7:30,-4.15
,12/3/2003 8:00,-4
,12/3/2003 8:30,-4.6
,12/3/2003 9:00,-5.1
,12/3/2003 9:30,-5.15
,12/3/2003 10:00,-3.8
,12/3/2003 10:30,-3.95
,12/3/2003 11:00,-4.3
,12/3/2003 11:30,-4.05
,12/3/2003 12:00,-3.9
,12/3/2003 12:30,-3.85
,12/3/2003 13:00,-3.5
,12/3/2003 13:30,-3.45
,12/3/2003 14:00,-3.6
,12/3/2003 14:30,-3.5
,12/3/2003 15:00,-3.85
,12/3/2003 15:30,-3.6
,12/3/2003 16:00,-3.4
,12/3/2003 16:30,-3.15
,12/3/2003 17:00,-2.9
,12/3/2003 17:30,-2.9
,12/3/2003 18:00,-3
,12/3/2003 18:30,-2.95
,12/3/2003 19:00,-1.65
,12/3/2003 19:30,-1.9
,12/3/2003 20:00,-1.7
,12/3/2003 20:30,-1.6
,12/3/2003 21:00,1.7
,12/3/2003 21:30,0.45
,12/3/2003 22:00,1.3
,12/3/2003 22:30,1.45
,12/3/2003 23:00,2.05
,12/3/2003 23:30,2.15
,12/4/2003 0:00,1.85
,12/4/2003 0:30,1.95
,12/4/2003 1:00,2.2
,12/4/2003 1:30,2.8
,12/4/2003 2:00,3.25
,12/4/2003 2:30,0.6
,12/4/2003 3:00,1.2
,12/4/2003 3:30,1.1
,12/4/2003 4:00,0.6
,12/4/2003 4:30,0.85
,12/4/2003 5:00,1.1
,12/4/2003 5:30,3.8
,12/4/2003 6:00,4.05
,12/4/2003 6:30,3.55
,12/4/2003 7:00,2.65
,12/4/2003 7:30,3.2
,12/4/2003 8:00,3.7
,12/4/2003 8:30,4.35
,12/4/2003 9:00,4.75
,12/4/2003 9:30,5.2
,12/4/2003 10:00,5.65
,12/4/2003 10:30,5.6
,12/4/2003 11:00,5.55
,12/4/2003 11:30,5.9
,12/4/2003 12:00,6.25
,12/4/2003 12:30,6.7
,12/4/2003 13:00,6.8
,12/4/2003 13:30,6.95
,12/4/2003 14:00,7
,12/4/2003 14:30,6.95
,12/4/2003 15:00,7.15
,12/4/2003 15:30,7.5
,12/4/2003 16:00,7.35
,12/4/2003 16:30,7.65
,12/4/2003 17:00,7.8
,12/4/2003 17:30,7.95
,12/4/2003 18:00,8
,12/4/2003 18:30,8.05
,12/4/2003 19:00,8.15
,12/4/2003 19:30,8.25
,12/4/2003 20:00,8.4
,12/4/2003 20:30,8.45
,12/4/2003 21:00,8.45
,12/4/2003 21:30,8.5
,12/4/2003 22:00,8.65
,12/4/2003 22:30,8.65
,12/4/2003 23:00,8.85
,12/4/2003 23:30,8.95
,12/5/2003 0:00,9.15
,12/5/2003 0:30,9.1
,12/5/2003 1:00,9.15
,12/5/2003 1:30,9.25
,12/5/2003 2:00,9.4
,12/5/2003 2:30,9.4
,12/5/2003 3:00,9.45
,12/5/2003 3:30,9.45
,12/5/2003 4:00,9.6
,12/5/2003 4:30,9.75
,12/5/2003 5:00,9.85
,12/5/2003 5:30,9.9
,12/5/2003 6:00,9.85
,12/5/2003 6:30,9.85
,12/5/2003 7:00,7.65
,12/5/2003 7:30,7.55
,12/5/2003 8:00,7.4
,12/5/2003 8:30,7.35
,12/5/2003 9:00,7.45
,12/5/2003 9:30,7.65
,12/5/2003 10:00,7.7
,12/5/2003 10:30,7.9
,12/5/2003 11:00,8.05
,12/5/2003 11:30,8.2
,12/5/2003 12:00,8.3
,12/5/2003 12:30,8.35
,12/5/2003 13:00,8.5
,12/5/2003 13:30,8.6
,12/5/2003 14:00,8.6
,12/5/2003 14:30,8.7
,12/5/2003 15:00,8.7
,12/5/2003 15:30,8.75
,12/5/2003 16:00,8.8
,12/5/2003 16:30,8.85
,12/5/2003 17:00,8.85
,12/5/2003 17:30,8.95
,12/5/2003 18:00,9
,12/5/2003 18:30,8.25
,12/5/2003 19:00,7.45
,12/5/2003 19:30,7.3
,12/5/2003 20:00,7.55
,12/5/2003 20:30,7.65
,12/5/2003 21:00,7.75
,12/5/2003 21:30,7.9
,12/5/2003 22:00,8
,12/5/2003 22:30,8.1
,12/5/2003 23:00,8.2
,12/5/2003 23:30,8.4
,12/6/2003 0:00,7.9
,12/6/2003 0:30,7.45
,12/6/2003 1:00,7.7
,12/6/2003 1:30,7.8
,12/6/2003 2:00,7.95
,12/6/2003 2:30,8.1
,12/6/2003 3:00,8.15
,12/6/2003 3:30,8.3
,12/6/2003 4:00,8.4
,12/6/2003 4:30,8.5
,12/6/2003 5:00,8.6
,12/6/2003 5:30,8.7
,12/6/2003 6:00,8.75
,12/6/2003 6:30,8.1
,12/6/2003 7:00,7.45
,12/6/2003 7:30,7.1
,12/6/2003 8:00,7.3
,12/6/2003 8:30,7.4
,12/6/2003 9:00,7.55
,12/6/2003 9:30,7.7
,12/6/2003 10:00,7.8
,12/6/2003 10:30,7.85
,12/6/2003 11:00,8
,12/6/2003 11:30,8.1
,12/6/2003 12:00,8.2
,12/6/2003 12:30,8.3
,12/6/2003 13:00,8.4
,12/6/2003 13:30,8.5
,12/6/2003 14:00,8.5
,12/6/2003 14:30,8.6
,12/6/2003 15:00,8.7
,12/6/2003 15:30,8.75
,12/6/2003 16:00,8.85
,12/6/2003 16:30,8.9
,12/6/2003 17:00,9
,12/6/2003 17:30,8.95
,12/6/2003 18:00,8.9
,12/6/2003 18:30,7.95
,12/6/2003 19:00,7
,12/6/2003 19:30,6.7
,12/6/2003 20:00,6.9
,12/6/2003 20:30,7.05
,12/6/2003 21:00,7.2
,12/6/2003 21:30,6.7
,12/6/2003 22:00,6.9
,12/6/2003 22:30,7.05
,12/6/2003 23:00,7.25
,12/6/2003 23:30,7.45
,12/7/2003 0:00,7.65
,12/7/2003 0:30,7.75
,12/7/2003 1:00,7.9
,12/7/2003 1:30,8.05
,12/7/2003 2:00,8.2
,12/7/2003 2:30,8.35
,12/7/2003 3:00,8.45
,12/7/2003 3:30,8.6
,12/7/2003 4:00,8.7
,12/7/2003 4:30,8.8
,12/7/2003 5:00,8.9
,12/7/2003 5:30,9
,12/7/2003 6:00,9.1
,12/7/2003 6:30,9.2
,12/7/2003 7:00,9.25
,12/7/2003 7:30,7.8
,12/7/2003 8:00,7.35
,12/7/2003 8:30,7.55
,12/7/2003 9:00,7.65
,12/7/2003 9:30,7.8
,12/7/2003 10:00,7.35
,12/7/2003 10:30,6.15
,12/7/2003 11:00,6.4
,12/7/2003 11:30,6.75
,12/7/2003 12:00,6.7
,12/7/2003 12:30,6.7
,12/7/2003 13:00,6.85
,12/7/2003 13:30,7.05
,12/7/2003 14:00,7.25
,12/7/2003 14:30,7
,12/7/2003 15:00,6.75
,12/7/2003 15:30,7
,12/7/2003 16:00,7.05
,12/7/2003 16:30,6.9
,12/7/2003 17:00,7.15
,12/7/2003 17:30,7.45
,12/7/2003 18:00,7.2
,12/7/2003 18:30,7
,12/7/2003 19:00,7.2
,12/7/2003 19:30,7.35
,12/7/2003 20:00,7
,12/7/2003 20:30,6.65
,12/7/2003 21:00,6.85
,12/7/2003 21:30,7.05
,12/7/2003 22:00,7.3
,12/7/2003 22:30,7.45
,12/7/2003 23:00,7.65
,12/7/2003 23:30,7.85
,12/8/2003 0:00,8.05
,12/8/2003 0:30,8.25
,12/8/2003 1:00,8.45
,12/8/2003 1:30,8.65
,12/8/2003 2:00,8.85
,12/8/2003 2:30,8.95
,12/8/2003 3:00,9.1
,12/8/2003 3:30,9.25
,12/8/2003 4:00,9.4
,12/8/2003 4:30,9.5
,12/8/2003 5:00,9.6
,12/8/2003 5:30,9.65
,12/8/2003 6:00,9.7
,12/8/2003 6:30,8.35
,12/8/2003 7:00,8.4
,12/8/2003 7:30,8.55
,12/8/2003 8:00,7.85
,12/8/2003 8:30,8.05
,12/8/2003 9:00,8.25
,12/8/2003 9:30,8.35
,12/8/2003 10:00,8.55
,12/8/2003 10:30,8.7
,12/8/2003 11:00,8.85
,12/8/2003 11:30,9
,12/8/2003 12:00,9.05
,12/8/2003 12:30,9.15
,12/8/2003 13:00,9.25
,12/8/2003 13:30,9.3
,12/8/2003 14:00,9.4
,12/8/2003 14:30,9.45
,12/8/2003 15:00,9.55
,12/8/2003 15:30,9.65
,12/8/2003 16:00,9.75
,12/8/2003 16:30,9.75
,12/8/2003 17:00,9.85
,12/8/2003 17:30,9.9
,12/8/2003 18:00,9.9
,12/8/2003 18:30,8.8
,12/8/2003 19:00,7.85
,12/8/2003 19:30,7.75
,12/8/2003 20:00,7.55
,12/8/2003 20:30,7.7
,12/8/2003 21:00,7.05
,12/8/2003 21:30,7.15
,12/8/2003 22:00,7.35
,12/8/2003 22:30,7.55
,12/8/2003 23:00,7.75
,12/8/2003 23:30,7.9
,12/9/2003 0:00,8.05
,12/9/2003 0:30,8.2
,12/9/2003 1:00,8.35
,12/9/2003 1:30,7.95
,12/9/2003 2:00,7.5
,12/9/2003 2:30,7.45
,12/9/2003 3:00,7.45
,12/9/2003 3:30,7.55
,12/9/2003 4:00,7.75
,12/9/2003 4:30,7.95
,12/9/2003 5:00,8.1
,12/9/2003 5:30,8.2
,12/9/2003 6:00,8.3
,12/9/2003 6:30,7.95
,12/9/2003 7:00,7.55
,12/9/2003 7:30,7.25
,12/9/2003 8:00,7.4
,12/9/2003 8:30,7.55
,12/9/2003 9:00,7.65
,12/9/2003 9:30,7.75
,12/9/2003 10:00,7.95
,12/9/2003 10:30,8.1
,12/9/2003 11:00,8.3
,12/9/2003 11:30,8.35
,12/9/2003 12:00,8.45
,12/9/2003 12:30,8.55
,12/9/2003 13:00,8.6
,12/9/2003 13:30,8.7
,12/9/2003 14:00,8.8
,12/9/2003 14:30,8.95
,12/9/2003 15:00,7.5
,12/9/2003 15:30,7.65
,12/9/2003 16:00,7.7
,12/9/2003 16:30,7.85
,12/9/2003 17:00,7.95
,12/9/2003 17:30,8.05
,12/9/2003 18:00,8.25
,12/9/2003 18:30,8.3
,12/9/2003 19:00,7.8
,12/9/2003 19:30,6.75
,12/9/2003 20:00,6.55
,12/9/2003 20:30,6.75
,12/9/2003 21:00,6.95
,12/9/2003 21:30,6.8
,12/9/2003 22:00,6.55
,12/9/2003 22:30,6.15
,12/9/2003 23:00,6.35
,12/9/2003 23:30,6.55
,12/10/2003 0:00,6.7
,12/10/2003 0:30,6.85
,12/10/2003 1:00,7.1
,12/10/2003 1:30,7.35
,12/10/2003 2:00,7.55
,12/10/2003 2:30,7.7
,12/10/2003 3:00,7.8
,12/10/2003 3:30,7.9
,12/10/2003 4:00,8
,12/10/2003 4:30,8.1
,12/10/2003 5:00,8.2
,12/10/2003 5:30,8.3
,12/10/2003 6:00,8.35
,12/10/2003 6:30,8.4
,12/10/2003 7:00,8.45
,12/10/2003 7:30,8.5
,12/10/2003 8:00,8.55
,12/10/2003 8:30,6.8
,12/10/2003 9:00,6.75
,12/10/2003 9:30,7
,12/10/2003 10:00,7.4
,12/10/2003 10:30,7.45
,12/10/2003 11:00,7.65
,12/10/2003 11:30,7.9
,12/10/2003 12:00,7.9
,12/10/2003 12:30,7.7
,12/10/2003 13:00,7.9
,12/10/2003 13:30,8
,12/10/2003 14:00,7.9
,12/10/2003 14:30,8.15
,12/10/2003 15:00,8.25
,12/10/2003 15:30,8.45
,12/10/2003 16:00,8.6
,12/10/2003 16:30,8.7
,12/10/2003 17:00,8.95
,12/10/2003 17:30,9.05
,12/10/2003 18:00,9.15
,12/10/2003 18:30,9.25
,12/10/2003 19:00,8.95
,12/10/2003 19:30,8.55
,12/10/2003 20:00,7.9
,12/10/2003 20:30,7.95
,12/10/2003 21:00,8.15
,12/10/2003 21:30,8.3
,12/10/2003 22:00,8.5
,12/10/2003 22:30,7.85
,12/10/2003 23:00,8.05
,12/10/2003 23:30,8.25
,12/11/2003 0:00,8.45
,12/11/2003 0:30,8.6
,12/11/2003 1:00,8.65
,12/11/2003 1:30,8.75
,12/11/2003 2:00,8.95
,12/11/2003 2:30,9.1
,12/11/2003 3:00,9.15
,12/11/2003 3:30,9.25
,12/11/2003 4:00,9.5
,12/11/2003 4:30,9.6
,12/11/2003 5:00,9.7
,12/11/2003 5:30,9.7
,12/11/2003 6:00,9.85
,12/11/2003 6:30,9.2
,12/11/2003 7:00,8.6
,12/11/2003 7:30,8.3
,12/11/2003 8:00,8.05
,12/11/2003 8:30,8.15
,12/11/2003 9:00,8.35
,12/11/2003 9:30,8.45
,12/11/2003 10:00,8.6
,12/11/2003 10:30,8.75
,12/11/2003 11:00,8.8
,12/11/2003 11:30,8.9
,12/11/2003 12:00,9
,12/11/2003 12:30,9.05
,12/11/2003 13:00,9.15
,12/11/2003 13:30,9.25
,12/11/2003 14:00,9.2
,12/11/2003 14:30,9.25
,12/11/2003 15:00,9.25
,12/11/2003 15:30,9.4
,12/11/2003 16:00,9.35
,12/11/2003 16:30,9.45
,12/11/2003 17:00,9.6
,12/11/2003 17:30,9.55
,12/11/2003 18:00,9.4
,12/11/2003 18:30,8.2
,12/11/2003 19:00,7.15
,12/11/2003 19:30,7.35
,12/11/2003 20:00,9.7
,12/11/2003 20:30,11.4
,12/11/2003 21:00,11.6
,12/11/2003 21:30,11.85
,12/11/2003 22:00,12.05
,12/11/2003 22:30,12.15
,12/11/2003 23:00,12.35
,12/11/2003 23:30,12.55
,12/12/2003 0:00,12.65
,12/12/2003 0:30,11.8
,12/12/2003 1:00,10.95
,12/12/2003 1:30,11.15
,12/12/2003 2:00,11.45
,12/12/2003 2:30,11.65
,12/12/2003 3:00,11.85
,12/12/2003 3:30,12.05
,12/12/2003 4:00,12.25
,12/12/2003 4:30,12.35
,12/12/2003 5:00,12.55
,12/12/2003 5:30,12.65
,12/12/2003 6:00,12.8
,12/12/2003 6:30,12
,12/12/2003 7:00,11
,12/12/2003 7:30,10.8
,12/12/2003 8:00,10.85
,12/12/2003 8:30,11.05
,12/12/2003 9:00,11.25
,12/12/2003 9:30,11.45
,12/12/2003 10:00,11.65
,12/12/2003 10:30,11.75
,12/12/2003 11:00,11.95
,12/12/2003 11:30,12.05
,12/12/2003 12:00,12.25
,12/12/2003 12:30,12.35
,12/12/2003 13:00,12.5
,12/12/2003 13:30,12.65
,12/12/2003 14:00,12.75
,12/12/2003 14:30,12.85
,12/12/2003 15:00,12.95
,12/12/2003 15:30,13.05
,12/12/2003 16:00,13.15
,12/12/2003 16:30,13.25
,12/12/2003 17:00,13.35
,12/12/2003 17:30,13.4
,12/12/2003 18:00,13.5
,12/12/2003 18:30,13.6
,12/12/2003 19:00,13.65
,12/12/2003 19:30,13.7
,12/12/2003 20:00,13.8
,12/12/2003 20:30,13.85
,12/12/2003 21:00,12.35
,12/12/2003 21:30,10.95
,12/12/2003 22:00,11.15
,12/12/2003 22:30,11.35
,12/12/2003 23:00,11.55
,12/12/2003 23:30,11.75
,12/13/2003 0:00,11.95
,12/13/2003 0:30,11.35
,12/13/2003 1:00,10.75
,12/13/2003 1:30,11.05
,12/13/2003 2:00,11.25
,12/13/2003 2:30,11.45
,12/13/2003 3:00,11.65
,12/13/2003 3:30,11.85
,12/13/2003 4:00,12.05
,12/13/2003 4:30,12.25
,12/13/2003 5:00,12.4
,12/13/2003 5:30,12.55
,12/13/2003 6:00,12.7
,12/13/2003 6:30,12.15
,12/13/2003 7:00,11.65
,12/13/2003 7:30,11.15
,12/13/2003 8:00,10.75
,12/13/2003 8:30,10.8
,12/13/2003 9:00,11.05
,12/13/2003 9:30,11.25
,12/13/2003 10:00,11.45
,12/13/2003 10:30,11.65
,12/13/2003 11:00,11.85
,12/13/2003 11:30,12
,12/13/2003 12:00,12.15
,12/13/2003 12:30,12.35
,12/13/2003 13:00,12.5
,12/13/2003 13:30,12.65
,12/13/2003 14:00,12.85
,12/13/2003 14:30,12.95
,12/13/2003 15:00,13.1
,12/13/2003 15:30,13.25
,12/13/2003 16:00,13.35
,12/13/2003 16:30,13.45
,12/13/2003 17:00,13.6
,12/13/2003 17:30,13.7
,12/13/2003 18:00,13.8
,12/13/2003 18:30,13.9
,12/13/2003 19:00,13.95
,12/13/2003 19:30,11.35
,12/13/2003 20:00,11.45
,12/13/2003 20:30,11.65
,12/13/2003 21:00,11.85
,12/13/2003 21:30,11.05
,12/13/2003 22:00,11.25
,12/13/2003 22:30,11.45
,12/13/2003 23:00,11.75
,12/13/2003 23:30,11.95
,12/14/2003 0:00,12.25
,12/14/2003 0:30,12.45
,12/14/2003 1:00,12.65
,12/14/2003 1:30,12.05
,12/14/2003 2:00,12.25
,12/14/2003 2:30,12.45
,12/14/2003 3:00,12.65
,12/14/2003 3:30,12.8
,12/14/2003 4:00,12.95
,12/14/2003 4:30,13.15
,12/14/2003 5:00,13.25
,12/14/2003 5:30,13.4
,12/14/2003 6:00,13.5
,12/14/2003 6:30,13.6
,12/14/2003 7:00,13.7
,12/14/2003 7:30,11.85
,12/14/2003 8:00,12.05
,12/14/2003 8:30,12.2
,12/14/2003 9:00,12.35
,12/14/2003 9:30,11.75
,12/14/2003 10:00,11.15
,12/14/2003 10:30,10.75
,12/14/2003 11:00,10.35
,12/14/2003 11:30,10.6
,12/14/2003 12:00,10.85
,12/14/2003 12:30,11.05
,12/14/2003 13:00,11.35
,12/14/2003 13:30,11.55
,12/14/2003 14:00,11.75
,12/14/2003 14:30,11.95
,12/14/2003 15:00,12.15
,12/14/2003 15:30,12.35
,12/14/2003 16:00,12.5
,12/14/2003 16:30,12.65
,12/14/2003 17:00,12.85
,12/14/2003 17:30,13
,12/14/2003 18:00,13.15
,12/14/2003 18:30,13.35
,12/14/2003 19:00,13.5
,12/14/2003 19:30,11.55
,12/14/2003 20:00,11.7
,12/14/2003 20:30,11.85
,12/14/2003 21:00,12.15
,12/14/2003 21:30,12.35
,12/14/2003 22:00,9.95
,12/14/2003 22:30,10.3
,12/14/2003 23:00,10.5
,12/14/2003 23:30,10.8
,12/15/2003 0:00,11.05
,12/15/2003 0:30,11.35
,12/15/2003 1:00,11.65
,12/15/2003 1:30,11.9
,12/15/2003 2:00,12.15
,12/15/2003 2:30,12.35
,12/15/2003 3:00,12.6
,12/15/2003 3:30,12.85
,12/15/2003 4:00,13.05
,12/15/2003 4:30,13.15
,12/15/2003 5:00,13.35
,12/15/2003 5:30,13.5
,12/15/2003 6:00,13.65
,12/15/2003 6:30,12.85
,12/15/2003 7:00,12.15
,12/15/2003 7:30,11.55
,12/15/2003 8:00,11.75
,12/15/2003 8:30,11.95
,12/15/2003 9:00,12.15
,12/15/2003 9:30,12.35
,12/15/2003 10:00,12.5
,12/15/2003 10:30,12.65
,12/15/2003 11:00,12.8
,12/15/2003 11:30,12.95
,12/15/2003 12:00,13.1
,12/15/2003 12:30,13.2
,12/15/2003 13:00,13.35
,12/15/2003 13:30,13.45
,12/15/2003 14:00,13.6
,12/15/2003 14:30,13.7
,12/15/2003 15:00,13.8
,12/15/2003 15:30,13.9
,12/15/2003 16:00,14
,12/15/2003 16:30,14.05
,12/15/2003 17:00,14.15
,12/15/2003 17:30,11.65
,12/15/2003 18:00,11.8
,12/15/2003 18:30,11.35
,12/15/2003 19:00,11.55
,12/15/2003 19:30,11.3
,12/15/2003 20:00,10.75
,12/15/2003 20:30,10.85
,12/15/2003 21:00,10.85
,12/15/2003 21:30,10.95
,12/15/2003 22:00,11.15
,12/15/2003 22:30,11.45
,12/15/2003 23:00,11.7
,12/15/2003 23:30,11.95
,12/16/2003 0:00,12.15
,12/16/2003 0:30,12.35
,12/16/2003 1:00,12.5
,12/16/2003 1:30,12.65
,12/16/2003 2:00,12.85
,12/16/2003 2:30,13
,12/16/2003 3:00,13.15
,12/16/2003 3:30,13.25
,12/16/2003 4:00,11.95
,12/16/2003 4:30,11.85
,12/16/2003 5:00,12.05
,12/16/2003 5:30,12.15
,12/16/2003 6:00,12.3
,12/16/2003 6:30,12.05
,12/16/2003 7:00,11.75
,12/16/2003 7:30,11.5
,12/16/2003 8:00,11.15
,12/16/2003 8:30,11.35
,12/16/2003 9:00,11.55
,12/16/2003 9:30,11.75
,12/16/2003 10:00,11.9
,12/16/2003 10:30,12.05
,12/16/2003 11:00,12.25
,12/16/2003 11:30,11.1
,12/16/2003 12:00,11.4
,12/16/2003 12:30,11.65
,12/16/2003 13:00,11.85
,12/16/2003 13:30,10.85
,12/16/2003 14:00,11.05
,12/16/2003 14:30,11.35
,12/16/2003 15:00,11.6
,12/16/2003 15:30,11.85
,12/16/2003 16:00,12.1
,12/16/2003 16:30,12.35
,12/16/2003 17:00,12.55
,12/16/2003 17:30,12.8
,12/16/2003 18:00,12.95
,12/16/2003 18:30,13.15
,12/16/2003 19:00,11.75
,12/16/2003 19:30,10.2
,12/16/2003 20:00,10.35
,12/16/2003 20:30,10.35
,12/16/2003 21:00,10.3
,12/16/2003 21:30,10.65
,12/16/2003 22:00,10.95
,12/16/2003 22:30,11.25
,12/16/2003 23:00,11.55
,12/16/2003 23:30,11.8
,12/17/2003 0:00,12.05
,12/17/2003 0:30,12.35
,12/17/2003 1:00,12.55
,12/17/2003 1:30,12.75
,12/17/2003 2:00,12.95
,12/17/2003 2:30,13.15
,12/17/2003 3:00,13.25
,12/17/2003 3:30,13.4
,12/17/2003 4:00,13.55
,12/17/2003 4:30,13.65
,12/17/2003 5:00,13.8
,12/17/2003 5:30,13.9
,12/17/2003 6:00,14
,12/17/2003 6:30,14.05
,12/17/2003 7:00,14.1
,12/17/2003 7:30,14.2
,12/17/2003 8:00,14.2
,12/17/2003 8:30,11.45
,12/17/2003 9:00,11.65
,12/17/2003 9:30,11.8
,12/17/2003 10:00,11.95
,12/17/2003 10:30,12.15
,12/17/2003 11:00,11.25
,12/17/2003 11:30,10.5
,12/17/2003 12:00,10.05
,12/17/2003 12:30,10.15
,12/17/2003 13:00,10.35
,12/17/2003 13:30,10.6
,12/17/2003 14:00,10.85
,12/17/2003 14:30,11.05
,12/17/2003 15:00,11.3
,12/17/2003 15:30,11.55
,12/17/2003 16:00,10.25
,12/17/2003 16:30,10.5
,12/17/2003 17:00,10.75
,12/17/2003 17:30,11
,12/17/2003 18:00,11.25
,12/17/2003 18:30,11.45
,12/17/2003 19:00,11.75
,12/17/2003 19:30,11.95
,12/17/2003 20:00,12.15
,12/17/2003 20:30,12.35
,12/17/2003 21:00,12.55
,12/17/2003 21:30,10.25
,12/17/2003 22:00,10.15
,12/17/2003 22:30,10.5
,12/17/2003 23:00,10.8
,12/17/2003 23:30,11.05
,12/18/2003 0:00,11.35
,12/18/2003 0:30,11.55
,12/18/2003 1:00,11.75
,12/18/2003 1:30,12
,12/18/2003 2:00,12.25
,12/18/2003 2:30,12.35
,12/18/2003 3:00,12.55
,12/18/2003 3:30,12.75
,12/18/2003 4:00,12.85
,12/18/2003 4:30,13
,12/18/2003 5:00,13.1
,12/18/2003 5:30,10.85
,12/18/2003 6:00,10.95
,12/18/2003 6:30,10.35
,12/18/2003 7:00,10.15
,12/18/2003 7:30,10.35
,12/18/2003 8:00,10.55
,12/18/2003 8:30,10.75
,12/18/2003 9:00,10.95
,12/18/2003 9:30,11.15
,12/18/2003 10:00,11.35
,12/18/2003 10:30,11.55
,12/18/2003 11:00,11.75
,12/18/2003 11:30,11.85
,12/18/2003 12:00,12.05
,12/18/2003 12:30,12.2
,12/18/2003 13:00,12.35
,12/18/2003 13:30,12.5
,12/18/2003 14:00,12.65
,12/18/2003 14:30,12.75
,12/18/2003 15:00,12.9
,12/18/2003 15:30,13
,12/18/2003 16:00,13.1
,12/18/2003 16:30,13.2
,12/18/2003 17:00,13.3
,12/18/2003 17:30,13.4
,12/18/2003 18:00,13.5
,12/18/2003 18:30,13.6
,12/18/2003 19:00,13.65
,12/18/2003 19:30,13.75
,12/18/2003 20:00,12
,12/18/2003 20:30,10.35
,12/18/2003 21:00,10.6
,12/18/2003 21:30,9.45
,12/18/2003 22:00,9.65
,12/18/2003 22:30,9.85
,12/18/2003 23:00,10.15
,12/18/2003 23:30,10.45
,12/19/2003 0:00,10.7
,12/19/2003 0:30,10.95
,12/19/2003 1:00,10.55
,12/19/2003 1:30,10.75
,12/19/2003 2:00,11.05
,12/19/2003 2:30,11.25
,12/19/2003 3:00,11.55
,12/19/2003 3:30,11.75
,12/19/2003 4:00,11.95
,12/19/2003 4:30,12.15
,12/19/2003 5:00,11.4
,12/19/2003 5:30,10.65
,12/19/2003 6:00,10.85
,12/19/2003 6:30,11.15
,12/19/2003 7:00,10.95
,12/19/2003 7:30,9.85
,12/19/2003 8:00,10
,12/19/2003 8:30,10.25
,12/19/2003 9:00,10.55
,12/19/2003 9:30,10.8
,12/19/2003 10:00,11.05
,12/19/2003 10:30,11.35
,12/19/2003 11:00,11.55
,12/19/2003 11:30,11.75
,12/19/2003 12:00,11.95
,12/19/2003 12:30,12.15
,12/19/2003 13:00,12.35
,12/19/2003 13:30,12.55
,12/19/2003 14:00,12.75
,12/19/2003 14:30,12.85
,12/19/2003 15:00,13.05
,12/19/2003 15:30,13.15
,12/19/2003 16:00,13.3
,12/19/2003 16:30,13.45
,12/19/2003 17:00,13.55
,12/19/2003 17:30,13.65
,12/19/2003 18:00,13.75
,12/19/2003 18:30,13.85
,12/19/2003 19:00,10.5
,12/19/2003 19:30,10.1
,12/19/2003 20:00,10.35
,12/19/2003 20:30,10.15
,12/19/2003 21:00,9.85
,12/19/2003 21:30,10.1
,12/19/2003 22:00,10.35
,12/19/2003 22:30,10.6
,12/19/2003 23:00,10.85
,12/19/2003 23:30,11.05
,12/20/2003 0:00,11.25
,12/20/2003 0:30,11.45
,12/20/2003 1:00,11.65
,12/20/2003 1:30,11.85
,12/20/2003 2:00,12.05
,12/20/2003 2:30,12.25
,12/20/2003 3:00,12.35
,12/20/2003 3:30,12.55
,12/20/2003 4:00,12.75
,12/20/2003 4:30,12.85
,12/20/2003 5:00,11.15
,12/20/2003 5:30,11.35
,12/20/2003 6:00,11.55
,12/20/2003 6:30,11.75
,12/20/2003 7:00,11.95
,12/20/2003 7:30,12.05
,12/20/2003 8:00,10.75
,12/20/2003 8:30,10.95
,12/20/2003 9:00,11.15
,12/20/2003 9:30,11.35
,12/20/2003 10:00,11.5
,12/20/2003 10:30,11.65
,12/20/2003 11:00,11.8
,12/20/2003 11:30,11.95
,12/20/2003 12:00,12.05
,12/20/2003 12:30,12.15
,12/20/2003 13:00,12.25
,12/20/2003 13:30,12.35
,12/20/2003 14:00,12.45
,12/20/2003 14:30,12.55
,12/20/2003 15:00,12.6
,12/20/2003 15:30,12.7
,12/20/2003 16:00,12.75
,12/20/2003 16:30,12.8
,12/20/2003 17:00,12.85
,12/20/2003 17:30,12.9
,12/20/2003 18:00,12.9
,12/20/2003 18:30,12.95
,12/20/2003 19:00,13
,12/20/2003 19:30,13
,12/20/2003 20:00,13
,12/20/2003 20:30,13
,12/20/2003 21:00,13
,12/20/2003 21:30,13
,12/20/2003 22:00,13
,12/20/2003 22:30,12.9
,12/20/2003 23:00,12.9
,12/20/2003 23:30,12.9
,12/21/2003 0:00,12.85
,12/21/2003 0:30,12.8
,12/21/2003 1:00,12.75
,12/21/2003 1:30,12.7
,12/21/2003 2:00,12.65
,12/21/2003 2:30,12.6
,12/21/2003 3:00,12.55
,12/21/2003 3:30,12.5
,12/21/2003 4:00,12.45
,12/21/2003 4:30,12.4
,12/21/2003 5:00,12.3
,12/21/2003 5:30,12.25
,12/21/2003 6:00,12.2
,12/21/2003 6:30,12.2
,12/21/2003 7:00,11.3
,12/21/2003 7:30,10.55
,12/21/2003 8:00,10.7
,12/21/2003 8:30,10.8
,12/21/2003 9:00,10.9
,12/21/2003 9:30,11
,12/21/2003 10:00,11.1
,12/21/2003 10:30,11.2
,12/21/2003 11:00,11.3
,12/21/2003 11:30,11.4
,12/21/2003 12:00,11.5
,12/21/2003 12:30,9.25
,12/21/2003 13:00,9.35
,12/21/2003 13:30,9.55
,12/21/2003 14:00,9.65
,12/21/2003 14:30,9.85
,12/21/2003 15:00,10.05
,12/21/2003 15:30,9.9
,12/21/2003 16:00,9.75
,12/21/2003 16:30,9.5
,12/21/2003 17:00,9.25
,12/21/2003 17:30,9.45
,12/21/2003 18:00,9.5
,12/21/2003 18:30,9.5
,12/21/2003 19:00,9.65
,12/21/2003 19:30,9.85
,12/21/2003 20:00,10.15
,12/21/2003 20:30,10.4
,12/21/2003 21:00,9.75
,12/21/2003 21:30,9.05
,12/21/2003 22:00,9.35
,12/21/2003 22:30,9.55
,12/21/2003 23:00,9.8
,12/21/2003 23:30,10.05
,12/22/2003 0:00,10.35
,12/22/2003 0:30,10.6
,12/22/2003 1:00,10.85
,12/22/2003 1:30,11.15
,12/22/2003 2:00,11.35
,12/22/2003 2:30,11.6
,12/22/2003 3:00,11.85
,12/22/2003 3:30,12.05
,12/22/2003 4:00,12.15
,12/22/2003 4:30,12.35
,12/22/2003 5:00,12.55
,12/22/2003 5:30,12.65
,12/22/2003 6:00,11.75
,12/22/2003 6:30,10.75
,12/22/2003 7:00,10
,12/22/2003 7:30,10
,12/22/2003 8:00,10.25
,12/22/2003 8:30,10.45
,12/22/2003 9:00,10.65
,12/22/2003 9:30,10.85
,12/22/2003 10:00,11.05
,12/22/2003 10:30,11.25
,12/22/2003 11:00,11.45
,12/22/2003 11:30,11.65
,12/22/2003 12:00,11.75
,12/22/2003 12:30,11.95
,12/22/2003 13:00,12.05
,12/22/2003 13:30,12.2
,12/22/2003 14:00,12.35
,12/22/2003 14:30,12.45
,12/22/2003 15:00,12.55
,12/22/2003 15:30,12.65
,12/22/2003 16:00,12.75
,12/22/2003 16:30,12.85
,12/22/2003 17:00,12.95
,12/22/2003 17:30,13.05
,12/22/2003 18:00,11.55
,12/22/2003 18:30,9.55
,12/22/2003 19:00,9.15
,12/22/2003 19:30,9.25
,12/22/2003 20:00,8.2
,12/22/2003 20:30,8.5
,12/22/2003 21:00,8.75
,12/22/2003 21:30,9.05
,12/22/2003 22:00,9.25
,12/22/2003 22:30,9.55
,12/22/2003 23:00,9.75
,12/22/2003 23:30,10
,12/23/2003 0:00,10.25
,12/23/2003 0:30,10.55
,12/23/2003 1:00,10.75
,12/23/2003 1:30,10.95
,12/23/2003 2:00,11.15
,12/23/2003 2:30,11.35
,12/23/2003 3:00,8.95
,12/23/2003 3:30,9.15
,12/23/2003 4:00,9.35
,12/23/2003 4:30,9.55
,12/23/2003 5:00,9.75
,12/23/2003 5:30,9.95
,12/23/2003 6:00,10.15
,12/23/2003 6:30,10.35
,12/23/2003 7:00,10.55
,12/23/2003 7:30,9.7
,12/23/2003 8:00,9.15
,12/23/2003 8:30,9.35
,12/23/2003 9:00,9.55
,12/23/2003 9:30,9.75
,12/23/2003 10:00,9.95
,12/23/2003 10:30,10.25
,12/23/2003 11:00,10.45
,12/23/2003 11:30,10.65
,12/23/2003 12:00,10.9
,12/23/2003 12:30,11.15
,12/23/2003 13:00,11.35
,12/23/2003 13:30,11.55
,12/23/2003 14:00,10.6
,12/23/2003 14:30,9.65
,12/23/2003 15:00,9.55
,12/23/2003 15:30,9.45
,12/23/2003 16:00,9.65
,12/23/2003 16:30,9.9
,12/23/2003 17:00,10.2
,12/23/2003 17:30,10.5
,12/23/2003 18:00,10.8
,12/23/2003 18:30,11.05
,12/23/2003 19:00,11.35
,12/23/2003 19:30,11.6
,12/23/2003 20:00,11.85
,12/23/2003 20:30,12.05
,12/23/2003 21:00,12.35
,12/23/2003 21:30,8.2
,12/23/2003 22:00,8
,12/23/2003 22:30,8.35
,12/23/2003 23:00,8.7
,12/23/2003 23:30,9.05
,12/24/2003 0:00,9.4
,12/24/2003 0:30,9.7
,12/24/2003 1:00,10
,12/24/2003 1:30,10.35
,12/24/2003 2:00,10.7
,12/24/2003 2:30,11
,12/24/2003 3:00,11.35
,12/24/2003 3:30,11.65
,12/24/2003 4:00,11.95
,12/24/2003 4:30,12.25
,12/24/2003 5:00,11.35
,12/24/2003 5:30,10.55
,12/24/2003 6:00,10.9
,12/24/2003 6:30,10.9
,12/24/2003 7:00,10.85
,12/24/2003 7:30,11.2
,12/24/2003 8:00,9.3
,12/24/2003 8:30,9.15
,12/24/2003 9:00,9.45
,12/24/2003 9:30,9.75
,12/24/2003 10:00,10.05
,12/24/2003 10:30,9.8
,12/24/2003 11:00,10
,12/24/2003 11:30,10.3
,12/24/2003 12:00,10.65
,12/24/2003 12:30,10.95
,12/24/2003 13:00,11.25
,12/24/2003 13:30,11.5
,12/24/2003 14:00,11.75
,12/24/2003 14:30,12.05
,12/24/2003 15:00,12.25
,12/24/2003 15:30,12.45
,12/24/2003 16:00,12.7
,12/24/2003 16:30,12.95
,12/24/2003 17:00,13.05
,12/24/2003 17:30,13.25
,12/24/2003 18:00,13.45
,12/24/2003 18:30,13.65
,12/24/2003 19:00,13.75
,12/24/2003 19:30,11.65
,12/24/2003 20:00,9.55
,12/24/2003 20:30,9.85
,12/24/2003 21:00,9
,12/24/2003 21:30,9.3
,12/24/2003 22:00,9.6
,12/24/2003 22:30,9.05
,12/24/2003 23:00,9.35
,12/24/2003 23:30,9.7
,12/25/2003 0:00,10
,12/25/2003 0:30,10.4
,12/25/2003 1:00,10.75
,12/25/2003 1:30,11.1
,12/25/2003 2:00,11.4
,12/25/2003 2:30,11.65
,12/25/2003 3:00,11.95
,12/25/2003 3:30,12.15
,12/25/2003 4:00,12.35
,12/25/2003 4:30,12.55
,12/25/2003 5:00,12.75
,12/25/2003 5:30,12.95
,12/25/2003 6:00,13.05
,12/25/2003 6:30,13.25
,12/25/2003 7:00,10.85
,12/25/2003 7:30,9.8
,12/25/2003 8:00,9.75
,12/25/2003 8:30,10
,12/25/2003 9:00,10.25
,12/25/2003 9:30,10.55
,12/25/2003 10:00,10.75
,12/25/2003 10:30,11.05
,12/25/2003 11:00,11.25
,12/25/2003 11:30,11.45
,12/25/2003 12:00,11.65
,12/25/2003 12:30,11.85
,12/25/2003 13:00,12.05
,12/25/2003 13:30,12.25
,12/25/2003 14:00,12.45
,12/25/2003 14:30,12.55
,12/25/2003 15:00,12.75
,12/25/2003 15:30,12.85
,12/25/2003 16:00,13
,12/25/2003 16:30,13.15
,12/25/2003 17:00,13.25
,12/25/2003 17:30,13.35
,12/25/2003 18:00,12.1
,12/25/2003 18:30,10.9
,12/25/2003 19:00,11.05
,12/25/2003 19:30,11.25
,12/25/2003 20:00,11.45
,12/25/2003 20:30,9.4
,12/25/2003 21:00,9.6
,12/25/2003 21:30,8.75
,12/25/2003 22:00,9.05
,12/25/2003 22:30,9.3
,12/25/2003 23:00,9.55
,12/25/2003 23:30,9.85
,12/26/2003 0:00,10.1
,12/26/2003 0:30,10.4
,12/26/2003 1:00,10.65
,12/26/2003 1:30,10.95
,12/26/2003 2:00,11.2
,12/26/2003 2:30,11.45
,12/26/2003 3:00,11.65
,12/26/2003 3:30,11.9
,12/26/2003 4:00,12.15
,12/26/2003 4:30,12.25
,12/26/2003 5:00,12.45
,12/26/2003 5:30,12.65
,12/26/2003 6:00,11.85
,12/26/2003 6:30,10.95
,12/26/2003 7:00,10.7
,12/26/2003 7:30,9.95
,12/26/2003 8:00,10.25
,12/26/2003 8:30,10.45
,12/26/2003 9:00,10.75
,12/26/2003 9:30,10.95
,12/26/2003 10:00,11.2
,12/26/2003 10:30,11.45
,12/26/2003 11:00,11.65
,12/26/2003 11:30,11.85
,12/26/2003 12:00,12.05
,12/26/2003 12:30,12.25
,12/26/2003 13:00,12.4
,12/26/2003 13:30,12.55
,12/26/2003 14:00,12.75
,12/26/2003 14:30,12.85
,12/26/2003 15:00,13
,12/26/2003 15:30,13.15
,12/26/2003 16:00,13.25
,12/26/2003 16:30,13.4
,12/26/2003 17:00,13.5
,12/26/2003 17:30,13.65
,12/26/2003 18:00,12.35
,12/26/2003 18:30,11.05
,12/26/2003 19:00,11.25
,12/26/2003 19:30,11.45
,12/26/2003 20:00,11.65
,12/26/2003 20:30,11.85
,12/26/2003 21:00,12.05
,12/26/2003 21:30,12.25
,12/26/2003 22:00,12.45
,12/26/2003 22:30,12.65
,12/26/2003 23:00,12.85
,12/26/2003 23:30,13.05
,12/27/2003 0:00,13.25
,12/27/2003 0:30,13.35
,12/27/2003 1:00,13.5
,12/27/2003 1:30,13.65
,12/27/2003 2:00,13.75
,12/27/2003 2:30,11.15
,12/27/2003 3:00,11.35
,12/27/2003 3:30,11.55
,12/27/2003 4:00,11.75
,12/27/2003 4:30,11.9
,12/27/2003 5:00,12.05
,12/27/2003 5:30,12.25
,12/27/2003 6:00,11.45
,12/27/2003 6:30,10.65
,12/27/2003 7:00,10.1
,12/27/2003 7:30,10.05
,12/27/2003 8:00,10.1
,12/27/2003 8:30,10.35
,12/27/2003 9:00,10.55
,12/27/2003 9:30,10.75
,12/27/2003 10:00,10.95
,12/27/2003 10:30,11.15
,12/27/2003 11:00,11.35
,12/27/2003 11:30,11.55
,12/27/2003 12:00,11.65
,12/27/2003 12:30,11.85
,12/27/2003 13:00,12
,12/27/2003 13:30,12.15
,12/27/2003 14:00,12.25
,12/27/2003 14:30,12.4
,12/27/2003 15:00,12.5
,12/27/2003 15:30,12.6
,12/27/2003 16:00,12.7
,12/27/2003 16:30,12.8
,12/27/2003 17:00,12.9
,12/27/2003 17:30,12.95
,12/27/2003 18:00,13
,12/27/2003 18:30,13.05
,12/27/2003 19:00,13.1
,12/27/2003 19:30,13.1
,12/27/2003 20:00,9.55
,12/27/2003 20:30,9.25
,12/27/2003 21:00,8.95
,12/27/2003 21:30,9.15
,12/27/2003 22:00,9.35
,12/27/2003 22:30,9.55
,12/27/2003 23:00,9.75
,12/27/2003 23:30,9.15
,12/28/2003 0:00,9.35
,12/28/2003 0:30,9.55
,12/28/2003 1:00,9.8
,12/28/2003 1:30,9.95
,12/28/2003 2:00,10.1
,12/28/2003 2:30,10.35
,12/28/2003 3:00,10.55
,12/28/2003 3:30,10.85
,12/28/2003 4:00,11.05
,12/28/2003 4:30,11.25
,12/28/2003 5:00,11.45
,12/28/2003 5:30,11.65
,12/28/2003 6:00,11.75
,12/28/2003 6:30,11.95
,12/28/2003 7:00,12.05
,12/28/2003 7:30,12.2
,12/28/2003 8:00,11.1
,12/28/2003 8:30,9.5
,12/28/2003 9:00,9.65
,12/28/2003 9:30,9.85
,12/28/2003 10:00,8.85
,12/28/2003 10:30,8.8
,12/28/2003 11:00,8.8
,12/28/2003 11:30,9.05
,12/28/2003 12:00,9.25
,12/28/2003 12:30,9.45
,12/28/2003 13:00,9.65
,12/28/2003 13:30,9.9
,12/28/2003 14:00,10.15
,12/28/2003 14:30,10.35
,12/28/2003 15:00,10.6
,12/28/2003 15:30,10.85
,12/28/2003 16:00,11.05
,12/28/2003 16:30,11.25
,12/28/2003 17:00,11.4
,12/28/2003 17:30,11.55
,12/28/2003 18:00,11.75
,12/28/2003 18:30,11.85
,12/28/2003 19:00,12
,12/28/2003 19:30,12.15
,12/28/2003 20:00,12.25
,12/28/2003 20:30,12.35
,12/28/2003 21:00,12.5
,12/28/2003 21:30,12.6
,12/28/2003 22:00,12.65
,12/28/2003 22:30,12.75
,12/28/2003 23:00,12.8
,12/28/2003 23:30,12.9
,12/29/2003 0:00,12.9
,12/29/2003 0:30,13
,12/29/2003 1:00,13.05
,12/29/2003 1:30,13.1
,12/29/2003 2:00,13.15
,12/29/2003 2:30,13.2
,12/29/2003 3:00,13.3
,12/29/2003 3:30,13.35
,12/29/2003 4:00,13.4
,12/29/2003 4:30,13.5
,12/29/2003 5:00,13.5
,12/29/2003 5:30,13.6
,12/29/2003 6:00,11.85
,12/29/2003 6:30,10.25
,12/29/2003 7:00,10.45
,12/29/2003 7:30,10.65
,12/29/2003 8:00,10.85
,12/29/2003 8:30,11.05
,12/29/2003 9:00,11.2
,12/29/2003 9:30,11.35
,12/29/2003 10:00,11.5
,12/29/2003 10:30,11.65
,12/29/2003 11:00,11.75
,12/29/2003 11:30,11.85
,12/29/2003 12:00,11.95
,12/29/2003 12:30,12.05
,12/29/2003 13:00,12.15
,12/29/2003 13:30,12.25
,12/29/2003 14:00,12.35
,12/29/2003 14:30,12.45
,12/29/2003 15:00,12.5
,12/29/2003 15:30,12.6
,12/29/2003 16:00,12.65
,12/29/2003 16:30,12.7
,12/29/2003 17:00,12.8
,12/29/2003 17:30,12.85
,12/29/2003 18:00,12.9
,12/29/2003 18:30,12.95
,12/29/2003 19:00,13
,12/29/2003 19:30,11
,12/29/2003 20:00,9.15
,12/29/2003 20:30,9.25
,12/29/2003 21:00,9.45
,12/29/2003 21:30,9.6
,12/29/2003 22:00,9.75
,12/29/2003 22:30,9.95
,12/29/2003 23:00,10.15
,12/29/2003 23:30,10.35
,12/30/2003 0:00,10.55
,12/30/2003 0:30,10.75
,12/30/2003 1:00,10.95
,12/30/2003 1:30,11.15
,12/30/2003 2:00,11.35
,12/30/2003 2:30,11.55
,12/30/2003 3:00,11.75
,12/30/2003 3:30,10.45
,12/30/2003 4:00,10.65
,12/30/2003 4:30,10.85
,12/30/2003 5:00,11.05
,12/30/2003 5:30,11.25
,12/30/2003 6:00,11.45
,12/30/2003 6:30,11.65
,12/30/2003 7:00,11.75
,12/30/2003 7:30,11.95
,12/30/2003 8:00,12.05
,12/30/2003 8:30,12.2
,12/30/2003 9:00,12.35
,12/30/2003 9:30,10.9
,12/30/2003 10:00,9.45
,12/30/2003 10:30,9.65
,12/30/2003 11:00,9.85
,12/30/2003 11:30,8.95
,12/30/2003 12:00,9.15
,12/30/2003 12:30,9.4
,12/30/2003 13:00,9.65
,12/30/2003 13:30,9.85
,12/30/2003 14:00,10.1
,12/30/2003 14:30,10.4
,12/30/2003 15:00,10.65
,12/30/2003 15:30,9.35
,12/30/2003 16:00,9.2
,12/30/2003 16:30,9.05
,12/30/2003 17:00,9.25
,12/30/2003 17:30,9.55
,12/30/2003 18:00,9.75
,12/30/2003 18:30,10
,12/30/2003 19:00,10.3
,12/30/2003 19:30,10.55
,12/30/2003 20:00,9.6
,12/30/2003 20:30,8.2
,12/30/2003 21:00,8.15
,12/30/2003 21:30,8.1
,12/30/2003 22:00,7.95
,12/30/2003 22:30,8.25
,12/30/2003 23:00,8.6
,12/30/2003 23:30,8.9
,12/31/2003 0:00,9.25
,12/31/2003 0:30,9.55
,12/31/2003 1:00,9.8
,12/31/2003 1:30,10.1
,12/31/2003 2:00,10.45
,12/31/2003 2:30,10.75
,12/31/2003 3:00,11.05
,12/31/2003 3:30,11.3
,12/31/2003 4:00,11.55
,12/31/2003 4:30,11.75
,12/31/2003 5:00,11.95
,12/31/2003 5:30,12.15
,12/31/2003 6:00,12.35
,12/31/2003 6:30,12.55
,12/31/2003 7:00,12.7
,12/31/2003 7:30,12.85
,12/31/2003 8:00,10.85
,12/31/2003 8:30,10.35
,12/31/2003 9:00,9.85
,12/31/2003 9:30,9.25
,12/31/2003 10:00,9.5
,12/31/2003 10:30,8.9
,12/31/2003 11:00,8.35
,12/31/2003 11:30,8.65
,12/31/2003 12:00,8.95
,12/31/2003 12:30,9.25
,12/31/2003 13:00,9.5
,12/31/2003 13:30,9.8
,12/31/2003 14:00,9.4
,12/31/2003 14:30,9
,12/31/2003 15:00,9.3
,12/31/2003 15:30,9.6
,12/31/2003 16:00,9.6
,12/31/2003 16:30,9.6
,12/31/2003 17:00,9.85
,12/31/2003 17:30,10.15
,12/31/2003 18:00,9.75
,12/31/2003 18:30,9.2
,12/31/2003 19:00,9.45
,12/31/2003 19:30,9.7
,12/31/2003 20:00,9.95
,12/31/2003 20:30,10.3
,12/31/2003 21:00,9.95
,12/31/2003 21:30,8.1
,12/31/2003 22:00,8.65
,12/31/2003 22:30,8.95
,12/31/2003 23:00,9.25
,12/31/2003 23:30,9.6
,1/1/2004 0:00,9.85
,1/1/2004 0:30,10.2
,1/1/2004 1:00,10.55
,1/1/2004 1:30,10.85
,1/1/2004 2:00,11.15
,1/1/2004 2:30,11.45
,1/1/2004 3:00,11.65
,1/1/2004 3:30,11.9
,1/1/2004 4:00,12.15
,1/1/2004 4:30,12.35
,1/1/2004 5:00,12.5
,1/1/2004 5:30,12.65
,1/1/2004 6:00,12.85
,1/1/2004 6:30,12.95
,1/1/2004 7:00,13.15
,1/1/2004 7:30,13.25
,1/1/2004 8:00,12.15
,1/1/2004 8:30,10.55
,1/1/2004 9:00,10.3
,1/1/2004 9:30,10.05
,1/1/2004 10:00,9.85
,1/1/2004 10:30,10.1
,1/1/2004 11:00,10.4
,1/1/2004 11:30,10.75
,1/1/2004 12:00,8.85
,1/1/2004 12:30,9.15
,1/1/2004 13:00,9.45
,1/1/2004 13:30,9.75
,1/1/2004 14:00,10.05
,1/1/2004 14:30,10.1
,1/1/2004 15:00,10.1
,1/1/2004 15:30,9.95
,1/1/2004 16:00,9.05
,1/1/2004 16:30,9.35
,1/1/2004 17:00,9.65
,1/1/2004 17:30,9.95
,1/1/2004 18:00,10.3
,1/1/2004 18:30,10.6
,1/1/2004 19:00,10.95
,1/1/2004 19:30,11.3
,1/1/2004 20:00,11.6
,1/1/2004 20:30,11.9
,1/1/2004 21:00,8.9
,1/1/2004 21:30,8.5
,1/1/2004 22:00,8.8
,1/1/2004 22:30,9.15
,1/1/2004 23:00,9.5
,1/1/2004 23:30,9.8
,1/2/2004 0:00,10.2
,1/2/2004 0:30,10.55
,1/2/2004 1:00,10.9
,1/2/2004 1:30,11.25
,1/2/2004 2:00,11.55
,1/2/2004 2:30,11.85
,1/2/2004 3:00,12.1
,1/2/2004 3:30,12.35
,1/2/2004 4:00,12.55
,1/2/2004 4:30,12.8
,1/2/2004 5:00,12.95
,1/2/2004 5:30,13.15
,1/2/2004 6:00,13.35
,1/2/2004 6:30,11.95
,1/2/2004 7:00,10.55
,1/2/2004 7:30,9.65
,1/2/2004 8:00,9.65
,1/2/2004 8:30,9.5
,1/2/2004 9:00,9.6
,1/2/2004 9:30,9.85
,1/2/2004 10:00,9.8
,1/2/2004 10:30,9.65
,1/2/2004 11:00,9.85
,1/2/2004 11:30,10.15
,1/2/2004 12:00,10.45
,1/2/2004 12:30,10.75
,1/2/2004 13:00,11
,1/2/2004 13:30,11.25
,1/2/2004 14:00,11.55
,1/2/2004 14:30,11.75
,1/2/2004 15:00,11.95
,1/2/2004 15:30,12.15
,1/2/2004 16:00,12.35
,1/2/2004 16:30,12.55
,1/2/2004 17:00,12.75
,1/2/2004 17:30,12.95
,1/2/2004 18:00,13.1
,1/2/2004 18:30,13.25
,1/2/2004 19:00,13.4
,1/2/2004 19:30,13.55
,1/2/2004 20:00,13.65
,1/2/2004 20:30,13.8
,1/2/2004 21:00,13.9
,1/2/2004 21:30,14
,1/2/2004 22:00,14.1
,1/2/2004 22:30,14.2
,1/2/2004 23:00,11.5
,1/2/2004 23:30,9
,1/3/2004 0:00,9.25
,1/3/2004 0:30,9.55
,1/3/2004 1:00,9.8
,1/3/2004 1:30,10.05
,1/3/2004 2:00,10.35
,1/3/2004 2:30,10.65
,1/3/2004 3:00,10.85
,1/3/2004 3:30,11.15
,1/3/2004 4:00,11.35
,1/3/2004 4:30,11.55
,1/3/2004 5:00,11.75
,1/3/2004 5:30,11.85
,1/3/2004 6:00,12.05
,1/3/2004 6:30,12.15
,1/3/2004 7:00,12.35
,1/3/2004 7:30,11.45
,1/3/2004 8:00,10.55
,1/3/2004 8:30,9.95
,1/3/2004 9:00,10.25
,1/3/2004 9:30,9.8
,1/3/2004 10:00,9.15
,1/3/2004 10:30,9.15
,1/3/2004 11:00,9.4
,1/3/2004 11:30,9.55
,1/3/2004 12:00,9.75
,1/3/2004 12:30,9.65
,1/3/2004 13:00,9.85
,1/3/2004 13:30,10
,1/3/2004 14:00,9.55
,1/3/2004 14:30,9.75
,1/3/2004 15:00,9.95
,1/3/2004 15:30,10.25
,1/3/2004 16:00,10.5
,1/3/2004 16:30,10.75
,1/3/2004 17:00,10.45
,1/3/2004 17:30,10.05
,1/3/2004 18:00,9.65
,1/3/2004 18:30,9.85
,1/3/2004 19:00,10.05
,1/3/2004 19:30,10.35
,1/3/2004 20:00,10.65
,1/3/2004 20:30,10.9
,1/3/2004 21:00,11.15
,1/3/2004 21:30,11.45
,1/3/2004 22:00,11.7
,1/3/2004 22:30,11.95
,1/3/2004 23:00,11.1
,1/3/2004 23:30,9.7
,1/4/2004 0:00,9.15
,1/4/2004 0:30,9.4
,1/4/2004 1:00,9.65
,1/4/2004 1:30,9.95
,1/4/2004 2:00,10.2
,1/4/2004 2:30,10.5
,1/4/2004 3:00,10.75
,1/4/2004 3:30,11.05
,1/4/2004 4:00,11.25
,1/4/2004 4:30,11.5
,1/4/2004 5:00,11.75
,1/4/2004 5:30,11.9
,1/4/2004 6:00,12.05
,1/4/2004 6:30,12.25
,1/4/2004 7:00,12.35
,1/4/2004 7:30,12.55
,1/4/2004 8:00,12.65
,1/4/2004 8:30,12.8
,1/4/2004 9:00,10.25
,1/4/2004 9:30,10.45
,1/4/2004 10:00,10.7
,1/4/2004 10:30,10.25
,1/4/2004 11:00,9.45
,1/4/2004 11:30,9.3
,1/4/2004 12:00,9.55
,1/4/2004 12:30,9.75
,1/4/2004 13:00,10
,1/4/2004 13:30,10.25
,1/4/2004 14:00,10.55
,1/4/2004 14:30,10.8
,1/4/2004 15:00,11.05
,1/4/2004 15:30,11.25
,1/4/2004 16:00,11.45
,1/4/2004 16:30,11.65
,1/4/2004 17:00,11.85
,1/4/2004 17:30,12.05
,1/4/2004 18:00,12.2
,1/4/2004 18:30,12.35
,1/4/2004 19:00,12.5
,1/4/2004 19:30,12.65
,1/4/2004 20:00,12.75
,1/4/2004 20:30,12.9
,1/4/2004 21:00,13
,1/4/2004 21:30,13.1
,1/4/2004 22:00,10.4
,1/4/2004 22:30,10.55
,1/4/2004 23:00,10.75
,1/4/2004 23:30,11.05
,1/5/2004 0:00,11.25
,1/5/2004 0:30,11.45
,1/5/2004 1:00,11.65
,1/5/2004 1:30,11.85
,1/5/2004 2:00,12.05
,1/5/2004 2:30,12.25
,1/5/2004 3:00,12.45
,1/5/2004 3:30,12.6
,1/5/2004 4:00,12.75
,1/5/2004 4:30,12.9
,1/5/2004 5:00,13.05
,1/5/2004 5:30,13.15
,1/5/2004 6:00,13.25
,1/5/2004 6:30,11.95
,1/5/2004 7:00,11
,1/5/2004 7:30,10.55
,1/5/2004 8:00,10.45
,1/5/2004 8:30,10.65
,1/5/2004 9:00,10.85
,1/5/2004 9:30,11.05
,1/5/2004 10:00,11.25
,1/5/2004 10:30,11.45
,1/5/2004 11:00,11.65
,1/5/2004 11:30,11.75
,1/5/2004 12:00,11.95
,1/5/2004 12:30,12.05
,1/5/2004 13:00,12.25
,1/5/2004 13:30,12.35
,1/5/2004 14:00,12.5
,1/5/2004 14:30,12.65
,1/5/2004 15:00,12.75
,1/5/2004 15:30,12.85
,1/5/2004 16:00,12.95
,1/5/2004 16:30,13.05
,1/5/2004 17:00,13.15
,1/5/2004 17:30,13.25
,1/5/2004 18:00,13.3
,1/5/2004 18:30,10.25
,1/5/2004 19:00,9.75
,1/5/2004 19:30,9.25
,1/5/2004 20:00,9.45
,1/5/2004 20:30,9.65
,1/5/2004 21:00,9.85
,1/5/2004 21:30,10.15
,1/5/2004 22:00,10.4
,1/5/2004 22:30,10.65
,1/5/2004 23:00,10.9
,1/5/2004 23:30,11.15
,1/6/2004 0:00,11.35
,1/6/2004 0:30,11.6
,1/6/2004 1:00,11.8
,1/6/2004 1:30,11.95
,1/6/2004 2:00,12.15
,1/6/2004 2:30,12.35
,1/6/2004 3:00,12.55
,1/6/2004 3:30,12.7
,1/6/2004 4:00,12.85
,1/6/2004 4:30,13
,1/6/2004 5:00,13.15
,1/6/2004 5:30,13.3
,1/6/2004 6:00,13.4
,1/6/2004 6:30,12.4
,1/6/2004 7:00,11.45
,1/6/2004 7:30,11.65
,1/6/2004 8:00,11.8
,1/6/2004 8:30,10.05
,1/6/2004 9:00,10.25
,1/6/2004 9:30,10.55
,1/6/2004 10:00,10.75
,1/6/2004 10:30,10.25
,1/6/2004 11:00,9.65
,1/6/2004 11:30,9.85
,1/6/2004 12:00,10.15
,1/6/2004 12:30,10.4
,1/6/2004 13:00,10.65
,1/6/2004 13:30,10.95
,1/6/2004 14:00,11.15
,1/6/2004 14:30,11.35
,1/6/2004 15:00,11.55
,1/6/2004 15:30,11.75
,1/6/2004 16:00,11.95
,1/6/2004 16:30,12.1
,1/6/2004 17:00,12.25
,1/6/2004 17:30,12.4
,1/6/2004 18:00,12.55
,1/6/2004 18:30,12.65
,1/6/2004 19:00,8.85
,1/6/2004 19:30,8.95
,1/6/2004 20:00,9.05
,1/6/2004 20:30,9.3
,1/6/2004 21:00,8.95
,1/6/2004 21:30,9.15
,1/6/2004 22:00,9.45
,1/6/2004 22:30,9.7
,1/6/2004 23:00,9.95
,1/6/2004 23:30,10.25
,1/7/2004 0:00,10.55
,1/7/2004 0:30,10.85
,1/7/2004 1:00,11.15
,1/7/2004 1:30,11.35
,1/7/2004 2:00,11.65
,1/7/2004 2:30,11.85
,1/7/2004 3:00,12.05
,1/7/2004 3:30,12.25
,1/7/2004 4:00,12.4
,1/7/2004 4:30,12.55
,1/7/2004 5:00,12.7
,1/7/2004 5:30,12.85
,1/7/2004 6:00,12.95
,1/7/2004 6:30,13.05
,1/7/2004 7:00,13.15
,1/7/2004 7:30,13.25
,1/7/2004 8:00,13.3
,1/7/2004 8:30,13.4
,1/7/2004 9:00,13.45
,1/7/2004 9:30,11.85
,1/7/2004 10:00,9.4
,1/7/2004 10:30,9.55
,1/7/2004 11:00,9.75
,1/7/2004 11:30,9.85
,1/7/2004 12:00,9.25
,1/7/2004 12:30,9.45
,1/7/2004 13:00,9.65
,1/7/2004 13:30,9.85
,1/7/2004 14:00,10.05
,1/7/2004 14:30,10.3
,1/7/2004 15:00,10.55
,1/7/2004 15:30,10.75
,1/7/2004 16:00,10.9
,1/7/2004 16:30,11.05
,1/7/2004 17:00,11.25
,1/7/2004 17:30,11.45
,1/7/2004 18:00,10.55
,1/7/2004 18:30,9.5
,1/7/2004 19:00,9.35
,1/7/2004 19:30,9.55
,1/7/2004 20:00,9.75
,1/7/2004 20:30,9.95
,1/7/2004 21:00,8.65
,1/7/2004 21:30,8.9
,1/7/2004 22:00,9.15
,1/7/2004 22:30,9.45
,1/7/2004 23:00,9.7
,1/7/2004 23:30,10
,1/8/2004 0:00,9.35
,1/8/2004 0:30,9.45
,1/8/2004 1:00,9.7
,1/8/2004 1:30,9.95
,1/8/2004 2:00,10.15
,1/8/2004 2:30,10.45
,1/8/2004 3:00,10.65
,1/8/2004 3:30,10.85
,1/8/2004 4:00,11.05
,1/8/2004 4:30,11.25
,1/8/2004 5:00,11.45
,1/8/2004 5:30,11.6
,1/8/2004 6:00,11.75
,1/8/2004 6:30,10.85
,1/8/2004 7:00,9.75
,1/8/2004 7:30,9.35
,1/8/2004 8:00,9.55
,1/8/2004 8:30,9.75
,1/8/2004 9:00,9.85
,1/8/2004 9:30,10.05
,1/8/2004 10:00,10.25
,1/8/2004 10:30,10.45
,1/8/2004 11:00,10.65
,1/8/2004 11:30,10.85
,1/8/2004 12:00,10.95
,1/8/2004 12:30,11.15
,1/8/2004 13:00,11.25
,1/8/2004 13:30,11.4
,1/8/2004 14:00,11.5
,1/8/2004 14:30,11.6
,1/8/2004 15:00,11.75
,1/8/2004 15:30,11.8
,1/8/2004 16:00,11.9
,1/8/2004 16:30,12
,1/8/2004 17:00,12.05
,1/8/2004 17:30,12.1
,1/8/2004 18:00,12.2
,1/8/2004 18:30,9.2
,1/8/2004 19:00,8.85
,1/8/2004 19:30,8.95
,1/8/2004 20:00,8.1
,1/8/2004 20:30,8.25
,1/8/2004 21:00,8.45
,1/8/2004 21:30,8.65
,1/8/2004 22:00,8.85
,1/8/2004 22:30,9.05
,1/8/2004 23:00,9.25
,1/8/2004 23:30,9.45
,1/9/2004 0:00,9.65
,1/9/2004 0:30,9.8
,1/9/2004 1:00,9.95
,1/9/2004 1:30,11.95
,1/9/2004 2:00,12.05
,1/9/2004 2:30,12.15
,1/9/2004 3:00,12.2
,1/9/2004 3:30,12.3
,1/9/2004 4:00,12.4
,1/9/2004 4:30,12.5
,1/9/2004 5:00,12.55
,1/9/2004 5:30,11.75
,1/9/2004 6:00,11.05
,1/9/2004 6:30,11.15
,1/9/2004 7:00,11.15
,1/9/2004 7:30,10.1
,1/9/2004 8:00,10.25
,1/9/2004 8:30,10.45
,1/9/2004 9:00,10.65
,1/9/2004 9:30,10.75
,1/9/2004 10:00,10.95
,1/9/2004 10:30,11.1
,1/9/2004 11:00,11.25
,1/9/2004 11:30,11.4
,1/9/2004 12:00,11.55
,1/9/2004 12:30,11.65
,1/9/2004 13:00,11.75
,1/9/2004 13:30,11.85
,1/9/2004 14:00,12
,1/9/2004 14:30,12.1
,1/9/2004 15:00,12.2
,1/9/2004 15:30,12.25
,1/9/2004 16:00,12.35
,1/9/2004 16:30,12.45
,1/9/2004 17:00,12.5
,1/9/2004 17:30,12.6
,1/9/2004 18:00,12.65
,1/9/2004 18:30,12.7
,1/9/2004 19:00,12.75
,1/9/2004 19:30,12.8
,1/9/2004 20:00,10.55
,1/9/2004 20:30,8.35
,1/9/2004 21:00,8.3
,1/9/2004 21:30,8.25
,1/9/2004 22:00,8.45
,1/9/2004 22:30,8.75
,1/9/2004 23:00,8.95
,1/9/2004 23:30,9.2
,1/10/2004 0:00,9.45
,1/10/2004 0:30,9.65
,1/10/2004 1:00,9.85
,1/10/2004 1:30,10.15
,1/10/2004 2:00,9.7
,1/10/2004 2:30,9.85
,1/10/2004 3:00,10.15
,1/10/2004 3:30,10.35
,1/10/2004 4:00,10.55
,1/10/2004 4:30,10.75
,1/10/2004 5:00,10.95
,1/10/2004 5:30,11.1
,1/10/2004 6:00,10.3
,1/10/2004 6:30,9.55
,1/10/2004 7:00,9.65
,1/10/2004 7:30,9.15
,1/10/2004 8:00,9.15
,1/10/2004 8:30,9.35
,1/10/2004 9:00,9.55
,1/10/2004 9:30,9.7
,1/10/2004 10:00,9.85
,1/10/2004 10:30,10.05
,1/10/2004 11:00,10.25
,1/10/2004 11:30,10.4
,1/10/2004 12:00,10.55
,1/10/2004 12:30,10.75
,1/10/2004 13:00,10.85
,1/10/2004 13:30,11
,1/10/2004 14:00,11.15
,1/10/2004 14:30,11.25
,1/10/2004 15:00,11.4
,1/10/2004 15:30,11.5
,1/10/2004 16:00,11.6
,1/10/2004 16:30,11.7
,1/10/2004 17:00,11.8
,1/10/2004 17:30,11.9
,1/10/2004 18:00,11.95
,1/10/2004 18:30,10.65
,1/10/2004 19:00,7.05
,1/10/2004 19:30,7.35
,1/10/2004 20:00,7.55
,1/10/2004 20:30,7.85
,1/10/2004 21:00,8.05
,1/10/2004 21:30,8.25
,1/10/2004 22:00,8.45
,1/10/2004 22:30,8.65
,1/10/2004 23:00,8
,1/10/2004 23:30,7.3
,1/11/2004 0:00,7.55
,1/11/2004 0:30,7.75
,1/11/2004 1:00,8
,1/11/2004 1:30,8.25
,1/11/2004 2:00,8.45
,1/11/2004 2:30,8.65
,1/11/2004 3:00,8.85
,1/11/2004 3:30,9.05
,1/11/2004 4:00,9.15
,1/11/2004 4:30,9.35
,1/11/2004 5:00,9.5
,1/11/2004 5:30,9.65
,1/11/2004 6:00,9.75
,1/11/2004 6:30,9.85
,1/11/2004 7:00,9.95
,1/11/2004 7:30,10.15
,1/11/2004 8:00,9.65
,1/11/2004 8:30,9.25
,1/11/2004 9:00,9.4
,1/11/2004 9:30,9.55
,1/11/2004 10:00,8.4
,1/11/2004 10:30,7.25
,1/11/2004 11:00,7.45
,1/11/2004 11:30,7.7
,1/11/2004 12:00,7.65
,1/11/2004 12:30,7.75
,1/11/2004 13:00,7.95
,1/11/2004 13:30,8.15
,1/11/2004 14:00,8.35
,1/11/2004 14:30,8.65
,1/11/2004 15:00,8.85
,1/11/2004 15:30,9.05
,1/11/2004 16:00,8.35
,1/11/2004 16:30,8.55
,1/11/2004 17:00,8.35
,1/11/2004 17:30,8.15
,1/11/2004 18:00,8.35
,1/11/2004 18:30,8.55
,1/11/2004 19:00,8.75
,1/11/2004 19:30,7.8
,1/11/2004 20:00,6.9
,1/11/2004 20:30,7.25
,1/11/2004 21:00,7.55
,1/11/2004 21:30,7.8
,1/11/2004 22:00,8.1
,1/11/2004 22:30,7.25
,1/11/2004 23:00,7.55
,1/11/2004 23:30,7.85
,1/12/2004 0:00,8.15
,1/12/2004 0:30,8.45
,1/12/2004 1:00,8.7
,1/12/2004 1:30,8.95
,1/12/2004 2:00,9.25
,1/12/2004 2:30,9.45
,1/12/2004 3:00,9.65
,1/12/2004 3:30,9.85
,1/12/2004 4:00,10.05
,1/12/2004 4:30,10.25
,1/12/2004 5:00,10.45
,1/12/2004 5:30,10.65
,1/12/2004 6:00,10.75
,1/12/2004 6:30,10.95
,1/12/2004 7:00,11.05
,1/12/2004 7:30,9.65
,1/12/2004 8:00,9.85
,1/12/2004 8:30,9.95
,1/12/2004 9:00,9.45
,1/12/2004 9:30,8.95
,1/12/2004 10:00,9.05
,1/12/2004 10:30,8.2
,1/12/2004 11:00,7.35
,1/12/2004 11:30,7.6
,1/12/2004 12:00,7.85
,1/12/2004 12:30,8.15
,1/12/2004 13:00,8.4
,1/12/2004 13:30,8.65
,1/12/2004 14:00,8.9
,1/12/2004 14:30,7.85
,1/12/2004 15:00,7.55
,1/12/2004 15:30,7.65
,1/12/2004 16:00,7.95
,1/12/2004 16:30,8.2
,1/12/2004 17:00,8.45
,1/12/2004 17:30,8.75
,1/12/2004 18:00,8.95
,1/12/2004 18:30,9.2
,1/12/2004 19:00,8.15
,1/12/2004 19:30,8.25
,1/12/2004 20:00,8.45
,1/12/2004 20:30,8.75
,1/12/2004 21:00,6.35
,1/12/2004 21:30,6.7
,1/12/2004 22:00,7.2
,1/12/2004 22:30,7.6
,1/12/2004 23:00,7.85
,1/12/2004 23:30,8.15
,1/13/2004 0:00,8.45
,1/13/2004 0:30,8.7
,1/13/2004 1:00,8.95
,1/13/2004 1:30,11.1
,1/13/2004 2:00,13.1
,1/13/2004 2:30,13.15
,1/13/2004 3:00,13.25
,1/13/2004 3:30,13.35
,1/13/2004 4:00,13.45
,1/13/2004 4:30,13.5
,1/13/2004 5:00,13.6
,1/13/2004 5:30,13.65
,1/13/2004 6:00,13.7
,1/13/2004 6:30,13.8
,1/13/2004 7:00,10.75
,1/13/2004 7:30,10.95
,1/13/2004 8:00,11.1
,1/13/2004 8:30,11.25
,1/13/2004 9:00,11.45
,1/13/2004 9:30,10.35
,1/13/2004 10:00,8.95
,1/13/2004 10:30,9.2
,1/13/2004 11:00,9.45
,1/13/2004 11:30,9.65
,1/13/2004 12:00,9.85
,1/13/2004 12:30,10.05
,1/13/2004 13:00,10.3
,1/13/2004 13:30,10.55
,1/13/2004 14:00,10.75
,1/13/2004 14:30,10.95
,1/13/2004 15:00,11.15
,1/13/2004 15:30,11.3
,1/13/2004 16:00,11.45
,1/13/2004 16:30,11.65
,1/13/2004 17:00,11.75
,1/13/2004 17:30,11.9
,1/13/2004 18:00,12.05
,1/13/2004 18:30,8.45
,1/13/2004 19:00,8.1
,1/13/2004 19:30,8.35
,1/13/2004 20:00,8.55
,1/13/2004 20:30,8.75
,1/13/2004 21:00,7.65
,1/13/2004 21:30,7.9
,1/13/2004 22:00,8.15
,1/13/2004 22:30,8.45
,1/13/2004 23:00,8.75
,1/13/2004 23:30,9
,1/14/2004 0:00,9.25
,1/14/2004 0:30,9.45
,1/14/2004 1:00,9.65
,1/14/2004 1:30,9.9
,1/14/2004 2:00,10.15
,1/14/2004 2:30,10.35
,1/14/2004 3:00,10.55
,1/14/2004 3:30,10.75
,1/14/2004 4:00,10.95
,1/14/2004 4:30,11.15
,1/14/2004 5:00,11.3
,1/14/2004 5:30,11.45
,1/14/2004 6:00,11
,1/14/2004 6:30,10.55
,1/14/2004 7:00,10.75
,1/14/2004 7:30,9.85
,1/14/2004 8:00,8.85
,1/14/2004 8:30,9.05
,1/14/2004 9:00,9.25
,1/14/2004 9:30,9.45
,1/14/2004 10:00,9.65
,1/14/2004 10:30,9.85
,1/14/2004 11:00,10
,1/14/2004 11:30,10.25
,1/14/2004 12:00,10.35
,1/14/2004 12:30,10.55
,1/14/2004 13:00,10.75
,1/14/2004 13:30,10.9
,1/14/2004 14:00,11.05
,1/14/2004 14:30,11.15
,1/14/2004 15:00,11.3
,1/14/2004 15:30,11.4
,1/14/2004 16:00,11.55
,1/14/2004 16:30,11.65
,1/14/2004 17:00,11.7
,1/14/2004 17:30,11.8
,1/14/2004 18:00,11.9
,1/14/2004 18:30,8.55
,1/14/2004 19:00,8.15
,1/14/2004 19:30,7.65
,1/14/2004 20:00,7.85
,1/14/2004 20:30,7
,1/14/2004 21:00,6.75
,1/14/2004 21:30,7.05
,1/14/2004 22:00,7.35
,1/14/2004 22:30,7.65
,1/14/2004 23:00,7.95
,1/14/2004 23:30,8.2
,1/15/2004 0:00,7.75
,1/15/2004 0:30,7.95
,1/15/2004 1:00,8.25
,1/15/2004 1:30,8.45
,1/15/2004 2:00,8.65
,1/15/2004 2:30,8.85
,1/15/2004 3:00,9.05
,1/15/2004 3:30,9.25
,1/15/2004 4:00,9.35
,1/15/2004 4:30,9.55
,1/15/2004 5:00,9.65
,1/15/2004 5:30,9.75
,1/15/2004 6:00,9.85
,1/15/2004 6:30,9.3
,1/15/2004 7:00,8.7
,1/15/2004 7:30,8.75
,1/15/2004 8:00,8.9
,1/15/2004 8:30,9.05
,1/15/2004 9:00,9.2
,1/15/2004 9:30,9.35
,1/15/2004 10:00,9.45
,1/15/2004 10:30,9.6
,1/15/2004 11:00,9.7
,1/15/2004 11:30,9.85
,1/15/2004 12:00,9.95
,1/15/2004 12:30,10.05
,1/15/2004 13:00,10.2
,1/15/2004 13:30,10.3
,1/15/2004 14:00,10.4
,1/15/2004 14:30,10.55
,1/15/2004 15:00,10.65
,1/15/2004 15:30,10.7
,1/15/2004 16:00,10.8
,1/15/2004 16:30,10.9
,1/15/2004 17:00,11
,1/15/2004 17:30,11.05
,1/15/2004 18:00,11.1
,1/15/2004 18:30,11.2
,1/15/2004 19:00,7.55
,1/15/2004 19:30,7.75
,1/15/2004 20:00,7.9
,1/15/2004 20:30,8.1
,1/15/2004 21:00,8.35
,1/15/2004 21:30,8.55
,1/15/2004 22:00,8.75
,1/15/2004 22:30,8.95
,1/15/2004 23:00,9.25
,1/15/2004 23:30,9.45
,1/16/2004 0:00,8.45
,1/16/2004 0:30,7.45
,1/16/2004 1:00,7.75
,1/16/2004 1:30,8.05
,1/16/2004 2:00,8.35
,1/16/2004 2:30,8.6
,1/16/2004 3:00,8.85
,1/16/2004 3:30,9.05
,1/16/2004 4:00,9.25
,1/16/2004 4:30,9.45
,1/16/2004 5:00,9.65
,1/16/2004 5:30,9.85
,1/16/2004 6:00,9.95
,1/16/2004 6:30,9.95
,1/16/2004 7:00,9.6
,1/16/2004 7:30,9.85
,1/16/2004 8:00,9.95
,1/16/2004 8:30,10.15
,1/16/2004 9:00,10.35
,1/16/2004 9:30,10.5
,1/16/2004 10:00,10.65
,1/16/2004 10:30,10.85
,1/16/2004 11:00,10.95
,1/16/2004 11:30,11.1
,1/16/2004 12:00,11.25
,1/16/2004 12:30,11.35
,1/16/2004 13:00,11.5
,1/16/2004 13:30,11.6
,1/16/2004 14:00,11.7
,1/16/2004 14:30,11.8
,1/16/2004 15:00,11.9
,1/16/2004 15:30,11.95
,1/16/2004 16:00,12.05
,1/16/2004 16:30,12.1
,1/16/2004 17:00,12.2
,1/16/2004 17:30,12.3
,1/16/2004 18:00,12.3
,1/16/2004 18:30,12.4
,1/16/2004 19:00,12.45
,1/16/2004 19:30,12.5
,1/16/2004 20:00,12.55
,1/16/2004 20:30,10.45
,1/16/2004 21:00,8.15
,1/16/2004 21:30,8.4
,1/16/2004 22:00,8.65
,1/16/2004 22:30,8.85
,1/16/2004 23:00,9.15
,1/16/2004 23:30,9.35
,1/17/2004 0:00,9.55
,1/17/2004 0:30,9.75
,1/17/2004 1:00,9.95
,1/17/2004 1:30,10.15
,1/17/2004 2:00,9.45
,1/17/2004 2:30,8.75
,1/17/2004 3:00,8.95
,1/17/2004 3:30,9.25
,1/17/2004 4:00,9.45
,1/17/2004 4:30,9.6
,1/17/2004 5:00,9.75
,1/17/2004 5:30,9.95
,1/17/2004 6:00,10.15
,1/17/2004 6:30,10.35
,1/17/2004 7:00,8.2
,1/17/2004 7:30,8.05
,1/17/2004 8:00,8.15
,1/17/2004 8:30,8.4
,1/17/2004 9:00,8.65
,1/17/2004 9:30,8.85
,1/17/2004 10:00,9.05
,1/17/2004 10:30,9.25
,1/17/2004 11:00,9.45
,1/17/2004 11:30,9.65
,1/17/2004 12:00,9.75
,1/17/2004 12:30,9.95
,1/17/2004 13:00,10.1
,1/17/2004 13:30,10.25
,1/17/2004 14:00,10.45
,1/17/2004 14:30,10.55
,1/17/2004 15:00,10.75
,1/17/2004 15:30,10.85
,1/17/2004 16:00,11
,1/17/2004 16:30,11.1
,1/17/2004 17:00,11.2
,1/17/2004 17:30,11.3
,1/17/2004 18:00,9.25
,1/17/2004 18:30,7.25
,1/17/2004 19:00,7.45
,1/17/2004 19:30,7.65
,1/17/2004 20:00,7.9
,1/17/2004 20:30,6.35
,1/17/2004 21:00,6.6
,1/17/2004 21:30,6.9
,1/17/2004 22:00,7.2
,1/17/2004 22:30,7.55
,1/17/2004 23:00,7.8
,1/17/2004 23:30,8.05
,1/18/2004 0:00,8.35
,1/18/2004 0:30,8.55
,1/18/2004 1:00,8.85
,1/18/2004 1:30,9.05
,1/18/2004 2:00,9.25
,1/18/2004 2:30,9.45
,1/18/2004 3:00,9.55
,1/18/2004 3:30,9.75
,1/18/2004 4:00,9.95
,1/18/2004 4:30,10.05
,1/18/2004 5:00,10.25
,1/18/2004 5:30,10.45
,1/18/2004 6:00,10.65
,1/18/2004 6:30,10.75
,1/18/2004 7:00,10.95
,1/18/2004 7:30,8.95
,1/18/2004 8:00,8.6
,1/18/2004 8:30,8.85
,1/18/2004 9:00,9.05
,1/18/2004 9:30,9.25
,1/18/2004 10:00,9.55
,1/18/2004 10:30,9.75
,1/18/2004 11:00,9.95
,1/18/2004 11:30,10.2
,1/18/2004 12:00,7.3
,1/18/2004 12:30,7.45
,1/18/2004 13:00,7.75
,1/18/2004 13:30,8.05
,1/18/2004 14:00,8.35
,1/18/2004 14:30,8.6
,1/18/2004 15:00,6.1
,1/18/2004 15:30,6.5
,1/18/2004 16:00,6.8
,1/18/2004 16:30,7.2
,1/18/2004 17:00,7.05
,1/18/2004 17:30,6.85
,1/18/2004 18:00,7.2
,1/18/2004 18:30,7.5
,1/18/2004 19:00,7.85
,1/18/2004 19:30,8.15
,1/18/2004 20:00,8.5
,1/18/2004 20:30,7.05
,1/18/2004 21:00,5.6
,1/18/2004 21:30,6
,1/18/2004 22:00,6.4
,1/18/2004 22:30,6.8
,1/18/2004 23:00,7.2
,1/18/2004 23:30,7.6
,1/19/2004 0:00,7.95
,1/19/2004 0:30,8.3
,1/19/2004 1:00,10.05
,1/19/2004 1:30,12.2
,1/19/2004 2:00,12.9
,1/19/2004 2:30,13.05
,1/19/2004 3:00,13.2
,1/19/2004 3:30,13.35
,1/19/2004 4:00,13.45
,1/19/2004 4:30,13.6
,1/19/2004 5:00,13.7
,1/19/2004 5:30,13.8
,1/19/2004 6:00,13.9
,1/19/2004 6:30,12.25
,1/19/2004 7:00,10.75
,1/19/2004 7:30,8.6
,1/19/2004 8:00,8.65
,1/19/2004 8:30,8.9
,1/19/2004 9:00,9.15
,1/19/2004 9:30,9.45
,1/19/2004 10:00,9.65
,1/19/2004 10:30,9.85
,1/19/2004 11:00,10.1
,1/19/2004 11:30,10.35
,1/19/2004 12:00,10.55
,1/19/2004 12:30,10.8
,1/19/2004 13:00,11.05
,1/19/2004 13:30,11.15
,1/19/2004 14:00,11.35
,1/19/2004 14:30,11.55
,1/19/2004 15:00,11.65
,1/19/2004 15:30,11.85
,1/19/2004 16:00,11.95
,1/19/2004 16:30,12.05
,1/19/2004 17:00,12.2
,1/19/2004 17:30,12.3
,1/19/2004 18:00,12.45
,1/19/2004 18:30,7.15
,1/19/2004 19:00,7.4
,1/19/2004 19:30,7.7
,1/19/2004 20:00,8
,1/19/2004 20:30,8.25
,1/19/2004 21:00,7.3
,1/19/2004 21:30,7.6
,1/19/2004 22:00,7.9
,1/19/2004 22:30,8.25
,1/19/2004 23:00,8.55
,1/19/2004 23:30,8.8
,1/20/2004 0:00,9.05
,1/20/2004 0:30,9.35
,1/20/2004 1:00,9.55
,1/20/2004 1:30,9.8
,1/20/2004 2:00,10.05
,1/20/2004 2:30,7.95
,1/20/2004 3:00,8.25
,1/20/2004 3:30,8.55
,1/20/2004 4:00,8.8
,1/20/2004 4:30,9.05
,1/20/2004 5:00,9.3
,1/20/2004 5:30,9.55
,1/20/2004 6:00,9.75
,1/20/2004 6:30,8.35
,1/20/2004 7:00,8.15
,1/20/2004 7:30,8
,1/20/2004 8:00,8.25
,1/20/2004 8:30,8
,1/20/2004 9:00,7.7
,1/20/2004 9:30,8
,1/20/2004 10:00,8.3
,1/20/2004 10:30,8.6
,1/20/2004 11:00,8.9
,1/20/2004 11:30,9.15
,1/20/2004 12:00,9.45
,1/20/2004 12:30,9.65
,1/20/2004 13:00,9.9
,1/20/2004 13:30,10.15
,1/20/2004 14:00,10.45
,1/20/2004 14:30,10.7
,1/20/2004 15:00,10.95
,1/20/2004 15:30,11.15
,1/20/2004 16:00,11.35
,1/20/2004 16:30,11.55
,1/20/2004 17:00,11.75
,1/20/2004 17:30,11.95
,1/20/2004 18:00,12.15
,1/20/2004 18:30,12.25
,1/20/2004 19:00,12.45
,1/20/2004 19:30,10.35
,1/20/2004 20:00,8.15
,1/20/2004 20:30,8.45
,1/20/2004 21:00,8.7
,1/20/2004 21:30,6.85
,1/20/2004 22:00,6.8
,1/20/2004 22:30,7.25
,1/20/2004 23:00,7.6
,1/20/2004 23:30,7.8
,1/21/2004 0:00,8.1
,1/21/2004 0:30,8.35
,1/21/2004 1:00,8.65
,1/21/2004 1:30,8.95
,1/21/2004 2:00,9.25
,1/21/2004 2:30,9.45
,1/21/2004 3:00,9.75
,1/21/2004 3:30,9.95
,1/21/2004 4:00,10.2
,1/21/2004 4:30,10.45
,1/21/2004 5:00,10.65
,1/21/2004 5:30,10.95
,1/21/2004 6:00,11.15
,1/21/2004 6:30,11.25
,1/21/2004 7:00,11.45
,1/21/2004 7:30,11.65
,1/21/2004 8:00,8.85
,1/21/2004 8:30,9.05
,1/21/2004 9:00,9.25
,1/21/2004 9:30,9.45
,1/21/2004 10:00,9
,1/21/2004 10:30,8.55
,1/21/2004 11:00,8.8
,1/21/2004 11:30,7.3
,1/21/2004 12:00,7.5
,1/21/2004 12:30,7.9
,1/21/2004 13:00,8.15
,1/21/2004 13:30,8.25
,1/21/2004 14:00,8.4
,1/21/2004 14:30,8.65
,1/21/2004 15:00,8.9
,1/21/2004 15:30,9.15
,1/21/2004 16:00,9.2
,1/21/2004 16:30,7.5
,1/21/2004 17:00,7.8
,1/21/2004 17:30,8.15
,1/21/2004 18:00,8.45
,1/21/2004 18:30,8.55
,1/21/2004 19:00,8.85
,1/21/2004 19:30,9.1
,1/21/2004 20:00,9.4
,1/21/2004 20:30,9.65
,1/21/2004 21:00,7.5
,1/21/2004 21:30,7.2
,1/21/2004 22:00,7.6
,1/21/2004 22:30,8
,1/21/2004 23:00,8.35
,1/21/2004 23:30,8.7
,1/22/2004 0:00,9.05
,1/22/2004 0:30,9.35
,1/22/2004 1:00,9.65
,1/22/2004 1:30,9.95
,1/22/2004 2:00,10.25
,1/22/2004 2:30,10.55
,1/22/2004 3:00,10.85
,1/22/2004 3:30,11.15
,1/22/2004 4:00,11.35
,1/22/2004 4:30,11.55
,1/22/2004 5:00,11.75
,1/22/2004 5:30,11.95
,1/22/2004 6:00,12.15
,1/22/2004 6:30,11.25
,1/22/2004 7:00,9.9
,1/22/2004 7:30,9.55
,1/22/2004 8:00,9.75
,1/22/2004 8:30,9.95
,1/22/2004 9:00,10.2
,1/22/2004 9:30,10.45
,1/22/2004 10:00,10.65
,1/22/2004 10:30,10.85
,1/22/2004 11:00,11.05
,1/22/2004 11:30,11.25
,1/22/2004 12:00,11.45
,1/22/2004 12:30,11.55
,1/22/2004 13:00,11.75
,1/22/2004 13:30,11.85
,1/22/2004 14:00,12
,1/22/2004 14:30,12.15
,1/22/2004 15:00,12.25
,1/22/2004 15:30,12.35
,1/22/2004 16:00,12.45
,1/22/2004 16:30,12.55
,1/22/2004 17:00,12.6
,1/22/2004 17:30,12.7
,1/22/2004 18:00,12.8
,1/22/2004 18:30,9.15
,1/22/2004 19:00,9.25
,1/22/2004 19:30,9.45
,1/22/2004 20:00,9.55
,1/22/2004 20:30,9.75
,1/22/2004 21:00,9.9
,1/22/2004 21:30,10.1
,1/22/2004 22:00,10.35
,1/22/2004 22:30,10.5
,1/22/2004 23:00,9.55
,1/22/2004 23:30,7.65
,1/23/2004 0:00,7.9
,1/23/2004 0:30,8.15
,1/23/2004 1:00,8.45
,1/23/2004 1:30,8.7
,1/23/2004 2:00,8.95
,1/23/2004 2:30,9.15
,1/23/2004 3:00,9.35
,1/23/2004 3:30,9.55
,1/23/2004 4:00,9.75
,1/23/2004 4:30,9.9
,1/23/2004 5:00,10.05
,1/23/2004 5:30,10.25
,1/23/2004 6:00,9.85
,1/23/2004 6:30,9.35
,1/23/2004 7:00,9.5
,1/23/2004 7:30,9.3
,1/23/2004 8:00,9.05
,1/23/2004 8:30,9.25
,1/23/2004 9:00,9.35
,1/23/2004 9:30,9.55
,1/23/2004 10:00,9.65
,1/23/2004 10:30,9.85
,1/23/2004 11:00,9.95
,1/23/2004 11:30,10.15
,1/23/2004 12:00,10.25
,1/23/2004 12:30,10.45
,1/23/2004 13:00,10.55
,1/23/2004 13:30,10.7
,1/23/2004 14:00,10.85
,1/23/2004 14:30,10.95
,1/23/2004 15:00,11.05
,1/23/2004 15:30,11.15
,1/23/2004 16:00,11.25
,1/23/2004 16:30,11.35
,1/23/2004 17:00,11.45
,1/23/2004 17:30,11.5
,1/23/2004 18:00,11.6
,1/23/2004 18:30,8.9
,1/23/2004 19:00,8.85
,1/23/2004 19:30,9
,1/23/2004 20:00,9.15
,1/23/2004 20:30,7.45
,1/23/2004 21:00,7.65
,1/23/2004 21:30,7.9
,1/23/2004 22:00,8.15
,1/23/2004 22:30,8.45
,1/23/2004 23:00,7.85
,1/23/2004 23:30,8.1
,1/24/2004 0:00,8.35
,1/24/2004 0:30,8.6
,1/24/2004 1:00,9.5
,1/24/2004 1:30,10.35
,1/24/2004 2:00,10.65
,1/24/2004 2:30,10.9
,1/24/2004 3:00,11.15
,1/24/2004 3:30,11.45
,1/24/2004 4:00,11.65
,1/24/2004 4:30,11.85
,1/24/2004 5:00,12.05
,1/24/2004 5:30,12.2
,1/24/2004 6:00,12.35
,1/24/2004 6:30,10.9
,1/24/2004 7:00,9.45
,1/24/2004 7:30,8.75
,1/24/2004 8:00,8.05
,1/24/2004 8:30,8.35
,1/24/2004 9:00,8.55
,1/24/2004 9:30,8.8
,1/24/2004 10:00,9.05
,1/24/2004 10:30,9.25
,1/24/2004 11:00,9.45
,1/24/2004 11:30,9.65
,1/24/2004 12:00,9.8
,1/24/2004 12:30,9.95
,1/24/2004 13:00,10.15
,1/24/2004 13:30,10.35
,1/24/2004 14:00,10.55
,1/24/2004 14:30,10.75
,1/24/2004 15:00,10.85
,1/24/2004 15:30,11.05
,1/24/2004 16:00,11.2
,1/24/2004 16:30,11.35
,1/24/2004 17:00,11.45
,1/24/2004 17:30,11.6
,1/24/2004 18:00,11.7
,1/24/2004 18:30,8.45
,1/24/2004 19:00,8.65
,1/24/2004 19:30,8.85
,1/24/2004 20:00,7.95
,1/24/2004 20:30,7.05
,1/24/2004 21:00,7.35
,1/24/2004 21:30,7.65
,1/24/2004 22:00,7.95
,1/24/2004 22:30,8.25
,1/24/2004 23:00,8.55
,1/24/2004 23:30,8.85
,1/25/2004 0:00,9.1
,1/25/2004 0:30,9.35
,1/25/2004 1:00,9.55
,1/25/2004 1:30,9.75
,1/25/2004 2:00,10.05
,1/25/2004 2:30,10.25
,1/25/2004 3:00,10.55
,1/25/2004 3:30,10.75
,1/25/2004 4:00,10.95
,1/25/2004 4:30,11.15
,1/25/2004 5:00,11.35
,1/25/2004 5:30,11.55
,1/25/2004 6:00,11.65
,1/25/2004 6:30,11.85
,1/25/2004 7:00,11.95
,1/25/2004 7:30,12.1
,1/25/2004 8:00,12.2
,1/25/2004 8:30,7.8
,1/25/2004 9:00,7.85
,1/25/2004 9:30,6.65
,1/25/2004 10:00,7
,1/25/2004 10:30,7.3
,1/25/2004 11:00,7.65
,1/25/2004 11:30,7.95
,1/25/2004 12:00,8.25
,1/25/2004 12:30,8.1
,1/25/2004 13:00,7.85
,1/25/2004 13:30,7.3
,1/25/2004 14:00,6.75
,1/25/2004 14:30,7.05
,1/25/2004 15:00,7.4
,1/25/2004 15:30,6.85
,1/25/2004 16:00,7.15
,1/25/2004 16:30,7.45
,1/25/2004 17:00,7.75
,1/25/2004 17:30,8.1
,1/25/2004 18:00,8.4
,1/25/2004 18:30,7.75
,1/25/2004 19:00,7.95
,1/25/2004 19:30,8.25
,1/25/2004 20:00,8.5
,1/25/2004 20:30,8.8
,1/25/2004 21:00,6.6
,1/25/2004 21:30,6
,1/25/2004 22:00,6.4
,1/25/2004 22:30,6.8
,1/25/2004 23:00,7.2
,1/25/2004 23:30,7.6
,1/26/2004 0:00,7.9
,1/26/2004 0:30,8.3
,1/26/2004 1:00,8.6
,1/26/2004 1:30,9.95
,1/26/2004 2:00,11.25
,1/26/2004 2:30,11.5
,1/26/2004 3:00,11.65
,1/26/2004 3:30,11.85
,1/26/2004 4:00,12.05
,1/26/2004 4:30,12.25
,1/26/2004 5:00,12.45
,1/26/2004 5:30,12.65
,1/26/2004 6:00,11.2
,1/26/2004 6:30,9.5
,1/26/2004 7:00,9.4
,1/26/2004 7:30,7.95
,1/26/2004 8:00,7.8
,1/26/2004 8:30,8.05
,1/26/2004 9:00,8.35
,1/26/2004 9:30,8.65
,1/26/2004 10:00,8.85
,1/26/2004 10:30,9.15
,1/26/2004 11:00,9.35
,1/26/2004 11:30,9.55
,1/26/2004 12:00,9.85
,1/26/2004 12:30,10.05
,1/26/2004 13:00,10.25
,1/26/2004 13:30,10.5
,1/26/2004 14:00,10.75
,1/26/2004 14:30,10.95
,1/26/2004 15:00,11.15
,1/26/2004 15:30,11.35
,1/26/2004 16:00,11.45
,1/26/2004 16:30,11.65
,1/26/2004 17:00,11.8
,1/26/2004 17:30,8.55
,1/26/2004 18:00,8.75
,1/26/2004 18:30,7.65
,1/26/2004 19:00,7.05
,1/26/2004 19:30,7.3
,1/26/2004 20:00,7.6
,1/26/2004 20:30,6.45
,1/26/2004 21:00,6.8
,1/26/2004 21:30,7.15
,1/26/2004 22:00,7.5
,1/26/2004 22:30,7.8
,1/26/2004 23:00,8.1
,1/26/2004 23:30,8.4
,1/27/2004 0:00,8.65
,1/27/2004 0:30,8.95
,1/27/2004 1:00,9.15
,1/27/2004 1:30,9.35
,1/27/2004 2:00,9.65
,1/27/2004 2:30,9.85
,1/27/2004 3:00,10.05
,1/27/2004 3:30,9.95
,1/27/2004 4:00,10.15
,1/27/2004 4:30,10.35
,1/27/2004 5:00,10.55
,1/27/2004 5:30,10.75
,1/27/2004 6:00,10.95
,1/27/2004 6:30,10.25
,1/27/2004 7:00,9.55
,1/27/2004 7:30,9.75
,1/27/2004 8:00,9.95
,1/27/2004 8:30,10.15
,1/27/2004 9:00,10.35
,1/27/2004 9:30,10.55
,1/27/2004 10:00,10.65
,1/27/2004 10:30,10.85
,1/27/2004 11:00,11.05
,1/27/2004 11:30,7.95
,1/27/2004 12:00,8.2
,1/27/2004 12:30,8.45
,1/27/2004 13:00,8.75
,1/27/2004 13:30,9
,1/27/2004 14:00,9.25
,1/27/2004 14:30,9.5
,1/27/2004 15:00,9.75
,1/27/2004 15:30,9.95
,1/27/2004 16:00,10.2
,1/27/2004 16:30,10.45
,1/27/2004 17:00,10.65
,1/27/2004 17:30,10.95
,1/27/2004 18:00,11.15
,1/27/2004 18:30,11.35
,1/27/2004 19:00,11.45
,1/27/2004 19:30,11.65
,1/27/2004 20:00,11.85
,1/27/2004 20:30,11.95
,1/27/2004 21:00,12.15
,1/27/2004 21:30,7.6
,1/27/2004 22:00,7.75
,1/27/2004 22:30,8.1
,1/27/2004 23:00,7.4
,1/27/2004 23:30,7.7
,1/28/2004 0:00,8
,1/28/2004 0:30,8.3
,1/28/2004 1:00,8.55
,1/28/2004 1:30,8.85
,1/28/2004 2:00,9.05
,1/28/2004 2:30,9.35
,1/28/2004 3:00,9.55
,1/28/2004 3:30,9.75
,1/28/2004 4:00,9.95
,1/28/2004 4:30,10.15
,1/28/2004 5:00,10.35
,1/28/2004 5:30,10.5
,1/28/2004 6:00,10.65
,1/28/2004 6:30,10.8
,1/28/2004 7:00,10.95
,1/28/2004 7:30,9.65
,1/28/2004 8:00,8
,1/28/2004 8:30,7.65
,1/28/2004 9:00,7.25
,1/28/2004 9:30,7.3
,1/28/2004 10:00,7.55
,1/28/2004 10:30,7.85
,1/28/2004 11:00,7.6
,1/28/2004 11:30,7.85
,1/28/2004 12:00,7.65
,1/28/2004 12:30,7.45
,1/28/2004 13:00,7.75
,1/28/2004 13:30,8.05
,1/28/2004 14:00,8
,1/28/2004 14:30,7.9
,1/28/2004 15:00,8.15
,1/28/2004 15:30,8.45
,1/28/2004 16:00,8.3
,1/28/2004 16:30,8.1
,1/28/2004 17:00,8.35
,1/28/2004 17:30,8.65
,1/28/2004 18:00,8.95
,1/28/2004 18:30,9.25
,1/28/2004 19:00,7.45
,1/28/2004 19:30,7.75
,1/28/2004 20:00,8.1
,1/28/2004 20:30,8.4
,1/28/2004 21:00,7.5
,1/28/2004 21:30,6.7
,1/28/2004 22:00,7.1
,1/28/2004 22:30,7.5
,1/28/2004 23:00,7.9
,1/28/2004 23:30,8.2
,1/29/2004 0:00,7.75
,1/29/2004 0:30,8
,1/29/2004 1:00,8.3
,1/29/2004 1:30,8.6
,1/29/2004 2:00,8.9
,1/29/2004 2:30,9.15
,1/29/2004 3:00,9.45
,1/29/2004 3:30,9.7
,1/29/2004 4:00,9.95
,1/29/2004 4:30,10.2
,1/29/2004 5:00,10.45
,1/29/2004 5:30,10.65
,1/29/2004 6:00,10.85
,1/29/2004 6:30,9.1
,1/29/2004 7:00,8.95
,1/29/2004 7:30,8.35
,1/29/2004 8:00,8.2
,1/29/2004 8:30,8.45
,1/29/2004 9:00,8.75
,1/29/2004 9:30,9
,1/29/2004 10:00,9.25
,1/29/2004 10:30,9.45
,1/29/2004 11:00,9.65
,1/29/2004 11:30,9.9
,1/29/2004 12:00,10.15
,1/29/2004 12:30,10.4
,1/29/2004 13:00,10.65
,1/29/2004 13:30,10.85
,1/29/2004 14:00,11.05
,1/29/2004 14:30,11.25
,1/29/2004 15:00,11.45
,1/29/2004 15:30,11.65
,1/29/2004 16:00,11.75
,1/29/2004 16:30,11.95
,1/29/2004 17:00,12.05
,1/29/2004 17:30,12.25
,1/29/2004 18:00,10.4
,1/29/2004 18:30,8
,1/29/2004 19:00,7.65
,1/29/2004 19:30,7.95
,1/29/2004 20:00,8.25
,1/29/2004 20:30,8.5
,1/29/2004 21:00,7.55
,1/29/2004 21:30,7.85
,1/29/2004 22:00,8.15
,1/29/2004 22:30,7.1
,1/29/2004 23:00,7.4
,1/29/2004 23:30,7.8
,1/30/2004 0:00,8.05
,1/30/2004 0:30,8.5
,1/30/2004 1:00,9.05
,1/30/2004 1:30,9.3
,1/30/2004 2:00,9.55
,1/30/2004 2:30,9.8
,1/30/2004 3:00,10.05
,1/30/2004 3:30,10.35
,1/30/2004 4:00,10.6
,1/30/2004 4:30,10.85
,1/30/2004 5:00,11.15
,1/30/2004 5:30,11.35
,1/30/2004 6:00,11.55
,1/30/2004 6:30,9.55
,1/30/2004 7:00,9.75
,1/30/2004 7:30,8.65
,1/30/2004 8:00,8.9
,1/30/2004 8:30,9.15
,1/30/2004 9:00,9.35
,1/30/2004 9:30,9.65
,1/30/2004 10:00,9.85
,1/30/2004 10:30,10.1
,1/30/2004 11:00,10.35
,1/30/2004 11:30,10.65
,1/30/2004 12:00,10.85
,1/30/2004 12:30,11.05
,1/30/2004 13:00,11.25
,1/30/2004 13:30,11.45
,1/30/2004 14:00,11.65
,1/30/2004 14:30,11.85
,1/30/2004 15:00,12.05
,1/30/2004 15:30,12.15
,1/30/2004 16:00,12.35
,1/30/2004 16:30,12.45
,1/30/2004 17:00,12.6
,1/30/2004 17:30,12.75
,1/30/2004 18:00,12.85
,1/30/2004 18:30,10.95
,1/30/2004 19:00,9.05
,1/30/2004 19:30,9.25
,1/30/2004 20:00,9.55
,1/30/2004 20:30,9.05
,1/30/2004 21:00,8.65
,1/30/2004 21:30,8.9
,1/30/2004 22:00,9.2
,1/30/2004 22:30,9.45
,1/30/2004 23:00,9.75
,1/30/2004 23:30,9.95
,1/31/2004 0:00,10.25
,1/31/2004 0:30,10.55
,1/31/2004 1:00,10.75
,1/31/2004 1:30,11.05
,1/31/2004 2:00,11.25
,1/31/2004 2:30,11.45
,1/31/2004 3:00,11.75
,1/31/2004 3:30,11.95
,1/31/2004 4:00,12.15
,1/31/2004 4:30,12.35
,1/31/2004 5:00,12.5
,1/31/2004 5:30,12.65
,1/31/2004 6:00,11.3
,1/31/2004 6:30,9.95
,1/31/2004 7:00,9.35
,1/31/2004 7:30,9.55
,1/31/2004 8:00,9.25
,1/31/2004 8:30,8.95
,1/31/2004 9:00,9.15
,1/31/2004 9:30,9.45
,1/31/2004 10:00,9.65
,1/31/2004 10:30,9.95
,1/31/2004 11:00,10.2
,1/31/2004 11:30,10.45
,1/31/2004 12:00,10.75
,1/31/2004 12:30,10.95
,1/31/2004 13:00,11.25
,1/31/2004 13:30,11.45
,1/31/2004 14:00,11.65
,1/31/2004 14:30,11.85
,1/31/2004 15:00,11.95
,1/31/2004 15:30,12.15
,1/31/2004 16:00,12.3
,1/31/2004 16:30,12.45
,1/31/2004 17:00,12.55
,1/31/2004 17:30,12.7
,1/31/2004 18:00,10.9
,1/31/2004 18:30,9.15
,1/31/2004 19:00,9.35
,1/31/2004 19:30,8.45
,1/31/2004 20:00,8.65
,1/31/2004 20:30,8.85
,1/31/2004 21:00,8.65
,1/31/2004 21:30,8.45
,1/31/2004 22:00,8.7
,1/31/2004 22:30,8.95
,1/31/2004 23:00,9.25
,1/31/2004 23:30,9.45
,2/1/2004 0:00,9.75
,2/1/2004 0:30,9.95
,2/1/2004 1:00,10.15
,2/1/2004 1:30,10.45
,2/1/2004 2:00,10.65
,2/1/2004 2:30,10.45
,2/1/2004 3:00,10.65
,2/1/2004 3:30,10.85
,2/1/2004 4:00,10.95
,2/1/2004 4:30,11.15
,2/1/2004 5:00,11.35
,2/1/2004 5:30,11.55
,2/1/2004 6:00,11.65
,2/1/2004 6:30,11.8
,2/1/2004 7:00,11.95
,2/1/2004 7:30,10.8
,2/1/2004 8:00,9.65
,2/1/2004 8:30,9.25
,2/1/2004 9:00,8
,2/1/2004 9:30,8.1
,2/1/2004 10:00,8.15
,2/1/2004 10:30,8.45
,2/1/2004 11:00,8.7
,2/1/2004 11:30,8.15
,2/1/2004 12:00,8.1
,2/1/2004 12:30,8.35
,2/1/2004 13:00,8.4
,2/1/2004 13:30,8.35
,2/1/2004 14:00,8.55
,2/1/2004 14:30,8.5
,2/1/2004 15:00,8.4
,2/1/2004 15:30,8.65
,2/1/2004 16:00,8.35
,2/1/2004 16:30,7.95
,2/1/2004 17:00,8.25
,2/1/2004 17:30,8.55
,2/1/2004 18:00,8.85
,2/1/2004 18:30,9.1
,2/1/2004 19:00,9.35
,2/1/2004 19:30,8.85
,2/1/2004 20:00,8.25
,2/1/2004 20:30,8.25
,2/1/2004 21:00,8.45
,2/1/2004 21:30,7.8
,2/1/2004 22:00,7.65
,2/1/2004 22:30,7.8
,2/1/2004 23:00,8.1
,2/1/2004 23:30,8.4
,2/2/2004 0:00,8.75
,2/2/2004 0:30,9.05
,2/2/2004 1:00,9.35
,2/2/2004 1:30,9.65
,2/2/2004 2:00,9.95
,2/2/2004 2:30,10.3
,2/2/2004 3:00,10.65
,2/2/2004 3:30,10.95
,2/2/2004 4:00,11.3
,2/2/2004 4:30,11.6
,2/2/2004 5:00,11.85
,2/2/2004 5:30,12.15
,2/2/2004 6:00,12.4
,2/2/2004 6:30,10.35
,2/2/2004 7:00,10
,2/2/2004 7:30,9.4
,2/2/2004 8:00,9.45
,2/2/2004 8:30,9.7
,2/2/2004 9:00,10
,2/2/2004 9:30,10.3
,2/2/2004 10:00,9.3
,2/2/2004 10:30,9.55
,2/2/2004 11:00,9.85
,2/2/2004 11:30,10.2
,2/2/2004 12:00,10.5
,2/2/2004 12:30,10.85
,2/2/2004 13:00,11.15
,2/2/2004 13:30,10.45
,2/2/2004 14:00,9.65
,2/2/2004 14:30,9.95
,2/2/2004 15:00,10.2
,2/2/2004 15:30,10.5
,2/2/2004 16:00,10.75
,2/2/2004 16:30,11.05
,2/2/2004 17:00,11.25
,2/2/2004 17:30,11.5
,2/2/2004 18:00,9.25
,2/2/2004 18:30,9.45
,2/2/2004 19:00,9.65
,2/2/2004 19:30,8.55
,2/2/2004 20:00,8.1
,2/2/2004 20:30,8.25
,2/2/2004 21:00,8.4
,2/2/2004 21:30,8.7
,2/2/2004 22:00,8.25
,2/2/2004 22:30,7.8
,2/2/2004 23:00,8.2
,2/2/2004 23:30,8.2
,2/3/2004 0:00,8.35
,2/3/2004 0:30,8.65
,2/3/2004 1:00,8.95
,2/3/2004 1:30,9.15
,2/3/2004 2:00,9.45
,2/3/2004 2:30,9.65
,2/3/2004 3:00,9.85
,2/3/2004 3:30,10.15
,2/3/2004 4:00,10.4
,2/3/2004 4:30,10.65
,2/3/2004 5:00,10.85
,2/3/2004 5:30,11.05
,2/3/2004 6:00,9.05
,2/3/2004 6:30,8.45
,2/3/2004 7:00,8.3
,2/3/2004 7:30,8.35
,2/3/2004 8:00,8.65
,2/3/2004 8:30,8.9
,2/3/2004 9:00,9.2
,2/3/2004 9:30,9.5
,2/3/2004 10:00,9.05
,2/3/2004 10:30,8.55
,2/3/2004 11:00,8.8
,2/3/2004 11:30,9.1
,2/3/2004 12:00,9
,2/3/2004 12:30,8.85
,2/3/2004 13:00,9.15
,2/3/2004 13:30,9.4
,2/3/2004 14:00,9.7
,2/3/2004 14:30,10.1
,2/3/2004 15:00,10.4
,2/3/2004 15:30,10.75
,2/3/2004 16:00,11.1
,2/3/2004 16:30,11.4
,2/3/2004 17:00,11.65
,2/3/2004 17:30,11.95
,2/3/2004 18:00,12.2
,2/3/2004 18:30,12.45
,2/3/2004 19:00,9.25
,2/3/2004 19:30,9.25
,2/3/2004 20:00,8.9
,2/3/2004 20:30,8.65
,2/3/2004 21:00,8.95
,2/3/2004 21:30,9.25
,2/3/2004 22:00,8.45
,2/3/2004 22:30,8.8
,2/3/2004 23:00,8.8
,2/3/2004 23:30,8.65
,2/4/2004 0:00,8.95
,2/4/2004 0:30,9.25
,2/4/2004 1:00,9.55
,2/4/2004 1:30,9.85
,2/4/2004 2:00,10.2
,2/4/2004 2:30,10.5
,2/4/2004 3:00,10.85
,2/4/2004 3:30,11.15
,2/4/2004 4:00,11.4
,2/4/2004 4:30,11.65
,2/4/2004 5:00,11.85
,2/4/2004 5:30,12.1
,2/4/2004 6:00,12.35
,2/4/2004 6:30,12.45
,2/4/2004 7:00,12.65
,2/4/2004 7:30,9.55
,2/4/2004 8:00,9.15
,2/4/2004 8:30,8.25
,2/4/2004 9:00,8.5
,2/4/2004 9:30,8.8
,2/4/2004 10:00,9.05
,2/4/2004 10:30,8.45
,2/4/2004 11:00,8.7
,2/4/2004 11:30,8.5
,2/4/2004 12:00,8.7
,2/4/2004 12:30,8.7
,2/4/2004 13:00,8.6
,2/4/2004 13:30,8.85
,2/4/2004 14:00,8.7
,2/4/2004 14:30,8.95
,2/4/2004 15:00,9.25
,2/4/2004 15:30,9.55
,2/4/2004 16:00,9.8
,2/4/2004 16:30,10.1
,2/4/2004 17:00,9.35
,2/4/2004 17:30,9.65
,2/4/2004 18:00,9.9
,2/4/2004 18:30,10.2
,2/4/2004 19:00,10.5
,2/4/2004 19:30,10.8
,2/4/2004 20:00,11.1
,2/4/2004 20:30,11.35
,2/4/2004 21:00,8.4
,2/4/2004 21:30,8.7
,2/4/2004 22:00,8.7
,2/4/2004 22:30,8.65
,2/4/2004 23:00,8.95
,2/4/2004 23:30,9.25
,2/5/2004 0:00,9.55
,2/5/2004 0:30,9.8
,2/5/2004 1:00,9.95
,2/5/2004 1:30,10.1
,2/5/2004 2:00,10.35
,2/5/2004 2:30,10.65
,2/5/2004 3:00,10.9
,2/5/2004 3:30,11.15
,2/5/2004 4:00,11.35
,2/5/2004 4:30,11.55
,2/5/2004 5:00,11.75
,2/5/2004 5:30,11.95
,2/5/2004 6:00,12.15
,2/5/2004 6:30,12.25
,2/5/2004 7:00,10.95
,2/5/2004 7:30,9.6
,2/5/2004 8:00,8.65
,2/5/2004 8:30,8.85
,2/5/2004 9:00,9.15
,2/5/2004 9:30,9.35
,2/5/2004 10:00,9.55
,2/5/2004 10:30,9.8
,2/5/2004 11:00,8.55
,2/5/2004 11:30,8.55
,2/5/2004 12:00,8.45
,2/5/2004 12:30,8.65
,2/5/2004 13:00,8.95
,2/5/2004 13:30,9.2
,2/5/2004 14:00,9.45
,2/5/2004 14:30,9.75
,2/5/2004 15:00,10
,2/5/2004 15:30,9.75
,2/5/2004 16:00,9.35
,2/5/2004 16:30,9.6
,2/5/2004 17:00,9.85
,2/5/2004 17:30,10.15
,2/5/2004 18:00,10.45
,2/5/2004 18:30,8.5
,2/5/2004 19:00,8.75
,2/5/2004 19:30,9.05
,2/5/2004 20:00,9.35
,2/5/2004 20:30,9.65
,2/5/2004 21:00,9.15
,2/5/2004 21:30,8.55
,2/5/2004 22:00,8.85
,2/5/2004 22:30,9.15
,2/5/2004 23:00,9.45
,2/5/2004 23:30,9.7
,2/6/2004 0:00,9.95
,2/6/2004 0:30,10.3
,2/6/2004 1:00,10.6
,2/6/2004 1:30,10.9
,2/6/2004 2:00,11.15
,2/6/2004 2:30,10.75
,2/6/2004 3:00,11.05
,2/6/2004 3:30,11.25
,2/6/2004 4:00,11.5
,2/6/2004 4:30,11.75
,2/6/2004 5:00,11.95
,2/6/2004 5:30,12.1
,2/6/2004 6:00,12.25
,2/6/2004 6:30,9.95
,2/6/2004 7:00,10.15
,2/6/2004 7:30,9.65
,2/6/2004 8:00,9.2
,2/6/2004 8:30,9.45
,2/6/2004 9:00,9.65
,2/6/2004 9:30,9.85
,2/6/2004 10:00,10.05
,2/6/2004 10:30,10.35
,2/6/2004 11:00,10.55
,2/6/2004 11:30,10.8
,2/6/2004 12:00,11.05
,2/6/2004 12:30,11.25
,2/6/2004 13:00,11.45
,2/6/2004 13:30,11.55
,2/6/2004 14:00,11.75
,2/6/2004 14:30,11.9
,2/6/2004 15:00,12.05
,2/6/2004 15:30,12.2
,2/6/2004 16:00,12.35
,2/6/2004 16:30,12.45
,2/6/2004 17:00,12.55
,2/6/2004 17:30,12.7
,2/6/2004 18:00,12.8
,2/6/2004 18:30,8.85
,2/6/2004 19:00,8.5
,2/6/2004 19:30,8.15
,2/6/2004 20:00,8.4
,2/6/2004 20:30,8.65
,2/6/2004 21:00,8.9
,2/6/2004 21:30,9.15
,2/6/2004 22:00,9.45
,2/6/2004 22:30,9.65
,2/6/2004 23:00,9.9
,2/6/2004 23:30,10.2
,2/7/2004 0:00,10.45
,2/7/2004 0:30,10
,2/7/2004 1:00,10.35
,2/7/2004 1:30,10.55
,2/7/2004 2:00,10.8
,2/7/2004 2:30,11.05
,2/7/2004 3:00,11.3
,2/7/2004 3:30,11.55
,2/7/2004 4:00,11.75
,2/7/2004 4:30,11.95
,2/7/2004 5:00,12.15
,2/7/2004 5:30,12.35
,2/7/2004 6:00,12.55
,2/7/2004 6:30,12.7
,2/7/2004 7:00,9.75
,2/7/2004 7:30,10
,2/7/2004 8:00,9.05
,2/7/2004 8:30,9.35
,2/7/2004 9:00,9.55
,2/7/2004 9:30,9.85
,2/7/2004 10:00,10.05
,2/7/2004 10:30,10.35
,2/7/2004 11:00,10.65
,2/7/2004 11:30,10.9
,2/7/2004 12:00,11.15
,2/7/2004 12:30,11.35
,2/7/2004 13:00,11.65
,2/7/2004 13:30,11.85
,2/7/2004 14:00,12.05
,2/7/2004 14:30,12.2
,2/7/2004 15:00,12.35
,2/7/2004 15:30,12.55
,2/7/2004 16:00,12.7
,2/7/2004 16:30,12.85
,2/7/2004 17:00,12.95
,2/7/2004 17:30,13.1
,2/7/2004 18:00,13.25
,2/7/2004 18:30,13.35
,2/7/2004 19:00,11.1
,2/7/2004 19:30,8.95
,2/7/2004 20:00,8.15
,2/7/2004 20:30,8.4
,2/7/2004 21:00,8.7
,2/7/2004 21:30,8.95
,2/7/2004 22:00,9.25
,2/7/2004 22:30,9.45
,2/7/2004 23:00,9.75
,2/7/2004 23:30,9.95
,2/8/2004 0:00,10.2
,2/8/2004 0:30,10.45
,2/8/2004 1:00,10.65
,2/8/2004 1:30,10.5
,2/8/2004 2:00,10.35
,2/8/2004 2:30,10.55
,2/8/2004 3:00,10.75
,2/8/2004 3:30,10.95
,2/8/2004 4:00,11.05
,2/8/2004 4:30,11.25
,2/8/2004 5:00,11.35
,2/8/2004 5:30,11.5
,2/8/2004 6:00,11.6
,2/8/2004 6:30,11.7
,2/8/2004 7:00,11.8
,2/8/2004 7:30,11.85
,2/8/2004 8:00,10.55
,2/8/2004 8:30,9.3
,2/8/2004 9:00,8.45
,2/8/2004 9:30,8.65
,2/8/2004 10:00,8.85
,2/8/2004 10:30,9.05
,2/8/2004 11:00,9.25
,2/8/2004 11:30,9.45
,2/8/2004 12:00,8.35
,2/8/2004 12:30,8.45
,2/8/2004 13:00,8.65
,2/8/2004 13:30,8.85
,2/8/2004 14:00,9.15
,2/8/2004 14:30,9.35
,2/8/2004 15:00,9.55
,2/8/2004 15:30,9.85
,2/8/2004 16:00,10.05
,2/8/2004 16:30,10.35
,2/8/2004 17:00,10.55
,2/8/2004 17:30,10.85
,2/8/2004 18:00,11.05
,2/8/2004 18:30,11.25
,2/8/2004 19:00,9.8
,2/8/2004 19:30,8.35
,2/8/2004 20:00,8.6
,2/8/2004 20:30,8.85
,2/8/2004 21:00,8.5
,2/8/2004 21:30,8.05
,2/8/2004 22:00,8.35
,2/8/2004 22:30,8.65
,2/8/2004 23:00,8.95
,2/8/2004 23:30,9.2
,2/9/2004 0:00,9.45
,2/9/2004 0:30,9.75
,2/9/2004 1:00,10
,2/9/2004 1:30,10.85
,2/9/2004 2:00,11.65
,2/9/2004 2:30,11.8
,2/9/2004 3:00,11.95
,2/9/2004 3:30,12.15
,2/9/2004 4:00,12.25
,2/9/2004 4:30,12.35
,2/9/2004 5:00,12.45
,2/9/2004 5:30,12.6
,2/9/2004 6:00,12.7
,2/9/2004 6:30,9.95
,2/9/2004 7:00,9.55
,2/9/2004 7:30,9.3
,2/9/2004 8:00,9.05
,2/9/2004 8:30,9.25
,2/9/2004 9:00,9.45
,2/9/2004 9:30,9.65
,2/9/2004 10:00,9.85
,2/9/2004 10:30,10
,2/9/2004 11:00,10.25
,2/9/2004 11:30,10.45
,2/9/2004 12:00,10.65
,2/9/2004 12:30,10.85
,2/9/2004 13:00,11.05
,2/9/2004 13:30,11.25
,2/9/2004 14:00,11.45
,2/9/2004 14:30,11.6
,2/9/2004 15:00,11.75
,2/9/2004 15:30,11.95
,2/9/2004 16:00,12.05
,2/9/2004 16:30,12.2
,2/9/2004 17:00,12.35
,2/9/2004 17:30,12.5
,2/9/2004 18:00,10.7
,2/9/2004 18:30,7.9
,2/9/2004 19:00,8.05
,2/9/2004 19:30,8.25
,2/9/2004 20:00,8.55
,2/9/2004 20:30,8.35
,2/9/2004 21:00,8.15
,2/9/2004 21:30,8.4
,2/9/2004 22:00,8.65
,2/9/2004 22:30,8.95
,2/9/2004 23:00,9.2
,2/9/2004 23:30,9.45
,2/10/2004 0:00,9.65
,2/10/2004 0:30,9.85
,2/10/2004 1:00,10.15
,2/10/2004 1:30,10.35
,2/10/2004 2:00,10.55
,2/10/2004 2:30,10.75
,2/10/2004 3:00,10.95
,2/10/2004 3:30,11.15
,2/10/2004 4:00,11.35
,2/10/2004 4:30,11.55
,2/10/2004 5:00,11.75
,2/10/2004 5:30,11.9
,2/10/2004 6:00,12.05
,2/10/2004 6:30,11
,2/10/2004 7:00,9.95
,2/10/2004 7:30,10.25
,2/10/2004 8:00,9.05
,2/10/2004 8:30,9.25
,2/10/2004 9:00,9.45
,2/10/2004 9:30,9.75
,2/10/2004 10:00,9.95
,2/10/2004 10:30,10.15
,2/10/2004 11:00,10.4
,2/10/2004 11:30,8.5
,2/10/2004 12:00,8.75
,2/10/2004 12:30,9.05
,2/10/2004 13:00,9.3
,2/10/2004 13:30,9.55
,2/10/2004 14:00,9.85
,2/10/2004 14:30,10.1
,2/10/2004 15:00,10.4
,2/10/2004 15:30,10.7
,2/10/2004 16:00,10.95
,2/10/2004 16:30,11.2
,2/10/2004 17:00,11.45
,2/10/2004 17:30,10.25
,2/10/2004 18:00,9.05
,2/10/2004 18:30,9.25
,2/10/2004 19:00,9.45
,2/10/2004 19:30,8.9
,2/10/2004 20:00,8.25
,2/10/2004 20:30,8.55
,2/10/2004 21:00,8.8
,2/10/2004 21:30,9.1
,2/10/2004 22:00,8.05
,2/10/2004 22:30,8.35
,2/10/2004 23:00,8.65
,2/10/2004 23:30,8.6
,2/11/2004 0:00,8.45
,2/11/2004 0:30,8.75
,2/11/2004 1:00,9.05
,2/11/2004 1:30,9.3
,2/11/2004 2:00,9.55
,2/11/2004 2:30,9.85
,2/11/2004 3:00,10.15
,2/11/2004 3:30,10.45
,2/11/2004 4:00,10.75
,2/11/2004 4:30,11.05
,2/11/2004 5:00,11.3
,2/11/2004 5:30,11.55
,2/11/2004 6:00,11.75
,2/11/2004 6:30,12.05
,2/11/2004 7:00,12.25
,2/11/2004 7:30,10.75
,2/11/2004 8:00,8.2
,2/11/2004 8:30,8.5
,2/11/2004 9:00,8.75
,2/11/2004 9:30,9.05
,2/11/2004 10:00,9.3
,2/11/2004 10:30,7.6
,2/11/2004 11:00,7.8
,2/11/2004 11:30,8.1
,2/11/2004 12:00,7.95
,2/11/2004 12:30,8.25
,2/11/2004 13:00,8.5
,2/11/2004 13:30,8.8
,2/11/2004 14:00,9.1
,2/11/2004 14:30,9.4
,2/11/2004 15:00,8.7
,2/11/2004 15:30,8.1
,2/11/2004 16:00,8.1
,2/11/2004 16:30,8.5
,2/11/2004 17:00,8.8
,2/11/2004 17:30,9.1
,2/11/2004 18:00,9.4
,2/11/2004 18:30,9.7
,2/11/2004 19:00,10
,2/11/2004 19:30,10.35
,2/11/2004 20:00,9.55
,2/11/2004 20:30,8.65
,2/11/2004 21:00,8.95
,2/11/2004 21:30,9.25
,2/11/2004 22:00,9.55
,2/11/2004 22:30,9.9
,2/11/2004 23:00,10.2
,2/11/2004 23:30,10.6
,2/12/2004 0:00,9.8
,2/12/2004 0:30,9.95
,2/12/2004 1:00,10.3
,2/12/2004 1:30,10.6
,2/12/2004 2:00,10.9
,2/12/2004 2:30,11.2
,2/12/2004 3:00,11.45
,2/12/2004 3:30,11.75
,2/12/2004 4:00,11.95
,2/12/2004 4:30,12.15
,2/12/2004 5:00,12.35
,2/12/2004 5:30,12.55
,2/12/2004 6:00,12.75
,2/12/2004 6:30,10
,2/12/2004 7:00,9.75
,2/12/2004 7:30,9.25
,2/12/2004 8:00,9.55
,2/12/2004 8:30,9.75
,2/12/2004 9:00,10
,2/12/2004 9:30,10.25
,2/12/2004 10:00,10.55
,2/12/2004 10:30,10.75
,2/12/2004 11:00,11.05
,2/12/2004 11:30,11.25
,2/12/2004 12:00,11.45
,2/12/2004 12:30,11.65
,2/12/2004 13:00,11.85
,2/12/2004 13:30,12.05
,2/12/2004 14:00,12.2
,2/12/2004 14:30,12.35
,2/12/2004 15:00,12.55
,2/12/2004 15:30,12.65
,2/12/2004 16:00,12.8
,2/12/2004 16:30,12.95
,2/12/2004 17:00,13.05
,2/12/2004 17:30,13.2
,2/12/2004 18:00,11.2
,2/12/2004 18:30,9.25
,2/12/2004 19:00,9.45
,2/12/2004 19:30,9.75
,2/12/2004 20:00,9.95
,2/12/2004 20:30,10.2
,2/12/2004 21:00,10.5
,2/12/2004 21:30,8.45
,2/12/2004 22:00,8.7
,2/12/2004 22:30,9
,2/12/2004 23:00,9.3
,2/12/2004 23:30,9.55
,2/13/2004 0:00,9.85
,2/13/2004 0:30,10.1
,2/13/2004 1:00,10.45
,2/13/2004 1:30,10.75
,2/13/2004 2:00,11
,2/13/2004 2:30,11.3
,2/13/2004 3:00,11.55
,2/13/2004 3:30,11.85
,2/13/2004 4:00,12.05
,2/13/2004 4:30,11.75
,2/13/2004 5:00,11.95
,2/13/2004 5:30,12.15
,2/13/2004 6:00,12.35
,2/13/2004 6:30,10.55
,2/13/2004 7:00,10.2
,2/13/2004 7:30,9.45
,2/13/2004 8:00,8.95
,2/13/2004 8:30,9.25
,2/13/2004 9:00,9.5
,2/13/2004 9:30,9.75
,2/13/2004 10:00,10.05
,2/13/2004 10:30,10.35
,2/13/2004 11:00,10.6
,2/13/2004 11:30,10.9
,2/13/2004 12:00,11.15
,2/13/2004 12:30,11.4
,2/13/2004 13:00,11.65
,2/13/2004 13:30,11.85
,2/13/2004 14:00,12.05
,2/13/2004 14:30,12.25
,2/13/2004 15:00,12.45
,2/13/2004 15:30,12.55
,2/13/2004 16:00,12.75
,2/13/2004 16:30,12.9
,2/13/2004 17:00,13.05
,2/13/2004 17:30,13.15
,2/13/2004 18:00,13.3
,2/13/2004 18:30,11.3
,2/13/2004 19:00,9.25
,2/13/2004 19:30,9.45
,2/13/2004 20:00,9.7
,2/13/2004 20:30,9.95
,2/13/2004 21:00,8.2
,2/13/2004 21:30,8.5
,2/13/2004 22:00,8.85
,2/13/2004 22:30,9.15
,2/13/2004 23:00,9.45
,2/13/2004 23:30,9.7
,2/14/2004 0:00,10
,2/14/2004 0:30,10.3
,2/14/2004 1:00,10.6
,2/14/2004 1:30,10.85
,2/14/2004 2:00,10.15
,2/14/2004 2:30,9.25
,2/14/2004 3:00,9.55
,2/14/2004 3:30,9.75
,2/14/2004 4:00,10
,2/14/2004 4:30,10.3
,2/14/2004 5:00,10.55
,2/14/2004 5:30,10.85
,2/14/2004 6:00,11.05
,2/14/2004 6:30,9.55
,2/14/2004 7:00,9.75
,2/14/2004 7:30,10
,2/14/2004 8:00,10.3
,2/14/2004 8:30,9.2
,2/14/2004 9:00,9.45
,2/14/2004 9:30,9.7
,2/14/2004 10:00,9.95
,2/14/2004 10:30,10.25
,2/14/2004 11:00,10.5
,2/14/2004 11:30,10.75
,2/14/2004 12:00,11.05
,2/14/2004 12:30,11.25
,2/14/2004 13:00,11.5
,2/14/2004 13:30,11.75
,2/14/2004 14:00,11.95
,2/14/2004 14:30,12.15
,2/14/2004 15:00,12.35
,2/14/2004 15:30,12.55
,2/14/2004 16:00,12.65
,2/14/2004 16:30,12.85
,2/14/2004 17:00,13
,2/14/2004 17:30,13.15
,2/14/2004 18:00,13.3
,2/14/2004 18:30,11.6
,2/14/2004 19:00,9.55
,2/14/2004 19:30,9.35
,2/14/2004 20:00,9.65
,2/14/2004 20:30,9.9
,2/14/2004 21:00,10.2
,2/14/2004 21:30,10.55
,2/14/2004 22:00,10.85
,2/14/2004 22:30,11.15
,2/14/2004 23:00,11.45
,2/14/2004 23:30,11.75
,2/15/2004 0:00,12
,2/15/2004 0:30,12.25
,2/15/2004 1:00,12.45
,2/15/2004 1:30,12.65
,2/15/2004 2:00,12.85
,2/15/2004 2:30,13.05
,2/15/2004 3:00,13.25
,2/15/2004 3:30,13.45
,2/15/2004 4:00,13.55
,2/15/2004 4:30,13.75
,2/15/2004 5:00,13.85
,2/15/2004 5:30,14
,2/15/2004 6:00,14.1
,2/15/2004 6:30,14.2
,2/15/2004 7:00,14.3
,2/15/2004 7:30,12.5
,2/15/2004 8:00,10.75
,2/15/2004 8:30,10.95
,2/15/2004 9:00,10.05
,2/15/2004 9:30,9.1
,2/15/2004 10:00,9.35
,2/15/2004 10:30,9.65
,2/15/2004 11:00,9.75
,2/15/2004 11:30,9.75
,2/15/2004 12:00,9.75
,2/15/2004 12:30,9.7
,2/15/2004 13:00,10
,2/15/2004 13:30,10.3
,2/15/2004 14:00,10.6
,2/15/2004 14:30,10.95
,2/15/2004 15:00,10.5
,2/15/2004 15:30,10.05
,2/15/2004 16:00,10.35
,2/15/2004 16:30,10.7
,2/15/2004 17:00,11
,2/15/2004 17:30,11.3
,2/15/2004 18:00,11.6
,2/15/2004 18:30,11.85
,2/15/2004 19:00,11
,2/15/2004 19:30,10.25
,2/15/2004 20:00,10.55
,2/15/2004 20:30,10.85
,2/15/2004 21:00,11.15
,2/15/2004 21:30,11.45
,2/15/2004 22:00,9.8
,2/15/2004 22:30,10.1
,2/15/2004 23:00,10.4
,2/15/2004 23:30,10.75
,2/16/2004 0:00,11.05
,2/16/2004 0:30,11.35
,2/16/2004 1:00,11.65
,2/16/2004 1:30,11.95
,2/16/2004 2:00,12.2
,2/16/2004 2:30,12.45
,2/16/2004 3:00,12.65
,2/16/2004 3:30,12.95
,2/16/2004 4:00,13.15
,2/16/2004 4:30,13.35
,2/16/2004 5:00,11.7
,2/16/2004 5:30,11.85
,2/16/2004 6:00,12.15
,2/16/2004 6:30,11.45
,2/16/2004 7:00,10.55
,2/16/2004 7:30,10.3
,2/16/2004 8:00,10.05
,2/16/2004 8:30,10.35
,2/16/2004 9:00,10.65
,2/16/2004 9:30,10.9
,2/16/2004 10:00,11.15
,2/16/2004 10:30,11.45
,2/16/2004 11:00,11.65
,2/16/2004 11:30,11.85
,2/16/2004 12:00,12.1
,2/16/2004 12:30,12.3
,2/16/2004 13:00,12.5
,2/16/2004 13:30,12.65
,2/16/2004 14:00,12.85
,2/16/2004 14:30,13
,2/16/2004 15:00,13.15
,2/16/2004 15:30,13.25
,2/16/2004 16:00,13.4
,2/16/2004 16:30,13.55
,2/16/2004 17:00,13.65
,2/16/2004 17:30,13.75
,2/16/2004 18:00,13.85
,2/16/2004 18:30,10.15
,2/16/2004 19:00,10.35
,2/16/2004 19:30,10.55
,2/16/2004 20:00,10.85
,2/16/2004 20:30,11.05
,2/16/2004 21:00,11.3
,2/16/2004 21:30,11.55
,2/16/2004 22:00,11.75
,2/16/2004 22:30,11.95
,2/16/2004 23:00,12.15
,2/16/2004 23:30,12.35
,2/17/2004 0:00,12.55
,2/17/2004 0:30,12.7
,2/17/2004 1:00,12.85
,2/17/2004 1:30,13
,2/17/2004 2:00,13.15
,2/17/2004 2:30,13.25
,2/17/2004 3:00,13.4
,2/17/2004 3:30,13.55
,2/17/2004 4:00,13.65
,2/17/2004 4:30,13.8
,2/17/2004 5:00,13.9
,2/17/2004 5:30,14
,2/17/2004 6:00,14.1
,2/17/2004 6:30,12.15
,2/17/2004 7:00,12.25
,2/17/2004 7:30,10.65
,2/17/2004 8:00,9.45
,2/17/2004 8:30,9.75
,2/17/2004 9:00,9.95
,2/17/2004 9:30,10.25
,2/17/2004 10:00,10.5
,2/17/2004 10:30,10.75
,2/17/2004 11:00,11.05
,2/17/2004 11:30,9.15
,2/17/2004 12:00,9.4
,2/17/2004 12:30,9.65
,2/17/2004 13:00,9.85
,2/17/2004 13:30,10.15
,2/17/2004 14:00,10.45
,2/17/2004 14:30,10.7
,2/17/2004 15:00,10.95
,2/17/2004 15:30,11.15
,2/17/2004 16:00,11.4
,2/17/2004 16:30,11.65
,2/17/2004 17:00,11.85
,2/17/2004 17:30,12
,2/17/2004 18:00,12.15
,2/17/2004 18:30,9.85
,2/17/2004 19:00,10
,2/17/2004 19:30,10.25
,2/17/2004 20:00,10.55
,2/17/2004 20:30,10.8
,2/17/2004 21:00,11.05
,2/17/2004 21:30,11.35
,2/17/2004 22:00,10.4
,2/17/2004 22:30,9.4
,2/17/2004 23:00,9.65
,2/17/2004 23:30,9.9
,2/18/2004 0:00,10.2
,2/18/2004 0:30,10.55
,2/18/2004 1:00,10.85
,2/18/2004 1:30,11.15
,2/18/2004 2:00,11.45
,2/18/2004 2:30,11.7
,2/18/2004 3:00,11.95
,2/18/2004 3:30,12.2
,2/18/2004 4:00,12.45
,2/18/2004 4:30,12.65
,2/18/2004 5:00,12.85
,2/18/2004 5:30,13.05
,2/18/2004 6:00,13.15
,2/18/2004 6:30,13.35
,2/18/2004 7:00,13.45
,2/18/2004 7:30,9.95
,2/18/2004 8:00,8.9
,2/18/2004 8:30,8.9
,2/18/2004 9:00,9.05
,2/18/2004 9:30,9.35
,2/18/2004 10:00,9.6
,2/18/2004 10:30,9.85
,2/18/2004 11:00,10.1
,2/18/2004 11:30,10.4
,2/18/2004 12:00,10.7
,2/18/2004 12:30,10.95
,2/18/2004 13:00,11.2
,2/18/2004 13:30,11.45
,2/18/2004 14:00,11.65
,2/18/2004 14:30,11.85
,2/18/2004 15:00,12.05
,2/18/2004 15:30,12.25
,2/18/2004 16:00,12.45
,2/18/2004 16:30,12.55
,2/18/2004 17:00,12.75
,2/18/2004 17:30,12.95
,2/18/2004 18:00,13.05
,2/18/2004 18:30,9.35
,2/18/2004 19:00,8.7
,2/18/2004 19:30,8.7
,2/18/2004 20:00,8.85
,2/18/2004 20:30,9.05
,2/18/2004 21:00,9.35
,2/18/2004 21:30,8.1
,2/18/2004 22:00,8.4
,2/18/2004 22:30,8.75
,2/18/2004 23:00,9.05
,2/18/2004 23:30,9.35
,2/19/2004 0:00,9.6
,2/19/2004 0:30,9.85
,2/19/2004 1:00,10.15
,2/19/2004 1:30,10.45
,2/19/2004 2:00,10.75
,2/19/2004 2:30,11
,2/19/2004 3:00,11.25
,2/19/2004 3:30,11.45
,2/19/2004 4:00,11.65
,2/19/2004 4:30,11.85
,2/19/2004 5:00,12.05
,2/19/2004 5:30,12.2
,2/19/2004 6:00,11.4
,2/19/2004 6:30,10.65
,2/19/2004 7:00,10.35
,2/19/2004 7:30,9.65
,2/19/2004 8:00,9.85
,2/19/2004 8:30,10.1
,2/19/2004 9:00,10.35
,2/19/2004 9:30,10.6
,2/19/2004 10:00,10.85
,2/19/2004 10:30,11.05
,2/19/2004 11:00,11.25
,2/19/2004 11:30,11.45
,2/19/2004 12:00,11.65
,2/19/2004 12:30,11.85
,2/19/2004 13:00,12.05
,2/19/2004 13:30,12.25
,2/19/2004 14:00,12.35
,2/19/2004 14:30,12.55
,2/19/2004 15:00,12.7
,2/19/2004 15:30,12.85
,2/19/2004 16:00,12.95
,2/19/2004 16:30,13.1
,2/19/2004 17:00,13.25
,2/19/2004 17:30,13.35
,2/19/2004 18:00,13.1
,2/19/2004 18:30,12.85
,2/19/2004 19:00,12.95
,2/19/2004 19:30,13.05
,2/19/2004 20:00,13.15
,2/19/2004 20:30,13.25
,2/19/2004 21:00,13.35
,2/19/2004 21:30,13.45
,2/19/2004 22:00,13.55
,2/19/2004 22:30,13.65
,2/19/2004 23:00,13.75
,2/19/2004 23:30,13.85
,2/20/2004 0:00,13.95
,2/20/2004 0:30,14.05
,2/20/2004 1:00,14.15
,2/20/2004 1:30,12.5
,2/20/2004 2:00,11.9
,2/20/2004 2:30,12.1
,2/20/2004 3:00,12.25
,2/20/2004 3:30,12.45
,2/20/2004 4:00,12.65
,2/20/2004 4:30,12.8
,2/20/2004 5:00,12.95
,2/20/2004 5:30,13.1
,2/20/2004 6:00,13.25
,2/20/2004 6:30,13.35
,2/20/2004 7:00,13.45
,2/20/2004 7:30,13.55
,2/20/2004 8:00,10.15
,2/20/2004 8:30,10.45
,2/20/2004 9:00,10.65
,2/20/2004 9:30,10.85
,2/20/2004 10:00,11.15
,2/20/2004 10:30,11.35
,2/20/2004 11:00,11.55
,2/20/2004 11:30,11.75
,2/20/2004 12:00,11.95
,2/20/2004 12:30,12.15
,2/20/2004 13:00,12.3
,2/20/2004 13:30,12.45
,2/20/2004 14:00,12.65
,2/20/2004 14:30,12.75
,2/20/2004 15:00,12.9
,2/20/2004 15:30,13.05
,2/20/2004 16:00,13.15
,2/20/2004 16:30,13.3
,2/20/2004 17:00,13.45
,2/20/2004 17:30,13.55
,2/20/2004 18:00,13.65
,2/20/2004 18:30,13.75
,2/20/2004 19:00,13.8
,2/20/2004 19:30,13.9
,2/20/2004 20:00,14
,2/20/2004 20:30,14.05
,2/20/2004 21:00,14.1
,2/20/2004 21:30,14.2
,2/20/2004 22:00,14.2
,2/20/2004 22:30,14.3
,2/20/2004 23:00,14.3
,2/20/2004 23:30,14.4
,2/21/2004 0:00,14.4
,2/21/2004 0:30,14.4
,2/21/2004 1:00,14.4
,2/21/2004 1:30,14.5
,2/21/2004 2:00,14.5
,2/21/2004 2:30,14.5
,2/21/2004 3:00,14.5
,2/21/2004 3:30,14.5
,2/21/2004 4:00,14.6
,2/21/2004 4:30,14.6
,2/21/2004 5:00,14.6
,2/21/2004 5:30,14.7
,2/21/2004 6:00,14.7
,2/21/2004 6:30,14.75
,2/21/2004 7:00,14.8
,2/21/2004 7:30,14.8
,2/21/2004 8:00,14.8
,2/21/2004 8:30,14.8
,2/21/2004 9:00,14.9
,2/21/2004 9:30,10.7
,2/21/2004 10:00,10.85
,2/21/2004 10:30,11.05
,2/21/2004 11:00,11.25
,2/21/2004 11:30,11.45
,2/21/2004 12:00,11.65
,2/21/2004 12:30,11.85
,2/21/2004 13:00,12
,2/21/2004 13:30,12.15
,2/21/2004 14:00,12.35
,2/21/2004 14:30,12.5
,2/21/2004 15:00,12.65
,2/21/2004 15:30,12.8
,2/21/2004 16:00,12.95
,2/21/2004 16:30,13.1
,2/21/2004 17:00,13.25
,2/21/2004 17:30,13.35
,2/21/2004 18:00,13.5
,2/21/2004 18:30,13.6
,2/21/2004 19:00,13.75
,2/21/2004 19:30,13.85
,2/21/2004 20:00,13.95
,2/21/2004 20:30,14.05
,2/21/2004 21:00,14.15
,2/21/2004 21:30,14.25
,2/21/2004 22:00,12.4
,2/21/2004 22:30,10.65
,2/21/2004 23:00,10.85
,2/21/2004 23:30,11.05
,2/22/2004 0:00,10.85
,2/22/2004 0:30,10.45
,2/22/2004 1:00,10.65
,2/22/2004 1:30,10.9
,2/22/2004 2:00,11.15
,2/22/2004 2:30,11.35
,2/22/2004 3:00,11.55
,2/22/2004 3:30,11.75
,2/22/2004 4:00,11.75
,2/22/2004 4:30,11.65
,2/22/2004 5:00,11.75
,2/22/2004 5:30,11.95
,2/22/2004 6:00,12.05
,2/22/2004 6:30,12.25
,2/22/2004 7:00,12.35
,2/22/2004 7:30,12.5
,2/22/2004 8:00,11.25
,2/22/2004 8:30,11.35
,2/22/2004 9:00,10.9
,2/22/2004 9:30,10
,2/22/2004 10:00,9.75
,2/22/2004 10:30,10
,2/22/2004 11:00,10.25
,2/22/2004 11:30,10.15
,2/22/2004 12:00,10.45
,2/22/2004 12:30,10.7
,2/22/2004 13:00,10.95
,2/22/2004 13:30,11.25
,2/22/2004 14:00,11.55
,2/22/2004 14:30,11.8
,2/22/2004 15:00,12.05
,2/22/2004 15:30,12.35
,2/22/2004 16:00,11.9
,2/22/2004 16:30,11.45
,2/22/2004 17:00,11.75
,2/22/2004 17:30,11.95
,2/22/2004 18:00,12.25
,2/22/2004 18:30,12.55
,2/22/2004 19:00,12.75
,2/22/2004 19:30,12.35
,2/22/2004 20:00,11.75
,2/22/2004 20:30,12
,2/22/2004 21:00,12.3
,2/22/2004 21:30,12.55
,2/22/2004 22:00,12.85
,2/22/2004 22:30,13.1
,2/22/2004 23:00,13.4
,2/22/2004 23:30,13.65
,2/23/2004 0:00,13.9
,2/23/2004 0:30,14.15
,2/23/2004 1:00,14.35
,2/23/2004 1:30,14.9
,2/23/2004 2:00,15.25
,2/23/2004 2:30,15.45
,2/23/2004 3:00,15.65
,2/23/2004 3:30,15.85
,2/23/2004 4:00,16
,2/23/2004 4:30,16.15
,2/23/2004 5:00,16.35
,2/23/2004 5:30,15.2
,2/23/2004 6:00,14.05
,2/23/2004 6:30,14.25
,2/23/2004 7:00,14.45
,2/23/2004 7:30,13.65
,2/23/2004 8:00,11.7
,2/23/2004 8:30,11.75
,2/23/2004 9:00,11.8
,2/23/2004 9:30,12.1
,2/23/2004 10:00,12
,2/23/2004 10:30,11.9
,2/23/2004 11:00,12.2
,2/23/2004 11:30,12.45
,2/23/2004 12:00,12.75
,2/23/2004 12:30,13.05
,2/23/2004 13:00,12.7
,2/23/2004 13:30,12.45
,2/23/2004 14:00,12.7
,2/23/2004 14:30,12.95
,2/23/2004 15:00,13.2
,2/23/2004 15:30,13.45
,2/23/2004 16:00,13.65
,2/23/2004 16:30,13.85
,2/23/2004 17:00,14.05
,2/23/2004 17:30,12.7
,2/23/2004 18:00,11.45
,2/23/2004 18:30,11.75
,2/23/2004 19:00,12
,2/23/2004 19:30,12.25
,2/23/2004 20:00,12.55
,2/23/2004 20:30,12.75
,2/23/2004 21:00,12.4
,2/23/2004 21:30,11.95
,2/23/2004 22:00,12.25
,2/23/2004 22:30,12.45
,2/23/2004 23:00,12.75
,2/23/2004 23:30,12.95
,2/24/2004 0:00,13.15
,2/24/2004 0:30,13.35
,2/24/2004 1:00,13.55
,2/24/2004 1:30,13.75
,2/24/2004 2:00,13.95
,2/24/2004 2:30,14.05
,2/24/2004 3:00,14.25
,2/24/2004 3:30,14.4
,2/24/2004 4:00,14.55
,2/24/2004 4:30,14.7
,2/24/2004 5:00,14.8
,2/24/2004 5:30,14.95
,2/24/2004 6:00,15.05
,2/24/2004 6:30,13.75
,2/24/2004 7:00,11.9
,2/24/2004 7:30,12.15
,2/24/2004 8:00,12.35
,2/24/2004 8:30,12.55
,2/24/2004 9:00,12.75
,2/24/2004 9:30,12.25
,2/24/2004 10:00,11.65
,2/24/2004 10:30,11.9
,2/24/2004 11:00,12.15
,2/24/2004 11:30,12.35
,2/24/2004 12:00,12.6
,2/24/2004 12:30,12.85
,2/24/2004 13:00,13.05
,2/24/2004 13:30,13.25
,2/24/2004 14:00,13.45
,2/24/2004 14:30,13.65
,2/24/2004 15:00,13.85
,2/24/2004 15:30,14
,2/24/2004 16:00,14.15
,2/24/2004 16:30,14.35
,2/24/2004 17:00,14.45
,2/24/2004 17:30,14.6
,2/24/2004 18:00,14.75
,2/24/2004 18:30,14.9
,2/24/2004 19:00,15.05
,2/24/2004 19:30,11.85
,2/24/2004 20:00,12.05
,2/24/2004 20:30,12.35
,2/24/2004 21:00,11.4
,2/24/2004 21:30,10.6
,2/24/2004 22:00,11
,2/24/2004 22:30,11.3
,2/24/2004 23:00,11.65
,2/24/2004 23:30,11.95
,2/25/2004 0:00,12.25
,2/25/2004 0:30,12.55
,2/25/2004 1:00,12.75
,2/25/2004 1:30,13.05
,2/25/2004 2:00,13.25
,2/25/2004 2:30,13.45
,2/25/2004 3:00,13.65
,2/25/2004 3:30,13.85
,2/25/2004 4:00,14
,2/25/2004 4:30,14.15
,2/25/2004 5:00,14.35
,2/25/2004 5:30,14.45
,2/25/2004 6:00,14.55
,2/25/2004 6:30,14.7
,2/25/2004 7:00,14.8
,2/25/2004 7:30,14.9
,2/25/2004 8:00,11.9
,2/25/2004 8:30,11.85
,2/25/2004 9:00,12.05
,2/25/2004 9:30,10.7
,2/25/2004 10:00,10.4
,2/25/2004 10:30,10.2
,2/25/2004 11:00,10.55
,2/25/2004 11:30,10.85
,2/25/2004 12:00,11.15
,2/25/2004 12:30,11.4
,2/25/2004 13:00,11.05
,2/25/2004 13:30,11.05
,2/25/2004 14:00,11.35
,2/25/2004 14:30,11.6
,2/25/2004 15:00,11.85
,2/25/2004 15:30,12.15
,2/25/2004 16:00,12.4
,2/25/2004 16:30,12.65
,2/25/2004 17:00,12.9
,2/25/2004 17:30,13.15
,2/25/2004 18:00,12.4
,2/25/2004 18:30,11.65
,2/25/2004 19:00,11.85
,2/25/2004 19:30,12.15
,2/25/2004 20:00,12.45
,2/25/2004 20:30,12.65
,2/25/2004 21:00,11.75
,2/25/2004 21:30,10.8
,2/25/2004 22:00,11.1
,2/25/2004 22:30,11.45
,2/25/2004 23:00,11.8
,2/25/2004 23:30,12.1
,2/26/2004 0:00,12.35
,2/26/2004 0:30,12.65
,2/26/2004 1:00,12.85
,2/26/2004 1:30,13.15
,2/26/2004 2:00,13.35
,2/26/2004 2:30,13.45
,2/26/2004 3:00,13.65
,2/26/2004 3:30,13.85
,2/26/2004 4:00,13.95
,2/26/2004 4:30,14.1
,2/26/2004 5:00,14.2
,2/26/2004 5:30,14.3
,2/26/2004 6:00,13.2
,2/26/2004 6:30,12.05
,2/26/2004 7:00,11.45
,2/26/2004 7:30,11.2
,2/26/2004 8:00,10.3
,2/26/2004 8:30,10.55
,2/26/2004 9:00,10.8
,2/26/2004 9:30,10.7
,2/26/2004 10:00,10.45
,2/26/2004 10:30,10.7
,2/26/2004 11:00,11
,2/26/2004 11:30,10.85
,2/26/2004 12:00,10.65
,2/26/2004 12:30,10.9
,2/26/2004 13:00,11.15
,2/26/2004 13:30,11.45
,2/26/2004 14:00,11.7
,2/26/2004 14:30,11.95
,2/26/2004 15:00,12.15
,2/26/2004 15:30,12.4
,2/26/2004 16:00,12.65
,2/26/2004 16:30,12.85
,2/26/2004 17:00,11.95
,2/26/2004 17:30,10.35
,2/26/2004 18:00,10.65
,2/26/2004 18:30,10.95
,2/26/2004 19:00,11.25
,2/26/2004 19:30,11.55
,2/26/2004 20:00,11.85
,2/26/2004 20:30,12.05
,2/26/2004 21:00,12.35
,2/26/2004 21:30,12.6
,2/26/2004 22:00,12.85
,2/26/2004 22:30,13.05
,2/26/2004 23:00,13.25
,2/26/2004 23:30,13.45
,2/27/2004 0:00,13.65
,2/27/2004 0:30,13.85
,2/27/2004 1:00,14.05
,2/27/2004 1:30,14.2
,2/27/2004 2:00,13.25
,2/27/2004 2:30,12.4
,2/27/2004 3:00,12.65
,2/27/2004 3:30,12.85
,2/27/2004 4:00,13.05
,2/27/2004 4:30,13.2
,2/27/2004 5:00,13.35
,2/27/2004 5:30,13.55
,2/27/2004 6:00,13.65
,2/27/2004 6:30,11.55
,2/27/2004 7:00,11.15
,2/27/2004 7:30,10.75
,2/27/2004 8:00,10.95
,2/27/2004 8:30,11.25
,2/27/2004 9:00,11.45
,2/27/2004 9:30,11.75
,2/27/2004 10:00,11.95
,2/27/2004 10:30,12.15
,2/27/2004 11:00,12.35
,2/27/2004 11:30,12.55
,2/27/2004 12:00,12.75
,2/27/2004 12:30,12.95
,2/27/2004 13:00,13.15
,2/27/2004 13:30,13.3
,2/27/2004 14:00,13.45
,2/27/2004 14:30,13.6
,2/27/2004 15:00,13.75
,2/27/2004 15:30,13.85
,2/27/2004 16:00,14
,2/27/2004 16:30,14.15
,2/27/2004 17:00,14.25
,2/27/2004 17:30,14.35
,2/27/2004 18:00,14.45
,2/27/2004 18:30,14.5
,2/27/2004 19:00,14.6
,2/27/2004 19:30,14.7
,2/27/2004 20:00,14.8
,2/27/2004 20:30,14.9
,2/27/2004 21:00,9.65
,2/27/2004 21:30,9.9
,2/27/2004 22:00,10.2
,2/27/2004 22:30,10.5
,2/27/2004 23:00,10.8
,2/27/2004 23:30,11.05
,2/28/2004 0:00,11.35
,2/28/2004 0:30,11.55
,2/28/2004 1:00,11.75
,2/28/2004 1:30,11.95
,2/28/2004 2:00,12.25
,2/28/2004 2:30,12.45
,2/28/2004 3:00,12.65
,2/28/2004 3:30,12.8
,2/28/2004 4:00,12.95
,2/28/2004 4:30,13.15
,2/28/2004 5:00,13.35
,2/28/2004 5:30,13.45
,2/28/2004 6:00,13.65
,2/28/2004 6:30,10.95
,2/28/2004 7:00,10.15
,2/28/2004 7:30,10.25
,2/28/2004 8:00,10.35
,2/28/2004 8:30,10.65
,2/28/2004 9:00,10.9
,2/28/2004 9:30,11.15
,2/28/2004 10:00,11.45
,2/28/2004 10:30,11.65
,2/28/2004 11:00,11.9
,2/28/2004 11:30,12.15
,2/28/2004 12:00,12.35
,2/28/2004 12:30,12.55
,2/28/2004 13:00,12.75
,2/28/2004 13:30,12.95
,2/28/2004 14:00,13.1
,2/28/2004 14:30,13.25
,2/28/2004 15:00,13.45
,2/28/2004 15:30,13.6
,2/28/2004 16:00,13.75
,2/28/2004 16:30,13.85
,2/28/2004 17:00,14.05
,2/28/2004 17:30,14.15
,2/28/2004 18:00,12.7
,2/28/2004 18:30,11.25
,2/28/2004 19:00,11.5
,2/28/2004 19:30,11.75
,2/28/2004 20:00,11.95
,2/28/2004 20:30,12.2
,2/28/2004 21:00,12.45
,2/28/2004 21:30,12.65
,2/28/2004 22:00,12.85
,2/28/2004 22:30,13.05
,2/28/2004 23:00,13.25
,2/28/2004 23:30,13.45
,2/29/2004 0:00,13.55
,2/29/2004 0:30,13.75
,2/29/2004 1:00,13.85
,2/29/2004 1:30,14
,2/29/2004 2:00,14.15
,2/29/2004 2:30,14.25
,2/29/2004 3:00,12.1
,2/29/2004 3:30,12.15
,2/29/2004 4:00,12.35
,2/29/2004 4:30,12.55
,2/29/2004 5:00,12.7
,2/29/2004 5:30,12.85
,2/29/2004 6:00,12.15
,2/29/2004 6:30,11.45
,2/29/2004 7:00,11.65
,2/29/2004 7:30,11.85
,2/29/2004 8:00,12.05
,2/29/2004 8:30,11.15
,2/29/2004 9:00,9.9
,2/29/2004 9:30,9.85
,2/29/2004 10:00,10.2
,2/29/2004 10:30,10.45
,2/29/2004 11:00,10.75
,2/29/2004 11:30,11.05
,2/29/2004 12:00,11.35
,2/29/2004 12:30,9.95
,2/29/2004 13:00,10.05
,2/29/2004 13:30,10.4
,2/29/2004 14:00,10.7
,2/29/2004 14:30,11
,2/29/2004 15:00,11.25
,2/29/2004 15:30,11.55
,2/29/2004 16:00,11.25
,2/29/2004 16:30,10.85
,2/29/2004 17:00,11.15
,2/29/2004 17:30,11.45
,2/29/2004 18:00,11.7
,2/29/2004 18:30,11.95
,2/29/2004 19:00,12.25
,2/29/2004 19:30,12.5
,2/29/2004 20:00,12.75
,2/29/2004 20:30,12.95
,2/29/2004 21:00,11.95
,2/29/2004 21:30,10.85
,2/29/2004 22:00,11.2
,2/29/2004 22:30,11.5
,2/29/2004 23:00,11.8
,2/29/2004 23:30,12.1
,3/1/2004 0:00,12.4
,3/1/2004 0:30,12.65
,3/1/2004 1:00,12.85
,3/1/2004 1:30,13.15
,3/1/2004 2:00,13.35
,3/1/2004 2:30,13.55
,3/1/2004 3:00,13.75
,3/1/2004 3:30,13.95
,3/1/2004 4:00,12.5
,3/1/2004 4:30,12.75
,3/1/2004 5:00,12.95
,3/1/2004 5:30,13.15
,3/1/2004 6:00,13.35
,3/1/2004 6:30,13.55
,3/1/2004 7:00,13.75
,3/1/2004 7:30,11.4
,3/1/2004 8:00,11.2
,3/1/2004 8:30,11.5
,3/1/2004 9:00,11.75
,3/1/2004 9:30,12.05
,3/1/2004 10:00,12.35
,3/1/2004 10:30,12.55
,3/1/2004 11:00,12.75
,3/1/2004 11:30,13.05
,3/1/2004 12:00,13.2
,3/1/2004 12:30,13.35
,3/1/2004 13:00,13.55
,3/1/2004 13:30,13.65
,3/1/2004 14:00,13.8
,3/1/2004 14:30,13.9
,3/1/2004 15:00,14
,3/1/2004 15:30,14.1
,3/1/2004 16:00,14.2
,3/1/2004 16:30,14.3
,3/1/2004 17:00,14.35
,3/1/2004 17:30,14.4
,3/1/2004 18:00,12.7
,3/1/2004 18:30,11.1
,3/1/2004 19:00,11.25
,3/1/2004 19:30,11.45
,3/1/2004 20:00,11.65
,3/1/2004 20:30,9.4
,3/1/2004 21:00,9.65
,3/1/2004 21:30,9.85
,3/1/2004 22:00,10.1
,3/1/2004 22:30,10.35
,3/1/2004 23:00,10.65
,3/1/2004 23:30,10.85
,3/2/2004 0:00,11.15
,3/2/2004 0:30,11.35
,3/2/2004 1:00,11.55
,3/2/2004 1:30,11.75
,3/2/2004 2:00,11.95
,3/2/2004 2:30,12.15
,3/2/2004 3:00,12.35
,3/2/2004 3:30,12.55
,3/2/2004 4:00,12.65
,3/2/2004 4:30,12.85
,3/2/2004 5:00,12.95
,3/2/2004 5:30,13.15
,3/2/2004 6:00,11.95
,3/2/2004 6:30,10.65
,3/2/2004 7:00,10.4
,3/2/2004 7:30,10.15
,3/2/2004 8:00,10.4
,3/2/2004 8:30,10.65
,3/2/2004 9:00,10.85
,3/2/2004 9:30,11.05
,3/2/2004 10:00,11.25
,3/2/2004 10:30,11.45
,3/2/2004 11:00,11.65
,3/2/2004 11:30,10.05
,3/2/2004 12:00,10.25
,3/2/2004 12:30,10.45
,3/2/2004 13:00,10.7
,3/2/2004 13:30,10.95
,3/2/2004 14:00,11.15
,3/2/2004 14:30,11.35
,3/2/2004 15:00,11.55
,3/2/2004 15:30,11.85
,3/2/2004 16:00,12.05
,3/2/2004 16:30,12.25
,3/2/2004 17:00,12.45
,3/2/2004 17:30,12.65
,3/2/2004 18:00,12.85
,3/2/2004 18:30,12.95
,3/2/2004 19:00,13.15
,3/2/2004 19:30,13.25
,3/2/2004 20:00,13.45
,3/2/2004 20:30,13.55
,3/2/2004 21:00,13.65
,3/2/2004 21:30,13.8
,3/2/2004 22:00,9.95
,3/2/2004 22:30,10.2
,3/2/2004 23:00,9.45
,3/2/2004 23:30,8.85
,3/3/2004 0:00,9.15
,3/3/2004 0:30,9.4
,3/3/2004 1:00,9.7
,3/3/2004 1:30,9.95
,3/3/2004 2:00,10.25
,3/3/2004 2:30,10.55
,3/3/2004 3:00,10.85
,3/3/2004 3:30,11.15
,3/3/2004 4:00,11.4
,3/3/2004 4:30,11.65
,3/3/2004 5:00,11.85
,3/3/2004 5:30,12.05
,3/3/2004 6:00,12.25
,3/3/2004 6:30,12.45
,3/3/2004 7:00,12.55
,3/3/2004 7:30,12.75
,3/3/2004 8:00,9.55
,3/3/2004 8:30,9.35
,3/3/2004 9:00,9.15
,3/3/2004 9:30,9.35
,3/3/2004 10:00,9.35
,3/3/2004 10:30,9.25
,3/3/2004 11:00,9.45
,3/3/2004 11:30,9.75
,3/3/2004 12:00,9.95
,3/3/2004 12:30,10.2
,3/3/2004 13:00,10.45
,3/3/2004 13:30,10.7
,3/3/2004 14:00,10.95
,3/3/2004 14:30,11.15
,3/3/2004 15:00,11.35
,3/3/2004 15:30,11.55
,3/3/2004 16:00,11.75
,3/3/2004 16:30,11.9
,3/3/2004 17:00,12.05
,3/3/2004 17:30,12.25
,3/3/2004 18:00,12.35
,3/3/2004 18:30,9.05
,3/3/2004 19:00,9.25
,3/3/2004 19:30,9.45
,3/3/2004 20:00,9.65
,3/3/2004 20:30,9.35
,3/3/2004 21:00,9.1
,3/3/2004 21:30,8.85
,3/3/2004 22:00,8.65
,3/3/2004 22:30,8.65
,3/3/2004 23:00,8.9
,3/3/2004 23:30,9.15
,3/4/2004 0:00,9.45
,3/4/2004 0:30,9.65
,3/4/2004 1:00,9.95
,3/4/2004 1:30,10.25
,3/4/2004 2:00,10.55
,3/4/2004 2:30,10.8
,3/4/2004 3:00,11.05
,3/4/2004 3:30,11.35
,3/4/2004 4:00,11.55
,3/4/2004 4:30,11.75
,3/4/2004 5:00,11.95
,3/4/2004 5:30,12.15
,3/4/2004 6:00,12.35
,3/4/2004 6:30,10.25
,3/4/2004 7:00,10.15
,3/4/2004 7:30,9.65
,3/4/2004 8:00,9.4
,3/4/2004 8:30,9.65
,3/4/2004 9:00,9.85
,3/4/2004 9:30,10.15
,3/4/2004 10:00,10.4
,3/4/2004 10:30,10.65
,3/4/2004 11:00,10.9
,3/4/2004 11:30,11.15
,3/4/2004 12:00,11.35
,3/4/2004 12:30,11.65
,3/4/2004 13:00,11.85
,3/4/2004 13:30,12
,3/4/2004 14:00,12.15
,3/4/2004 14:30,12.35
,3/4/2004 15:00,12.55
,3/4/2004 15:30,12.7
,3/4/2004 16:00,12.85
,3/4/2004 16:30,13
,3/4/2004 17:00,13.15
,3/4/2004 17:30,13.25
,3/4/2004 18:00,11.7
,3/4/2004 18:30,10.15
,3/4/2004 19:00,10.35
,3/4/2004 19:30,10.55
,3/4/2004 20:00,9.95
,3/4/2004 20:30,9.1
,3/4/2004 21:00,9.15
,3/4/2004 21:30,9.35
,3/4/2004 22:00,9.65
,3/4/2004 22:30,9.85
,3/4/2004 23:00,10.15
,3/4/2004 23:30,10.45
,3/5/2004 0:00,10.75
,3/5/2004 0:30,11
,3/5/2004 1:00,11.25
,3/5/2004 1:30,11.55
,3/5/2004 2:00,11.75
,3/5/2004 2:30,12
,3/5/2004 3:00,12.25
,3/5/2004 3:30,12.45
,3/5/2004 4:00,12.6
,3/5/2004 4:30,12.75
,3/5/2004 5:00,12.95
,3/5/2004 5:30,13.05
,3/5/2004 6:00,13.2
,3/5/2004 6:30,10.3
,3/5/2004 7:00,9.65
,3/5/2004 7:30,9.45
,3/5/2004 8:00,9.35
,3/5/2004 8:30,9.55
,3/5/2004 9:00,9.75
,3/5/2004 9:30,9.95
,3/5/2004 10:00,10.2
,3/5/2004 10:30,10.45
,3/5/2004 11:00,10.65
,3/5/2004 11:30,10.9
,3/5/2004 12:00,11.15
,3/5/2004 12:30,11.35
,3/5/2004 13:00,11.55
,3/5/2004 13:30,11.65
,3/5/2004 14:00,11.85
,3/5/2004 14:30,12.05
,3/5/2004 15:00,12.15
,3/5/2004 15:30,12.35
,3/5/2004 16:00,12.45
,3/5/2004 16:30,12.6
,3/5/2004 17:00,12.75
,3/5/2004 17:30,12.85
,3/5/2004 18:00,11.55
,3/5/2004 18:30,9.25
,3/5/2004 19:00,9.45
,3/5/2004 19:30,9.65
,3/5/2004 20:00,9.85
,3/5/2004 20:30,10.15
,3/5/2004 21:00,10.4
,3/5/2004 21:30,9.15
,3/5/2004 22:00,9.4
,3/5/2004 22:30,9.65
,3/5/2004 23:00,9.85
,3/5/2004 23:30,10.15
,3/6/2004 0:00,10.45
,3/6/2004 0:30,10.7
,3/6/2004 1:00,11.3
,3/6/2004 1:30,11.75
,3/6/2004 2:00,11.95
,3/6/2004 2:30,12.15
,3/6/2004 3:00,12.35
,3/6/2004 3:30,12.55
,3/6/2004 4:00,12.75
,3/6/2004 4:30,12.85
,3/6/2004 5:00,13.05
,3/6/2004 5:30,13.15
,3/6/2004 6:00,13.35
,3/6/2004 6:30,12.1
,3/6/2004 7:00,10.45
,3/6/2004 7:30,10.65
,3/6/2004 8:00,10.9
,3/6/2004 8:30,11.15
,3/6/2004 9:00,10.55
,3/6/2004 9:30,10
,3/6/2004 10:00,10.25
,3/6/2004 10:30,10.5
,3/6/2004 11:00,10.75
,3/6/2004 11:30,11
,3/6/2004 12:00,11.25
,3/6/2004 12:30,11.45
,3/6/2004 13:00,11.65
,3/6/2004 13:30,11.85
,3/6/2004 14:00,12.05
,3/6/2004 14:30,12.25
,3/6/2004 15:00,12.45
,3/6/2004 15:30,12.55
,3/6/2004 16:00,12.75
,3/6/2004 16:30,12.85
,3/6/2004 17:00,13
,3/6/2004 17:30,13.1
,3/6/2004 18:00,11.55
,3/6/2004 18:30,10.05
,3/6/2004 19:00,10.3
,3/6/2004 19:30,10
,3/6/2004 20:00,8.95
,3/6/2004 20:30,9.05
,3/6/2004 21:00,9.15
,3/6/2004 21:30,9.45
,3/6/2004 22:00,9.65
,3/6/2004 22:30,9.95
,3/6/2004 23:00,10.25
,3/6/2004 23:30,10.55
,3/7/2004 0:00,10.8
,3/7/2004 0:30,11.05
,3/7/2004 1:00,11.35
,3/7/2004 1:30,11.55
,3/7/2004 2:00,11.75
,3/7/2004 2:30,9.6
,3/7/2004 3:00,9.75
,3/7/2004 3:30,10
,3/7/2004 4:00,10.25
,3/7/2004 4:30,10.55
,3/7/2004 5:00,10.75
,3/7/2004 5:30,10.95
,3/7/2004 6:00,11.15
,3/7/2004 6:30,11.35
,3/7/2004 7:00,11.55
,3/7/2004 7:30,11.75
,3/7/2004 8:00,10.8
,3/7/2004 8:30,9.75
,3/7/2004 9:00,10
,3/7/2004 9:30,8.95
,3/7/2004 10:00,9.2
,3/7/2004 10:30,9.45
,3/7/2004 11:00,9.65
,3/7/2004 11:30,9.55
,3/7/2004 12:00,9.4
,3/7/2004 12:30,9.65
,3/7/2004 13:00,9.85
,3/7/2004 13:30,10.1
,3/7/2004 14:00,10.4
,3/7/2004 14:30,10.65
,3/7/2004 15:00,9.55
,3/7/2004 15:30,9.4
,3/7/2004 16:00,9.25
,3/7/2004 16:30,9.55
,3/7/2004 17:00,9.75
,3/7/2004 17:30,10
,3/7/2004 18:00,10.3
,3/7/2004 18:30,10.55
,3/7/2004 19:00,10.85
,3/7/2004 19:30,11.1
,3/7/2004 20:00,11.35
,3/7/2004 20:30,11.55
,3/7/2004 21:00,11.85
,3/7/2004 21:30,12.05
,3/7/2004 22:00,9.3
,3/7/2004 22:30,9.55
,3/7/2004 23:00,9.8
,3/7/2004 23:30,10.05
,3/8/2004 0:00,10.35
,3/8/2004 0:30,11.25
,3/8/2004 1:00,11.5
,3/8/2004 1:30,11.75
,3/8/2004 2:00,11.85
,3/8/2004 2:30,12.1
,3/8/2004 3:00,12.35
,3/8/2004 3:30,12.55
,3/8/2004 4:00,12.65
,3/8/2004 4:30,12.85
,3/8/2004 5:00,13.05
,3/8/2004 5:30,13.25
,3/8/2004 6:00,13.35
,3/8/2004 6:30,11.05
,3/8/2004 7:00,10.85
,3/8/2004 7:30,10.6
,3/8/2004 8:00,10.3
,3/8/2004 8:30,10.55
,3/8/2004 9:00,10.85
,3/8/2004 9:30,11.05
,3/8/2004 10:00,11.35
,3/8/2004 10:30,11.55
,3/8/2004 11:00,11.75
,3/8/2004 11:30,11.95
,3/8/2004 12:00,12.15
,3/8/2004 12:30,12.35
,3/8/2004 13:00,12.5
,3/8/2004 13:30,12.65
,3/8/2004 14:00,12.8
,3/8/2004 14:30,12.95
,3/8/2004 15:00,13.05
,3/8/2004 15:30,13.2
,3/8/2004 16:00,13.35
,3/8/2004 16:30,13.45
,3/8/2004 17:00,13.55
,3/8/2004 17:30,13.65
,3/8/2004 18:00,11.95
,3/8/2004 18:30,9.9
,3/8/2004 19:00,10.15
,3/8/2004 19:30,10.35
,3/8/2004 20:00,10.65
,3/8/2004 20:30,8.35
,3/8/2004 21:00,8.4
,3/8/2004 21:30,8.7
,3/8/2004 22:00,9
,3/8/2004 22:30,9.25
,3/8/2004 23:00,9.55
,3/8/2004 23:30,9.75
,3/9/2004 0:00,10
,3/9/2004 0:30,10.3
,3/9/2004 1:00,10.55
,3/9/2004 1:30,10.85
,3/9/2004 2:00,11.05
,3/9/2004 2:30,11.3
,3/9/2004 3:00,11.55
,3/9/2004 3:30,11.75
,3/9/2004 4:00,11.25
,3/9/2004 4:30,10.75
,3/9/2004 5:00,10.95
,3/9/2004 5:30,11.25
,3/9/2004 6:00,11.45
,3/9/2004 6:30,10.9
,3/9/2004 7:00,10.45
,3/9/2004 7:30,10.65
,3/9/2004 8:00,10.9
,3/9/2004 8:30,11.15
,3/9/2004 9:00,11.35
,3/9/2004 9:30,9.35
,3/9/2004 10:00,9.5
,3/9/2004 10:30,9.85
,3/9/2004 11:00,10.15
,3/9/2004 11:30,10.45
,3/9/2004 12:00,10.75
,3/9/2004 12:30,11.05
,3/9/2004 13:00,11.35
,3/9/2004 13:30,11.6
,3/9/2004 14:00,11.85
,3/9/2004 14:30,12.05
,3/9/2004 15:00,12.3
,3/9/2004 15:30,12.55
,3/9/2004 16:00,12.75
,3/9/2004 16:30,12.95
,3/9/2004 17:00,13.15
,3/9/2004 17:30,13.25
,3/9/2004 18:00,11.7
,3/9/2004 18:30,10.15
,3/9/2004 19:00,10.45
,3/9/2004 19:30,10.7
,3/9/2004 20:00,10.15
,3/9/2004 20:30,9.55
,3/9/2004 21:00,9.85
,3/9/2004 21:30,10.15
,3/9/2004 22:00,9.15
,3/9/2004 22:30,9.4
,3/9/2004 23:00,9.7
,3/9/2004 23:30,10
,3/10/2004 0:00,10.4
,3/10/2004 0:30,10.7
,3/10/2004 1:00,11.05
,3/10/2004 1:30,11.35
,3/10/2004 2:00,11.65
,3/10/2004 2:30,11.85
,3/10/2004 3:00,12.15
,3/10/2004 3:30,12.35
,3/10/2004 4:00,12.55
,3/10/2004 4:30,12.75
,3/10/2004 5:00,12.95
,3/10/2004 5:30,13.15
,3/10/2004 6:00,13.25
,3/10/2004 6:30,13.4
,3/10/2004 7:00,13.55
,3/10/2004 7:30,10.65
,3/10/2004 8:00,9.95
,3/10/2004 8:30,9.65
,3/10/2004 9:00,9.85
,3/10/2004 9:30,10.2
,3/10/2004 10:00,10.05
,3/10/2004 10:30,9.15
,3/10/2004 11:00,9.35
,3/10/2004 11:30,9.65
,3/10/2004 12:00,9.9
,3/10/2004 12:30,10
,3/10/2004 13:00,10.1
,3/10/2004 13:30,10.4
,3/10/2004 14:00,10.7
,3/10/2004 14:30,11
,3/10/2004 15:00,11.3
,3/10/2004 15:30,11.6
,3/10/2004 16:00,11.85
,3/10/2004 16:30,12.15
,3/10/2004 17:00,11.35
,3/10/2004 17:30,10.55
,3/10/2004 18:00,10.85
,3/10/2004 18:30,11.2
,3/10/2004 19:00,11.5
,3/10/2004 19:30,11.8
,3/10/2004 20:00,12.1
,3/10/2004 20:30,12.4
,3/10/2004 21:00,11.35
,3/10/2004 21:30,9.35
,3/10/2004 22:00,9.7
,3/10/2004 22:30,10.1
,3/10/2004 23:00,10.5
,3/10/2004 23:30,10.9
,3/11/2004 0:00,11.3
,3/11/2004 0:30,11.6
,3/11/2004 1:00,12
,3/11/2004 1:30,12.3
,3/11/2004 2:00,12.6
,3/11/2004 2:30,12.9
,3/11/2004 3:00,13.2
,3/11/2004 3:30,13.45
,3/11/2004 4:00,13.75
,3/11/2004 4:30,13.95
,3/11/2004 5:00,14.15
,3/11/2004 5:30,14.35
,3/11/2004 6:00,14.55
,3/11/2004 6:30,13.5
,3/11/2004 7:00,12.45
,3/11/2004 7:30,11
,3/11/2004 8:00,11.3
,3/11/2004 8:30,11.65
,3/11/2004 9:00,11.95
,3/11/2004 9:30,12.25
,3/11/2004 10:00,12.55
,3/11/2004 10:30,12.85
,3/11/2004 11:00,13.1
,3/11/2004 11:30,13.35
,3/11/2004 12:00,13.65
,3/11/2004 12:30,13.85
,3/11/2004 13:00,14.1
,3/11/2004 13:30,14.35
,3/11/2004 14:00,14.55
,3/11/2004 14:30,14.75
,3/11/2004 15:00,14.95
,3/11/2004 15:30,15.25
,3/11/2004 16:00,15.45
,3/11/2004 16:30,15.65
,3/11/2004 17:00,15.9
,3/11/2004 17:30,16.15
,3/11/2004 18:00,16.35
,3/11/2004 18:30,16.55
,3/11/2004 19:00,16.75
,3/11/2004 19:30,16.9
,3/11/2004 20:00,11.75
,3/11/2004 20:30,11.2
,3/11/2004 21:00,11.6
,3/11/2004 21:30,11.9
,3/11/2004 22:00,12.3
,3/11/2004 22:30,12.65
,3/11/2004 23:00,12.95
,3/11/2004 23:30,13.25
,3/12/2004 0:00,13.55
,3/12/2004 0:30,13.85
,3/12/2004 1:00,14.1
,3/12/2004 1:30,14.35
,3/12/2004 2:00,14.6
,3/12/2004 2:30,14.85
,3/12/2004 3:00,15.05
,3/12/2004 3:30,14.15
,3/12/2004 4:00,13.25
,3/12/2004 4:30,13.45
,3/12/2004 5:00,13.75
,3/12/2004 5:30,13.95
,3/12/2004 6:00,14.15
,3/12/2004 6:30,12.65
,3/12/2004 7:00,11.95
,3/12/2004 7:30,11.8
,3/12/2004 8:00,12.1
,3/12/2004 8:30,12.4
,3/12/2004 9:00,12.7
,3/12/2004 9:30,12.95
,3/12/2004 10:00,13.25
,3/12/2004 10:30,13.45
,3/12/2004 11:00,13.75
,3/12/2004 11:30,13.95
,3/12/2004 12:00,14.15
,3/12/2004 12:30,14.35
,3/12/2004 13:00,14.5
,3/12/2004 13:30,14.65
,3/12/2004 14:00,14.85
,3/12/2004 14:30,15
,3/12/2004 15:00,15.15
,3/12/2004 15:30,15.35
,3/12/2004 16:00,15.5
,3/12/2004 16:30,15.65
,3/12/2004 17:00,15.75
,3/12/2004 17:30,15.9
,3/12/2004 18:00,16
,3/12/2004 18:30,16.1
,3/12/2004 19:00,16.2
,3/12/2004 19:30,12.5
,3/12/2004 20:00,12.7
,3/12/2004 20:30,12.95
,3/12/2004 21:00,13.15
,3/12/2004 21:30,11.85
,3/12/2004 22:00,12.1
,3/12/2004 22:30,12.35
,3/12/2004 23:00,12.65
,3/12/2004 23:30,12.85
,3/13/2004 0:00,13.05
,3/13/2004 0:30,13.3
,3/13/2004 1:00,13.55
,3/13/2004 1:30,12.55
,3/13/2004 2:00,12.75
,3/13/2004 2:30,13
,3/13/2004 3:00,13.2
,3/13/2004 3:30,13.35
,3/13/2004 4:00,13.55
,3/13/2004 4:30,13.75
,3/13/2004 5:00,13.9
,3/13/2004 5:30,14.05
,3/13/2004 6:00,14.15
,3/13/2004 6:30,12.35
,3/13/2004 7:00,12.2
,3/13/2004 7:30,11.7
,3/13/2004 8:00,11.65
,3/13/2004 8:30,11.85
,3/13/2004 9:00,12.05
,3/13/2004 9:30,11.75
,3/13/2004 10:00,11.45
,3/13/2004 10:30,11.65
,3/13/2004 11:00,11.9
,3/13/2004 11:30,12.15
,3/13/2004 12:00,12.35
,3/13/2004 12:30,12.55
,3/13/2004 13:00,12.75
,3/13/2004 13:30,12.95
,3/13/2004 14:00,13.15
,3/13/2004 14:30,13.25
,3/13/2004 15:00,13.45
,3/13/2004 15:30,13.65
,3/13/2004 16:00,13.8
,3/13/2004 16:30,13.95
,3/13/2004 17:00,14.1
,3/13/2004 17:30,14.25
,3/13/2004 18:00,14.35
,3/13/2004 18:30,12
,3/13/2004 19:00,12.15
,3/13/2004 19:30,11.45
,3/13/2004 20:00,11.65
,3/13/2004 20:30,11.85
,3/13/2004 21:00,12.1
,3/13/2004 21:30,12.35
,3/13/2004 22:00,12.55
,3/13/2004 22:30,12.75
,3/13/2004 23:00,12.95
,3/13/2004 23:30,13.15
,3/14/2004 0:00,13.3
,3/14/2004 0:30,13.45
,3/14/2004 1:00,13.6
,3/14/2004 1:30,13.75
,3/14/2004 2:00,13.85
,3/14/2004 2:30,13.95
,3/14/2004 3:00,14.1
,3/14/2004 3:30,14.2
,3/14/2004 4:00,13.35
,3/14/2004 4:30,12.45
,3/14/2004 5:00,12.65
,3/14/2004 5:30,12.8
,3/14/2004 6:00,12.95
,3/14/2004 6:30,13.05
,3/14/2004 7:00,13.2
,3/14/2004 7:30,13.35
,3/14/2004 8:00,11.45
,3/14/2004 8:30,11.35
,3/14/2004 9:00,11.25
,3/14/2004 9:30,11.05
,3/14/2004 10:00,11.15
,3/14/2004 10:30,11.35
,3/14/2004 11:00,11.55
,3/14/2004 11:30,11.8
,3/14/2004 12:00,12.05
,3/14/2004 12:30,11.9
,3/14/2004 13:00,11.75
,3/14/2004 13:30,11.95
,3/14/2004 14:00,12.2
,3/14/2004 14:30,12.45
,3/14/2004 15:00,12.65
,3/14/2004 15:30,12.25
,3/14/2004 16:00,11.85
,3/14/2004 16:30,12.05
,3/14/2004 17:00,12.35
,3/14/2004 17:30,12.55
,3/14/2004 18:00,12.75
,3/14/2004 18:30,12.95
,3/14/2004 19:00,13.25
,3/14/2004 19:30,13.45
,3/14/2004 20:00,13.65
,3/14/2004 20:30,13.85
,3/14/2004 21:00,12.8
,3/14/2004 21:30,11.85
,3/14/2004 22:00,12.1
,3/14/2004 22:30,12.35
,3/14/2004 23:00,12.65
,3/14/2004 23:30,12.85
,3/15/2004 0:00,13.15
,3/15/2004 0:30,13.35
,3/15/2004 1:00,13.6
,3/15/2004 1:30,13.85
,3/15/2004 2:00,14.05
,3/15/2004 2:30,14.25
,3/15/2004 3:00,14.45
,3/15/2004 3:30,14
,3/15/2004 4:00,13.75
,3/15/2004 4:30,13.95
,3/15/2004 5:00,14.15
,3/15/2004 5:30,14.25
,3/15/2004 6:00,14.45
,3/15/2004 6:30,13.05
,3/15/2004 7:00,12.95
,3/15/2004 7:30,12.35
,3/15/2004 8:00,12.05
,3/15/2004 8:30,12.3
,3/15/2004 9:00,12.55
,3/15/2004 9:30,12.75
,3/15/2004 10:00,13
,3/15/2004 10:30,13.25
,3/15/2004 11:00,13.45
,3/15/2004 11:30,13.65
,3/15/2004 12:00,13.85
,3/15/2004 12:30,14.05
,3/15/2004 13:00,14.15
,3/15/2004 13:30,14.35
,3/15/2004 14:00,14.55
,3/15/2004 14:30,14.65
,3/15/2004 15:00,14.85
,3/15/2004 15:30,14.95
,3/15/2004 16:00,15.15
,3/15/2004 16:30,15.35
,3/15/2004 17:00,15.45
,3/15/2004 17:30,15.65
,3/15/2004 18:00,14.15
,3/15/2004 18:30,12.55
,3/15/2004 19:00,12.8
,3/15/2004 19:30,13.05
,3/15/2004 20:00,13.25
,3/15/2004 20:30,11.95
,3/15/2004 21:00,12.15
,3/15/2004 21:30,12.4
,3/15/2004 22:00,12.65
,3/15/2004 22:30,12.95
,3/15/2004 23:00,13.15
,3/15/2004 23:30,13.35
,3/16/2004 0:00,13.65
,3/16/2004 0:30,13.85
,3/16/2004 1:00,14.05
,3/16/2004 1:30,14.25
,3/16/2004 2:00,14.45
,3/16/2004 2:30,14.55
,3/16/2004 3:00,14.75
,3/16/2004 3:30,14.95
,3/16/2004 4:00,15.1
,3/16/2004 4:30,15.25
,3/16/2004 5:00,15.45
,3/16/2004 5:30,15.65
,3/16/2004 6:00,14.25
,3/16/2004 6:30,12.95
,3/16/2004 7:00,13.15
,3/16/2004 7:30,13.4
,3/16/2004 8:00,11.65
,3/16/2004 8:30,11.6
,3/16/2004 9:00,11.9
,3/16/2004 9:30,12.15
,3/16/2004 10:00,12.45
,3/16/2004 10:30,12.65
,3/16/2004 11:00,12.95
,3/16/2004 11:30,13.15
,3/16/2004 12:00,13.4
,3/16/2004 12:30,13.65
,3/16/2004 13:00,13.85
,3/16/2004 13:30,14.05
,3/16/2004 14:00,14.25
,3/16/2004 14:30,12.75
,3/16/2004 15:00,12.95
,3/16/2004 15:30,13.15
,3/16/2004 16:00,13.45
,3/16/2004 16:30,13.65
,3/16/2004 17:00,13.85
,3/16/2004 17:30,14.05
,3/16/2004 18:00,14.25
,3/16/2004 18:30,14.45
,3/16/2004 19:00,14.65
,3/16/2004 19:30,12.55
,3/16/2004 20:00,11.95
,3/16/2004 20:30,12.25
,3/16/2004 21:00,12.55
,3/16/2004 21:30,11.9
,3/16/2004 22:00,12
,3/16/2004 22:30,12.3
,3/16/2004 23:00,12.55
,3/16/2004 23:30,12.85
,3/17/2004 0:00,13.15
,3/17/2004 0:30,13.35
,3/17/2004 1:00,13.65
,3/17/2004 1:30,13.85
,3/17/2004 2:00,14.05
,3/17/2004 2:30,14.35
,3/17/2004 3:00,14.5
,3/17/2004 3:30,14.65
,3/17/2004 4:00,14.85
,3/17/2004 4:30,15.05
,3/17/2004 5:00,15.25
,3/17/2004 5:30,15.45
,3/17/2004 6:00,15.55
,3/17/2004 6:30,14.5
,3/17/2004 7:00,13.1
,3/17/2004 7:30,12.95
,3/17/2004 8:00,12.75
,3/17/2004 8:30,12.6
,3/17/2004 9:00,12.85
,3/17/2004 9:30,12.45
,3/17/2004 10:00,12.7
,3/17/2004 10:30,12.65
,3/17/2004 11:00,12.95
,3/17/2004 11:30,13.15
,3/17/2004 12:00,13.45
,3/17/2004 12:30,13.65
,3/17/2004 13:00,13.95
,3/17/2004 13:30,14.15
,3/17/2004 14:00,14.35
,3/17/2004 14:30,14.6
,3/17/2004 15:00,14.85
,3/17/2004 15:30,15.05
,3/17/2004 16:00,14.25
,3/17/2004 16:30,13.45
,3/17/2004 17:00,13.65
,3/17/2004 17:30,13.95
,3/17/2004 18:00,14.15
,3/17/2004 18:30,14.45
,3/17/2004 19:00,13.55
,3/17/2004 19:30,13.8
,3/17/2004 20:00,14.05
,3/17/2004 20:30,14.25
,3/17/2004 21:00,14.55
,3/17/2004 21:30,14.75
,3/17/2004 22:00,12.75
,3/17/2004 22:30,13.05
,3/17/2004 23:00,13.35
,3/17/2004 23:30,13.7
,3/18/2004 0:00,13.95
,3/18/2004 0:30,14.25
,3/18/2004 1:00,14.55
,3/18/2004 1:30,14.75
,3/18/2004 2:00,15.05
,3/18/2004 2:30,14.75
,3/18/2004 3:00,15.05
,3/18/2004 3:30,15.3
,3/18/2004 4:00,15.55
,3/18/2004 4:30,15.8
,3/18/2004 5:00,16.05
,3/18/2004 5:30,16.3
,3/18/2004 6:00,16.55
,3/18/2004 6:30,14.75
,3/18/2004 7:00,14.95
,3/18/2004 7:30,14.4
,3/18/2004 8:00,13.8
,3/18/2004 8:30,14.1
,3/18/2004 9:00,14.35
,3/18/2004 9:30,14.6
,3/18/2004 10:00,14.85
,3/18/2004 10:30,15.15
,3/18/2004 11:00,15.45
,3/18/2004 11:30,15.7
,3/18/2004 12:00,15.95
,3/18/2004 12:30,16.25
,3/18/2004 13:00,16.45
,3/18/2004 13:30,16.65
,3/18/2004 14:00,16.85
,3/18/2004 14:30,17.05
,3/18/2004 15:00,17.15
,3/18/2004 15:30,17.3
,3/18/2004 16:00,17.45
,3/18/2004 16:30,17.55
,3/18/2004 17:00,17.7
,3/18/2004 17:30,17.8
,3/18/2004 18:00,17.85
,3/18/2004 18:30,17.95
,3/18/2004 19:00,18
,3/18/2004 19:30,18.1
,3/18/2004 20:00,18.15
,3/18/2004 20:30,14.2
,3/18/2004 21:00,14.35
,3/18/2004 21:30,14.5
,3/18/2004 22:00,14.65
,3/18/2004 22:30,14.85
,3/18/2004 23:00,15.05
,3/18/2004 23:30,15.25
,3/19/2004 0:00,15.45
,3/19/2004 0:30,15.6
,3/19/2004 1:00,15.75
,3/19/2004 1:30,15.95
,3/19/2004 2:00,16.15
,3/19/2004 2:30,16.25
,3/19/2004 3:00,16.4
,3/19/2004 3:30,16.55
,3/19/2004 4:00,16.65
,3/19/2004 4:30,13.75
,3/19/2004 5:00,13.95
,3/19/2004 5:30,14.1
,3/19/2004 6:00,14.25
,3/19/2004 6:30,14.4
,3/19/2004 7:00,13.05
,3/19/2004 7:30,13
,3/19/2004 8:00,12.95
,3/19/2004 8:30,13.15
,3/19/2004 9:00,13.35
,3/19/2004 9:30,13.55
,3/19/2004 10:00,13.65
,3/19/2004 10:30,13.85
,3/19/2004 11:00,14.05
,3/19/2004 11:30,14.15
,3/19/2004 12:00,14.35
,3/19/2004 12:30,14.45
,3/19/2004 13:00,14.55
,3/19/2004 13:30,14.7
,3/19/2004 14:00,14.8
,3/19/2004 14:30,14.9
,3/19/2004 15:00,15
,3/19/2004 15:30,15.1
,3/19/2004 16:00,15.2
,3/19/2004 16:30,15.35
,3/19/2004 17:00,15.4
,3/19/2004 17:30,15.5
,3/19/2004 18:00,15.6
,3/19/2004 18:30,14.3
,3/19/2004 19:00,13.05
,3/19/2004 19:30,12.9
,3/19/2004 20:00,12.45
,3/19/2004 20:30,12.65
,3/19/2004 21:00,12.85
,3/19/2004 21:30,13.05
,3/19/2004 22:00,13.2
,3/19/2004 22:30,13.35
,3/19/2004 23:00,13.55
,3/19/2004 23:30,13.75
,3/20/2004 0:00,13.9
,3/20/2004 0:30,14.05
,3/20/2004 1:00,14.15
,3/20/2004 1:30,14.35
,3/20/2004 2:00,14.45
,3/20/2004 2:30,13.75
,3/20/2004 3:00,13.95
,3/20/2004 3:30,14.05
,3/20/2004 4:00,14.2
,3/20/2004 4:30,14.35
,3/20/2004 5:00,14.45
,3/20/2004 5:30,13.85
,3/20/2004 6:00,13.25
,3/20/2004 6:30,13.25
,3/20/2004 7:00,13.25
,3/20/2004 7:30,12.95
,3/20/2004 8:00,12.75
,3/20/2004 8:30,12.95
,3/20/2004 9:00,12.4
,3/20/2004 9:30,12.55
,3/20/2004 10:00,12.85
,3/20/2004 10:30,13.05
,3/20/2004 11:00,13.25
,3/20/2004 11:30,13.45
,3/20/2004 12:00,12.95
,3/20/2004 12:30,12.45
,3/20/2004 13:00,12.65
,3/20/2004 13:30,12.45
,3/20/2004 14:00,12
,3/20/2004 14:30,11.95
,3/20/2004 15:00,12.15
,3/20/2004 15:30,12.4
,3/20/2004 16:00,12.6
,3/20/2004 16:30,12.85
,3/20/2004 17:00,13.05
,3/20/2004 17:30,12.1
,3/20/2004 18:00,12.25
,3/20/2004 18:30,12.05
,3/20/2004 19:00,11.75
,3/20/2004 19:30,11.95
,3/20/2004 20:00,12.25
,3/20/2004 20:30,12.45
,3/20/2004 21:00,12.65
,3/20/2004 21:30,12.3
,3/20/2004 22:00,11.75
,3/20/2004 22:30,11.95
,3/20/2004 23:00,12.15
,3/20/2004 23:30,12.35
,3/21/2004 0:00,12.55
,3/21/2004 0:30,12.75
,3/21/2004 1:00,12.95
,3/21/2004 1:30,12.4
,3/21/2004 2:00,11.85
,3/21/2004 2:30,12.05
,3/21/2004 3:00,12.25
,3/21/2004 3:30,12.45
,3/21/2004 4:00,12.65
,3/21/2004 4:30,12.85
,3/21/2004 5:00,12.95
,3/21/2004 5:30,13.15
,3/21/2004 6:00,13.25
,3/21/2004 6:30,13.35
,3/21/2004 7:00,13.45
,3/21/2004 7:30,13.55
,3/21/2004 8:00,13.7
,3/21/2004 8:30,12.55
,3/21/2004 9:00,11.4
,3/21/2004 9:30,11.1
,3/21/2004 10:00,10.85
,3/21/2004 10:30,11.15
,3/21/2004 11:00,11.35
,3/21/2004 11:30,11.55
,3/21/2004 12:00,11.75
,3/21/2004 12:30,11.95
,3/21/2004 13:00,11.55
,3/21/2004 13:30,11.15
,3/21/2004 14:00,11.35
,3/21/2004 14:30,11.55
,3/21/2004 15:00,11.75
,3/21/2004 15:30,11.95
,3/21/2004 16:00,11.55
,3/21/2004 16:30,11.15
,3/21/2004 17:00,11.35
,3/21/2004 17:30,11.6
,3/21/2004 18:00,11.85
,3/21/2004 18:30,12.05
,3/21/2004 19:00,10.35
,3/21/2004 19:30,10.65
,3/21/2004 20:00,10.85
,3/21/2004 20:30,11.15
,3/21/2004 21:00,11.35
,3/21/2004 21:30,11.65
,3/21/2004 22:00,11.85
,3/21/2004 22:30,12.1
,3/21/2004 23:00,12.35
,3/21/2004 23:30,12.55
,3/22/2004 0:00,12.75
,3/22/2004 0:30,12.95
,3/22/2004 1:00,13.15
,3/22/2004 1:30,13.35
,3/22/2004 2:00,13.55
,3/22/2004 2:30,13.7
,3/22/2004 3:00,13.85
,3/22/2004 3:30,14
,3/22/2004 4:00,14.15
,3/22/2004 4:30,14.25
,3/22/2004 5:00,14.4
,3/22/2004 5:30,14.5
,3/22/2004 6:00,14.55
,3/22/2004 6:30,14.7
,3/22/2004 7:00,12.1
,3/22/2004 7:30,11.75
,3/22/2004 8:00,11.55
,3/22/2004 8:30,11.75
,3/22/2004 9:00,11.95
,3/22/2004 9:30,12.15
,3/22/2004 10:00,12.35
,3/22/2004 10:30,12.55
,3/22/2004 11:00,12.75
,3/22/2004 11:30,12.95
,3/22/2004 12:00,13.05
,3/22/2004 12:30,13.25
,3/22/2004 13:00,13.35
,3/22/2004 13:30,13.5
,3/22/2004 14:00,13.6
,3/22/2004 14:30,13.7
,3/22/2004 15:00,13.8
,3/22/2004 15:30,13.9
,3/22/2004 16:00,13.95
,3/22/2004 16:30,14
,3/22/2004 17:00,14.1
,3/22/2004 17:30,14.1
,3/22/2004 18:00,14.2
,3/22/2004 18:30,12.65
,3/22/2004 19:00,11.25
,3/22/2004 19:30,11.45
,3/22/2004 20:00,10.55
,3/22/2004 20:30,10.3
,3/22/2004 21:00,10.45
,3/22/2004 21:30,10.75
,3/22/2004 22:00,10.95
,3/22/2004 22:30,11.15
,3/22/2004 23:00,11.35
,3/22/2004 23:30,11.55
,3/23/2004 0:00,11.75
,3/23/2004 0:30,11.85
,3/23/2004 1:00,12.05
,3/23/2004 1:30,12.15
,3/23/2004 2:00,12.3
,3/23/2004 2:30,12.4
,3/23/2004 3:00,12.5
,3/23/2004 3:30,12.6
,3/23/2004 4:00,12.7
,3/23/2004 4:30,12.75
,3/23/2004 5:00,12.8
,3/23/2004 5:30,12.9
,3/23/2004 6:00,12.9
,3/23/2004 6:30,11.05
,3/23/2004 7:00,10.95
,3/23/2004 7:30,10.95
,3/23/2004 8:00,11.15
,3/23/2004 8:30,11.3
,3/23/2004 9:00,11.45
,3/23/2004 9:30,11.65
,3/23/2004 10:00,11.75
,3/23/2004 10:30,10.35
,3/23/2004 11:00,10.55
,3/23/2004 11:30,10.75
,3/23/2004 12:00,10.95
,3/23/2004 12:30,11.15
,3/23/2004 13:00,11.4
,3/23/2004 13:30,11.65
,3/23/2004 14:00,11.8
,3/23/2004 14:30,12.05
,3/23/2004 15:00,12.15
,3/23/2004 15:30,12.35
,3/23/2004 16:00,10.65
,3/23/2004 16:30,10.85
,3/23/2004 17:00,11.05
,3/23/2004 17:30,11.35
,3/23/2004 18:00,11.55
,3/23/2004 18:30,10.8
,3/23/2004 19:00,10.05
,3/23/2004 19:30,10.35
,3/23/2004 20:00,10.2
,3/23/2004 20:30,10
,3/23/2004 21:00,10.25
,3/23/2004 21:30,9.85
,3/23/2004 22:00,10.15
,3/23/2004 22:30,10.45
,3/23/2004 23:00,10.75
,3/23/2004 23:30,11.05
,3/24/2004 0:00,11.3
,3/24/2004 0:30,11.6
,3/24/2004 1:00,11.85
,3/24/2004 1:30,12.15
,3/24/2004 2:00,12.35
,3/24/2004 2:30,12.6
,3/24/2004 3:00,12.85
,3/24/2004 3:30,13.05
,3/24/2004 4:00,13.25
,3/24/2004 4:30,13.45
,3/24/2004 5:00,13.65
,3/24/2004 5:30,13.8
,3/24/2004 6:00,13.95
,3/24/2004 6:30,14.1
,3/24/2004 7:00,14.2
,3/24/2004 7:30,14.35
,3/24/2004 8:00,12.15
,3/24/2004 8:30,10.1
,3/24/2004 9:00,10.1
,3/24/2004 9:30,10.05
,3/24/2004 10:00,10.35
,3/24/2004 10:30,10.65
,3/24/2004 11:00,10.95
,3/24/2004 11:30,10
,3/24/2004 12:00,10.3
,3/24/2004 12:30,10.65
,3/24/2004 13:00,10.95
,3/24/2004 13:30,11.25
,3/24/2004 14:00,11.55
,3/24/2004 14:30,10.75
,3/24/2004 15:00,10
,3/24/2004 15:30,10.3
,3/24/2004 16:00,10.65
,3/24/2004 16:30,10.05
,3/24/2004 17:00,10.3
,3/24/2004 17:30,10.65
,3/24/2004 18:00,10.95
,3/24/2004 18:30,11.25
,3/24/2004 19:00,11.55
,3/24/2004 19:30,10.6
,3/24/2004 20:00,10.85
,3/24/2004 20:30,11.15
,3/24/2004 21:00,11.45
,3/24/2004 21:30,9.95
,3/24/2004 22:00,10.25
,3/24/2004 22:30,10.6
,3/24/2004 23:00,10.95
,3/24/2004 23:30,11.3
,3/25/2004 0:00,11.6
,3/25/2004 0:30,11.9
,3/25/2004 1:00,12.15
,3/25/2004 1:30,12.45
,3/25/2004 2:00,12.65
,3/25/2004 2:30,12.85
,3/25/2004 3:00,13.15
,3/25/2004 3:30,13.25
,3/25/2004 4:00,13.45
,3/25/2004 4:30,13.65
,3/25/2004 5:00,13.75
,3/25/2004 5:30,13.9
,3/25/2004 6:00,14.05
,3/25/2004 6:30,12.6
,3/25/2004 7:00,10.4
,3/25/2004 7:30,10.1
,3/25/2004 8:00,10.35
,3/25/2004 8:30,10.6
,3/25/2004 9:00,10.85
,3/25/2004 9:30,11.15
,3/25/2004 10:00,11.35
,3/25/2004 10:30,11.65
,3/25/2004 11:00,11.85
,3/25/2004 11:30,12.05
,3/25/2004 12:00,12.25
,3/25/2004 12:30,12.45
,3/25/2004 13:00,12.65
,3/25/2004 13:30,12.85
,3/25/2004 14:00,13
,3/25/2004 14:30,13.15
,3/25/2004 15:00,13.35
,3/25/2004 15:30,13.45
,3/25/2004 16:00,13.6
,3/25/2004 16:30,13.75
,3/25/2004 17:00,13.85
,3/25/2004 17:30,14
,3/25/2004 18:00,12.6
,3/25/2004 18:30,11.25
,3/25/2004 19:00,11.45
,3/25/2004 19:30,11.65
,3/25/2004 20:00,10.85
,3/25/2004 20:30,10.05
,3/25/2004 21:00,10.4
,3/25/2004 21:30,10.7
,3/25/2004 22:00,11
,3/25/2004 22:30,11.3
,3/25/2004 23:00,11.6
,3/25/2004 23:30,11.85
,3/26/2004 0:00,12.1
,3/26/2004 0:30,12.35
,3/26/2004 1:00,12.6
,3/26/2004 1:30,12.85
,3/26/2004 2:00,13.05
,3/26/2004 2:30,13.3
,3/26/2004 3:00,13.55
,3/26/2004 3:30,12.45
,3/26/2004 4:00,11.4
,3/26/2004 4:30,11.7
,3/26/2004 5:00,11.95
,3/26/2004 5:30,12.2
,3/26/2004 6:00,11.75
,3/26/2004 6:30,11.3
,3/26/2004 7:00,11.55
,3/26/2004 7:30,11.25
,3/26/2004 8:00,10.9
,3/26/2004 8:30,11.2
,3/26/2004 9:00,11.5
,3/26/2004 9:30,11.75
,3/26/2004 10:00,12.05
,3/26/2004 10:30,12.25
,3/26/2004 11:00,12.55
,3/26/2004 11:30,12.75
,3/26/2004 12:00,12.95
,3/26/2004 12:30,13.15
,3/26/2004 13:00,13.35
,3/26/2004 13:30,13.55
,3/26/2004 14:00,13.75
,3/26/2004 14:30,13.95
,3/26/2004 15:00,14.05
,3/26/2004 15:30,14.25
,3/26/2004 16:00,14.35
,3/26/2004 16:30,14.5
,3/26/2004 17:00,14.65
,3/26/2004 17:30,14.75
,3/26/2004 18:00,14.85
,3/26/2004 18:30,14.95
,3/26/2004 19:00,15.05
,3/26/2004 19:30,15.15
,3/26/2004 20:00,13.4
,3/26/2004 20:30,11.2
,3/26/2004 21:00,10.95
,3/26/2004 21:30,11.25
,3/26/2004 22:00,11.55
,3/26/2004 22:30,11.85
,3/26/2004 23:00,12.05
,3/26/2004 23:30,12.35
,3/27/2004 0:00,12.55
,3/27/2004 0:30,12.75
,3/27/2004 1:00,12.95
,3/27/2004 1:30,13.15
,3/27/2004 2:00,13.35
,3/27/2004 2:30,13.55
,3/27/2004 3:00,13.7
,3/27/2004 3:30,13.85
,3/27/2004 4:00,13.95
,3/27/2004 4:30,14.05
,3/27/2004 5:00,14.2
,3/27/2004 5:30,14.3
,3/27/2004 6:00,14.4
,3/27/2004 6:30,11.75
,3/27/2004 7:00,11.55
,3/27/2004 7:30,11.35
,3/27/2004 8:00,11.55
,3/27/2004 8:30,11.75
,3/27/2004 9:00,11.95
,3/27/2004 9:30,12.15
,3/27/2004 10:00,12.35
,3/27/2004 10:30,12.55
,3/27/2004 11:00,12.75
,3/27/2004 11:30,12.85
,3/27/2004 12:00,13.05
,3/27/2004 12:30,13.25
,3/27/2004 13:00,13.35
,3/27/2004 13:30,13.55
,3/27/2004 14:00,13.65
,3/27/2004 14:30,13.85
,3/27/2004 15:00,13.95
,3/27/2004 15:30,14.1
,3/27/2004 16:00,14.2
,3/27/2004 16:30,14.35
,3/27/2004 17:00,14.45
,3/27/2004 17:30,14.55
,3/27/2004 18:00,14.7
,3/27/2004 18:30,14.8
,3/27/2004 19:00,14.9
,3/27/2004 19:30,15
,3/27/2004 20:00,15.15
,3/27/2004 20:30,13.4
,3/27/2004 21:00,11.75
,3/27/2004 21:30,11.95
,3/27/2004 22:00,12.25
,3/27/2004 22:30,12.45
,3/27/2004 23:00,12.7
,3/27/2004 23:30,12.95
,3/28/2004 0:00,13.1
,3/28/2004 0:30,13.25
,3/28/2004 1:00,13.15
,3/28/2004 1:30,13.35
,3/28/2004 2:00,13.55
,3/28/2004 2:30,13.65
,3/28/2004 3:00,13.85
,3/28/2004 3:30,13.95
,3/28/2004 4:00,14.1
,3/28/2004 4:30,14.2
,3/28/2004 5:00,14.25
,3/28/2004 5:30,14.35
,3/28/2004 6:00,14.4
,3/28/2004 6:30,14.4
,3/28/2004 7:00,14.5
,3/28/2004 7:30,11.8
,3/28/2004 8:00,11.95
,3/28/2004 8:30,12.15
,3/28/2004 9:00,10.85
,3/28/2004 9:30,11.05
,3/28/2004 10:00,11.3
,3/28/2004 10:30,10.65
,3/28/2004 11:00,10.9
,3/28/2004 11:30,11.15
,3/28/2004 12:00,10.45
,3/28/2004 12:30,10.35
,3/28/2004 13:00,10.65
,3/28/2004 13:30,10.85
,3/28/2004 14:00,11.1
,3/28/2004 14:30,11.35
,3/28/2004 15:00,11.55
,3/28/2004 15:30,11.25
,3/28/2004 16:00,10.95
,3/28/2004 16:30,11.15
,3/28/2004 17:00,11.45
,3/28/2004 17:30,11.65
,3/28/2004 18:00,11.75
,3/28/2004 18:30,11.75
,3/28/2004 19:00,11.85
,3/28/2004 19:30,11.9
,3/28/2004 20:00,11.95
,3/28/2004 20:30,12.05
,3/28/2004 21:00,11.4
,3/28/2004 21:30,10.75
,3/28/2004 22:00,11.5
,3/28/2004 22:30,12
,3/28/2004 23:00,12.3
,3/28/2004 23:30,12.65
,3/29/2004 0:00,12.95
,3/29/2004 0:30,13.15
,3/29/2004 1:00,13.45
,3/29/2004 1:30,13.65
,3/29/2004 2:00,13.95
,3/29/2004 2:30,14.1
,3/29/2004 3:00,14.4
,3/29/2004 3:30,14.65
,3/29/2004 4:00,14.85
,3/29/2004 4:30,15.05
,3/29/2004 5:00,15.25
,3/29/2004 5:30,15.45
,3/29/2004 6:00,15.65
,3/29/2004 6:30,14.55
,3/29/2004 7:00,13.15
,3/29/2004 7:30,12.9
,3/29/2004 8:00,12.65
,3/29/2004 8:30,12.9
,3/29/2004 9:00,13.15
,3/29/2004 9:30,13.35
,3/29/2004 10:00,13.6
,3/29/2004 10:30,13.85
,3/29/2004 11:00,14.05
,3/29/2004 11:30,14.25
,3/29/2004 12:00,14.45
,3/29/2004 12:30,14.65
,3/29/2004 13:00,14.85
,3/29/2004 13:30,15.05
,3/29/2004 14:00,15.25
,3/29/2004 14:30,15.45
,3/29/2004 15:00,15.65
,3/29/2004 15:30,15.75
,3/29/2004 16:00,16.05
,3/29/2004 16:30,16.25
,3/29/2004 17:00,16.35
,3/29/2004 17:30,16.5
,3/29/2004 18:00,16.55
,3/29/2004 18:30,16.7
,3/29/2004 19:00,16.85
,3/29/2004 19:30,13.25
,3/29/2004 20:00,13.5
,3/29/2004 20:30,13.1
,3/29/2004 21:00,12.7
,3/29/2004 21:30,12.4
,3/29/2004 22:00,12.65
,3/29/2004 22:30,12.95
,3/29/2004 23:00,13.25
,3/29/2004 23:30,13.5
,3/30/2004 0:00,13.75
,3/30/2004 0:30,14
,3/30/2004 1:00,14.25
,3/30/2004 1:30,14.45
,3/30/2004 2:00,14.4
,3/30/2004 2:30,14.15
,3/30/2004 3:00,13.5
,3/30/2004 3:30,14.3
,3/30/2004 4:00,15.35
,3/30/2004 4:30,15.65
,3/30/2004 5:00,15.85
,3/30/2004 5:30,16.05
,3/30/2004 6:00,16.35
,3/30/2004 6:30,16.45
,3/30/2004 7:00,15.25
,3/30/2004 7:30,14.1
,3/30/2004 8:00,13.75
,3/30/2004 8:30,13.35
,3/30/2004 9:00,13.65
,3/30/2004 9:30,13.85
,3/30/2004 10:00,14.15
,3/30/2004 10:30,14.35
,3/30/2004 11:00,14.65
,3/30/2004 11:30,14.85
,3/30/2004 12:00,13.65
,3/30/2004 12:30,13.9
,3/30/2004 13:00,14.15
,3/30/2004 13:30,14.4
,3/30/2004 14:00,14.65
,3/30/2004 14:30,14.85
,3/30/2004 15:00,15.15
,3/30/2004 15:30,15.4
,3/30/2004 16:00,15.65
,3/30/2004 16:30,15.95
,3/30/2004 17:00,16.2
,3/30/2004 17:30,16.45
,3/30/2004 18:00,16.65
,3/30/2004 18:30,15.55
,3/30/2004 19:00,13.45
,3/30/2004 19:30,13.75
,3/30/2004 20:00,14
,3/30/2004 20:30,14.25
,3/30/2004 21:00,14.55
,3/30/2004 21:30,14.8
,3/30/2004 22:00,15.1
,3/30/2004 22:30,15.45
,3/30/2004 23:00,15.7
,3/30/2004 23:30,15.95
,3/31/2004 0:00,16.15
,3/31/2004 0:30,16.45
,3/31/2004 1:00,16.65
,3/31/2004 1:30,16.85
,3/31/2004 2:00,17.1
,3/31/2004 2:30,17.35
,3/31/2004 3:00,17.5
,3/31/2004 3:30,17.65
,3/31/2004 4:00,17.85
,3/31/2004 4:30,18
,3/31/2004 5:00,18.15
,3/31/2004 5:30,18.25
,3/31/2004 6:00,18.4
,3/31/2004 6:30,18.55
,3/31/2004 7:00,18.65
,3/31/2004 7:30,14.45
,3/31/2004 8:00,14.55
,3/31/2004 8:30,14.75
,3/31/2004 9:00,14.95
,3/31/2004 9:30,15.2
,3/31/2004 10:00,15.45
,3/31/2004 10:30,15.7
,3/31/2004 11:00,15.95
,3/31/2004 11:30,16.15
,3/31/2004 12:00,16.35
,3/31/2004 12:30,16.55
,3/31/2004 13:00,16.75
,3/31/2004 13:30,16.95
,3/31/2004 14:00,17.15
,3/31/2004 14:30,17.3
,3/31/2004 15:00,17.45
,3/31/2004 15:30,17.65
,3/31/2004 16:00,17.75
,3/31/2004 16:30,17.9
,3/31/2004 17:00,18.05
,3/31/2004 17:30,18.15
,3/31/2004 18:00,15.9
,3/31/2004 18:30,13.8
,3/31/2004 19:00,14.05
,3/31/2004 19:30,14.35
,3/31/2004 20:00,14.55
,3/31/2004 20:30,14.2
,3/31/2004 21:00,14.4
,3/31/2004 21:30,13.85
,3/31/2004 22:00,14.15
,3/31/2004 22:30,14.35
,3/31/2004 23:00,14.55
,3/31/2004 23:30,14.75
,4/1/2004 0:00,14.95
,4/1/2004 0:30,15.15
,4/1/2004 1:00,15.45
,4/1/2004 1:30,15.55
,4/1/2004 2:00,15.75
,4/1/2004 2:30,15.95
,4/1/2004 3:00,16.15
,4/1/2004 3:30,16.25
,4/1/2004 4:00,16.4
,4/1/2004 4:30,16.5
,4/1/2004 5:00,16.6
,4/1/2004 5:30,14.6
,4/1/2004 6:00,14.75
,4/1/2004 6:30,14.9
,4/1/2004 7:00,14.35
,4/1/2004 7:30,14.2
,4/1/2004 8:00,14.05
,4/1/2004 8:30,14.25
,4/1/2004 9:00,14.45
,4/1/2004 9:30,14.55
,4/1/2004 10:00,14.75
,4/1/2004 10:30,14.95
,4/1/2004 11:00,15.15
,4/1/2004 11:30,15.35
,4/1/2004 12:00,15.55
,4/1/2004 12:30,15.65
,4/1/2004 13:00,15.85
,4/1/2004 13:30,16.05
,4/1/2004 14:00,16.15
,4/1/2004 14:30,16.35
,4/1/2004 15:00,16.45
,4/1/2004 15:30,16.65
,4/1/2004 16:00,16.75
,4/1/2004 16:30,16.9
,4/1/2004 17:00,17.05
,4/1/2004 17:30,17.15
,4/1/2004 18:00,15.8
,4/1/2004 18:30,13.9
,4/1/2004 19:00,14.15
,4/1/2004 19:30,13.95
,4/1/2004 20:00,14.1
,4/1/2004 20:30,14.35
,4/1/2004 21:00,14.45
,4/1/2004 21:30,14.65
,4/1/2004 22:00,14.85
,4/1/2004 22:30,15.15
,4/1/2004 23:00,15.35
,4/1/2004 23:30,15.55
,4/2/2004 0:00,15.75
,4/2/2004 0:30,15.95
,4/2/2004 1:00,16.15
,4/2/2004 1:30,16.35
,4/2/2004 2:00,16.45
,4/2/2004 2:30,16.65
,4/2/2004 3:00,16.8
,4/2/2004 3:30,16.9
,4/2/2004 4:00,17.05
,4/2/2004 4:30,17.15
,4/2/2004 5:00,17.25
,4/2/2004 5:30,17.35
,4/2/2004 6:00,15.95
,4/2/2004 6:30,14.6
,4/2/2004 7:00,14.3
,4/2/2004 7:30,14.05
,4/2/2004 8:00,13.75
,4/2/2004 8:30,13.75
,4/2/2004 9:00,13.75
,4/2/2004 9:30,13.95
,4/2/2004 10:00,14.15
,4/2/2004 10:30,14.35
,4/2/2004 11:00,14.5
,4/2/2004 11:30,14.65
,4/2/2004 12:00,14.3
,4/2/2004 12:30,13.95
,4/2/2004 13:00,14.15
,4/2/2004 13:30,14.35
,4/2/2004 14:00,14.55
,4/2/2004 14:30,14.75
,4/2/2004 15:00,13.95
,4/2/2004 15:30,14.15
,4/2/2004 16:00,13.85
,4/2/2004 16:30,14.05
,4/2/2004 17:00,14.25
,4/2/2004 17:30,14.45
,4/2/2004 18:00,14.65
,4/2/2004 18:30,14.85
,4/2/2004 19:00,15.1
,4/2/2004 19:30,15.35
,4/2/2004 20:00,15.5
,4/2/2004 20:30,15.65
,4/2/2004 21:00,14.8
,4/2/2004 21:30,13.6
,4/2/2004 22:00,13.55
,4/2/2004 22:30,13.75
,4/2/2004 23:00,14.05
,4/2/2004 23:30,14.25
,4/3/2004 0:00,14.45
,4/3/2004 0:30,14.65
,4/3/2004 1:00,14.85
,4/3/2004 1:30,14.95
,4/3/2004 2:00,15.15
,4/3/2004 2:30,15.25
,4/3/2004 3:00,15.35
,4/3/2004 3:30,15.3
,4/3/2004 4:00,15.35
,4/3/2004 4:30,15.55
,4/3/2004 5:00,14.6
,4/3/2004 5:30,13.75
,4/3/2004 6:00,13.95
,4/3/2004 6:30,13.2
,4/3/2004 7:00,13.25
,4/3/2004 7:30,13.45
,4/3/2004 8:00,13.5
,4/3/2004 8:30,13.45
,4/3/2004 9:00,13.55
,4/3/2004 9:30,13.75
,4/3/2004 10:00,13.9
,4/3/2004 10:30,13.45
,4/3/2004 11:00,13.55
,4/3/2004 11:30,13.75
,4/3/2004 12:00,13.85
,4/3/2004 12:30,14
,4/3/2004 13:00,14.05
,4/3/2004 13:30,14.1
,4/3/2004 14:00,14.15
,4/3/2004 14:30,14.2
,4/3/2004 15:00,12.5
,4/3/2004 15:30,11.15
,4/3/2004 16:00,11.2
,4/3/2004 16:30,11.3
,4/3/2004 17:00,11.35
,4/3/2004 17:30,11.5
,4/3/2004 18:00,11.45
,4/3/2004 18:30,11.5
,4/3/2004 19:00,11.65
,4/3/2004 19:30,11.8
,4/3/2004 20:00,12
,4/3/2004 20:30,12.05
,4/3/2004 21:00,10.5
,4/3/2004 21:30,9
,4/3/2004 22:00,9.1
,4/3/2004 22:30,9.25
,4/3/2004 23:00,9
,4/3/2004 23:30,8.55
,4/4/2004 0:00,8.75
,4/4/2004 0:30,8.85
,4/4/2004 1:00,9
,4/4/2004 1:30,9.35
,4/4/2004 2:00,9.35
,4/4/2004 2:30,9.5
,4/4/2004 3:00,9.6
,4/4/2004 3:30,9.9
,4/4/2004 4:00,9.85
,4/4/2004 4:30,10
,4/4/2004 5:00,10.2
,4/4/2004 5:30,10.1
,4/4/2004 6:00,10.1
,4/4/2004 6:30,10.3
,4/4/2004 7:00,10.4
,4/4/2004 7:30,10.5
,4/4/2004 8:00,10.55
,4/4/2004 8:30,10.65
,4/4/2004 9:00,8.8
,4/4/2004 9:30,8.35
,4/4/2004 10:00,8.2
,4/4/2004 10:30,8.9
,4/4/2004 11:00,8.85
,4/4/2004 11:30,8.05
,4/4/2004 12:00,8.4
,4/4/2004 12:30,7.9
,4/4/2004 13:00,7.7
,4/4/2004 13:30,7.8
,4/4/2004 14:00,8.05
,4/4/2004 14:30,8.25
,4/4/2004 15:00,8
,4/4/2004 15:30,8.6
,4/4/2004 16:00,8.5
,4/4/2004 16:30,8.6
,4/4/2004 17:00,8.75
,4/4/2004 17:30,8.65
,4/4/2004 18:00,8.75
,4/4/2004 18:30,9.05
,4/4/2004 19:00,9.05
,4/4/2004 19:30,8.2
,4/4/2004 20:00,7.7
,4/4/2004 20:30,7.85
,4/4/2004 21:00,7.25
,4/4/2004 21:30,7.25
,4/4/2004 22:00,7.55
,4/4/2004 22:30,7.5
,4/4/2004 23:00,7.3
,4/4/2004 23:30,7.3
,4/5/2004 0:00,7.3
,4/5/2004 0:30,7.3
,4/5/2004 1:00,7.3
,4/5/2004 1:30,7.3
,4/5/2004 2:00,7.3
,4/5/2004 2:30,7.3
,4/5/2004 3:00,7.3
,4/5/2004 3:30,7.3
,4/5/2004 4:00,7.3
,4/5/2004 4:30,7.3
,4/5/2004 5:00,6.85
,4/5/2004 5:30,8.45
,4/5/2004 6:00,8.4
,4/5/2004 6:30,8.6
,4/5/2004 7:00,8.05
,4/5/2004 7:30,7.7
,4/5/2004 8:00,7.4
,4/5/2004 8:30,7.45
,4/5/2004 9:00,7.65
,4/5/2004 9:30,7.8
,4/5/2004 10:00,7.9
,4/5/2004 10:30,8
,4/5/2004 11:00,8
,4/5/2004 11:30,8.2
,4/5/2004 12:00,8.3
,4/5/2004 12:30,8.3
,4/5/2004 13:00,8.45
,4/5/2004 13:30,8.6
,4/5/2004 14:00,8.6
,4/5/2004 14:30,8.65
,4/5/2004 15:00,8.75
,4/5/2004 15:30,8.95
,4/5/2004 16:00,9
,4/5/2004 16:30,9.15
,4/5/2004 17:00,9.35
,4/5/2004 17:30,9.15
,4/5/2004 18:00,9.65
,4/5/2004 18:30,9.95
,4/5/2004 19:00,10.1
,4/5/2004 19:30,10.35
,4/5/2004 20:00,8.4
,4/5/2004 20:30,8.1
,4/5/2004 21:00,7.65
,4/5/2004 21:30,7.75
,4/5/2004 22:00,7.8
,4/5/2004 22:30,8.1
,4/5/2004 23:00,8.3
,4/5/2004 23:30,8.45
,4/6/2004 0:00,8.65
,4/6/2004 0:30,8.8
,4/6/2004 1:00,8.9
,4/6/2004 1:30,9.05
,4/6/2004 2:00,9.25
,4/6/2004 2:30,9.35
,4/6/2004 3:00,8.8
,4/6/2004 3:30,8.75
,4/6/2004 4:00,8.9
,4/6/2004 4:30,9
,4/6/2004 5:00,9.25
,4/6/2004 5:30,9.3
,4/6/2004 6:00,9.4
,4/6/2004 6:30,9.55
,4/6/2004 7:00,8.4
,4/6/2004 7:30,8.55
,4/6/2004 8:00,8.65
,4/6/2004 8:30,8.9
,4/6/2004 9:00,9.05
,4/6/2004 9:30,9.2
,4/6/2004 10:00,9.35
,4/6/2004 10:30,9.45
,4/6/2004 11:00,9.5
,4/6/2004 11:30,9.75
,4/6/2004 12:00,9.7
,4/6/2004 12:30,9.9
,4/6/2004 13:00,10.05
,4/6/2004 13:30,10.25
,4/6/2004 14:00,8.45
,4/6/2004 14:30,8.65
,4/6/2004 15:00,8.75
,4/6/2004 15:30,8.95
,4/6/2004 16:00,9.15
,4/6/2004 16:30,9.3
,4/6/2004 17:00,9.5
,4/6/2004 17:30,9.6
,4/6/2004 18:00,9.75
,4/6/2004 18:30,8.45
,4/6/2004 19:00,8.65
,4/6/2004 19:30,8.85
,4/6/2004 20:00,8.95
,4/6/2004 20:30,9.1
,4/6/2004 21:00,9.35
,4/6/2004 21:30,9.55
,4/6/2004 22:00,8.95
,4/6/2004 22:30,7.85
,4/6/2004 23:00,8.15
,4/6/2004 23:30,8
,4/7/2004 0:00,8.2
,4/7/2004 0:30,8.45
,4/7/2004 1:00,8.65
,4/7/2004 1:30,8.85
,4/7/2004 2:00,9.15
,4/7/2004 2:30,9.35
,4/7/2004 3:00,9.5
,4/7/2004 3:30,9.7
,4/7/2004 4:00,9.8
,4/7/2004 4:30,9.95
,4/7/2004 5:00,10.15
,4/7/2004 5:30,10.3
,4/7/2004 6:00,10.5
,4/7/2004 6:30,10.7
,4/7/2004 7:00,10.8
,4/7/2004 7:30,10.85
,4/7/2004 8:00,10.95
,4/7/2004 8:30,9.9
,4/7/2004 9:00,8.55
,4/7/2004 9:30,8.45
,4/7/2004 10:00,8.25
,4/7/2004 10:30,8.35
,4/7/2004 11:00,8.65
,4/7/2004 11:30,8.8
,4/7/2004 12:00,8.9
,4/7/2004 12:30,8.85
,4/7/2004 13:00,8.75
,4/7/2004 13:30,8.9
,4/7/2004 14:00,9.05
,4/7/2004 14:30,9.3
,4/7/2004 15:00,9.5
,4/7/2004 15:30,9.6
,4/7/2004 16:00,14.5
,4/7/2004 16:30,15.1
,4/7/2004 17:00,15.4
,4/7/2004 17:30,14.65
,4/7/2004 18:00,13.9
,4/7/2004 18:30,14.15
,4/7/2004 19:00,14.05
,4/7/2004 19:30,13.85
,4/7/2004 20:00,14.05
,4/7/2004 20:30,14.35
,4/7/2004 21:00,13.65
,4/7/2004 21:30,13.75
,4/7/2004 22:00,14.05
,4/7/2004 22:30,14.25
,4/7/2004 23:00,14.6
,4/7/2004 23:30,14.9
,4/8/2004 0:00,15.2
,4/8/2004 0:30,15.5
,4/8/2004 1:00,15.8
,4/8/2004 1:30,16.05
,4/8/2004 2:00,16.35
,4/8/2004 2:30,16.55
,4/8/2004 3:00,16.75
,4/8/2004 3:30,16.95
,4/8/2004 4:00,17.15
,4/8/2004 4:30,17.3
,4/8/2004 5:00,17.45
,4/8/2004 5:30,17.6
,4/8/2004 6:00,17.75
,4/8/2004 6:30,17.85
,4/8/2004 7:00,14.75
,4/8/2004 7:30,14.85
,4/8/2004 8:00,13.9
,4/8/2004 8:30,14.15
,4/8/2004 9:00,14.35
,4/8/2004 9:30,14.55
,4/8/2004 10:00,14.75
,4/8/2004 10:30,14.95
,4/8/2004 11:00,15.15
,4/8/2004 11:30,15.35
,4/8/2004 12:00,15.55
,4/8/2004 12:30,15.75
,4/8/2004 13:00,15.95
,4/8/2004 13:30,16.15
,4/8/2004 14:00,16.35
,4/8/2004 14:30,16.5
,4/8/2004 15:00,16.65
,4/8/2004 15:30,16.8
,4/8/2004 16:00,16.95
,4/8/2004 16:30,17.1
,4/8/2004 17:00,17.2
,4/8/2004 17:30,17.3
,4/8/2004 18:00,17.4
,4/8/2004 18:30,17.5
,4/8/2004 19:00,17.6
,4/8/2004 19:30,16.05
,4/8/2004 20:00,14.55
,4/8/2004 20:30,14.75
,4/8/2004 21:00,14.05
,4/8/2004 21:30,14.25
,4/8/2004 22:00,14.45
,4/8/2004 22:30,14.65
,4/8/2004 23:00,14.8
,4/8/2004 23:30,14.95
,4/9/2004 0:00,15.15
,4/9/2004 0:30,15.45
,4/9/2004 1:00,15.55
,4/9/2004 1:30,15.85
,4/9/2004 2:00,15
,4/9/2004 2:30,14.25
,4/9/2004 3:00,14.45
,4/9/2004 3:30,14.55
,4/9/2004 4:00,14.75
,4/9/2004 4:30,14.95
,4/9/2004 5:00,15.1
,4/9/2004 5:30,15.25
,4/9/2004 6:00,15.45
,4/9/2004 6:30,13.95
,4/9/2004 7:00,13.65
,4/9/2004 7:30,13.75
,4/9/2004 8:00,13.65
,4/9/2004 8:30,13.85
,4/9/2004 9:00,14.05
,4/9/2004 9:30,14.2
,4/9/2004 10:00,14.35
,4/9/2004 10:30,14.55
,4/9/2004 11:00,14.75
,4/9/2004 11:30,14.95
,4/9/2004 12:00,15.15
,4/9/2004 12:30,15.35
,4/9/2004 13:00,15.55
,4/9/2004 13:30,15.65
,4/9/2004 14:00,15.85
,4/9/2004 14:30,16.05
,4/9/2004 15:00,16.2
,4/9/2004 15:30,16.35
,4/9/2004 16:00,16.55
,4/9/2004 16:30,16.65
,4/9/2004 17:00,16.85
,4/9/2004 17:30,16.95
,4/9/2004 18:00,15.8
,4/9/2004 18:30,14.65
,4/9/2004 19:00,14.8
,4/9/2004 19:30,14.95
,4/9/2004 20:00,15.25
,4/9/2004 20:30,14.8
,4/9/2004 21:00,14.35
,4/9/2004 21:30,14.55
,4/9/2004 22:00,14.75
,4/9/2004 22:30,14.95
,4/9/2004 23:00,15.15
,4/9/2004 23:30,15.45
,4/10/2004 0:00,15.65
,4/10/2004 0:30,15.85
,4/10/2004 1:00,16.1
,4/10/2004 1:30,16.3
,4/10/2004 2:00,16.5
,4/10/2004 2:30,16.7
,4/10/2004 3:00,14.9
,4/10/2004 3:30,15.15
,4/10/2004 4:00,15.35
,4/10/2004 4:30,15.55
,4/10/2004 5:00,15.75
,4/10/2004 5:30,15.95
,4/10/2004 6:00,16.15
,4/10/2004 6:30,16.25
,4/10/2004 7:00,14.4
,4/10/2004 7:30,14.45
,4/10/2004 8:00,14.55
,4/10/2004 8:30,14.75
,4/10/2004 9:00,14.95
,4/10/2004 9:30,14.15
,4/10/2004 10:00,14.35
,4/10/2004 10:30,14.55
,4/10/2004 11:00,14.75
,4/10/2004 11:30,14.95
,4/10/2004 12:00,15.15
,4/10/2004 12:30,15.35
,4/10/2004 13:00,15.65
,4/10/2004 13:30,15.85
,4/10/2004 14:00,16.05
,4/10/2004 14:30,16.2
,4/10/2004 15:00,16.4
,4/10/2004 15:30,16.55
,4/10/2004 16:00,16.75
,4/10/2004 16:30,16.95
,4/10/2004 17:00,17.05
,4/10/2004 17:30,17.2
,4/10/2004 18:00,15.95
,4/10/2004 18:30,14.75
,4/10/2004 19:00,14.95
,4/10/2004 19:30,14.25
,4/10/2004 20:00,14.45
,4/10/2004 20:30,14.3
,4/10/2004 21:00,13.8
,4/10/2004 21:30,13.8
,4/10/2004 22:00,13.7
,4/10/2004 22:30,13.85
,4/10/2004 23:00,13.5
,4/10/2004 23:30,13.65
,4/11/2004 0:00,13.85
,4/11/2004 0:30,13.3
,4/11/2004 1:00,11.85
,4/11/2004 1:30,10.65
,4/11/2004 2:00,10.85
,4/11/2004 2:30,11
,4/11/2004 3:00,10.8
,4/11/2004 3:30,11
,4/11/2004 4:00,11
,4/11/2004 4:30,11.15
,4/11/2004 5:00,11.3
,4/11/2004 5:30,11.55
,4/11/2004 6:00,11.7
,4/11/2004 6:30,11.9
,4/11/2004 7:00,11.85
,4/11/2004 7:30,12.05
,4/11/2004 8:00,11.15
,4/11/2004 8:30,10.2
,4/11/2004 9:00,10.35
,4/11/2004 9:30,10.2
,4/11/2004 10:00,9.95
,4/11/2004 10:30,10.05
,4/11/2004 11:00,10.25
,4/11/2004 11:30,10.2
,4/11/2004 12:00,9.95
,4/11/2004 12:30,10.05
,4/11/2004 13:00,10.35
,4/11/2004 13:30,10.2
,4/11/2004 14:00,10.1
,4/11/2004 14:30,10.1
,4/11/2004 15:00,10.05
,4/11/2004 15:30,10.25
,4/11/2004 16:00,10.45
,4/11/2004 16:30,10.65
,4/11/2004 17:00,10.75
,4/11/2004 17:30,10.5
,4/11/2004 18:00,10.2
,4/11/2004 18:30,10.4
,4/11/2004 19:00,10.5
,4/11/2004 19:30,10.15
,4/11/2004 20:00,9.65
,4/11/2004 20:30,10
,4/11/2004 21:00,10.2
,4/11/2004 21:30,10.5
,4/11/2004 22:00,10.6
,4/11/2004 22:30,10.45
,4/11/2004 23:00,10.2
,4/11/2004 23:30,10.35
,4/12/2004 0:00,10.6
,4/12/2004 0:30,10.8
,4/12/2004 1:00,10.95
,4/12/2004 1:30,11.05
,4/12/2004 2:00,11.05
,4/12/2004 2:30,11.2
,4/12/2004 3:00,11.35
,4/12/2004 3:30,11.5
,4/12/2004 4:00,11.65
,4/12/2004 4:30,11.7
,4/12/2004 5:00,11.85
,4/12/2004 5:30,12
,4/12/2004 6:00,12.15
,4/12/2004 6:30,10.75
,4/12/2004 7:00,10.35
,4/12/2004 7:30,10.55
,4/12/2004 8:00,10.1
,4/12/2004 8:30,10.3
,4/12/2004 9:00,10.4
,4/12/2004 9:30,10.5
,4/12/2004 10:00,10.55
,4/12/2004 10:30,10.8
,4/12/2004 11:00,11.1
,4/12/2004 11:30,11.25
,4/12/2004 12:00,11.15
,4/12/2004 12:30,11.4
,4/12/2004 13:00,11.6
,4/12/2004 13:30,11.85
,4/12/2004 14:00,12
,4/12/2004 14:30,11.4
,4/12/2004 15:00,10.75
,4/12/2004 15:30,10.9
,4/12/2004 16:00,11.15
,4/12/2004 16:30,11.15
,4/12/2004 17:00,11.4
,4/12/2004 17:30,11.65
,4/12/2004 18:00,11.85
,4/12/2004 18:30,12.05
,4/12/2004 19:00,10.9
,4/12/2004 19:30,11.05
,4/12/2004 20:00,11.2
,4/12/2004 20:30,11.35
,4/12/2004 21:00,11.6
,4/12/2004 21:30,11.55
,4/12/2004 22:00,11.75
,4/12/2004 22:30,12.05
,4/12/2004 23:00,11.6
,4/12/2004 23:30,10.9
,4/13/2004 0:00,11.25
,4/13/2004 0:30,11.4
,4/13/2004 1:00,11.6
,4/13/2004 1:30,11.75
,4/13/2004 2:00,11.95
,4/13/2004 2:30,12.15
,4/13/2004 3:00,12.4
,4/13/2004 3:30,12.3
,4/13/2004 4:00,13.1
,4/13/2004 4:30,14.25
,4/13/2004 5:00,15.75
,4/13/2004 5:30,16.35
,4/13/2004 6:00,16.5
,4/13/2004 6:30,16.15
,4/13/2004 7:00,15.6
,4/13/2004 7:30,15.8
,4/13/2004 8:00,15.4
,4/13/2004 8:30,14.95
,4/13/2004 9:00,15.15
,4/13/2004 9:30,14.8
,4/13/2004 10:00,14.8
,4/13/2004 10:30,14.8
,4/13/2004 11:00,14.8
,4/13/2004 11:30,14.8
,4/13/2004 12:00,14.8
,4/13/2004 12:30,-31.85
,4/13/2004 13:00,-7
,4/13/2004 13:30,2.4
,4/13/2004 14:00,5.5
,4/13/2004 14:30,16.6
,4/13/2004 15:00,16.85
,4/13/2004 15:30,17.05
,4/13/2004 16:00,17.25
,4/13/2004 16:30,17.4
,4/13/2004 17:00,17.55
,4/13/2004 17:30,16.7
,4/13/2004 18:00,15.95
,4/13/2004 18:30,16.15
,4/13/2004 19:00,16.35
,4/13/2004 19:30,16.45
,4/13/2004 20:00,16.65
,4/13/2004 20:30,16.75
,4/13/2004 21:00,16.4
,4/13/2004 21:30,16
,4/13/2004 22:00,15.9
,4/13/2004 22:30,15.65
,4/13/2004 23:00,15.85
,4/13/2004 23:30,16.05
,4/14/2004 0:00,16.2
,4/14/2004 0:30,16.35
,4/14/2004 1:00,16.55
,4/14/2004 1:30,16.65
,4/14/2004 2:00,16.85
,4/14/2004 2:30,16.95
,4/14/2004 3:00,17.15
,4/14/2004 3:30,17.25
,4/14/2004 4:00,17.35
,4/14/2004 4:30,17.5
,4/14/2004 5:00,17.6
,4/14/2004 5:30,17.7
,4/14/2004 6:00,17.8
,4/14/2004 6:30,17.9
,4/14/2004 7:00,16.85
,4/14/2004 7:30,16.3
,4/14/2004 8:00,16
,4/14/2004 8:30,15.75
,4/14/2004 9:00,15.9
,4/14/2004 9:30,16.05
,4/14/2004 10:00,16.25
,4/14/2004 10:30,16.35
,4/14/2004 11:00,16.55
,4/14/2004 11:30,16.65
,4/14/2004 12:00,16.8
,4/14/2004 12:30,16.95
,4/14/2004 13:00,17.05
,4/14/2004 13:30,17.2
,4/14/2004 14:00,17.3
,4/14/2004 14:30,17.45
,4/14/2004 15:00,17.55
,4/14/2004 15:30,17.65
,4/14/2004 16:00,17.75
,4/14/2004 16:30,17.85
,4/14/2004 17:00,17.9
,4/14/2004 17:30,15.55
,4/14/2004 18:00,15.7
,4/14/2004 18:30,15.85
,4/14/2004 19:00,16.05
,4/14/2004 19:30,16.15
,4/14/2004 20:00,16.35
,4/14/2004 20:30,15.55
,4/14/2004 21:00,14.5
,4/14/2004 21:30,14.4
,4/14/2004 22:00,14.55
,4/14/2004 22:30,14.75
,4/14/2004 23:00,14.95
,4/14/2004 23:30,15.25
,4/15/2004 0:00,15.45
,4/15/2004 0:30,15.65
,4/15/2004 1:00,15.85
,4/15/2004 1:30,16.05
,4/15/2004 2:00,16.25
,4/15/2004 2:30,16.4
,4/15/2004 3:00,16.55
,4/15/2004 3:30,16.75
,4/15/2004 4:00,16.85
,4/15/2004 4:30,16.95
,4/15/2004 5:00,17.1
,4/15/2004 5:30,17.2
,4/15/2004 6:00,16.3
,4/15/2004 6:30,15.35
,4/15/2004 7:00,15.05
,4/15/2004 7:30,14.75
,4/15/2004 8:00,14.85
,4/15/2004 8:30,15.05
,4/15/2004 9:00,15.25
,4/15/2004 9:30,15.45
,4/15/2004 10:00,15.65
,4/15/2004 10:30,15.85
,4/15/2004 11:00,16.05
,4/15/2004 11:30,16.25
,4/15/2004 12:00,16.45
,4/15/2004 12:30,16.55
,4/15/2004 13:00,16.75
,4/15/2004 13:30,16.95
,4/15/2004 14:00,17.05
,4/15/2004 14:30,17.25
,4/15/2004 15:00,17.35
,4/15/2004 15:30,17.55
,4/15/2004 16:00,17.65
,4/15/2004 16:30,17.8
,4/15/2004 17:00,17.9
,4/15/2004 17:30,18.05
,4/15/2004 18:00,18.15
,4/15/2004 18:30,18.25
,4/15/2004 19:00,18.4
,4/15/2004 19:30,18.5
,4/15/2004 20:00,18.6
,4/15/2004 20:30,16.9
,4/15/2004 21:00,15.25
,4/15/2004 21:30,15.55
,4/15/2004 22:00,15.75
,4/15/2004 22:30,15.95
,4/15/2004 23:00,16.15
,4/15/2004 23:30,16.45
,4/16/2004 0:00,16.55
,4/16/2004 0:30,16.75
,4/16/2004 1:00,16.95
,4/16/2004 1:30,17.1
,4/16/2004 2:00,15.95
,4/16/2004 2:30,16.15
,4/16/2004 3:00,16.3
,4/16/2004 3:30,16.45
,4/16/2004 4:00,16.6
,4/16/2004 4:30,16.75
,4/16/2004 5:00,16.85
,4/16/2004 5:30,17
,4/16/2004 6:00,17.1
,4/16/2004 6:30,17.2
,4/16/2004 7:00,17.3
,4/16/2004 7:30,15.35
,4/16/2004 8:00,15.45
,4/16/2004 8:30,15.65
,4/16/2004 9:00,15.85
,4/16/2004 9:30,15.95
,4/16/2004 10:00,16.15
,4/16/2004 10:30,16.35
,4/16/2004 11:00,16.45
,4/16/2004 11:30,16.65
,4/16/2004 12:00,16.8
,4/16/2004 12:30,16.95
,4/16/2004 13:00,17.15
,4/16/2004 13:30,17.25
,4/16/2004 14:00,17.4
,4/16/2004 14:30,17.55
,4/16/2004 15:00,17.7
,4/16/2004 15:30,17.85
,4/16/2004 16:00,17.95
,4/16/2004 16:30,18.1
,4/16/2004 17:00,18.25
,4/16/2004 17:30,18.35
,4/16/2004 18:00,16.95
,4/16/2004 18:30,15.65
,4/16/2004 19:00,15.85
,4/16/2004 19:30,16.15
,4/16/2004 20:00,16.35
,4/16/2004 20:30,15.35
,4/16/2004 21:00,15.55
,4/16/2004 21:30,15.4
,4/16/2004 22:00,15.05
,4/16/2004 22:30,15.3
,4/16/2004 23:00,15.55
,4/16/2004 23:30,15.8
,4/17/2004 0:00,16.05
,4/17/2004 0:30,16.35
,4/17/2004 1:00,16.55
,4/17/2004 1:30,16.75
,4/17/2004 2:00,17
,4/17/2004 2:30,17.25
,4/17/2004 3:00,17.35
,4/17/2004 3:30,17.55
,4/17/2004 4:00,17.75
,4/17/2004 4:30,17.9
,4/17/2004 5:00,18.05
,4/17/2004 5:30,18.2
,4/17/2004 6:00,18.3
,4/17/2004 6:30,17.3
,4/17/2004 7:00,16.35
,4/17/2004 7:30,16.55
,4/17/2004 8:00,16.75
,4/17/2004 8:30,16.95
,4/17/2004 9:00,17.15
,4/17/2004 9:30,17.25
,4/17/2004 10:00,17.45
,4/17/2004 10:30,17.65
,4/17/2004 11:00,17.85
,4/17/2004 11:30,17.95
,4/17/2004 12:00,18.15
,4/17/2004 12:30,18.3
,4/17/2004 13:00,18.45
,4/17/2004 13:30,18.6
,4/17/2004 14:00,18.75
,4/17/2004 14:30,18.9
,4/17/2004 15:00,19.05
,4/17/2004 15:30,19.2
,4/17/2004 16:00,19.35
,4/17/2004 16:30,19.45
,4/17/2004 17:00,19.6
,4/17/2004 17:30,19.75
,4/17/2004 18:00,18.15
,4/17/2004 18:30,16.7
,4/17/2004 19:00,16.95
,4/17/2004 19:30,17.2
,4/17/2004 20:00,16.15
,4/17/2004 20:30,16.3
,4/17/2004 21:00,16.05
,4/17/2004 21:30,16.35
,4/17/2004 22:00,16.6
,4/17/2004 22:30,16.85
,4/17/2004 23:00,17.15
,4/17/2004 23:30,17.35
,4/18/2004 0:00,17.65
,4/18/2004 0:30,17.85
,4/18/2004 1:00,18.05
,4/18/2004 1:30,18.25
,4/18/2004 2:00,18.4
,4/18/2004 2:30,18.55
,4/18/2004 3:00,17.85
,4/18/2004 3:30,18
,4/18/2004 4:00,18.15
,4/18/2004 4:30,18.35
,4/18/2004 5:00,18.45
,4/18/2004 5:30,18.6
,4/18/2004 6:00,18.75
,4/18/2004 6:30,18.85
,4/18/2004 7:00,18.95
,4/18/2004 7:30,19.05
,4/18/2004 8:00,19.15
,4/18/2004 8:30,16.75
,4/18/2004 9:00,16.25
,4/18/2004 9:30,16.45
,4/18/2004 10:00,16.65
,4/18/2004 10:30,16.85
,4/18/2004 11:00,16.3
,4/18/2004 11:30,16.35
,4/18/2004 12:00,16.55
,4/18/2004 12:30,16.75
,4/18/2004 13:00,16.95
,4/18/2004 13:30,17.15
,4/18/2004 14:00,17.35
,4/18/2004 14:30,17.55
,4/18/2004 15:00,17.75
,4/18/2004 15:30,17.95
,4/18/2004 16:00,18.15
,4/18/2004 16:30,18.25
,4/18/2004 17:00,18.45
,4/18/2004 17:30,18.65
,4/18/2004 18:00,18.75
,4/18/2004 18:30,17.15
,4/18/2004 19:00,17.35
,4/18/2004 19:30,17.55
,4/18/2004 20:00,17.75
,4/18/2004 20:30,17.95
,4/18/2004 21:00,18.15
,4/18/2004 21:30,18.35
,4/18/2004 22:00,17.65
,4/18/2004 22:30,16.95
,4/18/2004 23:00,17.15
,4/18/2004 23:30,17.35
,4/19/2004 0:00,17.65
,4/19/2004 0:30,17.85
,4/19/2004 1:00,18.05
,4/19/2004 1:30,18.25
,4/19/2004 2:00,17.85
,4/19/2004 2:30,18
,4/19/2004 3:00,18.15
,4/19/2004 3:30,18.35
,4/19/2004 4:00,18.5
,4/19/2004 4:30,18.65
,4/19/2004 5:00,18.8
,4/19/2004 5:30,18.95
,4/19/2004 6:00,19.05
,4/19/2004 6:30,19.2
,4/19/2004 7:00,17.95
,4/19/2004 7:30,16.65
,4/19/2004 8:00,16.15
,4/19/2004 8:30,16.45
,4/19/2004 9:00,16.65
,4/19/2004 9:30,16.85
,4/19/2004 10:00,17.05
,4/19/2004 10:30,17.25
,4/19/2004 11:00,17.45
,4/19/2004 11:30,17.65
,4/19/2004 12:00,17.85
,4/19/2004 12:30,18.05
,4/19/2004 13:00,18.25
,4/19/2004 13:30,18.4
,4/19/2004 14:00,18.55
,4/19/2004 14:30,18.75
,4/19/2004 15:00,18.9
,4/19/2004 15:30,19.05
,4/19/2004 16:00,19.15
,4/19/2004 16:30,19.35
,4/19/2004 17:00,19.45
,4/19/2004 17:30,19.55
,4/19/2004 18:00,19.7
,4/19/2004 18:30,19.85
,4/19/2004 19:00,19.95
,4/19/2004 19:30,20.05
,4/19/2004 20:00,20.2
,4/19/2004 20:30,17.3
,4/19/2004 21:00,17.45
,4/19/2004 21:30,17.7
,4/19/2004 22:00,17.95
,4/19/2004 22:30,18.15
,4/19/2004 23:00,18.25
,4/19/2004 23:30,18.45
,4/20/2004 0:00,18.65
,4/20/2004 0:30,18.85
,4/20/2004 1:00,18.95
,4/20/2004 1:30,19.15
,4/20/2004 2:00,19.25
,4/20/2004 2:30,19.4
,4/20/2004 3:00,17.95
,4/20/2004 3:30,18.15
,4/20/2004 4:00,18.3
,4/20/2004 4:30,18.45
,4/20/2004 5:00,18.65
,4/20/2004 5:30,18.75
,4/20/2004 6:00,18.2
,4/20/2004 6:30,17.65
,4/20/2004 7:00,17.8
,4/20/2004 7:30,17.4
,4/20/2004 8:00,16.95
,4/20/2004 8:30,17.15
,4/20/2004 9:00,17.35
,4/20/2004 9:30,17.55
,4/20/2004 10:00,17.75
,4/20/2004 10:30,17.95
,4/20/2004 11:00,18.15
,4/20/2004 11:30,18.35
,4/20/2004 12:00,18.55
,4/20/2004 12:30,18.7
,4/20/2004 13:00,18.85
,4/20/2004 13:30,16.9
,4/20/2004 14:00,17.05
,4/20/2004 14:30,17.3
,4/20/2004 15:00,17.55
,4/20/2004 15:30,17.85
,4/20/2004 16:00,18.05
,4/20/2004 16:30,18.3
,4/20/2004 17:00,18.55
,4/20/2004 17:30,18.75
,4/20/2004 18:00,18.95
,4/20/2004 18:30,19.15
,4/20/2004 19:00,19.35
,4/20/2004 19:30,18.35
,4/20/2004 20:00,17.35
,4/20/2004 20:30,17.65
,4/20/2004 21:00,16.85
,4/20/2004 21:30,16.2
,4/20/2004 22:00,16.5
,4/20/2004 22:30,16.8
,4/20/2004 23:00,17.05
,4/20/2004 23:30,17.35
,4/21/2004 0:00,17.6
,4/21/2004 0:30,17.85
,4/21/2004 1:00,18.05
,4/21/2004 1:30,18.35
,4/21/2004 2:00,18.55
,4/21/2004 2:30,18.65
,4/21/2004 3:00,18.85
,4/21/2004 3:30,19.05
,4/21/2004 4:00,19.15
,4/21/2004 4:30,19.35
,4/21/2004 5:00,19.45
,4/21/2004 5:30,19.55
,4/21/2004 6:00,19.7
,4/21/2004 6:30,19.8
,4/21/2004 7:00,18.55
,4/21/2004 7:30,17.45
,4/21/2004 8:00,17.6
,4/21/2004 8:30,17.75
,4/21/2004 9:00,17.95
,4/21/2004 9:30,18.15
,4/21/2004 10:00,17.65
,4/21/2004 10:30,17.15
,4/21/2004 11:00,17.35
,4/21/2004 11:30,17.55
,4/21/2004 12:00,17.75
,4/21/2004 12:30,17.95
,4/21/2004 13:00,18.15
,4/21/2004 13:30,18.35
,4/21/2004 14:00,18.55
,4/21/2004 14:30,18.7
,4/21/2004 15:00,18.85
,4/21/2004 15:30,19.05
,4/21/2004 16:00,19.2
,4/21/2004 16:30,19.35
,4/21/2004 17:00,19.55
,4/21/2004 17:30,16.65
,4/21/2004 18:00,16.85
,4/21/2004 18:30,17.15
,4/21/2004 19:00,17.35
,4/21/2004 19:30,17.35
,4/21/2004 20:00,17.55
,4/21/2004 20:30,17.75
,4/21/2004 21:00,18
,4/21/2004 21:30,18.25
,4/21/2004 22:00,18.45
,4/21/2004 22:30,18.65
,4/21/2004 23:00,18.85
,4/21/2004 23:30,19.05
,4/22/2004 0:00,19.25
,4/22/2004 0:30,19.45
,4/22/2004 1:00,19.65
,4/22/2004 1:30,19.75
,4/22/2004 2:00,19.95
,4/22/2004 2:30,20.05
,4/22/2004 3:00,20.25
,4/22/2004 3:30,20.45
,4/22/2004 4:00,20.55
,4/22/2004 4:30,20.7
,4/22/2004 5:00,20.85
,4/22/2004 5:30,20.95
,4/22/2004 6:00,21.05
,4/22/2004 6:30,18.15
,4/22/2004 7:00,17.75
,4/22/2004 7:30,17
,4/22/2004 8:00,16.35
,4/22/2004 8:30,16.6
,4/22/2004 9:00,16.85
,4/22/2004 9:30,17.15
,4/22/2004 10:00,17.35
,4/22/2004 10:30,17.65
,4/22/2004 11:00,17.9
,4/22/2004 11:30,18.15
,4/22/2004 12:00,18.35
,4/22/2004 12:30,18.65
,4/22/2004 13:00,18.85
,4/22/2004 13:30,19.05
,4/22/2004 14:00,19.25
,4/22/2004 14:30,19.45
,4/22/2004 15:00,19.65
,4/22/2004 15:30,19.85
,4/22/2004 16:00,20.05
,4/22/2004 16:30,20.35
,4/22/2004 17:00,20.55
,4/22/2004 17:30,20.75
,4/22/2004 18:00,20.95
,4/22/2004 18:30,19.4
,4/22/2004 19:00,17.85
,4/22/2004 19:30,18.1
,4/22/2004 20:00,18.4
,4/22/2004 20:30,18.65
,4/22/2004 21:00,16.2
,4/22/2004 21:30,16.6
,4/22/2004 22:00,16.9
,4/22/2004 22:30,17.25
,4/22/2004 23:00,17.55
,4/22/2004 23:30,17.9
,4/23/2004 0:00,17.75
,4/23/2004 0:30,17.95
,4/23/2004 1:00,18.2
,4/23/2004 1:30,18.45
,4/23/2004 2:00,18.7
,4/23/2004 2:30,18.95
,4/23/2004 3:00,19.15
,4/23/2004 3:30,19.35
,4/23/2004 4:00,19.55
,4/23/2004 4:30,19.75
,4/23/2004 5:00,19.95
,4/23/2004 5:30,20.15
,4/23/2004 6:00,20.35
,4/23/2004 6:30,18.1
,4/23/2004 7:00,17.95
,4/23/2004 7:30,18.2
,4/23/2004 8:00,18.45
,4/23/2004 8:30,18.65
,4/23/2004 9:00,18.85
,4/23/2004 9:30,19.05
,4/23/2004 10:00,19.25
,4/23/2004 10:30,19.4
,4/23/2004 11:00,19.55
,4/23/2004 11:30,19.75
,4/23/2004 12:00,19.9
,4/23/2004 12:30,20.05
,4/23/2004 13:00,20.25
,4/23/2004 13:30,20.45
,4/23/2004 14:00,20.55
,4/23/2004 14:30,20.75
,4/23/2004 15:00,20.85
,4/23/2004 15:30,21
,4/23/2004 16:00,21.1
,4/23/2004 16:30,21.25
,4/23/2004 17:00,21.35
,4/23/2004 17:30,21.45
,4/23/2004 18:00,21.55
,4/23/2004 18:30,21.6
,4/23/2004 19:00,21.7
,4/23/2004 19:30,18.25
,4/23/2004 20:00,18.45
,4/23/2004 20:30,18.6
,4/23/2004 21:00,17.45
,4/23/2004 21:30,17.65
,4/23/2004 22:00,17.85
,4/23/2004 22:30,18.05
,4/23/2004 23:00,18.25
,4/23/2004 23:30,18.35
,4/24/2004 0:00,18.55
,4/24/2004 0:30,18.75
,4/24/2004 1:00,18.85
,4/24/2004 1:30,19
,4/24/2004 2:00,19.15
,4/24/2004 2:30,19.25
,4/24/2004 3:00,19.35
,4/24/2004 3:30,19.5
,4/24/2004 4:00,19.6
,4/24/2004 4:30,19.65
,4/24/2004 5:00,19.7
,4/24/2004 5:30,19.8
,4/24/2004 6:00,19.85
,4/24/2004 6:30,17.45
,4/24/2004 7:00,17.15
,4/24/2004 7:30,17.05
,4/24/2004 8:00,17.2
,4/24/2004 8:30,17.35
,4/24/2004 9:00,17.45
,4/24/2004 9:30,17.6
,4/24/2004 10:00,17.75
,4/24/2004 10:30,17.85
,4/24/2004 11:00,18
,4/24/2004 11:30,18.1
,4/24/2004 12:00,18.2
,4/24/2004 12:30,18.3
,4/24/2004 13:00,18.4
,4/24/2004 13:30,18.5
,4/24/2004 14:00,18.6
,4/24/2004 14:30,18.7
,4/24/2004 15:00,18.8
,4/24/2004 15:30,18.9
,4/24/2004 16:00,18.95
,4/24/2004 16:30,19
,4/24/2004 17:00,19.1
,4/24/2004 17:30,19.15
,4/24/2004 18:00,19.2
,4/24/2004 18:30,17.35
,4/24/2004 19:00,17.45
,4/24/2004 19:30,17.55
,4/24/2004 20:00,16.75
,4/24/2004 20:30,16.9
,4/24/2004 21:00,17.05
,4/24/2004 21:30,17.2
,4/24/2004 22:00,17.35
,4/24/2004 22:30,17.5
,4/24/2004 23:00,17.65
,4/24/2004 23:30,17.75
,4/25/2004 0:00,17.9
,4/25/2004 0:30,18
,4/25/2004 1:00,18.1
,4/25/2004 1:30,18.2
,4/25/2004 2:00,18.3
,4/25/2004 2:30,18.4
,4/25/2004 3:00,18.45
,4/25/2004 3:30,18.55
,4/25/2004 4:00,18.6
,4/25/2004 4:30,18.65
,4/25/2004 5:00,18.7
,4/25/2004 5:30,18.7
,4/25/2004 6:00,18.75
,4/25/2004 6:30,18.8
,4/25/2004 7:00,18.8
,4/25/2004 7:30,18.8
,4/25/2004 8:00,18.8
,4/25/2004 8:30,16.5
,4/25/2004 9:00,16.2
,4/25/2004 9:30,16.1
,4/25/2004 10:00,16.05
,4/25/2004 10:30,16.15
,4/25/2004 11:00,15.8
,4/25/2004 11:30,15.95
,4/25/2004 12:00,16.05
,4/25/2004 12:30,16.2
,4/25/2004 13:00,15.75
,4/25/2004 13:30,15.85
,4/25/2004 14:00,15.9
,4/25/2004 14:30,15.95
,4/25/2004 15:00,16.15
,4/25/2004 15:30,16.25
,4/25/2004 16:00,16.45
,4/25/2004 16:30,16.55
,4/25/2004 17:00,16.75
,4/25/2004 17:30,16.85
,4/25/2004 18:00,16.35
,4/25/2004 18:30,16.45
,4/25/2004 19:00,16.65
,4/25/2004 19:30,16.75
,4/25/2004 20:00,16.9
,4/25/2004 20:30,17.05
,4/25/2004 21:00,17.15
,4/25/2004 21:30,17.3
,4/25/2004 22:00,16.15
,4/25/2004 22:30,16.35
,4/25/2004 23:00,16.45
,4/25/2004 23:30,16.65
,4/26/2004 0:00,16.85
,4/26/2004 0:30,16.95
,4/26/2004 1:00,17.15
,4/26/2004 1:30,17.25
,4/26/2004 2:00,17.4
,4/26/2004 2:30,17.55
,4/26/2004 3:00,17.45
,4/26/2004 3:30,17.55
,4/26/2004 4:00,17.65
,4/26/2004 4:30,17.8
,4/26/2004 5:00,17.85
,4/26/2004 5:30,17.95
,4/26/2004 6:00,17.35
,4/26/2004 6:30,16.85
,4/26/2004 7:00,16.95
,4/26/2004 7:30,16.4
,4/26/2004 8:00,16.45
,4/26/2004 8:30,16.65
,4/26/2004 9:00,16.75
,4/26/2004 9:30,16.95
,4/26/2004 10:00,17.05
,4/26/2004 10:30,17.2
,4/26/2004 11:00,17.35
,4/26/2004 11:30,17.45
,4/26/2004 12:00,17.6
,4/26/2004 12:30,17.75
,4/26/2004 13:00,17.85
,4/26/2004 13:30,18
,4/26/2004 14:00,18.15
,4/26/2004 14:30,18.25
,4/26/2004 15:00,18.35
,4/26/2004 15:30,18.45
,4/26/2004 16:00,18.6
,4/26/2004 16:30,18.7
,4/26/2004 17:00,18.8
,4/26/2004 17:30,18.9
,4/26/2004 18:00,19
,4/26/2004 18:30,16.95
,4/26/2004 19:00,17.1
,4/26/2004 19:30,15.9
,4/26/2004 20:00,15.65
,4/26/2004 20:30,15.85
,4/26/2004 21:00,16.15
,4/26/2004 21:30,16.35
,4/26/2004 22:00,16.55
,4/26/2004 22:30,16.8
,4/26/2004 23:00,17.05
,4/26/2004 23:30,17.25
,4/27/2004 0:00,17.45
,4/27/2004 0:30,17.65
,4/27/2004 1:00,17.8
,4/27/2004 1:30,17.95
,4/27/2004 2:00,18.15
,4/27/2004 2:30,18.25
,4/27/2004 3:00,18.4
,4/27/2004 3:30,18.55
,4/27/2004 4:00,18.65
,4/27/2004 4:30,18.8
,4/27/2004 5:00,18.1
,4/27/2004 5:30,17.45
,4/27/2004 6:00,17.55
,4/27/2004 6:30,17.75
,4/27/2004 7:00,17.85
,4/27/2004 7:30,16.85
,4/27/2004 8:00,17
,4/27/2004 8:30,17.15
,4/27/2004 9:00,17.35
,4/27/2004 9:30,17.5
,4/27/2004 10:00,17.65
,4/27/2004 10:30,17.8
,4/27/2004 11:00,17.95
,4/27/2004 11:30,18.1
,4/27/2004 12:00,16.85
,4/27/2004 12:30,16.9
,4/27/2004 13:00,17.05
,4/27/2004 13:30,17.25
,4/27/2004 14:00,17.45
,4/27/2004 14:30,17.65
,4/27/2004 15:00,17.85
,4/27/2004 15:30,17.95
,4/27/2004 16:00,18.15
,4/27/2004 16:30,18.3
,4/27/2004 17:00,18.45
,4/27/2004 17:30,18.65
,4/27/2004 18:00,18.75
,4/27/2004 18:30,18.9
,4/27/2004 19:00,19.05
,4/27/2004 19:30,19.2
,4/27/2004 20:00,17.15
,4/27/2004 20:30,17.35
,4/27/2004 21:00,17.55
,4/27/2004 21:30,17.75
,4/27/2004 22:00,17.95
,4/27/2004 22:30,18.05
,4/27/2004 23:00,18.25
,4/27/2004 23:30,18.45
,4/28/2004 0:00,18.65
,4/28/2004 0:30,18.75
,4/28/2004 1:00,18.95
,4/28/2004 1:30,19.1
,4/28/2004 2:00,19.25
,4/28/2004 2:30,19.35
,4/28/2004 3:00,19.5
,4/28/2004 3:30,19.6
,4/28/2004 4:00,19.75
,4/28/2004 4:30,19.85
,4/28/2004 5:00,19.95
,4/28/2004 5:30,20.05
,4/28/2004 6:00,20.15
,4/28/2004 6:30,20.3
,4/28/2004 7:00,20.4
,4/28/2004 7:30,20.5
,4/28/2004 8:00,18.6
,4/28/2004 8:30,16.85
,4/28/2004 9:00,17.05
,4/28/2004 9:30,17.25
,4/28/2004 10:00,17.45
,4/28/2004 10:30,17.75
,4/28/2004 11:00,17.95
,4/28/2004 11:30,18.15
,4/28/2004 12:00,18.35
,4/28/2004 12:30,18.55
,4/28/2004 13:00,18.65
,4/28/2004 13:30,18.85
,4/28/2004 14:00,19
,4/28/2004 14:30,19.15
,4/28/2004 15:00,19.3
,4/28/2004 15:30,19.45
,4/28/2004 16:00,19.55
,4/28/2004 16:30,19.7
,4/28/2004 17:00,19.8
,4/28/2004 17:30,19.9
,4/28/2004 18:00,20.05
,4/28/2004 18:30,20.15
,4/28/2004 19:00,20.3
,4/28/2004 19:30,20.4
,4/28/2004 20:00,20.45
,4/28/2004 20:30,20.55
,4/28/2004 21:00,20.6
,4/28/2004 21:30,20.65
,4/28/2004 22:00,20.7
,4/28/2004 22:30,20.7
,4/28/2004 23:00,20.8
,4/28/2004 23:30,20.8
,4/29/2004 0:00,20.8
,4/29/2004 0:30,20.8
,4/29/2004 1:00,20.8
,4/29/2004 1:30,20.8
,4/29/2004 2:00,20.8
,4/29/2004 2:30,20.8
,4/29/2004 3:00,20.8
,4/29/2004 3:30,20.7
,4/29/2004 4:00,17.75
,4/29/2004 4:30,17.75
,4/29/2004 5:00,17.85
,4/29/2004 5:30,17.95
,4/29/2004 6:00,18
,4/29/2004 6:30,18.1
,4/29/2004 7:00,18.2
,4/29/2004 7:30,18.25
,4/29/2004 8:00,18.3
,4/29/2004 8:30,18.4
,4/29/2004 9:00,18.45
,4/29/2004 9:30,18.5
,4/29/2004 10:00,18.6
,4/29/2004 10:30,18.65
,4/29/2004 11:00,16.25
,4/29/2004 11:30,16.4
,4/29/2004 12:00,16.55
,4/29/2004 12:30,16.75
,4/29/2004 13:00,16.9
,4/29/2004 13:30,17.05
,4/29/2004 14:00,17.25
,4/29/2004 14:30,17.35
,4/29/2004 15:00,17.55
,4/29/2004 15:30,17.65
,4/29/2004 16:00,17.8
,4/29/2004 16:30,17.95
,4/29/2004 17:00,18.1
,4/29/2004 17:30,18.25
,4/29/2004 18:00,18.35
,4/29/2004 18:30,18.5
,4/29/2004 19:00,18.6
,4/29/2004 19:30,18.75
,4/29/2004 20:00,18.85
,4/29/2004 20:30,18.95
,4/29/2004 21:00,19.05
,4/29/2004 21:30,19.15
,4/29/2004 22:00,19.25
,4/29/2004 22:30,19.3
,4/29/2004 23:00,19.4
,4/29/2004 23:30,19.5
,4/30/2004 0:00,19.55
,4/30/2004 0:30,19.15
,4/30/2004 1:00,18.7
,4/30/2004 1:30,18.8
,4/30/2004 2:00,18.9
,4/30/2004 2:30,19
,4/30/2004 3:00,19.1
,4/30/2004 3:30,19.15
,4/30/2004 4:00,19.2
,4/30/2004 4:30,19.3
,4/30/2004 5:00,19.35
,4/30/2004 5:30,19.4
,4/30/2004 6:00,19.5
,4/30/2004 6:30,19.5
,4/30/2004 7:00,19.55
,4/30/2004 7:30,19.6
,4/30/2004 8:00,16.75
,4/30/2004 8:30,16.85
,4/30/2004 9:00,17.05
,4/30/2004 9:30,17.2
,4/30/2004 10:00,17.35
,4/30/2004 10:30,17.05
,4/30/2004 11:00,16.65
,4/30/2004 11:30,16.85
,4/30/2004 12:00,17.05
,4/30/2004 12:30,17.25
,4/30/2004 13:00,17.35
,4/30/2004 13:30,16.95
,4/30/2004 14:00,16.05
,4/30/2004 14:30,16.3
,4/30/2004 15:00,16.55
,4/30/2004 15:30,16.75
,4/30/2004 16:00,16.95
,4/30/2004 16:30,16.75
,4/30/2004 17:00,16.75
,4/30/2004 17:30,16.95
,4/30/2004 18:00,17.15
,4/30/2004 18:30,17.35
,4/30/2004 19:00,17.55
,4/30/2004 19:30,17.85
,4/30/2004 20:00,18.05
,4/30/2004 20:30,18.25
,4/30/2004 21:00,18.45
,4/30/2004 21:30,18.65
,4/30/2004 22:00,18.55
,4/30/2004 22:30,15.9
,4/30/2004 23:00,16.2
,4/30/2004 23:30,16.5
